unitid,year,credits,BA,AA,ER_m,ER_l,ER_c,ER_h,G,G_source,first_time_n,transfer_in_n,sticker_real,rev_per_credit_real
106245,1998,195206.0,1030.0,123.0,0.671,0.6636,0.6603,0.6557,0.955,o,,,,
106245,1999,190188.0,899.0,135.0,0.6098,0.6322,0.6427,0.6574,1.1621,o,,,,
106245,2000,196714.0,808.0,124.0,0.5307,0.5476,0.5556,0.5666,1.1396,o,,,,
106245,2002,227543.0,881.0,139.0,0.5013,0.4771,0.4663,0.4521,0.8136,o,853.0,,4615.0,
106245,2003,216067.0,952.0,128.0,0.5643,0.5316,0.5173,0.4984,0.78,o,777.0,,4843.0,213.0
106245,2004,217566.0,1020.0,155.0,0.6053,0.5773,0.5649,0.5484,0.8207,o,841.0,,6089.0,236.0
106245,2005,141860.0,1036.0,177.0,0.9512,0.938,0.932,0.9239,0.9434,o,832.0,,5690.0,268.0
106245,2006,218043.0,1021.0,145.0,0.6018,0.6039,0.6049,0.6062,1.0146,o,663.0,1205.0,6223.0,257.0
106245,2007,215763.0,1034.0,203.0,0.6315,0.6186,0.6127,0.6048,0.9172,o,862.0,58.0,6506.0,248.0
106245,2008,216811.0,1038.0,179.0,0.624,0.6152,0.6112,0.6058,0.9425,o,676.0,1217.0,8378.0,248.0
106245,2009,216035.0,1084.0,244.0,0.6699,0.6565,0.6505,0.6423,0.9193,o,701.0,1355.0,8807.0,273.0
106245,2010,228767.0,1040.0,187.0,0.5946,0.583,0.5777,0.5706,0.9211,o,797.0,1319.0,9060.0,276.0
106245,2011,224983.0,1177.0,209.0,0.6835,0.6806,0.6793,0.6774,0.9823,o,923.0,1314.0,9273.0,265.0
106245,2012,238325.0,1236.0,245.0,0.684,0.7026,0.7113,0.7234,1.1183,o,836.0,1267.0,9439.0,273.0
106245,2013,234427.0,1310.0,220.0,0.7269,0.7709,0.7919,0.8215,1.2774,o,667.0,1165.0,9162.0,279.0
106245,2014,223167.0,1427.0,249.0,0.8343,0.8349,0.8352,0.8357,1.0033,o,726.0,1046.0,9340.0,291.0
106245,2015,212303.0,1418.0,285.0,0.882,0.8385,0.8193,0.7938,0.8099,o,859.0,1121.0,9702.0,238.0
106245,2016,211256.0,1346.0,277.0,0.8432,0.8224,0.8131,0.8004,0.9011,o,805.0,1039.0,9884.0,235.0
106245,2017,208065.0,1345.0,308.0,0.8645,0.8859,0.8959,0.9097,1.1071,o,762.0,968.0,10276.0,247.0
106245,2018,204034.0,1392.0,304.0,0.9081,0.9341,0.9463,0.9631,1.1249,o,601.0,911.0,11214.0,222.0
106245,2019,180707.0,1316.0,401.0,1.007,0.9712,0.9552,0.9339,0.8599,o,584.0,927.0,11646.0,230.0
106245,2020,170986.0,1280.0,333.0,1.0152,0.9357,0.9014,0.8567,0.7121,o,516.0,766.0,11471.0,253.0
106245,2021,157112.0,1365.0,320.0,1.1648,1.0699,1.0291,0.9759,0.702,o,481.0,750.0,9765.0,214.0
106245,2022,140024.0,1253.0,361.0,1.2285,1.1397,1.1011,1.0507,0.7315,o,549.0,841.0,9178.0,209.0
106245,2023,136890.0,1014.0,360.0,1.0467,1.0121,0.9966,0.9758,0.8692,o,478.0,853.0,8660.0,153.0
106245,2024,135323.0,941.0,335.0,0.983,0.9669,0.9596,0.9498,0.9336,o,556.0,954.0,8455.0,179.0
106263,1998,14476.0,149.0,65.0,1.5046,1.5046,1.5046,1.5046,,n,,,,
106263,1999,14757.0,206.0,34.0,1.8134,1.8134,1.8134,1.8134,,n,,,,
106263,2000,14218.0,185.0,46.0,1.7555,1.7555,1.7555,1.7555,,n,,,,
106263,2001,16191.0,208.0,28.0,1.6454,1.6454,1.6454,1.6454,,n,,,,
106263,2002,17852.0,213.0,39.0,1.5629,1.5629,1.5629,1.5629,,n,,,,
106263,2003,18929.0,223.0,71.0,1.6388,1.6388,1.6388,1.6388,,n,,,,620.0
106263,2004,21233.0,274.0,57.0,1.7096,1.7096,1.7096,1.7096,,n,,,,643.0
106263,2005,22452.0,295.0,59.0,1.7344,1.7344,1.7344,1.7344,,n,,,,647.0
106263,2006,23243.0,314.0,73.0,1.8096,1.8096,1.8096,1.8096,,n,,,,676.0
106263,2007,23393.0,293.0,69.0,1.68,1.68,1.68,1.68,,n,,219.0,,587.0
106263,2008,23357.0,313.0,67.0,1.7802,1.7802,1.7802,1.7802,,n,,295.0,,847.0
106263,2009,24588.0,290.0,53.0,1.5447,1.5447,1.5447,1.5447,,n,,300.0,,791.0
106263,2010,26408.0,318.0,60.0,1.5813,1.5813,1.5813,1.5813,,n,,289.0,,371.0
106263,2011,25510.0,326.0,116.0,1.8064,1.8064,1.8064,1.8064,,n,,288.0,,360.0
106263,2012,24414.0,341.0,64.0,1.8334,1.8334,1.8334,1.8334,,n,,265.0,,471.0
106263,2013,21669.0,284.0,80.0,1.7943,1.7943,1.7943,1.7943,,n,,247.0,,534.0
106263,2014,20594.0,279.0,71.0,1.8326,1.8326,1.8326,1.8326,,n,,81.0,,555.0
106263,2015,19618.0,292.0,68.0,1.9941,1.9941,1.9941,1.9941,,n,,47.0,,620.0
106263,2016,18983.0,314.0,51.0,2.1461,2.1461,2.1461,2.1461,,n,,290.0,,675.0
106263,2017,17477.0,263.0,64.0,2.0255,2.0255,2.0255,2.0255,,n,,303.0,,712.0
106263,2018,17108.0,262.0,56.0,2.0341,2.0341,2.0341,2.0341,,n,,294.0,,753.0
106263,2019,16964.0,245.0,56.0,1.9311,1.9311,1.9311,1.9311,,n,,354.0,,748.0
106263,2020,19521.0,246.0,9.0,1.5399,1.5399,1.5399,1.5399,,n,,458.0,,729.0
106263,2021,24170.0,312.0,0.0,1.549,1.549,1.549,1.549,,n,,509.0,,707.0
106263,2022,28454.0,389.0,0.0,1.6405,1.6405,1.6405,1.6405,,n,,449.0,,617.0
106263,2023,31743.0,516.0,0.0,1.9507,1.9507,1.9507,1.9507,,n,,529.0,,577.0
106263,2024,35271.0,552.0,0.0,1.878,1.878,1.878,1.878,,n,,584.0,,536.0
106306,1998,6768.0,28.0,0.0,0.4965,0.502,0.5031,0.506,1.0388,o,,,,
106306,1999,5730.0,27.0,0.0,0.5654,0.5452,0.5411,0.531,0.8818,o,,,,
106306,2000,4188.0,12.0,0.0,0.3438,0.2882,0.2779,0.2536,0.544,o,,,,
106306,2001,4482.0,20.0,0.0,0.5355,0.4295,0.4103,0.366,0.4673,o,,,,
106306,2002,4191.0,14.0,0.0,0.4009,0.419,0.4229,0.4327,1.1649,o,215.0,,4157.0,
106306,2003,8849.0,12.0,0.0,0.1627,0.2488,0.2717,0.3384,4.3235,o,215.0,,4758.0,167.0
106306,2004,6057.0,16.0,0.0,0.317,0.5916,0.6732,0.9296,8.6,o,75.0,,7811.0,230.0
106306,2005,7398.0,29.0,0.0,0.4704,0.6183,0.6542,0.7536,2.5664,o,99.0,,7581.0,186.0
106306,2007,15075.0,38.0,8.0,0.3343,0.242,0.2263,0.1914,0.3279,o,424.0,68.0,6927.0,73.0
106306,2008,16275.0,15.0,27.0,0.2101,0.2411,0.2481,0.2664,1.6069,o,391.0,82.0,8048.0,117.0
106306,2009,16251.0,15.0,16.0,0.1698,0.2658,0.2916,0.3676,4.6839,o,205.0,118.0,8273.0,125.0
106306,2010,23755.0,28.0,22.0,0.197,0.2993,0.3263,0.405,4.227,o,428.0,71.0,10032.0,88.0
106306,2011,29503.0,62.0,13.0,0.2786,0.3045,0.3101,0.3247,1.3584,o,368.0,184.0,10375.0,130.0
106306,2012,30022.0,48.0,52.0,0.2958,0.2938,0.2934,0.2923,0.9767,o,282.0,112.0,10613.0,138.0
106306,2013,26324.0,64.0,59.0,0.4262,0.4371,0.4394,0.4451,1.0906,o,237.0,130.0,10427.0,406.0
106306,2014,26065.0,45.0,82.0,0.3959,0.3738,0.3694,0.3585,0.8199,o,297.0,108.0,10585.0,358.0
106306,2015,25687.0,40.0,103.0,0.4275,0.3807,0.3717,0.3501,0.6709,o,401.0,82.0,10496.0,358.0
106306,2016,26738.0,38.0,68.0,0.3231,0.3299,0.3313,0.3349,1.0738,o,266.0,102.0,11357.0,414.0
106306,2017,21820.0,29.0,67.0,0.3437,0.3697,0.3753,0.3897,1.2852,o,179.0,59.0,11167.0,341.0
106306,2018,16387.0,30.0,41.0,0.3698,0.3508,0.3469,0.3376,0.8333,o,190.0,77.0,10917.0,371.0
106306,2019,14796.0,22.0,18.0,0.2514,0.209,0.2011,0.1828,0.5287,o,225.0,81.0,10689.0,285.0
106306,2020,13648.0,18.0,23.0,0.2594,0.226,0.2197,0.2046,0.6222,o,203.0,62.0,10529.0,313.0
106306,2021,11681.0,14.0,12.0,0.2055,0.2032,0.2027,0.2015,0.9618,o,148.0,80.0,10225.0,115.0
106306,2022,9652.0,25.0,10.0,0.373,0.3676,0.3665,0.3638,0.9512,o,163.0,55.0,9610.0,95.0
106306,2023,12238.0,16.0,8.0,0.1961,0.1804,0.1773,0.1698,0.7494,o,61.0,29.0,9068.0,199.0
106306,2024,10729.0,20.0,12.0,0.2908,0.241,0.2318,0.2104,0.5234,o,7.0,31.0,8760.0,83.0
106342,1998,13814.0,98.0,0.0,0.8513,0.7935,0.7821,0.7541,0.7847,o,,,,
106342,1999,12291.0,105.0,0.0,1.0251,0.9223,0.9023,0.8543,0.6945,o,,,,
106342,2000,12742.0,88.0,0.0,0.8288,0.7653,0.7528,0.7224,0.7598,o,,,,
106342,2001,13552.0,82.0,0.0,0.7261,0.7142,0.7117,0.7056,0.9444,o,,,,
106342,2002,14404.0,79.0,0.0,0.6582,0.6705,0.6731,0.6796,1.0664,o,114.0,,19704.0,
106342,2003,14721.0,128.0,0.0,1.0434,1.0325,1.0303,1.0247,0.9644,o,123.0,,20290.0,229.0
106342,2004,13912.0,104.0,0.0,0.8971,0.8619,0.8548,0.8374,0.8713,o,142.0,,20555.0,233.0
106342,2005,14681.0,112.0,0.0,0.9155,0.9236,0.9253,0.9296,1.0311,o,111.0,,21134.0,254.0
106342,2006,13718.0,97.0,0.0,0.8485,0.8575,0.8593,0.864,1.0369,o,128.0,48.0,21665.0,297.0
106342,2007,13831.0,103.0,0.0,0.8936,0.8958,0.8963,0.8974,1.0084,o,142.0,51.0,22474.0,308.0
106342,2008,13819.0,98.0,0.0,0.851,0.8556,0.8566,0.859,1.0189,o,109.0,35.0,23355.0,319.0
106342,2009,13080.0,87.0,0.0,0.7982,0.7963,0.796,0.795,0.9921,o,217.0,78.0,27386.0,364.0
106342,2010,16736.0,102.0,0.0,0.7314,0.8003,0.8153,0.8542,1.364,o,203.0,65.0,28544.0,390.0
106342,2011,17986.0,99.0,0.0,0.6605,0.7508,0.771,0.8238,1.5556,o,158.0,65.0,29767.0,430.0
106342,2012,16670.0,100.0,0.0,0.7199,0.7999,0.8175,0.8633,1.4382,o,160.0,55.0,31166.0,472.0
106342,2013,16757.0,120.0,0.0,0.8593,0.8532,0.8519,0.8487,0.9755,o,174.0,40.0,31540.0,440.0
106342,2014,16529.0,107.0,0.0,0.7768,0.7269,0.717,0.6927,0.7952,o,254.0,58.0,31064.0,395.0
106342,2015,19694.0,123.0,0.0,0.7495,0.7874,0.7955,0.8161,1.1856,o,211.0,44.0,31723.0,417.0
106342,2016,21720.0,112.0,0.0,0.6188,0.6909,0.7068,0.7483,1.4623,o,200.0,34.0,32774.0,401.0
106342,2017,19261.0,113.0,0.0,0.704,0.7477,0.757,0.781,1.2305,o,190.0,37.0,33514.0,418.0
106342,2018,17677.0,147.0,0.0,0.9979,0.9714,0.966,0.9526,0.9112,o,215.0,40.0,34073.0,414.0
106342,2019,18102.0,124.0,0.0,0.822,0.7897,0.7832,0.7671,0.871,o,173.0,58.0,35130.0,406.0
106342,2020,17864.0,114.0,0.0,0.7658,0.7531,0.7505,0.7441,0.944,o,183.0,46.0,35025.0,407.0
106342,2021,18779.0,144.0,0.0,0.9202,0.8962,0.8913,0.8792,0.9128,o,138.0,33.0,34334.0,336.0
106342,2022,16817.0,140.0,0.0,0.999,0.9339,0.9209,0.8894,0.7926,o,146.0,38.0,33365.0,373.0
106342,2023,12877.0,118.0,0.0,1.0996,1.0045,0.9859,0.9408,0.732,o,237.0,40.0,32090.0,398.0
106342,2024,17146.0,104.0,0.0,0.7279,0.7435,0.7467,0.755,1.0758,o,234.0,38.0,31000.0,321.0
106397,1998,327626.0,1741.0,0.0,0.6377,0.6426,0.6449,0.6481,1.0328,o,,,,
106397,1999,345367.0,1902.0,0.0,0.6609,0.6689,0.6726,0.6778,1.0518,o,,,,
106397,2000,351935.0,1889.0,0.0,0.6441,0.6535,0.6579,0.6639,1.0623,o,,,,
106397,2001,342055.0,1935.0,0.0,0.6788,0.6819,0.6833,0.6853,1.019,o,,,,
106397,2002,354599.0,2028.0,0.0,0.6863,0.6801,0.6773,0.6734,0.9629,o,2251.0,,6721.0,
106397,2003,362248.0,2291.0,0.0,0.7589,0.7496,0.7454,0.7397,0.95,o,2357.0,,7572.0,231.0
106397,2004,368066.0,2194.0,0.0,0.7153,0.7174,0.7184,0.7198,1.0125,o,2514.0,,7907.0,250.0
106397,2005,376642.0,2197.0,0.0,0.7,0.7091,0.7133,0.7191,1.0555,o,2752.0,,8265.0,265.0
106397,2006,390379.0,2198.0,0.0,0.6757,0.6986,0.7093,0.7242,1.149,o,2784.0,1153.0,8562.0,284.0
106397,2007,396712.0,2382.0,0.0,0.7205,0.753,0.7683,0.7897,1.2014,o,2899.0,1169.0,8784.0,265.0
106397,2008,414643.0,2343.0,0.0,0.6781,0.7036,0.7157,0.7324,1.1667,o,3011.0,1201.0,8836.0,261.0
106397,2009,429495.0,2492.0,0.0,0.6963,0.7158,0.725,0.7376,1.1223,o,2919.0,1121.0,9208.0,293.0
106397,2010,447850.0,2604.0,0.0,0.6977,0.7093,0.7147,0.7221,1.0712,o,3810.0,1234.0,9233.0,277.0
106397,2011,494279.0,2958.0,0.0,0.7181,0.7479,0.7619,0.7814,1.1841,o,4447.0,1437.0,9448.0,258.0
106397,2012,544633.0,3130.0,0.0,0.6896,0.7473,0.7753,0.8152,1.3971,o,4574.0,1363.0,9761.0,277.0
106397,2013,583340.0,3347.0,0.0,0.6885,0.7615,0.7974,0.8492,1.5212,o,4339.0,1282.0,10098.0,295.0
106397,2014,602649.0,3906.0,0.0,0.7778,0.832,0.8582,0.8951,1.3246,o,4571.0,1312.0,10293.0,313.0
106397,2015,619181.0,4206.0,0.0,0.8151,0.8302,0.8371,0.8468,1.0791,o,4918.0,1386.0,10718.0,345.0
106397,2016,627650.0,4615.0,0.0,0.8823,0.8931,0.8981,0.9049,1.0519,o,4972.0,1361.0,11048.0,367.0
106397,2017,633736.0,4524.0,0.0,0.8566,0.8783,0.8884,0.9024,1.1096,o,5066.0,1412.0,11244.0,394.0
106397,2018,650822.0,4581.0,0.0,0.8447,0.8692,0.8806,0.8965,1.1266,o,5008.0,1351.0,11294.0,400.0
106397,2019,662619.0,4903.0,0.0,0.8879,0.9008,0.9067,0.9149,1.0616,o,4605.0,1246.0,11140.0,404.0
106397,2020,653278.0,5183.0,0.0,0.9521,0.9456,0.9426,0.9386,0.972,o,4728.0,1353.0,11279.0,406.0
106397,2021,650421.0,5291.0,0.0,0.9762,0.9593,0.9516,0.9413,0.9298,o,6065.0,1616.0,10953.0,387.0
106397,2022,676254.0,5018.0,0.0,0.8904,0.9053,0.9122,0.9217,1.0714,o,7099.0,1468.0,10503.0,358.0
106397,2023,732929.0,4751.0,0.0,0.7779,0.8388,0.8683,0.9103,1.3694,o,6337.0,1319.0,9995.0,345.0
106397,2024,774633.0,4985.0,0.0,0.7722,0.8428,0.8773,0.9266,1.4396,o,6618.0,1345.0,9748.0,339.0
106412,1998,80508.0,370.0,1.0,0.5522,0.5114,0.4937,0.4705,0.7259,o,,,,
106412,1999,86069.0,342.0,0.0,0.4768,0.4812,0.4832,0.4859,1.0386,o,,,,
106412,2000,86010.0,343.0,0.0,0.4785,0.5043,0.5166,0.5338,1.2444,o,,,,
106412,2001,86738.0,332.0,0.0,0.4593,0.4669,0.4704,0.4753,1.0707,o,,,,
106412,2002,88947.0,400.0,0.0,0.5396,0.5326,0.5294,0.5251,0.9467,o,726.0,,5559.0,
106412,2003,89498.0,399.0,0.0,0.535,0.5304,0.5284,0.5255,0.965,o,746.0,,5876.0,49.0
106412,2004,89910.0,334.0,0.0,0.4458,0.4554,0.4598,0.466,1.0928,o,699.0,,6114.0,55.0
106412,2005,93259.0,420.0,0.0,0.5404,0.5492,0.5533,0.5589,1.0696,o,719.0,,6509.0,87.0
106412,2006,87602.0,372.0,0.0,0.5096,0.5081,0.5075,0.5066,0.9882,o,723.0,167.0,6628.0,98.0
106412,2007,82038.0,376.0,0.0,0.55,0.5473,0.546,0.5444,0.9796,o,819.0,151.0,6736.0,105.0
106412,2008,85321.0,365.0,0.0,0.5134,0.5214,0.5252,0.5303,1.0671,o,980.0,175.0,6583.0,99.0
106412,2009,94885.0,401.0,0.0,0.5071,0.5369,0.5512,0.5712,1.2687,o,977.0,188.0,6728.0,92.0
106412,2010,101266.0,375.0,0.0,0.4444,0.4782,0.4945,0.5177,1.3571,o,802.0,151.0,6856.0,75.0
106412,2011,90692.0,359.0,0.0,0.475,0.4916,0.4994,0.5102,1.1537,o,677.0,168.0,7026.0,61.0
106412,2012,85960.0,461.0,0.0,0.6436,0.614,0.6009,0.5835,0.8221,o,575.0,165.0,7395.0,82.0
106412,2013,74819.0,394.0,0.0,0.6319,0.5677,0.5405,0.5054,0.6398,o,568.0,152.0,7652.0,101.0
106412,2014,70019.0,429.0,0.0,0.7352,0.6612,0.6298,0.5893,0.6425,o,496.0,162.0,7818.0,95.0
106412,2015,67932.0,359.0,0.0,0.6342,0.586,0.5651,0.5379,0.7194,o,684.0,165.0,8065.0,73.0
106412,2016,72930.0,389.0,23.0,0.659,0.6497,0.6455,0.6398,0.9425,o,772.0,173.0,8476.0,51.0
106412,2017,76531.0,405.0,7.0,0.6405,0.6788,0.6971,0.7229,1.2738,o,514.0,127.0,8793.0,128.0
106412,2018,72699.0,377.0,9.0,0.6297,0.659,0.6729,0.6923,1.2086,o,568.0,134.0,9232.0,171.0
106412,2019,70595.0,433.0,3.0,0.7386,0.7234,0.7165,0.7072,0.9169,o,488.0,138.0,9808.0,173.0
106412,2020,66314.0,453.0,4.0,0.8234,0.7623,0.7358,0.7012,0.7253,o,685.0,140.0,9914.0,178.0
106412,2021,66530.0,364.0,4.0,0.6602,0.6457,0.6392,0.6305,0.9121,o,677.0,147.0,9627.0,153.0
106412,2022,64599.0,330.0,0.0,0.613,0.6478,0.6644,0.6878,1.2588,o,575.0,110.0,9213.0,165.0
106412,2023,57011.0,350.0,5.0,0.742,0.7729,0.7875,0.8079,1.1856,o,411.0,104.0,8973.0,175.0
106412,2024,52167.0,305.0,4.0,0.7062,0.6774,0.6645,0.6475,0.8406,o,411.0,143.0,9019.0,136.0
106449,1998,88470.0,0.0,332.0,0.2252,0.2259,0.2276,0.2284,1.0448,o,,,,
106449,1999,88260.0,0.0,328.0,0.223,0.2256,0.2325,0.2357,1.1825,o,,,,
106449,2000,71462.0,0.0,405.0,0.34,0.3414,0.3448,0.3463,1.0566,o,,,,
106449,2001,60810.0,0.0,343.0,0.3384,0.3368,0.3327,0.3309,0.9341,o,,,,
106449,2002,61281.0,0.0,360.0,0.3525,0.3438,0.3224,0.3133,0.7001,o,696.0,,2598.0,
106449,2003,70627.0,0.0,399.0,0.339,0.3403,0.3437,0.3452,1.0569,o,857.0,,2549.0,78.0
106449,2004,76383.0,0.0,374.0,0.2938,0.3004,0.318,0.3262,1.3734,o,933.0,,3383.0,77.0
106449,2005,81570.0,0.0,469.0,0.345,0.3494,0.3612,0.3665,1.2015,o,904.0,,3300.0,78.0
106449,2006,88562.0,0.0,434.0,0.294,0.2942,0.2948,0.295,1.0101,o,858.0,215.0,2842.0,74.0
106449,2007,90997.0,0.0,511.0,0.3369,0.3353,0.3312,0.3294,0.9341,o,882.0,6.0,2976.0,76.0
106449,2008,97213.0,0.0,481.0,0.2969,0.2969,0.297,0.297,1.0011,o,887.0,247.0,2985.0,83.0
106449,2009,98519.0,0.0,576.0,0.3508,0.3513,0.3525,0.353,1.0195,o,1047.0,286.0,3073.0,88.0
106449,2010,105367.0,0.0,571.0,0.3251,0.329,0.3392,0.3438,1.1837,o,893.0,285.0,3053.0,82.0
106449,2011,106712.0,0.0,554.0,0.3115,0.3098,0.3054,0.3034,0.9235,o,986.0,242.0,3015.0,80.0
106449,2012,104804.0,0.0,706.0,0.4042,0.4046,0.4058,0.4064,1.0165,o,974.0,211.0,2793.0,76.0
106449,2013,101622.0,0.0,625.0,0.369,0.3699,0.3724,0.3734,1.0367,o,839.0,138.0,2805.0,77.0
106449,2014,93555.0,0.0,660.0,0.4233,0.4187,0.4072,0.4021,0.8561,o,653.0,150.0,2764.0,77.0
106449,2015,90870.0,0.0,672.0,0.4437,0.4336,0.4088,0.3982,0.7204,o,615.0,144.0,3666.0,83.0
106449,2016,86957.0,0.0,753.0,0.5196,0.5126,0.4951,0.4875,0.8244,o,610.0,178.0,4512.0,84.0
106449,2017,85479.0,0.0,681.0,0.478,0.4767,0.4734,0.472,0.9621,o,827.0,156.0,4436.0,87.0
106449,2018,80183.0,0.0,585.0,0.4377,0.447,0.4719,0.4833,1.3502,o,740.0,170.0,4449.0,93.0
106449,2019,75950.0,0.0,769.0,0.6075,0.6088,0.612,0.6134,1.0299,o,744.0,161.0,3514.0,86.0
106449,2020,72387.0,0.0,797.0,0.6606,0.6582,0.6521,0.6494,0.9496,o,664.0,110.0,3519.0,72.0
106449,2021,64429.0,0.0,712.0,0.6631,0.6579,0.6449,0.6392,0.8949,o,583.0,104.0,3418.0,64.0
106449,2022,59412.0,0.0,601.0,0.6069,0.599,0.579,0.5703,0.8281,o,614.0,151.0,3212.0,85.0
106449,2023,61761.0,0.0,492.0,0.478,0.4775,0.4761,0.4756,0.9848,o,606.0,155.0,3130.0,68.0
106449,2024,64591.0,0.0,698.0,0.6484,0.649,0.6504,0.6511,1.0125,o,600.0,204.0,3216.0,68.0
106458,1998,250409.0,1250.0,180.0,0.6421,0.655,0.661,0.6693,1.0862,o,,,,
106458,1999,250266.0,1279.0,186.0,0.6579,0.6801,0.6905,0.705,1.1485,o,,,,
106458,2000,251322.0,1388.0,176.0,0.7048,0.7216,0.7294,0.7402,1.1032,o,,,,
106458,2001,249483.0,1439.0,128.0,0.7229,0.7224,0.7221,0.7218,0.9968,o,,,,
106458,2002,250841.0,1560.0,136.0,0.7788,0.7707,0.767,0.7619,0.9571,o,1632.0,,7397.0,
106458,2003,251191.0,1604.0,142.0,0.8002,0.7912,0.7871,0.7816,0.954,o,1525.0,,7613.0,123.0
106458,2004,249729.0,1460.0,160.0,0.74,0.7281,0.7228,0.7155,0.9349,o,1378.0,,7977.0,129.0
106458,2005,243217.0,1555.0,172.0,0.8096,0.7813,0.7687,0.7518,0.8622,o,1576.0,,8297.0,142.0
106458,2006,242751.0,1508.0,180.0,0.7899,0.7672,0.757,0.7433,0.8855,o,1727.0,772.0,8476.0,154.0
106458,2007,251588.0,1438.0,187.0,0.7305,0.7384,0.7421,0.7472,1.0462,o,1733.0,826.0,8636.0,160.0
106458,2008,258509.0,1362.0,197.0,0.678,0.7071,0.7209,0.7402,1.1919,o,1902.0,840.0,8795.0,162.0
106458,2009,259395.0,1414.0,284.0,0.7198,0.7566,0.774,0.7985,1.2305,o,1725.0,880.0,9165.0,172.0
106458,2010,265486.0,1552.0,394.0,0.7906,0.8085,0.8169,0.8284,1.0981,o,1716.0,976.0,9106.0,169.0
106458,2011,275134.0,1582.0,601.0,0.8211,0.82,0.8195,0.8188,0.9945,o,1562.0,954.0,9269.0,150.0
106458,2012,276899.0,1641.0,456.0,0.81,0.7901,0.7812,0.7692,0.9018,o,1671.0,1043.0,9435.0,154.0
106458,2013,277271.0,1721.0,521.0,0.8576,0.8342,0.8237,0.8097,0.8914,o,1619.0,886.0,9598.0,157.0
106458,2014,274575.0,1824.0,392.0,0.8828,0.8734,0.8691,0.8632,0.9561,o,1698.0,867.0,9888.0,159.0
106458,2015,268334.0,1766.0,382.0,0.8752,0.8777,0.8788,0.8804,1.0119,o,1577.0,897.0,10078.0,165.0
106458,2016,265352.0,1713.0,512.0,0.8904,0.8932,0.8945,0.8962,1.013,o,1644.0,874.0,10436.0,167.0
106458,2017,268086.0,1782.0,554.0,0.9216,0.917,0.9148,0.9119,0.979,o,1427.0,815.0,10453.0,162.0
106458,2018,259948.0,1837.0,586.0,0.9833,0.9653,0.9571,0.9461,0.9258,o,1565.0,801.0,10566.0,168.0
106458,2019,254704.0,1820.0,540.0,0.9847,0.9635,0.954,0.9412,0.9136,o,1395.0,787.0,10502.0,166.0
106458,2020,245199.0,1712.0,545.0,0.9712,0.9517,0.9429,0.931,0.919,o,1293.0,717.0,10697.0,169.0
106458,2021,229633.0,1785.0,629.0,1.0971,1.0626,1.0472,1.0264,0.8753,o,1301.0,752.0,8538.0,160.0
106458,2022,228824.0,1717.0,699.0,1.0837,1.0472,1.0309,1.0091,0.867,o,1325.0,800.0,7822.0,149.0
106458,2023,227929.0,1763.0,610.0,1.0888,1.0579,1.0441,1.0255,0.8872,o,1660.0,826.0,7718.0,146.0
106458,2024,251284.0,1752.0,1099.0,1.0991,1.1271,1.1401,1.1582,1.1105,o,1969.0,1038.0,7754.0,132.0
106467,1998,113858.0,661.0,22.0,0.7083,0.6712,0.6548,0.6332,0.7993,o,,,,
106467,1999,116590.0,677.0,16.0,0.705,0.6977,0.6944,0.6899,0.9576,o,,,,
106467,2000,128271.0,714.0,23.0,0.6787,0.7261,0.7488,0.7811,1.3243,o,,,,
106467,2001,134280.0,668.0,33.0,0.6117,0.6764,0.7083,0.7542,1.5201,o,,,,
106467,2002,147465.0,682.0,37.0,0.57,0.6175,0.6406,0.6735,1.3958,o,1197.0,,5155.0,
106467,2003,154066.0,758.0,35.0,0.604,0.6294,0.6414,0.6581,1.187,o,1507.0,,5227.0,114.0
106467,2004,171972.0,777.0,42.0,0.5568,0.5785,0.5887,0.603,1.1726,o,1460.0,,5492.0,122.0
106467,2005,174314.0,783.0,45.0,0.5545,0.5836,0.5974,0.6168,1.2373,o,1529.0,,5949.0,150.0
106467,2006,179434.0,821.0,68.0,0.5718,0.6005,0.6141,0.6331,1.226,o,1515.0,316.0,5347.0,151.0
106467,2007,183746.0,849.0,108.0,0.5897,0.6067,0.6147,0.6257,1.1257,o,1615.0,548.0,5408.0,153.0
106467,2008,190961.0,834.0,100.0,0.5555,0.5627,0.566,0.5706,1.0549,o,1535.0,327.0,6079.0,154.0
106467,2009,195233.0,973.0,165.0,0.6488,0.657,0.6608,0.666,1.0539,o,1841.0,382.0,6345.0,156.0
106467,2010,223962.0,959.0,202.0,0.568,0.5822,0.5889,0.5981,1.1091,o,1825.0,461.0,6510.0,140.0
106467,2011,239928.0,1149.0,263.0,0.6404,0.6652,0.6769,0.6931,1.1712,o,1860.0,599.0,6706.0,132.0
106467,2012,249597.0,1185.0,264.0,0.6332,0.6575,0.6689,0.6848,1.1698,o,1787.0,567.0,6898.0,143.0
106467,2013,251943.0,1277.0,348.0,0.6911,0.704,0.71,0.7183,1.0803,o,1755.0,615.0,7066.0,145.0
106467,2014,257735.0,1347.0,371.0,0.7135,0.7077,0.705,0.7014,0.9662,o,1946.0,570.0,7370.0,161.0
106467,2015,262758.0,1408.0,430.0,0.7412,0.742,0.7423,0.7428,1.0043,o,2013.0,624.0,7653.0,164.0
106467,2016,257641.0,1411.0,417.0,0.7543,0.7693,0.7763,0.7859,1.0856,o,1892.0,521.0,8028.0,177.0
106467,2017,250206.0,1313.0,484.0,0.7458,0.7635,0.7717,0.7831,1.1025,o,1846.0,411.0,8444.0,187.0
106467,2018,243727.0,1307.0,940.0,0.8749,0.877,0.878,0.8793,1.01,o,1722.0,387.0,8854.0,196.0
106467,2019,240784.0,1360.0,1054.0,0.9404,0.9172,0.9068,0.8928,0.9012,o,2091.0,374.0,8851.0,195.0
106467,2020,240477.0,1366.0,1238.0,0.9905,0.9849,0.9823,0.9788,0.9764,o,1756.0,256.0,9217.0,188.0
106467,2021,220615.0,1276.0,1008.0,0.9682,0.9749,0.978,0.9822,1.0292,o,1396.0,264.0,8950.0,183.0
106467,2022,197093.0,1118.0,1563.0,1.1565,1.1226,1.1074,1.087,0.8834,o,1452.0,316.0,8667.0,165.0
106467,2023,188586.0,1100.0,1465.0,1.166,1.0872,1.0528,1.0077,0.7469,o,1467.0,283.0,8355.0,152.0
106467,2024,185657.0,1069.0,1966.0,1.3263,1.2413,1.2042,1.1553,0.7588,o,1179.0,284.0,8508.0,156.0
106485,1998,57226.0,244.0,11.0,0.5232,0.5091,0.5027,0.4942,0.8922,o,,,,
106485,1999,57848.0,266.0,39.0,0.5922,0.578,0.5716,0.563,0.9036,o,,,,
106485,2000,59780.0,261.0,45.0,0.5691,0.5712,0.5721,0.5734,1.0154,o,,,,
106485,2001,60282.0,276.0,36.0,0.5852,0.5955,0.6002,0.6068,1.0749,o,,,,
106485,2002,61025.0,245.0,68.0,0.5486,0.5528,0.5548,0.5574,1.0323,o,547.0,,5084.0,
106485,2003,65158.0,294.0,108.0,0.6409,0.6461,0.6485,0.6518,1.0343,o,751.0,,5395.0,73.0
106485,2004,75363.0,275.0,140.0,0.5493,0.5841,0.6008,0.6243,1.2915,o,676.0,,5614.0,69.0
106485,2005,73694.0,307.0,173.0,0.6408,0.7051,0.7367,0.782,1.4896,o,668.0,,5835.0,76.0
106485,2006,74801.0,297.0,218.0,0.6513,0.6951,0.7161,0.7458,1.3112,o,694.0,192.0,6092.0,69.0
106485,2007,72123.0,265.0,194.0,0.6023,0.6093,0.6125,0.617,1.0493,o,679.0,216.0,6276.0,81.0
106485,2008,78481.0,294.0,259.0,0.6475,0.6416,0.6389,0.6352,0.9622,o,722.0,210.0,6292.0,71.0
106485,2009,81255.0,265.0,258.0,0.5819,0.5877,0.5904,0.5941,1.0424,o,795.0,229.0,6619.0,87.0
106485,2010,88281.0,331.0,242.0,0.6144,0.6305,0.638,0.6484,1.1138,o,769.0,258.0,6790.0,63.0
106485,2011,92979.0,309.0,153.0,0.4975,0.5133,0.5207,0.531,1.1391,o,822.0,259.0,6966.0,117.0
106485,2012,93806.0,370.0,193.0,0.5968,0.6153,0.6239,0.6359,1.1356,o,781.0,231.0,7198.0,122.0
106485,2013,90942.0,249.0,132.0,0.4156,0.4212,0.4237,0.4273,1.0567,o,679.0,186.0,7433.0,123.0
106485,2014,87297.0,335.0,495.0,0.8007,0.7876,0.7817,0.7736,0.9335,o,661.0,142.0,7627.0,129.0
106485,2015,83453.0,325.0,355.0,0.7226,0.6934,0.6804,0.6631,0.8422,o,539.0,162.0,7940.0,142.0
106485,2016,76798.0,308.0,262.0,0.686,0.6399,0.6198,0.5935,0.7486,o,528.0,166.0,8357.0,152.0
106485,2017,79928.0,322.0,243.0,0.6658,0.6176,0.5966,0.5692,0.7308,o,660.0,129.0,9191.0,170.0
106485,2018,78724.0,361.0,313.0,0.7888,0.7664,0.7563,0.7427,0.8866,o,578.0,171.0,9300.0,174.0
106485,2019,70020.0,434.0,415.0,1.0994,1.1077,1.1115,1.1167,1.0317,o,495.0,132.0,9105.0,165.0
106485,2020,64074.0,416.0,445.0,1.1958,1.1974,1.1982,1.1992,1.0056,o,466.0,128.0,9506.0,165.0
106485,2021,62077.0,353.0,284.0,0.9569,0.9094,0.8884,0.8606,0.8089,o,437.0,131.0,9232.0,178.0
106485,2022,58287.0,310.0,277.0,0.9234,0.856,0.8268,0.7886,0.7294,o,393.0,162.0,8808.0,140.0
106485,2023,56628.0,264.0,221.0,0.7936,0.7462,0.7254,0.698,0.7735,o,483.0,151.0,8727.0,134.0
106485,2024,59480.0,281.0,232.0,0.8009,0.7833,0.7754,0.7647,0.9116,o,494.0,140.0,8868.0,126.0
106546,1998,14850.0,0.0,0.0,0.0,0.0,0.0,0.0,,-,,,,
106546,1999,17190.0,0.0,0.0,0.0,0.0,0.0,0.0,,-,,,,
106546,2002,19567.0,0.0,0.0,0.0,0.0,0.0,0.0,,-,199.0,,,
106546,2004,29400.0,0.0,0.0,0.0,0.0,0.0,0.0,,-,166.0,,,194.0
106546,2005,45420.0,0.0,0.0,0.0,0.0,0.0,0.0,,-,207.0,,,80.0
106546,2008,35700.0,0.0,0.0,0.0,0.0,0.0,0.0,,-,51.0,368.0,,149.0
106546,2009,33551.0,0.0,0.0,0.0,0.0,0.0,0.0,,-,64.0,390.0,9690.0,185.0
106546,2010,35400.0,0.0,0.0,0.0,0.0,0.0,0.0,,-,49.0,,10493.0,147.0
106546,2011,31903.0,0.0,0.0,0.0,0.0,0.0,0.0,,-,31.0,,10246.0,183.0
106546,2012,28973.0,0.0,0.0,0.0,0.0,0.0,0.0,,-,29.0,,10003.0,203.0
106546,2013,31657.0,0.0,0.0,0.0,0.0,0.0,0.0,,-,37.0,,10160.0,187.0
106546,2014,31869.0,0.0,0.0,0.0,0.0,0.0,0.0,,-,27.0,,10275.0,195.0
106546,2015,29362.0,0.0,0.0,0.0,0.0,0.0,0.0,,-,5.0,259.0,10969.0,209.0
106546,2016,24399.0,0.0,0.0,0.0,0.0,0.0,0.0,,-,12.0,244.0,11411.0,176.0
106546,2017,21694.0,0.0,211.0,0.5836,0.5836,0.5836,0.5836,,-,7.0,268.0,11720.0,185.0
106546,2018,21209.0,0.0,229.0,0.6478,0.6478,0.6478,0.6478,,-,3.0,227.0,12297.0,193.0
106546,2019,19190.0,0.0,265.0,0.8286,0.8286,0.8286,0.8286,,-,4.0,239.0,12738.0,214.0
106546,2020,18793.0,0.0,269.0,0.8588,0.8588,0.8588,0.8588,,-,3.0,269.0,13260.0,227.0
106546,2021,20026.0,0.0,179.0,0.5363,0.5363,0.5363,0.5363,,-,,229.0,13715.0,215.0
106546,2022,24240.0,0.0,256.0,0.6337,0.6337,0.6337,0.6337,,-,4.0,203.0,13820.0,158.0
106546,2023,16104.0,0.0,183.0,0.6818,0.6818,0.6818,0.6818,,-,9.0,215.0,13393.0,297.0
106546,2024,16578.0,0.0,162.0,0.5863,0.5863,0.5863,0.5863,,-,5.0,225.0,13593.0,260.0
106625,1998,42510.0,0.0,133.0,0.1877,0.1837,0.1739,0.1697,0.7364,o,,,,
106625,1999,26679.0,0.0,72.0,0.1619,0.1567,0.144,0.1387,0.6257,o,,,,
106625,2001,29321.0,0.0,71.0,0.1453,0.1488,0.1582,0.1625,1.4043,o,,,,
106625,2002,20318.0,0.0,111.0,0.3278,0.3402,0.3744,0.3906,1.7016,o,491.0,,2477.0,
106625,2003,42505.0,0.0,143.0,0.2019,0.2101,0.2327,0.2435,1.7662,o,405.0,,1998.0,58.0
106625,2004,45018.0,0.0,179.0,0.2386,0.2384,0.2381,0.238,0.9926,o,408.0,,2189.0,55.0
106625,2005,45837.0,0.0,185.0,0.2422,0.2406,0.2366,0.2348,0.9107,o,365.0,,2125.0,49.0
106625,2006,43410.0,0.0,170.0,0.235,0.2332,0.2287,0.2268,0.8979,o,400.0,127.0,2057.0,49.0
106625,2007,44534.0,0.0,193.0,0.26,0.2607,0.2623,0.263,1.0349,o,479.0,131.0,2504.0,50.0
106625,2008,47742.0,0.0,158.0,0.1986,0.2017,0.2101,0.2139,1.2523,o,380.0,94.0,2423.0,58.0
106625,2009,46905.0,0.0,239.0,0.3057,0.3026,0.2948,0.2914,0.8646,o,546.0,181.0,2521.0,57.0
106625,2010,55720.0,0.0,172.0,0.1852,0.1883,0.1967,0.2005,1.2712,o,506.0,213.0,2504.0,43.0
106625,2011,62406.0,0.0,218.0,0.2096,0.2109,0.2143,0.2158,1.0929,o,526.0,174.0,2747.0,47.0
106625,2012,60040.0,0.0,252.0,0.2518,0.2518,0.2518,0.2518,1.0,o,460.0,167.0,2678.0,42.0
106625,2013,57189.0,0.0,253.0,0.2654,0.2633,0.2579,0.2556,0.8915,o,390.0,126.0,3305.0,57.0
106625,2014,51676.0,0.0,328.0,0.3808,0.3746,0.3592,0.3525,0.7911,o,334.0,133.0,3318.0,63.0
106625,2015,42189.0,0.0,273.0,0.3883,0.3818,0.3656,0.3586,0.7859,o,327.0,106.0,3509.0,76.0
106625,2016,36781.0,0.0,254.0,0.4143,0.4114,0.4039,0.4007,0.9033,o,377.0,116.0,3672.0,73.0
106625,2017,34746.0,0.0,311.0,0.537,0.542,0.555,0.5609,1.1407,o,349.0,129.0,3702.0,77.0
106625,2018,35040.0,0.0,244.0,0.4178,0.4176,0.4169,0.4166,0.9915,o,395.0,163.0,3888.0,100.0
106625,2019,37114.0,0.0,208.0,0.3363,0.3383,0.3434,0.3458,1.0882,o,353.0,123.0,3866.0,64.0
106625,2020,33745.0,0.0,403.0,0.7166,0.7139,0.7072,0.7043,0.9489,o,325.0,132.0,3865.0,62.0
106625,2021,31822.0,0.0,389.0,0.7335,0.7263,0.7082,0.7002,0.869,o,287.0,145.0,4807.0,71.0
106625,2022,32443.0,0.0,375.0,0.6935,0.6855,0.6652,0.6564,0.8466,o,297.0,78.0,4518.0,64.0
106625,2023,33802.0,0.0,436.0,0.7739,0.7723,0.7682,0.7663,0.9706,o,269.0,104.0,4596.0,64.0
106625,2024,32593.0,0.0,364.0,0.6701,0.6662,0.6565,0.6522,0.9212,o,248.0,95.0,4584.0,92.0
106704,1998,222165.0,1184.0,51.0,0.6533,0.6487,0.6466,0.6438,0.9711,o,,,,
106704,1999,217307.0,1097.0,44.0,0.6179,0.6252,0.6286,0.6332,1.05,o,,,,
106704,2000,218730.0,1127.0,56.0,0.6337,0.6411,0.6446,0.6493,1.0499,o,,,,
106704,2001,214377.0,1175.0,43.0,0.6698,0.675,0.6775,0.6808,1.0333,o,,,,
106704,2002,217420.0,1181.0,47.0,0.6648,0.6707,0.6735,0.6772,1.0378,o,1788.0,,6475.0,
106704,2003,224165.0,1146.0,18.0,0.6183,0.6236,0.626,0.6293,1.036,o,2428.0,,6780.0,151.0
106704,2004,251327.0,1159.0,23.0,0.5589,0.5868,0.6,0.6185,1.2249,o,2235.0,,7471.0,155.0
106704,2005,266355.0,1198.0,20.0,0.5442,0.588,0.6092,0.6394,1.3804,o,2503.0,,8133.0,155.0
106704,2006,290543.0,1286.0,29.0,0.5371,0.5782,0.598,0.6262,1.3592,o,2371.0,705.0,8825.0,185.0
106704,2007,300236.0,1389.0,39.0,0.563,0.5829,0.5923,0.6053,1.1561,o,1793.0,626.0,9089.0,207.0
106704,2008,293000.0,1480.0,24.0,0.6111,0.5947,0.5873,0.5774,0.893,o,2111.0,561.0,8817.0,219.0
106704,2009,297447.0,1532.0,35.0,0.6251,0.5967,0.5842,0.5674,0.824,o,1777.0,500.0,9359.0,243.0
106704,2010,277882.0,1611.0,32.0,0.7026,0.6655,0.6492,0.6275,0.7977,o,1847.0,606.0,9575.0,256.0
106704,2011,272110.0,1499.0,1886.0,1.0769,1.0416,1.0258,1.0047,0.8703,o,1960.0,596.0,9643.0,170.0
106704,2012,266530.0,1554.0,25.0,0.7053,0.701,0.6991,0.6965,0.9752,o,2157.0,614.0,9773.0,202.0
106704,2013,267241.0,1423.0,14.0,0.6421,0.651,0.6551,0.6608,1.0589,o,2202.0,640.0,9803.0,197.0
106704,2014,268506.0,1517.0,29.0,0.6845,0.7155,0.7302,0.7507,1.2028,o,2232.0,618.0,9999.0,206.0
106704,2015,271053.0,1420.0,109.0,0.6528,0.6771,0.6886,0.7045,1.1647,o,2044.0,778.0,10299.0,219.0
106704,2016,274084.0,1470.0,43.0,0.653,0.659,0.6617,0.6655,1.0386,o,1880.0,660.0,10228.0,221.0
106704,2017,266990.0,1661.0,50.0,0.7578,0.7389,0.7304,0.719,0.9002,o,1937.0,742.0,10484.0,231.0
106704,2018,262529.0,1721.0,54.0,0.799,0.7708,0.7582,0.7413,0.8608,o,2033.0,669.0,10623.0,228.0
106704,2019,260689.0,1747.0,71.0,0.8205,0.806,0.7995,0.7906,0.9284,o,1840.0,554.0,10679.0,228.0
106704,2020,252347.0,1742.0,28.0,0.835,0.8324,0.8312,0.8296,0.987,o,1715.0,486.0,11043.0,224.0
106704,2021,237704.0,1841.0,40.0,0.9395,0.9236,0.9164,0.9067,0.9314,o,1854.0,485.0,10900.0,213.0
106704,2022,225718.0,1664.0,29.0,0.8924,0.8698,0.8597,0.8461,0.899,o,1803.0,552.0,10491.0,211.0
106704,2023,221509.0,1584.0,34.0,0.8673,0.8555,0.8501,0.8428,0.9442,o,1737.0,471.0,10122.0,225.0
106704,2024,220182.0,1496.0,28.0,0.823,0.8221,0.8217,0.8212,0.9958,o,2182.0,452.0,10118.0,212.0
106713,1998,9240.0,12.0,29.0,0.3442,0.3432,0.343,0.3425,0.9905,o,,,,
106713,1999,10244.0,8.0,38.0,0.3163,0.3298,0.3327,0.34,1.1553,o,,,,
106713,2000,10111.0,12.0,19.0,0.2552,0.2732,0.2771,0.2871,1.266,o,,,,
106713,2001,11279.0,19.0,43.0,0.4309,0.4512,0.4555,0.4665,1.1722,o,,,,
106713,2002,10501.0,29.0,33.0,0.52,0.5142,0.513,0.51,0.9622,o,92.0,,11076.0,
106713,2003,10431.0,22.0,38.0,0.4717,0.4439,0.4383,0.4247,0.8109,o,104.0,,11868.0,383.0
106713,2004,10969.0,41.0,26.0,0.5908,0.5537,0.5464,0.5284,0.8,o,82.0,,12086.0,383.0
106713,2005,11175.0,50.0,22.0,0.655,0.6167,0.609,0.5903,0.8122,o,106.0,,12355.0,250.0
106713,2006,11327.0,60.0,16.0,0.7204,0.7149,0.7138,0.711,0.9741,o,98.0,,12387.0,254.0
106713,2007,13693.0,43.0,23.0,0.4776,0.4832,0.4844,0.4873,1.0408,o,115.0,90.0,13052.0,246.0
106713,2008,15265.0,65.0,25.0,0.6092,0.6337,0.6388,0.652,1.1452,o,108.0,67.0,13228.0,220.0
106713,2009,15579.0,54.0,35.0,0.5507,0.5787,0.5847,0.5998,1.1862,o,127.0,87.0,13885.0,296.0
106713,2010,17783.0,80.0,24.0,0.6208,0.6468,0.6523,0.6663,1.152,o,153.0,123.0,14223.0,301.0
106713,2011,23430.0,90.0,20.0,0.5122,0.5544,0.5636,0.5872,1.3146,o,159.0,134.0,15020.0,293.0
106713,2012,23621.0,104.0,27.0,0.5969,0.658,0.6714,0.7061,1.3991,o,108.0,117.0,15797.0,333.0
106713,2013,22258.0,114.0,16.0,0.6577,0.6825,0.6878,0.7011,1.1362,o,129.0,122.0,16750.0,377.0
106713,2014,20985.0,118.0,12.0,0.7091,0.6756,0.6689,0.6524,0.8464,o,143.0,109.0,17576.0,386.0
106713,2015,21254.0,113.0,15.0,0.6803,0.6538,0.6484,0.6352,0.8718,o,118.0,111.0,18015.0,391.0
106713,2016,21031.0,115.0,9.0,0.6819,0.6774,0.6764,0.6741,0.9775,o,126.0,79.0,18669.0,394.0
106713,2017,21154.0,146.0,12.0,0.8622,0.8696,0.8711,0.8749,1.0295,o,136.0,70.0,19122.0,397.0
106713,2018,19811.0,126.0,12.0,0.7996,0.7909,0.7891,0.7847,0.9632,o,128.0,72.0,19629.0,410.0
106713,2019,19621.0,124.0,9.0,0.7859,0.7885,0.789,0.7904,1.0115,o,105.0,75.0,19767.0,399.0
106713,2020,18462.0,189.0,12.0,1.2675,1.2506,1.2472,1.2386,0.9549,o,121.0,49.0,20012.0,333.0
106713,2021,16304.0,128.0,16.0,1.001,0.959,0.9505,0.9297,0.8626,o,138.0,55.0,19960.0,370.0
106713,2022,16635.0,87.0,4.0,0.642,0.6385,0.6377,0.6359,0.9811,o,103.0,58.0,19088.0,326.0
106713,2023,14979.0,98.0,5.0,0.8051,0.813,0.8147,0.8188,1.0343,o,104.0,56.0,18322.0,305.0
106713,2024,14612.0,92.0,11.0,0.8007,0.7806,0.7765,0.7663,0.9159,o,109.0,50.0,19680.0,321.0
106795,1998,12466.0,0.0,51.0,0.2455,0.2432,0.2375,0.235,0.8758,o,,,,
106795,1999,17430.0,0.0,49.0,0.1687,0.1678,0.1657,0.1648,0.9314,o,,,,
106795,2000,16135.0,0.0,47.0,0.1748,0.1774,0.1844,0.1876,1.2395,o,,,,
106795,2002,18661.0,0.0,49.0,0.1575,0.1561,0.1524,0.1508,0.8763,o,121.0,,2259.0,
106795,2003,20398.0,0.0,74.0,0.2177,0.2162,0.2124,0.2107,0.9064,o,137.0,,2345.0,50.0
106795,2004,22180.0,0.0,72.0,0.1948,0.1959,0.1989,0.2002,1.0873,o,142.0,,2308.0,56.0
106795,2005,21922.0,0.0,74.0,0.2025,0.2039,0.2075,0.2091,1.1008,o,142.0,,2241.0,58.0
106795,2006,21828.0,0.0,82.0,0.2254,0.2257,0.2264,0.2267,1.0179,o,98.0,,2533.0,59.0
106795,2007,26597.0,0.0,75.0,0.1692,0.1649,0.1542,0.1497,0.6901,o,199.0,75.0,2459.0,49.0
106795,2008,26077.0,0.0,96.0,0.2209,0.2288,0.2507,0.261,1.6583,o,189.0,99.0,2414.0,51.0
106795,2009,26815.0,0.0,86.0,0.1924,0.1957,0.2044,0.2084,1.2727,o,227.0,89.0,2374.0,61.0
106795,2010,30422.0,0.0,111.0,0.2189,0.2213,0.2277,0.2306,1.1701,o,219.0,88.0,2630.0,58.0
106795,2011,32449.0,0.0,104.0,0.1923,0.193,0.1948,0.1956,1.0529,o,210.0,73.0,2652.0,55.0
106795,2012,29005.0,0.0,133.0,0.2751,0.274,0.271,0.2697,0.9417,o,274.0,68.0,2642.0,44.0
106795,2013,30330.0,0.0,132.0,0.2611,0.2656,0.2776,0.2831,1.2774,o,328.0,49.0,2676.0,42.0
106795,2014,30806.0,0.0,142.0,0.2766,0.2825,0.2984,0.3058,1.3554,o,270.0,39.0,2912.0,51.0
106795,2015,28864.0,0.0,188.0,0.3908,0.3878,0.3803,0.377,0.897,o,278.0,41.0,3044.0,64.0
106795,2016,28949.0,0.0,191.0,0.3959,0.3939,0.3887,0.3865,0.9298,o,271.0,43.0,3461.0,91.0
106795,2017,27437.0,0.0,174.0,0.3805,0.3802,0.3795,0.3791,0.9891,o,299.0,45.0,3843.0,104.0
106795,2018,27333.0,0.0,165.0,0.3622,0.3644,0.37,0.3726,1.0893,o,264.0,39.0,4001.0,94.0
106795,2019,27627.0,0.0,164.0,0.3562,0.3543,0.3494,0.3473,0.9263,o,299.0,42.0,4210.0,81.0
106795,2020,28727.0,0.0,206.0,0.4303,0.4321,0.4368,0.4389,1.0622,o,214.0,49.0,4219.0,85.0
106795,2021,26790.0,0.0,177.0,0.3964,0.3889,0.3702,0.3621,0.7602,o,230.0,36.0,4167.0,88.0
106795,2022,25696.0,0.0,238.0,0.5557,0.5515,0.5408,0.5361,0.8967,o,256.0,40.0,3916.0,65.0
106795,2023,24957.0,0.0,248.0,0.5962,0.6022,0.6178,0.6249,1.1532,o,289.0,67.0,3747.0,63.0
106795,2024,24918.0,0.0,238.0,0.5731,0.5801,0.5985,0.6068,1.1893,o,233.0,31.0,3906.0,73.0
106810,1998,3665.0,0.0,15.0,0.2456,0.2398,0.2387,0.2358,0.9217,o,,,,
106810,1999,3939.0,0.0,13.0,0.198,0.1864,0.184,0.1783,0.8111,o,,,,
106810,2000,3734.0,0.0,11.0,0.1768,0.1684,0.1668,0.1627,0.8471,o,,,,
106810,2001,4093.0,0.0,15.0,0.2199,0.2139,0.2126,0.2096,0.9085,o,,,,
106810,2002,3686.0,0.0,17.0,0.2767,0.2645,0.2621,0.256,0.8562,o,73.0,,9631.0,
106810,2003,3521.0,0.0,18.0,0.3067,0.2971,0.2951,0.2903,0.8958,o,70.0,,10009.0,239.0
106810,2004,3916.0,0.0,20.0,0.3064,0.309,0.3095,0.3108,1.0288,o,70.0,,10730.0,255.0
106810,2005,3942.0,0.0,20.0,0.3044,0.3146,0.3167,0.3222,1.12,o,53.0,,10993.0,292.0
106810,2006,3321.0,0.0,17.0,0.3071,0.3029,0.3021,0.2999,0.9535,o,59.0,10.0,11156.0,297.0
106810,2007,3155.0,0.0,15.0,0.2853,0.2657,0.2619,0.2525,0.7832,o,59.0,15.0,11282.0,302.0
106810,2008,3427.0,0.0,24.0,0.4202,0.3999,0.3958,0.3858,0.8429,o,63.0,10.0,11721.0,331.0
106810,2009,3792.0,0.0,15.0,0.2373,0.2368,0.2367,0.2364,0.9919,o,57.0,10.0,12100.0,332.0
106810,2010,4310.0,8.0,9.0,0.348,0.3551,0.3565,0.3602,1.0714,o,55.0,14.0,13094.0,335.0
106810,2011,4820.0,0.0,20.0,0.249,0.2452,0.2445,0.2426,0.9492,o,77.0,14.0,13834.0,355.0
106810,2012,5242.0,13.0,15.0,0.4693,0.4801,0.4824,0.4881,1.082,o,62.0,9.0,14028.0,344.0
106810,2013,4415.0,9.0,17.0,0.4757,0.4964,0.5008,0.5119,1.1583,o,47.0,11.0,14571.0,374.0
106810,2014,4762.0,4.0,10.0,0.2268,0.225,0.2247,0.2237,0.9732,o,62.0,14.0,14351.0,338.0
106810,2015,5570.0,10.0,15.0,0.377,0.3567,0.3526,0.3426,0.8258,o,53.0,15.0,15405.0,366.0
106810,2016,5893.0,22.0,13.0,0.5803,0.5493,0.5431,0.5279,0.8273,o,84.0,9.0,15428.0,351.0
106810,2017,6013.0,19.0,17.0,0.5488,0.5864,0.5945,0.6153,1.2569,o,70.0,16.0,15935.0,328.0
106810,2018,5797.0,18.0,6.0,0.4347,0.4805,0.4906,0.5167,1.4128,o,53.0,22.0,15267.0,316.0
106810,2019,5344.0,14.0,10.0,0.4266,0.435,0.4368,0.4412,1.0696,o,42.0,17.0,16595.0,334.0
106810,2020,5115.0,24.0,9.0,0.6686,0.6013,0.5882,0.5568,0.6934,o,55.0,9.0,17428.0,347.0
106810,2021,5102.0,31.0,9.0,0.835,0.7302,0.7102,0.6627,0.6299,o,52.0,15.0,17625.0,317.0
106810,2022,5434.0,31.0,4.0,0.7287,0.6999,0.6941,0.6797,0.8699,o,54.0,16.0,16730.0,299.0
106810,2023,5917.0,20.0,7.0,0.4766,0.492,0.4952,0.5034,1.1158,o,39.0,16.0,15527.0,289.0
106810,2024,5075.0,30.0,6.0,0.7803,0.7708,0.7689,0.764,0.9588,o,53.0,27.0,16440.0,326.0
106847,1998,7320.0,0.0,0.0,0.0,0.0,0.0,0.0,,-,,,,
106847,2000,10368.0,0.0,0.0,0.0,0.0,0.0,0.0,,-,,,,
106883,1998,31867.0,0.0,134.0,0.2523,0.2522,0.2518,0.2517,0.9928,o,,,,
106883,1999,29130.0,0.0,124.0,0.2554,0.2542,0.2513,0.25,0.9369,o,,,,
106883,2001,27174.0,0.0,155.0,0.3422,0.3416,0.3399,0.3392,0.973,o,,,,
106883,2002,30030.0,0.0,123.0,0.2458,0.2529,0.2724,0.2815,1.5084,o,310.0,,1497.0,
106883,2003,32264.0,0.0,120.0,0.2232,0.2257,0.2322,0.2352,1.172,o,257.0,,2345.0,38.0
106883,2004,32403.0,0.0,141.0,0.2611,0.2576,0.2488,0.245,0.825,o,310.0,,1871.0,38.0
106883,2005,32210.0,0.0,146.0,0.272,0.2737,0.2781,0.2801,1.0935,o,276.0,,1970.0,48.0
106883,2006,31119.0,0.0,145.0,0.2796,0.279,0.2777,0.2771,0.9735,o,277.0,55.0,2524.0,51.0
106883,2007,33201.0,0.0,145.0,0.262,0.261,0.2584,0.2572,0.9454,o,278.0,103.0,2450.0,51.0
106883,2008,33004.0,0.0,125.0,0.2272,0.2273,0.2276,0.2277,1.0054,o,298.0,63.0,2590.0,59.0
106883,2009,31020.0,0.0,117.0,0.2263,0.2274,0.2304,0.2317,1.0739,o,346.0,66.0,2719.0,56.0
106883,2010,32824.0,0.0,114.0,0.2084,0.2111,0.2182,0.2214,1.2014,o,285.0,99.0,2916.0,57.0
106883,2011,30956.0,0.0,113.0,0.219,0.2172,0.2124,0.2104,0.8851,o,272.0,57.0,3057.0,35.0
106883,2012,27416.0,0.0,118.0,0.2582,0.2556,0.2488,0.2459,0.8621,o,313.0,82.0,3184.0,54.0
106883,2013,27584.0,0.0,129.0,0.2806,0.2829,0.2889,0.2916,1.1239,o,286.0,114.0,3248.0,65.0
106883,2014,25932.0,0.0,113.0,0.2615,0.261,0.26,0.2595,0.9778,o,229.0,28.0,3318.0,67.0
106883,2015,23823.0,0.0,95.0,0.2393,0.2348,0.2237,0.219,0.7646,o,248.0,28.0,3407.0,67.0
106883,2016,22566.0,0.0,107.0,0.2845,0.2838,0.2818,0.281,0.9631,o,214.0,22.0,3617.0,85.0
106883,2017,21213.0,0.0,95.0,0.2687,0.2667,0.2615,0.2593,0.8973,o,149.0,37.0,3633.0,92.0
106883,2018,20014.0,0.0,112.0,0.3358,0.3256,0.3009,0.2905,0.645,o,256.0,36.0,3552.0,105.0
106883,2019,22473.0,0.0,124.0,0.3311,0.3391,0.3608,0.3709,1.4105,o,271.0,47.0,3514.0,86.0
106883,2020,26318.0,0.0,147.0,0.3351,0.342,0.3605,0.369,1.3383,o,151.0,40.0,3516.0,79.0
106883,2021,21119.0,0.0,135.0,0.3835,0.3689,0.3337,0.3192,0.5731,o,141.0,46.0,3414.0,68.0
106883,2022,20641.0,0.0,120.0,0.3488,0.3391,0.3154,0.3054,0.6682,o,135.0,27.0,3094.0,111.0
106883,2023,21049.0,0.0,89.0,0.2537,0.2523,0.2488,0.2472,0.9247,o,146.0,35.0,3012.0,76.0
106883,2024,21878.0,0.0,106.0,0.2907,0.2919,0.2948,0.2962,1.058,o,147.0,37.0,3960.0,95.0
106980,1998,56520.0,0.0,218.0,0.2314,0.2418,0.2707,0.2847,1.8734,o,,,,
106980,1999,38055.0,0.0,203.0,0.3201,0.3071,0.276,0.2633,0.5533,o,,,,
106980,2000,38921.0,0.0,212.0,0.3268,0.3204,0.3046,0.2978,0.7548,o,,,,
106980,2001,39196.0,0.0,190.0,0.2908,0.2961,0.31,0.3165,1.2913,o,,,,
106980,2002,43994.0,0.0,188.0,0.2564,0.2637,0.2835,0.2927,1.4942,o,619.0,,1781.0,
106980,2004,57333.0,0.0,260.0,0.2721,0.277,0.2899,0.2958,1.2885,o,664.0,,1920.0,57.0
106980,2005,52941.0,0.0,302.0,0.3423,0.3426,0.3435,0.3439,1.0145,o,534.0,,1980.0,69.0
106980,2006,56447.0,0.0,302.0,0.321,0.3157,0.3025,0.2968,0.7888,o,380.0,146.0,1916.0,50.0
106980,2007,55729.0,0.0,307.0,0.3305,0.3202,0.295,0.2844,0.6344,o,436.0,150.0,2631.0,52.0
106980,2008,56157.0,0.0,292.0,0.312,0.311,0.3083,0.3072,0.954,o,460.0,166.0,2186.0,62.0
106980,2009,69419.0,0.0,379.0,0.3276,0.3303,0.3375,0.3408,1.1275,o,623.0,224.0,3116.0,58.0
106980,2010,84202.0,0.0,352.0,0.2508,0.2567,0.2724,0.2797,1.3906,o,604.0,249.0,3702.0,57.0
106980,2011,83064.0,0.0,405.0,0.2925,0.2948,0.3006,0.3033,1.1154,o,683.0,238.0,3794.0,68.0
106980,2012,77221.0,0.0,458.0,0.3559,0.3585,0.3655,0.3687,1.1133,o,547.0,201.0,3671.0,75.0
106980,2013,67115.0,0.0,385.0,0.3442,0.3403,0.3305,0.3262,0.85,o,545.0,136.0,4371.0,73.0
106980,2014,64376.0,0.0,406.0,0.3784,0.3752,0.3671,0.3636,0.8862,o,468.0,202.0,3976.0,79.0
106980,2015,57545.0,0.0,441.0,0.4598,0.4549,0.4424,0.437,0.8571,o,479.0,154.0,4099.0,69.0
106980,2016,47716.0,0.0,322.0,0.4049,0.4033,0.3993,0.3975,0.9457,o,487.0,154.0,4149.0,94.0
106980,2017,53054.0,0.0,263.0,0.2974,0.298,0.2995,0.3002,1.0285,o,559.0,142.0,4079.0,93.0
106980,2018,51029.0,0.0,253.0,0.2975,0.3005,0.3085,0.3122,1.1574,o,329.0,128.0,4300.0,98.0
106980,2019,51990.0,0.0,309.0,0.3566,0.3452,0.3176,0.306,0.6291,o,429.0,202.0,4576.0,97.0
106980,2020,50726.0,0.0,290.0,0.343,0.3422,0.3401,0.3392,0.9662,o,452.0,77.0,5469.0,61.0
106980,2021,48645.0,0.0,265.0,0.3269,0.3309,0.3416,0.3464,1.1926,o,581.0,101.0,5311.0,71.0
106980,2022,47593.0,0.0,239.0,0.3013,0.3072,0.3229,0.3301,1.319,o,542.0,160.0,4992.0,66.0
106980,2023,48283.0,0.0,272.0,0.338,0.3391,0.3421,0.3434,1.0494,o,532.0,136.0,5383.0,75.0
106980,2024,48036.0,0.0,285.0,0.356,0.3546,0.3512,0.3497,0.9475,o,552.0,180.0,5600.0,62.0
106999,1998,10872.0,0.0,23.0,0.1269,0.1272,0.128,0.1284,1.0352,o,,,,
106999,1999,15702.0,0.0,17.0,0.065,0.0677,0.0755,0.0792,1.822,o,,,,
106999,2000,19930.0,0.0,53.0,0.1596,0.1642,0.1768,0.1828,1.509,o,,,,
106999,2002,29746.0,0.0,64.0,0.1291,0.1333,0.1446,0.1499,1.5731,o,220.0,,1992.0,
106999,2003,28977.0,0.0,110.0,0.2278,0.2246,0.2168,0.2134,0.8209,o,174.0,,1975.0,54.0
106999,2004,30573.0,0.0,83.0,0.1629,0.1578,0.1454,0.1402,0.635,o,267.0,,2086.0,44.0
106999,2005,31299.0,0.0,120.0,0.23,0.235,0.2482,0.2543,1.3553,o,187.0,,2025.0,45.0
106999,2006,30235.0,0.0,164.0,0.3255,0.3217,0.3123,0.3082,0.8481,o,194.0,72.0,2297.0,58.0
106999,2007,29670.0,0.0,149.0,0.3013,0.298,0.2897,0.2861,0.8546,o,295.0,95.0,2302.0,54.0
106999,2008,28296.0,0.0,153.0,0.3244,0.3345,0.3619,0.3748,1.5486,o,246.0,71.0,2333.0,63.0
106999,2009,43586.0,0.0,167.0,0.2299,0.23,0.2302,0.2304,1.0061,o,355.0,95.0,2463.0,50.0
106999,2010,42251.0,0.0,195.0,0.2769,0.2822,0.2964,0.3029,1.3124,o,325.0,67.0,2533.0,40.0
106999,2011,40219.0,0.0,240.0,0.358,0.36,0.3651,0.3674,1.0815,o,244.0,85.0,2474.0,30.0
106999,2012,35134.0,0.0,232.0,0.3962,0.3871,0.3647,0.3551,0.7176,o,234.0,82.0,2659.0,37.0
106999,2013,31526.0,0.0,227.0,0.432,0.4262,0.4114,0.405,0.8225,o,290.0,57.0,2722.0,47.0
106999,2014,26355.0,0.0,179.0,0.4075,0.4131,0.4277,0.4344,1.2134,o,262.0,71.0,2852.0,54.0
106999,2015,25547.0,0.0,209.0,0.4909,0.4909,0.4909,0.4909,1.0,o,281.0,76.0,2953.0,59.0
106999,2016,28886.0,0.0,234.0,0.486,0.4867,0.4882,0.4889,1.0181,o,293.0,71.0,2933.0,53.0
106999,2017,26736.0,0.0,186.0,0.4174,0.4196,0.4254,0.428,1.0792,o,268.0,240.0,2884.0,52.0
106999,2018,25876.0,0.0,185.0,0.429,0.4269,0.4217,0.4194,0.9338,o,260.0,79.0,3073.0,48.0
106999,2019,27848.0,0.0,208.0,0.4481,0.4458,0.4397,0.4371,0.9269,o,266.0,56.0,3029.0,50.0
106999,2020,28488.0,0.0,244.0,0.5139,0.5142,0.5149,0.5152,1.0076,o,286.0,39.0,3036.0,42.0
106999,2021,25585.0,0.0,216.0,0.5065,0.5095,0.5173,0.5208,1.0875,o,202.0,37.0,2948.0,54.0
106999,2022,22433.0,0.0,195.0,0.5216,0.5103,0.4824,0.4705,0.7319,o,245.0,37.0,2771.0,36.0
106999,2023,19305.0,0.0,186.0,0.5781,0.5783,0.5787,0.5789,1.0041,o,252.0,50.0,2863.0,34.0
106999,2024,25109.0,0.0,223.0,0.5329,0.5374,0.5491,0.5544,1.1275,o,199.0,49.0,3558.0,39.0
107044,1998,115105.0,688.0,1.0,0.7178,0.7309,0.7337,0.7406,1.0646,o,,,,
107044,1999,105500.0,622.0,0.0,0.7075,0.7309,0.7358,0.7483,1.1186,o,,,,
107044,2000,117300.0,701.0,1.0,0.7176,0.7415,0.7465,0.7592,1.1192,o,,,,
107044,2001,121452.0,648.0,0.0,0.6403,0.6585,0.6624,0.6721,1.1019,o,,,,
107044,2002,119537.0,714.0,0.0,0.7168,0.7391,0.7438,0.7557,1.1116,o,1039.0,,15555.0,
107044,2003,122133.0,769.0,0.0,0.7556,0.778,0.7827,0.7946,1.106,o,971.0,,15600.0,398.0
107044,2004,121208.0,753.0,0.0,0.7455,0.7549,0.7569,0.7618,1.0442,o,968.0,,16119.0,387.0
107044,2005,121485.0,777.0,0.0,0.7675,0.7604,0.759,0.7553,0.9685,o,960.0,,16707.0,408.0
107044,2006,121942.0,798.0,0.0,0.7853,0.7708,0.7678,0.7605,0.9377,o,911.0,181.0,16827.0,402.0
107044,2007,120023.0,770.0,0.0,0.7699,0.754,0.7508,0.7428,0.9308,o,965.0,224.0,17014.0,419.0
107044,2008,122702.0,787.0,0.0,0.7697,0.7623,0.7608,0.7571,0.9675,o,986.0,190.0,18087.0,394.0
107044,2009,122460.0,864.0,0.0,0.8466,0.8496,0.8502,0.8517,1.0119,o,955.0,183.0,18892.0,411.0
107044,2010,121650.0,793.0,0.0,0.7822,0.7906,0.7924,0.7967,1.0374,o,992.0,218.0,19413.0,473.0
107044,2011,125184.0,798.0,0.0,0.765,0.7732,0.775,0.7793,1.0378,o,1013.0,243.0,19599.0,480.0
107044,2012,126613.0,875.0,0.0,0.8293,0.8359,0.8373,0.8407,1.0277,o,1022.0,221.0,19879.0,489.0
107044,2013,128996.0,841.0,0.0,0.7823,0.7932,0.7954,0.8011,1.0484,o,1041.0,219.0,20373.0,519.0
107044,2014,130907.0,862.0,0.0,0.7902,0.8036,0.8063,0.8134,1.0596,o,1067.0,218.0,21289.0,547.0
107044,2015,131981.0,927.0,0.0,0.8428,0.8552,0.8578,0.8642,1.0514,o,992.0,188.0,22245.0,570.0
107044,2016,130950.0,887.0,0.0,0.8128,0.8156,0.8162,0.8176,1.0118,o,1019.0,190.0,23083.0,586.0
107044,2017,134679.0,957.0,0.0,0.8527,0.8464,0.8451,0.8419,0.9748,o,945.0,135.0,23756.0,579.0
107044,2018,124757.0,921.0,0.0,0.8859,0.8679,0.8642,0.8551,0.9317,o,857.0,139.0,24159.0,616.0
107044,2019,119640.0,841.0,0.0,0.8435,0.8115,0.8051,0.7891,0.8752,o,808.0,119.0,24215.0,588.0
107044,2020,115817.0,887.0,0.0,0.919,0.8701,0.8603,0.8362,0.8279,o,747.0,85.0,24922.0,582.0
107044,2021,107299.0,864.0,0.0,0.9663,0.903,0.8904,0.8598,0.7918,o,748.0,116.0,25142.0,560.0
107044,2022,100800.0,765.0,0.0,0.9107,0.8627,0.8531,0.8295,0.8296,o,804.0,115.0,24387.0,523.0
107044,2023,96922.0,705.0,0.0,0.8729,0.8553,0.8517,0.8427,0.9321,o,864.0,128.0,23962.0,477.0
107044,2024,102232.0,747.0,0.0,0.8768,0.8948,0.8986,0.9081,1.0727,o,854.0,150.0,24888.0,491.0
107071,1998,95098.0,453.0,1.0,0.5723,0.5418,0.5284,0.5106,0.7962,o,,,,
107071,1999,93094.0,493.0,1.0,0.6361,0.6248,0.6196,0.6127,0.9276,o,,,,
107071,2000,90051.0,449.0,0.0,0.5983,0.595,0.5934,0.5914,0.9769,o,,,,
107071,2001,87592.0,426.0,0.0,0.5836,0.5913,0.5948,0.5997,1.0558,o,,,,
107071,2003,87966.0,402.0,0.0,0.5484,0.5414,0.5382,0.5338,0.9476,o,413.0,,5526.0,85.0
107071,2004,86095.0,486.0,0.0,0.6774,0.6514,0.6398,0.6243,0.8495,o,455.0,,5605.0,110.0
107071,2008,82781.0,447.0,0.0,0.648,0.7133,0.7454,0.7915,1.4919,o,739.0,260.0,7870.0,158.0
107071,2009,87275.0,463.0,0.0,0.6366,0.7281,0.7744,0.8422,1.7503,o,643.0,332.0,7029.0,144.0
107071,2010,88944.0,437.0,0.0,0.5896,0.6504,0.6803,0.7234,1.5054,o,813.0,317.0,7266.0,127.0
107071,2011,96801.0,447.0,0.0,0.5541,0.5699,0.5773,0.5876,1.1243,o,826.0,303.0,9409.0,126.0
107071,2012,97200.0,507.0,0.0,0.6259,0.6352,0.6394,0.6453,1.0629,o,781.0,349.0,9538.0,128.0
107071,2013,95912.0,486.0,0.0,0.6081,0.6305,0.641,0.6557,1.1628,o,704.0,294.0,9732.0,133.0
107071,2014,91834.0,499.0,5.0,0.6553,0.6584,0.6599,0.6618,1.0199,o,774.0,325.0,9980.0,135.0
107071,2015,91379.0,547.0,4.0,0.721,0.7033,0.6953,0.6846,0.9018,o,770.0,261.0,10261.0,143.0
107071,2016,88798.0,505.0,3.0,0.6845,0.6779,0.675,0.6709,0.9608,o,746.0,226.0,10501.0,146.0
107071,2017,86782.0,527.0,19.0,0.7419,0.7455,0.7472,0.7496,1.0209,o,617.0,202.0,10632.0,161.0
107071,2018,83255.0,511.0,9.0,0.743,0.7287,0.7222,0.7135,0.9222,o,849.0,233.0,10631.0,145.0
107071,2019,92183.0,534.0,8.0,0.7003,0.6917,0.6878,0.6824,0.9495,o,791.0,250.0,10408.0,130.0
107071,2020,91508.0,486.0,15.0,0.6472,0.6595,0.6652,0.6731,1.0818,o,563.0,174.0,10700.0,125.0
107071,2021,75260.0,502.0,19.0,0.8156,0.8143,0.8137,0.8129,0.9934,o,418.0,136.0,8628.0,121.0
107071,2022,63897.0,543.0,10.0,1.0292,0.9346,0.8942,0.8419,0.6692,o,413.0,121.0,8294.0,132.0
107071,2023,51144.0,479.0,16.0,1.1427,0.9706,0.9007,0.8134,0.5067,o,306.0,125.0,7826.0,119.0
107071,2024,42615.0,397.0,39.0,1.1728,1.0075,0.9398,0.8547,0.531,o,376.0,141.0,7885.0,127.0
107080,1998,22768.0,203.0,0.0,1.0699,1.1059,1.1134,1.1326,1.1206,o,,,,
107080,1999,30480.0,191.0,0.0,0.752,0.7803,0.7863,0.8015,1.1361,o,,,,
107080,2000,36228.0,214.0,0.0,0.7088,0.7438,0.7513,0.7702,1.1807,o,,,,
107080,2001,31257.0,240.0,0.0,0.9214,0.9433,0.9478,0.9594,1.0842,o,,,,
107080,2002,32588.0,243.0,0.0,0.8948,0.8772,0.8737,0.8648,0.9339,o,317.0,,23750.0,
107080,2003,32880.0,207.0,0.0,0.7555,0.7263,0.7205,0.7059,0.8732,o,267.0,,25321.0,421.0
107080,2004,32240.0,230.0,0.0,0.8561,0.814,0.8055,0.7847,0.8403,o,295.0,,25920.0,391.0
107080,2005,32212.0,202.0,0.0,0.7525,0.7355,0.7321,0.7235,0.9243,o,280.0,,26896.0,377.0
107080,2006,30668.0,241.0,0.0,0.943,0.9319,0.9296,0.9239,0.9599,o,396.0,13.0,33711.0,405.0
107080,2007,33276.0,203.0,0.0,0.7321,0.7638,0.7705,0.7876,1.1575,o,371.0,13.0,34657.0,425.0
107080,2008,35892.0,192.0,0.0,0.6419,0.7025,0.7157,0.7499,1.3648,o,433.0,14.0,35848.0,445.0
107080,2009,40312.0,200.0,0.0,0.5954,0.6561,0.6695,0.704,1.3983,o,412.0,9.0,37524.0,469.0
107080,2010,43712.0,297.0,0.0,0.8153,0.8698,0.8816,0.9116,1.25,o,404.0,18.0,43271.0,474.0
107080,2011,43836.0,286.0,0.0,0.7829,0.7971,0.8001,0.8075,1.0639,o,375.0,17.0,44726.0,559.0
107080,2012,42260.0,309.0,0.0,0.8774,0.8694,0.8678,0.8637,0.9689,o,369.0,13.0,46574.0,592.0
107080,2013,43148.0,314.0,0.0,0.8733,0.8416,0.8352,0.8194,0.8805,o,450.0,19.0,48392.0,559.0
107080,2014,45824.0,323.0,0.0,0.8458,0.8467,0.8469,0.8474,1.0037,o,314.0,21.0,49788.0,522.0
107080,2015,43424.0,290.0,0.0,0.8014,0.7969,0.796,0.7936,0.9807,o,395.0,14.0,51292.0,532.0
107080,2016,42954.0,269.0,0.0,0.7515,0.7411,0.7389,0.7336,0.953,o,352.0,7.0,52985.0,536.0
107080,2017,42437.0,326.0,0.0,0.9218,0.8976,0.8926,0.8804,0.9121,o,338.0,13.0,54102.0,520.0
107080,2018,39219.0,245.0,0.0,0.7496,0.7278,0.7234,0.7124,0.9031,o,309.0,15.0,54923.0,447.0
107080,2019,38529.0,310.0,0.0,0.9655,0.9402,0.9351,0.9223,0.9126,o,284.0,10.0,55873.0,455.0
107080,2020,35656.0,269.0,0.0,0.9053,0.8467,0.835,0.8066,0.7938,o,310.0,12.0,57213.0,417.0
107080,2021,34177.0,234.0,0.0,0.8216,0.7867,0.7796,0.7623,0.8609,o,315.0,16.0,57766.0,404.0
107080,2022,33301.0,223.0,0.0,0.8036,0.7956,0.7939,0.7898,0.966,o,363.0,12.0,36586.0,354.0
107080,2023,33815.0,211.0,0.0,0.7488,0.7784,0.7847,0.8006,1.1433,o,275.0,21.0,36334.0,335.0
107080,2024,31010.0,231.0,0.0,0.8939,0.9126,0.9165,0.9264,1.0741,o,318.0,25.0,36650.0,360.0
107123,2000,1697.0,0.0,0.0,0.0,0.0,0.0,0.0,,-,,,,
107123,2001,1858.0,0.0,0.0,0.0,0.0,0.0,0.0,,-,,,,
107123,2010,1620.0,0.0,0.0,0.0,0.0,0.0,0.0,,-,35.0,,,
107123,2013,3770.0,0.0,0.0,0.0,0.0,0.0,0.0,,-,,,,129.0
107123,2014,3600.0,0.0,0.0,0.0,0.0,0.0,0.0,,-,,70.0,,155.0
107123,2015,3690.0,0.0,0.0,0.0,0.0,0.0,0.0,,-,,62.0,,156.0
107123,2017,3150.0,0.0,0.0,0.0,0.0,0.0,0.0,,-,,1.0,,189.0
107123,2018,3003.0,0.0,35.0,0.6993,0.6993,0.6993,0.6993,,-,,,,191.0
107123,2019,2814.0,0.0,37.0,0.7889,0.7889,0.7889,0.7889,,-,,24.0,,243.0
107123,2020,2670.0,0.0,21.0,0.4719,0.4719,0.4719,0.4719,,-,,21.0,,164.0
107123,2021,2880.0,0.0,25.0,0.5208,0.5208,0.5208,0.5208,,-,,,,188.0
107123,2022,2400.0,0.0,44.0,1.1,1.1,1.1,1.1,,-,,28.0,,286.0
107123,2023,2760.0,0.0,39.0,0.8478,0.8478,0.8478,0.8478,,-,,36.0,,280.0
107123,2024,2688.0,0.0,38.0,0.8482,0.8482,0.8482,0.8482,,-,,31.0,,294.0
107141,1998,43860.0,258.0,13.0,0.7237,0.7033,0.6992,0.689,0.9064,o,,,,
107141,1999,31592.0,341.0,2.0,1.2991,1.2998,1.3,1.3004,1.002,o,,,,
107141,2000,41940.0,389.0,7.0,1.123,1.1632,1.1716,1.1931,1.1287,o,,,,
107141,2001,43469.0,413.0,7.0,1.1498,1.1855,1.1931,1.2121,1.1113,o,,,,
107141,2002,44914.0,406.0,0.0,1.0847,1.094,1.0959,1.1007,1.0297,o,304.0,,21434.0,
107141,2003,45992.0,384.0,2.0,1.0045,1.0105,1.0117,1.0148,1.0206,o,275.0,,22167.0,404.0
107141,2004,47546.0,442.0,10.0,1.1282,1.1457,1.1494,1.1586,1.0546,o,296.0,,22746.0,424.0
107141,2005,49485.0,501.0,6.0,1.2222,1.2558,1.2629,1.2807,1.0981,o,262.0,,23233.0,431.0
107141,2006,51042.0,523.0,4.0,1.2343,1.2421,1.2437,1.2478,1.022,o,326.0,279.0,22661.0,415.0
107141,2007,48368.0,490.0,2.0,1.2182,1.2236,1.2248,1.2276,1.0155,o,363.0,232.0,24437.0,445.0
107141,2008,48248.0,487.0,4.0,1.2162,1.2843,1.2989,1.336,1.2067,o,310.0,200.0,25134.0,458.0
107141,2009,47575.0,450.0,0.0,1.135,1.1984,1.212,1.2465,1.2061,o,306.0,214.0,25994.0,469.0
107141,2010,48145.0,484.0,2.0,1.2088,1.2253,1.2287,1.2373,1.0476,o,322.0,188.0,26989.0,462.0
107141,2011,49918.0,488.0,0.0,1.1731,1.142,1.1357,1.12,0.9115,o,360.0,200.0,27598.0,423.0
107141,2012,50299.0,453.0,2.0,1.0831,1.0873,1.0882,1.0903,1.0134,o,318.0,194.0,28255.0,433.0
107141,2013,52550.0,466.0,2.0,1.0664,1.0965,1.1028,1.1188,1.1006,o,303.0,179.0,29107.0,425.0
107141,2014,51220.0,456.0,3.0,1.0718,1.0684,1.0677,1.0659,0.9889,o,318.0,174.0,29931.0,465.0
107141,2015,52270.0,534.0,1.0,1.2271,1.1942,1.1875,1.1709,0.9106,o,358.0,191.0,30793.0,466.0
107141,2016,49972.0,491.0,3.0,1.1827,1.1816,1.1814,1.1809,0.997,o,323.0,185.0,31721.0,493.0
107141,2017,49686.0,424.0,0.0,1.024,1.0518,1.0576,1.0724,1.0966,o,326.0,154.0,32283.0,477.0
107141,2018,48855.0,392.0,3.0,0.9665,0.979,0.9816,0.9881,1.0451,o,319.0,109.0,32583.0,488.0
107141,2019,46185.0,443.0,0.0,1.151,1.1355,1.1323,1.1243,0.9541,o,319.0,101.0,32858.0,482.0
107141,2020,45643.0,384.0,0.0,1.0096,0.9907,0.9868,0.9772,0.9369,o,315.0,130.0,33255.0,464.0
107141,2021,45366.0,383.0,0.0,1.0131,1.0062,1.0048,1.0013,0.9769,o,333.0,71.0,33019.0,412.0
107141,2022,42553.0,344.0,1.0,0.9715,0.9728,0.9731,0.9738,1.0047,o,306.0,83.0,31731.0,374.0
107141,2023,42818.0,327.0,2.0,0.9192,0.9197,0.9197,0.92,1.0016,o,384.0,87.0,30765.0,366.0
107141,2024,45127.0,327.0,2.0,0.8722,0.8939,0.8984,0.9099,1.0883,o,388.0,85.0,30832.0,361.0
107318,1998,20403.0,0.0,23.0,0.0676,0.0664,0.0635,0.0622,0.7756,o,,,,
107318,1999,16493.0,0.0,37.0,0.1346,0.1328,0.1283,0.1263,0.8249,o,,,,
107318,2001,20694.0,0.0,63.0,0.1827,0.1808,0.1761,0.1741,0.8645,o,,,,
107318,2002,19235.0,0.0,42.0,0.131,0.1279,0.1202,0.1169,0.7082,o,229.0,,1642.0,
107318,2003,19774.0,0.0,84.0,0.2549,0.261,0.2773,0.2849,1.4006,o,277.0,,1754.0,52.0
107318,2004,21713.0,0.0,65.0,0.1796,0.1847,0.1986,0.205,1.4933,o,235.0,,1711.0,50.0
107318,2005,22989.0,0.0,84.0,0.2192,0.2181,0.2152,0.214,0.9289,o,210.0,,1931.0,52.0
107318,2006,25800.0,0.0,88.0,0.2047,0.2018,0.1948,0.1917,0.8203,o,264.0,106.0,2019.0,59.0
107318,2007,26904.0,0.0,80.0,0.1784,0.1806,0.1862,0.1888,1.1865,o,289.0,108.0,1960.0,60.0
107318,2008,27761.0,0.0,64.0,0.1383,0.1403,0.1454,0.1477,1.2194,o,323.0,109.0,2107.0,63.0
107318,2009,31720.0,0.0,76.0,0.1438,0.1453,0.1495,0.1513,1.1682,o,383.0,135.0,2590.0,53.0
107318,2010,41615.0,0.0,89.0,0.1283,0.1304,0.1357,0.1382,1.2516,o,452.0,168.0,3031.0,45.0
107318,2011,40499.0,0.0,115.0,0.1704,0.1733,0.1812,0.1849,1.2805,o,337.0,140.0,3169.0,52.0
107318,2012,38920.0,0.0,134.0,0.2066,0.2035,0.1958,0.1925,0.8072,o,331.0,128.0,3987.0,56.0
107318,2013,36501.0,0.0,135.0,0.2219,0.2192,0.2124,0.2094,0.839,o,326.0,108.0,2928.0,86.0
107318,2014,34911.0,0.0,131.0,0.2251,0.2248,0.2238,0.2233,0.976,o,261.0,58.0,3236.0,340.0
107318,2015,32111.0,0.0,160.0,0.299,0.2942,0.2823,0.2771,0.7945,o,252.0,118.0,3334.0,113.0
107318,2016,32068.0,0.0,127.0,0.2376,0.2351,0.2287,0.226,0.8586,o,192.0,106.0,3311.0,92.0
107318,2017,29984.0,0.0,143.0,0.2862,0.2804,0.2662,0.2601,0.7485,o,190.0,86.0,3256.0,85.0
107318,2018,26922.0,0.0,139.0,0.3098,0.3064,0.298,0.2943,0.8559,o,164.0,38.0,3333.0,78.0
107318,2019,24540.0,0.0,128.0,0.313,0.3096,0.3013,0.2976,0.8586,o,143.0,63.0,3263.0,84.0
107318,2020,22710.0,0.0,95.0,0.251,0.2473,0.238,0.2339,0.8079,o,122.0,49.0,3301.0,98.0
107318,2021,21068.0,0.0,141.0,0.4016,0.3952,0.3791,0.3722,0.7948,o,130.0,38.0,3205.0,83.0
107318,2022,19142.0,0.0,113.0,0.3542,0.3537,0.3525,0.352,0.9811,o,107.0,47.0,3012.0,80.0
107318,2023,17797.0,0.0,107.0,0.3607,0.3566,0.3463,0.3418,0.8492,o,103.0,48.0,2917.0,66.0
107318,2024,17774.0,0.0,104.0,0.3511,0.3476,0.339,0.3352,0.8692,o,117.0,84.0,3048.0,68.0
107327,1998,36272.0,0.0,142.0,0.2349,0.2343,0.2328,0.2321,0.9649,o,,,,
107327,1999,38312.0,0.0,182.0,0.285,0.2843,0.2825,0.2817,0.9647,o,,,,
107327,2000,38958.0,0.0,175.0,0.2695,0.2728,0.2815,0.2855,1.1906,o,,,,
107327,2001,40290.0,0.0,201.0,0.2993,0.302,0.309,0.3121,1.1354,o,,,,
107327,2002,41948.0,0.0,226.0,0.3233,0.3274,0.3384,0.3434,1.2008,o,373.0,,1822.0,
107327,2003,45570.0,0.0,244.0,0.3213,0.3275,0.3439,0.3515,1.3134,o,379.0,,1910.0,37.0
107327,2004,50848.0,0.0,243.0,0.2867,0.2889,0.2945,0.2971,1.1131,o,400.0,,2146.0,43.0
107327,2005,44638.0,0.0,253.0,0.3401,0.3415,0.3454,0.3471,1.0638,o,370.0,,2363.0,45.0
107327,2006,40139.0,0.0,216.0,0.3229,0.3217,0.3188,0.3175,0.9499,o,320.0,86.0,2375.0,74.0
107327,2007,36583.0,0.0,202.0,0.3313,0.327,0.3163,0.3117,0.8312,o,363.0,116.0,2347.0,67.0
107327,2008,34860.0,0.0,202.0,0.3477,0.3489,0.3521,0.3536,1.0522,o,328.0,113.0,2151.0,69.0
107327,2009,39457.0,0.0,194.0,0.295,0.2942,0.292,0.2911,0.9605,o,465.0,159.0,2314.0,63.0
107327,2010,45070.0,0.0,198.0,0.2636,0.2691,0.2839,0.2907,1.3459,o,462.0,504.0,2379.0,59.0
107327,2011,42524.0,0.0,283.0,0.3993,0.4036,0.4149,0.42,1.1652,o,385.0,406.0,2401.0,45.0
107327,2012,39250.0,0.0,184.0,0.2813,0.2776,0.2685,0.2646,0.8306,o,334.0,123.0,2392.0,46.0
107327,2013,34473.0,0.0,191.0,0.3324,0.327,0.3133,0.3074,0.7887,o,283.0,99.0,2500.0,57.0
107327,2014,27844.0,0.0,152.0,0.3275,0.3221,0.3085,0.3027,0.7872,o,274.0,65.0,2573.0,56.0
107327,2015,27462.0,0.0,126.0,0.2753,0.273,0.2672,0.2647,0.8882,o,269.0,48.0,2551.0,49.0
107327,2016,27514.0,0.0,107.0,0.2333,0.2328,0.2313,0.2307,0.9659,o,277.0,65.0,2787.0,61.0
107327,2017,28481.0,0.0,152.0,0.3202,0.3207,0.3218,0.3223,1.0203,o,240.0,20.0,2812.0,58.0
107327,2018,27550.0,0.0,144.0,0.3136,0.3108,0.3037,0.3006,0.8791,o,220.0,22.0,2854.0,48.0
107327,2019,26543.0,0.0,164.0,0.3707,0.3666,0.3561,0.3515,0.8511,o,303.0,20.0,2828.0,62.0
107327,2020,27027.0,0.0,154.0,0.3419,0.3485,0.3663,0.3744,1.3174,o,218.0,36.0,2820.0,45.0
107327,2021,24802.0,0.0,172.0,0.4161,0.4108,0.3976,0.3918,0.8337,o,199.0,40.0,2771.0,59.0
107327,2022,23290.0,0.0,164.0,0.4225,0.4146,0.395,0.3866,0.7639,o,190.0,61.0,2697.0,75.0
107327,2023,24064.0,0.0,137.0,0.3416,0.3394,0.3337,0.3313,0.9113,o,179.0,44.0,2631.0,79.0
107327,2024,23179.0,0.0,117.0,0.3029,0.3011,0.2966,0.2947,0.9203,o,167.0,35.0,2570.0,85.0
107372,1999,936.0,0.0,0.0,0.0,0.0,0.0,0.0,,n,,,,
107460,1998,38422.0,0.0,211.0,0.3295,0.3309,0.3344,0.336,1.0607,o,,,,
107460,1999,42210.0,0.0,195.0,0.2772,0.2804,0.2888,0.2927,1.1791,o,,,,
107460,2000,40083.0,0.0,182.0,0.2724,0.2715,0.2692,0.2682,0.954,o,,,,
107460,2001,39609.0,0.0,201.0,0.3045,0.3032,0.2998,0.2983,0.9402,o,,,,
107460,2002,42404.0,0.0,204.0,0.2887,0.2908,0.2963,0.2987,1.1096,o,464.0,,1871.0,
107460,2003,46111.0,0.0,195.0,0.2537,0.2534,0.2527,0.2523,0.9831,o,495.0,,1835.0,32.0
107460,2004,48899.0,0.0,214.0,0.2626,0.2631,0.2646,0.2653,1.0312,o,460.0,,2438.0,33.0
107460,2005,50001.0,0.0,199.0,0.2388,0.2381,0.2363,0.2355,0.9593,o,474.0,,2366.0,35.0
107460,2006,48018.0,0.0,256.0,0.3199,0.3197,0.3193,0.3191,0.9927,o,417.0,134.0,2477.0,40.0
107460,2007,45295.0,0.0,239.0,0.3166,0.3141,0.3078,0.305,0.8929,o,455.0,147.0,2033.0,47.0
107460,2008,46006.0,0.0,214.0,0.2791,0.2795,0.2806,0.281,1.0213,o,485.0,94.0,2002.0,47.0
107460,2009,49307.0,0.0,221.0,0.2689,0.2709,0.2762,0.2785,1.1124,o,578.0,80.0,2072.0,40.0
107460,2010,56835.0,0.0,213.0,0.2249,0.2281,0.2368,0.2407,1.2298,o,541.0,174.0,2058.0,34.0
107460,2011,57713.0,0.0,217.0,0.2256,0.2259,0.2266,0.2269,1.0179,o,498.0,159.0,2144.0,37.0
107460,2012,53492.0,0.0,285.0,0.3197,0.3171,0.3105,0.3076,0.8901,o,455.0,167.0,2155.0,42.0
107460,2013,52332.0,0.0,289.0,0.3313,0.3283,0.3205,0.3172,0.8758,o,484.0,147.0,2342.0,45.0
107460,2014,47933.0,0.0,343.0,0.4293,0.4298,0.431,0.4316,1.0157,o,429.0,165.0,2496.0,41.0
107460,2015,42865.0,0.0,351.0,0.4913,0.4882,0.4804,0.4769,0.9137,o,449.0,136.0,2475.0,45.0
107460,2016,39419.0,0.0,338.0,0.5145,0.5139,0.5123,0.5117,0.9836,o,460.0,118.0,2645.0,49.0
107460,2017,39863.0,0.0,274.0,0.4124,0.4138,0.4173,0.4188,1.0478,o,461.0,151.0,2662.0,48.0
107460,2018,40362.0,0.0,300.0,0.446,0.4464,0.4475,0.4481,1.0143,o,419.0,135.0,2752.0,46.0
107460,2019,39122.0,0.0,310.0,0.4754,0.4723,0.4643,0.4608,0.9099,o,389.0,136.0,2782.0,50.0
107460,2020,37145.0,0.0,269.0,0.4345,0.4308,0.4213,0.4172,0.8841,o,302.0,84.0,2827.0,53.0
107460,2021,34478.0,0.0,277.0,0.482,0.4723,0.4482,0.4379,0.7475,o,313.0,71.0,3607.0,69.0
107460,2022,36607.0,0.0,286.0,0.4688,0.4655,0.4573,0.4537,0.9059,o,358.0,94.0,3390.0,73.0
107460,2023,37744.0,0.0,270.0,0.4292,0.4338,0.4458,0.4513,1.1642,o,343.0,92.0,2857.0,84.0
107460,2024,38738.0,0.0,363.0,0.5622,0.5631,0.5654,0.5664,1.0224,o,343.0,98.0,3168.0,87.0
107512,1998,47156.0,304.0,2.0,0.7761,0.7756,0.7755,0.7753,0.9977,o,,,,
107512,1999,45526.0,262.0,0.0,0.6906,0.685,0.6839,0.681,0.9725,o,,,,
107512,2000,48212.0,252.0,0.0,0.6272,0.623,0.6222,0.62,0.9771,o,,,,
107512,2001,51113.0,312.0,1.0,0.7337,0.7393,0.7404,0.7434,1.0266,o,,,,
107512,2002,49707.0,272.0,1.0,0.6579,0.6729,0.676,0.684,1.081,o,397.0,,20804.0,
107512,2003,28880.0,316.0,0.0,1.313,1.3064,1.3051,1.3017,0.9828,o,343.0,,20409.0,359.0
107512,2004,43874.0,328.0,2.0,0.8998,0.8535,0.8442,0.8214,0.8333,o,380.0,,23648.0,229.0
107512,2005,41985.0,312.0,1.0,0.8932,0.8549,0.8471,0.8281,0.8597,o,367.0,,24417.0,309.0
107512,2006,41640.0,302.0,1.0,0.8718,0.8552,0.8518,0.8434,0.9361,o,367.0,71.0,24275.0,300.0
107512,2007,41054.0,264.0,0.0,0.7717,0.7698,0.7695,0.7685,0.9919,o,372.0,58.0,25695.0,308.0
107512,2008,41301.0,263.0,0.0,0.7641,0.769,0.77,0.7726,1.0221,o,404.0,59.0,26267.0,332.0
107512,2009,42034.0,296.0,0.0,0.845,0.8544,0.8564,0.8613,1.0388,o,390.0,56.0,26474.0,350.0
107512,2010,42724.0,293.0,0.0,0.823,0.8419,0.8459,0.8559,1.0817,o,451.0,53.0,27075.0,390.0
107512,2011,44043.0,258.0,0.0,0.7029,0.7298,0.7355,0.7499,1.138,o,459.0,54.0,27667.0,434.0
107512,2012,47645.0,314.0,0.0,0.7908,0.8282,0.8362,0.8564,1.1727,o,363.0,42.0,28070.0,449.0
107512,2013,46069.0,294.0,0.0,0.7658,0.7735,0.7752,0.7792,1.0353,o,393.0,47.0,28661.0,450.0
107512,2014,45310.0,355.0,0.0,0.9402,0.9116,0.9058,0.8914,0.8989,o,420.0,46.0,29452.0,474.0
107512,2015,43833.0,338.0,0.0,0.9253,0.8956,0.8895,0.8746,0.8934,o,412.0,55.0,30444.0,468.0
107512,2016,43735.0,325.0,13.0,0.9096,0.9128,0.9134,0.9151,1.0122,o,396.0,55.0,31270.0,461.0
107512,2017,43031.0,277.0,9.0,0.785,0.8003,0.8035,0.8116,1.0688,o,468.0,28.0,31793.0,449.0
107512,2018,44317.0,314.0,16.0,0.8719,0.8874,0.8907,0.8988,1.0627,o,443.0,131.0,32241.0,432.0
107512,2019,49125.0,321.0,16.0,0.8037,0.8251,0.8296,0.841,1.095,o,441.0,122.0,32689.0,386.0
107512,2020,48739.0,305.0,0.0,0.7509,0.7708,0.7749,0.7855,1.0941,o,389.0,120.0,33534.0,393.0
107512,2021,47648.0,356.0,1.0,0.8978,0.8874,0.8853,0.88,0.9606,o,485.0,45.0,33990.0,406.0
107512,2022,48796.0,317.0,0.0,0.7796,0.7703,0.7683,0.7636,0.9594,o,445.0,47.0,33065.0,393.0
107512,2023,49097.0,344.0,1.0,0.842,0.8545,0.8571,0.8636,1.052,o,469.0,48.0,32276.0,387.0
107512,2024,49188.0,320.0,0.0,0.7807,0.8028,0.8075,0.8192,1.1012,o,421.0,38.0,32480.0,405.0
107521,1998,13790.0,0.0,44.0,0.1914,0.1901,0.1866,0.1851,0.9024,o,,,,
107521,1999,15348.0,0.0,51.0,0.1994,0.2013,0.2063,0.2086,1.1473,o,,,,
107521,2000,17700.0,0.0,52.0,0.1763,0.1766,0.1775,0.1778,1.0272,o,,,,
107521,2001,16511.0,0.0,59.0,0.2144,0.2122,0.2065,0.2041,0.8612,o,,,,
107521,2002,19113.0,0.0,62.0,0.1946,0.1968,0.2026,0.2052,1.1739,o,276.0,,2120.0,
107521,2003,23583.0,0.0,85.0,0.2163,0.2237,0.2439,0.2535,1.6188,o,236.0,,2855.0,66.0
107521,2004,23124.0,0.0,85.0,0.2206,0.2208,0.2214,0.2216,1.0151,o,217.0,,2935.0,58.0
107521,2005,23396.0,0.0,90.0,0.2308,0.2282,0.2215,0.2186,0.8477,o,210.0,,2994.0,66.0
107521,2006,26443.0,0.0,93.0,0.211,0.2099,0.2071,0.2058,0.9272,o,182.0,71.0,2992.0,49.0
107521,2007,25604.0,0.0,89.0,0.2086,0.2062,0.2004,0.1979,0.8525,o,182.0,115.0,2994.0,87.0
107521,2008,27061.0,0.0,78.0,0.1729,0.172,0.1698,0.1688,0.9286,o,201.0,58.0,2985.0,78.0
107521,2009,27687.0,0.0,102.0,0.221,0.2226,0.2266,0.2284,1.1044,o,170.0,76.0,3093.0,81.0
107521,2010,28464.0,0.0,119.0,0.2508,0.2488,0.2435,0.2412,0.8877,o,195.0,92.0,3219.0,75.0
107521,2011,29832.0,0.0,108.0,0.2172,0.218,0.2199,0.2208,1.0512,o,153.0,69.0,3227.0,72.0
107521,2012,28118.0,0.0,151.0,0.3222,0.3183,0.3083,0.304,0.8384,o,139.0,87.0,3268.0,69.0
107521,2013,27704.0,0.0,133.0,0.288,0.2836,0.2723,0.2675,0.7989,o,147.0,96.0,3405.0,59.0
107521,2014,28752.0,0.0,166.0,0.3464,0.3466,0.347,0.3472,1.0068,o,171.0,94.0,4433.0,70.0
107521,2015,27291.0,0.0,152.0,0.3342,0.3384,0.3495,0.3545,1.1958,o,145.0,105.0,4321.0,87.0
107521,2016,24139.0,0.0,160.0,0.3977,0.3951,0.3886,0.3858,0.912,o,154.0,90.0,4693.0,93.0
107521,2017,24375.0,0.0,153.0,0.3766,0.3759,0.3742,0.3734,0.9747,o,130.0,84.0,4615.0,97.0
107521,2018,22633.0,0.0,136.0,0.3605,0.357,0.3482,0.3443,0.8696,o,92.0,81.0,4586.0,80.0
107521,2019,21506.0,0.0,113.0,0.3153,0.3058,0.2828,0.2732,0.6479,o,93.0,99.0,4747.0,87.0
107521,2020,20314.0,0.0,124.0,0.3662,0.3617,0.3504,0.3455,0.8378,o,69.0,59.0,4156.0,82.0
107521,2021,20285.0,0.0,93.0,0.2751,0.2695,0.2556,0.2497,0.7459,o,75.0,66.0,4036.0,78.0
107521,2022,23923.0,0.0,89.0,0.2232,0.222,0.219,0.2176,0.9259,o,103.0,64.0,3794.0,71.0
107521,2023,25703.0,0.0,84.0,0.1961,0.2011,0.2144,0.2207,1.4306,o,139.0,79.0,3474.0,81.0
107521,2024,27626.0,0.0,106.0,0.2302,0.2375,0.2574,0.2667,1.5618,o,133.0,91.0,3568.0,69.0
107549,1998,19470.0,0.0,49.0,0.151,0.1488,0.1434,0.141,0.8131,o,,,,
107549,1999,16590.0,0.0,80.0,0.2893,0.2928,0.302,0.3062,1.1878,o,,,,
107549,2000,17634.0,0.0,104.0,0.3539,0.355,0.3579,0.3592,1.0462,o,,,,
107549,2001,15813.0,0.0,84.0,0.3187,0.3161,0.3095,0.3067,0.8897,o,,,,
107549,2002,18284.0,0.0,70.0,0.2297,0.2432,0.2815,0.3005,2.2568,o,276.0,,2806.0,
107549,2003,22192.0,0.0,85.0,0.2298,0.2346,0.2474,0.2533,1.3431,o,182.0,,2931.0,46.0
107549,2004,20990.0,0.0,62.0,0.1772,0.1718,0.1587,0.1532,0.6431,o,160.0,,3292.0,53.0
107549,2005,20151.0,0.0,101.0,0.3007,0.2933,0.2749,0.2672,0.6987,o,196.0,,3195.0,51.0
107549,2006,20212.0,0.0,106.0,0.3147,0.3177,0.3256,0.3292,1.1462,o,165.0,,3599.0,63.0
107549,2007,20930.0,0.0,92.0,0.2637,0.2623,0.2588,0.2572,0.927,o,239.0,206.0,3569.0,47.0
107549,2008,26111.0,0.0,101.0,0.2321,0.2367,0.249,0.2546,1.3241,o,208.0,320.0,2824.0,45.0
107549,2009,27620.0,0.0,120.0,0.2607,0.2612,0.2626,0.2632,1.0297,o,447.0,377.0,2777.0,44.0
107549,2010,30497.0,0.0,126.0,0.2479,0.2602,0.2948,0.3116,2.0,o,385.0,453.0,2953.0,41.0
107549,2011,37598.0,0.0,159.0,0.2537,0.2566,0.2642,0.2676,1.1756,o,306.0,522.0,3052.0,26.0
107549,2012,37621.0,0.0,218.0,0.3477,0.3403,0.322,0.3142,0.7356,o,287.0,476.0,2974.0,30.0
107549,2013,37535.0,0.0,214.0,0.3421,0.3377,0.3266,0.3218,0.8307,o,265.0,474.0,3018.0,34.0
107549,2014,32268.0,0.0,206.0,0.383,0.38,0.3724,0.3691,0.8938,o,222.0,433.0,3178.0,36.0
107549,2015,27999.0,0.0,229.0,0.4907,0.4833,0.4647,0.4567,0.8043,o,224.0,341.0,3499.0,43.0
107549,2016,24398.0,0.0,181.0,0.4451,0.4425,0.4359,0.433,0.9199,o,207.0,36.0,3599.0,51.0
107549,2017,24681.0,0.0,155.0,0.3768,0.3748,0.3699,0.3677,0.9283,o,236.0,180.0,3539.0,78.0
107549,2018,23866.0,0.0,153.0,0.3846,0.3871,0.3935,0.3964,1.0951,o,173.0,76.0,3654.0,48.0
107549,2019,23632.0,0.0,183.0,0.4646,0.4567,0.4368,0.4282,0.781,o,183.0,93.0,3665.0,54.0
107549,2020,23894.0,0.0,223.0,0.56,0.5556,0.5446,0.5398,0.8949,o,161.0,66.0,3611.0,60.0
107549,2021,20233.0,0.0,207.0,0.6138,0.6096,0.5986,0.5938,0.9045,o,131.0,51.0,3506.0,56.0
107549,2022,19534.0,0.0,202.0,0.6205,0.6087,0.5796,0.5671,0.7616,o,136.0,66.0,3296.0,47.0
107549,2023,18595.0,0.0,178.0,0.5743,0.5715,0.5642,0.5611,0.9315,o,145.0,65.0,3851.0,65.0
107549,2024,19356.0,0.0,143.0,0.4433,0.4458,0.4525,0.4555,1.0861,o,142.0,60.0,3820.0,39.0
107558,1998,15847.0,97.0,0.0,0.7345,0.6896,0.6806,0.6587,0.8043,o,,,,
107558,1999,13568.0,68.0,1.0,0.6058,0.607,0.6073,0.6079,1.0067,o,,,,
107558,2000,17937.0,95.0,0.0,0.6356,0.6886,0.7001,0.7297,1.3182,o,,,,
107558,2002,18536.0,89.0,0.0,0.5762,0.61,0.6172,0.6357,1.2174,o,204.0,,16671.0,
107558,2003,20196.0,111.0,0.0,0.6595,0.7038,0.7133,0.7376,1.2508,o,212.0,,17949.0,344.0
107558,2004,20456.0,116.0,0.0,0.6805,0.7184,0.7265,0.7472,1.2058,o,134.0,,19701.0,385.0
107558,2005,18100.0,118.0,0.0,0.7823,0.7709,0.7686,0.7627,0.9505,o,170.0,,21427.0,463.0
107558,2006,18093.0,118.0,0.0,0.7826,0.7233,0.7116,0.6831,0.7619,o,165.0,,22078.0,460.0
107558,2007,17898.0,106.0,0.0,0.7107,0.6674,0.6588,0.6378,0.8053,o,178.0,23.0,22610.0,457.0
107558,2008,18588.0,98.0,0.0,0.6327,0.6311,0.6307,0.6299,0.9913,o,195.0,19.0,23574.0,491.0
107558,2009,19101.0,118.0,0.0,0.7413,0.7866,0.7963,0.8212,1.227,o,152.0,19.0,24963.0,479.0
107558,2010,18773.0,109.0,0.0,0.6967,0.7039,0.7054,0.7091,1.0358,o,204.0,22.0,27017.0,505.0
107558,2011,18900.0,101.0,0.0,0.6413,0.6482,0.6497,0.6533,1.0379,o,186.0,21.0,28659.0,537.0
107558,2012,18793.0,106.0,0.0,0.6768,0.6857,0.6875,0.6921,1.0456,o,157.0,18.0,30002.0,530.0
107558,2013,17703.0,70.0,0.0,0.4745,0.4729,0.4726,0.4718,0.9885,o,159.0,14.0,31080.0,541.0
107558,2014,18725.0,124.0,0.0,0.7947,0.7677,0.7622,0.7487,0.8876,o,171.0,28.0,32059.0,475.0
107558,2015,17908.0,117.0,0.0,0.784,0.7469,0.7395,0.7212,0.8462,o,211.0,41.0,31945.0,479.0
107558,2016,19362.0,113.0,0.0,0.7003,0.7226,0.7272,0.7391,1.1137,o,189.0,45.0,31685.0,486.0
107558,2017,20305.0,97.0,0.0,0.5733,0.6138,0.6226,0.645,1.2658,o,259.0,45.0,30276.0,419.0
107558,2018,22851.0,111.0,0.0,0.5829,0.6369,0.6487,0.6792,1.3576,o,273.0,50.0,29599.0,365.0
107558,2019,26192.0,147.0,0.0,0.6735,0.7414,0.7563,0.7948,1.3927,o,209.0,32.0,29566.0,370.0
107558,2020,25303.0,120.0,0.0,0.5691,0.6007,0.6075,0.6247,1.205,o,195.0,44.0,31190.0,432.0
107558,2021,25996.0,155.0,0.0,0.7155,0.6944,0.6901,0.6795,0.9018,o,201.0,46.0,30290.0,466.0
107558,2022,24066.0,193.0,0.0,0.9624,0.8834,0.8679,0.8303,0.7444,o,229.0,55.0,27371.0,415.0
107558,2023,24162.0,154.0,0.0,0.7648,0.7399,0.7349,0.7224,0.8921,o,188.0,43.0,26862.0,346.0
107558,2024,22889.0,156.0,0.0,0.8179,0.8254,0.827,0.8309,1.0322,o,208.0,41.0,25950.0,372.0
107585,1998,20190.0,0.0,69.0,0.2051,0.2046,0.2034,0.2029,0.969,o,,,,
107585,1999,36060.0,0.0,85.0,0.1414,0.1435,0.1491,0.1517,1.2358,o,,,,
107585,2000,29978.0,0.0,96.0,0.1921,0.1958,0.2057,0.2102,1.313,o,,,,
107585,2001,30195.0,0.0,207.0,0.4113,0.4221,0.4509,0.4644,1.4444,o,,,,
107585,2002,31742.0,0.0,136.0,0.2571,0.2523,0.2405,0.2355,0.7664,o,432.0,,2616.0,
107585,2003,35962.0,0.0,146.0,0.2436,0.2414,0.2359,0.2335,0.8798,o,517.0,,3076.0,62.0
107585,2004,35970.0,0.0,119.0,0.1985,0.2016,0.2098,0.2135,1.2473,o,360.0,,3002.0,63.0
107585,2005,36315.0,0.0,126.0,0.2082,0.2042,0.1943,0.19,0.7587,o,503.0,,3296.0,60.0
107585,2006,34637.0,0.0,153.0,0.265,0.2676,0.2743,0.2773,1.1471,o,501.0,189.0,3378.0,80.0
107585,2007,39631.0,0.0,174.0,0.2634,0.2662,0.2735,0.2767,1.1611,o,554.0,229.0,3279.0,76.0
107585,2008,41850.0,0.0,169.0,0.2423,0.244,0.2483,0.2503,1.1036,o,569.0,233.0,3746.0,72.0
107585,2009,47437.0,0.0,231.0,0.2922,0.2937,0.2978,0.2996,1.0787,o,765.0,319.0,3085.0,70.0
107585,2010,57409.0,0.0,300.0,0.3135,0.3204,0.3387,0.3472,1.3624,o,694.0,221.0,3934.0,64.0
107585,2011,59332.0,0.0,351.0,0.355,0.3559,0.3585,0.3596,1.0405,o,584.0,237.0,3899.0,60.0
107585,2012,56282.0,0.0,433.0,0.4616,0.4545,0.4366,0.4289,0.8005,o,554.0,167.0,2699.0,78.0
107585,2013,51144.0,0.0,396.0,0.4646,0.46,0.4483,0.4432,0.867,o,586.0,207.0,2706.0,76.0
107585,2014,48991.0,0.0,397.0,0.4862,0.4872,0.4898,0.491,1.0299,o,511.0,196.0,3040.0,84.0
107585,2015,44346.0,0.0,426.0,0.5764,0.572,0.5608,0.556,0.8965,o,574.0,266.0,3567.0,88.0
107585,2016,45869.0,0.0,427.0,0.5585,0.5603,0.5649,0.567,1.0465,o,560.0,217.0,3697.0,84.0
107585,2017,46560.0,0.0,359.0,0.4626,0.4637,0.4663,0.4675,1.0323,o,521.0,177.0,3819.0,97.0
107585,2018,43378.0,0.0,446.0,0.6169,0.6133,0.604,0.5999,0.9189,o,469.0,170.0,3853.0,97.0
107585,2019,42431.0,0.0,499.0,0.7056,0.6986,0.681,0.6733,0.8677,o,497.0,154.0,3831.0,91.0
107585,2020,40999.0,0.0,410.0,0.6,0.6002,0.6006,0.6008,1.004,o,489.0,163.0,3865.0,88.0
107585,2021,40713.0,0.0,371.0,0.5468,0.5472,0.5484,0.549,1.0124,o,479.0,149.0,3754.0,82.0
107585,2022,39222.0,0.0,398.0,0.6088,0.6076,0.6045,0.6031,0.9716,o,479.0,154.0,3528.0,69.0
107585,2023,38760.0,0.0,416.0,0.644,0.6435,0.6423,0.6418,0.9897,o,484.0,152.0,3453.0,63.0
107585,2024,43450.0,0.0,508.0,0.7015,0.702,0.7033,0.7039,1.0104,o,415.0,161.0,3504.0,65.0
107600,1998,28350.0,95.0,0.0,0.4021,0.3801,0.3757,0.3649,0.8237,o,,,,
107600,2000,23653.0,125.0,0.0,0.6342,0.6036,0.5974,0.5824,0.8433,o,,,,
107600,2001,21570.0,118.0,0.0,0.6565,0.6396,0.6362,0.6277,0.9144,o,,,,
107600,2002,21092.0,127.0,0.0,0.7225,0.7138,0.712,0.7075,0.9587,o,163.0,,7483.0,
107600,2003,23723.0,109.0,0.0,0.5514,0.5499,0.5497,0.5489,0.9912,o,150.0,,7464.0,339.0
107600,2004,23083.0,127.0,0.0,0.6602,0.669,0.6709,0.6755,1.0468,o,187.0,,8358.0,350.0
107600,2005,25053.0,111.0,0.0,0.5317,0.5489,0.5525,0.5616,1.1159,o,126.0,,10290.0,374.0
107600,2006,19554.0,107.0,0.0,0.6566,0.6433,0.6405,0.6338,0.9315,o,82.0,21.0,12187.0,357.0
107600,2007,15215.0,108.0,0.0,0.8518,0.7566,0.7383,0.6944,0.6645,o,136.0,54.0,12707.0,338.0
107600,2008,15379.0,82.0,0.0,0.6398,0.5639,0.5494,0.5146,0.6469,o,145.0,64.0,12295.0,351.0
107600,2009,16910.0,71.0,0.0,0.5038,0.4883,0.4852,0.4774,0.8978,o,158.0,64.0,12575.0,321.0
107600,2010,18718.0,98.0,0.0,0.6283,0.7007,0.7167,0.7583,1.4567,o,178.0,57.0,12865.0,311.0
107600,2011,19312.0,98.0,0.0,0.6089,0.6903,0.7085,0.756,1.5413,o,196.0,60.0,13192.0,337.0
107600,2012,20978.0,119.0,0.0,0.6807,0.7396,0.7524,0.7853,1.331,o,168.0,42.0,16205.0,355.0
107600,2013,18720.0,126.0,0.0,0.8077,0.8518,0.8612,0.8853,1.2013,o,135.0,41.0,16662.0,342.0
107600,2014,16800.0,108.0,0.0,0.7714,0.7486,0.744,0.7326,0.9018,o,112.0,57.0,16542.0,321.0
107600,2015,15926.0,111.0,0.0,0.8364,0.7416,0.7233,0.6797,0.6604,o,174.0,56.0,16402.0,350.0
107600,2016,17799.0,131.0,0.0,0.8832,0.8235,0.8117,0.7829,0.7857,o,291.0,67.0,16288.0,325.0
107600,2017,23585.0,103.0,0.0,0.5241,0.5934,0.6088,0.6492,1.5347,o,334.0,75.0,16208.0,351.0
107600,2018,29596.0,89.0,0.0,0.3609,0.4723,0.4994,0.574,2.5304,o,297.0,91.0,15845.0,322.0
107600,2019,30464.0,81.0,0.0,0.3191,0.4014,0.4209,0.4739,2.2063,o,253.0,67.0,15880.0,337.0
107600,2020,32700.0,120.0,0.0,0.4404,0.4623,0.467,0.4789,1.1828,o,102.0,35.0,15642.0,300.0
107600,2021,25290.0,146.0,0.0,0.6928,0.588,0.5683,0.5221,0.568,o,90.0,51.0,15190.0,218.0
107600,2022,20632.0,169.0,0.0,0.9829,0.6961,0.6481,0.5422,0.3043,o,237.0,87.0,14277.0,205.0
107600,2023,26148.0,138.0,0.0,0.6333,0.5447,0.5279,0.4883,0.5945,o,188.0,49.0,13471.0,188.0
107600,2024,25473.0,107.0,0.0,0.5041,0.5311,0.5368,0.5515,1.1972,o,121.0,95.0,13014.0,232.0
107619,1998,38217.0,0.0,84.0,0.1319,0.1335,0.1377,0.1397,1.1897,o,,,,
107619,1999,37547.0,0.0,102.0,0.163,0.1682,0.1824,0.1891,1.5697,o,,,,
107619,2000,38044.0,0.0,93.0,0.1467,0.1508,0.1618,0.167,1.4806,o,,,,
107619,2001,40162.0,0.0,85.0,0.127,0.1323,0.1469,0.1538,1.7888,o,,,,
107619,2002,44971.0,0.0,143.0,0.1908,0.1894,0.186,0.1845,0.904,o,278.0,,1905.0,
107619,2003,46564.0,0.0,133.0,0.1714,0.1688,0.1624,0.1596,0.8058,o,334.0,,1992.0,26.0
107619,2004,46153.0,0.0,172.0,0.2236,0.2261,0.2327,0.2356,1.1719,o,236.0,,2620.0,28.0
107619,2005,44318.0,0.0,176.0,0.2383,0.234,0.2233,0.2187,0.7712,o,268.0,,2833.0,34.0
107619,2006,43735.0,0.0,199.0,0.273,0.2718,0.2688,0.2675,0.9404,o,127.0,64.0,2742.0,43.0
107619,2007,38191.0,0.0,153.0,0.2404,0.2291,0.2025,0.1917,0.504,o,162.0,145.0,2662.0,55.0
107619,2008,39375.0,0.0,158.0,0.2408,0.2374,0.2291,0.2255,0.8203,o,185.0,114.0,2575.0,38.0
107619,2009,39526.0,0.0,148.0,0.2247,0.2286,0.239,0.2437,1.2803,o,248.0,53.0,2921.0,33.0
107619,2010,42551.0,0.0,158.0,0.2228,0.2284,0.2436,0.2507,1.4294,o,247.0,66.0,2902.0,30.0
107619,2011,40246.0,0.0,220.0,0.328,0.331,0.339,0.3426,1.1409,o,228.0,48.0,3001.0,29.0
107619,2012,32312.0,0.0,121.0,0.2247,0.2234,0.2201,0.2187,0.9212,o,226.0,42.0,3061.0,20.0
107619,2013,34677.0,0.0,164.0,0.2838,0.2828,0.2803,0.2792,0.9516,o,234.0,58.0,3175.0,
107619,2014,34195.0,0.0,139.0,0.2439,0.2444,0.2458,0.2464,1.0308,o,162.0,38.0,3127.0,19.0
107619,2015,29573.0,0.0,167.0,0.3388,0.3306,0.3104,0.3018,0.7043,o,157.0,31.0,3372.0,29.0
107619,2016,28263.0,0.0,130.0,0.276,0.2715,0.2604,0.2556,0.7929,o,128.0,29.0,3362.0,30.0
107619,2017,29544.0,0.0,125.0,0.2539,0.25,0.2403,0.2361,0.8025,o,124.0,23.0,3467.0,38.0
107619,2018,28181.0,0.0,129.0,0.2747,0.272,0.2653,0.2623,0.8702,o,192.0,27.0,3502.0,38.0
107619,2019,27533.0,0.0,134.0,0.292,0.3008,0.3244,0.3356,1.5238,o,161.0,32.0,3575.0,53.0
107619,2020,27388.0,0.0,122.0,0.2673,0.2676,0.2685,0.2689,1.019,o,142.0,15.0,3630.0,55.0
107619,2021,27365.0,0.0,107.0,0.2346,0.2311,0.2222,0.2184,0.8045,o,138.0,25.0,3525.0,37.0
107619,2022,22655.0,0.0,108.0,0.286,0.2842,0.2794,0.2774,0.9109,o,143.0,38.0,3313.0,
107619,2023,21206.0,0.0,129.0,0.365,0.3655,0.3669,0.3676,1.0214,o,113.0,30.0,3219.0,27.0
107619,2024,25165.0,0.0,112.0,0.267,0.263,0.2529,0.2485,0.8043,o,174.0,21.0,3230.0,39.0
107637,1998,31280.0,0.0,40.0,0.0767,0.0782,0.0822,0.084,1.3162,o,,,,
107637,1999,36276.0,0.0,69.0,0.1141,0.1145,0.1154,0.1158,1.0464,o,,,,
107637,2001,43177.0,0.0,113.0,0.157,0.1578,0.1599,0.1608,1.0755,o,,,,
107637,2002,46813.0,0.0,131.0,0.1679,0.1691,0.1721,0.1734,1.1026,o,438.0,,1992.0,
107637,2003,50830.0,0.0,145.0,0.1712,0.1718,0.1735,0.1743,1.0567,o,353.0,,2710.0,60.0
107637,2004,52400.0,0.0,175.0,0.2004,0.1975,0.1903,0.1872,0.8134,o,373.0,,2653.0,58.0
107637,2005,50638.0,0.0,168.0,0.1991,0.1982,0.1962,0.1952,0.9431,o,205.0,,2575.0,55.0
107637,2006,46939.0,0.0,160.0,0.2045,0.1965,0.1773,0.1694,0.5647,o,211.0,132.0,2586.0,59.0
107637,2007,46709.0,0.0,189.0,0.2428,0.2375,0.2244,0.2188,0.7301,o,264.0,43.0,3025.0,65.0
107637,2008,46887.0,0.0,142.0,0.1817,0.1848,0.1929,0.1966,1.2692,o,700.0,,2927.0,60.0
107637,2009,54178.0,0.0,161.0,0.1783,0.1923,0.2336,0.2547,2.9474,o,567.0,,3338.0,60.0
107637,2010,45749.0,0.0,169.0,0.2216,0.2242,0.2308,0.2338,1.1763,o,375.0,109.0,3316.0,78.0
107637,2011,47080.0,0.0,168.0,0.2141,0.2064,0.1878,0.1801,0.5919,o,365.0,173.0,3867.0,74.0
107637,2012,45353.0,0.0,137.0,0.1812,0.178,0.1701,0.1666,0.7749,o,277.0,115.0,3851.0,86.0
107637,2013,37540.0,0.0,213.0,0.3404,0.3336,0.3167,0.3094,0.7486,o,332.0,108.0,3984.0,93.0
107637,2014,35615.0,0.0,252.0,0.4245,0.4255,0.4281,0.4293,1.0343,o,246.0,140.0,3923.0,83.0
107637,2015,31555.0,0.0,128.0,0.2434,0.2398,0.2307,0.2268,0.8079,o,235.0,134.0,4008.0,81.0
107637,2016,31009.0,0.0,213.0,0.4121,0.4062,0.3914,0.3849,0.8131,o,230.0,97.0,3980.0,89.0
107637,2017,28442.0,0.0,228.0,0.481,0.4795,0.4756,0.4739,0.9563,o,237.0,63.0,4067.0,91.0
107637,2018,25759.0,0.0,193.0,0.4496,0.4502,0.4517,0.4524,1.0194,o,211.0,84.0,4312.0,102.0
107637,2019,24736.0,0.0,175.0,0.4245,0.4215,0.4139,0.4105,0.9036,o,262.0,116.0,4704.0,96.0
107637,2020,26630.0,0.0,180.0,0.4056,0.41,0.4218,0.4271,1.1696,o,183.0,71.0,4633.0,95.0
107637,2021,22772.0,0.0,155.0,0.4084,0.4011,0.383,0.3753,0.7738,o,132.0,80.0,4500.0,94.0
107637,2022,20804.0,0.0,152.0,0.4384,0.4226,0.3847,0.369,0.5933,o,157.0,90.0,4229.0,96.0
107637,2023,19204.0,0.0,145.0,0.453,0.4529,0.4527,0.4526,0.9968,o,166.0,102.0,4348.0,90.0
107637,2024,20781.0,0.0,169.0,0.4879,0.4927,0.5052,0.5108,1.1488,o,189.0,122.0,4960.0,147.0
107664,1998,54767.0,0.0,37.0,0.0405,0.0426,0.0482,0.051,2.003,o,,,,
107664,1999,105600.0,0.0,92.0,0.0523,0.0541,0.059,0.0614,1.6254,o,,,,
107664,2001,95305.0,0.0,198.0,0.1247,0.1244,0.1238,0.1235,0.9728,o,,,,
107664,2002,110244.0,0.0,256.0,0.1393,0.1401,0.142,0.1429,1.079,o,975.0,,2806.0,
107664,2003,122237.0,0.0,325.0,0.1595,0.16,0.1611,0.1616,1.0394,o,1041.0,,2855.0,65.0
107664,2004,140946.0,0.0,367.0,0.1562,0.1569,0.1586,0.1594,1.0633,o,1074.0,,4196.0,66.0
107664,2005,171335.0,0.0,377.0,0.132,0.1326,0.1341,0.1348,1.0655,o,1302.0,,4188.0,61.0
107664,2006,176503.0,0.0,528.0,0.1795,0.1821,0.1891,0.1922,1.2312,o,1202.0,,4238.0,62.0
107664,2007,181659.0,0.0,607.0,0.2005,0.2006,0.2011,0.2013,1.0118,o,1278.0,330.0,3675.0,63.0
107664,2008,187704.0,0.0,597.0,0.1908,0.1911,0.1918,0.1921,1.0208,o,1213.0,626.0,3688.0,63.0
107664,2009,199324.0,0.0,711.0,0.214,0.2137,0.2128,0.2125,0.9782,o,1478.0,597.0,3827.0,68.0
107664,2010,233557.0,0.0,1134.0,0.2913,0.2948,0.3041,0.3082,1.1867,o,1412.0,678.0,3974.0,63.0
107664,2011,253752.0,0.0,1343.0,0.3176,0.3186,0.3214,0.3226,1.0494,o,1457.0,1106.0,3964.0,58.0
107664,2012,261573.0,0.0,1032.0,0.2367,0.2369,0.2372,0.2374,1.0083,o,1682.0,873.0,3959.0,51.0
107664,2013,251881.0,0.0,1062.0,0.253,0.2558,0.2632,0.2666,1.1725,o,1366.0,812.0,4255.0,56.0
107664,2014,219181.0,0.0,1086.0,0.2973,0.2944,0.2871,0.284,0.8703,o,1184.0,724.0,4617.0,64.0
107664,2015,188024.0,0.0,1197.0,0.382,0.3753,0.3586,0.3514,0.7769,o,1035.0,641.0,5239.0,71.0
107664,2016,154741.0,0.0,1139.0,0.4416,0.4352,0.4192,0.4123,0.8118,o,818.0,605.0,5616.0,93.0
107664,2017,127791.0,0.0,893.0,0.4193,0.4104,0.3885,0.3792,0.7373,o,882.0,536.0,6388.0,119.0
107664,2018,118356.0,0.0,723.0,0.3665,0.3653,0.362,0.3606,0.952,o,827.0,558.0,6443.0,139.0
107664,2019,111147.0,0.0,756.0,0.4081,0.4073,0.4053,0.4044,0.9729,o,1084.0,498.0,6409.0,113.0
107664,2020,118131.0,0.0,676.0,0.3433,0.3491,0.3644,0.3714,1.2686,o,943.0,345.0,6815.0,113.0
107664,2021,106298.0,0.0,759.0,0.4284,0.428,0.427,0.4266,0.9869,o,920.0,381.0,6618.0,123.0
107664,2022,99286.0,0.0,719.0,0.4345,0.4316,0.4241,0.4208,0.9077,o,785.0,475.0,6220.0,102.0
107664,2023,94842.0,0.0,642.0,0.4061,0.4013,0.3891,0.3839,0.8427,o,785.0,445.0,6025.0,110.0
107664,2024,98973.0,0.0,686.0,0.4159,0.4135,0.4074,0.4047,0.9208,o,843.0,534.0,4848.0,141.0
107725,1998,27063.0,0.0,57.0,0.1264,0.1253,0.1226,0.1214,0.8846,o,,,,
107725,1999,29620.0,0.0,82.0,0.1661,0.1685,0.1748,0.1776,1.2253,o,,,,
107725,2000,27381.0,0.0,91.0,0.1994,0.197,0.1909,0.1882,0.8397,o,,,,
107725,2001,24390.0,0.0,93.0,0.2288,0.2292,0.2302,0.2306,1.0248,o,,,,
107725,2002,25104.0,0.0,113.0,0.2701,0.2732,0.2814,0.2851,1.1786,o,262.0,,1829.0,
107725,2003,25694.0,0.0,90.0,0.2102,0.208,0.2024,0.2,0.8604,o,296.0,,1998.0,64.0
107725,2004,25755.0,0.0,88.0,0.205,0.2053,0.2059,0.2062,1.0172,o,299.0,,2819.0,69.0
107725,2005,26263.0,0.0,132.0,0.3016,0.303,0.3068,0.3085,1.0717,o,226.0,,2797.0,73.0
107725,2006,24751.0,0.0,113.0,0.2739,0.2687,0.2557,0.2502,0.7597,o,355.0,58.0,2708.0,76.0
107725,2007,24026.0,0.0,85.0,0.2123,0.2168,0.2289,0.2345,1.3524,o,323.0,62.0,2698.0,74.0
107725,2008,27602.0,0.0,92.0,0.2,0.2015,0.2054,0.2071,1.1119,o,213.0,39.0,2726.0,63.0
107725,2009,28813.0,0.0,131.0,0.2728,0.2641,0.2429,0.234,0.6283,o,376.0,76.0,2685.0,66.0
107725,2010,33398.0,0.0,134.0,0.2407,0.2465,0.262,0.2692,1.403,o,308.0,100.0,2667.0,61.0
107725,2011,33554.0,0.0,161.0,0.2879,0.2888,0.2911,0.2922,1.0458,o,263.0,105.0,2712.0,47.0
107725,2012,28686.0,0.0,172.0,0.3598,0.3532,0.3369,0.3299,0.769,o,380.0,106.0,2822.0,49.0
107725,2013,31633.0,0.0,143.0,0.2712,0.2767,0.2913,0.2981,1.331,o,306.0,96.0,2936.0,49.0
107725,2014,29685.0,0.0,134.0,0.2708,0.2699,0.2675,0.2665,0.9518,o,278.0,75.0,3003.0,53.0
107725,2015,27484.0,0.0,204.0,0.4454,0.4388,0.4226,0.4155,0.8105,o,231.0,87.0,2978.0,52.0
107725,2016,28423.0,0.0,178.0,0.3758,0.3696,0.3544,0.3478,0.7911,o,328.0,91.0,3189.0,59.0
107725,2017,30708.0,0.0,185.0,0.3615,0.3679,0.3851,0.393,1.2888,o,277.0,77.0,3238.0,55.0
107725,2018,31513.0,0.0,182.0,0.3465,0.3463,0.3457,0.3455,0.9911,o,273.0,78.0,3415.0,67.0
107725,2019,28458.0,0.0,233.0,0.4913,0.4877,0.4788,0.4749,0.9025,o,243.0,53.0,3453.0,61.0
107725,2020,28339.0,0.0,177.0,0.3747,0.3715,0.3633,0.3598,0.8836,o,185.0,51.0,3582.0,54.0
107725,2021,23947.0,0.0,174.0,0.436,0.4259,0.4012,0.3906,0.7171,o,176.0,45.0,3478.0,55.0
107725,2022,22684.0,0.0,177.0,0.4682,0.4618,0.4458,0.4389,0.8224,o,153.0,59.0,3368.0,33.0
107725,2023,21400.0,0.0,152.0,0.4262,0.4213,0.4089,0.4035,0.8476,o,155.0,79.0,3364.0,37.0
107725,2024,22413.0,0.0,166.0,0.4444,0.4425,0.4378,0.4357,0.9422,o,161.0,44.0,3400.0,44.0
107743,1998,11956.0,0.0,42.0,0.2108,0.2083,0.2021,0.1994,0.8451,o,,,,
107743,1999,12124.0,0.0,30.0,0.1485,0.1469,0.1431,0.1414,0.8627,o,,,,
107743,2000,13112.0,0.0,43.0,0.1968,0.1992,0.2056,0.2085,1.1913,o,,,,
107743,2001,14928.0,0.0,42.0,0.1688,0.1708,0.176,0.1784,1.1822,o,,,,
107743,2002,12012.0,0.0,58.0,0.2897,0.2941,0.3055,0.3108,1.2367,o,263.0,,1538.0,
107743,2003,18397.0,0.0,59.0,0.1924,0.1992,0.2177,0.2265,1.6386,o,176.0,,1570.0,45.0
107743,2004,16692.0,0.0,96.0,0.3451,0.3398,0.3267,0.3211,0.8037,o,218.0,,1532.0,38.0
107743,2005,14763.0,0.0,57.0,0.2317,0.2315,0.2313,0.2311,0.9932,o,167.0,,1700.0,51.0
107743,2006,15623.0,0.0,53.0,0.2035,0.2012,0.1953,0.1927,0.8477,o,159.0,51.0,1645.0,42.0
107743,2007,15514.0,0.0,58.0,0.2243,0.2213,0.2138,0.2106,0.826,o,137.0,42.0,1706.0,62.0
107743,2008,17387.0,0.0,62.0,0.214,0.2114,0.2049,0.202,0.8405,o,151.0,67.0,1651.0,53.0
107743,2009,18189.0,0.0,66.0,0.2177,0.218,0.2188,0.2192,1.0203,o,175.0,66.0,1865.0,43.0
107743,2010,20269.0,0.0,78.0,0.2309,0.2341,0.2424,0.2462,1.2153,o,168.0,62.0,2001.0,40.0
107743,2011,19842.0,0.0,95.0,0.2873,0.2879,0.2894,0.2901,1.0307,o,171.0,60.0,2278.0,40.0
107743,2012,19776.0,0.0,117.0,0.355,0.3549,0.3547,0.3546,0.9971,o,163.0,60.0,2384.0,46.0
107743,2013,19068.0,0.0,135.0,0.4248,0.4236,0.4207,0.4193,0.9617,o,152.0,46.0,2470.0,53.0
107743,2014,18059.0,0.0,118.0,0.392,0.3895,0.3829,0.3801,0.9102,o,155.0,33.0,2907.0,58.0
107743,2015,16947.0,0.0,88.0,0.3116,0.3112,0.3103,0.3099,0.9841,o,148.0,30.0,3070.0,66.0
107743,2016,16535.0,0.0,96.0,0.3484,0.3475,0.3452,0.3442,0.9642,o,139.0,29.0,3174.0,67.0
107743,2017,15637.0,0.0,89.0,0.3415,0.3394,0.3342,0.3319,0.9175,o,155.0,20.0,3274.0,62.0
107743,2018,16697.0,0.0,106.0,0.3809,0.383,0.3883,0.3907,1.0801,o,134.0,21.0,3350.0,41.0
107743,2019,15654.0,0.0,133.0,0.5098,0.5065,0.4981,0.4944,0.9116,o,210.0,24.0,3514.0,50.0
107743,2020,16918.0,0.0,121.0,0.4291,0.4405,0.4712,0.4855,1.4533,o,252.0,35.0,3692.0,54.0
107743,2021,17152.0,0.0,127.0,0.4443,0.4563,0.4888,0.5039,1.4651,o,205.0,33.0,3586.0,56.0
107743,2022,16540.0,0.0,189.0,0.6856,0.6799,0.6654,0.6591,0.8874,o,157.0,41.0,3554.0,24.0
107743,2023,14478.0,0.0,136.0,0.5636,0.549,0.5131,0.498,0.6871,o,209.0,53.0,3503.0,71.0
107743,2024,16309.0,0.0,111.0,0.4084,0.4125,0.4233,0.4282,1.1547,o,205.0,35.0,3528.0,47.0
107822,1998,540.0,0.0,0.0,0.0,0.0,0.0,0.0,,-,,,,
107840,2014,10957.0,0.0,11.0,0.0602,0.0602,0.0602,0.0602,,-,51.0,93.0,2765.0,220.0
107840,2015,8570.0,0.0,20.0,0.14,0.14,0.14,0.14,,-,30.0,47.0,5483.0,237.0
107840,2016,6489.0,0.0,29.0,0.2681,0.2681,0.2681,0.2681,,-,262.0,36.0,6358.0,308.0
107840,2017,11599.0,0.0,51.0,0.2638,0.2638,0.2638,0.2638,,-,120.0,76.0,6252.0,279.0
107840,2018,14492.0,0.0,30.0,0.1242,0.1242,0.1242,0.1242,,-,249.0,35.0,6112.0,327.0
107840,2019,6258.0,0.0,36.0,0.3452,0.3452,0.3452,0.3452,,-,47.0,44.0,6711.0,831.0
107840,2020,6372.0,0.0,34.0,0.3202,0.3202,0.3202,0.3202,,-,50.0,3.0,6726.0,859.0
107840,2021,4218.0,0.0,32.0,0.4552,0.4552,0.4552,0.4552,,-,70.0,,6532.0,811.0
107840,2023,5548.0,0.0,56.0,0.6056,0.6056,0.6056,0.6056,,-,66.0,24.0,6466.0,932.0
107840,2024,5458.0,0.0,41.0,0.4507,0.4507,0.4507,0.4507,,-,40.0,19.0,6246.0,1220.0
107877,1998,17051.0,84.0,2.0,0.5982,0.68,0.6982,0.7461,1.5556,o,,,,
107877,1999,16677.0,69.0,6.0,0.5181,0.5866,0.6018,0.6417,1.5344,o,,,,
107877,2000,16900.0,79.0,2.0,0.568,0.6177,0.6285,0.6563,1.3348,o,,,,
107877,2001,15236.0,84.0,2.0,0.6695,0.6621,0.6605,0.6568,0.9624,o,,,,
107877,2002,17404.0,96.0,1.0,0.6654,0.6306,0.6236,0.6066,0.831,o,111.0,,11952.0,
107877,2003,15976.0,84.0,5.0,0.6497,0.6164,0.6097,0.5933,0.8339,o,121.0,,13000.0,271.0
107877,2004,15067.0,89.0,4.0,0.7248,0.7044,0.7002,0.69,0.9062,o,144.0,,13466.0,294.0
107877,2005,16030.0,131.0,8.0,1.0106,1.0388,1.0447,1.0597,1.0996,o,130.0,,13842.0,271.0
107877,2006,15690.0,86.0,2.0,0.6654,0.6786,0.6814,0.6884,1.0703,o,128.0,,14412.0,278.0
107877,2007,16230.0,108.0,4.0,0.8133,0.8388,0.8441,0.8577,1.1121,o,132.0,44.0,14897.0,285.0
107877,2008,14895.0,115.0,4.0,0.9426,0.9374,0.9363,0.9337,0.9811,o,143.0,46.0,15175.0,288.0
107877,2009,14774.0,76.0,3.0,0.6295,0.6301,0.6303,0.6306,1.0036,o,135.0,50.0,15755.0,204.0
107877,2010,15649.0,77.0,0.0,0.5905,0.6034,0.6061,0.6129,1.0775,o,155.0,62.0,16296.0,298.0
107877,2011,17017.0,97.0,3.0,0.6946,0.7169,0.7217,0.7336,1.1154,o,135.0,59.0,16779.0,306.0
107877,2012,16513.0,101.0,0.0,0.734,0.7454,0.7477,0.7537,1.0545,o,132.0,49.0,17171.0,307.0
107877,2013,15478.0,112.0,0.0,0.8683,0.8582,0.8561,0.851,0.9604,o,154.0,36.0,17579.0,326.0
107877,2014,15073.0,109.0,2.0,0.8757,0.8722,0.8715,0.8697,0.9862,o,162.0,60.0,18103.0,294.0
107877,2015,14986.0,88.0,1.0,0.7087,0.7265,0.7303,0.7397,1.0897,o,128.0,57.0,18747.0,303.0
107877,2016,14598.0,89.0,1.0,0.7357,0.7536,0.7573,0.7668,1.0861,o,113.0,33.0,21300.0,341.0
107877,2017,13309.0,99.0,4.0,0.9107,0.8666,0.8577,0.836,0.8427,o,142.0,52.0,22079.0,339.0
107877,2018,13676.0,94.0,4.0,0.8424,0.7916,0.7814,0.7567,0.807,o,156.0,43.0,21585.0,334.0
107877,2019,13289.0,71.0,1.0,0.6456,0.6508,0.6518,0.6545,1.0276,o,198.0,57.0,21134.0,319.0
107877,2020,14832.0,74.0,1.0,0.6028,0.6739,0.6896,0.7305,1.4689,o,220.0,62.0,21707.0,333.0
107877,2021,15888.0,88.0,1.0,0.6684,0.7714,0.7947,0.8558,1.6392,o,191.0,42.0,21594.0,313.0
107877,2022,16065.0,73.0,1.0,0.549,0.6027,0.6144,0.6448,1.3792,o,144.0,44.0,20372.0,234.0
107877,2023,17064.0,122.0,1.0,0.8615,0.8478,0.845,0.838,0.9463,o,134.0,39.0,20134.0,192.0
107877,2024,14447.0,129.0,3.0,1.084,0.963,0.9398,0.884,0.6651,o,147.0,63.0,20330.0,188.0
107974,1998,24088.0,0.0,58.0,0.1445,0.1449,0.1461,0.1466,1.0456,o,,,,
107974,1999,24759.0,0.0,50.0,0.1212,0.1219,0.1238,0.1246,1.0885,o,,,,
107974,2000,24246.0,0.0,71.0,0.1757,0.1743,0.1707,0.1691,0.8912,o,,,,
107974,2001,24455.0,0.0,62.0,0.1521,0.1596,0.1806,0.1908,1.987,o,,,,
107974,2002,25391.0,0.0,80.0,0.189,0.182,0.1651,0.1581,0.582,o,146.0,,2179.0,
107974,2004,28059.0,0.0,79.0,0.1689,0.1762,0.1963,0.206,1.8251,o,280.0,,2415.0,73.0
107974,2005,26031.0,0.0,92.0,0.2121,0.215,0.2229,0.2264,1.22,o,175.0,,2459.0,88.0
107974,2006,32146.0,0.0,109.0,0.2034,0.1961,0.1783,0.171,0.5902,o,127.0,161.0,2381.0,68.0
107974,2007,29664.0,0.0,130.0,0.2629,0.2524,0.2273,0.2169,0.5582,o,190.0,121.0,2311.0,86.0
107974,2008,31396.0,0.0,107.0,0.2045,0.2078,0.2166,0.2206,1.2583,o,244.0,493.0,2341.0,80.0
107974,2009,36289.0,0.0,110.0,0.1819,0.1874,0.2026,0.2097,1.5394,o,241.0,168.0,2302.0,70.0
107974,2010,40616.0,0.0,136.0,0.2009,0.2024,0.2062,0.208,1.1106,o,234.0,132.0,2562.0,58.0
107974,2011,42140.0,0.0,131.0,0.1865,0.1861,0.1849,0.1843,0.9649,o,230.0,116.0,2608.0,60.0
107974,2012,42610.0,0.0,158.0,0.2225,0.222,0.2207,0.2201,0.9684,o,245.0,97.0,2803.0,57.0
107974,2013,39299.0,0.0,185.0,0.2824,0.2835,0.2863,0.2876,1.056,o,238.0,188.0,2818.0,63.0
107974,2014,37224.0,0.0,167.0,0.2692,0.2692,0.2693,0.2694,1.0021,o,210.0,201.0,2896.0,72.0
107974,2015,36388.0,0.0,167.0,0.2754,0.2727,0.2659,0.263,0.8696,o,260.0,275.0,3042.0,74.0
107974,2016,32742.0,0.0,185.0,0.339,0.3426,0.3519,0.3561,1.1607,o,185.0,182.0,3114.0,109.0
107974,2017,30490.0,0.0,153.0,0.3011,0.2961,0.2836,0.2782,0.7872,o,176.0,149.0,3197.0,125.0
107974,2018,32811.0,0.0,156.0,0.2853,0.2806,0.269,0.264,0.791,o,222.0,166.0,3275.0,110.0
107974,2019,31368.0,0.0,163.0,0.3118,0.3163,0.3283,0.3338,1.2299,o,234.0,180.0,3295.0,120.0
107974,2020,30272.0,0.0,161.0,0.3191,0.3227,0.3323,0.3366,1.1759,o,188.0,140.0,3245.0,108.0
107974,2021,26305.0,0.0,176.0,0.4014,0.3961,0.3825,0.3767,0.8246,o,219.0,155.0,3152.0,83.0
107974,2022,26198.0,0.0,163.0,0.3733,0.3743,0.3768,0.3779,1.0379,o,201.0,148.0,2962.0,63.0
107974,2023,26399.0,0.0,155.0,0.3523,0.352,0.3512,0.3509,0.9877,o,184.0,140.0,3118.0,61.0
107974,2024,25835.0,0.0,147.0,0.3414,0.3383,0.3303,0.3268,0.8762,o,186.0,161.0,3204.0,67.0
107983,1998,70496.0,273.0,76.0,0.5294,0.5441,0.5509,0.5604,1.1206,o,,,,
107983,1999,71138.0,275.0,75.0,0.5271,0.5365,0.5409,0.5469,1.0762,o,,,,
107983,2000,75061.0,274.0,68.0,0.4924,0.5023,0.5069,0.5132,1.0865,o,,,,
107983,2001,82534.0,313.0,50.0,0.4914,0.5053,0.5118,0.5207,1.1228,o,,,,
107983,2002,83731.0,367.0,50.0,0.5618,0.5794,0.5876,0.599,1.1369,o,567.0,,4324.0,
107983,2003,82210.0,342.0,77.0,0.5554,0.562,0.565,0.5692,1.0503,o,565.0,,5108.0,101.0
107983,2004,80257.0,429.0,52.0,0.6803,0.6723,0.6687,0.6638,0.9521,o,650.0,,5798.0,114.0
107983,2005,79104.0,399.0,55.0,0.647,0.6484,0.6491,0.6499,1.0091,o,571.0,,6113.0,123.0
107983,2006,80325.0,387.0,55.0,0.6192,0.6285,0.6327,0.6386,1.0636,o,590.0,220.0,6684.0,124.0
107983,2007,78201.0,331.0,80.0,0.5693,0.5728,0.5744,0.5765,1.0256,o,537.0,234.0,7395.0,135.0
107983,2008,77145.0,427.0,97.0,0.7396,0.7264,0.7204,0.7124,0.9276,o,629.0,231.0,7644.0,141.0
107983,2009,73325.0,370.0,45.0,0.6423,0.6353,0.6321,0.6277,0.955,o,617.0,221.0,8124.0,154.0
107983,2010,79013.0,386.0,62.0,0.6333,0.6441,0.6492,0.6561,1.0732,o,645.0,232.0,8671.0,154.0
107983,2011,83708.0,370.0,63.0,0.5756,0.5914,0.5988,0.6091,1.1198,o,646.0,221.0,8970.0,136.0
107983,2012,82887.0,406.0,144.0,0.692,0.7091,0.7171,0.7282,1.1072,o,598.0,217.0,9233.0,144.0
107983,2013,80431.0,449.0,119.0,0.7587,0.7584,0.7582,0.7581,0.9984,o,663.0,226.0,9553.0,154.0
107983,2014,82840.0,439.0,152.0,0.746,0.7459,0.7458,0.7457,0.9992,o,724.0,241.0,9830.0,158.0
107983,2015,84915.0,440.0,149.0,0.7271,0.7397,0.7456,0.7536,1.0744,o,797.0,222.0,10099.0,171.0
107983,2016,87818.0,443.0,152.0,0.7092,0.7443,0.7609,0.7842,1.2227,o,854.0,203.0,10321.0,219.0
107983,2017,92949.0,509.0,196.0,0.7837,0.836,0.8612,0.8967,1.3093,o,870.0,207.0,10448.0,228.0
107983,2018,96189.0,489.0,213.0,0.7429,0.7827,0.8017,0.8283,1.243,o,900.0,183.0,10401.0,196.0
107983,2019,98051.0,483.0,375.0,0.8206,0.851,0.8653,0.8852,1.1637,o,833.0,165.0,10721.0,176.0
107983,2020,98593.0,536.0,379.0,0.883,0.8934,0.8981,0.9047,1.0497,o,776.0,144.0,10914.0,191.0
107983,2021,95156.0,554.0,349.0,0.9187,0.9036,0.8968,0.8875,0.9333,o,632.0,116.0,10598.0,214.0
107983,2022,87223.0,542.0,373.0,1.0023,0.9487,0.9251,0.8939,0.7955,o,707.0,196.0,10323.0,229.0
107983,2023,86746.0,592.0,486.0,1.1551,1.0858,1.0554,1.0153,0.7726,o,797.0,199.0,10020.0,265.0
107983,2024,88897.0,618.0,310.0,1.0435,1.0267,1.0191,1.0088,0.9347,o,709.0,183.0,9820.0,225.0
107992,1998,16453.0,0.0,68.0,0.248,0.2478,0.2472,0.247,0.9877,o,,,,
107992,1999,18657.0,0.0,76.0,0.2444,0.2484,0.2591,0.264,1.2632,o,,,,
107992,2000,19614.0,0.0,98.0,0.2998,0.303,0.3116,0.3154,1.1667,o,,,,
107992,2001,20354.0,0.0,73.0,0.2152,0.2121,0.2044,0.2011,0.8139,o,,,,
107992,2002,23296.0,0.0,84.0,0.2163,0.2117,0.2,0.1951,0.731,o,169.0,,2910.0,
107992,2003,24864.0,0.0,128.0,0.3089,0.3168,0.3383,0.3482,1.4383,o,128.0,,3059.0,86.0
107992,2004,26001.0,0.0,116.0,0.2677,0.2663,0.2629,0.2614,0.9309,o,157.0,,2454.0,84.0
107992,2005,36497.0,0.0,90.0,0.148,0.1485,0.15,0.1507,1.0572,o,165.0,,3090.0,75.0
107992,2007,38332.0,0.0,83.0,0.1299,0.13,0.1303,0.1304,1.0124,o,216.0,127.0,3811.0,86.0
107992,2008,40418.0,0.0,112.0,0.1663,0.1695,0.1781,0.1821,1.3171,o,237.0,149.0,3688.0,79.0
107992,2009,40234.0,0.0,123.0,0.1834,0.1863,0.194,0.1975,1.2507,o,251.0,152.0,4360.0,95.0
107992,2010,40815.0,0.0,159.0,0.2337,0.2354,0.2398,0.2418,1.1082,o,228.0,96.0,4546.0,103.0
107992,2011,40866.0,0.0,140.0,0.2055,0.2046,0.2021,0.201,0.9344,o,202.0,140.0,4565.0,107.0
107992,2012,41564.0,0.0,138.0,0.1992,0.1969,0.1909,0.1883,0.8434,o,245.0,104.0,4781.0,117.0
107992,2013,39485.0,0.0,142.0,0.2158,0.2178,0.2229,0.2253,1.1395,o,218.0,108.0,5038.0,95.0
107992,2014,38084.0,0.0,183.0,0.2883,0.2878,0.2865,0.2859,0.9754,o,197.0,96.0,5372.0,103.0
107992,2015,33424.0,0.0,147.0,0.2639,0.2609,0.2534,0.2502,0.851,o,174.0,115.0,6106.0,104.0
107992,2017,28711.0,0.0,126.0,0.2633,0.2674,0.2782,0.2831,1.2453,o,208.0,115.0,5962.0,91.0
107992,2018,32301.0,0.0,108.0,0.2006,0.201,0.202,0.2024,1.0272,o,247.0,113.0,5995.0,82.0
107992,2019,29431.0,0.0,140.0,0.2854,0.2878,0.294,0.2967,1.1253,o,247.0,98.0,6073.0,81.0
107992,2020,25515.0,0.0,132.0,0.3104,0.3122,0.3169,0.3189,1.0857,o,228.0,84.0,5982.0,82.0
107992,2021,25117.0,0.0,148.0,0.3535,0.3516,0.3465,0.3443,0.9231,o,242.0,106.0,5335.0,85.0
107992,2022,24253.0,0.0,210.0,0.5195,0.5202,0.522,0.5228,1.0189,o,219.0,99.0,4849.0,84.0
107992,2023,24032.0,0.0,181.0,0.4519,0.4497,0.444,0.4415,0.9319,o,209.0,92.0,4678.0,93.0
107992,2024,23802.0,0.0,188.0,0.4739,0.4707,0.4624,0.4588,0.9067,o,203.0,97.0,4685.0,76.0
108092,1998,104636.0,0.0,514.0,0.2947,0.3064,0.3119,0.3195,1.1753,o,,,,
108092,1999,107003.0,0.0,529.0,0.2966,0.2965,0.2965,0.2964,0.9987,o,,,,
108092,2000,105811.0,0.0,632.0,0.3584,0.3579,0.3576,0.3573,0.994,o,,,,
108092,2001,102902.0,0.0,596.0,0.3475,0.3428,0.3407,0.3378,0.9447,o,,,,
108092,2002,114729.0,0.0,642.0,0.3357,0.3286,0.3254,0.3211,0.9145,o,1315.0,,2754.0,
108092,2003,134337.0,38.0,567.0,0.2872,0.2916,0.2937,0.2965,1.0661,o,1241.0,,3569.0,85.0
108092,2004,139497.0,129.0,595.0,0.3669,0.381,0.3876,0.3968,1.1698,o,1328.0,,3682.0,84.0
108092,2005,149257.0,248.0,519.0,0.408,0.4253,0.4335,0.4449,1.1888,o,1278.0,,3863.0,88.0
108092,2006,151483.0,320.0,512.0,0.4563,0.4623,0.4651,0.4689,1.0559,o,1201.0,325.0,4409.0,90.0
108092,2007,154058.0,399.0,554.0,0.5266,0.5227,0.5209,0.5186,0.9699,o,1161.0,327.0,5051.0,113.0
108092,2008,157908.0,403.0,310.0,0.424,0.4156,0.4118,0.4066,0.9194,o,1282.0,336.0,5941.0,131.0
108092,2009,166396.0,396.0,471.0,0.4554,0.4484,0.4452,0.4409,0.9375,o,1306.0,435.0,6345.0,130.0
108092,2010,182788.0,419.0,383.0,0.4008,0.405,0.4069,0.4095,1.044,o,1422.0,476.0,6576.0,111.0
108092,2011,193119.0,531.0,402.0,0.4548,0.4709,0.4784,0.4888,1.155,o,1358.0,389.0,6865.0,92.0
108092,2012,188214.0,627.0,326.0,0.5037,0.5195,0.527,0.5373,1.1379,o,1358.0,406.0,5783.0,102.0
108092,2013,183077.0,697.0,377.0,0.5804,0.5872,0.5903,0.5946,1.0495,o,1343.0,490.0,5965.0,98.0
108092,2014,177228.0,670.0,358.0,0.5749,0.5735,0.5729,0.572,0.9901,o,1188.0,380.0,5961.0,103.0
108092,2015,168273.0,784.0,335.0,0.6785,0.6634,0.6566,0.6474,0.9104,o,1084.0,371.0,6171.0,107.0
108092,2016,162087.0,797.0,242.0,0.6796,0.6511,0.6385,0.6216,0.8365,o,1073.0,410.0,6563.0,118.0
108092,2017,157360.0,794.0,254.0,0.7023,0.6654,0.6492,0.6276,0.7986,o,1103.0,381.0,6871.0,138.0
108092,2018,157887.0,829.0,275.0,0.7346,0.7084,0.6967,0.6811,0.8597,o,1072.0,359.0,6950.0,140.0
108092,2019,156534.0,826.0,280.0,0.7405,0.7328,0.7293,0.7246,0.9573,o,934.0,328.0,6825.0,141.0
108092,2020,148003.0,828.0,229.0,0.7642,0.751,0.745,0.7369,0.93,o,883.0,259.0,6916.0,137.0
108092,2021,136153.0,740.0,234.0,0.7553,0.7233,0.7091,0.6902,0.835,o,813.0,315.0,6716.0,119.0
108092,2022,126090.0,676.0,210.0,0.7433,0.7002,0.6813,0.6563,0.7798,o,832.0,297.0,6312.0,112.0
108092,2023,123792.0,712.0,660.0,1.0101,0.9631,0.9423,0.9147,0.82,o,886.0,309.0,6385.0,103.0
108092,2024,127501.0,609.0,691.0,0.8983,0.8863,0.8809,0.8735,0.9455,o,895.0,237.0,6906.0,103.0
367459,1998,73500.0,0.0,136.0,0.111,0.1113,0.1119,0.1122,1.0338,o,,,,
367459,1999,89820.0,0.0,144.0,0.0962,0.1008,0.1138,0.12,1.9556,o,,,,
367459,2000,66124.0,0.0,180.0,0.1633,0.1708,0.1915,0.2015,1.8891,o,,,,
367459,2001,67667.0,0.0,157.0,0.1392,0.142,0.1493,0.1527,1.3229,o,,,,
367459,2002,74538.0,0.0,186.0,0.1497,0.1517,0.1571,0.1595,1.2108,o,850.0,,1746.0,
367459,2003,83174.0,0.0,251.0,0.1811,0.1823,0.1854,0.1868,1.0996,o,928.0,,1958.0,122.0
367459,2004,87466.0,0.0,226.0,0.155,0.1561,0.159,0.1603,1.1067,o,947.0,,2169.0,127.0
367459,2005,96191.0,0.0,257.0,0.1603,0.161,0.1629,0.1637,1.0652,o,916.0,,2298.0,124.0
367459,2006,101363.0,0.0,295.0,0.1746,0.1743,0.1736,0.1733,0.9771,o,924.0,781.0,2490.0,138.0
367459,2007,107419.0,0.0,307.0,0.1715,0.1714,0.1711,0.171,0.9919,o,1148.0,941.0,2601.0,138.0
367459,2008,124815.0,0.0,467.0,0.2245,0.228,0.2373,0.2415,1.2478,o,1187.0,550.0,2517.0,127.0
367459,2009,141978.0,0.0,503.0,0.2126,0.2146,0.2199,0.2223,1.1458,o,1275.0,668.0,3396.0,124.0
367459,2010,165210.0,0.0,578.0,0.2099,0.2112,0.2146,0.2161,1.0921,o,1412.0,781.0,2879.0,106.0
367459,2011,173282.0,0.0,727.0,0.2517,0.2542,0.2605,0.2634,1.147,o,1493.0,882.0,3648.0,90.0
367459,2012,171630.0,0.0,769.0,0.2688,0.2708,0.276,0.2784,1.1113,o,1509.0,739.0,3739.0,85.0
367459,2013,169012.0,0.0,889.0,0.3156,0.3164,0.3186,0.3196,1.0389,o,1559.0,566.0,3897.0,95.0
367459,2014,159102.0,0.0,774.0,0.2919,0.2927,0.2947,0.2956,1.0386,o,1596.0,591.0,3947.0,121.0
367459,2015,153998.0,0.0,780.0,0.3039,0.3047,0.3069,0.3079,1.0404,o,1395.0,663.0,3914.0,115.0
367459,2016,146496.0,0.0,782.0,0.3203,0.3175,0.3106,0.3075,0.8843,o,1464.0,530.0,4159.0,123.0
367459,2017,149551.0,0.0,753.0,0.3021,0.3017,0.3005,0.3,0.9789,o,1425.0,581.0,4090.0,129.0
367459,2018,148538.0,0.0,948.0,0.3829,0.3828,0.3826,0.3825,0.9969,o,1520.0,630.0,4035.0,127.0
367459,2019,149512.0,0.0,995.0,0.3993,0.4007,0.4044,0.4061,1.0523,o,1768.0,553.0,3951.0,127.0
367459,2020,151522.0,0.0,1001.0,0.3964,0.4015,0.4149,0.421,1.2007,o,1312.0,412.0,3164.0,122.0
367459,2021,132391.0,0.0,1060.0,0.4804,0.4729,0.4541,0.4459,0.7981,o,1296.0,377.0,3100.0,102.0
367459,2022,123890.0,0.0,1135.0,0.5497,0.5431,0.5265,0.5193,0.8416,o,1385.0,465.0,2914.0,74.0
367459,2023,134865.0,0.0,1226.0,0.5454,0.5477,0.5537,0.5564,1.0621,o,1447.0,477.0,2967.0,71.0
367459,2024,141608.0,0.0,1178.0,0.4991,0.5018,0.5088,0.5119,1.0794,o,1286.0,458.0,2982.0,123.0
413839,1998,7030.0,0.0,65.0,0.5548,0.5548,0.5548,0.5548,,-,,,,
413839,1999,10304.0,0.0,73.0,0.4251,0.4251,0.4251,0.4251,,-,,,,
413839,2000,7723.0,0.0,59.0,0.4584,0.4584,0.4584,0.4584,,-,,,,
413839,2001,8741.0,0.0,74.0,0.508,0.508,0.508,0.508,,-,,,,
413839,2002,9560.0,0.0,75.0,0.4707,0.4707,0.4707,0.4707,,-,90.0,,18964.0,
413839,2003,9463.0,0.0,119.0,0.7545,0.7545,0.7545,0.7545,,-,95.0,,20188.0,810.0
413839,2004,10049.0,0.0,108.0,0.6448,0.6448,0.6448,0.6448,,-,128.0,,20716.0,1030.0
413839,2005,11365.0,0.0,109.0,0.5754,0.5754,0.5754,0.5754,,-,111.0,,21807.0,884.0
413839,2006,12107.0,9.0,88.0,0.5253,0.5253,0.5253,0.5253,,-,76.0,22.0,22118.0,859.0
413839,2007,12709.0,9.0,69.0,0.4107,0.4107,0.4107,0.4107,,-,82.0,14.0,22504.0,808.0
413839,2008,14067.0,13.0,83.0,0.4649,0.4649,0.4649,0.4649,,-,160.0,15.0,22828.0,819.0
413839,2009,17624.0,14.0,93.0,0.4119,0.4119,0.4119,0.4119,,-,177.0,8.0,23533.0,738.0
413839,2010,20485.0,22.0,103.0,0.4306,0.4306,0.4306,0.4306,,-,107.0,6.0,24513.0,816.0
413839,2011,16853.0,31.0,134.0,0.6978,0.6978,0.6978,0.6978,,-,36.0,6.0,25194.0,1027.0
413839,2012,12295.0,17.0,148.0,0.8881,0.8881,0.8881,0.8881,,-,46.0,6.0,24556.0,1041.0
413839,2013,9173.0,19.0,107.0,0.9484,0.9484,0.9484,0.9484,,-,66.0,5.0,24126.0,1002.0
413839,2014,9111.0,12.0,69.0,0.6124,0.6124,0.6124,0.6124,,-,54.0,2.0,23762.0,747.0
413839,2015,7800.0,15.0,73.0,0.7923,0.7923,0.7923,0.7923,,-,39.0,1.0,23561.0,747.0
420538,1998,15454.0,0.0,33.0,0.1281,0.1281,0.1281,0.1281,,n,,,,
420538,1999,18375.0,0.0,45.0,0.1469,0.1478,0.1499,0.1509,1.0845,o,,,,
420538,2000,20510.0,0.0,53.0,0.155,0.1569,0.1617,0.1638,1.1818,o,,,,
420538,2002,25174.0,0.0,86.0,0.205,0.2052,0.206,0.2063,1.0194,o,212.0,,2079.0,
420538,2003,25382.0,0.0,110.0,0.26,0.2582,0.2537,0.2517,0.906,o,289.0,,3263.0,70.0
420538,2004,27482.0,0.0,165.0,0.3602,0.3667,0.3837,0.3915,1.2873,o,308.0,,3383.0,70.0
420538,2005,26070.0,0.0,173.0,0.3982,0.404,0.4193,0.4263,1.2295,o,316.0,,3477.0,71.0
420538,2006,26265.0,0.0,169.0,0.3861,0.3876,0.3916,0.3934,1.0586,o,207.0,160.0,3552.0,76.0
420538,2007,25975.0,0.0,171.0,0.395,0.3838,0.3565,0.345,0.6635,o,252.0,226.0,3584.0,78.0
420538,2008,25907.0,0.0,165.0,0.3821,0.3811,0.3786,0.3775,0.9637,o,371.0,221.0,3468.0,80.0
420538,2009,28947.0,0.0,159.0,0.3296,0.3408,0.3716,0.3862,1.6166,o,294.0,116.0,3971.0,94.0
420538,2010,35846.0,0.0,170.0,0.2846,0.2834,0.2805,0.2792,0.9438,o,332.0,146.0,3945.0,67.0
420538,2011,38481.0,0.0,244.0,0.3804,0.3804,0.3803,0.3803,0.9985,o,264.0,96.0,4062.0,55.0
420538,2012,35775.0,0.0,268.0,0.4495,0.4442,0.4307,0.4249,0.8434,o,237.0,176.0,4123.0,72.0
420538,2013,35379.0,0.0,196.0,0.3324,0.3271,0.3139,0.3082,0.7953,o,332.0,112.0,4211.0,54.0
420538,2014,34865.0,0.0,249.0,0.4285,0.437,0.4598,0.4703,1.3253,o,255.0,104.0,3413.0,50.0
420538,2015,32700.0,0.0,272.0,0.4991,0.4953,0.4856,0.4814,0.8963,o,253.0,69.0,3478.0,52.0
420538,2016,32645.0,0.0,241.0,0.4429,0.4384,0.4268,0.4218,0.862,o,285.0,121.0,3547.0,56.0
420538,2017,29934.0,0.0,241.0,0.4831,0.487,0.4972,0.5018,1.122,o,250.0,85.0,3549.0,66.0
420538,2018,29735.0,0.0,234.0,0.4722,0.4698,0.4636,0.4609,0.9294,o,229.0,73.0,3529.0,65.0
420538,2019,29233.0,0.0,185.0,0.3797,0.3756,0.3652,0.3607,0.8561,o,221.0,80.0,3485.0,62.0
420538,2020,27290.0,0.0,219.0,0.4815,0.4788,0.4719,0.4689,0.9228,o,228.0,61.0,3490.0,60.0
420538,2021,25404.0,0.0,214.0,0.5054,0.5059,0.5071,0.5076,1.0133,o,196.0,49.0,3390.0,62.0
420538,2022,24741.0,0.0,275.0,0.6669,0.6606,0.6447,0.6377,0.8731,o,230.0,117.0,3186.0,59.0
420538,2023,25526.0,0.0,205.0,0.4819,0.4846,0.4918,0.495,1.0849,o,280.0,96.0,3130.0,90.0
420538,2024,26760.0,0.0,256.0,0.574,0.5851,0.6146,0.6282,1.3146,o,270.0,59.0,3168.0,51.0
438869,2001,21773.0,0.0,104.0,0.2866,0.2866,0.2866,0.2866,,-,,,,
438869,2003,12210.0,0.0,101.0,0.4963,0.4963,0.4963,0.4963,,-,391.0,,24148.0,715.0
438869,2004,12767.0,0.0,28.0,0.1316,0.1316,0.1316,0.1316,,-,223.0,,48640.0,583.0
438869,2006,17133.0,0.0,44.0,0.1541,0.1541,0.1541,0.1541,,-,155.0,,49142.0,615.0
438869,2007,16788.0,0.0,65.0,0.2323,0.2323,0.2323,0.2323,,-,147.0,,19396.0,558.0
438869,2008,17425.0,0.0,46.0,0.1584,0.1584,0.1584,0.1584,,-,170.0,,20121.0,487.0
438869,2009,19871.0,0.0,34.0,0.1027,0.1027,0.1027,0.1027,,-,183.0,,20071.0,487.0
438869,2010,24760.0,0.0,25.0,0.0606,0.0606,0.0606,0.0606,,-,142.0,2.0,19941.0,423.0
438869,2011,19926.0,0.0,20.0,0.0602,0.0602,0.0602,0.0602,,-,121.0,1.0,20583.0,425.0
438869,2012,17133.0,0.0,17.0,0.0595,0.0595,0.0595,0.0595,,-,79.0,,21083.0,443.0
438869,2013,14220.0,0.0,10.0,0.0422,0.0422,0.0422,0.0422,,-,85.0,2.0,21382.0,362.0
438869,2014,8512.0,0.0,8.0,0.0564,0.0564,0.0564,0.0564,,-,75.0,2.0,21059.0,490.0
438869,2018,1291.0,0.0,2.0,0.093,0.093,0.093,0.093,,-,17.0,1.0,21124.0,456.0
438869,2020,788.0,0.0,7.0,0.533,0.533,0.533,0.533,,-,,,17046.0,324.0
440402,2001,12721.0,0.0,90.0,0.4245,0.4245,0.4245,0.4245,,n,,,,
440402,2002,19985.0,0.0,73.0,0.2192,0.2192,0.2192,0.2192,,n,169.0,,2287.0,
440402,2003,20545.0,0.0,79.0,0.2307,0.2307,0.2307,0.2307,,n,425.0,,2284.0,124.0
440402,2004,19020.0,0.0,84.0,0.265,0.2824,0.3327,0.3578,2.4854,o,278.0,,2388.0,128.0
440402,2005,20874.0,0.0,79.0,0.2271,0.226,0.2234,0.2222,0.936,o,347.0,,2569.0,124.0
440402,2006,21189.0,0.0,67.0,0.1897,0.1895,0.1891,0.1889,0.9872,o,238.0,217.0,2730.0,138.0
440402,2007,27039.0,0.0,61.0,0.1354,0.1328,0.1265,0.1237,0.7616,o,238.0,303.0,2759.0,100.0
440402,2008,29950.0,0.0,81.0,0.1623,0.1599,0.1541,0.1516,0.8137,o,322.0,566.0,2739.0,97.0
440402,2009,39476.0,0.0,101.0,0.1535,0.1568,0.1656,0.1696,1.3529,o,405.0,624.0,2993.0,97.0
440402,2010,41173.0,0.0,107.0,0.1559,0.16,0.171,0.1761,1.4464,o,416.0,636.0,2745.0,87.0
440402,2013,47661.0,0.0,170.0,0.214,0.2108,0.2026,0.1991,0.8032,o,355.0,437.0,3080.0,83.0
440402,2014,44692.0,0.0,157.0,0.2108,0.209,0.2045,0.2025,0.8853,o,434.0,444.0,3160.0,90.0
440402,2015,51536.0,0.0,199.0,0.2317,0.2351,0.2441,0.2483,1.233,o,403.0,220.0,3290.0,88.0
440402,2016,56647.0,0.0,238.0,0.2521,0.2525,0.2534,0.2539,1.0215,o,406.0,177.0,3391.0,94.0
440402,2017,56911.0,0.0,235.0,0.2478,0.2472,0.2459,0.2453,0.9701,o,399.0,97.0,3428.0,94.0
440402,2018,55999.0,0.0,228.0,0.2443,0.2441,0.2435,0.2432,0.9864,o,354.0,148.0,3440.0,99.0
440402,2019,56846.0,0.0,237.0,0.2501,0.2479,0.2422,0.2398,0.8795,o,297.0,33.0,3368.0,104.0
440402,2020,54732.0,0.0,306.0,0.3355,0.3299,0.3161,0.3102,0.7888,o,288.0,103.0,3501.0,94.0
440402,2021,48782.0,0.0,273.0,0.3358,0.3329,0.3257,0.3225,0.8848,o,336.0,104.0,3334.0,87.0
440402,2022,50297.0,0.0,309.0,0.3686,0.3722,0.3816,0.3859,1.1487,o,297.0,136.0,3133.0,90.0
440402,2023,44780.0,0.0,285.0,0.3819,0.3806,0.3772,0.3757,0.9519,o,302.0,117.0,3056.0,91.0
440402,2024,47943.0,0.0,323.0,0.4042,0.4029,0.3995,0.398,0.9542,o,306.0,141.0,2856.0,77.0
442569,2023,114010.0,555.0,262.0,0.722,0.7263,0.7282,0.7309,1.0246,o,503.0,186.0,8571.0,130.0
442569,2024,77332.0,287.0,90.0,0.5152,0.5108,0.5087,0.506,0.9647,o,565.0,223.0,8280.0,133.0
443924,2004,3348.0,0.0,0.0,0.0,0.0,0.0,0.0,,x,24.0,,14875.0,281.0
443924,2005,7356.0,0.0,0.0,0.0,0.0,0.0,0.0,,x,42.0,,14728.0,357.0
443924,2006,6690.0,13.0,0.0,0.2332,0.2332,0.2332,0.2332,,x,21.0,22.0,14864.0,488.0
443924,2007,12330.0,35.0,0.0,0.3406,0.3406,0.3406,0.3406,,x,50.0,29.0,15880.0,332.0
443924,2008,9966.0,30.0,1.0,0.3672,0.3672,0.3672,0.3672,,x,126.0,72.0,15936.0,467.0
443924,2009,23130.0,47.0,0.0,0.2438,0.2438,0.2438,0.2438,,x,108.0,66.0,17410.0,354.0
443924,2010,25551.0,46.0,0.0,0.216,0.216,0.216,0.216,,x,92.0,48.0,12522.0,447.0
443924,2011,22375.0,55.0,0.0,0.295,0.295,0.295,0.295,,x,119.0,63.0,13233.0,498.0
443924,2012,19261.0,74.0,0.0,0.461,0.461,0.461,0.461,,x,62.0,51.0,13414.0,493.0
443924,2013,13837.0,66.0,0.0,0.5724,0.5724,0.5724,0.5724,,x,39.0,56.0,13689.0,526.0
446233,2008,4250.0,19.0,3.0,0.5788,0.5788,0.5788,0.5788,,n,44.0,19.0,19287.0,188.0
446233,2009,4200.0,26.0,2.0,0.7714,0.7714,0.7714,0.7714,,n,55.0,20.0,21654.0,181.0
446233,2010,4890.0,12.0,4.0,0.3436,0.4264,0.4459,0.4986,2.1064,o,35.0,44.0,21514.0,211.0
446233,2011,5670.0,15.0,1.0,0.328,0.3155,0.3129,0.3066,0.8738,o,45.0,21.0,21134.0,330.0
446233,2012,4662.0,17.0,8.0,0.5405,0.4794,0.4677,0.4395,0.6612,o,49.0,26.0,20600.0,448.0
446233,2013,4965.0,15.0,2.0,0.3867,0.3809,0.3798,0.3768,0.9495,o,59.0,25.0,20239.0,442.0
446233,2014,5463.0,22.0,8.0,0.5711,0.6021,0.6087,0.6256,1.2,o,41.0,18.0,19933.0,542.0
446233,2015,5188.0,31.0,6.0,0.7864,0.839,0.8503,0.8793,1.25,o,99.0,27.0,19765.0,538.0
446233,2016,6066.0,21.0,7.0,0.4847,0.544,0.5572,0.5915,1.4894,o,75.0,38.0,19628.0,554.0
446233,2017,6718.0,31.0,8.0,0.6252,0.7179,0.7388,0.7935,1.6111,o,65.0,36.0,19300.0,710.0
446233,2018,6291.0,29.0,12.0,0.6676,0.736,0.7511,0.7899,1.4,o,56.0,31.0,18869.0,369.0
446233,2019,5896.0,38.0,8.0,0.8548,0.8194,0.8123,0.7947,0.8643,o,61.0,22.0,18474.0,365.0
446233,2020,6644.0,33.0,2.0,0.6141,0.5473,0.5344,0.5036,0.6724,o,53.0,18.0,19171.0,321.0
446233,2021,5127.0,33.0,9.0,0.8777,0.8269,0.8168,0.792,0.8143,o,25.0,15.0,18617.0,386.0
446233,2022,4520.0,24.0,28.0,1.0088,0.8882,0.8651,0.81,0.6446,o,35.0,24.0,17498.0,292.0
446233,2023,4294.0,29.0,17.0,1.048,0.8635,0.8295,0.7505,0.5128,o,33.0,22.0,17442.0,284.0
446233,2024,3761.0,27.0,17.0,1.1327,0.9751,0.9453,0.8748,0.5965,o,27.0,21.0,16850.0,262.0
448530,2008,8223.0,4.0,1.0,0.0657,0.0657,0.0657,0.0657,,x,57.0,48.0,15936.0,459.0
448530,2009,15810.0,30.0,0.0,0.2277,0.2277,0.2277,0.2277,,x,43.0,19.0,15971.0,348.0
448530,2010,15393.0,42.0,0.0,0.3274,0.3274,0.3274,0.3274,,x,50.0,39.0,12522.0,466.0
448530,2011,16463.0,74.0,0.0,0.5394,0.5394,0.5394,0.5394,,x,62.0,36.0,13233.0,495.0
448530,2012,15610.0,79.0,0.0,0.6073,0.6073,0.6073,0.6073,,x,30.0,29.0,13414.0,477.0
448530,2013,11571.0,48.0,0.0,0.4978,0.4978,0.4978,0.4978,,x,,,13689.0,519.0
454458,2009,10764.0,0.0,11.0,0.0613,0.0613,0.0613,0.0613,,-,148.0,,30533.0,252.0
454458,2010,11370.0,0.0,38.0,0.2005,0.2005,0.2005,0.2005,,-,103.0,,41144.0,366.0
454458,2011,12333.0,0.0,44.0,0.2141,0.2141,0.2141,0.2141,,-,84.0,1.0,24429.0,467.0
454458,2012,6795.0,0.0,254.0,2.2427,2.2427,2.2427,2.2427,,-,33.0,,39186.0,640.0
454458,2013,5301.0,0.0,66.0,0.7471,0.7471,0.7471,0.7471,,-,15.0,,19270.0,704.0
454458,2016,5321.0,0.0,70.0,0.7893,0.7893,0.7893,0.7893,,-,67.0,,20008.0,501.0
454458,2017,5163.0,0.0,64.0,0.7438,0.7438,0.7438,0.7438,,-,9.0,,19674.0,403.0
454458,2018,3744.0,0.0,42.0,0.6731,0.6731,0.6731,0.6731,,-,10.0,,19234.0,444.0
454458,2019,2289.0,0.0,29.0,0.7602,0.7602,0.7602,0.7602,,-,30.0,,18831.0,507.0
454458,2020,2111.0,0.0,22.0,0.6253,0.6253,0.6253,0.6253,,-,1.0,5.0,18550.0,535.0
454458,2021,1395.0,0.0,25.0,1.0753,1.0753,1.0753,1.0753,,-,1.0,,18887.0,466.0
454458,2022,390.0,0.0,6.0,0.9231,0.9231,0.9231,0.9231,,-,,,17751.0,
458885,2011,4317.0,0.0,0.0,0.0,0.0,0.0,0.0,,x,22.0,24.0,19662.0,581.0
458885,2012,3598.0,3.0,0.0,0.1001,0.1001,0.1001,0.1001,,x,5.0,16.0,20144.0,869.0
458885,2013,3024.0,2.0,0.0,0.0794,0.0794,0.0794,0.0794,,x,26.0,16.0,20032.0,752.0
458885,2014,3360.0,1.0,0.0,0.0357,0.0357,0.0357,0.0357,,x,36.0,20.0,20400.0,639.0
458885,2015,3609.0,9.0,0.0,0.2993,0.2993,0.2993,0.2993,,x,34.0,25.0,,693.0
458885,2016,3705.0,13.0,0.0,0.421,0.421,0.421,0.421,,x,19.0,83.0,16821.0,635.0
458885,2017,4623.0,6.0,0.0,0.1557,0.1557,0.1557,0.1557,,x,20.0,84.0,16540.0,553.0
458885,2018,5250.0,14.0,0.0,0.32,0.32,0.32,0.32,,x,45.0,110.0,17270.0,550.0
458885,2019,6546.0,18.0,0.0,0.33,0.33,0.33,0.33,,x,32.0,160.0,16326.0,469.0
458885,2020,9297.0,10.0,0.0,0.1291,0.1291,0.1291,0.1291,,x,37.0,102.0,16244.0,473.0
458885,2021,9249.0,16.0,0.0,0.2076,0.2076,0.2076,0.2076,,x,32.0,86.0,15775.0,
458885,2022,8424.0,14.0,8.0,0.2564,0.2564,0.2564,0.2564,,x,19.0,35.0,14826.0,
458885,2023,7257.0,19.0,5.0,0.3555,0.3555,0.3555,0.3555,,x,37.0,91.0,13990.0,
458885,2024,17406.0,30.0,14.0,0.2551,0.2551,0.2551,0.2551,,x,38.0,80.0,13920.0,
484622,2014,19714.0,171.0,0.0,1.0409,1.0409,1.0409,1.0409,,x,,3.0,,396.0
484622,2015,9963.0,170.0,0.0,2.0476,2.0476,2.0476,2.0476,,x,,,12352.0,264.0
484622,2016,3764.0,82.0,0.0,2.6142,2.6142,2.6142,2.6142,,x,,,,215.0
492069,2019,2282.0,4.0,5.0,0.3418,0.3418,0.3418,0.3418,,n,35.0,17.0,6394.0,74.0
492069,2020,2010.0,7.0,7.0,0.6269,0.6269,0.6269,0.6269,,n,20.0,20.0,9183.0,247.0
492069,2021,1898.0,9.0,2.0,0.6322,0.6322,0.6322,0.6322,,n,15.0,28.0,8934.0,325.0
492069,2022,2413.0,12.0,2.0,0.6465,0.6465,0.6465,0.6465,,n,26.0,22.0,8397.0,289.0
492069,2023,2960.0,13.0,1.0,0.5473,0.4509,0.4331,0.3918,0.5125,o,31.0,31.0,8028.0,385.0
492069,2024,3614.0,12.0,0.0,0.3985,0.4026,0.4035,0.4056,1.0364,o,39.0,23.0,10870.0,426.0
493725,2019,17520.0,87.0,86.0,0.8904,0.8904,0.8904,0.8904,,n,18.0,40.0,,111.0
493725,2020,20250.0,90.0,87.0,0.7911,0.7911,0.7911,0.7911,,n,20.0,122.0,,105.0
493725,2021,19830.0,119.0,128.0,1.1074,1.1074,1.1074,1.1074,,n,24.0,145.0,4902.0,105.0
497453,2024,30.0,0.0,0.0,0.0,0.0,0.0,0.0,,n,,,,201.0
