unitid,year,credits,BA,AA,ER_m,ER_l,ER_c,ER_h,G,G_source,first_time_n,transfer_in_n,sticker_real,rev_per_credit_real
103644,1998,9496.0,0.0,45.0,0.2843,0.2843,0.2843,0.2843,,-,,,,
103644,1999,9208.0,0.0,100.0,0.6516,0.6516,0.6516,0.6516,,-,,,,
103644,2001,8987.0,0.0,76.0,0.5074,0.5074,0.5074,0.5074,,-,,,,
103644,2003,11743.0,0.0,57.0,0.2912,0.2912,0.2912,0.2912,,-,49.0,,33671.0,638.0
103644,2004,18630.0,0.0,81.0,0.2609,0.2609,0.2609,0.2609,,-,45.0,,16418.0,585.0
103644,2005,26240.0,0.0,130.0,0.2973,0.2973,0.2973,0.2973,,-,382.0,,18035.0,475.0
103644,2006,41858.0,0.0,106.0,0.1519,0.1519,0.1519,0.1519,,-,527.0,,19370.0,506.0
103644,2008,99240.0,16.0,247.0,0.1687,0.1687,0.1687,0.1687,,-,722.0,,20018.0,435.0
103644,2009,150660.0,23.0,232.0,0.1107,0.1107,0.1107,0.1107,,-,901.0,7.0,21617.0,574.0
103644,2010,143880.0,37.0,316.0,0.1626,0.1626,0.1626,0.1626,,-,82.0,1.0,21477.0,928.0
103644,2012,71074.0,72.0,722.0,0.7311,0.7311,0.7311,0.7311,,-,232.0,188.0,16899.0,566.0
103644,2013,60243.0,68.0,357.0,0.491,0.491,0.491,0.491,,-,110.0,712.0,16603.0,588.0
103644,2014,104283.0,52.0,86.0,0.1093,0.1093,0.1093,0.1093,,-,12.0,53.0,17063.0,576.0
103723,2004,174696.0,215.0,577.0,0.3459,0.3459,0.3459,0.3459,,-,945.0,,,249.0
103723,2005,84650.0,205.0,861.0,0.9009,0.9009,0.9009,0.9009,,-,242.0,,,623.0
103723,2007,73129.0,279.0,250.0,0.6629,0.6629,0.6629,0.6629,,-,44.0,4.0,51344.0,719.0
103723,2008,77005.0,362.0,139.0,0.6724,0.6724,0.6724,0.6724,,-,106.0,31.0,45619.0,592.0
103723,2009,57468.0,304.0,195.0,0.8384,0.8384,0.8384,0.8384,,-,292.0,1.0,44855.0,680.0
103723,2010,54956.0,244.0,159.0,0.7064,0.7064,0.7064,0.7064,,-,232.0,71.0,48693.0,606.0
103723,2011,50340.0,197.0,127.0,0.621,0.621,0.621,0.621,,-,106.0,27.0,17414.0,590.0
103723,2012,25517.0,145.0,80.0,0.87,0.87,0.87,0.87,,-,73.0,20.0,17212.0,928.0
103723,2013,19195.0,113.0,48.0,0.8565,0.8565,0.8565,0.8565,,-,,,19891.0,879.0
103723,2014,6101.0,119.0,24.0,2.5765,2.5765,2.5765,2.5765,,-,,,,1477.0
103778,2011,30.0,0.0,0.0,0.0,0.0,0.0,0.0,,n,2.0,,,
103778,2013,30.0,0.0,0.0,0.0,0.0,0.0,0.0,,n,2.0,,,
103778,2014,30.0,0.0,0.0,0.0,0.0,0.0,0.0,,n,1.0,,,
103787,1998,2221.0,14.0,5.0,0.8915,0.8517,0.8436,0.8239,0.8542,o,,,,
103787,1999,1817.0,5.0,4.0,0.4623,0.441,0.4367,0.4262,0.85,o,,,,
103787,2000,2082.0,8.0,5.0,0.6052,0.5399,0.5272,0.497,0.6744,o,,,,
103787,2001,1932.0,7.0,4.0,0.559,0.4786,0.4635,0.4277,0.5854,o,,,,
103787,2002,2280.0,4.0,1.0,0.2368,0.2215,0.2185,0.2111,0.7941,o,33.0,,7500.0,
103787,2003,2269.0,10.0,3.0,0.6082,0.6996,0.7202,0.7743,1.6207,o,15.0,,8454.0,295.0
103787,2004,2016.0,9.0,2.0,0.5952,0.7278,0.7587,0.8418,2.0,o,9.0,,8184.0,253.0
103787,2006,1663.0,11.0,2.0,0.8659,0.6555,0.6188,0.5359,0.383,o,11.0,5.0,8717.0,310.0
103787,2007,1760.0,4.0,1.0,0.3068,0.238,0.2258,0.1981,0.4167,o,10.0,5.0,9367.0,307.0
103787,2008,1973.0,11.0,2.0,0.7299,0.7021,0.6965,0.6827,0.875,o,39.0,4.0,9724.0,314.0
103787,2009,1971.0,11.0,5.0,0.8219,1.0989,1.1669,1.3561,2.7222,o,21.0,2.0,10380.0,399.0
103787,2010,2354.0,6.0,9.0,0.5353,0.7361,0.7862,0.9271,3.0,o,22.0,,11399.0,383.0
103787,2011,2603.0,6.0,7.0,0.438,0.5391,0.5628,0.6267,2.0476,o,12.0,13.0,13610.0,419.0
103787,2012,2280.0,3.0,3.0,0.2368,0.213,0.2084,0.1973,0.6939,o,9.0,6.0,14286.0,422.0
103787,2013,1653.0,7.0,2.0,0.5808,0.4283,0.4022,0.3436,0.35,o,15.0,4.0,15640.0,296.0
103787,2014,1990.0,6.0,5.0,0.5126,0.4328,0.4179,0.3829,0.5581,o,24.0,10.0,15799.0,145.0
103787,2015,2305.0,6.0,8.0,0.5206,0.5417,0.5462,0.5576,1.1471,o,16.0,8.0,15274.0,191.0
103893,1999,16344.0,0.0,564.0,2.0705,2.0705,2.0705,2.0705,,-,,,,
103893,2000,28225.0,0.0,120.0,0.2551,0.2551,0.2551,0.2551,,-,,,,
103893,2001,30456.0,0.0,160.0,0.3152,0.3152,0.3152,0.3152,,-,,,,
103893,2002,59149.0,0.0,163.0,0.1653,0.1653,0.1653,0.1653,,-,1487.0,,,
103893,2003,71412.0,0.0,212.0,0.1781,0.1781,0.1781,0.1781,,-,1063.0,,,83.0
103893,2004,96960.0,0.0,172.0,0.1064,0.1064,0.1064,0.1064,,-,2985.0,,,249.0
103893,2005,83862.0,0.0,170.0,0.1216,0.1216,0.1216,0.1216,,-,2350.0,,,571.0
103893,2006,100278.0,0.0,131.0,0.0784,0.0784,0.0784,0.0784,,-,880.0,,,477.0
103893,2007,142344.0,0.0,216.0,0.091,0.091,0.091,0.091,,-,842.0,55.0,,364.0
103893,2008,152308.0,0.0,304.0,0.1198,0.1198,0.1198,0.1198,,-,1274.0,6.0,,430.0
103893,2009,139286.0,0.0,538.0,0.2318,0.2318,0.2318,0.2318,,-,1368.0,114.0,,568.0
103893,2010,29631.0,0.0,9.0,0.0182,0.0182,0.0182,0.0182,,-,301.0,4.0,,571.0
103893,2011,27081.0,12.0,5.0,0.0643,0.0643,0.0643,0.0643,,-,258.0,1.0,,568.0
103893,2012,18506.0,33.0,8.0,0.2399,0.2399,0.2399,0.2399,,-,160.0,71.0,,589.0
103893,2013,17179.0,6.0,4.0,0.0559,0.0559,0.0559,0.0559,,-,132.0,57.0,,523.0
103893,2014,17829.0,2.0,7.0,0.037,0.037,0.037,0.037,,-,131.0,77.0,,598.0
103893,2015,19786.0,0.0,1.0,0.003,0.003,0.003,0.003,,-,139.0,96.0,,570.0
103893,2016,18634.0,0.0,21.0,0.0676,0.0676,0.0676,0.0676,,-,101.0,92.0,,626.0
103893,2017,19525.0,0.0,29.0,0.0891,0.0891,0.0891,0.0891,,-,122.0,72.0,,537.0
103893,2018,18131.0,0.0,27.0,0.0893,0.0893,0.0893,0.0893,,-,93.0,126.0,,444.0
103893,2019,48613.0,0.0,235.0,0.29,0.29,0.29,0.29,,-,217.0,240.0,,530.0
103893,2020,26477.0,0.0,116.0,0.2629,0.2629,0.2629,0.2629,,-,206.0,174.0,,350.0
103893,2021,32537.0,0.0,154.0,0.284,0.284,0.284,0.284,,-,272.0,126.0,,352.0
103893,2022,40754.0,0.0,229.0,0.3371,0.3371,0.3371,0.3371,,-,172.0,123.0,,445.0
103893,2023,34664.0,0.0,328.0,0.5677,0.5677,0.5677,0.5677,,-,193.0,111.0,,485.0
103893,2024,33283.0,0.0,275.0,0.4957,0.4957,0.4957,0.4957,,-,202.0,91.0,,586.0
103909,2010,37723.0,0.0,48.0,0.0763,0.0763,0.0763,0.0763,,-,179.0,,,540.0
103909,2011,35727.0,0.0,88.0,0.1478,0.1478,0.1478,0.1478,,-,226.0,1.0,,564.0
103909,2012,25440.0,0.0,115.0,0.2712,0.2712,0.2712,0.2712,,-,78.0,62.0,,584.0
103909,2013,22996.0,0.0,86.0,0.2244,0.2244,0.2244,0.2244,,-,100.0,64.0,,593.0
103909,2014,21366.0,0.0,120.0,0.337,0.337,0.337,0.337,,-,70.0,84.0,,647.0
103909,2015,21674.0,0.0,73.0,0.2021,0.2021,0.2021,0.2021,,-,78.0,84.0,,622.0
103909,2016,18239.0,0.0,73.0,0.2401,0.2401,0.2401,0.2401,,-,68.0,97.0,,676.0
103909,2017,17902.0,0.0,66.0,0.2212,0.2212,0.2212,0.2212,,-,70.0,111.0,,627.0
103909,2018,18251.0,0.0,47.0,0.1545,0.1545,0.1545,0.1545,,-,169.0,42.0,,584.0
103909,2020,17044.0,0.0,74.0,0.2605,0.2605,0.2605,0.2605,,-,88.0,123.0,,506.0
103909,2021,17813.0,0.0,129.0,0.4345,0.4345,0.4345,0.4345,,-,72.0,84.0,,510.0
103909,2022,18682.0,0.0,119.0,0.3822,0.3822,0.3822,0.3822,,-,68.0,89.0,,528.0
103909,2023,18180.0,0.0,109.0,0.3597,0.3597,0.3597,0.3597,,-,62.0,19.0,,530.0
103909,2024,15747.0,0.0,175.0,0.6668,0.6668,0.6668,0.6668,,-,73.0,67.0,,620.0
103927,2010,23380.0,0.0,14.0,0.0359,0.0359,0.0359,0.0359,,-,233.0,6.0,,521.0
103927,2011,21801.0,0.0,17.0,0.0468,0.0468,0.0468,0.0468,,-,136.0,47.0,,544.0
103927,2012,14289.0,0.0,28.0,0.1176,0.1176,0.1176,0.1176,,-,77.0,43.0,,581.0
103927,2013,11384.0,0.0,17.0,0.0896,0.0896,0.0896,0.0896,,-,84.0,33.0,,531.0
103927,2014,12544.0,0.0,7.0,0.0335,0.0335,0.0335,0.0335,,-,51.0,59.0,,592.0
103927,2015,11747.0,0.0,0.0,0.0,0.0,0.0,0.0,,-,91.0,41.0,,563.0
103927,2016,9252.0,0.0,0.0,0.0,0.0,0.0,0.0,,-,54.0,,,631.0
103927,2017,8741.0,0.0,0.0,0.0,0.0,0.0,0.0,,-,57.0,47.0,,550.0
103927,2018,8572.0,0.0,0.0,0.0,0.0,0.0,0.0,,-,57.0,29.0,,465.0
103927,2020,10447.0,0.0,8.0,0.0459,0.0459,0.0459,0.0459,,-,49.0,84.0,,323.0
103927,2021,12304.0,0.0,37.0,0.1804,0.1804,0.1804,0.1804,,-,123.0,41.0,,368.0
103927,2022,16595.0,0.0,39.0,0.141,0.141,0.141,0.141,,-,73.0,39.0,,376.0
103927,2023,15342.0,0.0,62.0,0.2425,0.2425,0.2425,0.2425,,-,107.0,13.0,,447.0
103927,2024,14789.0,0.0,73.0,0.2962,0.2962,0.2962,0.2962,,-,111.0,32.0,,421.0
103945,2005,6756.0,0.0,54.0,0.4796,0.4796,0.4796,0.4796,,-,140.0,,,509.0
103945,2007,10800.0,0.0,100.0,0.5556,0.5556,0.5556,0.5556,,-,180.0,,,688.0
103945,2008,6000.0,0.0,68.0,0.68,0.68,0.68,0.68,,-,147.0,,,847.0
103945,2010,10470.0,0.0,75.0,0.4298,0.4298,0.4298,0.4298,,-,318.0,,,573.0
103945,2011,9990.0,5.0,75.0,0.5105,0.5105,0.5105,0.5105,,-,130.0,,,816.0
103945,2012,9090.0,7.0,91.0,0.6931,0.6931,0.6931,0.6931,,-,109.0,,21484.0,1010.0
103945,2014,8100.0,6.0,68.0,0.5926,0.5926,0.5926,0.5926,,-,21.0,,22660.0,770.0
103945,2015,6140.0,10.0,53.0,0.7134,0.7134,0.7134,0.7134,,-,13.0,,22151.0,856.0
103945,2016,4840.0,3.0,43.0,0.6074,0.6074,0.6074,0.6074,,-,10.0,,21998.0,796.0
103945,2017,3464.0,1.0,30.0,0.5543,0.5543,0.5543,0.5543,,-,17.0,,21631.0,793.0
103945,2018,3516.0,0.0,21.0,0.3584,0.3584,0.3584,0.3584,,-,7.0,5.0,21147.0,544.0
103945,2019,2471.0,0.0,22.0,0.5342,0.5342,0.5342,0.5342,,-,4.0,,20709.0,640.0
103963,1998,28600.0,0.0,155.0,0.3252,0.3252,0.3252,0.3252,,-,,,,
103963,1999,12544.0,0.0,185.0,0.8849,0.8849,0.8849,0.8849,,-,,,,
103963,2004,24000.0,0.0,0.0,0.0,0.0,0.0,0.0,,-,329.0,,,731.0
103963,2008,15291.0,0.0,0.0,0.0,0.0,0.0,0.0,,-,111.0,,38207.0,936.0
103963,2009,24144.0,0.0,266.0,0.661,0.661,0.661,0.661,,-,605.0,,39567.0,661.0
103963,2021,18310.0,0.0,0.0,0.0,0.0,0.0,0.0,,-,81.0,,,440.0
103963,2022,21481.0,0.0,0.0,0.0,0.0,0.0,0.0,,-,125.0,1.0,,339.0
103963,2023,23125.0,0.0,2.0,0.0052,0.0052,0.0052,0.0052,,-,164.0,,,325.0
103963,2024,28054.0,0.0,6.0,0.0128,0.0128,0.0128,0.0128,,-,302.0,3.0,,301.0
104090,2001,6225.0,0.0,88.0,0.8482,0.8482,0.8482,0.8482,,-,,,,
104090,2002,6225.0,0.0,25.0,0.241,0.241,0.241,0.241,,-,202.0,,,
104090,2003,14075.0,8.0,38.0,0.2302,0.2302,0.2302,0.2302,,-,470.0,,,1074.0
104090,2009,37555.0,19.0,124.0,0.2588,0.2588,0.2588,0.2588,,-,565.0,,,714.0
104090,2011,46314.0,13.0,172.0,0.2565,0.2565,0.2565,0.2565,,-,497.0,,,
104090,2012,38004.0,24.0,170.0,0.3442,0.3442,0.3442,0.3442,,-,327.0,,,
104090,2013,22069.0,94.0,153.0,0.9271,0.9271,0.9271,0.9271,,-,402.0,,,
104090,2014,27000.0,62.0,68.0,0.4267,0.4267,0.4267,0.4267,,-,411.0,,,1463.0
104090,2015,27150.0,103.0,128.0,0.7381,0.7381,0.7381,0.7381,,-,332.0,13.0,,
104090,2016,23686.0,216.0,103.0,1.3552,1.3552,1.3552,1.3552,,-,808.0,,,
104090,2017,20292.0,187.0,71.0,1.3158,1.3158,1.3158,1.3158,,-,324.0,,,
104090,2019,25836.0,146.0,54.0,0.8035,0.8035,0.8035,0.8035,,-,433.0,,,
104090,2020,43164.0,168.0,81.0,0.5796,0.5796,0.5796,0.5796,,-,263.0,233.0,,1114.0
104090,2021,45619.0,212.0,97.0,0.6852,0.6852,0.6852,0.6852,,-,7.0,193.0,,1142.0
104090,2022,30958.0,248.0,100.0,1.1551,1.1551,1.1551,1.1551,,-,60.0,120.0,,1312.0
104090,2023,25450.0,188.0,71.0,1.0538,1.0538,1.0538,1.0538,,-,62.0,158.0,,1319.0
104090,2024,23985.0,124.0,75.0,0.808,0.808,0.808,0.808,,-,50.0,142.0,,1160.0
104151,1998,895226.0,6175.0,0.0,0.8277,0.8648,0.8823,0.9067,1.2001,o,,,,
104151,1999,884528.0,6343.0,0.0,0.8605,0.903,0.9232,0.9514,1.2223,o,,,,
104151,2000,883363.0,6622.0,0.0,0.8996,0.9548,0.9812,1.0185,1.2818,o,,,,
104151,2001,895193.0,6285.0,0.0,0.8425,0.8902,0.913,0.9449,1.2579,o,,,,
104151,2002,928852.0,6590.0,0.0,0.8514,0.8902,0.9086,0.9343,1.2044,o,6348.0,,4310.0,
104151,2003,975220.0,6765.0,0.0,0.8324,0.8628,0.8771,0.8969,1.1609,o,7126.0,,4393.0,270.0
104151,2004,1012017.0,7046.0,0.0,0.8355,0.8613,0.8734,0.8901,1.1351,o,7147.0,,5962.0,305.0
104151,2005,1031395.0,7498.0,0.0,0.8724,0.9058,0.9215,0.9434,1.1694,o,7685.0,,6541.0,352.0
104151,2006,1069253.0,7437.0,0.0,0.8346,0.8688,0.8849,0.9073,1.1817,o,7894.0,,6865.0,366.0
104151,2007,1031639.0,7282.0,0.0,0.847,0.8771,0.8912,0.9108,1.1562,o,7740.0,2914.0,7090.0,404.0
104151,2008,1375981.0,10706.0,0.0,0.9337,0.9543,0.9639,0.9772,1.0954,o,9707.0,5446.0,7274.0,384.0
104151,2009,1456632.0,11229.0,0.0,0.9251,0.9618,0.9792,1.0033,1.1763,o,9344.0,5388.0,8145.0,407.0
104151,2010,1514128.0,11810.0,0.0,0.936,0.9823,1.0043,1.035,1.2229,o,9544.0,6158.0,9783.0,441.0
104151,2011,1582852.0,12194.0,0.0,0.9245,0.9674,0.9877,1.0161,1.2081,o,9254.0,6776.0,11352.0,466.0
104151,2012,1650466.0,13210.0,0.0,0.9605,0.9778,0.9859,0.9969,1.0774,o,9265.0,7228.0,13225.0,519.0
104151,2013,1145914.0,9278.0,0.0,0.9716,0.965,0.962,0.9579,0.9721,o,7171.0,3354.0,12999.0,777.0
104151,2014,1155886.0,9319.0,0.0,0.9675,0.9357,0.9215,0.9025,0.8702,o,7647.0,3417.0,12983.0,841.0
104151,2015,1201906.0,9053.0,0.0,0.9039,0.8537,0.8317,0.8025,0.7883,o,8348.0,3369.0,13260.0,917.0
104151,2016,1266775.0,9050.0,0.0,0.8573,0.8277,0.8144,0.7967,0.8637,o,8230.0,3256.0,13169.0,988.0
104151,2017,1293254.0,9366.0,0.0,0.8691,0.8709,0.8717,0.8728,1.0086,o,7874.0,2897.0,13220.0,1048.0
104151,2018,1287229.0,9994.0,0.0,0.9317,0.9505,0.9592,0.9713,1.0868,o,8861.0,3077.0,13450.0,1099.0
104151,2019,1306933.0,10381.0,0.0,0.9532,0.9636,0.9684,0.975,1.0463,o,10044.0,2906.0,13205.0,1139.0
104151,2020,1920323.0,14673.0,0.0,0.9169,0.9463,0.96,0.9791,1.1404,o,12677.0,4637.0,13628.0,830.0
104151,2021,1901463.0,14794.0,0.0,0.9336,1.014,1.0532,1.109,1.4109,o,14250.0,4779.0,13234.0,842.0
104151,2022,1936832.0,14960.0,0.0,0.9269,1.039,1.0948,1.1757,1.609,o,15151.0,4087.0,12449.0,809.0
104151,2023,1976815.0,15108.0,0.0,0.9171,1.0196,1.0704,1.1437,1.5552,o,14102.0,3991.0,12026.0,834.0
104151,2024,1987862.0,14745.0,0.0,0.8901,0.9458,0.9724,1.01,1.2875,o,14099.0,3929.0,12051.0,865.0
104160,1998,95895.0,0.0,307.0,0.1921,0.1942,0.1997,0.2022,1.1684,o,,,,
104160,1999,105124.0,0.0,289.0,0.1649,0.167,0.1722,0.1746,1.1885,o,,,,
104160,2000,77051.0,0.0,370.0,0.2881,0.2905,0.2966,0.2994,1.1236,o,,,,
104160,2001,111540.0,0.0,350.0,0.1883,0.1815,0.1652,0.1585,0.5932,o,,,,
104160,2002,91479.0,0.0,372.0,0.244,0.2391,0.227,0.2219,0.7499,o,804.0,,1372.0,
104160,2003,111490.0,0.0,402.0,0.2163,0.2163,0.2161,0.2161,0.9963,o,843.0,,1733.0,34.0
104160,2004,126079.0,0.0,448.0,0.2132,0.2138,0.2153,0.216,1.0401,o,1639.0,,1791.0,34.0
104160,2005,107725.0,0.0,495.0,0.2757,0.2893,0.3275,0.346,1.9903,o,1471.0,,1787.0,40.0
104160,2006,125930.0,0.0,475.0,0.2263,0.229,0.2361,0.2394,1.1853,o,1132.0,,1776.0,40.0
104160,2007,128370.0,0.0,492.0,0.23,0.2249,0.2124,0.2071,0.728,o,1245.0,,2223.0,41.0
104160,2008,132735.0,0.0,498.0,0.2251,0.2244,0.2226,0.2218,0.9566,o,1164.0,,1908.0,43.0
104160,2009,141239.0,0.0,488.0,0.2073,0.207,0.2062,0.2059,0.9794,o,1874.0,,2705.0,44.0
104160,2010,156168.0,0.0,549.0,0.2109,0.2176,0.2356,0.2441,1.5558,o,2277.0,43.0,2859.0,43.0
104160,2011,168318.0,0.0,656.0,0.2338,0.2406,0.2587,0.2673,1.499,o,2228.0,10.0,2792.0,33.0
104160,2012,165527.0,0.0,652.0,0.2363,0.2375,0.2406,0.2419,1.0735,o,1982.0,,3129.0,37.0
104160,2013,160280.0,0.0,625.0,0.234,0.2319,0.2266,0.2243,0.8799,o,1786.0,270.0,3155.0,34.0
104160,2014,160489.0,0.0,797.0,0.298,0.2946,0.286,0.2822,0.8485,o,1819.0,256.0,3186.0,30.0
104160,2015,157574.0,0.0,885.0,0.337,0.3362,0.334,0.3331,0.9655,o,1820.0,30.0,3238.0,32.0
104160,2016,164348.0,0.0,852.0,0.311,0.3113,0.3118,0.312,1.0097,o,1481.0,267.0,3293.0,34.0
104160,2017,165575.0,0.0,944.0,0.3421,0.3372,0.3249,0.3196,0.814,o,1728.0,264.0,3314.0,33.0
104160,2018,158455.0,0.0,934.0,0.3537,0.3548,0.3577,0.3591,1.047,o,2085.0,393.0,3315.0,38.0
104160,2019,143047.0,0.0,877.0,0.3679,0.3747,0.3927,0.4011,1.2995,o,1850.0,231.0,3319.0,43.0
104160,2020,144711.0,0.0,1108.0,0.4594,0.4584,0.456,0.4549,0.9704,o,1212.0,841.0,3341.0,39.0
104160,2021,122331.0,0.0,893.0,0.438,0.4234,0.388,0.3733,0.616,o,2131.0,246.0,3315.0,49.0
104160,2022,145365.0,0.0,864.0,0.3566,0.365,0.3874,0.3977,1.3919,o,2096.0,257.0,3181.0,30.0
104160,2023,147099.0,0.0,1034.0,0.4218,0.4285,0.4463,0.4545,1.254,o,991.0,178.0,3064.0,42.0
104160,2024,156738.0,0.0,1132.0,0.4333,0.411,0.3586,0.3375,0.4689,o,1275.0,978.0,3020.0,42.0
104179,1998,638228.0,5272.0,0.0,0.9912,0.9945,0.996,0.998,1.0138,o,,,,
104179,1999,641624.0,5272.0,0.0,0.986,1.0095,1.0205,1.0357,1.1033,o,,,,
104179,2000,659297.0,4932.0,0.0,0.8977,0.9342,0.9514,0.9754,1.1806,o,,,,
104179,2002,898675.0,4981.0,0.0,0.6651,0.6904,0.7023,0.7189,1.1683,o,5808.0,,4313.0,
104179,2003,843893.0,5352.0,0.0,0.761,0.7775,0.7852,0.7958,1.0934,o,5958.0,,4406.0,243.0
104179,2004,819450.0,5303.0,0.0,0.7766,0.7882,0.7936,0.801,1.0639,o,5725.0,,5975.0,282.0
104179,2005,697947.0,5741.0,0.0,0.9871,0.9879,0.9883,0.9888,1.0034,o,5952.0,,6596.0,353.0
104179,2006,713187.0,5613.0,0.0,0.9444,0.9429,0.9422,0.9412,0.9932,o,6009.0,1962.0,7008.0,333.0
104179,2007,842730.0,5564.0,0.0,0.7923,0.7954,0.7969,0.7988,1.0166,o,6569.0,1913.0,7208.0,313.0
104179,2008,771324.0,5619.0,0.0,0.8742,0.8898,0.8971,0.9071,1.0766,o,6709.0,1903.0,7387.0,362.0
104179,2009,827088.0,5914.0,0.0,0.858,0.8849,0.8975,0.915,1.1371,o,6966.0,1912.0,7974.0,374.0
104179,2010,859507.0,5827.0,0.0,0.8135,0.8401,0.8526,0.8699,1.1433,o,7025.0,1875.0,9799.0,437.0
104179,2011,868142.0,6195.0,0.0,0.8563,0.8785,0.8888,0.9031,1.1123,o,7300.0,1843.0,11498.0,485.0
104179,2012,883522.0,6351.0,0.0,0.8626,0.8784,0.8858,0.896,1.0789,o,7401.0,1964.0,13654.0,506.0
104179,2013,925102.0,6494.0,0.0,0.8424,0.8571,0.864,0.8734,1.075,o,6881.0,1984.0,13415.0,537.0
104179,2014,938597.0,6370.0,0.0,0.8144,0.8184,0.8203,0.8228,1.0208,o,7744.0,2049.0,13681.0,546.0
104179,2015,965535.0,6600.0,0.0,0.8203,0.8244,0.8262,0.8288,1.0209,o,8036.0,1955.0,14304.0,613.0
104179,2016,992388.0,6915.0,0.0,0.8362,0.8505,0.8572,0.8663,1.0734,o,7753.0,2061.0,14783.0,644.0
104179,2017,1002089.0,6844.0,0.0,0.8196,0.8395,0.8489,0.8617,1.1055,o,7360.0,2100.0,15003.0,674.0
104179,2018,999834.0,7123.0,0.0,0.8549,0.8617,0.8648,0.869,1.0334,o,7750.0,2166.0,14802.0,652.0
104179,2019,996556.0,7606.0,0.0,0.9159,0.9064,0.9021,0.8962,0.9575,o,7683.0,2384.0,15212.0,627.0
104179,2020,1010971.0,7252.0,0.0,0.8608,0.8561,0.854,0.851,0.9775,o,7334.0,2647.0,15254.0,592.0
104179,2021,1024726.0,7543.0,0.0,0.8833,0.882,0.8814,0.8805,0.9936,o,8483.0,2639.0,14843.0,552.0
104179,2022,1060095.0,7410.0,0.0,0.8388,0.848,0.8523,0.8582,1.0468,o,9069.0,2848.0,13972.0,550.0
104179,2023,1099166.0,7772.0,0.0,0.8485,0.8751,0.8876,0.9049,1.1373,o,9158.0,3285.0,13742.0,535.0
104179,2024,1174448.0,7563.0,0.0,0.7728,0.8095,0.827,0.8513,1.2138,o,9287.0,2584.0,13626.0,516.0
104188,2002,11373.0,9.0,48.0,0.3482,0.4006,0.4124,0.4434,1.6213,o,40.0,,,
104188,2003,17700.0,4.0,43.0,0.1729,0.1583,0.1554,0.1485,0.7379,o,287.0,,15294.0,270.0
104188,2004,11070.0,19.0,21.0,0.3198,0.3059,0.3031,0.2963,0.8583,o,148.0,,18507.0,642.0
104188,2005,9450.0,22.0,12.0,0.3556,0.3695,0.3724,0.3799,1.1417,o,68.0,,25626.0,805.0
104188,2006,9350.0,28.0,9.0,0.4171,0.4106,0.4093,0.406,0.9474,o,46.0,18.0,26587.0,892.0
104188,2007,9250.0,49.0,1.0,0.6422,0.4731,0.4441,0.3792,0.3486,o,48.0,16.0,29589.0,908.0
104188,2008,9180.0,30.0,3.0,0.4118,0.2641,0.2409,0.1914,0.2161,o,86.0,,33898.0,1248.0
104188,2009,11340.0,39.0,1.0,0.418,0.3639,0.3537,0.3292,0.6204,o,34.0,13.0,38510.0,993.0
104188,2010,10215.0,48.0,0.0,0.5639,0.5723,0.5741,0.5785,1.0526,o,30.0,31.0,36717.0,1029.0
104188,2011,10330.0,34.0,1.0,0.4008,0.3585,0.3503,0.3307,0.6809,o,24.0,18.0,37865.0,1040.0
104188,2012,10500.0,42.0,0.0,0.48,0.3688,0.3492,0.3047,0.403,o,32.0,30.0,37641.0,1019.0
104188,2013,8300.0,46.0,0.0,0.6651,0.5332,0.5093,0.4543,0.4667,o,48.0,7.0,36982.0,1251.0
104188,2014,6480.0,31.0,0.0,0.5741,0.6125,0.6207,0.6418,1.25,o,20.0,1.0,45476.0,
104188,2015,5790.0,52.0,0.0,1.0777,1.1522,1.1683,1.2094,1.2593,o,45.0,4.0,30116.0,1429.0
104188,2016,4200.0,7.0,0.0,0.2,0.2088,0.2107,0.2155,1.1607,o,24.0,7.0,29907.0,
104188,2017,3988.0,15.0,0.0,0.4514,0.4324,0.4286,0.4192,0.8625,o,21.0,7.0,29408.0,1250.0
104188,2018,3048.0,10.0,0.0,0.3937,0.3493,0.3407,0.3203,0.6618,o,23.0,20.0,28719.0,
104188,2019,3065.0,18.0,0.0,0.7047,0.6293,0.6148,0.5798,0.6769,o,17.0,11.0,28149.0,
104188,2020,2722.0,13.0,0.0,0.5731,0.4893,0.4735,0.4364,0.5797,o,,,27728.0,
104346,1998,57963.0,0.0,287.0,0.2971,0.2936,0.285,0.2812,0.8468,o,,,,
104346,1999,97137.0,0.0,325.0,0.2007,0.1849,0.1498,0.1364,0.3098,o,,,,
104346,2000,97551.0,0.0,324.0,0.1993,0.2088,0.2353,0.2482,1.9444,o,,,,
104346,2001,105994.0,0.0,244.0,0.1381,0.1419,0.1522,0.157,1.4736,o,,,,
104346,2002,105213.0,0.0,284.0,0.162,0.1626,0.1643,0.165,1.0587,o,963.0,,1673.0,
104346,2003,154102.0,0.0,305.0,0.1188,0.1209,0.1265,0.1291,1.2883,o,1008.0,,1784.0,33.0
104346,2004,122777.0,0.0,297.0,0.1451,0.1466,0.1504,0.1522,1.154,o,1264.0,,1857.0,48.0
104346,2005,116705.0,0.0,260.0,0.1337,0.136,0.1423,0.1451,1.2826,o,1118.0,,1983.0,46.0
104346,2006,110509.0,0.0,279.0,0.1515,0.1513,0.1509,0.1507,0.9842,o,1046.0,,2075.0,51.0
104346,2007,114690.0,0.0,302.0,0.158,0.1566,0.1529,0.1514,0.8783,o,873.0,,2151.0,68.0
104346,2008,104234.0,0.0,287.0,0.1652,0.1627,0.1566,0.1539,0.8068,o,1303.0,,2335.0,69.0
104346,2009,132205.0,0.0,317.0,0.1439,0.147,0.1553,0.1592,1.358,o,1726.0,,2417.0,64.0
104346,2010,151074.0,0.0,356.0,0.1414,0.146,0.1587,0.1646,1.5864,o,1367.0,820.0,2482.0,51.0
104346,2011,153875.0,0.0,440.0,0.1716,0.1703,0.1672,0.1659,0.9026,o,1512.0,911.0,2722.0,50.0
104346,2012,157388.0,0.0,518.0,0.1975,0.1972,0.1964,0.196,0.9777,o,1277.0,916.0,2857.0,50.0
104346,2013,146801.0,0.0,574.0,0.2346,0.2326,0.2277,0.2255,0.8871,o,1270.0,822.0,2887.0,55.0
104346,2014,132769.0,0.0,532.0,0.2404,0.2388,0.2349,0.2331,0.9107,o,1199.0,805.0,3041.0,52.0
104346,2015,123915.0,0.0,569.0,0.2755,0.2744,0.2714,0.2701,0.9415,o,1258.0,657.0,3133.0,57.0
104346,2016,118461.0,0.0,589.0,0.2983,0.2987,0.2997,0.3002,1.019,o,1230.0,581.0,3189.0,64.0
104346,2017,111611.0,0.0,566.0,0.3043,0.3043,0.3044,0.3044,1.0012,o,1173.0,559.0,3212.0,60.0
104346,2018,116380.0,0.0,541.0,0.2789,0.2778,0.2748,0.2736,0.9429,o,1650.0,356.0,3215.0,59.0
104346,2019,91993.0,0.0,600.0,0.3913,0.4001,0.4236,0.4345,1.3733,o,1379.0,1148.0,3148.0,63.0
104346,2020,105135.0,0.0,523.0,0.2985,0.298,0.2967,0.2962,0.977,o,1041.0,1010.0,3101.0,50.0
104346,2021,81536.0,0.0,587.0,0.432,0.4208,0.3933,0.3817,0.6874,o,1651.0,857.0,3011.0,60.0
104346,2022,97016.0,0.0,491.0,0.3037,0.3103,0.3282,0.3365,1.3645,o,1474.0,1017.0,2830.0,
104346,2023,91826.0,0.0,514.0,0.3359,0.338,0.3436,0.3461,1.0951,o,1829.0,1020.0,1553.0,24.0
104346,2024,95972.0,0.0,516.0,0.3226,0.3262,0.3355,0.3398,1.1706,o,1691.0,1043.0,2250.0,40.0
104364,1998,24390.0,3.0,107.0,0.278,0.278,0.278,0.278,,-,,,,
104364,1999,19344.0,15.0,70.0,0.3102,0.3102,0.3102,0.3102,,-,,,,
104364,2000,15080.0,19.0,98.0,0.5411,0.5411,0.5411,0.5411,,-,,,,
104364,2001,14595.0,30.0,96.0,0.6413,0.6413,0.6413,0.6413,,-,,,,
104364,2002,15004.0,42.0,95.0,0.7158,0.7158,0.7158,0.7158,,-,130.0,,14551.0,
104364,2003,15047.0,61.0,86.0,0.8294,0.8294,0.8294,0.8294,,-,130.0,,14275.0,270.0
104364,2004,15285.0,57.0,93.0,0.8125,0.8125,0.8125,0.8125,,-,142.0,,14726.0,275.0
104364,2005,19470.0,56.0,104.0,0.6656,0.6656,0.6656,0.6656,,-,123.0,,15066.0,233.0
104364,2006,13298.0,54.0,94.0,0.9114,0.9114,0.9114,0.9114,,-,115.0,,16079.0,358.0
104364,2007,15967.0,66.0,111.0,0.9131,0.9131,0.9131,0.9131,,-,122.0,,17059.0,402.0
104364,2008,10830.0,68.0,52.0,1.0416,1.0416,1.0416,1.0416,,-,227.0,,13960.0,396.0
104364,2010,20403.0,22.0,56.0,0.2941,0.2941,0.2941,0.2941,,-,134.0,,15902.0,407.0
104364,2011,25233.0,10.0,140.0,0.3804,0.3804,0.3804,0.3804,,-,87.0,124.0,16617.0,416.0
104364,2012,21787.0,16.0,218.0,0.6885,0.6885,0.6885,0.6885,,-,121.0,115.0,16627.0,450.0
104364,2013,20559.0,16.0,188.0,0.6421,0.6421,0.6421,0.6421,,-,80.0,116.0,17517.0,458.0
104364,2014,18115.0,27.0,172.0,0.7485,0.7485,0.7485,0.7485,,-,95.0,78.0,17371.0,456.0
104364,2015,15813.0,19.0,135.0,0.6564,0.6564,0.6564,0.6564,,-,43.0,48.0,17236.0,435.0
104364,2016,10678.0,14.0,112.0,0.7867,0.7867,0.7867,0.7867,,-,,,17875.0,427.0
104364,2017,3585.0,16.0,100.0,2.209,2.209,2.209,2.209,,-,31.0,,,
104425,2004,180570.0,0.0,667.0,0.2216,0.2211,0.2196,0.2189,0.9634,o,740.0,,1579.0,36.0
104425,2005,200857.0,0.0,702.0,0.2097,0.2073,0.2014,0.1988,0.8511,o,759.0,,1896.0,33.0
104425,2006,199841.0,0.0,914.0,0.2744,0.2738,0.2722,0.2715,0.9681,o,711.0,253.0,1835.0,32.0
104425,2007,236820.0,0.0,1030.0,0.261,0.26,0.2575,0.2565,0.9486,o,647.0,224.0,1860.0,29.0
104425,2008,229551.0,0.0,990.0,0.2588,0.2565,0.2506,0.2481,0.8803,o,593.0,160.0,1876.0,30.0
104425,2009,245886.0,0.0,995.0,0.2428,0.2405,0.2347,0.2322,0.8733,o,818.0,182.0,1919.0,27.0
104425,2010,258911.0,0.0,1065.0,0.2468,0.2516,0.2645,0.2704,1.3194,o,988.0,281.0,2033.0,28.0
104425,2011,308159.0,0.0,1198.0,0.2333,0.2388,0.2537,0.2607,1.4004,o,870.0,153.0,2178.0,26.0
104425,2012,273570.0,0.0,1443.0,0.3165,0.3157,0.3136,0.3126,0.9635,o,724.0,259.0,2166.0,29.0
104425,2013,232740.0,0.0,1776.0,0.4578,0.4499,0.4302,0.4217,0.7793,o,803.0,301.0,2246.0,24.0
104425,2014,239381.0,0.0,1392.0,0.3489,0.3491,0.3496,0.3498,1.0075,o,880.0,319.0,2307.0,30.0
104425,2015,220427.0,0.0,1444.0,0.3931,0.397,0.4073,0.4119,1.1526,o,798.0,290.0,2350.0,34.0
104425,2016,211405.0,0.0,1356.0,0.3849,0.3834,0.3798,0.3782,0.9483,o,733.0,249.0,2396.0,36.0
104425,2017,219502.0,0.0,1394.0,0.381,0.3775,0.3684,0.3644,0.8737,o,627.0,214.0,2417.0,35.0
104425,2018,214824.0,0.0,1629.0,0.455,0.4487,0.4328,0.426,0.8191,o,706.0,218.0,2453.0,36.0
104425,2019,190660.0,0.0,1568.0,0.4934,0.4947,0.4981,0.4996,1.0382,o,717.0,254.0,2489.0,39.0
104425,2020,180967.0,0.0,1360.0,0.4509,0.4532,0.4592,0.4619,1.0758,o,662.0,185.0,2539.0,40.0
104425,2021,198794.0,0.0,1521.0,0.4591,0.4568,0.4509,0.4483,0.9304,o,715.0,115.0,2549.0,40.0
104425,2022,176860.0,0.0,1483.0,0.5031,0.5044,0.5077,0.5092,1.037,o,810.0,176.0,2396.0,41.0
104425,2023,178063.0,0.0,1459.0,0.4916,0.4972,0.512,0.5187,1.1765,o,770.0,177.0,2261.0,39.0
104425,2024,165094.0,0.0,1363.0,0.4954,0.4957,0.4966,0.497,1.0098,o,774.0,173.0,2232.0,42.0
104531,1998,145464.0,740.0,265.0,0.7198,0.7198,0.7198,0.7198,,x,,,,
104531,1999,132048.0,778.0,315.0,0.8501,0.8501,0.8501,0.8501,,x,,,,
104531,2000,163144.0,773.0,259.0,0.6638,0.6638,0.6638,0.6638,,x,,,,
104531,2001,161052.0,902.0,230.0,0.7578,0.7578,0.7578,0.7578,,x,,,,
104531,2002,135235.0,1051.0,175.0,1.0102,1.0102,1.0102,1.0102,,x,529.0,,15140.0,
104531,2003,108821.0,892.0,146.0,1.0641,1.0641,1.0641,1.0641,,x,416.0,,15957.0,450.0
104531,2004,84047.0,645.0,109.0,0.9987,0.9987,0.9987,0.9987,,x,298.0,,16567.0,529.0
104531,2005,62226.0,433.0,67.0,0.8996,0.8996,0.8996,0.8996,,x,299.0,,18027.0,560.0
104531,2006,47343.0,345.0,55.0,0.9442,0.9442,0.9442,0.9442,,x,285.0,,18853.0,639.0
104531,2007,38005.0,269.0,42.0,0.9157,0.9157,0.9157,0.9157,,x,270.0,179.0,19131.0,716.0
104531,2008,32883.0,232.0,35.0,0.9105,0.9105,0.9105,0.9105,,x,264.0,203.0,19345.0,855.0
104531,2009,40740.0,273.0,24.0,0.8395,0.8395,0.8395,0.8395,,x,352.0,247.0,20330.0,718.0
104531,2011,52620.0,244.0,43.0,0.6055,0.6055,0.6055,0.6055,,x,252.0,431.0,20696.0,798.0
104531,2012,45900.0,269.0,46.0,0.7634,0.7634,0.7634,0.7634,,x,110.0,266.0,20747.0,883.0
104577,1998,101276.0,0.0,203.0,0.1203,0.1185,0.114,0.112,0.8068,o,,,,
104577,1999,87310.0,0.0,240.0,0.1649,0.1647,0.1642,0.1639,0.9814,o,,,,
104577,2000,91073.0,0.0,237.0,0.1561,0.1579,0.1623,0.1644,1.1688,o,,,,
104577,2001,104576.0,0.0,304.0,0.1744,0.1728,0.1687,0.1669,0.8748,o,,,,
104577,2003,107564.0,0.0,274.0,0.1528,0.1517,0.1487,0.1474,0.8958,o,546.0,,1339.0,27.0
104577,2004,62117.0,0.0,269.0,0.2598,0.257,0.2498,0.2467,0.8545,o,665.0,,1439.0,47.0
104577,2005,75123.0,0.0,287.0,0.2292,0.2312,0.2363,0.2386,1.129,o,1197.0,,1622.0,29.0
104577,2006,90852.0,0.0,283.0,0.1869,0.196,0.2216,0.234,1.9769,o,623.0,89.0,1758.0,40.0
104577,2007,99830.0,0.0,294.0,0.1767,0.1718,0.1598,0.1548,0.6692,o,615.0,44.0,1845.0,43.0
104577,2008,92654.0,0.0,270.0,0.1748,0.1701,0.1585,0.1536,0.6758,o,1401.0,78.0,1902.0,46.0
104577,2009,112165.0,0.0,300.0,0.1605,0.1699,0.1968,0.2101,2.2633,o,1463.0,60.0,1986.0,42.0
104577,2010,132610.0,0.0,292.0,0.1321,0.1356,0.145,0.1494,1.4514,o,1636.0,174.0,2173.0,33.0
104577,2011,134250.0,0.0,296.0,0.1323,0.1335,0.1368,0.1382,1.1425,o,1786.0,128.0,2122.0,33.0
104577,2012,124857.0,0.0,474.0,0.2278,0.2301,0.236,0.2387,1.1526,o,1445.0,113.0,2177.0,34.0
104577,2013,114300.0,0.0,563.0,0.2955,0.2921,0.2833,0.2795,0.8445,o,1297.0,76.0,2353.0,40.0
104577,2014,106479.0,0.0,503.0,0.2834,0.2791,0.2683,0.2636,0.8028,o,1224.0,69.0,2317.0,33.0
104577,2015,108108.0,0.0,444.0,0.2464,0.2445,0.2395,0.2374,0.8928,o,1168.0,1.0,2611.0,35.0
104577,2016,108588.0,0.0,497.0,0.2746,0.2732,0.2694,0.2678,0.9266,o,1017.0,5.0,2697.0,35.0
104577,2017,110757.0,0.0,541.0,0.2931,0.2898,0.2814,0.2778,0.8503,o,597.0,95.0,3059.0,38.0
104577,2018,114910.0,0.0,560.0,0.2924,0.2803,0.2514,0.2395,0.5465,o,1218.0,113.0,3178.0,36.0
104577,2019,116687.0,0.0,599.0,0.308,0.317,0.3414,0.3528,1.5093,o,1195.0,224.0,3295.0,35.0
104577,2020,102241.0,0.0,551.0,0.3234,0.3296,0.3464,0.3541,1.3168,o,479.0,136.0,3245.0,41.0
104577,2021,77031.0,0.0,440.0,0.3427,0.3213,0.272,0.2527,0.397,o,736.0,206.0,3152.0,50.0
104577,2022,82572.0,0.0,457.0,0.3321,0.3291,0.3216,0.3183,0.8793,o,794.0,210.0,2370.0,54.0
104577,2023,89101.0,0.0,445.0,0.2997,0.3053,0.3204,0.3273,1.307,o,884.0,241.0,2310.0,50.0
104577,2024,88065.0,0.0,456.0,0.3107,0.3138,0.3221,0.3259,1.1556,o,865.0,182.0,2352.0,59.0
104586,2001,49941.0,306.0,0.0,0.7353,0.7353,0.7353,0.7353,,n,,,,
104586,2002,50534.0,279.0,0.0,0.6625,0.6625,0.6625,0.6625,,n,309.0,,27196.0,
104586,2003,47961.0,319.0,0.0,0.7981,0.7981,0.7981,0.7981,,n,304.0,,31302.0,
104586,2004,45078.0,325.0,0.0,0.8652,0.8652,0.8652,0.8652,,n,370.0,,35389.0,
104586,2005,45871.0,315.0,0.0,0.8241,0.8241,0.8241,0.8241,,n,359.0,,35700.0,
104586,2006,45697.0,327.0,0.0,0.8587,0.8747,0.8781,0.8865,1.0658,o,403.0,84.0,36693.0,
104586,2007,45943.0,320.0,0.0,0.8358,0.8903,0.902,0.9319,1.2431,o,400.0,103.0,37990.0,
104586,2008,47151.0,343.0,0.0,0.8729,0.9184,0.9281,0.9528,1.1914,o,418.0,107.0,38772.0,
104586,2009,48047.0,302.0,0.0,0.7543,0.7799,0.7853,0.799,1.1221,o,318.0,96.0,39107.0,
104586,2010,47017.0,347.0,0.0,0.8856,0.8768,0.8749,0.8704,0.9659,o,354.0,130.0,40418.0,
104586,2011,49257.0,347.0,0.0,0.8454,0.8028,0.7943,0.7733,0.8369,o,349.0,102.0,41080.0,
104586,2012,48959.0,349.0,0.0,0.8554,0.8186,0.8112,0.793,0.8594,o,375.0,99.0,40209.0,
104586,2013,50214.0,330.0,0.0,0.7886,0.7849,0.7841,0.7822,0.9837,o,448.0,109.0,40665.0,
104586,2014,53501.0,320.0,0.0,0.7177,0.7612,0.7705,0.7943,1.2247,o,505.0,101.0,40859.0,1167.0
104586,2015,59509.0,318.0,0.0,0.6412,0.7004,0.7133,0.7466,1.3556,o,583.0,104.0,41315.0,1133.0
104586,2016,66342.0,362.0,0.0,0.6548,0.7369,0.7551,0.8027,1.5028,o,604.0,103.0,42969.0,1145.0
104586,2017,70319.0,436.0,0.0,0.744,0.8274,0.8458,0.8936,1.4423,o,681.0,102.0,43121.0,1109.0
104586,2018,77413.0,428.0,0.0,0.6635,0.7235,0.7366,0.7704,1.3484,o,609.0,99.0,43198.0,1087.0
104586,2019,79871.0,462.0,0.0,0.6941,0.7293,0.7368,0.7558,1.1857,o,754.0,94.0,43505.0,1107.0
104586,2020,84417.0,592.0,0.0,0.8415,0.876,0.8833,0.9018,1.1483,o,743.0,115.0,44121.0,1046.0
104586,2021,85366.0,612.0,0.0,0.8603,0.8992,0.9075,0.9286,1.165,o,749.0,118.0,44196.0,1170.0
104586,2022,89683.0,541.0,0.0,0.7239,0.7551,0.7617,0.7785,1.1566,o,756.0,102.0,42747.0,1130.0
104586,2023,95748.0,613.0,0.0,0.7683,0.7907,0.7954,0.8073,1.1042,o,833.0,104.0,41886.0,1078.0
104586,2024,95172.0,651.0,0.0,0.8208,0.8352,0.8381,0.8457,1.0615,o,748.0,77.0,42204.0,1138.0
104708,1998,261205.0,0.0,686.0,0.1576,0.1565,0.1536,0.1523,0.9028,o,,,,
104708,1999,272079.0,0.0,624.0,0.1376,0.1382,0.1399,0.1406,1.0681,o,,,,
104708,2000,281742.0,0.0,779.0,0.1659,0.1548,0.1296,0.1197,0.3719,o,,,,
104708,2001,290535.0,0.0,803.0,0.1658,0.1578,0.1389,0.1313,0.4925,o,,,,
104708,2002,292794.0,0.0,727.0,0.149,0.1482,0.1461,0.1451,0.9238,o,824.0,,1788.0,
104708,2003,330525.0,0.0,733.0,0.1331,0.1321,0.1297,0.1287,0.903,o,912.0,,1893.0,60.0
104708,2004,330501.0,0.0,854.0,0.155,0.1557,0.1574,0.1582,1.0636,o,813.0,,2046.0,64.0
104708,2005,337265.0,0.0,980.0,0.1743,0.1735,0.1715,0.1706,0.9366,o,856.0,,2141.0,70.0
104708,2006,316829.0,0.0,1036.0,0.1962,0.1961,0.1958,0.1957,0.9925,o,909.0,223.0,2259.0,78.0
104708,2007,307442.0,0.0,1038.0,0.2026,0.2038,0.207,0.2084,1.0893,o,943.0,261.0,2405.0,87.0
104708,2008,300681.0,0.0,1063.0,0.2121,0.2131,0.2157,0.2168,1.0686,o,2713.0,1003.0,2327.0,84.0
104708,2009,312851.0,0.0,1132.0,0.2171,0.2341,0.284,0.3095,2.9298,o,3423.0,1314.0,2495.0,87.0
104708,2010,358746.0,0.0,1253.0,0.2096,0.219,0.2451,0.2578,1.8725,o,3810.0,1409.0,2479.0,84.0
104708,2011,383307.0,0.0,1419.0,0.2221,0.2255,0.2345,0.2386,1.2419,o,4047.0,1518.0,2421.0,64.0
104708,2012,381814.0,0.0,1506.0,0.2367,0.2385,0.2434,0.2456,1.119,o,3700.0,1384.0,2523.0,65.0
104708,2013,374183.0,0.0,1518.0,0.2434,0.2424,0.2398,0.2386,0.9418,o,3519.0,1335.0,2478.0,66.0
104708,2014,369776.0,0.0,1816.0,0.2947,0.2927,0.2877,0.2855,0.9085,o,3408.0,1324.0,2599.0,66.0
104708,2015,353956.0,0.0,1763.0,0.2989,0.2977,0.2946,0.2932,0.9442,o,2920.0,1328.0,2671.0,73.0
104708,2016,336870.0,0.0,1944.0,0.3462,0.3421,0.3318,0.3273,0.8431,o,2803.0,1152.0,2653.0,78.0
104708,2017,328980.0,0.0,1933.0,0.3525,0.3496,0.342,0.3387,0.8859,o,2722.0,1422.0,2669.0,78.0
104708,2018,323970.0,0.0,2450.0,0.4537,0.4522,0.4481,0.4463,0.9512,o,2543.0,1386.0,2610.0,73.0
104708,2019,304560.0,0.0,2221.0,0.4375,0.435,0.4286,0.4258,0.9205,o,2382.0,1579.0,2526.0,76.0
104708,2020,297090.0,0.0,2080.0,0.4201,0.4171,0.4097,0.4064,0.9048,o,1589.0,828.0,2488.0,72.0
104708,2021,232950.0,0.0,1720.0,0.443,0.4296,0.3971,0.3834,0.6453,o,1892.0,1211.0,2416.0,61.0
104708,2022,220736.0,0.0,1568.0,0.4262,0.4248,0.4211,0.4195,0.9529,o,2094.0,913.0,2271.0,74.0
104708,2023,217024.0,0.0,1374.0,0.3799,0.3848,0.3978,0.4038,1.2031,o,2287.0,1034.0,2143.0,70.0
104708,2024,224787.0,0.0,1318.0,0.3518,0.3552,0.3641,0.3681,1.1475,o,2404.0,933.0,2358.0,74.0
104717,1998,46674.0,429.0,0.0,1.103,1.103,1.103,1.103,,x,,,,
104717,1999,43541.0,401.0,0.0,1.1052,1.1052,1.1052,1.1052,,x,,,,
104717,2000,51101.0,363.0,0.0,0.8524,0.8524,0.8524,0.8524,,x,,,,
104717,2001,42166.0,340.0,0.0,0.9676,0.9676,0.9676,0.9676,,x,,,,
104717,2002,42522.0,352.0,0.0,0.9934,0.9934,0.9934,0.9934,,x,200.0,,18188.0,
104717,2003,40513.0,375.0,0.0,1.1108,1.1108,1.1108,1.1108,,x,227.0,,24391.0,641.0
104717,2004,39977.0,352.0,0.0,1.0566,1.0566,1.0566,1.0566,,x,242.0,,24046.0,340.0
104717,2005,49326.0,385.0,0.0,0.9366,0.9366,0.9366,0.9366,,x,237.0,,23339.0,294.0
104717,2006,60419.0,368.0,0.0,0.7309,0.7309,0.7309,0.7309,,x,441.0,1611.0,15191.0,355.0
104717,2008,161790.0,621.0,0.0,0.4606,0.4606,0.4606,0.4606,,x,1361.0,3167.0,20955.0,361.0
104717,2009,329710.0,956.0,0.0,0.3479,0.3479,0.3479,0.3479,,x,2235.0,7529.0,23064.0,342.0
104717,2010,392673.0,1575.0,0.0,0.4813,0.4813,0.4813,0.4813,,x,2215.0,4883.0,24387.0,473.0
104717,2011,596610.0,2859.0,0.0,0.575,0.575,0.575,0.575,,x,2393.0,6090.0,23033.0,500.0
104717,2012,697054.0,4330.0,0.0,0.7454,0.7454,0.7454,0.7454,,x,3490.0,7386.0,22450.0,477.0
104717,2013,830842.0,5371.0,0.0,0.7757,0.7757,0.7757,0.7757,,x,3264.0,8919.0,22725.0,479.0
104717,2014,986792.0,6916.0,0.0,0.841,0.841,0.841,0.841,,x,2748.0,10021.0,22382.0,463.0
104717,2015,1073553.0,9000.0,0.0,1.006,1.006,1.006,1.006,,x,3172.0,10443.0,22258.0,471.0
104717,2016,1172563.0,9810.0,0.0,1.004,1.004,1.004,1.004,,x,3104.0,11529.0,22104.0,469.0
104717,2017,1261797.0,9814.0,0.0,0.9333,0.9333,0.9333,0.9333,,x,3393.0,12045.0,21735.0,466.0
104717,2018,1386939.0,10677.0,0.0,0.9238,0.9238,0.9238,0.9238,,x,4029.0,13289.0,21249.0,458.0
104717,2019,1521910.0,11294.0,0.0,0.8905,0.8905,0.8905,0.8905,,x,6659.0,11701.0,20804.0,470.0
104717,2020,1659982.0,12339.0,0.0,0.892,0.892,0.892,0.892,,x,7565.0,11448.0,21395.0,460.0
104717,2021,1790864.0,13492.0,0.0,0.9041,0.9041,0.9041,0.9041,,x,7599.0,10648.0,20777.0,448.0
104717,2022,1805101.0,14037.0,0.0,0.9332,0.9332,0.9332,0.9332,,x,8445.0,11334.0,19527.0,417.0
104717,2023,1904903.0,13825.0,0.0,0.8709,0.8709,0.8709,0.8709,,x,8154.0,13124.0,18426.0,398.0
104717,2024,2085493.0,14748.0,0.0,0.8486,0.8486,0.8486,0.8486,,x,7379.0,14033.0,17450.0,383.0
104805,1999,66630.0,0.0,521.0,0.4692,0.4692,0.4692,0.4692,,-,,,,
104805,2001,71340.0,0.0,772.0,0.6493,0.6493,0.6493,0.6493,,-,,,,
104805,2003,70252.0,0.0,659.0,0.5628,0.5628,0.5628,0.5628,,-,588.0,,18693.0,1254.0
104805,2010,52860.0,72.0,137.0,0.319,0.319,0.319,0.319,,-,440.0,227.0,,301.0
104805,2011,102330.0,55.0,66.0,0.1032,0.1032,0.1032,0.1032,,-,502.0,282.0,,318.0
104805,2012,110790.0,80.0,448.0,0.3293,0.3293,0.3293,0.3293,,-,443.0,36.0,,359.0
104805,2013,92430.0,46.0,508.0,0.3895,0.3895,0.3895,0.3895,,-,918.0,,17444.0,380.0
105118,2002,17709.0,0.0,115.0,0.3896,0.3896,0.3896,0.3896,,x,279.0,,,
105118,2005,20436.0,0.0,111.0,0.3259,0.3259,0.3259,0.3259,,x,96.0,,,65.0
105118,2006,20436.0,0.0,176.0,0.5167,0.5167,0.5167,0.5167,,x,65.0,,,39.0
105118,2007,19672.0,0.0,67.0,0.2044,0.2044,0.2044,0.2044,,x,78.0,68.0,,77.0
105118,2008,20993.0,0.0,87.0,0.2487,0.2487,0.2487,0.2487,,x,193.0,7.0,,91.0
105118,2009,35181.0,0.0,83.0,0.1416,0.1416,0.1416,0.1416,,x,206.0,198.0,,52.0
105118,2010,35457.0,0.0,142.0,0.2403,0.2403,0.2403,0.2403,,x,101.0,16.0,,402.0
105118,2011,30082.0,0.0,137.0,0.2733,0.2733,0.2733,0.2733,,x,77.0,37.0,,424.0
105118,2012,27607.0,0.0,133.0,0.2891,0.2891,0.2891,0.2891,,x,36.0,14.0,,323.0
105145,1998,77287.0,0.0,204.0,0.1584,0.1392,0.0998,0.0861,0.1578,o,,,,
105145,1999,135552.0,0.0,183.0,0.081,0.0928,0.1314,0.1535,6.9335,o,,,,
105145,2000,79405.0,0.0,184.0,0.139,0.1381,0.1358,0.1348,0.9111,o,,,,
105145,2001,86365.0,0.0,281.0,0.1952,0.1889,0.1735,0.1671,0.6244,o,,,,
105145,2002,91461.0,0.0,257.0,0.1686,0.167,0.1631,0.1613,0.8753,o,801.0,,1788.0,
105145,2003,105776.0,0.0,259.0,0.1469,0.1444,0.1382,0.1355,0.7822,o,846.0,,1893.0,79.0
105145,2004,111091.0,0.0,341.0,0.1842,0.1836,0.1822,0.1816,0.9581,o,837.0,,2046.0,80.0
105145,2005,111833.0,0.0,365.0,0.1958,0.1961,0.1966,0.1969,1.0164,o,722.0,,2141.0,89.0
105145,2006,115389.0,0.0,431.0,0.2241,0.2217,0.2157,0.2131,0.858,o,658.0,751.0,2259.0,100.0
105145,2007,114139.0,0.0,389.0,0.2045,0.2021,0.196,0.1934,0.8441,o,583.0,768.0,2405.0,111.0
105145,2008,110320.0,0.0,520.0,0.2828,0.2795,0.2711,0.2675,0.8449,o,564.0,1010.0,2327.0,110.0
105145,2009,109809.0,0.0,522.0,0.2852,0.2833,0.2785,0.2764,0.9089,o,709.0,1299.0,2495.0,127.0
105145,2010,114681.0,0.0,541.0,0.283,0.2873,0.2985,0.3036,1.2363,o,686.0,1248.0,2479.0,138.0
105145,2011,116932.0,0.0,554.0,0.2843,0.2858,0.2896,0.2914,1.0778,o,738.0,1260.0,2421.0,118.0
105145,2012,106996.0,0.0,496.0,0.2781,0.2792,0.2821,0.2834,1.0581,o,702.0,984.0,2523.0,123.0
105145,2013,102428.0,0.0,502.0,0.2941,0.2938,0.293,0.2927,0.986,o,782.0,939.0,2478.0,116.0
105145,2014,104454.0,0.0,576.0,0.3309,0.3328,0.3378,0.34,1.0861,o,604.0,893.0,2599.0,125.0
105145,2015,99303.0,0.0,520.0,0.3142,0.3097,0.2984,0.2936,0.814,o,592.0,999.0,2671.0,120.0
105145,2016,93840.0,0.0,649.0,0.415,0.4104,0.3989,0.3939,0.8543,o,583.0,820.0,2653.0,124.0
105145,2017,88860.0,0.0,614.0,0.4146,0.4138,0.412,0.4111,0.9749,o,573.0,844.0,2669.0,118.0
105145,2018,88590.0,0.0,607.0,0.4111,0.4104,0.4085,0.4077,0.9753,o,518.0,863.0,2610.0,123.0
105145,2019,83310.0,0.0,665.0,0.4789,0.4753,0.466,0.4619,0.8962,o,583.0,959.0,2526.0,121.0
105145,2020,84630.0,0.0,648.0,0.4594,0.4616,0.4671,0.4696,1.0687,o,640.0,772.0,2488.0,103.0
105145,2021,79800.0,0.0,588.0,0.4421,0.4468,0.4591,0.4646,1.1626,o,446.0,910.0,2416.0,90.0
105145,2022,77949.0,0.0,662.0,0.5096,0.4984,0.4709,0.4592,0.7294,o,492.0,755.0,2271.0,108.0
105145,2023,79943.0,0.0,558.0,0.4188,0.4159,0.4086,0.4054,0.9061,o,457.0,813.0,2143.0,92.0
105145,2024,80066.0,0.0,605.0,0.4534,0.4526,0.4504,0.4495,0.9744,o,800.0,927.0,2358.0,97.0
105154,1998,354651.0,0.0,1054.0,0.1783,0.1763,0.1712,0.169,0.8505,o,,,,
105154,1999,380931.0,0.0,1121.0,0.1766,0.1776,0.1802,0.1814,1.086,o,,,,
105154,2000,368830.0,0.0,1013.0,0.1648,0.158,0.1417,0.135,0.5467,o,,,,
105154,2001,375316.0,0.0,1042.0,0.1666,0.1604,0.1457,0.1396,0.5849,o,,,,
105154,2002,401232.0,0.0,1196.0,0.1788,0.1762,0.1696,0.1668,0.8094,o,1457.0,,1788.0,
105154,2003,447596.0,0.0,1229.0,0.1647,0.1667,0.1716,0.1739,1.1783,o,1565.0,,1893.0,70.0
105154,2004,448137.0,0.0,1479.0,0.198,0.2005,0.2071,0.2101,1.1965,o,1514.0,,2046.0,77.0
105154,2005,474082.0,0.0,1631.0,0.2064,0.2064,0.2065,0.2066,1.002,o,1509.0,,2141.0,79.0
105154,2006,449955.0,0.0,1654.0,0.2206,0.2202,0.2195,0.2191,0.9802,o,1420.0,447.0,2259.0,88.0
105154,2007,432953.0,0.0,1692.0,0.2345,0.2335,0.2309,0.2297,0.9395,o,1259.0,385.0,2405.0,93.0
105154,2008,409597.0,0.0,1639.0,0.2401,0.2376,0.2312,0.2284,0.8597,o,3343.0,1561.0,2327.0,92.0
105154,2009,413778.0,0.0,1729.0,0.2507,0.2673,0.3151,0.339,2.4957,o,4322.0,1992.0,2495.0,97.0
105154,2010,465031.0,0.0,1773.0,0.2288,0.2391,0.2678,0.2817,1.8783,o,4448.0,2242.0,2479.0,96.0
105154,2011,482920.0,0.0,1952.0,0.2425,0.2451,0.2517,0.2547,1.1606,o,4251.0,2360.0,2421.0,77.0
105154,2012,460871.0,0.0,2062.0,0.2684,0.2679,0.2664,0.2657,0.9694,o,3865.0,1969.0,2523.0,78.0
105154,2013,441242.0,0.0,2095.0,0.2849,0.2825,0.2766,0.274,0.8886,o,3474.0,1744.0,2478.0,81.0
105154,2014,415334.0,0.0,2253.0,0.3255,0.322,0.3131,0.3092,0.8561,o,3330.0,1711.0,2599.0,86.0
105154,2015,394433.0,0.0,2114.0,0.3216,0.3194,0.3139,0.3114,0.9075,o,2747.0,1771.0,2671.0,94.0
105154,2016,364110.0,0.0,2226.0,0.3668,0.3614,0.3477,0.3418,0.8075,o,2738.0,1574.0,2653.0,98.0
105154,2017,360690.0,0.0,2216.0,0.3686,0.3659,0.3592,0.3562,0.9011,o,2379.0,1870.0,2669.0,98.0
105154,2018,343170.0,0.0,2207.0,0.3859,0.3821,0.3724,0.3682,0.8675,o,2470.0,2306.0,2610.0,96.0
105154,2019,344970.0,0.0,2209.0,0.3842,0.3833,0.3808,0.3798,0.9654,o,2314.0,2197.0,2526.0,95.0
105154,2020,345240.0,0.0,2131.0,0.3704,0.3691,0.3661,0.3647,0.9544,o,1655.0,1313.0,2488.0,92.0
105154,2021,279540.0,0.0,1592.0,0.3417,0.333,0.3116,0.3026,0.6919,o,1782.0,1777.0,2416.0,76.0
105154,2022,254552.0,0.0,1815.0,0.4278,0.4246,0.4165,0.4129,0.898,o,2317.0,1418.0,2271.0,96.0
105154,2023,250891.0,0.0,1569.0,0.3752,0.3832,0.4043,0.4141,1.3483,o,2332.0,1701.0,2143.0,93.0
105154,2024,268054.0,0.0,1931.0,0.4322,0.4362,0.4464,0.451,1.1378,o,2559.0,1366.0,2358.0,96.0
105163,1999,8616.0,0.0,93.0,0.6476,0.6476,0.6476,0.6476,,-,,,,
105163,2000,6777.0,0.0,68.0,0.6021,0.6021,0.6021,0.6021,,-,,,,
105163,2001,6997.0,0.0,71.0,0.6089,0.6089,0.6089,0.6089,,-,,,,
105163,2002,7658.0,0.0,63.0,0.4936,0.4936,0.4936,0.4936,,-,85.0,,20274.0,
105163,2003,8505.0,0.0,76.0,0.5362,0.5362,0.5362,0.5362,,-,95.0,,20188.0,768.0
105163,2004,10869.0,0.0,78.0,0.4306,0.4306,0.4306,0.4306,,-,86.0,,20716.0,990.0
105163,2005,13232.0,15.0,74.0,0.4716,0.4716,0.4716,0.4716,,-,76.0,,21807.0,790.0
105163,2006,12739.0,13.0,50.0,0.358,0.358,0.358,0.358,,-,69.0,30.0,22118.0,851.0
105163,2007,20677.0,10.0,56.0,0.2205,0.2205,0.2205,0.2205,,-,62.0,22.0,22504.0,512.0
105163,2008,13912.0,21.0,73.0,0.496,0.496,0.496,0.496,,-,71.0,19.0,22828.0,870.0
105163,2009,12837.0,43.0,89.0,0.8179,0.8179,0.8179,0.8179,,-,109.0,19.0,23533.0,943.0
105163,2010,15557.0,30.0,68.0,0.4937,0.4937,0.4937,0.4937,,-,63.0,15.0,24513.0,791.0
105163,2011,15088.0,45.0,119.0,0.8311,0.8311,0.8311,0.8311,,-,28.0,14.0,25194.0,977.0
105163,2012,15082.0,29.0,170.0,0.907,0.907,0.907,0.907,,-,53.0,2.0,24556.0,913.0
105163,2013,14039.0,50.0,116.0,0.9232,0.9232,0.9232,0.9232,,-,58.0,10.0,24126.0,941.0
105163,2014,12797.0,24.0,92.0,0.6564,0.6564,0.6564,0.6564,,-,62.0,2.0,23762.0,855.0
105163,2015,11663.0,43.0,95.0,0.9311,0.9311,0.9311,0.9311,,-,41.0,,23561.0,768.0
105172,1998,9293.0,40.0,143.0,1.4397,1.4397,1.4397,1.4397,,-,,,,
105172,1999,19516.0,54.0,131.0,0.7348,0.7348,0.7348,0.7348,,-,,,,
105172,2000,13045.0,47.0,126.0,1.0119,1.0119,1.0119,1.0119,,-,,,,
105172,2001,12025.0,42.0,132.0,1.0777,1.0777,1.0777,1.0777,,-,,,,
105172,2002,13189.0,50.0,87.0,0.8507,0.8507,0.8507,0.8507,,-,107.0,,18964.0,
105172,2003,15016.0,42.0,153.0,0.947,0.947,0.947,0.947,,-,102.0,,20188.0,716.0
105172,2004,15878.0,29.0,140.0,0.7482,0.7482,0.7482,0.7482,,-,104.0,,20716.0,873.0
105172,2005,18827.0,23.0,115.0,0.5131,0.5131,0.5131,0.5131,,-,143.0,,21807.0,714.0
105172,2006,23688.0,26.0,126.0,0.4509,0.4509,0.4509,0.4509,,-,117.0,60.0,22118.0,690.0
105172,2007,26477.0,33.0,126.0,0.4351,0.4351,0.4351,0.4351,,-,94.0,47.0,22504.0,667.0
105172,2008,22941.0,38.0,152.0,0.5963,0.5963,0.5963,0.5963,,-,103.0,21.0,22828.0,833.0
105172,2009,23264.0,64.0,139.0,0.6886,0.6886,0.6886,0.6886,,-,98.0,26.0,23533.0,919.0
105172,2010,24144.0,80.0,122.0,0.7008,0.7008,0.7008,0.7008,,-,117.0,20.0,24513.0,927.0
105172,2011,23115.0,72.0,170.0,0.8151,0.8151,0.8151,0.8151,,-,42.0,14.0,25194.0,979.0
105172,2012,20309.0,68.0,167.0,0.8952,0.8952,0.8952,0.8952,,-,65.0,6.0,24556.0,999.0
105172,2013,17238.0,74.0,178.0,1.1347,1.1347,1.1347,1.1347,,-,76.0,15.0,24126.0,974.0
105172,2014,15091.0,58.0,118.0,0.9304,0.9304,0.9304,0.9304,,-,66.0,,23762.0,861.0
105172,2015,12992.0,55.0,137.0,1.1407,1.1407,1.1407,1.1407,,-,52.0,3.0,23561.0,786.0
105206,1998,116370.0,0.0,133.0,0.0686,0.0696,0.0725,0.0738,1.2473,o,,,,
105206,2000,71290.0,0.0,183.0,0.154,0.1521,0.1474,0.1453,0.8378,o,,,,
105206,2001,64096.0,0.0,101.0,0.0945,0.1088,0.156,0.1831,7.4146,o,,,,
105206,2003,65524.0,0.0,198.0,0.1813,0.1667,0.1344,0.1221,0.3018,o,131.0,,1441.0,57.0
105206,2004,69592.0,0.0,209.0,0.1802,0.1805,0.1814,0.1818,1.0275,o,312.0,,1891.0,66.0
105206,2005,89765.0,0.0,224.0,0.1497,0.1582,0.1823,0.1941,2.1972,o,516.0,,2028.0,50.0
105206,2006,87968.0,0.0,253.0,0.1726,0.1831,0.2132,0.2281,2.3296,o,1355.0,,2150.0,66.0
105206,2007,90298.0,0.0,284.0,0.1887,0.205,0.2538,0.2791,3.2729,o,1460.0,,2269.0,59.0
105206,2008,96339.0,0.0,315.0,0.1962,0.2024,0.2193,0.2272,1.5607,o,1648.0,,2488.0,50.0
105206,2009,110735.0,0.0,307.0,0.1663,0.1682,0.173,0.1752,1.1709,o,1348.0,,2691.0,59.0
105206,2010,121315.0,0.0,359.0,0.1776,0.1758,0.1714,0.1694,0.8674,o,1303.0,,2888.0,49.0
105206,2011,125325.0,0.0,399.0,0.191,0.1892,0.1845,0.1824,0.8698,o,1031.0,216.0,2580.0,50.0
105206,2012,115892.0,0.0,496.0,0.2568,0.2523,0.2412,0.2364,0.7778,o,912.0,217.0,2678.0,63.0
105206,2013,99261.0,0.0,444.0,0.2684,0.2638,0.2523,0.2474,0.7815,o,981.0,215.0,2695.0,66.0
105206,2014,95651.0,0.0,395.0,0.2478,0.2479,0.2484,0.2486,1.0098,o,804.0,166.0,2686.0,69.0
105206,2015,84187.0,0.0,396.0,0.2822,0.279,0.2709,0.2674,0.8494,o,436.0,147.0,2726.0,76.0
105206,2016,78963.0,0.0,451.0,0.3427,0.3259,0.2865,0.2705,0.4885,o,582.0,9.0,2738.0,80.0
105206,2017,70749.0,0.0,367.0,0.3112,0.3099,0.3064,0.3048,0.9387,o,499.0,136.0,2692.0,88.0
105206,2018,72980.0,0.0,370.0,0.3042,0.3038,0.3027,0.3022,0.9804,o,404.0,112.0,2632.0,86.0
105206,2019,70839.0,0.0,335.0,0.2837,0.278,0.2638,0.2578,0.7475,o,481.0,130.0,2577.0,85.0
105206,2020,76600.0,0.0,427.0,0.3345,0.3359,0.3398,0.3415,1.0653,o,265.0,107.0,2539.0,83.0
105206,2021,61446.0,0.0,414.0,0.4043,0.39,0.3556,0.3413,0.5989,o,387.0,127.0,2465.0,80.0
105206,2022,64772.0,0.0,387.0,0.3585,0.3594,0.3618,0.3629,1.0375,o,483.0,93.0,2343.0,84.0
105206,2023,63269.0,0.0,419.0,0.3974,0.4084,0.4384,0.4524,1.4816,o,563.0,111.0,2211.0,143.0
105206,2024,71934.0,0.0,391.0,0.3261,0.3321,0.3479,0.3551,1.2943,o,822.0,136.0,2136.0,82.0
105215,2000,112042.0,0.0,0.0,0.0,0.0,0.0,0.0,,-,,,,
105215,2001,60230.0,0.0,0.0,0.0,0.0,0.0,0.0,,-,,,,
105215,2004,110940.0,0.0,0.0,0.0,0.0,0.0,0.0,,-,527.0,,,447.0
105215,2005,116979.0,0.0,0.0,0.0,0.0,0.0,0.0,,-,553.0,,,502.0
105215,2006,121684.0,0.0,0.0,0.0,0.0,0.0,0.0,,-,491.0,,,462.0
105215,2007,102836.0,0.0,0.0,0.0,0.0,0.0,0.0,,-,526.0,,,446.0
105215,2008,91654.0,0.0,0.0,0.0,0.0,0.0,0.0,,-,577.0,,,464.0
105215,2009,104140.0,0.0,0.0,0.0,0.0,0.0,0.0,,-,648.0,,,376.0
105215,2010,106450.0,0.0,0.0,0.0,0.0,0.0,0.0,,-,1052.0,,,472.0
105215,2011,133650.0,0.0,0.0,0.0,0.0,0.0,0.0,,-,709.0,,,344.0
105215,2012,88048.0,0.0,0.0,0.0,0.0,0.0,0.0,,-,414.0,,,601.0
105215,2013,89279.0,0.0,0.0,0.0,0.0,0.0,0.0,,-,277.0,,,493.0
105215,2014,82626.0,0.0,0.0,0.0,0.0,0.0,0.0,,-,254.0,,,429.0
105215,2015,67068.0,0.0,0.0,0.0,0.0,0.0,0.0,,-,173.0,,,459.0
105215,2016,55961.0,0.0,0.0,0.0,0.0,0.0,0.0,,-,229.0,,,462.0
105215,2017,48605.0,0.0,0.0,0.0,0.0,0.0,0.0,,-,129.0,,,452.0
105215,2018,42226.0,0.0,0.0,0.0,0.0,0.0,0.0,,-,172.0,,,407.0
105215,2019,40682.0,0.0,0.0,0.0,0.0,0.0,0.0,,-,182.0,,,434.0
105215,2020,39000.0,0.0,0.0,0.0,0.0,0.0,0.0,,-,285.0,,,338.0
105215,2021,30443.0,0.0,0.0,0.0,0.0,0.0,0.0,,-,337.0,98.0,,500.0
105215,2022,31472.0,0.0,54.0,0.1029,0.1029,0.1029,0.1029,,-,112.0,85.0,,468.0
105215,2023,25659.0,0.0,139.0,0.325,0.325,0.325,0.325,,-,110.0,69.0,,451.0
105215,2024,22596.0,0.0,116.0,0.308,0.308,0.308,0.308,,-,107.0,45.0,,478.0
105297,1998,55230.0,0.0,165.0,0.1793,0.161,0.1533,0.1433,0.6394,o,,,,
105297,1999,56700.0,0.0,124.0,0.1312,0.1011,0.0897,0.0762,0.3376,o,,,,
105297,2000,37245.0,0.0,137.0,0.2207,0.1593,0.1371,0.1118,0.2568,o,,,,
105297,2002,36415.0,0.0,318.0,0.524,0.6916,0.7854,0.9343,3.1794,o,416.0,,1143.0,
105297,2003,44993.0,0.0,139.0,0.1854,0.2647,0.3117,0.3895,4.4149,o,370.0,,1122.0,
105297,2004,40824.0,0.0,227.0,0.3336,0.355,0.3652,0.3796,1.2949,o,281.0,,1095.0,65.0
105297,2005,38833.0,0.0,209.0,0.3229,0.3044,0.2962,0.2855,0.7815,o,388.0,,1264.0,59.0
105297,2006,35656.0,0.0,232.0,0.3904,0.3707,0.362,0.3505,0.806,o,350.0,122.0,1324.0,31.0
105297,2007,35000.0,0.0,215.0,0.3686,0.363,0.3605,0.3571,0.9389,o,394.0,5.0,1285.0,26.0
105297,2008,33174.0,0.0,232.0,0.4196,0.4333,0.4397,0.4486,1.1429,o,512.0,59.0,1705.0,29.0
105297,2009,31307.0,0.0,172.0,0.3296,0.3545,0.3666,0.3836,1.3543,o,453.0,1.0,1676.0,25.0
105297,2010,45306.0,0.0,117.0,0.1549,0.1652,0.1702,0.1772,1.3076,o,626.0,28.0,1151.0,
105297,2011,52200.0,5.0,168.0,0.2046,0.2237,0.233,0.2464,1.4503,o,502.0,34.0,1124.0,
105297,2012,48083.0,7.0,146.0,0.1997,0.2104,0.2156,0.2228,1.245,o,426.0,83.0,1095.0,
105297,2013,40695.0,9.0,120.0,0.2035,0.2016,0.2007,0.1995,0.9617,o,255.0,32.0,1076.0,
105297,2014,31130.0,7.0,156.0,0.3277,0.2934,0.2789,0.2603,0.6311,o,224.0,46.0,1060.0,
105297,2015,32805.0,5.0,151.0,0.2945,0.2398,0.2182,0.1919,0.4246,o,232.0,39.0,946.0,27.0
105297,2016,29173.0,17.0,187.0,0.4545,0.3833,0.3545,0.3186,0.4914,o,138.0,130.0,940.0,24.0
105297,2017,29836.0,11.0,131.0,0.3077,0.2658,0.2485,0.2268,0.5433,o,126.0,129.0,924.0,
105297,2018,28134.0,28.0,138.0,0.4137,0.3586,0.3359,0.3072,0.5511,o,194.0,132.0,1757.0,
105297,2019,26887.0,41.0,127.0,0.4664,0.4284,0.412,0.3907,0.7018,o,189.0,99.0,1720.0,
105297,2020,24468.0,45.0,96.0,0.4561,0.4599,0.4617,0.464,1.0351,o,105.0,96.0,1695.0,
105297,2021,29184.0,39.0,89.0,0.3433,0.3523,0.3565,0.3623,1.1136,o,89.0,48.0,1646.0,
105297,2022,26538.0,58.0,116.0,0.5245,0.4652,0.4402,0.4084,0.6062,o,164.0,81.0,1547.0,
105297,2023,32303.0,33.0,66.0,0.2452,0.222,0.2121,0.1993,0.6606,o,140.0,97.0,1460.0,
105297,2024,35724.0,52.0,123.0,0.3813,0.3843,0.3857,0.3877,1.034,o,98.0,74.0,1410.0,
105330,1998,484410.0,2752.0,0.0,0.6817,0.6882,0.6912,0.6953,1.0403,o,,,,
105330,1999,480810.0,2642.0,0.0,0.6594,0.6503,0.6462,0.6407,0.9441,o,,,,
105330,2000,390382.0,2969.0,0.0,0.9126,0.9071,0.9046,0.9011,0.9749,o,,,,
105330,2001,380864.0,2912.0,0.0,0.9175,0.9419,0.9533,0.9691,1.1156,o,,,,
105330,2002,427652.0,2942.0,0.0,0.8255,0.8589,0.8747,0.8967,1.1797,o,2396.0,,4310.0,
105330,2003,418659.0,2779.0,0.0,0.7965,0.8148,0.8233,0.835,1.099,o,2352.0,,4393.0,160.0
105330,2004,401580.0,2931.0,0.0,0.8758,0.8819,0.8847,0.8886,1.0293,o,2528.0,,5818.0,217.0
105330,2005,401820.0,2829.0,0.0,0.8449,0.8483,0.8499,0.852,1.0171,o,2279.0,,6556.0,219.0
105330,2006,401400.0,2848.0,0.0,0.8514,0.8504,0.85,0.8494,0.9952,o,2846.0,1721.0,6845.0,234.0
105330,2007,422910.0,2877.0,0.0,0.8163,0.8315,0.8385,0.8481,1.0794,o,3171.0,1816.0,6875.0,236.0
105330,2008,411407.0,2873.0,0.0,0.838,0.8812,0.9017,0.9305,1.233,o,3588.0,1835.0,7264.0,268.0
105330,2009,420746.0,3151.0,0.0,0.8987,0.9753,1.0125,1.0656,1.4061,o,3702.0,1963.0,7843.0,309.0
105330,2010,463290.0,3400.0,0.0,0.8807,0.9584,0.9963,1.0503,1.4224,o,4132.0,2296.0,9480.0,322.0
105330,2011,536302.0,3782.0,0.0,0.8462,0.9016,0.9281,0.9656,1.302,o,3818.0,2302.0,10703.0,316.0
105330,2012,553687.0,4207.0,0.0,0.9118,0.948,0.9651,0.9889,1.1762,o,4197.0,2369.0,12009.0,327.0
105330,2013,589336.0,4427.0,0.0,0.9014,0.9222,0.9318,0.9452,1.0995,o,4728.0,2478.0,12395.0,330.0
105330,2014,608132.0,4960.0,0.0,0.9787,1.0098,1.0244,1.0447,1.1393,o,4892.0,2783.0,12821.0,355.0
105330,2015,637742.0,4964.0,0.0,0.934,0.9778,0.9985,1.0275,1.2101,o,5218.0,3189.0,13042.0,366.0
105330,2016,678579.0,5119.0,0.0,0.9052,0.9571,0.9819,1.0167,1.2614,o,5607.0,3041.0,13428.0,361.0
105330,2017,705607.0,5901.0,0.0,1.0036,1.0511,1.0737,1.1052,1.2129,o,5900.0,2836.0,13722.0,375.0
105330,2018,724787.0,6042.0,0.0,1.0003,1.0443,1.0651,1.0941,1.1962,o,5869.0,2534.0,13783.0,355.0
105330,2019,720754.0,6123.0,0.0,1.0194,1.0573,1.0751,1.0999,1.1641,o,5455.0,2461.0,14110.0,349.0
105330,2020,713444.0,6259.0,0.0,1.0528,1.0642,1.0695,1.0767,1.0461,o,5217.0,2317.0,14298.0,338.0
105330,2021,672204.0,6198.0,0.0,1.1064,1.0866,1.0777,1.0655,0.9274,o,5297.0,2053.0,13885.0,322.0
105330,2022,639090.0,5874.0,0.0,1.1029,1.0735,1.0603,1.0425,0.8934,o,5575.0,1777.0,13050.0,289.0
105330,2023,628155.0,5268.0,0.0,1.0064,0.9966,0.9921,0.9861,0.9601,o,5473.0,1718.0,12705.0,265.0
105330,2024,644123.0,5205.0,0.0,0.9697,0.9778,0.9815,0.9866,1.0352,o,4975.0,1582.0,12652.0,254.0
105349,1998,63060.0,0.0,127.0,0.1208,0.1089,0.0833,0.074,0.2261,o,,,,
105349,1999,60413.0,0.0,166.0,0.1649,0.1867,0.257,0.2962,5.9045,o,,,,
105349,2000,63446.0,0.0,113.0,0.1069,0.1047,0.0992,0.0969,0.7434,o,,,,
105349,2001,75415.0,0.0,131.0,0.1042,0.1002,0.0906,0.0866,0.5698,o,,,,
105349,2002,61705.0,0.0,150.0,0.1459,0.1427,0.1349,0.1315,0.731,o,257.0,,1233.0,
105349,2003,86538.0,0.0,133.0,0.0922,0.0904,0.0859,0.084,0.7537,o,235.0,,1292.0,46.0
105349,2004,85702.0,0.0,155.0,0.1085,0.1074,0.1046,0.1033,0.8624,o,293.0,,1393.0,48.0
105349,2005,74113.0,0.0,151.0,0.1222,0.1238,0.1277,0.1295,1.1911,o,248.0,,1468.0,56.0
105349,2006,70622.0,0.0,163.0,0.1385,0.1379,0.1363,0.1357,0.9394,o,312.0,,1571.0,53.0
105349,2007,114767.0,0.0,170.0,0.0889,0.0898,0.0921,0.0932,1.1534,o,153.0,10.0,1452.0,31.0
105349,2008,130775.0,0.0,145.0,0.0665,0.0638,0.0572,0.0545,0.5464,o,202.0,20.0,1545.0,28.0
105349,2009,87868.0,0.0,158.0,0.1079,0.1068,0.1042,0.103,0.8688,o,335.0,40.0,1658.0,46.0
105349,2010,71102.0,0.0,187.0,0.1578,0.165,0.185,0.1946,1.8873,o,424.0,228.0,1784.0,62.0
105349,2011,65252.0,0.0,143.0,0.1315,0.1358,0.1474,0.1529,1.5791,o,414.0,303.0,1974.0,50.0
105349,2012,61917.0,0.0,176.0,0.1706,0.1716,0.1743,0.1755,1.0909,o,212.0,906.0,2076.0,59.0
105349,2013,58929.0,0.0,154.0,0.1568,0.1495,0.1322,0.1252,0.506,o,181.0,530.0,2083.0,56.0
105349,2014,55309.0,0.0,181.0,0.1964,0.189,0.1712,0.1639,0.5783,o,219.0,404.0,2114.0,55.0
105349,2015,57020.0,0.0,194.0,0.2041,0.2057,0.2097,0.2116,1.1145,o,150.0,407.0,2172.0,54.0
105349,2016,57227.0,0.0,170.0,0.1782,0.1747,0.1659,0.1621,0.75,o,181.0,327.0,2219.0,56.0
105349,2017,53601.0,0.0,211.0,0.2362,0.2359,0.2351,0.2347,0.981,o,215.0,392.0,2244.0,57.0
105349,2018,51863.0,0.0,197.0,0.2279,0.2321,0.2433,0.2485,1.2991,o,86.0,423.0,2253.0,56.0
105349,2019,51707.0,0.0,181.0,0.21,0.1981,0.1705,0.1595,0.4343,o,126.0,447.0,2277.0,57.0
105349,2020,43865.0,0.0,174.0,0.238,0.2351,0.2277,0.2244,0.8372,o,71.0,437.0,2861.0,64.0
105349,2021,42632.0,0.0,160.0,0.2252,0.219,0.2037,0.1973,0.6698,o,86.0,434.0,2834.0,32.0
105349,2022,40893.0,0.0,171.0,0.2509,0.2485,0.2425,0.2399,0.8731,o,128.0,277.0,2664.0,44.0
105349,2023,41913.0,0.0,160.0,0.229,0.237,0.2588,0.2692,1.6306,o,106.0,281.0,2513.0,40.0
105349,2024,47840.0,0.0,154.0,0.1931,0.193,0.1927,0.1925,0.9907,o,97.0,284.0,2428.0,30.0
105367,1998,31320.0,156.0,0.0,0.5977,0.5977,0.5977,0.5977,,n,,,,
105367,1999,32318.0,373.0,0.0,1.385,1.385,1.385,1.385,,n,,,,
105367,2000,21583.0,447.0,0.0,2.4853,2.4853,2.4853,2.4853,,n,,,,
105367,2001,24215.0,352.0,0.0,1.7444,1.7444,1.7444,1.7444,,n,,,,
105367,2002,29281.0,348.0,0.0,1.4262,1.4262,1.4262,1.4262,,n,,,,
105367,2003,26230.0,391.0,0.0,1.7888,1.7888,1.7888,1.7888,,n,,,,266.0
105367,2004,23616.0,485.0,0.0,2.4644,2.4644,2.4644,2.4644,,n,,,,
105367,2005,24338.0,347.0,0.0,1.7109,1.7109,1.7109,1.7109,,n,,,,
105367,2006,22421.0,373.0,0.0,1.9963,1.9963,1.9963,1.9963,,n,,112.0,,
105367,2007,22626.0,385.0,0.0,2.0419,2.0419,2.0419,2.0419,,n,,115.0,,
105367,2008,20533.0,362.0,0.0,2.1156,2.1156,2.1156,2.1156,,n,,88.0,,
105367,2009,17090.0,320.0,0.0,2.2469,2.2469,2.2469,2.2469,,n,1.0,101.0,,
105367,2010,17080.0,238.0,0.0,1.6721,1.6721,1.6721,1.6721,,n,,91.0,14181.0,
105367,2011,16283.0,231.0,0.0,1.7024,1.7024,1.7024,1.7024,,n,,98.0,,
105367,2012,15862.0,287.0,0.0,2.1712,2.1712,2.1712,2.1712,,n,4.0,66.0,,
105367,2013,11600.0,198.0,0.0,2.0483,2.0483,2.0483,2.0483,,n,,70.0,14651.0,
105367,2014,10175.0,186.0,0.0,2.1936,2.7996,2.9445,3.3404,2.3189,i,1.0,75.0,,
105367,2015,9925.0,140.0,0.0,1.6927,1.5453,1.5165,1.4467,0.7304,i,1.0,48.0,15235.0,
105367,2016,9219.0,178.0,0.0,2.317,1.6447,1.5321,1.2833,0.3068,i,1.0,69.0,,
105367,2017,9173.0,142.0,0.0,1.8576,1.3508,1.2646,1.0725,0.3333,i,,76.0,,
105367,2018,9445.0,134.0,0.0,1.7025,1.7025,1.7025,1.7025,,n,,86.0,,
105367,2019,9934.0,122.0,0.0,1.4737,1.4737,1.4737,1.4737,,n,,80.0,,
105367,2020,9293.0,121.0,0.0,1.5625,1.5625,1.5625,1.5625,,n,,83.0,,
105367,2021,9199.0,136.0,0.0,1.7741,1.7741,1.7741,1.7741,,n,,51.0,,
105367,2022,8048.0,145.0,0.0,2.162,2.162,2.162,2.162,,n,,,,
105428,1998,167748.0,0.0,623.0,0.2228,0.2215,0.218,0.2164,0.9153,o,,,,
105428,1999,174769.0,0.0,602.0,0.2067,0.2063,0.2054,0.205,0.9753,o,,,,
105428,2000,179932.0,0.0,542.0,0.1807,0.17,0.1452,0.1353,0.4161,o,,,,
105428,2001,180453.0,0.0,703.0,0.2337,0.2265,0.2089,0.2016,0.6384,o,,,,
105428,2002,188916.0,0.0,677.0,0.215,0.218,0.2258,0.2293,1.2156,o,1011.0,,1788.0,
105428,2003,206073.0,0.0,743.0,0.2163,0.2177,0.2213,0.223,1.0959,o,1071.0,,1893.0,61.0
105428,2004,207241.0,0.0,828.0,0.2397,0.2408,0.2437,0.245,1.0678,o,897.0,,2046.0,65.0
105428,2005,205414.0,0.0,822.0,0.2401,0.2376,0.2313,0.2286,0.8617,o,681.0,,2141.0,67.0
105428,2006,196367.0,0.0,817.0,0.2496,0.2433,0.2277,0.2211,0.6921,o,713.0,352.0,2259.0,76.0
105428,2007,187594.0,0.0,863.0,0.276,0.2741,0.2691,0.2669,0.9037,o,771.0,419.0,2405.0,83.0
105428,2008,175445.0,0.0,810.0,0.277,0.279,0.2841,0.2864,1.1062,o,982.0,968.0,2327.0,84.0
105428,2009,177347.0,0.0,782.0,0.2646,0.2698,0.2838,0.2902,1.3234,o,1561.0,1376.0,2495.0,87.0
105428,2010,204638.0,0.0,831.0,0.2436,0.2537,0.2815,0.2948,1.7809,o,1912.0,1496.0,2479.0,83.0
105428,2011,227262.0,0.0,901.0,0.2379,0.2448,0.2634,0.2722,1.5037,o,1656.0,1414.0,2421.0,60.0
105428,2012,214106.0,0.0,1002.0,0.2808,0.2799,0.2775,0.2764,0.9536,o,1628.0,1348.0,2523.0,62.0
105428,2013,210038.0,0.0,1024.0,0.2925,0.2907,0.2859,0.2838,0.9126,o,1786.0,1367.0,2478.0,61.0
105428,2014,209322.0,0.0,1057.0,0.303,0.3048,0.3094,0.3115,1.0877,o,1504.0,1407.0,2599.0,65.0
105428,2015,202600.0,0.0,1122.0,0.3323,0.3293,0.3219,0.3187,0.8811,o,1382.0,1295.0,2671.0,62.0
105428,2016,198630.0,0.0,1110.0,0.3353,0.3312,0.321,0.3166,0.8401,o,1542.0,1262.0,2653.0,69.0
105428,2017,193590.0,0.0,1096.0,0.3397,0.3413,0.3454,0.3472,1.0686,o,1239.0,1292.0,2669.0,72.0
105428,2018,191880.0,0.0,1064.0,0.3327,0.3289,0.3192,0.315,0.8475,o,1242.0,1398.0,2610.0,71.0
105428,2019,180630.0,0.0,1135.0,0.377,0.374,0.3665,0.3632,0.8932,o,1233.0,1522.0,2526.0,77.0
105428,2020,182370.0,0.0,1112.0,0.3658,0.3657,0.3653,0.3651,0.994,o,790.0,661.0,2488.0,71.0
105428,2021,154050.0,0.0,951.0,0.3704,0.3589,0.3311,0.3194,0.6384,o,903.0,1056.0,2416.0,55.0
105428,2022,141995.0,0.0,1033.0,0.4365,0.433,0.4243,0.4205,0.8927,o,1146.0,1078.0,2271.0,76.0
105428,2023,157027.0,0.0,995.0,0.3802,0.3883,0.4101,0.4202,1.3538,o,1277.0,1180.0,2143.0,67.0
105428,2024,164835.0,0.0,939.0,0.3418,0.3471,0.3611,0.3676,1.2465,o,1326.0,991.0,2358.0,74.0
105516,1999,161310.0,610.0,0.0,0.4538,0.4538,0.4538,0.4538,,x,,,,
105516,2000,164520.0,1344.0,0.0,0.9803,0.9803,0.9803,0.9803,,x,,,,
105516,2001,96098.0,1044.0,1.0,1.3043,1.3043,1.3043,1.3043,,x,,,,
105516,2003,86595.0,1004.0,3.0,1.3934,1.3934,1.3934,1.3934,,x,20.0,,14275.0,640.0
105516,2004,131866.0,1127.0,7.0,1.0288,1.0288,1.0288,1.0288,,x,284.0,,14527.0,434.0
105516,2005,132650.0,1134.0,5.0,1.0281,1.0281,1.0281,1.0281,,x,258.0,,14631.0,439.0
105516,2006,117122.0,1097.0,4.0,1.126,1.126,1.126,1.126,,x,126.0,299.0,15215.0,472.0
105516,2007,145950.0,986.0,0.0,0.8107,0.8107,0.8107,0.8107,,x,150.0,392.0,15698.0,300.0
105516,2008,83143.0,902.0,21.0,1.317,1.317,1.317,1.317,,x,190.0,518.0,16155.0,585.0
105516,2009,100514.0,944.0,0.0,1.127,1.127,1.127,1.127,,x,123.0,409.0,16748.0,403.0
105516,2010,109631.0,864.0,0.0,0.9457,0.9457,0.9457,0.9457,,x,130.0,346.0,13380.0,405.0
105516,2011,108833.0,849.0,0.0,0.9361,0.9361,0.9361,0.9361,,x,123.0,343.0,14574.0,417.0
105516,2012,104711.0,733.0,0.0,0.84,0.84,0.84,0.84,,x,79.0,297.0,14774.0,392.0
105516,2013,81639.0,720.0,3.0,1.0605,1.0605,1.0605,1.0605,,x,44.0,196.0,15132.0,443.0
105525,1998,456131.0,0.0,1035.0,0.1361,0.1374,0.1408,0.1423,1.1438,o,,,,
105525,1999,467573.0,0.0,1063.0,0.1364,0.134,0.1281,0.1255,0.7767,o,,,,
105525,2000,495942.0,0.0,1192.0,0.1442,0.1431,0.1403,0.1391,0.8959,o,,,,
105525,2001,497029.0,0.0,1351.0,0.1631,0.1699,0.1889,0.198,1.801,o,,,,
105525,2002,528450.0,0.0,1412.0,0.1603,0.1548,0.1415,0.1359,0.6066,o,4781.0,,1535.0,
105525,2003,559724.0,0.0,1515.0,0.1624,0.1612,0.158,0.1567,0.8965,o,5088.0,,1608.0,61.0
105525,2004,571200.0,0.0,1742.0,0.183,0.1857,0.193,0.1963,1.2375,o,5890.0,,1688.0,69.0
105525,2005,575831.0,0.0,1835.0,0.1912,0.1936,0.1999,0.2027,1.1936,o,5448.0,,1687.0,69.0
105525,2006,553330.0,0.0,1750.0,0.1898,0.1897,0.1894,0.1893,0.9925,o,5574.0,3341.0,1770.0,76.0
105525,2007,554520.0,0.0,2081.0,0.2252,0.2249,0.2242,0.2239,0.9832,o,6043.0,3579.0,1791.0,73.0
105525,2008,577230.0,0.0,2359.0,0.2452,0.2468,0.2509,0.2528,1.0965,o,6575.0,3865.0,1838.0,77.0
105525,2009,591030.0,0.0,2232.0,0.2266,0.2286,0.2337,0.236,1.132,o,6619.0,4311.0,1876.0,81.0
105525,2010,629814.0,0.0,2170.0,0.2067,0.2074,0.2092,0.21,1.0491,o,7023.0,4104.0,1933.0,73.0
105525,2011,655179.0,0.0,2283.0,0.2091,0.21,0.2124,0.2134,1.0646,o,6981.0,2499.0,1971.0,67.0
105525,2012,639868.0,0.0,2775.0,0.2602,0.2606,0.2617,0.2622,1.0235,o,5422.0,2122.0,2084.0,64.0
105525,2013,558348.0,0.0,2630.0,0.2826,0.2776,0.2651,0.2597,0.7744,o,5264.0,1844.0,2208.0,72.0
105525,2014,512877.0,0.0,2633.0,0.308,0.3045,0.2957,0.2918,0.8488,o,5192.0,1444.0,2270.0,77.0
105525,2015,469685.0,0.0,2848.0,0.3638,0.3631,0.3612,0.3604,0.9717,o,5100.0,1251.0,2407.0,77.0
105525,2016,429652.0,0.0,2705.0,0.3777,0.3771,0.3754,0.3747,0.9755,o,4834.0,1434.0,2559.0,84.0
105525,2017,406862.0,0.0,2649.0,0.3906,0.3889,0.3846,0.3827,0.9394,o,4474.0,1367.0,2608.0,90.0
105525,2018,416195.0,0.0,2365.0,0.3409,0.3385,0.3322,0.3294,0.9007,o,3725.0,1207.0,2640.0,85.0
105525,2019,390505.0,0.0,2257.0,0.3468,0.3414,0.328,0.3222,0.8004,o,3371.0,1731.0,2614.0,86.0
105525,2020,404665.0,0.0,2050.0,0.304,0.2998,0.2894,0.285,0.8223,o,2107.0,1072.0,2632.0,86.0
105525,2021,337384.0,0.0,1617.0,0.2876,0.2773,0.2524,0.2421,0.5939,o,2296.0,1049.0,2626.0,79.0
105525,2022,335895.0,0.0,1807.0,0.3228,0.3188,0.3089,0.3045,0.8383,o,2797.0,1329.0,2468.0,77.0
105525,2023,371872.0,0.0,1883.0,0.3038,0.3089,0.3226,0.3288,1.2705,o,3730.0,1607.0,2379.0,69.0
105525,2024,388337.0,0.0,1954.0,0.3019,0.3101,0.3321,0.3424,1.4648,o,4312.0,2558.0,2370.0,65.0
105534,1998,18480.0,0.0,49.0,0.1591,0.1591,0.1591,0.1591,,-,,,,
105534,1999,15180.0,0.0,56.0,0.2213,0.2213,0.2213,0.2213,,-,,,,
105534,2001,23081.0,0.0,55.0,0.143,0.143,0.143,0.143,,-,,,,
105534,2019,80708.0,332.0,419.0,0.8051,0.8051,0.8051,0.8051,,-,224.0,387.0,,370.0
105534,2020,94084.0,285.0,466.0,0.6607,0.6607,0.6607,0.6607,,-,143.0,475.0,,296.0
105534,2021,94450.0,279.0,436.0,0.6314,0.6314,0.6314,0.6314,,-,184.0,567.0,,315.0
105534,2022,87510.0,274.0,567.0,0.7645,0.7645,0.7645,0.7645,,-,141.0,512.0,,343.0
105534,2023,93584.0,280.0,467.0,0.6584,0.6584,0.6584,0.6584,,-,179.0,566.0,,301.0
105534,2024,122098.0,371.0,503.0,0.6118,0.6118,0.6118,0.6118,,-,150.0,437.0,,254.0
105589,1998,36690.0,173.0,0.0,0.5658,0.629,0.643,0.6791,1.4407,o,,,,
105589,1999,34105.0,249.0,0.0,0.8761,0.9094,0.9164,0.9342,1.137,o,,,,
105589,2000,39985.0,227.0,0.0,0.6813,0.8131,0.8435,0.9243,1.8409,o,,,,
105589,2001,39239.0,252.0,0.0,0.7707,1.0018,1.0577,1.2113,2.4706,o,,,,
105589,2002,37990.0,248.0,0.0,0.7834,0.9899,1.039,1.1727,2.241,o,44.0,,24260.0,
105589,2003,36650.0,215.0,0.0,0.704,0.6776,0.6722,0.6591,0.8765,o,32.0,,25108.0,416.0
105589,2004,37056.0,263.0,0.0,0.8517,0.6343,0.5967,0.5124,0.3619,o,41.0,,25903.0,386.0
105589,2005,38819.0,217.0,0.0,0.6708,0.5114,0.4835,0.4202,0.3925,o,53.0,,26268.0,385.0
105589,2006,34215.0,259.0,0.0,0.9084,0.8059,0.7862,0.7391,0.662,o,56.0,185.0,26924.0,460.0
105589,2007,32073.0,211.0,0.0,0.7894,0.8765,0.8957,0.9454,1.4342,o,69.0,139.0,29560.0,483.0
105589,2008,33870.0,214.0,0.0,0.7582,0.8862,0.9152,0.9921,1.7123,o,89.0,148.0,30920.0,474.0
105589,2009,33931.0,196.0,0.0,0.6932,0.8058,0.8313,0.8987,1.6809,o,73.0,149.0,32721.0,496.0
105589,2010,25440.0,257.0,0.0,1.2123,1.3599,1.3926,1.4779,1.4862,o,76.0,171.0,35227.0,627.0
105589,2011,25340.0,196.0,0.0,0.9282,0.9767,0.987,1.0134,1.192,o,63.0,139.0,36622.0,668.0
105589,2012,24074.0,202.0,0.0,1.0069,0.9702,0.9627,0.9444,0.8797,o,64.0,88.0,37865.0,654.0
105589,2013,20403.0,209.0,0.0,1.2292,1.1455,1.1288,1.0884,0.784,o,40.0,96.0,38526.0,667.0
105589,2014,15842.0,153.0,0.0,1.1589,1.0442,1.0219,0.9682,0.698,o,41.0,77.0,39145.0,768.0
105589,2015,12880.0,104.0,0.0,0.9689,0.8285,0.8021,0.7397,0.5827,o,35.0,73.0,34484.0,752.0
105589,2016,10987.0,115.0,0.0,1.256,1.0823,1.0494,0.9716,0.5984,o,47.0,67.0,35656.0,751.0
105589,2017,9417.0,116.0,0.0,1.4782,1.3797,1.3602,1.3126,0.7885,o,64.0,59.0,36896.0,789.0
105589,2018,11346.0,79.0,0.0,0.8355,0.9155,0.933,0.9781,1.3704,o,46.0,81.0,38013.0,663.0
105589,2019,11813.0,104.0,0.0,1.0565,1.176,1.2024,1.271,1.4474,o,51.0,159.0,38418.0,593.0
105589,2020,14200.0,122.0,0.0,1.031,1.0825,1.0934,1.1213,1.1829,o,53.0,64.0,39127.0,550.0
105589,2021,12356.0,126.0,0.0,1.2237,1.2008,1.1961,1.1845,0.9369,o,37.0,58.0,39300.0,514.0
105589,2022,11341.0,120.0,0.0,1.2697,1.1979,1.1836,1.1485,0.8182,o,33.0,34.0,38068.0,502.0
105589,2023,9846.0,102.0,0.0,1.2431,1.1309,1.109,1.0561,0.7216,o,23.0,36.0,36696.0,494.0
105589,2024,7981.0,132.0,0.0,1.9847,1.6586,1.5981,1.4564,0.5385,o,10.0,45.0,35685.0,517.0
105659,1999,10620.0,0.0,6.0,0.0339,0.0339,0.0339,0.0339,,-,,,,
105659,2000,7344.0,0.0,5.0,0.0408,0.0408,0.0408,0.0408,,-,,,,
105659,2002,19127.0,0.0,9.0,0.0282,0.0282,0.0282,0.0282,,-,328.0,,,
105659,2008,22511.0,0.0,25.0,0.0666,0.0666,0.0666,0.0666,,-,285.0,,,208.0
105659,2009,26046.0,0.0,25.0,0.0576,0.0576,0.0576,0.0576,,-,202.0,,,240.0
105659,2010,28278.0,0.0,39.0,0.0827,0.0827,0.0827,0.0827,,-,218.0,,,242.0
105659,2011,36240.0,0.0,52.0,0.0861,0.0861,0.0861,0.0861,,-,213.0,,,379.0
105659,2012,33161.0,0.0,87.0,0.1574,0.1574,0.1574,0.1574,,-,160.0,,,421.0
105659,2013,25272.0,0.0,44.0,0.1045,0.1045,0.1045,0.1045,,-,201.0,,,453.0
105659,2014,26844.0,0.0,34.0,0.076,0.076,0.076,0.076,,-,202.0,,,459.0
105659,2015,28419.0,0.0,64.0,0.1351,0.1351,0.1351,0.1351,,-,161.0,,,464.0
105659,2016,27255.0,0.0,80.0,0.1761,0.1761,0.1761,0.1761,,-,173.0,,,482.0
105659,2017,26190.0,0.0,84.0,0.1924,0.1924,0.1924,0.1924,,-,187.0,,,498.0
105659,2018,31161.0,0.0,61.0,0.1175,0.1175,0.1175,0.1175,,-,294.0,,,388.0
105659,2019,33210.0,0.0,53.0,0.0958,0.0958,0.0958,0.0958,,-,297.0,,,535.0
105659,2020,31879.0,0.0,57.0,0.1073,0.1073,0.1073,0.1073,,-,253.0,,,564.0
105659,2021,30679.0,0.0,42.0,0.0821,0.0821,0.0821,0.0821,,-,343.0,,,596.0
105659,2022,29040.0,0.0,28.0,0.0579,0.0579,0.0579,0.0579,,-,342.0,,,597.0
105659,2023,36854.0,0.0,46.0,0.0749,0.0749,0.0749,0.0749,,-,290.0,,,634.0
105659,2024,41309.0,0.0,55.0,0.0799,0.0799,0.0799,0.0799,,-,455.0,,,692.0
105668,1998,182273.0,0.0,155.0,0.051,0.0491,0.0446,0.0427,0.5832,o,,,,
105668,1999,215890.0,0.0,151.0,0.042,0.0429,0.0454,0.0465,1.3641,o,,,,
105668,2000,219287.0,0.0,172.0,0.0471,0.0432,0.0347,0.0314,0.2947,o,,,,
105668,2001,245265.0,0.0,165.0,0.0404,0.0374,0.0306,0.028,0.3305,o,,,,
105668,2002,246036.0,0.0,192.0,0.0468,0.05,0.059,0.0635,2.5202,o,102.0,,1788.0,
105668,2003,272162.0,0.0,184.0,0.0406,0.0395,0.0369,0.0358,0.6869,o,97.0,,1893.0,94.0
105668,2004,298172.0,0.0,209.0,0.0421,0.0406,0.0371,0.0357,0.6062,o,83.0,,2046.0,99.0
105668,2005,328463.0,0.0,245.0,0.0448,0.0442,0.0428,0.0422,0.8342,o,81.0,,2141.0,99.0
105668,2006,348600.0,0.0,311.0,0.0535,0.0531,0.0521,0.0517,0.9,o,74.0,135.0,2259.0,103.0
105668,2007,363819.0,0.0,356.0,0.0587,0.0583,0.0572,0.0568,0.9024,o,173.0,189.0,2405.0,112.0
105668,2008,366892.0,0.0,352.0,0.0576,0.0609,0.0704,0.075,2.2323,o,646.0,1928.0,2327.0,107.0
105668,2009,358115.0,0.0,379.0,0.0635,0.0713,0.096,0.1096,5.2308,o,981.0,2379.0,2495.0,104.0
105668,2010,366597.0,0.0,428.0,0.07,0.0745,0.0871,0.0935,2.3956,o,1396.0,2497.0,2479.0,107.0
105668,2011,431358.0,0.0,484.0,0.0673,0.0699,0.0771,0.0805,1.716,o,1808.0,2472.0,2421.0,102.0
105668,2012,427882.0,0.0,553.0,0.0775,0.0799,0.0861,0.0891,1.5212,o,981.0,2118.0,2523.0,115.0
105668,2013,414445.0,0.0,571.0,0.0827,0.0799,0.0731,0.0703,0.6124,o,572.0,2093.0,2478.0,119.0
105668,2014,377488.0,0.0,662.0,0.1052,0.0989,0.0842,0.0784,0.4102,o,446.0,1761.0,2599.0,132.0
105668,2015,374811.0,0.0,681.0,0.109,0.1049,0.0949,0.0908,0.5744,o,305.0,1636.0,2671.0,128.0
105668,2016,345540.0,0.0,667.0,0.1158,0.1117,0.1019,0.0978,0.5992,o,337.0,1553.0,2653.0,132.0
105668,2017,352080.0,0.0,613.0,0.1045,0.1037,0.1017,0.1008,0.8975,o,299.0,1710.0,2669.0,122.0
105668,2018,334500.0,0.0,604.0,0.1083,0.1078,0.1064,0.1058,0.9315,o,404.0,2136.0,2610.0,122.0
105668,2019,316260.0,0.0,718.0,0.1362,0.1385,0.1446,0.1474,1.2704,o,382.0,1755.0,2526.0,127.0
105668,2020,333270.0,0.0,866.0,0.1559,0.1568,0.1592,0.1603,1.0868,o,335.0,1529.0,2488.0,125.0
105668,2021,290430.0,0.0,795.0,0.1642,0.1624,0.1578,0.1558,0.8524,o,284.0,981.0,2416.0,102.0
105668,2022,247015.0,0.0,699.0,0.1698,0.167,0.1602,0.1572,0.7922,o,833.0,835.0,2271.0,111.0
105668,2023,265050.0,0.0,768.0,0.1739,0.1863,0.2227,0.241,2.6914,o,1157.0,1349.0,2143.0,107.0
105668,2024,327150.0,0.0,656.0,0.1203,0.1266,0.1443,0.153,2.0716,o,794.0,965.0,2358.0,106.0
105747,1998,138731.0,0.0,463.0,0.2002,0.1974,0.1902,0.1871,0.8138,o,,,,
105747,1999,144564.0,0.0,359.0,0.149,0.1462,0.1392,0.1363,0.7626,o,,,,
105747,2000,151449.0,0.0,416.0,0.1648,0.1612,0.1523,0.1485,0.7294,o,,,,
105747,2001,159482.0,0.0,414.0,0.1558,0.1404,0.1075,0.0955,0.2273,o,,,,
105747,2002,173523.0,0.0,412.0,0.1425,0.1475,0.1613,0.1678,1.6423,o,605.0,,1788.0,
105747,2003,190539.0,0.0,473.0,0.1489,0.1572,0.1806,0.1921,2.1607,o,634.0,,1893.0,86.0
105747,2004,191887.0,0.0,529.0,0.1654,0.1676,0.1732,0.1758,1.2019,o,635.0,,2046.0,92.0
105747,2005,190780.0,0.0,587.0,0.1846,0.1849,0.1858,0.1861,1.025,o,517.0,,2141.0,98.0
105747,2006,180192.0,0.0,617.0,0.2054,0.2025,0.1952,0.192,0.8148,o,502.0,242.0,2259.0,106.0
105747,2007,177781.0,0.0,682.0,0.2302,0.228,0.2224,0.22,0.8715,o,588.0,305.0,2405.0,114.0
105747,2008,178479.0,0.0,806.0,0.271,0.2737,0.2808,0.2841,1.1541,o,1388.0,977.0,2327.0,111.0
105747,2009,176881.0,0.0,903.0,0.3063,0.327,0.387,0.417,2.5468,o,1603.0,1140.0,2495.0,115.0
105747,2010,189345.0,0.0,878.0,0.2782,0.2878,0.314,0.3264,1.6225,o,1539.0,1220.0,2479.0,114.0
105747,2011,191901.0,0.0,906.0,0.2833,0.2838,0.2853,0.286,1.0291,o,1600.0,1397.0,2421.0,96.0
105747,2012,190488.0,0.0,1048.0,0.3301,0.3305,0.3316,0.3321,1.0185,o,1506.0,1113.0,2523.0,99.0
105747,2013,180914.0,0.0,1000.0,0.3316,0.3307,0.3282,0.3272,0.9595,o,1366.0,992.0,2478.0,97.0
105747,2014,168644.0,0.0,1058.0,0.3764,0.373,0.3645,0.3608,0.8796,o,1318.0,1027.0,2599.0,101.0
105747,2015,160856.0,0.0,1093.0,0.4077,0.4053,0.399,0.3963,0.9178,o,1145.0,964.0,2671.0,105.0
105747,2016,158640.0,0.0,1010.0,0.382,0.3778,0.3671,0.3625,0.8532,o,1016.0,910.0,2653.0,105.0
105747,2017,151590.0,0.0,904.0,0.3578,0.353,0.341,0.3358,0.825,o,743.0,935.0,2669.0,105.0
105747,2018,146880.0,0.0,927.0,0.3787,0.3689,0.3448,0.3347,0.6876,o,710.0,1041.0,2610.0,101.0
105747,2019,134700.0,0.0,911.0,0.4058,0.3998,0.3846,0.3781,0.8073,o,670.0,1058.0,2526.0,105.0
105747,2020,134400.0,0.0,883.0,0.3942,0.392,0.3863,0.3838,0.9222,o,695.0,709.0,2488.0,102.0
105747,2021,123000.0,0.0,811.0,0.3956,0.3958,0.3963,0.3966,1.0072,o,670.0,898.0,2416.0,81.0
105747,2022,109178.0,0.0,735.0,0.4039,0.4034,0.4021,0.4015,0.9817,o,785.0,703.0,2271.0,100.0
105747,2023,108272.0,0.0,614.0,0.3403,0.3436,0.3524,0.3563,1.1502,o,816.0,720.0,2143.0,90.0
105747,2024,107018.0,0.0,624.0,0.3498,0.3527,0.36,0.3634,1.1216,o,774.0,613.0,2358.0,95.0
105792,1998,41021.0,0.0,156.0,0.2282,0.2309,0.2382,0.2415,1.188,o,,,,
105792,1999,43203.0,0.0,121.0,0.168,0.1701,0.1755,0.178,1.1906,o,,,,
105792,2000,43388.0,0.0,164.0,0.2268,0.2089,0.1692,0.1541,0.3101,o,,,,
105792,2001,45434.0,0.0,209.0,0.276,0.2606,0.2249,0.2106,0.4406,o,,,,
105792,2002,48999.0,0.0,192.0,0.2351,0.2343,0.2323,0.2314,0.9531,o,336.0,,1788.0,
105792,2003,58888.0,0.0,204.0,0.2079,0.2123,0.2242,0.2298,1.3548,o,385.0,,1893.0,29.0
105792,2004,60425.0,0.0,174.0,0.1728,0.1762,0.1855,0.1897,1.3276,o,316.0,,2046.0,38.0
105792,2005,62835.0,0.0,259.0,0.2473,0.245,0.2393,0.2368,0.8766,o,373.0,,2141.0,66.0
105792,2006,62006.0,0.0,261.0,0.2526,0.2537,0.2565,0.2578,1.0642,o,304.0,130.0,2259.0,65.0
105792,2007,61562.0,0.0,276.0,0.269,0.2667,0.2607,0.2581,0.8824,o,342.0,144.0,2405.0,74.0
105792,2008,62572.0,0.0,235.0,0.2253,0.2255,0.2259,0.2261,1.0103,o,585.0,358.0,2327.0,74.0
105792,2009,67546.0,0.0,227.0,0.2016,0.2102,0.2339,0.2453,1.8111,o,708.0,479.0,2495.0,73.0
105792,2010,82381.0,0.0,344.0,0.2505,0.2581,0.2785,0.2881,1.5275,o,780.0,460.0,2479.0,67.0
105792,2011,88603.0,0.0,363.0,0.2458,0.2491,0.2576,0.2615,1.2065,o,794.0,543.0,2421.0,50.0
105792,2012,83355.0,0.0,427.0,0.3074,0.3088,0.3124,0.314,1.0672,o,810.0,470.0,2523.0,44.0
105792,2013,82088.0,0.0,531.0,0.3881,0.3889,0.3909,0.3918,1.0292,o,864.0,464.0,2478.0,42.0
105792,2014,77586.0,0.0,531.0,0.4106,0.4128,0.4184,0.4209,1.0773,o,774.0,405.0,2599.0,43.0
105792,2015,72690.0,0.0,434.0,0.3582,0.3563,0.3513,0.3491,0.9247,o,645.0,480.0,2671.0,47.0
105792,2016,69540.0,0.0,563.0,0.4858,0.4777,0.4576,0.4489,0.7875,o,698.0,384.0,2653.0,56.0
105792,2017,68340.0,0.0,490.0,0.4302,0.4297,0.4284,0.4279,0.9838,o,695.0,398.0,2669.0,55.0
105792,2018,69150.0,0.0,570.0,0.4946,0.4958,0.4988,0.5002,1.035,o,591.0,515.0,2610.0,54.0
105792,2019,67290.0,0.0,530.0,0.4726,0.4672,0.4536,0.4476,0.8485,o,600.0,507.0,2526.0,61.0
105792,2020,67380.0,0.0,522.0,0.4648,0.4626,0.4569,0.4543,0.9331,o,321.0,244.0,2488.0,59.0
105792,2021,56400.0,0.0,399.0,0.4245,0.4065,0.3637,0.3462,0.539,o,455.0,396.0,2416.0,48.0
105792,2022,53605.0,0.0,368.0,0.4119,0.4116,0.4107,0.4103,0.9881,o,525.0,378.0,2271.0,63.0
105792,2023,54112.0,0.0,391.0,0.4335,0.4428,0.4676,0.479,1.3531,o,680.0,538.0,2143.0,56.0
105792,2024,66217.0,0.0,331.0,0.2999,0.3069,0.3255,0.3342,1.3878,o,746.0,493.0,2358.0,59.0
105880,2005,9852.0,0.0,48.0,0.2923,0.2923,0.2923,0.2923,,-,15.0,,,112.0
105899,1998,6626.0,40.0,6.0,0.7788,0.7422,0.7348,0.7167,0.8471,o,,,,
105899,1999,7503.0,49.0,5.0,0.8237,0.8017,0.7973,0.7862,0.9111,o,,,,
105899,2002,8042.0,47.0,3.0,0.7237,0.829,0.8526,0.9147,1.5976,o,42.0,,15625.0,
105899,2003,7602.0,46.0,4.0,0.7577,0.8229,0.8371,0.8736,1.3294,o,29.0,,16620.0,440.0
105899,2004,7152.0,57.0,3.0,0.9815,0.8887,0.8707,0.8271,0.71,o,61.0,,17346.0,443.0
105899,2005,7046.0,56.0,0.0,0.9537,0.8554,0.8363,0.7905,0.687,o,49.0,,17931.0,463.0
105899,2006,7651.0,41.0,2.0,0.6587,0.6536,0.6526,0.6499,0.9735,o,55.0,62.0,17341.0,464.0
105899,2007,8493.0,53.0,0.0,0.7489,0.8365,0.8559,0.9063,1.4648,o,64.0,70.0,18715.0,463.0
105899,2008,10684.0,68.0,2.0,0.775,0.8404,0.8546,0.8911,1.3222,o,68.0,58.0,19465.0,437.0
105899,2009,10780.0,58.0,1.0,0.6512,0.6866,0.6941,0.7134,1.2,o,87.0,55.0,20776.0,422.0
105899,2010,11248.0,78.0,3.0,0.8482,0.9522,0.9753,1.0354,1.4904,o,82.0,111.0,21695.0,395.0
105899,2011,12164.0,55.0,1.0,0.5475,0.6061,0.619,0.6525,1.4202,o,103.0,83.0,22578.0,419.0
105899,2012,14189.0,84.0,4.0,0.7273,0.8021,0.8185,0.861,1.4015,o,96.0,113.0,25808.0,398.0
105899,2013,15784.0,84.0,0.0,0.6386,0.6866,0.697,0.7236,1.2839,o,90.0,58.0,28126.0,446.0
105899,2014,15382.0,108.0,1.0,0.8464,0.8703,0.8753,0.888,1.1006,o,154.0,137.0,28744.0,410.0
105899,2015,18179.0,96.0,1.0,0.637,0.6902,0.7018,0.7316,1.3189,o,121.0,131.0,29329.0,392.0
105899,2016,19123.0,126.0,0.0,0.7907,0.8684,0.8854,0.9295,1.3819,o,129.0,131.0,29961.0,402.0
105899,2017,19858.0,138.0,3.0,0.843,0.9185,0.9349,0.9773,1.3441,o,153.0,108.0,30462.0,481.0
105899,2018,18984.0,167.0,0.0,1.0556,1.1009,1.1105,1.1349,1.1557,o,158.0,143.0,31104.0,495.0
105899,2019,20484.0,137.0,2.0,0.8084,0.8378,0.844,0.8597,1.1309,o,222.0,132.0,32697.0,478.0
105899,2020,23332.0,143.0,1.0,0.738,0.8333,0.8545,0.9099,1.52,o,284.0,109.0,33522.0,493.0
105899,2021,24940.0,126.0,2.0,0.6111,0.724,0.7498,0.8185,1.7943,o,311.0,146.0,34142.0,513.0
105899,2022,28370.0,141.0,2.0,0.6006,0.725,0.7537,0.8308,1.9132,o,301.0,92.0,33596.0,473.0
105899,2023,29769.0,188.0,6.0,0.7699,0.884,0.9097,0.9771,1.6105,o,376.0,142.0,32763.0,484.0
105899,2024,34168.0,167.0,3.0,0.5918,0.6439,0.6553,0.6845,1.3379,o,327.0,139.0,34697.0,473.0
105941,1998,476.0,1.0,0.0,0.2521,0.1722,0.1592,0.1307,0.2688,i,,,,
105941,1999,510.0,2.0,0.0,0.4706,0.2481,0.2173,0.1561,0.11,i,,,,
105950,1998,4136.0,6.0,0.0,0.1741,0.1741,0.1741,0.1741,,n,,,,
105950,1999,1470.0,6.0,0.0,0.4898,0.4898,0.4898,0.4898,,n,,,,
106041,1998,125840.0,0.0,0.0,0.0,0.0,0.0,0.0,,-,,,,
106041,1999,130350.0,0.0,0.0,0.0,0.0,0.0,0.0,,-,,,,
106041,2004,136920.0,0.0,0.0,0.0,0.0,0.0,0.0,,-,1050.0,,,513.0
106041,2005,234256.0,0.0,0.0,0.0,0.0,0.0,0.0,,-,1097.0,,,302.0
106041,2006,224842.0,0.0,0.0,0.0,0.0,0.0,0.0,,-,764.0,,,318.0
106041,2008,91230.0,0.0,1385.0,0.9109,0.9109,0.9109,0.9109,,-,704.0,,,522.0
106041,2009,105200.0,0.0,1072.0,0.6114,0.6114,0.6114,0.6114,,-,925.0,,,393.0
106041,2010,108115.0,0.0,854.0,0.4739,0.4739,0.4739,0.4739,,-,1347.0,254.0,,372.0
106041,2011,118419.0,0.0,1589.0,0.8051,0.8051,0.8051,0.8051,,-,1002.0,239.0,,352.0
106041,2012,155714.0,0.0,1965.0,0.7572,0.7572,0.7572,0.7572,,-,488.0,133.0,,418.0
106041,2013,115790.0,0.0,1566.0,0.8115,0.8115,0.8115,0.8115,,-,449.0,160.0,,476.0
106041,2014,102894.0,0.0,1175.0,0.6852,0.6852,0.6852,0.6852,,-,463.0,168.0,,544.0
106041,2015,101655.0,0.0,1065.0,0.6286,0.6286,0.6286,0.6286,,-,428.0,103.0,,558.0
106041,2016,91637.0,0.0,1027.0,0.6724,0.6724,0.6724,0.6724,,-,382.0,1389.0,,570.0
106041,2017,81084.0,0.0,1000.0,0.74,0.74,0.74,0.74,,-,433.0,111.0,,591.0
106041,2018,78974.0,0.0,925.0,0.7028,0.7028,0.7028,0.7028,,-,492.0,122.0,,565.0
106041,2019,78750.0,0.0,855.0,0.6514,0.6514,0.6514,0.6514,,-,469.0,108.0,,594.0
106041,2020,71710.0,0.0,698.0,0.584,0.584,0.584,0.584,,-,775.0,168.0,,570.0
106041,2021,65560.0,0.0,630.0,0.5766,0.5766,0.5766,0.5766,,-,835.0,211.0,,640.0
106041,2022,79544.0,0.0,828.0,0.6246,0.6246,0.6246,0.6246,,-,449.0,170.0,,602.0
106041,2023,76089.0,0.0,863.0,0.6805,0.6805,0.6805,0.6805,,-,437.0,177.0,,565.0
106041,2024,72606.0,0.0,819.0,0.6768,0.6768,0.6768,0.6768,,-,509.0,211.0,,589.0
106050,1998,3591.0,5.0,5.0,0.2506,0.1803,0.1685,0.1421,0.3214,o,,,,
106050,1999,2950.0,6.0,5.0,0.3458,0.2482,0.2318,0.1952,0.3188,o,,,,
106050,2003,6000.0,10.0,1.0,0.21,0.1749,0.1684,0.1533,0.5326,o,24.0,,11104.0,272.0
106050,2004,4000.0,18.0,0.0,0.54,0.4403,0.422,0.3797,0.4945,o,24.0,,10836.0,404.0
106050,2005,3840.0,9.0,4.0,0.3438,0.334,0.332,0.3271,0.9057,o,30.0,,10517.0,260.0
106078,1998,3024.0,2.0,2.0,0.119,0.1211,0.1215,0.1226,1.0609,i,,,,
106078,1999,2490.0,1.0,2.0,0.0964,0.0956,0.0954,0.095,0.9714,i,,,,
106102,2000,23568.0,238.0,0.0,1.2118,1.2118,1.2118,1.2118,,-,,,,
106102,2002,37182.0,183.0,17.0,0.618,0.618,0.618,0.618,,-,88.0,,13511.0,
106102,2003,52264.0,179.0,17.0,0.4305,0.4305,0.4305,0.4305,,-,15.0,,13255.0,278.0
106102,2007,280191.0,402.0,5225.0,1.291,1.291,1.291,1.291,,-,2638.0,2780.0,12087.0,441.0
106102,2009,36645.0,310.0,355.0,1.5964,1.5964,1.5964,1.5964,,-,58.0,298.0,12604.0,665.0
106102,2010,37293.0,387.0,64.0,1.3482,1.3482,1.3482,1.3482,,-,84.0,312.0,13998.0,687.0
106102,2011,33957.0,332.0,50.0,1.2616,1.2616,1.2616,1.2616,,-,153.0,191.0,14629.0,736.0
106102,2012,42600.0,298.0,36.0,0.8901,0.8901,0.8901,0.8901,,-,39.0,177.0,14368.0,559.0
106102,2013,29538.0,291.0,38.0,1.2594,1.2594,1.2594,1.2594,,-,2.0,,14758.0,614.0
106102,2014,21354.0,287.0,51.0,1.7561,1.7561,1.7561,1.7561,,-,8.0,18.0,7900.0,362.0
106102,2015,20409.0,235.0,38.0,1.4935,1.4935,1.4935,1.4935,,-,10.0,30.0,7833.0,294.0
106102,2016,20772.0,193.0,21.0,1.1756,1.1756,1.1756,1.1756,,-,88.0,131.0,7779.0,290.0
106102,2018,9318.0,117.0,25.0,1.6677,1.6677,1.6677,1.6677,,-,,,7478.0,
106148,1999,81172.0,0.0,230.0,0.17,0.1715,0.1754,0.1772,1.1336,o,,,,
106148,2000,82904.0,0.0,198.0,0.1433,0.1495,0.1668,0.1751,1.8364,o,,,,
106148,2001,87371.0,0.0,223.0,0.1531,0.1525,0.151,0.1503,0.9457,o,,,,
106148,2002,93934.0,0.0,247.0,0.1578,0.1559,0.1513,0.1492,0.8448,o,883.0,,1289.0,
106148,2003,97206.0,0.0,279.0,0.1722,0.1766,0.1886,0.1941,1.4381,o,834.0,,1264.0,89.0
106148,2004,98437.0,0.0,315.0,0.192,0.1934,0.1971,0.1988,1.1113,o,700.0,,1512.0,98.0
106148,2005,97608.0,0.0,312.0,0.1918,0.1891,0.1822,0.1793,0.8154,o,672.0,,1468.0,98.0
106148,2006,103125.0,0.0,318.0,0.185,0.1833,0.179,0.1771,0.8761,o,715.0,,1645.0,99.0
106148,2007,111280.0,0.0,344.0,0.1855,0.186,0.1874,0.188,1.0423,o,764.0,265.0,1633.0,96.0
106148,2008,115130.0,0.0,381.0,0.1986,0.1999,0.2034,0.205,1.1017,o,836.0,317.0,1721.0,81.0
106148,2009,115133.0,0.0,373.0,0.1944,0.1961,0.2004,0.2024,1.1305,o,1098.0,296.0,1796.0,67.0
106148,2010,116899.0,0.0,405.0,0.2079,0.2125,0.225,0.2308,1.3725,o,1177.0,400.0,1990.0,84.0
106148,2011,116560.0,0.0,457.0,0.2352,0.2385,0.2471,0.251,1.2172,o,793.0,367.0,2077.0,89.0
106148,2012,116380.0,0.0,490.0,0.2526,0.2463,0.2308,0.2243,0.6971,o,849.0,387.0,2188.0,91.0
106148,2013,127730.0,0.0,518.0,0.2433,0.2408,0.2345,0.2317,0.8619,o,900.0,398.0,2438.0,90.0
106148,2014,128142.0,0.0,518.0,0.2425,0.2441,0.2482,0.25,1.0962,o,1098.0,519.0,2465.0,90.0
106148,2015,123905.0,0.0,543.0,0.2629,0.2672,0.2783,0.2835,1.2556,o,1067.0,474.0,2475.0,94.0
106148,2016,114070.0,0.0,558.0,0.2935,0.2949,0.2984,0.3,1.0681,o,908.0,471.0,2676.0,94.0
106148,2017,111356.0,0.0,521.0,0.2807,0.2773,0.2687,0.2649,0.8388,o,1127.0,332.0,2907.0,95.0
106148,2018,113188.0,0.0,484.0,0.2566,0.2589,0.2652,0.268,1.1413,o,1096.0,333.0,2841.0,93.0
106148,2019,109176.0,0.0,534.0,0.2935,0.295,0.299,0.3008,1.0772,o,1083.0,302.0,2880.0,100.0
106148,2020,113327.0,0.0,666.0,0.3526,0.352,0.3503,0.3496,0.9744,o,985.0,215.0,2995.0,89.0
106148,2021,98429.0,0.0,699.0,0.4261,0.4231,0.4155,0.4121,0.9041,o,1142.0,216.0,3035.0,93.0
106148,2022,103232.0,0.0,689.0,0.4005,0.4033,0.4105,0.4138,1.1044,o,891.0,302.0,2852.0,77.0
106148,2023,103195.0,0.0,584.0,0.3396,0.3354,0.3249,0.3203,0.8378,o,848.0,407.0,2774.0,85.0
106148,2024,112537.0,0.0,637.0,0.3396,0.3353,0.3246,0.3199,0.8342,o,1013.0,402.0,2838.0,88.0
110219,2018,47293.0,57.0,302.0,0.5278,0.5278,0.5278,0.5278,,-,180.0,77.0,17417.0,630.0
110219,2019,34139.0,62.0,250.0,0.6573,0.6573,0.6573,0.6573,,-,208.0,69.0,13453.0,748.0
110219,2020,45557.0,113.0,214.0,0.5795,0.5795,0.5795,0.5795,,-,267.0,82.0,12110.0,599.0
110219,2021,48510.0,54.0,325.0,0.5356,0.5356,0.5356,0.5356,,-,267.0,110.0,13721.0,582.0
110219,2022,56676.0,72.0,330.0,0.5018,0.5018,0.5018,0.5018,,-,373.0,142.0,13302.0,494.0
110219,2023,60453.0,86.0,396.0,0.5637,0.5637,0.5637,0.5637,,-,519.0,61.0,12612.0,510.0
110219,2024,68709.0,88.0,437.0,0.5353,0.5353,0.5353,0.5353,,-,839.0,118.0,12185.0,585.0
250601,2010,30260.0,0.0,161.0,0.3192,0.3192,0.3192,0.3192,,-,60.0,5.0,,485.0
250601,2011,29391.0,0.0,172.0,0.3511,0.3511,0.3511,0.3511,,-,37.0,6.0,,518.0
250601,2012,21186.0,0.0,174.0,0.4928,0.4928,0.4928,0.4928,,-,13.0,16.0,,631.0
250601,2013,20269.0,0.0,197.0,0.5832,0.5832,0.5832,0.5832,,-,12.0,8.0,,621.0
250601,2014,19700.0,0.0,157.0,0.4782,0.4782,0.4782,0.4782,,-,18.0,10.0,,604.0
250601,2015,16470.0,0.0,167.0,0.6084,0.6084,0.6084,0.6084,,-,22.0,50.0,,648.0
250601,2016,11170.0,0.0,155.0,0.8326,0.8326,0.8326,0.8326,,-,12.0,47.0,,698.0
250601,2017,9439.0,0.0,97.0,0.6166,0.6166,0.6166,0.6166,,-,18.0,40.0,,663.0
250601,2018,10853.0,0.0,105.0,0.5805,0.5805,0.5805,0.5805,,-,54.0,24.0,,742.0
260691,1998,13830.0,0.0,40.0,0.1735,0.1735,0.1735,0.1735,,-,,,,
260691,1999,14430.0,0.0,52.0,0.2162,0.2162,0.2162,0.2162,,-,,,,
260691,2000,23952.0,0.0,28.0,0.0701,0.0701,0.0701,0.0701,,-,,,,
260691,2001,19831.0,0.0,50.0,0.1513,0.1513,0.1513,0.1513,,-,,,,
260691,2019,36238.0,0.0,279.0,0.4619,0.4619,0.4619,0.4619,,-,65.0,158.0,,393.0
260691,2020,35480.0,0.0,186.0,0.3145,0.3145,0.3145,0.3145,,-,67.0,116.0,,424.0
260691,2021,32786.0,0.0,288.0,0.5271,0.5271,0.5271,0.5271,,-,49.0,149.0,,407.0
260691,2022,30867.0,0.0,224.0,0.4354,0.4354,0.4354,0.4354,,-,64.0,103.0,,428.0
260691,2023,27854.0,0.0,250.0,0.5385,0.5385,0.5385,0.5385,,-,78.0,35.0,,444.0
260691,2024,31153.0,0.0,241.0,0.4642,0.4642,0.4642,0.4642,,-,110.0,84.0,,405.0
262305,2002,6592.0,0.0,67.0,0.6098,0.6098,0.6098,0.6098,,-,61.0,,43054.0,
262305,2003,13664.0,0.0,115.0,0.505,0.505,0.505,0.505,,-,57.0,,47310.0,
262305,2004,6592.0,9.0,54.0,0.6553,0.6553,0.6553,0.6553,,-,79.0,,48557.0,
262305,2005,18000.0,6.0,98.0,0.3667,0.3667,0.3667,0.3667,,-,159.0,,49060.0,417.0
262305,2006,11941.0,3.0,67.0,0.3668,0.3668,0.3668,0.3668,,-,45.0,,49064.0,659.0
262305,2008,1244.0,9.0,23.0,1.9775,1.9775,1.9775,1.9775,,-,,,,321.0
262332,2004,42149.0,0.0,632.0,0.8997,0.8997,0.8997,0.8997,,-,965.0,,,912.0
262332,2005,58424.0,0.0,683.0,0.7014,0.7014,0.7014,0.7014,,-,319.0,,,836.0
262332,2006,52604.0,0.0,642.0,0.7323,0.7323,0.7323,0.7323,,-,304.0,,,874.0
262332,2007,53239.0,24.0,589.0,0.7179,0.7179,0.7179,0.7179,,-,264.0,27.0,,838.0
262332,2008,53102.0,46.0,542.0,0.7164,0.7164,0.7164,0.7164,,-,158.0,1002.0,,819.0
262332,2009,44527.0,128.0,311.0,0.764,0.764,0.764,0.764,,-,251.0,70.0,,807.0
262332,2010,61897.0,99.0,339.0,0.5205,0.5205,0.5205,0.5205,,-,233.0,130.0,54607.0,566.0
262332,2011,85052.0,191.0,304.0,0.4839,0.4839,0.4839,0.4839,,-,169.0,127.0,23499.0,481.0
262332,2012,68000.0,125.0,319.0,0.5021,0.5021,0.5021,0.5021,,-,141.0,169.0,20815.0,451.0
262332,2013,63690.0,110.0,271.0,0.4626,0.4626,0.4626,0.4626,,-,119.0,129.0,17261.0,356.0
262332,2014,64767.0,89.0,225.0,0.3733,0.3733,0.3733,0.3733,,-,118.0,170.0,17042.0,338.0
262332,2015,66123.0,127.0,350.0,0.5481,0.5481,0.5481,0.5481,,-,100.0,159.0,14820.0,320.0
262332,2017,18790.0,131.0,259.0,1.6637,1.6637,1.6637,1.6637,,-,,,,
363934,1998,38700.0,62.0,46.0,0.2636,0.2636,0.2636,0.2636,,-,,,,
363934,1999,43950.0,90.0,34.0,0.2922,0.2922,0.2922,0.2922,,-,,,,
363934,2000,36101.0,124.0,58.0,0.5086,0.5086,0.5086,0.5086,,-,,,,
363934,2001,29820.0,147.0,61.0,0.7143,0.7143,0.7143,0.7143,,-,,,,
363934,2002,29522.0,117.0,59.0,0.5955,0.5955,0.5955,0.5955,,-,146.0,,16577.0,
363934,2003,27139.0,161.0,32.0,0.7826,0.7826,0.7826,0.7826,,-,170.0,,16773.0,642.0
363934,2004,33018.0,144.0,32.0,0.5815,0.5815,0.5815,0.5815,,-,229.0,,17363.0,575.0
363934,2005,30864.0,156.0,16.0,0.6376,0.6376,0.6376,0.6376,,-,259.0,,22373.0,725.0
363934,2006,38798.0,115.0,27.0,0.3974,0.3974,0.3974,0.3974,,-,187.0,,22748.0,341.0
363934,2007,37914.0,140.0,24.0,0.4811,0.4811,0.4811,0.4811,,-,221.0,,23290.0,705.0
363934,2008,37975.0,158.0,14.0,0.5214,0.5214,0.5214,0.5214,,-,185.0,,23852.0,749.0
363934,2009,36079.0,163.0,6.0,0.5521,0.5521,0.5521,0.5521,,-,139.0,,24891.0,820.0
363934,2010,34585.0,190.0,9.0,0.6749,0.6749,0.6749,0.6749,,-,138.0,,26303.0,842.0
363934,2011,31396.0,192.0,16.0,0.7644,0.7644,0.7644,0.7644,,-,100.0,108.0,26802.0,862.0
363934,2012,33877.0,153.0,8.0,0.5561,0.5561,0.5561,0.5561,,-,99.0,93.0,26532.0,778.0
363934,2013,26572.0,162.0,10.0,0.7542,0.7542,0.7542,0.7542,,-,107.0,118.0,27003.0,881.0
363934,2014,23952.0,152.0,19.0,0.8091,0.8091,0.8091,0.8091,,-,98.0,66.0,25937.0,963.0
363934,2015,25257.0,144.0,8.0,0.7032,0.7032,0.7032,0.7032,,-,108.0,84.0,27611.0,805.0
363934,2016,24060.0,116.0,3.0,0.586,0.586,0.586,0.586,,-,104.0,92.0,30790.0,756.0
363934,2017,24240.0,151.0,9.0,0.7698,0.7698,0.7698,0.7698,,-,131.0,102.0,26852.0,687.0
363934,2018,26337.0,133.0,7.0,0.6219,0.6219,0.6219,0.6219,,-,115.0,100.0,26082.0,644.0
363934,2019,28300.0,135.0,14.0,0.6021,0.6021,0.6021,0.6021,,-,132.0,107.0,20253.0,590.0
363934,2020,28500.0,89.0,16.0,0.4084,0.4084,0.4084,0.4084,,-,149.0,54.0,20820.0,622.0
363934,2021,29756.0,122.0,24.0,0.5404,0.5404,0.5404,0.5404,,-,160.0,71.0,21451.0,629.0
363934,2022,27177.0,122.0,66.0,0.6844,0.6844,0.6844,0.6844,,-,143.0,80.0,20806.0,736.0
363934,2023,26692.0,115.0,66.0,0.6654,0.6654,0.6654,0.6654,,-,171.0,72.0,19455.0,743.0
363934,2024,26855.0,121.0,93.0,0.7485,0.7485,0.7485,0.7485,,-,149.0,42.0,19430.0,743.0
364016,1998,77135.0,0.0,176.0,0.1369,0.1339,0.1265,0.1234,0.7293,o,,,,
364016,1999,84562.0,0.0,218.0,0.1547,0.1558,0.1589,0.1603,1.1134,o,,,,
364016,2000,92621.0,0.0,171.0,0.1108,0.1084,0.1025,0.1,0.7325,o,,,,
364016,2001,98250.0,0.0,326.0,0.1991,0.1895,0.1671,0.1579,0.4959,o,,,,
364016,2002,103431.0,0.0,273.0,0.1584,0.1489,0.127,0.1183,0.4136,o,130.0,,1788.0,
364016,2003,118550.0,0.0,249.0,0.126,0.121,0.109,0.1041,0.5603,o,198.0,,1893.0,68.0
364016,2004,119123.0,0.0,307.0,0.1546,0.1579,0.1666,0.1706,1.3469,o,248.0,,2046.0,74.0
364016,2005,128646.0,0.0,361.0,0.1684,0.1733,0.1867,0.193,1.5122,o,224.0,,2141.0,83.0
364016,2006,129716.0,0.0,389.0,0.1799,0.18,0.1801,0.1802,1.0045,o,324.0,174.0,2259.0,92.0
364016,2007,133540.0,0.0,527.0,0.2368,0.2421,0.2563,0.2629,1.3729,o,379.0,176.0,2405.0,97.0
364016,2008,131037.0,0.0,429.0,0.1964,0.2009,0.213,0.2186,1.3832,o,681.0,555.0,2327.0,98.0
364016,2009,144775.0,0.0,517.0,0.2143,0.2244,0.2528,0.2665,1.9374,o,874.0,695.0,2495.0,99.0
364016,2010,165143.0,0.0,559.0,0.2031,0.2103,0.2302,0.2395,1.6491,o,1135.0,853.0,2479.0,98.0
364016,2011,171435.0,0.0,637.0,0.2229,0.2289,0.2451,0.2526,1.4598,o,1480.0,923.0,2421.0,81.0
364016,2012,165088.0,0.0,759.0,0.2759,0.2834,0.3039,0.3135,1.4734,o,1401.0,875.0,2523.0,84.0
364016,2013,157765.0,0.0,730.0,0.2776,0.279,0.2825,0.284,1.0715,o,1368.0,851.0,2478.0,85.0
364016,2014,153265.0,0.0,745.0,0.2917,0.2906,0.2879,0.2867,0.9497,o,1198.0,755.0,2599.0,82.0
364016,2015,146460.0,0.0,774.0,0.3171,0.3139,0.3058,0.3023,0.8653,o,1093.0,766.0,2671.0,88.0
364016,2016,139230.0,0.0,777.0,0.3348,0.3311,0.3217,0.3176,0.8519,o,1162.0,791.0,2653.0,91.0
364016,2017,142500.0,0.0,826.0,0.3478,0.3481,0.349,0.3494,1.0144,o,944.0,867.0,2669.0,90.0
364016,2018,136920.0,0.0,824.0,0.3611,0.3566,0.3454,0.3405,0.8373,o,905.0,1008.0,2610.0,87.0
364016,2019,129960.0,0.0,851.0,0.3929,0.3887,0.3783,0.3737,0.8594,o,936.0,863.0,2526.0,87.0
364016,2020,128970.0,0.0,766.0,0.3564,0.3567,0.3575,0.3578,1.0124,o,733.0,494.0,2488.0,82.0
364016,2021,110070.0,0.0,717.0,0.3908,0.3847,0.3692,0.3625,0.7963,o,796.0,662.0,2416.0,68.0
364016,2022,97490.0,0.0,658.0,0.405,0.4036,0.4002,0.3987,0.9539,o,966.0,531.0,2271.0,85.0
364016,2023,94733.0,0.0,494.0,0.3129,0.318,0.3317,0.338,1.2636,o,868.0,574.0,2143.0,78.0
364016,2024,96481.0,0.0,693.0,0.431,0.4305,0.4294,0.4289,0.9852,o,957.0,538.0,2358.0,86.0
364025,1998,57392.0,0.0,126.0,0.1317,0.1332,0.137,0.1387,1.1687,o,,,,
364025,1999,65158.0,0.0,196.0,0.1805,0.1836,0.1917,0.1955,1.2734,o,,,,
364025,2000,75091.0,0.0,212.0,0.1694,0.163,0.1478,0.1414,0.5791,o,,,,
364025,2001,87813.0,0.0,242.0,0.1654,0.1583,0.1414,0.1345,0.5352,o,,,,
364025,2002,100750.0,0.0,257.0,0.1531,0.1502,0.1432,0.1402,0.7667,o,184.0,,1788.0,
364025,2003,125033.0,0.0,329.0,0.1579,0.1572,0.1553,0.1545,0.9364,o,203.0,,1893.0,74.0
364025,2004,126899.0,0.0,286.0,0.1352,0.1362,0.1386,0.1397,1.1033,o,260.0,,2046.0,81.0
364025,2005,132946.0,0.0,368.0,0.1661,0.1696,0.1788,0.1831,1.3437,o,279.0,,2141.0,83.0
364025,2006,135507.0,0.0,342.0,0.1514,0.1534,0.1587,0.1611,1.2052,o,357.0,157.0,2259.0,93.0
364025,2007,144082.0,0.0,395.0,0.1645,0.1678,0.1765,0.1805,1.3247,o,425.0,174.0,2405.0,101.0
364025,2008,159783.0,0.0,416.0,0.1562,0.1594,0.168,0.1719,1.3365,o,1392.0,736.0,2327.0,93.0
364025,2009,170310.0,0.0,514.0,0.1811,0.1979,0.2487,0.2753,3.5601,o,1828.0,975.0,2495.0,95.0
364025,2010,193948.0,0.0,545.0,0.1686,0.1771,0.2008,0.2124,2.0121,o,2341.0,1214.0,2479.0,99.0
364025,2011,216184.0,0.0,747.0,0.2073,0.2128,0.2277,0.2346,1.454,o,2311.0,1152.0,2421.0,77.0
364025,2012,234895.0,0.0,925.0,0.2363,0.238,0.2424,0.2445,1.1087,o,2309.0,1060.0,2523.0,80.0
364025,2013,241421.0,0.0,955.0,0.2373,0.2372,0.2369,0.2368,0.9927,o,2004.0,879.0,2478.0,81.0
364025,2014,238057.0,0.0,1131.0,0.2851,0.2822,0.2751,0.272,0.8675,o,1895.0,940.0,2599.0,84.0
364025,2015,236820.0,0.0,1191.0,0.3017,0.299,0.2922,0.2891,0.8787,o,1897.0,907.0,2671.0,91.0
364025,2016,234840.0,0.0,1245.0,0.3181,0.3175,0.3159,0.3152,0.9731,o,1907.0,836.0,2653.0,92.0
364025,2017,239040.0,0.0,1175.0,0.2949,0.295,0.2954,0.2955,1.0058,o,1503.0,944.0,2669.0,95.0
364025,2018,238170.0,0.0,1254.0,0.3159,0.3107,0.2979,0.2923,0.7902,o,1515.0,1125.0,2610.0,94.0
364025,2019,237150.0,0.0,1386.0,0.3507,0.3478,0.3405,0.3373,0.8886,o,1375.0,1151.0,2526.0,91.0
364025,2020,241260.0,0.0,1271.0,0.3161,0.314,0.3088,0.3065,0.9112,o,1203.0,784.0,2488.0,88.0
364025,2021,207270.0,0.0,1157.0,0.3349,0.3307,0.3199,0.3153,0.8325,o,1379.0,907.0,2416.0,74.0
364025,2022,202085.0,0.0,1291.0,0.3833,0.3851,0.3898,0.3919,1.0698,o,1687.0,763.0,2271.0,87.0
364025,2023,208344.0,0.0,986.0,0.284,0.2893,0.3036,0.3102,1.3067,o,1653.0,834.0,2143.0,82.0
364025,2024,219299.0,0.0,1437.0,0.3932,0.3952,0.4006,0.4031,1.0783,o,1952.0,443.0,2358.0,90.0
366906,2000,12896.0,0.0,37.0,0.1721,0.1518,0.1479,0.1386,0.6483,o,,,,
366906,2002,6325.0,0.0,8.0,0.0759,0.1104,0.1193,0.1448,3.6423,o,207.0,,,
366906,2003,13175.0,0.0,23.0,0.1047,0.1348,0.142,0.1618,2.3875,o,381.0,,,
372213,2000,133467.0,692.0,6.0,0.6249,0.6249,0.6249,0.6249,,x,,,,
372213,2001,396929.0,1075.0,59.0,0.3339,0.3339,0.3339,0.3339,,x,,,,
372213,2004,1348257.0,4234.0,386.0,0.394,0.394,0.394,0.394,,x,4104.0,,20995.0,622.0
372213,2005,1524038.0,6462.0,847.0,0.5422,0.5422,0.5422,0.5422,,x,726.0,,21246.0,626.0
372213,2006,1717815.0,10037.0,900.0,0.7326,0.7326,0.7326,0.7326,,x,11429.0,15925.0,20099.0,561.0
372213,2007,5404920.0,13257.0,2918.0,0.3267,0.3267,0.3267,0.3267,,x,25346.0,24316.0,22579.0,267.0
372213,2008,5064700.0,15117.0,12119.0,0.5017,0.5017,0.5017,0.5017,,x,30759.0,28786.0,19316.0,460.0
372213,2010,7953171.0,17647.0,33449.0,0.5186,0.5186,0.5186,0.5186,,x,5616.0,15937.0,13998.0,506.0
372213,2011,6586706.0,21638.0,38875.0,0.7483,0.7483,0.7483,0.7483,,x,19219.0,18211.0,13204.0,548.0
372213,2012,5355503.0,32432.0,39341.0,1.1675,1.1675,1.1675,1.1675,,x,14275.0,14820.0,13640.0,568.0
372213,2013,3792340.0,31776.0,25820.0,1.414,1.414,1.414,1.414,,x,10685.0,11422.0,13284.0,648.0
384209,2002,46508.0,0.0,233.0,0.3006,0.3006,0.3006,0.3006,,-,694.0,,,
384209,2009,38400.0,0.0,102.0,0.1594,0.1594,0.1594,0.1594,,-,160.0,,,
384209,2010,37410.0,0.0,11.0,0.0176,0.0176,0.0176,0.0176,,-,184.0,96.0,,332.0
384209,2011,39420.0,0.0,13.0,0.0198,0.0198,0.0198,0.0198,,-,143.0,73.0,,348.0
384209,2012,34650.0,0.0,120.0,0.2078,0.2078,0.2078,0.2078,,-,197.0,1.0,,349.0
384209,2013,28770.0,0.0,74.0,0.1543,0.1543,0.1543,0.1543,,-,253.0,,19593.0,354.0
384333,1999,49230.0,0.0,121.0,0.1475,0.155,0.176,0.1863,2.0305,o,,,,
384333,2000,53164.0,0.0,149.0,0.1682,0.1578,0.1339,0.1244,0.4015,o,,,,
384333,2001,56419.0,0.0,172.0,0.1829,0.1794,0.1706,0.1668,0.7563,o,,,,
384333,2002,63477.0,0.0,165.0,0.156,0.1552,0.1531,0.1522,0.9292,o,406.0,,1788.0,
384333,2003,78544.0,0.0,175.0,0.1337,0.1348,0.1378,0.1391,1.1278,o,366.0,,1893.0,53.0
384333,2004,77623.0,0.0,223.0,0.1724,0.1726,0.173,0.1732,1.0153,o,404.0,,2046.0,62.0
384333,2005,89585.0,0.0,280.0,0.1875,0.1881,0.1897,0.1904,1.0466,o,423.0,,2141.0,73.0
384333,2006,86606.0,0.0,359.0,0.2487,0.2504,0.2546,0.2566,1.0987,o,475.0,157.0,2259.0,85.0
384333,2007,91334.0,0.0,350.0,0.2299,0.2322,0.238,0.2407,1.1487,o,460.0,164.0,2405.0,94.0
384333,2008,92599.0,0.0,445.0,0.2883,0.2888,0.2901,0.2907,1.0245,o,920.0,532.0,2327.0,92.0
384333,2009,102449.0,0.0,540.0,0.3163,0.3316,0.3746,0.3954,1.9679,o,1401.0,697.0,2495.0,91.0
384333,2010,125522.0,0.0,525.0,0.251,0.2637,0.2996,0.317,2.0304,o,1497.0,823.0,2479.0,89.0
384333,2011,142172.0,0.0,649.0,0.2739,0.2788,0.2919,0.2979,1.29,o,1656.0,856.0,2421.0,67.0
384333,2012,141269.0,0.0,608.0,0.2582,0.2607,0.267,0.2699,1.1429,o,1653.0,798.0,2523.0,68.0
384333,2013,147948.0,0.0,778.0,0.3155,0.3166,0.3193,0.3205,1.0485,o,1636.0,793.0,2478.0,65.0
384333,2014,159899.0,0.0,895.0,0.3358,0.3356,0.3349,0.3346,0.9888,o,1656.0,823.0,2599.0,69.0
384333,2015,165652.0,0.0,1093.0,0.3959,0.3961,0.3966,0.3968,1.007,o,1652.0,797.0,2671.0,68.0
384333,2016,160860.0,0.0,1159.0,0.4323,0.4324,0.4327,0.4328,1.0036,o,1661.0,665.0,2653.0,70.0
384333,2017,170820.0,0.0,1182.0,0.4152,0.4153,0.4156,0.4158,1.0042,o,1538.0,799.0,2669.0,71.0
384333,2018,173970.0,0.0,1223.0,0.4218,0.4196,0.414,0.4116,0.9285,o,1641.0,926.0,2610.0,63.0
384333,2019,174960.0,0.0,1203.0,0.4126,0.4133,0.4152,0.4161,1.0259,o,1357.0,944.0,2526.0,67.0
384333,2020,177450.0,0.0,1111.0,0.3757,0.3715,0.3611,0.3566,0.8537,o,947.0,642.0,2488.0,64.0
384333,2021,145260.0,0.0,1171.0,0.4837,0.4684,0.4312,0.4157,0.6318,o,1064.0,751.0,2416.0,55.0
384333,2022,138762.0,0.0,1208.0,0.5223,0.5194,0.5121,0.5088,0.9236,o,1586.0,614.0,2271.0,71.0
384333,2023,149197.0,0.0,1078.0,0.4335,0.4476,0.4858,0.5039,1.5773,o,1577.0,669.0,2143.0,58.0
384333,2024,156244.0,0.0,1131.0,0.4343,0.4396,0.4536,0.46,1.1902,o,1654.0,412.0,2358.0,67.0
404055,2001,6950.0,0.0,62.0,0.5353,0.5353,0.5353,0.5353,,-,,,,
404055,2002,6900.0,0.0,24.0,0.2087,0.2087,0.2087,0.2087,,-,225.0,,,
404055,2003,13550.0,0.0,45.0,0.1993,0.1993,0.1993,0.1993,,-,398.0,,,
404055,2008,10535.0,0.0,21.0,0.1196,0.1196,0.1196,0.1196,,-,68.0,,,
404055,2009,13685.0,0.0,12.0,0.0526,0.0526,0.0526,0.0526,,-,161.0,,,
404055,2010,28350.0,0.0,19.0,0.0402,0.0402,0.0402,0.0402,,-,225.0,,,
404055,2011,17154.0,0.0,33.0,0.1154,0.1154,0.1154,0.1154,,-,200.0,,,
404055,2012,13824.0,0.0,27.0,0.1172,0.1172,0.1172,0.1172,,-,127.0,,,
404055,2013,8243.0,0.0,19.0,0.1383,0.1383,0.1383,0.1383,,-,80.0,,,
404055,2014,16470.0,0.0,7.0,0.0255,0.0255,0.0255,0.0255,,-,126.0,,,
404055,2017,7608.0,0.0,21.0,0.1656,0.1656,0.1656,0.1656,,-,129.0,,,
404055,2019,10604.0,0.0,6.0,0.0339,0.0339,0.0339,0.0339,,-,140.0,,,
404055,2020,14734.0,0.0,3.0,0.0122,0.0122,0.0122,0.0122,,-,140.0,13.0,,
404055,2021,13382.0,4.0,29.0,0.1659,0.1659,0.1659,0.1659,,-,31.0,35.0,,
404055,2022,8901.0,6.0,66.0,0.5258,0.5258,0.5258,0.5258,,-,36.0,60.0,,
404055,2023,7070.0,2.0,64.0,0.5771,0.5771,0.5771,0.5771,,-,30.0,81.0,,
404055,2024,8307.0,0.0,44.0,0.3178,0.3178,0.3178,0.3178,,-,28.0,73.0,,
404426,1998,40911.0,0.0,59.0,0.0865,0.0764,0.0556,0.0482,0.1699,o,,,,
404426,1999,35305.0,0.0,125.0,0.2124,0.1921,0.1482,0.1321,0.2369,o,,,,
404426,2000,46984.0,0.0,106.0,0.1354,0.1385,0.147,0.151,1.3924,o,,,,
404426,2001,47512.0,0.0,101.0,0.1275,0.1208,0.1051,0.0987,0.4603,o,,,,
404426,2002,46943.0,0.0,105.0,0.1342,0.1301,0.1203,0.1161,0.6447,o,138.0,,1431.0,
404426,2003,50491.0,0.0,123.0,0.1462,0.1505,0.1622,0.1677,1.5165,o,96.0,,1509.0,75.0
404426,2004,69813.0,0.0,103.0,0.0885,0.0873,0.0841,0.0827,0.8136,o,127.0,,1751.0,62.0
404426,2005,58374.0,0.0,117.0,0.1203,0.121,0.1228,0.1236,1.0855,o,226.0,,1854.0,87.0
404426,2006,59129.0,0.0,140.0,0.1421,0.1493,0.1695,0.1794,2.0269,o,879.0,335.0,2094.0,98.0
404426,2007,61566.0,0.0,145.0,0.1413,0.1581,0.2111,0.24,4.9802,o,869.0,237.0,2214.0,105.0
404426,2008,61470.0,0.0,187.0,0.1825,0.1884,0.2044,0.212,1.5729,o,903.0,355.0,2283.0,103.0
404426,2009,63810.0,0.0,150.0,0.141,0.1414,0.1422,0.1426,1.0332,o,913.0,388.0,2590.0,112.0
404426,2010,68664.0,0.0,195.0,0.1704,0.1708,0.1717,0.1721,1.0305,o,1074.0,79.0,2573.0,108.0
404426,2011,71952.0,0.0,236.0,0.1968,0.1991,0.2052,0.208,1.1828,o,865.0,194.0,2848.0,117.0
404426,2012,70665.0,0.0,268.0,0.2276,0.2254,0.2198,0.2174,0.8707,o,781.0,228.0,3592.0,119.0
404426,2013,62714.0,0.0,258.0,0.2468,0.2431,0.2338,0.2298,0.8056,o,647.0,416.0,3609.0,122.0
404426,2014,63516.0,0.0,267.0,0.2522,0.248,0.2375,0.233,0.7861,o,658.0,467.0,3634.0,121.0
404426,2015,62718.0,0.0,332.0,0.3176,0.3158,0.3112,0.3092,0.9216,o,636.0,446.0,3681.0,125.0
404426,2016,61503.0,0.0,319.0,0.3112,0.3106,0.3092,0.3086,0.9747,o,592.0,374.0,3850.0,136.0
404426,2017,61410.0,0.0,431.0,0.4211,0.4185,0.4119,0.4089,0.915,o,436.0,423.0,3901.0,135.0
404426,2018,60451.0,0.0,393.0,0.3901,0.3808,0.3581,0.3484,0.7101,o,443.0,399.0,3926.0,130.0
404426,2019,63400.0,0.0,341.0,0.3227,0.3194,0.3109,0.3073,0.8619,o,435.0,390.0,4246.0,120.0
404426,2020,58290.0,0.0,356.0,0.3664,0.3662,0.3655,0.3652,0.9898,o,453.0,307.0,3202.0,129.0
404426,2021,52106.0,0.0,287.0,0.3305,0.3312,0.3331,0.3339,1.0319,o,450.0,326.0,3166.0,126.0
404426,2022,50938.0,0.0,334.0,0.3934,0.3938,0.3947,0.3952,1.0135,o,485.0,310.0,2975.0,122.0
404426,2023,49957.0,0.0,307.0,0.3687,0.3706,0.3754,0.3775,1.0742,o,553.0,395.0,2807.0,111.0
404426,2024,52486.0,0.0,261.0,0.2984,0.3019,0.3112,0.3154,1.1829,o,440.0,317.0,2712.0,106.0
405979,1998,59520.0,250.0,0.0,0.504,0.504,0.504,0.504,,x,,,,
405979,2001,42186.0,355.0,0.0,1.0098,1.0098,1.0098,1.0098,,x,,,,
405979,2003,40849.0,418.0,2.0,1.2309,1.2309,1.2309,1.2309,,x,19.0,,13765.0,569.0
405979,2004,57082.0,384.0,1.0,0.8083,0.8083,0.8083,0.8083,,x,105.0,,14079.0,417.0
405979,2005,54801.0,475.0,4.0,1.0445,1.0445,1.0445,1.0445,,x,65.0,,14341.0,437.0
405979,2006,48801.0,463.0,0.0,1.1385,1.1385,1.1385,1.1385,,x,43.0,155.0,15074.0,469.0
405979,2007,65400.0,401.0,0.0,0.7358,0.7358,0.7358,0.7358,,x,60.0,171.0,16243.0,342.0
405979,2008,36194.0,421.0,3.0,1.4008,1.4008,1.4008,1.4008,,x,69.0,208.0,16287.0,486.0
405979,2009,51420.0,467.0,0.0,1.0898,1.0898,1.0898,1.0898,,x,72.0,162.0,16748.0,386.0
405979,2010,45372.0,427.0,0.0,1.1293,1.1293,1.1293,1.1293,,x,52.0,125.0,13346.0,495.0
405979,2011,43757.0,376.0,0.0,1.0311,1.0311,1.0311,1.0311,,x,67.0,187.0,14574.0,540.0
405979,2012,45393.0,253.0,0.0,0.6688,0.6688,0.6688,0.6688,,x,46.0,144.0,14774.0,515.0
405979,2013,36597.0,270.0,0.0,0.8853,0.8853,0.8853,0.8853,,x,29.0,106.0,15132.0,566.0
407009,1998,77938.0,972.0,0.0,1.4966,1.4966,1.4966,1.4966,,n,,,,
407009,1999,82012.0,985.0,0.0,1.4413,2.4421,3.1097,4.3238,9.0,o,,,,
407009,2000,85547.0,1107.0,0.0,1.5528,3.1869,4.4308,6.9445,20.0,o,,,,
407009,2001,87911.0,1176.0,0.0,1.6053,3.2123,4.4146,6.8105,18.0,o,,,,
407009,2002,100331.0,1262.0,0.0,1.5094,3.3898,4.9116,8.1439,29.1111,o,321.0,,4178.0,
407009,2003,122809.0,1300.0,0.0,1.2703,2.8263,4.0776,6.7216,28.0,o,357.0,,4393.0,175.0
407009,2004,157713.0,1422.0,0.0,1.082,2.1887,3.023,4.6954,18.8333,o,396.0,,5962.0,197.0
407009,2005,145617.0,1486.0,0.0,1.2246,1.5777,1.772,2.076,2.874,o,483.0,,6541.0,225.0
407009,2006,153080.0,1550.0,0.0,1.2151,1.3539,1.4227,1.5223,1.5696,o,539.0,1060.0,6623.0,282.0
407009,2007,154494.0,1566.0,0.0,1.2164,1.3423,1.4042,1.4934,1.5074,o,607.0,990.0,6654.0,262.0
407009,2013,88430.0,992.0,0.0,1.3461,1.3461,1.3461,1.3461,,n,271.0,637.0,,
407009,2014,88713.0,848.0,0.0,1.1471,1.1471,1.1471,1.1471,,n,342.0,549.0,12567.0,
407009,2015,91030.0,941.0,0.0,1.2405,1.2405,1.2405,1.2405,,n,322.0,526.0,12641.0,
407009,2016,89767.0,924.0,0.0,1.2352,1.2352,1.2352,1.2352,,n,392.0,584.0,12555.0,
407009,2017,92268.0,858.0,0.0,1.1159,1.1159,1.1159,1.1159,,n,522.0,603.0,12603.0,
407009,2018,103253.0,885.0,0.0,1.0285,1.132,1.1829,1.2559,1.491,o,665.0,639.0,12838.0,
407009,2019,117783.0,931.0,0.0,0.9485,1.0904,1.1624,1.2682,1.7877,o,789.0,682.0,12007.0,
420574,1998,15225.0,161.0,0.0,1.269,1.269,1.269,1.269,,n,,,,
420574,1999,17387.0,171.0,0.0,1.1802,1.1802,1.1802,1.1802,,n,,,,
420574,2000,21268.0,218.0,0.0,1.23,1.23,1.23,1.23,,n,,,,
420574,2001,27699.0,299.0,0.0,1.2954,1.4963,1.5985,1.7492,1.8235,o,,,,
420574,2002,36613.0,348.0,0.0,1.1406,1.4145,1.5611,1.7859,2.4516,o,142.0,,4223.0,
420574,2003,44926.0,501.0,0.0,1.3382,1.6007,1.7377,1.9436,2.1094,o,137.0,,4306.0,260.0
420574,2004,52915.0,648.0,0.0,1.4695,1.6197,1.6936,1.7998,1.5,o,150.0,,5818.0,283.0
420574,2005,59529.0,745.0,0.0,1.5018,1.5871,1.6278,1.6849,1.2588,o,227.0,,6396.0,278.0
420574,2006,69895.0,854.0,0.0,1.4662,1.5885,1.6479,1.7325,1.3963,o,246.0,,6690.0,382.0
420574,2007,90807.0,716.0,0.0,0.9462,1.074,1.1382,1.232,1.6953,o,439.0,487.0,6725.0,320.0
420574,2014,93929.0,685.0,0.0,0.8751,0.8751,0.8751,0.8751,,n,535.0,518.0,12567.0,
421708,2000,4621.0,0.0,0.0,0.0,0.0,0.0,0.0,,-,,,,
421708,2001,7752.0,0.0,0.0,0.0,0.0,0.0,0.0,,-,,,,
421708,2004,5713.0,0.0,0.0,0.0,0.0,0.0,0.0,,-,198.0,,,545.0
421708,2005,5956.0,0.0,12.0,0.1209,0.1209,0.1209,0.1209,,-,183.0,,13834.0,739.0
421708,2006,3985.0,0.0,32.0,0.4818,0.4818,0.4818,0.4818,,-,92.0,42.0,14958.0,977.0
421708,2007,5174.0,0.0,28.0,0.3247,0.3247,0.3247,0.3247,,-,133.0,2.0,15880.0,750.0
421708,2008,6726.0,0.0,35.0,0.3122,0.3122,0.3122,0.3122,,-,45.0,142.0,16718.0,639.0
421708,2010,38846.0,0.0,42.0,0.0649,0.0649,0.0649,0.0649,,-,272.0,,19334.0,287.0
421708,2011,36274.0,0.0,66.0,0.1092,0.1092,0.1092,0.1092,,-,201.0,,18880.0,408.0
421708,2012,34708.0,0.0,85.0,0.1469,0.1469,0.1469,0.1469,,-,188.0,,20321.0,402.0
421708,2013,35641.0,0.0,73.0,0.1229,0.1229,0.1229,0.1229,,-,421.0,,19965.0,425.0
421708,2014,36194.0,0.0,65.0,0.1078,0.1078,0.1078,0.1078,,-,158.0,39.0,19780.0,495.0
421708,2015,33959.0,0.0,41.0,0.0724,0.0724,0.0724,0.0724,,-,193.0,12.0,19873.0,389.0
421708,2016,25684.0,0.0,47.0,0.1098,0.1098,0.1098,0.1098,,-,216.0,6.0,19589.0,427.0
421708,2017,23714.0,0.0,18.0,0.0455,0.0455,0.0455,0.0455,,-,232.0,2.0,19790.0,372.0
421708,2019,21033.0,0.0,7.0,0.02,0.02,0.02,0.02,,-,95.0,51.0,19139.0,397.0
421708,2020,16737.0,0.0,8.0,0.0287,0.0287,0.0287,0.0287,,-,130.0,55.0,19040.0,520.0
421708,2021,30010.0,87.0,0.0,0.3479,0.3479,0.3479,0.3479,,-,22.0,164.0,18490.0,794.0
421708,2022,34428.0,133.0,0.0,0.4636,0.4636,0.4636,0.4636,,-,23.0,172.0,25304.0,790.0
421708,2023,38427.0,276.0,0.0,0.8619,0.8619,0.8619,0.8619,,-,37.0,186.0,24844.0,781.0
421708,2024,38139.0,296.0,0.0,0.9313,0.9313,0.9313,0.9313,,-,23.0,181.0,24853.0,828.0
423643,1998,1320.0,13.0,0.0,1.1818,1.1818,1.1818,1.1818,,n,,,,
423643,1999,1890.0,32.0,0.0,2.0317,2.0317,2.0317,2.0317,,n,,,,
423643,2000,2442.0,27.0,0.0,1.3268,1.3268,1.3268,1.3268,,n,,,,
423643,2002,4360.0,51.0,0.0,1.4037,1.4037,1.4037,1.4037,,n,,,,
423643,2003,4209.0,56.0,0.0,1.5965,1.5965,1.5965,1.5965,,n,,,,
423643,2004,1983.0,49.0,0.0,2.9647,2.9647,2.9647,2.9647,,n,,,,
423643,2007,780.0,19.0,0.0,2.9231,2.9231,2.9231,2.9231,,n,,15.0,,
423643,2008,679.0,10.0,0.0,1.7664,1.7664,1.7664,1.7664,,n,,9.0,,
428444,1999,34380.0,47.0,255.0,0.6091,0.6091,0.6091,0.6091,,-,,,,
428444,2000,31383.0,70.0,230.0,0.7074,0.7074,0.7074,0.7074,,-,,,,
428444,2002,39003.0,87.0,182.0,0.5477,0.5477,0.5477,0.5477,,-,430.0,,24196.0,
428444,2003,41338.0,168.0,136.0,0.6851,0.6851,0.6851,0.6851,,-,388.0,,24879.0,705.0
428444,2004,42337.0,181.0,81.0,0.6278,0.6278,0.6278,0.6278,,-,405.0,,35572.0,680.0
428444,2005,42356.0,180.0,65.0,0.602,0.602,0.602,0.602,,-,373.0,,27582.0,731.0
428444,2006,40440.0,233.0,49.0,0.7641,0.7641,0.7641,0.7641,,-,328.0,,27597.0,812.0
428444,2007,39071.0,232.0,38.0,0.7709,0.7709,0.7709,0.7709,,-,330.0,,29279.0,785.0
428444,2008,40194.0,188.0,30.0,0.6061,0.6061,0.6061,0.6061,,-,333.0,13.0,32632.0,804.0
428444,2009,40116.0,210.0,23.0,0.6626,0.6626,0.6626,0.6626,,-,392.0,17.0,32462.0,800.0
428444,2010,44145.0,175.0,35.0,0.5233,0.5233,0.5233,0.5233,,-,246.0,123.0,32544.0,836.0
428444,2011,44881.0,193.0,79.0,0.6216,0.6216,0.6216,0.6216,,-,220.0,161.0,24549.0,719.0
428444,2012,40400.0,192.0,106.0,0.7277,0.7277,0.7277,0.7277,,-,186.0,161.0,23969.0,691.0
428444,2013,34409.0,163.0,60.0,0.6731,0.6731,0.6731,0.6731,,-,229.0,185.0,23549.0,664.0
428444,2014,34714.0,162.0,46.0,0.6395,0.6395,0.6395,0.6395,,-,183.0,193.0,22930.0,602.0
428444,2015,34101.0,117.0,51.0,0.5014,0.5014,0.5014,0.5014,,-,189.0,158.0,22736.0,560.0
428444,2016,32960.0,108.0,29.0,0.446,0.446,0.446,0.446,,-,142.0,113.0,22574.0,500.0
428444,2017,28075.0,130.0,37.0,0.6347,0.6347,0.6347,0.6347,,-,80.0,90.0,22197.0,473.0
428444,2018,20146.0,132.0,29.0,0.8726,0.8726,0.8726,0.8726,,-,,,21698.0,
430166,1998,5856.0,0.0,60.0,0.6148,0.6148,0.6148,0.6148,,-,,,,
430166,1999,8283.0,0.0,98.0,0.7099,0.7099,0.7099,0.7099,,-,,,,
430166,2000,8685.0,0.0,102.0,0.7047,0.7047,0.7047,0.7047,,-,,,,
430166,2002,9300.0,0.0,62.0,0.4,0.4,0.4,0.4,,-,38.0,,14486.0,
430166,2003,11950.0,0.0,82.0,0.4117,0.4117,0.4117,0.4117,,-,27.0,,15061.0,226.0
430166,2004,8976.0,0.0,109.0,0.7286,0.7286,0.7286,0.7286,,-,22.0,,14698.0,389.0
430166,2005,9900.0,0.0,123.0,0.7455,0.7455,0.7455,0.7455,,-,21.0,,15070.0,384.0
430166,2006,12837.0,0.0,125.0,0.5842,0.5842,0.5842,0.5842,,-,29.0,64.0,14900.0,329.0
430166,2007,8844.0,0.0,132.0,0.8955,0.8955,0.8955,0.8955,,-,40.0,40.0,14841.0,518.0
430166,2008,10671.0,0.0,131.0,0.7366,0.7366,0.7366,0.7366,,-,45.0,55.0,14970.0,399.0
430166,2009,9271.0,0.0,112.0,0.7248,0.7248,0.7248,0.7248,,-,62.0,33.0,19374.0,675.0
430166,2010,11617.0,0.0,130.0,0.6714,0.6714,0.6714,0.6714,,-,40.0,49.0,21514.0,577.0
430166,2011,11461.0,0.0,176.0,0.9214,0.9214,0.9214,0.9214,,-,18.0,48.0,21961.0,628.0
430166,2012,9565.0,0.0,127.0,0.7967,0.7967,0.7967,0.7967,,-,62.0,11.0,22673.0,656.0
430166,2013,5231.0,0.0,111.0,1.2732,1.2732,1.2732,1.2732,,-,55.0,,21048.0,1110.0
430166,2014,7501.0,0.0,98.0,0.7839,0.7839,0.7839,0.7839,,-,42.0,,20730.0,672.0
430166,2015,6742.0,0.0,104.0,0.9255,0.9255,0.9255,0.9255,,-,53.0,12.0,22389.0,744.0
430166,2016,5805.0,0.0,97.0,1.0026,1.0026,1.0026,1.0026,,-,8.0,25.0,22234.0,769.0
430166,2017,4124.0,0.0,62.0,0.902,0.902,0.902,0.902,,-,13.0,21.0,21863.0,807.0
430166,2018,4405.0,0.0,40.0,0.5448,0.5448,0.5448,0.5448,,-,,,,
436094,2004,657.0,5.0,0.0,0.9132,0.9132,0.9132,0.9132,,-,,,,772.0
436094,2005,745.0,4.0,0.0,0.6443,0.6443,0.6443,0.6443,,-,,,,647.0
436094,2006,1105.0,11.0,0.0,1.1946,1.1946,1.1946,1.1946,,-,,,,665.0
436094,2007,1640.0,13.0,0.0,0.9512,0.9512,0.9512,0.9512,,-,1.0,20.0,,747.0
436094,2008,1675.0,9.0,0.0,0.6448,0.6448,0.6448,0.6448,,-,,,24514.0,773.0
436094,2009,2534.0,23.0,0.0,1.0892,1.0892,1.0892,1.0892,,-,8.0,1.0,25398.0,763.0
436094,2010,3300.0,17.0,0.0,0.6182,0.6182,0.6182,0.6182,,-,12.0,32.0,26777.0,851.0
436094,2011,4428.0,14.0,0.0,0.3794,0.3794,0.3794,0.3794,,-,17.0,105.0,18611.0,625.0
436094,2012,5451.0,24.0,0.0,0.5283,0.5283,0.5283,0.5283,,-,19.0,55.0,17160.0,726.0
436094,2013,4890.0,34.0,0.0,0.8344,0.8344,0.8344,0.8344,,-,20.0,44.0,16957.0,696.0
436094,2014,5742.0,36.0,1.0,0.7628,0.7628,0.7628,0.7628,,-,23.0,38.0,17989.0,599.0
436094,2015,5583.0,28.0,2.0,0.6233,0.6233,0.6233,0.6233,,-,16.0,39.0,17837.0,598.0
436094,2016,5026.0,20.0,5.0,0.5372,0.5372,0.5372,0.5372,,-,4.0,23.0,17580.0,592.0
436094,2017,3887.0,27.0,2.0,0.8644,0.8644,0.8644,0.8644,,-,7.0,16.0,16766.0,625.0
436094,2018,2694.0,22.0,5.0,1.0913,1.0913,1.0913,1.0913,,-,,,16747.0,
436614,2001,1363.0,8.0,1.0,0.7483,0.7483,0.7483,0.7483,,n,,,,
436614,2002,1595.0,3.0,2.0,0.3009,0.3009,0.3009,0.3009,,n,15.0,,7726.0,
436614,2003,1530.0,7.0,2.0,0.6275,0.6275,0.6275,0.6275,,n,18.0,,7783.0,242.0
436614,2004,1673.0,7.0,0.0,0.5021,0.5021,0.5021,0.5021,,n,14.0,,8764.0,360.0
436614,2005,1420.0,12.0,0.0,1.0141,1.0653,1.0762,1.104,1.1852,o,17.0,,8885.0,399.0
436614,2007,1792.0,13.0,3.0,0.971,0.9794,0.9812,0.9856,1.0303,o,10.0,3.0,9074.0,312.0
436614,2008,1410.0,2.0,0.0,0.1702,0.162,0.1604,0.1564,0.8438,o,18.0,4.0,10141.0,380.0
436614,2009,1834.0,16.0,0.0,1.0469,1.0164,1.0103,0.9949,0.9032,o,13.0,4.0,13395.0,384.0
436614,2010,2074.0,12.0,1.0,0.7232,0.7041,0.7002,0.6906,0.9118,o,18.0,2.0,13809.0,421.0
436614,2011,1827.0,10.0,0.0,0.6568,0.6837,0.6894,0.7038,1.1481,o,12.0,4.0,15542.0,432.0
436614,2012,1734.0,10.0,1.0,0.7266,0.7413,0.7444,0.7521,1.0714,o,8.0,2.0,15737.0,445.0
436614,2013,1330.0,15.0,0.0,1.3534,1.1919,1.1609,1.0871,0.6452,o,10.0,4.0,15461.0,468.0
436614,2014,1203.0,7.0,1.0,0.7481,0.639,0.6185,0.5701,0.5806,o,14.0,7.0,15228.0,308.0
436614,2015,1715.0,7.0,1.0,0.5248,0.4919,0.4854,0.4694,0.8,o,3.0,5.0,13707.0,254.0
436614,2016,1690.0,6.0,1.0,0.4615,0.4403,0.436,0.4255,0.85,o,15.0,3.0,13613.0,278.0
436614,2017,1914.0,10.0,1.0,0.6583,0.6583,0.6583,0.6583,1.0,o,7.0,18.0,13385.0,291.0
436614,2018,1857.0,17.0,1.0,1.1309,1.1027,1.0969,1.0827,0.9167,o,8.0,2.0,14021.0,283.0
436614,2019,1301.0,9.0,0.0,0.8301,0.8005,0.7946,0.7798,0.8824,o,9.0,4.0,13727.0,248.0
436614,2020,1340.0,7.0,1.0,0.6716,0.6606,0.6583,0.6527,0.9444,o,6.0,,14243.0,228.0
436614,2021,958.0,7.0,2.0,1.0021,0.8967,0.8764,0.8274,0.6818,o,10.0,5.0,15057.0,336.0
436614,2022,1092.0,8.0,0.0,0.8791,0.8957,0.8992,0.908,1.0667,o,10.0,1.0,14152.0,280.0
436614,2023,1176.0,8.0,1.0,0.8673,0.9092,0.9181,0.9408,1.1765,o,11.0,4.0,13664.0,279.0
436614,2024,1324.0,7.0,1.0,0.6798,0.7494,0.7647,0.8043,1.4,o,10.0,1.0,13500.0,249.0
437194,2000,992.0,0.0,0.0,0.0,0.0,0.0,0.0,,-,,,,
438179,2001,7275.0,0.0,81.0,0.668,0.668,0.668,0.668,,-,,,,
438179,2002,7050.0,0.0,33.0,0.2809,0.2809,0.2809,0.2809,,-,230.0,,,
438179,2003,11150.0,0.0,51.0,0.2744,0.2744,0.2744,0.2744,,-,358.0,,,
438179,2009,21420.0,0.0,46.0,0.1289,0.1289,0.1289,0.1289,,-,265.0,,,
438179,2011,27472.0,0.0,112.0,0.2446,0.2446,0.2446,0.2446,,-,262.0,,,
438179,2012,19729.0,0.0,123.0,0.3741,0.3741,0.3741,0.3741,,-,155.0,,,
438179,2013,11623.0,5.0,79.0,0.4594,0.4594,0.4594,0.4594,,-,158.0,,,
438179,2014,9390.0,10.0,59.0,0.5048,0.5048,0.5048,0.5048,,-,154.0,,,
438179,2015,8340.0,13.0,47.0,0.5252,0.5252,0.5252,0.5252,,-,66.0,3.0,,
438179,2016,9610.0,19.0,61.0,0.6181,0.6181,0.6181,0.6181,,-,317.0,,,
438179,2017,6984.0,10.0,37.0,0.4897,0.4897,0.4897,0.4897,,-,112.0,,,
438179,2019,7581.0,10.0,26.0,0.3641,0.3641,0.3641,0.3641,,-,100.0,,,
438179,2020,11232.0,0.0,26.0,0.1389,0.1389,0.1389,0.1389,,-,88.0,30.0,,
438179,2021,8801.0,5.0,19.0,0.1977,0.1977,0.1977,0.1977,,-,45.0,35.0,,
438179,2022,7880.0,2.0,27.0,0.236,0.236,0.236,0.236,,-,24.0,39.0,,
438179,2023,5826.0,0.0,47.0,0.484,0.484,0.484,0.484,,-,34.0,51.0,,
438179,2024,5917.0,0.0,33.0,0.3346,0.3346,0.3346,0.3346,,-,26.0,57.0,,
442781,2003,2357.0,0.0,0.0,0.0,0.0,0.0,0.0,,n,13.0,,,68.0
442781,2004,3808.0,0.0,5.0,0.0788,0.0788,0.0788,0.0788,,n,27.0,,1672.0,41.0
442781,2005,3235.0,0.0,2.0,0.0371,0.0371,0.0371,0.0371,,n,54.0,,1622.0,66.0
442781,2006,4155.0,0.0,5.0,0.0722,0.0774,0.0926,0.1002,2.7,o,22.0,,1683.0,37.0
442781,2007,3690.0,0.0,21.0,0.3415,0.3272,0.2931,0.2792,0.5432,o,12.0,,1633.0,
442781,2008,3250.0,0.0,21.0,0.3877,0.3576,0.2906,0.265,0.3158,o,10.0,,1580.0,
442781,2009,3040.0,0.0,4.0,0.0789,0.0761,0.0691,0.0663,0.5882,o,15.0,1.0,1554.0,
442781,2010,3790.0,0.0,2.0,0.0317,0.0324,0.0342,0.0351,1.3636,o,33.0,,1544.0,61.0
442781,2011,4010.0,0.0,4.0,0.0599,0.0641,0.0763,0.0825,2.64,o,45.0,1.0,1890.0,71.0
442781,2012,4080.0,0.0,3.0,0.0441,0.0461,0.0516,0.0543,1.875,o,32.0,7.0,1842.0,80.0
442781,2013,3914.0,0.0,3.0,0.046,0.0454,0.0438,0.0431,0.8205,o,32.0,20.0,1810.0,94.0
442781,2014,4266.0,0.0,9.0,0.1266,0.125,0.1209,0.1191,0.8312,o,46.0,1.0,2099.0,90.0
442781,2015,4246.0,0.0,11.0,0.1554,0.1594,0.1702,0.1752,1.4375,o,18.0,1.0,2094.0,104.0
442781,2016,4147.0,0.0,16.0,0.2315,0.2193,0.1908,0.1794,0.4615,o,102.0,13.0,2079.0,91.0
442781,2017,5679.0,0.0,23.0,0.243,0.2635,0.3247,0.3562,3.1875,o,135.0,23.0,1073.0,48.0
442781,2018,6702.0,0.0,23.0,0.2059,0.2179,0.2522,0.2691,2.25,o,107.0,18.0,1162.0,57.0
442781,2019,8074.0,0.0,27.0,0.2006,0.1992,0.1956,0.194,0.903,o,96.0,31.0,1137.0,45.0
442781,2021,19087.0,0.0,29.0,0.0912,0.099,0.1224,0.1345,3.2512,o,98.0,92.0,1088.0,
442781,2022,15988.0,0.0,37.0,0.1389,0.1315,0.1144,0.1075,0.4601,o,131.0,101.0,1022.0,
442781,2023,21977.0,0.0,63.0,0.172,0.1662,0.1521,0.1463,0.6122,o,197.0,150.0,965.0,85.0
442781,2024,18998.0,0.0,88.0,0.2779,0.2887,0.3183,0.3324,1.7205,o,130.0,97.0,932.0,
442879,2011,9960.0,0.0,48.0,0.2892,0.2892,0.2892,0.2892,,-,205.0,,,691.0
442879,2013,11222.0,0.0,81.0,0.4331,0.4331,0.4331,0.4331,,-,317.0,,,821.0
442879,2016,7898.0,0.0,128.0,0.9724,0.9724,0.9724,0.9724,,-,208.0,,,1308.0
442879,2017,4714.0,0.0,98.0,1.2473,1.2473,1.2473,1.2473,,-,315.0,14.0,,
444130,2011,7632.0,104.0,0.0,1.6352,2.5635,2.8134,3.5501,4.7132,i,22.0,93.0,11726.0,448.0
444130,2012,8091.0,111.0,0.0,1.6463,2.0857,2.1903,2.4754,2.2609,o,,21.0,11984.0,509.0
444130,2013,5866.0,58.0,0.0,1.1865,1.1865,1.1865,1.1865,,n,,29.0,,571.0
444130,2014,4896.0,72.0,0.0,1.7647,1.7647,1.7647,1.7647,,n,,40.0,,604.0
444130,2015,4002.0,57.0,0.0,1.7091,1.7091,1.7091,1.7091,,n,,35.0,,661.0
444130,2016,3153.0,60.0,0.0,2.2835,2.2835,2.2835,2.2835,,n,,16.0,,642.0
444927,2004,4774.0,0.0,10.0,0.1257,0.1257,0.1257,0.1257,,-,37.0,,,264.0
444927,2005,4251.0,0.0,35.0,0.494,0.494,0.494,0.494,,-,47.0,,15066.0,316.0
444927,2006,4409.0,0.0,43.0,0.5851,0.5851,0.5851,0.5851,,-,64.0,,16453.0,360.0
444927,2007,5975.0,4.0,53.0,0.6126,0.6126,0.6126,0.6126,,-,24.0,20.0,17059.0,320.0
444927,2008,3952.0,1.0,67.0,1.0476,1.0476,1.0476,1.0476,,-,66.0,2.0,29596.0,596.0
444927,2010,10854.0,1.0,7.0,0.0498,0.0498,0.0498,0.0498,,-,90.0,45.0,25036.0,745.0
444927,2011,14601.0,24.0,20.0,0.2794,0.2794,0.2794,0.2794,,-,89.0,51.0,24172.0,621.0
444927,2012,14831.0,52.0,48.0,0.6149,0.6149,0.6149,0.6149,,-,82.0,53.0,23969.0,628.0
444927,2013,13522.0,55.0,45.0,0.6878,0.6878,0.6878,0.6878,,-,86.0,61.0,23549.0,623.0
444927,2014,12728.0,43.0,34.0,0.5657,0.5657,0.5657,0.5657,,-,76.0,67.0,22930.0,565.0
444927,2015,11834.0,51.0,39.0,0.7149,0.7149,0.7149,0.7149,,-,73.0,40.0,22736.0,502.0
444927,2017,5195.0,44.0,30.0,1.3629,1.3629,1.3629,1.3629,,-,,,,
445027,2020,441216.0,1541.0,708.0,0.5154,0.5154,0.5154,0.5154,,-,1646.0,2447.0,14381.0,491.0
445027,2021,498943.0,2085.0,903.0,0.61,0.61,0.61,0.61,,-,1368.0,1964.0,13594.0,505.0
445027,2022,443436.0,1866.0,1301.0,0.681,0.681,0.681,0.681,,-,977.0,2319.0,13623.0,538.0
445027,2023,411753.0,1879.0,1694.0,0.7945,0.7945,0.7945,0.7945,,-,166.0,586.0,12859.0,508.0
445027,2024,297375.0,1757.0,1398.0,0.9911,0.9911,0.9911,0.9911,,-,446.0,1411.0,12310.0,540.0
447236,2008,11970.0,0.0,20.0,0.1003,0.1003,0.1003,0.1003,,-,81.0,148.0,20018.0,540.0
447236,2009,13509.0,2.0,31.0,0.1555,0.1555,0.1555,0.1555,,-,107.0,1.0,21617.0,698.0
447236,2010,17251.0,0.0,121.0,0.4209,0.4209,0.4209,0.4209,,-,61.0,,21477.0,756.0
447236,2011,14963.0,1.0,47.0,0.1965,0.1965,0.1965,0.1965,,-,38.0,19.0,20973.0,641.0
447236,2012,10666.0,3.0,40.0,0.2588,0.2588,0.2588,0.2588,,-,39.0,46.0,16899.0,451.0
447236,2013,11166.0,4.0,27.0,0.1881,0.1881,0.1881,0.1881,,-,47.0,48.0,16603.0,482.0
447236,2014,13720.0,11.0,15.0,0.1618,0.1618,0.1618,0.1618,,-,9.0,12.0,16352.0,431.0
448886,2013,231680.0,1969.0,0.0,1.0199,1.0199,1.0199,1.0199,,n,1080.0,1221.0,,
448886,2014,252125.0,2111.0,0.0,1.0047,1.0047,1.0047,1.0047,,n,1154.0,1285.0,12983.0,
448886,2015,268616.0,2395.0,0.0,1.0699,1.0699,1.0699,1.0699,,n,1235.0,1203.0,13260.0,
448886,2016,276330.0,2296.0,0.0,0.9971,0.9971,0.9971,0.9971,,n,1298.0,1102.0,13169.0,
448886,2017,275309.0,2337.0,0.0,1.0186,1.0186,1.0186,1.0186,,n,1301.0,895.0,13220.0,
448886,2018,264213.0,2351.0,0.0,1.0678,1.1073,1.1259,1.1517,1.1634,o,1420.0,841.0,13450.0,
448886,2019,257663.0,2261.0,0.0,1.053,1.0864,1.1021,1.1238,1.139,o,1676.0,745.0,13205.0,
451787,2009,564.0,0.0,0.0,0.0,0.0,0.0,0.0,,-,,,,
451972,2010,13848.0,0.0,10.0,0.0433,0.0433,0.0433,0.0433,,-,89.0,15.0,24513.0,569.0
451972,2011,15335.0,0.0,108.0,0.4226,0.4226,0.4226,0.4226,,-,28.0,16.0,25194.0,990.0
451972,2012,11730.0,4.0,145.0,0.7826,0.7826,0.7826,0.7826,,-,33.0,7.0,24556.0,1116.0
451972,2013,9043.0,19.0,109.0,0.9753,0.9753,0.9753,0.9753,,-,31.0,1.0,24126.0,1050.0
451972,2014,7257.0,15.0,43.0,0.6036,0.6036,0.6036,0.6036,,-,42.0,6.0,23762.0,884.0
451972,2015,6774.0,9.0,50.0,0.6023,0.6023,0.6023,0.6023,,-,29.0,1.0,23561.0,756.0
454245,2010,7800.0,4.0,0.0,0.0615,0.0615,0.0615,0.0615,,-,4.0,135.0,20842.0,674.0
454245,2011,10080.0,69.0,0.0,0.8214,0.8214,0.8214,0.8214,,-,3.0,189.0,20688.0,936.0
454245,2012,12090.0,99.0,0.0,0.9826,0.9826,0.9826,0.9826,,-,7.0,207.0,21906.0,972.0
454245,2013,14100.0,122.0,0.0,1.0383,1.0383,1.0383,1.0383,,-,6.0,185.0,22672.0,971.0
454245,2014,15600.0,133.0,0.0,1.0231,1.0231,1.0231,1.0231,,-,2.0,197.0,22751.0,976.0
454245,2015,16950.0,116.0,0.0,0.8212,0.8212,0.8212,0.8212,,-,3.0,177.0,22558.0,993.0
454245,2016,17790.0,158.0,0.0,1.0658,1.0658,1.0658,1.0658,,-,3.0,205.0,23336.0,1006.0
454245,2017,16950.0,200.0,0.0,1.4159,1.4159,1.4159,1.4159,,-,3.0,188.0,24514.0,1038.0
454245,2018,17580.0,205.0,0.0,1.3993,1.3993,1.3993,1.3993,,-,2.0,203.0,24147.0,1026.0
454245,2019,18060.0,227.0,0.0,1.5083,1.5083,1.5083,1.5083,,-,5.0,194.0,23641.0,1005.0
454245,2020,17250.0,223.0,0.0,1.5513,1.5513,1.5513,1.5513,,-,4.0,166.0,23288.0,1000.0
454245,2021,19590.0,211.0,0.0,1.2925,1.2925,1.2925,1.2925,,-,3.0,151.0,23072.0,988.0
454245,2022,20490.0,189.0,0.0,1.1069,1.1069,1.1069,1.1069,,-,9.0,118.0,21921.0,913.0
454245,2023,21060.0,242.0,0.0,1.3789,1.3789,1.3789,1.3789,,-,5.0,119.0,20850.0,863.0
454245,2024,18870.0,225.0,0.0,1.4308,1.4308,1.4308,1.4308,,-,7.0,103.0,20462.0,865.0
454829,2022,95403.0,1636.0,3.0,2.0597,2.0597,2.0597,2.0597,,-,39.0,290.0,5606.0,335.0
456038,2020,17343.0,0.0,35.0,0.1211,0.1211,0.1211,0.1211,,-,77.0,71.0,,317.0
456038,2021,12480.0,0.0,60.0,0.2885,0.2885,0.2885,0.2885,,-,72.0,66.0,,335.0
456038,2022,10314.0,0.0,40.0,0.2327,0.2327,0.2327,0.2327,,-,88.0,40.0,,397.0
456038,2023,10140.0,0.0,39.0,0.2308,0.2308,0.2308,0.2308,,-,85.0,73.0,,359.0
456038,2024,11460.0,0.0,37.0,0.1937,0.1937,0.1937,0.1937,,-,77.0,63.0,,345.0
456180,2009,4355.0,0.0,0.0,0.0,0.0,0.0,0.0,,-,49.0,,,
456180,2010,10706.0,0.0,0.0,0.0,0.0,0.0,0.0,,-,103.0,,,
456180,2012,15480.0,0.0,18.0,0.0698,0.0698,0.0698,0.0698,,-,19.0,15.0,18329.0,
456180,2013,12630.0,0.0,8.0,0.038,0.038,0.038,0.038,,-,22.0,29.0,18449.0,
456180,2014,11880.0,0.0,20.0,0.101,0.101,0.101,0.101,,-,58.0,17.0,16363.0,390.0
456180,2015,12030.0,0.0,0.0,0.0,0.0,0.0,0.0,,-,20.0,39.0,17659.0,423.0
456180,2016,12600.0,0.0,31.0,0.1476,0.1476,0.1476,0.1476,,-,13.0,38.0,18207.0,414.0
456180,2017,10260.0,0.0,13.0,0.076,0.076,0.076,0.076,,-,,,17351.0,453.0
456348,2010,129129.0,145.0,0.0,0.1347,0.1347,0.1347,0.1347,,-,1354.0,739.0,26777.0,580.0
456348,2011,203658.0,201.0,0.0,0.1184,0.1184,0.1184,0.1184,,-,1858.0,346.0,27656.0,566.0
456348,2012,212406.0,281.0,0.0,0.1588,0.1588,0.1588,0.1588,,-,1285.0,927.0,26957.0,553.0
456348,2013,208069.0,494.0,35.0,0.295,0.295,0.295,0.295,,-,867.0,976.0,25245.0,509.0
456348,2014,226109.0,663.0,178.0,0.3991,0.3991,0.3991,0.3991,,-,877.0,784.0,24864.0,413.0
456348,2015,196380.0,671.0,376.0,0.5249,0.5249,0.5249,0.5249,,-,465.0,764.0,24654.0,432.0
456348,2016,170945.0,704.0,469.0,0.6588,0.6588,0.6588,0.6588,,-,350.0,446.0,23445.0,395.0
456348,2017,134576.0,637.0,372.0,0.7339,0.7339,0.7339,0.7339,,-,341.0,393.0,23257.0,460.0
456348,2018,130957.0,622.0,296.0,0.7056,0.7056,0.7056,0.7056,,-,,,16747.0,
456612,2010,10155.0,0.0,0.0,0.0,0.0,0.0,0.0,,-,133.0,,13637.0,361.0
456612,2011,17133.0,0.0,37.0,0.1296,0.1296,0.1296,0.1296,,-,69.0,102.0,15093.0,364.0
456612,2012,15719.0,1.0,165.0,0.6375,0.6375,0.6375,0.6375,,-,118.0,80.0,15114.0,425.0
456612,2013,16621.0,2.0,112.0,0.4188,0.4188,0.4188,0.4188,,-,102.0,125.0,16074.0,426.0
456612,2014,16780.0,5.0,139.0,0.5328,0.5328,0.5328,0.5328,,-,112.0,110.0,15949.0,442.0
456612,2015,16295.0,4.0,150.0,0.5818,0.5818,0.5818,0.5818,,-,36.0,66.0,15826.0,443.0
456612,2017,5361.0,0.0,146.0,1.6339,1.6339,1.6339,1.6339,,-,34.0,2.0,,
457095,2010,1245.0,0.0,0.0,0.0,0.0,0.0,0.0,,-,8.0,34.0,,423.0
458654,2010,8961.0,0.0,0.0,0.0,0.0,0.0,0.0,,-,171.0,64.0,,
458654,2011,38554.0,0.0,7.0,0.0109,0.0109,0.0109,0.0109,,-,173.0,35.0,14265.0,133.0
458654,2012,38964.0,0.0,34.0,0.0524,0.0524,0.0524,0.0524,,-,49.0,16.0,18417.0,273.0
458654,2013,19258.0,0.0,25.0,0.0779,0.0779,0.0779,0.0779,,-,40.0,16.0,21219.0,425.0
458654,2014,10782.0,0.0,18.0,0.1002,0.1002,0.1002,0.1002,,-,,,18755.0,
461023,2011,33600.0,100.0,100.0,0.5357,0.5357,0.5357,0.5357,,-,82.0,135.0,,63.0
461023,2012,18066.0,22.0,56.0,0.3321,0.3321,0.3321,0.3321,,-,91.0,358.0,7743.0,296.0
461023,2013,21249.0,17.0,145.0,0.5054,0.5054,0.5054,0.5054,,-,107.0,258.0,9084.0,308.0
461023,2014,27012.0,55.0,122.0,0.5153,0.5153,0.5153,0.5153,,-,91.0,218.0,8946.0,345.0
461023,2015,24234.0,84.0,124.0,0.723,0.723,0.723,0.723,,-,71.0,182.0,8871.0,360.0
461023,2016,20733.0,80.0,156.0,0.9145,0.9145,0.9145,0.9145,,-,81.0,118.0,10365.0,310.0
461023,2017,21525.0,78.0,110.0,0.7415,0.7415,0.7415,0.7415,,-,79.0,157.0,10192.0,310.0
461023,2018,16632.0,71.0,79.0,0.7973,0.7973,0.7973,0.7973,,-,63.0,133.0,9964.0,387.0
461023,2019,15942.0,74.0,62.0,0.7904,0.7904,0.7904,0.7904,,-,63.0,129.0,9756.0,360.0
461023,2020,14487.0,75.0,85.0,0.9733,0.9733,0.9733,0.9733,,-,46.0,133.0,9610.0,369.0
461023,2021,13092.0,50.0,77.0,0.8112,0.8112,0.8112,0.8112,,-,46.0,88.0,9332.0,342.0
461023,2022,10908.0,55.0,60.0,0.9351,0.9351,0.9351,0.9351,,-,26.0,45.0,8771.0,355.0
461023,2023,9000.0,51.0,55.0,1.0467,1.0467,1.0467,1.0467,,-,22.0,51.0,8276.0,331.0
461023,2024,8373.0,57.0,40.0,1.1035,1.1035,1.1035,1.1035,,-,43.0,46.0,7995.0,322.0
464226,2018,12525.0,0.0,0.0,0.0,0.0,0.0,0.0,,n,224.0,81.0,,
464226,2019,17794.0,47.0,0.0,0.317,0.317,0.317,0.317,,n,195.0,115.0,33714.0,
464226,2020,19572.0,74.0,0.0,0.4537,0.4537,0.4537,0.4537,,n,260.0,77.0,36028.0,
464226,2021,19903.0,104.0,0.0,0.627,0.627,0.627,0.627,,n,262.0,102.0,36184.0,
464226,2022,22433.0,124.0,0.0,0.6633,0.6633,0.6633,0.6633,,n,246.0,108.0,36202.0,
464226,2023,22316.0,147.0,0.0,0.7905,0.8359,0.8456,0.8704,1.2124,o,211.0,125.0,34160.0,
464226,2024,21517.0,131.0,0.0,0.7306,0.7315,0.7317,0.7322,1.0044,o,279.0,136.0,35300.0,
470861,2012,5754.0,0.0,0.0,0.0,0.0,0.0,0.0,,-,28.0,5.0,24556.0,623.0
470861,2013,7170.0,0.0,52.0,0.4351,0.4351,0.4351,0.4351,,-,54.0,5.0,24126.0,770.0
470861,2014,9133.0,0.0,70.0,0.4599,0.4599,0.4599,0.4599,,-,44.0,1.0,23762.0,686.0
470861,2015,10046.0,5.0,81.0,0.5435,0.5435,0.5435,0.5435,,-,46.0,2.0,23561.0,689.0
474890,2011,14101.0,0.0,103.0,0.4383,0.4383,0.4383,0.4383,,n,237.0,53.0,,523.0
474890,2012,14910.0,0.0,108.0,0.4346,0.4346,0.4346,0.4346,,n,311.0,,21484.0,547.0
474890,2014,22755.0,19.0,151.0,0.4984,0.4984,0.4984,0.4984,,n,109.0,1.0,22660.0,566.0
474890,2015,25075.0,12.0,134.0,0.3781,0.3781,0.3781,0.3781,,n,91.0,,22151.0,613.0
474890,2016,27247.0,6.0,198.0,0.4624,0.3452,0.325,0.2794,0.365,o,81.0,,21998.0,647.0
474890,2017,23608.0,6.0,175.0,0.4753,0.3794,0.3621,0.3223,0.4599,o,109.0,1.0,21631.0,685.0
474890,2018,24070.0,2.0,167.0,0.4263,0.4387,0.4414,0.448,1.1047,o,99.0,1.0,21147.0,493.0
474890,2019,21655.0,8.0,125.0,0.3907,0.3951,0.3961,0.3984,1.04,o,77.0,,20709.0,514.0
475839,2012,1310.0,0.0,4.0,0.1832,0.1832,0.1832,0.1832,,-,,6.0,,
475839,2013,1278.0,0.0,14.0,0.6573,0.6573,0.6573,0.6573,,-,12.0,18.0,8890.0,
475839,2014,2843.0,0.0,13.0,0.2744,0.2744,0.2744,0.2744,,-,13.0,35.0,10533.0,
475839,2015,4742.0,0.0,22.0,0.2784,0.2784,0.2784,0.2784,,-,22.0,50.0,10444.0,806.0
475839,2016,4974.0,0.0,28.0,0.3378,0.3378,0.3378,0.3378,,-,13.0,45.0,10371.0,594.0
475839,2017,4465.0,0.0,17.0,0.2284,0.2284,0.2284,0.2284,,-,23.0,55.0,10326.0,719.0
475839,2018,4080.0,0.0,15.0,0.2206,0.2206,0.2206,0.2206,,-,23.0,71.0,10843.0,817.0
475839,2019,4615.0,0.0,16.0,0.208,0.208,0.208,0.208,,-,18.0,92.0,10616.0,769.0
475839,2020,5503.0,0.0,30.0,0.3271,0.3271,0.3271,0.3271,,-,35.0,82.0,10890.0,647.0
475839,2021,5345.0,0.0,32.0,0.3592,0.3592,0.3592,0.3592,,-,32.0,147.0,12536.0,696.0
475839,2022,7703.0,0.0,24.0,0.1869,0.1869,0.1869,0.1869,,-,47.0,165.0,13647.0,584.0
475839,2023,6492.0,10.0,24.0,0.4067,0.4067,0.4067,0.4067,,-,22.0,55.0,12877.0,743.0
475839,2024,4071.0,8.0,23.0,0.5748,0.5748,0.5748,0.5748,,-,38.0,86.0,12440.0,809.0
482422,2013,36000.0,283.0,34.0,1.0,1.0,1.0,1.0,,x,116.0,292.0,,750.0
482422,2014,31620.0,254.0,31.0,1.0228,1.0228,1.0228,1.0228,,x,78.0,238.0,21079.0,766.0
482422,2015,26400.0,180.0,23.0,0.8705,0.8705,0.8705,0.8705,,x,74.0,235.0,22047.0,777.0
482422,2016,24390.0,183.0,17.0,0.9422,0.9422,0.9422,0.9422,,x,39.0,182.0,25369.0,928.0
482422,2017,19140.0,183.0,13.0,1.1881,1.1881,1.1881,1.1881,,x,14.0,89.0,25429.0,960.0
482422,2018,12870.0,148.0,16.0,1.4545,1.4545,1.4545,1.4545,,x,20.0,84.0,21421.0,1012.0
482422,2019,9330.0,127.0,9.0,1.6913,1.6913,1.6913,1.6913,,x,22.0,46.0,21423.0,678.0
482422,2020,8114.0,61.0,19.0,1.0426,1.0426,1.0426,1.0426,,x,4.0,12.0,21398.0,592.0
482422,2021,5121.0,60.0,16.0,1.5934,1.5934,1.5934,1.5934,,x,5.0,17.0,20674.0,605.0
482422,2022,2980.0,34.0,7.0,1.5101,1.5101,1.5101,1.5101,,x,,2.0,19185.0,518.0
483124,2013,153029.0,950.0,0.0,0.745,0.745,0.745,0.745,,n,1301.0,2265.0,,
483124,2014,209338.0,1418.0,0.0,0.8128,0.8128,0.8128,0.8128,,n,1401.0,3593.0,10356.0,
483124,2015,287141.0,1749.0,0.0,0.7309,0.7309,0.7309,0.7309,,n,1613.0,5044.0,11100.0,
483124,2016,416377.0,2239.0,0.0,0.6453,0.6453,0.6453,0.6453,,n,1704.0,5383.0,11104.0,
483124,2017,510775.0,3083.0,0.0,0.7243,0.7243,0.7243,0.7243,,n,2059.0,5905.0,10497.0,
483124,2018,603685.0,3990.0,0.0,0.7931,0.8588,0.8906,0.936,1.3927,o,2385.0,7695.0,11493.0,
483124,2019,730691.0,4732.0,0.0,0.7771,0.853,0.8903,0.9436,1.4745,o,2438.0,8544.0,12589.0,
483124,2020,835421.0,5635.0,0.0,0.8094,0.8855,0.9227,0.976,1.454,o,2484.0,10378.0,12988.0,
483124,2021,996904.0,7273.0,0.0,0.8755,0.9337,0.9617,1.0013,1.308,o,2580.0,10747.0,12627.0,
483124,2022,1047310.0,8179.0,0.0,0.9371,0.967,0.981,1.0004,1.1395,o,2973.0,11615.0,,
483124,2023,1146695.0,8471.0,0.0,0.8865,0.917,0.9313,0.9512,1.1514,o,3039.0,11340.0,,
483124,2024,1250918.0,8933.0,4.0,0.8571,0.8993,0.9193,0.9473,1.2215,o,3170.0,12547.0,,
484613,2014,3461238.0,25268.0,19558.0,1.2151,1.2151,1.2151,1.2151,,x,10852.0,12507.0,,567.0
484613,2015,3085431.0,19932.0,14825.0,1.0635,1.0635,1.0635,1.0635,,x,6906.0,7393.0,12809.0,533.0
484613,2016,2480115.0,16242.0,10307.0,1.0352,1.0352,1.0352,1.0352,,x,4813.0,5869.0,13683.0,570.0
484613,2017,1973177.0,14254.0,7290.0,1.0885,1.0885,1.0885,1.0885,,x,4209.0,5075.0,12353.0,560.0
484613,2018,1632013.0,12943.0,5190.0,1.1425,1.1425,1.1425,1.1425,,x,1613.0,6850.0,11974.0,551.0
484613,2019,1577432.0,12453.0,3950.0,1.0976,1.0976,1.0976,1.0976,,x,1975.0,7519.0,11655.0,547.0
484613,2020,1565442.0,12289.0,3546.0,1.0779,1.0779,1.0779,1.0779,,x,1845.0,6231.0,11481.0,536.0
484613,2021,1517034.0,12925.0,3574.0,1.1637,1.1637,1.1637,1.1637,,x,1874.0,6923.0,11149.0,489.0
484613,2022,1502981.0,11763.0,3066.0,1.0616,1.0616,1.0616,1.0616,,x,1927.0,7383.0,10479.0,461.0
484613,2023,1616063.0,11707.0,2819.0,0.974,0.974,0.974,0.974,,x,2665.0,10597.0,9888.0,418.0
484613,2024,1847132.0,11732.0,3178.0,0.8654,0.8654,0.8654,0.8654,,x,8412.0,9789.0,9552.0,415.0
485078,2015,1651.0,2.0,0.0,0.1454,0.1454,0.1454,0.1454,,n,1.0,5.0,18942.0,244.0
485078,2016,3252.0,7.0,1.0,0.2768,0.2768,0.2768,0.2768,,n,1.0,2.0,13470.0,192.0
485078,2017,2640.0,6.0,0.0,0.2727,0.2727,0.2727,0.2727,,n,,,13592.0,240.0
486822,2019,24472.0,0.0,22.0,0.0539,0.0539,0.0539,0.0539,,-,117.0,93.0,,336.0
486822,2020,28533.0,0.0,87.0,0.1829,0.1829,0.1829,0.1829,,-,156.0,106.0,,328.0
486822,2021,26956.0,0.0,107.0,0.2382,0.2382,0.2382,0.2382,,-,168.0,96.0,,336.0
486822,2022,24809.0,0.0,96.0,0.2322,0.2322,0.2322,0.2322,,-,161.0,118.0,,367.0
486822,2023,27929.0,0.0,112.0,0.2406,0.2406,0.2406,0.2406,,-,152.0,93.0,,301.0
486822,2024,30259.0,0.0,166.0,0.3292,0.3292,0.3292,0.3292,,-,163.0,82.0,,294.0
487296,2015,9084.0,143.0,0.0,1.889,1.889,1.889,1.889,,n,,131.0,,
487296,2016,11717.0,124.0,0.0,1.2699,1.2699,1.2699,1.2699,,n,,107.0,,
487296,2017,10443.0,105.0,0.0,1.2065,1.2065,1.2065,1.2065,,n,,124.0,,
487296,2018,11458.0,125.0,0.0,1.3091,1.3091,1.3091,1.3091,,n,,101.0,,
487296,2019,9581.0,148.0,0.0,1.8537,1.8537,1.8537,1.8537,,n,,103.0,,
487296,2020,9953.0,154.0,0.0,1.8567,1.8567,1.8567,1.8567,,n,,92.0,,
488077,2016,25208.0,0.0,133.0,0.3166,0.3166,0.3166,0.3166,,-,244.0,108.0,,252.0
488077,2017,48371.0,0.0,291.0,0.361,0.361,0.361,0.361,,-,174.0,147.0,10823.0,253.0
488077,2018,64511.0,0.0,541.0,0.5032,0.5032,0.5032,0.5032,,-,115.0,136.0,10581.0,292.0
488077,2019,61286.0,0.0,570.0,0.558,0.558,0.558,0.558,,-,469.0,1024.0,11519.0,295.0
488077,2020,76620.0,0.0,418.0,0.3273,0.3273,0.3273,0.3273,,-,810.0,1434.0,11346.0,232.0
488077,2021,98991.0,0.0,650.0,0.394,0.394,0.394,0.394,,-,986.0,1545.0,12408.0,270.0
488077,2022,111192.0,0.0,816.0,0.4403,0.4403,0.4403,0.4403,,-,1377.0,1995.0,12013.0,291.0
488077,2023,131450.0,0.0,804.0,0.367,0.367,0.367,0.367,,-,1678.0,2281.0,12380.0,271.0
488077,2024,160232.0,0.0,968.0,0.3625,0.3625,0.3625,0.3625,,-,1741.0,2605.0,12280.0,280.0
494171,2019,16566.0,29.0,0.0,0.2101,0.2101,0.2101,0.2101,,-,8.0,169.0,,769.0
494171,2020,17655.0,73.0,0.0,0.4962,0.4962,0.4962,0.4962,,-,22.0,182.0,23993.0,1012.0
494171,2021,30010.0,87.0,0.0,0.3479,0.3479,0.3479,0.3479,,-,,,23543.0,
495280,2020,687.0,0.0,7.0,0.6114,0.6114,0.6114,0.6114,,n,2.0,4.0,,48.0
495280,2021,610.0,2.0,3.0,0.6885,0.6885,0.6885,0.6885,,n,2.0,4.0,8264.0,193.0
495280,2022,576.0,4.0,2.0,1.0417,1.0417,1.0417,1.0417,,n,3.0,3.0,7767.0,164.0
495280,2023,725.0,4.0,3.0,0.9103,0.9103,0.9103,0.9103,,n,4.0,5.0,7681.0,165.0
495280,2024,752.0,2.0,4.0,0.6383,0.6383,0.6383,0.6383,,n,1.0,2.0,7640.0,224.0
495448,2021,10292.0,0.0,0.0,0.0,0.0,0.0,0.0,,-,16.0,108.0,23543.0,622.0
495448,2022,15933.0,12.0,0.0,0.0904,0.0904,0.0904,0.0904,,-,4.0,64.0,24076.0,764.0
495448,2023,17239.0,100.0,0.0,0.6961,0.6961,0.6961,0.6961,,-,15.0,89.0,23628.0,794.0
495448,2024,17212.0,148.0,0.0,1.0318,1.0318,1.0318,1.0318,,-,13.0,81.0,23760.0,817.0
495457,2021,5372.0,0.0,0.0,0.0,0.0,0.0,0.0,,-,47.0,114.0,23543.0,332.0
495457,2022,15613.0,0.0,0.0,0.0,0.0,0.0,0.0,,-,20.0,186.0,25304.0,593.0
495457,2023,27471.0,27.0,0.0,0.1179,0.1179,0.1179,0.1179,,-,33.0,166.0,24844.0,673.0
495457,2024,36071.0,144.0,0.0,0.4791,0.4791,0.4791,0.4791,,-,72.0,146.0,24853.0,761.0
495916,2024,858.0,2.0,0.0,0.2797,0.2797,0.2797,0.2797,,n,61.0,,6180.0,
497277,2021,20057.0,0.0,18.0,0.0538,0.0538,0.0538,0.0538,,-,122.0,35.0,,387.0
497277,2022,17890.0,0.0,11.0,0.0369,0.0369,0.0369,0.0369,,-,181.0,14.0,20113.0,446.0
497277,2023,21150.0,0.0,19.0,0.0539,0.0539,0.0539,0.0539,,-,127.0,23.0,18978.0,337.0
497277,2024,23220.0,0.0,35.0,0.0904,0.0904,0.0904,0.0904,,-,92.0,6.0,18835.0,365.0
498623,2024,2736.0,4.0,0.0,0.1754,0.1754,0.1754,0.1754,,n,31.0,19.0,,217.0
499662,2024,1664.0,0.0,0.0,0.0,0.0,0.0,0.0,,-,25.0,,16657.0,
