unitid,year,credits,BA,AA,ER_m,ER_l,ER_c,ER_h,G,G_source,first_time_n,transfer_in_n,sticker_real,rev_per_credit_real
132268,2010,54864.0,0.0,0.0,0.0,0.0,0.0,0.0,,-,324.0,,,374.0
132268,2011,48510.0,0.0,0.0,0.0,0.0,0.0,0.0,,-,377.0,,,415.0
132268,2012,72926.0,0.0,8.0,0.0066,0.0066,0.0066,0.0066,,-,260.0,21.0,,189.0
132268,2013,68849.0,0.0,36.0,0.0314,0.0314,0.0314,0.0314,,-,197.0,5.0,,314.0
132268,2016,12273.0,0.0,27.0,0.132,0.132,0.132,0.132,,-,39.0,15.0,,489.0
132268,2017,14988.0,0.0,28.0,0.1121,0.1121,0.1121,0.1121,,-,26.0,14.0,,315.0
132338,1998,74268.0,79.0,493.0,0.5259,0.5259,0.5259,0.5259,,-,,,,
132338,1999,79880.0,104.0,543.0,0.5641,0.5641,0.5641,0.5641,,-,,,,
132338,2002,99472.0,274.0,355.0,0.5447,0.5447,0.5447,0.5447,,-,1025.0,,20563.0,
132338,2003,98216.0,313.0,336.0,0.5877,0.5877,0.5877,0.5877,,-,1026.0,,25091.0,702.0
132338,2004,96192.0,353.0,305.0,0.6306,0.6306,0.6306,0.6306,,-,877.0,,25978.0,686.0
132338,2005,89838.0,293.0,320.0,0.6051,0.6051,0.6051,0.6051,,-,736.0,,26518.0,747.0
132338,2006,83342.0,293.0,272.0,0.6177,0.6177,0.6177,0.6177,,-,680.0,,27072.0,840.0
132338,2007,82344.0,351.0,224.0,0.6747,0.6747,0.6747,0.6747,,-,778.0,,27714.0,794.0
132338,2008,84422.0,354.0,218.0,0.6581,0.6581,0.6581,0.6581,,-,765.0,45.0,28988.0,819.0
132338,2009,82746.0,249.0,219.0,0.5199,0.5199,0.5199,0.5199,,-,826.0,128.0,29668.0,771.0
132338,2010,83120.0,321.0,270.0,0.6583,0.6583,0.6583,0.6583,,-,499.0,280.0,30698.0,832.0
132338,2011,77524.0,321.0,272.0,0.7074,0.7074,0.7074,0.7074,,-,396.0,319.0,24714.0,742.0
132338,2012,65554.0,254.0,310.0,0.7487,0.7487,0.7487,0.7487,,-,415.0,207.0,24360.0,733.0
132338,2013,57982.0,256.0,291.0,0.8309,0.8309,0.8309,0.8309,,-,422.0,182.0,23934.0,688.0
132338,2014,50572.0,220.0,228.0,0.7925,0.7925,0.7925,0.7925,,-,227.0,207.0,23309.0,639.0
132338,2015,40684.0,174.0,199.0,0.8067,0.8067,0.8067,0.8067,,-,221.0,122.0,23112.0,577.0
132338,2016,34268.0,142.0,177.0,0.8072,0.8072,0.8072,0.8072,,-,127.0,108.0,22947.0,555.0
132338,2017,25762.0,122.0,159.0,0.9386,0.9386,0.9386,0.9386,,-,69.0,60.0,22564.0,549.0
132338,2018,17737.0,151.0,105.0,1.3768,1.3768,1.3768,1.3768,,-,,,22057.0,
132374,1999,107220.0,0.0,0.0,0.0,0.0,0.0,0.0,,-,,,,
132408,1998,13922.0,62.0,8.0,0.5689,0.6115,0.6207,0.6443,1.2826,o,,,,
132408,1999,13094.0,71.0,4.0,0.669,0.6873,0.6911,0.7008,1.0973,o,,,,
132408,2000,15318.0,100.0,8.0,0.8147,0.7809,0.7741,0.7573,0.864,o,,,,
132408,2001,15236.0,89.0,5.0,0.7207,0.7345,0.7374,0.7447,1.0678,o,,,,
132408,2002,15029.0,82.0,1.0,0.6587,0.6648,0.6661,0.6693,1.0323,o,54.0,,8401.0,
132408,2003,14028.0,98.0,0.0,0.8383,0.8292,0.8273,0.8227,0.963,o,60.0,,9262.0,268.0
132408,2004,14245.0,88.0,7.0,0.7708,0.7487,0.7443,0.7332,0.9048,o,48.0,,9038.0,278.0
132408,2005,14708.0,76.0,1.0,0.6242,0.5941,0.5881,0.5733,0.8438,o,44.0,,10704.0,307.0
132408,2006,13294.0,92.0,2.0,0.8395,0.8102,0.8042,0.7896,0.8846,o,41.0,,10751.0,338.0
132408,2007,13450.0,104.0,4.0,0.9457,0.8685,0.8534,0.8166,0.7456,o,39.0,88.0,10889.0,320.0
132408,2008,13182.0,106.0,8.0,1.0014,0.9179,0.9015,0.8618,0.7407,o,60.0,85.0,11487.0,323.0
132408,2009,12413.0,108.0,11.0,1.0972,1.1208,1.1258,1.1382,1.0761,o,47.0,123.0,11726.0,355.0
132408,2010,13592.0,107.0,6.0,0.9712,1.0382,1.0526,1.0896,1.2588,o,61.0,91.0,12151.0,350.0
132408,2011,14329.0,115.0,9.0,1.0008,1.0918,1.1116,1.1628,1.35,o,65.0,71.0,12284.0,364.0
132408,2012,13962.0,103.0,8.0,0.9196,0.9863,1.0006,1.0375,1.2727,o,42.0,71.0,12382.0,354.0
132408,2013,12853.0,109.0,2.0,1.027,1.027,1.027,1.027,1.0,o,48.0,56.0,12566.0,367.0
132408,2014,12555.0,105.0,3.0,1.0179,0.9655,0.955,0.9292,0.8333,o,35.0,61.0,12771.0,384.0
132408,2015,11161.0,96.0,5.0,1.059,0.9383,0.9151,0.8595,0.6587,o,40.0,64.0,12663.0,377.0
132408,2016,10836.0,85.0,3.0,0.9579,0.8641,0.8459,0.802,0.7009,o,34.0,44.0,12964.0,392.0
132408,2017,10164.0,91.0,3.0,1.0921,1.0318,1.0198,0.9903,0.8222,o,40.0,,13768.0,398.0
132408,2018,9424.0,81.0,3.0,1.0505,1.0161,1.0091,0.9919,0.8916,o,33.0,40.0,13834.0,394.0
132408,2019,9153.0,71.0,5.0,0.9636,0.9561,0.9545,0.9507,0.9733,o,28.0,32.0,13910.0,361.0
132408,2020,8100.0,64.0,10.0,1.0222,0.9665,0.9554,0.9281,0.8243,o,28.0,28.0,14063.0,348.0
132408,2021,7614.0,53.0,6.0,0.8826,0.8141,0.8006,0.7678,0.7568,o,26.0,28.0,14182.0,317.0
132408,2022,7495.0,50.0,9.0,0.8726,0.7995,0.7852,0.7505,0.7397,o,25.0,32.0,13329.0,257.0
132408,2023,5977.0,42.0,6.0,0.9035,0.8577,0.8486,0.8261,0.8361,o,29.0,49.0,12888.0,300.0
132471,1998,118464.0,1263.0,0.0,1.2794,1.2175,1.2051,1.1745,0.8428,o,,,,
132471,1999,128725.0,1224.0,0.0,1.141,1.2072,1.2214,1.2575,1.2146,o,,,,
132471,2001,131013.0,1266.0,0.0,1.1596,1.3446,1.3864,1.4967,1.666,o,,,,
132471,2002,161066.0,1378.0,0.0,1.0267,1.1358,1.1598,1.222,1.4167,o,450.0,,30703.0,
132471,2003,141935.0,1371.0,0.0,1.1591,1.1913,1.1981,1.2152,1.0991,o,518.0,,32118.0,652.0
132471,2004,154895.0,1418.0,0.0,1.0986,1.1556,1.1677,1.1987,1.1907,o,553.0,,33698.0,655.0
132471,2005,151883.0,1497.0,0.0,1.1828,1.2647,1.2824,1.3276,1.26,o,567.0,,34364.0,677.0
132471,2006,151510.0,1471.0,0.0,1.1651,1.2466,1.2642,1.3092,1.2627,o,390.0,436.0,34948.0,595.0
132471,2007,146539.0,1229.0,0.0,1.0064,1.0031,1.0024,1.0007,0.9886,o,474.0,333.0,36296.0,641.0
132471,2008,142186.0,1352.0,0.0,1.141,1.0721,1.0584,1.0249,0.8067,o,586.0,412.0,36220.0,662.0
132471,2009,143567.0,1386.0,0.0,1.1585,1.1401,1.1364,1.127,0.9464,o,648.0,416.0,36690.0,696.0
132471,2010,142836.0,1308.0,0.0,1.0989,1.183,1.2011,1.2478,1.2894,o,627.0,426.0,37739.0,722.0
132471,2011,137468.0,1244.0,0.0,1.0859,1.2157,1.2444,1.3192,1.4757,o,662.0,758.0,37969.0,716.0
132471,2012,124811.0,1121.0,0.0,1.0778,1.1407,1.1542,1.1885,1.216,o,625.0,651.0,38315.0,731.0
132471,2013,126369.0,1116.0,0.0,1.0598,1.0728,1.0755,1.0823,1.043,o,564.0,709.0,37644.0,737.0
132471,2014,118131.0,960.0,0.0,0.9752,0.9556,0.9516,0.9417,0.9325,o,460.0,611.0,37075.0,722.0
132471,2015,112054.0,938.0,0.0,1.0045,0.9397,0.9268,0.8953,0.7944,o,433.0,614.0,36762.0,735.0
132471,2016,104196.0,962.0,0.0,1.1079,0.9965,0.9749,0.9229,0.6939,o,480.0,567.0,37337.0,722.0
132471,2017,99332.0,817.0,0.0,0.987,0.9142,0.8998,0.8649,0.7679,o,604.0,548.0,36714.0,651.0
132471,2018,94453.0,703.0,0.0,0.8931,0.908,0.9111,0.9189,1.0586,o,644.0,500.0,37201.0,679.0
132471,2019,94964.0,687.0,0.0,0.8681,0.9566,0.976,1.0263,1.3975,o,717.0,491.0,36623.0,647.0
132471,2020,99481.0,731.0,0.0,0.8818,0.99,1.014,1.0766,1.4907,o,645.0,373.0,36075.0,648.0
132471,2021,92379.0,724.0,0.0,0.9405,1.0048,1.0187,1.0542,1.2565,o,716.0,243.0,36114.0,667.0
132471,2022,80509.0,658.0,0.0,0.9808,1.0057,1.011,1.0242,1.0905,o,596.0,194.0,34601.0,644.0
132471,2023,69764.0,571.0,0.0,0.9822,0.9718,0.9696,0.9643,0.964,o,582.0,172.0,33642.0,624.0
132471,2024,64218.0,519.0,0.0,0.9698,0.9298,0.9218,0.9019,0.8649,o,627.0,161.0,33450.0,651.0
132602,1998,73871.0,273.0,0.0,0.4435,0.4548,0.4571,0.4631,1.0905,o,,,,
132602,1999,73676.0,274.0,0.0,0.4463,0.4422,0.4414,0.4393,0.9691,o,,,,
132602,2000,75966.0,268.0,0.0,0.4233,0.4224,0.4222,0.4218,0.9926,o,,,,
132602,2001,77747.0,206.0,0.0,0.318,0.3285,0.3308,0.3364,1.1194,o,,,,
132602,2002,79484.0,281.0,0.0,0.4242,0.4373,0.44,0.4469,1.1099,o,620.0,,16659.0,
132602,2003,76189.0,351.0,0.0,0.5528,0.554,0.5543,0.5549,1.0075,o,832.0,,16671.0,385.0
132602,2004,79750.0,276.0,0.0,0.4153,0.4084,0.407,0.4035,0.9441,o,841.0,,16759.0,399.0
132602,2005,84476.0,322.0,0.0,0.4574,0.4663,0.4681,0.4728,1.0683,o,949.0,,17078.0,418.0
132602,2006,87843.0,332.0,0.0,0.4535,0.4926,0.5011,0.523,1.3299,o,909.0,121.0,17497.0,444.0
132602,2008,108046.0,383.0,0.0,0.4254,0.432,0.4333,0.4368,1.0544,o,720.0,124.0,18119.0,424.0
132602,2009,104760.0,453.0,0.0,0.5189,0.5,0.4962,0.4867,0.8799,o,793.0,97.0,18526.0,482.0
132602,2010,106049.0,476.0,0.0,0.5386,0.5075,0.5013,0.486,0.8143,o,928.0,121.0,18492.0,472.0
132602,2011,106309.0,561.0,0.0,0.6332,0.6287,0.6278,0.6255,0.9756,o,896.0,391.0,18778.0,478.0
132602,2012,102566.0,549.0,0.0,0.6423,0.6702,0.6762,0.6912,1.1581,o,899.0,140.0,19035.0,467.0
132602,2013,110236.0,451.0,0.0,0.4909,0.5159,0.5212,0.5347,1.1864,o,1023.0,173.0,19263.0,422.0
132602,2014,110748.0,480.0,0.0,0.5201,0.537,0.5406,0.5496,1.1168,o,974.0,173.0,18972.0,446.0
132602,2015,115640.0,509.0,0.0,0.5282,0.5423,0.5452,0.5527,1.0948,o,905.0,143.0,18812.0,443.0
132602,2016,108711.0,536.0,0.0,0.5917,0.5996,0.6012,0.6053,1.0468,o,1167.0,99.0,18682.0,445.0
132602,2017,109800.0,498.0,0.0,0.5443,0.5563,0.5588,0.5651,1.078,o,1180.0,133.0,18370.0,473.0
132602,2018,117638.0,508.0,0.0,0.5182,0.543,0.5483,0.5618,1.1753,o,939.0,83.0,17959.0,406.0
132602,2019,110854.0,477.0,0.0,0.5164,0.5347,0.5385,0.5483,1.1277,o,560.0,73.0,18076.0,389.0
132602,2020,84198.0,511.0,0.0,0.7283,0.663,0.6503,0.6195,0.7235,o,680.0,72.0,17806.0,369.0
132602,2021,77569.0,511.0,0.0,0.7905,0.657,0.6323,0.5746,0.5283,o,812.0,101.0,17268.0,387.0
132602,2022,74795.0,400.0,0.0,0.6418,0.5797,0.5676,0.5385,0.7041,o,965.0,128.0,16230.0,222.0
132602,2023,77851.0,337.0,0.0,0.5195,0.5457,0.5513,0.5656,1.1855,o,702.0,112.0,15314.0,266.0
132602,2024,73075.0,290.0,0.0,0.4762,0.5189,0.5282,0.5522,1.3444,o,1012.0,103.0,14794.0,260.0
132657,1998,44280.0,285.0,92.0,0.897,0.8829,0.88,0.8728,0.9468,o,,,,
132657,1999,47723.0,286.0,67.0,0.8034,0.8418,0.8499,0.8707,1.1746,o,,,,
132657,2000,50307.0,258.0,51.0,0.6762,0.7371,0.7503,0.7845,1.3459,o,,,,
132657,2001,51832.0,308.0,58.0,0.7802,0.8656,0.8844,0.9332,1.4306,o,,,,
132657,2002,48340.0,307.0,28.0,0.7969,0.8679,0.8833,0.9232,1.3423,o,520.0,,34817.0,
132657,2003,55838.0,351.0,15.0,0.7704,0.8337,0.8475,0.8828,1.3129,o,512.0,,36706.0,924.0
132657,2004,58079.0,354.0,2.0,0.7335,0.7857,0.797,0.8259,1.2678,o,597.0,,37479.0,934.0
132657,2005,65660.0,316.0,0.0,0.5775,0.6148,0.6228,0.6432,1.2405,o,651.0,,37825.0,956.0
132657,2006,71242.0,399.0,0.0,0.6721,0.7196,0.7299,0.7561,1.2657,o,564.0,115.0,38484.0,968.0
132657,2007,68280.0,252.0,0.0,0.4429,0.4644,0.4689,0.4805,1.1773,o,522.0,115.0,39624.0,1028.0
132657,2008,62434.0,446.0,0.0,0.8572,0.852,0.851,0.8483,0.9793,o,375.0,116.0,41690.0,1028.0
132657,2009,58566.0,442.0,0.0,0.9056,0.8229,0.8068,0.7678,0.7188,o,334.0,99.0,42157.0,1012.0
132657,2010,53201.0,437.0,0.0,0.9857,0.8431,0.8163,0.753,0.5835,o,355.0,101.0,43028.0,963.0
132657,2011,49477.0,437.0,0.0,1.0599,0.9289,0.9038,0.8442,0.6344,o,408.0,127.0,43134.0,955.0
132657,2012,49197.0,401.0,0.0,0.9781,0.9333,0.9243,0.9021,0.8506,o,415.0,160.0,43132.0,953.0
132657,2013,51107.0,363.0,0.0,0.8523,0.89,0.898,0.9183,1.1608,o,456.0,173.0,43579.0,969.0
132657,2014,55114.0,376.0,0.0,0.8187,0.8763,0.8887,0.9205,1.2642,o,540.0,158.0,44237.0,973.0
132657,2015,61080.0,452.0,0.0,0.888,0.9594,0.9748,1.0146,1.3054,o,516.0,198.0,45757.0,977.0
132657,2016,63558.0,411.0,0.0,0.776,0.8342,0.8467,0.879,1.2831,o,566.0,164.0,45635.0,968.0
132657,2017,67974.0,464.0,0.0,0.8191,0.8723,0.8838,0.913,1.2422,o,482.0,382.0,46721.0,914.0
132657,2018,69367.0,499.0,3.0,0.8658,0.8787,0.8814,0.8881,1.0522,o,640.0,153.0,46748.0,869.0
132657,2019,72377.0,449.0,9.0,0.7519,0.7652,0.768,0.775,1.0625,o,739.0,165.0,46624.0,855.0
132657,2020,75499.0,453.0,6.0,0.7248,0.7776,0.789,0.8182,1.2745,o,701.0,138.0,46792.0,881.0
132657,2021,77372.0,445.0,2.0,0.6917,0.7585,0.7731,0.8108,1.374,o,797.0,136.0,45931.0,795.0
132657,2022,79641.0,522.0,3.0,0.7888,0.8578,0.8728,0.9114,1.3351,o,804.0,153.0,44869.0,821.0
132657,2023,86604.0,552.0,9.0,0.7711,0.8052,0.8125,0.8308,1.161,o,781.0,174.0,43011.0,746.0
132657,2024,90094.0,588.0,1.0,0.7838,0.806,0.8106,0.8224,1.1007,o,715.0,183.0,42950.0,682.0
132693,1998,214090.0,0.0,1815.0,0.5087,0.5106,0.5157,0.518,1.0566,o,,,,
132693,1999,218626.0,0.0,1863.0,0.5113,0.5112,0.511,0.5109,0.9977,o,,,,
132693,2000,203992.0,0.0,1639.0,0.4821,0.4776,0.4662,0.4613,0.8748,o,,,,
132693,2001,224926.0,0.0,1588.0,0.4236,0.4391,0.4818,0.502,1.6731,o,,,,
132693,2002,285660.0,0.0,1649.0,0.3464,0.3543,0.3755,0.3853,1.3811,o,2124.0,,2087.0,
132693,2003,310105.0,0.0,1791.0,0.3465,0.3462,0.3454,0.3451,0.9874,o,2396.0,,2151.0,73.0
132693,2004,313860.0,0.0,1954.0,0.3735,0.376,0.3825,0.3854,1.0996,o,2277.0,,2249.0,72.0
132693,2005,310710.0,0.0,1934.0,0.3735,0.3737,0.3742,0.3744,1.0075,o,2210.0,,2298.0,74.0
132693,2006,260496.0,0.0,1901.0,0.4379,0.4362,0.4318,0.4299,0.9459,o,2169.0,,2403.0,89.0
132693,2007,297540.0,0.0,1986.0,0.4005,0.3995,0.3971,0.396,0.9668,o,2530.0,674.0,2459.0,78.0
132693,2008,323940.0,0.0,2104.0,0.3897,0.3937,0.404,0.4087,1.1555,o,2581.0,606.0,2379.0,70.0
132693,2009,351240.0,0.0,2244.0,0.3833,0.3859,0.3924,0.3954,1.0985,o,2881.0,742.0,2624.0,76.0
132693,2010,357283.0,0.0,2553.0,0.4287,0.4323,0.4418,0.446,1.1274,o,2982.0,749.0,3071.0,79.0
132693,2011,369967.0,0.0,2961.0,0.4802,0.4832,0.4909,0.4943,1.0919,o,3244.0,747.0,3149.0,71.0
132693,2012,371889.0,0.0,3112.0,0.5021,0.5057,0.515,0.5192,1.1066,o,2659.0,669.0,3331.0,72.0
132693,2013,337118.0,0.0,2836.0,0.5047,0.4992,0.4852,0.4792,0.8542,o,2501.0,656.0,3286.0,82.0
132693,2014,328839.0,0.0,2796.0,0.5102,0.5043,0.4895,0.483,0.8474,o,2396.0,580.0,3286.0,75.0
132693,2015,313611.0,42.0,2757.0,0.5435,0.5407,0.5336,0.5304,0.9287,o,2299.0,151.0,3258.0,81.0
132693,2016,308821.0,150.0,2795.0,0.6013,0.5987,0.5919,0.5889,0.9389,o,2464.0,605.0,3236.0,85.0
132693,2017,311600.0,224.0,2730.0,0.6119,0.614,0.6194,0.6218,1.0496,o,2411.0,671.0,3182.0,84.0
132693,2018,314830.0,297.0,2643.0,0.6169,0.6174,0.6188,0.6194,1.0124,o,2308.0,594.0,3111.0,79.0
132693,2019,316961.0,402.0,2848.0,0.6913,0.6887,0.6819,0.679,0.9469,o,2262.0,543.0,3046.0,74.0
132693,2020,316322.0,478.0,2830.0,0.7181,0.716,0.7106,0.7082,0.9587,o,1963.0,392.0,3000.0,71.0
132693,2021,292662.0,580.0,2325.0,0.7145,0.7069,0.6879,0.6795,0.8591,o,1802.0,400.0,2913.0,67.0
132693,2022,259300.0,660.0,2632.0,0.9145,0.9043,0.8788,0.8677,0.853,o,1845.0,464.0,2738.0,71.0
132693,2023,261962.0,562.0,2161.0,0.7524,0.7513,0.7486,0.7474,0.9801,o,2141.0,468.0,2584.0,68.0
132693,2024,280750.0,560.0,2177.0,0.7046,0.7126,0.7335,0.7429,1.1741,o,1985.0,528.0,2496.0,65.0
132709,1998,433087.0,0.0,2366.0,0.3278,0.3295,0.3338,0.3358,1.0755,o,,,,
132709,1999,438122.0,0.0,2076.0,0.2843,0.2841,0.2834,0.2831,0.9877,o,,,,
132709,2000,425083.0,0.0,1859.0,0.2624,0.2624,0.2624,0.2624,,n,,,,
132709,2001,539726.0,0.0,2271.0,0.2525,0.2711,0.3254,0.353,2.7604,o,,,,
132709,2002,595199.0,0.0,2534.0,0.2554,0.2699,0.3111,0.3314,2.2011,o,5331.0,,2430.0,
132709,2003,636004.0,0.0,2867.0,0.2705,0.2721,0.2764,0.2783,1.0906,o,5608.0,,2384.0,86.0
132709,2004,654317.0,0.0,3305.0,0.3031,0.3046,0.3084,0.3102,1.073,o,5668.0,,2547.0,87.0
132709,2005,661657.0,0.0,3043.0,0.2759,0.2766,0.2784,0.2792,1.0363,o,5608.0,,2825.0,88.0
132709,2006,638607.0,0.0,3462.0,0.3253,0.3251,0.3248,0.3247,0.9947,o,5738.0,,2357.0,90.0
132709,2007,628789.0,0.0,2679.0,0.2556,0.2559,0.2568,0.2571,1.0177,o,6331.0,1359.0,2533.0,93.0
132709,2008,660937.0,0.0,4715.0,0.428,0.4313,0.4399,0.4438,1.116,o,6672.0,1393.0,2451.0,84.0
132709,2009,724308.0,0.0,3898.0,0.3229,0.3252,0.3311,0.3338,1.1056,o,7325.0,2080.0,2688.0,80.0
132709,2010,822435.0,0.0,4903.0,0.3577,0.3607,0.3685,0.3721,1.1267,o,7418.0,2156.0,3019.0,70.0
132709,2011,904969.0,22.0,4881.0,0.3265,0.3279,0.3313,0.3329,1.0599,o,7629.0,2110.0,3172.0,63.0
132709,2012,926171.0,281.0,6218.0,0.4392,0.4403,0.443,0.4442,1.0349,o,7666.0,1901.0,3328.0,62.0
132709,2013,896946.0,354.0,6084.0,0.4543,0.4549,0.4565,0.4572,1.0189,o,8052.0,1878.0,3334.0,60.0
132709,2014,911117.0,468.0,5780.0,0.4423,0.4439,0.448,0.4499,1.0529,o,8001.0,2105.0,3347.0,53.0
132709,2015,894803.0,461.0,5873.0,0.4556,0.4562,0.4577,0.4583,1.0181,o,7861.0,2248.0,3318.0,59.0
132709,2016,895229.0,528.0,6288.0,0.4922,0.4915,0.4897,0.4888,0.9794,o,7388.0,1923.0,3569.0,66.0
132709,2017,878728.0,517.0,6533.0,0.5167,0.5141,0.5076,0.5047,0.9315,o,6692.0,1612.0,3509.0,72.0
132709,2018,855994.0,608.0,6531.0,0.543,0.5381,0.5256,0.5201,0.8777,o,6777.0,1665.0,1763.0,74.0
132709,2019,850197.0,658.0,6436.0,0.5471,0.5456,0.5419,0.5402,0.9626,o,6620.0,1428.0,3453.0,74.0
132709,2020,816876.0,659.0,6447.0,0.5703,0.5697,0.5679,0.5671,0.983,o,4485.0,1025.0,3402.0,67.0
132709,2021,736396.0,742.0,6700.0,0.6668,0.6484,0.6032,0.5841,0.6696,o,4973.0,948.0,3303.0,72.0
132709,2022,660213.0,659.0,6046.0,0.6692,0.6641,0.651,0.6453,0.8956,o,5200.0,983.0,3105.0,66.0
132709,2023,640218.0,599.0,4945.0,0.5757,0.5795,0.5895,0.594,1.0996,o,5267.0,977.0,2929.0,64.0
132709,2024,662825.0,498.0,4684.0,0.5142,0.5154,0.5187,0.5201,1.0355,o,5622.0,984.0,2830.0,63.0
132842,2000,2541.0,20.0,0.0,0.9445,0.9445,0.9445,0.9445,,n,,,,
132842,2001,3102.0,35.0,0.0,1.354,1.354,1.354,1.354,,n,,,,
132842,2002,5189.0,37.0,0.0,0.8557,0.8557,0.8557,0.8557,,n,91.0,,16125.0,
132842,2003,10865.0,37.0,0.0,0.4087,0.4087,0.4087,0.4087,,n,64.0,,15819.0,602.0
132842,2004,11726.0,58.0,0.0,0.5936,1.524,1.8523,3.0168,25.8333,o,45.0,,17527.0,545.0
132842,2005,15213.0,111.0,0.0,0.8756,1.4317,1.585,2.044,5.45,o,117.0,,17012.0,480.0
132842,2006,11538.0,160.0,0.0,1.6641,1.8871,1.9368,2.067,1.5429,o,96.0,44.0,17309.0,612.0
132842,2008,12190.0,123.0,0.0,1.2108,1.429,1.4789,1.6112,1.7706,o,15.0,66.0,17156.0,673.0
132842,2009,10381.0,107.0,0.0,1.2369,1.1113,1.087,1.0284,0.6914,o,22.0,60.0,16869.0,727.0
132842,2010,10014.0,131.0,0.0,1.5698,0.9449,0.8507,0.6543,0.1737,o,26.0,66.0,16759.0,663.0
132842,2011,9678.0,108.0,0.0,1.3391,0.8945,0.8228,0.6678,0.2487,o,9.0,78.0,16818.0,688.0
132842,2012,9441.0,103.0,0.0,1.3092,0.9343,0.8714,0.7319,0.3125,o,11.0,66.0,16393.0,678.0
132842,2013,9405.0,103.0,0.0,1.3142,1.0995,1.0596,0.9662,0.5405,o,10.0,53.0,16106.0,664.0
132842,2014,8487.0,91.0,0.0,1.2867,1.0124,0.9634,0.8511,0.4375,o,12.0,26.0,15862.0,662.0
132842,2015,9328.0,86.0,0.0,1.1063,0.967,0.9404,0.8771,0.6286,o,8.0,27.0,15979.0,687.0
132842,2016,9750.0,96.0,0.0,1.1815,1.1815,1.1815,1.1815,1.0,o,8.0,19.0,16055.0,697.0
132842,2017,8759.0,49.0,0.0,0.6713,0.6204,0.6104,0.586,0.7619,o,17.0,16.0,15787.0,686.0
132842,2018,5886.0,55.0,0.0,1.1213,1.1637,1.1726,1.1953,1.1364,o,6.0,17.0,15509.0,622.0
132842,2019,4912.0,38.0,0.0,0.9283,0.9667,0.9749,0.9955,1.15,o,5.0,31.0,15184.0,556.0
132842,2020,4623.0,41.0,0.0,1.0642,0.9547,0.9334,0.8824,0.6875,o,28.0,32.0,14957.0,540.0
132842,2021,5549.0,31.0,0.0,0.6704,0.7266,0.7388,0.7702,1.32,o,18.0,46.0,14525.0,536.0
132842,2022,6543.0,33.0,0.0,0.6052,0.74,0.7714,0.8559,2.0,o,10.0,74.0,13652.0,512.0
132842,2023,8115.0,33.0,0.0,0.488,0.6399,0.6767,0.7786,2.5455,o,20.0,44.0,14201.0,468.0
132842,2024,9422.0,40.0,0.0,0.5094,0.4956,0.4927,0.4857,0.9091,o,44.0,32.0,13128.0,484.0
132851,1998,91477.0,0.0,801.0,0.5254,0.5259,0.5271,0.5277,1.0136,o,,,,
132851,1999,88828.0,0.0,794.0,0.5363,0.5363,0.5364,0.5364,1.0004,o,,,,
132851,2000,92967.0,0.0,804.0,0.5189,0.5204,0.5243,0.526,1.0422,o,,,,
132851,2001,104510.0,0.0,663.0,0.3806,0.3752,0.3615,0.3555,0.8133,o,,,,
132851,2002,123617.0,0.0,711.0,0.3451,0.3441,0.3417,0.3406,0.9612,o,1157.0,,3243.0,
132851,2003,130414.0,0.0,735.0,0.3382,0.3395,0.3429,0.3444,1.0571,o,81.0,,2165.0,84.0
132851,2004,129900.0,0.0,652.0,0.3012,0.2501,0.1552,0.1255,0.0706,o,813.0,,2290.0,91.0
132851,2005,128400.0,0.0,652.0,0.3047,0.3105,0.3262,0.3334,1.3134,o,1188.0,,2334.0,95.0
132851,2006,125520.0,0.0,672.0,0.3212,0.344,0.4101,0.4435,2.6577,o,1106.0,,2445.0,97.0
132851,2007,127080.0,0.0,804.0,0.3796,0.3823,0.3892,0.3924,1.1054,o,1354.0,948.0,2467.0,92.0
132851,2008,138900.0,0.0,770.0,0.3326,0.3365,0.3467,0.3513,1.1805,o,1519.0,1078.0,2388.0,88.0
132851,2009,143628.0,0.0,877.0,0.3664,0.3718,0.3862,0.3928,1.235,o,1897.0,1302.0,2659.0,87.0
132851,2010,172423.0,0.0,944.0,0.3285,0.335,0.3521,0.3601,1.3206,o,1516.0,790.0,2980.0,81.0
132851,2011,185735.0,0.0,1083.0,0.3499,0.3469,0.3396,0.3364,0.8876,o,1189.0,288.0,3057.0,67.0
132851,2012,184907.0,0.0,1185.0,0.3845,0.3749,0.3513,0.3413,0.6967,o,1312.0,296.0,3218.0,61.0
132851,2013,174764.0,34.0,1299.0,0.4693,0.4683,0.4658,0.4646,0.9701,o,1375.0,188.0,3371.0,54.0
132851,2014,173238.0,100.0,1237.0,0.4977,0.501,0.5096,0.5135,1.0996,o,1503.0,13.0,3320.0,54.0
132851,2015,170010.0,126.0,1228.0,0.5223,0.5264,0.5372,0.542,1.1187,o,1250.0,410.0,3355.0,55.0
132851,2016,155298.0,218.0,1252.0,0.6522,0.6458,0.6296,0.6226,0.8687,o,1262.0,323.0,3332.0,59.0
132851,2017,150367.0,205.0,1233.0,0.6556,0.6516,0.6415,0.6371,0.9168,o,1313.0,349.0,3276.0,62.0
132851,2018,150427.0,199.0,1178.0,0.6286,0.6306,0.6356,0.6379,1.0454,o,1334.0,359.0,3203.0,51.0
132851,2019,151008.0,224.0,1208.0,0.658,0.6596,0.6638,0.6657,1.0361,o,1297.0,297.0,3136.0,57.0
132851,2020,146101.0,226.0,1200.0,0.6784,0.6775,0.675,0.6739,0.98,o,1031.0,277.0,3257.0,59.0
132851,2021,133100.0,232.0,1088.0,0.6996,0.6878,0.6583,0.6456,0.7837,o,914.0,255.0,3163.0,55.0
132851,2022,137100.0,187.0,1016.0,0.6083,0.5981,0.5726,0.5617,0.7852,o,1152.0,268.0,2973.0,49.0
132851,2023,120187.0,206.0,880.0,0.645,0.6527,0.6729,0.6821,1.1846,o,1116.0,322.0,2805.0,57.0
132851,2024,128623.0,165.0,961.0,0.6022,0.6055,0.614,0.6178,1.0803,o,1272.0,318.0,2710.0,47.0
132879,1998,4424.0,20.0,10.0,0.6781,0.6806,0.6811,0.6823,1.0125,o,,,,
132879,1999,4967.0,25.0,8.0,0.7006,0.7175,0.7211,0.73,1.0857,o,,,,
132879,2001,5427.0,35.0,11.0,0.8955,0.9436,0.9538,0.98,1.1975,o,,,,
132879,2002,5093.0,29.0,8.0,0.7775,0.8444,0.8589,0.8963,1.3289,o,50.0,,11511.0,
132879,2003,4447.0,27.0,9.0,0.85,0.8795,0.8858,0.9016,1.125,o,67.0,,13026.0,488.0
132879,2004,5521.0,31.0,8.0,0.7607,0.8032,0.8123,0.8355,1.2062,o,77.0,,13914.0,500.0
132879,2005,6868.0,41.0,9.0,0.795,0.8811,0.9001,0.9493,1.4257,o,39.0,,14229.0,453.0
132879,2006,7226.0,42.0,8.0,0.7639,0.7998,0.8075,0.8269,1.1717,o,44.0,14.0,15363.0,398.0
132879,2007,6412.0,52.0,9.0,1.0574,0.9572,0.9377,0.8906,0.7094,o,32.0,21.0,16352.0,412.0
132879,2008,5699.0,54.0,6.0,1.2002,0.9972,0.9597,0.8719,0.5278,o,54.0,28.0,13975.0,421.0
132879,2009,5841.0,29.0,5.0,0.6471,0.5934,0.5828,0.5572,0.7414,o,48.0,47.0,13971.0,463.0
132879,2010,6832.0,23.0,2.0,0.4215,0.4475,0.4531,0.4673,1.2289,o,56.0,27.0,12108.0,483.0
132879,2011,9930.0,43.0,4.0,0.5438,0.5956,0.6069,0.6361,1.3684,o,86.0,54.0,12661.0,400.0
132879,2012,11430.0,46.0,14.0,0.5564,0.6435,0.6632,0.715,1.6512,o,83.0,41.0,14248.0,425.0
132879,2013,11100.0,46.0,13.0,0.5676,0.6571,0.6773,0.7306,1.6569,o,47.0,38.0,13999.0,432.0
132879,2014,8645.0,45.0,14.0,0.7218,0.7701,0.7804,0.807,1.25,o,43.0,84.0,16418.0,434.0
132879,2015,5671.0,44.0,6.0,0.9945,0.8713,0.8478,0.7918,0.6338,o,38.0,25.0,18629.0,535.0
132879,2016,5580.0,30.0,3.0,0.6774,0.5473,0.5237,0.469,0.4793,o,36.0,19.0,18500.0,550.0
132879,2017,4892.0,43.0,2.0,1.0793,0.9166,0.8861,0.8143,0.5692,o,56.0,20.0,18191.0,538.0
132879,2018,4800.0,33.0,1.0,0.8375,0.8429,0.844,0.8468,1.0222,o,68.0,25.0,18594.0,558.0
132879,2019,5284.0,28.0,0.0,0.6359,0.7195,0.7381,0.7868,1.5309,o,56.0,15.0,19596.0,565.0
132879,2020,4793.0,22.0,2.0,0.5758,0.6688,0.6899,0.7454,1.6757,o,38.0,24.0,20084.0,610.0
132879,2021,4444.0,24.0,4.0,0.7021,0.7065,0.7074,0.7097,1.0217,o,33.0,15.0,20578.0,597.0
132879,2022,4119.0,26.0,8.0,0.874,0.7435,0.719,0.6613,0.5726,o,33.0,27.0,20420.0,593.0
132879,2023,4020.0,27.0,2.0,0.8358,0.6961,0.6703,0.6098,0.5323,o,22.0,33.0,19268.0,534.0
132903,1998,602156.0,5334.0,242.0,1.0871,1.1584,1.1926,1.2408,1.3029,o,,,,
132903,1999,642219.0,5324.0,230.0,1.0163,1.0968,1.1357,1.1911,1.3737,o,,,,
132903,2000,679788.0,5417.0,185.0,0.9726,1.0772,1.1288,1.2032,1.5305,o,,,,
132903,2001,731059.0,5766.0,187.0,0.9618,1.0776,1.1352,1.2187,1.6056,o,,,,
132903,2002,794214.0,6115.0,229.0,0.9412,1.0348,1.0807,1.1466,1.484,o,5597.0,,4473.0,
132903,2003,858632.0,6684.0,191.0,0.9475,1.0152,1.0478,1.094,1.3332,o,5955.0,,4792.0,167.0
132903,2004,926227.0,7189.0,226.0,0.946,1.0022,1.0291,1.0669,1.2718,o,5931.0,,4997.0,173.0
132903,2005,960512.0,7259.0,223.0,0.9208,0.9591,0.9771,1.0023,1.1848,o,6327.0,,5118.0,148.0
132903,2006,1026844.0,8057.0,239.0,0.9555,0.9841,0.9974,1.016,1.1305,o,6629.0,4660.0,5202.0,157.0
132903,2007,1072073.0,8478.0,205.0,0.9604,0.9872,0.9998,1.0171,1.1215,o,6568.0,4992.0,5281.0,149.0
132903,2008,1131526.0,9007.0,247.0,0.9683,0.9929,1.0044,1.0203,1.1103,o,6298.0,5253.0,5212.0,148.0
132903,2009,1179800.0,9373.0,202.0,0.9636,0.9749,0.9801,0.9872,1.0496,o,6359.0,6182.0,5679.0,163.0
132903,2010,1243125.0,9969.0,246.0,0.9742,0.9687,0.9663,0.9629,0.9769,o,6152.0,6874.0,6470.0,180.0
132903,2011,1306166.0,10646.0,337.0,0.9935,0.9809,0.9752,0.9674,0.948,o,6304.0,7425.0,7009.0,192.0
132903,2012,1363372.0,11514.0,316.0,1.0273,1.0194,1.0158,1.0108,0.9681,o,6087.0,7197.0,7598.0,213.0
132903,2013,1366951.0,12320.0,439.0,1.1008,1.0952,1.0926,1.0892,0.979,o,6047.0,7531.0,8351.0,226.0
132903,2014,1354142.0,12372.0,478.0,1.1175,1.1094,1.1056,1.1006,0.9699,o,6453.0,7315.0,8317.0,228.0
132903,2015,1373874.0,12629.0,471.0,1.1236,1.1246,1.125,1.1256,1.0035,o,6530.0,7819.0,8313.0,240.0
132903,2016,1418399.0,12832.0,469.0,1.1055,1.1179,1.1237,1.1316,1.0478,o,6388.0,7907.0,8256.0,241.0
132903,2017,1458056.0,13071.0,457.0,1.0946,1.1111,1.1188,1.1294,1.0646,o,6870.0,7851.0,8118.0,243.0
132903,2018,1505408.0,13343.0,414.0,1.0801,1.0955,1.1026,1.1124,1.0606,o,7229.0,7883.0,7936.0,228.0
132903,2019,1572678.0,13962.0,343.0,1.0784,1.1,1.11,1.1238,1.086,o,7323.0,7488.0,7770.0,210.0
132903,2020,1600492.0,14303.0,371.0,1.0863,1.1178,1.1325,1.153,1.1265,o,8037.0,7621.0,7654.0,203.0
132903,2021,1677589.0,15097.0,416.0,1.0948,1.1341,1.1527,1.1784,1.1585,o,7089.0,7041.0,7433.0,185.0
132903,2022,1611199.0,14984.0,1132.0,1.1581,1.1779,1.187,1.1996,1.0728,o,7511.0,6900.0,6986.0,160.0
132903,2023,1570777.0,14770.0,778.0,1.1581,1.159,1.1594,1.16,1.0033,o,8196.0,6769.0,6592.0,163.0
132903,2024,1607718.0,14857.0,405.0,1.124,1.1301,1.1329,1.1367,1.0226,o,8259.0,6683.0,6368.0,158.0
133021,1998,35327.0,0.0,227.0,0.3855,0.384,0.3802,0.3785,0.9455,o,,,,
133021,1999,30882.0,0.0,253.0,0.4915,0.4976,0.5137,0.5209,1.1925,o,,,,
133021,2000,32537.0,0.0,252.0,0.4647,0.463,0.4585,0.4566,0.948,o,,,,
133021,2001,34389.0,0.0,295.0,0.5147,0.5345,0.5889,0.6148,1.7137,o,,,,
133021,2002,39066.0,0.0,286.0,0.4393,0.4457,0.4626,0.4703,1.2297,o,524.0,,2685.0,
133021,2003,44446.0,0.0,261.0,0.3523,0.3565,0.3674,0.3724,1.1828,o,504.0,,2777.0,72.0
133021,2004,48810.0,0.0,310.0,0.3811,0.3825,0.3863,0.3879,1.0555,o,490.0,,2910.0,68.0
133021,2005,48150.0,1.0,337.0,0.4224,0.421,0.4174,0.4158,0.9533,o,491.0,,3010.0,73.0
133021,2006,48060.0,9.0,370.0,0.4844,0.484,0.4829,0.4825,0.9879,o,388.0,,3147.0,75.0
133021,2007,44460.0,7.0,320.0,0.4507,0.4434,0.4251,0.4172,0.791,o,477.0,61.0,3232.0,77.0
133021,2008,46200.0,16.0,303.0,0.4351,0.4376,0.4441,0.447,1.0853,o,532.0,94.0,3127.0,75.0
133021,2009,46193.0,6.0,299.0,0.404,0.4099,0.4254,0.4325,1.2301,o,462.0,106.0,3381.0,80.0
133021,2010,47100.0,73.0,351.0,0.6331,0.6292,0.6193,0.615,0.9158,o,479.0,102.0,3788.0,69.0
133021,2011,46155.0,44.0,357.0,0.5785,0.577,0.5732,0.5715,0.9638,o,435.0,161.0,4034.0,67.0
133021,2012,46154.0,82.0,377.0,0.7033,0.6994,0.6896,0.6853,0.9245,o,441.0,125.0,4218.0,72.0
133021,2013,44661.0,82.0,362.0,0.7067,0.7049,0.7004,0.6984,0.965,o,407.0,122.0,4171.0,66.0
133021,2014,41637.0,64.0,351.0,0.6903,0.6867,0.6777,0.6737,0.9292,o,398.0,135.0,4108.0,68.0
133021,2015,39452.0,78.0,289.0,0.6768,0.6738,0.6661,0.6628,0.9387,o,633.0,,4073.0,69.0
133021,2016,40515.0,73.0,353.0,0.739,0.7628,0.8276,0.8581,1.5727,o,463.0,2.0,4045.0,77.0
133021,2017,41644.0,73.0,348.0,0.7117,0.7064,0.6929,0.687,0.8982,o,482.0,59.0,3977.0,76.0
133021,2018,39955.0,63.0,326.0,0.6788,0.6727,0.6573,0.6506,0.8796,o,490.0,44.0,3888.0,72.0
133021,2019,40293.0,69.0,343.0,0.7163,0.7181,0.7228,0.7249,1.037,o,416.0,61.0,3807.0,73.0
133021,2020,37926.0,75.0,329.0,0.7578,0.7496,0.7289,0.7199,0.856,o,384.0,67.0,3750.0,75.0
133021,2021,40890.0,82.0,250.0,0.6075,0.6005,0.5829,0.5752,0.8477,o,376.0,55.0,3642.0,64.0
133021,2022,38640.0,87.0,289.0,0.7189,0.7158,0.7079,0.7044,0.94,o,390.0,65.0,3423.0,60.0
133021,2023,40110.0,55.0,258.0,0.5505,0.5515,0.5541,0.5552,1.0263,o,375.0,83.0,3230.0,58.0
133021,2024,40470.0,77.0,258.0,0.6108,0.6099,0.6076,0.6066,0.9791,o,447.0,82.0,3120.0,56.0
133085,1998,18554.0,92.0,1.0,0.5983,0.6813,0.6998,0.7485,1.5652,o,,,,
133085,1999,19170.0,111.0,4.0,0.7074,0.7697,0.7833,0.8183,1.3383,o,,,,
133085,2000,19366.0,107.0,4.0,0.6754,0.6826,0.6841,0.6878,1.037,o,,,,
133085,2001,19981.0,122.0,3.0,0.7417,0.7441,0.7446,0.7458,1.0111,o,,,,
133085,2003,20770.0,133.0,8.0,0.7915,0.8308,0.8391,0.8604,1.1815,o,178.0,,16501.0,490.0
133085,2004,18567.0,144.0,6.0,0.9501,0.9523,0.9528,0.954,1.0082,o,183.0,,17230.0,530.0
133085,2005,18716.0,108.0,2.0,0.6989,0.6784,0.6742,0.6639,0.9025,o,149.0,,17464.0,490.0
133085,2006,17417.0,111.0,3.0,0.7751,0.7359,0.7281,0.7088,0.8363,o,155.0,57.0,17482.0,531.0
133085,2007,17864.0,136.0,3.0,0.9236,0.8746,0.8647,0.8406,0.8283,o,174.0,39.0,17936.0,519.0
133085,2008,18140.0,103.0,2.0,0.688,0.6697,0.666,0.6568,0.9114,o,151.0,49.0,19257.0,527.0
133085,2009,17400.0,123.0,2.0,0.8552,0.8499,0.8488,0.8461,0.9789,o,157.0,49.0,20201.0,538.0
133085,2010,17440.0,93.0,4.0,0.6537,0.6562,0.6567,0.658,1.0132,o,143.0,37.0,21028.0,516.0
133085,2011,17313.0,109.0,3.0,0.7659,0.7457,0.7416,0.7314,0.9119,o,123.0,45.0,21553.0,487.0
133085,2012,16180.0,84.0,4.0,0.6378,0.6018,0.5946,0.577,0.8185,o,115.0,32.0,22198.0,484.0
133085,2013,14945.0,93.0,0.0,0.7467,0.6929,0.6823,0.6564,0.7727,o,126.0,47.0,22344.0,492.0
133085,2014,14554.0,106.0,1.0,0.8781,0.8241,0.8133,0.787,0.8033,o,73.0,47.0,22547.0,504.0
133261,2001,876.0,0.0,7.0,0.4795,0.4795,0.4795,0.4795,,-,,,,
133261,2003,8912.0,0.0,19.0,0.1279,0.1279,0.1279,0.1279,,-,68.0,,,
133386,2000,174656.0,0.0,1255.0,0.4311,0.4132,0.3703,0.3527,0.5444,o,,,,
133386,2001,192511.0,0.0,1306.0,0.407,0.4049,0.3993,0.3969,0.9262,o,,,,
133386,2002,246539.0,0.0,1259.0,0.3064,0.3127,0.3295,0.3373,1.3376,o,1920.0,,2754.0,
133386,2003,258730.0,0.0,1248.0,0.2894,0.2931,0.3026,0.307,1.1955,o,1985.0,,2753.0,62.0
133386,2004,272040.0,0.0,1341.0,0.2958,0.2966,0.2987,0.2997,1.0409,o,2033.0,,2884.0,66.0
133386,2005,268230.0,0.0,1352.0,0.3024,0.3033,0.3055,0.3065,1.0412,o,1936.0,,2937.0,67.0
133386,2006,222554.0,0.0,1452.0,0.3915,0.3904,0.3878,0.3867,0.9637,o,2123.0,,3121.0,84.0
133386,2007,265740.0,6.0,1523.0,0.3466,0.3482,0.3525,0.3544,1.0698,o,2013.0,495.0,3180.0,72.0
133386,2008,321450.0,34.0,1556.0,0.3031,0.303,0.3025,0.3023,0.9919,o,2526.0,655.0,3092.0,65.0
133386,2009,357240.0,97.0,1906.0,0.3527,0.3577,0.3708,0.3768,1.2215,o,3017.0,1146.0,3420.0,68.0
133386,2010,375725.0,178.0,2080.0,0.389,0.3968,0.4177,0.4273,1.3294,o,2625.0,889.0,3811.0,67.0
133386,2011,407890.0,273.0,2698.0,0.4772,0.4754,0.4708,0.4687,0.9471,o,2004.0,715.0,4016.0,59.0
133386,2012,356692.0,355.0,2758.0,0.5834,0.5696,0.5356,0.5211,0.7104,o,2133.0,833.0,4264.0,70.0
133386,2013,317649.0,400.0,2582.0,0.6388,0.6352,0.6259,0.6218,0.9216,o,2325.0,909.0,4506.0,70.0
133386,2014,303720.0,413.0,2342.0,0.6258,0.631,0.6444,0.6505,1.124,o,1930.0,835.0,4372.0,71.0
133386,2015,288057.0,498.0,2398.0,0.7069,0.6999,0.6819,0.6741,0.8659,o,2199.0,779.0,4316.0,77.0
133386,2016,298841.0,469.0,2440.0,0.6782,0.6798,0.6838,0.6857,1.0336,o,705.0,268.0,4255.0,73.0
133386,2017,291869.0,461.0,2357.0,0.6741,0.6252,0.5153,0.4728,0.3415,o,2024.0,878.0,3967.0,87.0
133386,2018,284912.0,437.0,2469.0,0.704,0.7206,0.765,0.7856,1.3939,o,2052.0,862.0,3875.0,85.0
133386,2019,280765.0,485.0,2365.0,0.7127,0.7333,0.7892,0.8154,1.5038,o,1941.0,798.0,3788.0,85.0
133386,2020,284835.0,541.0,2410.0,0.7356,0.7331,0.7267,0.7238,0.9524,o,1495.0,711.0,3733.0,81.0
133386,2021,270419.0,486.0,2332.0,0.7331,0.7184,0.6819,0.6663,0.7488,o,1656.0,650.0,3625.0,86.0
133386,2022,246598.0,495.0,1973.0,0.7209,0.7191,0.7143,0.7122,0.9639,o,1573.0,578.0,3407.0,86.0
133386,2023,250543.0,403.0,1911.0,0.6507,0.6506,0.6504,0.6503,0.9984,o,1582.0,617.0,3215.0,81.0
133386,2024,256723.0,365.0,1944.0,0.625,0.6241,0.6218,0.6208,0.9799,o,1678.0,707.0,3106.0,78.0
133465,2000,11331.0,8.0,115.0,0.6937,0.6937,0.6937,0.6937,,-,,,,
133465,2001,11688.0,12.0,81.0,0.539,0.539,0.539,0.539,,-,,,,
133465,2002,13089.0,47.0,83.0,0.8114,0.8114,0.8114,0.8114,,-,19.0,,15044.0,
133465,2003,12839.0,42.0,69.0,0.715,0.715,0.715,0.715,,-,35.0,,16288.0,656.0
133465,2004,14256.0,58.0,65.0,0.7618,0.7618,0.7618,0.7618,,-,26.0,,16890.0,650.0
133465,2007,19766.0,80.0,64.0,0.68,0.68,0.68,0.68,,-,62.0,63.0,17921.0,760.0
133465,2008,17838.0,73.0,59.0,0.6895,0.6895,0.6895,0.6895,,-,119.0,124.0,18394.0,930.0
133465,2009,23015.0,83.0,41.0,0.5397,0.5397,0.5397,0.5397,,-,106.0,256.0,20395.0,709.0
133465,2010,27315.0,95.0,64.0,0.5579,0.5579,0.5579,0.5579,,-,78.0,242.0,21171.0,673.0
133465,2011,27522.0,89.0,74.0,0.5494,0.5494,0.5494,0.5494,,-,90.0,285.0,21337.0,625.0
133465,2012,27386.0,114.0,93.0,0.7033,0.7033,0.7033,0.7033,,-,56.0,221.0,21647.0,648.0
133465,2013,24998.0,119.0,75.0,0.7513,0.7513,0.7513,0.7513,,-,61.0,237.0,21870.0,784.0
133465,2014,26739.0,135.0,62.0,0.745,0.745,0.745,0.745,,-,31.0,246.0,21539.0,734.0
133465,2015,24760.0,192.0,98.0,1.168,1.168,1.168,1.168,,-,22.0,219.0,21357.0,727.0
133465,2016,26803.0,211.0,74.0,1.1103,1.1103,1.1103,1.1103,,-,25.0,151.0,21730.0,697.0
133465,2017,20912.0,210.0,68.0,1.4002,1.4002,1.4002,1.4002,,-,8.0,98.0,22061.0,808.0
133465,2018,19715.0,184.0,63.0,1.3117,1.3117,1.3117,1.3117,,-,10.0,106.0,21204.0,546.0
133465,2019,16333.0,158.0,45.0,1.3261,1.3261,1.3261,1.3261,,-,8.0,114.0,20761.0,703.0
133465,2020,13623.0,146.0,16.0,1.3565,1.3565,1.3565,1.3565,,-,4.0,62.0,20450.0,545.0
133465,2021,11108.0,128.0,25.0,1.5178,1.5178,1.5178,1.5178,,-,8.0,77.0,19859.0,420.0
133465,2022,8747.0,105.0,19.0,1.5708,1.5708,1.5708,1.5708,,-,8.0,69.0,18665.0,534.0
133465,2023,8583.0,77.0,17.0,1.1953,1.1953,1.1953,1.1953,,-,8.0,59.0,17612.0,568.0
133465,2024,8792.0,53.0,19.0,0.853,0.853,0.853,0.853,,-,14.0,44.0,18238.0,654.0
133492,1998,57314.0,297.0,0.0,0.6218,0.6439,0.6486,0.6604,1.1278,o,,,,
133492,1999,51212.0,304.0,0.0,0.7123,0.7411,0.7472,0.7627,1.1464,o,,,,
133492,2000,70341.0,354.0,0.0,0.6039,0.6147,0.6169,0.6226,1.0629,o,,,,
133492,2002,70302.0,339.0,0.0,0.5786,0.5872,0.589,0.5935,1.0518,o,448.0,,34791.0,
133492,2003,52188.0,340.0,0.0,0.7818,0.7984,0.8019,0.8107,1.0752,o,433.0,,36516.0,1008.0
133492,2004,53627.0,329.0,0.0,0.7362,0.7541,0.7578,0.7673,1.0863,o,468.0,,37376.0,1026.0
133492,2005,54616.0,330.0,0.0,0.7251,0.742,0.7456,0.7545,1.0829,o,502.0,,38817.0,1057.0
133492,2006,72896.0,540.0,0.0,0.8889,0.9168,0.9227,0.9376,1.1124,o,561.0,163.0,40205.0,857.0
133492,2007,75065.0,542.0,0.0,0.8664,0.9149,0.9253,0.9517,1.2066,o,550.0,179.0,41768.0,874.0
133492,2008,75436.0,581.0,0.0,0.9242,0.9821,0.9945,1.0263,1.2331,o,500.0,169.0,42670.0,884.0
133492,2009,75316.0,550.0,0.0,0.8763,0.8967,0.901,0.9117,1.0825,o,519.0,172.0,44013.0,868.0
133492,2010,76009.0,593.0,0.0,0.9362,0.9248,0.9225,0.9166,0.9586,o,501.0,143.0,45893.0,887.0
133492,2011,74659.0,523.0,0.0,0.8406,0.82,0.8159,0.8055,0.9181,o,509.0,153.0,46384.0,883.0
133492,2012,74036.0,532.0,0.0,0.8623,0.8526,0.8506,0.8457,0.9619,o,535.0,146.0,47004.0,906.0
133492,2013,73108.0,522.0,0.0,0.8568,0.8629,0.8641,0.8673,1.0245,o,455.0,88.0,48026.0,889.0
133492,2014,73312.0,530.0,0.0,0.8675,0.86,0.8585,0.8547,0.9706,o,514.0,83.0,49190.0,850.0
133492,2015,68526.0,507.0,0.0,0.8878,0.8772,0.8751,0.8696,0.9594,o,488.0,107.0,50480.0,889.0
133492,2016,66094.0,492.0,0.0,0.8933,0.8827,0.8805,0.8751,0.9598,o,578.0,79.0,51883.0,921.0
133492,2017,64303.0,431.0,0.0,0.8043,0.8218,0.8254,0.8346,1.0768,o,561.0,48.0,52952.0,973.0
133492,2018,64862.0,486.0,0.0,0.8991,0.9423,0.9515,0.9748,1.1754,o,581.0,40.0,53645.0,975.0
133492,2019,64634.0,416.0,0.0,0.7723,0.8022,0.8085,0.8245,1.1397,o,539.0,48.0,54348.0,1006.0
133492,2020,65604.0,460.0,0.0,0.8414,0.8536,0.8561,0.8625,1.0507,o,487.0,50.0,55405.0,955.0
133492,2021,59715.0,423.0,0.0,0.85,0.8247,0.8195,0.8068,0.9008,o,650.0,53.0,55682.0,916.0
133492,2022,64904.0,427.0,0.0,0.7895,0.7885,0.7883,0.7877,0.9956,o,544.0,65.0,52333.0,862.0
133492,2023,63832.0,413.0,0.0,0.7764,0.791,0.794,0.8017,1.0661,o,537.0,65.0,50619.0,896.0
133492,2024,64116.0,429.0,0.0,0.8029,0.8152,0.8177,0.8242,1.0536,o,474.0,74.0,50374.0,900.0
133508,1998,148736.0,0.0,995.0,0.4014,0.3989,0.3926,0.3898,0.9153,o,,,,
133508,1999,154930.0,0.0,1014.0,0.3927,0.3937,0.3962,0.3973,1.0364,o,,,,
133508,2000,151487.0,0.0,942.0,0.3731,0.3742,0.3769,0.3781,1.0411,o,,,,
133508,2001,170142.0,0.0,1673.0,0.59,0.5921,0.5975,0.6,1.0523,o,,,,
133508,2002,183918.0,0.0,1341.0,0.4375,0.4421,0.4542,0.4597,1.1616,o,2370.0,,2623.0,
133508,2003,196040.0,0.0,885.0,0.2709,0.2809,0.3084,0.3215,1.6803,o,1978.0,,2767.0,70.0
133508,2004,215262.0,0.0,1144.0,0.3189,0.3193,0.3206,0.3211,1.0217,o,2262.0,,2897.0,69.0
133508,2005,212338.0,0.0,1133.0,0.3201,0.321,0.3233,0.3244,1.0405,o,1968.0,,2950.0,86.0
133508,2006,210497.0,0.0,1313.0,0.3743,0.3723,0.3674,0.3652,0.9283,o,2416.0,,3090.0,89.0
133508,2007,212424.0,0.0,1229.0,0.3471,0.3504,0.3589,0.3627,1.1423,o,2560.0,980.0,3162.0,94.0
133508,2008,238618.0,5.0,1269.0,0.3216,0.3251,0.3343,0.3385,1.1679,o,2838.0,954.0,3102.0,89.0
133508,2009,277099.0,13.0,1532.0,0.3374,0.3405,0.3486,0.3523,1.1407,o,3370.0,1034.0,3377.0,102.0
133508,2010,343120.0,50.0,1876.0,0.3455,0.3509,0.3653,0.3718,1.2486,o,3100.0,889.0,3725.0,82.0
133508,2011,370102.0,249.0,2073.0,0.4168,0.4168,0.4167,0.4166,0.9987,o,2899.0,850.0,3744.0,68.0
133508,2012,358620.0,294.0,2399.0,0.4997,0.4959,0.4862,0.482,0.8961,o,2585.0,764.0,3712.0,81.0
133508,2013,319190.0,343.0,2300.0,0.5613,0.5555,0.5408,0.5344,0.8618,o,2926.0,722.0,3647.0,71.0
133508,2014,307825.0,328.0,2197.0,0.5561,0.5586,0.5652,0.5681,1.0671,o,2950.0,733.0,4320.0,58.0
133508,2015,306318.0,341.0,1937.0,0.513,0.5155,0.5218,0.5247,1.0706,o,2522.0,565.0,4362.0,79.0
133508,2016,313654.0,260.0,1990.0,0.4801,0.475,0.4622,0.4566,0.8584,o,2602.0,599.0,4409.0,63.0
133508,2017,321793.0,310.0,2600.0,0.6004,0.5983,0.5929,0.5905,0.951,o,2926.0,716.0,4336.0,68.0
133508,2018,336043.0,276.0,1856.0,0.4299,0.434,0.4445,0.4492,1.1421,o,3174.0,601.0,4239.0,69.0
133508,2019,336537.0,338.0,2465.0,0.56,0.5654,0.5797,0.5862,1.1483,o,3302.0,620.0,4150.0,65.0
133508,2020,338072.0,328.0,2662.0,0.5889,0.5922,0.6007,0.6045,1.0826,o,2830.0,506.0,4088.0,59.0
133508,2021,312544.0,398.0,2380.0,0.6097,0.604,0.5895,0.5832,0.874,o,2877.0,598.0,3970.0,62.0
133508,2022,296874.0,371.0,2240.0,0.6027,0.6,0.5932,0.5902,0.9384,o,2874.0,542.0,3731.0,57.0
133508,2023,292588.0,297.0,2043.0,0.5408,0.541,0.5417,0.542,1.0072,o,2888.0,475.0,3521.0,52.0
133508,2024,295017.0,279.0,1997.0,0.5196,0.5198,0.5202,0.5204,1.0043,o,2897.0,508.0,3401.0,51.0
133526,1998,12990.0,31.0,0.0,0.2864,0.2551,0.2491,0.2346,0.6714,o,,,,
133526,1999,24510.0,87.0,0.0,0.4259,0.4712,0.4812,0.507,1.4167,o,,,,
133526,2003,35859.0,126.0,0.0,0.4217,0.5037,0.5226,0.573,1.8465,o,339.0,,23261.0,463.0
133526,2004,35520.0,132.0,0.0,0.4459,0.4745,0.4806,0.4963,1.2387,o,346.0,,13837.0,485.0
133526,2005,23511.0,141.0,0.0,0.7197,0.6744,0.6654,0.6434,0.7993,o,241.0,,14769.0,372.0
133526,2006,23270.0,87.0,0.0,0.4486,0.3976,0.3878,0.3644,0.6596,o,200.0,57.0,14297.0,363.0
133526,2007,23165.0,140.0,0.0,0.7252,0.6314,0.6136,0.5712,0.6203,o,210.0,51.0,13877.0,470.0
133526,2008,21832.0,126.0,0.0,0.6926,0.5968,0.5787,0.5358,0.5985,o,293.0,43.0,13427.0,378.0
133526,2009,23451.0,85.0,0.0,0.4349,0.4159,0.4121,0.4026,0.8569,o,246.0,43.0,13203.0,330.0
133526,2010,25290.0,89.0,0.0,0.4223,0.4476,0.453,0.4669,1.2222,o,270.0,22.0,14281.0,319.0
133526,2011,24013.0,83.0,0.0,0.4148,0.4434,0.4495,0.4653,1.2585,o,197.0,52.0,14615.0,439.0
133526,2012,19849.0,103.0,0.0,0.6227,0.6094,0.6067,0.6,0.9284,o,224.0,81.0,14959.0,515.0
133526,2013,26910.0,92.0,0.0,0.4103,0.3819,0.3763,0.3626,0.7811,o,208.0,10.0,15183.0,421.0
133526,2014,25705.0,106.0,0.0,0.4948,0.47,0.465,0.4528,0.8372,o,222.0,65.0,15174.0,409.0
133526,2017,56672.0,147.0,0.0,0.3113,0.3209,0.323,0.3281,1.1111,o,268.0,16.0,17242.0,234.0
133526,2018,57818.0,121.0,0.0,0.2511,0.2627,0.2651,0.2713,1.1674,o,316.0,25.0,16856.0,219.0
133526,2019,49649.0,111.0,0.0,0.2683,0.2861,0.2899,0.2997,1.2479,o,218.0,61.0,16503.0,270.0
133526,2020,40036.0,122.0,0.0,0.3657,0.3772,0.3796,0.3857,1.1125,o,241.0,55.0,17883.0,335.0
133526,2021,27480.0,128.0,0.0,0.559,0.5446,0.5417,0.5345,0.9143,o,323.0,67.0,17366.0,533.0
133526,2022,35479.0,113.0,0.0,0.3822,0.3784,0.3776,0.3756,0.9658,o,320.0,107.0,16322.0,429.0
133526,2023,36313.0,110.0,0.0,0.3635,0.3836,0.3879,0.3989,1.2041,o,313.0,98.0,15401.0,466.0
133526,2024,28278.0,107.0,0.0,0.4541,0.4984,0.5081,0.5332,1.3791,o,263.0,165.0,14878.0,482.0
133553,1998,241216.0,1901.0,256.0,1.0094,1.0356,1.041,1.0549,1.0923,o,,,,
133553,1999,259571.0,2162.0,276.0,1.0633,1.1783,1.2036,1.2692,1.4248,o,,,,
133553,2000,297051.0,2207.0,275.0,0.9471,1.0185,1.034,1.0736,1.2849,o,,,,
133553,2001,132634.0,737.0,68.0,0.6976,0.6987,0.6989,0.6994,1.0054,o,,,,
133553,2002,134977.0,928.0,53.0,0.8486,0.8015,0.7921,0.769,0.8213,o,875.0,,27196.0,
133553,2003,132078.0,967.0,26.0,0.8904,0.8103,0.7947,0.7569,0.7227,o,1017.0,,31302.0,
133553,2004,133678.0,932.0,18.0,0.8447,0.7708,0.7563,0.7213,0.7291,o,939.0,,35422.0,
133553,2005,132229.0,844.0,9.0,0.77,0.7357,0.7288,0.7118,0.8545,o,977.0,,35700.0,
133553,2006,130979.0,940.0,2.0,0.8621,0.8646,0.8651,0.8664,1.01,o,1113.0,247.0,36693.0,
133553,2007,134411.0,818.0,1.0,0.7307,0.7521,0.7566,0.768,1.1047,o,1038.0,241.0,38550.0,
133553,2008,136738.0,844.0,0.0,0.7407,0.7614,0.7657,0.7767,1.0997,o,1064.0,281.0,38772.0,
133553,2009,140820.0,846.0,15.0,0.7273,0.7471,0.7513,0.7618,1.0971,o,862.0,248.0,39625.0,
133553,2010,135141.0,911.0,18.0,0.8169,0.7978,0.7939,0.7842,0.9215,o,953.0,308.0,40884.0,
133553,2011,137185.0,930.0,26.0,0.8249,0.7852,0.7773,0.7577,0.8438,o,1046.0,250.0,41498.0,
133553,2012,136346.0,863.0,29.0,0.7723,0.7611,0.7588,0.7531,0.951,o,941.0,271.0,40617.0,
133553,2013,135586.0,828.0,35.0,0.7483,0.7551,0.7565,0.7601,1.0317,o,944.0,282.0,41066.0,
133553,2014,140135.0,823.0,38.0,0.721,0.729,0.7306,0.7348,1.0386,o,1217.0,248.0,41254.0,1284.0
133553,2015,146028.0,842.0,42.0,0.7092,0.7254,0.7288,0.7374,1.081,o,1275.0,259.0,41707.0,1253.0
133553,2016,154011.0,936.0,61.0,0.7531,0.8042,0.8152,0.8433,1.2542,o,1273.0,273.0,43065.0,1239.0
133553,2017,158456.0,928.0,65.0,0.7274,0.7938,0.8083,0.8457,1.3517,o,1357.0,273.0,43197.0,1235.0
133553,2018,166953.0,999.0,58.0,0.7389,0.7822,0.7915,0.8151,1.217,o,1418.0,248.0,43398.0,1206.0
133553,2019,173169.0,1084.0,47.0,0.7675,0.7918,0.7969,0.8099,1.1136,o,1710.0,211.0,43700.0,1250.0
133553,2020,184254.0,1140.0,23.0,0.7499,0.7959,0.8058,0.8309,1.2276,o,1499.0,230.0,44313.0,1171.0
133553,2021,196344.0,1252.0,38.0,0.7768,0.8229,0.8328,0.8581,1.2202,o,1862.0,246.0,44313.0,1152.0
133553,2022,217040.0,1272.0,33.0,0.7124,0.7531,0.7618,0.784,1.2112,o,1839.0,239.0,42857.0,1094.0
133553,2023,234147.0,1397.0,24.0,0.7221,0.7582,0.7659,0.7855,1.1832,o,1931.0,235.0,41990.0,1040.0
133553,2024,242830.0,1398.0,35.0,0.6995,0.733,0.7401,0.7582,1.1748,o,1875.0,226.0,42304.0,1046.0
133650,1998,280920.0,1352.0,58.0,0.5899,0.6083,0.6169,0.6288,1.1361,o,,,,
133650,1999,305535.0,1346.0,55.0,0.5394,0.5703,0.585,0.6056,1.2604,o,,,,
133650,2000,288668.0,1466.0,45.0,0.6188,0.6657,0.6883,0.7205,1.3559,o,,,,
133650,2001,313332.0,1404.0,44.0,0.5461,0.574,0.5873,0.6059,1.2308,o,,,,
133650,2004,307128.0,1604.0,52.0,0.6369,0.6434,0.6464,0.6506,1.0434,o,2271.0,,4481.0,194.0
133650,2005,287602.0,1353.0,83.0,0.5818,0.5899,0.5937,0.5988,1.0591,o,1516.0,,4591.0,213.0
133650,2006,280241.0,1290.0,71.0,0.5676,0.5451,0.5351,0.5217,0.8449,o,1733.0,390.0,4609.0,194.0
133650,2007,285526.0,1318.0,63.0,0.5672,0.5195,0.499,0.4723,0.6935,o,1772.0,308.0,4951.0,191.0
133650,2008,274938.0,1484.0,98.0,0.6691,0.6215,0.6008,0.5737,0.7351,o,2110.0,434.0,4791.0,192.0
133650,2009,278604.0,1435.0,47.0,0.6282,0.632,0.6337,0.636,1.0251,o,2444.0,515.0,5154.0,213.0
133650,2010,305175.0,1242.0,47.0,0.4976,0.5396,0.56,0.5891,1.4017,o,2742.0,553.0,5658.0,179.0
133650,2011,338988.0,1296.0,67.0,0.4706,0.517,0.5398,0.5725,1.4796,o,1967.0,516.0,6470.0,177.0
133650,2012,321586.0,1466.0,59.0,0.558,0.5845,0.5971,0.6146,1.213,o,1517.0,467.0,7058.0,223.0
133650,2013,289634.0,1488.0,102.0,0.6376,0.5979,0.5806,0.5577,0.765,o,1277.0,396.0,7733.0,227.0
133650,2014,260029.0,1560.0,113.0,0.746,0.6431,0.6008,0.5476,0.5388,o,1400.0,402.0,7616.0,224.0
133650,2015,242880.0,1507.0,67.0,0.7611,0.6646,0.6246,0.5739,0.5685,o,1600.0,379.0,7552.0,196.0
133650,2016,233786.0,1676.0,54.0,0.8741,0.8433,0.8296,0.8111,0.8611,o,1328.0,502.0,7500.0,194.0
133650,2017,223294.0,1555.0,48.0,0.8486,0.8582,0.8626,0.8687,1.048,o,1684.0,496.0,7375.0,193.0
133650,2018,229657.0,1258.0,40.0,0.6678,0.6869,0.6959,0.7083,1.1251,o,1421.0,597.0,7210.0,191.0
133650,2019,233362.0,1444.0,43.0,0.7536,0.7598,0.7627,0.7667,1.035,o,1340.0,548.0,7059.0,182.0
133650,2020,226146.0,1520.0,30.0,0.8145,0.8031,0.7979,0.7909,0.943,o,1040.0,513.0,6953.0,185.0
133650,2021,212485.0,1466.0,25.0,0.835,0.7891,0.7689,0.7422,0.7902,o,1167.0,651.0,6752.0,180.0
133650,2022,209907.0,1567.0,43.0,0.9081,0.8367,0.8058,0.7656,0.7108,o,1539.0,714.0,6346.0,106.0
133650,2023,219808.0,1466.0,16.0,0.8047,0.8008,0.7991,0.7966,0.9801,o,1397.0,661.0,5988.0,170.0
133650,2024,222806.0,1587.0,20.0,0.8601,0.9046,0.9257,0.9553,1.2336,o,1408.0,601.0,5785.0,160.0
133669,1998,355860.0,2912.0,97.0,0.9983,1.0585,1.0873,1.1279,1.2764,o,,,,
133669,1999,374320.0,2911.0,93.0,0.9481,1.0255,1.0631,1.1165,1.3868,o,,,,
133669,2000,385791.0,3194.0,108.0,1.0103,1.1206,1.1751,1.2537,1.54,o,,,,
133669,2001,394090.0,3193.0,135.0,0.9928,1.1184,1.1811,1.2724,1.6426,o,,,,
133669,2002,450228.0,3511.0,162.0,0.9574,1.0806,1.1422,1.2319,1.6558,o,2286.0,,4675.0,
133669,2003,460585.0,3589.0,156.0,0.9554,1.0603,1.1122,1.1871,1.5439,o,2437.0,,3788.0,176.0
133669,2004,485368.0,3900.0,212.0,0.9904,1.0628,1.0978,1.1473,1.3418,o,2534.0,,3904.0,200.0
133669,2005,504900.0,4022.0,172.0,0.9764,1.0161,1.0349,1.0611,1.181,o,2290.0,,3982.0,204.0
133669,2006,507982.0,4217.0,169.0,1.0161,1.032,1.0394,1.0495,1.0668,o,2297.0,3025.0,4062.0,213.0
133669,2007,510604.0,4345.0,192.0,1.0437,1.0364,1.0331,1.0286,0.9712,o,2670.0,3025.0,4026.0,196.0
133669,2008,525834.0,4481.0,159.0,1.0407,1.0405,1.0405,1.0403,0.9992,o,2781.0,2889.0,3942.0,195.0
133669,2009,525129.0,4467.0,157.0,1.0387,1.0696,1.0841,1.1042,1.13,o,2563.0,3117.0,4214.0,216.0
133669,2010,551291.0,4511.0,177.0,1.0012,1.0386,1.0562,1.0806,1.165,o,2763.0,3138.0,4787.0,229.0
133669,2011,578877.0,4593.0,220.0,0.9749,0.9914,0.999,1.0095,1.0723,o,3263.0,3119.0,5353.0,237.0
133669,2012,612018.0,4892.0,251.0,0.9838,1.0078,1.0189,1.0344,1.1055,o,3166.0,3367.0,5802.0,216.0
133669,2013,622067.0,5124.0,297.0,1.0171,1.0632,1.0851,1.1156,1.203,o,3458.0,3276.0,6402.0,236.0
133669,2014,630322.0,5017.0,353.0,0.9887,1.0419,1.0672,1.1027,1.2437,o,3053.0,2907.0,6306.0,244.0
133669,2015,627434.0,5473.0,360.0,1.0812,1.1014,1.1109,1.1238,1.0805,o,3466.0,3052.0,6307.0,259.0
133669,2016,645363.0,5639.0,325.0,1.0787,1.0823,1.084,1.0863,1.014,o,3179.0,2966.0,6263.0,266.0
133669,2017,646202.0,5692.0,269.0,1.082,1.0828,1.0832,1.0837,1.0032,o,2791.0,2976.0,6159.0,263.0
133669,2018,649891.0,5823.0,229.0,1.0963,1.0737,1.0636,1.0498,0.9169,o,3163.0,2729.0,6021.0,257.0
133669,2019,661642.0,5786.0,216.0,1.069,1.046,1.0356,1.0216,0.9133,o,3283.0,2839.0,5895.0,226.0
133669,2020,690227.0,5971.0,203.0,1.0557,1.0481,1.0446,1.0398,0.9701,o,4252.0,2660.0,5864.0,231.0
133669,2021,680282.0,5915.0,321.0,1.0717,1.1333,1.1627,1.204,1.2621,o,3925.0,2528.0,5695.0,226.0
133669,2022,652722.0,6048.0,268.0,1.1365,1.2265,1.27,1.3319,1.3734,o,4371.0,2280.0,5352.0,221.0
133669,2023,655485.0,5640.0,415.0,1.0705,1.1373,1.1693,1.2144,1.287,o,4417.0,2380.0,5051.0,217.0
133669,2024,691119.0,5866.0,249.0,1.0401,1.0793,1.0977,1.1233,1.1663,o,4232.0,2529.0,4879.0,224.0
133702,1998,323091.0,0.0,2484.0,0.4613,0.4645,0.4729,0.4767,1.1048,o,,,,
133702,1999,355244.0,0.0,2481.0,0.419,0.4209,0.4257,0.4278,1.065,o,,,,
133702,2000,325846.0,0.0,2421.0,0.4458,0.4438,0.4388,0.4366,0.9391,o,,,,
133702,2001,370811.0,0.0,2090.0,0.3382,0.3359,0.3303,0.3278,0.9098,o,,,,
133702,2002,472646.0,0.0,2448.0,0.3108,0.3179,0.3369,0.3457,1.3809,o,4265.0,,2676.0,
133702,2003,514213.0,0.0,2764.0,0.3225,0.3289,0.3459,0.3537,1.3225,o,4483.0,,2758.0,68.0
133702,2004,546420.0,0.0,2875.0,0.3157,0.3181,0.3243,0.3271,1.1135,o,4140.0,,2504.0,70.0
133702,2005,528000.0,0.0,2792.0,0.3173,0.3161,0.3129,0.3116,0.9465,o,4056.0,,2599.0,82.0
133702,2006,472438.0,0.0,2860.0,0.3632,0.3617,0.3577,0.356,0.9407,o,3766.0,,2552.0,98.0
133702,2007,532170.0,0.0,3027.0,0.3413,0.3393,0.3341,0.3319,0.919,o,4184.0,934.0,2592.0,107.0
133702,2008,471839.0,0.0,3234.0,0.4112,0.4132,0.4182,0.4205,1.0698,o,3140.0,1368.0,2508.0,140.0
133702,2009,523802.0,3.0,3206.0,0.3679,0.3619,0.3469,0.3404,0.7899,o,4726.0,2135.0,2735.0,130.0
133702,2010,636351.0,93.0,4209.0,0.4144,0.4219,0.4417,0.4508,1.2906,o,3233.0,2010.0,3650.0,112.0
133702,2011,682069.0,205.0,5409.0,0.5119,0.5049,0.4874,0.4798,0.822,o,4864.0,2176.0,3420.0,73.0
133702,2012,680938.0,392.0,5744.0,0.5752,0.5833,0.6048,0.6146,1.2223,o,4038.0,1789.0,3685.0,74.0
133702,2013,617476.0,533.0,4964.0,0.5859,0.5858,0.5856,0.5854,0.9974,o,3866.0,1561.0,3730.0,80.0
133702,2014,587707.0,588.0,4764.0,0.6064,0.6005,0.5854,0.5789,0.8686,o,3195.0,1454.0,3726.0,87.0
133702,2015,552189.0,689.0,4548.0,0.6439,0.6344,0.6106,0.6003,0.8085,o,3286.0,1340.0,3694.0,89.0
133702,2016,542619.0,732.0,4199.0,0.6262,0.623,0.6151,0.6115,0.9307,o,3064.0,1584.0,3669.0,94.0
133702,2017,525024.0,778.0,4031.0,0.6385,0.636,0.6296,0.6268,0.9455,o,2433.0,1702.0,3669.0,90.0
133702,2018,466692.0,819.0,3234.0,0.6264,0.6148,0.586,0.5737,0.7663,o,2448.0,1953.0,3587.0,100.0
133702,2019,477207.0,836.0,3625.0,0.666,0.6606,0.647,0.641,0.8907,o,2768.0,2303.0,3512.0,105.0
133702,2020,483641.0,582.0,2190.0,0.4161,0.4198,0.4294,0.4337,1.1342,o,2315.0,1712.0,3459.0,95.0
133702,2021,441775.0,1174.0,4672.0,0.9534,0.9455,0.9254,0.9167,0.8877,o,2307.0,1573.0,3359.0,95.0
133702,2022,401960.0,1111.0,3210.0,0.8108,0.8054,0.7914,0.7853,0.9077,o,2322.0,1605.0,3157.0,93.0
133702,2023,387410.0,755.0,2634.0,0.6418,0.642,0.6426,0.6428,1.0048,o,2552.0,1816.0,2979.0,92.0
133702,2024,419590.0,715.0,2600.0,0.5763,0.5802,0.5905,0.5952,1.1026,o,3041.0,1994.0,2878.0,84.0
133711,1998,50489.0,332.0,0.0,0.7891,0.8492,0.8622,0.8956,1.2881,o,,,,
133711,1999,55200.0,331.0,0.0,0.7196,0.7688,0.7794,0.8065,1.2562,o,,,,
133711,2000,52142.0,388.0,0.0,0.8929,0.9145,0.919,0.9304,1.0856,o,,,,
133711,2001,53310.0,361.0,0.0,0.8126,0.8302,0.8338,0.8431,1.0765,o,,,,
133711,2002,56706.0,466.0,0.0,0.9861,1.004,1.0077,1.0171,1.0637,o,479.0,,11346.0,
133711,2003,57004.0,538.0,0.0,1.1326,1.1485,1.1518,1.1602,1.0494,o,563.0,,11675.0,440.0
133711,2004,61922.0,433.0,0.0,0.8391,0.8675,0.8735,0.8887,1.1216,o,591.0,,12288.0,449.0
133711,2005,73845.0,438.0,0.0,0.7118,0.7606,0.7711,0.798,1.2571,o,474.0,,12877.0,364.0
133711,2006,80088.0,511.0,0.0,0.7657,0.806,0.8147,0.8366,1.1939,o,481.0,150.0,13399.0,358.0
133711,2007,87653.0,483.0,0.0,0.6612,0.6447,0.6414,0.633,0.9165,o,581.0,196.0,14292.0,363.0
133711,2008,73994.0,589.0,0.0,0.9552,0.9325,0.9278,0.9163,0.9203,o,647.0,202.0,17282.0,541.0
133711,2009,77108.0,588.0,0.0,0.9151,0.9537,0.9618,0.9826,1.1531,o,564.0,242.0,18014.0,539.0
133711,2010,100432.0,615.0,0.0,0.7348,0.7872,0.7985,0.8275,1.2681,o,623.0,233.0,19012.0,446.0
133711,2011,88260.0,642.0,0.0,0.8729,0.9015,0.9075,0.9228,1.1177,o,671.0,185.0,19348.0,519.0
133711,2012,82680.0,620.0,0.0,0.8999,0.9136,0.9165,0.9237,1.0537,o,646.0,174.0,19743.0,585.0
133711,2013,79318.0,644.0,0.0,0.9743,0.9983,1.0033,1.0161,1.0875,o,708.0,186.0,20506.0,605.0
133711,2014,83488.0,677.0,0.0,0.9731,1.0109,1.019,1.0393,1.1407,o,673.0,213.0,21302.0,589.0
133711,2015,81139.0,562.0,0.0,0.8312,0.847,0.8503,0.8587,1.0672,o,621.0,658.0,21122.0,633.0
133711,2016,76058.0,598.0,0.0,0.9435,0.9387,0.9377,0.9352,0.9825,o,600.0,176.0,21819.0,681.0
133711,2017,75127.0,626.0,0.0,0.9999,0.9704,0.9644,0.9495,0.9018,o,737.0,175.0,22309.0,664.0
133711,2018,77216.0,629.0,0.0,0.9775,0.9684,0.9665,0.9618,0.9681,o,653.0,183.0,22682.0,661.0
133711,2019,85369.0,754.0,0.0,1.0599,1.0821,1.0868,1.0985,1.0742,o,640.0,239.0,23123.0,562.0
133711,2020,88521.0,727.0,0.0,0.9855,1.002,1.0055,1.0142,1.059,o,595.0,209.0,23438.0,521.0
133711,2021,80630.0,744.0,0.0,1.1073,1.0821,1.0769,1.0642,0.9237,o,742.0,194.0,23391.0,511.0
133711,2022,77108.0,628.0,0.0,0.9773,0.9664,0.9641,0.9585,0.9619,o,761.0,166.0,23191.0,517.0
133711,2023,80374.0,552.0,0.0,0.8241,0.8609,0.8687,0.8886,1.1624,o,658.0,121.0,24595.0,546.0
133711,2024,75071.0,569.0,0.0,0.9095,0.9469,0.9548,0.9749,1.149,o,653.0,140.0,26610.0,591.0
133775,1998,540.0,3.0,12.0,2.0,2.0,2.0,2.0,,n,,,,
133809,1998,12098.0,3.0,126.0,0.6547,0.6725,0.6763,0.6858,1.0974,o,,,,
133809,1999,14830.0,6.0,137.0,0.6028,0.6648,0.6784,0.7136,1.4011,o,,,,
133809,2000,15664.0,5.0,161.0,0.655,0.7329,0.7502,0.7951,1.4735,o,,,,
133809,2001,15782.0,8.0,122.0,0.5246,0.5688,0.5784,0.6031,1.3213,o,,,,
133809,2002,15055.0,19.0,139.0,0.7054,0.721,0.7243,0.7326,1.0784,o,194.0,,13269.0,
133809,2003,14006.0,15.0,150.0,0.7711,0.7322,0.7244,0.7053,0.8366,o,232.0,,14581.0,340.0
133809,2004,13845.0,14.0,139.0,0.7237,0.6717,0.6614,0.6364,0.7731,o,233.0,,15589.0,364.0
133809,2005,13442.0,27.0,121.0,0.7811,0.744,0.7366,0.7182,0.8455,o,209.0,,16595.0,406.0
133809,2006,13427.0,18.0,123.0,0.7105,0.6997,0.6975,0.692,0.9485,o,228.0,,16718.0,551.0
133809,2008,14469.0,27.0,133.0,0.7755,0.7725,0.7719,0.7704,0.9871,o,181.0,,17121.0,585.0
133809,2009,13659.0,40.0,132.0,0.9313,0.9125,0.9086,0.8991,0.9321,o,191.0,27.0,17352.0,621.0
133809,2010,12792.0,60.0,95.0,1.0084,0.9624,0.9532,0.9304,0.8513,o,200.0,17.0,17368.0,604.0
133809,2011,13154.0,47.0,103.0,0.8986,0.8578,0.8495,0.8294,0.8519,o,201.0,20.0,17240.0,573.0
133809,2012,13617.0,53.0,108.0,0.9429,0.9356,0.934,0.9303,0.9733,o,192.0,30.0,17933.0,613.0
133809,2013,15054.0,49.0,110.0,0.829,0.8423,0.8451,0.8521,1.0565,o,198.0,27.0,18474.0,652.0
133809,2014,15229.0,50.0,69.0,0.6658,0.6653,0.6652,0.665,0.9974,o,212.0,,19077.0,660.0
133809,2015,15335.0,63.0,75.0,0.7864,0.7915,0.7926,0.7952,1.0224,o,189.0,31.0,20013.0,697.0
133809,2016,15691.0,58.0,91.0,0.7915,0.7962,0.7971,0.7996,1.0204,o,179.0,23.0,20839.0,720.0
133809,2017,14832.0,71.0,74.0,0.8738,0.8592,0.8562,0.8488,0.9436,o,158.0,36.0,21098.0,763.0
133809,2018,13704.0,65.0,93.0,0.9764,0.9224,0.9116,0.8852,0.822,o,206.0,35.0,21364.0,764.0
133809,2019,14674.0,67.0,59.0,0.7892,0.7673,0.7629,0.7519,0.9077,o,205.0,32.0,20917.0,741.0
133809,2020,14716.0,86.0,94.0,1.0845,1.1199,1.1273,1.1461,1.1168,o,171.0,19.0,20794.0,786.0
133809,2021,13803.0,53.0,92.0,0.8607,0.8885,0.8943,0.9091,1.1157,o,192.0,31.0,21080.0,783.0
133809,2022,15848.0,77.0,95.0,0.9427,0.942,0.9418,0.9414,0.9973,o,172.0,40.0,19812.0,713.0
133809,2023,16115.0,94.0,109.0,1.1058,1.0675,1.0598,1.0407,0.8856,o,196.0,44.0,18695.0,725.0
133809,2024,18162.0,95.0,90.0,0.925,0.9193,0.9181,0.9151,0.9787,o,160.0,34.0,18920.0,684.0
133845,1998,8540.0,0.0,0.0,0.0,0.0,0.0,0.0,,-,,,,
133845,2015,22740.0,0.0,124.0,0.3272,0.3272,0.3272,0.3272,,-,150.0,,,402.0
133845,2016,10495.0,0.0,78.0,0.4459,0.4459,0.4459,0.4459,,-,103.0,,,749.0
133845,2019,17850.0,0.0,124.0,0.4168,0.4168,0.4168,0.4168,,-,164.0,,,545.0
133845,2020,15810.0,0.0,146.0,0.5541,0.5541,0.5541,0.5541,,-,101.0,,,669.0
133845,2021,14430.0,0.0,107.0,0.4449,0.4449,0.4449,0.4449,,-,92.0,,,665.0
133845,2022,14437.0,0.0,105.0,0.4364,0.4364,0.4364,0.4364,,-,105.0,,,608.0
133854,2018,12570.0,0.0,106.0,0.506,0.506,0.506,0.506,,-,142.0,,,589.0
133854,2019,13410.0,0.0,144.0,0.6443,0.6443,0.6443,0.6443,,-,61.0,,,543.0
133854,2020,11250.0,0.0,147.0,0.784,0.784,0.784,0.784,,-,97.0,,,665.0
133854,2021,10470.0,0.0,108.0,0.6189,0.6189,0.6189,0.6189,,-,95.0,,,510.0
133854,2022,7362.0,0.0,92.0,0.7498,0.7498,0.7498,0.7498,,-,58.0,,,613.0
133863,2000,7539.0,0.0,0.0,0.0,0.0,0.0,0.0,,-,,,,
133863,2014,3823.0,0.0,47.0,0.7376,0.7376,0.7376,0.7376,,-,96.0,,,
133863,2015,3143.0,0.0,55.0,1.05,1.05,1.05,1.05,,-,69.0,,,
133863,2016,4469.0,0.0,32.0,0.4296,0.4296,0.4296,0.4296,,-,125.0,,,1297.0
133863,2017,5059.0,0.0,54.0,0.6404,0.6404,0.6404,0.6404,,-,131.0,,,1368.0
133863,2018,4389.0,0.0,70.0,0.9569,0.9569,0.9569,0.9569,,-,154.0,,,1481.0
133863,2019,3930.0,0.0,63.0,0.9618,0.9618,0.9618,0.9618,,-,131.0,,,1509.0
133863,2021,3970.0,0.0,37.0,0.5592,0.5592,0.5592,0.5592,,-,126.0,,,1344.0
133863,2022,9662.0,0.0,54.0,0.3353,0.3353,0.3353,0.3353,,-,117.0,,,565.0
133872,1998,8311.0,0.0,65.0,0.4693,0.5001,0.5068,0.5237,1.2456,o,,,,
133872,1999,10883.0,4.0,82.0,0.4962,0.3522,0.3281,0.2748,0.3067,o,,,,
133872,2000,12504.0,9.0,104.0,0.5854,0.5361,0.5264,0.503,0.7383,o,,,,
133872,2001,14288.0,17.0,89.0,0.5165,0.7189,0.7698,0.9133,3.1268,o,,,,
133872,2002,19942.0,24.0,110.0,0.4754,1.0031,1.1707,1.7226,13.1304,o,92.0,,7085.0,
133872,2003,27913.0,25.0,103.0,0.3289,0.4577,0.4901,0.5815,3.1266,o,138.0,,7766.0,270.0
133872,2004,36483.0,64.0,132.0,0.4276,0.432,0.4329,0.4352,1.036,o,82.0,,8375.0,256.0
133872,2005,33853.0,145.0,160.0,0.7976,0.7276,0.7139,0.6807,0.7285,o,101.0,,8941.0,325.0
133872,2006,44096.0,220.0,182.0,0.8463,0.7758,0.762,0.7285,0.7409,o,78.0,,9380.0,267.0
133872,2007,59190.0,324.0,194.0,0.8535,0.7937,0.7818,0.753,0.7783,o,100.0,520.0,11675.0,326.0
133872,2008,63990.0,403.0,226.0,0.9677,0.91,0.8985,0.8704,0.8091,o,68.0,685.0,11955.0,319.0
133872,2009,66150.0,385.0,244.0,0.9197,0.8972,0.8926,0.8812,0.918,o,78.0,772.0,12618.0,354.0
133872,2010,71790.0,370.0,206.0,0.7906,0.7453,0.7362,0.714,0.8156,o,60.0,646.0,13266.0,400.0
133872,2011,58895.0,437.0,230.0,1.1247,1.0447,1.0289,0.9903,0.7753,o,39.0,633.0,13373.0,474.0
133872,2012,53682.0,446.0,232.0,1.2563,1.0777,1.044,0.9644,0.5893,o,96.0,613.0,13647.0,506.0
133872,2013,49941.0,440.0,267.0,1.378,1.3471,1.3408,1.3251,0.9247,o,59.0,448.0,14411.0,540.0
133872,2014,47595.0,400.0,188.0,1.2455,1.2882,1.2972,1.32,1.1232,o,88.0,319.0,15575.0,544.0
133872,2015,44520.0,380.0,77.0,1.128,1.2651,1.2954,1.3746,1.4848,o,81.0,211.0,16227.0,598.0
133872,2016,40650.0,370.0,77.0,1.2059,1.2871,1.3045,1.3492,1.2519,o,92.0,172.0,16893.0,628.0
133872,2017,38456.0,391.0,62.0,1.3168,1.3595,1.3685,1.3912,1.1161,o,107.0,181.0,17184.0,648.0
133872,2018,37339.0,316.0,81.0,1.1457,1.2509,1.2738,1.333,1.3537,o,94.0,141.0,17946.0,638.0
133872,2019,32331.0,282.0,72.0,1.1803,1.2412,1.2541,1.2872,1.1893,o,64.0,151.0,14935.0,678.0
133872,2020,30976.0,275.0,67.0,1.1951,1.1641,1.1578,1.1421,0.9133,o,99.0,158.0,15433.0,679.0
133872,2021,30160.0,284.0,68.0,1.2653,1.1941,1.1799,1.1451,0.8191,o,74.0,127.0,23111.0,699.0
133872,2022,26970.0,239.0,81.0,1.2436,1.1907,1.18,1.1537,0.8607,o,76.0,125.0,22314.0,723.0
133872,2023,26793.0,227.0,68.0,1.169,1.1515,1.1479,1.139,0.9494,o,97.0,244.0,21055.0,640.0
133872,2024,33098.0,208.0,66.0,0.8738,0.889,0.8922,0.9002,1.0614,o,141.0,294.0,20880.0,550.0
133881,1998,61470.0,367.0,0.0,0.7164,0.7246,0.7263,0.7306,1.0398,o,,,,
133881,1999,59023.0,387.0,12.0,0.799,0.8215,0.8263,0.8383,1.1007,o,,,,
133881,2000,59012.0,414.0,11.0,0.853,0.8607,0.8623,0.8663,1.0314,o,,,,
133881,2001,61960.0,391.0,7.0,0.764,0.787,0.7919,0.8041,1.1077,o,,,,
133881,2002,63299.0,440.0,0.0,0.8341,0.8956,0.9089,0.9429,1.2779,o,519.0,,34125.0,
133881,2003,66199.0,386.0,0.0,0.6997,0.7455,0.7554,0.7806,1.2444,o,551.0,,35517.0,971.0
133881,2004,69578.0,467.0,0.0,0.8054,0.8399,0.8472,0.8658,1.1555,o,552.0,,37479.0,1015.0
133881,2005,71417.0,461.0,0.0,0.7746,0.7802,0.7814,0.7843,1.0251,o,604.0,,36586.0,789.0
133881,2006,71620.0,478.0,0.0,0.8009,0.8204,0.8245,0.8348,1.0865,o,597.0,107.0,39186.0,809.0
133881,2007,72706.0,483.0,0.0,0.7972,0.8243,0.8301,0.8446,1.1224,o,681.0,148.0,41650.0,861.0
133881,2008,82736.0,429.0,0.0,0.6222,0.6494,0.6551,0.6698,1.1587,o,637.0,138.0,42319.0,809.0
133881,2009,128181.0,449.0,1.0,0.4208,0.4371,0.4406,0.4493,1.1401,o,539.0,132.0,43438.0,612.0
133881,2010,156737.0,524.0,43.0,0.4176,0.4151,0.4146,0.4133,0.9792,o,490.0,171.0,45058.0,555.0
133881,2011,165229.0,677.0,73.0,0.5182,0.4866,0.4803,0.465,0.8052,o,669.0,235.0,45080.0,574.0
133881,2012,84055.0,521.0,0.0,0.7438,0.7166,0.7111,0.6975,0.8794,o,756.0,207.0,47608.0,925.0
133881,2013,91169.0,533.0,0.0,0.7016,0.7417,0.7503,0.7723,1.2117,o,783.0,239.0,48151.0,978.0
133881,2014,102709.0,525.0,0.0,0.6134,0.6893,0.7062,0.7501,1.4956,o,771.0,196.0,47423.0,941.0
133881,2015,110697.0,607.0,0.0,0.658,0.7164,0.7291,0.7619,1.3408,o,645.0,210.0,49595.0,990.0
133881,2016,107190.0,677.0,0.0,0.7579,0.7565,0.7562,0.7555,0.9937,o,761.0,238.0,50937.0,955.0
133881,2017,108916.0,759.0,0.0,0.8362,0.8146,0.8102,0.7993,0.9136,o,721.0,225.0,51560.0,962.0
133881,2018,108210.0,752.0,4.0,0.8362,0.8247,0.8224,0.8166,0.9537,o,784.0,209.0,51396.0,899.0
133881,2019,107687.0,780.0,15.0,0.8775,0.8932,0.8965,0.9047,1.0629,o,668.0,198.0,51066.0,970.0
133881,2020,106659.0,750.0,15.0,0.8522,0.8602,0.8619,0.8661,1.0327,o,689.0,186.0,51047.0,955.0
133881,2021,100481.0,740.0,23.0,0.8975,0.8748,0.8702,0.8588,0.9157,o,756.0,157.0,50478.0,892.0
133881,2022,98334.0,711.0,36.0,0.8896,0.8792,0.877,0.8717,0.9601,o,778.0,167.0,47442.0,752.0
133881,2023,95011.0,595.0,39.0,0.7761,0.7886,0.7912,0.7977,1.0565,o,882.0,159.0,45205.0,656.0
133881,2024,100403.0,628.0,43.0,0.7763,0.823,0.833,0.8586,1.2233,o,940.0,156.0,44360.0,723.0
133942,2003,2016.0,0.0,0.0,0.0,0.0,0.0,0.0,,-,55.0,,,431.0
133942,2012,3344.0,0.0,0.0,0.0,0.0,0.0,0.0,,-,,,,365.0
133942,2015,2130.0,0.0,0.0,0.0,0.0,0.0,0.0,,-,,,,498.0
133942,2016,2370.0,0.0,0.0,0.0,0.0,0.0,0.0,,-,,,,377.0
133942,2017,2400.0,0.0,0.0,0.0,0.0,0.0,0.0,,-,,,,439.0
133942,2018,2400.0,0.0,0.0,0.0,0.0,0.0,0.0,,-,,,,437.0
133942,2019,2460.0,0.0,0.0,0.0,0.0,0.0,0.0,,-,,,,408.0
133942,2020,2160.0,0.0,0.0,0.0,0.0,0.0,0.0,,-,,,,370.0
133942,2021,2610.0,0.0,0.0,0.0,0.0,0.0,0.0,,-,,,,351.0
133942,2022,2460.0,0.0,0.0,0.0,0.0,0.0,0.0,,-,,,,
133951,1998,664830.0,3937.0,0.0,0.7106,0.7564,0.7783,0.8092,1.2969,o,,,,
133951,1999,690900.0,3938.0,0.0,0.684,0.7235,0.7423,0.7688,1.2634,o,,,,
133951,2000,617699.0,4127.0,0.0,0.8017,0.8617,0.8907,0.9317,1.3505,o,,,,
133951,2001,643836.0,4000.0,0.0,0.7455,0.7934,0.8163,0.8487,1.2959,o,,,,
133951,2002,686305.0,4311.0,0.0,0.7538,0.7836,0.7977,0.8173,1.1758,o,2890.0,,4147.0,
133951,2004,720931.0,4865.0,0.0,0.8098,0.8398,0.8539,0.8735,1.1636,o,3786.0,,4424.0,167.0
133951,2005,744821.0,4861.0,3.0,0.7834,0.8425,0.871,0.9115,1.3538,o,4483.0,,4690.0,190.0
133951,2006,805004.0,5080.0,47.0,0.7608,0.8434,0.8842,0.943,1.5364,o,4142.0,3492.0,4771.0,171.0
133951,2007,843247.0,5324.0,62.0,0.7621,0.8325,0.8669,0.9161,1.4452,o,3378.0,3019.0,4734.0,178.0
133951,2008,835930.0,5497.0,50.0,0.7927,0.8103,0.8184,0.8297,1.0956,o,3138.0,3969.0,4580.0,172.0
133951,2009,826295.0,5663.0,51.0,0.8261,0.7802,0.76,0.7333,0.788,o,2897.0,4907.0,5154.0,186.0
133951,2010,848181.0,6266.0,56.0,0.8905,0.8173,0.7859,0.7449,0.6997,o,3871.0,5225.0,6547.0,201.0
133951,2011,926373.0,6637.0,54.0,0.8632,0.8417,0.832,0.8189,0.9,o,4457.0,5325.0,7122.0,203.0
133951,2012,1006497.0,7238.0,74.0,0.8674,0.92,0.9451,0.9806,1.2781,o,4337.0,5124.0,7726.0,216.0
133951,2013,1023911.0,7746.0,89.0,0.913,0.9994,1.0416,1.1021,1.4572,o,4524.0,5614.0,8578.0,264.0
133951,2014,1069136.0,8069.0,45.0,0.9082,0.9689,0.998,1.0392,1.3092,o,4122.0,5337.0,8553.0,275.0
133951,2015,1087712.0,8494.0,72.0,0.9411,0.9496,0.9535,0.9589,1.0382,o,4183.0,5593.0,8482.0,272.0
133951,2016,1095364.0,9076.0,68.0,0.998,0.9844,0.9782,0.9699,0.9444,o,4534.0,5620.0,8499.0,276.0
133951,2017,1117621.0,9520.0,57.0,1.0252,1.0212,1.0194,1.0169,0.9837,o,4285.0,5579.0,8358.0,272.0
133951,2018,1156018.0,10402.0,42.0,1.082,1.0871,1.0895,1.0927,1.02,o,4441.0,5578.0,8171.0,244.0
133951,2019,1196874.0,10960.0,69.0,1.1023,1.1155,1.1216,1.1299,1.0507,o,3998.0,5837.0,7987.0,234.0
133951,2020,1224689.0,11830.0,86.0,1.1634,1.1543,1.1502,1.1447,0.9681,o,3763.0,5334.0,7891.0,219.0
133951,2021,1231277.0,12680.0,152.0,1.2432,1.2056,1.1888,1.1662,0.88,o,4061.0,5635.0,7663.0,206.0
133951,2022,1169336.0,12363.0,135.0,1.2756,1.2427,1.2278,1.2079,0.8966,o,4424.0,5098.0,7202.0,201.0
133951,2023,1149403.0,11472.0,189.0,1.2076,1.2091,1.2099,1.2109,1.0055,o,5169.0,4266.0,6796.0,200.0
133951,2024,1139038.0,11504.0,192.0,1.2221,1.2858,1.3162,1.3587,1.2361,o,5238.0,4600.0,6565.0,201.0
133960,1998,27646.0,0.0,143.0,0.3104,0.3054,0.2929,0.2875,0.7929,o,,,,
133960,1999,26040.0,0.0,138.0,0.318,0.3197,0.3241,0.3261,1.0794,o,,,,
133960,2000,23913.0,0.0,140.0,0.3513,0.3549,0.3644,0.3687,1.1579,o,,,,
133960,2001,24939.0,0.0,128.0,0.308,0.3142,0.3309,0.3386,1.3333,o,,,,
133960,2002,24977.0,0.0,95.0,0.2282,0.2341,0.25,0.2574,1.4407,o,184.0,,2752.0,
133960,2003,26397.0,0.0,117.0,0.2659,0.2634,0.2568,0.254,0.87,o,196.0,,2795.0,92.0
133960,2004,24429.0,0.0,125.0,0.307,0.3055,0.3016,0.2999,0.9311,o,165.0,,3151.0,116.0
133960,2005,22313.0,0.0,123.0,0.3307,0.3275,0.3193,0.3157,0.8684,o,123.0,,3187.0,121.0
133960,2006,21112.0,0.0,112.0,0.3183,0.3099,0.2892,0.2805,0.6814,o,150.0,,3239.0,130.0
133960,2007,19617.0,0.0,158.0,0.4833,0.4846,0.4882,0.4898,1.0417,o,176.0,97.0,3403.0,141.0
133960,2008,21786.0,0.0,162.0,0.4462,0.4542,0.4754,0.4852,1.2894,o,193.0,98.0,3292.0,124.0
133960,2009,24584.0,0.0,118.0,0.288,0.2914,0.3004,0.3045,1.184,o,222.0,113.0,3537.0,123.0
133960,2010,30188.0,0.0,162.0,0.322,0.3262,0.3372,0.3423,1.2033,o,242.0,23.0,3827.0,111.0
133960,2011,28165.0,0.0,159.0,0.3387,0.3424,0.352,0.3564,1.1663,o,271.0,116.0,3974.0,118.0
133960,2012,26228.0,0.0,216.0,0.4941,0.4995,0.5137,0.5201,1.1681,o,235.0,139.0,4183.0,108.0
133960,2013,24080.0,0.0,203.0,0.5058,0.5027,0.4949,0.4914,0.9162,o,223.0,18.0,4379.0,116.0
133960,2014,22281.0,0.0,163.0,0.4389,0.4351,0.4253,0.421,0.8814,o,303.0,101.0,4313.0,114.0
133960,2015,20063.0,0.0,162.0,0.4845,0.4941,0.5196,0.5314,1.3231,o,194.0,122.0,4277.0,146.0
133960,2016,19967.0,0.0,172.0,0.5169,0.506,0.479,0.4675,0.7376,o,202.0,104.0,4247.0,142.0
133960,2017,20173.0,0.0,165.0,0.4908,0.4837,0.466,0.4583,0.8129,o,198.0,105.0,4176.0,154.0
133960,2018,19829.0,8.0,176.0,0.581,0.581,0.581,0.581,1.0,o,221.0,100.0,4083.0,127.0
133960,2019,19038.0,7.0,160.0,0.5484,0.5522,0.5622,0.5667,1.105,o,188.0,118.0,3997.0,143.0
133960,2020,19939.0,8.0,151.0,0.5025,0.4987,0.4891,0.4849,0.8974,o,149.0,136.0,3938.0,117.0
133960,2021,21006.0,9.0,149.0,0.477,0.4666,0.4407,0.4297,0.7286,o,166.0,90.0,3824.0,100.0
133960,2022,21203.0,27.0,177.0,0.6537,0.653,0.6512,0.6505,0.9852,o,193.0,109.0,3594.0,110.0
133960,2023,22115.0,4.0,78.0,0.2333,0.2367,0.2455,0.2495,1.2254,o,145.0,90.0,3391.0,91.0
133960,2024,23934.0,24.0,137.0,0.4638,0.4569,0.4397,0.4322,0.8078,o,210.0,127.0,3279.0,103.0
133979,1998,48863.0,182.0,0.0,0.447,0.4555,0.4573,0.4617,1.0672,o,,,,
133979,1999,53639.0,145.0,0.0,0.3244,0.3667,0.3761,0.4007,1.5261,o,,,,
133979,2000,62507.0,154.0,0.0,0.2956,0.3114,0.3148,0.3233,1.1959,o,,,,
133979,2005,57947.0,317.0,0.0,0.6565,0.6738,0.6774,0.6866,1.0939,o,453.0,,17882.0,616.0
133979,2006,55607.0,293.0,0.0,0.6323,0.6211,0.6188,0.613,0.9401,o,533.0,,18357.0,603.0
133979,2007,47939.0,246.0,0.0,0.6158,0.58,0.5729,0.5554,0.8135,o,546.0,141.0,18532.0,616.0
133979,2008,46995.0,184.0,0.0,0.4698,0.4518,0.4481,0.4392,0.8737,o,555.0,193.0,17932.0,579.0
133979,2009,49007.0,183.0,0.0,0.4481,0.4504,0.4508,0.452,1.0176,o,543.0,298.0,18336.0,660.0
133979,2010,53732.0,185.0,0.0,0.4132,0.4263,0.429,0.436,1.1136,o,478.0,129.0,19092.0,667.0
133979,2011,53994.0,221.0,0.0,0.4912,0.4834,0.4818,0.4778,0.9462,o,391.0,64.0,19577.0,676.0
133979,2012,48157.0,192.0,0.0,0.4784,0.4467,0.4404,0.425,0.7893,o,405.0,70.0,19870.0,693.0
133979,2013,46275.0,205.0,0.0,0.5316,0.4843,0.475,0.4526,0.725,o,412.0,89.0,20052.0,635.0
133979,2014,43414.0,207.0,0.0,0.5722,0.5364,0.5292,0.5118,0.8002,o,463.0,53.0,19454.0,646.0
133979,2015,44855.0,209.0,0.0,0.5591,0.5603,0.5605,0.5611,1.0069,o,377.0,47.0,19290.0,583.0
133979,2016,41533.0,216.0,0.0,0.6241,0.6339,0.6359,0.6411,1.0553,o,384.0,38.0,19810.0,582.0
133979,2017,37717.0,191.0,0.0,0.6077,0.5953,0.5928,0.5865,0.9315,o,327.0,67.0,19805.0,612.0
133979,2018,35772.0,214.0,0.0,0.7179,0.6759,0.6676,0.6471,0.8126,o,341.0,56.0,19362.0,618.0
133979,2019,35203.0,202.0,0.0,0.6886,0.6443,0.6355,0.614,0.7952,o,325.0,18.0,18957.0,543.0
133979,2020,34003.0,158.0,0.0,0.5576,0.5364,0.5322,0.5216,0.8752,o,305.0,36.0,19515.0,553.0
133979,2021,25042.0,163.0,0.0,0.7811,0.7542,0.7487,0.7353,0.8861,o,336.0,77.0,18881.0,645.0
133979,2022,29088.0,220.0,0.0,0.9076,0.8968,0.8946,0.8891,0.9596,o,465.0,88.0,18470.0,600.0
133979,2023,32606.0,134.0,0.0,0.4932,0.5203,0.5261,0.5408,1.2027,o,459.0,65.0,17428.0,557.0
133979,2024,36937.0,109.0,0.0,0.3541,0.3957,0.4049,0.4289,1.4667,o,371.0,62.0,19110.0,613.0
133997,1998,13830.0,0.0,0.0,0.0,0.0,0.0,0.0,,-,,,,
133997,1999,18660.0,0.0,0.0,0.0,0.0,0.0,0.0,,-,,,,
133997,2000,28821.0,0.0,0.0,0.0,0.0,0.0,0.0,,-,,,,
133997,2001,26270.0,0.0,0.0,0.0,0.0,0.0,0.0,,-,,,,
133997,2004,118592.0,0.0,397.0,0.2009,0.2009,0.2009,0.2009,,-,1178.0,,16418.0,309.0
133997,2005,153760.0,0.0,320.0,0.1249,0.1249,0.1249,0.1249,,-,1390.0,,17963.0,326.0
133997,2006,180800.0,0.0,283.0,0.0939,0.0939,0.0939,0.0939,,-,1812.0,,19071.0,313.0
133997,2007,206528.0,0.0,237.0,0.0689,0.0689,0.0689,0.0689,,-,1755.0,,20145.0,372.0
133997,2008,199584.0,0.0,372.0,0.1118,0.1118,0.1118,0.1118,,-,1447.0,,21218.0,388.0
133997,2009,228450.0,36.0,438.0,0.1339,0.1339,0.1339,0.1339,,-,1998.0,49.0,23194.0,371.0
133997,2010,264420.0,54.0,323.0,0.0978,0.0978,0.0978,0.0978,,-,1993.0,333.0,23758.0,434.0
133997,2011,283350.0,80.0,336.0,0.105,0.105,0.105,0.105,,-,1674.0,442.0,23374.0,385.0
133997,2012,282226.0,71.0,540.0,0.145,0.145,0.145,0.145,,-,3265.0,,22782.0,412.0
133997,2013,299844.0,60.0,595.0,0.1431,0.1431,0.1431,0.1431,,-,3134.0,,23586.0,415.0
133997,2014,292031.0,34.0,640.0,0.1455,0.1455,0.1455,0.1455,,-,612.0,59.0,23941.0,396.0
133997,2015,13344.0,1.0,59.0,0.2743,0.2743,0.2743,0.2743,,-,36.0,26.0,23739.0,725.0
133997,2016,11592.0,0.0,39.0,0.2019,0.2019,0.2019,0.2019,,-,117.0,,,392.0
133997,2017,15456.0,0.0,12.0,0.0466,0.0466,0.0466,0.0466,,-,95.0,31.0,,336.0
133997,2018,19776.0,0.0,4.0,0.0121,0.0121,0.0121,0.0121,,-,57.0,24.0,,416.0
133997,2019,16824.0,0.0,16.0,0.0571,0.0571,0.0571,0.0571,,-,54.0,36.0,,441.0
133997,2020,15480.0,0.0,11.0,0.0426,0.0426,0.0426,0.0426,,-,93.0,50.0,,334.0
133997,2021,18336.0,0.0,9.0,0.0295,0.0295,0.0295,0.0295,,-,68.0,21.0,,371.0
133997,2022,14688.0,0.0,6.0,0.0245,0.0245,0.0245,0.0245,,-,62.0,24.0,,384.0
134079,1998,74173.0,571.0,0.0,0.9238,0.9623,0.9705,0.9913,1.1514,o,,,,
134079,1999,74547.0,576.0,0.0,0.9272,0.9209,0.9196,0.9164,0.9769,o,,,,
134079,2000,54373.0,593.0,0.0,1.3087,1.2682,1.2599,1.2396,0.8971,o,,,,
134079,2001,55946.0,507.0,0.0,1.0875,1.1094,1.1139,1.1255,1.0711,o,,,,
134079,2002,57838.0,475.0,0.0,0.9855,1.0977,1.1225,1.1869,1.4504,o,492.0,,24130.0,
134079,2003,58193.0,456.0,0.0,0.9403,1.0469,1.0704,1.1315,1.448,o,438.0,,27322.0,646.0
134079,2004,59168.0,523.0,0.0,1.0607,1.0695,1.0713,1.0759,1.0288,o,559.0,,29091.0,626.0
134079,2005,59179.0,511.0,0.0,1.0362,0.9756,0.9636,0.934,0.8126,o,464.0,,29520.0,665.0
134079,2006,56432.0,519.0,0.0,1.1036,1.0507,1.04,1.0139,0.8441,o,420.0,327.0,29861.0,661.0
134079,2007,56344.0,469.0,0.0,0.9989,0.9843,0.9813,0.9738,0.9505,o,424.0,297.0,30512.0,676.0
134079,2008,55930.0,564.0,0.0,1.2101,1.153,1.1415,1.1134,0.8465,o,497.0,188.0,31008.0,684.0
134079,2009,65206.0,449.0,0.0,0.8263,0.8015,0.7965,0.784,0.9003,o,554.0,154.0,31862.0,618.0
134079,2010,65806.0,456.0,0.0,0.8315,0.8743,0.8835,0.9067,1.1889,o,605.0,154.0,32585.0,631.0
134079,2011,69579.0,442.0,0.0,0.7623,0.8357,0.8518,0.8933,1.3732,o,525.0,152.0,34427.0,635.0
134079,2012,69665.0,527.0,0.0,0.9078,0.9632,0.9751,1.0055,1.2269,o,537.0,146.0,35528.0,691.0
134079,2013,68549.0,459.0,0.0,0.8035,0.8059,0.8064,0.8077,1.0105,o,635.0,157.0,36361.0,705.0
134079,2014,73483.0,586.0,0.0,0.957,0.9601,0.9607,0.9623,1.0112,o,581.0,105.0,37628.0,704.0
134079,2015,73047.0,541.0,0.0,0.8887,0.9078,0.9119,0.9219,1.0761,o,698.0,180.0,39151.0,716.0
134079,2016,77534.0,512.0,0.0,0.7924,0.8363,0.8457,0.8696,1.2043,o,648.0,77.0,40786.0,702.0
134079,2017,78274.0,607.0,0.0,0.9306,0.9687,0.9768,0.9973,1.1485,o,722.0,102.0,42259.0,727.0
134079,2018,80814.0,564.0,0.0,0.8375,0.8669,0.8732,0.8889,1.1266,o,707.0,117.0,43338.0,702.0
134079,2019,83057.0,626.0,0.0,0.9044,0.934,0.9402,0.956,1.1173,o,685.0,103.0,44352.0,694.0
134079,2020,83819.0,584.0,0.0,0.8361,0.8443,0.846,0.8503,1.0342,o,675.0,112.0,45241.0,706.0
134079,2021,83919.0,647.0,0.0,0.9252,0.9232,0.9228,0.9218,0.9927,o,792.0,93.0,45499.0,763.0
134079,2022,85631.0,608.0,0.0,0.852,0.8585,0.8599,0.8633,1.0266,o,754.0,104.0,42763.0,650.0
134079,2023,83839.0,600.0,0.0,0.8588,0.8853,0.8909,0.905,1.1106,o,640.0,102.0,41924.0,657.0
134079,2024,82088.0,621.0,0.0,0.9078,0.9143,0.9157,0.9191,1.025,o,762.0,110.0,42360.0,639.0
134097,1998,706794.0,5515.0,719.0,0.9974,1.0286,1.0432,1.0635,1.137,o,,,,
134097,1999,731462.0,5554.0,726.0,0.9707,1.0233,1.0483,1.0834,1.2456,o,,,,
134097,2000,769694.0,5342.0,382.0,0.8626,0.9191,0.9461,0.9843,1.3021,o,,,,
134097,2001,808561.0,5470.0,113.0,0.8202,0.8703,0.8942,0.928,1.2801,o,,,,
134097,2002,826586.0,5912.0,132.0,0.8679,0.9104,0.9306,0.9589,1.2207,o,6378.0,,4353.0,
134097,2003,858658.0,6335.0,136.0,0.8948,0.9395,0.9606,0.9903,1.2248,o,6096.0,,4561.0,183.0
134097,2004,847651.0,6578.0,140.0,0.9411,0.979,0.9969,1.0217,1.1786,o,6240.0,,4501.0,192.0
134097,2005,861680.0,6856.0,127.0,0.9636,0.9818,0.9903,1.002,1.0812,o,6063.0,,4655.0,180.0
134097,2006,886323.0,6938.0,195.0,0.9525,0.9556,0.957,0.9589,1.0133,o,6219.0,2018.0,4998.0,167.0
134097,2007,694020.0,7189.0,151.0,1.2561,1.2514,1.2493,1.2464,0.9846,o,6124.0,2090.0,5001.0,214.0
134097,2008,624215.0,7615.0,131.0,1.4765,1.4767,1.4768,1.4769,1.0006,o,5012.0,1708.0,4909.0,251.0
134097,2009,666480.0,7630.0,157.0,1.3879,1.3551,1.3403,1.3205,0.9051,o,5955.0,2485.0,5737.0,233.0
134097,2010,689640.0,7926.0,98.0,1.3877,1.3505,1.3338,1.3113,0.8929,o,5927.0,2461.0,6527.0,261.0
134097,2011,699210.0,7886.0,111.0,1.3629,1.3505,1.3449,1.3372,0.9627,o,6121.0,2502.0,7312.0,275.0
134097,2012,954009.0,7860.0,163.0,0.9989,1.018,1.0268,1.039,1.0819,o,5712.0,2337.0,7927.0,228.0
134097,2013,948331.0,7938.0,133.0,1.0129,1.0315,1.0402,1.0521,1.079,o,6032.0,2348.0,8558.0,255.0
134097,2014,943031.0,8105.0,192.0,1.0436,1.0406,1.0393,1.0375,0.9884,o,5994.0,2280.0,8567.0,275.0
134097,2015,946754.0,8421.0,177.0,1.0786,1.0781,1.0779,1.0776,0.9982,o,6096.0,2119.0,8495.0,280.0
134097,2016,947765.0,8626.0,192.0,1.1043,1.11,1.1127,1.1163,1.0217,o,6190.0,2207.0,8436.0,279.0
134097,2017,965843.0,8611.0,190.0,1.0817,1.0934,1.0989,1.1063,1.0462,o,6437.0,2311.0,8295.0,265.0
134097,2018,972062.0,8791.0,183.0,1.0965,1.1094,1.1154,1.1236,1.05,o,6324.0,2092.0,7049.0,240.0
134097,2019,967543.0,8640.0,187.0,1.0832,1.0973,1.1038,1.1128,1.0555,o,7106.0,2080.0,6901.0,221.0
134097,2020,987913.0,8866.0,159.0,1.0866,1.1101,1.121,1.1361,1.0931,o,6006.0,1961.0,6798.0,201.0
134097,2021,977529.0,8827.0,187.0,1.0951,1.105,1.1096,1.1159,1.0384,o,7617.0,1987.0,6602.0,261.0
134097,2022,997144.0,8730.0,185.0,1.0617,1.0785,1.0863,1.097,1.0676,o,6030.0,1846.0,6205.0,266.0
134097,2023,982500.0,9140.0,184.0,1.1276,1.1319,1.1339,1.1366,1.0162,o,5889.0,1897.0,5855.0,252.0
134097,2024,980394.0,9090.0,154.0,1.122,1.0966,1.0852,1.0698,0.909,o,5850.0,2307.0,5656.0,245.0
134112,1999,30854.0,0.0,0.0,0.0,0.0,0.0,0.0,,-,,,,
134112,2000,25335.0,0.0,0.0,0.0,0.0,0.0,0.0,,-,,,,
134112,2001,31740.0,0.0,499.0,0.9433,0.9433,0.9433,0.9433,,-,,,,
134112,2004,43706.0,0.0,319.0,0.4379,0.4379,0.4379,0.4379,,-,194.0,,,338.0
134112,2005,37214.0,0.0,364.0,0.5869,0.5869,0.5869,0.5869,,-,148.0,,,384.0
134112,2006,36486.0,0.0,325.0,0.5345,0.5345,0.5345,0.5345,,-,266.0,,,373.0
134112,2007,61347.0,0.0,315.0,0.3081,0.3081,0.3081,0.3081,,-,425.0,,,233.0
134112,2008,57209.0,0.0,281.0,0.2947,0.2947,0.2947,0.2947,,-,502.0,,,271.0
134112,2009,61863.0,0.0,232.0,0.225,0.225,0.225,0.225,,-,637.0,,,268.0
134112,2010,71584.0,0.0,192.0,0.1609,0.1609,0.1609,0.1609,,-,676.0,,,260.0
134112,2011,87980.0,0.0,329.0,0.2244,0.2244,0.2244,0.2244,,-,1218.0,,,266.0
134112,2012,136525.0,0.0,409.0,0.1797,0.1797,0.1797,0.1797,,-,1012.0,,,260.0
134112,2013,141395.0,0.0,385.0,0.1634,0.1634,0.1634,0.1634,,-,3789.0,,,342.0
134112,2014,164700.0,38.0,556.0,0.2302,0.2302,0.2302,0.2302,,-,195.0,226.0,,247.0
134112,2015,156330.0,87.0,398.0,0.2195,0.2195,0.2195,0.2195,,-,150.0,917.0,,299.0
134112,2016,199179.0,191.0,316.0,0.2103,0.2103,0.2103,0.2103,,-,238.0,1138.0,,259.0
134112,2017,179064.0,232.0,477.0,0.3153,0.3153,0.3153,0.3153,,-,500.0,1038.0,,295.0
134112,2018,177408.0,193.0,432.0,0.2767,0.2767,0.2767,0.2767,,-,601.0,1141.0,,161.0
134112,2019,159003.0,172.0,156.0,0.1887,0.1887,0.1887,0.1887,,-,277.0,704.0,16076.0,376.0
134121,1999,7890.0,0.0,0.0,0.0,0.0,0.0,0.0,,-,,,,
134121,2000,16680.0,0.0,0.0,0.0,0.0,0.0,0.0,,-,,,,
134121,2001,12690.0,0.0,149.0,0.7045,0.7045,0.7045,0.7045,,-,,,,
134121,2004,11095.0,0.0,89.0,0.4813,0.4813,0.4813,0.4813,,-,45.0,,,332.0
134121,2006,6331.0,0.0,61.0,0.5781,0.5781,0.5781,0.5781,,-,43.0,,,444.0
134121,2007,7235.0,0.0,48.0,0.3981,0.3981,0.3981,0.3981,,-,85.0,,,297.0
134121,2008,7365.0,0.0,48.0,0.391,0.391,0.391,0.391,,-,94.0,,,260.0
134121,2009,9040.0,0.0,40.0,0.2655,0.2655,0.2655,0.2655,,-,116.0,,,365.0
134121,2010,9476.0,0.0,43.0,0.2723,0.2723,0.2723,0.2723,,-,248.0,,,520.0
134121,2011,10354.0,0.0,79.0,0.4578,0.4578,0.4578,0.4578,,-,68.0,3.0,,528.0
134121,2013,3315.0,0.0,41.0,0.7421,0.7421,0.7421,0.7421,,-,18.0,16.0,,789.0
134121,2015,12106.0,0.0,23.0,0.114,0.114,0.114,0.114,,-,,,15881.0,
134130,1998,922829.0,6653.0,679.0,0.9093,0.9211,0.9266,0.9341,1.0553,o,,,,
134130,1999,932389.0,6684.0,597.0,0.8987,0.9088,0.9136,0.92,1.0481,o,,,,
134130,2000,936746.0,7654.0,419.0,1.0073,1.0173,1.0218,1.0281,1.0416,o,,,,
134130,2001,969548.0,7663.0,334.0,0.9691,1.0115,1.0316,1.0596,1.1954,o,,,,
134130,2002,985629.0,7775.0,470.0,0.9752,1.0263,1.0506,1.0846,1.237,o,6536.0,,4313.0,
134130,2003,987259.0,7975.0,537.0,1.002,1.0485,1.0705,1.1013,1.2081,o,6599.0,,4386.0,185.0
134130,2004,1006360.0,8574.0,415.0,1.0471,1.0614,1.068,1.0771,1.0581,o,6745.0,,4610.0,193.0
134130,2005,1004131.0,8417.0,447.0,1.0326,1.0336,1.0341,1.0347,1.0041,o,7241.0,,4756.0,181.0
134130,2006,1026942.0,8255.0,400.0,0.988,1.0078,1.0171,1.0298,1.0865,o,6702.0,2211.0,4821.0,165.0
134130,2007,1042925.0,8568.0,479.0,1.0134,1.028,1.0348,1.0441,1.0615,o,6441.0,2211.0,4849.0,181.0
134130,2008,1057112.0,8737.0,393.0,1.0141,1.0104,1.0087,1.0064,0.9849,o,6384.0,1589.0,4766.0,188.0
134130,2009,1038269.0,9205.0,277.0,1.0799,1.0577,1.0476,1.0341,0.917,o,6256.0,1740.0,5436.0,221.0
134130,2010,1002479.0,9301.0,259.0,1.1289,1.1026,1.0908,1.0748,0.9065,o,6385.0,1716.0,6251.0,242.0
134130,2011,978883.0,8685.0,198.0,1.0768,1.0668,1.0622,1.0561,0.9618,o,6429.0,1784.0,7041.0,270.0
134130,2012,967721.0,8600.0,210.0,1.0794,1.0792,1.0791,1.079,0.9991,o,6290.0,1841.0,7697.0,304.0
134130,2013,964178.0,8244.0,840.0,1.0783,1.0799,1.0807,1.0817,1.0062,o,6370.0,1806.0,8212.0,330.0
134130,2014,975034.0,8515.0,446.0,1.0754,1.0758,1.076,1.0762,1.0015,o,6504.0,1648.0,8246.0,331.0
134130,2015,956157.0,8393.0,393.0,1.078,1.0792,1.0798,1.0805,1.0047,o,6875.0,1794.0,8241.0,350.0
134130,2016,969038.0,8215.0,380.0,1.0408,1.0535,1.0594,1.0675,1.0519,o,6833.0,1841.0,8273.0,372.0
134130,2017,994209.0,8267.0,325.0,1.0174,1.037,1.0462,1.0587,1.0828,o,6428.0,1918.0,8134.0,375.0
134130,2018,1015943.0,8634.0,301.0,1.0376,1.045,1.0484,1.0531,1.0301,o,6792.0,1924.0,7952.0,335.0
134130,2019,1048650.0,9370.0,179.0,1.0825,1.0794,1.078,1.076,0.9881,o,6526.0,1810.0,7786.0,305.0
134130,2020,1052312.0,9584.0,152.0,1.1016,1.094,1.0905,1.0858,0.9715,o,6333.0,1749.0,7670.0,319.0
134130,2021,1046314.0,9464.0,131.0,1.0929,1.0849,1.0812,1.0762,0.9697,o,6787.0,1553.0,7448.0,321.0
134130,2022,1026873.0,9703.0,97.0,1.1396,1.1375,1.1365,1.1352,0.9924,o,6612.0,1429.0,7000.0,330.0
134130,2023,1018223.0,9751.0,113.0,1.1558,1.1575,1.1583,1.1593,1.0061,o,6762.0,1408.0,6605.0,298.0
134130,2024,1043058.0,9443.0,106.0,1.0925,1.1028,1.1076,1.1141,1.04,o,7513.0,1635.0,6381.0,289.0
134149,1998,22464.0,63.0,82.0,0.5556,0.3766,0.3474,0.2841,0.2616,o,,,,
134149,1999,17344.0,67.0,65.0,0.6884,0.6302,0.6188,0.5911,0.7373,o,,,,
134149,2002,39280.0,100.0,59.0,0.3956,0.3087,0.2932,0.2579,0.4249,o,100.0,,12971.0,
134149,2004,36733.0,125.0,186.0,0.7122,0.7425,0.7489,0.7653,1.1548,o,81.0,,14328.0,1046.0
134149,2005,88675.0,114.0,114.0,0.2314,0.273,0.2825,0.3077,1.7677,o,353.0,,14486.0,590.0
134149,2006,63937.0,145.0,181.0,0.442,0.5541,0.5807,0.6527,2.1809,o,531.0,,15144.0,610.0
134149,2010,39189.0,117.0,196.0,0.6584,0.5746,0.5587,0.5207,0.6256,o,121.0,4.0,19195.0,865.0
134149,2011,39810.0,107.0,165.0,0.5712,0.4458,0.4235,0.3726,0.4255,o,167.0,236.0,18895.0,677.0
134149,2012,48575.0,77.0,147.0,0.3718,0.2981,0.2848,0.254,0.4668,o,222.0,260.0,20377.0,547.0
134149,2013,61065.0,63.0,154.0,0.2751,0.2484,0.2432,0.2307,0.7034,o,37.0,313.0,20020.0,525.0
134149,2014,54391.0,82.0,139.0,0.3342,0.306,0.3005,0.2871,0.7379,o,43.0,190.0,19480.0,518.0
134237,2000,139635.0,0.0,1106.0,0.4752,0.4752,0.4752,0.4752,,-,,,,
134237,2001,155922.0,0.0,1222.0,0.4702,0.4702,0.4702,0.4702,,-,,,,
134237,2002,232994.0,0.0,1694.0,0.4362,0.4362,0.4362,0.4362,,-,3644.0,,,
134237,2003,294706.0,0.0,2358.0,0.4801,0.4801,0.4801,0.4801,,-,1735.0,,,548.0
134237,2004,341496.0,217.0,2935.0,0.5919,0.5919,0.5919,0.5919,,-,2175.0,,,552.0
134237,2006,361440.0,714.0,2899.0,0.7183,0.7183,0.7183,0.7183,,-,3471.0,,63873.0,621.0
134237,2007,343000.0,1227.0,2188.0,0.812,0.812,0.812,0.812,,-,3784.0,,66536.0,704.0
134237,2009,488793.0,2002.0,1368.0,0.6594,0.6594,0.6594,0.6594,,-,1566.0,628.0,43590.0,605.0
134237,2010,631811.0,1902.0,910.0,0.4477,0.4477,0.4477,0.4477,,-,3983.0,,40004.0,484.0
134237,2011,790263.0,2041.0,247.0,0.3287,0.3287,0.3287,0.3287,,-,4209.0,1164.0,30096.0,466.0
134237,2012,1084000.0,2572.0,175.0,0.2944,0.2944,0.2944,0.2944,,-,3225.0,,28446.0,430.0
134237,2013,846394.0,2635.0,185.0,0.3867,0.3867,0.3867,0.3867,,-,2807.0,,28672.0,643.0
134237,2014,800695.0,3157.0,146.0,0.4841,0.4841,0.4841,0.4841,,-,3135.0,,29081.0,573.0
134237,2015,724268.0,3652.0,137.0,0.6164,0.6164,0.6164,0.6164,,-,3052.0,,29759.0,613.0
134237,2016,736654.0,3230.0,133.0,0.537,0.537,0.537,0.537,,-,3601.0,1521.0,29970.0,600.0
134237,2017,700720.0,3929.0,274.0,0.6963,0.6963,0.6963,0.6963,,-,2725.0,1003.0,29468.0,600.0
134237,2018,697965.0,3318.0,491.0,0.6127,0.6127,0.6127,0.6127,,-,2689.0,1755.0,29529.0,632.0
134237,2019,746309.0,3255.0,606.0,0.5721,0.5721,0.5721,0.5721,,-,3428.0,2576.0,29418.0,619.0
134237,2020,791598.0,3149.0,723.0,0.5322,0.5322,0.5322,0.5322,,-,4062.0,3288.0,29463.0,639.0
134237,2021,910980.0,2924.0,845.0,0.4408,0.4408,0.4408,0.4408,,-,4419.0,3428.0,30138.0,573.0
134237,2022,936037.0,3531.0,771.0,0.5021,0.5021,0.5021,0.5021,,-,5276.0,2548.0,28180.0,567.0
134237,2023,937458.0,4320.0,612.0,0.5922,0.5922,0.5922,0.5922,,-,4683.0,3019.0,27232.0,579.0
134237,2024,1047307.0,3725.0,731.0,0.4687,0.4687,0.4687,0.4687,,-,3761.0,3078.0,26417.0,532.0
134343,1998,104513.0,0.0,575.0,0.3301,0.3293,0.3272,0.3262,0.9648,o,,,,
134343,1999,103093.0,0.0,616.0,0.3585,0.3604,0.3652,0.3674,1.0773,o,,,,
134343,2000,98372.0,0.0,569.0,0.347,0.3489,0.3539,0.3561,1.0809,o,,,,
134343,2001,106832.0,0.0,646.0,0.3628,0.3804,0.4296,0.4535,1.9656,o,,,,
134343,2002,115250.0,0.0,600.0,0.3124,0.3198,0.3397,0.349,1.3995,o,1019.0,,2460.0,
134343,2003,120853.0,0.0,659.0,0.3272,0.3305,0.3391,0.3429,1.1534,o,1064.0,,2648.0,64.0
134343,2004,121219.0,0.0,679.0,0.3361,0.3384,0.3445,0.3472,1.1037,o,993.0,,2773.0,68.0
134343,2005,121775.0,0.0,681.0,0.3355,0.3344,0.3316,0.3303,0.9534,o,1002.0,,2817.0,71.0
134343,2006,118691.0,0.0,753.0,0.3807,0.38,0.3782,0.3774,0.9742,o,1039.0,,2985.0,75.0
134343,2007,129420.0,0.0,752.0,0.3486,0.3496,0.3522,0.3534,1.0416,o,1091.0,263.0,3034.0,68.0
134343,2008,119056.0,0.0,785.0,0.3956,0.3975,0.4023,0.4044,1.0691,o,1020.0,265.0,2935.0,75.0
134343,2009,125213.0,0.0,796.0,0.3814,0.3803,0.3773,0.376,0.9577,o,1095.0,252.0,2980.0,70.0
134343,2010,145811.0,0.0,799.0,0.3288,0.3296,0.3318,0.3328,1.0374,o,1128.0,380.0,3412.0,67.0
134343,2011,136798.0,0.0,812.0,0.3561,0.3578,0.3619,0.3638,1.0667,o,1131.0,320.0,3586.0,71.0
134343,2012,137773.0,4.0,1021.0,0.4481,0.4487,0.4501,0.4507,1.0175,o,600.0,260.0,3762.0,68.0
134343,2013,128565.0,4.0,875.0,0.4121,0.3942,0.3518,0.3344,0.5312,o,853.0,165.0,3696.0,50.0
134343,2014,121147.0,8.0,935.0,0.471,0.4705,0.4693,0.4687,0.9856,o,960.0,189.0,3640.0,53.0
134343,2015,114081.0,48.0,888.0,0.5175,0.5277,0.5549,0.5674,1.3214,o,350.0,,3610.0,54.0
134343,2016,109614.0,32.0,888.0,0.5211,0.4875,0.4108,0.3807,0.3861,o,913.0,153.0,3585.0,62.0
134343,2017,104844.0,56.0,854.0,0.5528,0.5658,0.6007,0.6169,1.3939,o,950.0,148.0,3021.0,65.0
134343,2018,102502.0,66.0,839.0,0.5684,0.5849,0.6295,0.6504,1.5044,o,1015.0,187.0,2954.0,62.0
134343,2019,94015.0,84.0,787.0,0.6095,0.6132,0.6227,0.627,1.0896,o,855.0,121.0,2892.0,59.0
134343,2020,91097.0,73.0,761.0,0.5974,0.5916,0.577,0.5706,0.8702,o,767.0,177.0,2849.0,59.0
134343,2021,85337.0,64.0,697.0,0.5801,0.5721,0.552,0.5434,0.8203,o,853.0,131.0,2766.0,62.0
134343,2022,85261.0,79.0,616.0,0.5447,0.5466,0.5516,0.5538,1.0518,o,816.0,161.0,2600.0,64.0
134343,2023,89030.0,69.0,626.0,0.5149,0.5151,0.5158,0.5161,1.0074,o,842.0,103.0,2453.0,58.0
134343,2024,94098.0,67.0,645.0,0.4967,0.497,0.4978,0.4982,1.009,o,936.0,164.0,2370.0,55.0
134361,1999,672.0,8.0,4.0,1.7857,1.7857,1.7857,1.7857,,n,,,,
134422,1998,5080.0,0.0,43.0,0.5079,0.5079,0.5079,0.5079,,-,,,,
134422,1999,8460.0,0.0,30.0,0.2128,0.2128,0.2128,0.2128,,-,,,,
134422,2000,4980.0,0.0,24.0,0.2892,0.2892,0.2892,0.2892,,-,,,,
134422,2002,5161.0,0.0,14.0,0.1627,0.1627,0.1627,0.1627,,-,25.0,,11277.0,
134422,2003,3282.0,0.0,21.0,0.3839,0.3839,0.3839,0.3839,,-,17.0,,11700.0,477.0
134422,2004,3493.0,0.0,27.0,0.4637,0.4637,0.4637,0.4637,,-,28.0,,11418.0,575.0
134422,2005,4217.0,0.0,11.0,0.1565,0.1565,0.1565,0.1565,,-,39.0,,12531.0,355.0
134422,2006,3417.0,0.0,12.0,0.2107,0.2107,0.2107,0.2107,,-,29.0,3.0,13064.0,374.0
134422,2009,2620.0,0.0,10.0,0.229,0.229,0.229,0.229,,-,41.0,63.0,12064.0,454.0
134422,2010,2618.0,0.0,13.0,0.2979,0.2979,0.2979,0.2979,,-,39.0,37.0,14452.0,384.0
134422,2013,1977.0,0.0,13.0,0.3946,0.3946,0.3946,0.3946,,-,14.0,9.0,14818.0,245.0
134422,2014,1877.0,0.0,8.0,0.2558,0.2558,0.2558,0.2558,,-,25.0,,14594.0,247.0
134422,2015,2592.0,0.0,0.0,0.0,0.0,0.0,0.0,,-,5.0,10.0,14471.0,249.0
134422,2016,2496.0,0.0,4.0,0.0962,0.0962,0.0962,0.0962,,-,5.0,7.0,14371.0,257.0
134422,2017,3213.0,0.0,1.0,0.0187,0.0187,0.0187,0.0187,,-,1.0,8.0,14131.0,287.0
134422,2020,771.0,1.0,6.0,0.6223,0.6223,0.6223,0.6223,,-,2.0,1.0,,348.0
134422,2021,928.0,0.0,2.0,0.1293,0.1293,0.1293,0.1293,,-,2.0,4.0,12939.0,310.0
134422,2022,827.0,0.0,2.0,0.1452,0.1452,0.1452,0.1452,,-,5.0,5.0,12161.0,142.0
134422,2023,672.0,0.0,2.0,0.1786,0.1786,0.1786,0.1786,,-,3.0,1.0,9611.0,126.0
134495,1998,329748.0,0.0,2518.0,0.4582,0.4593,0.4622,0.4635,1.0354,o,,,,
134495,1999,270460.0,0.0,1805.0,0.4004,0.4046,0.4156,0.4206,1.1602,o,,,,
134495,2000,277257.0,0.0,1537.0,0.3326,0.2932,0.2119,0.1834,0.1647,o,,,,
134495,2001,337885.0,0.0,1692.0,0.3005,0.3173,0.3652,0.3887,2.1815,o,,,,
134495,2002,358907.0,0.0,2022.0,0.338,0.3525,0.3927,0.412,1.8216,o,2983.0,,2617.0,
134495,2003,395007.0,0.0,1995.0,0.303,0.3054,0.3117,0.3146,1.12,o,2855.0,,2767.0,67.0
134495,2004,430096.0,0.0,1987.0,0.2772,0.2773,0.2776,0.2777,1.0056,o,3548.0,,2897.0,87.0
134495,2005,484710.0,0.0,1937.0,0.2398,0.2431,0.2518,0.2557,1.2155,o,3300.0,,2950.0,80.0
134495,2006,420690.0,0.0,2029.0,0.2894,0.29,0.2916,0.2923,1.0308,o,3553.0,,3090.0,96.0
134495,2007,481740.0,0.0,2098.0,0.2613,0.262,0.2637,0.2645,1.0377,o,3226.0,1008.0,3599.0,86.0
134495,2008,491700.0,0.0,2193.0,0.2676,0.2665,0.2636,0.2623,0.9415,o,4079.0,897.0,3060.0,85.0
134495,2009,549630.0,0.0,2452.0,0.2677,0.2712,0.2804,0.2845,1.2034,o,4599.0,1029.0,3377.0,82.0
134495,2010,570481.0,0.0,2615.0,0.275,0.2795,0.2913,0.2968,1.2591,o,4542.0,1039.0,2998.0,87.0
134495,2011,606299.0,0.0,2951.0,0.292,0.293,0.2954,0.2965,1.0468,o,5229.0,1442.0,3160.0,93.0
134495,2012,606715.0,0.0,3843.0,0.38,0.3836,0.3931,0.3973,1.1441,o,5194.0,1786.0,3297.0,98.0
134495,2013,579540.0,0.0,3727.0,0.3859,0.3875,0.3918,0.3937,1.0631,o,4977.0,2033.0,3350.0,112.0
134495,2014,560087.0,0.0,3374.0,0.3614,0.3603,0.3573,0.356,0.955,o,5066.0,2104.0,3299.0,107.0
134495,2015,561979.0,0.0,3732.0,0.3984,0.3983,0.3981,0.3979,0.9962,o,4781.0,2118.0,3272.0,102.0
134495,2016,550324.0,0.0,3565.0,0.3887,0.3873,0.3839,0.3824,0.9521,o,5194.0,2145.0,3249.0,100.0
134495,2017,560240.0,0.0,3620.0,0.3877,0.3891,0.3929,0.3946,1.0549,o,5381.0,2162.0,3195.0,100.0
134495,2018,574636.0,0.0,3920.0,0.4093,0.4115,0.4171,0.4197,1.0789,o,5711.0,2103.0,3123.0,90.0
134495,2019,584248.0,0.0,3933.0,0.4039,0.4061,0.4118,0.4143,1.0801,o,5231.0,2002.0,3058.0,87.0
134495,2020,600926.0,0.0,4060.0,0.4054,0.4037,0.3995,0.3976,0.9432,o,4083.0,1472.0,3012.0,79.0
134495,2021,546100.0,0.0,4137.0,0.4545,0.4453,0.4225,0.4127,0.7463,o,4446.0,1627.0,2925.0,83.0
134495,2022,528118.0,0.0,3920.0,0.4454,0.4439,0.4402,0.4386,0.9547,o,4864.0,1750.0,2749.0,87.0
134495,2023,539827.0,0.0,3459.0,0.3845,0.388,0.3973,0.4015,1.1406,o,4869.0,1862.0,2594.0,81.0
134495,2024,569940.0,22.0,3326.0,0.3548,0.3559,0.3588,0.3601,1.046,o,4983.0,2032.0,2506.0,80.0
134510,1998,2728.0,10.0,1.0,0.4619,0.4012,0.3897,0.3623,0.6154,o,,,,
134510,1999,3144.0,13.0,5.0,0.5916,0.5793,0.5767,0.5705,0.9298,o,,,,
134510,2000,3670.0,9.0,6.0,0.3924,0.45,0.4629,0.497,1.6042,o,,,,
134510,2001,4175.0,12.0,10.0,0.4886,0.5863,0.6089,0.6691,1.875,o,,,,
134510,2002,3758.0,25.0,12.0,0.9899,1.0311,1.0398,1.062,1.1509,o,31.0,,8436.0,
134510,2003,2275.0,15.0,7.0,0.9758,0.9033,0.889,0.8542,0.7662,o,32.0,,8276.0,308.0
134510,2004,3212.0,15.0,10.0,0.7472,0.7104,0.703,0.6848,0.84,o,38.0,,7031.0,203.0
134510,2005,2213.0,16.0,4.0,0.9761,1.0158,1.0242,1.0456,1.1475,o,29.0,,6825.0,275.0
134510,2006,3451.0,17.0,3.0,0.6433,0.6675,0.6726,0.6855,1.1356,o,37.0,4.0,6871.0,211.0
134510,2007,3174.0,16.0,3.0,0.6616,0.6706,0.6725,0.6772,1.0476,o,30.0,3.0,6352.0,231.0
134510,2008,3640.0,15.0,3.0,0.544,0.5371,0.5357,0.5322,0.9571,o,24.0,5.0,6483.0,185.0
134510,2009,3000.0,14.0,2.0,0.6,0.5636,0.5564,0.5387,0.806,o,28.0,15.0,6403.0,222.0
134510,2010,2910.0,15.0,7.0,0.7629,0.7119,0.7018,0.6772,0.7879,o,22.0,10.0,7062.0,271.0
134510,2011,3214.0,10.0,5.0,0.4667,0.4287,0.4213,0.4032,0.7463,o,12.0,5.0,7119.0,312.0
134510,2012,2232.0,25.0,23.0,1.9624,1.716,1.669,1.5571,0.6296,o,18.0,3.0,7119.0,427.0
134510,2013,3854.0,22.0,11.0,0.8563,0.73,0.7063,0.6504,0.5769,o,34.0,17.0,7326.0,226.0
134510,2015,4303.0,29.0,11.0,0.9621,1.255,1.3259,1.5212,2.5,o,39.0,12.0,7728.0,252.0
134510,2016,3894.0,19.0,9.0,0.7242,0.9959,1.0638,1.2543,3.0,o,49.0,4.0,8193.0,299.0
134510,2017,4558.0,17.0,8.0,0.5529,0.644,0.6647,0.7192,1.6923,o,55.0,,8057.0,250.0
134510,2018,4954.0,26.0,11.0,0.763,0.809,0.8188,0.844,1.2235,o,51.0,3.0,8219.0,243.0
134510,2019,3897.0,27.0,9.0,0.97,1.0171,1.0271,1.0527,1.1778,o,31.0,,8047.0,337.0
134510,2020,3194.0,35.0,7.0,1.4465,1.4171,1.4111,1.3963,0.9318,o,25.0,,8341.0,355.0
134510,2021,3709.0,19.0,3.0,0.6633,0.5543,0.5341,0.4867,0.5385,o,35.0,5.0,8227.0,247.0
134510,2022,3921.0,25.0,5.0,0.8416,0.7136,0.6896,0.6332,0.566,o,38.0,4.0,8445.0,233.0
134510,2023,3528.0,22.0,5.0,0.8333,0.8057,0.8001,0.7863,0.8902,o,28.0,7.0,8240.0,243.0
134510,2024,3627.0,22.0,2.0,0.761,0.7981,0.806,0.8261,1.1786,o,23.0,3.0,9068.0,615.0
134608,1998,170554.0,0.0,975.0,0.343,0.3415,0.3378,0.3362,0.9407,o,,,,
134608,1999,173982.0,0.0,928.0,0.32,0.3235,0.3325,0.3365,1.1646,o,,,,
134608,2000,176580.0,0.0,960.0,0.3262,0.3299,0.3397,0.3441,1.1756,o,,,,
134608,2001,190430.0,0.0,1027.0,0.3236,0.3359,0.3699,0.3861,1.7081,o,,,,
134608,2002,243257.0,0.0,941.0,0.2321,0.2357,0.2452,0.2496,1.2461,o,1459.0,,2598.0,
134608,2003,251781.0,0.0,1023.0,0.2438,0.2499,0.2662,0.2738,1.422,o,1616.0,,2626.0,46.0
134608,2004,270000.0,0.0,1151.0,0.2558,0.2605,0.2731,0.2789,1.2996,o,1700.0,,2736.0,54.0
134608,2005,268890.0,0.0,1145.0,0.2555,0.2573,0.262,0.2641,1.1057,o,1610.0,,2801.0,62.0
134608,2006,255450.0,0.0,1340.0,0.3147,0.3141,0.3124,0.3117,0.971,o,1773.0,,2590.0,72.0
134608,2007,295290.0,0.0,1364.0,0.2772,0.2785,0.282,0.2835,1.0713,o,1996.0,392.0,2656.0,67.0
134608,2008,321300.0,0.0,1512.0,0.2824,0.2856,0.2943,0.2982,1.18,o,2071.0,448.0,2570.0,65.0
134608,2009,342300.0,34.0,1731.0,0.3153,0.3174,0.3229,0.3253,1.099,o,2601.0,436.0,2853.0,65.0
134608,2010,322395.0,137.0,1886.0,0.402,0.409,0.4275,0.436,1.2791,o,2770.0,510.0,3211.0,73.0
134608,2011,339623.0,242.0,2132.0,0.4622,0.4677,0.4823,0.4889,1.1858,o,2776.0,493.0,3423.0,64.0
134608,2012,342199.0,306.0,2691.0,0.5791,0.5805,0.584,0.5855,1.0337,o,2567.0,449.0,3584.0,64.0
134608,2013,340601.0,429.0,2682.0,0.6236,0.6202,0.6117,0.6079,0.9257,o,2564.0,453.0,3695.0,64.0
134608,2014,331239.0,501.0,2464.0,0.6278,0.626,0.6214,0.6194,0.9598,o,2693.0,495.0,3639.0,62.0
134608,2015,339036.0,545.0,2330.0,0.6052,0.6073,0.6126,0.615,1.0497,o,2459.0,525.0,3608.0,62.0
134608,2016,350988.0,706.0,2839.0,0.7267,0.7233,0.7147,0.7109,0.9355,o,2490.0,522.0,3583.0,64.0
134608,2017,358271.0,744.0,2756.0,0.7107,0.7091,0.7047,0.7028,0.9666,o,2435.0,526.0,3524.0,61.0
134608,2018,347570.0,771.0,2954.0,0.7761,0.7753,0.773,0.772,0.984,o,2102.0,838.0,3445.0,63.0
134608,2019,332804.0,755.0,2728.0,0.7641,0.7556,0.7344,0.7252,0.8536,o,2577.0,364.0,3373.0,65.0
134608,2020,320767.0,814.0,2576.0,0.7864,0.7934,0.8118,0.8202,1.136,o,1836.0,153.0,3322.0,64.0
134608,2021,297659.0,815.0,2353.0,0.8029,0.7894,0.7557,0.7412,0.7848,o,2090.0,548.0,3226.0,65.0
134608,2022,273837.0,712.0,2279.0,0.8114,0.8083,0.8004,0.797,0.9472,o,3159.0,430.0,3032.0,72.0
134608,2023,286001.0,640.0,1991.0,0.6862,0.7095,0.7729,0.8029,1.6093,o,3158.0,451.0,2861.0,68.0
134608,2024,299429.0,684.0,2202.0,0.7154,0.7247,0.7492,0.7604,1.2033,o,3229.0,462.0,2764.0,66.0
134680,1998,15528.0,27.0,22.0,0.2937,0.2937,0.2937,0.2937,,-,,,,
134680,1999,22056.0,40.0,56.0,0.37,0.37,0.37,0.37,,-,,,,
134680,2002,53719.0,54.0,287.0,0.4412,0.4412,0.4412,0.4412,,-,229.0,,23697.0,
134680,2004,64965.0,154.0,450.0,0.7001,0.7001,0.7001,0.7001,,-,441.0,,25074.0,627.0
134680,2005,79321.0,222.0,388.0,0.6293,0.6293,0.6293,0.6293,,-,607.0,,26751.0,586.0
134680,2006,81131.0,282.0,391.0,0.7063,0.7063,0.7063,0.7063,,-,490.0,,27765.0,700.0
134680,2007,69786.0,247.0,252.0,0.6414,0.6414,0.6414,0.6414,,-,508.0,349.0,27948.0,777.0
134680,2008,73954.0,248.0,211.0,0.5736,0.5736,0.5736,0.5736,,-,545.0,373.0,27481.0,696.0
134680,2009,59934.0,271.0,158.0,0.7008,0.7008,0.7008,0.7008,,-,227.0,66.0,27452.0,685.0
134680,2010,42597.0,214.0,131.0,0.7874,0.7874,0.7874,0.7874,,-,203.0,64.0,27275.0,936.0
134680,2011,49507.0,271.0,112.0,0.7926,0.7926,0.7926,0.7926,,-,91.0,44.0,26634.0,683.0
134680,2012,25753.0,164.0,72.0,0.9319,0.9319,0.9319,0.9319,,-,53.0,40.0,25961.0,1025.0
134680,2013,22565.0,207.0,74.0,1.2976,1.2976,1.2976,1.2976,,-,45.0,23.0,20167.0,816.0
134680,2014,14493.0,156.0,49.0,1.4945,1.4945,1.4945,1.4945,,-,42.0,54.0,20539.0,888.0
134811,1998,22980.0,0.0,251.0,0.6554,0.6554,0.6554,0.6554,,-,,,,
134811,1999,27150.0,20.0,324.0,0.8044,0.8044,0.8044,0.8044,,-,,,,
134811,2001,45495.0,38.0,48.0,0.1635,0.1635,0.1635,0.1635,,-,,,,
134811,2002,41625.0,150.0,83.0,0.5521,0.5521,0.5521,0.5521,,-,296.0,,,
134811,2004,44047.0,167.0,149.0,0.6579,0.6579,0.6579,0.6579,,-,233.0,,31986.0,690.0
134811,2005,48343.0,110.0,147.0,0.4555,0.4555,0.4555,0.4555,,-,214.0,,38508.0,827.0
134811,2006,67073.0,144.0,119.0,0.3641,0.3641,0.3641,0.3641,,-,333.0,,38391.0,858.0
134811,2007,76321.0,231.0,96.0,0.4387,0.4387,0.4387,0.4387,,-,696.0,,38232.0,841.0
134811,2008,93237.0,263.0,89.0,0.3958,0.3958,0.3958,0.3958,,-,862.0,393.0,41020.0,643.0
134811,2009,111580.0,350.0,138.0,0.4506,0.4506,0.4506,0.4506,,-,791.0,440.0,41990.0,796.0
134811,2010,123902.0,431.0,143.0,0.4867,0.4867,0.4867,0.4867,,-,695.0,435.0,43671.0,847.0
134811,2011,125761.0,538.0,165.0,0.5921,0.5921,0.5921,0.5921,,-,746.0,529.0,24714.0,852.0
134811,2012,120620.0,476.0,202.0,0.574,0.574,0.574,0.574,,-,493.0,452.0,24088.0,832.0
134811,2013,105054.0,538.0,215.0,0.7373,0.7373,0.7373,0.7373,,-,494.0,429.0,23680.0,802.0
134811,2014,97937.0,536.0,189.0,0.7725,0.7725,0.7725,0.7725,,-,358.0,403.0,23309.0,672.0
134811,2015,87379.0,484.0,166.0,0.7787,0.7787,0.7787,0.7787,,-,358.0,246.0,23112.0,633.0
134811,2016,75577.0,443.0,137.0,0.8122,0.8122,0.8122,0.8122,,-,207.0,187.0,22947.0,574.0
134811,2017,56910.0,432.0,106.0,1.0227,1.0227,1.0227,1.0227,,-,144.0,161.0,22564.0,580.0
134811,2018,41982.0,340.0,82.0,1.089,1.089,1.089,1.089,,-,195.0,218.0,22057.0,418.0
134811,2019,37533.0,258.0,50.0,0.9048,0.9048,0.9048,0.9048,,-,129.0,57.0,21480.0,757.0
134811,2020,31149.0,217.0,44.0,0.9207,0.9207,0.9207,0.9207,,-,110.0,46.0,23262.0,728.0
134811,2021,23525.0,177.0,25.0,0.9666,0.9666,0.9666,0.9666,,-,72.0,356.0,22591.0,861.0
134811,2022,26820.0,116.0,16.0,0.5548,0.5548,0.5548,0.5548,,-,105.0,156.0,21232.0,652.0
134875,1998,11765.0,0.0,24.0,0.1224,0.1224,0.1224,0.1224,,-,,,,
134875,1999,20163.0,0.0,118.0,0.3511,0.3511,0.3511,0.3511,,-,,,,
134875,2000,10647.0,0.0,73.0,0.4114,0.4114,0.4114,0.4114,,-,,,,
134875,2007,35490.0,0.0,150.0,0.2536,0.2536,0.2536,0.2536,,-,667.0,,48395.0,401.0
134875,2008,38645.0,0.0,251.0,0.3897,0.3897,0.3897,0.3897,,-,602.0,532.0,46826.0,520.0
134875,2009,38645.0,0.0,221.0,0.3431,0.3431,0.3431,0.3431,,-,721.0,423.0,46042.0,749.0
134875,2011,43443.0,0.0,297.0,0.4102,0.4102,0.4102,0.4102,,-,251.0,,,726.0
134909,1998,21230.0,72.0,192.0,0.9496,0.9496,0.9496,0.9496,,-,,,,
134909,1999,21857.0,58.0,195.0,0.8537,0.8537,0.8537,0.8537,,-,,,,
134909,2000,25517.0,68.0,224.0,0.8465,0.8465,0.8465,0.8465,,-,,,,
134909,2001,32436.0,71.0,231.0,0.69,0.69,0.69,0.69,,-,,,,
134909,2002,17440.0,54.0,225.0,1.1456,1.1456,1.1456,1.1456,,-,143.0,,20274.0,
134909,2003,16131.0,24.0,210.0,0.9597,0.9597,0.9597,0.9597,,-,125.0,,20188.0,848.0
134909,2004,17557.0,66.0,164.0,1.0116,1.0116,1.0116,1.0116,,-,111.0,,20716.0,866.0
134909,2005,16797.0,50.0,139.0,0.8537,0.8537,0.8537,0.8537,,-,159.0,,21807.0,879.0
134909,2006,17820.0,37.0,131.0,0.6902,0.6902,0.6902,0.6902,,-,98.0,28.0,22118.0,872.0
134909,2007,21888.0,27.0,108.0,0.4441,0.4441,0.4441,0.4441,,-,122.0,27.0,22504.0,730.0
134909,2008,20032.0,47.0,124.0,0.653,0.653,0.653,0.653,,-,132.0,25.0,22828.0,841.0
134909,2009,21509.0,55.0,146.0,0.7141,0.7141,0.7141,0.7141,,-,147.0,33.0,23533.0,838.0
134909,2010,25053.0,54.0,159.0,0.6394,0.6394,0.6394,0.6394,,-,104.0,39.0,24513.0,841.0
134909,2011,25630.0,68.0,185.0,0.7515,0.7515,0.7515,0.7515,,-,42.0,23.0,25194.0,923.0
134909,2012,21419.0,84.0,227.0,1.1065,1.1065,1.1065,1.1065,,-,39.0,18.0,24556.0,1002.0
134909,2013,16208.0,42.0,209.0,1.0846,1.0846,1.0846,1.0846,,-,60.0,5.0,24126.0,1094.0
134909,2014,14044.0,38.0,120.0,0.8374,0.8374,0.8374,0.8374,,-,79.0,8.0,23762.0,808.0
134909,2015,14964.0,21.0,115.0,0.6295,0.6295,0.6295,0.6295,,-,83.0,9.0,23561.0,695.0
134945,1998,51277.0,431.0,0.0,1.0086,0.9989,0.9969,0.992,0.9672,o,,,,
134945,1999,49172.0,406.0,0.0,0.9908,0.9345,0.9233,0.8958,0.8173,o,,,,
134945,2000,52592.0,393.0,0.0,0.8967,0.8597,0.8522,0.8338,0.8646,o,,,,
134945,2001,53163.0,378.0,0.0,0.8532,0.8717,0.8756,0.8853,1.0767,o,,,,
134945,2002,64483.0,402.0,0.0,0.7481,0.824,0.8407,0.8837,1.3955,o,399.0,,27698.0,
134945,2003,69042.0,401.0,0.0,0.697,0.76,0.7738,0.8092,1.3481,o,451.0,,28108.0,523.0
134945,2004,68939.0,523.0,0.0,0.9104,0.9514,0.9602,0.9823,1.1644,o,466.0,,29353.0,551.0
134945,2005,64819.0,660.0,0.0,1.2219,1.2415,1.2456,1.2559,1.0565,o,553.0,,30308.0,592.0
134945,2007,107044.0,516.0,0.0,0.5785,0.6152,0.6231,0.6432,1.2365,o,589.0,487.0,32062.0,354.0
134945,2008,83353.0,618.0,0.0,0.8897,0.9347,0.9443,0.9687,1.1854,o,544.0,619.0,32925.0,490.0
134945,2009,75683.0,694.0,0.0,1.1004,1.1347,1.142,1.1603,1.1119,o,669.0,535.0,34388.0,593.0
134945,2010,83450.0,781.0,0.0,1.1231,1.1707,1.1809,1.2065,1.1541,o,634.0,566.0,36166.0,562.0
134945,2011,84038.0,748.0,0.0,1.0681,1.1257,1.138,1.1694,1.1987,o,529.0,508.0,37132.0,477.0
134945,2012,83637.0,857.0,0.0,1.2296,1.239,1.2409,1.2458,1.0265,o,504.0,580.0,37961.0,560.0
134945,2013,86187.0,937.0,0.0,1.3046,1.2452,1.2333,1.2039,0.8516,o,539.0,607.0,38901.0,537.0
134945,2014,93677.0,970.0,0.0,1.2426,1.1649,1.1494,1.1117,0.8005,o,398.0,525.0,39366.0,478.0
134945,2015,86371.0,917.0,0.0,1.274,1.1967,1.1812,1.1436,0.8057,o,493.0,50.0,40953.0,581.0
134945,2016,83893.0,862.0,0.0,1.233,1.1812,1.1708,1.1451,0.8625,o,551.0,43.0,42290.0,631.0
134945,2017,81105.0,894.0,0.0,1.3227,1.3231,1.3232,1.3234,1.001,o,576.0,361.0,43254.0,654.0
134945,2018,80654.0,706.0,0.0,1.0504,1.1082,1.1205,1.152,1.2028,o,624.0,349.0,43944.0,635.0
134945,2019,85201.0,724.0,0.0,1.0197,1.1117,1.1317,1.1834,1.3468,o,657.0,341.0,44745.0,593.0
134945,2020,88258.0,747.0,0.0,1.0157,1.0777,1.091,1.1251,1.227,o,686.0,242.0,45842.0,594.0
134945,2021,92084.0,690.0,0.0,0.8992,0.9461,0.9561,0.9816,1.1917,o,635.0,254.0,46573.0,603.0
134945,2022,84188.0,711.0,0.0,1.0134,1.0421,1.0481,1.0633,1.1008,o,705.0,192.0,46514.0,587.0
134945,2023,89313.0,603.0,0.0,0.8102,0.8208,0.8231,0.8286,1.0461,o,755.0,207.0,45205.0,582.0
134945,2024,100693.0,647.0,0.0,0.7711,0.79,0.7939,0.8039,1.0871,o,883.0,254.0,46180.0,506.0
135063,1998,18074.0,62.0,71.0,0.6473,0.6942,0.7044,0.7303,1.2727,o,,,,
135063,1999,16654.0,59.0,51.0,0.6089,0.5801,0.5743,0.5601,0.8463,o,,,,
135063,2000,14769.0,59.0,41.0,0.6459,0.5995,0.5903,0.5679,0.7731,o,,,,
135063,2001,14433.0,50.0,36.0,0.5654,0.5352,0.5291,0.5143,0.8276,o,,,,
135063,2002,14595.0,62.0,40.0,0.6742,0.6214,0.6111,0.5858,0.755,o,51.0,,8471.0,
135063,2004,16887.0,106.0,53.0,0.9416,0.6625,0.6161,0.5137,0.2976,o,59.0,,9104.0,290.0
135063,2005,16605.0,87.0,36.0,0.7588,0.5868,0.5564,0.4872,0.4122,o,18.0,,9802.0,287.0
135063,2006,16326.0,99.0,28.0,0.8306,0.6694,0.6402,0.5726,0.4753,o,19.0,39.0,10424.0,283.0
135063,2007,14082.0,91.0,19.0,0.8564,0.6419,0.6047,0.5209,0.37,o,56.0,104.0,10118.0,321.0
135063,2008,14136.0,95.0,26.0,0.9168,0.8248,0.807,0.764,0.6944,o,39.0,37.0,9790.0,294.0
135063,2009,15861.0,72.0,13.0,0.5939,0.6312,0.6392,0.6597,1.2338,o,39.0,56.0,9626.0,252.0
135063,2010,19236.0,70.0,19.0,0.4959,0.6157,0.6439,0.7201,2.1081,o,27.0,64.0,9563.0,146.0
135063,2011,18564.0,100.0,25.0,0.7272,0.7007,0.6954,0.6822,0.88,o,18.0,39.0,10344.0,160.0
135063,2012,13137.0,50.0,68.0,0.7673,0.6178,0.5907,0.5281,0.4737,o,12.0,42.0,10082.0,187.0
135063,2013,10348.0,58.0,67.0,1.0611,0.8043,0.7595,0.6581,0.3846,o,15.0,36.0,9906.0,165.0
135063,2014,9923.0,28.0,36.0,0.5563,0.4293,0.4068,0.3558,0.4091,o,13.0,54.0,9756.0,141.0
135063,2015,9804.0,29.0,35.0,0.5692,0.496,0.4821,0.449,0.6222,o,11.0,55.0,9987.0,125.0
135063,2016,5228.0,20.0,42.0,0.9411,0.8821,0.8704,0.8417,0.8,o,,18.0,9918.0,185.0
135081,1998,72000.0,0.0,851.0,0.7092,0.7968,0.8162,0.8669,1.4944,o,,,,
135081,1999,81284.0,0.0,1093.0,0.8068,0.9618,0.9975,1.0924,1.8333,o,,,,
135081,2002,171936.0,0.0,1196.0,0.4174,0.3413,0.3274,0.2951,0.4999,o,1402.0,,23333.0,
135081,2003,114097.0,0.0,2449.0,1.2879,1.0043,0.954,0.8389,0.4243,o,1174.0,,22890.0,911.0
135081,2004,241036.0,0.0,1741.0,0.4334,0.3793,0.369,0.3444,0.6314,o,2658.0,,18109.0,415.0
135081,2005,273025.0,19.0,2010.0,0.4501,0.5404,0.5612,0.6168,1.8784,o,2556.0,,18362.0,447.0
135081,2006,275777.0,76.0,2260.0,0.5248,0.6551,0.6859,0.7693,2.1492,o,2895.0,,18435.0,590.0
135081,2007,337370.0,150.0,2502.0,0.4983,0.6193,0.6478,0.7249,2.1161,o,3061.0,398.0,18814.0,537.0
135081,2008,363152.0,195.0,2608.0,0.4953,0.5629,0.578,0.6175,1.5543,o,3074.0,383.0,19398.0,570.0
135081,2009,406125.0,388.0,2652.0,0.5064,0.5309,0.5361,0.5494,1.1766,o,4086.0,298.0,21973.0,601.0
135081,2010,496551.0,381.0,3162.0,0.4742,0.5132,0.5216,0.5434,1.3135,o,3806.0,349.0,20265.0,616.0
135081,2011,569199.0,546.0,3635.0,0.4983,0.5407,0.5499,0.5736,1.325,o,3832.0,300.0,19789.0,677.0
135081,2012,582582.0,639.0,4021.0,0.5457,0.5815,0.5892,0.6089,1.245,o,3658.0,260.0,20496.0,656.0
135081,2013,525205.0,636.0,3842.0,0.5842,0.5919,0.5935,0.5975,1.0461,o,2289.0,224.0,20940.0,784.0
135081,2014,624170.0,851.0,3557.0,0.5055,0.4657,0.4579,0.4388,0.7535,o,2796.0,,21439.0,620.0
135081,2015,614007.0,1055.0,3593.0,0.5573,0.4953,0.4833,0.4547,0.6657,o,5998.0,597.0,22109.0,610.0
135081,2016,607862.0,1267.0,3370.0,0.5828,0.6105,0.6164,0.6315,1.1741,o,6901.0,673.0,22900.0,696.0
135081,2017,793224.0,1233.0,3076.0,0.4192,0.5247,0.5497,0.6174,2.169,o,6320.0,600.0,23415.0,555.0
135081,2018,794246.0,1464.0,3470.0,0.4833,0.6377,0.6753,0.7793,2.6,o,4887.0,903.0,23958.0,564.0
135081,2019,810065.0,1478.0,3460.0,0.4752,0.5098,0.5173,0.5365,1.2744,o,2026.0,266.0,24658.0,555.0
135081,2020,802020.0,1503.0,3263.0,0.469,0.3914,0.377,0.3433,0.5359,o,2304.0,290.0,25250.0,578.0
135081,2021,784419.0,1827.0,3334.0,0.5345,0.3867,0.3616,0.3059,0.3275,o,2129.0,257.0,24521.0,599.0
135081,2022,908597.0,1823.0,3134.0,0.4477,0.3421,0.3236,0.2816,0.3956,o,1813.0,204.0,24135.0,506.0
135081,2023,852687.0,1726.0,3238.0,0.4707,0.4,0.3867,0.3555,0.5702,o,1958.0,237.0,24065.0,501.0
135081,2024,829068.0,1819.0,3100.0,0.4876,0.4685,0.4646,0.4551,0.8709,o,1875.0,287.0,24136.0,490.0
135124,2006,14719.0,0.0,0.0,0.0,0.0,0.0,0.0,,-,96.0,,,181.0
135124,2007,21767.0,0.0,129.0,0.3556,0.3556,0.3556,0.3556,,-,191.0,15.0,,157.0
135124,2008,34023.0,0.0,169.0,0.298,0.298,0.298,0.298,,-,245.0,67.0,,197.0
135124,2009,44340.0,0.0,302.0,0.4087,0.4087,0.4087,0.4087,,-,269.0,75.0,,240.0
135124,2010,47340.0,0.0,384.0,0.4867,0.4867,0.4867,0.4867,,-,309.0,31.0,,380.0
135124,2011,38057.0,0.0,463.0,0.73,0.73,0.73,0.73,,-,174.0,42.0,,345.0
135124,2012,30631.0,0.0,359.0,0.7032,0.7032,0.7032,0.7032,,-,144.0,21.0,,349.0
135124,2013,24019.0,0.0,298.0,0.7444,0.7444,0.7444,0.7444,,-,178.0,15.0,,325.0
135124,2014,24125.0,0.0,206.0,0.5123,0.5123,0.5123,0.5123,,-,151.0,30.0,,303.0
135124,2015,26768.0,0.0,224.0,0.5021,0.5021,0.5021,0.5021,,-,148.0,,,278.0
135124,2016,29350.0,0.0,247.0,0.5049,0.5049,0.5049,0.5049,,-,,,,
135160,1998,72420.0,0.0,306.0,0.2535,0.2541,0.2557,0.2564,1.0347,o,,,,
135160,1999,54211.0,0.0,299.0,0.3309,0.3286,0.3227,0.3201,0.9043,o,,,,
135160,2000,36278.0,0.0,308.0,0.5094,0.5005,0.4784,0.4689,0.778,o,,,,
135160,2001,40935.0,0.0,284.0,0.4163,0.4192,0.4269,0.4304,1.1065,o,,,,
135160,2002,60361.0,0.0,242.0,0.2406,0.2419,0.2453,0.2468,1.0812,o,615.0,,2517.0,
135160,2003,65027.0,0.0,292.0,0.2694,0.2722,0.2796,0.2829,1.1593,o,617.0,,2632.0,78.0
135160,2004,67620.0,0.0,281.0,0.2493,0.2507,0.2543,0.2559,1.0815,o,617.0,,2829.0,82.0
135160,2005,69720.0,0.0,297.0,0.2556,0.2556,0.2557,0.2557,1.0016,o,512.0,,2881.0,88.0
135160,2006,66240.0,0.0,323.0,0.2926,0.2888,0.2792,0.2751,0.8298,o,489.0,,2940.0,91.0
135160,2007,64890.0,0.0,316.0,0.2922,0.2893,0.2819,0.2787,0.8663,o,572.0,83.0,4505.0,92.0
135160,2008,66480.0,0.0,323.0,0.2915,0.2943,0.3014,0.3046,1.1429,o,510.0,76.0,2906.0,79.0
135160,2009,61080.0,0.0,370.0,0.3635,0.3625,0.3599,0.3588,0.9614,o,688.0,138.0,3219.0,76.0
135160,2010,70050.0,0.0,324.0,0.2775,0.2822,0.2947,0.3004,1.2717,o,525.0,138.0,3499.0,63.0
135160,2011,69300.0,0.0,378.0,0.3273,0.3243,0.3167,0.3133,0.8765,o,561.0,138.0,3673.0,69.0
135160,2012,69840.0,0.0,436.0,0.3746,0.3725,0.3673,0.3651,0.925,o,467.0,147.0,3977.0,66.0
135160,2013,65370.0,0.0,420.0,0.3855,0.3815,0.3712,0.3668,0.86,o,583.0,161.0,4104.0,59.0
135160,2014,62580.0,8.0,387.0,0.3864,0.3898,0.3987,0.4028,1.1342,o,566.0,119.0,4081.0,62.0
135160,2015,58650.0,11.0,444.0,0.4767,0.4792,0.4858,0.4887,1.0781,o,477.0,140.0,4047.0,65.0
135160,2016,59580.0,14.0,429.0,0.4602,0.4543,0.4393,0.4328,0.8303,o,562.0,145.0,4019.0,62.0
135160,2017,65490.0,23.0,510.0,0.5094,0.5121,0.519,0.5221,1.0777,o,561.0,149.0,3952.0,61.0
135160,2018,70290.0,32.0,546.0,0.5207,0.5235,0.5308,0.5341,1.0799,o,612.0,176.0,3863.0,64.0
135160,2019,72660.0,48.0,586.0,0.5632,0.5666,0.5754,0.5794,1.0899,o,612.0,204.0,3783.0,60.0
135160,2020,72120.0,66.0,549.0,0.5666,0.5682,0.5726,0.5746,1.0435,o,507.0,126.0,3726.0,43.0
135160,2021,65760.0,61.0,504.0,0.5712,0.5637,0.5449,0.5368,0.8284,o,493.0,131.0,3618.0,42.0
135160,2022,60090.0,62.0,469.0,0.5921,0.5869,0.5737,0.5679,0.8811,o,528.0,125.0,3401.0,64.0
135160,2023,59490.0,51.0,439.0,0.5456,0.5477,0.5531,0.5555,1.056,o,629.0,167.0,3209.0,63.0
135160,2024,61170.0,62.0,372.0,0.4865,0.4937,0.5126,0.5212,1.2321,o,632.0,152.0,3100.0,48.0
135188,1998,48450.0,0.0,293.0,0.3628,0.3661,0.3747,0.3786,1.1374,o,,,,
135188,2000,43209.0,0.0,254.0,0.3527,0.3596,0.378,0.3865,1.3192,o,,,,
135188,2001,51044.0,0.0,308.0,0.362,0.3701,0.3917,0.4017,1.3703,o,,,,
135188,2002,53515.0,0.0,259.0,0.2904,0.3039,0.3417,0.36,1.9179,o,454.0,,2666.0,
135188,2003,60146.0,0.0,446.0,0.4449,0.4279,0.387,0.3701,0.5725,o,592.0,,2743.0,79.0
135188,2004,63112.0,0.0,360.0,0.3422,0.3373,0.3248,0.3195,0.8115,o,781.0,,2871.0,84.0
135188,2005,68410.0,0.0,431.0,0.378,0.3888,0.4179,0.4315,1.4933,o,739.0,,2873.0,89.0
135188,2006,67088.0,0.0,405.0,0.3622,0.3641,0.3689,0.3711,1.0765,o,677.0,,3010.0,90.0
135188,2007,69691.0,0.0,489.0,0.421,0.4176,0.409,0.4052,0.8908,o,1020.0,160.0,3037.0,73.0
135188,2008,75426.0,0.0,473.0,0.3763,0.386,0.4122,0.4244,1.4407,o,855.0,249.0,2982.0,74.0
135188,2009,82170.0,0.0,532.0,0.3885,0.3887,0.3892,0.3894,1.0077,o,981.0,252.0,3347.0,79.0
135188,2010,94004.0,0.0,617.0,0.3938,0.3951,0.3983,0.3998,1.0464,o,1019.0,2.0,3654.0,81.0
135188,2011,97947.0,0.0,590.0,0.3614,0.3641,0.371,0.3741,1.11,o,928.0,171.0,3853.0,71.0
135188,2012,97748.0,0.0,732.0,0.4493,0.447,0.441,0.4384,0.928,o,886.0,156.0,4078.0,81.0
135188,2013,89490.0,0.0,747.0,0.5008,0.4975,0.4892,0.4855,0.9101,o,895.0,136.0,4200.0,76.0
135188,2014,83544.0,0.0,675.0,0.4848,0.4843,0.4832,0.4826,0.9868,o,859.0,162.0,4176.0,85.0
135188,2015,83745.0,12.0,653.0,0.485,0.4838,0.4807,0.4793,0.9646,o,999.0,156.0,4141.0,86.0
135188,2016,86871.0,32.0,769.0,0.5753,0.5806,0.5944,0.6006,1.1391,o,963.0,136.0,4112.0,79.0
135188,2017,89569.0,31.0,682.0,0.4984,0.4996,0.5029,0.5043,1.0366,o,1024.0,304.0,4044.0,89.0
135188,2018,93803.0,32.0,758.0,0.5258,0.5274,0.5315,0.5333,1.0438,o,1014.0,218.0,3953.0,89.0
135188,2019,97946.0,27.0,910.0,0.5905,0.5914,0.5936,0.5945,1.0206,o,1002.0,235.0,3870.0,85.0
135188,2020,100010.0,49.0,896.0,0.5963,0.5956,0.5938,0.593,0.9833,o,896.0,194.0,3885.0,80.0
135188,2021,96153.0,74.0,917.0,0.6646,0.6591,0.6453,0.6392,0.8889,o,786.0,149.0,3843.0,78.0
135188,2022,85623.0,70.0,691.0,0.5823,0.5747,0.5555,0.5472,0.8282,o,867.0,187.0,3611.0,80.0
135188,2023,93032.0,81.0,747.0,0.5862,0.5875,0.5907,0.5922,1.0309,o,979.0,252.0,3408.0,77.0
135188,2024,102975.0,70.0,863.0,0.5844,0.5914,0.6097,0.618,1.1845,o,1151.0,304.0,3292.0,77.0
135391,1998,124565.0,0.0,865.0,0.4166,0.4156,0.4129,0.4117,0.9643,o,,,,
135391,1999,129687.0,0.0,953.0,0.4409,0.4427,0.4473,0.4494,1.0593,o,,,,
135391,2000,131078.0,0.0,885.0,0.4051,0.4057,0.4072,0.4079,1.0211,o,,,,
135391,2001,153059.0,0.0,940.0,0.3685,0.3739,0.3883,0.3948,1.2328,o,,,,
135391,2002,165941.0,0.0,863.0,0.312,0.3253,0.3622,0.3799,1.8149,o,1640.0,,2730.0,
135391,2003,179404.0,0.0,1028.0,0.3438,0.3429,0.3405,0.3394,0.9619,o,1650.0,,2756.0,65.0
135391,2004,189732.0,0.0,1084.0,0.3428,0.3397,0.3318,0.3284,0.8781,o,1637.0,,2887.0,72.0
135391,2005,195364.0,0.0,997.0,0.3062,0.3061,0.3058,0.3057,0.9951,o,1584.0,,2950.0,72.0
135391,2006,196342.0,0.0,1239.0,0.3786,0.3776,0.3752,0.374,0.9638,o,1972.0,,3090.0,78.0
135391,2007,203258.0,0.0,1160.0,0.3424,0.3473,0.3602,0.3661,1.2245,o,2013.0,681.0,3162.0,86.0
135391,2008,224247.0,0.0,1304.0,0.3489,0.3519,0.3599,0.3635,1.1322,o,2224.0,689.0,3060.0,85.0
135391,2009,249355.0,0.0,1344.0,0.3234,0.3259,0.3324,0.3353,1.1162,o,2297.0,679.0,3377.0,76.0
135391,2010,283356.0,0.0,1459.0,0.3089,0.3107,0.3153,0.3173,1.0843,o,2068.0,683.0,3774.0,73.0
135391,2011,267255.0,33.0,1646.0,0.3844,0.382,0.3759,0.3732,0.9148,o,1976.0,544.0,3974.0,94.0
135391,2012,255298.0,44.0,1714.0,0.4235,0.4206,0.4131,0.4098,0.9054,o,1847.0,545.0,4183.0,101.0
135391,2013,240347.0,58.0,1627.0,0.4351,0.4324,0.4254,0.4223,0.9135,o,1790.0,545.0,4109.0,106.0
135391,2014,230740.0,139.0,1523.0,0.4683,0.4662,0.4607,0.4583,0.9364,o,2136.0,593.0,4047.0,104.0
135391,2015,228041.0,192.0,1427.0,0.4765,0.4819,0.4961,0.5025,1.1746,o,2006.0,608.0,4013.0,109.0
135391,2016,224240.0,236.0,1663.0,0.5713,0.5721,0.5744,0.5754,1.0219,o,1966.0,544.0,3985.0,112.0
135391,2017,213936.0,249.0,1530.0,0.5688,0.5667,0.5614,0.5591,0.9493,o,2042.0,558.0,3919.0,98.0
135391,2018,214325.0,277.0,1498.0,0.5745,0.5756,0.5785,0.5798,1.0282,o,1956.0,520.0,3831.0,91.0
135391,2019,208011.0,287.0,1465.0,0.5881,0.5871,0.5846,0.5835,0.976,o,2143.0,558.0,3751.0,92.0
135391,2020,208700.0,244.0,1520.0,0.5773,0.5801,0.5874,0.5907,1.072,o,1764.0,460.0,3695.0,98.0
135391,2021,202255.0,265.0,1815.0,0.6957,0.6884,0.6701,0.6621,0.8607,o,1647.0,424.0,3588.0,95.0
135391,2022,184045.0,279.0,1631.0,0.7136,0.7052,0.6838,0.6745,0.8431,o,1834.0,427.0,3372.0,89.0
135391,2023,180952.0,210.0,1333.0,0.5813,0.5842,0.5919,0.5954,1.0753,o,1824.0,382.0,3182.0,83.0
135391,2024,184633.0,227.0,1414.0,0.607,0.609,0.6142,0.6165,1.048,o,1838.0,397.0,3074.0,87.0
135522,1999,59070.0,0.0,0.0,0.0,0.0,0.0,0.0,,-,,,,
135610,1998,9113.0,75.0,0.0,0.9876,1.0,1.0026,1.0091,1.044,o,,,,
135610,1999,9630.0,112.0,0.0,1.3956,1.3099,1.2928,1.2511,0.8036,o,,,,
135610,2000,4560.0,103.0,0.0,2.7105,2.6559,2.6447,2.617,0.9322,o,,,,
135610,2002,4737.0,83.0,0.0,2.1026,1.8131,1.7584,1.6287,0.6,o,,,,
135610,2003,4327.0,89.0,0.0,2.4682,2.3729,2.3536,2.3061,0.873,i,,,,523.0
135610,2004,4857.0,46.0,0.0,1.1365,1.1888,1.1999,1.2281,1.1677,i,,,,454.0
135610,2005,5477.0,74.0,0.0,1.6213,1.6566,1.664,1.6827,1.0771,i,,,,486.0
135610,2006,5192.0,77.0,0.0,1.7797,1.7797,1.7797,1.7797,,n,,56.0,,519.0
135610,2007,4503.0,94.0,0.0,2.505,2.505,2.505,2.505,,n,12.0,47.0,,588.0
135610,2008,5098.0,51.0,0.0,1.2005,1.2005,1.2005,1.2005,,n,11.0,43.0,13309.0,570.0
135610,2009,5014.0,88.0,0.0,2.1061,2.1061,2.1061,2.1061,,n,10.0,51.0,13928.0,639.0
135610,2010,4848.0,92.0,0.0,2.2772,2.2772,2.2772,2.2772,,n,6.0,43.0,14827.0,585.0
135610,2011,4744.0,39.0,0.0,0.9865,0.9865,0.9865,0.9865,,n,4.0,50.0,,644.0
135610,2012,5440.0,36.0,0.0,0.7941,0.6237,0.5933,0.5236,0.4348,o,,146.0,14491.0,618.0
135610,2013,5250.0,28.0,0.0,0.64,0.494,0.4683,0.4096,0.4096,i,,13.0,14782.0,648.0
135610,2014,4936.0,47.0,0.0,1.1426,0.9939,0.9656,0.8984,0.6183,i,,,,672.0
135610,2015,4211.0,56.0,0.0,1.5958,1.6567,1.6696,1.7022,1.1378,i,7.0,13.0,,554.0
135610,2016,3280.0,44.0,0.0,1.6098,1.8181,1.8645,1.9856,1.5215,i,6.0,20.0,15492.0,693.0
135610,2017,2990.0,26.0,0.0,1.0435,1.1295,1.1482,1.1962,1.3142,i,2.0,24.0,15693.0,644.0
135610,2018,2771.0,26.0,0.0,1.1259,1.0166,0.9954,0.9441,0.7031,i,7.0,17.0,15516.0,662.0
135610,2019,2526.0,26.0,0.0,1.2352,1.1081,1.0835,1.0243,0.6878,i,20.0,24.0,16692.0,656.0
135610,2020,2346.0,23.0,0.0,1.1765,1.4542,1.5194,1.6955,2.0769,o,1.0,9.0,16731.0,576.0
135610,2021,1907.0,31.0,0.0,1.9507,2.5807,2.7346,3.1605,2.625,o,1.0,18.0,16365.0,490.0
135610,2022,1520.0,20.0,0.0,1.5789,1.0208,0.9327,0.7443,0.2222,o,2.0,11.0,15380.0,549.0
135610,2023,1477.0,15.0,0.0,1.2187,0.6444,0.5648,0.4062,0.1111,o,4.0,11.0,14658.0,499.0
135647,1998,89220.0,0.0,0.0,0.0,0.0,0.0,0.0,,-,,,,
135647,1999,46050.0,0.0,0.0,0.0,0.0,0.0,0.0,,-,,,,
135717,1998,1069872.0,0.0,5430.0,0.3045,0.3053,0.3074,0.3083,1.038,o,,,,
135717,1999,1042761.0,0.0,4754.0,0.2735,0.2723,0.2691,0.2677,0.9364,o,,,,
135717,2000,850719.0,0.0,3985.0,0.2811,0.2829,0.2876,0.2898,1.0971,o,,,,
135717,2001,1048109.0,0.0,5253.0,0.3007,0.304,0.3124,0.3163,1.1654,o,,,,
135717,2002,1211053.0,0.0,4422.0,0.2191,0.2234,0.2349,0.2402,1.3219,o,10241.0,,2666.0,
135717,2003,1314778.0,0.0,4984.0,0.2274,0.2302,0.2376,0.2409,1.1907,o,11409.0,,2690.0,72.0
135717,2004,1396566.0,0.0,5450.0,0.2341,0.2364,0.2425,0.2452,1.1499,o,10345.0,,2625.0,69.0
135717,2005,1359289.0,4.0,6649.0,0.2938,0.2929,0.2905,0.2895,0.9557,o,10409.0,,3018.0,69.0
135717,2006,1285621.0,24.0,6517.0,0.3064,0.3054,0.303,0.302,0.957,o,10067.0,,3150.0,76.0
135717,2007,1245645.0,44.0,6519.0,0.3182,0.3176,0.3158,0.3151,0.9701,o,11312.0,1230.0,2503.0,82.0
135717,2008,1329240.0,79.0,7047.0,0.3252,0.3275,0.3334,0.3361,1.1049,o,11743.0,1343.0,3026.0,79.0
135717,2009,1414490.0,150.0,7489.0,0.3304,0.3326,0.3383,0.3408,1.0986,o,11613.0,1414.0,3318.0,81.0
135717,2010,1514295.0,264.0,9090.0,0.3811,0.3813,0.3818,0.382,1.0074,o,12501.0,1344.0,3697.0,70.0
135717,2011,1630589.0,425.0,9445.0,0.3788,0.3806,0.3853,0.3874,1.0705,o,13498.0,1462.0,3974.0,60.0
135717,2012,1677925.0,667.0,11959.0,0.4753,0.4791,0.4889,0.4934,1.1195,o,12224.0,1679.0,4305.0,60.0
135717,2013,1585738.0,829.0,10425.0,0.4572,0.4552,0.4502,0.448,0.9403,o,12642.0,1613.0,4500.0,65.0
135717,2014,1544273.0,1005.0,9941.0,0.4643,0.4638,0.4623,0.4617,0.983,o,12860.0,1524.0,4511.0,66.0
135717,2015,1508894.0,1155.0,10318.0,0.5021,0.5033,0.5064,0.5078,1.0343,o,11807.0,1341.0,4551.0,69.0
135717,2016,1439563.0,1209.0,10366.0,0.5328,0.53,0.5227,0.5195,0.926,o,11610.0,255.0,3674.0,79.0
135717,2017,1330518.0,1111.0,9618.0,0.5339,0.5317,0.5259,0.5234,0.9413,o,12173.0,43.0,3613.0,75.0
135717,2018,1377073.0,1160.0,9671.0,0.5225,0.5239,0.5276,0.5292,1.0397,o,10727.0,2922.0,3537.0,71.0
135717,2019,1354723.0,1218.0,10672.0,0.5805,0.5764,0.5658,0.5611,0.9021,o,12162.0,1245.0,3463.0,74.0
135717,2020,1320078.0,1200.0,10700.0,0.5954,0.5979,0.6045,0.6074,1.0622,o,9067.0,1020.0,3411.0,66.0
135717,2021,1224493.0,1390.0,11464.0,0.698,0.6867,0.6585,0.6463,0.7923,o,9596.0,981.0,3313.0,68.0
135717,2022,1184775.0,1386.0,10398.0,0.667,0.6623,0.6504,0.6451,0.904,o,10484.0,1207.0,3113.0,63.0
135717,2023,1154548.0,1187.0,8620.0,0.5713,0.576,0.5882,0.5937,1.1235,o,8943.0,896.0,2938.0,62.0
135717,2024,1252197.0,1183.0,8203.0,0.5064,0.5023,0.492,0.4874,0.8907,o,12388.0,1331.0,2838.0,47.0
135726,1998,238201.0,1657.0,0.0,0.8348,0.86,0.8653,0.8788,1.1083,o,,,,
135726,1999,241508.0,1769.0,0.0,0.879,0.9106,0.9173,0.9342,1.1297,o,,,,
135726,2000,250446.0,1740.0,0.0,0.8337,0.8538,0.858,0.8687,1.0857,o,,,,
135726,2001,262399.0,1750.0,0.0,0.8003,0.8192,0.8232,0.8332,1.0839,o,,,,
135726,2002,277104.0,1912.0,0.0,0.828,0.8573,0.8635,0.8791,1.1273,o,2059.0,,40962.0,
135726,2003,287747.0,2053.0,0.0,0.8562,0.8896,0.8966,0.9146,1.141,o,2078.0,,42161.0,1256.0
135726,2004,294115.0,2155.0,0.0,0.8792,0.8985,0.9026,0.9127,1.0776,o,2043.0,,43582.0,1272.0
135726,2005,303153.0,2392.0,0.0,0.9468,0.9453,0.945,0.9442,0.9944,o,2277.0,,44811.0,1297.0
135726,2006,314046.0,2452.0,0.0,0.9369,0.9431,0.9444,0.9476,1.023,o,2062.0,656.0,45969.0,1324.0
135726,2007,315730.0,2460.0,0.0,0.935,0.948,0.9507,0.9575,1.0488,o,1991.0,626.0,47318.0,1345.0
135726,2008,310424.0,2445.0,0.0,0.9452,0.9406,0.9397,0.9373,0.9835,o,2010.0,637.0,48316.0,1390.0
135726,2009,308814.0,2575.0,0.0,1.0006,0.9786,0.9741,0.963,0.9262,o,2006.0,619.0,50119.0,1153.0
135726,2010,304279.0,2581.0,0.0,1.0179,0.9953,0.9907,0.9793,0.9256,o,2132.0,620.0,51731.0,1195.0
135726,2011,311094.0,2383.0,0.0,0.9192,0.9248,0.9259,0.9288,1.021,o,2172.0,608.0,52817.0,1161.0
135726,2012,316668.0,2429.0,0.0,0.9205,0.9402,0.9443,0.9547,1.0757,o,2012.0,563.0,53954.0,1259.0
135726,2013,326117.0,2451.0,0.0,0.9019,0.9127,0.9149,0.9206,1.0418,o,2151.0,599.0,55103.0,1288.0
135726,2014,324191.0,2633.0,0.0,0.9746,0.9763,0.9767,0.9776,1.006,o,2078.0,592.0,56418.0,1285.0
135726,2015,330625.0,2774.0,0.0,1.0068,1.0017,1.0006,0.998,0.9826,o,2084.0,557.0,57897.0,1296.0
135726,2016,328181.0,2601.0,0.0,0.9511,0.9496,0.9493,0.9486,0.9947,o,2066.0,578.0,59278.0,1309.0
135726,2017,321135.0,2733.0,0.0,1.0213,1.0203,1.0201,1.0197,0.9969,o,2212.0,626.0,59920.0,1270.0
135726,2018,322419.0,2661.0,0.0,0.9904,0.9937,0.9944,0.9961,1.0116,o,2367.0,609.0,60424.0,1277.0
135726,2019,331272.0,2628.0,0.0,0.952,0.9787,0.9843,0.9985,1.1002,o,2204.0,623.0,61286.0,1392.0
135726,2020,340847.0,2674.0,0.0,0.9414,0.9682,0.9738,0.988,1.1014,o,2358.0,609.0,62417.0,1369.0
135726,2021,349407.0,2816.0,0.0,0.9671,0.9853,0.9891,0.9987,1.0664,o,2766.0,638.0,62659.0,1356.0
135726,2022,370938.0,2896.0,0.0,0.9369,0.9679,0.9745,0.9911,1.119,o,2371.0,597.0,60074.0,1278.0
135726,2023,385355.0,2704.0,0.0,0.842,0.871,0.8771,0.8926,1.1238,o,2328.0,545.0,59205.0,1267.0
135726,2024,402399.0,2974.0,0.0,0.8869,0.8945,0.8961,0.9001,1.03,o,2473.0,502.0,59926.0,1261.0
135939,1998,59970.0,30.0,403.0,0.4632,0.4307,0.4242,0.4086,0.7779,o,,,,
135939,2000,74012.0,61.0,471.0,0.4807,0.3824,0.3647,0.3239,0.454,o,,,,
135939,2003,32495.0,54.0,481.0,1.0876,1.4677,1.5616,1.8235,2.8113,o,424.0,,38290.0,654.0
135939,2004,30240.0,107.0,164.0,0.75,0.6349,0.6134,0.5628,0.5631,o,631.0,,21676.0,696.0
135939,2006,18746.0,25.0,163.0,0.6817,0.6347,0.6254,0.6027,0.7816,o,110.0,,39563.0,615.0
135939,2007,15035.0,28.0,112.0,0.6704,0.6526,0.649,0.64,0.9113,o,57.0,,19472.0,542.0
135939,2008,12354.0,16.0,79.0,0.5391,0.3159,0.2828,0.2145,0.1583,o,74.0,2.0,20121.0,497.0
135939,2009,11940.0,14.0,58.0,0.4322,0.2231,0.1946,0.1382,0.1023,o,107.0,,20071.0,518.0
135939,2010,17538.0,21.0,34.0,0.26,0.1715,0.1574,0.1269,0.2382,o,70.0,3.0,19941.0,421.0
135939,2011,12060.0,11.0,24.0,0.2289,0.2327,0.2336,0.2356,1.0599,o,69.0,5.0,20583.0,435.0
135939,2012,10500.0,2.0,33.0,0.2114,0.2151,0.2159,0.2178,1.0611,o,41.0,1.0,21060.0,461.0
135939,2013,9209.0,2.0,16.0,0.1303,0.1128,0.1095,0.1016,0.6077,o,65.0,4.0,19644.0,510.0
135939,2014,8250.0,4.0,10.0,0.1309,0.1128,0.1094,0.1013,0.5989,o,47.0,1.0,21059.0,495.0
135939,2016,1560.0,8.0,10.0,1.0,1.0,1.0,1.0,,n,,,20066.0,
135957,2005,49021.0,0.0,0.0,0.0,0.0,0.0,0.0,,-,344.0,,,304.0
135957,2010,36654.0,0.0,49.0,0.0802,0.0802,0.0802,0.0802,,-,101.0,,,660.0
135957,2011,26112.0,0.0,72.0,0.1654,0.1654,0.1654,0.1654,,-,69.0,53.0,21517.0,746.0
135957,2012,23675.0,0.0,112.0,0.2838,0.2838,0.2838,0.2838,,-,46.0,60.0,21405.0,471.0
135957,2013,24876.0,0.0,74.0,0.1785,0.1785,0.1785,0.1785,,-,98.0,66.0,20790.0,485.0
136011,2005,42863.0,0.0,0.0,0.0,0.0,0.0,0.0,,-,376.0,,,364.0
136011,2007,10220.0,0.0,146.0,0.8571,0.8571,0.8571,0.8571,,-,135.0,,,1335.0
136011,2010,33592.0,0.0,25.0,0.0447,0.0447,0.0447,0.0447,,-,71.0,,,702.0
136011,2011,23760.0,0.0,33.0,0.0833,0.0833,0.0833,0.0833,,-,42.0,33.0,22004.0,753.0
136011,2012,19707.0,0.0,79.0,0.2405,0.2405,0.2405,0.2405,,-,54.0,30.0,21160.0,483.0
136066,1998,45510.0,0.0,608.0,0.8016,0.8016,0.8016,0.8016,,-,,,,
136066,1999,40368.0,0.0,618.0,0.9185,0.9185,0.9185,0.9185,,-,,,,
136066,2000,53640.0,0.0,576.0,0.6443,0.6443,0.6443,0.6443,,-,,,,
136066,2001,75443.0,0.0,442.0,0.3515,0.3515,0.3515,0.3515,,-,,,,
136066,2002,48810.0,0.0,0.0,0.0,0.0,0.0,0.0,,-,285.0,,23570.0,
136066,2004,89767.0,0.0,106.0,0.0708,0.0708,0.0708,0.0708,,-,331.0,,24709.0,313.0
136066,2006,63300.0,25.0,386.0,0.4133,0.4133,0.4133,0.4133,,-,347.0,,26384.0,438.0
136066,2007,57200.0,17.0,356.0,0.4091,0.4091,0.4091,0.4091,,-,899.0,,16904.0,213.0
136066,2008,72240.0,20.0,264.0,0.2525,0.2525,0.2525,0.2525,,-,1280.0,337.0,19942.0,289.0
136066,2009,93900.0,20.0,352.0,0.2505,0.2505,0.2505,0.2505,,-,1106.0,9.0,19051.0,283.0
136066,2010,117715.0,22.0,333.0,0.1922,0.1922,0.1922,0.1922,,-,423.0,10.0,25068.0,219.0
136066,2011,75283.0,31.0,398.0,0.3666,0.3666,0.3666,0.3666,,-,187.0,,24479.0,352.0
136066,2012,41727.0,13.0,496.0,0.7506,0.7506,0.7506,0.7506,,-,113.0,1.0,25258.0,545.0
136066,2013,26207.0,34.0,287.0,0.8127,0.8127,0.8127,0.8127,,-,190.0,,20212.0,664.0
136066,2014,23112.0,21.0,162.0,0.5296,0.5296,0.5296,0.5296,,-,135.0,31.0,19254.0,520.0
136066,2015,21511.0,33.0,183.0,0.6945,0.6945,0.6945,0.6945,,-,123.0,28.0,20339.0,612.0
136066,2016,17861.0,21.0,159.0,0.6752,0.6752,0.6752,0.6752,,-,25.0,11.0,20289.0,630.0
136075,1998,3780.0,0.0,0.0,0.0,0.0,0.0,0.0,,-,,,,
136075,1999,4992.0,0.0,18.0,0.2163,0.2163,0.2163,0.2163,,-,,,,
136075,2005,3653.0,0.0,46.0,0.7555,0.7555,0.7555,0.7555,,-,22.0,,16426.0,646.0
136075,2006,3485.0,0.0,23.0,0.396,0.396,0.396,0.396,,-,26.0,14.0,16804.0,668.0
136075,2007,5200.0,0.0,52.0,0.6,0.6,0.6,0.6,,-,31.0,,16424.0,874.0
136075,2008,9030.0,0.0,20.0,0.1329,0.1329,0.1329,0.1329,,-,21.0,4.0,16879.0,430.0
136075,2010,14250.0,0.0,22.0,0.0926,0.0926,0.0926,0.0926,,-,161.0,61.0,16306.0,315.0
136075,2012,19620.0,0.0,104.0,0.318,0.318,0.318,0.318,,-,29.0,13.0,23634.0,463.0
136145,1998,17906.0,0.0,123.0,0.4122,0.4064,0.3921,0.3859,0.8194,o,,,,
136145,1999,19507.0,0.0,84.0,0.2584,0.2582,0.2579,0.2578,0.9929,o,,,,
136145,2000,20128.0,0.0,98.0,0.2921,0.3002,0.3219,0.332,1.4737,o,,,,
136145,2001,20520.0,0.0,112.0,0.3275,0.3405,0.3763,0.3934,1.7433,o,,,,
136145,2002,24371.0,0.0,125.0,0.3077,0.3236,0.3684,0.3902,2.0533,o,299.0,,2141.0,
136145,2003,26828.0,0.0,127.0,0.284,0.2785,0.2647,0.2588,0.7541,o,230.0,,2671.0,42.0
136145,2004,26070.0,0.0,136.0,0.313,0.3011,0.2726,0.2608,0.575,o,235.0,,2771.0,45.0
136145,2005,28050.0,0.0,170.0,0.3636,0.3606,0.353,0.3497,0.8885,o,238.0,,2801.0,49.0
136145,2006,27780.0,0.0,143.0,0.3089,0.3094,0.3107,0.3112,1.0237,o,277.0,,2898.0,38.0
136145,2007,26610.0,0.0,142.0,0.3202,0.3237,0.3331,0.3373,1.1712,o,278.0,48.0,2813.0,48.0
136145,2008,26550.0,0.0,147.0,0.3322,0.334,0.3386,0.3407,1.0796,o,198.0,,2889.0,47.0
136145,2009,24660.0,0.0,161.0,0.3917,0.3826,0.36,0.3504,0.7135,o,229.0,40.0,3237.0,46.0
136145,2010,27630.0,0.0,171.0,0.3713,0.3703,0.3678,0.3666,0.9622,o,300.0,59.0,3525.0,38.0
136145,2011,30570.0,0.0,178.0,0.3494,0.3578,0.3804,0.3909,1.4052,o,268.0,73.0,3685.0,41.0
136145,2012,29070.0,0.0,177.0,0.3653,0.3657,0.3665,0.3669,1.0132,o,216.0,48.0,3818.0,38.0
136145,2013,27090.0,0.0,188.0,0.4164,0.4085,0.3889,0.3804,0.7606,o,239.0,52.0,4083.0,39.0
136145,2014,24120.0,0.0,164.0,0.408,0.4076,0.4067,0.4063,0.9876,o,215.0,61.0,4021.0,43.0
136145,2015,24360.0,0.0,193.0,0.4754,0.4735,0.4687,0.4666,0.9451,o,205.0,44.0,3987.0,49.0
136145,2016,24540.0,0.0,201.0,0.4914,0.4879,0.4791,0.4752,0.9031,o,275.0,58.0,3959.0,45.0
136145,2017,25170.0,0.0,222.0,0.5292,0.5393,0.5661,0.5785,1.3095,o,205.0,76.0,3893.0,43.0
136145,2018,26010.0,0.0,206.0,0.4752,0.47,0.4568,0.4511,0.8542,o,204.0,58.0,3806.0,42.0
136145,2019,25440.0,9.0,255.0,0.6439,0.6366,0.6182,0.6102,0.85,o,228.0,63.0,3727.0,42.0
136145,2020,25260.0,17.0,232.0,0.6318,0.6367,0.6492,0.6549,1.1149,o,173.0,71.0,3671.0,40.0
136145,2021,21709.0,23.0,236.0,0.7794,0.7674,0.7373,0.7243,0.8009,o,202.0,70.0,3565.0,50.0
136145,2022,22647.0,45.0,223.0,0.8292,0.8297,0.8308,0.8313,1.0075,o,208.0,54.0,3350.0,28.0
136145,2023,21718.0,23.0,229.0,0.7597,0.7653,0.7797,0.7862,1.1093,o,214.0,72.0,3161.0,33.0
136145,2024,24343.0,31.0,225.0,0.7074,0.7095,0.715,0.7175,1.0439,o,194.0,59.0,3054.0,31.0
136172,1998,231068.0,1778.0,263.0,0.9917,1.098,1.1504,1.226,1.5285,o,,,,
136172,1999,242172.0,1776.0,248.0,0.9415,1.0427,1.0926,1.1646,1.53,o,,,,
136172,2000,249474.0,1881.0,397.0,1.0003,1.1133,1.1692,1.2501,1.5619,o,,,,
136172,2001,266062.0,1803.0,506.0,0.9273,1.0231,1.0703,1.1381,1.5064,o,,,,
136172,2002,283854.0,2022.0,538.0,0.9685,1.0498,1.0893,1.1456,1.399,o,1937.0,,3698.0,
136172,2003,298186.0,2107.0,649.0,0.9785,1.0413,1.0714,1.1139,1.2958,o,1999.0,,3747.0,143.0
136172,2004,312659.0,2226.0,677.0,0.9843,1.0353,1.0595,1.0935,1.2342,o,2303.0,,3864.0,161.0
136172,2005,334179.0,2262.0,750.0,0.9469,0.9979,1.0222,1.0563,1.2444,o,2378.0,,3993.0,118.0
136172,2006,356577.0,2354.0,507.0,0.8775,0.9279,0.9519,0.9857,1.2617,o,2525.0,1598.0,4074.0,125.0
136172,2007,381000.0,2561.0,409.0,0.871,0.9182,0.9406,0.9722,1.2457,o,2283.0,1564.0,4056.0,122.0
136172,2008,385245.0,2757.0,410.0,0.9226,0.9476,0.9593,0.9754,1.1176,o,1851.0,1034.0,4087.0,125.0
136172,2009,365653.0,2892.0,476.0,1.0272,0.997,0.9835,0.9653,0.8831,o,2226.0,1860.0,4345.0,147.0
136172,2010,382433.0,2967.0,384.0,0.9912,0.9483,0.9293,0.9039,0.8315,o,1997.0,1668.0,5994.0,159.0
136172,2011,380722.0,2995.0,347.0,0.9987,0.9681,0.9543,0.936,0.8783,o,1777.0,2001.0,6853.0,172.0
136172,2012,382970.0,3113.0,380.0,1.035,1.0126,1.0025,0.9889,0.9129,o,1608.0,2135.0,7656.0,205.0
136172,2013,381353.0,3221.0,318.0,1.0636,1.0171,0.9965,0.9691,0.8303,o,1609.0,1964.0,8335.0,222.0
136172,2014,373863.0,3177.0,261.0,1.0616,0.9945,0.9652,0.9266,0.7618,o,1859.0,1824.0,8364.0,231.0
136172,2015,369071.0,3208.0,261.0,1.0855,1.0637,1.0538,1.0405,0.9189,o,1578.0,1805.0,8335.0,235.0
136172,2016,359773.0,3255.0,230.0,1.124,1.1282,1.1301,1.1326,1.0154,o,1978.0,1845.0,8289.0,243.0
136172,2017,369085.0,3206.0,234.0,1.0804,1.1067,1.119,1.1359,1.1054,o,2293.0,1847.0,8151.0,241.0
136172,2018,385173.0,3231.0,210.0,1.0393,1.0926,1.1179,1.1534,1.2315,o,2474.0,1822.0,7969.0,230.0
136172,2019,398454.0,3341.0,252.0,1.0441,1.1294,1.1708,1.2297,1.387,o,2641.0,1676.0,7802.0,204.0
136172,2020,409291.0,3419.0,241.0,1.0377,1.1324,1.1786,1.2446,1.4384,o,2741.0,1294.0,7679.0,201.0
136172,2021,402033.0,3420.0,316.0,1.068,1.1289,1.158,1.1989,1.2601,o,2578.0,1346.0,7457.0,199.0
136172,2022,391836.0,3373.0,330.0,1.0835,1.1124,1.1259,1.1445,1.1158,o,3133.0,1229.0,7009.0,191.0
136172,2023,399069.0,3091.0,233.0,0.9645,0.9903,1.0024,1.0191,1.1165,o,2816.0,1247.0,6614.0,155.0
136172,2024,399594.0,3258.0,173.0,1.0044,1.0288,1.0402,1.056,1.1054,o,1910.0,1311.0,6389.0,153.0
136206,1998,24034.0,222.0,98.0,1.3531,1.6676,1.7413,1.9401,2.0559,o,,,,
136206,1999,24139.0,183.0,124.0,1.218,1.6456,1.7513,2.0463,2.8228,o,,,,
136206,2000,23300.0,184.0,89.0,1.1768,1.3999,1.4511,1.5874,1.8194,o,,,,
136206,2001,29469.0,195.0,112.0,1.0221,1.119,1.1402,1.1949,1.3668,o,,,,
136206,2002,25343.0,204.0,93.0,1.1861,1.2072,1.2117,1.2228,1.0628,o,136.0,,21706.0,
136206,2003,26475.0,222.0,132.0,1.3054,1.1875,1.1645,1.1088,0.7216,o,156.0,,22875.0,
136206,2004,26852.0,219.0,132.0,1.2736,1.0878,1.0529,0.9704,0.5805,o,193.0,,23209.0,
136206,2005,27662.0,227.0,152.0,1.3144,1.2028,1.1809,1.1279,0.7363,o,143.0,,23386.0,
136206,2006,26503.0,242.0,139.0,1.4104,1.4604,1.4709,1.4977,1.1275,o,127.0,,23656.0,
136206,2007,26349.0,242.0,113.0,1.3595,1.3289,1.3227,1.3072,0.9247,o,142.0,160.0,23897.0,
136206,2008,24706.0,262.0,95.0,1.5033,1.394,1.3723,1.3198,0.7708,o,110.0,122.0,24445.0,
136206,2009,22693.0,220.0,67.0,1.3405,1.2332,1.2121,1.1609,0.75,o,98.0,154.0,25242.0,
136206,2010,21124.0,269.0,78.0,1.7497,1.6222,1.597,1.5357,0.7704,o,105.0,180.0,26314.0,
136206,2011,18754.0,199.0,46.0,1.4205,1.3091,1.2872,1.234,0.7546,o,95.0,147.0,26904.0,
136206,2012,18102.0,204.0,11.0,1.3888,1.2988,1.2809,1.2372,0.7937,o,106.0,137.0,27403.0,
136206,2013,16895.0,181.0,3.0,1.2962,1.2834,1.2808,1.2742,0.9663,o,124.0,126.0,28067.0,
136206,2014,15122.0,162.0,4.0,1.3014,1.3494,1.3596,1.3853,1.133,o,106.0,119.0,29136.0,
136215,1998,126303.0,1023.0,0.0,0.9719,0.986,0.9889,0.9963,1.0506,o,,,,
136215,1999,119353.0,967.0,0.0,0.9722,0.9719,0.9718,0.9716,0.9987,o,,,,
136215,2000,118769.0,950.0,0.0,0.9598,0.9084,0.8981,0.8729,0.827,o,,,,
136215,2001,114076.0,1088.0,0.0,1.1445,1.0227,0.9991,0.9426,0.6783,o,,,,
136215,2002,109543.0,947.0,0.0,1.0374,0.9611,0.946,0.9093,0.7684,o,298.0,,23454.0,
136215,2003,126518.0,1050.0,8.0,0.9997,1.0068,1.0083,1.012,1.0247,o,393.0,,23587.0,689.0
136215,2004,136579.0,1137.0,11.0,1.0038,1.0653,1.0784,1.1121,1.2274,o,420.0,,25240.0,696.0
136215,2005,141341.0,1195.0,5.0,1.0167,1.1066,1.1262,1.1766,1.3394,o,431.0,,25464.0,880.0
136215,2006,143078.0,1136.0,7.0,0.9557,1.0467,1.0665,1.1179,1.3682,o,516.0,,27734.0,959.0
136215,2007,146732.0,1497.0,8.0,1.2275,1.345,1.3707,1.4371,1.3705,o,518.0,885.0,28205.0,1013.0
136215,2008,143601.0,1390.0,14.0,1.1674,1.2517,1.2699,1.3165,1.2718,o,569.0,1142.0,28462.0,1018.0
136215,2009,144639.0,1305.0,4.0,1.0844,1.1641,1.1813,1.2255,1.2773,o,690.0,1178.0,29280.0,1173.0
136215,2010,157058.0,1342.0,2.0,1.0261,1.1145,1.1337,1.1831,1.3295,o,815.0,1229.0,30162.0,804.0
136215,2011,167006.0,1307.0,4.0,0.9406,1.0487,1.0726,1.1347,1.4555,o,791.0,1220.0,30920.0,831.0
136215,2012,168263.0,1518.0,4.0,1.084,1.2139,1.2427,1.3176,1.4775,o,724.0,771.0,31585.0,737.0
136215,2013,144658.0,1538.0,1.0,1.2763,1.3466,1.3617,1.4,1.2033,o,654.0,853.0,32636.0,755.0
136215,2014,130967.0,1376.0,4.0,1.2626,1.2307,1.2242,1.2082,0.9156,o,602.0,750.0,33481.0,789.0
136215,2015,125567.0,1412.0,2.0,1.3504,1.2574,1.239,1.1942,0.7821,o,657.0,760.0,34856.0,1121.0
136215,2016,122951.0,1342.0,2.0,1.3108,1.2423,1.2285,1.1949,0.831,o,659.0,573.0,35859.0,1187.0
136215,2017,119598.0,1261.0,2.0,1.2662,1.2494,1.246,1.2374,0.955,o,984.0,587.0,36632.0,1197.0
136215,2018,124085.0,1281.0,1.0,1.2393,1.3397,1.3615,1.4174,1.3081,o,1248.0,571.0,37301.0,1211.0
136215,2019,140748.0,1108.0,0.0,0.9447,1.1153,1.1543,1.2578,1.7728,o,1526.0,538.0,37704.0,1191.0
136215,2020,166174.0,1301.0,0.0,0.9395,1.1663,1.2197,1.364,2.1079,o,1689.0,514.0,38594.0,1182.0
136215,2021,184936.0,1413.0,1.0,0.9172,1.1143,1.1601,1.283,1.9568,o,1672.0,515.0,39021.0,1156.0
136215,2022,191750.0,1547.0,0.0,0.9681,1.0902,1.1173,1.188,1.5058,o,1978.0,483.0,37925.0,1113.0
136215,2023,205398.0,1496.0,0.0,0.874,0.9464,0.9621,1.0026,1.3158,o,2029.0,498.0,37576.0,1088.0
136215,2024,219179.0,1984.0,0.0,1.0862,1.1579,1.1733,1.2127,1.2463,o,2030.0,449.0,37080.0,1086.0
136233,1998,113571.0,0.0,746.0,0.3941,0.3967,0.4035,0.4065,1.0986,o,,,,
136233,1999,113480.0,0.0,782.0,0.4135,0.4152,0.4197,0.4218,1.0621,o,,,,
136233,2000,112104.0,0.0,928.0,0.4967,0.5192,0.5821,0.6124,1.8864,o,,,,
136233,2001,121276.0,0.0,885.0,0.4378,0.4297,0.4094,0.4007,0.7643,o,,,,
136233,2002,129703.0,0.0,911.0,0.4214,0.4163,0.4034,0.3978,0.8395,o,1014.0,,2252.0,
136233,2003,136766.0,0.0,967.0,0.4242,0.4232,0.4205,0.4193,0.9653,o,1179.0,,2272.0,63.0
136233,2004,143010.0,0.0,990.0,0.4154,0.4183,0.426,0.4295,1.1065,o,1189.0,,2570.0,65.0
136233,2005,134015.0,0.0,918.0,0.411,0.4133,0.4194,0.4221,1.0844,o,1092.0,,2622.0,69.0
136233,2006,132957.0,26.0,1134.0,0.5352,0.5322,0.5245,0.5211,0.9223,o,1074.0,,2593.0,74.0
136233,2007,131216.0,42.0,1014.0,0.5021,0.5,0.4946,0.4922,0.9417,o,1193.0,395.0,2666.0,74.0
136233,2008,141796.0,51.0,1190.0,0.5467,0.5504,0.5601,0.5644,1.1016,o,1262.0,376.0,3017.0,71.0
136233,2009,153856.0,67.0,1345.0,0.5768,0.5811,0.5925,0.5976,1.1134,o,1181.0,416.0,2882.0,72.0
136233,2010,162947.0,106.0,1367.0,0.5814,0.5798,0.5758,0.5741,0.9621,o,1210.0,462.0,3248.0,73.0
136233,2011,167976.0,127.0,1328.0,0.5651,0.5647,0.5637,0.5633,0.9906,o,1020.0,441.0,3586.0,78.0
136233,2012,159080.0,173.0,1321.0,0.6287,0.6218,0.6043,0.5966,0.8532,o,955.0,455.0,3879.0,89.0
136233,2013,146941.0,183.0,1279.0,0.6717,0.6645,0.6462,0.6382,0.8565,o,949.0,455.0,4016.0,91.0
136233,2014,142838.0,193.0,1128.0,0.636,0.6342,0.6297,0.6277,0.961,o,856.0,460.0,4034.0,86.0
136233,2015,141590.0,207.0,1188.0,0.6789,0.6738,0.6611,0.6555,0.8992,o,960.0,334.0,4078.0,84.0
136233,2016,127726.0,176.0,990.0,0.6304,0.6331,0.6402,0.6434,1.0637,o,780.0,258.0,4049.0,90.0
136233,2017,119975.0,167.0,901.0,0.6176,0.6111,0.5946,0.5874,0.859,o,741.0,334.0,3981.0,93.0
136233,2018,118418.0,146.0,1182.0,0.7468,0.7385,0.7175,0.7083,0.8517,o,813.0,358.0,3905.0,87.0
136233,2019,117288.0,165.0,923.0,0.641,0.644,0.6518,0.6553,1.069,o,742.0,307.0,3823.0,85.0
136233,2020,117587.0,140.0,976.0,0.6409,0.6388,0.6335,0.6312,0.955,o,649.0,281.0,3766.0,80.0
136233,2021,108602.0,147.0,817.0,0.6138,0.6061,0.5867,0.5783,0.8347,o,585.0,225.0,3657.0,72.0
136233,2022,97794.0,130.0,877.0,0.6976,0.6892,0.6681,0.6589,0.8411,o,669.0,213.0,3501.0,70.0
136233,2023,101689.0,175.0,920.0,0.7493,0.7536,0.7647,0.7696,1.0843,o,652.0,253.0,3360.0,79.0
136233,2024,108382.0,137.0,879.0,0.6383,0.64,0.6446,0.6466,1.0399,o,575.0,215.0,3246.0,74.0
136288,1998,24120.0,43.0,104.0,0.4726,0.4387,0.432,0.4157,0.7734,o,,,,
136288,1999,24432.0,48.0,64.0,0.3929,0.4119,0.4159,0.4262,1.1765,o,,,,
136288,2002,42363.0,63.0,164.0,0.4107,0.4594,0.4702,0.4982,1.4714,o,69.0,,12971.0,
136288,2003,45696.0,51.0,173.0,0.3611,0.4214,0.4351,0.4712,1.7031,o,73.0,,13337.0,547.0
136288,2005,50847.0,72.0,249.0,0.4637,0.4003,0.3883,0.3598,0.6019,o,134.0,,14776.0,525.0
136288,2006,63739.0,92.0,217.0,0.3775,0.3599,0.3564,0.3477,0.8486,o,190.0,,15425.0,357.0
136288,2008,49080.0,63.0,121.0,0.302,0.4416,0.4778,0.5816,3.7097,o,199.0,110.0,16015.0,502.0
136288,2009,62490.0,47.0,112.0,0.1978,0.259,0.2739,0.3149,2.5351,o,280.0,,18388.0,502.0
136288,2010,36337.0,22.0,61.0,0.1734,0.1942,0.1988,0.2108,1.4784,o,120.0,5.0,20470.0,924.0
136288,2011,37230.0,42.0,157.0,0.3884,0.373,0.3699,0.3622,0.8696,o,53.0,79.0,20001.0,678.0
136288,2012,34999.0,51.0,145.0,0.4234,0.3171,0.2987,0.2572,0.3689,o,57.0,89.0,19887.0,537.0
136288,2013,31612.0,54.0,148.0,0.4859,0.3171,0.2903,0.2328,0.2296,o,38.0,92.0,19539.0,474.0
136288,2014,25849.0,47.0,81.0,0.4062,0.2677,0.2456,0.198,0.2375,o,36.0,69.0,19006.0,494.0
136288,2015,17626.0,37.0,77.0,0.514,0.4018,0.3818,0.3362,0.4277,o,8.0,22.0,18235.0,283.0
136330,1998,54750.0,339.0,0.0,0.743,0.669,0.6547,0.6201,0.6965,o,,,,
136330,2000,53693.0,354.0,9.0,0.8012,0.8827,0.9006,0.9468,1.3964,o,,,,
136330,2001,71222.0,383.0,22.0,0.6638,0.7383,0.7547,0.7973,1.4425,o,,,,
136330,2002,65105.0,396.0,15.0,0.7437,0.7715,0.7773,0.7922,1.1346,o,433.0,,22813.0,
136330,2003,67291.0,493.0,22.0,0.8988,0.8997,0.8999,0.9003,1.0035,o,443.0,,23791.0,360.0
136330,2004,67010.0,550.0,24.0,1.0064,1.0184,1.0209,1.0271,1.0416,o,450.0,,24693.0,449.0
136330,2005,71747.0,524.0,30.0,0.9015,0.9039,0.9043,0.9056,1.009,o,453.0,,26333.0,462.0
136330,2006,72427.0,523.0,27.0,0.8889,0.8997,0.902,0.9077,1.0427,o,400.0,,27033.0,605.0
136330,2007,72751.0,571.0,16.0,0.955,0.9477,0.9462,0.9424,0.9737,o,453.0,411.0,28341.0,725.0
136330,2008,71283.0,496.0,12.0,0.8451,0.8339,0.8316,0.8259,0.9552,o,424.0,324.0,29574.0,644.0
136330,2009,70140.0,561.0,12.0,0.9701,0.9619,0.9602,0.956,0.9712,o,422.0,362.0,31006.0,673.0
136330,2010,70206.0,462.0,4.0,0.7931,0.7912,0.7908,0.7898,0.9918,o,447.0,319.0,32450.0,684.0
136330,2011,71476.0,490.0,1.0,0.8235,0.8279,0.8289,0.8312,1.0188,o,477.0,340.0,32665.0,692.0
136330,2012,72710.0,503.0,0.0,0.8301,0.8428,0.8455,0.8521,1.0536,o,439.0,337.0,32791.0,712.0
136330,2013,72587.0,429.0,0.0,0.7092,0.7258,0.7292,0.738,1.0827,o,578.0,320.0,33152.0,699.0
136330,2014,75436.0,482.0,0.0,0.7667,0.8025,0.8101,0.8295,1.1703,o,524.0,330.0,33615.0,714.0
136330,2015,75870.0,495.0,0.0,0.7829,0.824,0.8327,0.855,1.1926,o,551.0,295.0,34300.0,722.0
136330,2016,79413.0,506.0,0.0,0.7646,0.8009,0.8087,0.8283,1.1736,o,505.0,251.0,35198.0,690.0
136330,2017,76202.0,485.0,0.0,0.7638,0.7721,0.7739,0.7783,1.0383,o,533.0,262.0,36357.0,698.0
136330,2018,74905.0,512.0,0.0,0.8202,0.8061,0.8032,0.7961,0.9419,o,526.0,237.0,37326.0,718.0
136330,2019,74165.0,528.0,0.0,0.8543,0.8506,0.8498,0.8479,0.9851,o,520.0,294.0,38375.0,679.0
136330,2020,72685.0,471.0,0.0,0.7776,0.7755,0.775,0.7739,0.9905,o,526.0,249.0,39063.0,644.0
136330,2021,71994.0,524.0,0.0,0.8734,0.8754,0.8758,0.8768,1.0077,o,505.0,212.0,39073.0,651.0
136330,2022,70130.0,443.0,0.0,0.758,0.7522,0.7509,0.7479,0.9736,o,708.0,185.0,37446.0,596.0
136330,2023,74223.0,428.0,0.0,0.692,0.7223,0.7288,0.7452,1.1597,o,680.0,203.0,37162.0,592.0
136330,2024,76669.0,453.0,0.0,0.709,0.7696,0.7828,0.8167,1.327,o,841.0,173.0,37990.0,583.0
136358,1998,277910.0,0.0,2297.0,0.4959,0.4961,0.4964,0.4966,1.0043,o,,,,
136358,1999,280933.0,0.0,1754.0,0.3746,0.376,0.3794,0.381,1.0524,o,,,,
136358,2000,273288.0,0.0,1881.0,0.413,0.4092,0.3997,0.3955,0.8772,o,,,,
136358,2001,317814.0,0.0,1809.0,0.3415,0.3468,0.3608,0.3673,1.2462,o,,,,
136358,2002,417658.0,0.0,1876.0,0.2695,0.2783,0.3023,0.3137,1.5837,o,4053.0,,2598.0,
136358,2003,444460.0,0.0,1976.0,0.2668,0.2732,0.2904,0.2984,1.4046,o,3846.0,,2600.0,84.0
136358,2004,463320.0,0.0,2091.0,0.2708,0.2715,0.2734,0.2743,1.0399,o,3661.0,,3234.0,86.0
136358,2005,467610.0,0.0,2322.0,0.2979,0.2964,0.2923,0.2906,0.927,o,3638.0,,3361.0,85.0
136358,2006,397009.0,0.0,3031.0,0.4581,0.4571,0.4545,0.4534,0.9692,o,3858.0,,3272.0,99.0
136358,2007,473640.0,0.0,2341.0,0.2966,0.2977,0.3007,0.302,1.0571,o,4304.0,885.0,3478.0,83.0
136358,2008,495960.0,0.0,2576.0,0.3116,0.3147,0.3226,0.3262,1.1483,o,4831.0,1239.0,2362.0,84.0
136358,2009,550350.0,0.0,2657.0,0.2897,0.2931,0.3021,0.3063,1.1838,o,5162.0,1322.0,2619.0,82.0
136358,2010,547740.0,0.0,3245.0,0.3555,0.3585,0.3665,0.3701,1.1302,o,5127.0,1413.0,2845.0,86.0
136358,2011,585171.0,87.0,3664.0,0.3935,0.3942,0.3961,0.3969,1.0261,o,5142.0,1317.0,3012.0,82.0
136358,2012,596851.0,157.0,4021.0,0.4358,0.4358,0.4357,0.4357,0.9995,o,5165.0,1482.0,3162.0,84.0
136358,2013,569499.0,217.0,4598.0,0.5302,0.5304,0.5309,0.5312,1.0059,o,5328.0,1518.0,3179.0,91.0
136358,2014,565547.0,237.0,4127.0,0.4881,0.4893,0.4922,0.4935,1.0339,o,5165.0,1341.0,3131.0,92.0
136358,2015,557811.0,276.0,4069.0,0.4971,0.4965,0.4951,0.4945,0.9845,o,5658.0,1428.0,3104.0,97.0
136358,2016,563595.0,303.0,4220.0,0.5138,0.5165,0.5236,0.5267,1.0784,o,5709.0,1511.0,3168.0,94.0
136358,2017,580021.0,368.0,4293.0,0.5202,0.5222,0.5272,0.5295,1.055,o,5653.0,1294.0,3116.0,86.0
136358,2018,596957.0,346.0,4238.0,0.4955,0.4953,0.4948,0.4946,0.9946,o,5901.0,1322.0,3046.0,76.0
136358,2019,597774.0,419.0,4904.0,0.5763,0.5779,0.5818,0.5836,1.0387,o,5991.0,1263.0,2982.0,73.0
136358,2020,584686.0,476.0,4671.0,0.577,0.5785,0.5823,0.584,1.037,o,4438.0,940.0,2938.0,74.0
136358,2021,534535.0,481.0,4845.0,0.6518,0.6386,0.6059,0.5918,0.7464,o,4437.0,1000.0,2853.0,62.0
136358,2022,471260.0,410.0,4046.0,0.6195,0.6126,0.595,0.5874,0.8509,o,4580.0,1389.0,3346.0,67.0
136358,2023,462909.0,499.0,3270.0,0.5532,0.5544,0.5576,0.559,1.0321,o,4784.0,1382.0,3157.0,66.0
136358,2024,479156.0,502.0,3394.0,0.5507,0.553,0.5589,0.5616,1.0611,o,5480.0,1017.0,3050.0,61.0
136400,1998,119190.0,0.0,642.0,0.3232,0.3277,0.3397,0.3451,1.2203,o,,,,
136400,1999,78134.0,0.0,563.0,0.4323,0.43,0.4239,0.4213,0.9243,o,,,,
136400,2000,77594.0,0.0,602.0,0.4655,0.4635,0.4585,0.4563,0.9414,o,,,,
136400,2001,92450.0,0.0,577.0,0.3745,0.3737,0.3716,0.3707,0.9696,o,,,,
136400,2002,99724.0,0.0,632.0,0.3802,0.3825,0.3882,0.3908,1.0862,o,1415.0,,2522.0,
136400,2003,116043.0,0.0,696.0,0.3599,0.366,0.3824,0.3899,1.2748,o,1476.0,,2556.0,49.0
136400,2004,125014.0,0.0,730.0,0.3504,0.3537,0.3623,0.3662,1.1437,o,1437.0,,2589.0,67.0
136400,2005,129303.0,0.0,781.0,0.3624,0.3623,0.3619,0.3617,0.9941,o,1541.0,,2646.0,68.0
136400,2006,132025.0,0.0,861.0,0.3913,0.3928,0.3968,0.3986,1.058,o,1648.0,,2683.0,70.0
136400,2007,138116.0,0.0,818.0,0.3554,0.3579,0.3645,0.3675,1.1068,o,1870.0,302.0,2975.0,64.0
136400,2008,133890.0,0.0,861.0,0.3858,0.3902,0.4015,0.4067,1.1728,o,2002.0,366.0,2878.0,71.0
136400,2009,166086.0,0.0,933.0,0.3371,0.3401,0.3481,0.3518,1.1381,o,2302.0,481.0,3201.0,62.0
136400,2010,211038.0,0.0,1271.0,0.3614,0.3658,0.3773,0.3826,1.189,o,2415.0,476.0,3487.0,55.0
136400,2011,216716.0,0.0,1396.0,0.3865,0.3896,0.3978,0.4015,1.1222,o,2465.0,412.0,3677.0,53.0
136400,2012,220653.0,0.0,1732.0,0.471,0.4724,0.4762,0.4779,1.0452,o,2115.0,348.0,3870.0,57.0
136400,2013,200260.0,0.0,1606.0,0.4812,0.4764,0.4643,0.459,0.8668,o,2367.0,318.0,4057.0,64.0
136400,2014,201641.0,0.0,1478.0,0.4398,0.4408,0.4434,0.4446,1.0336,o,2560.0,100.0,4075.0,64.0
136400,2015,219738.0,0.0,1591.0,0.4344,0.4385,0.4491,0.4539,1.1423,o,2384.0,51.0,4119.0,69.0
136400,2016,220999.0,23.0,1613.0,0.4504,0.4494,0.4467,0.4456,0.9677,o,2457.0,96.0,4090.0,70.0
136400,2017,221375.0,117.0,1561.0,0.4865,0.4863,0.4858,0.4855,0.9939,o,2414.0,50.0,4022.0,71.0
136400,2018,219077.0,150.0,1617.0,0.525,0.5249,0.5247,0.5246,0.9973,o,2410.0,67.0,3932.0,66.0
136400,2019,217119.0,214.0,1691.0,0.5856,0.5851,0.584,0.5835,0.9895,o,2351.0,83.0,3850.0,66.0
136400,2020,220677.0,225.0,1739.0,0.5952,0.5941,0.5914,0.5902,0.9747,o,1552.0,31.0,3792.0,59.0
136400,2021,202262.0,224.0,1468.0,0.5684,0.5516,0.5107,0.4935,0.652,o,1921.0,,3683.0,64.0
136400,2022,175248.0,186.0,1392.0,0.6039,0.6033,0.6016,0.6008,0.9844,o,1848.0,58.0,3461.0,59.0
136400,2023,174729.0,189.0,1251.0,0.5594,0.5618,0.5682,0.571,1.0642,o,2005.0,25.0,3266.0,52.0
136400,2024,186480.0,171.0,1195.0,0.4945,0.4967,0.5023,0.5047,1.0639,o,8.0,23.0,3155.0,50.0
136473,1998,184341.0,0.0,1259.0,0.4098,0.4116,0.4162,0.4182,1.0639,o,,,,
136473,1999,179047.0,0.0,1267.0,0.4246,0.4247,0.4249,0.425,1.0033,o,,,,
136473,2000,177865.0,0.0,1308.0,0.4412,0.4463,0.4595,0.4655,1.1764,o,,,,
136473,2001,200434.0,0.0,1235.0,0.3697,0.3801,0.4082,0.4213,1.4862,o,,,,
136473,2002,210723.0,0.0,1357.0,0.3864,0.3914,0.4045,0.4105,1.2013,o,1874.0,,2098.0,
136473,2003,211638.0,0.0,1368.0,0.3878,0.3897,0.3944,0.3965,1.0693,o,1896.0,,2114.0,64.0
136473,2004,218159.0,0.0,1318.0,0.3625,0.3634,0.3657,0.3667,1.0358,o,1947.0,,2217.0,66.0
136473,2005,211149.0,0.0,1380.0,0.3921,0.393,0.3953,0.3964,1.0329,o,1577.0,,2260.0,67.0
136473,2006,198272.0,0.0,1387.0,0.4197,0.414,0.3995,0.3932,0.8207,o,1753.0,,2331.0,72.0
136473,2007,201821.0,0.0,1288.0,0.3829,0.3828,0.3824,0.3823,0.9949,o,1925.0,508.0,2391.0,69.0
136473,2008,217373.0,0.0,1530.0,0.4223,0.4266,0.4379,0.443,1.1562,o,2004.0,439.0,2314.0,67.0
136473,2009,221048.0,0.0,1607.0,0.4362,0.4388,0.4457,0.4487,1.0897,o,1938.0,537.0,2584.0,68.0
136473,2010,253840.0,0.0,1779.0,0.4205,0.4201,0.4191,0.4186,0.9865,o,1908.0,716.0,2885.0,61.0
136473,2011,245806.0,0.0,1749.0,0.4269,0.426,0.4235,0.4224,0.968,o,1813.0,684.0,3042.0,64.0
136473,2012,252829.0,17.0,1766.0,0.4272,0.4254,0.4209,0.4189,0.9428,o,1843.0,705.0,3456.0,60.0
136473,2013,247140.0,67.0,1768.0,0.4618,0.4615,0.4607,0.4603,0.9906,o,1784.0,692.0,3615.0,63.0
136473,2014,229198.0,115.0,1766.0,0.5225,0.5216,0.5193,0.5183,0.9759,o,1554.0,203.0,3560.0,64.0
136473,2015,204283.0,109.0,1624.0,0.541,0.5352,0.5205,0.5141,0.8569,o,1489.0,157.0,3530.0,66.0
136473,2016,188011.0,128.0,1601.0,0.5926,0.5879,0.576,0.5707,0.8922,o,1534.0,117.0,3506.0,95.0
136473,2017,191380.0,156.0,1455.0,0.554,0.5543,0.5551,0.5555,1.0082,o,1369.0,168.0,3447.0,92.0
136473,2018,196318.0,152.0,1561.0,0.57,0.5661,0.5561,0.5517,0.9057,o,1376.0,232.0,3370.0,85.0
136473,2019,198512.0,178.0,1608.0,0.5936,0.5914,0.5857,0.5832,0.948,o,1557.0,206.0,3299.0,81.0
136473,2020,197200.0,241.0,1839.0,0.7062,0.7124,0.7288,0.7362,1.1344,o,1287.0,178.0,2841.0,73.0
136473,2021,178527.0,245.0,1630.0,0.7125,0.706,0.6896,0.6825,0.8776,o,1243.0,132.0,2759.0,74.0
136473,2022,168062.0,249.0,1490.0,0.7097,0.7031,0.6863,0.6789,0.8741,o,1309.0,321.0,2597.0,57.0
136473,2023,154316.0,239.0,1303.0,0.6925,0.6941,0.6984,0.7003,1.0348,o,1297.0,337.0,2448.0,52.0
136473,2024,170505.0,198.0,1258.0,0.582,0.5827,0.5844,0.5852,1.0165,o,1537.0,781.0,2348.0,53.0
136516,1998,88066.0,0.0,712.0,0.4851,0.4877,0.4943,0.4973,1.0781,o,,,,
136516,1999,89244.0,0.0,640.0,0.4303,0.4317,0.4352,0.4368,1.0467,o,,,,
136516,2000,93258.0,0.0,618.0,0.3976,0.399,0.4026,0.4043,1.0515,o,,,,
136516,2001,105102.0,0.0,665.0,0.3796,0.3865,0.4047,0.4131,1.2913,o,,,,
136516,2002,110832.0,0.0,730.0,0.3952,0.3994,0.4105,0.4155,1.1639,o,1389.0,,2701.0,
136516,2003,121242.0,0.0,714.0,0.3533,0.3565,0.3647,0.3684,1.1343,o,1354.0,,2682.0,92.0
136516,2004,131207.0,0.0,686.0,0.3137,0.3143,0.3157,0.3164,1.0261,o,1336.0,,2808.0,85.0
136516,2005,128946.0,0.0,731.0,0.3401,0.3395,0.3379,0.3372,0.9741,o,1359.0,,2825.0,74.0
136516,2006,128866.0,0.0,780.0,0.3632,0.3634,0.3641,0.3644,1.0104,o,1359.0,,2868.0,88.0
136516,2007,131315.0,0.0,857.0,0.3916,0.3918,0.3924,0.3927,1.0085,o,1658.0,390.0,2858.0,86.0
136516,2008,148070.0,0.0,948.0,0.3841,0.3895,0.4037,0.4102,1.22,o,1714.0,405.0,2766.0,79.0
136516,2009,167917.0,0.0,962.0,0.3437,0.3468,0.3549,0.3585,1.1362,o,1843.0,435.0,3216.0,76.0
136516,2010,195172.0,0.0,1213.0,0.3729,0.3752,0.3813,0.384,1.0931,o,1977.0,560.0,3695.0,72.0
136516,2011,214425.0,22.0,1287.0,0.3724,0.3752,0.3824,0.3857,1.1116,o,2055.0,224.0,3893.0,67.0
136516,2012,230127.0,56.0,1569.0,0.4383,0.4405,0.4464,0.449,1.0759,o,1849.0,455.0,4237.0,60.0
136516,2013,235350.0,116.0,1475.0,0.4352,0.4326,0.4259,0.4229,0.9172,o,1736.0,477.0,4419.0,63.0
136516,2014,237705.0,192.0,1581.0,0.496,0.4919,0.4817,0.4772,0.8893,o,1505.0,488.0,4432.0,69.0
136516,2015,224800.0,331.0,1463.0,0.5672,0.5603,0.5429,0.5354,0.8396,o,1381.0,491.0,4394.0,76.0
136516,2016,216057.0,297.0,1421.0,0.5596,0.5533,0.5376,0.5308,0.8522,o,1589.0,622.0,4364.0,85.0
136516,2017,219171.0,378.0,1449.0,0.6036,0.6077,0.6184,0.6231,1.1012,o,1573.0,618.0,4291.0,75.0
136516,2018,218851.0,441.0,1684.0,0.7035,0.7063,0.7137,0.717,1.0593,o,1432.0,641.0,4195.0,80.0
136516,2019,223429.0,440.0,1676.0,0.6864,0.6817,0.6696,0.6643,0.9058,o,1529.0,573.0,4107.0,72.0
136516,2020,225888.0,428.0,1684.0,0.6747,0.6755,0.6776,0.6786,1.0176,o,1092.0,438.0,4046.0,65.0
136516,2021,209409.0,453.0,1758.0,0.7633,0.7472,0.7074,0.6903,0.7376,o,1174.0,497.0,3929.0,54.0
136516,2022,186727.0,438.0,1605.0,0.7972,0.7911,0.7756,0.7688,0.8958,o,895.0,419.0,3693.0,53.0
136516,2023,178674.0,377.0,1296.0,0.6884,0.6771,0.649,0.6369,0.7899,o,869.0,343.0,3484.0,60.0
136516,2024,201484.0,352.0,1110.0,0.5402,0.5336,0.5172,0.51,0.84,o,1453.0,442.0,3366.0,60.0
136631,1998,5745.0,0.0,40.0,0.4177,0.4177,0.4177,0.4177,,-,,,,
136631,1999,5160.0,0.0,7.0,0.0814,0.0814,0.0814,0.0814,,-,,,,
136659,1999,24450.0,0.0,0.0,0.0,0.0,0.0,0.0,,-,,,,
136738,2003,14123.0,0.0,0.0,0.0,0.0,0.0,0.0,,-,335.0,,15690.0,524.0
136738,2004,20100.0,0.0,0.0,0.0,0.0,0.0,0.0,,-,616.0,,16844.0,360.0
136747,1998,3553.0,0.0,0.0,0.0,0.0,0.0,0.0,,-,,,,
136747,2003,6876.0,0.0,0.0,0.0,0.0,0.0,0.0,,-,50.0,,13994.0,572.0
136747,2005,21384.0,0.0,0.0,0.0,0.0,0.0,0.0,,-,260.0,,,213.0
136774,1998,23727.0,169.0,0.0,0.8547,0.8679,0.8707,0.8776,1.0543,o,,,,
136774,1999,24855.0,185.0,0.0,0.8932,0.9614,0.9762,1.0141,1.2891,o,,,,
136774,2007,29727.0,200.0,0.0,0.8073,0.8613,0.8729,0.9026,1.25,o,292.0,72.0,37370.0,1281.0
136774,2008,33486.0,241.0,0.0,0.8636,0.9574,0.978,1.0316,1.4267,o,282.0,114.0,36744.0,1321.0
136774,2009,34193.0,224.0,0.0,0.7861,0.856,0.8712,0.9104,1.3411,o,319.0,148.0,38920.0,1361.0
136774,2010,37188.0,245.0,0.0,0.7906,0.849,0.8616,0.894,1.2787,o,317.0,93.0,41284.0,1399.0
136774,2011,38426.0,263.0,0.0,0.8213,0.8636,0.8726,0.8955,1.1888,o,286.0,104.0,45075.0,1425.0
136774,2012,39033.0,279.0,0.0,0.8577,0.8701,0.8727,0.8791,1.0505,o,312.0,89.0,47404.0,1431.0
136774,2013,38196.0,314.0,0.0,0.9865,0.9851,0.9848,0.984,0.995,o,257.0,84.0,48980.0,1506.0
136774,2014,35481.0,286.0,0.0,0.9673,0.9366,0.9303,0.9149,0.8947,o,270.0,63.0,50741.0,
136774,2015,33632.0,269.0,0.0,0.9598,0.923,0.9156,0.8973,0.874,o,306.0,87.0,52271.0,
136774,2016,34418.0,300.0,0.0,1.046,1.0347,1.0323,1.0265,0.9632,o,355.0,100.0,54476.0,
136774,2017,36672.0,237.0,0.0,0.7755,0.81,0.8173,0.8359,1.1617,o,367.0,83.0,54867.0,
136774,2018,40455.0,275.0,0.0,0.8157,0.8937,0.9107,0.9548,1.37,o,429.0,75.0,55534.0,
136774,2019,42993.0,298.0,0.0,0.8318,0.9136,0.9315,0.9778,1.3819,o,442.0,67.0,56642.0,
136774,2020,45414.0,346.0,0.0,0.9143,0.9904,1.0069,1.0495,1.3177,o,432.0,64.0,57657.0,
136774,2021,45084.0,306.0,0.0,0.8145,0.8609,0.8708,0.8961,1.2105,o,401.0,61.0,57825.0,
136774,2022,46359.0,351.0,0.0,0.9086,0.9206,0.9231,0.9294,1.0465,o,415.0,65.0,56135.0,1479.0
136774,2023,47604.0,374.0,0.0,0.9428,0.9251,0.9215,0.9125,0.9369,o,447.0,51.0,54683.0,1449.0
136774,2024,48258.0,387.0,0.0,0.9623,0.9585,0.9577,0.9557,0.9863,o,367.0,55.0,55480.0,1459.0
136826,1998,77400.0,0.0,0.0,0.0,0.0,0.0,0.0,,-,,,,
136826,1999,56640.0,0.0,0.0,0.0,0.0,0.0,0.0,,-,,,,
136950,1998,57336.0,602.0,11.0,1.2715,1.2643,1.2628,1.2591,0.9807,o,,,,
136950,1999,76821.0,560.0,12.0,0.8841,0.8735,0.8713,0.8658,0.9591,o,,,,
136950,2000,78613.0,521.0,11.0,0.8037,0.8112,0.8128,0.8167,1.0327,o,,,,
136950,2001,84742.0,570.0,11.0,0.8149,0.8218,0.8233,0.8269,1.0295,o,,,,
136950,2002,90691.0,580.0,10.0,0.7741,0.7837,0.7858,0.7908,1.0438,o,467.0,,41369.0,
136950,2003,93606.0,686.0,8.0,0.8846,0.8886,0.8894,0.8915,1.0158,o,497.0,,42413.0,646.0
136950,2004,94476.0,731.0,12.0,0.9361,0.9421,0.9434,0.9465,1.0223,o,486.0,,43532.0,662.0
136950,2005,94258.0,693.0,8.0,0.8874,0.902,0.9051,0.9128,1.0581,o,464.0,,44585.0,688.0
136950,2006,93341.0,638.0,1.0,0.8209,0.8176,0.817,0.8153,0.9865,o,501.0,116.0,45533.0,690.0
136950,2007,79483.0,661.0,6.0,1.0025,1.0028,1.0028,1.003,1.001,o,525.0,212.0,46671.0,840.0
136950,2008,78008.0,676.0,4.0,1.043,1.056,1.0587,1.0655,1.0437,o,464.0,72.0,47763.0,880.0
136950,2009,75925.0,569.0,5.0,0.9033,0.9139,0.9161,0.9216,1.0411,o,464.0,72.0,49668.0,908.0
136950,2010,85552.0,639.0,4.0,0.8991,0.889,0.8869,0.8817,0.9617,o,469.0,64.0,51776.0,815.0
136950,2011,84533.0,610.0,1.0,0.8666,0.8431,0.8383,0.8264,0.9094,o,555.0,79.0,52543.0,798.0
136950,2012,86721.0,571.0,0.0,0.7901,0.7981,0.7998,0.804,1.0354,o,518.0,62.0,52248.0,793.0
136950,2013,80224.0,612.0,0.0,0.9154,0.9548,0.9632,0.9844,1.1562,o,477.0,71.0,53338.0,862.0
136950,2014,85272.0,591.0,0.0,0.8317,0.8474,0.8506,0.8589,1.0665,o,540.0,69.0,54586.0,804.0
136950,2015,88190.0,623.0,0.0,0.8477,0.846,0.8457,0.8448,0.9932,o,493.0,71.0,56240.0,834.0
136950,2016,88694.0,633.0,0.0,0.8564,0.847,0.8451,0.8403,0.9627,o,538.0,56.0,58028.0,840.0
136950,2017,89290.0,620.0,0.0,0.8332,0.8419,0.8437,0.8482,1.0362,o,530.0,80.0,59303.0,823.0
136950,2018,88070.0,661.0,0.0,0.9006,0.9135,0.9162,0.923,1.0501,o,549.0,74.0,60239.0,816.0
136950,2019,90669.0,610.0,0.0,0.8073,0.8176,0.8197,0.8251,1.0445,o,556.0,91.0,60717.0,780.0
136950,2020,88548.0,624.0,0.0,0.8456,0.8628,0.8664,0.8755,1.0718,o,504.0,83.0,62140.0,808.0
136950,2021,88022.0,618.0,0.0,0.8425,0.8407,0.8403,0.8394,0.9925,o,549.0,77.0,62699.0,797.0
136950,2022,85007.0,593.0,0.0,0.8371,0.8312,0.83,0.827,0.9759,o,632.0,105.0,60052.0,781.0
136950,2023,85292.0,629.0,0.0,0.885,0.9022,0.9058,0.9149,1.0688,o,638.0,104.0,58082.0,777.0
136950,2024,87880.0,557.0,0.0,0.7606,0.8015,0.8103,0.8325,1.1981,o,566.0,96.0,58300.0,775.0
137032,1998,304620.0,1542.0,867.0,0.7782,0.7871,0.789,0.7937,1.0401,o,,,,
137032,1999,295590.0,1627.0,889.0,0.841,0.8492,0.8509,0.8552,1.0341,o,,,,
137032,2000,205277.0,1772.0,746.0,1.2539,1.3567,1.3789,1.4363,1.312,o,,,,
137032,2001,225581.0,1765.0,611.0,1.1014,1.1915,1.211,1.2613,1.3113,o,,,,
137032,2002,250225.0,1863.0,508.0,1.0152,1.0575,1.0665,1.0893,1.1511,o,286.0,,21393.0,
137032,2003,283459.0,1901.0,653.0,0.943,0.9593,0.9627,0.9713,1.061,o,377.0,,21667.0,342.0
137032,2004,301429.0,1993.0,746.0,0.9419,1.0369,1.0577,1.1116,1.3929,o,396.0,,21807.0,340.0
137032,2005,297187.0,2049.0,800.0,0.9889,1.1811,1.2253,1.3431,1.8449,o,454.0,,21971.0,350.0
137032,2006,315516.0,2172.0,888.0,0.9949,1.1461,1.1801,1.2696,1.6284,o,417.0,2044.0,22203.0,347.0
137032,2007,327549.0,2213.0,935.0,0.982,1.0629,1.0804,1.1256,1.3137,o,456.0,1932.0,22679.0,371.0
137032,2008,305829.0,2468.0,939.0,1.1526,1.194,1.2027,1.2249,1.1294,o,502.0,1369.0,24028.0,375.0
137032,2009,294411.0,2395.0,820.0,1.1433,1.1837,1.1922,1.2138,1.1271,o,489.0,1873.0,24294.0,393.0
137032,2010,312667.0,2540.0,842.0,1.1364,1.1798,1.1889,1.2122,1.1378,o,539.0,2534.0,24796.0,402.0
137032,2011,356611.0,2487.0,920.0,0.9917,1.0398,1.05,1.0761,1.1775,o,543.0,2281.0,25336.0,399.0
137032,2012,366474.0,2709.0,883.0,1.0316,1.0687,1.0765,1.0963,1.1294,o,634.0,1517.0,25675.0,407.0
137032,2013,359966.0,2824.0,962.0,1.1018,1.1581,1.1701,1.2007,1.1877,o,639.0,1475.0,25894.0,418.0
137032,2014,361714.0,2723.0,858.0,1.0457,1.1126,1.1269,1.1636,1.2383,o,616.0,1621.0,26226.0,423.0
137032,2015,356793.0,2703.0,755.0,1.0361,1.0816,1.0913,1.1158,1.1599,o,656.0,1525.0,26658.0,435.0
137032,2016,344950.0,2646.0,774.0,1.0551,1.0791,1.0842,1.0969,1.0807,o,610.0,1747.0,27005.0,441.0
137032,2017,306906.0,2398.0,708.0,1.076,1.0743,1.074,1.0731,0.9945,o,536.0,1729.0,27331.0,463.0
137032,2018,272889.0,2205.0,668.0,1.1165,1.0875,1.0816,1.0669,0.9131,o,561.0,1654.0,27692.0,471.0
137032,2019,244876.0,2032.0,669.0,1.1597,1.111,1.1011,1.077,0.8624,o,782.0,1001.0,28089.0,466.0
137032,2020,230900.0,1818.0,489.0,1.0719,1.0904,1.0943,1.104,1.0608,o,729.0,756.0,28546.0,455.0
137032,2021,197741.0,1684.0,389.0,1.14,1.2351,1.2558,1.309,1.3185,o,823.0,991.0,28761.0,456.0
137032,2022,163082.0,1286.0,242.0,1.0353,1.1449,1.169,1.2314,1.4148,o,869.0,1103.0,28578.0,497.0
137032,2023,170854.0,1287.0,187.0,0.9696,1.0368,1.0512,1.0883,1.2599,o,632.0,1606.0,28001.0,429.0
137032,2024,167459.0,1152.0,158.0,0.8821,0.8804,0.8801,0.8792,0.9934,o,679.0,1269.0,28360.0,393.0
137078,1998,324436.0,0.0,2664.0,0.4927,0.5031,0.5309,0.5438,1.3486,o,,,,
137078,1999,316631.0,0.0,2397.0,0.4542,0.4573,0.4654,0.469,1.1017,o,,,,
137078,2000,321248.0,0.0,2384.0,0.4453,0.4466,0.4499,0.4514,1.0425,o,,,,
137078,2001,363566.0,0.0,2319.0,0.3827,0.3877,0.4008,0.4068,1.2033,o,,,,
137078,2002,390586.0,0.0,2304.0,0.3539,0.3567,0.3639,0.3672,1.1181,o,3768.0,,2739.0,
137078,2003,441972.0,0.0,2370.0,0.3217,0.3247,0.3323,0.3358,1.1385,o,4465.0,,2767.0,101.0
137078,2004,483583.0,123.0,2469.0,0.3369,0.3422,0.3562,0.3626,1.25,o,4167.0,,2897.0,89.0
137078,2005,483281.0,223.0,2517.0,0.3679,0.3682,0.369,0.3693,1.0123,o,3919.0,,2950.0,87.0
137078,2006,481593.0,335.0,2700.0,0.4199,0.417,0.4098,0.4067,0.908,o,3808.0,,3090.0,87.0
137078,2007,486838.0,463.0,2696.0,0.4464,0.4445,0.4398,0.4377,0.9419,o,4067.0,1140.0,3162.0,89.0
137078,2008,515275.0,504.0,2812.0,0.4448,0.4464,0.4506,0.4524,1.0527,o,3912.0,1236.0,3060.0,87.0
137078,2009,550532.0,668.0,2924.0,0.4643,0.4641,0.4635,0.4633,0.9935,o,4299.0,1461.0,3347.0,94.0
137078,2010,628704.0,690.0,3279.0,0.4446,0.447,0.453,0.4557,1.0776,o,4579.0,1646.0,3737.0,94.0
137078,2011,675000.0,952.0,3518.0,0.482,0.4857,0.4953,0.4996,1.1153,o,4573.0,1812.0,3939.0,86.0
137078,2012,676724.0,1044.0,4019.0,0.5415,0.5426,0.5455,0.5468,1.0302,o,4236.0,1691.0,4066.0,89.0
137078,2013,639195.0,1141.0,4077.0,0.5969,0.5937,0.5855,0.5819,0.9257,o,4202.0,1708.0,4240.0,90.0
137078,2014,621381.0,1083.0,3953.0,0.5908,0.5889,0.5839,0.5817,0.954,o,4523.0,2069.0,4255.0,87.0
137078,2015,629297.0,1106.0,3871.0,0.58,0.5828,0.5902,0.5935,1.0721,o,4254.0,1872.0,4298.0,88.0
137078,2016,609760.0,1216.0,4545.0,0.6865,0.6853,0.6822,0.6808,0.9751,o,3800.0,1721.0,4346.0,90.0
137078,2017,576524.0,1134.0,4800.0,0.7356,0.7282,0.7096,0.7014,0.8659,o,3946.0,1556.0,4315.0,92.0
137078,2018,561735.0,1316.0,4704.0,0.7836,0.7825,0.7796,0.7783,0.9799,o,4173.0,1417.0,4178.0,89.0
137078,2019,562322.0,1213.0,4013.0,0.687,0.6906,0.7,0.7042,1.0775,o,3867.0,1625.0,3273.0,87.0
137078,2020,555162.0,1174.0,4004.0,0.6865,0.6842,0.6782,0.6756,0.9526,o,3049.0,1450.0,3224.0,84.0
137078,2021,513938.0,1391.0,4371.0,0.8351,0.8191,0.7793,0.7623,0.7585,o,3000.0,1295.0,3131.0,83.0
137078,2022,463962.0,1149.0,3899.0,0.8014,0.7935,0.7734,0.7647,0.8676,o,3067.0,1241.0,2942.0,75.0
137078,2023,445351.0,1060.0,3681.0,0.7815,0.7823,0.7843,0.7851,1.0141,o,3251.0,1170.0,2776.0,72.0
137078,2024,451982.0,1012.0,3150.0,0.6868,0.6902,0.6988,0.7027,1.0717,o,3396.0,1339.0,2682.0,69.0
137096,1998,242193.0,0.0,1952.0,0.4836,0.4881,0.4998,0.5051,1.1408,o,,,,
137096,1999,248292.0,0.0,1912.0,0.462,0.4645,0.4711,0.474,1.0805,o,,,,
137096,2000,251064.0,0.0,2070.0,0.4947,0.4947,0.4948,0.4949,1.0012,o,,,,
137096,2001,285066.0,0.0,2150.0,0.4525,0.4575,0.4704,0.4762,1.1672,o,,,,
137096,2002,301747.0,0.0,2217.0,0.4408,0.4461,0.4598,0.4661,1.1837,o,2157.0,,2098.0,
137096,2003,310291.0,0.0,2300.0,0.4447,0.4468,0.4522,0.4546,1.0686,o,2223.0,,2117.0,90.0
137096,2004,316880.0,0.0,2395.0,0.4535,0.4548,0.4582,0.4597,1.042,o,2186.0,,2219.0,92.0
137096,2005,317455.0,0.0,2340.0,0.4423,0.4422,0.4421,0.442,0.9982,o,2549.0,,2260.0,93.0
137096,2006,316187.0,0.0,1763.0,0.3345,0.338,0.3469,0.351,1.1563,o,2657.0,,2370.0,93.0
137096,2007,324750.0,0.0,3058.0,0.565,0.5696,0.5815,0.5869,1.1223,o,2745.0,1866.0,2426.0,87.0
137096,2008,342549.0,0.0,2719.0,0.4763,0.478,0.4826,0.4847,1.0546,o,3115.0,1279.0,2347.0,85.0
137096,2009,341470.0,0.0,2767.0,0.4862,0.4911,0.5038,0.5096,1.1533,o,2985.0,1509.0,2616.0,87.0
137096,2010,350401.0,0.0,2952.0,0.5055,0.5061,0.5078,0.5086,1.0188,o,3076.0,1668.0,2903.0,89.0
137096,2011,365321.0,18.0,2569.0,0.4278,0.4281,0.4288,0.429,1.0085,o,3140.0,1543.0,3025.0,89.0
137096,2012,363100.0,66.0,2912.0,0.503,0.5043,0.5075,0.5089,1.0361,o,2925.0,1506.0,3343.0,91.0
137096,2013,345465.0,90.0,2688.0,0.4981,0.496,0.4906,0.4882,0.9411,o,2975.0,1435.0,3284.0,98.0
137096,2014,331499.0,126.0,2718.0,0.5376,0.5368,0.535,0.5342,0.981,o,2956.0,1579.0,3334.0,95.0
137096,2015,320278.0,184.0,3050.0,0.6403,0.6404,0.6406,0.6407,1.002,o,2986.0,1505.0,3315.0,105.0
137096,2016,312059.0,202.0,2873.0,0.6301,0.6304,0.6312,0.6315,1.0069,o,3263.0,1435.0,3292.0,111.0
137096,2017,320597.0,267.0,2971.0,0.656,0.6603,0.6715,0.6766,1.0983,o,2954.0,1179.0,3267.0,113.0
137096,2018,313349.0,228.0,2837.0,0.6305,0.6281,0.6218,0.619,0.9454,o,2722.0,1238.0,3194.0,115.0
137096,2019,310496.0,261.0,2776.0,0.6373,0.6314,0.6165,0.61,0.8757,o,3066.0,1460.0,3127.0,110.0
137096,2020,306740.0,289.0,2633.0,0.6281,0.6315,0.6403,0.6443,1.0803,o,2251.0,1073.0,3081.0,103.0
137096,2021,277691.0,305.0,2725.0,0.7206,0.708,0.6767,0.6632,0.7778,o,2573.0,1408.0,2992.0,106.0
137096,2022,264681.0,213.0,2487.0,0.6603,0.6588,0.655,0.6533,0.9678,o,2571.0,1092.0,2812.0,101.0
137096,2023,264270.0,294.0,2222.0,0.638,0.6408,0.6482,0.6516,1.0659,o,2834.0,1043.0,2653.0,91.0
137096,2024,278418.0,273.0,2566.0,0.6706,0.6752,0.6871,0.6925,1.1019,o,2684.0,951.0,2563.0,86.0
137148,2003,1143.0,4.0,0.0,0.4199,0.4199,0.4199,0.4199,,-,,,,463.0
137148,2004,864.0,13.0,0.0,1.8056,1.8056,1.8056,1.8056,,-,,,,688.0
137148,2005,1002.0,10.0,0.0,1.1976,1.1976,1.1976,1.1976,,-,,,,601.0
137148,2007,873.0,11.0,0.0,1.512,1.512,1.512,1.512,,-,,8.0,,783.0
137148,2009,1158.0,5.0,0.0,0.5181,0.5181,0.5181,0.5181,,-,18.0,,25398.0,807.0
137148,2010,1839.0,7.0,0.0,0.4568,0.4568,0.4568,0.4568,,-,15.0,13.0,26777.0,959.0
137148,2011,2481.0,8.0,0.0,0.3869,0.3869,0.3869,0.3869,,-,27.0,37.0,18611.0,613.0
137148,2012,3041.0,6.0,0.0,0.2368,0.2368,0.2368,0.2368,,-,20.0,29.0,17160.0,878.0
137148,2013,2805.0,10.0,1.0,0.4492,0.4492,0.4492,0.4492,,-,16.0,17.0,16957.0,916.0
137148,2014,3089.0,13.0,3.0,0.5633,0.5633,0.5633,0.5633,,-,21.0,26.0,17989.0,783.0
137148,2015,3367.0,12.0,7.0,0.5524,0.5524,0.5524,0.5524,,-,17.0,16.0,17837.0,749.0
137148,2016,3056.0,8.0,8.0,0.4712,0.4712,0.4712,0.4712,,-,6.0,15.0,17580.0,676.0
137148,2017,2820.0,10.0,10.0,0.6383,0.6383,0.6383,0.6383,,-,7.0,3.0,16766.0,628.0
137148,2018,2279.0,19.0,9.0,1.2374,1.2374,1.2374,1.2374,,-,,,16747.0,
137209,1998,115624.0,0.0,834.0,0.4328,0.4378,0.4511,0.4571,1.1799,o,,,,
137209,1999,123956.0,0.0,875.0,0.4235,0.4284,0.441,0.4468,1.1758,o,,,,
137209,2000,129843.0,0.0,835.0,0.3859,0.3857,0.3855,0.3854,0.9962,o,,,,
137209,2001,161402.0,0.0,849.0,0.3156,0.323,0.3427,0.3518,1.3901,o,,,,
137209,2002,227894.0,0.0,1047.0,0.2757,0.2824,0.3006,0.3091,1.4148,o,2176.0,,2179.0,
137209,2003,258745.0,0.0,1166.0,0.2704,0.2716,0.2747,0.276,1.0648,o,2464.0,,2201.0,84.0
137209,2004,286200.0,0.0,1336.0,0.2801,0.2823,0.288,0.2905,1.1175,o,2792.0,,2897.0,82.0
137209,2005,272760.0,0.0,1244.0,0.2736,0.2772,0.2866,0.2909,1.2034,o,2110.0,,3108.0,85.0
137209,2006,229597.0,0.0,1376.0,0.3596,0.3541,0.3404,0.3345,0.8029,o,2291.0,,3242.0,100.0
137209,2007,262680.0,0.0,1350.0,0.3084,0.3069,0.3032,0.3016,0.9347,o,2614.0,575.0,3297.0,86.0
137209,2008,286650.0,0.0,1351.0,0.2828,0.2862,0.2952,0.2993,1.1879,o,2829.0,821.0,3189.0,83.0
137209,2009,330780.0,0.0,1704.0,0.3091,0.3122,0.3203,0.324,1.1535,o,3437.0,1084.0,3502.0,88.0
137209,2010,366179.0,0.0,2004.0,0.3284,0.3338,0.3481,0.3547,1.2629,o,3579.0,890.0,3921.0,87.0
137209,2011,418015.0,0.0,2126.0,0.3052,0.308,0.3155,0.3189,1.1424,o,3400.0,1143.0,4054.0,75.0
137209,2012,418481.0,17.0,2811.0,0.4079,0.407,0.4047,0.4037,0.9692,o,3243.0,1495.0,4260.0,77.0
137209,2013,413426.0,46.0,2788.0,0.418,0.4158,0.4104,0.408,0.9294,o,3226.0,1302.0,4185.0,87.0
137209,2014,378065.0,183.0,2831.0,0.5074,0.5063,0.5037,0.5025,0.9712,o,3162.0,1450.0,4122.0,83.0
137209,2015,356210.0,188.0,2775.0,0.5308,0.5299,0.5278,0.5268,0.9776,o,3103.0,1419.0,4087.0,87.0
137209,2016,339526.0,240.0,3139.0,0.6395,0.6382,0.6349,0.6335,0.9715,o,3104.0,1463.0,4059.0,90.0
137209,2017,338450.0,285.0,2998.0,0.6325,0.6321,0.6311,0.6306,0.9909,o,3088.0,1301.0,3991.0,91.0
137209,2018,337824.0,362.0,2811.0,0.6278,0.6276,0.6271,0.6268,0.995,o,3233.0,1169.0,3902.0,90.0
137209,2019,339617.0,468.0,3075.0,0.7086,0.7108,0.7163,0.7188,1.0443,o,3022.0,1356.0,3820.0,86.0
137209,2020,338295.0,544.0,2706.0,0.6729,0.6708,0.6654,0.663,0.9562,o,2218.0,1002.0,3763.0,86.0
137209,2021,321473.0,602.0,2926.0,0.7708,0.7525,0.7074,0.6882,0.7092,o,2292.0,1019.0,3655.0,78.0
137209,2022,300999.0,549.0,2593.0,0.7357,0.7289,0.7116,0.704,0.8748,o,2237.0,926.0,3435.0,78.0
137209,2023,284348.0,477.0,2411.0,0.71,0.7096,0.7086,0.7082,0.992,o,2164.0,994.0,3241.0,76.0
137209,2024,295793.0,536.0,2412.0,0.7067,0.7045,0.6987,0.6962,0.9556,o,2505.0,1219.0,3227.0,76.0
137245,1998,185985.0,0.0,0.0,0.0,0.0,0.0,0.0,,-,,,,
137245,1999,105990.0,0.0,0.0,0.0,0.0,0.0,0.0,,-,,,,
137272,1998,1230.0,7.0,0.0,0.6829,0.5662,0.5446,0.4943,0.5238,o,,,,
137272,1999,1611.0,9.0,0.0,0.6704,0.6325,0.6249,0.6064,0.8182,o,,,,
137272,2000,2256.0,11.0,0.0,0.5851,0.666,0.684,0.7314,1.5625,o,,,,
137272,2001,2172.0,14.0,0.0,0.7735,0.9699,1.0163,1.1425,2.1818,o,,,,
137272,2002,2094.0,14.0,0.0,0.8023,0.839,0.8468,0.8666,1.1667,o,8.0,,19054.0,
137272,2003,1890.0,14.0,0.0,0.8889,0.8209,0.8075,0.7749,0.76,o,6.0,,18693.0,524.0
137272,2004,1623.0,13.0,0.0,0.9612,0.8221,0.7959,0.7341,0.5833,o,9.0,,18242.0,516.0
137272,2005,1503.0,12.0,0.0,0.9581,0.869,0.8516,0.8097,0.7143,o,8.0,,17705.0,606.0
137272,2006,1394.0,11.0,0.0,0.9469,0.9169,0.9108,0.8957,0.8947,o,9.0,7.0,17139.0,554.0
137272,2007,1492.0,6.0,0.0,0.4826,0.5105,0.5165,0.5318,1.2143,o,11.0,8.0,25710.0,804.0
137272,2008,1925.0,17.0,0.0,1.0597,1.1519,1.172,1.2237,1.3333,o,5.0,11.0,24876.0,747.0
137272,2009,1413.0,3.0,0.0,0.2548,0.2503,0.2494,0.2472,0.9412,o,12.0,11.0,24460.0,743.0
137272,2010,1694.0,11.0,0.0,0.7792,0.7792,0.7792,0.7792,1.0,o,6.0,10.0,24301.0,808.0
137272,2011,1622.0,14.0,0.0,1.0358,1.0046,0.9983,0.9826,0.9,o,12.0,7.0,23731.0,703.0
137272,2012,1842.0,22.0,0.0,1.4332,1.483,1.4935,1.5202,1.125,o,11.0,13.0,23130.0,745.0
137272,2013,2260.0,10.0,0.0,0.531,0.5796,0.5902,0.6176,1.3529,o,17.0,8.0,22859.0,799.0
137272,2014,2694.0,14.0,0.0,0.6236,0.7089,0.7279,0.7778,1.5556,o,6.0,5.0,27780.0,901.0
137272,2015,2375.0,18.0,0.0,0.9095,0.9765,0.9909,1.0281,1.2778,o,9.0,8.0,27545.0,1420.0
137272,2016,1891.0,16.0,0.0,1.0153,0.897,0.8743,0.82,0.6522,o,10.0,8.0,27355.0,1265.0
137272,2017,1953.0,17.0,0.0,1.0445,0.9334,0.912,0.8604,0.6786,o,9.0,9.0,26898.0,1212.0
137272,2018,1348.0,9.0,0.0,0.8012,0.758,0.7494,0.7282,0.8261,o,8.0,5.0,26172.0,
137272,2019,1742.0,17.0,0.0,1.1711,1.2144,1.2235,1.2467,1.1333,o,7.0,2.0,25624.0,1351.0
137272,2020,1380.0,14.0,0.0,1.2174,1.1367,1.1207,1.0817,0.7895,o,11.0,,27765.0,1347.0
137272,2021,1804.0,16.0,0.0,1.0643,1.0477,1.0444,1.0359,0.9474,o,11.0,,26963.0,1233.0
137272,2022,870.0,9.0,0.0,1.2414,1.3378,1.3586,1.4122,1.2941,o,8.0,,25342.0,
137272,2024,1470.0,10.0,0.0,0.8163,0.7743,0.7659,0.7452,0.8333,o,26.0,,23100.0,1378.0
137281,1998,64448.0,0.0,393.0,0.3659,0.3665,0.3681,0.3688,1.0244,o,,,,
137281,1999,69000.0,0.0,412.0,0.3583,0.3597,0.3636,0.3653,1.0607,o,,,,
137281,2000,69393.0,0.0,421.0,0.364,0.373,0.3972,0.4084,1.4171,o,,,,
137281,2001,74878.0,0.0,424.0,0.3398,0.3453,0.36,0.3668,1.2609,o,,,,
137281,2002,97299.0,0.0,454.0,0.28,0.2892,0.3145,0.3264,1.5928,o,789.0,,2371.0,
137281,2003,101744.0,0.0,523.0,0.3084,0.3015,0.2843,0.2769,0.7215,o,928.0,,2693.0,61.0
137281,2004,108630.0,0.0,491.0,0.2712,0.2688,0.2626,0.2599,0.8792,o,995.0,,2628.0,61.0
137281,2005,107910.0,0.0,521.0,0.2897,0.2927,0.3006,0.3041,1.159,o,1084.0,,2788.0,67.0
137281,2006,90198.0,0.0,569.0,0.3785,0.3817,0.39,0.3938,1.1274,o,939.0,,2699.0,79.0
137281,2007,111450.0,0.0,545.0,0.2934,0.2913,0.286,0.2837,0.9033,o,1017.0,317.0,2985.0,80.0
137281,2008,118020.0,0.0,619.0,0.3147,0.3148,0.3151,0.3153,1.0054,o,1070.0,418.0,2889.0,84.0
137281,2009,129270.0,0.0,653.0,0.3031,0.305,0.31,0.3122,1.0941,o,1110.0,530.0,3147.0,82.0
137281,2010,134237.0,0.0,766.0,0.3424,0.3439,0.3477,0.3494,1.0637,o,1147.0,552.0,3314.0,84.0
137281,2011,141513.0,0.0,730.0,0.3095,0.3106,0.3135,0.3148,1.0523,o,1173.0,377.0,3398.0,81.0
137281,2012,144812.0,2.0,882.0,0.3671,0.3681,0.3707,0.3718,1.0394,o,1113.0,351.0,3478.0,78.0
137281,2013,137130.0,37.0,895.0,0.424,0.4228,0.4196,0.4182,0.9595,o,1105.0,370.0,3690.0,74.0
137281,2014,138073.0,67.0,888.0,0.4441,0.4431,0.4404,0.4392,0.9668,o,1062.0,295.0,3947.0,77.0
137281,2015,136654.0,73.0,902.0,0.4601,0.4587,0.4552,0.4536,0.9576,o,1136.0,304.0,3914.0,87.0
137281,2016,131892.0,73.0,894.0,0.4731,0.4747,0.4787,0.4806,1.0485,o,1156.0,329.0,3669.0,90.0
137281,2017,128874.0,81.0,881.0,0.4856,0.4873,0.4918,0.4938,1.0519,o,1106.0,266.0,3671.0,88.0
137281,2018,133048.0,103.0,950.0,0.5213,0.52,0.5167,0.5152,0.9651,o,1104.0,218.0,3538.0,85.0
137281,2019,133654.0,103.0,903.0,0.4979,0.497,0.4949,0.4939,0.9761,o,1037.0,299.0,3453.0,82.0
137281,2020,136018.0,123.0,908.0,0.5091,0.5068,0.501,0.4985,0.9385,o,840.0,208.0,3402.0,84.0
137281,2021,129721.0,135.0,1042.0,0.6068,0.5966,0.5711,0.5602,0.7847,o,837.0,172.0,3303.0,74.0
137281,2022,118909.0,135.0,941.0,0.6111,0.6062,0.5938,0.5884,0.8918,o,884.0,161.0,3105.0,72.0
137281,2023,115677.0,122.0,837.0,0.5607,0.5628,0.5682,0.5706,1.0543,o,992.0,188.0,2929.0,69.0
137281,2024,126382.0,143.0,850.0,0.5393,0.5447,0.5588,0.5652,1.1528,o,1088.0,238.0,2830.0,70.0
137306,1998,120.0,0.0,1.0,0.5,0.5,0.5,0.5,,n,,,,
137315,1998,28453.0,0.0,268.0,0.5651,0.5642,0.5618,0.5607,0.9763,o,,,,
137315,1999,28829.0,0.0,253.0,0.5266,0.5263,0.5255,0.5251,0.9918,o,,,,
137315,2000,29861.0,0.0,240.0,0.4822,0.4799,0.474,0.4713,0.9331,o,,,,
137315,2001,32246.0,0.0,218.0,0.4056,0.4227,0.4701,0.4928,1.8034,o,,,,
137315,2002,52300.0,0.0,227.0,0.2604,0.2568,0.2477,0.2438,0.8191,o,409.0,,2666.0,
137315,2003,57919.0,0.0,231.0,0.2393,0.2383,0.2358,0.2348,0.9435,o,548.0,,2693.0,39.0
137315,2004,58680.0,0.0,218.0,0.2229,0.229,0.2456,0.2533,1.4731,o,413.0,,2811.0,57.0
137315,2005,56670.0,0.0,267.0,0.2827,0.2798,0.2725,0.2693,0.8631,o,334.0,,2929.0,51.0
137315,2006,50970.0,0.0,242.0,0.2849,0.2777,0.2601,0.2527,0.6951,o,436.0,,2948.0,52.0
137315,2007,54060.0,0.0,252.0,0.2797,0.2827,0.2907,0.2943,1.1673,o,532.0,17.0,3097.0,54.0
137315,2008,59220.0,0.0,251.0,0.2543,0.2601,0.2757,0.2829,1.3818,o,539.0,21.0,3013.0,47.0
137315,2009,63480.0,0.0,266.0,0.2514,0.2533,0.2583,0.2605,1.1136,o,607.0,25.0,3311.0,44.0
137315,2010,63900.0,0.0,356.0,0.3343,0.3372,0.3449,0.3484,1.1335,o,526.0,33.0,3688.0,45.0
137315,2011,64080.0,0.0,435.0,0.4073,0.4049,0.3987,0.396,0.918,o,625.0,20.0,3895.0,47.0
137315,2012,58950.0,0.0,360.0,0.3664,0.3689,0.3755,0.3785,1.1033,o,525.0,27.0,4097.0,45.0
137315,2013,57060.0,0.0,379.0,0.3985,0.396,0.3895,0.3866,0.9122,o,568.0,23.0,4224.0,46.0
137315,2014,54330.0,0.0,320.0,0.3534,0.3531,0.3523,0.352,0.9878,o,566.0,28.0,4180.0,44.0
137315,2015,55920.0,28.0,430.0,0.5215,0.5227,0.526,0.5275,1.0357,o,505.0,26.0,4145.0,51.0
137315,2016,53970.0,60.0,374.0,0.5492,0.5448,0.5335,0.5286,0.8907,o,599.0,29.0,4103.0,56.0
137315,2017,55650.0,37.0,422.0,0.5348,0.539,0.55,0.5549,1.1186,o,571.0,35.0,4035.0,57.0
137315,2018,58200.0,62.0,392.0,0.532,0.5332,0.5365,0.5379,1.0344,o,563.0,21.0,3944.0,51.0
137315,2019,58290.0,64.0,423.0,0.5672,0.5656,0.5618,0.56,0.9624,o,519.0,22.0,3862.0,49.0
137315,2020,57840.0,62.0,316.0,0.4564,0.4536,0.4464,0.4433,0.9153,o,486.0,25.0,3804.0,51.0
137315,2021,59010.0,41.0,371.0,0.4606,0.4572,0.4484,0.4446,0.8983,o,669.0,30.0,3694.0,64.0
137315,2022,56850.0,62.0,331.0,0.4802,0.4899,0.5158,0.5278,1.3313,o,557.0,29.0,3472.0,38.0
137315,2023,59970.0,57.0,332.0,0.4462,0.4451,0.4422,0.4409,0.9645,o,594.0,30.0,3276.0,39.0
137315,2024,63330.0,54.0,402.0,0.4832,0.4821,0.4794,0.4782,0.969,o,499.0,150.0,3165.0,40.0
137351,1998,611664.0,5254.0,166.0,1.047,1.1063,1.1346,1.1744,1.258,o,,,,
137351,1999,615138.0,5276.0,147.0,1.0436,1.1149,1.1492,1.1976,1.317,o,,,,
137351,2000,651011.0,4733.0,177.0,0.8887,0.9592,0.9934,1.0419,1.3743,o,,,,
137351,2001,689239.0,4812.0,141.0,0.8501,0.9255,0.9622,1.0147,1.4249,o,,,,
137351,2002,718985.0,5037.0,163.0,0.8543,0.9324,0.9706,1.0252,1.4401,o,4346.0,,4071.0,
137351,2003,757326.0,4971.0,223.0,0.8053,0.859,0.8848,0.9212,1.3083,o,5051.0,,4588.0,161.0
137351,2004,825084.0,5449.0,248.0,0.8105,0.8605,0.8844,0.9181,1.283,o,4720.0,,4945.0,183.0
137351,2005,870041.0,5705.0,248.0,0.804,0.8431,0.8616,0.8876,1.2188,o,4307.0,,4974.0,175.0
137351,2006,918974.0,6118.0,314.0,0.8194,0.8284,0.8325,0.8382,1.0464,o,4357.0,3696.0,5157.0,175.0
137351,2007,938399.0,6726.0,338.0,0.8817,0.8647,0.857,0.8466,0.922,o,4054.0,4006.0,5166.0,178.0
137351,2008,957238.0,7031.0,254.0,0.8973,0.8656,0.8515,0.8325,0.8608,o,4417.0,3886.0,5059.0,177.0
137351,2009,802139.0,6067.0,186.0,0.9215,0.9076,0.9013,0.8927,0.9384,o,3767.0,2951.0,5636.0,206.0
137351,2010,817497.0,6598.0,157.0,0.98,0.9667,0.9607,0.9525,0.9446,o,4430.0,2948.0,6543.0,205.0
137351,2011,836634.0,6766.0,146.0,0.9809,0.9749,0.9721,0.9684,0.9746,o,3378.0,3125.0,7256.0,210.0
137351,2012,863388.0,7610.0,151.0,1.0682,1.0475,1.0381,1.0255,0.9217,o,3750.0,3505.0,7892.0,243.0
137351,2013,861886.0,7617.0,153.0,1.0712,1.0362,1.0206,0.9997,0.871,o,3856.0,3355.0,8467.0,266.0
137351,2014,856942.0,8079.0,170.0,1.1432,1.1229,1.1137,1.1012,0.9279,o,4116.0,3352.0,8439.0,283.0
137351,2015,855636.0,7992.0,202.0,1.135,1.1407,1.1433,1.1469,1.021,o,4133.0,3454.0,8368.0,290.0
137351,2016,866233.0,7875.0,226.0,1.1066,1.1461,1.1646,1.1904,1.1573,o,4049.0,3571.0,8310.0,301.0
137351,2017,861780.0,8100.0,325.0,1.1505,1.1709,1.1803,1.1933,1.0757,o,4165.0,3759.0,8171.0,300.0
137351,2018,873463.0,8297.0,317.0,1.1617,1.17,1.1739,1.1792,1.0304,o,4435.0,3862.0,7989.0,277.0
137351,2019,877053.0,8566.0,362.0,1.1968,1.2088,1.2144,1.222,1.0426,o,5139.0,3354.0,7822.0,257.0
137351,2020,1059170.0,10242.0,277.0,1.1761,1.2213,1.2426,1.2722,1.1701,o,5734.0,3987.0,7704.0,238.0
137351,2021,1067881.0,10225.0,224.0,1.1616,1.2425,1.2814,1.3364,1.3237,o,6279.0,4069.0,7482.0,228.0
137351,2022,1047635.0,10023.0,162.0,1.1573,1.254,1.301,1.3679,1.3969,o,6800.0,3291.0,7032.0,236.0
137351,2023,1070233.0,9955.0,187.0,1.1267,1.2143,1.2567,1.3169,1.3661,o,5803.0,3409.0,6635.0,216.0
137351,2024,1067890.0,9882.0,197.0,1.1215,1.162,1.181,1.2075,1.1591,o,6904.0,3526.0,6410.0,193.0
137403,1998,12510.0,0.0,117.0,0.5612,0.5612,0.5612,0.5612,,-,,,,
137403,1999,11143.0,0.0,92.0,0.4954,0.4954,0.4954,0.4954,,-,,,,
137421,1999,1343.0,0.0,8.0,0.3574,0.313,0.3046,0.2844,0.633,i,,,,
137421,2001,1045.0,7.0,7.0,1.2057,1.4157,1.4635,1.5902,1.7394,i,,,,
137421,2002,660.0,5.0,1.0,1.0,1.0222,1.0269,1.0387,1.0788,i,13.0,,12611.0,
137421,2003,873.0,5.0,2.0,0.8247,0.766,0.7543,0.726,0.775,i,11.0,,12235.0,
137476,1998,38284.0,222.0,0.0,0.6959,0.5971,0.5785,0.5345,0.5899,o,,,,
137476,1999,33062.0,176.0,0.0,0.6388,0.648,0.65,0.6548,1.0507,o,,,,
137476,2000,35793.0,214.0,0.0,0.7175,0.7406,0.7455,0.7578,1.1157,o,,,,
137476,2001,38132.0,233.0,0.0,0.7332,0.7687,0.7762,0.7954,1.1768,o,,,,
137476,2002,43383.0,251.0,0.0,0.6943,0.7962,0.819,0.8791,1.6034,o,170.0,,25464.0,
137476,2003,38313.0,300.0,0.0,0.9396,1.0477,1.0716,1.1336,1.4556,o,209.0,,26255.0,867.0
137476,2004,42076.0,304.0,0.0,0.867,0.8624,0.8615,0.8591,0.9819,o,192.0,,26865.0,915.0
137476,2005,37762.0,325.0,0.0,1.0328,0.9894,0.9806,0.9591,0.8624,o,206.0,,27379.0,1089.0
137476,2006,50722.0,280.0,0.0,0.6624,0.6649,0.6654,0.6666,1.0127,o,248.0,2.0,27827.0,854.0
137476,2007,40924.0,310.0,0.0,0.909,0.9579,0.9683,0.9949,1.1979,o,222.0,125.0,28357.0,1007.0
137476,2008,40445.0,287.0,0.0,0.8515,0.8917,0.9002,0.9219,1.1721,o,212.0,108.0,28798.0,967.0
137476,2009,41952.0,280.0,0.0,0.8009,0.8213,0.8256,0.8364,1.0905,o,241.0,132.0,29732.0,979.0
137476,2010,43072.0,319.0,0.0,0.8887,0.8882,0.8881,0.8878,0.9978,o,270.0,156.0,31006.0,738.0
137476,2011,46992.0,269.0,0.0,0.6869,0.7038,0.7073,0.7163,1.0872,o,209.0,173.0,31785.0,690.0
137476,2012,45695.0,222.0,0.0,0.583,0.5999,0.6035,0.6125,1.1037,o,210.0,137.0,32532.0,721.0
137476,2013,47636.0,253.0,0.0,0.6373,0.6231,0.6202,0.6129,0.9249,o,195.0,134.0,33567.0,700.0
137476,2023,72183.0,366.0,0.0,0.6085,0.6953,0.7148,0.7659,1.5843,o,578.0,244.0,34947.0,482.0
137537,2000,9405.0,0.0,0.0,0.0,0.0,0.0,0.0,,-,,,,
137537,2001,9660.0,0.0,0.0,0.0,0.0,0.0,0.0,,-,,,,
137537,2002,17292.0,0.0,0.0,0.0,0.0,0.0,0.0,,-,45.0,,14551.0,
137537,2003,24321.0,0.0,0.0,0.0,0.0,0.0,0.0,,-,53.0,,14275.0,187.0
137537,2007,12744.0,0.0,0.0,0.0,0.0,0.0,0.0,,-,31.0,,16333.0,513.0
137537,2008,13050.0,0.0,0.0,0.0,0.0,0.0,0.0,,-,18.0,1.0,17706.0,483.0
137537,2009,12450.0,0.0,2.0,0.0096,0.0096,0.0096,0.0096,,-,19.0,,18561.0,535.0
137537,2010,11820.0,0.0,9.0,0.0457,0.0457,0.0457,0.0457,,-,17.0,,21299.0,621.0
137537,2011,9870.0,0.0,7.0,0.0426,0.0426,0.0426,0.0426,,-,12.0,,20799.0,682.0
137537,2012,10110.0,0.0,5.0,0.0297,0.0297,0.0297,0.0297,,-,12.0,46.0,21906.0,579.0
137537,2013,9750.0,0.0,4.0,0.0246,0.0246,0.0246,0.0246,,-,14.0,,21522.0,556.0
137537,2014,9625.0,0.0,1.0,0.0062,0.0062,0.0062,0.0062,,-,4.0,,21197.0,420.0
137537,2015,6838.0,0.0,0.0,0.0,0.0,0.0,0.0,,-,,,21018.0,
137546,1998,55342.0,424.0,0.0,0.9194,0.9068,0.9043,0.8979,0.9538,o,,,,
137546,1999,57606.0,416.0,0.0,0.8666,0.8904,0.8955,0.9081,1.0982,o,,,,
137546,2000,58288.0,362.0,0.0,0.7453,0.7905,0.8001,0.8249,1.2251,o,,,,
137546,2001,60931.0,436.0,0.0,0.8587,0.8954,0.9031,0.9229,1.1552,o,,,,
137546,2002,60187.0,465.0,0.0,0.9271,0.9279,0.928,0.9284,1.0029,o,544.0,,33449.0,
137546,2003,60726.0,454.0,0.0,0.8971,0.8928,0.892,0.8897,0.9835,o,529.0,,34795.0,1156.0
137546,2004,61231.0,458.0,0.0,0.8976,0.8978,0.8979,0.898,1.0009,o,600.0,,35323.0,1167.0
137546,2005,64200.0,454.0,0.0,0.8486,0.8657,0.8693,0.8783,1.0712,o,550.0,,38847.0,1170.0
137546,2006,64839.0,465.0,0.0,0.8606,0.8774,0.8809,0.8897,1.0688,o,567.0,118.0,39653.0,1213.0
137546,2007,64914.0,477.0,0.0,0.8818,0.8921,0.8943,0.8997,1.041,o,558.0,74.0,40849.0,1268.0
137546,2008,64350.0,510.0,0.0,0.951,0.9501,0.9499,0.9494,0.9965,o,617.0,80.0,42114.0,1336.0
137546,2009,63658.0,487.0,0.0,0.918,0.9238,0.925,0.928,1.0217,o,502.0,101.0,43475.0,1366.0
137546,2010,66355.0,521.0,0.0,0.9422,0.9427,0.9428,0.943,1.0018,o,547.0,118.0,45415.0,872.0
137546,2011,67648.0,537.0,0.0,0.9526,0.9335,0.9295,0.9198,0.9324,o,715.0,140.0,46658.0,853.0
137546,2012,72817.0,491.0,0.0,0.8092,0.8261,0.8296,0.8386,1.074,o,818.0,93.0,47728.0,869.0
137546,2013,79831.0,457.0,0.0,0.687,0.7526,0.767,0.804,1.37,o,852.0,83.0,48985.0,821.0
137546,2014,86870.0,492.0,0.0,0.6796,0.7777,0.7998,0.8575,1.592,o,773.0,104.0,50465.0,818.0
137546,2015,90656.0,549.0,0.0,0.7267,0.782,0.7939,0.8246,1.2876,o,983.0,90.0,52271.0,815.0
137546,2016,97892.0,606.0,0.0,0.7429,0.7727,0.779,0.7951,1.1455,o,813.0,103.0,53919.0,817.0
137546,2017,98416.0,677.0,0.0,0.8255,0.8431,0.8468,0.8561,1.0754,o,864.0,111.0,55122.0,811.0
137546,2018,98997.0,613.0,0.0,0.7431,0.7499,0.7513,0.7548,1.032,o,895.0,125.0,55447.0,791.0
137546,2019,100446.0,730.0,0.0,0.8721,0.8725,0.8726,0.8729,1.0017,o,934.0,125.0,56166.0,787.0
137546,2020,102583.0,701.0,0.0,0.82,0.8244,0.8253,0.8275,1.0184,o,859.0,104.0,57249.0,774.0
137546,2021,98805.0,685.0,0.0,0.8319,0.8482,0.8516,0.8602,1.0692,o,637.0,111.0,57778.0,722.0
137546,2022,88905.0,664.0,0.0,0.8962,0.8551,0.8468,0.8265,0.8505,o,666.0,109.0,55730.0,669.0
137546,2023,79163.0,728.0,0.0,1.1035,1.0002,0.98,0.9314,0.7124,o,638.0,105.0,54159.0,617.0
137546,2024,72682.0,608.0,0.0,1.0038,0.9153,0.8979,0.8561,0.7273,o,686.0,159.0,55220.0,581.0
137564,1998,31312.0,198.0,0.0,0.7588,0.7371,0.7326,0.7217,0.9045,o,,,,
137564,1999,29731.0,177.0,0.0,0.7144,0.7371,0.7419,0.754,1.1139,o,,,,
137564,2000,32056.0,164.0,0.0,0.6139,0.634,0.6383,0.649,1.1175,o,,,,
137564,2001,35894.0,215.0,0.0,0.7188,0.751,0.7579,0.7753,1.1633,o,,,,
137564,2002,39156.0,210.0,0.0,0.6436,0.6866,0.6959,0.7195,1.25,o,331.0,,12955.0,
137564,2003,49072.0,245.0,0.0,0.5991,0.6646,0.679,0.7164,1.4299,o,360.0,,14015.0,379.0
137564,2004,45057.0,271.0,0.0,0.7218,0.8106,0.8303,0.8817,1.4924,o,436.0,,15124.0,500.0
137564,2005,55104.0,233.0,0.0,0.5074,0.5648,0.5775,0.6104,1.4473,o,521.0,,16321.0,525.0
137564,2006,70286.0,351.0,0.0,0.5993,0.6822,0.7008,0.7494,1.5637,o,575.0,249.0,17918.0,530.0
137564,2007,73900.0,436.0,0.0,0.708,0.8093,0.832,0.8916,1.5861,o,567.0,213.0,18572.0,584.0
137564,2008,83009.0,492.0,0.0,0.7112,0.7897,0.807,0.8519,1.4347,o,532.0,189.0,19726.0,529.0
137564,2009,76365.0,529.0,0.0,0.8313,0.8653,0.8725,0.8908,1.1484,o,569.0,239.0,20820.0,579.0
137564,2010,73071.0,488.0,1.0,0.8022,0.8033,0.8035,0.8041,1.0046,o,519.0,209.0,21442.0,564.0
137564,2011,70881.0,470.0,0.0,0.7957,0.7846,0.7823,0.7767,0.9527,o,472.0,158.0,22935.0,591.0
137564,2012,64184.0,459.0,0.0,0.8582,0.8328,0.8276,0.8149,0.9017,o,592.0,257.0,24107.0,612.0
137564,2013,66033.0,449.0,0.0,0.816,0.8079,0.8063,0.8021,0.9664,o,865.0,274.0,24859.0,547.0
137564,2014,76591.0,414.0,3.0,0.651,0.7085,0.721,0.7533,1.3392,o,905.0,294.0,26313.0,548.0
137564,2015,99360.0,405.0,21.0,0.5018,0.5937,0.6148,0.6706,1.7861,o,979.0,380.0,28984.0,460.0
137564,2016,103937.0,465.0,22.0,0.5496,0.6486,0.6712,0.7313,1.7707,o,1048.0,603.0,29611.0,509.0
137564,2017,127236.0,605.0,43.0,0.5909,0.6502,0.6633,0.6969,1.3912,o,1226.0,746.0,30799.0,474.0
137564,2018,144004.0,694.0,99.0,0.6196,0.6663,0.6764,0.7023,1.2847,o,1460.0,738.0,31605.0,444.0
137564,2019,164508.0,846.0,188.0,0.6857,0.76,0.7763,0.8187,1.4257,o,1389.0,597.0,31567.0,414.0
137564,2020,176554.0,823.0,236.0,0.6396,0.7059,0.7205,0.7583,1.4055,o,1267.0,505.0,31996.0,384.0
137564,2021,171310.0,949.0,197.0,0.7338,0.7676,0.7747,0.793,1.168,o,1205.0,413.0,32122.0,362.0
137564,2022,165301.0,928.0,184.0,0.7405,0.7229,0.7193,0.7104,0.9203,o,1132.0,407.0,31068.0,383.0
137564,2023,168375.0,936.0,138.0,0.7163,0.6763,0.6683,0.6487,0.8203,o,1034.0,538.0,31208.0,332.0
137564,2024,172507.0,999.0,158.0,0.7499,0.7068,0.6982,0.6772,0.8155,o,1180.0,584.0,31732.0,322.0
137759,1998,187406.0,0.0,1612.0,0.5161,0.5209,0.5334,0.539,1.1406,o,,,,
137759,1999,192707.0,0.0,1476.0,0.4596,0.4803,0.5381,0.5659,1.8792,o,,,,
137759,2000,197103.0,0.0,1392.0,0.4237,0.4242,0.4254,0.4259,1.0156,o,,,,
137759,2001,231202.0,0.0,1549.0,0.402,0.395,0.3777,0.3703,0.7795,o,,,,
137759,2002,246082.0,0.0,1667.0,0.4064,0.4073,0.4093,0.4103,1.0286,o,2142.0,,2287.0,
137759,2003,253715.0,0.0,1679.0,0.3971,0.4014,0.4128,0.4179,1.1679,o,2314.0,,2243.0,64.0
137759,2004,275060.0,0.0,1867.0,0.4073,0.411,0.4207,0.4251,1.1388,o,2433.0,,2189.0,60.0
137759,2005,286786.0,0.0,1965.0,0.4111,0.4136,0.4203,0.4232,1.092,o,2662.0,,2292.0,62.0
137759,2006,300097.0,0.0,2016.0,0.4031,0.4063,0.4148,0.4186,1.1216,o,2594.0,,2300.0,64.0
137759,2007,300914.0,0.0,2225.0,0.4436,0.4442,0.4457,0.4463,1.0183,o,2796.0,1329.0,2488.0,72.0
137759,2008,308245.0,0.0,2248.0,0.4376,0.4395,0.4444,0.4466,1.0639,o,3150.0,1203.0,2436.0,68.0
137759,2009,319008.0,0.0,2351.0,0.4422,0.447,0.4598,0.4655,1.1688,o,3328.0,1281.0,2591.0,69.0
137759,2010,338023.0,0.0,2872.0,0.5098,0.5138,0.5244,0.5291,1.1194,o,3416.0,1456.0,2782.0,56.0
137759,2011,346898.0,0.0,2657.0,0.4596,0.4613,0.4657,0.4677,1.0546,o,3473.0,1324.0,3091.0,76.0
137759,2012,358508.0,0.0,3278.0,0.5486,0.5497,0.5527,0.554,1.03,o,2887.0,1202.0,2744.0,80.0
137759,2013,319830.0,0.0,2687.0,0.5041,0.4979,0.4823,0.4755,0.8381,o,3020.0,1091.0,2696.0,79.0
137759,2014,297250.0,0.0,2523.0,0.5093,0.5074,0.5027,0.5007,0.9497,o,2863.0,1100.0,2665.0,76.0
137759,2015,284918.0,0.0,2523.0,0.5313,0.5302,0.5272,0.5259,0.9694,o,2821.0,1061.0,2645.0,77.0
137759,2016,269916.0,0.0,2543.0,0.5653,0.5636,0.5594,0.5575,0.959,o,2733.0,995.0,2627.0,82.0
137759,2017,265563.0,0.0,2577.0,0.5822,0.5806,0.5766,0.5748,0.9616,o,2999.0,813.0,2583.0,78.0
137759,2018,266303.0,0.0,2684.0,0.6047,0.608,0.6165,0.6203,1.0799,o,2941.0,757.0,2525.0,77.0
137759,2019,264084.0,12.0,2484.0,0.5698,0.5709,0.5735,0.5747,1.0262,o,2839.0,707.0,2472.0,73.0
137759,2020,259906.0,19.0,2847.0,0.666,0.6639,0.6585,0.6562,0.9559,o,3241.0,661.0,2435.0,73.0
137759,2021,252943.0,22.0,2456.0,0.593,0.5978,0.6103,0.6159,1.1215,o,3078.0,1018.0,2365.0,87.0
137759,2022,262875.0,24.0,2516.0,0.5852,0.5857,0.587,0.5876,1.0125,o,3235.0,917.0,2223.0,72.0
137759,2023,259784.0,32.0,2405.0,0.5702,0.5712,0.5736,0.5747,1.0239,o,3656.0,1086.0,2097.0,78.0
137759,2024,277843.0,18.0,2603.0,0.5699,0.5758,0.5912,0.5982,1.1582,o,4128.0,1071.0,2026.0,87.0
137777,1998,991.0,3.0,0.0,0.3633,0.3745,0.3769,0.3829,1.1111,o,,,,
137777,2002,1050.0,9.0,0.0,1.0286,1.2576,1.311,1.4546,2.0,o,16.0,,11606.0,
137777,2003,1023.0,3.0,0.0,0.3519,0.4886,0.5229,0.6196,3.1,o,16.0,,12320.0,761.0
137777,2005,930.0,3.0,0.0,0.3871,0.4177,0.4243,0.4414,1.3,o,5.0,,11669.0,580.0
137777,2006,930.0,4.0,0.0,0.5161,0.4181,0.4003,0.359,0.4839,o,5.0,,11296.0,566.0
137777,2007,1023.0,5.0,0.0,0.5865,0.4186,0.3904,0.3279,0.3125,o,5.0,5.0,11343.0,475.0
137777,2008,1023.0,4.0,0.0,0.4692,0.3557,0.3358,0.291,0.3846,o,5.0,,14999.0,459.0
137777,2009,1023.0,4.0,0.0,0.4692,0.4172,0.4071,0.3831,0.6667,o,5.0,,15107.0,568.0
137777,2010,992.0,11.0,0.0,1.3306,1.3306,1.3306,1.3306,1.0,o,12.0,2.0,15010.0,499.0
137777,2011,1333.0,5.0,0.0,0.4501,0.525,0.542,0.5869,1.7,o,21.0,12.0,14657.0,418.0
137777,2013,1200.0,6.0,0.0,0.6,0.8407,0.9015,1.0733,3.2,o,4.0,7.0,16710.0,271.0
137777,2014,1560.0,3.0,0.0,0.2308,0.2225,0.2209,0.2168,0.8824,o,10.0,6.0,16457.0,213.0
137777,2015,1950.0,9.0,0.0,0.5538,0.4319,0.4103,0.3607,0.4242,o,19.0,,16318.0,178.0
137777,2016,1260.0,8.0,0.0,0.7619,0.7405,0.7361,0.7253,0.9062,o,11.0,,17178.0,338.0
137777,2017,1200.0,5.0,0.0,0.5,0.6113,0.6373,0.7071,2.0,o,17.0,,16891.0,350.0
137777,2018,990.0,5.0,0.0,0.6061,0.741,0.7725,0.8571,2.0,o,8.0,,16513.0,322.0
137777,2019,690.0,4.0,0.0,0.6957,0.6663,0.6604,0.6459,0.8621,o,13.0,1.0,16168.0,386.0
137777,2020,810.0,10.0,0.0,1.4815,1.3359,1.3076,1.2395,0.7,o,8.0,3.0,15926.0,427.0
137777,2021,870.0,9.0,0.0,1.2414,1.142,1.1225,1.0751,0.75,o,10.0,,15466.0,380.0
137777,2022,900.0,7.0,0.0,0.9333,0.8485,0.832,0.792,0.72,o,8.0,,16730.0,250.0
137777,2023,960.0,7.0,0.0,0.875,0.8367,0.829,0.8101,0.8571,o,6.0,,15786.0,306.0
137777,2024,880.0,9.0,0.0,1.2273,1.0911,1.0649,1.0021,0.6667,o,12.0,,16750.0,368.0
137810,1998,23736.0,95.0,84.0,0.6926,0.7169,0.7221,0.7351,1.1263,o,,,,
137810,2001,19737.0,95.0,70.0,0.7904,0.7102,0.6947,0.6573,0.6916,o,,,,
137810,2004,22912.0,55.0,120.0,0.6023,0.5987,0.598,0.5962,0.9797,o,42.0,,14030.0,859.0
137810,2005,35916.0,51.0,125.0,0.3792,0.3506,0.345,0.3312,0.763,o,116.0,,14486.0,525.0
137810,2006,43942.0,71.0,162.0,0.4151,0.5057,0.5267,0.5833,1.975,o,325.0,,15144.0,365.0
137810,2008,33041.0,55.0,111.0,0.4013,0.5905,0.6396,0.7811,3.7879,o,221.0,4.0,15751.0,473.0
137810,2009,39480.0,36.0,67.0,0.2112,0.2757,0.2914,0.3344,2.5063,o,168.0,59.0,13358.0,538.0
137810,2010,27509.0,58.0,182.0,0.65,0.6267,0.622,0.6104,0.8821,o,79.0,,25800.0,810.0
137810,2011,21630.0,28.0,64.0,0.3329,0.2713,0.2601,0.234,0.494,o,40.0,40.0,26668.0,683.0
137810,2012,17609.0,27.0,90.0,0.4907,0.3462,0.3221,0.269,0.3005,o,59.0,54.0,20866.0,546.0
137810,2013,18624.0,14.0,64.0,0.2964,0.1993,0.1836,0.1495,0.2545,o,47.0,51.0,20501.0,477.0
137810,2014,18586.0,20.0,52.0,0.297,0.2324,0.2209,0.1946,0.4292,o,27.0,38.0,19954.0,473.0
137810,2015,15143.0,16.0,58.0,0.3566,0.3107,0.302,0.2812,0.6218,o,19.0,23.0,19504.0,270.0
137810,2016,8565.0,18.0,34.0,0.4904,0.3926,0.375,0.3343,0.4646,o,,,15605.0,
137847,1998,68832.0,421.0,1.0,0.7348,0.8779,0.9108,0.9985,1.8464,o,,,,
137847,1999,67481.0,415.0,1.0,0.7389,0.8884,0.9229,1.0152,1.8877,o,,,,
137847,2000,74911.0,492.0,1.0,0.7889,0.8776,0.8972,0.948,1.444,o,,,,
137847,2001,84272.0,535.0,0.0,0.7618,0.835,0.851,0.8924,1.3722,o,,,,
137847,2002,100733.0,557.0,1.0,0.6641,0.76,0.7815,0.838,1.5922,o,963.0,,28654.0,
137847,2004,123248.0,755.0,0.0,0.7351,0.824,0.8437,0.8951,1.4826,o,994.0,,29141.0,604.0
137847,2005,127099.0,784.0,1.0,0.7407,0.7899,0.8004,0.8275,1.2482,o,1012.0,,29249.0,630.0
137847,2006,138761.0,920.0,5.0,0.7978,0.816,0.8198,0.8294,1.0808,o,1194.0,383.0,29367.0,621.0
137847,2007,144814.0,988.0,2.0,0.8195,0.8424,0.8473,0.8594,1.0997,o,1177.0,368.0,29684.0,637.0
137847,2008,149758.0,1000.0,1.0,0.8017,0.8378,0.8454,0.8649,1.164,o,1237.0,426.0,30264.0,654.0
137847,2009,156580.0,1057.0,2.0,0.8108,0.8556,0.8651,0.8895,1.2034,o,1418.0,474.0,31239.0,671.0
137847,2010,171867.0,1088.0,0.0,0.7597,0.8016,0.8105,0.8334,1.2035,o,1352.0,478.0,32138.0,690.0
137847,2011,178840.0,1206.0,2.0,0.8099,0.8473,0.8552,0.8754,1.1683,o,1631.0,406.0,32411.0,701.0
137847,2012,188921.0,1317.0,0.0,0.8365,0.8895,0.9009,0.9299,1.2357,o,1518.0,453.0,32622.0,705.0
137847,2013,194815.0,1319.0,2.0,0.8131,0.8543,0.8631,0.8855,1.1861,o,1592.0,500.0,33717.0,719.0
137847,2014,206600.0,1229.0,1.0,0.7141,0.7385,0.7437,0.7567,1.1227,o,1753.0,486.0,33931.0,730.0
137847,2015,218084.0,1412.0,1.0,0.7772,0.8035,0.809,0.823,1.1214,o,1803.0,497.0,34373.0,739.0
137847,2016,225440.0,1457.0,0.0,0.7756,0.8034,0.8093,0.8241,1.1292,o,1907.0,535.0,35061.0,757.0
137847,2017,233751.0,1516.0,0.0,0.7783,0.8191,0.8278,0.85,1.1929,o,2141.0,540.0,35363.0,769.0
137847,2018,254824.0,1562.0,0.0,0.7356,0.7774,0.7864,0.8092,1.2102,o,2164.0,458.0,35427.0,763.0
137847,2019,267011.0,1733.0,0.0,0.7788,0.8232,0.8327,0.857,1.2106,o,2184.0,488.0,35640.0,754.0
137847,2020,278883.0,1851.0,0.0,0.7965,0.834,0.8419,0.8622,1.172,o,2069.0,391.0,36049.0,764.0
137847,2021,267290.0,1966.0,0.0,0.8826,0.8954,0.898,0.9047,1.0506,o,3102.0,328.0,36049.0,790.0
137847,2022,294050.0,1922.0,0.0,0.7844,0.8272,0.8363,0.8596,1.2012,o,1878.0,499.0,34309.0,749.0
137847,2023,293718.0,2050.0,0.0,0.8375,0.8712,0.8783,0.8963,1.1454,o,2505.0,376.0,33351.0,739.0
137847,2024,312181.0,2201.0,0.0,0.846,0.8535,0.855,0.8589,1.0306,o,2544.0,436.0,33424.0,732.0
137892,1998,7125.0,0.0,50.0,0.421,0.421,0.421,0.421,,-,,,,
137892,2005,22536.0,0.0,130.0,0.3461,0.3461,0.3461,0.3461,,-,249.0,,,200.0
137892,2008,18600.0,0.0,153.0,0.4935,0.4935,0.4935,0.4935,,-,200.0,,,390.0
137892,2009,25233.0,0.0,140.0,0.3329,0.3329,0.3329,0.3329,,-,165.0,6.0,,217.0
137953,1998,6754.0,35.0,14.0,0.7462,0.7424,0.7416,0.7396,0.9824,o,,,,
137953,1999,10170.0,46.0,7.0,0.5841,0.6536,0.669,0.709,1.4737,o,,,,
137953,2002,12233.0,52.0,6.0,0.5395,0.5297,0.5277,0.5227,0.9388,o,111.0,,7708.0,
137953,2003,11384.0,58.0,9.0,0.6588,0.6913,0.6983,0.7159,1.1808,o,100.0,,7902.0,126.0
137953,2004,10932.0,60.0,11.0,0.719,0.7877,0.8028,0.8416,1.3701,o,111.0,,8126.0,145.0
137953,2005,11232.0,55.0,8.0,0.6303,0.6559,0.6613,0.675,1.1467,o,140.0,,8161.0,49.0
137953,2006,10550.0,46.0,6.0,0.5573,0.5877,0.5942,0.6108,1.201,o,78.0,,8289.0,272.0
137953,2007,8045.0,49.0,9.0,0.798,0.8056,0.8072,0.8111,1.0332,o,54.0,12.0,8847.0,276.0
137953,2008,8045.0,68.0,10.0,1.0889,0.9504,0.924,0.8612,0.6256,o,78.0,21.0,10346.0,272.0
137953,2009,6910.0,53.0,9.0,0.9986,0.8288,0.7974,0.7241,0.5259,o,71.0,9.0,10690.0,300.0
137953,2010,6750.0,36.0,13.0,0.7556,0.6766,0.6613,0.6246,0.6835,o,68.0,10.0,11364.0,312.0
137953,2011,6421.0,32.0,3.0,0.6261,0.6355,0.6375,0.6425,1.053,o,42.0,45.0,11098.0,299.0
137953,2012,6703.0,37.0,12.0,0.7698,0.7302,0.7222,0.7027,0.8333,o,62.0,53.0,11878.0,338.0
137953,2013,6876.0,39.0,10.0,0.7679,0.6919,0.6771,0.6415,0.698,o,78.0,42.0,12085.0,319.0
137953,2014,7625.0,35.0,2.0,0.5666,0.5677,0.568,0.5686,1.0072,o,113.0,45.0,12955.0,217.0
137953,2015,9979.0,40.0,4.0,0.5051,0.5927,0.6127,0.6655,1.7364,o,94.0,65.0,13198.0,175.0
137953,2016,10128.0,62.0,10.0,0.7938,0.9692,1.0101,1.12,1.9904,o,97.0,39.0,14313.0,212.0
137953,2017,9369.0,38.0,19.0,0.6084,0.6657,0.6783,0.7106,1.3643,o,63.0,43.0,14074.0,208.0
137953,2018,10229.0,49.0,12.0,0.6452,0.6129,0.6064,0.5905,0.8377,o,82.0,40.0,14507.0,339.0
137953,2019,9700.0,52.0,7.0,0.6866,0.6193,0.6062,0.5746,0.7005,o,73.0,32.0,14813.0,366.0
137953,2020,10170.0,56.0,14.0,0.7434,0.6997,0.691,0.6697,0.8115,o,80.0,51.0,15782.0,367.0
137953,2021,10281.0,53.0,14.0,0.7003,0.6913,0.6894,0.6848,0.9562,o,77.0,32.0,15326.0,427.0
137953,2022,10570.0,42.0,12.0,0.5449,0.5576,0.5603,0.567,1.0828,o,92.0,29.0,14459.0,491.0
137953,2023,10214.0,70.0,23.0,0.9575,0.9818,0.9869,0.9998,1.0903,o,96.0,51.0,14803.0,422.0
137953,2024,10399.0,56.0,19.0,0.7558,0.8024,0.8124,0.8378,1.2288,o,84.0,59.0,14300.0,441.0
137962,1998,3649.0,11.0,9.0,0.5097,0.7704,0.8391,1.0389,4.1538,o,,,,
137962,1999,3648.0,8.0,4.0,0.3289,0.4738,0.511,0.6172,3.52,o,,,,
137962,2000,3346.0,15.0,4.0,0.6097,0.5706,0.5629,0.5439,0.7959,o,,,,
137962,2001,3582.0,15.0,3.0,0.5528,0.4447,0.4251,0.3799,0.4722,o,,,,
137962,2002,3368.0,31.0,4.0,1.1758,1.015,0.9846,0.9125,0.6023,o,28.0,,10830.0,
137962,2003,3793.0,27.0,0.0,0.8542,0.9337,0.951,0.9958,1.359,o,30.0,,11522.0,366.0
137962,2004,4718.0,28.0,1.0,0.7249,0.7524,0.7583,0.773,1.1373,o,36.0,,12033.0,377.0
137962,2005,5000.0,31.0,4.0,0.792,0.844,0.8552,0.8838,1.2453,o,23.0,,12651.0,422.0
137962,2006,4500.0,40.0,6.0,1.1467,1.1829,1.1905,1.2098,1.1132,o,19.0,,13203.0,462.0
137962,2007,4390.0,36.0,1.0,0.9977,0.9086,0.8911,0.849,0.7241,o,31.0,32.0,13793.0,438.0
137962,2008,4584.0,31.0,2.0,0.8377,0.7729,0.7601,0.7291,0.7576,o,32.0,35.0,14130.0,417.0
137962,2009,4797.0,31.0,4.0,0.8255,0.8414,0.8447,0.853,1.0678,o,35.0,44.0,15179.0,483.0
137962,2010,5130.0,30.0,7.0,0.7836,0.8973,0.9228,0.9897,1.5952,o,33.0,47.0,16010.0,511.0
137962,2011,4963.0,27.0,0.0,0.6528,0.7137,0.727,0.7613,1.36,o,30.0,21.0,16506.0,512.0
137962,2012,4858.0,27.0,0.0,0.6669,0.6669,0.6669,0.6669,1.0,o,36.0,73.0,16537.0,535.0
137962,2013,5022.0,32.0,2.0,0.7885,0.7851,0.7844,0.7826,0.9851,o,24.0,52.0,16854.0,531.0
137962,2014,5461.0,45.0,0.0,0.9888,0.9536,0.9464,0.9288,0.8824,o,32.0,41.0,17537.0,517.0
137962,2015,5485.0,30.0,2.0,0.6782,0.6554,0.6508,0.6394,0.8889,o,34.0,32.0,19138.0,532.0
137962,2016,5180.0,37.0,7.0,0.9382,0.9382,0.9382,0.9382,1.0,o,26.0,32.0,20341.0,494.0
137962,2017,4843.0,40.0,0.0,0.9911,0.9911,0.9911,0.9911,1.0,o,36.0,48.0,20001.0,495.0
137962,2018,4545.0,32.0,4.0,0.8977,0.9246,0.9302,0.9446,1.1071,o,32.0,52.0,20364.0,515.0
137962,2019,5063.0,26.0,1.0,0.6281,0.6335,0.6347,0.6375,1.0303,o,34.0,38.0,19938.0,441.0
137962,2020,5325.0,36.0,3.0,0.8451,0.8688,0.8737,0.8863,1.1,o,36.0,32.0,19592.0,412.0
137962,2021,4864.0,30.0,4.0,0.7895,0.8178,0.8237,0.8389,1.129,o,34.0,29.0,19026.0,434.0
137962,2022,5318.0,30.0,4.0,0.7221,0.7282,0.7294,0.7326,1.0294,o,34.0,39.0,17882.0,384.0
137962,2023,4713.0,43.0,3.0,1.133,1.1429,1.1449,1.1501,1.0303,o,32.0,30.0,16873.0,397.0
137962,2024,5259.0,29.0,19.0,0.8785,0.8636,0.8606,0.853,0.9429,o,17.0,43.0,16300.0,370.0
138187,1998,415664.0,0.0,3102.0,0.4478,0.4513,0.4604,0.4645,1.1174,o,,,,
138187,1999,410963.0,0.0,2875.0,0.4197,0.4203,0.4217,0.4223,1.0189,o,,,,
138187,2000,440376.0,0.0,2954.0,0.4025,0.4205,0.4708,0.495,1.8726,o,,,,
138187,2001,542380.0,0.0,3354.0,0.371,0.3806,0.4064,0.4184,1.4396,o,,,,
138187,2002,597829.0,0.0,3626.0,0.3639,0.3667,0.3741,0.3774,1.1164,o,4211.0,,2707.0,
138187,2003,617102.0,0.0,3708.0,0.3605,0.3562,0.3455,0.3408,0.8433,o,4264.0,,2702.0,82.0
138187,2004,625403.0,0.0,3850.0,0.3694,0.367,0.3609,0.3582,0.9113,o,4513.0,,2867.0,81.0
138187,2005,615589.0,0.0,3996.0,0.3895,0.3912,0.3957,0.3977,1.065,o,5009.0,,2897.0,89.0
138187,2006,610712.0,0.0,4145.0,0.4072,0.411,0.4209,0.4254,1.1414,o,5393.0,,3090.0,94.0
138187,2007,630707.0,0.0,4116.0,0.3916,0.395,0.404,0.408,1.1327,o,6359.0,2601.0,3176.0,87.0
138187,2008,698681.0,0.0,4240.0,0.3641,0.3693,0.3829,0.3891,1.2226,o,6504.0,2845.0,3073.0,82.0
138187,2009,778791.0,0.0,5128.0,0.3951,0.3979,0.4052,0.4085,1.1069,o,7272.0,3328.0,3360.0,82.0
138187,2010,890459.0,0.0,6303.0,0.4247,0.4284,0.4379,0.4423,1.1307,o,7544.0,3835.0,3821.0,73.0
138187,2011,940614.0,0.0,6627.0,0.4227,0.4254,0.4324,0.4356,1.0952,o,8210.0,3927.0,3842.0,66.0
138187,2012,951680.0,0.0,7974.0,0.5027,0.5064,0.5158,0.5201,1.1083,o,8055.0,3812.0,4044.0,71.0
138187,2013,908152.0,10.0,7117.0,0.4715,0.4723,0.4742,0.475,1.0226,o,8167.0,3538.0,3179.0,77.0
138187,2014,891355.0,25.0,7384.0,0.5004,0.5006,0.5009,0.5011,1.0042,o,8663.0,3441.0,3131.0,79.0
138187,2015,899097.0,30.0,7625.0,0.5128,0.5152,0.5214,0.5241,1.0681,o,8645.0,3257.0,3230.0,86.0
138187,2016,903134.0,62.0,7395.0,0.4995,0.5005,0.5029,0.504,1.0273,o,8874.0,3142.0,3207.0,96.0
138187,2017,900566.0,78.0,8077.0,0.5485,0.5495,0.552,0.5531,1.0254,o,8959.0,3052.0,3154.0,99.0
138187,2018,923980.0,89.0,8009.0,0.5316,0.5325,0.5346,0.5356,1.0228,o,8883.0,3150.0,3083.0,93.0
138187,2019,976503.0,80.0,8516.0,0.5331,0.5329,0.5326,0.5324,0.9962,o,9066.0,3261.0,3019.0,87.0
138187,2020,999463.0,337.0,8582.0,0.5557,0.5563,0.5579,0.5586,1.0163,o,7180.0,2534.0,2974.0,77.0
138187,2021,1026743.0,643.0,9246.0,0.6155,0.6059,0.5821,0.5718,0.8,o,7271.0,2719.0,2888.0,80.0
138187,2022,917304.0,761.0,8600.0,0.6621,0.657,0.644,0.6383,0.8951,o,9242.0,2716.0,2714.0,81.0
138187,2023,928129.0,731.0,8151.0,0.6214,0.6322,0.6609,0.674,1.2791,o,8980.0,2497.0,2561.0,78.0
138187,2024,1002098.0,787.0,7536.0,0.5455,0.5487,0.557,0.5608,1.0876,o,9758.0,2797.0,2474.0,71.0
138275,1998,21170.0,256.0,6.0,1.4681,1.4369,1.4305,1.4147,0.9286,o,,,,
138275,1999,24651.0,322.0,4.0,1.5772,1.6426,1.6565,1.6917,1.1504,o,,,,
138275,2000,26975.0,366.0,5.0,1.6393,1.7612,1.7876,1.8552,1.2807,o,,,,
138275,2001,30587.0,339.0,1.0,1.3319,1.5354,1.5812,1.7018,1.6325,o,,,,
138275,2002,31550.0,370.0,13.0,1.432,1.6296,1.6737,1.7895,1.5615,o,121.0,,17391.0,
138275,2003,33199.0,366.0,11.0,1.3428,1.4942,1.5275,1.6143,1.4452,o,120.0,,17911.0,493.0
138275,2004,29110.0,371.0,10.0,1.55,1.6581,1.6814,1.7411,1.2618,o,128.0,,18723.0,215.0
138275,2005,29650.0,303.0,11.0,1.2486,1.3232,1.3392,1.38,1.2217,o,108.0,,18896.0,210.0
138275,2006,28687.0,321.0,11.0,1.3658,1.4109,1.4204,1.4444,1.1185,o,103.0,160.0,18432.0,219.0
138275,2007,28042.0,285.0,20.0,1.2624,1.2146,1.205,1.1812,0.8755,o,143.0,196.0,19978.0,189.0
138275,2008,30798.0,315.0,44.0,1.3131,1.31,1.3094,1.3078,0.9919,o,147.0,163.0,20282.0,207.0
138275,2009,29269.0,283.0,45.0,1.2525,1.3296,1.3462,1.3884,1.2288,o,141.0,148.0,21280.0,233.0
138275,2010,28639.0,259.0,47.0,1.1837,1.2955,1.3199,1.3829,1.3649,o,178.0,134.0,21900.0,208.0
138275,2011,30812.0,244.0,37.0,1.0223,1.1023,1.1197,1.1642,1.2967,o,135.0,130.0,22307.0,168.0
138275,2012,25389.0,203.0,63.0,1.1084,1.1332,1.1384,1.1515,1.0793,o,200.0,175.0,22668.0,203.0
138275,2013,28782.0,193.0,49.0,0.9068,0.9475,0.9561,0.978,1.1632,o,179.0,166.0,23367.0,206.0
138275,2014,29294.0,188.0,55.0,0.8828,0.928,0.9377,0.9622,1.1881,o,193.0,144.0,24265.0,199.0
138275,2015,29099.0,195.0,72.0,0.9526,1.0015,1.012,1.0385,1.1885,o,226.0,143.0,24759.0,456.0
138275,2016,29256.0,200.0,68.0,0.9598,1.0241,1.038,1.0734,1.2507,o,182.0,105.0,25610.0,470.0
138275,2017,27067.0,190.0,88.0,1.0374,1.0598,1.0645,1.0764,1.0765,o,262.0,125.0,26403.0,473.0
138275,2018,28634.0,226.0,65.0,1.0833,1.1404,1.1525,1.1835,1.1935,o,204.0,107.0,26441.0,494.0
138275,2019,25898.0,196.0,66.0,1.0611,1.0943,1.1013,1.119,1.1122,o,214.0,100.0,26471.0,495.0
138275,2020,24096.0,177.0,61.0,1.0334,1.0406,1.0422,1.046,1.0245,o,225.0,84.0,27464.0,505.0
138275,2021,22563.0,181.0,59.0,1.1195,1.1159,1.1151,1.1132,0.9887,o,227.0,89.0,28247.0,503.0
138275,2022,21164.0,181.0,34.0,1.1227,1.1128,1.1107,1.1057,0.97,o,240.0,123.0,29339.0,467.0
138275,2023,20323.0,133.0,18.0,0.8385,0.8658,0.8716,0.8862,1.1172,o,255.0,127.0,29030.0,445.0
138275,2024,21142.0,140.0,27.0,0.8713,0.9021,0.9086,0.9252,1.1276,o,248.0,109.0,28160.0,451.0
138293,1998,11309.0,78.0,19.0,0.9285,0.9343,0.9355,0.9385,1.0217,o,,,,
138293,1999,12006.0,81.0,15.0,0.8846,0.8799,0.879,0.8766,0.9821,o,,,,
138293,2000,11482.0,102.0,17.0,1.1549,1.135,1.1309,1.1208,0.9419,o,,,,
138293,2001,11802.0,97.0,12.0,1.0473,1.0744,1.0801,1.0945,1.0922,o,,,,
138293,2002,12421.0,114.0,11.0,1.1545,1.1744,1.1785,1.189,1.0606,o,139.0,,17842.0,
138293,2003,15489.0,106.0,10.0,0.86,0.9579,0.9795,1.0358,1.4506,o,120.0,,19254.0,599.0
138293,2004,16008.0,82.0,5.0,0.6334,0.7365,0.7598,0.8215,1.6818,o,135.0,,19071.0,647.0
138293,2005,16247.0,133.0,9.0,1.0156,1.1327,1.1586,1.2259,1.4571,o,143.0,,20764.0,653.0
138293,2006,15932.0,117.0,6.0,0.9038,0.949,0.9586,0.9831,1.183,o,148.0,59.0,21735.0,677.0
138293,2007,15625.0,105.0,8.0,0.8371,0.8659,0.872,0.8873,1.1236,o,121.0,55.0,24046.0,735.0
138293,2008,15109.0,112.0,10.0,0.9292,0.9438,0.9468,0.9544,1.0549,o,166.0,68.0,24525.0,458.0
138293,2009,16202.0,105.0,5.0,0.7962,0.8036,0.8051,0.809,1.0324,o,173.0,76.0,24460.0,449.0
138293,2010,19172.0,104.0,2.0,0.6572,0.687,0.6933,0.7093,1.1649,o,179.0,109.0,25517.0,475.0
138293,2011,20350.0,96.0,3.0,0.5749,0.6216,0.6317,0.6577,1.3086,o,141.0,91.0,26163.0,526.0
138293,2012,19561.0,131.0,4.0,0.8159,0.8421,0.8476,0.8615,1.115,o,183.0,84.0,26763.0,559.0
138293,2013,19321.0,116.0,3.0,0.7298,0.7203,0.7183,0.7134,0.9558,o,205.0,91.0,27295.0,554.0
138293,2014,20083.0,116.0,4.0,0.7051,0.7253,0.7295,0.7403,1.1023,o,149.0,111.0,27714.0,527.0
138293,2015,20067.0,128.0,2.0,0.7714,0.7943,0.7992,0.8114,1.1062,o,181.0,77.0,31376.0,550.0
138293,2016,20037.0,120.0,11.0,0.7516,0.7556,0.7565,0.7585,1.0185,o,178.0,93.0,32141.0,557.0
138293,2017,19113.0,131.0,9.0,0.8507,0.8318,0.8279,0.8183,0.9253,o,173.0,88.0,32326.0,561.0
138293,2018,17600.0,123.0,4.0,0.8523,0.8502,0.8497,0.8487,0.9915,o,187.0,104.0,31603.0,515.0
138293,2019,17686.0,113.0,7.0,0.7905,0.8107,0.8149,0.8256,1.0909,o,203.0,95.0,31867.0,539.0
138293,2020,18179.0,100.0,12.0,0.6997,0.7167,0.7203,0.7293,1.0864,o,286.0,97.0,33263.0,576.0
138293,2021,20889.0,121.0,14.0,0.7353,0.8095,0.8258,0.8679,1.3932,o,237.0,85.0,32995.0,611.0
138293,2022,23600.0,104.0,7.0,0.5466,0.6091,0.6229,0.6588,1.4528,o,279.0,122.0,32400.0,538.0
138293,2023,25061.0,138.0,7.0,0.6775,0.7349,0.7473,0.7793,1.3231,o,270.0,112.0,31881.0,500.0
138293,2024,23827.0,137.0,6.0,0.7051,0.7291,0.7342,0.7471,1.1227,o,280.0,114.0,32150.0,457.0
138309,1998,7524.0,0.0,95.0,0.7576,0.7576,0.7576,0.7576,,-,,,,
138309,1999,11135.0,0.0,85.0,0.458,0.458,0.458,0.458,,-,,,,
138309,2000,5586.0,0.0,122.0,1.3104,1.3104,1.3104,1.3104,,-,,,,
138309,2002,6600.0,0.0,103.0,0.9364,0.9364,0.9364,0.9364,,-,102.0,,15936.0,
138309,2005,13380.0,10.0,124.0,0.6457,0.6457,0.6457,0.6457,,-,110.0,,16426.0,866.0
138309,2006,13087.0,6.0,87.0,0.4539,0.4539,0.4539,0.4539,,-,79.0,,15900.0,994.0
138309,2007,13616.0,14.0,77.0,0.4627,0.4627,0.4627,0.4627,,-,72.0,61.0,15434.0,992.0
138309,2008,22798.0,18.0,70.0,0.279,0.279,0.279,0.279,,-,188.0,244.0,19843.0,620.0
138309,2010,129264.0,28.0,190.0,0.1142,0.1142,0.1142,0.1142,,-,581.0,619.0,18812.0,709.0
138309,2011,153643.0,59.0,302.0,0.164,0.164,0.164,0.164,,-,431.0,910.0,18873.0,640.0
138309,2012,150108.0,253.0,699.0,0.4817,0.4817,0.4817,0.4817,,-,451.0,968.0,17171.0,669.0
138309,2013,172085.0,333.0,949.0,0.5631,0.5631,0.5631,0.5631,,-,341.0,1005.0,16870.0,650.0
138309,2014,190767.0,332.0,1137.0,0.5664,0.5664,0.5664,0.5664,,-,256.0,1363.0,14172.0,532.0
138309,2015,189215.0,807.0,1100.0,0.8606,0.8606,0.8606,0.8606,,-,232.0,1945.0,14052.0,485.0
138309,2016,220529.0,943.0,1124.0,0.8189,0.8189,0.8189,0.8189,,-,357.0,1322.0,12135.0,419.0
138309,2017,223544.0,1379.0,1134.0,1.0446,1.0446,1.0446,1.0446,,-,457.0,1327.0,11932.0,478.0
138309,2018,235367.0,1464.0,1440.0,1.1135,1.1135,1.1135,1.1135,,-,343.0,1497.0,13628.0,505.0
138309,2019,251433.0,1436.0,1507.0,1.045,1.045,1.045,1.045,,-,445.0,1405.0,13343.0,506.0
138309,2020,252089.0,1415.0,1380.0,1.002,1.002,1.002,1.002,,-,465.0,1751.0,13143.0,528.0
138309,2021,262873.0,1278.0,1858.0,1.0075,1.0075,1.0075,1.0075,,-,369.0,1527.0,14070.0,504.0
138309,2022,247759.0,1180.0,2014.0,1.0593,1.0593,1.0593,1.0593,,-,466.0,1565.0,12843.0,516.0
138309,2024,127111.0,865.0,1328.0,1.4435,1.4435,1.4435,1.4435,,-,176.0,772.0,15117.0,455.0
138336,1998,4890.0,0.0,0.0,0.0,0.0,0.0,0.0,,-,,,,
138336,1999,7080.0,0.0,68.0,0.5763,0.5763,0.5763,0.5763,,-,,,,
138336,2000,2885.0,0.0,48.0,0.9982,0.9982,0.9982,0.9982,,-,,,,
138336,2001,3432.0,0.0,72.0,1.2587,1.2587,1.2587,1.2587,,-,,,,
138336,2004,6200.0,0.0,83.0,0.8032,0.8032,0.8032,0.8032,,-,157.0,,15928.0,
138336,2006,10773.0,5.0,61.0,0.3954,0.3954,0.3954,0.3954,,-,65.0,,15900.0,
138336,2007,11217.0,13.0,45.0,0.3798,0.3798,0.3798,0.3798,,-,66.0,49.0,15434.0,
138336,2008,13603.0,13.0,41.0,0.2955,0.2955,0.2955,0.2955,,-,92.0,72.0,19843.0,556.0
138336,2009,17985.0,12.0,41.0,0.2168,0.2168,0.2168,0.2168,,-,,,18215.0,
138354,1998,158431.0,1321.0,93.0,1.0358,1.0709,1.0873,1.1102,1.1489,o,,,,
138354,1999,160931.0,1321.0,89.0,1.0182,1.0866,1.1194,1.1658,1.311,o,,,,
138354,2000,159022.0,1266.0,94.0,0.9908,1.0851,1.1313,1.1975,1.4607,o,,,,
138354,2001,173653.0,1179.0,106.0,0.8514,0.9301,0.9686,1.0236,1.4456,o,,,,
138354,2002,190686.0,1364.0,124.0,0.8974,0.9604,0.9908,1.0338,1.327,o,933.0,,3600.0,
138354,2003,196465.0,1457.0,113.0,0.9244,0.9852,1.0144,1.0556,1.3039,o,941.0,,3932.0,158.0
138354,2004,204519.0,1481.0,137.0,0.9092,0.9548,0.9765,1.0068,1.2264,o,956.0,,4096.0,164.0
138354,2005,210757.0,1595.0,160.0,0.9537,0.9814,0.9943,1.0122,1.1265,o,934.0,,4143.0,157.0
138354,2006,211605.0,1706.0,136.0,1.006,1.0153,1.0196,1.0255,1.039,o,993.0,1350.0,4335.0,161.0
138354,2007,215104.0,1645.0,137.0,0.9559,0.9623,0.9653,0.9693,1.0283,o,1033.0,1467.0,4325.0,152.0
138354,2008,225337.0,1733.0,139.0,0.9599,0.9752,0.9823,0.992,1.068,o,1082.0,1359.0,4185.0,149.0
138354,2009,226071.0,1799.0,122.0,0.9873,1.0143,1.0269,1.0444,1.119,o,1188.0,1468.0,4339.0,171.0
138354,2010,238949.0,1702.0,174.0,0.8984,0.9345,0.9515,0.9751,1.178,o,1239.0,1434.0,5216.0,184.0
138354,2011,251149.0,1903.0,161.0,0.9477,0.9897,1.0096,1.0373,1.1979,o,1453.0,1518.0,5799.0,189.0
138354,2012,257249.0,2053.0,186.0,1.0011,1.0607,1.0892,1.1294,1.2728,o,1795.0,1243.0,6396.0,226.0
138354,2013,264290.0,1969.0,141.0,0.926,1.0092,1.0497,1.1077,1.4308,o,1333.0,1208.0,8339.0,255.0
138354,2014,257633.0,1924.0,201.0,0.943,1.0022,1.0305,1.0705,1.2888,o,1420.0,1073.0,8370.0,261.0
138354,2015,255288.0,1927.0,113.0,0.9324,0.9374,0.9397,0.9429,1.0227,o,1359.0,1387.0,8303.0,249.0
138354,2016,255845.0,2144.0,288.0,1.0731,1.0337,1.0161,0.9927,0.8556,o,1299.0,1290.0,8245.0,255.0
138354,2017,254742.0,2201.0,833.0,1.233,1.1858,1.1647,1.1366,0.8497,o,1123.0,1356.0,8108.0,252.0
138354,2018,254842.0,2295.0,1030.0,1.3232,1.2831,1.2652,1.2411,0.8798,o,1122.0,1364.0,7926.0,243.0
138354,2019,257003.0,2368.0,877.0,1.3104,1.245,1.2161,1.1778,0.8078,o,1199.0,1325.0,7761.0,223.0
138354,2020,249106.0,2415.0,870.0,1.3729,1.329,1.3093,1.2829,0.8732,o,1258.0,1292.0,7644.0,224.0
138354,2021,252177.0,2395.0,824.0,1.3357,1.3403,1.3425,1.3453,1.0145,o,1187.0,1223.0,7424.0,226.0
138354,2022,242357.0,2240.0,1228.0,1.4131,1.4424,1.456,1.4747,1.0891,o,1183.0,1284.0,6977.0,221.0
138354,2023,240372.0,2174.0,539.0,1.2199,1.226,1.2288,1.2327,1.0211,o,1503.0,1237.0,6584.0,210.0
138354,2024,253716.0,2200.0,531.0,1.1661,1.1913,1.2031,1.2192,1.0932,o,1552.0,1169.0,6360.0,225.0
138363,1998,5911.0,0.0,0.0,0.0,0.0,0.0,0.0,,-,,,,
138363,1999,20496.0,0.0,0.0,0.0,0.0,0.0,0.0,,-,,,,
244233,2003,24760.0,19.0,221.0,0.6276,0.6276,0.6276,0.6276,,-,403.0,,12235.0,441.0
244233,2005,20960.0,34.0,210.0,0.7958,0.7958,0.7958,0.7958,,-,362.0,,11887.0,547.0
244233,2009,29888.0,20.0,119.0,0.3192,0.3192,0.3192,0.3192,,-,129.0,28.0,14906.0,572.0
244233,2010,38395.0,20.0,147.0,0.2922,0.2922,0.2922,0.2922,,-,77.0,2.0,16153.0,527.0
244233,2011,39600.0,10.0,229.0,0.3773,0.3773,0.3773,0.3773,,-,89.0,72.0,17086.0,862.0
244233,2012,21385.0,15.0,276.0,0.8585,0.8585,0.8585,0.8585,,-,59.0,110.0,17960.0,
244233,2013,18449.0,15.0,201.0,0.7512,0.7512,0.7512,0.7512,,-,47.0,61.0,20079.0,
244233,2014,16605.0,23.0,166.0,0.766,0.766,0.766,0.766,,-,46.0,88.0,20855.0,
244233,2015,14793.0,40.0,141.0,0.8963,0.8963,0.8963,0.8963,,-,35.0,44.0,16686.0,726.0
244233,2016,13011.0,47.0,110.0,0.9408,0.9408,0.9408,0.9408,,-,18.0,43.0,16942.0,727.0
244233,2017,11498.0,47.0,103.0,1.028,1.028,1.028,1.028,,-,18.0,43.0,16697.0,707.0
244233,2018,9865.0,37.0,96.0,1.0339,1.0339,1.0339,1.0339,,-,18.0,29.0,17068.0,727.0
244233,2019,8135.0,41.0,79.0,1.1875,1.1875,1.1875,1.1875,,-,19.0,33.0,17741.0,677.0
244233,2020,6765.0,33.0,49.0,1.02,1.02,1.02,1.02,,-,23.0,16.0,17475.0,669.0
244233,2024,16128.0,1.0,97.0,0.3683,0.3683,0.3683,0.3683,,-,42.0,71.0,18615.0,477.0
244279,2009,13365.0,0.0,0.0,0.0,0.0,0.0,0.0,,-,105.0,,,249.0
244279,2012,7826.0,0.0,20.0,0.1533,0.1533,0.1533,0.1533,,-,26.0,21.0,,303.0
244279,2013,7343.0,0.0,11.0,0.0899,0.0899,0.0899,0.0899,,-,40.0,,,252.0
244279,2014,8730.0,0.0,6.0,0.0412,0.0412,0.0412,0.0412,,-,34.0,11.0,,313.0
244279,2015,8850.0,0.0,20.0,0.1356,0.1356,0.1356,0.1356,,-,31.0,13.0,,402.0
244279,2016,7920.0,0.0,30.0,0.2273,0.2273,0.2273,0.2273,,-,42.0,27.0,,362.0
244279,2017,8320.0,0.0,13.0,0.0938,0.0938,0.0938,0.0938,,-,36.0,14.0,,385.0
244279,2018,9960.0,0.0,23.0,0.1386,0.1386,0.1386,0.1386,,-,24.0,19.0,,394.0
244279,2019,8820.0,0.0,35.0,0.2381,0.2381,0.2381,0.2381,,-,25.0,23.0,,416.0
244279,2020,6259.0,0.0,27.0,0.2588,0.2588,0.2588,0.2588,,-,36.0,14.0,,485.0
244279,2021,5581.0,0.0,21.0,0.2258,0.2258,0.2258,0.2258,,-,26.0,21.0,,448.0
244279,2022,4970.0,0.0,20.0,0.2414,0.2414,0.2414,0.2414,,-,18.0,14.0,,529.0
244279,2023,5250.0,0.0,18.0,0.2057,0.2057,0.2057,0.2057,,-,20.0,7.0,,335.0
250498,2000,15495.0,0.0,0.0,0.0,0.0,0.0,0.0,,-,,,,
250498,2001,10300.0,0.0,0.0,0.0,0.0,0.0,0.0,,-,,,,
250498,2004,10240.0,0.0,0.0,0.0,0.0,0.0,0.0,,-,57.0,,21973.0,297.0
250498,2007,5670.0,0.0,0.0,0.0,0.0,0.0,0.0,,-,72.0,,16955.0,309.0
250498,2009,8583.0,0.0,0.0,0.0,0.0,0.0,0.0,,-,80.0,151.0,19920.0,310.0
250498,2010,7531.0,0.0,0.0,0.0,0.0,0.0,0.0,,-,51.0,,21141.0,386.0
250498,2012,5850.0,0.0,0.0,0.0,0.0,0.0,0.0,,-,13.0,,,437.0
250498,2013,4950.0,0.0,0.0,0.0,0.0,0.0,0.0,,-,34.0,,,311.0
250504,1999,3810.0,0.0,3.0,0.0472,0.0472,0.0472,0.0472,,-,,,,
250504,2002,1155.0,0.0,5.0,0.2597,0.2597,0.2597,0.2597,,-,17.0,,12125.0,
260293,1998,24330.0,74.0,68.0,0.5327,0.433,0.4149,0.3727,0.4897,o,,,,
260293,1999,20616.0,48.0,98.0,0.5646,0.5888,0.5939,0.6069,1.1554,o,,,,
260293,2002,38392.0,54.0,128.0,0.3688,0.405,0.413,0.4335,1.3812,o,52.0,,12971.0,
260293,2005,72179.0,73.0,155.0,0.2502,0.18,0.1682,0.1419,0.3214,o,712.0,,14708.0,529.0
260293,2006,152445.0,69.0,195.0,0.1311,0.1672,0.1758,0.1994,2.314,o,1716.0,,15593.0,395.0
260293,2008,305310.0,78.0,350.0,0.0994,0.2686,0.3299,0.5517,30.7778,o,1559.0,45.0,16015.0,411.0
260293,2011,300960.0,197.0,688.0,0.2157,0.1836,0.1775,0.1633,0.5734,o,707.0,1096.0,20001.0,656.0
260293,2012,309482.0,260.0,1047.0,0.3038,0.2795,0.2747,0.2631,0.7502,o,673.0,507.0,22385.0,533.0
260293,2013,226699.0,228.0,1299.0,0.4645,0.427,0.4196,0.4017,0.748,o,80.0,224.0,20501.0,500.0
260293,2014,122981.0,198.0,846.0,0.6059,0.4747,0.4513,0.3978,0.431,o,37.0,93.0,19954.0,495.0
262095,1998,6210.0,21.0,0.0,0.4058,0.4058,0.4058,0.4058,,n,,,,
262129,2002,23328.0,113.0,0.0,0.5813,0.5813,0.5813,0.5813,,n,147.0,,4997.0,
262129,2003,22500.0,135.0,0.0,0.72,0.72,0.72,0.72,,n,157.0,,5132.0,227.0
262129,2004,23200.0,141.0,0.0,0.7293,0.7293,0.7293,0.7293,,n,189.0,,5373.0,175.0
262129,2005,24120.0,125.0,0.0,0.6219,0.6219,0.6219,0.6219,,n,218.0,,5556.0,93.0
262129,2006,26724.0,130.0,0.0,0.5837,0.6332,0.6573,0.6915,1.4034,o,175.0,32.0,5634.0,68.0
262129,2007,25228.0,147.0,0.0,0.6992,0.7437,0.765,0.795,1.2928,o,202.0,34.0,5747.0,70.0
262129,2008,26620.0,168.0,0.0,0.7573,0.7731,0.7804,0.7905,1.0896,o,222.0,17.0,5634.0,52.0
262129,2009,27044.0,158.0,0.0,0.7011,0.708,0.7112,0.7156,1.0418,o,218.0,35.0,5849.0,63.0
262129,2010,28064.0,153.0,0.0,0.6542,0.6722,0.6806,0.6922,1.1196,o,183.0,38.0,6839.0,86.0
262129,2011,27500.0,167.0,0.0,0.7287,0.7396,0.7446,0.7516,1.0637,o,237.0,33.0,7488.0,85.0
262129,2012,28816.0,179.0,0.0,0.7454,0.7437,0.743,0.7419,0.9906,o,223.0,22.0,8245.0,143.0
262129,2013,28384.0,198.0,0.0,0.8371,0.8461,0.8502,0.8559,1.0455,o,222.0,31.0,9067.0,124.0
262129,2014,26884.0,144.0,0.0,0.6428,0.659,0.6666,0.6771,1.1097,o,236.0,43.0,9040.0,101.0
262129,2015,28802.0,177.0,0.0,0.7374,0.7529,0.7601,0.7701,1.0905,o,261.0,24.0,9029.0,101.0
262129,2016,28812.0,170.0,0.0,0.708,0.7213,0.7275,0.736,1.0804,o,231.0,34.0,8966.0,90.0
262129,2017,28585.0,164.0,0.0,0.6885,0.7053,0.7131,0.7239,1.1056,o,199.0,34.0,8816.0,108.0
262129,2018,28125.0,177.0,0.0,0.7552,0.7439,0.7387,0.7318,0.9389,o,192.0,34.0,8619.0,40.0
262129,2019,26368.0,213.0,0.0,0.9694,0.9151,0.8913,0.8598,0.7867,o,147.0,26.0,8439.0,21.0
262129,2020,22944.0,183.0,0.0,0.9571,0.8753,0.8401,0.7945,0.689,o,157.0,31.0,8313.0,52.0
262129,2021,21292.0,158.0,0.0,0.8905,0.8194,0.7887,0.7487,0.707,o,160.0,31.0,8073.0,33.0
262129,2022,20552.0,156.0,0.0,0.9109,0.8661,0.8464,0.8201,0.8107,o,188.0,61.0,7587.0,
262129,2023,22424.0,125.0,2.0,0.6743,0.6785,0.6805,0.6832,1.0265,o,221.0,103.0,7159.0,
262129,2024,23592.0,130.0,8.0,0.6816,0.7319,0.7562,0.7906,1.3454,o,220.0,138.0,6916.0,
262581,1998,1776.0,0.0,8.0,0.2703,0.2703,0.2703,0.2703,,-,,,,
262581,1999,1145.0,0.0,4.0,0.2096,0.2096,0.2096,0.2096,,-,,,,
363411,1999,3420.0,9.0,0.0,0.3158,0.3158,0.3158,0.3158,,n,,,,
363712,2000,1740.0,15.0,0.0,1.0345,1.0345,1.0345,1.0345,,n,,,,
363712,2002,1740.0,2.0,0.0,0.1379,0.1524,0.1556,0.1638,1.4108,i,13.0,,12905.0,
363712,2004,1100.0,10.0,0.0,1.0909,1.0909,1.0909,1.0909,,n,12.0,,13184.0,373.0
363712,2005,1530.0,0.0,0.0,0.0,0.0,0.0,0.0,1.15,o,11.0,,12474.0,402.0
363712,2006,1100.0,3.0,0.0,0.3273,0.3273,0.3273,0.3273,1.0,o,16.0,26.0,12465.0,234.0
363712,2007,1380.0,0.0,0.0,0.0,0.0,0.0,0.0,1.125,o,7.0,,12099.0,358.0
363712,2010,1980.0,0.0,0.0,0.0,0.0,0.0,0.0,1.8148,o,22.0,,12151.0,291.0
363712,2011,1380.0,0.0,0.0,0.0,0.0,0.0,0.0,1.4783,o,16.0,16.0,11865.0,267.0
363712,2012,990.0,0.0,0.0,0.0,0.0,0.0,0.0,0.8636,o,25.0,13.0,11565.0,162.0
363712,2013,930.0,0.0,0.0,0.0,0.0,0.0,0.0,0.8367,o,18.0,18.0,11229.0,266.0
363712,2014,1160.0,0.0,0.0,0.0,0.0,0.0,0.0,1.2647,o,19.0,17.0,11059.0,339.0
363712,2016,960.0,4.0,0.0,0.5,0.4567,0.4482,0.4277,0.7317,o,11.0,15.0,10890.0,337.0
363712,2017,870.0,3.0,0.0,0.4138,0.3407,0.3273,0.296,0.5116,o,11.0,6.0,10708.0,96.0
363712,2018,750.0,3.0,0.0,0.48,0.4128,0.4001,0.3701,0.5946,o,10.0,23.0,10469.0,155.0
363712,2019,1050.0,4.0,0.0,0.4571,0.4122,0.4035,0.3825,0.7,o,19.0,7.0,10128.0,128.0
363712,2020,900.0,3.0,0.0,0.4,0.4334,0.4406,0.4592,1.3182,o,18.0,20.0,9976.0,156.0
363712,2021,1470.0,0.0,0.0,0.0,0.0,0.0,0.0,1.6818,o,5.0,35.0,9688.0,366.0
363712,2023,1380.0,2.0,0.0,0.1739,0.1626,0.1604,0.1549,0.7931,o,24.0,32.0,9109.0,215.0
363712,2024,2130.0,0.0,0.0,0.0,0.0,0.0,0.0,1.1351,o,22.0,19.0,9300.0,168.0
364885,2001,14282.0,0.0,0.0,0.0,0.0,0.0,0.0,,-,,,,
364885,2003,20790.0,0.0,0.0,0.0,0.0,0.0,0.0,,-,23.0,,,190.0
364885,2006,29408.0,0.0,15.0,0.0306,0.0306,0.0306,0.0306,,-,290.0,,,258.0
364885,2007,38432.0,0.0,9.0,0.0141,0.0141,0.0141,0.0141,,-,379.0,,12794.0,208.0
364885,2008,41696.0,0.0,1.0,0.0014,0.0014,0.0014,0.0014,,-,319.0,,15804.0,278.0
364885,2010,18496.0,0.0,7.0,0.0227,0.0227,0.0227,0.0227,,-,146.0,16.0,21757.0,344.0
366003,2009,936.0,3.0,4.0,0.641,0.641,0.641,0.641,,n,9.0,1.0,,160.0
366003,2010,1040.0,5.0,2.0,0.6923,0.6923,0.6923,0.6923,,n,9.0,4.0,7155.0,351.0
366003,2011,1272.0,3.0,2.0,0.3774,0.3774,0.3774,0.3774,,n,15.0,,6987.0,233.0
366003,2012,1423.0,12.0,8.0,1.3493,1.3493,1.3493,1.3493,,n,12.0,1.0,6823.0,292.0
366003,2013,1878.0,7.0,1.0,0.4792,0.4792,0.4792,0.4792,,n,31.0,,6721.0,258.0
366003,2014,2592.0,11.0,3.0,0.5787,0.745,0.7849,0.8944,2.3889,o,26.0,4.0,6754.0,288.0
366003,2015,2760.0,6.0,4.0,0.3478,0.447,0.4708,0.536,2.375,o,20.0,24.0,8094.0,340.0
366003,2016,3237.0,11.0,12.0,0.6302,0.7355,0.7594,0.8226,1.7037,o,23.0,18.0,8038.0,345.0
366003,2017,3402.0,4.0,10.0,0.3175,0.3175,0.3175,0.3175,1.0,o,16.0,7.0,8363.0,427.0
366003,2018,3372.0,10.0,4.0,0.427,0.3825,0.3739,0.3532,0.6842,o,22.0,13.0,8300.0,522.0
366003,2019,4125.0,17.0,7.0,0.5964,0.5642,0.5578,0.542,0.8261,o,16.0,16.0,8419.0,575.0
366003,2020,6594.0,12.0,23.0,0.4277,0.4126,0.4096,0.402,0.8837,o,7.0,13.0,8293.0,496.0
366003,2021,5199.0,11.0,21.0,0.4962,0.4258,0.4125,0.3811,0.5897,o,1.0,8.0,8334.0,538.0
366003,2022,4620.0,17.0,29.0,0.8182,0.5207,0.4743,0.3754,0.2105,o,18.0,5.0,7833.0,507.0
366003,2023,4833.0,18.0,30.0,0.8194,0.6702,0.6429,0.5794,0.5,o,20.0,7.0,7639.0,483.0
366003,2024,6105.0,15.0,23.0,0.5209,0.6025,0.621,0.6695,1.6522,o,24.0,19.0,7380.0,487.0
366182,1998,3062.0,0.0,0.0,0.0,0.0,0.0,0.0,,-,,,,
366182,1999,2760.0,0.0,0.0,0.0,0.0,0.0,0.0,,-,,,,
366553,1998,17736.0,0.0,74.0,0.2503,0.2503,0.2503,0.2503,,-,,,,
366553,1999,19440.0,0.0,102.0,0.3148,0.3148,0.3148,0.3148,,-,,,,
366553,2000,22449.0,0.0,95.0,0.2539,0.2539,0.2539,0.2539,,-,,,,
366553,2002,32972.0,0.0,169.0,0.3075,0.3075,0.3075,0.3075,,-,259.0,,20267.0,
366553,2004,69695.0,0.0,377.0,0.3246,0.3246,0.3246,0.3246,,-,300.0,,11940.0,425.0
366553,2005,68635.0,0.0,528.0,0.4616,0.4616,0.4616,0.4616,,-,259.0,,17818.0,433.0
366553,2006,62391.0,0.0,645.0,0.6203,0.6203,0.6203,0.6203,,-,434.0,112.0,14288.0,465.0
366553,2007,55181.0,0.0,530.0,0.5763,0.5763,0.5763,0.5763,,-,226.0,166.0,13157.0,509.0
366553,2008,56799.0,18.0,388.0,0.4479,0.4479,0.4479,0.4479,,-,309.0,112.0,14209.0,477.0
366553,2009,68910.0,52.0,404.0,0.4423,0.4423,0.4423,0.4423,,-,653.0,289.0,15539.0,501.0
366553,2010,88576.0,33.0,401.0,0.3163,0.3163,0.3163,0.3163,,-,438.0,202.0,16210.0,80.0
366553,2011,80504.0,68.0,655.0,0.5895,0.5895,0.5895,0.5895,,-,167.0,175.0,16584.0,615.0
366553,2012,62103.0,87.0,607.0,0.7546,0.7546,0.7546,0.7546,,-,179.0,159.0,18368.0,691.0
366553,2013,48135.0,104.0,404.0,0.7628,0.7628,0.7628,0.7628,,-,156.0,236.0,18528.0,714.0
366553,2014,45933.0,80.0,299.0,0.5996,0.5996,0.5996,0.5996,,-,131.0,246.0,18248.0,577.0
366553,2015,43837.0,84.0,306.0,0.6488,0.6488,0.6488,0.6488,,-,98.0,204.0,18094.0,598.0
366553,2016,30270.0,71.0,293.0,0.8622,0.8622,0.8622,0.8622,,-,135.0,238.0,18669.0,759.0
366553,2017,28745.0,38.0,251.0,0.6826,0.6826,0.6826,0.6826,,-,85.0,174.0,19045.0,748.0
366553,2018,35571.0,23.0,268.0,0.5296,0.5296,0.5296,0.5296,,-,181.0,110.0,17946.0,656.0
366553,2019,31341.0,5.0,234.0,0.4671,0.4671,0.4671,0.4671,,-,218.0,204.0,15770.0,616.0
366553,2020,36027.0,2.0,152.0,0.2598,0.2598,0.2598,0.2598,,-,187.0,259.0,16486.0,499.0
366553,2021,37543.0,0.0,152.0,0.2429,0.2429,0.2429,0.2429,,-,278.0,194.0,16219.0,559.0
366553,2024,27681.0,0.0,217.0,0.4704,0.4704,0.4704,0.4704,,-,269.0,46.0,14742.0,516.0
367884,1998,7590.0,33.0,32.0,0.7747,0.6002,0.5693,0.4989,0.4147,o,,,,
367884,1999,11310.0,36.0,40.0,0.5942,0.4631,0.4398,0.3866,0.4233,o,,,,
367884,2000,10180.0,53.0,58.0,0.9666,0.7821,0.7485,0.6708,0.4817,o,,,,
367884,2001,12225.0,56.0,44.0,0.7656,0.8328,0.8474,0.8851,1.3364,o,,,,
367884,2002,14395.0,76.0,60.0,0.8836,0.9839,1.0061,1.0636,1.4488,o,60.0,,12524.0,
367884,2003,36312.0,240.0,108.0,0.9716,1.0764,1.0995,1.1594,1.4239,o,119.0,,13680.0,496.0
367884,2004,39655.0,315.0,93.0,1.0939,1.1675,1.1834,1.2239,1.2517,o,138.0,,14162.0,517.0
367884,2005,30206.0,288.0,113.0,1.3686,1.5079,1.5384,1.6175,1.3967,o,195.0,,14518.0,726.0
367884,2006,43147.0,342.0,132.0,1.1347,1.4873,1.5729,1.8092,2.542,o,129.0,297.0,14802.0,558.0
367884,2007,42972.0,323.0,113.0,1.0598,1.2587,1.3044,1.4258,1.8101,o,158.0,288.0,15275.0,593.0
367884,2008,45095.0,362.0,135.0,1.1429,1.1801,1.1879,1.2078,1.1167,o,185.0,328.0,14981.0,595.0
367884,2009,53049.0,307.0,126.0,0.837,0.8442,0.8457,0.8494,1.03,o,287.0,352.0,16086.0,628.0
367884,2010,62777.0,314.0,173.0,0.7656,0.8538,0.8733,0.924,1.4568,o,208.0,431.0,16325.0,688.0
367884,2011,68666.0,303.0,202.0,0.706,0.8269,0.8544,0.9272,1.7247,o,162.0,337.0,15942.0,670.0
367884,2012,66520.0,299.0,242.0,0.7577,0.7745,0.778,0.7869,1.0787,o,201.0,318.0,16028.0,651.0
367884,2013,59917.0,276.0,234.0,0.7871,0.7294,0.718,0.6902,0.7691,o,170.0,287.0,16389.0,675.0
367884,2014,53408.0,289.0,207.0,0.8819,0.8111,0.7972,0.7635,0.7495,o,134.0,272.0,16773.0,694.0
367884,2015,48722.0,257.0,166.0,0.8374,0.791,0.7818,0.7591,0.8216,o,146.0,245.0,17258.0,695.0
367884,2016,38956.0,213.0,148.0,0.8841,0.82,0.8073,0.7765,0.7714,o,149.0,232.0,17139.0,755.0
367884,2017,38701.0,218.0,134.0,0.8837,0.8269,0.8156,0.788,0.7951,o,89.0,157.0,17465.0,703.0
367884,2018,28725.0,187.0,120.0,1.0319,0.9612,0.9471,0.913,0.7829,o,102.0,70.0,17373.0,768.0
367884,2019,25488.0,170.0,108.0,1.0546,0.9439,0.9225,0.871,0.6821,o,72.0,67.0,17303.0,718.0
367884,2020,22047.0,104.0,78.0,0.7783,0.6678,0.647,0.5978,0.5898,o,44.0,60.0,17188.0,731.0
367884,2021,17070.0,107.0,105.0,1.1213,0.9103,0.8719,0.7828,0.4874,o,23.0,35.0,17112.0,706.0
367884,2022,11610.0,94.0,44.0,1.199,0.8848,0.8309,0.7101,0.3508,o,31.0,43.0,16214.0,802.0
367893,1998,480.0,0.0,0.0,0.0,0.0,0.0,0.0,1.1832,i,,,,
367893,2002,240.0,3.0,0.0,1.5,1.5,1.5,1.5,,n,,,4365.0,
367893,2004,462.0,0.0,0.0,0.0,0.0,0.0,0.0,,n,,,,131.0
367893,2005,483.0,4.0,0.0,0.9938,0.9938,0.9938,0.9938,,n,,,,162.0
367893,2008,192.0,2.0,0.0,1.25,1.25,1.25,1.25,,n,,1.0,4390.0,141.0
367893,2009,147.0,2.0,0.0,1.6327,1.6327,1.6327,1.6327,,n,,3.0,5410.0,286.0
367893,2010,141.0,1.0,0.0,0.8511,0.8511,0.8511,0.8511,,n,,,,
367909,1998,11484.0,30.0,63.0,0.6426,0.4146,0.3787,0.3019,0.2206,o,,,,
367909,2005,28245.0,19.0,85.0,0.2613,0.3533,0.376,0.4395,2.8299,i,169.0,,14486.0,505.0
367909,2006,40849.0,25.0,103.0,0.2247,0.3234,0.3487,0.421,3.5091,o,302.0,,15425.0,331.0
367909,2008,43184.0,32.0,90.0,0.214,0.2396,0.2452,0.26,1.4764,i,177.0,6.0,16015.0,421.0
367909,2009,29728.0,25.0,67.0,0.2361,0.2329,0.2322,0.2306,0.9534,o,178.0,,18388.0,655.0
367909,2010,26673.0,22.0,97.0,0.3172,0.2922,0.2873,0.2754,0.7537,o,89.0,,19350.0,809.0
367909,2011,22377.0,18.0,82.0,0.3164,0.2648,0.2553,0.2328,0.5416,o,57.0,41.0,20001.0,812.0
367909,2012,19453.0,11.0,89.0,0.3424,0.2619,0.2477,0.2156,0.3967,o,37.0,62.0,22385.0,521.0
367909,2013,18778.0,10.0,57.0,0.246,0.1674,0.1545,0.1266,0.2648,o,44.0,58.0,20501.0,473.0
367909,2014,16097.0,15.0,28.0,0.2162,0.153,0.1424,0.1191,0.3034,o,29.0,52.0,19954.0,446.0
367909,2015,10684.0,10.0,15.0,0.1966,0.1608,0.1542,0.139,0.5,o,17.0,22.0,19504.0,270.0
369400,2000,53421.0,0.0,0.0,0.0,0.0,0.0,0.0,,-,,,,
369400,2001,26212.0,0.0,0.0,0.0,0.0,0.0,0.0,,-,,,,
369400,2004,106290.0,0.0,0.0,0.0,0.0,0.0,0.0,,-,672.0,,,439.0
369400,2005,124423.0,0.0,0.0,0.0,0.0,0.0,0.0,,-,837.0,,,472.0
369400,2006,153215.0,0.0,0.0,0.0,0.0,0.0,0.0,,-,886.0,,,447.0
369400,2007,177907.0,0.0,0.0,0.0,0.0,0.0,0.0,,-,828.0,,,445.0
369400,2008,190358.0,0.0,0.0,0.0,0.0,0.0,0.0,,-,979.0,,,416.0
369400,2009,191005.0,0.0,0.0,0.0,0.0,0.0,0.0,,-,992.0,,,338.0
369400,2010,229145.0,0.0,0.0,0.0,0.0,0.0,0.0,,-,1886.0,,,308.0
369400,2011,184860.0,0.0,0.0,0.0,0.0,0.0,0.0,,-,1336.0,,,373.0
369400,2012,135232.0,0.0,0.0,0.0,0.0,0.0,0.0,,-,605.0,,,556.0
369400,2013,130133.0,0.0,0.0,0.0,0.0,0.0,0.0,,-,648.0,,,514.0
369400,2014,128400.0,0.0,0.0,0.0,0.0,0.0,0.0,,-,578.0,,,485.0
369400,2015,117755.0,0.0,0.0,0.0,0.0,0.0,0.0,,-,597.0,,,525.0
369400,2016,107221.0,0.0,0.0,0.0,0.0,0.0,0.0,,-,505.0,,,559.0
369400,2017,96540.0,0.0,0.0,0.0,0.0,0.0,0.0,,-,420.0,,,546.0
369400,2018,86609.0,0.0,0.0,0.0,0.0,0.0,0.0,,-,429.0,,,525.0
369400,2019,86536.0,0.0,0.0,0.0,0.0,0.0,0.0,,-,489.0,,,567.0
369400,2020,76688.0,0.0,157.0,0.1228,0.1228,0.1228,0.1228,,-,940.0,243.0,,550.0
369400,2021,77828.0,0.0,361.0,0.2783,0.2783,0.2783,0.2783,,-,489.0,153.0,,629.0
369419,1999,38100.0,0.0,0.0,0.0,0.0,0.0,0.0,,-,,,,
372505,1998,3140.0,0.0,17.0,0.3248,0.3248,0.3248,0.3248,,-,,,,
372505,1999,4631.0,0.0,27.0,0.3498,0.3498,0.3498,0.3498,,-,,,,
372523,2011,10037.0,0.0,1.0,0.006,0.006,0.006,0.006,,-,32.0,23.0,19833.0,721.0
372578,2000,11501.0,51.0,102.0,1.0642,1.0642,1.0642,1.0642,,-,,,,
372578,2001,11390.0,41.0,105.0,0.9851,0.9851,0.9851,0.9851,,-,,,,
372578,2002,12798.0,53.0,77.0,0.8579,0.8579,0.8579,0.8579,,-,147.0,,18964.0,
372578,2003,14152.0,35.0,129.0,0.8437,0.8437,0.8437,0.8437,,-,94.0,,20188.0,710.0
372578,2004,12720.0,17.0,108.0,0.6698,0.6698,0.6698,0.6698,,-,93.0,,20716.0,831.0
372578,2005,15363.0,21.0,113.0,0.6053,0.6053,0.6053,0.6053,,-,105.0,,21807.0,668.0
372578,2006,15323.0,21.0,92.0,0.5247,0.5247,0.5247,0.5247,,-,75.0,17.0,22118.0,802.0
372578,2007,14080.0,15.0,97.0,0.5412,0.5412,0.5412,0.5412,,-,107.0,14.0,22504.0,860.0
372578,2008,14317.0,28.0,128.0,0.7711,0.7711,0.7711,0.7711,,-,90.0,4.0,22828.0,885.0
372578,2009,15264.0,26.0,103.0,0.6093,0.6093,0.6093,0.6093,,-,113.0,4.0,23533.0,848.0
372578,2010,18520.0,36.0,101.0,0.5605,0.5605,0.5605,0.5605,,-,102.0,16.0,24513.0,815.0
372578,2011,18289.0,42.0,130.0,0.7021,0.7021,0.7021,0.7021,,-,42.0,12.0,25194.0,938.0
372578,2012,13841.0,37.0,135.0,0.906,0.906,0.906,0.906,,-,24.0,10.0,24556.0,1105.0
372578,2013,9773.0,25.0,156.0,1.2648,1.2648,1.2648,1.2648,,-,30.0,23.0,24126.0,1113.0
372578,2014,8284.0,11.0,73.0,0.6881,0.6881,0.6881,0.6881,,-,79.0,14.0,23762.0,863.0
372578,2015,11920.0,24.0,75.0,0.6191,0.6191,0.6191,0.6191,,-,68.0,2.0,23561.0,563.0
379029,1999,17130.0,0.0,0.0,0.0,0.0,0.0,0.0,,-,,,,
379029,2005,20126.0,0.0,0.0,0.0,0.0,0.0,0.0,,-,158.0,,,460.0
379029,2006,21634.0,0.0,0.0,0.0,0.0,0.0,0.0,,-,95.0,,,371.0
379029,2007,23122.0,0.0,139.0,0.3607,0.3607,0.3607,0.3607,,-,89.0,151.0,,364.0
379029,2008,28523.0,0.0,53.0,0.1115,0.1115,0.1115,0.1115,,-,141.0,77.0,,361.0
379029,2009,48275.0,0.0,59.0,0.0733,0.0733,0.0733,0.0733,,-,257.0,148.0,,248.0
379029,2010,77196.0,0.0,50.0,0.0389,0.0389,0.0389,0.0389,,-,136.0,132.0,18977.0,222.0
379029,2011,77060.0,0.0,22.0,0.0171,0.0171,0.0171,0.0171,,-,71.0,60.0,18845.0,267.0
379029,2012,37145.0,0.0,24.0,0.0388,0.0388,0.0388,0.0388,,-,32.0,36.0,19185.0,361.0
379029,2013,18870.0,0.0,24.0,0.0763,0.0763,0.0763,0.0763,,-,26.0,21.0,20728.0,368.0
379029,2014,12600.0,0.0,11.0,0.0524,0.0524,0.0524,0.0524,,-,,,19202.0,351.0
384254,2000,1294.0,4.0,2.0,0.4637,0.4245,0.4168,0.3982,0.7374,i,,,,
384254,2003,2334.0,9.0,12.0,0.7712,0.884,0.9094,0.9759,1.6013,i,20.0,,,1005.0
384254,2004,3000.0,12.0,12.0,0.72,0.7763,0.7885,0.8198,1.2965,i,19.0,,32670.0,1177.0
384254,2005,3192.0,16.0,14.0,0.8647,0.8926,0.8985,0.9134,1.116,i,20.0,,35089.0,1027.0
384254,2006,3534.0,17.0,6.0,0.6791,0.6902,0.6925,0.6983,1.0571,i,18.0,14.0,35524.0,1048.0
384254,2007,3486.0,23.0,7.0,0.9122,0.9057,0.9044,0.9011,0.9757,i,17.0,17.0,38867.0,1079.0
384254,2008,3810.0,25.0,3.0,0.8346,0.8089,0.8036,0.7907,0.8974,o,30.0,6.0,39437.0,1149.0
384254,2009,3702.0,31.0,3.0,1.0535,1.1121,1.1246,1.1565,1.2051,o,28.0,16.0,39567.0,1170.0
384254,2010,4119.0,26.0,6.0,0.8449,0.9551,0.9796,1.0438,1.5263,o,31.0,9.0,39168.0,1233.0
384254,2011,4472.0,27.0,12.0,0.8855,1.0303,1.0631,1.1497,1.6857,o,35.0,18.0,39379.0,1216.0
384254,2012,4753.0,21.0,11.0,0.6691,0.7383,0.7535,0.7928,1.4043,o,39.0,21.0,39526.0,1235.0
384254,2013,5755.0,26.0,18.0,0.7298,0.7832,0.7948,0.8243,1.2759,o,41.0,20.0,39983.0,1276.0
384254,2014,5670.0,31.0,19.0,0.8571,0.9363,0.9535,0.9981,1.3559,o,52.0,35.0,41467.0,1356.0
384254,2015,6564.0,36.0,23.0,0.8684,0.9592,0.9791,1.0308,1.4091,o,62.0,42.0,43101.0,1272.0
384254,2016,7991.0,34.0,26.0,0.7058,0.8,0.821,0.876,1.5405,o,66.0,39.0,44960.0,1263.0
384254,2017,8842.0,41.0,21.0,0.6989,0.801,0.8239,0.8841,1.6,o,82.0,36.0,46112.0,1284.0
384254,2018,10980.0,43.0,15.0,0.5519,0.6315,0.6494,0.6962,1.5914,o,91.0,33.0,47094.0,1131.0
384254,2019,11187.0,58.0,27.0,0.767,0.8656,0.8875,0.9448,1.5175,o,98.0,25.0,47608.0,1246.0
384254,2020,11430.0,69.0,18.0,0.8189,0.9169,0.9386,0.9951,1.4766,o,81.0,22.0,49135.0,1221.0
384254,2021,11939.0,85.0,27.0,0.99,1.0462,1.0582,1.0888,1.2095,o,101.0,32.0,50074.0,1262.0
384254,2022,12799.0,69.0,27.0,0.7735,0.785,0.7874,0.7934,1.052,o,102.0,38.0,49202.0,1175.0
384254,2023,14043.0,93.0,23.0,0.893,0.9117,0.9156,0.9255,1.0741,o,126.0,36.0,48766.0,1135.0
384254,2024,14285.0,95.0,25.0,0.903,0.9687,0.9829,1.0192,1.2737,o,113.0,26.0,49230.0,1130.0
385008,2005,26213.0,0.0,0.0,0.0,0.0,0.0,0.0,,-,72.0,,,363.0
385008,2007,28800.0,0.0,0.0,0.0,0.0,0.0,0.0,,-,55.0,27.0,,416.0
385008,2008,35339.0,0.0,0.0,0.0,0.0,0.0,0.0,,-,97.0,66.0,,311.0
385008,2009,42431.0,0.0,0.0,0.0,0.0,0.0,0.0,,-,124.0,84.0,,291.0
385008,2010,50876.0,0.0,0.0,0.0,0.0,0.0,0.0,,-,94.0,102.0,,279.0
385008,2011,52581.0,0.0,18.0,0.0205,0.0205,0.0205,0.0205,,-,75.0,63.0,19404.0,282.0
385008,2012,35259.0,0.0,75.0,0.1276,0.1276,0.1276,0.1276,,-,54.0,23.0,19729.0,354.0
385008,2013,24219.0,0.0,111.0,0.275,0.275,0.275,0.275,,-,54.0,45.0,21045.0,418.0
385008,2014,23627.0,0.0,78.0,0.1981,0.1981,0.1981,0.1981,,-,37.0,20.0,20119.0,357.0
385008,2016,6767.0,0.0,95.0,0.8423,0.8423,0.8423,0.8423,,-,,,,
385619,1999,600.0,0.0,7.0,0.7,0.7,0.7,0.7,,n,,,,
385619,2000,3204.0,0.0,5.0,0.0936,0.0779,0.0749,0.0681,0.5294,o,,,,
385619,2002,6003.0,0.0,26.0,0.2599,0.2599,0.2599,0.2599,,n,23.0,,22075.0,
385619,2003,7006.0,25.0,17.0,0.5738,0.9151,1.0078,1.283,5.0,o,104.0,,,820.0
385619,2005,15040.0,75.0,6.0,0.6223,0.764,0.7971,0.8863,2.028,o,97.0,,17641.0,492.0
385619,2006,16283.0,108.0,0.0,0.7959,1.0176,1.0707,1.2158,2.3333,o,157.0,,17675.0,545.0
385619,2007,20253.0,120.0,0.0,0.711,0.8693,0.9062,1.0055,2.0,o,164.0,27.0,18027.0,527.0
385619,2008,25218.0,164.0,0.0,0.7804,0.8742,0.895,0.9492,1.4793,o,170.0,15.0,17150.0,577.0
385619,2009,28248.0,188.0,0.0,0.7986,0.9137,0.9395,1.0072,1.5905,o,133.0,5.0,17657.0,622.0
385619,2010,31518.0,224.0,0.0,0.8528,0.8976,0.9072,0.9315,1.1929,o,134.0,6.0,19613.0,696.0
385619,2011,33780.0,222.0,0.0,0.7886,0.7476,0.7394,0.7192,0.8318,o,147.0,,19152.0,825.0
385619,2012,36258.0,251.0,0.0,0.8307,0.7901,0.782,0.762,0.8413,o,53.0,3.0,19484.0,802.0
385619,2013,32727.0,258.0,0.0,0.946,0.8386,0.818,0.7686,0.6601,o,54.0,3.0,19785.0,910.0
385619,2014,32002.0,292.0,0.0,1.0949,0.8399,0.795,0.6931,0.4007,o,53.0,211.0,20275.0,906.0
385619,2015,35295.0,245.0,0.0,0.833,0.6296,0.5941,0.514,0.3808,o,612.0,16.0,20887.0,793.0
385619,2016,37376.0,241.0,0.0,0.7738,1.0963,1.1782,1.4109,3.325,o,657.0,53.0,21583.0,799.0
385619,2017,42519.0,258.0,0.0,0.7281,1.4918,1.7304,2.5076,11.8598,o,634.0,59.0,20907.0,780.0
385619,2018,42919.0,283.0,0.0,0.7913,1.6292,1.8917,2.7485,12.0654,o,589.0,30.0,21187.0,787.0
385619,2019,44349.0,353.0,0.0,0.9552,1.1397,1.1822,1.2953,1.8391,o,620.0,58.0,21476.0,744.0
385619,2020,47276.0,287.0,0.0,0.7285,0.7183,0.7162,0.7111,0.9527,o,762.0,184.0,22020.0,709.0
385619,2021,46093.0,289.0,0.0,0.7524,0.7674,0.7705,0.7785,1.0705,o,258.0,803.0,21384.0,765.0
385619,2022,53175.0,272.0,0.0,0.6138,0.5823,0.576,0.5606,0.834,o,280.0,522.0,20756.0,722.0
385619,2023,56688.0,296.0,0.0,0.6266,0.4955,0.472,0.418,0.445,o,388.0,414.0,20703.0,744.0
385619,2024,64624.0,360.0,0.0,0.6685,0.5414,0.5183,0.4648,0.4834,o,449.0,288.0,20768.0,733.0
386472,1998,4212.0,0.0,0.0,0.0,0.0,0.0,0.0,2.2227,i,,,,
386472,1999,2925.0,0.0,9.0,0.1846,0.2954,0.3256,0.4151,5.0556,o,,,,
386472,2002,4712.0,0.0,47.0,0.5985,0.6795,0.6976,0.745,1.5495,o,83.0,,12125.0,
386472,2004,5678.0,0.0,16.0,0.1691,0.1546,0.1518,0.145,0.7353,o,37.0,,15671.0,356.0
386472,2005,6255.0,1.0,28.0,0.2878,0.2179,0.2057,0.1781,0.383,o,39.0,,15975.0,404.0
386472,2007,6739.0,6.0,44.0,0.4986,0.4912,0.4897,0.486,0.95,o,48.0,94.0,18511.0,505.0
386472,2008,7243.0,7.0,18.0,0.2651,0.3206,0.3334,0.3679,1.9259,o,73.0,75.0,19111.0,594.0
386472,2009,15046.0,13.0,41.0,0.2672,0.3058,0.3144,0.3371,1.5921,o,61.0,36.0,20294.0,266.0
386472,2010,14052.0,12.0,78.0,0.4355,0.4812,0.4912,0.5173,1.4105,o,7.0,151.0,22933.0,514.0
386472,2011,13816.0,6.0,110.0,0.5298,0.4684,0.4566,0.4284,0.6538,o,27.0,59.0,16277.0,708.0
386472,2012,15650.0,10.0,106.0,0.4831,0.3343,0.3098,0.2561,0.281,o,21.0,49.0,16191.0,454.0
386472,2013,15206.0,2.0,153.0,0.6195,0.46,0.4325,0.3708,0.3582,o,12.0,34.0,16068.0,545.0
386472,2014,14376.0,5.0,120.0,0.5426,0.4399,0.4213,0.378,0.4853,o,10.0,55.0,15825.0,695.0
386472,2015,15506.0,16.0,103.0,0.5224,0.4604,0.4486,0.4202,0.6471,o,8.0,24.0,17415.0,679.0
386472,2016,14773.0,24.0,107.0,0.6295,0.4737,0.4466,0.3855,0.375,o,16.0,67.0,17722.0,754.0
386472,2017,16276.0,33.0,149.0,0.7926,0.7227,0.709,0.6759,0.7273,o,21.0,83.0,17630.0,619.0
386472,2018,17117.0,47.0,118.0,0.7431,0.864,0.8914,0.9637,1.6818,o,42.0,40.0,17261.0,644.0
386472,2019,18469.0,53.0,151.0,0.8349,1.2007,1.2944,1.562,3.5,o,17.0,82.0,17083.0,610.0
386472,2020,19791.0,49.0,165.0,0.7973,1.035,1.0924,1.2501,2.4583,o,77.0,36.0,17068.0,658.0
386472,2021,23730.0,71.0,143.0,0.7206,0.9443,0.9987,1.1486,2.5405,o,92.0,31.0,16575.0,593.0
386472,2022,23992.0,67.0,167.0,0.7528,1.0021,1.0633,1.2329,2.6825,o,114.0,38.0,15578.0,574.0
386472,2023,25679.0,42.0,196.0,0.6542,0.9402,1.0134,1.2225,3.4915,o,78.0,55.0,13198.0,489.0
386472,2024,25549.0,83.0,201.0,0.8619,1.0602,1.1066,1.2318,2.0426,o,45.0,80.0,13420.0,450.0
387837,1999,1560.0,13.0,11.0,1.4231,1.5706,1.603,1.6869,1.4052,i,,,,
389727,2005,8043.0,0.0,5.0,0.0373,0.0373,0.0373,0.0373,,-,37.0,,12877.0,310.0
389727,2006,6930.0,0.0,69.0,0.5974,0.5974,0.5974,0.5974,,-,57.0,,12971.0,373.0
389727,2007,6639.0,0.0,43.0,0.3886,0.3886,0.3886,0.3886,,-,39.0,34.0,12794.0,389.0
389727,2008,10000.0,0.0,50.0,0.3,0.3,0.3,0.3,,-,138.0,,15189.0,342.0
389727,2010,26971.0,0.0,59.0,0.1313,0.1313,0.1313,0.1313,,-,275.0,,17064.0,320.0
389727,2012,11758.0,0.0,78.0,0.398,0.398,0.398,0.398,,-,138.0,30.0,18015.0,889.0
389727,2013,9792.0,0.0,77.0,0.4718,0.4718,0.4718,0.4718,,-,163.0,,17699.0,939.0
389727,2014,11208.0,0.0,52.0,0.2784,0.2784,0.2784,0.2784,,-,75.0,,17432.0,713.0
389727,2015,10121.0,0.0,61.0,0.3616,0.3616,0.3616,0.3616,,-,43.0,27.0,18188.0,835.0
389727,2016,10890.0,0.0,61.0,0.3361,0.3361,0.3361,0.3361,,-,19.0,15.0,18062.0,721.0
389727,2017,11262.0,0.0,41.0,0.2184,0.2184,0.2184,0.2184,,-,39.0,23.0,18653.0,620.0
389727,2018,11250.0,0.0,19.0,0.1013,0.1013,0.1013,0.1013,,-,,,,
390701,1998,36432.0,69.0,164.0,0.4974,0.6792,0.7244,0.8511,2.9286,o,,,,
390701,1999,42072.0,59.0,141.0,0.3694,0.324,0.3153,0.2947,0.6364,o,,,,
390701,2000,49488.0,70.0,244.0,0.4656,0.3691,0.3518,0.312,0.4491,o,,,,
390701,2001,52880.0,83.0,153.0,0.362,0.327,0.3202,0.3038,0.7046,o,,,,
390701,2002,50321.0,69.0,262.0,0.4769,0.4769,0.4769,0.4769,1.0,o,153.0,,12971.0,
390701,2003,103328.0,81.0,285.0,0.2596,0.2566,0.256,0.2545,0.9617,o,179.0,,13337.0,301.0
390701,2004,119328.0,93.0,264.0,0.2263,0.2429,0.2465,0.2557,1.2769,o,93.0,,14030.0,301.0
390701,2005,87077.0,152.0,508.0,0.5595,0.5397,0.5357,0.5258,0.8831,o,639.0,,14486.0,532.0
390701,2009,298650.0,137.0,867.0,0.2292,0.2535,0.2589,0.2727,1.4153,o,3094.0,2.0,16575.0,414.0
390701,2012,862302.0,203.0,889.0,0.0901,0.1563,0.1751,0.2328,6.6747,o,4729.0,3672.0,19887.0,524.0
390701,2013,838770.0,348.0,2422.0,0.223,0.2738,0.2857,0.3176,2.0279,o,314.0,6213.0,19539.0,642.0
390701,2014,875091.0,405.0,2883.0,0.2532,0.2272,0.2221,0.21,0.6878,o,314.0,3059.0,19006.0,537.0
390701,2015,506952.0,522.0,2367.0,0.4037,0.2013,0.1744,0.1217,0.0908,o,50.0,1066.0,17953.0,379.0
390701,2016,99925.0,500.0,1333.0,1.4009,0.5847,0.488,0.3106,0.0491,o,1.0,10.0,14235.0,1285.0
404338,1998,6990.0,62.0,27.0,1.2961,1.2961,1.2961,1.2961,,-,,,,
404338,1999,7367.0,66.0,10.0,1.1565,1.1565,1.1565,1.1565,,-,,,,
404338,2000,7213.0,58.0,12.0,1.0647,1.0647,1.0647,1.0647,,-,,,,
404338,2001,5986.0,73.0,6.0,1.5236,1.5236,1.5236,1.5236,,-,,,,
404338,2002,4719.0,59.0,6.0,1.5766,1.5766,1.5766,1.5766,,-,20.0,,24242.0,
404338,2003,4114.0,41.0,2.0,1.2251,1.2251,1.2251,1.2251,,-,21.0,,23961.0,520.0
404338,2004,3216.0,45.0,2.0,1.7164,1.7164,1.7164,1.7164,,-,20.0,,23880.0,719.0
404338,2005,3198.0,33.0,4.0,1.3133,1.3133,1.3133,1.3133,,-,15.0,,23822.0,774.0
404338,2006,2792.0,22.0,4.0,1.0315,1.0315,1.0315,1.0315,,-,21.0,,23994.0,773.0
404338,2007,2804.0,26.0,2.0,1.1555,1.1555,1.1555,1.1555,,-,39.0,,25528.0,904.0
404338,2008,3802.0,19.0,1.0,0.6155,0.6155,0.6155,0.6155,,-,8.0,,25374.0,1273.0
404338,2009,3636.0,34.0,3.0,1.1716,1.1716,1.1716,1.1716,,-,3.0,6.0,26158.0,1513.0
404338,2010,4326.0,51.0,2.0,1.4424,1.4424,1.4424,1.4424,,-,30.0,8.0,25216.0,688.0
404338,2011,4677.0,37.0,3.0,0.9878,0.9878,0.9878,0.9878,,-,14.0,19.0,24624.0,1450.0
404338,2012,4539.0,17.0,2.0,0.4759,0.4759,0.4759,0.4759,,-,3.0,,24981.0,1494.0
404338,2013,4257.0,28.0,8.0,0.902,0.902,0.902,0.902,,-,3.0,29.0,27551.0,
404338,2016,2040.0,14.0,20.0,1.4118,1.4118,1.4118,1.4118,,-,17.0,7.0,27925.0,1363.0
404338,2017,11721.0,58.0,12.0,0.6552,0.6552,0.6552,0.6552,,-,37.0,9.0,18306.0,790.0
404338,2020,990.0,4.0,1.0,0.5455,0.5455,0.5455,0.5455,,-,2.0,1.0,17260.0,
404338,2021,718.0,5.0,1.0,0.9192,0.9192,0.9192,0.9192,,-,2.0,2.0,16761.0,520.0
404338,2022,609.0,3.0,0.0,0.5911,0.5911,0.5911,0.5911,,-,4.0,13.0,15753.0,451.0
404338,2024,1170.0,9.0,0.0,0.9231,0.9231,0.9231,0.9231,,-,7.0,11.0,13680.0,278.0
404505,2006,13382.0,0.0,0.0,0.0,0.0,0.0,0.0,,-,41.0,,,446.0
404505,2007,15270.0,0.0,0.0,0.0,0.0,0.0,0.0,,-,102.0,58.0,,342.0
404505,2008,24656.0,0.0,0.0,0.0,0.0,0.0,0.0,,-,67.0,88.0,,296.0
404505,2009,43075.0,0.0,0.0,0.0,0.0,0.0,0.0,,-,105.0,88.0,,228.0
404505,2010,55417.0,0.0,10.0,0.0108,0.0108,0.0108,0.0108,,-,115.0,82.0,15724.0,247.0
404505,2011,60050.0,0.0,70.0,0.0699,0.0699,0.0699,0.0699,,-,44.0,36.0,15355.0,272.0
404505,2012,28214.0,0.0,132.0,0.2807,0.2807,0.2807,0.2807,,-,39.0,30.0,17208.0,471.0
404505,2013,18486.0,0.0,72.0,0.2337,0.2337,0.2337,0.2337,,-,53.0,55.0,20659.0,395.0
404505,2014,19128.0,0.0,87.0,0.2729,0.2729,0.2729,0.2729,,-,28.0,31.0,20081.0,339.0
404505,2016,5986.0,0.0,69.0,0.6916,0.6916,0.6916,0.6916,,-,,,,
404921,1998,19650.0,0.0,0.0,0.0,0.0,0.0,0.0,,-,,,,
404921,2003,28890.0,0.0,0.0,0.0,0.0,0.0,0.0,,-,372.0,,13085.0,96.0
404921,2004,34560.0,0.0,0.0,0.0,0.0,0.0,0.0,,-,160.0,,13101.0,214.0
404921,2005,32943.0,0.0,0.0,0.0,0.0,0.0,0.0,,-,147.0,,13360.0,301.0
404921,2008,46464.0,0.0,0.0,0.0,0.0,0.0,0.0,,-,149.0,13.0,13316.0,222.0
404921,2009,47190.0,0.0,55.0,0.0699,0.0699,0.0699,0.0699,,-,255.0,9.0,14460.0,247.0
404921,2010,48972.0,0.0,100.0,0.1225,0.1225,0.1225,0.1225,,-,144.0,4.0,15367.0,286.0
404921,2012,23220.0,0.0,182.0,0.4703,0.4703,0.4703,0.4703,,-,81.0,2.0,16463.0,463.0
406024,2006,3846.0,0.0,0.0,0.0,0.0,0.0,0.0,,-,26.0,,,
406024,2007,9780.0,0.0,72.0,0.4417,0.4417,0.4417,0.4417,,-,105.0,,,
406024,2009,13068.0,0.0,113.0,0.5188,0.5188,0.5188,0.5188,,-,71.0,125.0,,
406024,2010,21060.0,0.0,98.0,0.2792,0.2792,0.2792,0.2792,,-,40.0,193.0,,
406024,2011,29532.0,0.0,123.0,0.2499,0.2499,0.2499,0.2499,,-,31.0,126.0,,
406024,2012,19209.0,0.0,142.0,0.4435,0.4435,0.4435,0.4435,,-,20.0,134.0,,
406024,2013,23509.0,0.0,163.0,0.416,0.416,0.416,0.416,,-,38.0,167.0,,
406024,2014,39630.0,0.0,320.0,0.4845,0.4845,0.4845,0.4845,,-,15.0,181.0,,
406024,2015,28642.0,0.0,286.0,0.5991,0.5991,0.5991,0.5991,,-,18.0,190.0,,
406024,2016,32416.0,0.0,321.0,0.5942,0.5942,0.5942,0.5942,,-,19.0,187.0,,
406024,2017,39249.0,0.0,273.0,0.4173,0.4173,0.4173,0.4173,,-,26.0,279.0,,
406024,2018,47325.0,0.0,398.0,0.5046,0.5046,0.5046,0.5046,,-,25.0,261.0,,
406024,2019,57765.0,0.0,473.0,0.4913,0.4913,0.4913,0.4913,,-,23.0,337.0,,
406024,2020,69658.0,0.0,512.0,0.441,0.441,0.441,0.441,,-,123.0,589.0,,
406024,2021,77479.0,101.0,448.0,0.5034,0.5034,0.5034,0.5034,,-,531.0,671.0,,
406024,2022,58017.0,160.0,370.0,0.7136,0.7136,0.7136,0.7136,,-,199.0,619.0,,
406024,2023,65340.0,154.0,405.0,0.6547,0.6547,0.6547,0.6547,,-,230.0,621.0,,
406024,2024,42019.0,146.0,325.0,0.881,0.881,0.881,0.881,,-,259.0,530.0,16400.0,
406307,1998,8880.0,0.0,118.0,0.7973,0.7973,0.7973,0.7973,,-,,,,
406307,1999,7392.0,0.0,178.0,1.4448,1.4448,1.4448,1.4448,,-,,,,
406547,2000,9353.0,0.0,76.0,0.4876,0.4876,0.4876,0.4876,,-,,,,
406547,2001,10728.0,0.0,80.0,0.4474,0.4474,0.4474,0.4474,,-,,,,
406547,2002,10905.0,4.0,89.0,0.5337,0.5337,0.5337,0.5337,,-,49.0,,8419.0,
406547,2003,11737.0,10.0,103.0,0.6288,0.6288,0.6288,0.6288,,-,70.0,,12643.0,
406547,2004,11063.0,10.0,96.0,0.6291,0.6291,0.6291,0.6291,,-,25.0,,12338.0,
406547,2005,10571.0,13.0,81.0,0.6073,0.6073,0.6073,0.6073,,-,37.0,,12313.0,
406547,2006,7357.0,16.0,82.0,0.9298,0.9298,0.9298,0.9298,,-,25.0,119.0,12203.0,
406547,2007,6344.0,11.0,67.0,0.8417,0.8417,0.8417,0.8417,,-,20.0,16.0,12944.0,
406547,2008,6533.0,4.0,47.0,0.5051,0.5051,0.5051,0.5051,,-,33.0,17.0,14035.0,
406547,2009,8497.0,8.0,65.0,0.572,0.572,0.572,0.572,,-,31.0,82.0,15690.0,
406547,2010,14073.0,14.0,109.0,0.5841,0.5841,0.5841,0.5841,,-,97.0,2.0,15181.0,
406547,2011,16185.0,19.0,114.0,0.5635,0.5635,0.5635,0.5635,,-,70.0,23.0,17960.0,
406547,2012,13829.0,16.0,162.0,0.8417,0.8417,0.8417,0.8417,,-,32.0,42.0,17960.0,
406547,2013,12741.0,7.0,131.0,0.6829,0.6829,0.6829,0.6829,,-,55.0,31.0,20079.0,
406547,2014,12923.0,18.0,108.0,0.6686,0.6686,0.6686,0.6686,,-,73.0,63.0,20855.0,
406547,2015,13877.0,7.0,108.0,0.5275,0.5275,0.5275,0.5275,,-,32.0,30.0,16686.0,710.0
406547,2016,10978.0,13.0,117.0,0.7816,0.7816,0.7816,0.7816,,-,31.0,42.0,16942.0,714.0
406547,2017,8877.0,16.0,71.0,0.6962,0.6962,0.6962,0.6962,,-,16.0,15.0,16697.0,698.0
406547,2018,5543.0,13.0,70.0,1.0391,1.0391,1.0391,1.0391,,-,22.0,24.0,17068.0,725.0
406547,2019,5023.0,8.0,59.0,0.8959,0.8959,0.8959,0.8959,,-,27.0,8.0,17741.0,717.0
406547,2020,4665.0,4.0,31.0,0.5016,0.5016,0.5016,0.5016,,-,12.0,10.0,17475.0,702.0
406547,2021,3589.0,3.0,25.0,0.5182,0.5182,0.5182,0.5182,,-,4.0,,17364.0,860.0
406547,2023,1104.0,0.0,13.0,0.7065,0.7065,0.7065,0.7065,,-,,,18881.0,
407063,1998,16647.0,30.0,149.0,0.7533,0.7533,0.7533,0.7533,,-,,,,
407063,1999,20132.0,19.0,171.0,0.6229,0.6229,0.6229,0.6229,,-,,,,
407063,2000,15760.0,17.0,130.0,0.6244,0.6244,0.6244,0.6244,,-,,,,
407063,2001,13899.0,19.0,142.0,0.777,0.777,0.777,0.777,,-,,,,
407063,2002,15291.0,5.0,111.0,0.4748,0.4748,0.4748,0.4748,,-,167.0,,18964.0,
407063,2003,19921.0,38.0,136.0,0.6385,0.6385,0.6385,0.6385,,-,129.0,,20188.0,569.0
407063,2004,20990.0,21.0,147.0,0.5403,0.5403,0.5403,0.5403,,-,135.0,,20716.0,727.0
407063,2005,21863.0,21.0,138.0,0.494,0.494,0.494,0.494,,-,95.0,,21807.0,677.0
407063,2006,18442.0,34.0,103.0,0.5563,0.5563,0.5563,0.5563,,-,81.0,30.0,22118.0,800.0
407063,2007,16469.0,34.0,109.0,0.6449,0.6449,0.6449,0.6449,,-,96.0,24.0,22504.0,775.0
407063,2008,14915.0,43.0,94.0,0.7241,0.7241,0.7241,0.7241,,-,66.0,11.0,22828.0,838.0
407063,2009,14832.0,31.0,125.0,0.7565,0.7565,0.7565,0.7565,,-,94.0,19.0,23533.0,865.0
407063,2010,18285.0,32.0,128.0,0.63,0.63,0.63,0.63,,-,96.0,27.0,24513.0,794.0
407063,2011,20847.0,37.0,136.0,0.6044,0.6044,0.6044,0.6044,,-,61.0,30.0,25194.0,817.0
407063,2012,21571.0,52.0,178.0,0.7844,0.7844,0.7844,0.7844,,-,85.0,21.0,24556.0,849.0
407063,2013,21195.0,47.0,196.0,0.8209,0.8209,0.8209,0.8209,,-,69.0,6.0,24126.0,867.0
407063,2014,19107.0,50.0,181.0,0.8824,0.8824,0.8824,0.8824,,-,92.0,22.0,23762.0,788.0
407063,2015,19265.0,33.0,145.0,0.6571,0.6571,0.6571,0.6571,,-,96.0,4.0,23561.0,721.0
408844,2002,45690.0,0.0,103.0,0.1353,0.1353,0.1353,0.1353,,-,328.0,,14291.0,
408844,2003,87960.0,0.0,97.0,0.0662,0.0662,0.0662,0.0662,,-,303.0,,14020.0,204.0
408844,2004,90390.0,0.0,146.0,0.0969,0.0969,0.0969,0.0969,,-,462.0,,13574.0,193.0
408844,2005,91860.0,0.0,228.0,0.1489,0.1489,0.1489,0.1489,,-,381.0,,15146.0,257.0
408844,2006,106770.0,0.0,286.0,0.1607,0.1607,0.1607,0.1607,,-,450.0,,15612.0,248.0
408844,2007,126690.0,0.0,311.0,0.1473,0.1473,0.1473,0.1473,,-,596.0,,16137.0,209.0
408844,2008,118512.0,0.0,359.0,0.1818,0.1818,0.1818,0.1818,,-,617.0,,17150.0,236.0
408844,2009,124128.0,0.0,267.0,0.1291,0.1291,0.1291,0.1291,,-,696.0,,14633.0,272.0
408844,2010,113076.0,25.0,316.0,0.1942,0.1942,0.1942,0.1942,,-,455.0,,18826.0,390.0
408844,2011,119418.0,31.0,349.0,0.2065,0.2065,0.2065,0.2065,,-,391.0,,18384.0,420.0
408844,2012,119604.0,54.0,526.0,0.318,0.318,0.318,0.318,,-,345.0,,17919.0,440.0
408844,2013,122262.0,101.0,441.0,0.3156,0.3156,0.3156,0.3156,,-,332.0,,17686.0,369.0
408844,2014,123162.0,117.0,395.0,0.3064,0.3064,0.3064,0.3064,,-,272.0,,17445.0,351.0
408844,2015,119172.0,125.0,315.0,0.2845,0.2845,0.2845,0.2845,,-,384.0,,17297.0,375.0
408844,2016,128958.0,165.0,231.0,0.261,0.261,0.261,0.261,,-,407.0,237.0,17178.0,329.0
408844,2017,153798.0,216.0,247.0,0.2649,0.2649,0.2649,0.2649,,-,539.0,265.0,16891.0,351.0
408844,2018,153762.0,205.0,268.0,0.2646,0.2646,0.2646,0.2646,,-,514.0,235.0,16513.0,425.0
408844,2019,175688.0,268.0,326.0,0.2944,0.2944,0.2944,0.2944,,-,468.0,236.0,16702.0,383.0
408844,2020,154698.0,243.0,339.0,0.32,0.32,0.32,0.32,,-,495.0,228.0,16452.0,415.0
408844,2021,152298.0,339.0,337.0,0.3999,0.3999,0.3999,0.3999,,-,311.0,161.0,15977.0,420.0
408844,2022,121198.0,275.0,256.0,0.399,0.399,0.399,0.399,,-,390.0,172.0,15016.0,437.0
408844,2023,133482.0,304.0,271.0,0.3951,0.3951,0.3951,0.3951,,-,331.0,195.0,15411.0,357.0
408844,2024,137316.0,260.0,282.0,0.3504,0.3504,0.3504,0.3504,,-,498.0,98.0,16088.0,381.0
408853,1998,918.0,7.0,0.0,0.915,0.915,0.915,0.915,,n,,,,
409069,1998,10760.0,0.0,153.0,0.8532,0.8532,0.8532,0.8532,,-,,,,
409069,2000,21117.0,59.0,177.0,0.8382,0.8382,0.8382,0.8382,,-,,,,
409069,2001,19241.0,45.0,165.0,0.7952,0.7952,0.7952,0.7952,,-,,,,
409069,2002,18637.0,46.0,171.0,0.8467,0.8467,0.8467,0.8467,,-,173.0,,18964.0,
409069,2003,18847.0,27.0,142.0,0.624,0.624,0.624,0.624,,-,166.0,,20188.0,652.0
409069,2004,18909.0,35.0,148.0,0.6917,0.6917,0.6917,0.6917,,-,132.0,,20716.0,747.0
409069,2005,15603.0,28.0,111.0,0.6422,0.6422,0.6422,0.6422,,-,125.0,,21807.0,878.0
409069,2006,15725.0,21.0,100.0,0.5418,0.5418,0.5418,0.5418,,-,123.0,23.0,22118.0,818.0
409069,2007,14627.0,20.0,104.0,0.5907,0.5907,0.5907,0.5907,,-,148.0,16.0,22504.0,901.0
409069,2008,18624.0,23.0,111.0,0.5058,0.5058,0.5058,0.5058,,-,144.0,27.0,22828.0,818.0
409069,2009,20611.0,27.0,164.0,0.6346,0.6346,0.6346,0.6346,,-,111.0,28.0,23533.0,832.0
409069,2010,24011.0,47.0,152.0,0.6147,0.6147,0.6147,0.6147,,-,93.0,27.0,24513.0,833.0
409069,2011,22160.0,44.0,210.0,0.8069,0.8069,0.8069,0.8069,,-,50.0,17.0,25194.0,1011.0
409069,2012,17514.0,49.0,223.0,1.0997,1.0997,1.0997,1.0997,,-,43.0,11.0,24556.0,1051.0
409069,2013,16278.0,43.0,166.0,0.9289,0.9289,0.9289,0.9289,,-,76.0,10.0,24126.0,898.0
409069,2014,17174.0,63.0,126.0,0.8804,0.8804,0.8804,0.8804,,-,60.0,23.0,23762.0,735.0
409069,2015,16997.0,38.0,142.0,0.7695,0.7695,0.7695,0.7695,,-,63.0,11.0,23561.0,717.0
409236,1998,7770.0,49.0,42.0,1.0811,1.0811,1.0811,1.0811,,n,,,,
409236,1999,13800.0,39.0,46.0,0.5391,0.396,0.3716,0.3168,0.3452,o,,,,
409236,2000,15683.0,115.0,54.0,1.0865,0.7377,0.681,0.5574,0.2632,o,,,,
409236,2001,17064.0,152.0,38.0,1.2025,1.2025,1.2025,1.2025,1.0,o,,,,
409236,2002,19572.0,137.0,50.0,0.9933,1.1632,1.2019,1.3042,1.7241,o,55.0,,12524.0,
409670,2007,9259.0,0.0,58.0,0.3758,0.3758,0.3758,0.3758,,-,115.0,,,1302.0
409670,2010,32538.0,0.0,45.0,0.083,0.083,0.083,0.083,,-,88.0,,48717.0,690.0
409670,2011,24383.0,0.0,37.0,0.091,0.091,0.091,0.091,,-,59.0,53.0,20597.0,752.0
409670,2012,22670.0,0.0,79.0,0.2091,0.2091,0.2091,0.2091,,-,37.0,61.0,21405.0,524.0
409670,2013,19604.0,0.0,64.0,0.1959,0.1959,0.1959,0.1959,,-,19.0,53.0,21030.0,460.0
412173,2015,5621.0,0.0,56.0,0.5978,0.5978,0.5978,0.5978,,-,4.0,50.0,,392.0
412173,2017,8610.0,0.0,47.0,0.3275,0.3275,0.3275,0.3275,,-,10.0,52.0,,223.0
412173,2018,7233.0,0.0,21.0,0.1742,0.1742,0.1742,0.1742,,-,15.0,105.0,,244.0
412173,2019,8368.0,0.0,42.0,0.3011,0.3011,0.3011,0.3011,,-,7.0,80.0,,281.0
412173,2020,7222.0,0.0,34.0,0.2825,0.2825,0.2825,0.2825,,-,5.0,42.0,,369.0
412173,2021,9411.0,0.0,73.0,0.4654,0.4654,0.4654,0.4654,,-,4.0,40.0,,488.0
412173,2022,8663.0,0.0,45.0,0.3117,0.3117,0.3117,0.3117,,-,5.0,81.0,,417.0
412173,2023,9487.0,0.0,47.0,0.2972,0.2972,0.2972,0.2972,,-,9.0,94.0,,555.0
412173,2024,12900.0,0.0,94.0,0.4372,0.4372,0.4372,0.4372,,-,5.0,55.0,,406.0
414188,1998,11100.0,0.0,16.0,0.0865,0.0865,0.0865,0.0865,,-,,,,
414188,1999,11976.0,0.0,40.0,0.2004,0.2004,0.2004,0.2004,,-,,,,
414823,1998,30109.0,14.0,278.0,0.6098,0.6098,0.6098,0.6098,,n,,,,
414823,1999,34502.0,22.0,325.0,0.6417,0.8339,0.8804,1.0081,2.4682,o,,,,
414823,2000,42268.0,56.0,315.0,0.6061,0.7509,0.7849,0.8769,2.093,o,,,,
414823,2001,52351.0,105.0,347.0,0.6384,0.73,0.7505,0.8044,1.5879,o,,,,
414823,2002,60161.0,125.0,436.0,0.6842,0.7445,0.7576,0.7914,1.3381,o,715.0,,30302.0,
414823,2003,67343.0,144.0,439.0,0.6477,0.7096,0.7232,0.7581,1.37,o,727.0,,31068.0,
414823,2004,70544.0,179.0,434.0,0.6736,0.7389,0.7532,0.7902,1.376,o,781.0,,31830.0,
414823,2005,70385.0,190.0,388.0,0.6547,0.7298,0.7464,0.7895,1.4542,o,722.0,,32179.0,
414823,2006,71602.0,226.0,363.0,0.6829,0.7233,0.732,0.754,1.219,o,650.0,,29915.0,
414823,2007,66083.0,268.0,430.0,0.8771,0.8645,0.8619,0.8555,0.9515,o,540.0,125.0,31496.0,
414823,2008,60492.0,241.0,361.0,0.8361,0.7806,0.7696,0.7428,0.7891,o,549.0,99.0,31779.0,
414823,2009,61477.0,267.0,399.0,0.9106,0.8294,0.8135,0.7751,0.7246,o,564.0,152.0,32114.0,
414823,2010,64737.0,256.0,334.0,0.7841,0.7379,0.7287,0.7062,0.8112,o,562.0,153.0,33184.0,
414823,2011,64730.0,211.0,267.0,0.6387,0.6285,0.6264,0.6212,0.9462,o,609.0,153.0,34101.0,
414823,2012,66201.0,256.0,232.0,0.6743,0.6887,0.6917,0.6992,1.0753,o,487.0,163.0,34569.0,
414823,2013,61523.0,317.0,269.0,0.8807,0.8767,0.8759,0.8739,0.9847,o,491.0,160.0,35307.0,
414823,2014,60157.0,287.0,278.0,0.8498,0.8157,0.8089,0.792,0.8686,o,454.0,142.0,36148.0,
414823,2015,58699.0,357.0,259.0,0.9946,0.9346,0.9227,0.8934,0.807,o,446.0,115.0,37257.0,
414823,2016,51841.0,359.0,233.0,1.1007,1.0396,1.0273,0.9974,0.8212,o,472.0,76.0,38343.0,
414823,2017,47397.0,294.0,164.0,0.952,0.9346,0.9311,0.9223,0.9386,o,418.0,79.0,39195.0,
414823,2018,45097.0,243.0,151.0,0.8475,0.8329,0.8299,0.8225,0.9418,o,372.0,55.0,39268.0,
414823,2019,39425.0,227.0,130.0,0.8888,0.8558,0.8491,0.8327,0.8778,o,376.0,64.0,39585.0,543.0
417318,1999,6840.0,0.0,0.0,0.0,0.0,0.0,0.0,,-,,,,
417318,2004,7501.0,0.0,66.0,0.5279,0.5279,0.5279,0.5279,,-,57.0,,14557.0,335.0
417318,2006,6568.0,0.0,30.0,0.2741,0.2741,0.2741,0.2741,,-,20.0,,14584.0,402.0
417318,2007,4135.0,0.0,23.0,0.3337,0.3337,0.3337,0.3337,,-,18.0,,15462.0,1427.0
417318,2008,3225.0,0.0,25.0,0.4651,0.4651,0.4651,0.4651,,-,19.0,,11983.0,
417318,2009,3625.0,0.0,18.0,0.2979,0.2979,0.2979,0.2979,,-,16.0,,13309.0,
417318,2011,6312.0,0.0,29.0,0.2757,0.2757,0.2757,0.2757,,-,55.0,,16472.0,
417318,2012,8328.0,0.0,37.0,0.2666,0.2666,0.2666,0.2666,,-,16.0,,16648.0,1384.0
417318,2013,7716.0,0.0,39.0,0.3033,0.3033,0.3033,0.3033,,-,19.0,7.0,17472.0,
417318,2016,375.0,2.0,9.0,2.08,2.08,2.08,2.08,,-,10.0,,23167.0,
417318,2017,250.0,0.0,0.0,0.0,0.0,0.0,0.0,,-,,,16639.0,
417318,2018,200.0,0.0,0.0,0.0,0.0,0.0,0.0,,-,,,16266.0,
417327,1999,6725.0,0.0,54.0,0.4818,0.4818,0.4818,0.4818,,-,,,,
417327,2000,4800.0,0.0,56.0,0.7,0.7,0.7,0.7,,-,,,,
417327,2001,5667.0,0.0,49.0,0.5188,0.5188,0.5188,0.5188,,-,,,,
417327,2003,8923.0,0.0,102.0,0.6858,0.6858,0.6858,0.6858,,-,44.0,,11828.0,277.0
417327,2004,7290.0,0.0,121.0,0.9959,0.9959,0.9959,0.9959,,-,72.0,,13532.0,300.0
417327,2005,3200.0,0.0,94.0,1.7625,1.7625,1.7625,1.7625,,-,31.0,,13134.0,582.0
417327,2006,4305.0,0.0,87.0,1.2126,1.2126,1.2126,1.2126,,-,19.0,5.0,15257.0,335.0
417327,2009,11456.0,0.0,44.0,0.2304,0.2304,0.2304,0.2304,,-,52.0,18.0,15194.0,141.0
417327,2012,7561.0,0.0,93.0,0.738,0.738,0.738,0.738,,-,45.0,58.0,16953.0,800.0
417327,2013,9527.0,0.0,59.0,0.3716,0.3716,0.3716,0.3716,,-,33.0,50.0,19651.0,752.0
417327,2014,11268.0,0.0,81.0,0.4313,0.4313,0.4313,0.4313,,-,40.0,59.0,20855.0,721.0
417327,2015,10665.0,0.0,94.0,0.5288,0.5288,0.5288,0.5288,,-,26.0,45.0,16686.0,718.0
417327,2016,8698.0,0.0,83.0,0.5725,0.5725,0.5725,0.5725,,-,18.0,30.0,16942.0,730.0
417327,2017,6655.0,0.0,82.0,0.7393,0.7393,0.7393,0.7393,,-,3.0,22.0,16697.0,700.0
417327,2018,4846.0,0.0,72.0,0.8915,0.8915,0.8915,0.8915,,-,10.0,25.0,17068.0,719.0
417327,2019,4759.0,0.0,77.0,0.9709,0.9709,0.9709,0.9709,,-,11.0,33.0,17741.0,762.0
417327,2020,4950.0,0.0,36.0,0.4364,0.4364,0.4364,0.4364,,-,21.0,25.0,17664.0,850.0
417327,2021,5954.0,0.0,47.0,0.4736,0.4736,0.4736,0.4736,,-,18.0,,17574.0,729.0
417327,2022,3559.0,0.0,30.0,0.5058,0.5058,0.5058,0.5058,,-,17.0,,15748.0,1285.0
417327,2024,6200.0,0.0,46.0,0.4452,0.4452,0.4452,0.4452,,-,17.0,,18615.0,723.0
419226,1998,960.0,0.0,0.0,0.0,0.0,0.0,0.0,,-,,,,
419226,1999,1020.0,0.0,0.0,0.0,0.0,0.0,0.0,,-,,,,
419226,2000,1500.0,0.0,0.0,0.0,0.0,0.0,0.0,,-,,,,
420006,1999,16132.0,18.0,76.0,0.4166,0.4166,0.4166,0.4166,,n,,,,
420006,2002,24928.0,43.0,112.0,0.4766,0.4929,0.4964,0.5051,1.1235,o,108.0,,12971.0,
420006,2003,24928.0,63.0,105.0,0.556,0.5748,0.5788,0.5888,1.1215,o,109.0,,13337.0,591.0
420006,2005,30574.0,75.0,135.0,0.5593,0.6016,0.6107,0.6342,1.2857,o,74.0,,14164.0,562.0
420006,2006,42795.0,64.0,196.0,0.4543,0.4516,0.4511,0.4498,0.9803,o,206.0,,15144.0,405.0
420006,2009,24180.0,65.0,96.0,0.5608,0.6292,0.6444,0.6839,1.4874,o,105.0,1.0,18776.0,806.0
420006,2010,21545.0,26.0,84.0,0.3787,0.3661,0.3635,0.3572,0.8893,o,50.0,,19195.0,924.0
420006,2011,24660.0,38.0,105.0,0.4404,0.3455,0.3285,0.2898,0.433,o,56.0,21.0,20001.0,691.0
420006,2012,21335.0,25.0,111.0,0.4528,0.3362,0.3161,0.271,0.3581,o,44.0,26.0,19887.0,523.0
420006,2013,19803.0,30.0,89.0,0.4514,0.3465,0.328,0.2861,0.4016,o,59.0,21.0,19539.0,477.0
420006,2014,17561.0,27.0,47.0,0.3451,0.3065,0.2991,0.2813,0.6645,o,37.0,30.0,19006.0,473.0
420006,2015,12302.0,33.0,33.0,0.4828,0.4692,0.4664,0.4595,0.9057,o,26.0,17.0,19504.0,254.0
420103,1998,7890.0,0.0,0.0,0.0,0.0,0.0,0.0,,-,,,,
420103,2004,5236.0,0.0,49.0,0.5615,0.5615,0.5615,0.5615,,-,55.0,,,
420103,2005,5246.0,0.0,49.0,0.5604,0.5604,0.5604,0.5604,,-,63.0,,,
420103,2006,4287.0,0.0,32.0,0.4479,0.4479,0.4479,0.4479,,-,105.0,15.0,,
420103,2007,6390.0,0.0,45.0,0.4225,0.4225,0.4225,0.4225,,-,70.0,,,
420103,2008,7620.0,0.0,54.0,0.4252,0.4252,0.4252,0.4252,,-,81.0,20.0,,
420103,2009,11910.0,0.0,35.0,0.1763,0.1763,0.1763,0.1763,,-,93.0,16.0,,
420103,2010,13570.0,0.0,33.0,0.1459,0.1459,0.1459,0.1459,,-,86.0,25.0,,
420103,2011,14145.0,0.0,44.0,0.1866,0.1866,0.1866,0.1866,,-,77.0,16.0,,
423120,2002,15660.0,0.0,0.0,0.0,0.0,0.0,0.0,,-,450.0,,7622.0,
423120,2003,11748.0,0.0,0.0,0.0,0.0,0.0,0.0,,-,492.0,,7647.0,
423120,2004,26604.0,0.0,0.0,0.0,0.0,0.0,0.0,,-,600.0,,7628.0,135.0
423120,2005,20244.0,0.0,0.0,0.0,0.0,0.0,0.0,,-,681.0,,7404.0,188.0
423120,2006,26976.0,0.0,0.0,0.0,0.0,0.0,0.0,,-,556.0,,,130.0
423120,2007,26976.0,0.0,0.0,0.0,0.0,0.0,0.0,,-,216.0,,,147.0
423120,2008,28400.0,0.0,0.0,0.0,0.0,0.0,0.0,,-,227.0,,,122.0
423120,2009,28400.0,0.0,0.0,0.0,0.0,0.0,0.0,,-,687.0,,,159.0
423120,2010,34272.0,0.0,0.0,0.0,0.0,0.0,0.0,,-,685.0,,,139.0
423120,2011,30000.0,0.0,0.0,0.0,0.0,0.0,0.0,,-,714.0,,,164.0
423120,2012,33336.0,0.0,0.0,0.0,0.0,0.0,0.0,,-,403.0,,,106.0
423120,2013,30000.0,0.0,0.0,0.0,0.0,0.0,0.0,,-,545.0,,,109.0
423120,2014,24192.0,0.0,0.0,0.0,0.0,0.0,0.0,,-,450.0,,,133.0
423120,2015,20160.0,0.0,0.0,0.0,0.0,0.0,0.0,,-,316.0,,,143.0
423120,2016,16896.0,0.0,0.0,0.0,0.0,0.0,0.0,,-,381.0,,,191.0
423120,2017,17160.0,0.0,0.0,0.0,0.0,0.0,0.0,,-,374.0,,,161.0
423120,2019,7944.0,0.0,0.0,0.0,0.0,0.0,0.0,,-,225.0,,,126.0
423120,2020,7032.0,0.0,0.0,0.0,0.0,0.0,0.0,,-,227.0,,,158.0
423120,2021,7050.0,0.0,0.0,0.0,0.0,0.0,0.0,,-,178.0,41.0,,259.0
423120,2022,12912.0,0.0,3.0,0.0139,0.0139,0.0139,0.0139,,-,105.0,44.0,,311.0
423120,2023,15390.0,0.0,64.0,0.2495,0.2495,0.2495,0.2495,,-,130.0,164.0,,469.0
425162,1998,3294.0,0.0,0.0,0.0,0.0,0.0,0.0,,-,,,,
426314,2001,127496.0,1536.0,268.0,1.5718,1.5718,1.5718,1.5718,,n,,,,
426314,2002,137665.0,1512.0,307.0,1.4518,1.4518,1.4518,1.4518,,n,182.0,,6028.0,
426314,2003,154979.0,1617.0,317.0,1.3748,1.3748,1.3748,1.3748,,n,197.0,,6689.0,
426314,2004,167148.0,1628.0,337.0,1.2898,1.2898,1.2898,1.2898,,n,476.0,,6726.0,
426314,2005,179973.0,1746.0,394.0,1.2955,1.2955,1.2955,1.2955,,n,453.0,,6673.0,
426314,2006,197628.0,1929.0,489.0,1.3198,1.729,1.8284,2.1026,2.5383,o,458.0,1191.0,6880.0,
426314,2007,204139.0,2524.0,694.0,1.6877,2.1764,2.294,2.6165,2.4037,o,286.0,665.0,7069.0,
426314,2008,197381.0,2148.0,601.0,1.4886,1.5325,1.5418,1.5651,1.1055,o,434.0,1004.0,7270.0,
426314,2009,186503.0,2200.0,676.0,1.633,1.5167,1.4936,1.4376,0.775,o,459.0,1038.0,7424.0,
426314,2010,193776.0,2020.0,473.0,1.3974,1.3893,1.3877,1.3835,0.9802,o,424.0,759.0,7634.0,
426314,2011,193660.0,1993.0,462.0,1.3781,1.4483,1.4632,1.5013,1.1868,o,440.0,790.0,7706.0,
426314,2012,185156.0,1928.0,447.0,1.3944,1.4701,1.4863,1.5275,1.2,o,306.0,512.0,9470.0,
426314,2013,197964.0,2070.0,546.0,1.4203,1.3481,1.3336,1.2981,0.8354,o,387.0,934.0,9785.0,
426314,2014,186496.0,1758.0,581.0,1.3181,1.2287,1.2109,1.1677,0.7848,o,364.0,827.0,10269.0,471.0
426314,2015,185410.0,1634.0,577.0,1.2443,1.1947,1.1847,1.1601,0.8692,o,469.0,1159.0,10496.0,470.0
426314,2016,186130.0,1532.0,484.0,1.1437,1.1809,1.1887,1.2086,1.1166,o,472.0,1184.0,11046.0,493.0
426314,2017,186214.0,1445.0,491.0,1.0894,1.1905,1.2125,1.2694,1.3579,o,517.0,1248.0,11167.0,490.0
426314,2018,194827.0,1390.0,507.0,1.0123,1.0964,1.1147,1.1617,1.3169,o,579.0,1253.0,11216.0,471.0
426314,2019,188720.0,1496.0,710.0,1.177,1.2745,1.2956,1.3501,1.3157,o,470.0,1193.0,11421.0,460.0
426314,2020,200587.0,1553.0,660.0,1.1265,1.1626,1.1702,1.1894,1.1148,o,563.0,1025.0,11914.0,481.0
426314,2021,193028.0,1742.0,697.0,1.2996,1.3161,1.3196,1.3282,1.0445,o,518.0,806.0,12018.0,487.0
426314,2022,170919.0,1648.0,598.0,1.367,1.3615,1.3604,1.3576,0.9863,o,516.0,788.0,11791.0,453.0
426314,2023,159882.0,1529.0,515.0,1.3409,1.3353,1.3341,1.3312,0.9857,o,678.0,1011.0,11578.0,432.0
426314,2024,174506.0,1545.0,463.0,1.2216,1.274,1.2851,1.3134,1.1559,o,624.0,955.0,11665.0,439.0
427991,1998,43236.0,0.0,0.0,0.0,0.0,0.0,0.0,,-,,,,
428000,1998,3570.0,0.0,0.0,0.0,0.0,0.0,0.0,,-,,,,
428000,2001,6056.0,0.0,0.0,0.0,0.0,0.0,0.0,,-,,,,
428000,2002,6128.0,0.0,0.0,0.0,0.0,0.0,0.0,,-,7.0,,15590.0,
428000,2003,5752.0,0.0,0.0,0.0,0.0,0.0,0.0,,-,1.0,,17843.0,1102.0
428000,2004,5400.0,0.0,0.0,0.0,0.0,0.0,0.0,,-,5.0,,17413.0,1162.0
428000,2005,5283.0,0.0,0.0,0.0,0.0,0.0,0.0,,-,,,16901.0,1115.0
428000,2006,5120.0,0.0,0.0,0.0,0.0,0.0,0.0,,-,,,22748.0,1249.0
428000,2008,6516.0,0.0,0.0,0.0,0.0,0.0,0.0,,-,,,22242.0,1157.0
428000,2009,4734.0,0.0,0.0,0.0,0.0,0.0,0.0,,-,,,21870.0,
428000,2010,6380.0,0.0,0.0,0.0,0.0,0.0,0.0,,-,,,24873.0,1209.0
428000,2011,6400.0,0.0,0.0,0.0,0.0,0.0,0.0,,-,,,24289.0,1412.0
428000,2012,6328.0,0.0,0.0,0.0,0.0,0.0,0.0,,-,,,23675.0,1369.0
428000,2013,5736.0,0.0,0.0,0.0,0.0,0.0,0.0,,-,,,23260.0,1362.0
428000,2014,4312.0,0.0,0.0,0.0,0.0,0.0,0.0,,-,,,22909.0,
428000,2015,3888.0,0.0,0.0,0.0,0.0,0.0,0.0,,-,,,22715.0,
428000,2016,3824.0,0.0,0.0,0.0,0.0,0.0,0.0,,-,,,25151.0,1225.0
428000,2017,4143.0,0.0,0.0,0.0,0.0,0.0,0.0,,-,,,24731.0,1502.0
428000,2018,3808.0,0.0,0.0,0.0,0.0,0.0,0.0,,-,,,24178.0,1330.0
428000,2019,3608.0,0.0,0.0,0.0,0.0,0.0,0.0,,-,,,23672.0,1316.0
428000,2020,2493.0,0.0,0.0,0.0,0.0,0.0,0.0,,-,,,23318.0,
428000,2021,2492.0,0.0,0.0,0.0,0.0,0.0,0.0,,-,,,22644.0,973.0
428000,2022,3090.0,0.0,0.0,0.0,0.0,0.0,0.0,,-,1.0,,21283.0,859.0
428000,2024,984.0,0.0,0.0,0.0,0.0,0.0,0.0,,-,7.0,,19400.0,1406.0
428170,2000,20839.0,0.0,0.0,0.0,0.0,0.0,0.0,,-,,,,
428170,2003,24593.0,0.0,1.0,0.0024,0.0024,0.0024,0.0024,,-,209.0,,,656.0
428170,2005,14959.0,0.0,88.0,0.353,0.353,0.353,0.353,,-,193.0,,18362.0,844.0
428170,2006,20192.0,0.0,24.0,0.0713,0.0713,0.0713,0.0713,,-,315.0,,18435.0,645.0
428170,2008,34166.0,0.0,131.0,0.2301,0.2301,0.2301,0.2301,,-,418.0,39.0,19398.0,476.0
428170,2009,44733.0,0.0,154.0,0.2066,0.2066,0.2066,0.2066,,-,537.0,33.0,20592.0,482.0
428170,2010,57803.0,0.0,225.0,0.2336,0.2336,0.2336,0.2336,,-,486.0,5.0,20265.0,515.0
428170,2011,58105.0,0.0,248.0,0.2561,0.2561,0.2561,0.2561,,-,430.0,29.0,19789.0,675.0
428170,2012,52563.0,0.0,260.0,0.2968,0.2968,0.2968,0.2968,,-,447.0,34.0,20496.0,639.0
428170,2013,41338.0,0.0,240.0,0.3483,0.3483,0.3483,0.3483,,-,573.0,63.0,20940.0,747.0
428170,2014,48867.0,0.0,239.0,0.2934,0.2934,0.2934,0.2934,,-,559.0,77.0,21334.0,619.0
428170,2015,44585.0,0.0,246.0,0.3311,0.3311,0.3311,0.3311,,-,779.0,,22005.0,666.0
428170,2016,24820.0,0.0,164.0,0.3965,0.3965,0.3965,0.3965,,-,361.0,,22797.0,883.0
428170,2017,25838.0,0.0,112.0,0.2601,0.2601,0.2601,0.2601,,-,397.0,3.0,23313.0,441.0
428170,2018,28559.0,0.0,113.0,0.2374,0.2374,0.2374,0.2374,,-,392.0,72.0,23709.0,388.0
428170,2019,30074.0,0.0,128.0,0.2554,0.2554,0.2554,0.2554,,-,475.0,46.0,24183.0,406.0
428170,2020,34356.0,0.0,102.0,0.1781,0.1781,0.1781,0.1781,,-,289.0,33.0,24335.0,382.0
428170,2021,41640.0,0.0,146.0,0.2104,0.2104,0.2104,0.2104,,-,223.0,26.0,23632.0,449.0
428170,2023,41979.0,2.0,195.0,0.2844,0.2844,0.2844,0.2844,,-,114.0,52.0,23523.0,486.0
428268,2001,240.0,5.0,0.0,2.5,2.5,2.5,2.5,,-,,,,
428268,2003,1269.0,4.0,0.0,0.3783,0.3783,0.3783,0.3783,,-,,,,453.0
428268,2004,1206.0,17.0,0.0,1.6915,1.6915,1.6915,1.6915,,-,,,,684.0
428268,2005,1336.0,13.0,0.0,1.1677,1.1677,1.1677,1.1677,,-,,,,606.0
428268,2006,1191.0,12.0,0.0,1.2091,1.2091,1.2091,1.2091,,-,,,,492.0
428268,2009,1666.0,13.0,0.0,0.9364,0.9364,0.9364,0.9364,,-,11.0,,25398.0,798.0
428268,2010,2205.0,9.0,0.0,0.4898,0.4898,0.4898,0.4898,,-,9.0,12.0,26777.0,863.0
428268,2011,2571.0,11.0,0.0,0.5134,0.5134,0.5134,0.5134,,-,16.0,46.0,18611.0,633.0
428268,2012,2361.0,14.0,0.0,0.7116,0.7116,0.7116,0.7116,,-,7.0,15.0,17160.0,773.0
428268,2013,2298.0,11.0,0.0,0.5744,0.5744,0.5744,0.5744,,-,16.0,28.0,16957.0,785.0
428268,2014,3450.0,18.0,0.0,0.6261,0.6261,0.6261,0.6261,,-,10.0,21.0,17989.0,610.0
428268,2015,3376.0,9.0,0.0,0.3199,0.3199,0.3199,0.3199,,-,15.0,26.0,17837.0,628.0
428268,2016,3225.0,15.0,4.0,0.6326,0.6326,0.6326,0.6326,,-,10.0,20.0,17580.0,574.0
428268,2017,3247.0,14.0,3.0,0.5728,0.5728,0.5728,0.5728,,-,10.0,27.0,16766.0,576.0
428268,2018,3684.0,17.0,4.0,0.6189,0.6189,0.6189,0.6189,,-,,,16747.0,
430157,1998,8136.0,0.0,124.0,0.9145,0.9145,0.9145,0.9145,,-,,,,
430157,1999,11253.0,0.0,132.0,0.7038,0.7038,0.7038,0.7038,,-,,,,
430157,2000,10266.0,0.0,125.0,0.7306,0.7306,0.7306,0.7306,,-,,,,
430157,2002,12350.0,0.0,94.0,0.4567,0.4567,0.4567,0.4567,,-,36.0,,14486.0,
430157,2003,13050.0,0.0,104.0,0.4782,0.4782,0.4782,0.4782,,-,19.0,,15061.0,283.0
430157,2004,9405.0,0.0,114.0,0.7273,0.7273,0.7273,0.7273,,-,17.0,,14698.0,388.0
430157,2005,10263.0,0.0,125.0,0.7308,0.7308,0.7308,0.7308,,-,24.0,,15070.0,382.0
430157,2006,12507.0,0.0,130.0,0.6237,0.6237,0.6237,0.6237,,-,28.0,56.0,14900.0,330.0
430157,2007,8804.0,0.0,124.0,0.8451,0.8451,0.8451,0.8451,,-,47.0,46.0,14841.0,467.0
430157,2008,12790.0,0.0,138.0,0.6474,0.6474,0.6474,0.6474,,-,27.0,38.0,14970.0,348.0
430157,2009,10449.0,0.0,152.0,0.8728,0.8728,0.8728,0.8728,,-,79.0,32.0,19374.0,478.0
430157,2010,11761.0,0.0,124.0,0.6326,0.6326,0.6326,0.6326,,-,45.0,51.0,21514.0,556.0
430157,2011,13291.0,0.0,184.0,0.8306,0.8306,0.8306,0.8306,,-,73.0,11.0,21961.0,554.0
430157,2012,11190.0,0.0,156.0,0.8365,0.8365,0.8365,0.8365,,-,69.0,15.0,22673.0,663.0
430157,2013,7915.0,0.0,109.0,0.8263,0.8263,0.8263,0.8263,,-,62.0,,22276.0,880.0
430157,2014,10195.0,0.0,157.0,0.924,0.924,0.924,0.924,,-,32.0,,22266.0,796.0
430157,2015,7146.0,0.0,136.0,1.1419,1.1419,1.1419,1.1419,,-,17.0,35.0,22389.0,886.0
430157,2016,4903.0,0.0,84.0,1.0279,1.0279,1.0279,1.0279,,-,10.0,20.0,22234.0,845.0
430157,2017,4480.0,0.0,64.0,0.8571,0.8571,0.8571,0.8571,,-,7.0,20.0,21863.0,742.0
430157,2018,4706.0,0.0,47.0,0.5992,0.5992,0.5992,0.5992,,-,,,,
430263,1998,7128.0,0.0,15.0,0.1263,0.1263,0.1263,0.1263,,-,,,,
430263,2001,18293.0,0.0,77.0,0.2526,0.2526,0.2526,0.2526,,-,,,,
430263,2002,13200.0,0.0,157.0,0.7136,0.7136,0.7136,0.7136,,-,146.0,,18964.0,
430263,2003,12113.0,0.0,163.0,0.8074,0.8074,0.8074,0.8074,,-,85.0,,20188.0,848.0
430263,2004,13567.0,0.0,132.0,0.5838,0.5838,0.5838,0.5838,,-,88.0,,20716.0,944.0
430263,2005,13128.0,41.0,158.0,1.0969,1.0969,1.0969,1.0969,,-,119.0,,21807.0,947.0
430263,2006,13421.0,29.0,86.0,0.6438,0.6438,0.6438,0.6438,,-,57.0,53.0,22118.0,998.0
430263,2007,17432.0,16.0,106.0,0.475,0.475,0.475,0.475,,-,54.0,18.0,22504.0,807.0
430263,2008,17824.0,37.0,92.0,0.5588,0.5588,0.5588,0.5588,,-,119.0,6.0,22828.0,829.0
430263,2009,19733.0,47.0,140.0,0.7115,0.7115,0.7115,0.7115,,-,142.0,20.0,23533.0,852.0
430263,2010,25339.0,52.0,142.0,0.5825,0.5825,0.5825,0.5825,,-,96.0,14.0,24513.0,799.0
430263,2011,22373.0,59.0,181.0,0.8018,0.8018,0.8018,0.8018,,-,39.0,19.0,25194.0,1042.0
430263,2012,16713.0,63.0,216.0,1.2278,1.2278,1.2278,1.2278,,-,38.0,10.0,24556.0,1116.0
430263,2013,12174.0,65.0,153.0,1.3948,1.3948,1.3948,1.3948,,-,82.0,3.0,24126.0,1071.0
430263,2014,11662.0,37.0,104.0,0.9158,0.9158,0.9158,0.9158,,-,54.0,1.0,23762.0,801.0
430263,2015,10626.0,27.0,93.0,0.83,0.83,0.83,0.83,,-,70.0,6.0,23561.0,746.0
430476,1998,804.0,0.0,0.0,0.0,0.0,0.0,0.0,,-,,,,
430476,1999,1530.0,0.0,0.0,0.0,0.0,0.0,0.0,,-,,,,
430476,2001,2635.0,0.0,0.0,0.0,0.0,0.0,0.0,,-,,,,
432232,2000,56781.0,193.0,0.0,0.4079,0.4079,0.4079,0.4079,,x,,,,
432232,2001,23846.0,192.0,1.0,0.9687,0.9687,0.9687,0.9687,,x,,,,
432232,2002,15883.0,165.0,0.0,1.2466,1.2466,1.2466,1.2466,,x,42.0,,,
432232,2003,21354.0,196.0,0.0,1.1014,1.1014,1.1014,1.1014,,x,26.0,,14326.0,613.0
432232,2004,38955.0,214.0,0.0,0.6592,0.6592,0.6592,0.6592,,x,67.0,,14676.0,425.0
432232,2005,43603.0,253.0,0.0,0.6963,0.6963,0.6963,0.6963,,x,55.0,,16369.0,428.0
432232,2006,34958.0,303.0,0.0,1.0401,1.0401,1.0401,1.0401,,x,57.0,121.0,15518.0,495.0
432232,2007,53340.0,348.0,0.0,0.7829,0.7829,0.7829,0.7829,,x,85.0,100.0,16345.0,332.0
432232,2008,30796.0,306.0,0.0,1.1924,1.1924,1.1924,1.1924,,x,51.0,110.0,16518.0,502.0
432232,2009,37770.0,296.0,0.0,0.9404,0.9404,0.9404,0.9404,,x,72.0,105.0,16978.0,395.0
432232,2010,32797.0,332.0,0.0,1.2147,1.2147,1.2147,1.2147,,x,76.0,78.0,13620.0,513.0
432232,2011,31268.0,266.0,0.0,1.0209,1.0209,1.0209,1.0209,,x,95.0,152.0,14574.0,537.0
432232,2012,30738.0,186.0,0.0,0.7261,0.7261,0.7261,0.7261,,x,38.0,96.0,14774.0,520.0
432232,2013,22715.0,159.0,0.0,0.84,0.84,0.84,0.84,,x,43.0,88.0,15132.0,533.0
433466,2015,13582.0,0.0,4.0,0.0177,0.0177,0.0177,0.0177,,-,62.0,1.0,,202.0
433466,2016,11181.0,0.0,35.0,0.1878,0.1878,0.1878,0.1878,,-,38.0,,,228.0
433660,1999,79056.0,10.0,27.0,0.0357,0.0357,0.0357,0.0357,,n,,,,
433660,2000,58242.0,355.0,0.0,0.7314,0.7314,0.7314,0.7314,,n,,,,
433660,2001,67182.0,458.0,13.0,0.8297,0.8297,0.8297,0.8297,,n,,,,
433660,2002,81951.0,490.0,33.0,0.7417,0.7417,0.7417,0.7417,,n,848.0,,3638.0,
433660,2003,102165.0,621.0,40.0,0.7529,0.7529,0.7529,0.7529,,n,880.0,,4466.0,195.0
433660,2004,115159.0,667.0,58.0,0.7253,0.8887,0.9754,1.1075,2.332,o,937.0,,4705.0,198.0
433660,2005,130709.0,834.0,93.0,0.8084,0.9229,0.9807,1.0654,1.7371,o,1343.0,,4919.0,170.0
433660,2006,155142.0,859.0,111.0,0.7074,0.793,0.8357,0.8976,1.6102,o,1625.0,953.0,5255.0,179.0
433660,2007,183294.0,1016.0,122.0,0.7051,0.8028,0.8521,0.9241,1.7176,o,1896.0,1027.0,5392.0,157.0
433660,2008,211581.0,1214.0,184.0,0.7407,0.8682,0.9337,1.0311,1.9378,o,1874.0,948.0,5337.0,160.0
433660,2009,235177.0,1346.0,227.0,0.7447,0.8402,0.888,0.9576,1.6535,o,1981.0,977.0,5725.0,162.0
433660,2010,256511.0,1461.0,261.0,0.7445,0.7928,0.8159,0.8485,1.2989,o,2224.0,1026.0,6343.0,176.0
433660,2011,277331.0,1616.0,258.0,0.7551,0.7879,0.8035,0.8251,1.1943,o,2569.0,1091.0,6967.0,180.0
433660,2012,296952.0,1744.0,306.0,0.7666,0.8121,0.8338,0.8644,1.2714,o,2760.0,1094.0,7527.0,204.0
433660,2013,311512.0,1875.0,299.0,0.7799,0.8429,0.8735,0.9169,1.3824,o,2739.0,1160.0,8112.0,209.0
433660,2014,328294.0,1864.0,355.0,0.7462,0.7959,0.8197,0.8533,1.3077,o,2762.0,914.0,8055.0,215.0
433660,2015,342920.0,2062.0,334.0,0.78,0.8062,0.8185,0.8356,1.1477,o,2678.0,983.0,7987.0,214.0
433660,2016,351867.0,2331.0,393.0,0.862,0.8662,0.8682,0.8709,1.0208,o,2631.0,1040.0,7932.0,224.0
433660,2017,356109.0,2399.0,361.0,0.8692,0.8619,0.8586,0.8541,0.9654,o,2626.0,1022.0,7799.0,232.0
433660,2018,363554.0,2675.0,314.0,0.9348,0.9246,0.92,0.9138,0.9556,o,2902.0,1060.0,7625.0,210.0
433660,2019,373466.0,3005.0,284.0,1.0112,1.0151,1.0169,1.0193,1.0162,o,2774.0,1084.0,7465.0,193.0
433660,2020,374270.0,2931.0,238.0,0.9779,0.9937,1.0011,1.0111,1.0691,o,2595.0,1201.0,7353.0,193.0
433660,2021,380325.0,2818.0,287.0,0.9344,0.9392,0.9413,0.9443,1.0213,o,3125.0,1159.0,7141.0,188.0
433660,2022,383412.0,2871.0,250.0,0.9377,0.9454,0.949,0.9538,1.0347,o,2787.0,1158.0,6712.0,198.0
433660,2023,383268.0,2910.0,398.0,0.9734,0.983,0.9874,0.9934,1.0416,o,2771.0,1145.0,6333.0,194.0
433660,2024,389849.0,2968.0,333.0,0.9648,0.9729,0.9766,0.9817,1.0352,o,2706.0,1078.0,6118.0,188.0
434469,1999,2544.0,0.0,0.0,0.0,0.0,0.0,0.0,,-,,,,
434469,2013,2664.0,0.0,0.0,0.0,0.0,0.0,0.0,,-,34.0,,,953.0
434469,2014,4248.0,0.0,0.0,0.0,0.0,0.0,0.0,,-,27.0,,,471.0
434469,2015,4368.0,0.0,0.0,0.0,0.0,0.0,0.0,,-,17.0,,,477.0
434469,2016,3683.0,0.0,0.0,0.0,0.0,0.0,0.0,,-,6.0,,,472.0
434469,2017,3130.0,0.0,0.0,0.0,0.0,0.0,0.0,,-,8.0,,,399.0
434469,2018,3576.0,0.0,0.0,0.0,0.0,0.0,0.0,,-,10.0,,,723.0
434469,2023,26455.0,0.0,90.0,0.2041,0.2041,0.2041,0.2041,,-,125.0,,,195.0
434469,2024,39390.0,0.0,135.0,0.2056,0.2056,0.2056,0.2056,,-,69.0,5.0,,232.0
434539,1999,9936.0,0.0,35.0,0.2114,0.2114,0.2114,0.2114,,-,,,,
434539,2006,13433.0,10.0,78.0,0.4377,0.4377,0.4377,0.4377,,-,42.0,,13836.0,
434539,2008,14285.0,16.0,59.0,0.3822,0.3822,0.3822,0.3822,,-,50.0,,15160.0,
434539,2009,17216.0,18.0,59.0,0.3311,0.3311,0.3311,0.3311,,-,51.0,23.0,14906.0,
434539,2010,19623.0,21.0,92.0,0.4097,0.4097,0.4097,0.4097,,-,30.0,,16010.0,
434539,2012,9296.0,19.0,109.0,0.9488,0.9488,0.9488,0.9488,,-,24.0,45.0,17960.0,
434539,2013,9656.0,17.0,115.0,0.9258,0.9258,0.9258,0.9258,,-,22.0,17.0,20079.0,
434539,2014,8235.0,11.0,97.0,0.867,0.867,0.867,0.867,,-,35.0,22.0,20855.0,
434539,2015,7624.0,12.0,66.0,0.7083,0.7083,0.7083,0.7083,,-,33.0,12.0,16686.0,744.0
434539,2016,7988.0,8.0,74.0,0.676,0.676,0.676,0.676,,-,16.0,20.0,16942.0,738.0
434539,2017,6729.0,6.0,62.0,0.6599,0.6599,0.6599,0.6599,,-,12.0,15.0,16697.0,706.0
434539,2018,4193.0,4.0,70.0,1.1162,1.1162,1.1162,1.1162,,-,29.0,28.0,17068.0,731.0
434539,2019,4321.0,3.0,56.0,0.8608,0.8608,0.8608,0.8608,,-,3.0,9.0,17741.0,662.0
434539,2020,3041.0,2.0,27.0,0.6116,0.6116,0.6116,0.6116,,-,,,17475.0,496.0
434946,2001,20816.0,36.0,0.0,0.2075,0.2075,0.2075,0.2075,,x,,,,
434946,2003,27814.0,142.0,0.0,0.6126,0.6126,0.6126,0.6126,,x,42.0,,14326.0,650.0
434946,2004,47731.0,280.0,1.0,0.7052,0.7052,0.7052,0.7052,,x,115.0,,14676.0,441.0
434946,2005,50585.0,270.0,2.0,0.6429,0.6429,0.6429,0.6429,,x,70.0,,16369.0,472.0
434946,2006,48246.0,313.0,0.0,0.7785,0.7785,0.7785,0.7785,,x,146.0,184.0,15518.0,482.0
434946,2007,76440.0,377.0,0.0,0.5918,0.5918,0.5918,0.5918,,x,172.0,132.0,16345.0,335.0
434946,2008,49194.0,353.0,2.0,0.8635,0.8635,0.8635,0.8635,,x,168.0,192.0,16550.0,494.0
434946,2009,61140.0,413.0,0.0,0.8106,0.8106,0.8106,0.8106,,x,82.0,154.0,17395.0,402.0
434946,2010,48606.0,418.0,0.0,1.032,1.032,1.032,1.032,,x,68.0,133.0,13963.0,492.0
434946,2011,43648.0,349.0,0.0,0.9595,0.9595,0.9595,0.9595,,x,90.0,152.0,14574.0,550.0
434946,2012,42535.0,286.0,0.0,0.8069,0.8069,0.8069,0.8069,,x,51.0,93.0,14774.0,528.0
434946,2013,30608.0,250.0,0.0,0.9801,0.9801,0.9801,0.9801,,x,33.0,93.0,15132.0,564.0
434955,2001,24025.0,132.0,3.0,0.6668,0.6668,0.6668,0.6668,,x,,,,
434955,2003,21995.0,174.0,0.0,0.9493,0.9493,0.9493,0.9493,,x,24.0,,14326.0,681.0
434955,2004,36013.0,259.0,0.0,0.863,0.863,0.863,0.863,,x,49.0,,14676.0,475.0
434955,2005,39323.0,251.0,1.0,0.7675,0.7675,0.7675,0.7675,,x,82.0,,16369.0,483.0
434955,2006,36852.0,323.0,0.0,1.0518,1.0518,1.0518,1.0518,,x,35.0,156.0,15518.0,501.0
434955,2007,50880.0,327.0,0.0,0.7712,0.7712,0.7712,0.7712,,x,67.0,100.0,16345.0,333.0
434955,2008,27443.0,263.0,2.0,1.1544,1.1544,1.1544,1.1544,,x,51.0,92.0,16375.0,496.0
434955,2009,33330.0,333.0,0.0,1.1989,1.1989,1.1989,1.1989,,x,37.0,71.0,16964.0,394.0
434955,2010,27905.0,272.0,0.0,1.1697,1.1697,1.1697,1.1697,,x,30.0,73.0,13620.0,515.0
434955,2011,27072.0,265.0,0.0,1.1746,1.1746,1.1746,1.1746,,x,61.0,132.0,14574.0,529.0
434955,2012,29445.0,168.0,0.0,0.6847,0.6847,0.6847,0.6847,,x,32.0,112.0,14774.0,536.0
434955,2013,25046.0,179.0,0.0,0.8576,0.8576,0.8576,0.8576,,x,29.0,112.0,15132.0,592.0
434964,2001,17390.0,169.0,1.0,1.1696,1.1696,1.1696,1.1696,,x,,,,
434964,2003,23371.0,169.0,1.0,0.8703,0.8703,0.8703,0.8703,,x,23.0,,14326.0,700.0
434964,2004,41340.0,262.0,1.0,0.762,0.762,0.762,0.762,,x,113.0,,14676.0,470.0
434964,2005,45157.0,250.0,1.0,0.6657,0.6657,0.6657,0.6657,,x,93.0,,16369.0,480.0
434964,2006,43371.0,287.0,0.0,0.7941,0.7941,0.7941,0.7941,,x,97.0,109.0,15518.0,495.0
434964,2008,23526.0,260.0,1.0,1.3287,1.3287,1.3287,1.3287,,x,30.0,39.0,16506.0,510.0
434964,2009,23640.0,315.0,0.0,1.599,1.599,1.599,1.599,,x,36.0,46.0,16964.0,389.0
434964,2010,18678.0,256.0,0.0,1.6447,1.6447,1.6447,1.6447,,x,48.0,60.0,13620.0,507.0
434964,2011,19402.0,192.0,0.0,1.1875,1.1875,1.1875,1.1875,,x,45.0,88.0,14574.0,538.0
434964,2012,20073.0,88.0,0.0,0.5261,0.5261,0.5261,0.5261,,x,43.0,64.0,14774.0,548.0
434964,2013,17551.0,93.0,0.0,0.6359,0.6359,0.6359,0.6359,,x,,,15132.0,547.0
436225,2009,33990.0,0.0,107.0,0.1889,0.1889,0.1889,0.1889,,-,190.0,,,304.0
436225,2010,31890.0,0.0,6.0,0.0113,0.0113,0.0113,0.0113,,-,196.0,2.0,,354.0
436225,2011,25620.0,0.0,2.0,0.0047,0.0047,0.0047,0.0047,,-,139.0,16.0,,331.0
436225,2012,20460.0,0.0,30.0,0.088,0.088,0.088,0.088,,-,122.0,,,331.0
436225,2013,21780.0,0.0,25.0,0.0689,0.0689,0.0689,0.0689,,-,231.0,,20088.0,352.0
436474,2003,29427.0,0.0,243.0,0.4955,0.4955,0.4955,0.4955,,-,151.0,,47310.0,314.0
436474,2005,37320.0,4.0,136.0,0.2315,0.2315,0.2315,0.2315,,-,407.0,,33608.0,223.0
436474,2007,14276.0,1.0,51.0,0.2228,0.2228,0.2228,0.2228,,-,54.0,,,376.0
436474,2008,8432.0,1.0,37.0,0.2775,0.2775,0.2775,0.2775,,-,32.0,,,496.0
436702,2006,15372.0,0.0,0.0,0.0,0.0,0.0,0.0,,-,142.0,1.0,,737.0
436702,2007,15372.0,0.0,0.0,0.0,0.0,0.0,0.0,,-,239.0,,,529.0
436702,2008,10421.0,0.0,0.0,0.0,0.0,0.0,0.0,,-,91.0,28.0,,150.0
436702,2011,9350.0,0.0,109.0,0.6995,0.6995,0.6995,0.6995,,-,112.0,1.0,,1088.0
436702,2012,16320.0,0.0,108.0,0.3971,0.3971,0.3971,0.3971,,-,128.0,1.0,,631.0
436702,2013,17927.0,0.0,167.0,0.5589,0.5589,0.5589,0.5589,,-,237.0,30.0,,458.0
436702,2014,20800.0,14.0,62.0,0.2596,0.2596,0.2596,0.2596,,-,141.0,98.0,,505.0
436702,2015,28950.0,11.0,86.0,0.2238,0.2238,0.2238,0.2238,,-,,,,
438294,2004,4629.0,0.0,53.0,0.687,0.687,0.687,0.687,,-,52.0,,,
438294,2005,4651.0,0.0,46.0,0.5934,0.5934,0.5934,0.5934,,-,60.0,,,
438294,2006,4789.0,0.0,38.0,0.4761,0.4761,0.4761,0.4761,,-,82.0,3.0,,
438294,2007,5670.0,0.0,43.0,0.455,0.455,0.455,0.455,,-,54.0,,,
438294,2008,6240.0,0.0,39.0,0.375,0.375,0.375,0.375,,-,53.0,22.0,,
438294,2009,11225.0,0.0,57.0,0.3047,0.3047,0.3047,0.3047,,-,78.0,7.0,,
438601,2007,38829.0,302.0,10.0,0.9488,0.9488,0.9488,0.9488,,-,137.0,217.0,24535.0,840.0
438601,2008,33898.0,254.0,17.0,0.9293,0.9293,0.9293,0.9293,,-,123.0,97.0,24452.0,737.0
438601,2009,30941.0,169.0,43.0,0.7388,0.7388,0.7388,0.7388,,-,130.0,84.0,24042.0,638.0
438601,2010,27425.0,149.0,102.0,0.8751,0.8751,0.8751,0.8751,,-,111.0,73.0,23692.0,670.0
438601,2011,24131.0,139.0,110.0,0.9647,0.9647,0.9647,0.9647,,-,89.0,53.0,22688.0,710.0
438601,2012,18907.0,122.0,67.0,0.9869,0.9869,0.9869,0.9869,,-,20.0,20.0,20988.0,753.0
438902,2001,21632.0,0.0,0.0,0.0,0.0,0.0,0.0,,n,,,,
438902,2004,42909.0,37.0,140.0,0.2992,0.2992,0.2992,0.2992,,n,307.0,,14030.0,334.0
438902,2005,30468.0,31.0,112.0,0.3427,0.3427,0.3427,0.3427,,n,239.0,,14776.0,525.0
438902,2006,30608.0,53.0,87.0,0.3783,0.4568,0.475,0.5237,1.9158,o,413.0,,14895.0,480.0
438902,2009,39726.0,13.0,131.0,0.2371,0.2376,0.2377,0.238,1.0073,o,229.0,,18129.0,676.0
438902,2010,35597.0,15.0,91.0,0.2039,0.1876,0.1844,0.1766,0.75,o,85.0,,19350.0,779.0
438902,2011,28412.0,25.0,92.0,0.2999,0.2374,0.2262,0.2004,0.4467,o,48.0,57.0,20001.0,758.0
438902,2012,23716.0,38.0,106.0,0.4604,0.3051,0.2802,0.2264,0.2418,o,57.0,82.0,20377.0,515.0
438902,2013,23964.0,37.0,51.0,0.313,0.2003,0.1827,0.145,0.2147,o,60.0,57.0,20020.0,480.0
438902,2014,21566.0,29.0,54.0,0.3116,0.234,0.2206,0.1902,0.3726,o,44.0,58.0,19480.0,460.0
438902,2015,16791.0,22.0,45.0,0.318,0.2961,0.2918,0.2812,0.782,o,34.0,53.0,19504.0,247.0
439163,2002,31778.0,0.0,3.0,0.0057,0.0057,0.0057,0.0057,,x,771.0,,16976.0,
439163,2003,55524.0,11.0,19.0,0.0443,0.0443,0.0443,0.0443,,x,735.0,,16909.0,536.0
439163,2004,81621.0,169.0,38.0,0.2764,0.2764,0.2764,0.2764,,x,570.0,,17562.0,579.0
439163,2005,89949.0,254.0,97.0,0.4036,0.4036,0.4036,0.4036,,x,398.0,,19122.0,600.0
439163,2006,56264.0,472.0,51.0,1.0611,1.0611,1.0611,1.0611,,x,439.0,,19881.0,835.0
439163,2007,50743.0,457.0,46.0,1.1351,1.1351,1.1351,1.1351,,x,473.0,465.0,20220.0,913.0
439163,2008,65295.0,500.0,47.0,0.9621,0.9621,0.9621,0.9621,,x,490.0,553.0,20516.0,754.0
439163,2009,85710.0,483.0,47.0,0.7091,0.7091,0.7091,0.7091,,x,569.0,686.0,20330.0,607.0
439163,2010,105180.0,501.0,72.0,0.6127,0.6127,0.6127,0.6127,,x,614.0,1335.0,20859.0,601.0
439163,2011,112260.0,592.0,91.0,0.6815,0.6815,0.6815,0.6815,,x,344.0,885.0,20696.0,628.0
439163,2012,88980.0,514.0,121.0,0.7748,0.7748,0.7748,0.7748,,x,179.0,597.0,20665.0,666.0
439394,2014,240.0,0.0,0.0,0.0,0.0,0.0,0.0,,-,,5.0,,402.0
439394,2015,240.0,0.0,0.0,0.0,0.0,0.0,0.0,,-,,,,296.0
439394,2016,337.0,0.0,0.0,0.0,0.0,0.0,0.0,,-,4.0,2.0,,291.0
439394,2018,279.0,0.0,0.0,0.0,0.0,0.0,0.0,,-,,,13304.0,328.0
439437,2008,1500.0,0.0,0.0,0.0,0.0,0.0,0.0,,-,41.0,,,464.0
439437,2009,1500.0,0.0,5.0,0.2,0.2,0.2,0.2,,-,134.0,,,
439446,2003,4505.0,19.0,0.0,0.5061,0.5061,0.5061,0.5061,,n,,,,39.0
439446,2009,1206.0,26.0,0.0,2.5871,2.5871,2.5871,2.5871,,n,,,,195.0
439446,2015,3600.0,45.0,0.0,1.5,1.5,1.5,1.5,,n,,,,248.0
439446,2016,3960.0,53.0,0.0,1.6061,1.6061,1.6061,1.6061,,n,,,,241.0
439446,2017,3360.0,29.0,0.0,1.0357,1.0357,1.0357,1.0357,,n,,,,239.0
439446,2018,3180.0,34.0,0.0,1.283,1.283,1.283,1.283,,n,,,,236.0
439446,2019,3300.0,40.0,0.0,1.4545,1.4545,1.4545,1.4545,,n,,,,200.0
439446,2021,1875.0,28.0,0.0,1.792,1.792,1.792,1.792,,n,,,,439.0
439446,2023,2970.0,13.0,0.0,0.5253,0.5253,0.5253,0.5253,,n,,,,274.0
439525,2011,30415.0,0.0,100.0,0.1973,0.1973,0.1973,0.1973,,-,190.0,220.0,,443.0
439525,2012,22489.0,0.0,73.0,0.1948,0.1948,0.1948,0.1948,,-,239.0,197.0,,410.0
439525,2013,17855.0,0.0,76.0,0.2554,0.2554,0.2554,0.2554,,-,89.0,181.0,,436.0
439792,2001,4343.0,0.0,0.0,0.0,0.0,0.0,0.0,,-,,,,
439792,2004,20559.0,0.0,0.0,0.0,0.0,0.0,0.0,,-,259.0,,,179.0
439792,2006,23408.0,0.0,30.0,0.0769,0.0769,0.0769,0.0769,,-,257.0,,,225.0
439792,2007,15837.0,0.0,55.0,0.2084,0.2084,0.2084,0.2084,,-,58.0,24.0,,299.0
439792,2010,22966.0,0.0,79.0,0.2064,0.2064,0.2064,0.2064,,-,97.0,14.0,,595.0
439792,2012,19440.0,0.0,81.0,0.25,0.25,0.25,0.25,,-,49.0,34.0,16926.0,737.0
439792,2013,15540.0,0.0,55.0,0.2124,0.2124,0.2124,0.2124,,-,40.0,17.0,17357.0,806.0
439792,2014,13230.0,0.0,44.0,0.1995,0.1995,0.1995,0.1995,,-,81.0,23.0,17765.0,387.0
439792,2015,15360.0,0.0,24.0,0.0938,0.0938,0.0938,0.0938,,-,49.0,39.0,18548.0,415.0
439792,2016,18030.0,0.0,39.0,0.1298,0.1298,0.1298,0.1298,,-,52.0,61.0,18568.0,442.0
439792,2017,18210.0,0.0,36.0,0.1186,0.1186,0.1186,0.1186,,-,32.0,47.0,18751.0,445.0
439792,2018,18510.0,0.0,41.0,0.1329,0.1329,0.1329,0.1329,,-,42.0,67.0,18960.0,420.0
439792,2019,18720.0,0.0,46.0,0.1474,0.1474,0.1474,0.1474,,-,49.0,64.0,18613.0,437.0
439792,2020,18030.0,0.0,48.0,0.1597,0.1597,0.1597,0.1597,,-,34.0,72.0,18523.0,437.0
439792,2021,21540.0,0.0,64.0,0.1783,0.1783,0.1783,0.1783,,-,37.0,55.0,17579.0,420.0
439792,2022,18810.0,0.0,55.0,0.1754,0.1754,0.1754,0.1754,,-,33.0,41.0,15862.0,345.0
439792,2023,14370.0,0.0,37.0,0.1545,0.1545,0.1545,0.1545,,-,24.0,55.0,14611.0,352.0
439792,2024,15570.0,0.0,35.0,0.1349,0.1349,0.1349,0.1349,,-,41.0,67.0,14386.0,352.0
439969,2001,1666.0,0.0,0.0,0.0,0.0,0.0,0.0,,-,,,,
439969,2002,1611.0,0.0,0.0,0.0,0.0,0.0,0.0,,-,91.0,,,
439969,2003,2825.0,0.0,0.0,0.0,0.0,0.0,0.0,,-,18.0,,,604.0
439969,2004,4172.0,0.0,0.0,0.0,0.0,0.0,0.0,,-,112.0,,,406.0
439969,2007,2520.0,0.0,0.0,0.0,0.0,0.0,0.0,,-,13.0,24.0,18148.0,440.0
439969,2008,2568.0,0.0,0.0,0.0,0.0,0.0,0.0,,-,15.0,17.0,17560.0,238.0
439969,2009,2472.0,0.0,0.0,0.0,0.0,0.0,0.0,,-,8.0,27.0,17266.0,360.0
440925,2003,25248.0,0.0,180.0,0.4278,0.4278,0.4278,0.4278,,-,133.0,,45798.0,534.0
440925,2004,25619.0,0.0,189.0,0.4426,0.4426,0.4426,0.4426,,-,144.0,,52238.0,705.0
440925,2005,32731.0,16.0,177.0,0.3831,0.3831,0.3831,0.3831,,-,349.0,,25174.0,582.0
440925,2006,40268.0,36.0,78.0,0.2235,0.2235,0.2235,0.2235,,-,385.0,,24418.0,595.0
440925,2007,42621.0,115.0,30.0,0.366,0.366,0.366,0.366,,-,267.0,110.0,23702.0,613.0
440925,2008,43100.0,189.0,20.0,0.5541,0.5541,0.5541,0.5541,,-,231.0,123.0,23006.0,620.0
440925,2009,47664.0,128.0,4.0,0.3273,0.3273,0.3273,0.3273,,-,166.0,75.0,22929.0,553.0
440925,2010,35367.0,192.0,10.0,0.6684,0.6684,0.6684,0.6684,,-,159.0,71.0,24087.0,779.0
440925,2011,42289.0,188.0,11.0,0.5491,0.5491,0.5491,0.5491,,-,64.0,32.0,17589.0,604.0
440925,2012,22221.0,118.0,4.0,0.648,0.648,0.648,0.648,,-,20.0,17.0,17144.0,902.0
440925,2013,17435.0,170.0,16.0,1.2251,1.2251,1.2251,1.2251,,-,28.0,28.0,20533.0,823.0
440925,2014,10363.0,98.0,16.0,1.2275,1.2275,1.2275,1.2275,,-,16.0,9.0,20144.0,926.0
441061,2003,16000.0,0.0,115.0,0.4312,0.4312,0.4312,0.4312,,-,76.0,,47310.0,631.0
441061,2006,10573.0,15.0,57.0,0.4937,0.4937,0.4937,0.4937,,-,38.0,,49142.0,633.0
441061,2008,864.0,7.0,23.0,2.5694,2.5694,2.5694,2.5694,,-,,,20121.0,275.0
441371,2009,20472.0,0.0,0.0,0.0,0.0,0.0,0.0,,-,779.0,33.0,,432.0
441371,2011,17593.0,0.0,8.0,0.0273,0.0273,0.0273,0.0273,,-,154.0,11.0,,820.0
441371,2012,10905.0,0.0,8.0,0.044,0.044,0.044,0.044,,-,112.0,,,772.0
441371,2013,10449.0,0.0,18.0,0.1034,0.1034,0.1034,0.1034,,-,97.0,,,529.0
441371,2014,8625.0,0.0,10.0,0.0696,0.0696,0.0696,0.0696,,-,94.0,8.0,,584.0
441371,2015,8938.0,0.0,12.0,0.0806,0.0806,0.0806,0.0806,,-,59.0,2.0,,494.0
441371,2016,10131.0,0.0,20.0,0.1184,0.1184,0.1184,0.1184,,-,78.0,,,411.0
441371,2018,544718.0,0.0,6027.0,0.6639,0.6639,0.6639,0.6639,,-,4337.0,,,683.0
441399,2004,3360.0,0.0,0.0,0.0,0.0,0.0,0.0,,-,107.0,,,200.0
441399,2006,3030.0,0.0,1.0,0.0198,0.0198,0.0198,0.0198,,-,99.0,,,652.0
441399,2007,2219.0,0.0,6.0,0.1622,0.1622,0.1622,0.1622,,-,8.0,,,1119.0
441399,2009,10710.0,0.0,10.0,0.056,0.056,0.056,0.056,,-,82.0,,20287.0,310.0
441399,2011,15596.0,0.0,5.0,0.0192,0.0192,0.0192,0.0192,,-,,,19963.0,
441423,2002,3176.0,0.0,0.0,0.0,0.0,0.0,0.0,,-,49.0,,,
441423,2003,6921.0,0.0,0.0,0.0,0.0,0.0,0.0,,-,131.0,,,130.0
441423,2004,7901.0,0.0,0.0,0.0,0.0,0.0,0.0,,-,67.0,,,144.0
441423,2005,5461.0,0.0,0.0,0.0,0.0,0.0,0.0,,-,58.0,,,237.0
441423,2006,7243.0,0.0,0.0,0.0,0.0,0.0,0.0,,-,33.0,,,161.0
441423,2007,9058.0,0.0,0.0,0.0,0.0,0.0,0.0,,-,40.0,,,174.0
441423,2008,8388.0,0.0,0.0,0.0,0.0,0.0,0.0,,-,93.0,,,246.0
441423,2009,11525.0,0.0,0.0,0.0,0.0,0.0,0.0,,-,126.0,,,241.0
441423,2010,13764.0,0.0,0.0,0.0,0.0,0.0,0.0,,-,159.0,,,347.0
441423,2011,13436.0,0.0,0.0,0.0,0.0,0.0,0.0,,-,132.0,,,462.0
441423,2012,7854.0,0.0,0.0,0.0,0.0,0.0,0.0,,-,101.0,,,541.0
441423,2013,9220.0,0.0,0.0,0.0,0.0,0.0,0.0,,-,145.0,,,382.0
441423,2014,12475.0,0.0,0.0,0.0,0.0,0.0,0.0,,-,191.0,,,351.0
441423,2015,11222.0,0.0,0.0,0.0,0.0,0.0,0.0,,-,182.0,,,433.0
441423,2016,11004.0,0.0,0.0,0.0,0.0,0.0,0.0,,-,135.0,,,405.0
441423,2017,11339.0,0.0,0.0,0.0,0.0,0.0,0.0,,-,156.0,,,485.0
441423,2018,10069.0,0.0,0.0,0.0,0.0,0.0,0.0,,-,220.0,,,413.0
441423,2019,11082.0,0.0,0.0,0.0,0.0,0.0,0.0,,-,206.0,1.0,,317.0
441423,2020,12471.0,0.0,0.0,0.0,0.0,0.0,0.0,,-,53.0,,,335.0
441423,2021,10373.0,0.0,2.0,0.0116,0.0116,0.0116,0.0116,,-,77.0,3.0,,361.0
441423,2023,25840.0,0.0,5.0,0.0116,0.0116,0.0116,0.0116,,-,110.0,2.0,,219.0
441441,2003,7415.0,0.0,0.0,0.0,0.0,0.0,0.0,,-,58.0,,,98.0
441441,2012,14250.0,0.0,0.0,0.0,0.0,0.0,0.0,,-,219.0,,,195.0
442231,2004,37638.0,0.0,300.0,0.4782,0.4782,0.4782,0.4782,,-,724.0,,,669.0
442231,2005,77426.0,0.0,631.0,0.489,0.489,0.489,0.489,,-,169.0,,,517.0
442231,2006,65534.0,0.0,640.0,0.586,0.586,0.586,0.586,,-,278.0,,,572.0
442231,2007,58677.0,0.0,470.0,0.4806,0.4806,0.4806,0.4806,,-,168.0,82.0,,565.0
442231,2008,62747.0,0.0,530.0,0.5068,0.5068,0.5068,0.5068,,-,148.0,52.0,,508.0
442231,2009,53129.0,0.0,519.0,0.5861,0.5861,0.5861,0.5861,,-,228.0,104.0,,563.0
442231,2010,61326.0,0.0,384.0,0.3757,0.3757,0.3757,0.3757,,-,260.0,98.0,56822.0,472.0
442231,2011,72327.0,0.0,352.0,0.292,0.292,0.292,0.292,,-,224.0,97.0,22015.0,482.0
442231,2012,66095.0,0.0,423.0,0.384,0.384,0.384,0.384,,-,187.0,92.0,18977.0,498.0
442231,2013,48637.0,0.0,153.0,0.1887,0.1887,0.1887,0.1887,,-,129.0,55.0,17261.0,508.0
442231,2014,42709.0,0.0,69.0,0.0969,0.0969,0.0969,0.0969,,-,120.0,55.0,17064.0,441.0
442231,2015,38400.0,0.0,263.0,0.4109,0.4109,0.4109,0.4109,,-,99.0,63.0,17517.0,484.0
442259,2005,30.0,0.0,0.0,0.0,0.0,0.0,0.0,,n,3.0,,,
442259,2007,150.0,0.0,0.0,0.0,0.0,0.0,0.0,,n,,,6806.0,
442277,2003,120.0,0.0,0.0,0.0,0.0,0.0,0.0,,n,4.0,,,
442329,2014,24201.0,0.0,0.0,0.0,0.0,0.0,0.0,,-,257.0,,,722.0
442329,2015,23196.0,0.0,0.0,0.0,0.0,0.0,0.0,,-,285.0,,,763.0
442329,2016,26105.0,0.0,0.0,0.0,0.0,0.0,0.0,,-,327.0,,,884.0
442329,2017,29908.0,0.0,0.0,0.0,0.0,0.0,0.0,,-,352.0,,,743.0
442329,2018,26235.0,0.0,0.0,0.0,0.0,0.0,0.0,,-,320.0,,,842.0
442329,2019,31210.0,0.0,0.0,0.0,0.0,0.0,0.0,,-,288.0,,,820.0
442329,2020,33338.0,0.0,0.0,0.0,0.0,0.0,0.0,,-,384.0,,,796.0
442329,2021,32716.0,0.0,0.0,0.0,0.0,0.0,0.0,,-,330.0,,,819.0
442329,2022,32970.0,0.0,0.0,0.0,0.0,0.0,0.0,,-,371.0,,,724.0
442329,2023,36139.0,0.0,0.0,0.0,0.0,0.0,0.0,,-,256.0,,,810.0
442329,2024,33544.0,0.0,0.0,0.0,0.0,0.0,0.0,,-,346.0,,,946.0
442541,2010,2208.0,12.0,3.0,0.7337,0.7337,0.7337,0.7337,,n,,,,
442684,2005,7204.0,0.0,0.0,0.0,0.0,0.0,0.0,,-,32.0,,14687.0,
442684,2006,6600.0,0.0,0.0,0.0,0.0,0.0,0.0,,-,23.0,,14217.0,
442684,2007,9273.0,0.0,0.0,0.0,0.0,0.0,0.0,,-,21.0,,,
442684,2008,9735.0,0.0,0.0,0.0,0.0,0.0,0.0,,-,5.0,,20487.0,
442684,2009,9966.0,0.0,0.0,0.0,0.0,0.0,0.0,,-,23.0,,20143.0,
442684,2010,9300.0,0.0,11.0,0.071,0.071,0.071,0.071,,-,15.0,,23015.0,
442684,2011,7360.0,0.0,6.0,0.0489,0.0489,0.0489,0.0489,,-,5.0,,20799.0,
442684,2012,6540.0,0.0,0.0,0.0,0.0,0.0,0.0,,-,4.0,,21906.0,
442684,2013,4890.0,0.0,3.0,0.0368,0.0368,0.0368,0.0368,,-,,,21522.0,
442745,2003,30333.0,0.0,0.0,0.0,0.0,0.0,0.0,,-,98.0,,,206.0
442745,2004,44046.0,0.0,14.0,0.0191,0.0191,0.0191,0.0191,,-,112.0,,,208.0
442745,2005,28550.0,0.0,19.0,0.0399,0.0399,0.0399,0.0399,,-,74.0,,,198.0
442745,2007,22295.0,0.0,0.0,0.0,0.0,0.0,0.0,,-,272.0,12.0,,318.0
442745,2008,28185.0,0.0,0.0,0.0,0.0,0.0,0.0,,-,325.0,21.0,,310.0
442745,2010,39332.0,0.0,26.0,0.0397,0.0397,0.0397,0.0397,,-,299.0,10.0,,525.0
442745,2012,38400.0,0.0,66.0,0.1031,0.1031,0.1031,0.1031,,-,102.0,18.0,18572.0,374.0
442745,2013,25050.0,0.0,23.0,0.0551,0.0551,0.0551,0.0551,,-,69.0,10.0,19036.0,465.0
442745,2014,16950.0,0.0,25.0,0.0885,0.0885,0.0885,0.0885,,-,53.0,14.0,30127.0,462.0
442745,2016,2220.0,0.0,12.0,0.3243,0.3243,0.3243,0.3243,,-,,,17969.0,248.0
443270,2007,1825.0,0.0,0.0,0.0,0.0,0.0,0.0,,-,32.0,,,319.0
443270,2009,3766.0,0.0,0.0,0.0,0.0,0.0,0.0,,-,72.0,1.0,,323.0
443270,2010,6190.0,0.0,0.0,0.0,0.0,0.0,0.0,,-,57.0,4.0,20265.0,345.0
443270,2011,6767.0,0.0,1.0,0.0089,0.0089,0.0089,0.0089,,-,22.0,3.0,19789.0,654.0
443270,2012,7937.0,0.0,17.0,0.1285,0.1285,0.1285,0.1285,,-,73.0,1.0,20496.0,571.0
443270,2013,7680.0,0.0,13.0,0.1016,0.1016,0.1016,0.1016,,-,90.0,,20940.0,623.0
443270,2014,8508.0,0.0,20.0,0.141,0.141,0.141,0.141,,-,85.0,,21334.0,637.0
443438,2004,25847.0,0.0,0.0,0.0,0.0,0.0,0.0,,-,191.0,,,97.0
443438,2005,27685.0,0.0,0.0,0.0,0.0,0.0,0.0,,-,171.0,,,109.0
443438,2007,20503.0,0.0,0.0,0.0,0.0,0.0,0.0,,-,163.0,,,340.0
443438,2009,32481.0,0.0,29.0,0.0536,0.0536,0.0536,0.0536,,-,292.0,6.0,,279.0
443438,2012,15840.0,0.0,73.0,0.2765,0.2765,0.2765,0.2765,,-,25.0,32.0,19661.0,399.0
443438,2013,12960.0,0.0,20.0,0.0926,0.0926,0.0926,0.0926,,-,14.0,32.0,19912.0,397.0
443438,2014,9900.0,0.0,18.0,0.1091,0.1091,0.1091,0.1091,,-,22.0,,18955.0,449.0
444334,2016,492.0,0.0,0.0,0.0,0.0,0.0,0.0,,-,16.0,2.0,,542.0
444334,2020,1987.0,0.0,49.0,1.4796,1.4796,1.4796,1.4796,,-,3.0,11.0,,595.0
444334,2021,1982.0,0.0,15.0,0.4541,0.4541,0.4541,0.4541,,-,7.0,,,579.0
444334,2022,1997.0,0.0,33.0,0.9915,0.9915,0.9915,0.9915,,-,29.0,,,534.0
444334,2023,1995.0,0.0,34.0,1.0226,1.0226,1.0226,1.0226,,-,,,,917.0
444334,2024,1744.0,0.0,46.0,1.5826,1.5826,1.5826,1.5826,,-,,,,538.0
444574,2011,35019.0,0.0,93.0,0.1593,0.1593,0.1593,0.1593,,-,267.0,39.0,,863.0
444574,2012,32902.0,0.0,289.0,0.527,0.527,0.527,0.527,,-,114.0,50.0,,1469.0
444574,2014,47295.0,16.0,299.0,0.4199,0.4199,0.4199,0.4199,,-,125.0,9.0,,1242.0
444574,2015,43952.0,31.0,320.0,0.5215,0.5215,0.5215,0.5215,,-,,,,
444990,2004,10447.0,112.0,0.0,1.2865,1.2865,1.2865,1.2865,,n,,,,
444990,2005,11956.0,128.0,0.0,1.2847,1.2847,1.2847,1.2847,,n,,,,247.0
444990,2006,10687.0,129.0,0.0,1.4485,1.4485,1.4485,1.4485,,n,,,,297.0
444990,2007,12061.0,136.0,0.0,1.3531,1.3531,1.3531,1.3531,,n,,,,253.0
444990,2008,12648.0,141.0,0.0,1.3378,1.3378,1.3378,1.3378,,n,,458.0,,259.0
444990,2009,14199.0,159.0,0.0,1.3438,1.3438,1.3438,1.3438,,n,,169.0,,250.0
444990,2010,14539.0,183.0,0.0,1.5104,1.5104,1.5104,1.5104,,n,,179.0,,269.0
444990,2011,14386.0,180.0,0.0,1.5015,1.5015,1.5015,1.5015,,n,,129.0,,280.0
444990,2012,13648.0,186.0,0.0,1.6354,1.6354,1.6354,1.6354,,n,,151.0,,290.0
444990,2013,13487.0,136.0,0.0,1.2101,1.2101,1.2101,1.2101,,n,,131.0,,279.0
444990,2014,14363.0,172.0,0.0,1.437,1.437,1.437,1.437,,n,,145.0,,276.0
444990,2015,16080.0,189.0,0.0,1.4104,1.4104,1.4104,1.4104,,n,,141.0,,
444990,2016,11356.0,140.0,0.0,1.4794,1.4794,1.4794,1.4794,,n,,120.0,,
444990,2017,11383.0,134.0,0.0,1.4126,1.4126,1.4126,1.4126,,n,,119.0,,
444990,2018,11385.0,173.0,0.0,1.8235,1.8235,1.8235,1.8235,,n,,109.0,,
445434,2006,28535.0,0.0,12.0,0.0252,0.0252,0.0252,0.0252,,n,366.0,,15144.0,358.0
445434,2009,59100.0,17.0,132.0,0.1685,0.2007,0.208,0.2277,1.8254,o,256.0,,18388.0,453.0
445434,2010,42630.0,28.0,150.0,0.2899,0.2826,0.2811,0.2775,0.9157,o,107.0,,19195.0,701.0
445434,2011,30772.0,18.0,151.0,0.3646,0.3162,0.3071,0.2853,0.6121,o,52.0,70.0,20001.0,751.0
445434,2012,30091.0,27.0,146.0,0.3988,0.2931,0.275,0.2345,0.3457,o,58.0,97.0,20377.0,470.0
445434,2013,29290.0,17.0,69.0,0.211,0.1369,0.1252,0.1001,0.2249,o,94.0,54.0,20020.0,431.0
445434,2014,27548.0,24.0,58.0,0.2309,0.1794,0.1702,0.1494,0.4187,o,39.0,59.0,19480.0,438.0
445434,2015,20412.0,28.0,41.0,0.2851,0.2707,0.2679,0.2608,0.8365,o,28.0,45.0,19504.0,238.0
445434,2016,18377.0,21.0,38.0,0.2612,0.2262,0.2196,0.2038,0.6091,o,31.0,38.0,15616.0,282.0
445434,2017,11781.0,26.0,23.0,0.382,0.2903,0.2743,0.238,0.3882,o,31.0,22.0,16418.0,450.0
445744,2005,7563.0,0.0,0.0,0.0,0.0,0.0,0.0,,-,59.0,,,106.0
445744,2007,10475.0,0.0,0.0,0.0,0.0,0.0,0.0,,-,97.0,3.0,,313.0
445744,2008,12864.0,0.0,0.0,0.0,0.0,0.0,0.0,,-,169.0,3.0,,298.0
445744,2009,17643.0,0.0,0.0,0.0,0.0,0.0,0.0,,-,196.0,7.0,,303.0
445744,2010,17897.0,0.0,0.0,0.0,0.0,0.0,0.0,,-,503.0,,,298.0
445744,2012,23040.0,0.0,0.0,0.0,0.0,0.0,0.0,,-,112.0,20.0,,342.0
445744,2013,22020.0,0.0,0.0,0.0,0.0,0.0,0.0,,-,78.0,30.0,,412.0
445744,2014,20880.0,0.0,18.0,0.0517,0.0517,0.0517,0.0517,,-,72.0,9.0,29948.0,429.0
445744,2015,20580.0,0.0,91.0,0.2653,0.2653,0.2653,0.2653,,-,61.0,28.0,19737.0,430.0
445744,2016,18690.0,0.0,55.0,0.1766,0.1766,0.1766,0.1766,,-,44.0,57.0,18539.0,383.0
445744,2017,17580.0,0.0,30.0,0.1024,0.1024,0.1024,0.1024,,-,24.0,63.0,18691.0,394.0
445744,2018,16320.0,0.0,44.0,0.1618,0.1618,0.1618,0.1618,,-,40.0,55.0,19606.0,399.0
445744,2019,18870.0,0.0,47.0,0.1494,0.1494,0.1494,0.1494,,-,42.0,63.0,19776.0,395.0
445744,2020,19140.0,0.0,58.0,0.1818,0.1818,0.1818,0.1818,,-,40.0,68.0,20937.0,403.0
445744,2021,20880.0,0.0,35.0,0.1006,0.1006,0.1006,0.1006,,-,42.0,51.0,20564.0,405.0
445744,2022,19470.0,0.0,37.0,0.114,0.114,0.114,0.114,,-,51.0,57.0,15874.0,385.0
445744,2023,19590.0,0.0,59.0,0.1807,0.1807,0.1807,0.1807,,-,42.0,63.0,16613.0,385.0
445744,2024,21750.0,0.0,50.0,0.1379,0.1379,0.1379,0.1379,,-,58.0,97.0,14087.0,343.0
445753,2005,16096.0,0.0,0.0,0.0,0.0,0.0,0.0,,-,210.0,,,57.0
445753,2007,9638.0,0.0,0.0,0.0,0.0,0.0,0.0,,-,39.0,27.0,,404.0
445753,2010,24150.0,0.0,28.0,0.0696,0.0696,0.0696,0.0696,,-,286.0,39.0,,310.0
445753,2012,12870.0,0.0,27.0,0.1259,0.1259,0.1259,0.1259,,-,21.0,12.0,18345.0,378.0
445753,2013,9810.0,0.0,18.0,0.1101,0.1101,0.1101,0.1101,,-,3.0,17.0,18001.0,475.0
446048,2005,10696.0,21.0,0.0,0.2356,0.2356,0.2356,0.2356,,n,74.0,,,181.0
446048,2006,10234.0,36.0,0.0,0.4221,0.4221,0.4221,0.4221,,n,81.0,22.0,22390.0,406.0
446048,2007,12880.0,78.0,0.0,0.7267,0.7267,0.7267,0.7267,,n,148.0,31.0,23903.0,825.0
446048,2008,12838.0,88.0,0.0,0.8226,0.8226,0.8226,0.8226,,n,228.0,19.0,23786.0,660.0
446048,2009,17012.0,64.0,0.0,0.4514,0.4514,0.4514,0.4514,,n,218.0,76.0,24280.0,215.0
446048,2010,20662.0,94.0,0.0,0.5459,0.7417,0.7903,0.9261,2.8774,o,164.0,79.0,25366.0,245.0
446048,2011,21595.0,128.0,0.0,0.7113,0.8251,0.8508,0.9187,1.6681,o,217.0,82.0,25999.0,255.0
446048,2012,22230.0,121.0,0.0,0.6532,0.6557,0.6562,0.6575,1.0133,o,260.0,113.0,27335.0,366.0
446048,2013,27196.0,148.0,0.0,0.653,0.6659,0.6686,0.6754,1.0695,o,254.0,62.0,28736.0,398.0
446048,2014,28051.0,148.0,0.0,0.6331,0.69,0.7024,0.7344,1.3456,o,304.0,77.0,30281.0,420.0
446048,2015,32809.0,189.0,0.0,0.6913,0.7722,0.79,0.8366,1.4646,o,303.0,77.0,23420.0,375.0
446048,2016,33486.0,195.0,0.0,0.6988,0.7494,0.7603,0.7883,1.2725,o,267.0,70.0,23957.0,363.0
446048,2017,32790.0,189.0,0.0,0.6917,0.7127,0.7172,0.7284,1.1089,o,283.0,81.0,24384.0,363.0
446048,2018,34030.0,240.0,0.0,0.8463,0.8428,0.842,0.8402,0.9857,o,331.0,84.0,24888.0,328.0
446048,2019,33736.0,244.0,0.0,0.8679,0.8708,0.8714,0.8729,1.0115,o,310.0,91.0,25441.0,297.0
446048,2020,35041.0,202.0,0.0,0.6918,0.7157,0.7208,0.7336,1.1246,o,297.0,71.0,26267.0,290.0
446048,2021,35768.0,346.0,0.0,1.1608,1.1945,1.2016,1.2195,1.1036,o,377.0,120.0,27066.0,264.0
446048,2022,41120.0,248.0,0.0,0.7237,0.7436,0.7477,0.7583,1.0977,o,356.0,73.0,26998.0,284.0
446048,2023,40288.0,265.0,0.0,0.7893,0.8206,0.8273,0.8441,1.1435,o,318.0,82.0,27280.0,304.0
446048,2024,41088.0,227.0,0.0,0.663,0.6834,0.6877,0.6986,1.1104,o,365.0,58.0,28222.0,319.0
446109,2017,1944.0,0.0,0.0,0.0,0.0,0.0,0.0,,-,32.0,,,
446109,2019,8284.0,0.0,33.0,0.239,0.239,0.239,0.239,,-,104.0,3.0,18104.0,740.0
446109,2020,12454.0,0.0,71.0,0.3421,0.3421,0.3421,0.3421,,-,150.0,21.0,18426.0,756.0
446109,2024,16020.0,0.0,97.0,0.3633,0.3633,0.3633,0.3633,,-,30.0,81.0,15330.0,365.0
446127,2013,7933.0,0.0,27.0,0.2042,0.2042,0.2042,0.2042,,-,27.0,105.0,13268.0,579.0
446127,2014,8070.0,0.0,54.0,0.4015,0.4015,0.4015,0.4015,,-,19.0,31.0,13067.0,706.0
446127,2015,6960.0,0.0,52.0,0.4483,0.4483,0.4483,0.4483,,-,43.0,28.0,15046.0,733.0
446127,2016,6990.0,0.0,43.0,0.3691,0.3691,0.3691,0.3691,,-,37.0,42.0,15201.0,780.0
446127,2017,8850.0,0.0,47.0,0.3186,0.3186,0.3186,0.3186,,-,31.0,84.0,16094.0,751.0
446127,2018,7267.0,0.0,52.0,0.4294,0.4294,0.4294,0.4294,,-,17.0,32.0,15734.0,909.0
446127,2019,8625.0,0.0,51.0,0.3548,0.3548,0.3548,0.3548,,-,14.0,41.0,15813.0,839.0
446127,2020,14610.0,0.0,54.0,0.2218,0.2218,0.2218,0.2218,,-,36.0,64.0,15576.0,500.0
446127,2023,10710.0,0.0,11.0,0.0616,0.0616,0.0616,0.0616,,-,101.0,13.0,14751.0,437.0
446552,2007,1270.0,0.0,0.0,0.0,0.0,0.0,0.0,,-,36.0,,,228.0
446552,2009,18723.0,0.0,68.0,0.2179,0.2179,0.2179,0.2179,,-,878.0,,,226.0
446552,2010,31707.0,0.0,37.0,0.07,0.07,0.07,0.07,,-,1057.0,,,532.0
446552,2011,36609.0,0.0,403.0,0.6605,0.6605,0.6605,0.6605,,-,1151.0,,,677.0
446552,2012,43241.0,0.0,628.0,0.8714,0.8714,0.8714,0.8714,,-,1216.0,,,430.0
446552,2013,42311.0,0.0,551.0,0.7814,0.7814,0.7814,0.7814,,-,468.0,,,655.0
446552,2016,32909.0,0.0,536.0,0.9773,0.9773,0.9773,0.9773,,-,386.0,,,875.0
446552,2017,30691.0,0.0,401.0,0.784,0.784,0.784,0.784,,-,495.0,,,847.0
446552,2018,27029.0,0.0,250.0,0.555,0.555,0.555,0.555,,-,520.0,,,892.0
446552,2019,29104.0,0.0,112.0,0.2309,0.2309,0.2309,0.2309,,-,722.0,,,790.0
446552,2020,33917.0,0.0,119.0,0.2105,0.2105,0.2105,0.2105,,-,724.0,,,811.0
446552,2021,36367.0,0.0,130.0,0.2145,0.2145,0.2145,0.2145,,-,540.0,,,859.0
446552,2022,39518.0,0.0,205.0,0.3113,0.3113,0.3113,0.3113,,-,518.0,33.0,,828.0
446552,2023,44932.0,0.0,208.0,0.2778,0.2778,0.2778,0.2778,,-,512.0,46.0,,588.0
446552,2024,45235.0,0.0,290.0,0.3847,0.3847,0.3847,0.3847,,-,717.0,8.0,,601.0
446589,2018,7020.0,0.0,67.0,0.5726,0.5726,0.5726,0.5726,,-,113.0,91.0,,490.0
446589,2019,12750.0,0.0,77.0,0.3624,0.3624,0.3624,0.3624,,-,69.0,56.0,,650.0
446589,2020,13950.0,0.0,189.0,0.8129,0.8129,0.8129,0.8129,,-,51.0,40.0,,579.0
446835,2005,25933.0,0.0,0.0,0.0,0.0,0.0,0.0,,-,132.0,,,144.0
446835,2006,42702.0,0.0,318.0,0.4468,0.4468,0.4468,0.4468,,-,157.0,,51806.0,452.0
446835,2007,46702.0,0.0,386.0,0.4959,0.4959,0.4959,0.4959,,-,172.0,271.0,50286.0,468.0
446835,2008,48111.0,0.0,401.0,0.5001,0.5001,0.5001,0.5001,,-,162.0,51.0,50850.0,505.0
446835,2009,41922.0,0.0,661.0,0.946,0.946,0.946,0.946,,-,214.0,77.0,49999.0,695.0
446835,2010,56352.0,0.0,507.0,0.5398,0.5398,0.5398,0.5398,,-,234.0,61.0,55321.0,505.0
446835,2011,72719.0,0.0,268.0,0.2211,0.2211,0.2211,0.2211,,-,179.0,84.0,22988.0,436.0
446835,2012,63509.0,0.0,496.0,0.4686,0.4686,0.4686,0.4686,,-,136.0,56.0,19280.0,510.0
446835,2013,40154.0,0.0,327.0,0.4886,0.4886,0.4886,0.4886,,-,108.0,40.0,17261.0,597.0
446835,2014,32957.0,0.0,19.0,0.0346,0.0346,0.0346,0.0346,,-,100.0,45.0,17063.0,429.0
446835,2015,32760.0,0.0,230.0,0.4212,0.4212,0.4212,0.4212,,-,96.0,46.0,17566.0,475.0
446835,2016,28560.0,0.0,300.0,0.6303,0.6303,0.6303,0.6303,,-,,,18190.0,614.0
446835,2017,14669.0,0.0,287.0,1.1739,1.1739,1.1739,1.1739,,-,,,,
447014,2007,1441.0,0.0,0.0,0.0,0.0,0.0,0.0,,-,46.0,,,314.0
447014,2008,2901.0,0.0,0.0,0.0,0.0,0.0,0.0,,-,41.0,,,268.0
447014,2009,4470.0,0.0,4.0,0.0537,0.0537,0.0537,0.0537,,-,52.0,33.0,,215.0
447014,2010,6660.0,0.0,13.0,0.1171,0.1171,0.1171,0.1171,,-,45.0,9.0,,265.0
447014,2011,11523.0,0.0,18.0,0.0937,0.0937,0.0937,0.0937,,-,133.0,66.0,,271.0
447014,2012,13248.0,0.0,72.0,0.3261,0.3261,0.3261,0.3261,,-,93.0,174.0,,393.0
447014,2013,11059.0,0.0,57.0,0.3093,0.3093,0.3093,0.3093,,-,123.0,112.0,,580.0
447014,2014,12075.0,0.0,50.0,0.2484,0.2484,0.2484,0.2484,,-,74.0,33.0,,502.0
447014,2015,9737.0,0.0,26.0,0.1602,0.1602,0.1602,0.1602,,-,53.0,31.0,,442.0
447014,2016,9480.0,0.0,18.0,0.1139,0.1139,0.1139,0.1139,,-,30.0,16.0,,420.0
447014,2017,7023.0,0.0,17.0,0.1452,0.1452,0.1452,0.1452,,-,75.0,46.0,,601.0
447014,2018,8910.0,0.0,9.0,0.0606,0.0606,0.0606,0.0606,,-,113.0,28.0,,452.0
447014,2019,7214.0,0.0,27.0,0.2246,0.2246,0.2246,0.2246,,-,81.0,9.0,,593.0
447014,2020,6330.0,0.0,31.0,0.2938,0.2938,0.2938,0.2938,,-,71.0,42.0,,614.0
447014,2021,6960.0,0.0,31.0,0.2672,0.2672,0.2672,0.2672,,-,41.0,43.0,,490.0
447014,2022,6930.0,0.0,10.0,0.0866,0.0866,0.0866,0.0866,,-,30.0,54.0,,406.0
447014,2023,5160.0,0.0,33.0,0.3837,0.3837,0.3837,0.3837,,-,42.0,56.0,,454.0
447014,2024,6150.0,0.0,29.0,0.2829,0.2829,0.2829,0.2829,,-,37.0,82.0,,409.0
447290,2005,4352.0,0.0,0.0,0.0,0.0,0.0,0.0,,-,75.0,,,137.0
447290,2006,11033.0,0.0,0.0,0.0,0.0,0.0,0.0,,-,61.0,99.0,17874.0,206.0
447290,2007,11283.0,0.0,52.0,0.2765,0.2765,0.2765,0.2765,,-,490.0,,17350.0,391.0
447290,2008,32167.0,0.0,106.0,0.1977,0.1977,0.1977,0.1977,,-,170.0,33.0,19527.0,240.0
447290,2009,20056.0,0.0,139.0,0.4158,0.4158,0.4158,0.4158,,-,238.0,,21548.0,561.0
447290,2010,29947.0,14.0,174.0,0.4047,0.4047,0.4047,0.4047,,-,195.0,,24084.0,459.0
447290,2011,32899.0,31.0,258.0,0.5836,0.5836,0.5836,0.5836,,-,138.0,142.0,18828.0,455.0
447290,2012,30758.0,41.0,297.0,0.7393,0.7393,0.7393,0.7393,,-,145.0,94.0,18898.0,505.0
447290,2013,27917.0,55.0,278.0,0.8339,0.8339,0.8339,0.8339,,-,115.0,149.0,19779.0,549.0
447290,2014,27275.0,56.0,276.0,0.8535,0.8535,0.8535,0.8535,,-,100.0,95.0,19599.0,550.0
447290,2015,21980.0,32.0,293.0,0.9745,0.9745,0.9745,0.9745,,-,17.0,23.0,19445.0,538.0
447290,2017,3709.0,30.0,93.0,2.4753,2.4753,2.4753,2.4753,,-,15.0,29.0,,
447360,2006,6630.0,0.0,0.0,0.0,0.0,0.0,0.0,,-,110.0,,,223.0
447360,2007,8866.0,0.0,0.0,0.0,0.0,0.0,0.0,,-,132.0,4.0,,267.0
447360,2009,4867.0,0.0,0.0,0.0,0.0,0.0,0.0,,-,47.0,1.0,,
447360,2012,19080.0,0.0,4.0,0.0126,0.0126,0.0126,0.0126,,-,20.0,23.0,4129.0,
447360,2013,14850.0,0.0,235.0,0.9495,0.9495,0.9495,0.9495,,-,19.0,42.0,17378.0,
447360,2014,11580.0,0.0,65.0,0.3368,0.3368,0.3368,0.3368,,-,19.0,19.0,30281.0,435.0
447360,2016,2280.0,7.0,34.0,1.2632,1.2632,1.2632,1.2632,,-,,,34719.0,426.0
447847,2011,1800.0,0.0,3.0,0.1,0.1,0.1,0.1,,-,23.0,8.0,,
447847,2012,2760.0,0.0,12.0,0.2609,0.2609,0.2609,0.2609,,-,14.0,15.0,81433.0,
447847,2013,3090.0,0.0,6.0,0.1165,0.1165,0.1165,0.1165,,-,5.0,,84315.0,
447847,2014,3870.0,0.0,10.0,0.155,0.155,0.155,0.155,,-,42.0,4.0,85446.0,
447847,2016,4650.0,0.0,6.0,0.0774,0.0774,0.0774,0.0774,,-,6.0,10.0,94811.0,
447847,2017,5190.0,0.0,7.0,0.0809,0.0809,0.0809,0.0809,,-,18.0,13.0,91634.0,
447847,2018,5280.0,0.0,17.0,0.1932,0.1932,0.1932,0.1932,,-,51.0,21.0,92865.0,
447847,2019,9120.0,0.0,29.0,0.1908,0.1908,0.1908,0.1908,,-,73.0,22.0,90922.0,
447847,2020,7500.0,0.0,32.0,0.256,0.256,0.256,0.256,,-,30.0,6.0,27438.0,
447847,2022,4350.0,0.0,22.0,0.3034,0.3034,0.3034,0.3034,,-,12.0,12.0,32308.0,
447847,2023,4500.0,0.0,23.0,0.3067,0.3067,0.3067,0.3067,,-,47.0,32.0,30485.0,
447847,2024,9570.0,0.0,10.0,0.0627,0.0627,0.0627,0.0627,,-,43.0,,34545.0,1120.0
448840,2009,93632.0,657.0,0.0,0.842,0.842,0.842,0.842,,n,488.0,457.0,,152.0
448840,2010,110269.0,681.0,0.0,0.7411,0.7411,0.7411,0.7411,,n,436.0,509.0,5299.0,161.0
448840,2011,106754.0,687.0,0.0,0.7722,0.7722,0.7722,0.7722,,n,542.0,586.0,6442.0,194.0
448840,2012,115047.0,706.0,39.0,0.7567,0.7567,0.7567,0.7567,,n,651.0,582.0,7075.0,223.0
448840,2013,122148.0,826.0,54.0,0.838,0.838,0.838,0.838,,n,528.0,601.0,7641.0,237.0
448840,2014,114951.0,821.0,70.0,0.8936,0.9474,0.9732,1.0094,1.276,o,455.0,564.0,7663.0,244.0
448840,2015,109188.0,825.0,63.0,0.9413,0.9425,0.943,0.9437,1.0051,o,597.0,551.0,7599.0,235.0
448840,2016,110118.0,882.0,45.0,0.9857,0.9564,0.9432,0.9256,0.8818,o,644.0,599.0,7547.0,244.0
448840,2017,113007.0,943.0,71.0,1.0391,1.0519,1.0579,1.066,1.0526,o,643.0,603.0,7421.0,230.0
448840,2018,116744.0,898.0,73.0,0.9606,1.0247,1.0556,1.0991,1.3093,o,550.0,576.0,7255.0,208.0
448840,2019,114500.0,928.0,60.0,1.004,1.0348,1.0492,1.0692,1.134,o,317.0,602.0,7103.0,197.0
449038,2010,64968.0,101.0,33.0,0.217,0.217,0.217,0.217,,x,469.0,271.0,,445.0
449038,2011,61785.0,166.0,67.0,0.3875,0.3875,0.3875,0.3875,,x,316.0,490.0,19662.0,729.0
449038,2012,69247.0,203.0,66.0,0.409,0.409,0.409,0.409,,x,94.0,265.0,20144.0,703.0
449038,2013,61467.0,262.0,91.0,0.6003,0.6003,0.6003,0.6003,,x,240.0,204.0,20032.0,676.0
449038,2014,52215.0,220.0,79.0,0.5964,0.5964,0.5964,0.5964,,x,321.0,141.0,20400.0,710.0
449038,2015,48903.0,264.0,96.0,0.7656,0.7656,0.7656,0.7656,,x,283.0,201.0,16938.0,670.0
449038,2016,44958.0,210.0,60.0,0.6406,0.6406,0.6406,0.6406,,x,82.0,407.0,16821.0,650.0
449038,2017,42912.0,253.0,59.0,0.79,0.79,0.79,0.79,,x,98.0,363.0,16540.0,607.0
449038,2018,41352.0,262.0,61.0,0.8488,0.8488,0.8488,0.8488,,x,117.0,422.0,17270.0,564.0
449038,2019,40242.0,242.0,65.0,0.8185,0.8185,0.8185,0.8185,,x,112.0,474.0,16326.0,548.0
449038,2020,42603.0,221.0,50.0,0.6929,0.6929,0.6929,0.6929,,x,110.0,414.0,16244.0,531.0
449038,2021,39516.0,185.0,40.0,0.6225,0.6225,0.6225,0.6225,,x,53.0,245.0,15775.0,
449038,2022,29751.0,177.0,57.0,0.8289,0.8289,0.8289,0.8289,,x,51.0,242.0,14826.0,
449038,2023,30090.0,153.0,87.0,0.7836,0.7836,0.7836,0.7836,,x,79.0,223.0,13990.0,
449038,2024,29145.0,147.0,81.0,0.772,0.772,0.772,0.772,,x,50.0,77.0,13920.0,
449083,2006,6500.0,0.0,0.0,0.0,0.0,0.0,0.0,,-,113.0,,,
449083,2007,5980.0,0.0,0.0,0.0,0.0,0.0,0.0,,-,56.0,,15462.0,
449083,2008,8430.0,0.0,7.0,0.0498,0.0498,0.0498,0.0498,,-,72.0,,11983.0,
449083,2011,12360.0,0.0,27.0,0.1311,0.1311,0.1311,0.1311,,-,93.0,2.0,16472.0,
449083,2012,14976.0,0.0,79.0,0.3165,0.3165,0.3165,0.3165,,-,86.0,,16055.0,
449083,2013,10600.0,0.0,50.0,0.283,0.283,0.283,0.283,,-,93.0,,17472.0,
449083,2014,9700.0,0.0,54.0,0.334,0.334,0.334,0.334,,-,104.0,,22961.0,
449083,2015,12896.0,0.0,57.0,0.2652,0.2652,0.2652,0.2652,,-,65.0,,22767.0,
449083,2016,10925.0,0.0,45.0,0.2471,0.2471,0.2471,0.2471,,-,95.0,,22610.0,
449083,2017,12025.0,0.0,52.0,0.2595,0.2595,0.2595,0.2595,,-,28.0,,16639.0,
449083,2018,8975.0,0.0,9.0,0.0602,0.0602,0.0602,0.0602,,-,75.0,,16266.0,
449083,2019,8530.0,0.0,61.0,0.4291,0.4291,0.4291,0.4291,,-,64.0,,15926.0,1180.0
449083,2020,6450.0,0.0,23.0,0.214,0.214,0.214,0.214,,-,80.0,,15688.0,
449083,2021,5989.0,0.0,34.0,0.3406,0.3406,0.3406,0.3406,,-,98.0,,15232.0,
449083,2022,7776.0,0.0,28.0,0.216,0.216,0.216,0.216,,-,114.0,,14428.0,899.0
449092,2007,5560.0,0.0,0.0,0.0,0.0,0.0,0.0,,-,56.0,,15462.0,
449092,2008,7525.0,0.0,0.0,0.0,0.0,0.0,0.0,,-,70.0,,11983.0,
449092,2009,9000.0,0.0,0.0,0.0,0.0,0.0,0.0,,-,110.0,,12961.0,
449092,2010,6500.0,0.0,0.0,0.0,0.0,0.0,0.0,,-,149.0,,16868.0,
449092,2011,10488.0,0.0,12.0,0.0686,0.0686,0.0686,0.0686,,-,111.0,,16472.0,
449092,2013,10488.0,0.0,60.0,0.3432,0.3432,0.3432,0.3432,,-,47.0,1.0,17472.0,
449092,2014,9072.0,0.0,43.0,0.2844,0.2844,0.2844,0.2844,,-,91.0,,17990.0,
449092,2015,9168.0,0.0,41.0,0.2683,0.2683,0.2683,0.2683,,-,83.0,,17838.0,
449092,2016,8304.0,0.0,12.0,0.0867,0.0867,0.0867,0.0867,,-,80.0,,22610.0,
449092,2017,8688.0,0.0,21.0,0.145,0.145,0.145,0.145,,-,30.0,,16639.0,
449092,2018,7000.0,0.0,13.0,0.1114,0.1114,0.1114,0.1114,,-,82.0,,16266.0,
449092,2019,7800.0,0.0,25.0,0.1923,0.1923,0.1923,0.1923,,-,56.0,,15926.0,
449092,2020,4147.0,0.0,44.0,0.6366,0.6366,0.6366,0.6366,,-,80.0,,15688.0,
449092,2021,6225.0,0.0,41.0,0.3952,0.3952,0.3952,0.3952,,-,93.0,,15232.0,
449092,2022,8736.0,0.0,17.0,0.1168,0.1168,0.1168,0.1168,,-,110.0,,14428.0,
449506,2013,13920.0,0.0,157.0,0.6767,0.6767,0.6767,0.6767,,-,94.0,,,451.0
449506,2014,14156.0,0.0,103.0,0.4366,0.4366,0.4366,0.4366,,-,127.0,,,528.0
449506,2015,16511.0,0.0,194.0,0.705,0.705,0.705,0.705,,-,113.0,,,584.0
449506,2016,15584.0,0.0,232.0,0.8932,0.8932,0.8932,0.8932,,-,150.0,,,533.0
449506,2020,1205.0,0.0,17.0,0.8465,0.8465,0.8465,0.8465,,-,2.0,12.0,,
449506,2021,1495.0,0.0,17.0,0.6823,0.6823,0.6823,0.6823,,-,18.0,14.0,,1094.0
449506,2022,2571.0,0.0,17.0,0.3967,0.3967,0.3967,0.3967,,-,20.0,64.0,,1495.0
449506,2023,7094.0,0.0,26.0,0.2199,0.2199,0.2199,0.2199,,-,71.0,65.0,,630.0
449524,2011,5130.0,0.0,17.0,0.1988,0.1988,0.1988,0.1988,,-,42.0,49.0,,168.0
449524,2012,7050.0,0.0,29.0,0.2468,0.2468,0.2468,0.2468,,-,46.0,,16044.0,111.0
449524,2013,9150.0,0.0,63.0,0.4131,0.4131,0.4131,0.4131,,-,36.0,153.0,9057.0,123.0
449524,2015,6111.0,0.0,90.0,0.8837,0.8837,0.8837,0.8837,,-,14.0,86.0,18569.0,667.0
449524,2016,5395.0,0.0,66.0,0.734,0.734,0.734,0.734,,-,26.0,83.0,14541.0,614.0
449524,2017,6109.0,0.0,69.0,0.6777,0.6777,0.6777,0.6777,,-,10.0,107.0,15235.0,548.0
449524,2018,7312.0,0.0,73.0,0.599,0.599,0.599,0.599,,-,6.0,71.0,12984.0,505.0
449524,2019,4272.0,0.0,60.0,0.8427,0.8427,0.8427,0.8427,,-,14.0,77.0,13754.0,767.0
449524,2020,5085.0,0.0,53.0,0.6254,0.6254,0.6254,0.6254,,-,13.0,68.0,14580.0,583.0
449524,2021,8956.0,0.0,42.0,0.2814,0.2814,0.2814,0.2814,,-,11.0,57.0,14052.0,429.0
449524,2022,10406.0,0.0,35.0,0.2018,0.2018,0.2018,0.2018,,-,23.0,26.0,13293.0,463.0
449898,2009,13259.0,72.0,0.0,0.6516,0.6516,0.6516,0.6516,,-,2.0,112.0,25006.0,786.0
449898,2010,18791.0,82.0,11.0,0.5588,0.5588,0.5588,0.5588,,-,40.0,99.0,27990.0,700.0
449898,2011,19927.0,84.0,43.0,0.6353,0.6353,0.6353,0.6353,,-,80.0,199.0,21337.0,641.0
449898,2012,19027.0,90.0,48.0,0.719,0.719,0.719,0.719,,-,26.0,153.0,21647.0,669.0
449898,2013,17531.0,100.0,51.0,0.859,0.859,0.859,0.859,,-,43.0,180.0,21870.0,836.0
449898,2014,18439.0,109.0,51.0,0.8753,0.8753,0.8753,0.8753,,-,36.0,153.0,21539.0,777.0
449898,2015,15471.0,126.0,63.0,1.2216,1.2216,1.2216,1.2216,,-,15.0,157.0,21357.0,815.0
449898,2016,18173.0,120.0,61.0,0.9938,0.9938,0.9938,0.9938,,-,17.0,134.0,21730.0,736.0
449898,2017,12901.0,125.0,66.0,1.4697,1.4697,1.4697,1.4697,,-,14.0,132.0,22092.0,926.0
449898,2018,17849.0,144.0,62.0,1.1765,1.1765,1.1765,1.1765,,-,23.0,147.0,21204.0,468.0
449898,2019,17322.0,117.0,60.0,1.0184,1.0184,1.0184,1.0184,,-,22.0,135.0,20761.0,674.0
449898,2020,17105.0,136.0,52.0,1.1365,1.1365,1.1365,1.1365,,-,15.0,83.0,20450.0,455.0
449898,2021,15839.0,130.0,57.0,1.2009,1.2009,1.2009,1.2009,,-,18.0,123.0,19859.0,423.0
449898,2022,13974.0,119.0,46.0,1.2194,1.2194,1.2194,1.2194,,-,19.0,107.0,18665.0,534.0
449898,2023,13278.0,92.0,53.0,1.0709,1.0709,1.0709,1.0709,,-,14.0,90.0,17612.0,547.0
449898,2024,12684.0,88.0,47.0,1.0549,1.0549,1.0549,1.0549,,-,20.0,80.0,18238.0,561.0
450173,2012,416077.0,0.0,1157.0,0.1668,0.1668,0.1668,0.1668,,-,2973.0,248.0,,330.0
450173,2013,500157.0,0.0,1951.0,0.234,0.234,0.234,0.234,,-,3240.0,231.0,,419.0
450173,2014,428102.0,0.0,2451.0,0.3435,0.3435,0.3435,0.3435,,-,3840.0,233.0,,528.0
450173,2015,492461.0,0.0,2624.0,0.3197,0.3197,0.3197,0.3197,,-,3013.0,242.0,,506.0
450173,2016,510371.0,0.0,3453.0,0.4059,0.4059,0.4059,0.4059,,-,4373.0,,,621.0
450173,2017,512333.0,0.0,4744.0,0.5556,0.5556,0.5556,0.5556,,-,,,,
450207,2009,7168.0,0.0,0.0,0.0,0.0,0.0,0.0,,-,71.0,8.0,23533.0,521.0
450207,2010,10339.0,0.0,54.0,0.3134,0.3134,0.3134,0.3134,,-,34.0,10.0,24513.0,742.0
450207,2011,8728.0,5.0,82.0,0.6324,0.6324,0.6324,0.6324,,-,23.0,12.0,25194.0,1085.0
450207,2012,6962.0,7.0,89.0,0.8877,0.8877,0.8877,0.8877,,-,27.0,7.0,24556.0,1016.0
450207,2013,6297.0,8.0,57.0,0.6955,0.6955,0.6955,0.6955,,-,26.0,5.0,24126.0,912.0
450207,2014,7311.0,7.0,34.0,0.3939,0.3939,0.3939,0.3939,,-,,,23762.0,678.0
450207,2015,3760.0,21.0,48.0,1.4362,1.4362,1.4362,1.4362,,-,,3.0,,1249.0
451060,2008,7765.0,42.0,0.0,0.6491,0.6491,0.6491,0.6491,,-,143.0,,,868.0
451060,2009,8696.0,40.0,0.0,0.552,0.552,0.552,0.552,,-,22.0,26.0,33257.0,1033.0
451060,2010,9693.0,57.0,0.0,0.7057,0.7057,0.7057,0.7057,,-,36.0,17.0,35230.0,780.0
451060,2011,8567.0,65.0,0.0,0.9105,0.9105,0.9105,0.9105,,-,42.0,27.0,19498.0,772.0
451060,2012,8327.0,45.0,0.0,0.6485,0.6485,0.6485,0.6485,,-,54.0,32.0,19005.0,680.0
451060,2013,8907.0,34.0,0.0,0.4581,0.4581,0.4581,0.4581,,-,47.0,23.0,18672.0,698.0
451060,2014,10450.0,25.0,0.0,0.2871,0.2871,0.2871,0.2871,,-,71.0,17.0,18390.0,631.0
451060,2015,10872.0,39.0,3.0,0.447,0.447,0.447,0.447,,-,56.0,,18235.0,593.0
451060,2016,11493.0,42.0,14.0,0.5116,0.5116,0.5116,0.5116,,-,47.0,2.0,18109.0,531.0
451060,2017,10230.0,32.0,15.0,0.4633,0.4633,0.4633,0.4633,,-,,,17806.0,
451088,2008,2445.0,0.0,0.0,0.0,0.0,0.0,0.0,,-,50.0,29.0,,434.0
451103,2008,4598.0,0.0,0.0,0.0,0.0,0.0,0.0,,-,44.0,,,273.0
451103,2009,7054.0,0.0,0.0,0.0,0.0,0.0,0.0,,-,96.0,,,168.0
451103,2010,28547.0,0.0,0.0,0.0,0.0,0.0,0.0,,-,221.0,,,67.0
451103,2011,32174.0,0.0,0.0,0.0,0.0,0.0,0.0,,-,234.0,,,121.0
451103,2012,31068.0,0.0,0.0,0.0,0.0,0.0,0.0,,-,244.0,,,199.0
451103,2013,32182.0,0.0,59.0,0.11,0.11,0.11,0.11,,-,172.0,,,272.0
451103,2014,37802.0,0.0,186.0,0.2952,0.2952,0.2952,0.2952,,-,213.0,,,373.0
451103,2015,32932.0,0.0,172.0,0.3134,0.3134,0.3134,0.3134,,-,349.0,,,415.0
451103,2017,37800.0,22.0,305.0,0.554,0.554,0.554,0.554,,-,396.0,233.0,,595.0
451103,2018,15512.0,29.0,381.0,1.698,1.698,1.698,1.698,,-,157.0,184.0,,823.0
451103,2019,13601.0,10.0,156.0,0.7764,0.7764,0.7764,0.7764,,-,203.0,106.0,,741.0
451103,2020,38374.0,25.0,183.0,0.3643,0.3643,0.3643,0.3643,,-,251.0,186.0,,497.0
451112,2008,1947.0,0.0,0.0,0.0,0.0,0.0,0.0,,-,49.0,9.0,,933.0
451671,2009,37704.0,449.0,0.0,1.429,1.429,1.429,1.429,,n,,358.0,,161.0
451671,2010,41258.0,357.0,0.0,1.0383,1.0383,1.0383,1.0383,,n,,435.0,,176.0
451671,2011,43579.0,453.0,0.0,1.2474,1.2474,1.2474,1.2474,,n,,393.0,,198.0
451671,2012,44349.0,513.0,0.0,1.3881,1.3881,1.3881,1.3881,,n,,469.0,,217.0
451671,2013,44415.0,556.0,0.0,1.5022,1.5022,1.5022,1.5022,,n,83.0,402.0,,241.0
451671,2014,43392.0,491.0,0.0,1.3579,1.3579,1.3579,1.3579,,n,92.0,347.0,7356.0,246.0
451671,2015,45588.0,474.0,2.0,1.2503,1.2503,1.2503,1.2503,,n,89.0,391.0,7294.0,244.0
451671,2016,50206.0,464.0,10.0,1.121,1.121,1.121,1.121,,n,101.0,351.0,7243.0,246.0
451671,2017,51655.0,460.0,7.0,1.0768,1.0768,1.0768,1.0768,,n,135.0,413.0,7122.0,230.0
451671,2018,54878.0,488.0,8.0,1.0758,1.1559,1.1945,1.2494,1.3486,o,113.0,351.0,6963.0,216.0
451671,2019,58219.0,515.0,10.0,1.0718,1.156,1.1967,1.2546,1.3702,o,81.0,310.0,6817.0,217.0
451680,2009,31881.0,300.0,0.0,1.1292,1.1292,1.1292,1.1292,,n,,288.0,,150.0
451680,2010,32826.0,254.0,0.0,0.9285,0.9285,0.9285,0.9285,,n,,292.0,,170.0
451680,2011,33196.0,284.0,0.0,1.0266,1.0266,1.0266,1.0266,,n,,303.0,,202.0
451723,2009,6989.0,0.0,0.0,0.0,0.0,0.0,0.0,,-,,,18215.0,
454175,2008,23008.0,0.0,0.0,0.0,0.0,0.0,0.0,,-,73.0,,,
454175,2011,21182.0,0.0,107.0,0.3031,0.3031,0.3031,0.3031,,-,64.0,1.0,,
454175,2012,21730.0,0.0,181.0,0.4998,0.4998,0.4998,0.4998,,-,71.0,50.0,,
454175,2013,20898.0,0.0,147.0,0.422,0.422,0.422,0.422,,-,134.0,1.0,,
454175,2014,24165.0,0.0,171.0,0.4246,0.4246,0.4246,0.4246,,-,59.0,1.0,,
454175,2015,20545.0,0.0,99.0,0.2891,0.2891,0.2891,0.2891,,-,,,,
454403,2008,1547.0,0.0,0.0,0.0,0.0,0.0,0.0,,-,72.0,11.0,,558.0
454412,2008,1283.0,0.0,0.0,0.0,0.0,0.0,0.0,,-,31.0,13.0,,655.0
454421,2008,1088.0,0.0,0.0,0.0,0.0,0.0,0.0,,-,22.0,12.0,,626.0
454430,2008,803.0,0.0,0.0,0.0,0.0,0.0,0.0,,-,44.0,15.0,,1334.0
454449,2008,253.0,0.0,0.0,0.0,0.0,0.0,0.0,,-,21.0,6.0,,
454865,2012,8088.0,0.0,67.0,0.497,0.497,0.497,0.497,,-,69.0,,,454.0
454865,2013,7095.0,0.0,80.0,0.6765,0.6765,0.6765,0.6765,,-,46.0,,,617.0
454865,2014,7584.0,0.0,51.0,0.4035,0.4035,0.4035,0.4035,,-,38.0,,,1007.0
454865,2016,15660.0,0.0,66.0,0.2529,0.2529,0.2529,0.2529,,-,130.0,,,768.0
454865,2018,16790.0,0.0,133.0,0.4753,0.4753,0.4753,0.4753,,-,318.0,11.0,,817.0
454865,2019,21491.0,0.0,158.0,0.4411,0.4411,0.4411,0.4411,,-,41.0,123.0,18535.0,541.0
454865,2020,27938.0,0.0,181.0,0.3887,0.3887,0.3887,0.3887,,-,78.0,503.0,17919.0,487.0
454865,2021,39870.0,0.0,105.0,0.158,0.158,0.158,0.158,,-,181.0,433.0,17401.0,351.0
454865,2022,46350.0,0.0,146.0,0.189,0.189,0.189,0.189,,-,103.0,189.0,16355.0,296.0
454865,2023,50370.0,0.0,227.0,0.2704,0.2704,0.2704,0.2704,,-,84.0,210.0,15432.0,340.0
454865,2024,51480.0,1.0,356.0,0.4172,0.4172,0.4172,0.4172,,-,189.0,263.0,14908.0,336.0
454883,2010,30561.0,0.0,0.0,0.0,0.0,0.0,0.0,,-,229.0,113.0,,127.0
454883,2012,31693.0,0.0,37.0,0.07,0.07,0.07,0.07,,-,49.0,128.0,,237.0
454883,2013,30555.0,0.0,78.0,0.1532,0.1532,0.1532,0.1532,,-,78.0,144.0,,302.0
454883,2014,31437.0,0.0,83.0,0.1584,0.1584,0.1584,0.1584,,-,41.0,78.0,16199.0,319.0
454883,2015,19460.0,0.0,79.0,0.2436,0.2436,0.2436,0.2436,,-,23.0,58.0,16062.0,388.0
454883,2016,14241.0,0.0,64.0,0.2696,0.2696,0.2696,0.2696,,-,18.0,37.0,15951.0,413.0
454883,2017,10741.0,0.0,33.0,0.1843,0.1843,0.1843,0.1843,,-,12.0,10.0,15695.0,360.0
454908,2014,594.0,0.0,0.0,0.0,0.0,0.0,0.0,,-,11.0,,,22.0
454908,2017,1980.0,0.0,38.0,1.1515,1.1515,1.1515,1.1515,,-,19.0,,,21.0
455479,2012,35250.0,0.0,0.0,0.0,0.0,0.0,0.0,,-,93.0,120.0,18681.0,287.0
455479,2013,35010.0,0.0,47.0,0.0805,0.0805,0.0805,0.0805,,-,99.0,115.0,16999.0,331.0
455479,2014,32910.0,0.0,56.0,0.1021,0.1021,0.1021,0.1021,,-,66.0,96.0,16613.0,353.0
455479,2015,29820.0,0.0,82.0,0.165,0.165,0.165,0.165,,-,77.0,83.0,16694.0,419.0
455479,2016,30150.0,0.0,75.0,0.1493,0.1493,0.1493,0.1493,,-,52.0,127.0,18739.0,416.0
455479,2017,23790.0,0.0,53.0,0.1337,0.1337,0.1337,0.1337,,-,43.0,95.0,18404.0,472.0
455479,2018,22619.0,0.0,75.0,0.1989,0.1989,0.1989,0.1989,,-,42.0,90.0,17971.0,444.0
455479,2019,21630.0,0.0,63.0,0.1748,0.1748,0.1748,0.1748,,-,66.0,97.0,17289.0,478.0
455479,2020,22500.0,0.0,70.0,0.1867,0.1867,0.1867,0.1867,,-,34.0,132.0,16980.0,447.0
455479,2021,26190.0,0.0,82.0,0.1879,0.1879,0.1879,0.1879,,-,22.0,128.0,16626.0,426.0
455479,2022,25950.0,0.0,77.0,0.178,0.178,0.178,0.178,,-,55.0,115.0,16427.0,389.0
455479,2023,24960.0,0.0,72.0,0.1731,0.1731,0.1731,0.1731,,-,46.0,96.0,15273.0,377.0
455479,2024,27960.0,0.0,71.0,0.1524,0.1524,0.1524,0.1524,,-,79.0,120.0,14767.0,383.0
455716,2010,15831.0,0.0,0.0,0.0,0.0,0.0,0.0,,-,263.0,144.0,24027.0,325.0
455716,2011,23680.0,0.0,26.0,0.0659,0.0659,0.0659,0.0659,,-,196.0,139.0,21664.0,407.0
455716,2014,21750.0,0.0,100.0,0.2759,0.2759,0.2759,0.2759,,-,166.0,,23830.0,663.0
455716,2015,22890.0,0.0,109.0,0.2857,0.2857,0.2857,0.2857,,-,51.0,42.0,18188.0,660.0
455716,2016,20880.0,0.0,137.0,0.3937,0.3937,0.3937,0.3937,,-,70.0,38.0,18062.0,723.0
455716,2017,29502.0,0.0,84.0,0.1708,0.1708,0.1708,0.1708,,-,34.0,31.0,18653.0,495.0
455716,2018,29439.0,0.0,69.0,0.1406,0.1406,0.1406,0.1406,,-,,,,
456296,2010,62571.0,7.0,158.0,0.1649,0.1649,0.1649,0.1649,,-,386.0,309.0,18012.0,476.0
456296,2011,75861.0,71.0,195.0,0.2665,0.2665,0.2665,0.2665,,-,178.0,233.0,17589.0,594.0
456296,2012,59551.0,145.0,231.0,0.5249,0.5249,0.5249,0.5249,,-,94.0,109.0,17144.0,786.0
456296,2013,46361.0,168.0,196.0,0.6885,0.6885,0.6885,0.6885,,-,136.0,154.0,19250.0,864.0
456296,2014,41296.0,164.0,208.0,0.7788,0.7788,0.7788,0.7788,,-,74.0,126.0,18959.0,776.0
456436,2011,8707.0,0.0,0.0,0.0,0.0,0.0,0.0,,-,35.0,9.0,25194.0,734.0
456436,2012,8720.0,0.0,77.0,0.5298,0.5298,0.5298,0.5298,,-,56.0,14.0,24556.0,919.0
456436,2013,8868.0,0.0,65.0,0.4398,0.4398,0.4398,0.4398,,-,49.0,8.0,24126.0,910.0
456436,2014,11038.0,1.0,74.0,0.4131,0.4131,0.4131,0.4131,,-,56.0,1.0,23762.0,655.0
456436,2015,10307.0,0.0,92.0,0.5355,0.5355,0.5355,0.5355,,-,57.0,3.0,23561.0,753.0
456481,2009,3587.0,25.0,0.0,0.8364,0.8364,0.8364,0.8364,,n,1.0,116.0,,482.0
456481,2010,3862.0,25.0,0.0,0.7768,0.7768,0.7768,0.7768,,n,9.0,7.0,16854.0,464.0
456481,2011,3472.0,34.0,0.0,1.1751,1.1751,1.1751,1.1751,,n,6.0,10.0,16500.0,351.0
456481,2012,2472.0,18.0,0.0,0.8738,0.8738,0.8738,0.8738,,n,3.0,3.0,16185.0,403.0
456481,2013,2012.0,14.0,0.0,0.835,0.835,0.835,0.835,,n,3.0,5.0,15901.0,311.0
456481,2014,1799.0,19.0,0.0,1.2674,1.0929,1.0599,0.9817,0.6,o,3.0,5.0,15661.0,346.0
456481,2015,1825.0,13.0,0.0,0.8548,0.6553,0.6203,0.5406,0.4,o,2.0,2.0,15568.0,341.0
456481,2016,1716.0,10.0,0.0,0.6993,0.5897,0.5693,0.5212,0.5556,o,2.0,5.0,15460.0,322.0
456481,2017,2028.0,14.0,0.0,0.8284,0.7365,0.7188,0.6764,0.6667,o,2.0,5.0,15221.0,298.0
456481,2018,2324.0,12.0,0.0,0.6196,0.5509,0.5376,0.5059,0.6667,o,7.0,8.0,15067.0,275.0
456481,2019,2697.0,10.0,0.0,0.4449,0.5276,0.5466,0.5969,1.8,o,4.0,8.0,15283.0,310.0
456481,2020,2700.0,21.0,0.0,0.9333,1.2515,1.3299,1.5478,2.75,o,20.0,4.0,15559.0,322.0
456481,2021,1913.0,12.0,0.0,0.7527,1.2656,1.4093,1.8438,6.0,o,7.0,4.0,15355.0,425.0
456481,2022,1154.0,10.0,0.0,1.0399,1.43,1.5275,1.8011,3.0,o,,,14481.0,434.0
456481,2023,618.0,5.0,0.0,0.9709,0.9709,0.9709,0.9709,,n,,,14313.0,441.0
456481,2024,535.0,8.0,0.0,1.7944,1.7944,1.7944,1.7944,,n,,1.0,14082.0,431.0
456490,2009,4316.0,17.0,0.0,0.4727,0.4727,0.4727,0.4727,,n,25.0,,,477.0
456490,2010,4883.0,16.0,0.0,0.3932,0.3932,0.3932,0.3932,,n,29.0,13.0,14881.0,409.0
456490,2011,3500.0,30.0,0.0,1.0286,1.0286,1.0286,1.0286,,n,4.0,9.0,15244.0,599.0
456490,2012,2800.0,28.0,0.0,1.2,1.2,1.2,1.2,,n,4.0,16.0,14858.0,670.0
456490,2013,2694.0,19.0,0.0,0.8463,0.8463,0.8463,0.8463,,n,1.0,4.0,14598.0,422.0
456490,2014,1810.0,22.0,0.0,1.4586,0.7315,0.6342,0.4438,0.0926,o,1.0,6.0,14377.0,439.0
456490,2015,2064.0,9.0,0.0,0.5233,0.2321,0.1962,0.1288,0.0606,o,4.0,32.0,14256.0,412.0
456490,2016,2564.0,20.0,0.0,0.936,0.8168,0.7941,0.74,0.625,o,6.0,28.0,14151.0,440.0
456490,2017,2459.0,21.0,0.0,1.0248,1.253,1.3062,1.4493,2.0,o,19.0,27.0,14131.0,425.0
456490,2018,3865.0,11.0,0.0,0.3415,0.7104,0.8267,1.2075,12.5,o,16.0,14.0,14432.0,441.0
456490,2019,4288.0,11.0,0.0,0.3078,0.5412,0.6083,0.8145,7.0,o,15.0,4.0,14679.0,449.0
456490,2020,4298.0,32.0,0.0,0.8934,1.2404,1.3275,1.5731,3.1,o,13.0,,15181.0,430.0
456490,2021,4018.0,18.0,0.0,0.5376,0.5555,0.5593,0.5689,1.12,o,11.0,4.0,14742.0,498.0
456490,2022,3270.0,20.0,0.0,0.7339,0.6579,0.6432,0.6078,0.6857,o,8.0,8.0,14481.0,451.0
456490,2023,2959.0,21.0,0.0,0.8516,0.7389,0.7175,0.6667,0.6129,o,12.0,3.0,14313.0,432.0
456490,2024,2914.0,17.0,0.0,0.7001,0.635,0.6223,0.5917,0.7143,o,16.0,4.0,14262.0,423.0
456977,2009,3650.0,0.0,0.0,0.0,0.0,0.0,0.0,,-,79.0,,,
456977,2010,6224.0,0.0,0.0,0.0,0.0,0.0,0.0,,-,40.0,8.0,17168.0,
456977,2012,8328.0,0.0,84.0,0.6052,0.6052,0.6052,0.6052,,-,32.0,,16341.0,
456977,2013,7538.0,0.0,69.0,0.5492,0.5492,0.5492,0.5492,,-,44.0,,17472.0,
456977,2014,5413.0,0.0,41.0,0.4545,0.4545,0.4545,0.4545,,-,26.0,,24249.0,
456977,2015,4344.0,0.0,37.0,0.511,0.511,0.511,0.511,,-,19.0,,23329.0,
456977,2016,4138.0,0.0,17.0,0.2465,0.2465,0.2465,0.2465,,-,9.0,,23167.0,
456977,2017,5037.0,0.0,6.0,0.0715,0.0715,0.0715,0.0715,,-,11.0,,16639.0,
456977,2021,2166.0,0.0,8.0,0.2216,0.2216,0.2216,0.2216,,-,35.0,,15232.0,
456977,2022,2500.0,0.0,4.0,0.096,0.096,0.096,0.096,,-,61.0,,14428.0,
457129,2011,5340.0,0.0,0.0,0.0,0.0,0.0,0.0,,-,2.0,209.0,20688.0,951.0
457129,2012,9330.0,41.0,0.0,0.5273,0.5273,0.5273,0.5273,,-,,295.0,21906.0,1005.0
457129,2013,14520.0,75.0,0.0,0.6198,0.6198,0.6198,0.6198,,-,2.0,246.0,22672.0,997.0
457129,2014,20370.0,110.0,0.0,0.648,0.648,0.648,0.648,,-,1.0,283.0,22751.0,984.0
457129,2015,24720.0,237.0,0.0,1.1505,1.1505,1.1505,1.1505,,-,5.0,293.0,22558.0,991.0
457129,2016,26400.0,259.0,0.0,1.1773,1.1773,1.1773,1.1773,,-,1.0,335.0,23336.0,1011.0
457129,2017,24120.0,331.0,0.0,1.6468,1.6468,1.6468,1.6468,,-,6.0,310.0,24514.0,1031.0
457129,2018,23310.0,220.0,0.0,1.1326,1.1326,1.1326,1.1326,,-,8.0,292.0,24147.0,1011.0
457129,2019,23910.0,320.0,0.0,1.606,1.606,1.606,1.606,,-,4.0,286.0,23641.0,991.0
457129,2020,24870.0,274.0,0.0,1.3221,1.3221,1.3221,1.3221,,-,9.0,211.0,23288.0,975.0
457129,2021,26880.0,305.0,0.0,1.3616,1.3616,1.3616,1.3616,,-,5.0,220.0,22725.0,948.0
457129,2022,24870.0,316.0,0.0,1.5247,1.5247,1.5247,1.5247,,-,5.0,127.0,21358.0,891.0
457129,2023,21900.0,280.0,0.0,1.5342,1.5342,1.5342,1.5342,,-,10.0,143.0,20319.0,853.0
457129,2024,20010.0,327.0,0.0,1.961,1.961,1.961,1.961,,-,10.0,185.0,19686.0,835.0
457183,2009,227.0,0.0,0.0,0.0,0.0,0.0,0.0,,n,,,,
457183,2010,2878.0,15.0,0.0,0.6254,0.6254,0.6254,0.6254,,n,,,,879.0
457183,2011,4095.0,55.0,0.0,1.6116,1.6116,1.6116,1.6116,,n,,,,857.0
457183,2012,3839.0,61.0,0.0,1.9069,1.9069,1.9069,1.9069,,n,,,,1033.0
457183,2013,5029.0,76.0,0.0,1.8134,1.8134,1.8134,1.8134,,n,,,,862.0
457183,2014,5670.0,80.0,0.0,1.6931,1.6931,1.6931,1.6931,,n,,,,867.0
457183,2015,5688.0,86.0,0.0,1.8143,1.8143,1.8143,1.8143,,n,,,,914.0
457350,2010,820.0,0.0,0.0,0.0,0.0,0.0,0.0,,-,,,,262.0
457350,2011,1084.0,0.0,0.0,0.0,0.0,0.0,0.0,,-,1.0,,,263.0
457350,2012,1140.0,0.0,0.0,0.0,0.0,0.0,0.0,,-,1.0,,,373.0
457350,2013,1154.0,0.0,0.0,0.0,0.0,0.0,0.0,,-,9.0,,,319.0
457350,2017,835.0,0.0,0.0,0.0,0.0,0.0,0.0,,-,,,,707.0
457350,2020,1635.0,0.0,0.0,0.0,0.0,0.0,0.0,,-,,,,406.0
457350,2021,1375.0,0.0,0.0,0.0,0.0,0.0,0.0,,-,,,,449.0
457350,2022,1622.0,0.0,0.0,0.0,0.0,0.0,0.0,,-,,,,325.0
457350,2023,1774.0,0.0,0.0,0.0,0.0,0.0,0.0,,-,,,,302.0
457350,2024,1610.0,0.0,0.0,0.0,0.0,0.0,0.0,,-,,,,401.0
457402,2010,657.0,0.0,1.0,0.0913,0.0913,0.0913,0.0913,,n,9.0,5.0,,401.0
457402,2011,897.0,0.0,2.0,0.1338,0.1338,0.1338,0.1338,,n,1.0,18.0,10344.0,347.0
457402,2012,954.0,1.0,5.0,0.4403,0.4403,0.4403,0.4403,,n,2.0,4.0,10082.0,283.0
457402,2013,1055.0,1.0,8.0,0.5687,0.5687,0.5687,0.5687,,n,,,,268.0
457402,2014,609.0,5.0,0.0,0.9852,0.9852,0.9852,0.9852,,n,,,9756.0,416.0
457402,2015,525.0,5.0,5.0,1.7143,1.1909,1.1044,0.9147,0.2847,i,1.0,,9674.0,396.0
457402,2016,357.0,2.0,3.0,1.1765,1.0837,1.0654,1.0211,0.7533,i,1.0,,9607.0,346.0
457402,2017,1041.0,3.0,4.0,0.5764,0.4865,0.4698,0.4304,0.5575,i,21.0,11.0,9446.0,370.0
457402,2018,1119.0,0.0,1.0,0.0536,0.097,0.1097,0.149,7.7266,i,33.0,5.0,9235.0,354.0
457402,2019,1014.0,2.0,8.0,0.7101,1.7824,2.1563,3.4709,23.8946,i,14.0,5.0,9042.0,332.0
457402,2021,3231.0,4.0,4.0,0.2228,0.276,0.2885,0.3222,2.0909,o,32.0,44.0,8649.0,363.0
457402,2022,4788.0,3.0,3.0,0.1128,0.1185,0.1197,0.1228,1.1852,o,69.0,50.0,8129.0,333.0
457402,2023,6201.0,7.0,2.0,0.1548,0.1933,0.2023,0.2269,2.1489,o,111.0,47.0,7670.0,325.0
457402,2024,7581.0,4.0,2.0,0.0791,0.1176,0.1276,0.1566,3.913,o,62.0,49.0,9810.0,404.0
457411,2010,3137.0,0.0,0.0,0.0,0.0,0.0,0.0,,-,11.0,,,621.0
457411,2016,9516.0,0.0,0.0,0.0,0.0,0.0,0.0,,-,29.0,,23332.0,613.0
457411,2017,12272.0,0.0,0.0,0.0,0.0,0.0,0.0,,-,29.0,,21362.0,639.0
457411,2018,12636.0,0.0,0.0,0.0,0.0,0.0,0.0,,-,37.0,,20884.0,704.0
457411,2019,12350.0,0.0,0.0,0.0,0.0,0.0,0.0,,-,20.0,,20447.0,732.0
457411,2020,13166.0,0.0,0.0,0.0,0.0,0.0,0.0,,-,27.0,,20141.0,726.0
457411,2021,10842.0,0.0,0.0,0.0,0.0,0.0,0.0,,-,30.0,,19559.0,805.0
457411,2022,13805.0,0.0,0.0,0.0,0.0,0.0,0.0,,-,34.0,,18383.0,534.0
457411,2023,11885.0,0.0,0.0,0.0,0.0,0.0,0.0,,-,52.0,,17346.0,577.0
457411,2024,13780.0,0.0,0.0,0.0,0.0,0.0,0.0,,-,56.0,,16757.0,573.0
458238,2010,2588.0,0.0,0.0,0.0,0.0,0.0,0.0,,x,,,,
458238,2011,4818.0,0.0,0.0,0.0,0.0,0.0,0.0,,x,6.0,5.0,,
458247,2011,12135.0,0.0,10.0,0.0494,0.0494,0.0494,0.0494,,-,51.0,14.0,,
458247,2012,12525.0,0.0,77.0,0.3689,0.3689,0.3689,0.3689,,-,45.0,10.0,,
458247,2013,12590.0,0.0,111.0,0.529,0.529,0.529,0.529,,-,79.0,12.0,,
458247,2014,11987.0,0.0,74.0,0.3704,0.3704,0.3704,0.3704,,-,41.0,,,
458247,2015,11828.0,0.0,80.0,0.4058,0.4058,0.4058,0.4058,,-,,,,
458663,2010,11981.0,0.0,0.0,0.0,0.0,0.0,0.0,,-,104.0,106.0,,
458663,2011,31440.0,0.0,4.0,0.0076,0.0076,0.0076,0.0076,,-,83.0,63.0,21387.0,188.0
458663,2012,33137.0,0.0,19.0,0.0344,0.0344,0.0344,0.0344,,-,35.0,39.0,21057.0,308.0
458663,2014,2055.0,0.0,45.0,1.3139,1.3139,1.3139,1.3139,,-,,,20872.0,
458715,2011,6065.0,0.0,0.0,0.0,0.0,0.0,0.0,,x,22.0,47.0,,162.0
458715,2012,12433.0,0.0,20.0,0.0965,0.0965,0.0965,0.0965,,x,27.0,10.0,,239.0
458715,2013,14348.0,0.0,59.0,0.2467,0.2467,0.2467,0.2467,,x,30.0,39.0,,374.0
458797,2011,18370.0,0.0,0.0,0.0,0.0,0.0,0.0,,-,36.0,45.0,,
458797,2012,23362.0,0.0,333.0,0.8552,0.8552,0.8552,0.8552,,-,35.0,47.0,,
458797,2013,14698.0,0.0,153.0,0.6246,0.6246,0.6246,0.6246,,-,52.0,34.0,,
458797,2014,12319.0,0.0,77.0,0.375,0.375,0.375,0.375,,-,22.0,16.0,,
458797,2015,11108.0,0.0,51.0,0.2755,0.2755,0.2755,0.2755,,-,,,,
459310,2015,5008.0,0.0,0.0,0.0,0.0,0.0,0.0,,-,48.0,,8197.0,252.0
459310,2016,4389.0,0.0,0.0,0.0,0.0,0.0,0.0,,-,92.0,,8575.0,295.0
459310,2017,3373.0,0.0,0.0,0.0,0.0,0.0,0.0,,-,73.0,,8720.0,347.0
459310,2018,3886.0,0.0,0.0,0.0,0.0,0.0,0.0,,-,49.0,,9064.0,230.0
459310,2019,1869.0,0.0,15.0,0.4815,0.4815,0.4815,0.4815,,-,27.0,30.0,12483.0,513.0
459310,2022,1080.0,0.0,36.0,2.0,2.0,2.0,2.0,,-,,,19596.0,
459596,2011,8715.0,0.0,0.0,0.0,0.0,0.0,0.0,,-,37.0,5.0,25194.0,535.0
459596,2012,10285.0,0.0,67.0,0.3908,0.3908,0.3908,0.3908,,-,30.0,15.0,24556.0,846.0
459596,2013,10697.0,0.0,110.0,0.617,0.617,0.617,0.617,,-,35.0,6.0,24126.0,837.0
459596,2014,11983.0,4.0,82.0,0.4507,0.4507,0.4507,0.4507,,-,31.0,8.0,23762.0,742.0
459596,2015,10976.0,11.0,130.0,0.8309,0.8309,0.8309,0.8309,,-,27.0,4.0,23561.0,786.0
460190,2014,6091.0,0.0,59.0,0.5812,0.5812,0.5812,0.5812,,-,118.0,,,1110.0
460190,2015,3571.0,0.0,61.0,1.0249,1.0249,1.0249,1.0249,,-,113.0,,,
460190,2016,4267.0,0.0,45.0,0.6328,0.6328,0.6328,0.6328,,-,101.0,,,1340.0
460190,2017,4496.0,0.0,43.0,0.5738,0.5738,0.5738,0.5738,,-,82.0,,,1405.0
460190,2018,4036.0,0.0,56.0,0.8325,0.8325,0.8325,0.8325,,-,85.0,,,1466.0
460190,2019,3677.0,0.0,34.0,0.5548,0.5548,0.5548,0.5548,,-,61.0,,,
460190,2020,1891.0,0.0,44.0,1.3961,1.3961,1.3961,1.3961,,-,74.0,,,
460190,2022,6703.0,0.0,29.0,0.2596,0.2596,0.2596,0.2596,,-,57.0,,,623.0
460783,2011,4770.0,12.0,4.0,0.3522,0.3522,0.3522,0.3522,,n,33.0,,,703.0
460783,2012,5758.0,28.0,23.0,0.8232,0.8232,0.8232,0.8232,,n,60.0,,19389.0,703.0
460783,2013,11679.0,37.0,25.0,0.5086,0.5086,0.5086,0.5086,,n,48.0,,19049.0,450.0
460783,2014,10739.0,57.0,36.0,0.8381,0.8381,0.8381,0.8381,,n,65.0,20.0,18761.0,397.0
460783,2015,9920.0,44.0,22.0,0.6653,0.6653,0.6653,0.6653,,n,30.0,4.0,18603.0,424.0
460783,2016,8429.0,36.0,23.0,0.6762,0.6804,0.6813,0.6835,1.0215,o,23.0,2.0,15429.0,499.0
460783,2017,9378.0,39.0,25.0,0.659,0.5361,0.5137,0.4616,0.4907,o,50.0,2.0,15171.0,447.0
460783,2018,11880.0,22.0,24.0,0.3434,0.3026,0.2947,0.276,0.646,o,73.0,8.0,14832.0,475.0
460783,2019,15227.0,29.0,39.0,0.3822,0.4119,0.4184,0.4349,1.2947,o,87.0,8.0,16636.0,447.0
460783,2020,16257.0,32.0,50.0,0.4207,0.5797,0.6194,0.731,3.0189,o,94.0,15.0,15346.0,421.0
461005,2011,1232.0,18.0,0.0,1.7532,1.7532,1.7532,1.7532,,-,27.0,2.0,,748.0
461005,2012,3741.0,17.0,0.0,0.5453,0.5453,0.5453,0.5453,,-,79.0,,19865.0,445.0
461005,2014,7498.0,16.0,48.0,0.6402,0.6402,0.6402,0.6402,,-,105.0,34.0,,460.0
461005,2015,11667.0,18.0,62.0,0.504,0.504,0.504,0.504,,-,108.0,19.0,,474.0
461005,2016,13226.0,10.0,111.0,0.5943,0.5943,0.5943,0.5943,,-,80.0,13.0,,621.0
461005,2017,13037.0,13.0,122.0,0.6811,0.6811,0.6811,0.6811,,-,55.0,11.0,,636.0
461005,2018,6394.0,1.0,149.0,1.417,1.417,1.417,1.417,,-,31.0,2.0,,1081.0
461005,2019,5429.0,0.0,71.0,0.7847,0.7847,0.7847,0.7847,,-,65.0,12.0,,718.0
461281,2011,1389.0,0.0,5.0,0.216,0.216,0.216,0.216,,-,26.0,4.0,,82.0
461281,2012,1233.0,3.0,5.0,0.5353,0.5353,0.5353,0.5353,,-,3.0,,6379.0,98.0
461281,2013,990.0,0.0,0.0,0.0,0.0,0.0,0.0,,-,2.0,,8449.0,99.0
461281,2014,1020.0,1.0,2.0,0.2353,0.2353,0.2353,0.2353,,-,1.0,1.0,11007.0,333.0
461883,2011,1107.0,2.0,5.0,0.4878,0.4878,0.4878,0.4878,,-,12.0,6.0,,193.0
461883,2012,1827.0,5.0,8.0,0.5911,0.5911,0.5911,0.5911,,-,9.0,,10069.0,126.0
461883,2013,1728.0,5.0,2.0,0.4167,0.4167,0.4167,0.4167,,-,8.0,,9892.0,214.0
461883,2014,1446.0,9.0,2.0,0.8299,0.8299,0.8299,0.8299,,-,31.0,19.0,10296.0,279.0
461883,2015,2091.0,4.0,6.0,0.4017,0.4017,0.4017,0.4017,,-,10.0,6.0,10929.0,369.0
461883,2016,1734.0,3.0,10.0,0.5536,0.5536,0.5536,0.5536,,-,13.0,4.0,12098.0,477.0
461883,2017,1890.0,9.0,9.0,0.8571,0.8571,0.8571,0.8571,,-,5.0,6.0,13181.0,585.0
461883,2018,1908.0,6.0,5.0,0.5346,0.5346,0.5346,0.5346,,-,4.0,10.0,13515.0,568.0
461883,2019,2133.0,22.0,9.0,1.4909,1.4909,1.4909,1.4909,,-,12.0,10.0,13613.0,463.0
461883,2020,2100.0,21.0,14.0,1.6,1.6,1.6,1.6,,-,6.0,3.0,13669.0,475.0
461883,2021,1900.0,17.0,6.0,1.2632,1.2632,1.2632,1.2632,,-,5.0,,11528.0,516.0
470852,2011,1429.0,0.0,0.0,0.0,0.0,0.0,0.0,,-,20.0,6.0,,250.0
470852,2012,2735.0,0.0,0.0,0.0,0.0,0.0,0.0,,-,16.0,6.0,24556.0,659.0
470852,2013,2872.0,0.0,21.0,0.4387,0.4387,0.4387,0.4387,,-,,,24126.0,828.0
470852,2014,1532.0,0.0,21.0,0.8225,0.8225,0.8225,0.8225,,-,,,23762.0,1271.0
470889,2012,7073.0,0.0,1.0,0.0085,0.0085,0.0085,0.0085,,-,55.0,8.0,24556.0,484.0
470889,2013,10767.0,0.0,48.0,0.2675,0.2675,0.2675,0.2675,,-,72.0,8.0,24126.0,710.0
470889,2015,5570.0,13.0,100.0,1.3573,1.3573,1.3573,1.3573,,-,,,,1362.0
475477,2013,2392.0,0.0,3.0,0.0753,0.0753,0.0753,0.0753,,n,20.0,11.0,20079.0,800.0
475477,2014,3287.0,0.0,23.0,0.4198,0.4198,0.4198,0.4198,,n,13.0,17.0,20855.0,759.0
475477,2015,3751.0,0.0,25.0,0.3999,0.3999,0.3999,0.3999,,n,19.0,37.0,16686.0,768.0
475477,2016,5543.0,0.0,43.0,0.4655,0.4655,0.4655,0.4655,,n,16.0,32.0,16942.0,736.0
475477,2017,7001.0,0.0,43.0,0.3685,0.3626,0.3614,0.3584,0.9459,o,12.0,28.0,16697.0,707.0
475477,2018,6703.0,0.0,56.0,0.5012,0.4779,0.4732,0.4617,0.8485,o,19.0,31.0,17068.0,739.0
475477,2019,6731.0,0.0,77.0,0.6864,0.6801,0.6788,0.6756,0.9688,o,7.0,21.0,17741.0,703.0
475477,2020,5641.0,0.0,65.0,0.6914,0.6343,0.6231,0.5959,0.7429,o,20.0,15.0,17475.0,654.0
475477,2021,3971.0,0.0,46.0,0.6951,0.6878,0.6863,0.6826,0.9643,o,11.0,,17364.0,859.0
475714,2018,2423.0,0.0,40.0,0.9905,0.9905,0.9905,0.9905,,-,58.0,43.0,,1500.0
475714,2022,1825.0,7.0,42.0,1.8411,1.8411,1.8411,1.8411,,-,59.0,4.0,,
475714,2023,1545.0,0.0,21.0,0.8155,0.8155,0.8155,0.8155,,-,60.0,48.0,,
476382,2012,3600.0,0.0,0.0,0.0,0.0,0.0,0.0,,-,20.0,31.0,,
476382,2013,5090.0,0.0,0.0,0.0,0.0,0.0,0.0,,-,79.0,2.0,,
476382,2014,11805.0,0.0,35.0,0.1779,0.1779,0.1779,0.1779,,-,60.0,,,
476382,2015,12015.0,0.0,4.0,0.02,0.02,0.02,0.02,,-,,,,
476391,2012,480.0,0.0,0.0,0.0,0.0,0.0,0.0,,-,3.0,18.0,,
476391,2013,4673.0,0.0,0.0,0.0,0.0,0.0,0.0,,-,34.0,73.0,,
476391,2014,9769.0,0.0,6.0,0.0369,0.0369,0.0369,0.0369,,-,12.0,32.0,,
476391,2015,9757.0,0.0,15.0,0.0922,0.0922,0.0922,0.0922,,-,,,,
476939,2019,15688.0,0.0,0.0,0.0,0.0,0.0,0.0,,-,158.0,,,426.0
476939,2020,15218.0,0.0,0.0,0.0,0.0,0.0,0.0,,-,148.0,27.0,,564.0
476939,2021,14995.0,0.0,3.0,0.012,0.012,0.012,0.012,,-,140.0,33.0,,611.0
476939,2022,14520.0,0.0,15.0,0.062,0.062,0.062,0.062,,-,182.0,,,774.0
476939,2023,18508.0,0.0,68.0,0.2204,0.2204,0.2204,0.2204,,-,326.0,,,626.0
476939,2024,22494.0,0.0,107.0,0.2854,0.2854,0.2854,0.2854,,-,518.0,,,772.0
479594,2012,2245.0,0.0,0.0,0.0,0.0,0.0,0.0,,-,34.0,12.0,,
479594,2013,6091.0,0.0,6.0,0.0591,0.0591,0.0591,0.0591,,-,51.0,6.0,24126.0,499.0
479594,2014,9217.0,0.0,62.0,0.4036,0.4036,0.4036,0.4036,,-,66.0,14.0,23762.0,588.0
479594,2015,10556.0,0.0,86.0,0.4888,0.4888,0.4888,0.4888,,-,47.0,13.0,23561.0,634.0
479619,2012,861.0,0.0,0.0,0.0,0.0,0.0,0.0,,-,16.0,9.0,,
479619,2013,3409.0,0.0,0.0,0.0,0.0,0.0,0.0,,-,,2.0,24126.0,471.0
479619,2014,1299.0,0.0,21.0,0.9702,0.9702,0.9702,0.9702,,-,,1.0,23762.0,
480143,2014,9390.0,4.0,31.0,0.2492,0.2492,0.2492,0.2492,,-,34.0,21.0,,368.0
480143,2015,9780.0,19.0,22.0,0.3681,0.3681,0.3681,0.3681,,-,58.0,12.0,,505.0
480143,2016,12120.0,2.0,33.0,0.1832,0.1832,0.1832,0.1832,,-,38.0,39.0,,451.0
480569,2012,75586.0,223.0,115.0,0.4453,0.4453,0.4453,0.4453,,n,,431.0,,244.0
480569,2013,65940.0,269.0,126.0,0.6042,0.6042,0.6042,0.6042,,n,,491.0,,248.0
480569,2014,63463.0,265.0,104.0,0.5994,0.5994,0.5994,0.5994,,n,,,,274.0
480569,2015,57796.0,292.0,106.0,0.7163,0.7163,0.7163,0.7163,,n,,401.0,,250.0
480569,2016,49290.0,241.0,108.0,0.7182,0.7182,0.7182,0.7182,,n,,276.0,,279.0
480569,2017,50858.0,266.0,124.0,0.7739,0.7739,0.7739,0.7739,,n,,235.0,,243.0
480569,2018,35760.0,276.0,128.0,1.1409,1.1409,1.1409,1.1409,,n,,237.0,,297.0
480569,2019,39494.0,260.0,137.0,0.9981,0.9981,0.9981,0.9981,,n,34.0,252.0,,258.0
480569,2020,33968.0,225.0,110.0,0.9892,0.9892,0.9892,0.9892,,n,53.0,123.0,14712.0,250.0
480569,2021,31609.0,223.0,85.0,1.0079,1.0079,1.0079,1.0079,,n,49.0,116.0,14287.0,242.0
480569,2024,17974.0,138.0,41.0,1.0582,1.0017,0.9904,0.9627,0.8276,o,17.0,35.0,12240.0,221.0
480851,2015,3470.0,0.0,0.0,0.0,0.0,0.0,0.0,,-,33.0,,,510.0
480851,2016,3510.0,0.0,0.0,0.0,0.0,0.0,0.0,,-,89.0,,,569.0
480851,2017,5952.0,0.0,0.0,0.0,0.0,0.0,0.0,,-,77.0,,,380.0
480851,2018,5040.0,0.0,0.0,0.0,0.0,0.0,0.0,,-,4.0,26.0,,429.0
480851,2019,2380.0,0.0,1.0,0.0252,0.0252,0.0252,0.0252,,-,27.0,,,845.0
480851,2020,3567.0,0.0,2.0,0.0336,0.0336,0.0336,0.0336,,-,24.0,,,583.0
480851,2021,4434.0,0.0,3.0,0.0406,0.0406,0.0406,0.0406,,-,26.0,,,499.0
481252,2013,360.0,0.0,3.0,0.5,0.5,0.5,0.5,,-,1.0,7.0,,301.0
481252,2014,570.0,0.0,1.0,0.1053,0.1053,0.1053,0.1053,,-,2.0,,,453.0
481252,2017,2988.0,0.0,18.0,0.3614,0.3614,0.3614,0.3614,,-,43.0,,,176.0
481252,2018,2735.0,0.0,16.0,0.351,0.351,0.351,0.351,,-,18.0,,,657.0
481252,2019,2788.0,0.0,31.0,0.6671,0.6671,0.6671,0.6671,,-,37.0,15.0,,596.0
481252,2020,3270.0,0.0,26.0,0.4771,0.4771,0.4771,0.4771,,-,1.0,23.0,,755.0
481252,2021,3280.0,0.0,23.0,0.4207,0.4207,0.4207,0.4207,,-,1.0,13.0,,899.0
481252,2022,2500.0,0.0,16.0,0.384,0.384,0.384,0.384,,-,1.0,10.0,,1045.0
481252,2023,4761.0,0.0,53.0,0.6679,0.6679,0.6679,0.6679,,-,9.0,16.0,,615.0
481252,2024,4315.0,0.0,17.0,0.2364,0.2364,0.2364,0.2364,,-,16.0,21.0,,663.0
481614,2013,1794.0,0.0,0.0,0.0,0.0,0.0,0.0,,-,50.0,5.0,,38.0
481614,2014,6360.0,0.0,0.0,0.0,0.0,0.0,0.0,,-,60.0,2.0,23762.0,419.0
481614,2015,7471.0,0.0,61.0,0.4899,0.4899,0.4899,0.4899,,-,57.0,4.0,23561.0,654.0
481632,2013,6914.0,0.0,0.0,0.0,0.0,0.0,0.0,,-,119.0,,,1030.0
481632,2014,11861.0,0.0,22.0,0.1113,0.1113,0.1113,0.1113,,-,140.0,,,730.0
481632,2015,30444.0,0.0,0.0,0.0,0.0,0.0,0.0,,-,157.0,,,383.0
482024,2014,2688.0,0.0,6.0,0.1339,0.1339,0.1339,0.1339,,-,13.0,,27290.0,
482024,2015,2880.0,0.0,11.0,0.2292,0.2292,0.2292,0.2292,,-,13.0,,23329.0,
482024,2016,3576.0,0.0,7.0,0.1174,0.1174,0.1174,0.1174,,-,11.0,,23167.0,
482024,2018,4100.0,3.0,8.0,0.2049,0.2049,0.2049,0.2049,,-,,,16266.0,
482459,2013,71610.0,530.0,80.0,0.9552,0.9552,0.9552,0.9552,,x,130.0,593.0,,758.0
482459,2014,62310.0,511.0,60.0,1.0419,1.0419,1.0419,1.0419,,x,100.0,495.0,21079.0,780.0
482459,2015,50580.0,448.0,59.0,1.1329,1.1329,1.1329,1.1329,,x,36.0,300.0,22047.0,638.0
482459,2016,33750.0,342.0,34.0,1.2764,1.2764,1.2764,1.2764,,x,32.0,196.0,25369.0,761.0
482459,2017,22260.0,266.0,22.0,1.4933,1.4933,1.4933,1.4933,,x,16.0,171.0,25429.0,821.0
482459,2018,16560.0,188.0,15.0,1.4167,1.4167,1.4167,1.4167,,x,15.0,175.0,22099.0,830.0
482459,2019,15120.0,158.0,12.0,1.3016,1.3016,1.3016,1.3016,,x,28.0,157.0,21839.0,382.0
482459,2020,16940.0,113.0,13.0,0.8465,0.8465,0.8465,0.8465,,x,15.0,67.0,21735.0,246.0
482459,2021,16091.0,107.0,29.0,0.9061,0.9061,0.9061,0.9061,,x,31.0,72.0,20749.0,180.0
482459,2022,13680.0,99.0,37.0,1.0307,1.0307,1.0307,1.0307,,x,,16.0,19185.0,767.0
482459,2023,8519.0,69.0,40.0,1.2537,1.2537,1.2537,1.2537,,x,1.0,35.0,18103.0,
482459,2024,6192.0,68.0,31.0,1.6182,1.6182,1.6182,1.6182,,x,,26.0,17488.0,366.0
482936,2015,16213.0,0.0,0.0,0.0,0.0,0.0,0.0,,n,392.0,71.0,6449.0,246.0
482936,2016,25909.0,0.0,0.0,0.0,0.0,0.0,0.0,,n,459.0,63.0,6404.0,149.0
482936,2017,37721.0,18.0,0.0,0.0573,0.0573,0.0573,0.0573,,n,317.0,75.0,6297.0,123.0
482936,2018,40989.0,197.0,0.0,0.5767,0.5767,0.5767,0.5767,,n,315.0,52.0,6157.0,60.0
482936,2019,37636.0,239.0,0.0,0.762,0.7243,0.7076,0.6855,0.8092,o,277.0,63.0,6028.0,73.0
482936,2020,35691.0,293.0,0.0,0.9851,0.903,0.8676,0.8216,0.6957,o,308.0,66.0,5938.0,57.0
482936,2021,33995.0,256.0,0.0,0.9037,0.8444,0.8186,0.7846,0.7539,o,532.0,69.0,5766.0,62.0
482936,2022,37685.0,220.0,128.0,0.9043,0.9682,0.999,1.0426,1.3291,o,450.0,63.0,5419.0,45.0
482936,2023,40196.0,214.0,0.0,0.6389,0.7214,0.7627,0.8228,1.6588,o,403.0,70.0,5114.0,93.0
482936,2024,42563.0,269.0,32.0,0.8035,0.8796,0.9169,0.9703,1.4581,o,477.0,77.0,4940.0,87.0
483595,2022,88577.0,152.0,42.0,0.2344,0.2344,0.2344,0.2344,,n,778.0,965.0,11392.0,306.0
483762,2015,11805.0,0.0,36.0,0.183,0.183,0.183,0.183,,-,29.0,,46344.0,335.0
484181,2015,3410.0,0.0,70.0,1.2317,1.2317,1.2317,1.2317,,-,73.0,11.0,47362.0,104.0
484181,2016,3150.0,0.0,94.0,1.7905,1.7905,1.7905,1.7905,,-,,,47035.0,
484473,2015,20984.0,210.0,1.0,1.2038,1.2038,1.2038,1.2038,,n,317.0,505.0,5060.0,26.0
484473,2016,38273.0,236.0,5.0,0.7478,0.7478,0.7478,0.7478,,n,470.0,393.0,5025.0,36.0
484473,2017,54224.0,328.0,9.0,0.7358,0.7358,0.7358,0.7358,,n,543.0,558.0,4941.0,25.0
484473,2018,70571.0,483.0,16.0,0.8349,0.8349,0.8349,0.8349,,n,541.0,440.0,4831.0,19.0
484473,2019,83118.0,593.0,10.0,0.8634,1.1428,1.2995,1.5484,3.2166,o,761.0,498.0,4730.0,25.0
484473,2020,88155.0,661.0,7.0,0.9045,1.0207,1.0788,1.1634,1.6544,o,718.0,623.0,4659.0,
484473,2021,104417.0,844.0,9.0,0.9751,1.0678,1.1132,1.1783,1.46,o,1060.0,639.0,4524.0,
484473,2022,116554.0,818.0,10.0,0.8473,0.9542,1.0076,1.0852,1.6402,o,886.0,640.0,4252.0,81.0
484473,2023,123947.0,967.0,18.0,0.9449,1.0406,1.0876,1.1552,1.4946,o,826.0,672.0,4012.0,79.0
484473,2024,122771.0,1017.0,11.0,0.9994,1.0351,1.0519,1.0753,1.1575,o,761.0,748.0,3876.0,78.0
484668,2014,91392.0,995.0,0.0,1.3065,1.3065,1.3065,1.3065,,x,20.0,114.0,,440.0
484668,2015,62910.0,865.0,0.0,1.65,1.65,1.65,1.65,,x,14.0,79.0,13760.0,401.0
484668,2016,37299.0,686.0,0.0,2.207,2.207,2.207,2.207,,x,2.0,28.0,12757.0,402.0
484668,2017,19887.0,399.0,0.0,2.4076,2.4076,2.4076,2.4076,,x,2.0,30.0,12544.0,388.0
484978,2014,1603.0,0.0,0.0,0.0,0.0,0.0,0.0,,-,91.0,,,
484978,2015,10020.0,0.0,0.0,0.0,0.0,0.0,0.0,,-,43.0,29.0,18188.0,308.0
484978,2016,10500.0,0.0,6.0,0.0343,0.0343,0.0343,0.0343,,-,40.0,6.0,18062.0,672.0
484978,2017,12510.0,0.0,22.0,0.1055,0.1055,0.1055,0.1055,,-,20.0,12.0,18653.0,558.0
484978,2018,9485.0,0.0,15.0,0.0949,0.0949,0.0949,0.0949,,-,,,,
485272,2016,10333.0,0.0,0.0,0.0,0.0,0.0,0.0,,-,9.0,61.0,26841.0,410.0
485272,2017,16482.0,52.0,0.0,0.3786,0.3786,0.3786,0.3786,,-,7.0,113.0,25942.0,597.0
485272,2018,21954.0,130.0,0.0,0.7106,0.7106,0.7106,0.7106,,-,14.0,128.0,26584.0,671.0
485272,2019,30610.0,131.0,0.0,0.5136,0.5136,0.5136,0.5136,,-,10.0,147.0,26151.0,609.0
485272,2020,32278.0,189.0,0.0,0.7026,0.7026,0.7026,0.7026,,-,16.0,140.0,27934.0,720.0
485272,2021,35699.0,278.0,1.0,0.9362,0.9362,0.9362,0.9362,,-,11.0,91.0,27128.0,780.0
485272,2022,31797.0,276.0,12.0,1.0643,1.0643,1.0643,1.0643,,-,3.0,83.0,26182.0,901.0
485272,2023,28580.0,304.0,13.0,1.3037,1.3037,1.3037,1.3037,,-,6.0,106.0,24705.0,856.0
485272,2024,31268.0,280.0,30.0,1.1321,1.1321,1.1321,1.1321,,-,13.0,120.0,23691.0,735.0
485768,2015,1968.0,3.0,69.0,2.2866,2.2866,2.2866,2.2866,,-,108.0,14.0,,270.0
485768,2016,1970.0,3.0,69.0,2.2843,2.2843,2.2843,2.2843,,-,84.0,28.0,6389.0,828.0
485768,2017,1978.0,16.0,19.0,1.547,1.547,1.547,1.547,,-,111.0,12.0,6282.0,
485768,2018,1980.0,26.0,30.0,2.4848,2.4848,2.4848,2.4848,,-,115.0,15.0,6730.0,1396.0
485768,2019,1985.0,28.0,6.0,1.8741,1.8741,1.8741,1.8741,,-,122.0,19.0,6589.0,1055.0
485768,2020,1990.0,22.0,11.0,1.6583,1.6583,1.6583,1.6583,,-,20.0,13.0,12981.0,
485768,2021,5595.0,13.0,12.0,0.4075,0.4075,0.4075,0.4075,,-,139.0,20.0,12606.0,453.0
486239,2015,2272.0,0.0,28.0,0.7394,0.7394,0.7394,0.7394,,-,46.0,1.0,,1074.0
486239,2016,4343.0,0.0,8.0,0.1105,0.1105,0.1105,0.1105,,-,22.0,,13288.0,684.0
486239,2017,5734.0,5.0,20.0,0.3139,0.3139,0.3139,0.3139,,-,54.0,20.0,13194.0,563.0
486239,2018,6332.0,3.0,36.0,0.398,0.398,0.398,0.398,,-,24.0,23.0,12961.0,663.0
486239,2021,5370.0,51.0,6.0,1.2067,1.2067,1.2067,1.2067,,-,7.0,15.0,12139.0,501.0
486239,2022,4356.0,51.0,2.0,1.4325,1.4325,1.4325,1.4325,,-,3.0,8.0,11415.0,552.0
486239,2023,4320.0,32.0,2.0,0.9167,0.9167,0.9167,0.9167,,-,11.0,6.0,10771.0,575.0
486239,2024,5400.0,13.0,4.0,0.3333,0.3333,0.3333,0.3333,,-,7.0,,10405.0,521.0
486354,2015,1620.0,0.0,11.0,0.4074,0.4074,0.4074,0.4074,,-,5.0,,,568.0
486354,2016,1641.0,0.0,16.0,0.585,0.585,0.585,0.585,,-,3.0,,11547.0,578.0
486354,2019,2304.0,4.0,14.0,0.5729,0.5729,0.5729,0.5729,,-,10.0,,10868.0,361.0
486354,2020,2629.0,3.0,19.0,0.5705,0.5705,0.5705,0.5705,,-,11.0,,10706.0,306.0
486354,2021,2107.0,10.0,9.0,0.8259,0.8259,0.8259,0.8259,,-,11.0,,10397.0,351.0
486354,2022,1320.0,9.0,14.0,1.4545,1.4545,1.4545,1.4545,,-,9.0,,9771.0,479.0
486354,2024,6153.0,10.0,15.0,0.3413,0.3413,0.3413,0.3413,,-,21.0,9.0,10320.0,184.0
487311,2016,8697.0,0.0,44.0,0.3036,0.3036,0.3036,0.3036,,-,238.0,,13904.0,615.0
487311,2017,10587.0,0.0,158.0,0.8954,0.8954,0.8954,0.8954,,-,97.0,1.0,16655.0,786.0
487311,2018,10395.0,0.0,143.0,0.8254,0.8254,0.8254,0.8254,,-,62.0,1.0,16283.0,613.0
487311,2019,6886.0,0.0,125.0,1.0892,1.0892,1.0892,1.0892,,-,131.0,6.0,16714.0,874.0
487311,2020,9745.0,0.0,123.0,0.7573,0.7573,0.7573,0.7573,,-,147.0,3.0,16453.0,657.0
487311,2021,12581.0,0.0,117.0,0.558,0.558,0.558,0.558,,-,138.0,27.0,15978.0,479.0
487311,2022,18720.0,0.0,183.0,0.5865,0.5865,0.5865,0.5865,,-,96.0,15.0,15017.0,516.0
487311,2023,16223.0,0.0,265.0,0.9801,0.9801,0.9801,0.9801,,-,106.0,27.0,15058.0,516.0
487311,2024,17460.0,0.0,215.0,0.7388,0.7388,0.7388,0.7388,,-,294.0,102.0,15978.0,506.0
487393,2015,19344.0,0.0,63.0,0.1954,0.1954,0.1954,0.1954,,-,71.0,34.0,,588.0
487393,2016,16512.0,0.0,26.0,0.0945,0.0945,0.0945,0.0945,,-,164.0,1.0,,404.0
487393,2017,24330.0,0.0,5.0,0.0123,0.0123,0.0123,0.0123,,-,115.0,49.0,,341.0
487393,2018,29160.0,0.0,3.0,0.0062,0.0062,0.0062,0.0062,,-,163.0,57.0,,392.0
487393,2019,29568.0,0.0,1.0,0.002,0.002,0.002,0.002,,-,163.0,40.0,,408.0
487393,2020,32664.0,0.0,0.0,0.0,0.0,0.0,0.0,,-,179.0,63.0,,396.0
487393,2021,34152.0,0.0,4.0,0.007,0.007,0.007,0.007,,-,123.0,65.0,,377.0
487393,2022,28512.0,0.0,3.0,0.0063,0.0063,0.0063,0.0063,,-,116.0,57.0,,424.0
487409,2015,15960.0,0.0,35.0,0.1316,0.1316,0.1316,0.1316,,-,95.0,44.0,,571.0
487409,2016,18600.0,0.0,27.0,0.0871,0.0871,0.0871,0.0871,,-,129.0,,,410.0
487409,2017,20616.0,0.0,3.0,0.0087,0.0087,0.0087,0.0087,,-,127.0,39.0,,369.0
487409,2018,25632.0,0.0,0.0,0.0,0.0,0.0,0.0,,-,122.0,52.0,,365.0
487409,2019,25224.0,0.0,10.0,0.0238,0.0238,0.0238,0.0238,,-,100.0,49.0,,389.0
487409,2020,23520.0,0.0,3.0,0.0077,0.0077,0.0077,0.0077,,-,161.0,72.0,,333.0
487409,2021,29904.0,0.0,3.0,0.006,0.006,0.006,0.006,,-,114.0,45.0,,366.0
487409,2022,27072.0,0.0,10.0,0.0222,0.0222,0.0222,0.0222,,-,92.0,39.0,,374.0
487418,2015,26160.0,0.0,61.0,0.1399,0.1399,0.1399,0.1399,,-,142.0,66.0,,588.0
487418,2016,30528.0,0.0,84.0,0.1651,0.1651,0.1651,0.1651,,-,250.0,1.0,19756.0,389.0
487418,2017,33360.0,0.0,44.0,0.0791,0.0791,0.0791,0.0791,,-,136.0,52.0,19428.0,395.0
487418,2018,32016.0,0.0,39.0,0.0731,0.0731,0.0731,0.0731,,-,146.0,45.0,20793.0,386.0
487418,2019,29256.0,0.0,23.0,0.0472,0.0472,0.0472,0.0472,,-,149.0,56.0,20358.0,407.0
487418,2020,33192.0,0.0,32.0,0.0578,0.0578,0.0578,0.0578,,-,244.0,58.0,20053.0,300.0
487418,2021,39240.0,0.0,1.0,0.0015,0.0015,0.0015,0.0015,,-,169.0,41.0,,384.0
487418,2022,31464.0,0.0,15.0,0.0286,0.0286,0.0286,0.0286,,-,134.0,37.0,,382.0
487445,2015,12912.0,0.0,57.0,0.2649,0.2649,0.2649,0.2649,,-,79.0,29.0,,728.0
487445,2016,13200.0,0.0,35.0,0.1591,0.1591,0.1591,0.1591,,-,123.0,1.0,18886.0,358.0
487445,2017,16896.0,0.0,10.0,0.0355,0.0355,0.0355,0.0355,,-,58.0,33.0,19387.0,435.0
487445,2018,16920.0,0.0,30.0,0.1064,0.1064,0.1064,0.1064,,-,96.0,34.0,20793.0,432.0
487445,2019,17760.0,0.0,15.0,0.0507,0.0507,0.0507,0.0507,,-,143.0,20.0,20358.0,373.0
487445,2020,21744.0,0.0,11.0,0.0304,0.0304,0.0304,0.0304,,-,164.0,8.0,20053.0,339.0
487445,2021,25848.0,0.0,7.0,0.0162,0.0162,0.0162,0.0162,,-,108.0,32.0,,373.0
487445,2022,21168.0,0.0,1.0,0.0028,0.0028,0.0028,0.0028,,-,64.0,46.0,,471.0
487454,2015,13152.0,0.0,38.0,0.1734,0.1734,0.1734,0.1734,,-,47.0,27.0,,664.0
487454,2016,14088.0,0.0,21.0,0.0894,0.0894,0.0894,0.0894,,-,136.0,,,342.0
487454,2017,20352.0,0.0,3.0,0.0088,0.0088,0.0088,0.0088,,-,88.0,34.0,,378.0
487454,2018,19992.0,0.0,5.0,0.015,0.015,0.015,0.015,,-,101.0,39.0,,446.0
487454,2019,20784.0,0.0,4.0,0.0115,0.0115,0.0115,0.0115,,-,130.0,53.0,,354.0
487454,2020,25968.0,0.0,0.0,0.0,0.0,0.0,0.0,,-,125.0,53.0,,372.0
487454,2021,27528.0,0.0,0.0,0.0,0.0,0.0,0.0,,-,143.0,35.0,,376.0
487454,2022,22776.0,0.0,5.0,0.0132,0.0132,0.0132,0.0132,,-,65.0,35.0,,427.0
487463,2015,14856.0,0.0,50.0,0.2019,0.2019,0.2019,0.2019,,-,5.0,7.0,,608.0
487834,2016,2178.0,0.0,22.0,0.6061,0.6061,0.6061,0.6061,,-,45.0,3.0,,
487834,2017,3400.0,0.0,7.0,0.1235,0.1235,0.1235,0.1235,,-,17.0,,,1437.0
487843,2016,364.0,0.0,1.0,0.1648,0.1648,0.1648,0.1648,,-,1.0,,,554.0
487843,2017,1500.0,0.0,0.0,0.0,0.0,0.0,0.0,,-,8.0,,21601.0,223.0
488059,2019,2220.0,0.0,25.0,0.6757,0.6757,0.6757,0.6757,,-,4.0,,,423.0
488059,2020,4374.0,0.0,4.0,0.0549,0.0549,0.0549,0.0549,,-,7.0,24.0,,243.0
488059,2021,4759.0,0.0,13.0,0.1639,0.1639,0.1639,0.1639,,-,5.0,17.0,,412.0
488059,2022,7958.0,0.0,31.0,0.2337,0.2337,0.2337,0.2337,,-,28.0,34.0,,349.0
488059,2023,10590.0,0.0,67.0,0.3796,0.3796,0.3796,0.3796,,-,12.0,50.0,20699.0,385.0
488059,2024,9400.0,0.0,87.0,0.5553,0.5553,0.5553,0.5553,,-,42.0,65.0,22330.0,583.0
488332,2019,3746.0,0.0,7.0,0.1121,0.1121,0.1121,0.1121,,-,19.0,21.0,,117.0
488332,2020,1370.0,0.0,26.0,1.1387,1.1387,1.1387,1.1387,,-,8.0,71.0,,463.0
488332,2021,3000.0,0.0,28.0,0.56,0.56,0.56,0.56,,-,1.0,125.0,,308.0
488332,2022,3600.0,0.0,35.0,0.5833,0.5833,0.5833,0.5833,,-,1.0,13.0,,343.0
488943,2016,32130.0,0.0,324.0,0.605,0.605,0.605,0.605,,-,,,,585.0
488943,2017,13246.0,0.0,233.0,1.0554,1.0554,1.0554,1.0554,,-,,,,
489821,2016,5910.0,0.0,0.0,0.0,0.0,0.0,0.0,,-,22.0,,,782.0
489821,2017,4500.0,0.0,48.0,0.64,0.64,0.64,0.64,,-,84.0,23.0,,735.0
490054,2018,12500.0,0.0,84.0,0.4032,0.4032,0.4032,0.4032,,-,9.0,110.0,28135.0,553.0
490054,2019,23685.0,2.0,162.0,0.4205,0.4205,0.4205,0.4205,,-,160.0,88.0,26137.0,664.0
490054,2020,25800.0,2.0,231.0,0.5465,0.5465,0.5465,0.5465,,-,186.0,438.0,23323.0,696.0
490054,2024,13234.0,0.0,103.0,0.467,0.467,0.467,0.467,,-,164.0,,20028.0,1045.0
490179,2017,6861.0,2.0,25.0,0.2536,0.2536,0.2536,0.2536,,-,156.0,18.0,,231.0
490179,2018,2699.0,2.0,33.0,0.8225,0.8225,0.8225,0.8225,,-,157.0,42.0,,920.0
490559,2017,21278.0,0.0,83.0,0.234,0.234,0.234,0.234,,-,59.0,,,461.0
490559,2018,16980.0,0.0,78.0,0.2756,0.2756,0.2756,0.2756,,-,75.0,,,495.0
490559,2019,15147.0,0.0,54.0,0.2139,0.2139,0.2139,0.2139,,-,67.0,,,407.0
490559,2020,17963.0,0.0,71.0,0.2372,0.2372,0.2372,0.2372,,-,104.0,,,392.0
490559,2021,20507.0,0.0,154.0,0.4506,0.4506,0.4506,0.4506,,-,305.0,,,421.0
490559,2022,18029.0,1.0,57.0,0.1964,0.1964,0.1964,0.1964,,-,77.0,,,434.0
490975,2017,12540.0,0.0,36.0,0.1722,0.1722,0.1722,0.1722,,-,25.0,23.0,,466.0
490975,2018,12450.0,0.0,36.0,0.1735,0.1735,0.1735,0.1735,,-,27.0,31.0,19528.0,436.0
490975,2019,12570.0,0.0,60.0,0.2864,0.2864,0.2864,0.2864,,-,28.0,50.0,19189.0,457.0
490975,2020,12569.0,0.0,60.0,0.2864,0.2864,0.2864,0.2864,,-,24.0,49.0,19928.0,518.0
490975,2021,14970.0,0.0,47.0,0.1884,0.1884,0.1884,0.1884,,-,15.0,41.0,17992.0,483.0
490975,2022,13920.0,0.0,45.0,0.194,0.194,0.194,0.194,,-,15.0,22.0,20995.0,487.0
490975,2023,13620.0,0.0,70.0,0.3084,0.3084,0.3084,0.3084,,-,15.0,40.0,16356.0,468.0
490975,2024,13350.0,0.0,115.0,0.5169,0.5169,0.5169,0.5169,,-,11.0,47.0,13171.0,456.0
493488,2019,334.0,0.0,4.0,0.7186,0.7186,0.7186,0.7186,,-,,,,389.0
493488,2020,300.0,0.0,0.0,0.0,0.0,0.0,0.0,,-,2.0,,19691.0,781.0
493488,2021,481.0,0.0,2.0,0.2493,0.2493,0.2493,0.2493,,-,2.0,,22515.0,319.0
493488,2022,739.0,0.0,2.0,0.1623,0.1623,0.1623,0.1623,,-,,21.0,18022.0,617.0
493488,2024,1295.0,0.0,4.0,0.1854,0.1854,0.1854,0.1854,,-,12.0,15.0,21125.0,1331.0
494597,2019,2454.0,21.0,17.0,1.4425,1.4425,1.4425,1.4425,,n,,,,
494597,2020,2154.0,30.0,11.0,1.9777,1.9777,1.9777,1.9777,,n,,,1827.0,
494597,2021,1860.0,5.0,4.0,0.4516,0.4516,0.4516,0.4516,,n,11.0,18.0,1774.0,
494597,2022,2295.0,17.0,6.0,1.0458,1.0458,1.0458,1.0458,,n,14.0,11.0,1667.0,
494597,2023,1680.0,11.0,10.0,1.1429,1.1429,1.1429,1.1429,,n,13.0,23.0,1573.0,
494597,2024,1720.0,26.0,10.0,2.1628,2.1628,2.1628,2.1628,,n,,,1520.0,
495183,2022,4800.0,0.0,21.0,0.2625,0.2625,0.2625,0.2625,,-,48.0,8.0,,251.0
495183,2023,5310.0,0.0,24.0,0.2712,0.2712,0.2712,0.2712,,-,51.0,,,325.0
495183,2024,3837.0,0.0,20.0,0.3127,0.3127,0.3127,0.3127,,-,16.0,,,347.0
495420,2021,5006.0,0.0,0.0,0.0,0.0,0.0,0.0,,-,6.0,56.0,23543.0,552.0
495420,2022,8064.0,7.0,0.0,0.1042,0.1042,0.1042,0.1042,,-,9.0,62.0,22847.0,609.0
495420,2023,9970.0,35.0,0.0,0.4213,0.4213,0.4213,0.4213,,-,10.0,50.0,23132.0,738.0
495420,2024,10552.0,48.0,0.0,0.5459,0.5459,0.5459,0.5459,,-,6.0,52.0,23093.0,782.0
495439,2021,4804.0,0.0,0.0,0.0,0.0,0.0,0.0,,-,15.0,38.0,23450.0,620.0
495439,2022,7807.0,1.0,0.0,0.0154,0.0154,0.0154,0.0154,,-,20.0,46.0,26504.0,691.0
495439,2023,11021.0,25.0,0.0,0.2722,0.2722,0.2722,0.2722,,-,,86.0,26003.0,727.0
495439,2024,12993.0,56.0,0.0,0.5172,0.5172,0.5172,0.5172,,-,,63.0,25973.0,800.0
496636,2021,2760.0,33.0,59.0,2.7174,2.7174,2.7174,2.7174,,-,23.0,84.0,,963.0
496636,2022,2761.0,28.0,12.0,1.4777,1.4777,1.4777,1.4777,,-,39.0,44.0,25402.0,1108.0
496636,2023,6554.0,22.0,29.0,0.6683,0.6683,0.6683,0.6683,,-,29.0,5.0,23969.0,447.0
496636,2024,6684.0,32.0,32.0,0.8618,0.8618,0.8618,0.8618,,-,48.0,47.0,26700.0,512.0
496681,2023,316.0,4.0,0.0,1.519,1.519,1.519,1.519,,-,,,,
496681,2024,1000.0,1.0,0.0,0.12,0.12,0.12,0.12,,-,5.0,16.0,,675.0
496973,2022,3056.0,0.0,0.0,0.0,0.0,0.0,0.0,,n,31.0,34.0,15578.0,152.0
496973,2023,7376.0,0.0,12.0,0.0976,0.0976,0.0976,0.0976,,n,27.0,33.0,13198.0,326.0
496973,2024,8627.0,37.0,45.0,0.8276,0.8276,0.8276,0.8276,,n,18.0,29.0,13420.0,416.0
496991,2021,1816.0,0.0,0.0,0.0,0.0,0.0,0.0,,-,136.0,79.0,,
496991,2022,8921.0,0.0,2.0,0.0135,0.0135,0.0135,0.0135,,-,39.0,220.0,,
496991,2023,17396.0,0.0,77.0,0.2656,0.2656,0.2656,0.2656,,-,75.0,360.0,,
496991,2024,17445.0,21.0,99.0,0.485,0.485,0.485,0.485,,-,110.0,351.0,16400.0,
498030,2023,9148.0,0.0,0.0,0.0,0.0,0.0,0.0,,-,155.0,65.0,,838.0
498030,2024,22613.0,0.0,136.0,0.3609,0.3609,0.3609,0.3609,,-,195.0,113.0,,655.0
498076,2023,4270.0,0.0,0.0,0.0,0.0,0.0,0.0,,-,98.0,248.0,46209.0,
498076,2024,11718.0,0.0,49.0,0.2509,0.2509,0.2509,0.2509,,-,135.0,214.0,16400.0,
498085,2023,12167.0,0.0,0.0,0.0,0.0,0.0,0.0,,-,185.0,353.0,46209.0,
498085,2024,18180.0,0.0,54.0,0.1782,0.1782,0.1782,0.1782,,-,195.0,212.0,16400.0,
498924,2023,288.0,4.0,0.0,1.6667,1.6667,1.6667,1.6667,,-,22.0,,,399.0
498924,2024,750.0,8.0,0.0,1.28,1.28,1.28,1.28,,-,3.0,,30550.0,199.0
499370,2023,1545.0,0.0,0.0,0.0,0.0,0.0,0.0,,-,13.0,18.0,,361.0
499370,2024,3515.0,0.0,0.0,0.0,0.0,0.0,0.0,,-,8.0,22.0,23093.0,679.0
499495,2023,16284.0,1.0,60.0,0.2284,0.2284,0.2284,0.2284,,-,212.0,,,373.0
499495,2024,9949.0,2.0,59.0,0.3799,0.3799,0.3799,0.3799,,-,54.0,,,501.0
500087,2024,58180.0,13.0,439.0,0.4795,0.4795,0.4795,0.4795,,n,111.0,,,86.0
