unitid,year,credits,BA,AA,ER_m,ER_l,ER_c,ER_h,G,G_source,first_time_n,transfer_in_n,sticker_real,rev_per_credit_real
152798,1998,6432.0,33.0,0.0,0.6157,0.6548,0.6632,0.6847,1.2368,o,,,,
152798,1999,6120.0,59.0,0.0,1.1569,1.1296,1.124,1.1103,0.9211,o,,,,
152798,2000,3791.0,48.0,0.0,1.5194,1.45,1.436,1.4017,0.8511,o,,,,
152798,2001,3856.0,51.0,0.0,1.5871,1.5969,1.5989,1.6039,1.0213,o,,,,
152798,2002,5263.0,49.0,0.0,1.1171,1.1938,1.2103,1.2526,1.2571,o,27.0,,11748.0,
152798,2003,5039.0,52.0,11.0,1.3692,1.4259,1.4379,1.4683,1.15,o,33.0,,12795.0,499.0
152798,2005,8250.0,45.0,11.0,0.7345,0.8298,0.851,0.9064,1.5227,o,18.0,,15936.0,434.0
152798,2006,8629.0,93.0,13.0,1.3837,1.4338,1.4444,1.4712,1.1304,o,31.0,82.0,17405.0,596.0
152798,2007,7608.0,88.0,15.0,1.5063,1.4204,1.4032,1.3612,0.8167,o,45.0,85.0,23187.0,705.0
152798,2008,7987.0,96.0,14.0,1.5475,1.6051,1.6173,1.6482,1.1343,o,4.0,88.0,20195.0,684.0
152798,2009,8207.0,93.0,11.0,1.4402,1.4156,1.4106,1.3981,0.9423,o,3.0,91.0,21431.0,623.0
152798,2010,7290.0,108.0,16.0,1.9095,1.086,0.9663,0.7217,0.1429,o,5.0,112.0,20841.0,733.0
152798,2011,9537.0,130.0,16.0,1.7364,0.9039,0.7897,0.5634,0.1053,o,2.0,112.0,20932.0,727.0
152798,2012,10102.0,130.0,16.0,1.6393,0.9323,0.8296,0.6196,0.1429,o,1.0,149.0,23969.0,749.0
152798,2013,10993.0,151.0,16.0,1.7356,1.3575,1.2902,1.1363,0.4286,o,1.0,130.0,24200.0,728.0
152798,2014,11169.0,177.0,17.0,1.993,1.3333,1.2268,0.9965,0.25,o,,135.0,24790.0,767.0
152798,2015,10730.0,181.0,14.0,2.1025,1.462,1.3562,1.1238,0.2857,i,,151.0,25189.0,764.0
152798,2016,10621.0,160.0,17.0,1.9038,1.6926,1.6519,1.5544,0.6667,i,,134.0,22523.0,812.0
152798,2017,10543.0,197.0,15.0,2.3276,2.3276,2.3276,2.3276,1.0,i,,124.0,22652.0,843.0
152798,2018,10141.0,161.0,12.0,1.9761,1.9761,1.9761,1.9761,,n,,137.0,22715.0,843.0
152798,2019,10341.0,153.0,12.0,1.8451,1.8451,1.8451,1.8451,,n,,187.0,22771.0,862.0
152798,2020,10816.0,146.0,10.0,1.6753,1.6753,1.6753,1.6753,,n,,195.0,22899.0,861.0
152798,2021,10575.0,157.0,16.0,1.8723,1.8723,1.8723,1.8723,,n,1.0,166.0,22775.0,857.0
152798,2022,11317.0,148.0,17.0,1.6595,1.6595,1.6595,1.6595,,n,,149.0,21631.0,792.0
152798,2023,8695.0,133.0,10.0,1.9045,1.9045,1.9045,1.9045,,n,,159.0,20711.0,817.0
152798,2024,11315.0,131.0,13.0,1.4582,1.4582,1.4582,1.4582,,n,,160.0,20444.0,610.0
152822,1998,23280.0,0.0,230.0,0.5928,0.5841,0.5823,0.5778,0.9502,o,,,,
152822,1999,27875.0,0.0,218.0,0.4692,0.4586,0.4564,0.4511,0.924,o,,,,
152822,2000,28427.0,0.0,239.0,0.5045,0.4773,0.4718,0.4585,0.8262,o,,,,
152822,2001,26048.0,0.0,248.0,0.5713,0.5506,0.5464,0.5361,0.8807,o,,,,
152822,2002,26379.0,0.0,215.0,0.489,0.4858,0.4851,0.4834,0.9771,o,192.0,,12784.0,
152822,2003,28131.0,0.0,192.0,0.4095,0.4038,0.4026,0.3996,0.9523,o,250.0,,13566.0,352.0
152822,2004,29352.0,0.0,232.0,0.4742,0.4611,0.4584,0.4518,0.9076,o,221.0,,13831.0,362.0
152822,2005,28091.0,0.0,226.0,0.4827,0.4714,0.4691,0.4634,0.9217,o,206.0,,14583.0,383.0
152822,2006,28008.0,0.0,233.0,0.4991,0.4951,0.4943,0.4923,0.9727,o,207.0,,18641.0,414.0
152822,2007,28608.0,0.0,261.0,0.5474,0.5367,0.5346,0.5291,0.9344,o,158.0,118.0,17980.0,419.0
152822,2008,31415.0,26.0,239.0,0.5558,0.5162,0.5083,0.4893,0.7749,o,129.0,119.0,17735.0,460.0
152822,2009,30022.0,127.0,194.0,0.8953,0.7979,0.7791,0.734,0.6721,o,159.0,102.0,17438.0,392.0
152822,2010,30118.0,179.0,169.0,1.0499,0.9457,0.9254,0.8767,0.6973,o,113.0,107.0,18784.0,392.0
152822,2011,35355.0,196.0,177.0,0.9656,0.8867,0.8712,0.8336,0.7452,o,119.0,99.0,18343.0,335.0
152822,2012,27707.0,219.0,143.0,1.2582,1.1829,1.1679,1.1312,0.8084,o,163.0,133.0,18732.0,400.0
152822,2013,33640.0,200.0,123.0,0.9328,0.9271,0.926,0.9231,0.9792,o,184.0,178.0,18805.0,323.0
152822,2014,32577.0,183.0,121.0,0.8969,0.9626,0.9767,1.0131,1.2757,o,148.0,126.0,19634.0,380.0
152992,1998,26915.0,216.0,2.0,0.9675,0.9425,0.9374,0.9248,0.9137,o,,,,
152992,1999,28800.0,246.0,0.0,1.025,1.0174,1.0158,1.0119,0.9746,o,,,,
152992,2000,24925.0,160.0,0.0,0.7703,0.7609,0.759,0.7541,0.9584,o,,,,
152992,2001,26226.0,187.0,7.0,0.8717,0.8526,0.8487,0.839,0.9265,o,,,,
152992,2002,25889.0,193.0,1.0,0.8969,0.9036,0.905,0.9085,1.026,o,248.0,,25256.0,
152992,2003,28589.0,162.0,0.0,0.68,0.7324,0.7438,0.7729,1.2919,o,258.0,,26408.0,438.0
152992,2004,28594.0,196.0,1.0,0.8246,0.9154,0.9354,0.9873,1.4334,o,255.0,,27114.0,494.0
152992,2005,30311.0,178.0,0.0,0.7047,0.7607,0.7729,0.8041,1.302,o,251.0,,27355.0,498.0
152992,2006,31246.0,234.0,0.0,0.8987,0.9316,0.9385,0.9561,1.132,o,260.0,132.0,28022.0,510.0
152992,2007,31038.0,248.0,1.0,0.9608,0.9635,0.9641,0.9655,1.0099,o,255.0,125.0,29096.0,516.0
152992,2008,30439.0,236.0,1.0,0.9324,0.9334,0.9336,0.9342,1.0039,o,252.0,129.0,29259.0,499.0
152992,2009,29817.0,227.0,0.0,0.9136,0.9141,0.9142,0.9145,1.002,o,223.0,127.0,30949.0,509.0
152992,2010,29708.0,204.0,1.0,0.826,0.8087,0.8052,0.7964,0.9296,o,237.0,70.0,32215.0,495.0
152992,2011,29307.0,235.0,0.0,0.9622,0.9312,0.9249,0.9094,0.8932,o,237.0,126.0,32690.0,501.0
152992,2012,30240.0,198.0,0.0,0.7857,0.7705,0.7674,0.7597,0.9349,o,233.0,157.0,33599.0,481.0
152992,2013,28173.0,186.0,2.0,0.7965,0.7941,0.7936,0.7923,0.9895,o,180.0,147.0,34278.0,508.0
152992,2014,27390.0,230.0,1.0,1.0099,0.9788,0.9725,0.9569,0.8978,o,206.0,170.0,35087.0,545.0
152992,2015,26628.0,231.0,0.0,1.041,0.9808,0.9688,0.9394,0.8143,o,185.0,130.0,35511.0,515.0
152992,2016,26931.0,224.0,0.0,0.9981,0.9462,0.9358,0.9104,0.8319,o,210.0,145.0,36417.0,526.0
152992,2017,26544.0,206.0,1.0,0.9335,0.9216,0.9191,0.913,0.9564,o,158.0,159.0,36699.0,559.0
152992,2018,26369.0,222.0,1.0,1.0126,0.9986,0.9958,0.9887,0.9534,o,181.0,102.0,37121.0,583.0
152992,2019,25424.0,214.0,0.0,1.0101,0.9691,0.9609,0.9405,0.867,o,136.0,79.0,37790.0,524.0
152992,2020,22684.0,222.0,0.0,1.1744,1.1018,1.0874,1.0521,0.8025,o,172.0,63.0,38705.0,542.0
152992,2021,19507.0,169.0,0.0,1.0396,0.9873,0.9768,0.9511,0.837,o,169.0,53.0,38878.0,518.0
152992,2022,19594.0,150.0,0.0,0.9186,0.9202,0.9205,0.9214,1.0059,o,174.0,30.0,37297.0,483.0
152992,2023,18033.0,109.0,0.0,0.7253,0.7421,0.7456,0.7545,1.082,o,152.0,83.0,35711.0,500.0
152992,2024,18836.0,145.0,0.0,0.9238,0.9391,0.9423,0.9504,1.0584,o,142.0,74.0,35534.0,413.0
153001,1998,77227.0,615.0,0.0,0.9556,0.9943,1.0025,1.0233,1.1466,o,,,,
153001,1999,79307.0,620.0,0.0,0.9381,0.9536,0.9568,0.965,1.058,o,,,,
153001,2000,79185.0,790.0,0.0,1.1972,1.1909,1.1896,1.1863,0.9819,o,,,,
153001,2001,80342.0,654.0,0.0,0.9768,0.9585,0.9547,0.9454,0.9368,o,,,,
153001,2002,83832.0,809.0,0.0,1.158,1.158,1.158,1.158,1.0,o,358.0,,30913.0,
153001,2003,81765.0,728.0,0.0,1.0684,1.1098,1.1186,1.1408,1.14,o,378.0,,31843.0,415.0
153001,2004,83087.0,711.0,0.0,1.0269,1.0636,1.0714,1.091,1.1288,o,331.0,,32938.0,453.0
153001,2005,83835.0,871.0,0.0,1.2467,1.2457,1.2455,1.245,0.9972,o,287.0,,33566.0,423.0
153001,2006,82106.0,772.0,0.0,1.1283,1.0704,1.0588,1.0304,0.834,o,266.0,393.0,33792.0,422.0
153001,2007,79795.0,777.0,0.0,1.1685,1.0755,1.0572,1.0129,0.7514,o,228.0,402.0,34113.0,417.0
153001,2008,77963.0,768.0,0.0,1.1821,1.0645,1.0417,0.9867,0.6968,o,274.0,386.0,34889.0,422.0
153001,2009,77976.0,597.0,0.0,0.9187,0.865,0.8543,0.828,0.8123,o,273.0,465.0,35677.0,446.0
153001,2010,84391.0,754.0,0.0,1.0722,1.0688,1.0681,1.0663,0.9892,o,265.0,428.0,36509.0,459.0
153001,2011,84666.0,794.0,0.0,1.1254,1.1536,1.1595,1.1744,1.0891,o,203.0,434.0,36722.0,475.0
153001,2012,79469.0,746.0,0.0,1.1265,1.1038,1.0992,1.0877,0.9323,o,228.0,342.0,37044.0,484.0
153001,2013,73506.0,809.0,0.0,1.3207,1.2325,1.215,1.1723,0.7879,o,269.0,374.0,37850.0,490.0
153001,2014,71193.0,656.0,0.0,1.1057,1.0806,1.0755,1.0628,0.9238,o,201.0,269.0,38771.0,482.0
153001,2015,63757.0,611.0,0.0,1.15,1.1514,1.1517,1.1524,1.0043,o,223.0,299.0,39694.0,497.0
153001,2016,61132.0,528.0,0.0,1.0364,1.0315,1.0305,1.028,0.9838,o,183.0,259.0,40602.0,507.0
153001,2017,57720.0,586.0,0.0,1.2183,1.1489,1.135,1.1011,0.8169,o,203.0,260.0,41061.0,521.0
153001,2018,53174.0,595.0,0.0,1.3428,1.2682,1.2533,1.2169,0.8213,o,201.0,210.0,40945.0,531.0
153001,2019,48786.0,520.0,0.0,1.2791,1.2613,1.2576,1.2485,0.9528,o,230.0,173.0,41492.0,522.0
153001,2020,45388.0,436.0,0.0,1.1527,1.1729,1.1771,1.1877,1.0616,o,229.0,182.0,42301.0,500.0
153001,2021,43626.0,332.0,0.0,0.9132,0.9603,0.9703,0.9958,1.1891,o,237.0,180.0,42518.0,466.0
153001,2022,43799.0,423.0,0.0,1.1589,1.2079,1.2183,1.2447,1.1535,o,236.0,200.0,41159.0,445.0
153001,2023,42900.0,387.0,0.0,1.0825,1.1121,1.1183,1.134,1.0974,o,217.0,154.0,40002.0,403.0
153001,2024,41466.0,409.0,0.0,1.1836,1.1791,1.1782,1.1759,0.9869,o,223.0,165.0,40190.0,404.0
153108,1998,31002.0,253.0,0.0,0.9793,0.9286,0.9185,0.8936,0.8327,o,,,,
153108,1999,36960.0,290.0,0.0,0.9416,0.9315,0.9295,0.9243,0.9638,o,,,,
153108,2000,37403.0,200.0,0.0,0.6417,0.6665,0.6717,0.6851,1.1399,o,,,,
153108,2002,40149.0,324.0,0.0,0.9684,0.993,0.9982,1.0113,1.0905,o,425.0,,27019.0,
153108,2004,52218.0,318.0,0.0,0.7308,0.7491,0.753,0.7627,1.0893,o,442.0,,29202.0,542.0
153108,2005,51170.0,368.0,0.0,0.863,0.8865,0.8914,0.9039,1.0971,o,366.0,,30015.0,586.0
153108,2006,46997.0,337.0,0.0,0.8605,0.8511,0.8492,0.8444,0.9631,o,413.0,42.0,30669.0,601.0
153108,2007,39855.0,314.0,0.0,0.9454,0.9243,0.92,0.9094,0.9252,o,424.0,28.0,31717.0,732.0
153108,2008,38164.0,344.0,0.0,1.0816,1.0735,1.0719,1.0677,0.9744,o,405.0,51.0,32939.0,770.0
153108,2009,46266.0,262.0,0.0,0.6795,0.6846,0.6857,0.6883,1.026,o,443.0,53.0,34451.0,649.0
153108,2010,48670.0,317.0,0.0,0.7816,0.8011,0.8052,0.8155,1.0886,o,402.0,63.0,35752.0,620.0
153108,2011,48330.0,344.0,0.0,0.8541,0.8565,0.857,0.8582,1.0096,o,412.0,36.0,36632.0,668.0
153108,2012,48222.0,319.0,0.0,0.7938,0.7896,0.7888,0.7866,0.9819,o,320.0,43.0,37885.0,658.0
153108,2013,45346.0,342.0,0.0,0.905,0.8672,0.8596,0.8409,0.8632,o,309.0,22.0,39489.0,648.0
153108,2014,40277.0,305.0,0.0,0.9087,0.8342,0.8195,0.784,0.7444,o,429.0,28.0,40419.0,670.0
153108,2015,40724.0,331.0,0.0,0.9753,0.948,0.9425,0.9287,0.9066,o,317.0,39.0,41937.0,650.0
153108,2016,36977.0,280.0,0.0,0.9087,0.9137,0.9147,0.9173,1.0191,o,323.0,21.0,43230.0,623.0
153108,2017,36024.0,229.0,0.0,0.7628,0.7667,0.7675,0.7695,1.0175,o,322.0,24.0,44123.0,610.0
153108,2018,35725.0,314.0,0.0,1.0547,1.0143,1.0062,0.986,0.874,o,278.0,17.0,44779.0,609.0
153108,2019,32611.0,248.0,0.0,0.9126,0.8567,0.8456,0.8184,0.8043,o,337.0,20.0,45509.0,609.0
153108,2020,33249.0,252.0,0.0,0.9095,0.8991,0.8969,0.8916,0.9609,o,325.0,31.0,46395.0,572.0
153108,2021,32941.0,233.0,0.0,0.8488,0.8552,0.8566,0.8599,1.0264,o,340.0,23.0,21711.0,481.0
153108,2022,32472.0,224.0,0.0,0.8278,0.8529,0.8581,0.8715,1.1083,o,351.0,37.0,21118.0,454.0
153108,2023,33389.0,219.0,0.0,0.7871,0.8141,0.8198,0.8343,1.1236,o,274.0,32.0,20496.0,423.0
153108,2024,31861.0,237.0,0.0,0.8926,0.8779,0.8748,0.8673,0.9441,o,309.0,27.0,20988.0,435.0
153126,1998,26338.0,187.0,5.0,0.8634,0.9596,0.9808,1.0359,1.4394,o,,,,
153126,1999,28330.0,216.0,0.0,0.9149,0.9877,1.0034,1.0439,1.3018,o,,,,
153126,2000,27799.0,174.0,6.0,0.7641,0.7779,0.7809,0.7882,1.0641,o,,,,
153126,2001,26505.0,221.0,2.0,1.0051,0.9373,0.9239,0.8911,0.7861,o,,,,
153126,2002,24985.0,216.0,4.0,1.047,0.9107,0.8848,0.8232,0.6182,o,180.0,,26191.0,
153126,2003,25233.0,205.0,1.0,0.9773,0.9005,0.8854,0.8487,0.7542,o,171.0,,27513.0,833.0
153126,2004,25623.0,211.0,0.0,0.9882,1.0087,1.013,1.0238,1.0734,o,212.0,,28341.0,890.0
153126,2005,21097.0,191.0,2.0,1.0921,1.206,1.2311,1.2959,1.4081,o,158.0,,28908.0,710.0
153126,2006,32040.0,196.0,1.0,0.736,0.7725,0.7803,0.8002,1.1821,o,168.0,,28606.0,490.0
153126,2007,26459.0,195.0,1.0,0.8867,0.8679,0.864,0.8545,0.9288,o,184.0,,29766.0,646.0
153126,2008,28173.0,245.0,1.0,1.0457,1.0204,1.0152,1.0025,0.9191,o,139.0,134.0,31186.0,611.0
153126,2009,26813.0,226.0,0.0,1.0114,0.9724,0.9645,0.945,0.873,o,148.0,72.0,32198.0,607.0
153126,2010,26259.0,204.0,1.0,0.9345,0.9006,0.8938,0.8769,0.8804,o,176.0,94.0,33622.0,627.0
153126,2011,27171.0,217.0,0.0,0.9584,0.9356,0.931,0.9195,0.9205,o,167.0,136.0,34354.0,652.0
153126,2012,26569.0,226.0,1.0,1.023,1.041,1.0447,1.0542,1.0619,o,155.0,121.0,35049.0,728.0
153126,2013,26881.0,218.0,3.0,0.9799,1.0131,1.0201,1.0379,1.122,o,181.0,123.0,36027.0,683.0
153126,2014,28120.0,203.0,2.0,0.8706,0.8798,0.8817,0.8865,1.037,o,183.0,72.0,36864.0,716.0
153126,2015,26109.0,222.0,1.0,1.0226,1.0404,1.0441,1.0535,1.0612,o,180.0,48.0,37728.0,688.0
153126,2016,25010.0,221.0,0.0,1.0604,1.0979,1.1058,1.1259,1.1273,o,158.0,57.0,38815.0,704.0
153126,2017,22605.0,174.0,0.0,0.9237,0.9253,0.9256,0.9264,1.006,o,162.0,69.0,39391.0,699.0
153126,2018,21917.0,207.0,0.0,1.1334,1.0918,1.0834,1.0627,0.8791,o,197.0,61.0,39818.0,678.0
153126,2019,21439.0,159.0,0.0,0.89,0.8871,0.8865,0.885,0.989,o,134.0,66.0,40694.0,685.0
153126,2020,19781.0,140.0,0.0,0.8493,0.8442,0.8431,0.8405,0.9793,o,146.0,62.0,41671.0,705.0
153126,2021,18912.0,131.0,0.0,0.8312,0.7996,0.7933,0.7775,0.875,o,183.0,81.0,41729.0,729.0
153126,2022,19712.0,149.0,0.0,0.9071,0.8844,0.8798,0.8683,0.9164,o,193.0,77.0,40448.0,700.0
153126,2023,21148.0,140.0,4.0,0.8057,0.8361,0.8425,0.8588,1.136,o,199.0,94.0,39398.0,622.0
153126,2024,22586.0,148.0,8.0,0.8076,0.8904,0.9085,0.9555,1.4,o,135.0,91.0,39600.0,604.0
153144,1998,30294.0,256.0,0.0,1.0141,1.0,0.9972,0.99,0.9531,o,,,,
153144,1999,44657.0,263.0,0.0,0.7067,0.7,0.6986,0.6952,0.9677,o,,,,
153144,2000,41464.0,231.0,0.0,0.6685,0.6883,0.6925,0.7031,1.1059,o,,,,
153144,2001,40431.0,265.0,0.0,0.7865,0.8109,0.8161,0.8291,1.1111,o,,,,
153144,2002,41458.0,226.0,0.0,0.6542,0.6591,0.6601,0.6627,1.0264,o,302.0,,33501.0,
153144,2003,37472.0,310.0,0.0,0.9927,0.9971,0.998,1.0002,1.0151,o,322.0,,34905.0,548.0
153144,2004,33718.0,253.0,0.0,0.9004,0.9064,0.9076,0.9107,1.023,o,317.0,,35829.0,613.0
153144,2005,41132.0,254.0,0.0,0.741,0.7606,0.7647,0.7751,1.0942,o,316.0,,36457.0,504.0
153144,2006,40495.0,278.0,0.0,0.8238,0.8351,0.8374,0.8434,1.048,o,276.0,,36724.0,508.0
153144,2007,40410.0,292.0,0.0,0.8671,0.854,0.8513,0.8446,0.9487,o,342.0,7.0,37990.0,519.0
153144,2008,41836.0,277.0,0.0,0.7945,0.7869,0.7853,0.7814,0.9671,o,341.0,66.0,38617.0,511.0
153144,2009,41555.0,279.0,0.0,0.8057,0.8236,0.8274,0.8369,1.079,o,325.0,45.0,39884.0,536.0
153144,2010,41429.0,250.0,0.0,0.7241,0.7493,0.7546,0.7681,1.125,o,357.0,51.0,41841.0,550.0
153144,2011,43452.0,269.0,0.0,0.7429,0.7644,0.769,0.7804,1.1036,o,361.0,42.0,43079.0,555.0
153144,2012,45091.0,275.0,0.0,0.7319,0.7425,0.7448,0.7504,1.0512,o,364.0,30.0,44057.0,549.0
153144,2013,45048.0,288.0,0.0,0.7672,0.7863,0.7903,0.8004,1.0886,o,390.0,29.0,45745.0,567.0
153144,2014,45276.0,283.0,0.0,0.7501,0.7722,0.7769,0.7887,1.1056,o,376.0,49.0,47042.0,570.0
153144,2015,45912.0,278.0,0.0,0.7266,0.7404,0.7433,0.7505,1.0669,o,377.0,33.0,48720.0,557.0
153144,2016,45150.0,286.0,0.0,0.7601,0.7685,0.7703,0.7747,1.0386,o,374.0,43.0,50665.0,566.0
153144,2017,45392.0,316.0,0.0,0.8354,0.8344,0.8342,0.8337,0.996,o,400.0,47.0,52266.0,556.0
153144,2018,45716.0,275.0,0.0,0.7218,0.724,0.7245,0.7256,1.0104,o,393.0,52.0,52879.0,529.0
153144,2019,44858.0,277.0,0.0,0.741,0.7522,0.7546,0.7604,1.0531,o,379.0,39.0,53750.0,530.0
153144,2020,44918.0,302.0,0.0,0.8068,0.8133,0.8146,0.818,1.028,o,392.0,31.0,54785.0,507.0
153144,2021,44646.0,267.0,0.0,0.7176,0.7168,0.7167,0.7163,0.9961,o,397.0,39.0,55117.0,484.0
153144,2022,42779.0,292.0,0.0,0.8191,0.8179,0.8176,0.817,0.995,o,363.0,26.0,53560.0,447.0
153144,2023,39340.0,250.0,0.0,0.7626,0.7591,0.7584,0.7566,0.9845,o,359.0,66.0,52445.0,423.0
153144,2024,40195.0,253.0,0.0,0.7553,0.7411,0.7382,0.7309,0.9364,o,303.0,40.0,52576.0,397.0
153162,1998,35736.0,213.0,0.0,0.7152,0.6851,0.6791,0.6641,0.8622,o,,,,
153162,1999,34215.0,261.0,0.0,0.9154,0.8361,0.8206,0.783,0.7317,o,,,,
153162,2000,30193.0,200.0,0.0,0.7949,0.7189,0.7041,0.6685,0.7072,o,,,,
153162,2001,33262.0,244.0,0.0,0.8803,0.8397,0.8315,0.8114,0.8497,o,,,,
153162,2002,28518.0,205.0,0.0,0.8626,0.8671,0.868,0.8703,1.0179,o,312.0,,35077.0,
153162,2003,29456.0,197.0,0.0,0.8026,0.8456,0.8548,0.8782,1.1973,o,366.0,,35338.0,407.0
153162,2004,33510.0,204.0,0.0,0.7305,0.7816,0.7926,0.8209,1.2626,o,292.0,,34212.0,414.0
153162,2005,37428.0,221.0,0.0,0.7086,0.7391,0.7455,0.762,1.1564,o,320.0,,36199.0,409.0
153162,2006,35220.0,268.0,0.0,0.9131,0.9127,0.9126,0.9124,0.9984,o,248.0,44.0,36895.0,473.0
153162,2007,34080.0,300.0,0.0,1.0563,1.0035,0.9929,0.9669,0.8378,o,316.0,38.0,37506.0,507.0
153162,2008,36615.0,242.0,0.0,0.7931,0.7584,0.7515,0.7343,0.8571,o,341.0,37.0,38456.0,493.0
153162,2009,38500.0,234.0,0.0,0.7294,0.7445,0.7477,0.7557,1.0735,o,335.0,33.0,40071.0,481.0
153162,2010,36487.0,202.0,0.0,0.6643,0.6987,0.7061,0.7248,1.1901,o,343.0,38.0,42284.0,576.0
153162,2011,40344.0,251.0,0.0,0.7466,0.7875,0.7963,0.8186,1.2021,o,338.0,45.0,43344.0,504.0
153162,2012,40575.0,260.0,0.0,0.7689,0.777,0.7787,0.7829,1.0365,o,302.0,37.0,44791.0,516.0
153162,2013,38272.0,275.0,0.0,0.8622,0.8487,0.8459,0.839,0.9467,o,270.0,45.0,46393.0,550.0
153162,2014,33540.0,263.0,0.0,0.941,0.8957,0.8866,0.8643,0.8437,o,262.0,27.0,47963.0,653.0
153162,2015,34944.0,262.0,0.0,0.8997,0.8376,0.8252,0.7952,0.7812,o,276.0,40.0,48955.0,610.0
153162,2016,33254.0,270.0,0.0,0.9743,0.9265,0.9169,0.8933,0.8406,o,287.0,30.0,50172.0,658.0
153162,2017,30180.0,213.0,0.0,0.8469,0.843,0.8422,0.8402,0.9843,o,300.0,35.0,50864.0,691.0
153162,2018,30312.0,220.0,0.0,0.8709,0.8961,0.9015,0.9149,1.1034,o,296.0,33.0,50948.0,683.0
153162,2019,35296.0,196.0,0.0,0.6664,0.6864,0.6907,0.7014,1.1078,o,270.0,35.0,51613.0,575.0
153162,2020,30510.0,234.0,0.0,0.9204,0.9218,0.9221,0.9228,1.0053,o,290.0,25.0,52857.0,645.0
153162,2021,31142.0,244.0,0.0,0.9402,0.9275,0.9248,0.9183,0.954,o,366.0,37.0,53592.0,624.0
153162,2022,31660.0,221.0,0.0,0.8377,0.8613,0.8662,0.8788,1.1007,o,329.0,28.0,52357.0,566.0
153162,2023,33987.0,185.0,0.0,0.6532,0.6933,0.7019,0.7238,1.2279,o,298.0,41.0,50886.0,494.0
153162,2024,34312.0,210.0,0.0,0.7344,0.7589,0.7641,0.7771,1.1196,o,288.0,37.0,50634.0,476.0
153171,1998,1020.0,0.0,0.0,0.0,0.0,0.0,0.0,,-,,,,
153214,1998,223181.0,0.0,985.0,0.2648,0.268,0.2766,0.2804,1.1896,o,,,,
153214,1999,223775.0,0.0,906.0,0.2429,0.2432,0.2441,0.2444,1.019,o,,,,
153214,2000,228779.0,0.0,994.0,0.2607,0.262,0.2655,0.2671,1.0765,o,,,,
153214,2001,230531.0,0.0,994.0,0.2587,0.2589,0.2595,0.2598,1.0127,o,,,,
153214,2002,253469.0,0.0,978.0,0.2315,0.2328,0.2363,0.2378,1.0847,o,4571.0,,3814.0,
153214,2003,274666.0,0.0,950.0,0.2075,0.2092,0.2136,0.2156,1.1231,o,4174.0,,4099.0,122.0
153214,2004,297319.0,0.0,1036.0,0.2091,0.2083,0.2062,0.2052,0.9455,o,4671.0,,4149.0,121.0
153214,2005,309718.0,0.0,1420.0,0.2751,0.2764,0.2797,0.2811,1.0683,o,4901.0,,4365.0,121.0
153214,2006,325384.0,0.0,1404.0,0.2589,0.2608,0.2656,0.2678,1.1082,o,3283.0,980.0,4441.0,121.0
153214,2007,345204.0,0.0,1459.0,0.2536,0.247,0.2308,0.2239,0.686,o,3200.0,1018.0,4401.0,108.0
153214,2008,371161.0,0.0,1554.0,0.2512,0.2469,0.2362,0.2316,0.782,o,3199.0,1213.0,4478.0,102.0
153214,2009,394903.0,0.0,1595.0,0.2423,0.2421,0.2415,0.2413,0.9869,o,3818.0,1367.0,4619.0,100.0
153214,2010,478186.0,0.0,1805.0,0.2265,0.2293,0.2367,0.2401,1.1933,o,3843.0,1203.0,4932.0,69.0
153214,2011,499585.0,0.0,2036.0,0.2445,0.2461,0.2502,0.252,1.0953,o,4318.0,1172.0,5235.0,70.0
153214,2012,490370.0,0.0,2463.0,0.3014,0.3039,0.3105,0.3135,1.1273,o,3717.0,1023.0,5347.0,80.0
153214,2013,460097.0,0.0,2109.0,0.275,0.2732,0.2687,0.2667,0.9109,o,3537.0,1028.0,5334.0,85.0
153214,2014,458089.0,0.0,2411.0,0.3158,0.313,0.3059,0.3028,0.8804,o,3372.0,1006.0,5372.0,88.0
153214,2015,446365.0,0.0,2516.0,0.3382,0.3365,0.3321,0.3302,0.9297,o,2961.0,1014.0,5444.0,91.0
153214,2016,438963.0,0.0,2226.0,0.3043,0.301,0.2928,0.2892,0.8571,o,2946.0,1013.0,5073.0,104.0
153214,2017,428913.0,0.0,2760.0,0.3861,0.3841,0.3792,0.377,0.9304,o,3645.0,1343.0,5622.0,114.0
153214,2018,435156.0,0.0,2271.0,0.3131,0.3178,0.33,0.3356,1.2341,o,2683.0,1611.0,5646.0,114.0
153214,2019,431813.0,0.0,2195.0,0.305,0.3006,0.2897,0.285,0.8141,o,2871.0,1355.0,5711.0,118.0
153214,2020,426921.0,0.0,2199.0,0.3091,0.307,0.3016,0.2993,0.9074,o,2709.0,1207.0,5769.0,111.0
153214,2021,392111.0,0.0,2029.0,0.3105,0.3099,0.3086,0.3079,0.9755,o,2574.0,1118.0,5953.0,108.0
153214,2022,386016.0,0.0,2010.0,0.3124,0.3107,0.3062,0.3042,0.9226,o,2685.0,1200.0,5727.0,80.0
153214,2023,394373.0,0.0,2020.0,0.3073,0.3077,0.3086,0.309,1.0165,o,2868.0,1293.0,5528.0,123.0
153214,2024,409737.0,0.0,2006.0,0.2937,0.2955,0.3002,0.3023,1.0907,o,2905.0,1222.0,5550.0,112.0
153241,1998,3540.0,11.0,0.0,0.3729,0.2669,0.2491,0.2095,0.3158,o,,,,
153241,1999,3150.0,9.0,0.0,0.3429,0.2749,0.2626,0.2342,0.4667,o,,,,
153241,2001,1840.0,13.0,0.0,0.8478,1.0366,1.0806,1.199,2.0,o,,,,
153241,2002,2413.0,13.0,0.0,0.6465,0.7904,0.824,0.9143,2.0,o,24.0,,14897.0,
153241,2003,2660.0,20.0,0.0,0.9023,1.3237,1.433,1.7472,3.75,o,17.0,,15084.0,536.0
153241,2004,2901.0,7.0,2.0,0.3309,0.4726,0.5087,0.6117,3.4167,o,16.0,,15051.0,453.0
153241,2008,1113.0,3.0,3.0,0.4852,0.4196,0.4072,0.3777,0.6061,o,2.0,8.0,14780.0,715.0
153241,2011,3358.0,4.0,1.0,0.1608,0.2034,0.2136,0.2412,2.25,o,14.0,2.0,15774.0,509.0
153241,2012,3495.0,5.0,1.0,0.1888,0.2339,0.2445,0.2731,2.0909,o,11.0,1.0,15919.0,563.0
153241,2013,2961.0,13.0,1.0,0.5471,0.4846,0.4725,0.4438,0.6579,o,11.0,5.0,16175.0,660.0
153241,2014,2817.0,11.0,0.0,0.4686,0.3808,0.3648,0.3276,0.4889,o,9.0,4.0,15931.0,180.0
153241,2015,2648.0,25.0,3.0,1.2009,1.1532,1.1436,1.1199,0.8696,o,1.0,13.0,16123.0,216.0
153241,2016,2437.0,18.0,0.0,0.8863,0.6795,0.6432,0.5606,0.4,o,4.0,,16335.0,212.0
153241,2017,1890.0,10.0,0.0,0.6349,0.4132,0.378,0.3027,0.2273,o,2.0,23.0,16062.0,225.0
153241,2018,1669.0,11.0,4.0,0.9347,0.6592,0.6133,0.512,0.3,o,1.0,8.0,16015.0,231.0
153241,2019,2036.0,10.0,4.0,0.7073,0.4988,0.4641,0.3874,0.3,o,,7.0,16058.0,150.0
153241,2020,2263.0,8.0,6.0,0.5833,0.4472,0.4233,0.3689,0.4,i,1.0,9.0,16154.0,339.0
153241,2021,2268.0,14.0,4.0,0.8466,0.6156,0.5763,0.4888,0.3333,i,3.0,7.0,16084.0,276.0
153241,2022,2155.0,12.0,2.0,0.7239,0.7869,0.8006,0.8359,1.3333,o,,9.0,15578.0,241.0
153241,2023,2023.0,22.0,0.0,1.305,1.7946,1.9169,2.2603,3.0,i,3.0,9.0,15134.0,278.0
153241,2024,1780.0,19.0,1.0,1.3146,1.8078,1.931,2.277,3.0,i,2.0,15.0,15000.0,300.0
153250,1998,41004.0,208.0,24.0,0.6438,0.6686,0.6738,0.6871,1.139,o,,,,
153250,1999,43688.0,262.0,21.0,0.7485,0.7577,0.7596,0.7644,1.0431,o,,,,
153250,2000,44265.0,261.0,31.0,0.7496,0.7398,0.7378,0.7328,0.9557,o,,,,
153250,2001,43791.0,269.0,26.0,0.7728,0.7518,0.7475,0.7369,0.9094,o,,,,
153250,2002,42663.0,310.0,1.0,0.8734,0.8563,0.8528,0.8441,0.9342,o,355.0,,24164.0,
153250,2003,39030.0,291.0,26.0,0.9347,0.9354,0.9356,0.9359,1.0027,o,338.0,,25287.0,575.0
153250,2004,40245.0,257.0,29.0,0.8095,0.8095,0.8095,0.8095,1.0,o,343.0,,25787.0,537.0
153250,2005,39525.0,222.0,30.0,0.7195,0.7069,0.7043,0.6978,0.9406,o,351.0,,26478.0,544.0
153250,2006,38340.0,205.0,28.0,0.6854,0.6741,0.6718,0.6661,0.9442,o,337.0,32.0,27484.0,558.0
153250,2007,38247.0,280.0,9.0,0.8926,0.8907,0.8904,0.8894,0.9928,o,372.0,27.0,27827.0,548.0
153250,2008,39724.0,263.0,2.0,0.7975,0.8069,0.8088,0.8137,1.0411,o,390.0,32.0,29120.0,589.0
153250,2009,39960.0,274.0,32.0,0.8709,0.8948,0.8998,0.9125,1.098,o,350.0,36.0,30273.0,624.0
153250,2010,40053.0,265.0,11.0,0.8104,0.8277,0.8314,0.8405,1.0756,o,356.0,54.0,31563.0,640.0
153250,2011,41893.0,273.0,19.0,0.8092,0.8082,0.808,0.8075,0.9958,o,369.0,39.0,32358.0,633.0
153250,2012,43226.0,284.0,15.0,0.8092,0.7976,0.7953,0.7893,0.9514,o,345.0,51.0,33063.0,629.0
153250,2013,42973.0,289.0,15.0,0.828,0.8194,0.8177,0.8133,0.9649,o,379.0,46.0,34115.0,638.0
153250,2014,43254.0,299.0,27.0,0.867,0.8733,0.8746,0.878,1.0255,o,337.0,31.0,34942.0,609.0
153250,2015,43108.0,270.0,21.0,0.7808,0.778,0.7774,0.776,0.9876,o,364.0,31.0,35848.0,657.0
153250,2016,43127.0,304.0,21.0,0.8751,0.8704,0.8695,0.8671,0.9818,o,392.0,36.0,36663.0,619.0
153250,2017,44394.0,314.0,18.0,0.8731,0.8841,0.8864,0.8922,1.0442,o,399.0,33.0,37135.0,624.0
153250,2018,43336.0,267.0,10.0,0.7532,0.7753,0.7799,0.7916,1.1047,o,365.0,25.0,37388.0,615.0
153250,2019,43255.0,300.0,21.0,0.8614,0.8832,0.8877,0.8993,1.0899,o,387.0,23.0,37631.0,574.0
153250,2020,42266.0,288.0,16.0,0.8404,0.8391,0.8388,0.8382,0.9947,o,397.0,29.0,38186.0,571.0
153250,2021,42545.0,299.0,20.0,0.8715,0.8693,0.8688,0.8677,0.9912,o,427.0,31.0,38309.0,536.0
153250,2022,44879.0,272.0,23.0,0.758,0.7748,0.7784,0.7872,1.0785,o,444.0,23.0,37486.0,524.0
153250,2023,46696.0,314.0,30.0,0.8455,0.8823,0.8901,0.9099,1.1582,o,461.0,38.0,35816.0,511.0
153250,2024,49015.0,309.0,24.0,0.7859,0.8193,0.8264,0.8444,1.1543,o,461.0,18.0,35960.0,510.0
153269,1998,99001.0,675.0,0.0,0.8182,0.8015,0.7981,0.7896,0.9314,o,,,,
153269,1999,102020.0,647.0,0.0,0.761,0.7646,0.7653,0.7672,1.0162,o,,,,
153269,2000,105179.0,629.0,0.0,0.7176,0.7122,0.7111,0.7083,0.9743,o,,,,
153269,2001,108211.0,586.0,0.0,0.6498,0.626,0.6212,0.6093,0.8791,o,,,,
153269,2002,107314.0,619.0,0.0,0.6922,0.6542,0.6466,0.628,0.8233,o,574.0,,30816.0,
153269,2003,106619.0,656.0,0.0,0.7383,0.6982,0.6902,0.6706,0.8249,o,629.0,,31251.0,637.0
153269,2004,90935.0,588.0,0.0,0.7759,0.7583,0.7548,0.7459,0.924,o,643.0,,32205.0,780.0
153269,2005,91024.0,640.0,0.0,0.8437,0.8502,0.8515,0.8549,1.0266,o,809.0,,33077.0,793.0
153269,2006,92229.0,609.0,0.0,0.7924,0.8401,0.8503,0.8764,1.2233,o,781.0,169.0,33499.0,602.0
153269,2007,86614.0,698.0,0.0,0.967,1.0485,1.0662,1.1118,1.3217,o,924.0,188.0,34303.0,680.0
153269,2008,94841.0,735.0,0.0,0.93,1.0124,1.0304,1.0767,1.3404,o,902.0,149.0,34669.0,629.0
153269,2009,100769.0,804.0,0.0,0.9574,1.0232,1.0374,1.0737,1.2576,o,863.0,188.0,35815.0,599.0
153269,2010,102174.0,793.0,0.0,0.9314,0.96,0.966,0.9813,1.1101,o,864.0,152.0,36627.0,634.0
153269,2011,102414.0,829.0,0.0,0.9714,0.975,0.9757,0.9776,1.0129,o,812.0,139.0,37634.0,665.0
153269,2012,102270.0,833.0,0.0,0.9774,0.9534,0.9485,0.9364,0.9179,o,848.0,132.0,38617.0,747.0
153269,2013,91054.0,803.0,0.0,1.0583,1.0396,1.0358,1.0263,0.9405,o,850.0,115.0,39510.0,822.0
153269,2014,93791.0,842.0,0.0,1.0773,1.072,1.0709,1.0682,0.9832,o,870.0,141.0,40668.0,835.0
153269,2015,92248.0,788.0,0.0,1.0251,1.0328,1.0344,1.0384,1.0263,o,803.0,117.0,42096.0,836.0
153269,2016,89495.0,782.0,0.0,1.0486,1.0509,1.0514,1.0526,1.0078,o,767.0,108.0,43685.0,865.0
153269,2017,86255.0,846.0,0.0,1.177,1.1505,1.1451,1.1317,0.9246,o,758.0,86.0,44880.0,871.0
153269,2018,81174.0,844.0,0.0,1.2477,1.2049,1.1962,1.1748,0.8866,o,750.0,106.0,48682.0,879.0
153269,2019,83908.0,758.0,0.0,1.084,1.0519,1.0454,1.0292,0.9014,o,782.0,106.0,50512.0,848.0
153269,2020,81739.0,714.0,0.0,1.0482,1.0408,1.0393,1.0355,0.9758,o,738.0,89.0,51491.0,833.0
153269,2021,83931.0,710.0,0.0,1.0151,1.0142,1.014,1.0135,0.9967,o,787.0,103.0,51797.0,777.0
153269,2022,80337.0,695.0,0.0,1.0381,1.0415,1.0422,1.044,1.0113,o,733.0,76.0,50367.0,733.0
153269,2023,79446.0,699.0,19.0,1.0702,1.0677,1.0672,1.066,0.9922,o,638.0,110.0,49596.0,713.0
153269,2024,76145.0,708.0,13.0,1.126,1.0928,1.0861,1.0694,0.902,o,618.0,120.0,49944.0,698.0
153278,1998,19315.0,118.0,0.0,0.7331,0.7818,0.7923,0.8191,1.2483,o,,,,
153278,1999,21200.0,128.0,0.0,0.7245,0.7547,0.7612,0.7774,1.1513,o,,,,
153278,2000,13882.0,123.0,0.0,1.0632,1.0271,1.0198,1.0017,0.8876,o,,,,
153278,2001,18234.0,134.0,0.0,0.8819,0.8261,0.815,0.7879,0.7983,o,,,,
153278,2003,23193.0,131.0,0.0,0.6778,0.7774,0.7998,0.8585,1.6044,o,297.0,,26442.0,637.0
153278,2004,28903.0,137.0,0.0,0.5688,0.6875,0.715,0.7887,1.9228,o,304.0,,26699.0,595.0
153278,2005,32699.0,180.0,1.0,0.6624,0.7375,0.7541,0.7971,1.4482,o,309.0,,26816.0,539.0
153278,2006,34861.0,222.0,0.0,0.7642,0.8074,0.8167,0.8403,1.2091,o,329.0,,26877.0,559.0
153278,2007,37311.0,188.0,0.0,0.6046,0.6319,0.6377,0.6524,1.1642,o,302.0,120.0,27162.0,568.0
153278,2008,38902.0,265.0,0.0,0.8174,0.8291,0.8315,0.8376,1.0499,o,337.0,133.0,28067.0,583.0
153278,2009,39245.0,245.0,2.0,0.7522,0.7613,0.7632,0.768,1.0424,o,358.0,142.0,28805.0,611.0
153278,2010,43874.0,284.0,0.0,0.7768,0.7963,0.8004,0.8107,1.0893,o,418.0,258.0,29691.0,655.0
153278,2011,49105.0,290.0,0.0,0.7087,0.7525,0.7619,0.7859,1.2298,o,408.0,161.0,30138.0,720.0
153278,2012,47347.0,347.0,0.0,0.8795,0.9474,0.9621,0.9999,1.2926,o,448.0,127.0,30777.0,795.0
153278,2013,49218.0,347.0,0.0,0.846,0.8987,0.91,0.9389,1.2317,o,443.0,142.0,32792.0,810.0
153278,2014,51278.0,332.0,0.0,0.7769,0.8087,0.8154,0.8325,1.1482,o,447.0,158.0,33599.0,772.0
153278,2015,54600.0,360.0,0.0,0.7912,0.8085,0.8121,0.8213,1.0775,o,444.0,172.0,35182.0,798.0
153278,2016,54505.0,339.0,0.0,0.7464,0.7551,0.7569,0.7615,1.0409,o,441.0,151.0,36164.0,837.0
153278,2017,55814.0,379.0,1.0,0.8159,0.8143,0.814,0.8132,0.9933,o,520.0,162.0,36586.0,846.0
153278,2018,58134.0,379.0,2.0,0.7844,0.802,0.8058,0.8151,1.0798,o,526.0,113.0,37027.0,756.0
153278,2019,58077.0,345.0,1.0,0.7139,0.7479,0.7551,0.7735,1.174,o,398.0,119.0,41621.0,811.0
153278,2020,54669.0,371.0,0.0,0.8144,0.8246,0.8267,0.8321,1.0441,o,429.0,48.0,42753.0,838.0
153278,2021,50906.0,375.0,0.0,0.884,0.8463,0.8387,0.82,0.8606,o,330.0,91.0,42732.0,866.0
153278,2022,44027.0,368.0,4.0,1.0085,0.9189,0.9014,0.8591,0.7256,o,318.0,92.0,39504.0,812.0
153278,2023,40449.0,298.0,4.0,0.89,0.803,0.7861,0.7453,0.7013,o,325.0,130.0,39880.0,914.0
153278,2024,38968.0,325.0,3.0,1.0054,0.9347,0.9207,0.8866,0.7775,o,307.0,95.0,40065.0,900.0
153296,2003,21526.0,0.0,178.0,0.4961,0.4961,0.4961,0.4961,,n,410.0,,4201.0,134.0
153296,2004,39574.0,0.0,148.0,0.2244,0.2244,0.2244,0.2244,,n,276.0,,4418.0,90.0
153296,2005,26809.0,0.0,197.0,0.4409,0.4409,0.4409,0.4409,,n,238.0,,4539.0,143.0
153296,2006,23080.0,0.0,213.0,0.5537,0.5397,0.5054,0.4908,0.6939,o,350.0,76.0,4618.0,162.0
153296,2007,21994.0,0.0,166.0,0.4529,0.4627,0.4892,0.5014,1.3619,o,376.0,34.0,4700.0,169.0
153296,2008,20954.0,0.0,106.0,0.3035,0.3088,0.3228,0.3292,1.2789,o,330.0,87.0,4759.0,170.0
153296,2009,22925.0,0.0,129.0,0.3376,0.3354,0.3297,0.3272,0.9091,o,369.0,98.0,4938.0,160.0
153296,2010,24875.0,0.0,160.0,0.3859,0.3871,0.3902,0.3916,1.0453,o,348.0,112.0,5249.0,130.0
153296,2011,25142.0,0.0,160.0,0.3818,0.3817,0.3814,0.3813,0.9957,o,348.0,89.0,5327.0,116.0
153296,2012,23051.0,0.0,166.0,0.4321,0.4312,0.4289,0.4279,0.9707,o,378.0,117.0,5388.0,134.0
153296,2013,25441.0,0.0,161.0,0.3797,0.3819,0.3876,0.3902,1.0862,o,363.0,71.0,5454.0,141.0
153296,2014,24478.0,0.0,186.0,0.4559,0.4559,0.4559,0.4559,1.0,o,322.0,72.0,5498.0,143.0
153296,2015,23873.0,0.0,170.0,0.4273,0.4231,0.4125,0.4079,0.8691,o,251.0,79.0,5608.0,139.0
153296,2016,21866.0,0.0,198.0,0.5433,0.5316,0.5027,0.4903,0.7328,o,292.0,66.0,5725.0,154.0
153296,2017,21633.0,0.0,157.0,0.4354,0.436,0.4375,0.4382,1.0192,o,310.0,71.0,5782.0,160.0
153296,2018,19953.0,0.0,148.0,0.445,0.4492,0.46,0.465,1.1418,o,254.0,86.0,5803.0,174.0
153296,2019,20171.0,0.0,168.0,0.4997,0.4938,0.479,0.4725,0.8439,o,266.0,71.0,5828.0,174.0
153296,2020,18966.0,0.0,161.0,0.5093,0.5073,0.5019,0.4996,0.9433,o,258.0,64.0,5885.0,169.0
153296,2021,18136.0,0.0,140.0,0.4632,0.4629,0.4623,0.462,0.9923,o,225.0,60.0,5799.0,166.0
153296,2022,17849.0,0.0,146.0,0.4908,0.4856,0.4725,0.4667,0.8588,o,251.0,49.0,5529.0,170.0
153296,2023,17596.0,0.0,167.0,0.5694,0.571,0.575,0.5767,1.0393,o,215.0,54.0,5366.0,163.0
153296,2024,17476.0,0.0,186.0,0.6386,0.6341,0.6226,0.6175,0.9034,o,190.0,51.0,5304.0,169.0
153302,1998,8990.0,40.0,2.0,0.5473,0.5414,0.5402,0.5372,0.9635,o,,,,
153302,1999,9746.0,38.0,0.0,0.4679,0.4879,0.4922,0.503,1.1557,o,,,,
153302,2000,9564.0,49.0,2.0,0.6274,0.672,0.6817,0.7064,1.2677,o,,,,
153302,2001,9760.0,34.0,1.0,0.4242,0.4525,0.4586,0.4742,1.25,o,,,,
153302,2002,9133.0,33.0,0.0,0.4336,0.4457,0.4482,0.4546,1.0993,o,57.0,,10438.0,
153302,2003,8157.0,45.0,0.0,0.662,0.6222,0.6143,0.5949,0.8075,o,74.0,,10393.0,333.0
153302,2004,8150.0,37.0,0.0,0.5448,0.5095,0.5025,0.4854,0.7939,o,60.0,,11443.0,372.0
153302,2005,8317.0,39.0,1.0,0.5699,0.5464,0.5416,0.5299,0.8645,o,79.0,,11798.0,367.0
153302,2006,6660.0,30.0,9.0,0.6216,0.6338,0.6364,0.6428,1.0692,o,59.0,23.0,11997.0,463.0
153302,2007,6660.0,27.0,17.0,0.6396,0.6494,0.6514,0.6565,1.0534,o,58.0,28.0,13787.0,440.0
153302,2008,7227.0,41.0,7.0,0.7389,0.7104,0.7046,0.6904,0.8731,o,61.0,,14364.0,441.0
153302,2009,7340.0,32.0,8.0,0.5886,0.5626,0.5574,0.5446,0.8561,o,46.0,48.0,15394.0,446.0
153302,2010,7707.0,24.0,7.0,0.4282,0.3977,0.3917,0.377,0.7754,o,48.0,40.0,16765.0,467.0
153302,2011,7437.0,35.0,6.0,0.6132,0.5754,0.5679,0.5496,0.8034,o,73.0,61.0,17594.0,443.0
153302,2012,7142.0,42.0,2.0,0.7225,0.726,0.7267,0.7285,1.0168,o,44.0,26.0,18327.0,466.0
153302,2013,6161.0,36.0,4.0,0.7401,0.7596,0.7637,0.774,1.0935,o,34.0,30.0,19383.0,477.0
153302,2014,5972.0,31.0,4.0,0.6631,0.6282,0.6212,0.604,0.8298,o,69.0,28.0,20262.0,440.0
153302,2015,7130.0,31.0,9.0,0.5975,0.5702,0.5647,0.5512,0.8512,o,59.0,28.0,20091.0,339.0
153302,2016,7686.0,38.0,10.0,0.6714,0.6891,0.6928,0.7022,1.094,o,67.0,28.0,20639.0,334.0
153302,2017,8282.0,33.0,3.0,0.4999,0.5745,0.5912,0.6353,1.6154,o,61.0,15.0,21136.0,327.0
153302,2018,8117.0,40.0,6.0,0.6357,0.6771,0.6859,0.7087,1.2427,o,47.0,17.0,21835.0,335.0
153302,2019,7298.0,52.0,16.0,0.9866,0.9391,0.9296,0.9062,0.8438,o,52.0,10.0,22452.0,361.0
153302,2020,6426.0,34.0,13.0,0.7563,0.7052,0.6951,0.6704,0.7857,o,44.0,6.0,22777.0,330.0
153302,2021,5040.0,46.0,9.0,1.2024,1.1061,1.0872,1.0413,0.75,o,48.0,19.0,22469.0,351.0
153302,2022,5118.0,27.0,7.0,0.7151,0.6826,0.6761,0.66,0.8519,o,43.0,20.0,21447.0,308.0
153302,2023,5541.0,34.0,5.0,0.7905,0.7714,0.7675,0.7579,0.9192,o,52.0,14.0,20496.0,319.0
153302,2024,5568.0,36.0,3.0,0.8082,0.8057,0.8052,0.804,0.9896,o,74.0,13.0,20000.0,307.0
153311,1998,126113.0,0.0,763.0,0.363,0.364,0.3665,0.3676,1.0388,o,,,,
153311,1999,129845.0,0.0,830.0,0.3835,0.3849,0.3884,0.39,1.0519,o,,,,
153311,2000,133156.0,0.0,774.0,0.3488,0.3489,0.3492,0.3493,1.0046,o,,,,
153311,2001,139184.0,0.0,778.0,0.3354,0.3333,0.3279,0.3255,0.9132,o,,,,
153311,2002,144843.0,0.0,824.0,0.3413,0.3354,0.3206,0.3142,0.7779,o,2129.0,,3742.0,
153311,2003,94207.0,0.0,889.0,0.5662,0.5706,0.582,0.5872,1.1164,o,1497.0,,3824.0,179.0
153311,2005,154483.0,0.0,853.0,0.3313,0.3257,0.3118,0.3058,0.7843,o,1296.0,,4104.0,114.0
153311,2006,160348.0,0.0,907.0,0.3394,0.3366,0.3295,0.3263,0.888,o,1054.0,330.0,4207.0,107.0
153311,2007,149251.0,0.0,1121.0,0.4507,0.4427,0.4229,0.4144,0.7756,o,1569.0,107.0,4401.0,124.0
153311,2008,149518.0,0.0,824.0,0.3307,0.3374,0.3555,0.3638,1.3353,o,1469.0,122.0,4478.0,121.0
153311,2009,152301.0,0.0,745.0,0.2935,0.2958,0.3019,0.3047,1.1201,o,1764.0,142.0,4575.0,118.0
153311,2010,182627.0,0.0,836.0,0.2747,0.2775,0.2851,0.2886,1.1613,o,1842.0,142.0,4803.0,124.0
153311,2011,192596.0,0.0,849.0,0.2645,0.2669,0.2733,0.2761,1.1395,o,1655.0,116.0,4942.0,110.0
153311,2012,188135.0,0.0,920.0,0.2934,0.2917,0.2872,0.2852,0.9179,o,1328.0,122.0,5225.0,110.0
153311,2013,165198.0,0.0,936.0,0.34,0.3335,0.3174,0.3105,0.7595,o,1211.0,87.0,5262.0,102.0
153311,2014,159874.0,0.0,916.0,0.3438,0.3388,0.3263,0.3209,0.8119,o,973.0,72.0,5293.0,101.0
153311,2015,149325.0,0.0,896.0,0.36,0.3534,0.3369,0.3298,0.7664,o,885.0,120.0,5723.0,102.0
153311,2016,148760.0,0.0,784.0,0.3162,0.3116,0.3,0.295,0.8104,o,829.0,82.0,5808.0,111.0
153311,2017,149133.0,0.0,807.0,0.3247,0.3221,0.3156,0.3127,0.8924,o,744.0,111.0,5826.0,115.0
153311,2018,143216.0,0.0,803.0,0.3364,0.3331,0.3247,0.3211,0.8681,o,656.0,150.0,6182.0,122.0
153311,2019,142509.0,0.0,799.0,0.3364,0.3322,0.3215,0.3168,0.8341,o,978.0,307.0,6326.0,124.0
153311,2020,141381.0,0.0,839.0,0.3561,0.3645,0.3871,0.3976,1.3971,o,890.0,236.0,6462.0,108.0
153311,2021,134822.0,0.0,846.0,0.3765,0.3788,0.3846,0.3873,1.0894,o,854.0,322.0,6537.0,101.0
153311,2022,129391.0,0.0,823.0,0.3816,0.3792,0.3732,0.3705,0.9143,o,763.0,236.0,4713.0,94.0
153311,2023,130708.0,0.0,744.0,0.3415,0.3383,0.3303,0.3268,0.875,o,853.0,291.0,4646.0,92.0
153311,2024,127733.0,0.0,785.0,0.3687,0.3701,0.3737,0.3753,1.055,o,859.0,329.0,4680.0,88.0
153320,1998,9127.0,39.0,14.0,0.6048,0.6444,0.653,0.6748,1.2448,o,,,,
153320,1999,10337.0,50.0,13.0,0.6559,0.7184,0.7321,0.7674,1.369,o,,,,
153320,2000,10931.0,38.0,19.0,0.5215,0.5735,0.5848,0.6143,1.3879,o,,,,
153320,2002,11614.0,57.0,21.0,0.6974,0.7044,0.7058,0.7095,1.0348,o,120.0,,15607.0,
153320,2003,12198.0,54.0,15.0,0.605,0.6058,0.6059,0.6063,1.0044,o,113.0,,16487.0,379.0
153320,2004,11767.0,76.0,18.0,0.8668,0.8605,0.8592,0.8559,0.9749,o,116.0,,17277.0,417.0
153320,2005,10786.0,64.0,17.0,0.8066,0.7976,0.7958,0.7912,0.9622,o,86.0,,15484.0,488.0
153320,2006,10093.0,52.0,17.0,0.7193,0.6927,0.6874,0.6741,0.8783,o,87.0,20.0,15148.0,451.0
153320,2007,9978.0,44.0,13.0,0.6073,0.5571,0.5472,0.5233,0.7425,o,96.0,14.0,17809.0,487.0
153320,2008,9653.0,73.0,15.0,1.0007,0.9377,0.9252,0.8946,0.7991,o,93.0,17.0,18593.0,431.0
153320,2009,10061.0,25.0,14.0,0.3817,0.3744,0.3729,0.3692,0.9356,o,92.0,30.0,18282.0,399.0
153320,2010,10589.0,50.0,20.0,0.68,0.6933,0.6961,0.7031,1.0694,o,100.0,21.0,18955.0,409.0
153320,2011,10002.0,55.0,29.0,0.8338,0.8455,0.848,0.8541,1.0492,o,83.0,15.0,19283.0,415.0
153320,2012,9024.0,50.0,28.0,0.8511,0.8431,0.8415,0.8374,0.9683,o,70.0,11.0,19699.0,437.0
153320,2013,7969.0,42.0,19.0,0.7755,0.7339,0.7256,0.7053,0.827,o,60.0,16.0,20079.0,436.0
153320,2014,6957.0,46.0,14.0,0.9142,0.8164,0.7976,0.7522,0.6771,o,88.0,13.0,20468.0,450.0
153320,2015,7370.0,38.0,20.0,0.7815,0.7349,0.7256,0.7028,0.8087,o,72.0,9.0,21000.0,309.0
153320,2016,7133.0,25.0,17.0,0.5636,0.5709,0.5725,0.5763,1.0458,o,74.0,8.0,21521.0,328.0
153320,2017,7155.0,24.0,18.0,0.5535,0.5724,0.5764,0.5865,1.1231,o,99.0,7.0,21373.0,333.0
153320,2018,7961.0,34.0,23.0,0.6858,0.7176,0.7244,0.7415,1.1689,o,80.0,23.0,20895.0,304.0
153320,2019,8316.0,40.0,18.0,0.7071,0.7305,0.7354,0.7479,1.1188,o,83.0,7.0,20592.0,281.0
153320,2020,8657.0,32.0,14.0,0.5406,0.5581,0.5619,0.5712,1.1164,o,95.0,9.0,20791.0,290.0
153320,2021,9757.0,45.0,12.0,0.6272,0.6324,0.6335,0.6362,1.0289,o,84.0,18.0,20602.0,288.0
153320,2022,9569.0,51.0,22.0,0.7775,0.7775,0.7775,0.7775,1.0,o,111.0,13.0,19944.0,276.0
153320,2023,10091.0,34.0,17.0,0.5054,0.5324,0.5381,0.5528,1.1963,o,126.0,19.0,19399.0,282.0
153320,2024,11945.0,51.0,22.0,0.6229,0.6768,0.6885,0.7187,1.3315,o,127.0,27.0,19530.0,282.0
153339,1999,1170.0,0.0,0.0,0.0,0.0,0.0,0.0,,-,,,,
153366,1999,53291.0,430.0,0.0,0.9683,1.0309,1.0444,1.0788,1.2414,o,,,,
153366,2000,51816.0,452.0,0.0,1.0468,1.0878,1.0964,1.1185,1.1416,o,,,,
153366,2001,61690.0,424.0,0.0,0.8248,0.8036,0.7993,0.7886,0.9141,o,,,,
153366,2002,47142.0,455.0,0.0,1.1582,1.1001,1.0885,1.0599,0.8374,o,268.0,,22562.0,
153366,2003,49667.0,450.0,0.0,1.0872,1.0452,1.0367,1.0158,0.8729,o,254.0,,23366.0,380.0
153366,2004,50373.0,434.0,0.0,1.0339,1.0053,0.9995,0.9851,0.9078,o,306.0,,24295.0,388.0
153366,2005,51407.0,423.0,0.0,0.9874,0.9789,0.9771,0.9728,0.9705,o,255.0,,24144.0,357.0
153366,2006,49902.0,531.0,0.0,1.2769,1.2665,1.2644,1.2591,0.9723,o,251.0,192.0,24929.0,362.0
153366,2007,46213.0,451.0,0.0,1.1711,1.1606,1.1584,1.153,0.9693,o,272.0,207.0,25483.0,362.0
153366,2008,45815.0,417.0,0.0,1.0922,1.0708,1.0664,1.0555,0.9339,o,197.0,177.0,26193.0,368.0
153366,2009,42854.0,428.0,0.0,1.1985,1.1378,1.1257,1.0958,0.836,o,220.0,236.0,27165.0,332.0
153366,2010,41386.0,361.0,0.0,1.0467,0.9896,0.9782,0.9502,0.8241,o,221.0,216.0,28719.0,437.0
153366,2011,41440.0,376.0,0.0,1.0888,1.0363,1.0257,0.9998,0.8432,o,260.0,240.0,29287.0,441.0
153366,2012,42043.0,355.0,0.0,1.0132,1.0207,1.0222,1.0261,1.0256,o,232.0,189.0,29648.0,456.0
153366,2013,40496.0,351.0,0.0,1.0401,1.0912,1.1021,1.1298,1.1799,o,326.0,221.0,30318.0,465.0
153366,2014,43607.0,314.0,0.0,0.8641,0.9251,0.9383,0.972,1.2653,o,282.0,205.0,30979.0,476.0
153366,2015,43068.0,396.0,0.0,1.1034,1.181,1.1977,1.2405,1.264,o,290.0,185.0,32532.0,507.0
153366,2016,40747.0,367.0,0.0,1.0808,1.1291,1.1393,1.1654,1.1626,o,258.0,112.0,33565.0,522.0
153366,2017,38201.0,390.0,0.0,1.2251,1.2187,1.2174,1.2141,0.9821,o,255.0,151.0,34432.0,544.0
153366,2018,35363.0,333.0,0.0,1.13,1.0757,1.0648,1.038,0.8438,o,267.0,71.0,35033.0,540.0
153366,2019,32579.0,331.0,0.0,1.2192,1.1873,1.1808,1.1647,0.9126,o,193.0,74.0,35679.0,593.0
153366,2020,27741.0,294.0,0.0,1.2718,1.2088,1.1962,1.1652,0.8394,o,211.0,68.0,36563.0,591.0
153366,2021,28282.0,252.0,0.0,1.0692,0.9977,0.9835,0.9489,0.7875,o,249.0,74.0,36558.0,527.0
153366,2022,27279.0,232.0,0.0,1.0206,0.9838,0.9764,0.958,0.8812,o,202.0,84.0,35017.0,470.0
153366,2023,25531.0,204.0,0.0,0.9588,0.9534,0.9522,0.9494,0.9804,o,239.0,113.0,33094.0,400.0
153366,2024,26752.0,192.0,0.0,0.8612,0.8834,0.8881,0.8998,1.0916,o,169.0,77.0,33220.0,379.0
153375,1999,45060.0,280.0,1.0,0.747,0.7044,0.6959,0.675,0.8166,o,,,,
153375,2000,33893.0,240.0,0.0,0.8497,0.7002,0.6728,0.6087,0.5131,o,,,,
153375,2001,29930.0,285.0,2.0,1.1467,0.9433,0.9059,0.8189,0.51,o,,,,
153375,2003,37680.0,268.0,3.0,0.8583,0.8374,0.8332,0.8226,0.9186,o,167.0,,24121.0,538.0
153375,2004,40705.0,334.0,2.0,0.9876,0.9762,0.9738,0.968,0.9606,o,222.0,,24444.0,560.0
153375,2005,44288.0,360.0,1.0,0.9768,1.0063,1.0126,1.0283,1.1083,o,221.0,,24694.0,562.0
153375,2006,44264.0,425.0,4.0,1.1576,1.1967,1.205,1.2259,1.1215,o,200.0,328.0,25023.0,553.0
153375,2007,43800.0,366.0,2.0,1.0055,1.0471,1.056,1.0784,1.1503,o,172.0,337.0,25544.0,556.0
153375,2008,45329.0,411.0,1.0,1.0894,1.0753,1.0725,1.0653,0.9563,o,345.0,359.0,25977.0,561.0
153375,2009,50908.0,409.0,1.0,0.9653,1.0095,1.0189,1.0428,1.167,o,234.0,350.0,26696.0,554.0
153375,2010,50343.0,495.0,2.0,1.1823,1.2968,1.3218,1.3865,1.3753,o,300.0,376.0,27624.0,607.0
153375,2011,54321.0,376.0,3.0,0.8339,0.9261,0.9464,0.9991,1.4355,o,357.0,367.0,28229.0,606.0
153375,2012,52159.0,496.0,1.0,1.1423,1.2245,1.2422,1.2877,1.2708,o,294.0,345.0,28597.0,661.0
153375,2013,58033.0,460.0,1.0,0.9522,0.9851,0.9921,1.0097,1.1244,o,298.0,300.0,29177.0,601.0
153375,2014,56076.0,478.0,0.0,1.0229,1.0539,1.0605,1.077,1.1086,o,279.0,300.0,29792.0,584.0
153375,2015,55409.0,555.0,0.0,1.202,1.1576,1.1486,1.1264,0.8782,o,267.0,301.0,30582.0,578.0
153375,2016,52828.0,521.0,0.0,1.1835,1.1246,1.1128,1.0838,0.8387,o,338.0,263.0,31910.0,582.0
153375,2017,52085.0,516.0,0.0,1.1888,1.1963,1.1979,1.2018,1.022,o,331.0,236.0,32474.0,571.0
153375,2018,50147.0,429.0,0.0,1.0266,1.0716,1.0811,1.1054,1.1594,o,329.0,267.0,33046.0,549.0
153375,2019,50649.0,423.0,0.0,1.0022,1.0588,1.071,1.1019,1.2088,o,332.0,225.0,33687.0,531.0
153375,2020,49086.0,467.0,0.0,1.1417,1.1714,1.1776,1.1933,1.0926,o,294.0,200.0,36669.0,527.0
153375,2021,47419.0,450.0,0.0,1.1388,1.1171,1.1126,1.1016,0.9357,o,291.0,194.0,34774.0,487.0
153375,2022,42917.0,401.0,0.0,1.1212,1.0827,1.0749,1.0556,0.8864,o,331.0,198.0,33859.0,446.0
153375,2023,43386.0,387.0,0.0,1.0704,1.0517,1.0478,1.0383,0.941,o,337.0,170.0,33195.0,446.0
153375,2024,42359.0,350.0,0.0,0.9915,1.0104,1.0143,1.0242,1.0671,o,295.0,193.0,33450.0,449.0
153384,1998,42085.0,308.0,0.0,0.8782,0.8776,0.8774,0.8771,0.9974,o,,,,
153384,1999,40205.0,298.0,0.0,0.8894,0.935,0.9447,0.9694,1.1879,o,,,,
153384,2000,41168.0,325.0,0.0,0.9473,0.9531,0.9543,0.9573,1.0211,o,,,,
153384,2001,42147.0,381.0,0.0,1.0848,1.0512,1.0444,1.0275,0.8973,o,,,,
153384,2002,41992.0,337.0,0.0,0.963,0.9474,0.9442,0.9362,0.9451,o,368.0,,37589.0,
153384,2003,42839.0,317.0,0.0,0.888,0.9065,0.9104,0.9202,1.074,o,404.0,,39986.0,679.0
153384,2004,46978.0,367.0,0.0,0.9375,0.9685,0.975,0.9916,1.1188,o,434.0,,40613.0,630.0
153384,2005,47767.0,319.0,0.0,0.8014,0.8364,0.8439,0.8628,1.1591,o,387.0,,41559.0,643.0
153384,2006,47084.0,343.0,0.0,0.8742,0.9059,0.9126,0.9296,1.1309,o,405.0,17.0,42162.0,674.0
153384,2007,48282.0,351.0,0.0,0.8724,0.8789,0.8802,0.8836,1.0259,o,426.0,18.0,43202.0,669.0
153384,2008,50277.0,408.0,0.0,0.9738,0.9714,0.9709,0.9697,0.9916,o,464.0,2.0,49621.0,703.0
153384,2009,52082.0,366.0,0.0,0.8433,0.8633,0.8674,0.878,1.084,o,378.0,27.0,50974.0,649.0
153384,2010,50730.0,379.0,0.0,0.8965,0.9126,0.9159,0.9244,1.0631,o,415.0,9.0,52142.0,668.0
153384,2011,49718.0,373.0,0.0,0.9003,0.8881,0.8856,0.8795,0.9543,o,448.0,9.0,52323.0,640.0
153384,2012,51247.0,438.0,0.0,1.0256,1.0165,1.0146,1.0099,0.9697,o,444.0,14.0,54166.0,626.0
153384,2013,50005.0,334.0,0.0,0.8015,0.815,0.8179,0.825,1.0594,o,423.0,6.0,54814.0,671.0
153384,2014,50945.0,368.0,0.0,0.8668,0.8895,0.8943,0.9064,1.0933,o,435.0,6.0,57477.0,684.0
153384,2015,51533.0,402.0,0.0,0.9361,0.9345,0.9342,0.9334,0.9942,o,442.0,8.0,59555.0,717.0
153384,2016,51648.0,375.0,0.0,0.8713,0.867,0.8661,0.8639,0.9832,o,414.0,14.0,60920.0,752.0
153384,2017,51701.0,396.0,0.0,0.9191,0.9157,0.915,0.9133,0.9873,o,447.0,3.0,62156.0,787.0
153384,2018,51526.0,385.0,0.0,0.8966,0.8975,0.8977,0.8982,1.0035,o,463.0,3.0,63203.0,827.0
153384,2019,52796.0,403.0,0.0,0.916,0.9258,0.9279,0.9331,1.0376,o,459.0,2.0,63929.0,798.0
153384,2020,49947.0,386.0,0.0,0.9274,0.9476,0.9518,0.9625,1.0771,o,365.0,6.0,65330.0,852.0
153384,2021,47205.0,363.0,0.0,0.9228,0.9111,0.9087,0.9027,0.957,o,471.0,4.0,66159.0,795.0
153384,2022,51718.0,401.0,0.0,0.9304,0.9078,0.9032,0.8918,0.9187,o,437.0,6.0,64339.0,728.0
153384,2023,53301.0,390.0,0.0,0.878,0.8741,0.8733,0.8713,0.9848,o,457.0,7.0,63641.0,687.0
153384,2024,53715.0,383.0,0.0,0.8556,0.8761,0.8804,0.8912,1.085,o,438.0,8.0,64862.0,668.0
153409,1999,5448.0,0.0,21.0,0.2313,0.2313,0.2313,0.2313,,x,,,,
153409,2000,10035.0,0.0,48.0,0.287,0.287,0.287,0.287,,x,,,,
153409,2004,11267.0,26.0,53.0,0.5592,0.5592,0.5592,0.5592,,x,161.0,,41135.0,
153409,2006,9664.0,26.0,150.0,1.2541,1.2541,1.2541,1.2541,,x,107.0,,18697.0,140.0
153409,2008,15614.0,21.0,100.0,0.5457,0.5457,0.5457,0.5457,,x,27.0,23.0,19052.0,114.0
153409,2009,17174.0,32.0,119.0,0.6393,0.6393,0.6393,0.6393,,x,50.0,36.0,20244.0,28.0
153409,2010,20118.0,35.0,79.0,0.4444,0.4444,0.4444,0.4444,,x,43.0,30.0,20749.0,452.0
153409,2011,20071.0,28.0,109.0,0.4932,0.4932,0.4932,0.4932,,x,23.0,36.0,21458.0,481.0
153409,2012,15517.0,43.0,91.0,0.6844,0.6844,0.6844,0.6844,,x,17.0,42.0,20915.0,460.0
153409,2013,11976.0,34.0,57.0,0.6263,0.6263,0.6263,0.6263,,x,24.0,83.0,20522.0,433.0
153409,2014,13812.0,31.0,46.0,0.4692,0.4692,0.4692,0.4692,,x,16.0,40.0,20212.0,283.0
153409,2015,12642.0,38.0,41.0,0.5553,0.5553,0.5553,0.5553,,x,5.0,27.0,20042.0,338.0
153409,2016,9299.0,40.0,29.0,0.7033,0.7033,0.7033,0.7033,,x,5.0,25.0,19903.0,432.0
153409,2017,7208.0,28.0,31.0,0.7242,0.7242,0.7242,0.7242,,x,8.0,17.0,19571.0,426.0
153409,2018,4990.0,23.0,10.0,0.6733,0.6733,0.6733,0.6733,,x,2.0,17.0,19133.0,437.0
153418,1998,12648.0,0.0,61.0,0.2894,0.2894,0.2894,0.2894,,x,,,,
153418,2000,9282.0,0.0,47.0,0.3038,0.3038,0.3038,0.3038,,x,,,,
153418,2001,13812.0,0.0,52.0,0.2259,0.2259,0.2259,0.2259,,x,,,,
153418,2002,13573.0,11.0,97.0,0.5261,0.5261,0.5261,0.5261,,x,29.0,,16214.0,
153418,2003,18093.0,42.0,153.0,0.7859,0.7859,0.7859,0.7859,,x,42.0,,16559.0,61.0
153418,2005,22048.0,58.0,154.0,0.7348,0.7348,0.7348,0.7348,,x,99.0,,18542.0,83.0
153418,2006,21695.0,58.0,150.0,0.7356,0.7356,0.7356,0.7356,,x,75.0,,18697.0,128.0
153418,2008,22278.0,62.0,113.0,0.6383,0.6383,0.6383,0.6383,,x,56.0,88.0,19052.0,117.0
153418,2009,29579.0,35.0,123.0,0.3915,0.3915,0.3915,0.3915,,x,76.0,143.0,20244.0,
153418,2010,49532.0,29.0,134.0,0.2326,0.2326,0.2326,0.2326,,x,69.0,116.0,20813.0,331.0
153418,2011,42659.0,90.0,241.0,0.5921,0.5921,0.5921,0.5921,,x,31.0,114.0,21458.0,467.0
153418,2012,34987.0,99.0,190.0,0.6654,0.6654,0.6654,0.6654,,x,20.0,81.0,20915.0,425.0
153418,2013,29630.0,57.0,130.0,0.4941,0.4941,0.4941,0.4941,,x,39.0,147.0,20549.0,408.0
153418,2014,32411.0,86.0,152.0,0.5998,0.5998,0.5998,0.5998,,x,28.0,106.0,20212.0,303.0
153418,2015,27025.0,76.0,133.0,0.6327,0.6327,0.6327,0.6327,,x,4.0,66.0,20042.0,340.0
153418,2016,21987.0,77.0,99.0,0.6904,0.6904,0.6904,0.6904,,x,10.0,91.0,19903.0,382.0
153418,2017,20773.0,78.0,85.0,0.6961,0.6961,0.6961,0.6961,,x,13.0,65.0,19571.0,353.0
153418,2018,17754.0,65.0,58.0,0.6353,0.6353,0.6353,0.6353,,x,5.0,49.0,19133.0,394.0
153427,1998,17928.0,27.0,110.0,0.5489,0.5489,0.5489,0.5489,,-,,,,
153427,1999,23160.0,32.0,151.0,0.557,0.557,0.557,0.557,,-,,,,
153427,2000,14955.0,36.0,157.0,0.9188,0.9188,0.9188,0.9188,,-,,,,
153427,2004,11385.0,65.0,143.0,1.4387,1.4387,1.4387,1.4387,,-,45.0,,10448.0,395.0
153427,2005,12465.0,59.0,139.0,1.2371,1.2371,1.2371,1.2371,,-,163.0,,10623.0,354.0
153427,2006,11325.0,55.0,99.0,1.1073,1.1073,1.1073,1.1073,,-,154.0,26.0,10984.0,348.0
153427,2007,21735.0,33.0,94.0,0.4417,0.4417,0.4417,0.4417,,-,143.0,,11343.0,158.0
153427,2008,20720.0,48.0,61.0,0.4546,0.4546,0.4546,0.4546,,-,148.0,,11926.0,191.0
153427,2009,14108.0,40.0,48.0,0.5444,0.5444,0.5444,0.5444,,-,167.0,,12841.0,236.0
153427,2010,17850.0,36.0,45.0,0.3933,0.3933,0.3933,0.3933,,-,191.0,,14831.0,205.0
153427,2011,17190.0,35.0,54.0,0.4328,0.4328,0.4328,0.4328,,-,158.0,,15390.0,247.0
153427,2012,15930.0,28.0,69.0,0.4708,0.4708,0.4708,0.4708,,-,99.0,,15001.0,270.0
153427,2013,13080.0,43.0,63.0,0.6835,0.6835,0.6835,0.6835,,-,88.0,,14738.0,282.0
153427,2014,9900.0,28.0,38.0,0.5697,0.5697,0.5697,0.5697,,-,63.0,,15305.0,275.0
153427,2015,9420.0,25.0,34.0,0.535,0.535,0.535,0.535,,-,79.0,,15176.0,265.0
153427,2016,8430.0,17.0,17.0,0.363,0.363,0.363,0.363,,-,76.0,,15771.0,278.0
153427,2017,8640.0,25.0,43.0,0.6458,0.6458,0.6458,0.6458,,-,41.0,,18166.0,385.0
153427,2018,9504.0,24.0,49.0,0.6124,0.6124,0.6124,0.6124,,-,31.0,,17759.0,327.0
153427,2019,8880.0,30.0,26.0,0.5811,0.5811,0.5811,0.5811,,-,33.0,,17388.0,359.0
153427,2020,6967.0,23.0,35.0,0.6976,0.6976,0.6976,0.6976,,-,22.0,18.0,17128.0,474.0
153427,2021,5330.0,28.0,24.0,0.9006,0.9006,0.9006,0.9006,,-,31.0,16.0,16662.0,423.0
153427,2022,3471.0,18.0,18.0,0.9334,0.9334,0.9334,0.9334,,-,21.0,11.0,15880.0,452.0
153427,2023,2905.0,3.0,11.0,0.3511,0.3511,0.3511,0.3511,,-,13.0,9.0,16148.0,425.0
153427,2024,2315.0,6.0,15.0,0.6998,0.6998,0.6998,0.6998,,-,14.0,14.0,15600.0,519.0
153445,1998,134880.0,0.0,652.0,0.29,0.291,0.2934,0.2944,1.0468,o,,,,
153445,1999,100590.0,0.0,710.0,0.4235,0.4253,0.4298,0.4318,1.0609,o,,,,
153445,2000,101074.0,0.0,824.0,0.4891,0.4921,0.4996,0.503,1.0886,o,,,,
153445,2003,118987.0,0.0,757.0,0.3817,0.3831,0.3868,0.3884,1.0541,o,1803.0,,3711.0,97.0
153445,2004,124205.0,0.0,869.0,0.4198,0.423,0.4314,0.4351,1.115,o,1843.0,,3861.0,107.0
153445,2005,122127.0,0.0,849.0,0.4171,0.4187,0.4229,0.4248,1.0571,o,2311.0,,3979.0,114.0
153445,2006,120959.0,0.0,851.0,0.4221,0.4292,0.4479,0.4565,1.2677,o,1177.0,,4039.0,121.0
153445,2007,208830.0,0.0,784.0,0.2253,0.2165,0.1954,0.1868,0.5667,o,1976.0,,4120.0,66.0
153445,2008,206940.0,0.0,821.0,0.238,0.2401,0.2456,0.2481,1.133,o,1259.0,924.0,4179.0,63.0
153445,2009,174510.0,0.0,828.0,0.2847,0.2802,0.2691,0.2643,0.7986,o,1672.0,1026.0,4662.0,77.0
153445,2010,177060.0,0.0,872.0,0.2955,0.2962,0.298,0.2987,1.0337,o,1517.0,1030.0,5203.0,62.0
153445,2013,130158.0,0.0,861.0,0.3969,0.3868,0.362,0.3515,0.6919,o,1123.0,995.0,5353.0,99.0
153445,2014,124428.0,0.0,908.0,0.4378,0.424,0.3902,0.3761,0.6309,o,1041.0,952.0,5419.0,111.0
153445,2015,114658.0,0.0,853.0,0.4464,0.4416,0.4295,0.4243,0.8575,o,1025.0,909.0,5520.0,108.0
153445,2016,112543.0,0.0,854.0,0.4553,0.4536,0.4492,0.4472,0.9473,o,1046.0,896.0,5790.0,128.0
153445,2017,102712.0,0.0,806.0,0.4708,0.4712,0.4723,0.4728,1.0126,o,1041.0,824.0,6101.0,148.0
153445,2018,82285.0,0.0,762.0,0.5556,0.5558,0.5564,0.5566,1.0053,o,948.0,272.0,6284.0,182.0
153445,2019,97857.0,0.0,748.0,0.4586,0.4556,0.4478,0.4443,0.9085,o,928.0,217.0,6481.0,163.0
153445,2020,90763.0,0.0,639.0,0.4224,0.4204,0.4152,0.4129,0.9331,o,875.0,57.0,6760.0,139.0
153445,2021,93630.0,0.0,669.0,0.4287,0.4266,0.4213,0.419,0.9328,o,924.0,179.0,6758.0,142.0
153445,2022,90457.0,0.0,596.0,0.3953,0.396,0.3978,0.3986,1.025,o,883.0,177.0,6557.0,152.0
153445,2023,86921.0,0.0,602.0,0.4155,0.415,0.4136,0.413,0.9817,o,873.0,197.0,6304.0,129.0
153445,2024,87838.0,0.0,640.0,0.4372,0.4361,0.4334,0.4322,0.9662,o,903.0,216.0,6308.0,133.0
153472,1998,117840.0,0.0,898.0,0.4572,0.4518,0.438,0.432,0.8422,o,,,,
153472,1999,118080.0,0.0,872.0,0.4431,0.4412,0.4365,0.4344,0.9419,o,,,,
153472,2000,60249.0,0.0,865.0,0.8614,0.8474,0.8123,0.7972,0.7908,o,,,,
153472,2001,61813.0,0.0,834.0,0.8095,0.8357,0.9071,0.9407,1.5763,o,,,,
153472,2002,95352.0,0.0,827.0,0.5204,0.5239,0.5331,0.5373,1.1017,o,1063.0,,3586.0,
153472,2003,102622.0,0.0,840.0,0.4911,0.481,0.4558,0.445,0.7418,o,1069.0,,4028.0,114.0
153472,2004,104836.0,0.0,820.0,0.4693,0.4657,0.4567,0.4527,0.8964,o,1012.0,,3562.0,117.0
153472,2005,101692.0,0.0,842.0,0.4968,0.495,0.4904,0.4883,0.9493,o,840.0,,3515.0,122.0
153472,2006,100558.0,0.0,810.0,0.4833,0.4761,0.4581,0.4503,0.8073,o,854.0,,3702.0,132.0
153472,2007,107736.0,0.0,711.0,0.396,0.3937,0.388,0.3855,0.9222,o,921.0,615.0,4755.0,142.0
153472,2008,109797.0,0.0,821.0,0.4486,0.4513,0.4581,0.4612,1.0874,o,1012.0,581.0,3898.0,146.0
153472,2009,114088.0,0.0,810.0,0.426,0.4299,0.4402,0.4448,1.1403,o,1213.0,612.0,4075.0,144.0
153472,2010,135617.0,0.0,805.0,0.3562,0.3619,0.377,0.3839,1.255,o,1195.0,733.0,4254.0,129.0
153472,2011,139838.0,0.0,933.0,0.4003,0.4023,0.4075,0.4099,1.0742,o,957.0,771.0,4355.0,137.0
153472,2012,126174.0,0.0,1011.0,0.4808,0.4731,0.4539,0.4457,0.7948,o,975.0,829.0,4245.0,145.0
153472,2013,121030.0,0.0,989.0,0.4903,0.4869,0.4784,0.4746,0.9061,o,767.0,841.0,4620.0,151.0
153472,2014,109998.0,0.0,911.0,0.4969,0.489,0.4691,0.4605,0.794,o,808.0,770.0,4708.0,161.0
153472,2015,107842.0,0.0,862.0,0.4796,0.4771,0.4707,0.4679,0.9277,o,861.0,750.0,4856.0,180.0
153472,2016,123162.0,0.0,870.0,0.4238,0.4265,0.4334,0.4365,1.0933,o,800.0,630.0,4978.0,173.0
153472,2017,98605.0,0.0,835.0,0.5081,0.5066,0.5028,0.5011,0.9587,o,668.0,178.0,5048.0,195.0
153472,2018,89560.0,0.0,727.0,0.487,0.4797,0.4612,0.4533,0.8043,o,653.0,194.0,5085.0,187.0
153472,2019,85783.0,0.0,652.0,0.456,0.4523,0.4429,0.4388,0.8896,o,633.0,161.0,5154.0,184.0
153472,2020,79348.0,0.0,627.0,0.4741,0.4727,0.4691,0.4675,0.9584,o,625.0,163.0,5192.0,170.0
153472,2021,74075.0,0.0,538.0,0.4358,0.4349,0.4327,0.4317,0.972,o,602.0,197.0,5183.0,154.0
153472,2022,74373.0,0.0,528.0,0.426,0.4247,0.4213,0.4198,0.9571,o,581.0,144.0,5002.0,148.0
153472,2023,70575.0,0.0,529.0,0.4497,0.448,0.4437,0.4417,0.947,o,633.0,152.0,4845.0,149.0
153472,2024,71319.0,0.0,481.0,0.4047,0.4066,0.4116,0.4138,1.0702,o,552.0,150.0,4872.0,153.0
153524,1998,88200.0,0.0,379.0,0.2578,0.2497,0.2301,0.2219,0.6342,o,,,,
153524,1999,69145.0,0.0,459.0,0.3983,0.3828,0.3456,0.3303,0.5671,o,,,,
153524,2000,75148.0,0.0,462.0,0.3689,0.3646,0.3538,0.3491,0.846,o,,,,
153524,2001,78685.0,0.0,498.0,0.3797,0.3794,0.3786,0.3782,0.988,o,,,,
153524,2002,91892.0,0.0,543.0,0.3545,0.3527,0.3481,0.346,0.9288,o,733.0,,3634.0,
153524,2003,68196.0,0.0,609.0,0.5358,0.5396,0.5494,0.5539,1.1056,o,732.0,,4194.0,182.0
153524,2004,98431.0,0.0,591.0,0.3603,0.3621,0.367,0.3692,1.0773,o,707.0,,4527.0,134.0
153524,2005,98431.0,0.0,641.0,0.3907,0.3898,0.3873,0.3862,0.9652,o,725.0,,5167.0,153.0
153524,2006,102576.0,0.0,628.0,0.3673,0.3675,0.368,0.3683,1.0076,o,711.0,99.0,4814.0,155.0
153524,2007,103488.0,0.0,604.0,0.3502,0.35,0.3496,0.3494,0.993,o,894.0,143.0,4900.0,166.0
153524,2008,117385.0,0.0,663.0,0.3389,0.3441,0.358,0.3643,1.2451,o,910.0,91.0,4961.0,159.0
153524,2009,122712.0,0.0,725.0,0.3545,0.3576,0.3658,0.3695,1.134,o,1190.0,188.0,5180.0,164.0
153524,2010,135546.0,0.0,790.0,0.3497,0.3565,0.3748,0.3832,1.3193,o,1254.0,166.0,5489.0,154.0
153524,2011,145116.0,0.0,776.0,0.3208,0.3249,0.3354,0.3402,1.1943,o,1288.0,156.0,5570.0,153.0
153524,2012,143246.0,0.0,923.0,0.3866,0.388,0.3917,0.3934,1.054,o,1285.0,188.0,5715.0,154.0
153524,2013,140453.0,0.0,900.0,0.3845,0.3848,0.3855,0.3859,1.011,o,1213.0,154.0,5855.0,163.0
153524,2014,122709.0,0.0,932.0,0.4557,0.4538,0.4491,0.447,0.9429,o,1367.0,161.0,5951.0,170.0
153524,2015,128610.0,0.0,776.0,0.362,0.3643,0.3703,0.373,1.0945,o,1244.0,297.0,6149.0,163.0
153524,2016,116359.0,0.0,798.0,0.4115,0.4104,0.4078,0.4066,0.9643,o,1308.0,287.0,6340.0,180.0
153524,2017,122713.0,0.0,779.0,0.3809,0.3809,0.3811,0.3811,1.0019,o,1489.0,344.0,7113.0,168.0
153524,2018,117150.0,0.0,768.0,0.3933,0.3976,0.4088,0.4139,1.1669,o,1219.0,289.0,6655.0,167.0
153524,2019,109570.0,0.0,802.0,0.4392,0.435,0.4243,0.4197,0.8716,o,1210.0,298.0,6699.0,171.0
153524,2020,105117.0,0.0,792.0,0.4521,0.4485,0.4395,0.4356,0.8936,o,1213.0,210.0,6851.0,172.0
153524,2021,101669.0,0.0,777.0,0.4585,0.4585,0.4584,0.4584,0.9988,o,1106.0,281.0,6653.0,174.0
153524,2022,120750.0,0.0,812.0,0.4035,0.4009,0.3944,0.3915,0.9129,o,1166.0,253.0,6582.0,176.0
153524,2023,101802.0,0.0,870.0,0.5128,0.513,0.5135,0.5137,1.0056,o,1144.0,318.0,5379.0,183.0
153524,2024,103194.0,0.0,817.0,0.475,0.4753,0.4759,0.4761,1.007,o,1133.0,293.0,5376.0,168.0
153533,1998,62173.0,0.0,406.0,0.3918,0.3902,0.3861,0.3843,0.9431,o,,,,
153533,1999,63132.0,0.0,428.0,0.4068,0.4053,0.4016,0.4,0.9501,o,,,,
153533,2000,58926.0,0.0,529.0,0.5386,0.5371,0.5331,0.5314,0.9597,o,,,,
153533,2001,61389.0,0.0,273.0,0.2668,0.2677,0.2699,0.2709,1.0466,o,,,,
153533,2002,63841.0,0.0,400.0,0.3759,0.3755,0.3745,0.3741,0.9853,o,943.0,,4795.0,
153533,2003,63550.0,0.0,414.0,0.3909,0.3913,0.3922,0.3927,1.014,o,917.0,,5200.0,120.0
153533,2004,68272.0,0.0,411.0,0.3612,0.361,0.3605,0.3603,0.9924,o,954.0,,5526.0,120.0
153533,2005,71013.0,0.0,394.0,0.3329,0.3335,0.335,0.3357,1.0258,o,694.0,,5672.0,113.0
153533,2006,70472.0,0.0,431.0,0.367,0.3594,0.3406,0.3325,0.7418,o,699.0,,5840.0,120.0
153533,2007,71587.0,0.0,460.0,0.3855,0.3811,0.37,0.3652,0.8483,o,731.0,330.0,5922.0,124.0
153533,2008,69415.0,0.0,452.0,0.3907,0.392,0.3954,0.397,1.0495,o,736.0,327.0,6041.0,119.0
153533,2009,71822.0,0.0,410.0,0.3425,0.3432,0.345,0.3458,1.0294,o,912.0,309.0,6325.0,120.0
153533,2010,84096.0,0.0,439.0,0.3132,0.318,0.3307,0.3366,1.2434,o,551.0,325.0,6650.0,103.0
153533,2011,85787.0,0.0,572.0,0.4001,0.3889,0.3618,0.3503,0.6687,o,490.0,319.0,6807.0,93.0
153533,2012,76037.0,0.0,533.0,0.4206,0.409,0.3805,0.3685,0.6699,o,459.0,318.0,6809.0,110.0
153533,2013,69316.0,0.0,538.0,0.4657,0.4616,0.4513,0.4468,0.8818,o,428.0,276.0,6965.0,111.0
153533,2014,61140.0,0.0,473.0,0.4642,0.4608,0.4524,0.4486,0.902,o,431.0,194.0,7009.0,112.0
153533,2015,53742.0,0.0,423.0,0.4723,0.4713,0.4689,0.4678,0.9718,o,383.0,144.0,7201.0,131.0
153533,2016,50661.0,0.0,354.0,0.4193,0.4159,0.4074,0.4037,0.8917,o,336.0,96.0,7359.0,133.0
153533,2017,47799.0,0.0,351.0,0.4406,0.4347,0.42,0.4136,0.8256,o,344.0,86.0,7521.0,146.0
153533,2018,45962.0,0.0,315.0,0.4112,0.4099,0.4067,0.4053,0.9569,o,377.0,88.0,7772.0,153.0
153533,2019,45259.0,0.0,314.0,0.4163,0.4193,0.4272,0.4307,1.1088,o,334.0,98.0,7883.0,162.0
153533,2020,42414.0,0.0,309.0,0.4371,0.4348,0.4289,0.4262,0.9265,o,415.0,98.0,7918.0,154.0
153533,2021,38103.0,0.0,312.0,0.4913,0.4967,0.5107,0.517,1.1674,o,308.0,24.0,7876.0,165.0
153533,2022,38987.0,0.0,282.0,0.434,0.4281,0.4133,0.4069,0.8224,o,337.0,23.0,7508.0,157.0
153533,2023,40666.0,0.0,314.0,0.4633,0.461,0.4552,0.4527,0.9322,o,414.0,51.0,7250.0,155.0
153533,2024,41374.0,0.0,312.0,0.4525,0.4604,0.4816,0.4913,1.2837,o,332.0,46.0,7196.0,153.0
153542,1999,690.0,0.0,0.0,0.0,0.0,0.0,0.0,,-,,,,
153542,2003,432.0,0.0,0.0,0.0,0.0,0.0,0.0,,-,16.0,,1699.0,
153542,2005,845.0,0.0,0.0,0.0,0.0,0.0,0.0,,-,,,1610.0,
153542,2006,704.0,0.0,0.0,0.0,0.0,0.0,0.0,,-,12.0,,2025.0,91.0
153542,2008,567.0,0.0,0.0,0.0,0.0,0.0,0.0,,-,12.0,,4829.0,70.0
153542,2009,672.0,0.0,0.0,0.0,0.0,0.0,0.0,,-,11.0,,4748.0,116.0
153542,2010,736.0,0.0,0.0,0.0,0.0,0.0,0.0,,-,8.0,,4717.0,142.0
153542,2011,593.0,0.0,0.0,0.0,0.0,0.0,0.0,,-,10.0,,5444.0,174.0
153542,2012,541.0,0.0,0.0,0.0,0.0,0.0,0.0,,-,10.0,,5306.0,231.0
153542,2013,592.0,0.0,0.0,0.0,0.0,0.0,0.0,,-,9.0,,5213.0,187.0
153542,2014,543.0,0.0,0.0,0.0,0.0,0.0,0.0,,-,,,5135.0,189.0
153542,2015,574.0,0.0,0.0,0.0,0.0,0.0,0.0,,-,,,,192.0
153542,2016,510.0,0.0,0.0,0.0,0.0,0.0,0.0,,-,,,,213.0
153542,2017,941.0,0.0,0.0,0.0,0.0,0.0,0.0,,-,,,,109.0
153542,2018,905.0,0.0,0.0,0.0,0.0,0.0,0.0,,-,,,,54.0
153542,2019,809.0,0.0,0.0,0.0,0.0,0.0,0.0,,-,,,,91.0
153542,2021,761.0,0.0,0.0,0.0,0.0,0.0,0.0,,-,,,,75.0
153542,2022,721.0,0.0,0.0,0.0,0.0,0.0,0.0,,-,,,,82.0
153542,2023,570.0,0.0,0.0,0.0,0.0,0.0,0.0,,-,,,,118.0
153542,2024,480.0,0.0,0.0,0.0,0.0,0.0,0.0,,-,,,,98.0
153588,1998,1230.0,0.0,0.0,0.0,0.0,0.0,0.0,,-,,,,
153597,1998,3240.0,0.0,0.0,0.0,0.0,0.0,0.0,,-,,,,
153603,1998,594551.0,3876.0,0.0,0.7823,0.804,0.8141,0.8281,1.1205,o,,,,
153603,1999,607076.0,3818.0,0.0,0.7547,0.7805,0.7926,0.8094,1.1503,o,,,,
153603,2000,636007.0,4039.0,0.0,0.7621,0.7831,0.7929,0.8065,1.1199,o,,,,
153603,2001,638254.0,4030.0,0.0,0.7577,0.7766,0.7854,0.7976,1.1081,o,,,,
153603,2002,671815.0,4163.0,0.0,0.7436,0.7701,0.7826,0.7999,1.1571,o,4219.0,,5962.0,
153603,2003,671318.0,4481.0,0.0,0.801,0.8245,0.8356,0.8508,1.1283,o,3897.0,,6984.0,286.0
153603,2004,651290.0,4523.0,0.0,0.8334,0.8256,0.8221,0.8173,0.9617,o,3729.0,,7201.0,325.0
153603,2005,626993.0,4679.0,0.0,0.8955,0.8604,0.8448,0.824,0.8466,o,3769.0,,8734.0,342.0
153603,2006,606992.0,4614.0,0.0,0.9122,0.876,0.86,0.8385,0.845,o,3983.0,,8778.0,351.0
153603,2007,592796.0,4269.0,0.0,0.8642,0.8547,0.8504,0.8446,0.9552,o,4347.0,,8862.0,365.0
153603,2008,609412.0,4404.0,0.0,0.8672,0.8858,0.8944,0.9063,1.0923,o,4382.0,1537.0,9016.0,364.0
153603,2009,634669.0,4129.0,0.0,0.7807,0.8097,0.8234,0.8423,1.1642,o,4329.0,1861.0,9151.0,370.0
153603,2010,657359.0,4429.0,0.0,0.8085,0.8315,0.8422,0.8571,1.1237,o,4552.0,1673.0,9508.0,383.0
153603,2011,673991.0,4540.0,0.0,0.8083,0.8208,0.8266,0.8346,1.0661,o,5048.0,1781.0,9767.0,387.0
153603,2012,723840.0,4881.0,0.0,0.8092,0.8279,0.8366,0.8486,1.0998,o,5366.0,1841.0,10186.0,406.0
153603,2013,762148.0,5047.0,0.0,0.7946,0.8294,0.8459,0.8689,1.1955,o,6089.0,2042.0,10328.0,419.0
153603,2014,816235.0,5384.0,0.0,0.7915,0.8414,0.8653,0.899,1.2898,o,6041.0,1960.0,10172.0,423.0
153603,2015,854435.0,5687.0,0.0,0.7987,0.8448,0.8668,0.8978,1.2635,o,6231.0,1949.0,10093.0,428.0
153603,2016,882548.0,6059.0,0.0,0.8238,0.8569,0.8726,0.8943,1.1784,o,6325.0,1871.0,10029.0,422.0
153603,2017,895712.0,6553.0,0.0,0.8779,0.8975,0.9066,0.9191,1.0961,o,5944.0,1806.0,10477.0,440.0
153603,2018,881189.0,6796.0,0.0,0.9255,0.928,0.9292,0.9308,1.0115,o,6047.0,1542.0,10763.0,450.0
153603,2019,860730.0,6892.0,0.0,0.9609,0.9555,0.9531,0.9498,0.9771,o,5597.0,1483.0,10967.0,464.0
153603,2020,820850.0,6835.0,0.0,0.9992,0.9813,0.9732,0.9622,0.9274,o,5070.0,1373.0,11202.0,478.0
153603,2021,764554.0,6548.0,0.0,1.0277,0.9938,0.9786,0.9583,0.8694,o,5387.0,1354.0,10874.0,460.0
153603,2022,739474.0,6359.0,0.0,1.0319,0.9986,0.9836,0.9637,0.8721,o,5728.0,1383.0,10569.0,453.0
153603,2023,726716.0,6011.0,0.0,0.9926,0.9816,0.9766,0.9698,0.9546,o,5859.0,1314.0,10489.0,451.0
153603,2024,735092.0,5797.0,0.0,0.9463,0.9653,0.9741,0.9863,1.0862,o,5856.0,1252.0,10497.0,451.0
153621,1998,20264.0,156.0,0.0,0.9238,0.9566,0.9635,0.9811,1.1278,o,,,,
153621,1999,20505.0,137.0,0.0,0.8018,0.7857,0.7824,0.7743,0.9327,o,,,,
153621,2000,20973.0,172.0,0.0,0.9841,0.9801,0.9792,0.9771,0.9858,o,,,,
153621,2001,20823.0,167.0,0.0,0.9624,1.0163,1.0279,1.0573,1.2069,o,,,,
153621,2002,20766.0,158.0,0.0,0.913,0.994,1.0116,1.057,1.3402,o,106.0,,23610.0,
153621,2003,19431.0,177.0,0.0,1.0931,1.1309,1.1389,1.1591,1.1244,o,117.0,,24437.0,456.0
153621,2004,20769.0,151.0,0.0,0.8725,0.849,0.8442,0.8324,0.9102,o,93.0,,25389.0,448.0
153621,2005,21349.0,132.0,0.0,0.742,0.6974,0.6885,0.6668,0.8077,o,135.0,,25866.0,449.0
153621,2006,23147.0,159.0,0.0,0.8243,0.8171,0.8156,0.8119,0.9702,o,118.0,,26409.0,422.0
153621,2007,23584.0,150.0,0.0,0.7632,0.7917,0.7977,0.8129,1.1345,o,127.0,,26920.0,426.0
153621,2008,22660.0,162.0,0.0,0.8579,0.8971,0.9055,0.9266,1.1667,o,150.0,,27613.0,470.0
153621,2009,23179.0,137.0,0.0,0.7093,0.7505,0.7593,0.7818,1.2149,o,154.0,95.0,28776.0,475.0
153621,2010,23599.0,177.0,0.0,0.9,0.9493,0.9598,0.9866,1.2016,o,105.0,148.0,30019.0,492.0
153621,2011,19657.0,173.0,0.0,1.0561,1.0733,1.0769,1.0859,1.0571,o,114.0,157.0,30780.0,571.0
153621,2012,21210.0,180.0,0.0,1.0184,0.9513,0.938,0.9055,0.7906,o,113.0,99.0,31512.0,521.0
153621,2013,17858.0,169.0,0.0,1.1356,1.0434,1.0253,0.9813,0.7467,o,103.0,101.0,32484.0,557.0
153621,2014,16014.0,155.0,0.0,1.1615,1.1019,1.09,1.0607,0.834,o,75.0,93.0,33639.0,587.0
153621,2015,12758.0,122.0,0.0,1.1475,1.0806,1.0672,1.0345,0.8128,o,120.0,58.0,33955.0,560.0
153621,2016,12323.0,114.0,0.0,1.1101,1.0623,1.0526,1.0289,0.859,o,205.0,61.0,35375.0,565.0
153621,2017,14658.0,92.0,0.0,0.7532,0.8479,0.8689,0.9239,1.5046,o,238.0,46.0,29978.0,487.0
153621,2018,16957.0,86.0,0.0,0.6086,0.7928,0.8374,0.9601,2.4888,o,170.0,38.0,30658.0,440.0
153621,2019,18214.0,84.0,0.0,0.5534,0.6855,0.7166,0.8005,2.0923,o,152.0,43.0,30017.0,387.0
153621,2020,18511.0,91.0,0.0,0.5899,0.5883,0.588,0.5872,0.9908,o,212.0,50.0,30558.0,392.0
153621,2021,19519.0,134.0,0.0,0.8238,0.7782,0.7691,0.7468,0.8217,o,264.0,89.0,29508.0,399.0
153621,2022,21507.0,111.0,0.0,0.6193,0.6476,0.6537,0.669,1.1667,o,192.0,82.0,36915.0,386.0
153630,1998,81803.0,0.0,511.0,0.3748,0.3689,0.3541,0.3477,0.7967,o,,,,
153630,1999,95372.0,0.0,519.0,0.3265,0.3201,0.3042,0.2973,0.7531,o,,,,
153630,2000,84991.0,0.0,501.0,0.3537,0.3739,0.4313,0.4596,2.2119,o,,,,
153630,2001,88207.0,0.0,507.0,0.3449,0.3382,0.3215,0.3144,0.7557,o,,,,
153630,2002,144618.0,0.0,480.0,0.1991,0.185,0.1532,0.1408,0.35,o,454.0,,4417.0,
153630,2003,141870.0,0.0,466.0,0.1971,0.19,0.1729,0.1658,0.5927,o,638.0,,4894.0,
153630,2004,91620.0,0.0,491.0,0.3215,0.328,0.3451,0.353,1.3264,o,644.0,,5025.0,151.0
153630,2005,103785.0,0.0,532.0,0.3076,0.3111,0.3205,0.3248,1.1795,o,697.0,,5167.0,139.0
153630,2006,109566.0,0.0,609.0,0.3335,0.3355,0.3406,0.3428,1.0874,o,781.0,342.0,5142.0,158.0
153630,2007,114617.0,0.0,708.0,0.3706,0.3746,0.385,0.3898,1.1648,o,756.0,1200.0,5218.0,160.0
153630,2008,114261.0,0.0,615.0,0.3229,0.3235,0.3248,0.3254,1.023,o,836.0,1284.0,5048.0,159.0
153630,2009,122700.0,0.0,706.0,0.3452,0.3473,0.3526,0.355,1.0878,o,1339.0,490.0,5266.0,164.0
153630,2010,139617.0,0.0,674.0,0.2896,0.3004,0.3299,0.3439,1.6822,o,1456.0,582.0,5575.0,135.0
153630,2011,154220.0,0.0,685.0,0.2665,0.272,0.2867,0.2934,1.3389,o,1480.0,612.0,5563.0,118.0
153630,2012,161186.0,0.0,686.0,0.2554,0.2564,0.259,0.2602,1.059,o,1499.0,695.0,5708.0,124.0
153630,2013,160324.0,0.0,731.0,0.2736,0.274,0.275,0.2755,1.0211,o,1393.0,686.0,5728.0,126.0
153630,2014,150945.0,0.0,873.0,0.347,0.3454,0.3413,0.3394,0.9352,o,1299.0,668.0,6260.0,128.0
153630,2015,148736.0,0.0,899.0,0.3627,0.3599,0.3531,0.3501,0.8983,o,1211.0,621.0,5953.0,128.0
153630,2016,144922.0,0.0,864.0,0.3577,0.3551,0.3484,0.3454,0.8997,o,1090.0,643.0,6762.0,145.0
153630,2017,135165.0,0.0,847.0,0.376,0.3723,0.363,0.3589,0.8685,o,1116.0,632.0,6976.0,158.0
153630,2018,133764.0,0.0,783.0,0.3512,0.3505,0.3486,0.3477,0.97,o,1026.0,604.0,7059.0,144.0
153630,2019,127140.0,0.0,786.0,0.3709,0.3691,0.3643,0.3622,0.9302,o,1091.0,538.0,7263.0,158.0
153630,2020,124293.0,0.0,778.0,0.3756,0.3761,0.3773,0.3779,1.0187,o,1067.0,458.0,7500.0,160.0
153630,2021,120968.0,0.0,765.0,0.3794,0.3797,0.3802,0.3804,1.008,o,1063.0,417.0,7143.0,162.0
153630,2022,117969.0,0.0,797.0,0.4054,0.4049,0.4038,0.4034,0.9852,o,1062.0,1320.0,6944.0,163.0
153630,2023,112277.0,0.0,707.0,0.3778,0.3777,0.3775,0.3775,0.9972,o,1162.0,1009.0,6770.0,161.0
153630,2024,122758.0,0.0,661.0,0.3231,0.3251,0.3304,0.3328,1.0936,o,876.0,1217.0,6780.0,163.0
153658,1998,502293.0,3406.0,0.0,0.8137,0.8311,0.8392,0.8503,1.092,o,,,,
153658,1999,517648.0,3661.0,0.0,0.8487,0.8696,0.8794,0.8929,1.1068,o,,,,
153658,2000,519396.0,3857.0,0.0,0.8911,0.9122,0.9221,0.9357,1.1025,o,,,,
153658,2001,517556.0,3696.0,0.0,0.857,0.8669,0.8715,0.8778,1.0492,o,,,,
153658,2002,534623.0,3783.0,0.0,0.8491,0.8505,0.8512,0.8521,1.007,o,4184.0,,5398.0,
153658,2003,544574.0,4086.0,0.0,0.9004,0.9098,0.9141,0.9201,1.0442,o,4083.0,,7122.0,419.0
153658,2004,606017.0,4015.0,0.0,0.795,0.8114,0.819,0.8295,1.0885,o,4017.0,,8280.0,419.0
153658,2005,623226.0,4041.0,0.0,0.7781,0.7866,0.7905,0.7959,1.0464,o,3849.0,,8685.0,433.0
153658,2006,628286.0,4105.0,0.0,0.784,0.7765,0.7731,0.7684,0.9606,o,4289.0,1234.0,8744.0,438.0
153658,2007,632720.0,4219.0,0.0,0.8002,0.7972,0.7958,0.7939,0.9844,o,4287.0,1135.0,9278.0,456.0
153658,2008,643975.0,4488.0,0.0,0.8363,0.8478,0.8532,0.8605,1.0588,o,4246.0,1048.0,9209.0,474.0
153658,2009,644321.0,4465.0,0.0,0.8316,0.848,0.8556,0.8661,1.0848,o,4063.0,1144.0,9416.0,508.0
153658,2010,645555.0,4487.0,0.0,0.8341,0.8382,0.8402,0.8428,1.021,o,4557.0,1164.0,9755.0,511.0
153658,2011,668699.0,4543.0,0.0,0.8153,0.8163,0.8167,0.8173,1.0051,o,4565.0,1272.0,10354.0,541.0
153658,2012,600686.0,4351.0,0.0,0.8692,0.8832,0.8898,0.8987,1.069,o,4470.0,1258.0,10565.0,578.0
153658,2013,608359.0,4565.0,0.0,0.9005,0.9187,0.9272,0.939,1.0874,o,4460.0,1140.0,10771.0,593.0
153658,2014,609480.0,4753.0,0.0,0.9358,0.9438,0.9475,0.9525,1.036,o,4666.0,1172.0,10613.0,601.0
153658,2015,615058.0,4845.0,0.0,0.9453,0.9454,0.9454,0.9455,1.0004,o,5239.0,1056.0,10547.0,599.0
153658,2016,638941.0,4796.0,0.0,0.9007,0.9208,0.9302,0.9431,1.0963,o,5641.0,1265.0,10506.0,585.0
153658,2017,669474.0,4811.0,0.0,0.8623,0.9042,0.9241,0.9519,1.2184,o,5027.0,1201.0,10931.0,582.0
153658,2018,681854.0,4646.0,0.0,0.8177,0.8489,0.8636,0.884,1.169,o,4806.0,1131.0,11173.0,604.0
153658,2019,686583.0,5249.0,0.0,0.9174,0.9158,0.9151,0.9141,0.9927,o,4986.0,1059.0,11308.0,588.0
153658,2020,662628.0,5586.0,0.0,1.0116,0.9863,0.975,0.9597,0.9,o,4510.0,962.0,11546.0,587.0
153658,2021,629101.0,5423.0,0.0,1.0344,1.0059,0.9931,0.976,0.8901,o,4521.0,1052.0,11212.0,580.0
153658,2022,610885.0,5015.0,0.0,0.9851,0.9652,0.9562,0.9441,0.9184,o,5178.0,1039.0,10907.0,554.0
153658,2023,622050.0,5180.0,0.0,0.9993,0.997,0.9959,0.9945,0.9905,o,5064.0,1124.0,10717.0,550.0
153658,2024,635718.0,5006.0,0.0,0.9449,0.9623,0.9703,0.9814,1.0786,o,5208.0,1083.0,10964.0,542.0
153676,1998,240.0,0.0,0.0,0.0,0.0,0.0,0.0,,-,,,,
153737,1998,244420.0,0.0,1274.0,0.3127,0.3133,0.3147,0.3153,1.0254,o,,,,
153737,1999,243865.0,0.0,1273.0,0.3132,0.3111,0.3058,0.3034,0.9082,o,,,,
153737,2000,243983.0,0.0,1313.0,0.3229,0.3252,0.3312,0.3339,1.1072,o,,,,
153737,2001,256845.0,0.0,1331.0,0.3109,0.3017,0.2793,0.2699,0.6515,o,,,,
153737,2002,282597.0,0.0,1507.0,0.32,0.3202,0.3207,0.321,1.0098,o,4683.0,,3794.0,
153737,2004,329923.0,0.0,1776.0,0.323,0.3166,0.3009,0.2941,0.753,o,4858.0,,4129.0,123.0
153737,2005,342062.0,0.0,1908.0,0.3347,0.3401,0.3543,0.3609,1.2566,o,3471.0,,4298.0,125.0
153737,2006,449544.0,0.0,1838.0,0.2453,0.2431,0.2375,0.235,0.878,o,3587.0,446.0,4441.0,98.0
153737,2007,330860.0,0.0,1949.0,0.3534,0.3498,0.3405,0.3365,0.8613,o,2953.0,1276.0,4492.0,134.0
153737,2008,331857.0,0.0,1925.0,0.348,0.3437,0.3329,0.3282,0.8368,o,3420.0,764.0,4522.0,145.0
153737,2009,326260.0,0.0,1899.0,0.3492,0.3503,0.3532,0.3544,1.0459,o,4318.0,3281.0,4619.0,101.0
153737,2010,337373.0,0.0,1914.0,0.3404,0.3477,0.3673,0.3763,1.3551,o,4337.0,2972.0,4760.0,80.0
153737,2011,406155.0,0.0,2114.0,0.3123,0.3148,0.3213,0.3243,1.121,o,3393.0,3322.0,4942.0,72.0
153737,2012,296708.0,0.0,2253.0,0.4556,0.4479,0.4287,0.4205,0.7841,o,2993.0,3078.0,5225.0,107.0
153737,2013,345076.0,0.0,2107.0,0.3664,0.3599,0.3437,0.3367,0.7744,o,2712.0,542.0,4679.0,95.0
153737,2014,312377.0,0.0,1984.0,0.3811,0.3767,0.3658,0.3611,0.8494,o,2568.0,527.0,5530.0,100.0
153737,2015,287280.0,0.0,1950.0,0.4073,0.4043,0.3967,0.3934,0.9003,o,2637.0,468.0,5300.0,109.0
153737,2016,288654.0,0.0,1706.0,0.3546,0.3546,0.3545,0.3545,0.9989,o,2502.0,490.0,5437.0,115.0
153737,2017,286479.0,0.0,1825.0,0.3822,0.3812,0.3785,0.3773,0.9614,o,2452.0,505.0,5561.0,120.0
153737,2018,273418.0,0.0,1698.0,0.3726,0.3714,0.3683,0.3669,0.9543,o,2446.0,475.0,5715.0,127.0
153737,2019,270238.0,0.0,1741.0,0.3865,0.3862,0.3853,0.3849,0.9875,o,2432.0,459.0,5896.0,164.0
153737,2020,256950.0,0.0,1610.0,0.3759,0.3758,0.3753,0.3751,0.9931,o,2194.0,375.0,6043.0,120.0
153737,2021,234130.0,0.0,1654.0,0.4239,0.4207,0.4128,0.4093,0.8995,o,2163.0,324.0,6000.0,115.0
153737,2022,229749.0,0.0,1628.0,0.4252,0.4232,0.4181,0.4159,0.9351,o,2110.0,309.0,5823.0,111.0
153737,2023,229675.0,0.0,1614.0,0.4216,0.4207,0.4183,0.4172,0.9686,o,2318.0,383.0,5900.0,117.0
153737,2024,231150.0,0.0,1475.0,0.3829,0.3851,0.3908,0.3933,1.085,o,2284.0,346.0,5980.0,120.0
153825,1998,56261.0,370.0,3.0,0.7924,0.7494,0.7408,0.7198,0.8251,o,,,,
153825,1999,45264.0,370.0,4.0,0.9862,0.9913,0.9923,0.995,1.0178,o,,,,
153825,2000,43736.0,343.0,2.0,0.9438,0.9665,0.9713,0.9833,1.0853,o,,,,
153825,2001,46806.0,315.0,2.0,0.8102,0.818,0.8197,0.8238,1.034,o,,,,
153825,2002,47128.0,362.0,4.0,0.9268,0.9272,0.9273,0.9275,1.0013,o,371.0,,29567.0,
153825,2003,47787.0,333.0,0.0,0.8362,0.8336,0.833,0.8317,0.9892,o,424.0,,30502.0,638.0
153825,2004,46729.0,359.0,0.0,0.9219,0.9337,0.9361,0.9423,1.0447,o,407.0,,30411.0,659.0
153825,2005,47214.0,319.0,0.0,0.8108,0.8372,0.8428,0.8569,1.1169,o,368.0,,31609.0,691.0
153825,2006,46460.0,307.0,0.0,0.7929,0.8068,0.8097,0.817,1.0616,o,403.0,70.0,32872.0,693.0
153825,2007,45882.0,360.0,0.0,0.9415,0.9332,0.9315,0.9272,0.9698,o,376.0,59.0,33352.0,685.0
153825,2008,43176.0,335.0,0.0,0.9311,0.9138,0.9103,0.9015,0.9374,o,385.0,67.0,34139.0,706.0
153825,2009,41795.0,345.0,0.0,0.9905,0.9853,0.9842,0.9816,0.9819,o,414.0,47.0,35162.0,733.0
153825,2010,43859.0,316.0,0.0,0.8646,0.8736,0.8755,0.8801,1.0363,o,416.0,61.0,36235.0,595.0
153825,2011,45149.0,310.0,0.0,0.8239,0.8392,0.8424,0.8505,1.0655,o,361.0,47.0,36678.0,581.0
153825,2012,45990.0,320.0,0.0,0.835,0.84,0.8411,0.8437,1.021,o,374.0,48.0,37088.0,565.0
153825,2013,46010.0,315.0,2.0,0.8242,0.8045,0.8004,0.7905,0.9199,o,414.0,49.0,37619.0,563.0
153825,2014,46742.0,370.0,1.0,0.9512,0.937,0.934,0.9268,0.9494,o,374.0,57.0,37986.0,543.0
153825,2015,45139.0,313.0,0.0,0.8321,0.8355,0.8362,0.838,1.0142,o,389.0,38.0,38772.0,520.0
153825,2016,45202.0,314.0,0.0,0.8336,0.8427,0.8446,0.8493,1.0381,o,328.0,72.0,39707.0,506.0
153825,2017,45120.0,321.0,1.0,0.8551,0.832,0.8273,0.8156,0.9099,o,337.0,55.0,40188.0,506.0
153825,2018,42462.0,316.0,0.0,0.893,0.8501,0.8415,0.8204,0.8439,o,362.0,61.0,40985.0,525.0
153825,2019,42267.0,328.0,0.0,0.9312,0.9079,0.9031,0.8913,0.9161,o,326.0,40.0,41711.0,545.0
153825,2020,40006.0,274.0,0.0,0.8219,0.8121,0.8101,0.8051,0.9596,o,294.0,55.0,42330.0,553.0
153825,2021,37436.0,256.0,0.0,0.8206,0.8041,0.8007,0.7923,0.9323,o,296.0,61.0,41108.0,521.0
153825,2022,37484.0,269.0,0.0,0.8612,0.8199,0.8116,0.7912,0.8441,o,286.0,49.0,38690.0,470.0
153825,2023,35122.0,296.0,0.0,1.0113,0.9634,0.9538,0.9302,0.8459,o,257.0,46.0,37856.0,455.0
153825,2024,31682.0,226.0,0.0,0.856,0.8237,0.8172,0.8011,0.8758,o,261.0,48.0,38298.0,471.0
153834,1998,75329.0,510.0,0.0,0.8124,0.8198,0.8213,0.8251,1.0315,o,,,,
153834,1999,78695.0,484.0,0.0,0.738,0.7545,0.758,0.7667,1.0792,o,,,,
153834,2000,80146.0,546.0,0.0,0.8175,0.8327,0.8358,0.8438,1.0654,o,,,,
153834,2001,80189.0,549.0,0.0,0.8216,0.8261,0.8271,0.8294,1.0193,o,,,,
153834,2002,88824.0,572.0,0.0,0.7728,0.771,0.7707,0.7698,0.9924,o,609.0,,33475.0,
153834,2003,79693.0,534.0,0.0,0.8041,0.7964,0.7948,0.7909,0.9674,o,668.0,,34514.0,655.0
153834,2004,79398.0,555.0,0.0,0.8388,0.8401,0.8404,0.8411,1.0055,o,663.0,,35820.0,686.0
153834,2005,79591.0,573.0,0.0,0.8639,0.8702,0.8715,0.8748,1.0254,o,631.0,,37133.0,707.0
153834,2006,79366.0,520.0,0.0,0.7862,0.7951,0.7969,0.8016,1.0394,o,612.0,50.0,38282.0,747.0
153834,2007,78053.0,570.0,0.0,0.8763,0.8695,0.8681,0.8646,0.9734,o,659.0,51.0,39896.0,747.0
153834,2008,81819.0,546.0,0.0,0.8008,0.7902,0.788,0.7825,0.9549,o,630.0,34.0,42202.0,726.0
153834,2009,80476.0,498.0,0.0,0.7426,0.7417,0.7416,0.7411,0.9961,o,657.0,45.0,44704.0,759.0
153834,2010,82398.0,555.0,0.0,0.8083,0.8165,0.8182,0.8225,1.0354,o,612.0,35.0,46158.0,763.0
153834,2011,81802.0,546.0,0.0,0.801,0.8006,0.8005,0.8003,0.9984,o,627.0,40.0,46736.0,739.0
153834,2012,81766.0,582.0,0.0,0.8541,0.8444,0.8424,0.8374,0.9612,o,645.0,35.0,47465.0,762.0
153834,2013,81006.0,553.0,0.0,0.8192,0.8164,0.8158,0.8144,0.9883,o,628.0,39.0,48258.0,730.0
153834,2014,79623.0,532.0,0.0,0.8018,0.8025,0.8027,0.803,1.0032,o,559.0,36.0,49411.0,744.0
153834,2015,76956.0,553.0,0.0,0.8623,0.8517,0.8495,0.844,0.958,o,624.0,27.0,50091.0,719.0
153834,2016,75617.0,562.0,0.0,0.8919,0.8733,0.8695,0.8601,0.93,o,520.0,27.0,50807.0,696.0
153834,2017,70188.0,496.0,0.0,0.848,0.8221,0.8169,0.8039,0.8987,o,517.0,23.0,51043.0,683.0
153834,2018,65776.0,474.0,0.0,0.8648,0.8315,0.8248,0.8083,0.8736,o,554.0,18.0,51122.0,643.0
153834,2019,62898.0,489.0,0.0,0.9329,0.9064,0.901,0.8877,0.9053,o,527.0,28.0,51602.0,615.0
153834,2020,63452.0,405.0,0.0,0.7659,0.7535,0.7509,0.7445,0.9449,o,453.0,24.0,52970.0,587.0
153834,2021,62224.0,398.0,0.0,0.7675,0.7551,0.7525,0.7462,0.945,o,419.0,25.0,53237.0,512.0
153834,2022,55241.0,420.0,0.0,0.9124,0.8596,0.849,0.8233,0.8142,o,400.0,20.0,51297.0,511.0
153834,2023,51401.0,383.0,0.0,0.8941,0.825,0.8114,0.7783,0.7576,o,352.0,25.0,49853.0,483.0
153834,2024,43980.0,343.0,0.0,0.9359,0.8667,0.853,0.8198,0.7673,o,375.0,27.0,50320.0,514.0
153861,2000,14306.0,29.0,0.0,0.2433,0.2426,0.2424,0.242,0.9901,o,,,,
153861,2001,10409.0,34.0,0.0,0.392,0.4016,0.4037,0.4088,1.0877,o,,,,
153861,2002,9553.0,38.0,0.0,0.4773,0.5237,0.5338,0.56,1.3763,o,37.0,,28391.0,
153861,2003,8356.0,45.0,2.0,0.6606,0.6719,0.6742,0.6801,1.06,o,59.0,,40836.0,413.0
153861,2004,7746.0,43.0,0.0,0.6662,0.6185,0.6091,0.5861,0.7742,o,31.0,,39850.0,461.0
153861,2005,9019.0,44.0,1.0,0.5921,0.5346,0.5234,0.4965,0.7031,o,31.0,,39322.0,470.0
153861,2006,9740.0,45.0,0.0,0.5544,0.4746,0.4595,0.424,0.5849,o,32.0,,38064.0,326.0
153861,2007,10919.0,34.0,0.0,0.3737,0.3307,0.3224,0.3027,0.6562,o,40.0,30.0,36947.0,300.0
153861,2008,9315.0,59.0,0.0,0.7601,0.7124,0.703,0.6798,0.8,o,36.0,63.0,35749.0,371.0
153861,2009,10287.0,46.0,0.0,0.5366,0.5692,0.5762,0.5941,1.2258,o,50.0,53.0,35150.0,416.0
153861,2010,11243.0,52.0,0.0,0.555,0.6074,0.6189,0.6485,1.3651,o,49.0,61.0,34923.0,346.0
153861,2011,13196.0,51.0,0.0,0.4638,0.5086,0.5185,0.5438,1.375,o,24.0,66.0,34103.0,352.0
153861,2012,12775.0,63.0,0.0,0.5918,0.5849,0.5835,0.58,0.9605,o,36.0,69.0,33240.0,389.0
153861,2013,12954.0,81.0,0.0,0.7503,0.676,0.6615,0.6267,0.6977,o,19.0,54.0,35331.0,401.0
153861,2014,11447.0,64.0,0.0,0.6709,0.5658,0.5462,0.5001,0.5556,o,21.0,72.0,34797.0,411.0
153861,2015,13368.0,125.0,0.0,1.1221,0.9425,0.909,0.8306,0.5479,o,21.0,85.0,34504.0,426.0
153861,2016,11197.0,140.0,0.0,1.5004,1.353,1.3243,1.2553,0.7,o,21.0,42.0,34394.0,419.0
153861,2017,10321.0,111.0,0.0,1.2906,1.1935,1.1743,1.1278,0.7636,o,17.0,46.0,35095.0,402.0
153861,2018,10665.0,96.0,0.0,1.0802,1.0642,1.061,1.0528,0.95,o,20.0,27.0,34310.0,392.0
153861,2019,10290.0,115.0,0.0,1.3411,1.2927,1.2829,1.2588,0.881,o,20.0,107.0,20170.0,446.0
153861,2020,13301.0,85.0,0.0,0.7669,0.7561,0.7539,0.7484,0.9524,o,33.0,117.0,19868.0,489.0
153861,2021,15553.0,134.0,0.0,1.0339,1.1386,1.1616,1.221,1.3947,o,38.0,195.0,19294.0,458.0
153861,2022,17659.0,210.0,0.0,1.427,1.7239,1.7927,1.9768,1.9189,o,36.0,190.0,18134.0,535.0
153861,2023,20506.0,156.0,0.0,0.9129,1.0912,1.1322,1.2417,1.85,o,63.0,213.0,17111.0,459.0
153861,2024,22400.0,195.0,0.0,1.0446,1.2522,1.3,1.4277,1.8679,o,67.0,264.0,16530.0,434.0
153922,1998,53772.0,0.0,377.0,0.4207,0.4209,0.4215,0.4218,1.0081,o,,,,
153922,1999,50600.0,0.0,354.0,0.4198,0.4178,0.4128,0.4106,0.9352,o,,,,
153922,2000,47205.0,0.0,0.0,0.0,0.0,0.0,0.0,0.8849,o,,,,
153922,2002,55257.0,0.0,361.0,0.392,0.3841,0.3645,0.3561,0.7475,o,697.0,,3974.0,
153922,2003,33842.0,0.0,202.0,0.3581,0.3696,0.401,0.4158,1.5716,o,495.0,,4180.0,134.0
153922,2004,44095.0,0.0,209.0,0.2844,0.2821,0.2762,0.2736,0.8895,o,335.0,,4398.0,126.0
153922,2005,38462.0,0.0,222.0,0.3463,0.3326,0.2999,0.2864,0.5621,o,222.0,,4539.0,156.0
153922,2006,38647.0,0.0,236.0,0.3664,0.3507,0.3133,0.298,0.5349,o,519.0,61.0,4612.0,157.0
153922,2007,35744.0,0.0,227.0,0.381,0.398,0.4452,0.4679,1.8636,o,557.0,55.0,4682.0,169.0
153922,2008,35613.0,0.0,208.0,0.3504,0.3606,0.388,0.4009,1.5034,o,467.0,69.0,4759.0,170.0
153922,2009,39014.0,0.0,176.0,0.2707,0.268,0.2613,0.2583,0.868,o,577.0,54.0,6547.0,160.0
153922,2010,44479.0,0.0,220.0,0.2968,0.2993,0.3058,0.3087,1.127,o,558.0,85.0,5249.0,124.0
153922,2011,43838.0,0.0,284.0,0.3887,0.3905,0.3952,0.3974,1.069,o,548.0,77.0,5327.0,115.0
153922,2012,40769.0,0.0,242.0,0.3562,0.3553,0.3531,0.3521,0.9656,o,450.0,95.0,5388.0,141.0
153922,2013,39503.0,0.0,233.0,0.3539,0.3488,0.3361,0.3306,0.8137,o,436.0,69.0,5454.0,144.0
153922,2014,36820.0,0.0,238.0,0.3878,0.3842,0.375,0.3709,0.8737,o,417.0,95.0,5498.0,148.0
153922,2015,38237.0,0.0,199.0,0.3123,0.3109,0.3076,0.3061,0.9413,o,389.0,94.0,5608.0,139.0
153922,2016,35912.0,0.0,235.0,0.3926,0.3901,0.3837,0.3809,0.9121,o,390.0,102.0,5725.0,153.0
153922,2017,35576.0,0.0,246.0,0.4149,0.4139,0.4115,0.4104,0.9677,o,368.0,100.0,5782.0,159.0
153922,2018,33543.0,0.0,204.0,0.3649,0.3635,0.3598,0.3581,0.9448,o,314.0,91.0,5803.0,169.0
153922,2019,33969.0,0.0,228.0,0.4027,0.3975,0.3842,0.3785,0.8285,o,319.0,104.0,5828.0,168.0
153922,2020,33948.0,0.0,207.0,0.3659,0.3641,0.3598,0.3579,0.9355,o,289.0,77.0,5885.0,154.0
153922,2021,30008.0,0.0,207.0,0.4139,0.4113,0.4046,0.4017,0.9131,o,301.0,101.0,5799.0,163.0
153922,2022,31207.0,0.0,206.0,0.3961,0.3958,0.3951,0.3948,0.9901,o,304.0,87.0,5529.0,159.0
153922,2023,32286.0,0.0,206.0,0.3828,0.3836,0.3857,0.3866,1.0305,o,348.0,65.0,5366.0,145.0
153922,2024,34442.0,0.0,205.0,0.3571,0.3606,0.3699,0.374,1.1504,o,303.0,62.0,5304.0,140.0
153931,1998,13950.0,145.0,13.0,1.3032,1.0369,0.9889,0.8786,0.4545,o,,,,
153931,1999,10137.0,111.0,5.0,1.3436,1.2012,1.1737,1.1076,0.6796,o,,,,
153931,2000,9092.0,90.0,2.0,1.2011,1.16,1.1517,1.1311,0.887,o,,,,
153977,1998,8096.0,0.0,0.0,0.0,0.0,0.0,0.0,2.6667,o,,,,
153977,1999,7700.0,14.0,78.0,0.826,1.1618,1.2467,1.4873,3.2424,o,,,,
153977,2000,9390.0,22.0,92.0,0.869,1.1892,1.269,1.4926,2.95,o,,,,
153977,2001,9540.0,24.0,96.0,0.9057,0.8908,0.8877,0.8801,0.9444,o,,,,
153977,2002,9962.0,35.0,91.0,0.9697,0.9222,0.9127,0.8893,0.8411,o,63.0,,15417.0,
153977,2003,13982.0,25.0,107.0,0.6737,0.805,0.8352,0.9157,1.8475,o,61.0,,16484.0,564.0
153977,2004,17607.0,14.0,121.0,0.5078,0.6044,0.6266,0.6857,1.8235,o,69.0,,17413.0,579.0
153977,2005,19516.0,39.0,171.0,0.7655,0.8517,0.8707,0.92,1.4444,o,45.0,,18188.0,626.0
153977,2006,19769.0,25.0,207.0,0.78,0.7902,0.7924,0.7977,1.0459,o,48.0,238.0,18229.0,653.0
153977,2007,20190.0,28.0,193.0,0.74,0.6807,0.6691,0.6408,0.75,o,64.0,196.0,18753.0,653.0
153977,2008,21585.0,55.0,199.0,0.8589,0.8226,0.8153,0.7973,0.8615,o,40.0,184.0,18438.0,649.0
153977,2009,20907.0,59.0,149.0,0.7663,0.7461,0.742,0.7319,0.9123,o,95.0,178.0,18705.0,654.0
153977,2010,24196.0,43.0,196.0,0.6993,0.7791,0.7967,0.8425,1.4516,o,79.0,191.0,18583.0,654.0
153977,2011,24151.0,49.0,183.0,0.6981,0.7932,0.8145,0.8701,1.5536,o,60.0,271.0,18887.0,671.0
153977,2012,24265.0,70.0,185.0,0.8036,0.8742,0.8895,0.9291,1.3365,o,43.0,262.0,18913.0,673.0
153977,2013,24105.0,64.0,192.0,0.7965,0.7364,0.7246,0.6957,0.763,o,46.0,237.0,19330.0,685.0
153977,2014,23151.0,80.0,196.0,0.9226,0.7596,0.7297,0.6599,0.5115,o,46.0,222.0,19801.0,710.0
153977,2015,22323.0,88.0,181.0,0.9595,0.8513,0.8305,0.7806,0.6619,o,46.0,242.0,20420.0,743.0
153977,2016,24215.0,107.0,129.0,0.8499,0.8225,0.8169,0.8032,0.8932,o,35.0,225.0,21090.0,747.0
153977,2017,24090.0,141.0,67.0,0.8692,0.8458,0.8411,0.8293,0.9101,o,47.0,190.0,21569.0,788.0
153977,2018,22386.0,198.0,62.0,1.2276,1.1873,1.1791,1.1589,0.8913,o,41.0,233.0,21934.0,776.0
153977,2019,23019.0,163.0,62.0,1.0113,0.9984,0.9957,0.9891,0.9565,o,59.0,309.0,21905.0,788.0
153977,2020,27459.0,203.0,59.0,1.0161,1.0801,1.0938,1.129,1.2346,o,36.0,336.0,21815.0,783.0
153977,2021,27937.0,293.0,76.0,1.4218,1.4838,1.4969,1.5303,1.1585,o,51.0,369.0,21398.0,773.0
153977,2022,30094.0,274.0,67.0,1.2262,1.2221,1.2213,1.2192,0.9886,o,69.0,319.0,21671.0,720.0
153977,2023,29215.0,323.0,47.0,1.4232,1.5005,1.517,1.5591,1.2,o,81.0,331.0,17217.0,670.0
153977,2024,25289.0,292.0,89.0,1.5967,1.8229,1.8735,2.0064,1.5789,o,172.0,289.0,17328.0,543.0
154004,1998,29915.0,209.0,0.0,0.8384,0.801,0.7935,0.775,0.8545,o,,,,
154004,1999,28875.0,195.0,0.0,0.8104,0.8142,0.815,0.8169,1.0162,o,,,,
154004,2000,26448.0,203.0,0.0,0.9211,0.9184,0.9179,0.9165,0.9901,o,,,,
154004,2001,25241.0,215.0,0.0,1.0221,0.993,0.9871,0.9724,0.9051,o,,,,
154004,2002,22869.0,165.0,0.0,0.8658,0.8378,0.8321,0.818,0.8927,o,246.0,,24615.0,
154004,2003,23973.0,164.0,0.0,0.8209,0.8378,0.8413,0.8502,1.0725,o,273.0,,26272.0,467.0
154004,2004,25606.0,155.0,0.0,0.7264,0.8,0.8162,0.858,1.3952,o,316.0,,27114.0,494.0
154004,2005,29465.0,123.0,0.0,0.5009,0.5641,0.5782,0.6148,1.5064,o,312.0,,27636.0,458.0
154004,2006,32107.0,174.0,0.0,0.6503,0.7263,0.7431,0.7868,1.4639,o,333.0,,28170.0,486.0
154004,2007,35496.0,216.0,0.0,0.7302,0.7777,0.7879,0.8141,1.2428,o,290.0,73.0,28735.0,421.0
154004,2008,35718.0,217.0,0.0,0.729,0.741,0.7435,0.7498,1.0577,o,303.0,75.0,29506.0,389.0
154004,2009,36335.0,256.0,0.0,0.8455,0.8315,0.8287,0.8216,0.9443,o,325.0,75.0,30560.0,381.0
154004,2010,35373.0,267.0,0.0,0.9058,0.8988,0.8973,0.8938,0.9736,o,343.0,103.0,31478.0,456.0
154004,2011,36228.0,256.0,0.0,0.848,0.8653,0.8689,0.8781,1.0722,o,377.0,80.0,32079.0,449.0
154004,2012,37836.0,225.0,0.0,0.7136,0.7549,0.7638,0.7863,1.2142,o,273.0,79.0,32723.0,462.0
154004,2013,36092.0,265.0,0.0,0.8811,0.8899,0.8918,0.8964,1.035,o,357.0,69.0,33420.0,454.0
154004,2014,37649.0,274.0,0.0,0.8733,0.8586,0.8556,0.8481,0.9431,o,353.0,76.0,34218.0,447.0
154004,2015,37812.0,295.0,0.0,0.9362,0.9324,0.9316,0.9297,0.9861,o,381.0,90.0,35483.0,440.0
154004,2016,38393.0,226.0,0.0,0.7064,0.7317,0.7371,0.7506,1.1292,o,341.0,68.0,36501.0,437.0
154004,2017,38780.0,253.0,0.0,0.7829,0.8144,0.8211,0.8381,1.146,o,354.0,64.0,37089.0,442.0
154004,2018,37525.0,280.0,0.0,0.8954,0.8899,0.8887,0.8859,0.9789,o,345.0,65.0,37999.0,447.0
154004,2019,35655.0,279.0,0.0,0.939,0.9258,0.9231,0.9163,0.9523,o,367.0,49.0,38473.0,456.0
154004,2020,34278.0,281.0,0.0,0.9837,0.9798,0.9789,0.9769,0.9862,o,358.0,49.0,39328.0,467.0
154004,2021,35033.0,228.0,0.0,0.781,0.7906,0.7926,0.7977,1.0432,o,370.0,49.0,39651.0,453.0
154004,2022,34527.0,240.0,0.0,0.8341,0.844,0.8461,0.8513,1.0415,o,346.0,64.0,38693.0,436.0
154004,2023,34051.0,248.0,0.0,0.874,0.8754,0.8757,0.8764,1.0056,o,337.0,61.0,37897.0,444.0
154004,2024,33013.0,258.0,0.0,0.9378,0.9217,0.9184,0.9102,0.9421,o,308.0,74.0,38190.0,461.0
154013,1998,26880.0,236.0,0.0,1.0536,1.1163,1.1297,1.164,1.2206,o,,,,
154013,1999,27986.0,242.0,0.0,1.0377,1.142,1.1648,1.224,1.3913,o,,,,
154013,2000,30597.0,266.0,0.0,1.0432,1.1224,1.1395,1.1834,1.2867,o,,,,
154013,2001,34544.0,289.0,0.0,1.0039,1.0194,1.0227,1.0308,1.0542,o,,,,
154013,2002,36848.0,347.0,0.0,1.13,1.0964,1.0896,1.0727,0.901,o,164.0,,25221.0,
154013,2003,37020.0,333.0,0.0,1.0794,1.0457,1.0389,1.022,0.8964,o,196.0,,26000.0,564.0
154013,2004,38610.0,391.0,0.0,1.2152,1.2252,1.2273,1.2325,1.0286,o,214.0,,26650.0,571.0
154013,2005,38839.0,389.0,0.0,1.2019,1.2625,1.2754,1.3083,1.185,o,181.0,,27170.0,587.0
154013,2006,38951.0,392.0,0.0,1.2077,1.255,1.265,1.2904,1.1416,o,181.0,,28092.0,607.0
154013,2007,39264.0,352.0,0.0,1.0758,1.0775,1.0779,1.0788,1.0056,o,142.0,280.0,28629.0,618.0
154013,2008,38143.0,429.0,0.0,1.3497,1.2595,1.2416,1.1979,0.7878,o,172.0,254.0,29369.0,637.0
154013,2009,37179.0,381.0,0.0,1.2297,1.1505,1.1348,1.0964,0.7949,o,150.0,222.0,30395.0,622.0
154013,2010,36612.0,414.0,0.0,1.3569,1.3116,1.3024,1.2798,0.8895,o,119.0,225.0,31592.0,645.0
154013,2011,35236.0,387.0,0.0,1.318,1.2499,1.2362,1.2028,0.8328,o,151.0,300.0,32469.0,684.0
154013,2012,37337.0,430.0,0.0,1.382,1.3228,1.3109,1.2815,0.8599,o,158.0,284.0,33145.0,654.0
154013,2013,36565.0,401.0,0.0,1.316,1.3004,1.2972,1.2892,0.9596,o,154.0,276.0,33955.0,662.0
154013,2014,33185.0,407.0,0.0,1.4717,1.5364,1.5502,1.585,1.1599,o,134.0,261.0,34639.0,711.0
154013,2015,34500.0,421.0,0.0,1.4643,1.492,1.4978,1.5124,1.0667,o,235.0,257.0,35261.0,642.0
154013,2016,39373.0,372.0,0.0,1.1338,1.1936,1.2064,1.239,1.1942,o,241.0,229.0,36593.0,595.0
154013,2017,37276.0,434.0,0.0,1.3971,1.5792,1.6198,1.7257,1.5256,o,239.0,251.0,37856.0,620.0
154013,2018,38113.0,384.0,0.0,1.209,1.4021,1.4457,1.5609,1.6667,o,240.0,233.0,38113.0,569.0
154013,2019,39936.0,410.0,0.0,1.232,1.3288,1.3498,1.4036,1.2981,o,219.0,231.0,39044.0,557.0
154013,2020,37927.0,415.0,0.0,1.313,1.2993,1.2964,1.2894,0.9643,o,225.0,141.0,40700.0,613.0
154013,2021,37385.0,369.0,0.0,1.1844,1.158,1.1525,1.1392,0.925,o,222.0,148.0,41444.0,543.0
154013,2022,36185.0,373.0,0.0,1.237,1.2124,1.2074,1.1949,0.9332,o,224.0,155.0,40086.0,443.0
154013,2023,34199.0,318.0,0.0,1.1158,1.1066,1.1047,1.0999,0.9717,o,208.0,150.0,38928.0,453.0
154013,2024,31102.0,310.0,0.0,1.1961,1.1866,1.1846,1.1798,0.973,o,240.0,141.0,39070.0,454.0
154022,1998,13957.0,85.0,26.0,0.8426,0.8426,0.8426,0.8426,,x,,,,
154022,1999,15402.0,91.0,18.0,0.7791,0.7791,0.7791,0.7791,,x,,,,
154022,2000,16389.0,108.0,23.0,0.875,0.875,0.875,0.875,,x,,,,
154022,2001,14461.0,124.0,23.0,1.1244,1.1244,1.1244,1.1244,,x,,,,
154022,2002,13332.0,77.0,25.0,0.8056,0.8056,0.8056,0.8056,,x,48.0,,23905.0,
154022,2003,12450.0,110.0,14.0,1.1277,1.1277,1.1277,1.1277,,x,54.0,,23451.0,733.0
154022,2004,10403.0,109.0,4.0,1.2804,1.2804,1.2804,1.2804,,x,52.0,,23084.0,789.0
154022,2005,10428.0,91.0,4.0,1.0702,1.0702,1.0702,1.0702,,x,76.0,,23645.0,413.0
154022,2007,161707.0,307.0,5.0,0.2297,0.2297,0.2297,0.2297,,x,817.0,2523.0,22525.0,231.0
154022,2008,450138.0,1089.0,5.0,0.291,0.291,0.291,0.291,,x,1658.0,8887.0,22447.0,209.0
154022,2009,1016198.0,3029.0,25.0,0.3592,0.3592,0.3592,0.3592,,x,3084.0,13380.0,22071.0,211.0
154022,2010,1490585.0,5686.0,265.0,0.4684,0.4684,0.4684,0.4684,,x,2916.0,15939.0,23258.0,272.0
154022,2011,1987587.0,8839.0,732.0,0.5557,0.5557,0.5557,0.5557,,x,3051.0,13590.0,14264.0,284.0
154022,2012,2147082.0,11583.0,1352.0,0.6852,0.6852,0.6852,0.6852,,x,2581.0,13225.0,14491.0,491.0
154022,2013,1916654.0,12721.0,2065.0,0.8611,0.8611,0.8611,0.8611,,x,866.0,5789.0,14622.0,537.0
154022,2014,1519900.0,11850.0,1561.0,0.9972,0.9972,0.9972,0.9972,,x,781.0,6098.0,13577.0,519.0
154059,1998,66169.0,0.0,563.0,0.5105,0.5102,0.5093,0.5089,0.9908,o,,,,
154059,1999,65810.0,0.0,618.0,0.5634,0.5692,0.5841,0.5909,1.1552,o,,,,
154059,2000,68155.0,0.0,573.0,0.5044,0.5066,0.5121,0.5146,1.0625,o,,,,
154059,2001,67369.0,0.0,519.0,0.4622,0.4653,0.4735,0.4771,1.1008,o,,,,
154059,2002,82454.0,0.0,532.0,0.3871,0.3875,0.3885,0.3889,1.0138,o,763.0,,4296.0,
154059,2003,80122.0,0.0,497.0,0.3722,0.367,0.3539,0.3482,0.8174,o,742.0,,4510.0,117.0
154059,2004,83160.0,0.0,532.0,0.3838,0.3805,0.3721,0.3684,0.8833,o,855.0,,4650.0,122.0
154059,2005,67511.0,0.0,538.0,0.4781,0.4824,0.4937,0.4987,1.1362,o,835.0,,4805.0,151.0
154059,2006,66246.0,0.0,545.0,0.4936,0.4952,0.4992,0.5009,1.0457,o,841.0,,4889.0,157.0
154059,2007,66027.0,0.0,546.0,0.4962,0.496,0.4956,0.4954,0.9953,o,727.0,199.0,4891.0,152.0
154059,2008,68219.0,0.0,484.0,0.4257,0.4215,0.4108,0.4062,0.8675,o,839.0,192.0,4923.0,148.0
154059,2009,74898.0,0.0,515.0,0.4126,0.4145,0.4196,0.4219,1.0702,o,894.0,199.0,5019.0,129.0
154059,2010,80476.0,0.0,545.0,0.4063,0.4101,0.42,0.4245,1.1418,o,812.0,137.0,5276.0,134.0
154059,2011,78489.0,0.0,586.0,0.448,0.4459,0.4407,0.4385,0.9371,o,772.0,164.0,5462.0,144.0
154059,2012,74101.0,0.0,564.0,0.4567,0.4535,0.4454,0.4419,0.905,o,678.0,187.0,5994.0,153.0
154059,2013,67050.0,0.0,587.0,0.5253,0.5196,0.5053,0.499,0.8561,o,647.0,151.0,6024.0,158.0
154059,2014,61692.0,0.0,506.0,0.4921,0.4882,0.4783,0.474,0.8924,o,652.0,90.0,6073.0,171.0
154059,2015,60226.0,0.0,485.0,0.4832,0.4826,0.4813,0.4806,0.9842,o,614.0,88.0,6140.0,165.0
154059,2016,58849.0,0.0,498.0,0.5077,0.5057,0.5007,0.4984,0.9453,o,673.0,116.0,6214.0,183.0
154059,2017,59333.0,0.0,441.0,0.446,0.4479,0.4528,0.4551,1.0632,o,599.0,219.0,6378.0,203.0
154059,2018,59212.0,0.0,479.0,0.4854,0.4829,0.4768,0.474,0.9308,o,680.0,70.0,6497.0,222.0
154059,2019,60769.0,0.0,512.0,0.5055,0.5079,0.514,0.5168,1.0692,o,653.0,89.0,6599.0,183.0
154059,2020,58385.0,0.0,596.0,0.6125,0.6134,0.6157,0.6167,1.0211,o,568.0,67.0,6734.0,191.0
154059,2021,53965.0,0.0,580.0,0.6449,0.6377,0.6196,0.6117,0.8522,o,517.0,52.0,6759.0,210.0
154059,2022,50186.0,0.0,511.0,0.6109,0.6039,0.5861,0.5783,0.8468,o,535.0,64.0,6550.0,221.0
154059,2023,50435.0,0.0,503.0,0.5984,0.5978,0.5963,0.5957,0.9862,o,478.0,67.0,6414.0,188.0
154059,2024,50592.0,0.0,508.0,0.6025,0.5984,0.5882,0.5837,0.9087,o,594.0,92.0,6436.0,190.0
154095,1998,327095.0,2214.0,0.0,0.8122,0.8257,0.832,0.8405,1.0709,o,,,,
154095,1999,329638.0,2325.0,0.0,0.8464,0.849,0.8502,0.8519,1.013,o,,,,
154095,2000,337282.0,2386.0,0.0,0.8489,0.8547,0.8574,0.8611,1.0289,o,,,,
154095,2001,342759.0,2266.0,0.0,0.7933,0.8133,0.8226,0.8355,1.1092,o,,,,
154095,2002,349915.0,2420.0,0.0,0.8299,0.8487,0.8574,0.8695,1.0977,o,1858.0,,5959.0,
154095,2003,344513.0,2592.0,0.0,0.9028,0.8902,0.8844,0.8766,0.9428,o,1785.0,,6998.0,183.0
154095,2004,329983.0,2584.0,0.0,0.9397,0.8962,0.8769,0.8513,0.8207,o,1700.0,,8152.0,214.0
154095,2005,314245.0,2669.0,0.0,1.0192,0.9659,0.9423,0.9112,0.7993,o,1737.0,,8671.0,229.0
154095,2006,302594.0,2423.0,0.0,0.9609,0.9291,0.9148,0.8958,0.869,o,1768.0,,8728.0,233.0
154095,2007,299923.0,2259.0,0.0,0.9038,0.8955,0.8917,0.8865,0.9621,o,1991.0,,9243.0,245.0
154095,2008,305862.0,2221.0,0.0,0.8714,0.8873,0.8948,0.905,1.0786,o,2015.0,1052.0,9058.0,237.0
154095,2009,311137.0,2268.0,0.0,0.8747,0.9075,0.9229,0.9444,1.1656,o,1946.0,1088.0,9174.0,238.0
154095,2010,316540.0,2347.0,0.0,0.8897,0.9162,0.9287,0.9459,1.1301,o,1978.0,1138.0,9486.0,235.0
154095,2011,319228.0,2198.0,0.0,0.8262,0.8348,0.8388,0.8442,1.0439,o,1937.0,1041.0,9783.0,238.0
154095,2012,312765.0,2440.0,0.0,0.9362,0.931,0.9287,0.9255,0.9773,o,1704.0,985.0,10001.0,249.0
154095,2013,290820.0,2349.0,0.0,0.9693,0.9499,0.9411,0.9293,0.9192,o,1722.0,912.0,10206.0,259.0
154095,2014,279638.0,2357.0,0.0,1.0115,0.979,0.9645,0.9451,0.8731,o,1797.0,904.0,10118.0,260.0
154095,2015,274247.0,2303.0,0.0,1.0077,0.9822,0.9708,0.9554,0.8989,o,1916.0,979.0,10116.0,256.0
154095,2016,273779.0,2166.0,0.0,0.9494,0.9539,0.9559,0.9587,1.0198,o,2000.0,876.0,10134.0,260.0
154095,2017,275113.0,2126.0,0.0,0.9273,0.9576,0.9717,0.9914,1.143,o,1829.0,888.0,10592.0,269.0
154095,2018,272847.0,2184.0,0.0,0.9605,0.9802,0.9893,1.002,1.0881,o,1661.0,766.0,10841.0,269.0
154095,2019,263605.0,2178.0,0.0,0.9915,0.9769,0.9702,0.9612,0.9399,o,1465.0,699.0,10906.0,266.0
154095,2020,246070.0,2235.0,0.0,1.0899,1.0326,1.0073,0.9738,0.7983,o,1482.0,667.0,10743.0,263.0
154095,2021,230983.0,2227.0,0.0,1.157,1.0865,1.0557,1.015,0.7697,o,1553.0,616.0,10433.0,233.0
154095,2022,217533.0,1934.0,0.0,1.0669,1.0317,1.016,0.9949,0.8696,o,1436.0,728.0,9931.0,198.0
154095,2023,208332.0,1992.0,0.0,1.1474,1.1351,1.1295,1.122,0.9562,o,1552.0,821.0,9742.0,227.0
154095,2024,211868.0,1909.0,0.0,1.0812,1.0848,1.0865,1.0887,1.0139,o,1546.0,762.0,9728.0,214.0
154101,1998,34288.0,220.0,7.0,0.7822,0.7753,0.7739,0.7703,0.9698,o,,,,
154101,1999,35746.0,223.0,2.0,0.752,0.7368,0.7337,0.726,0.9322,o,,,,
154101,2000,36185.0,240.0,2.0,0.7992,0.7942,0.7932,0.7906,0.9786,o,,,,
154101,2001,34855.0,224.0,5.0,0.7798,0.7907,0.7929,0.7986,1.0489,o,,,,
154101,2002,37649.0,259.0,6.0,0.8351,0.8455,0.8477,0.8531,1.0437,o,348.0,,23818.0,
154101,2003,37915.0,252.0,4.0,0.8039,0.801,0.8004,0.7989,0.9877,o,311.0,,24284.0,515.0
154101,2004,37058.0,258.0,1.0,0.8371,0.8198,0.8163,0.8076,0.9308,o,357.0,,25356.0,541.0
154101,2005,37551.0,283.0,4.0,0.9108,0.8923,0.8885,0.8791,0.9317,o,374.0,,26333.0,529.0
154101,2006,39292.0,232.0,0.0,0.7085,0.7108,0.7113,0.7125,1.0111,o,363.0,46.0,26892.0,494.0
154101,2007,38679.0,236.0,0.0,0.7322,0.7563,0.7614,0.7743,1.1184,o,324.0,,27670.0,530.0
154101,2008,38507.0,271.0,0.0,0.8445,0.8514,0.8529,0.8564,1.0284,o,293.0,35.0,31678.0,567.0
154101,2009,36091.0,275.0,0.0,0.9144,0.8705,0.8617,0.84,0.844,o,331.0,39.0,33021.0,571.0
154101,2010,35181.0,265.0,0.0,0.9039,0.8613,0.8527,0.8317,0.8467,o,351.0,40.0,31792.0,564.0
154101,2011,35962.0,242.0,0.0,0.8075,0.8058,0.8055,0.8046,0.9927,o,324.0,40.0,32567.0,543.0
154101,2012,35429.0,222.0,0.0,0.7519,0.7718,0.7759,0.7865,1.094,o,302.0,52.0,33512.0,541.0
154101,2013,36163.0,253.0,0.0,0.8395,0.8403,0.8405,0.8409,1.0032,o,284.0,40.0,34409.0,531.0
154101,2014,35787.0,268.0,0.0,0.8987,0.86,0.8522,0.833,0.8592,o,315.0,34.0,35237.0,518.0
154101,2015,34763.0,241.0,0.0,0.8319,0.8036,0.7979,0.7837,0.8874,o,260.0,37.0,36370.0,512.0
154101,2016,32206.0,251.0,0.0,0.9352,0.9125,0.9078,0.8963,0.9185,o,282.0,53.0,37532.0,502.0
154101,2017,32094.0,256.0,0.0,0.9572,0.9358,0.9314,0.9206,0.9249,o,281.0,15.0,37606.0,496.0
154101,2018,31191.0,261.0,0.0,1.0041,0.9862,0.9826,0.9735,0.9399,o,271.0,50.0,37637.0,486.0
154101,2019,29946.0,222.0,0.0,0.8896,0.8791,0.877,0.8716,0.96,o,293.0,42.0,37948.0,475.0
154101,2020,30118.0,215.0,0.0,0.8566,0.8666,0.8686,0.8738,1.0406,o,273.0,28.0,38823.0,470.0
154101,2021,29941.0,239.0,0.0,0.9579,0.9594,0.9597,0.9604,1.0053,o,268.0,29.0,38425.0,471.0
154101,2022,30403.0,221.0,0.0,0.8723,0.8672,0.8662,0.8635,0.9801,o,288.0,33.0,36849.0,458.0
154101,2023,31554.0,244.0,0.0,0.9279,0.9241,0.9233,0.9213,0.9858,o,283.0,27.0,35454.0,443.0
154101,2024,31640.0,246.0,0.0,0.933,0.9354,0.9359,0.9371,1.0088,o,327.0,29.0,35300.0,443.0
154110,1998,71138.0,0.0,379.0,0.3197,0.3204,0.3223,0.3231,1.0334,o,,,,
154110,1999,71372.0,0.0,368.0,0.3094,0.3128,0.3217,0.3258,1.1697,o,,,,
154110,2000,73474.0,0.0,373.0,0.3046,0.3055,0.3077,0.3087,1.0416,o,,,,
154110,2001,82384.0,0.0,409.0,0.2979,0.2987,0.3009,0.3019,1.0415,o,,,,
154110,2002,106763.0,0.0,427.0,0.24,0.2449,0.258,0.264,1.3356,o,1678.0,,4989.0,
154110,2003,117706.0,0.0,478.0,0.2437,0.2493,0.2644,0.2715,1.3874,o,1933.0,,5329.0,86.0
154110,2004,127260.0,0.0,449.0,0.2117,0.2153,0.2247,0.2291,1.2705,o,1914.0,,5572.0,87.0
154110,2005,104436.0,0.0,525.0,0.3016,0.3029,0.3061,0.3075,1.0601,o,900.0,,5769.0,110.0
154110,2006,119700.0,0.0,543.0,0.2722,0.2581,0.2251,0.2118,0.4679,o,666.0,167.0,5883.0,89.0
154110,2007,92163.0,0.0,537.0,0.3496,0.3318,0.29,0.2731,0.4733,o,616.0,437.0,5209.0,142.0
154110,2008,97481.0,0.0,492.0,0.3028,0.2978,0.2852,0.2798,0.7867,o,597.0,721.0,5245.0,111.0
154110,2009,102771.0,0.0,487.0,0.2843,0.2829,0.2793,0.2777,0.9314,o,992.0,324.0,6216.0,116.0
154110,2010,118145.0,0.0,532.0,0.2702,0.2796,0.3055,0.3178,1.6356,o,893.0,272.0,6541.0,112.0
154110,2011,112594.0,0.0,569.0,0.3032,0.3057,0.3122,0.3151,1.124,o,778.0,203.0,6700.0,101.0
154110,2012,103918.0,0.0,599.0,0.3458,0.3412,0.3297,0.3246,0.8255,o,756.0,269.0,6879.0,130.0
154110,2013,100946.0,0.0,550.0,0.3269,0.3246,0.3188,0.3163,0.9048,o,770.0,234.0,6973.0,128.0
154110,2014,94916.0,0.0,525.0,0.3319,0.332,0.3322,0.3323,1.0039,o,625.0,204.0,6867.0,130.0
154110,2015,89995.0,0.0,554.0,0.3694,0.3642,0.3514,0.3458,0.8191,o,621.0,198.0,5958.0,131.0
154110,2016,85723.0,0.0,523.0,0.3661,0.3631,0.3556,0.3523,0.8903,o,537.0,207.0,6062.0,140.0
154110,2017,74623.0,0.0,526.0,0.4229,0.4186,0.4075,0.4027,0.862,o,583.0,194.0,6389.0,154.0
154110,2018,74716.0,0.0,439.0,0.3525,0.3527,0.3531,0.3533,1.0069,o,521.0,220.0,6456.0,140.0
154110,2019,74153.0,0.0,433.0,0.3504,0.3486,0.3441,0.3421,0.9304,o,501.0,205.0,7102.0,140.0
154110,2020,71495.0,0.0,417.0,0.35,0.3476,0.3416,0.3389,0.9076,o,472.0,145.0,7140.0,147.0
154110,2021,67989.0,0.0,454.0,0.4007,0.3984,0.3928,0.3903,0.9237,o,498.0,95.0,7003.0,133.0
154110,2022,67409.0,0.0,368.0,0.3276,0.3281,0.3295,0.3301,1.0236,o,516.0,98.0,6714.0,135.0
154110,2023,68332.0,0.0,358.0,0.3143,0.3157,0.3193,0.3208,1.0639,o,432.0,115.0,6490.0,138.0
154110,2024,69859.0,0.0,420.0,0.3607,0.3567,0.3466,0.3422,0.8521,o,535.0,108.0,6600.0,156.0
154129,1998,23457.0,0.0,80.0,0.2046,0.2066,0.2118,0.2142,1.1484,o,,,,
154129,1999,23966.0,0.0,121.0,0.3029,0.3046,0.3089,0.3108,1.0809,o,,,,
154129,2000,23907.0,0.0,139.0,0.3489,0.3485,0.3476,0.3472,0.9855,o,,,,
154129,2001,22311.0,0.0,78.0,0.2098,0.2084,0.205,0.2036,0.913,o,,,,
154129,2002,23789.0,0.0,117.0,0.2951,0.2973,0.303,0.3056,1.112,o,294.0,,4027.0,
154129,2003,25164.0,0.0,117.0,0.279,0.2746,0.2636,0.2588,0.7967,o,304.0,,4665.0,156.0
154129,2004,25636.0,0.0,163.0,0.3815,0.3781,0.3695,0.3657,0.8799,o,305.0,,4801.0,157.0
154129,2005,24757.0,0.0,124.0,0.3005,0.3009,0.302,0.3025,1.0201,o,237.0,,5107.0,173.0
154129,2006,26690.0,0.0,160.0,0.3597,0.3534,0.3378,0.3311,0.7783,o,197.0,62.0,5656.0,215.0
154129,2007,28512.0,0.0,147.0,0.3093,0.3025,0.2856,0.2784,0.7269,o,225.0,68.0,5762.0,176.0
154129,2008,29668.0,0.0,174.0,0.3519,0.3528,0.3551,0.3561,1.0369,o,225.0,107.0,5795.0,171.0
154129,2009,29551.0,0.0,166.0,0.337,0.3386,0.3425,0.3443,1.0664,o,288.0,127.0,5957.0,174.0
154129,2010,35260.0,0.0,180.0,0.3063,0.3116,0.3258,0.3323,1.28,o,304.0,202.0,6304.0,154.0
154129,2011,35570.0,0.0,188.0,0.3171,0.3209,0.3309,0.3354,1.1852,o,280.0,210.0,6449.0,154.0
154129,2012,34320.0,0.0,227.0,0.3969,0.3953,0.3914,0.3896,0.9459,o,288.0,197.0,6817.0,166.0
154129,2013,35213.0,0.0,228.0,0.3885,0.3881,0.3872,0.3867,0.9863,o,246.0,203.0,6938.0,155.0
154129,2014,33666.0,0.0,221.0,0.3939,0.3899,0.38,0.3756,0.8662,o,246.0,163.0,7070.0,158.0
154129,2015,32793.0,0.0,202.0,0.3696,0.3675,0.3621,0.3597,0.9213,o,276.0,178.0,7128.0,155.0
154129,2016,33281.0,0.0,203.0,0.366,0.3689,0.3767,0.3801,1.122,o,260.0,162.0,7195.0,152.0
154129,2017,33632.0,0.0,233.0,0.4157,0.4156,0.4153,0.4151,0.9962,o,237.0,195.0,7343.0,163.0
154129,2018,32759.0,0.0,215.0,0.3938,0.3904,0.3819,0.3781,0.8843,o,257.0,195.0,7365.0,164.0
154129,2019,34044.0,0.0,205.0,0.3613,0.3621,0.3643,0.3653,1.0342,o,289.0,208.0,7468.0,157.0
154129,2020,34066.0,0.0,222.0,0.391,0.3953,0.4067,0.4118,1.17,o,273.0,86.0,7500.0,138.0
154129,2021,32835.0,0.0,207.0,0.3783,0.3783,0.3783,0.3783,1.0,o,285.0,50.0,7459.0,127.0
154129,2022,32588.0,0.0,211.0,0.3885,0.3889,0.3899,0.3903,1.0142,o,309.0,67.0,7175.0,112.0
154129,2023,33357.0,0.0,208.0,0.3741,0.3768,0.3838,0.387,1.1075,o,330.0,49.0,7111.0,121.0
154129,2024,34540.0,0.0,206.0,0.3578,0.3605,0.3674,0.3705,1.1111,o,322.0,65.0,7110.0,151.0
154156,2001,3238.0,31.0,0.0,1.1489,1.1489,1.1489,1.1489,,n,,,,
154165,1998,1020.0,0.0,0.0,0.0,0.0,0.0,0.0,,-,,,,
154174,2004,4832.0,72.0,14.0,1.9619,2.698,2.8819,3.3981,3.0,o,18.0,,9104.0,
154174,2005,4744.0,90.0,20.0,2.5295,2.912,2.998,3.2245,1.625,o,30.0,,9078.0,
154174,2006,3800.0,78.0,23.0,2.8263,2.7931,2.7862,2.7692,0.96,o,6.0,18.0,9255.0,
154174,2007,3712.0,62.0,16.0,2.2629,1.8738,1.8021,1.6345,0.5217,o,8.0,22.0,9414.0,
154235,1998,51204.0,399.0,0.0,0.9351,0.952,0.9555,0.9644,1.0638,o,,,,
154235,1999,48882.0,429.0,0.0,1.0531,1.0758,1.0805,1.0924,1.076,o,,,,
154235,2000,49594.0,449.0,0.0,1.0864,1.1092,1.1139,1.1259,1.0741,o,,,,
154235,2001,57145.0,432.0,0.0,0.9072,0.9453,0.9533,0.9738,1.1524,o,,,,
154235,2002,60795.0,438.0,0.0,0.8645,0.9221,0.9345,0.9661,1.2488,o,393.0,,25384.0,
154235,2003,62709.0,483.0,0.0,0.9243,1.0029,1.02,1.064,1.3251,o,436.0,,26765.0,580.0
154235,2005,71740.0,553.0,0.0,0.925,0.9723,0.9824,1.0081,1.1877,o,474.0,,28272.0,604.0
154235,2007,77402.0,560.0,0.0,0.8682,0.913,0.9225,0.9468,1.1894,o,510.0,292.0,29430.0,597.0
154235,2008,78591.0,589.0,0.0,0.8993,0.926,0.9316,0.9458,1.1061,o,574.0,272.0,30115.0,608.0
154235,2009,73697.0,647.0,0.0,1.0535,1.0906,1.0985,1.1183,1.1268,o,577.0,284.0,31093.0,621.0
154235,2010,73374.0,656.0,0.0,1.0729,1.1221,1.1326,1.1592,1.1673,o,520.0,264.0,32292.0,627.0
154235,2011,73072.0,609.0,0.0,1.0001,1.0209,1.0252,1.0362,1.0734,o,551.0,221.0,33377.0,639.0
154235,2012,71448.0,620.0,0.0,1.0413,1.0377,1.0369,1.0351,0.988,o,582.0,241.0,33907.0,686.0
154235,2013,71771.0,650.0,0.0,1.0868,1.0818,1.0808,1.0783,0.9844,o,562.0,267.0,34716.0,711.0
154235,2014,71627.0,625.0,0.0,1.0471,1.0599,1.0626,1.0693,1.0428,o,524.0,258.0,35205.0,686.0
154235,2015,72449.0,618.0,0.0,1.0236,1.0278,1.0286,1.0308,1.014,o,448.0,187.0,35953.0,693.0
154235,2016,71891.0,647.0,0.0,1.08,1.033,1.0236,1.0003,0.8579,o,454.0,248.0,36793.0,664.0
154235,2017,64564.0,654.0,0.0,1.2155,1.1346,1.1185,1.0793,0.7885,o,550.0,202.0,37160.0,710.0
154235,2018,63773.0,603.0,0.0,1.1346,1.1091,1.1039,1.091,0.9245,o,506.0,196.0,37408.0,765.0
154235,2019,61507.0,531.0,0.0,1.036,1.0612,1.0665,1.0798,1.0864,o,477.0,209.0,37697.0,748.0
154235,2020,60707.0,489.0,0.0,0.9666,0.991,0.9961,1.0091,1.0898,o,521.0,227.0,38236.0,722.0
154235,2021,61040.0,540.0,0.0,1.0616,1.0598,1.0594,1.0584,0.994,o,493.0,173.0,38236.0,704.0
154235,2022,59319.0,550.0,0.0,1.1126,1.0996,1.0969,1.0903,0.9602,o,459.0,174.0,36828.0,658.0
154235,2023,57446.0,554.0,0.0,1.1573,1.1466,1.1444,1.1389,0.9685,o,422.0,296.0,35785.0,631.0
154235,2024,55859.0,547.0,0.0,1.1751,1.1334,1.1249,1.1041,0.8828,o,383.0,175.0,35598.0,621.0
154262,1998,2610.0,0.0,30.0,0.6897,0.5822,0.5622,0.515,0.5577,o,,,,
154262,1999,2130.0,0.0,30.0,0.8451,0.7744,0.7605,0.727,0.74,o,,,,
154262,2000,2648.0,0.0,22.0,0.4985,0.5818,0.6007,0.6507,1.7037,o,,,,
154262,2001,2648.0,0.0,27.0,0.6118,0.7247,0.7505,0.8192,1.7931,o,,,,
154262,2002,3160.0,0.0,27.0,0.5127,0.5721,0.5852,0.6193,1.4595,o,10.0,,15278.0,
154262,2003,3400.0,0.0,36.0,0.6353,0.5869,0.5773,0.5542,0.7609,o,27.0,,16528.0,485.0
154262,2006,3872.0,0.0,32.0,0.4959,0.5117,0.515,0.5234,1.1143,o,12.0,,17723.0,396.0
154262,2007,3912.0,0.0,36.0,0.5521,0.5341,0.5305,0.5214,0.8919,o,2.0,106.0,17997.0,450.0
154262,2008,3788.0,0.0,42.0,0.6653,0.4742,0.4421,0.3711,0.3111,o,4.0,,19191.0,573.0
154262,2009,4145.0,0.0,23.0,0.3329,0.1935,0.1729,0.1306,0.1538,o,4.0,67.0,19517.0,619.0
154262,2010,4893.0,0.0,29.0,0.3556,0.2358,0.2166,0.1751,0.2424,o,3.0,20.0,21215.0,619.0
154262,2011,4971.0,0.0,68.0,0.8208,0.6713,0.644,0.5804,0.5,o,3.0,85.0,21637.0,598.0
154262,2012,5038.0,0.0,88.0,1.048,1.048,1.048,1.048,1.0,o,4.0,27.0,22069.0,590.0
154262,2013,5002.0,0.0,88.0,1.0556,1.0155,1.0074,0.9874,0.875,o,1.0,63.0,22786.0,633.0
154262,2014,5447.0,0.0,69.0,0.7601,0.6894,0.6756,0.6424,0.7143,o,5.0,76.0,23659.0,571.0
154262,2015,5761.0,6.0,88.0,1.0415,1.0415,1.0415,1.0415,1.0,o,8.0,71.0,24569.0,669.0
154262,2016,6011.0,6.0,72.0,0.8385,1.0033,1.0413,1.1426,1.8571,o,4.0,63.0,25099.0,671.0
154262,2017,6325.0,20.0,71.0,1.053,1.3573,1.4305,1.6312,2.4,o,4.0,54.0,26057.0,662.0
154262,2018,6648.0,29.0,57.0,1.0379,1.1282,1.1479,1.1985,1.3333,o,10.0,50.0,25474.0,632.0
154262,2019,6472.0,43.0,74.0,1.4833,1.5155,1.5223,1.5393,1.0769,o,6.0,50.0,24941.0,747.0
154262,2020,6299.0,43.0,66.0,1.4478,1.5738,1.6012,1.6718,1.3333,o,10.0,49.0,24568.0,679.0
154262,2021,5981.0,40.0,54.0,1.3443,1.6435,1.7133,1.9011,2.0,o,19.0,56.0,24442.0,647.0
154262,2022,5246.0,18.0,48.0,0.9607,1.1866,1.2396,1.3827,2.0714,o,8.0,64.0,22972.0,632.0
154262,2023,5243.0,23.0,49.0,1.0872,1.2653,1.3057,1.4123,1.6875,o,7.0,54.0,21676.0,580.0
154262,2024,5171.0,27.0,62.0,1.346,1.321,1.3159,1.3032,0.9375,o,11.0,53.0,20940.0,588.0
154299,1998,330.0,0.0,0.0,0.0,0.0,0.0,0.0,,-,,,,
154341,1998,2730.0,0.0,0.0,0.0,0.0,0.0,0.0,,-,,,,
154341,1999,3120.0,0.0,0.0,0.0,0.0,0.0,0.0,,-,,,,
154350,1998,53760.0,306.0,0.0,0.683,0.7267,0.7361,0.7601,1.2383,o,,,,
154350,1999,52739.0,404.0,0.0,0.9192,0.9572,0.9652,0.9856,1.1496,o,,,,
154350,2000,50686.0,343.0,0.0,0.8121,0.8151,0.8157,0.8173,1.013,o,,,,
154350,2001,51000.0,367.0,0.0,0.8635,0.8757,0.8783,0.8847,1.0496,o,,,,
154350,2002,49294.0,370.0,0.0,0.9007,0.8883,0.8858,0.8794,0.9533,o,391.0,,27556.0,
154350,2003,53013.0,350.0,0.0,0.7923,0.7903,0.7899,0.7889,0.9915,o,413.0,,28293.0,438.0
154350,2004,54734.0,391.0,0.0,0.8572,0.8851,0.891,0.9059,1.1167,o,394.0,,29698.0,468.0
154350,2005,54617.0,342.0,0.0,0.7514,0.7917,0.8003,0.8222,1.1973,o,336.0,,31604.0,491.0
154350,2006,57084.0,425.0,0.0,0.8934,0.9055,0.908,0.9143,1.0473,o,412.0,109.0,32581.0,500.0
154350,2007,54334.0,416.0,0.0,0.9188,0.8997,0.8958,0.8862,0.9303,o,385.0,108.0,32041.0,536.0
154350,2008,56545.0,394.0,0.0,0.8361,0.8331,0.8325,0.831,0.9876,o,386.0,89.0,34529.0,523.0
154350,2009,55250.0,415.0,0.0,0.9014,0.9158,0.9188,0.9263,1.0562,o,390.0,105.0,33950.0,538.0
154350,2010,56300.0,436.0,0.0,0.9293,0.9393,0.9413,0.9465,1.0374,o,375.0,80.0,36785.0,535.0
154350,2011,53529.0,403.0,0.0,0.9034,0.8928,0.8906,0.8851,0.9598,o,356.0,106.0,37463.0,552.0
154350,2012,55296.0,434.0,0.0,0.9418,0.9274,0.9244,0.9171,0.9481,o,418.0,85.0,38265.0,539.0
154350,2013,54748.0,463.0,0.0,1.0148,1.0141,1.0139,1.0135,0.9974,o,377.0,111.0,39474.0,533.0
154350,2014,53741.0,393.0,0.0,0.8775,0.8874,0.8894,0.8946,1.0392,o,346.0,91.0,40813.0,544.0
154350,2015,52091.0,365.0,0.0,0.8408,0.8382,0.8376,0.8362,0.9891,o,322.0,114.0,42493.0,571.0
154350,2016,50436.0,413.0,0.0,0.9826,0.9415,0.9333,0.9129,0.863,o,348.0,77.0,44306.0,590.0
154350,2017,49334.0,420.0,0.0,1.0216,0.9722,0.9622,0.9379,0.8428,o,298.0,75.0,45734.0,587.0
154350,2018,45130.0,367.0,0.0,0.9758,0.9445,0.9381,0.9224,0.8935,o,360.0,86.0,46938.0,593.0
154350,2019,43491.0,347.0,0.0,0.9574,0.9533,0.9524,0.9502,0.985,o,294.0,74.0,47764.0,567.0
154350,2020,40165.0,323.0,0.0,0.965,0.9583,0.9569,0.9534,0.9761,o,295.0,63.0,48878.0,564.0
154350,2021,38410.0,256.0,0.0,0.7998,0.7787,0.7743,0.7637,0.9118,o,287.0,66.0,49311.0,525.0
154350,2022,35454.0,298.0,0.0,1.0086,0.9734,0.9662,0.9486,0.8845,o,302.0,52.0,48303.0,496.0
154350,2023,34960.0,265.0,0.0,0.9096,0.8824,0.8769,0.8632,0.9006,o,342.0,48.0,46694.0,451.0
154350,2024,35762.0,247.0,0.0,0.8288,0.8505,0.8551,0.8666,1.0934,o,381.0,51.0,46212.0,424.0
154378,1998,60680.0,0.0,364.0,0.3599,0.3619,0.3669,0.3691,1.0794,o,,,,
154378,1999,60075.0,0.0,387.0,0.3865,0.3851,0.3815,0.3799,0.9488,o,,,,
154378,2000,61545.0,0.0,370.0,0.3607,0.3601,0.3584,0.3576,0.9744,o,,,,
154378,2001,62556.0,0.0,373.0,0.3578,0.3592,0.3628,0.3644,1.0577,o,,,,
154378,2002,89356.0,0.0,420.0,0.282,0.2803,0.2759,0.274,0.916,o,1041.0,,3846.0,
154378,2003,93283.0,0.0,412.0,0.265,0.2668,0.2714,0.2735,1.0998,o,1006.0,,4078.0,92.0
154378,2004,95850.0,0.0,424.0,0.2654,0.2661,0.268,0.2689,1.0398,o,1061.0,,4229.0,98.0
154378,2005,75157.0,0.0,520.0,0.4151,0.4162,0.4189,0.4201,1.0366,o,916.0,,4491.0,121.0
154378,2006,75217.0,0.0,466.0,0.3717,0.3686,0.3607,0.3572,0.8863,o,604.0,271.0,4534.0,128.0
154378,2007,73333.0,0.0,462.0,0.378,0.3652,0.3342,0.3213,0.611,o,400.0,177.0,4628.0,133.0
154378,2008,74034.0,0.0,472.0,0.3825,0.3657,0.3258,0.3095,0.5263,o,386.0,270.0,4697.0,120.0
154378,2009,75816.0,0.0,484.0,0.383,0.3761,0.3587,0.3512,0.7689,o,538.0,336.0,4964.0,110.0
154378,2010,86246.0,0.0,567.0,0.3945,0.4032,0.4267,0.4375,1.369,o,434.0,22.0,5146.0,112.0
154378,2011,80883.0,0.0,566.0,0.4199,0.418,0.4134,0.4113,0.9394,o,399.0,41.0,5277.0,108.0
154378,2012,70704.0,0.0,524.0,0.4447,0.4386,0.4233,0.4166,0.821,o,358.0,150.0,5510.0,115.0
154378,2013,67522.0,0.0,430.0,0.3821,0.3781,0.3679,0.3635,0.8595,o,381.0,102.0,5695.0,118.0
154378,2014,60656.0,0.0,530.0,0.5243,0.5245,0.5251,0.5254,1.0066,o,441.0,180.0,5727.0,129.0
154378,2015,60422.0,0.0,514.0,0.5104,0.5168,0.5335,0.5411,1.1935,o,410.0,626.0,5992.0,135.0
154378,2016,54693.0,0.0,459.0,0.5035,0.5035,0.5032,0.5031,0.9976,o,494.0,191.0,6417.0,157.0
154378,2017,57724.0,0.0,413.0,0.4293,0.4338,0.4456,0.451,1.161,o,507.0,113.0,6654.0,139.0
154378,2018,54100.0,0.0,378.0,0.4192,0.4226,0.4314,0.4354,1.1217,o,529.0,81.0,6730.0,136.0
154378,2019,53262.0,0.0,429.0,0.4833,0.4851,0.49,0.4922,1.0569,o,534.0,58.0,6809.0,139.0
154378,2020,50861.0,0.0,365.0,0.4306,0.4315,0.4339,0.4349,1.0309,o,471.0,62.0,6815.0,136.0
154378,2021,48161.0,0.0,408.0,0.5083,0.504,0.4932,0.4884,0.8862,o,540.0,37.0,6898.0,139.0
154378,2022,49316.0,0.0,388.0,0.4721,0.4744,0.4806,0.4834,1.0746,o,568.0,50.0,6681.0,157.0
154378,2023,52065.0,0.0,441.0,0.5082,0.5124,0.5232,0.5281,1.1236,o,581.0,39.0,6428.0,145.0
154378,2024,54074.0,0.0,400.0,0.4438,0.4453,0.4491,0.4509,1.0487,o,665.0,44.0,6300.0,133.0
154396,1998,28660.0,0.0,206.0,0.4313,0.4251,0.4095,0.4027,0.8128,o,,,,
154396,1999,28262.0,0.0,173.0,0.3673,0.3613,0.3463,0.3399,0.7904,o,,,,
154396,2000,28192.0,0.0,193.0,0.4108,0.412,0.4153,0.4167,1.0447,o,,,,
154396,2002,29222.0,0.0,174.0,0.3573,0.3536,0.3444,0.3404,0.8639,o,288.0,,4379.0,
154396,2003,30969.0,0.0,234.0,0.4534,0.4492,0.4387,0.4341,0.8767,o,329.0,,5142.0,95.0
154396,2004,30883.0,0.0,210.0,0.408,0.4107,0.4177,0.4208,1.0985,o,278.0,,5148.0,102.0
154396,2006,29500.0,0.0,189.0,0.3844,0.3844,0.3842,0.3842,0.9984,o,311.0,87.0,5435.0,117.0
154396,2007,32455.0,0.0,187.0,0.3457,0.3474,0.3517,0.3536,1.0706,o,302.0,69.0,5444.0,115.0
154396,2008,32183.0,0.0,215.0,0.4008,0.4004,0.3992,0.3987,0.9837,o,236.0,99.0,5378.0,119.0
154396,2009,32217.0,0.0,234.0,0.4358,0.4279,0.4082,0.3998,0.77,o,351.0,135.0,5289.0,122.0
154396,2010,36586.0,0.0,202.0,0.3313,0.3375,0.3541,0.3617,1.3048,o,387.0,114.0,5489.0,101.0
154396,2011,39082.0,0.0,247.0,0.3792,0.3866,0.4063,0.4154,1.3186,o,344.0,202.0,5612.0,97.0
154396,2012,36911.0,0.0,242.0,0.3934,0.3915,0.3865,0.3844,0.9322,o,292.0,96.0,5755.0,102.0
154396,2013,34470.0,0.0,250.0,0.4352,0.4284,0.4114,0.4041,0.7989,o,313.0,100.0,5935.0,107.0
154396,2014,32577.0,0.0,223.0,0.4107,0.4103,0.4091,0.4086,0.9843,o,309.0,110.0,6122.0,114.0
154396,2015,34093.0,0.0,238.0,0.4189,0.4195,0.4211,0.4218,1.0215,o,329.0,94.0,6266.0,125.0
154396,2016,34601.0,0.0,267.0,0.463,0.4648,0.4696,0.4717,1.0579,o,310.0,101.0,6949.0,130.0
154396,2017,34123.0,0.0,238.0,0.4185,0.4176,0.4155,0.4146,0.9718,o,315.0,97.0,6999.0,137.0
154396,2018,33777.0,0.0,249.0,0.4423,0.4419,0.4407,0.4402,0.9859,o,292.0,75.0,7059.0,123.0
154396,2019,32889.0,0.0,249.0,0.4543,0.4521,0.4466,0.4442,0.9344,o,285.0,93.0,7185.0,119.0
154396,2020,31798.0,0.0,263.0,0.4963,0.4941,0.4885,0.4861,0.939,o,245.0,85.0,7346.0,105.0
154396,2021,30117.0,0.0,247.0,0.4921,0.4865,0.4724,0.4662,0.8492,o,287.0,66.0,7396.0,144.0
154396,2022,30868.0,0.0,228.0,0.4432,0.4457,0.4521,0.455,1.083,o,310.0,78.0,7197.0,138.0
154396,2023,32410.0,0.0,278.0,0.5147,0.5202,0.5347,0.5413,1.1654,o,284.0,73.0,7022.0,135.0
154396,2024,31839.0,0.0,260.0,0.49,0.4883,0.4839,0.482,0.9514,o,285.0,64.0,7024.0,140.0
154411,1998,240.0,0.0,0.0,0.0,0.0,0.0,0.0,,-,,,,
154439,2001,32.0,0.0,0.0,0.0,0.0,0.0,0.0,,n,,,,
154466,1998,1050.0,0.0,0.0,0.0,0.0,0.0,0.0,,-,,,,
154466,1999,1410.0,0.0,0.0,0.0,0.0,0.0,0.0,,-,,,,
154484,1999,480.0,0.0,0.0,0.0,0.0,0.0,0.0,,-,,,,
154493,1998,84171.0,928.0,22.0,1.3387,1.2556,1.2391,1.1987,0.8018,o,,,,
154493,1999,88335.0,973.0,23.0,1.3374,1.3479,1.3501,1.3556,1.0274,o,,,,
154493,2000,92294.0,926.0,26.0,1.2209,1.3009,1.3181,1.3621,1.2447,o,,,,
154493,2001,96320.0,954.0,26.0,1.2047,1.2943,1.3136,1.3632,1.2804,o,,,,
154493,2002,91658.0,1011.0,17.0,1.3347,1.3028,1.2963,1.2802,0.9199,o,109.0,,22269.0,
154493,2003,95642.0,884.0,37.0,1.1323,1.0067,0.9825,0.9246,0.6667,o,146.0,,23886.0,264.0
154493,2004,96752.0,854.0,29.0,1.0772,0.9851,0.9671,0.9234,0.7349,o,140.0,,24968.0,278.0
154493,2005,123150.0,997.0,45.0,0.9934,0.9705,0.9658,0.9542,0.9226,o,128.0,,26648.0,235.0
154493,2006,116520.0,860.0,27.0,0.8996,0.9357,0.9433,0.9627,1.1453,o,174.0,,28133.0,267.0
154493,2007,105082.0,1077.0,36.0,1.2505,1.3133,1.3267,1.3608,1.1843,o,164.0,813.0,28399.0,327.0
154493,2008,107482.0,1002.0,41.0,1.1416,1.1983,1.2103,1.241,1.1818,o,188.0,841.0,28718.0,327.0
154493,2009,121485.0,1097.0,70.0,1.1182,1.2102,1.2301,1.2815,1.3134,o,179.0,1083.0,29363.0,312.0
154493,2010,129796.0,950.0,46.0,0.8996,0.9519,0.9631,0.9917,1.2152,o,273.0,511.0,30617.0,298.0
154493,2011,153080.0,1226.0,69.0,0.9881,1.075,1.0939,1.1427,1.3373,o,218.0,513.0,31199.0,269.0
154493,2012,165756.0,1388.0,98.0,1.0403,1.1457,1.1688,1.2287,1.3949,o,246.0,319.0,31779.0,356.0
154493,2013,144768.0,1594.0,141.0,1.3797,1.4768,1.4978,1.5514,1.2643,o,267.0,183.0,32618.0,396.0
154493,2014,165891.0,1375.0,113.0,1.0355,1.0742,1.0824,1.1032,1.135,o,371.0,69.0,32125.0,327.0
154493,2015,146863.0,1402.0,147.0,1.2056,1.3007,1.3213,1.3743,1.2994,o,271.0,556.0,35031.0,373.0
154493,2016,142170.0,1212.0,99.0,1.0648,1.1699,1.1929,1.2525,1.3836,o,234.0,547.0,36395.0,405.0
154493,2017,134861.0,1052.0,103.0,0.9819,0.9774,0.9765,0.9742,0.9844,o,219.0,500.0,36829.0,405.0
154493,2018,118954.0,1100.0,144.0,1.1823,1.0705,1.0488,0.9963,0.71,o,186.0,201.0,36890.0,402.0
154493,2019,106142.0,1096.0,131.0,1.3131,1.1489,1.1176,1.043,0.6308,o,211.0,436.0,37155.0,414.0
154493,2020,97304.0,962.0,135.0,1.2696,1.1841,1.1671,1.1257,0.7861,o,211.0,336.0,38084.0,415.0
154493,2021,98541.0,933.0,102.0,1.1983,1.1739,1.1689,1.1566,0.9316,o,200.0,253.0,38454.0,354.0
154493,2022,83284.0,834.0,79.0,1.2586,1.264,1.2651,1.2679,1.0148,o,216.0,354.0,36870.0,307.0
154493,2023,69246.0,633.0,54.0,1.1437,1.1594,1.1626,1.1708,1.0479,o,158.0,267.0,34821.0,310.0
154493,2024,53637.0,590.0,78.0,1.4072,1.3588,1.349,1.3248,0.8863,o,148.0,240.0,19000.0,370.0
154509,1998,1458.0,0.0,0.0,0.0,0.0,0.0,0.0,0.2336,i,,,,
154509,1999,1466.0,1.0,0.0,0.0819,0.0632,0.0599,0.0524,0.4097,i,,,,
154509,2000,1847.0,1.0,2.0,0.1299,0.1282,0.1278,0.127,0.9545,o,,,,
154509,2002,1673.0,9.0,0.0,0.6455,0.7894,0.823,0.9133,2.0014,i,26.0,,14516.0,
154509,2003,2046.0,15.0,3.0,0.9677,1.2373,1.3018,1.4782,2.3333,o,21.0,,15328.0,389.0
154509,2004,2127.0,4.0,3.0,0.3103,0.3644,0.3767,0.4094,1.7407,o,10.0,,14328.0,245.0
154509,2005,1652.0,13.0,4.0,1.0896,1.0047,0.988,0.9474,0.7561,o,24.0,,14518.0,372.0
154509,2006,1897.0,9.0,4.0,0.6958,0.6259,0.6123,0.5796,0.6939,o,17.0,9.0,14054.0,349.0
154509,2007,2203.0,11.0,2.0,0.6537,0.6283,0.6231,0.6105,0.8723,o,11.0,8.0,13974.0,352.0
154509,2008,1995.0,5.0,6.0,0.4812,0.4672,0.4644,0.4573,0.9032,o,,,14531.0,
154518,1998,20787.0,26.0,166.0,0.6292,0.6292,0.6292,0.6292,,-,,,,
154518,1999,19724.0,44.0,156.0,0.7422,0.7422,0.7422,0.7422,,-,,,,
154518,2000,19008.0,57.0,132.0,0.7765,0.7765,0.7765,0.7765,,-,,,,
154518,2001,18430.0,76.0,126.0,0.905,0.905,0.905,0.905,,-,,,,
154518,2002,19950.0,66.0,145.0,0.8331,0.8331,0.8331,0.8331,,-,172.0,,24819.0,
154518,2003,16823.0,82.0,96.0,0.9273,0.9273,0.9273,0.9273,,-,189.0,,25934.0,387.0
154518,2004,16287.0,112.0,37.0,0.9615,0.9615,0.9615,0.9615,,-,195.0,,22656.0,399.0
154518,2005,18465.0,62.0,17.0,0.4582,0.4582,0.4582,0.4582,,-,163.0,,22856.0,408.0
154518,2006,19199.0,83.0,17.0,0.5719,0.5719,0.5719,0.5719,,-,172.0,57.0,23348.0,426.0
154518,2007,19858.0,130.0,10.0,0.8158,0.8158,0.8158,0.8158,,-,141.0,76.0,24024.0,430.0
154518,2008,18400.0,127.0,14.0,0.8739,0.8739,0.8739,0.8739,,-,118.0,53.0,27183.0,436.0
154518,2009,16715.0,121.0,1.0,0.8723,0.8723,0.8723,0.8723,,-,145.0,66.0,28854.0,458.0
154518,2010,15921.0,123.0,2.0,0.9346,0.9346,0.9346,0.9346,,-,202.0,94.0,29382.0,224.0
154518,2011,17551.0,124.0,2.0,0.8547,0.8547,0.8547,0.8547,,-,169.0,162.0,26188.0,387.0
154518,2013,22851.0,204.0,9.0,1.0949,1.0949,1.0949,1.0949,,-,120.0,183.0,26495.0,417.0
154518,2014,35219.0,233.0,28.0,0.8416,0.8416,0.8416,0.8416,,-,147.0,222.0,26748.0,305.0
154518,2015,41637.0,331.0,42.0,1.0145,1.0145,1.0145,1.0145,,-,204.0,406.0,26522.0,331.0
154518,2016,46792.0,368.0,82.0,1.0489,1.0489,1.0489,1.0489,,-,146.0,415.0,27075.0,304.0
154518,2017,52570.0,467.0,154.0,1.2418,1.2418,1.2418,1.2418,,-,159.0,353.0,27102.0,316.0
154518,2018,59002.0,573.0,146.0,1.3139,1.3139,1.3139,1.3139,,-,253.0,307.0,26999.0,299.0
154518,2019,60221.0,674.0,161.0,1.5035,1.5035,1.5035,1.5035,,-,183.0,317.0,26937.0,313.0
154518,2020,62438.0,695.0,178.0,1.5068,1.5068,1.5068,1.5068,,-,162.0,249.0,26866.0,318.0
154518,2021,51517.0,540.0,177.0,1.464,1.464,1.464,1.464,,-,191.0,180.0,26949.0,374.0
154518,2022,53277.0,592.0,116.0,1.464,1.464,1.464,1.464,,-,153.0,371.0,25962.0,327.0
154518,2023,65790.0,640.0,132.0,1.2877,1.2877,1.2877,1.2877,,-,158.0,285.0,25388.0,259.0
154518,2024,50019.0,588.0,130.0,1.5666,1.5666,1.5666,1.5666,,-,160.0,228.0,25220.0,376.0
154527,1998,48917.0,300.0,0.0,0.7359,0.77,0.7773,0.7957,1.1689,o,,,,
154527,1999,48844.0,313.0,0.0,0.769,0.7996,0.8061,0.8226,1.1443,o,,,,
154527,2001,51427.0,324.0,0.0,0.756,0.7859,0.7923,0.8084,1.1432,o,,,,
154527,2002,50209.0,310.0,0.0,0.7409,0.7857,0.7953,0.8198,1.2242,o,515.0,,28694.0,
154527,2003,53093.0,343.0,0.0,0.7752,0.8196,0.8291,0.8533,1.2116,o,508.0,,29790.0,532.0
154527,2004,55125.0,346.0,0.0,0.7532,0.7812,0.7871,0.8021,1.1341,o,499.0,,30762.0,548.0
154527,2005,56561.0,368.0,0.0,0.7807,0.7914,0.7936,0.7992,1.0479,o,519.0,,31709.0,547.0
154527,2006,56920.0,382.0,0.0,0.8053,0.8131,0.8147,0.8187,1.0335,o,505.0,43.0,32922.0,557.0
154527,2007,55485.0,406.0,0.0,0.8781,0.8783,0.8784,0.8785,1.001,o,545.0,39.0,33892.0,559.0
154527,2008,56331.0,350.0,0.0,0.7456,0.7547,0.7566,0.7613,1.0427,o,514.0,36.0,35559.0,591.0
154527,2009,56685.0,375.0,0.0,0.7939,0.803,0.8049,0.8097,1.0403,o,480.0,42.0,37639.0,616.0
154527,2010,56706.0,366.0,0.0,0.7745,0.7679,0.7665,0.7631,0.9707,o,484.0,44.0,39240.0,623.0
154527,2011,56585.0,401.0,0.0,0.8504,0.8296,0.8253,0.8148,0.9181,o,510.0,37.0,40510.0,626.0
154527,2012,57433.0,383.0,0.0,0.8002,0.7857,0.7827,0.7753,0.9386,o,484.0,26.0,42125.0,635.0
154527,2013,54372.0,392.0,0.0,0.8652,0.8652,0.8652,0.8652,1.0,o,451.0,36.0,43767.0,675.0
154527,2014,53653.0,382.0,0.0,0.8544,0.8468,0.8453,0.8414,0.9699,o,464.0,28.0,45093.0,673.0
154527,2015,51325.0,350.0,0.0,0.8183,0.7989,0.7949,0.7851,0.9205,o,366.0,31.0,47153.0,700.0
154527,2016,47413.0,392.0,0.0,0.9921,0.9416,0.9315,0.9066,0.835,o,445.0,28.0,48214.0,686.0
154527,2017,46010.0,306.0,0.0,0.7981,0.7658,0.7593,0.7433,0.8674,o,451.0,23.0,48926.0,660.0
154527,2018,46939.0,364.0,0.0,0.9306,0.9249,0.9238,0.9209,0.9792,o,469.0,25.0,49514.0,642.0
154527,2019,46778.0,269.0,0.0,0.6901,0.711,0.7154,0.7265,1.1084,o,398.0,25.0,50370.0,616.0
154527,2020,46629.0,317.0,0.0,0.8158,0.8318,0.8351,0.8435,1.0691,o,468.0,27.0,52801.0,661.0
154527,2021,46783.0,260.0,0.0,0.6669,0.6604,0.659,0.6556,0.9665,o,413.0,26.0,53319.0,659.0
154527,2022,45685.0,316.0,0.0,0.83,0.8197,0.8175,0.8122,0.9576,o,351.0,26.0,52109.0,604.0
154527,2023,42543.0,325.0,0.0,0.9167,0.8837,0.877,0.8605,0.8812,o,424.0,47.0,50919.0,562.0
154527,2024,44104.0,279.0,0.0,0.7591,0.7351,0.7302,0.7181,0.8949,o,402.0,40.0,51040.0,526.0
154572,1998,73545.0,0.0,396.0,0.3231,0.3337,0.3629,0.3766,1.5913,o,,,,
154572,1999,79117.0,0.0,379.0,0.2874,0.2697,0.229,0.213,0.4032,o,,,,
154572,2000,80218.0,0.0,403.0,0.3014,0.2963,0.2834,0.2778,0.7809,o,,,,
154572,2001,80487.0,0.0,403.0,0.3004,0.3237,0.3924,0.4274,2.9096,o,,,,
154572,2002,111632.0,0.0,431.0,0.2317,0.2416,0.2693,0.2825,1.8252,o,2204.0,,4469.0,
154572,2003,125755.0,0.0,411.0,0.1961,0.1992,0.2075,0.2113,1.2548,o,410.0,,4690.0,76.0
154572,2004,128430.0,0.0,429.0,0.2004,0.1788,0.1333,0.117,0.1958,o,546.0,,4826.0,75.0
154572,2005,106498.0,0.0,406.0,0.2287,0.2152,0.1839,0.1715,0.4178,o,431.0,,5070.0,103.0
154572,2006,102455.0,0.0,454.0,0.2659,0.264,0.2591,0.2569,0.9017,o,363.0,,5048.0,105.0
154572,2007,101626.0,0.0,485.0,0.2863,0.2805,0.2659,0.2596,0.7431,o,390.0,398.0,5081.0,102.0
154572,2008,99937.0,0.0,436.0,0.2618,0.2614,0.2606,0.2602,0.9824,o,415.0,324.0,5158.0,102.0
154572,2009,96903.0,0.0,413.0,0.2557,0.2575,0.262,0.2641,1.1023,o,423.0,220.0,5309.0,109.0
154572,2010,111094.0,0.0,391.0,0.2112,0.2119,0.2138,0.2147,1.0509,o,421.0,1198.0,5596.0,79.0
154572,2011,124995.0,0.0,511.0,0.2453,0.2454,0.2456,0.2457,1.0048,o,880.0,1228.0,4473.0,69.0
154572,2012,112011.0,0.0,549.0,0.2941,0.3096,0.3534,0.3748,2.0853,o,716.0,293.0,4555.0,89.0
154572,2013,106334.0,0.0,528.0,0.2979,0.2999,0.3052,0.3075,1.1007,o,570.0,1173.0,4604.0,92.0
154572,2014,111033.0,0.0,554.0,0.2994,0.2924,0.2752,0.2679,0.7143,o,525.0,1150.0,4645.0,88.0
154572,2015,112980.0,0.0,556.0,0.2953,0.2911,0.2807,0.2762,0.8165,o,689.0,256.0,4731.0,92.0
154572,2016,108340.0,0.0,535.0,0.2963,0.3011,0.3138,0.3196,1.2584,o,653.0,234.0,5321.0,123.0
154572,2017,99135.0,0.0,532.0,0.322,0.3236,0.3279,0.3298,1.0758,o,559.0,463.0,5354.0,132.0
154572,2018,99357.0,0.0,514.0,0.3104,0.3065,0.2965,0.2922,0.8331,o,764.0,332.0,5234.0,137.0
154572,2019,95167.0,0.0,489.0,0.3083,0.3133,0.3267,0.3328,1.2607,o,814.0,912.0,5213.0,143.0
154572,2020,97051.0,0.0,489.0,0.3023,0.3067,0.3184,0.3237,1.2305,o,870.0,333.0,5250.0,141.0
154572,2021,90460.0,0.0,422.0,0.2799,0.2818,0.2868,0.2891,1.1027,o,735.0,290.0,5239.0,145.0
154572,2022,88881.0,0.0,479.0,0.3234,0.3203,0.3126,0.3092,0.8729,o,677.0,323.0,5268.0,139.0
154572,2023,88058.0,0.0,435.0,0.2964,0.2929,0.2841,0.2802,0.8436,o,799.0,331.0,5095.0,141.0
154572,2024,92788.0,0.0,398.0,0.2574,0.2596,0.2654,0.2681,1.1317,o,800.0,295.0,5042.0,127.0
154590,1998,29670.0,88.0,0.0,0.3559,0.4251,0.441,0.4834,1.8448,o,,,,
154590,2000,33895.0,170.0,0.0,0.6019,0.8171,0.8705,1.0196,2.87,o,,,,
154590,2003,36519.0,264.0,78.0,0.9956,1.0313,1.0388,1.0579,1.1289,o,237.0,,23203.0,292.0
154590,2004,47500.0,253.0,25.0,0.6707,0.6348,0.6276,0.61,0.8272,o,367.0,,23532.0,216.0
154590,2005,36812.0,254.0,20.0,0.8606,0.8815,0.8859,0.897,1.0863,o,462.0,,23506.0,305.0
154590,2006,55830.0,305.0,62.0,0.7222,0.7757,0.7872,0.8169,1.2793,o,202.0,,23892.0,221.0
154590,2007,45450.0,336.0,121.0,1.0469,1.1257,1.1427,1.1864,1.2843,o,290.0,305.0,24114.0,295.0
154590,2008,41717.0,373.0,48.0,1.142,1.076,1.0629,1.0307,0.8146,o,195.0,259.0,24701.0,359.0
154590,2009,45827.0,364.0,73.0,1.0487,0.8977,0.8693,0.8022,0.585,o,237.0,182.0,25415.0,321.0
154590,2010,40795.0,364.0,103.0,1.2222,1.079,1.0515,0.9858,0.6506,o,269.0,168.0,27066.0,377.0
154590,2011,52232.0,351.0,47.0,0.8604,0.8674,0.8689,0.8725,1.0285,o,278.0,308.0,28245.0,300.0
154590,2012,34598.0,353.0,67.0,1.3405,1.3881,1.3982,1.4236,1.1278,o,256.0,157.0,29553.0,535.0
154590,2013,42289.0,301.0,91.0,0.9832,1.0456,1.059,1.0932,1.2361,o,264.0,217.0,31027.0,425.0
154590,2014,42769.0,292.0,72.0,0.9203,0.9276,0.9291,0.9329,1.0277,o,337.0,184.0,30558.0,405.0
154590,2015,42656.0,302.0,32.0,0.8946,0.9194,0.9246,0.9377,1.0987,o,312.0,152.0,30652.0,404.0
154590,2016,43057.0,306.0,44.0,0.9141,0.9673,0.9787,1.0078,1.2154,o,241.0,166.0,31024.0,388.0
154590,2017,38507.0,235.0,35.0,0.7869,0.801,0.804,0.8115,1.0635,o,278.0,173.0,31245.0,393.0
154590,2018,35973.0,275.0,7.0,0.929,0.8903,0.8825,0.8633,0.8636,o,282.0,179.0,31157.0,407.0
154590,2019,33057.0,265.0,2.0,0.9656,0.9252,0.917,0.897,0.8629,o,363.0,172.0,31237.0,395.0
154590,2020,34340.0,207.0,1.0,0.7251,0.7582,0.7652,0.7831,1.1664,o,334.0,155.0,31371.0,389.0
154590,2021,36813.0,192.0,0.0,0.6259,0.6817,0.6939,0.7253,1.343,o,320.0,131.0,31048.0,381.0
154590,2022,38016.0,196.0,0.0,0.6187,0.6472,0.6532,0.6686,1.1679,o,317.0,181.0,29839.0,369.0
154590,2023,40827.0,265.0,0.0,0.7789,0.7761,0.7755,0.7741,0.9876,o,298.0,224.0,28777.0,348.0
154590,2024,42015.0,298.0,0.0,0.8511,0.8208,0.8146,0.7995,0.8824,o,286.0,170.0,28750.0,354.0
260901,1998,18697.0,0.0,51.0,0.1637,0.1637,0.1637,0.1637,,x,,,,
260901,1999,10663.0,0.0,45.0,0.2532,0.2532,0.2532,0.2532,,x,,,,
260901,2000,8918.0,0.0,70.0,0.471,0.471,0.471,0.471,,x,,,,
260901,2001,15315.0,0.0,67.0,0.2625,0.2625,0.2625,0.2625,,x,,,,
260901,2004,263605.0,112.0,393.0,0.1404,0.1404,0.1404,0.1404,,x,2102.0,,17612.0,115.0
260901,2005,465569.0,165.0,731.0,0.1367,0.1367,0.1367,0.1367,,x,3233.0,,18542.0,174.0
260901,2006,675665.0,771.0,1971.0,0.312,0.312,0.312,0.312,,x,3510.0,,18697.0,91.0
260901,2007,731652.0,1561.0,2189.0,0.4355,0.4355,0.4355,0.4355,,x,5206.0,6226.0,19600.0,204.0
260901,2008,1082845.0,1943.0,1866.0,0.3187,0.3187,0.3187,0.3187,,x,6835.0,7347.0,17296.0,90.0
260901,2009,2881371.0,2394.0,1932.0,0.1399,0.1399,0.1399,0.1399,,x,6460.0,8505.0,17835.0,76.0
260901,2010,2620985.0,3268.0,3280.0,0.2247,0.2247,0.2247,0.2247,,x,3559.0,6016.0,18595.0,420.0
260901,2011,2396668.0,5514.0,4781.0,0.3958,0.3958,0.3958,0.3958,,x,458.0,9374.0,21814.0,540.0
260901,2012,1967141.0,6415.0,4677.0,0.534,0.534,0.534,0.534,,x,2983.0,6816.0,16697.0,440.0
260901,2013,1511922.0,5601.0,3097.0,0.5674,0.5674,0.5674,0.5674,,x,4984.0,8818.0,18267.0,429.0
260901,2014,1630778.0,4771.0,3250.0,0.4706,0.4706,0.4706,0.4706,,x,3805.0,9420.0,18279.0,375.0
260901,2015,1550423.0,4285.0,3362.0,0.4618,0.4618,0.4618,0.4618,,x,1194.0,5475.0,18219.0,342.0
260901,2016,1190952.0,4241.0,3296.0,0.5934,0.5934,0.5934,0.5934,,x,1427.0,5501.0,18463.0,397.0
260901,2017,964235.0,3767.0,2412.0,0.6189,0.6189,0.6189,0.6189,,x,1741.0,4689.0,18261.0,389.0
260901,2018,853523.0,3216.0,1826.0,0.5805,0.5805,0.5805,0.5805,,x,958.0,4153.0,17776.0,369.0
260910,1999,9192.0,0.0,44.0,0.2872,0.2872,0.2872,0.2872,,x,,,,
260910,2001,11407.0,0.0,71.0,0.3735,0.3735,0.3735,0.3735,,x,,,,
260910,2002,16903.0,8.0,113.0,0.4579,0.4579,0.4579,0.4579,,x,229.0,,16214.0,
260910,2003,20809.0,27.0,185.0,0.6891,0.6891,0.6891,0.6891,,x,258.0,,16559.0,
260910,2004,23039.0,29.0,176.0,0.6094,0.6094,0.6094,0.6094,,x,108.0,,17612.0,
260910,2005,23029.0,34.0,94.0,0.4221,0.4221,0.4221,0.4221,,x,94.0,,18542.0,93.0
260910,2006,22866.0,57.0,222.0,0.8817,0.8817,0.8817,0.8817,,x,82.0,,18697.0,113.0
260910,2007,21149.0,56.0,138.0,0.7093,0.7093,0.7093,0.7093,,x,53.0,74.0,19396.0,135.0
260910,2008,25813.0,40.0,131.0,0.4904,0.4904,0.4904,0.4904,,x,36.0,99.0,19052.0,99.0
260910,2009,28212.0,38.0,113.0,0.402,0.402,0.402,0.402,,x,87.0,105.0,20244.0,22.0
260910,2010,45210.0,41.0,124.0,0.2734,0.2734,0.2734,0.2734,,x,46.0,70.0,20813.0,341.0
260910,2012,25857.0,62.0,126.0,0.5801,0.5801,0.5801,0.5801,,x,21.0,82.0,27867.0,447.0
260910,2013,24322.0,36.0,94.0,0.4095,0.4095,0.4095,0.4095,,x,28.0,108.0,20489.0,387.0
260910,2015,17751.0,24.0,87.0,0.4563,0.4563,0.4563,0.4563,,x,7.0,49.0,20042.0,381.0
260910,2016,14843.0,45.0,63.0,0.6185,0.6185,0.6185,0.6185,,x,3.0,36.0,19903.0,376.0
260910,2017,11742.0,45.0,61.0,0.7716,0.7716,0.7716,0.7716,,x,9.0,31.0,19571.0,404.0
366571,1999,990.0,0.0,0.0,0.0,0.0,0.0,0.0,,-,,,,
366571,2005,1804.0,0.0,0.0,0.0,0.0,0.0,0.0,,-,1.0,,3420.0,91.0
366571,2006,1879.0,0.0,0.0,0.0,0.0,0.0,0.0,,-,7.0,11.0,3311.0,97.0
366571,2007,1239.0,0.0,0.0,0.0,0.0,0.0,0.0,,-,4.0,14.0,3214.0,145.0
366571,2008,1190.0,0.0,0.0,0.0,0.0,0.0,0.0,,-,2.0,18.0,3658.0,171.0
366571,2009,1992.0,0.0,0.0,0.0,0.0,0.0,0.0,,-,,21.0,3741.0,75.0
366571,2010,1639.0,0.0,0.0,0.0,0.0,0.0,0.0,,-,,,,88.0
366571,2011,1311.0,0.0,0.0,0.0,0.0,0.0,0.0,,-,,,,98.0
366571,2012,1062.0,0.0,0.0,0.0,0.0,0.0,0.0,,-,,,,97.0
366571,2013,1092.0,0.0,0.0,0.0,0.0,0.0,0.0,,-,,,,82.0
366571,2014,1030.0,0.0,0.0,0.0,0.0,0.0,0.0,,-,,,,109.0
366571,2015,967.0,0.0,0.0,0.0,0.0,0.0,0.0,,-,,,,119.0
366571,2016,1046.0,0.0,0.0,0.0,0.0,0.0,0.0,,-,,,,95.0
366571,2017,1081.0,0.0,0.0,0.0,0.0,0.0,0.0,,-,,,,102.0
366571,2018,1034.0,0.0,0.0,0.0,0.0,0.0,0.0,,-,,,,90.0
366571,2019,720.0,0.0,0.0,0.0,0.0,0.0,0.0,,-,,,,179.0
366571,2020,690.0,0.0,0.0,0.0,0.0,0.0,0.0,,-,,,,157.0
366571,2021,691.0,0.0,0.0,0.0,0.0,0.0,0.0,,-,,,,147.0
366571,2022,988.0,0.0,0.0,0.0,0.0,0.0,0.0,,-,,,,97.0
366571,2023,1034.0,0.0,0.0,0.0,0.0,0.0,0.0,,-,,,,92.0
366571,2024,1034.0,0.0,0.0,0.0,0.0,0.0,0.0,,-,,,,81.0
367024,1999,12720.0,0.0,24.0,0.1132,0.1132,0.1132,0.1132,,x,,,,
367024,2000,12464.0,0.0,49.0,0.2359,0.2359,0.2359,0.2359,,x,,,,
367024,2001,17962.0,0.0,69.0,0.2305,0.2305,0.2305,0.2305,,x,,,,
367024,2002,15761.0,2.0,67.0,0.2703,0.2703,0.2703,0.2703,,x,303.0,,21618.0,
367024,2003,24621.0,12.0,122.0,0.3558,0.3558,0.3558,0.3558,,x,375.0,,22058.0,67.0
367024,2004,25675.0,16.0,139.0,0.3996,0.3996,0.3996,0.3996,,x,507.0,,17612.0,86.0
367024,2005,24630.0,23.0,196.0,0.5895,0.5895,0.5895,0.5895,,x,157.0,,18542.0,186.0
367024,2006,24779.0,27.0,209.0,0.6368,0.6368,0.6368,0.6368,,x,140.0,,18697.0,179.0
367024,2008,29816.0,75.0,200.0,0.7043,0.7043,0.7043,0.7043,,x,99.0,50.0,19052.0,150.0
367024,2009,41788.0,45.0,204.0,0.4221,0.4221,0.4221,0.4221,,x,71.0,71.0,20244.0,31.0
367024,2010,53528.0,53.0,198.0,0.3408,0.3408,0.3408,0.3408,,x,112.0,100.0,20813.0,441.0
367024,2011,60719.0,93.0,300.0,0.4802,0.4802,0.4802,0.4802,,x,28.0,150.0,21458.0,444.0
367024,2012,45702.0,103.0,253.0,0.6026,0.6026,0.6026,0.6026,,x,41.0,130.0,20888.0,439.0
367024,2013,40039.0,92.0,148.0,0.4975,0.4975,0.4975,0.4975,,x,91.0,231.0,20522.0,386.0
367024,2014,48103.0,103.0,209.0,0.5176,0.5176,0.5176,0.5176,,x,37.0,148.0,20212.0,297.0
367024,2015,40227.0,98.0,201.0,0.5921,0.5921,0.5921,0.5921,,x,15.0,124.0,20042.0,348.0
367024,2016,35671.0,93.0,153.0,0.5702,0.5702,0.5702,0.5702,,x,13.0,134.0,19903.0,367.0
367024,2017,32278.0,122.0,156.0,0.7435,0.7435,0.7435,0.7435,,x,47.0,102.0,19571.0,369.0
367024,2018,26708.0,109.0,130.0,0.7818,0.7818,0.7818,0.7818,,x,4.0,71.0,19133.0,372.0
373058,2000,10549.0,0.0,6.0,0.0341,0.0341,0.0341,0.0341,,-,,,,
373058,2001,13760.0,0.0,27.0,0.1177,0.1177,0.1177,0.1177,,-,,,,
373058,2002,11400.0,0.0,48.0,0.2526,0.2526,0.2526,0.2526,,-,138.0,,13425.0,
373058,2007,9288.0,0.0,57.0,0.3682,0.3682,0.3682,0.3682,,-,185.0,,15807.0,478.0
373058,2008,9792.0,0.0,74.0,0.4534,0.4534,0.4534,0.4534,,-,211.0,,16320.0,520.0
373058,2010,22658.0,0.0,108.0,0.286,0.286,0.286,0.286,,-,79.0,42.0,16010.0,415.0
373058,2011,21506.0,0.0,121.0,0.3376,0.3376,0.3376,0.3376,,-,29.0,31.0,15782.0,592.0
373058,2012,15564.0,0.0,110.0,0.4241,0.4241,0.4241,0.4241,,-,29.0,33.0,16035.0,575.0
373058,2013,12569.0,0.0,70.0,0.3342,0.3342,0.3342,0.3342,,-,39.0,20.0,16807.0,449.0
373058,2014,11623.0,0.0,55.0,0.2839,0.2839,0.2839,0.2839,,-,46.0,33.0,16904.0,454.0
373058,2015,8669.0,0.0,40.0,0.2768,0.2768,0.2768,0.2768,,-,19.0,9.0,16638.0,536.0
373058,2016,6232.0,0.0,33.0,0.3177,0.3177,0.3177,0.3177,,-,15.0,7.0,16750.0,610.0
373085,2012,11501.0,0.0,57.0,0.2974,0.2974,0.2974,0.2974,,-,142.0,10.0,15114.0,381.0
373085,2013,11851.0,0.0,75.0,0.3797,0.3797,0.3797,0.3797,,-,62.0,20.0,16074.0,401.0
373085,2014,10135.0,0.0,67.0,0.3967,0.3967,0.3967,0.3967,,-,71.0,26.0,15949.0,444.0
373085,2015,8999.0,0.0,71.0,0.4734,0.4734,0.4734,0.4734,,-,39.0,21.0,15826.0,417.0
373085,2016,6451.0,0.0,81.0,0.7534,0.7534,0.7534,0.7534,,-,13.0,13.0,16428.0,446.0
373085,2018,3510.0,0.0,18.0,0.3077,0.3077,0.3077,0.3077,,-,14.0,,,464.0
373085,2019,3090.0,0.0,12.0,0.233,0.233,0.233,0.233,,-,17.0,13.0,,409.0
373085,2020,2738.0,0.0,16.0,0.3506,0.3506,0.3506,0.3506,,-,19.0,,,382.0
373085,2023,1530.0,0.0,7.0,0.2745,0.2745,0.2745,0.2745,,-,29.0,,,274.0
373085,2024,1710.0,0.0,0.0,0.0,0.0,0.0,0.0,,-,33.0,,,240.0
445416,2005,22020.0,0.0,0.0,0.0,0.0,0.0,0.0,,x,212.0,,,
445416,2006,18516.0,0.0,25.0,0.081,0.081,0.081,0.081,,x,79.0,,17996.0,57.0
445416,2007,14682.0,0.0,108.0,0.4414,0.4414,0.4414,0.4414,,x,57.0,1.0,18640.0,89.0
445416,2008,11602.0,5.0,80.0,0.4654,0.4654,0.4654,0.4654,,x,22.0,2.0,19052.0,90.0
445416,2010,15925.0,15.0,54.0,0.3165,0.3165,0.3165,0.3165,,x,93.0,5.0,20813.0,419.0
445416,2011,18032.0,19.0,104.0,0.4725,0.4725,0.4725,0.4725,,x,20.0,35.0,21458.0,480.0
445416,2012,13726.0,15.0,93.0,0.5377,0.5377,0.5377,0.5377,,x,28.0,29.0,20915.0,459.0
446729,2006,3690.0,1.0,0.0,0.0325,0.0325,0.0325,0.0325,,x,4.0,10.0,14724.0,490.0
446729,2012,834.0,0.0,0.0,0.0,0.0,0.0,0.0,,x,5.0,6.0,14774.0,503.0
446729,2013,1011.0,0.0,0.0,0.0,0.0,0.0,0.0,,x,,4.0,13689.0,586.0
446729,2014,1017.0,1.0,0.0,0.118,0.118,0.118,0.118,,x,,,13482.0,405.0
446729,2015,591.0,5.0,0.0,1.0152,1.0152,1.0152,1.0152,,x,,,12376.0,236.0
451954,2010,6963.0,0.0,5.0,0.0431,0.0431,0.0431,0.0431,,-,33.0,10.0,24513.0,570.0
451954,2011,8237.0,0.0,65.0,0.4735,0.4735,0.4735,0.4735,,-,36.0,3.0,25194.0,921.0
451954,2012,7596.0,0.0,100.0,0.7899,0.7899,0.7899,0.7899,,-,14.0,5.0,24556.0,968.0
451954,2013,5960.0,8.0,55.0,0.7148,0.7148,0.7148,0.7148,,-,46.0,7.0,24126.0,1013.0
451954,2014,5705.0,21.0,38.0,0.8414,0.8414,0.8414,0.8414,,-,18.0,,23762.0,774.0
451954,2015,4123.0,10.0,43.0,0.9167,0.9167,0.9167,0.9167,,-,8.0,,23561.0,825.0
459620,2011,3059.0,0.0,0.0,0.0,0.0,0.0,0.0,,-,24.0,4.0,25194.0,407.0
459620,2012,3389.0,0.0,11.0,0.1947,0.1947,0.1947,0.1947,,-,15.0,2.0,24556.0,924.0
480499,2013,120.0,0.0,0.0,0.0,0.0,0.0,0.0,,n,,,5681.0,
480499,2014,212.0,0.0,0.0,0.0,0.0,0.0,0.0,,n,1.0,1.0,5925.0,113.0
480499,2015,150.0,0.0,1.0,0.4,0.4,0.4,0.4,,n,,,5875.0,
480499,2016,180.0,0.0,1.0,0.3333,0.3333,0.3333,0.3333,,n,,1.0,5847.0,120.0
480499,2017,195.0,0.0,0.0,0.0,0.0,0.0,0.0,,n,1.0,2.0,5749.0,148.0
480499,2018,198.0,1.0,3.0,1.5152,1.5152,1.5152,1.5152,,n,,6.0,5621.0,198.0
480499,2019,200.0,5.0,0.0,3.0,3.284,3.346,3.5063,1.366,i,3.0,4.0,5857.0,208.0
480499,2020,240.0,0.0,0.0,0.0,0.0,0.0,0.0,2.366,i,2.0,4.0,6310.0,251.0
