unitid,year,credits,BA,AA,ER_m,ER_l,ER_c,ER_h,G,G_source,first_time_n,transfer_in_n,sticker_real,rev_per_credit_real
150048,1998,10720.0,0.0,53.0,0.2966,0.2966,0.2966,0.2966,,-,,,,
150048,1999,10251.0,0.0,70.0,0.4097,0.4097,0.4097,0.4097,,-,,,,
150048,2000,9782.0,0.0,71.0,0.4355,0.4355,0.4355,0.4355,,-,,,,
150048,2001,9734.0,0.0,76.0,0.4685,0.4685,0.4685,0.4685,,-,,,,
150048,2002,12433.0,0.0,65.0,0.3137,0.3137,0.3137,0.3137,,-,181.0,,10740.0,
150048,2003,13209.0,0.0,94.0,0.427,0.427,0.427,0.427,,-,185.0,,11556.0,369.0
150048,2004,13213.0,0.0,59.0,0.2679,0.2679,0.2679,0.2679,,-,204.0,,13018.0,394.0
150048,2005,14033.0,0.0,48.0,0.2052,0.2052,0.2052,0.2052,,-,163.0,,14374.0,447.0
150048,2006,13340.0,0.0,123.0,0.5532,0.5532,0.5532,0.5532,,-,161.0,40.0,15316.0,477.0
150048,2007,10893.0,0.0,87.0,0.4792,0.4792,0.4792,0.4792,,-,153.0,49.0,16681.0,522.0
150048,2008,11855.0,0.0,115.0,0.582,0.582,0.582,0.582,,-,169.0,60.0,16799.0,517.0
150048,2009,12170.0,0.0,83.0,0.4092,0.4092,0.4092,0.4092,,-,182.0,68.0,17381.0,497.0
150048,2010,13656.0,0.0,90.0,0.3954,0.3954,0.3954,0.3954,,-,187.0,59.0,18126.0,506.0
150048,2011,13468.0,0.0,95.0,0.4232,0.4232,0.4232,0.4232,,-,135.0,68.0,18538.0,530.0
150048,2012,8994.0,0.0,100.0,0.6671,0.6671,0.6671,0.6671,,-,121.0,44.0,18885.0,653.0
150048,2013,7075.0,0.0,81.0,0.6869,0.6869,0.6869,0.6869,,-,151.0,34.0,18555.0,646.0
150048,2014,7262.0,0.0,68.0,0.5618,0.5618,0.5618,0.5618,,-,159.0,38.0,17418.0,579.0
150048,2015,7249.0,0.0,65.0,0.538,0.538,0.538,0.538,,-,213.0,71.0,17924.0,563.0
150048,2016,9251.0,0.0,73.0,0.4735,0.4735,0.4735,0.4735,,-,272.0,54.0,18578.0,582.0
150048,2017,13981.0,0.0,111.0,0.4764,0.4764,0.4764,0.4764,,-,228.0,58.0,19033.0,457.0
150048,2018,13333.0,0.0,126.0,0.567,0.567,0.567,0.567,,-,136.0,67.0,19728.0,479.0
150048,2019,9781.0,0.0,115.0,0.7054,0.7054,0.7054,0.7054,,-,123.0,74.0,21415.0,585.0
150048,2020,9464.0,0.0,103.0,0.653,0.653,0.653,0.653,,-,114.0,40.0,22356.0,613.0
150057,1999,2100.0,0.0,0.0,0.0,0.0,0.0,0.0,,-,,,,
150066,1998,54009.0,340.0,7.0,0.7632,0.7421,0.7378,0.7272,0.9078,o,,,,
150066,1999,55926.0,322.0,7.0,0.6984,0.6972,0.697,0.6964,0.9942,o,,,,
150066,2000,58328.0,339.0,1.0,0.6985,0.7234,0.7287,0.7421,1.1287,o,,,,
150066,2001,60370.0,335.0,4.0,0.6699,0.7024,0.7093,0.7269,1.1775,o,,,,
150066,2002,60320.0,398.0,1.0,0.7928,0.7928,0.7928,0.7928,1.0,o,598.0,,26641.0,
150066,2003,62898.0,414.0,6.0,0.7956,0.7982,0.7987,0.8001,1.0113,o,567.0,,27428.0,543.0
150066,2004,64748.0,394.0,2.0,0.7321,0.7534,0.7579,0.7693,1.1043,o,592.0,,28275.0,558.0
150066,2005,67880.0,344.0,4.0,0.6117,0.634,0.6388,0.6507,1.1318,o,582.0,,28956.0,558.0
150066,2006,70575.0,437.0,4.0,0.7464,0.7662,0.7703,0.7808,1.0941,o,457.0,124.0,29448.0,570.0
150066,2007,66590.0,439.0,2.0,0.7929,0.767,0.7618,0.7488,0.8918,o,492.0,119.0,30232.0,582.0
150066,2008,63790.0,478.0,0.0,0.8992,0.8486,0.8384,0.8137,0.8188,o,544.0,110.0,30695.0,589.0
150066,2009,63919.0,544.0,5.0,1.026,0.9894,0.9821,0.9638,0.8825,o,551.0,85.0,31539.0,584.0
150066,2010,62414.0,401.0,6.0,0.7767,0.7887,0.7912,0.7974,1.0539,o,469.0,103.0,32750.0,571.0
150066,2011,60774.0,377.0,3.0,0.7474,0.7632,0.7665,0.7748,1.0748,o,506.0,111.0,33502.0,564.0
150066,2012,62341.0,418.0,5.0,0.8094,0.7953,0.7924,0.7852,0.9411,o,519.0,111.0,33485.0,565.0
150066,2013,61279.0,426.0,6.0,0.8401,0.8242,0.8209,0.8128,0.9361,o,442.0,96.0,34168.0,565.0
150066,2014,59027.0,377.0,1.0,0.7674,0.7543,0.7516,0.7449,0.9422,o,441.0,106.0,34600.0,551.0
150066,2015,57868.0,386.0,1.0,0.8015,0.7788,0.7742,0.7627,0.9056,o,426.0,89.0,35052.0,557.0
150066,2016,55087.0,396.0,1.0,0.8637,0.8228,0.8146,0.7944,0.8459,o,425.0,88.0,35885.0,559.0
150066,2017,52312.0,380.0,2.0,0.874,0.8437,0.8376,0.8224,0.8855,o,347.0,58.0,36523.0,566.0
150066,2018,44725.0,358.0,2.0,0.9632,0.9264,0.919,0.9006,0.8743,o,396.0,40.0,37027.0,607.0
150066,2019,41792.0,352.0,4.0,1.0165,0.972,0.963,0.941,0.857,o,330.0,46.0,37155.0,597.0
150066,2020,37995.0,303.0,7.0,0.968,0.9244,0.9157,0.8941,0.8531,o,327.0,37.0,37537.0,625.0
150066,2021,34497.0,236.0,7.0,0.8331,0.795,0.7874,0.7686,0.851,o,317.0,29.0,37468.0,584.0
150066,2022,33528.0,282.0,4.0,1.0165,0.9752,0.9668,0.9463,0.8668,o,326.0,50.0,36147.0,503.0
150066,2023,32623.0,242.0,3.0,0.8957,0.8647,0.8584,0.8429,0.8857,o,310.0,43.0,35278.0,415.0
150066,2024,31607.0,202.0,7.0,0.7802,0.7729,0.7714,0.7676,0.968,o,351.0,34.0,35640.0,417.0
150127,1998,390.0,0.0,6.0,0.9231,0.9231,0.9231,0.9231,,-,,,,
150127,1999,420.0,0.0,7.0,1.0,1.0,1.0,1.0,,-,,,,
150127,2002,451.0,0.0,5.0,0.6653,0.6653,0.6653,0.6653,,-,11.0,,,
150127,2003,750.0,0.0,8.0,0.64,0.64,0.64,0.64,,-,14.0,,,86.0
150127,2004,750.0,0.0,11.0,0.88,0.88,0.88,0.88,,-,14.0,,,111.0
150127,2005,840.0,0.0,14.0,1.0,1.0,1.0,1.0,,-,14.0,,3380.0,107.0
150136,1998,456844.0,2904.0,204.0,0.7896,0.7958,0.7986,0.8025,1.033,o,,,,
150136,1999,447265.0,2999.0,233.0,0.8359,0.8362,0.8363,0.8365,1.0016,o,,,,
150136,2002,489534.0,3059.0,333.0,0.7907,0.7851,0.7826,0.7792,0.9712,o,3777.0,,6988.0,
150136,2003,502797.0,2958.0,378.0,0.7511,0.7582,0.7615,0.766,1.04,o,3987.0,,7987.0,222.0
150136,2004,527685.0,3251.0,316.0,0.7752,0.7845,0.7888,0.7947,1.0508,o,3688.0,,9834.0,233.0
150136,2005,518783.0,3238.0,359.0,0.7905,0.7956,0.7979,0.8011,1.027,o,3692.0,,9915.0,237.0
150136,2006,515572.0,3586.0,408.0,0.8821,0.8784,0.8768,0.8745,0.9827,o,3995.0,,10062.0,262.0
150136,2007,515572.0,3576.0,392.0,0.8779,0.8758,0.8749,0.8736,0.9901,o,3773.0,,10299.0,268.0
150136,2008,493719.0,3321.0,428.0,0.8592,0.8617,0.8628,0.8644,1.0121,o,4039.0,807.0,10553.0,279.0
150136,2009,504685.0,3057.0,371.0,0.771,0.7816,0.7865,0.7932,1.0585,o,4178.0,856.0,10791.0,287.0
150136,2010,530008.0,3125.0,302.0,0.7417,0.7537,0.7592,0.7669,1.0689,o,3882.0,836.0,11193.0,289.0
150136,2011,546324.0,3171.0,446.0,0.7455,0.7521,0.7552,0.7594,1.0376,o,3844.0,741.0,11466.0,296.0
150136,2012,523132.0,3299.0,239.0,0.7842,0.7821,0.7811,0.7798,0.989,o,3556.0,774.0,11644.0,325.0
150136,2013,500884.0,3217.0,49.0,0.7766,0.7573,0.7486,0.737,0.9006,o,3616.0,762.0,12004.0,335.0
150136,2014,493584.0,3450.0,68.0,0.847,0.8236,0.8131,0.799,0.8898,o,3597.0,797.0,12060.0,330.0
150136,2015,485175.0,3682.0,57.0,0.9177,0.9027,0.8959,0.8867,0.9336,o,3503.0,845.0,12198.0,366.0
150136,2016,480864.0,3269.0,63.0,0.8236,0.8155,0.8118,0.8068,0.9595,o,3877.0,876.0,12314.0,367.0
150136,2017,488266.0,3427.0,54.0,0.8489,0.8547,0.8574,0.8611,1.029,o,3985.0,786.0,12307.0,361.0
150136,2018,474131.0,3361.0,46.0,0.8565,0.8744,0.8827,0.8942,1.09,o,3728.0,736.0,12181.0,362.0
150136,2019,475737.0,3315.0,46.0,0.842,0.8589,0.8667,0.8776,1.0863,o,4060.0,589.0,12075.0,343.0
150136,2020,464590.0,3359.0,56.0,0.8748,0.8862,0.8915,0.8987,1.0553,o,3567.0,582.0,12043.0,350.0
150136,2021,444622.0,3408.0,79.0,0.9305,0.9237,0.9206,0.9164,0.9701,o,3278.0,581.0,11840.0,328.0
150136,2022,416008.0,3088.0,64.0,0.9,0.8746,0.8632,0.8478,0.8875,o,3477.0,522.0,11289.0,316.0
150136,2023,406813.0,3038.0,60.0,0.905,0.8746,0.861,0.8428,0.8674,o,3826.0,542.0,10807.0,300.0
150136,2024,416498.0,2856.0,51.0,0.8302,0.8216,0.8177,0.8124,0.9575,o,3686.0,589.0,10758.0,296.0
150145,1998,33407.0,213.0,53.0,0.8603,0.8895,0.8957,0.9112,1.122,o,,,,
150145,1999,36656.0,210.0,58.0,0.7824,0.8396,0.852,0.8837,1.2756,o,,,,
150145,2000,39502.0,291.0,58.0,0.9721,1.052,1.0693,1.1139,1.3131,o,,,,
150145,2001,39294.0,284.0,38.0,0.9253,0.9897,1.0035,1.039,1.2609,o,,,,
150145,2002,39422.0,248.0,38.0,0.8127,0.8375,0.8427,0.8559,1.109,o,269.0,,23038.0,
150145,2003,41767.0,321.0,46.0,0.9883,0.9801,0.9784,0.9742,0.9715,o,306.0,,23774.0,526.0
150145,2004,44402.0,305.0,53.0,0.8959,0.8937,0.8932,0.892,0.9914,o,317.0,,23864.0,526.0
150145,2005,45038.0,313.0,75.0,0.9339,0.9534,0.9575,0.9679,1.0741,o,320.0,,24466.0,563.0
150145,2006,47841.0,329.0,75.0,0.9193,0.9613,0.9703,0.993,1.1667,o,324.0,,24851.0,499.0
150145,2007,47580.0,365.0,72.0,1.0113,1.0451,1.0523,1.0703,1.12,o,281.0,,26391.0,532.0
150145,2008,46859.0,348.0,86.0,1.0013,0.9928,0.9911,0.9867,0.9711,o,277.0,,27657.0,547.0
150145,2009,48967.0,413.0,90.0,1.1224,1.0801,1.0716,1.0505,0.876,o,309.0,,29634.0,527.0
150145,2010,51883.0,419.0,92.0,1.0755,1.0465,1.0406,1.0259,0.9099,o,278.0,258.0,30846.0,535.0
150145,2011,52820.0,385.0,94.0,0.9814,0.9729,0.9711,0.9667,0.9702,o,279.0,204.0,31534.0,589.0
150145,2012,50788.0,465.0,101.0,1.218,1.2174,1.2172,1.2169,0.9982,o,233.0,237.0,32151.0,612.0
150145,2013,48347.0,461.0,86.0,1.251,1.2029,1.1932,1.1693,0.8737,o,248.0,192.0,32457.0,600.0
150145,2014,44697.0,450.0,75.0,1.3088,1.2354,1.2207,1.1848,0.8194,o,223.0,198.0,32875.0,588.0
150145,2015,42842.0,400.0,56.0,1.1988,1.1419,1.1305,1.1024,0.8456,o,281.0,137.0,33720.0,570.0
150145,2016,40636.0,357.0,47.0,1.1236,1.1185,1.1175,1.1148,0.9844,o,243.0,128.0,34472.0,557.0
150145,2017,37395.0,315.0,40.0,1.075,1.102,1.1077,1.122,1.0894,o,233.0,126.0,34916.0,557.0
150145,2018,35013.0,304.0,32.0,1.0967,1.1001,1.1008,1.1025,1.0106,o,297.0,121.0,34933.0,552.0
150145,2019,34317.0,303.0,28.0,1.1085,1.1248,1.1282,1.1367,1.0516,o,307.0,90.0,34886.0,524.0
150145,2020,33884.0,280.0,24.0,1.0341,1.0776,1.0868,1.1103,1.1527,o,275.0,80.0,35061.0,507.0
150145,2021,30878.0,220.0,20.0,0.8938,0.9475,0.959,0.9884,1.2227,o,286.0,84.0,34772.0,509.0
150145,2022,31782.0,240.0,21.0,0.9458,0.9615,0.9648,0.9731,1.0585,o,248.0,97.0,33822.0,474.0
150145,2023,31531.0,247.0,16.0,0.9705,0.9364,0.9295,0.9125,0.8841,o,226.0,131.0,33166.0,432.0
150145,2024,31046.0,251.0,21.0,1.0108,0.9523,0.9407,0.9122,0.8144,o,264.0,68.0,33320.0,414.0
150163,1998,104495.0,574.0,4.0,0.6615,0.6702,0.672,0.6765,1.0461,o,,,,
150163,1999,105101.0,613.0,0.0,0.6999,0.7059,0.7071,0.7102,1.0297,o,,,,
150163,2000,112369.0,649.0,0.0,0.6931,0.7102,0.7138,0.7228,1.0878,o,,,,
150163,2001,121159.0,528.0,2.0,0.5239,0.5466,0.5514,0.5635,1.1569,o,,,,
150163,2002,117212.0,639.0,2.0,0.6552,0.6749,0.6791,0.6895,1.1075,o,940.0,,32808.0,
150163,2003,119444.0,676.0,2.0,0.6802,0.6897,0.6917,0.6967,1.0493,o,976.0,,33970.0,637.0
150163,2004,124997.0,595.0,2.0,0.5722,0.5891,0.5926,0.6016,1.1056,o,927.0,,34809.0,646.0
150163,2005,117929.0,638.0,1.0,0.6497,0.66,0.6621,0.6675,1.0555,o,867.0,,36190.0,736.0
150163,2006,115349.0,659.0,1.0,0.6861,0.6776,0.6758,0.6715,0.9578,o,965.0,84.0,37042.0,765.0
150163,2007,125409.0,733.0,1.0,0.7019,0.6928,0.6909,0.6863,0.9562,o,988.0,101.0,38435.0,719.0
150163,2008,125987.0,693.0,1.0,0.6605,0.6655,0.6666,0.6692,1.0263,o,934.0,108.0,39226.0,719.0
150163,2009,107852.0,622.0,0.0,0.6921,0.706,0.709,0.7163,1.0713,o,946.0,98.0,40669.0,861.0
150163,2010,116443.0,689.0,1.0,0.7106,0.7159,0.717,0.7198,1.0262,o,1049.0,112.0,41807.0,756.0
150163,2011,122213.0,736.0,3.0,0.7241,0.7286,0.7296,0.7319,1.0215,o,927.0,117.0,42657.0,785.0
150163,2012,109904.0,855.0,3.0,0.9352,0.9427,0.9443,0.9482,1.0281,o,1101.0,297.0,43469.0,913.0
150163,2013,117614.0,695.0,2.0,0.7101,0.7259,0.7292,0.7375,1.0787,o,1015.0,290.0,44299.0,870.0
150163,2014,120606.0,756.0,1.0,0.7527,0.7657,0.7684,0.7752,1.0607,o,971.0,80.0,45248.0,922.0
150163,2015,127758.0,795.0,0.0,0.7467,0.7478,0.748,0.7486,1.0051,o,1025.0,237.0,46543.0,880.0
150163,2016,128124.0,838.0,1.0,0.7853,0.7817,0.781,0.7791,0.9842,o,1256.0,85.0,47981.0,859.0
150163,2017,131543.0,848.0,0.0,0.7736,0.7906,0.7942,0.8032,1.078,o,1054.0,75.0,48901.0,933.0
150163,2018,132714.0,766.0,4.0,0.6944,0.7255,0.7321,0.7489,1.1631,o,1326.0,87.0,49676.0,926.0
150163,2019,145167.0,833.0,0.0,0.6886,0.7246,0.7323,0.7519,1.1924,o,1116.0,76.0,50175.0,885.0
150163,2020,146525.0,955.0,2.0,0.7829,0.7986,0.8019,0.8101,1.0706,o,1104.0,63.0,50914.0,900.0
150163,2021,136077.0,891.0,0.0,0.7857,0.7767,0.7749,0.7703,0.961,o,1132.0,63.0,50658.0,908.0
150163,2022,136989.0,1008.0,2.0,0.8839,0.868,0.8648,0.8567,0.9395,o,1200.0,79.0,47611.0,787.0
150163,2023,136729.0,852.0,0.0,0.7478,0.7378,0.7358,0.7307,0.955,o,1151.0,91.0,46023.0,753.0
150163,2024,142565.0,906.0,0.0,0.7626,0.7754,0.7781,0.7848,1.059,o,1037.0,102.0,45980.0,684.0
150172,1998,21033.0,173.0,28.0,1.0669,1.0993,1.1061,1.1233,1.1086,o,,,,
150172,1999,21729.0,205.0,40.0,1.2426,1.3003,1.3126,1.3438,1.1696,o,,,,
150172,2000,21895.0,217.0,17.0,1.2359,1.2475,1.2499,1.256,1.0328,o,,,,
150172,2001,21833.0,195.0,29.0,1.1515,1.1101,1.1017,1.0811,0.8814,o,,,,
150172,2002,22193.0,234.0,36.0,1.3626,1.3425,1.3383,1.3281,0.95,o,82.0,,12992.0,
150172,2003,25710.0,261.0,20.0,1.2649,1.2531,1.2507,1.2446,0.9683,o,113.0,,10604.0,451.0
150172,2004,28154.0,249.0,22.0,1.1082,1.1512,1.1603,1.1834,1.1404,o,104.0,,11940.0,512.0
150172,2005,28318.0,291.0,20.0,1.2755,1.3256,1.3362,1.3631,1.1421,o,60.0,,12168.0,517.0
150172,2006,26225.0,296.0,25.0,1.4116,1.3675,1.3585,1.3363,0.8962,o,100.0,,12574.0,537.0
150172,2007,25101.0,311.0,14.0,1.5203,1.4355,1.4186,1.3771,0.8205,o,94.0,206.0,14201.0,523.0
150172,2008,24820.0,297.0,16.0,1.4746,1.4275,1.4179,1.3943,0.894,o,144.0,131.0,17048.0,556.0
150172,2009,26493.0,259.0,13.0,1.2026,1.3397,1.37,1.4487,1.4512,o,156.0,177.0,17928.0,556.0
150172,2010,26417.0,264.0,9.0,1.2197,1.4636,1.5198,1.6701,1.875,o,152.0,141.0,18898.0,557.0
150172,2011,21427.0,235.0,15.0,1.3581,1.5529,1.5966,1.7112,1.5876,o,120.0,134.0,19822.0,693.0
150172,2012,22896.0,243.0,23.0,1.3339,1.3865,1.3977,1.426,1.1429,o,134.0,122.0,20246.0,598.0
150172,2013,18759.0,193.0,20.0,1.2986,1.2374,1.2251,1.1949,0.8467,o,168.0,138.0,19891.0,653.0
150172,2014,24247.0,214.0,6.0,1.0739,1.0678,1.0666,1.0634,0.9805,o,126.0,115.0,20565.0,567.0
150172,2015,22126.0,196.0,16.0,1.1064,1.1316,1.1369,1.1503,1.0809,o,118.0,123.0,21416.0,559.0
150172,2016,19376.0,186.0,8.0,1.1767,1.1631,1.1603,1.1533,0.9606,o,113.0,124.0,22039.0,657.0
150172,2017,17706.0,233.0,16.0,1.6333,1.5112,1.4871,1.4285,0.7649,o,98.0,96.0,22398.0,664.0
150172,2018,15148.0,208.0,14.0,1.7032,1.547,1.5165,1.4429,0.7177,o,116.0,75.0,22333.0,589.0
150172,2019,12447.0,134.0,11.0,1.3449,1.2947,1.2845,1.2595,0.877,o,135.0,87.0,23391.0,658.0
150172,2020,12497.0,88.0,7.0,0.8786,0.9,0.9045,0.9159,1.0866,o,141.0,62.0,23642.0,624.0
150172,2021,13100.0,109.0,3.0,1.0122,1.0942,1.112,1.1577,1.3081,o,112.0,69.0,23893.0,634.0
150172,2022,12350.0,97.0,2.0,0.9522,0.9996,1.0097,1.0354,1.1822,o,128.0,99.0,22456.0,592.0
150172,2023,12677.0,125.0,2.0,1.1927,1.1773,1.1741,1.1663,0.9562,o,155.0,90.0,22411.0,503.0
150172,2024,13541.0,128.0,4.0,1.1521,1.1605,1.1622,1.1666,1.0254,o,116.0,79.0,22650.0,505.0
150251,1998,1613.0,0.0,19.0,0.7068,0.7068,0.7068,0.7068,,-,,,,
150251,1999,2310.0,0.0,14.0,0.3636,0.3636,0.3636,0.3636,,-,,,,
150251,2000,1848.0,0.0,20.0,0.6494,0.6494,0.6494,0.6494,,-,,,,
150251,2005,6156.0,0.0,8.0,0.078,0.078,0.078,0.078,,-,117.0,,13038.0,328.0
150251,2007,5384.0,0.0,7.0,0.078,0.078,0.078,0.078,,-,80.0,,9150.0,432.0
150251,2008,6751.0,0.0,11.0,0.0978,0.0978,0.0978,0.0978,,-,106.0,3.0,14487.0,393.0
150251,2009,6695.0,0.0,18.0,0.1613,0.1613,0.1613,0.1613,,-,36.0,,15280.0,463.0
150251,2010,7231.0,0.0,18.0,0.1494,0.1494,0.1494,0.1494,,-,69.0,13.0,17654.0,512.0
150251,2011,6860.0,0.0,16.0,0.1399,0.1399,0.1399,0.1399,,-,55.0,,17240.0,523.0
150251,2012,7130.0,0.0,7.0,0.0589,0.0589,0.0589,0.0589,,-,58.0,,18028.0,488.0
150251,2013,6628.0,0.0,13.0,0.1177,0.1177,0.1177,0.1177,,-,92.0,,17712.0,477.0
150251,2014,5935.0,0.0,16.0,0.1618,0.1618,0.1618,0.1618,,-,60.0,,17840.0,584.0
150251,2015,5728.0,0.0,3.0,0.0314,0.0314,0.0314,0.0314,,-,107.0,,17689.0,597.0
150251,2016,5695.0,0.0,14.0,0.1475,0.1475,0.1475,0.1475,,-,63.0,,17567.0,558.0
150251,2017,5064.0,0.0,6.0,0.0711,0.0711,0.0711,0.0711,,-,78.0,,17273.0,514.0
150251,2018,3846.0,0.0,16.0,0.2496,0.2496,0.2496,0.2496,,-,28.0,,18009.0,538.0
150251,2019,3933.0,0.0,7.0,0.1068,0.1068,0.1068,0.1068,,-,26.0,,11043.0,543.0
150251,2020,3631.0,0.0,11.0,0.1818,0.1818,0.1818,0.1818,,-,46.0,,11959.0,656.0
150251,2021,5225.0,0.0,3.0,0.0344,0.0344,0.0344,0.0344,,-,4.0,28.0,11614.0,359.0
150251,2022,4580.0,0.0,3.0,0.0393,0.0393,0.0393,0.0393,,-,2.0,25.0,10532.0,381.0
150251,2023,5309.0,0.0,11.0,0.1243,0.1243,0.1243,0.1243,,-,10.0,34.0,10434.0,325.0
150251,2024,4232.0,0.0,8.0,0.1134,0.1134,0.1134,0.1134,,-,11.0,47.0,10080.0,382.0
150367,1998,11895.0,0.0,49.0,0.2472,0.2562,0.2581,0.2629,1.1316,o,,,,
150367,1999,12143.0,0.0,89.0,0.4398,0.4873,0.4978,0.5249,1.4245,o,,,,
150367,2000,10015.0,2.0,74.0,0.4673,0.5141,0.5243,0.5508,1.3891,o,,,,
150367,2001,11773.0,5.0,40.0,0.2548,0.2534,0.2531,0.2523,0.9806,o,,,,
150367,2002,19227.0,15.0,78.0,0.337,0.3021,0.2953,0.279,0.6854,o,112.0,,11899.0,
150367,2003,17510.0,13.0,62.0,0.3015,0.2777,0.273,0.2616,0.7524,o,83.0,,12045.0,
150376,1998,15367.0,0.0,103.0,0.4022,0.4333,0.44,0.4573,1.293,o,,,,
150376,1999,15073.0,8.0,107.0,0.4896,0.5194,0.5258,0.5421,1.2258,o,,,,
150376,2000,12915.0,8.0,99.0,0.5342,0.5413,0.5427,0.5464,1.046,o,,,,
150376,2001,16109.0,20.0,100.0,0.5215,0.4894,0.483,0.4675,0.8036,o,,,,
150376,2002,24718.0,18.0,104.0,0.3398,0.3048,0.298,0.2816,0.6868,o,131.0,,13260.0,
150376,2003,23195.0,43.0,107.0,0.4992,0.473,0.4677,0.4548,0.8299,o,104.0,,13620.0,
150400,1998,70110.0,536.0,0.0,0.9174,0.9523,0.9597,0.9784,1.1373,o,,,,
150400,1999,65463.0,495.0,0.0,0.9074,0.917,0.919,0.924,1.0369,o,,,,
150400,2002,66940.0,472.0,0.0,0.8461,0.8391,0.8376,0.834,0.9716,o,685.0,,36550.0,
150400,2003,72540.0,483.0,0.0,0.799,0.8239,0.8291,0.8424,1.1116,o,581.0,,38066.0,1197.0
150400,2004,73266.0,522.0,0.0,0.855,0.8702,0.8734,0.8815,1.063,o,661.0,,39800.0,1249.0
150400,2005,74268.0,516.0,0.0,0.8337,0.8361,0.8366,0.8378,1.0098,o,586.0,,40239.0,1270.0
150400,2006,76833.0,609.0,0.0,0.9512,0.9387,0.9361,0.9298,0.9556,o,596.0,20.0,40666.0,1236.0
150400,2007,71683.0,496.0,0.0,0.8303,0.814,0.8106,0.8023,0.9336,o,664.0,12.0,41438.0,1309.0
150400,2008,76235.0,600.0,0.0,0.9444,0.9484,0.9492,0.9513,1.0145,o,600.0,14.0,43461.0,608.0
150400,2009,73571.0,507.0,0.0,0.827,0.8302,0.8309,0.8326,1.0136,o,717.0,15.0,45790.0,637.0
150400,2010,77495.0,491.0,0.0,0.7603,0.7845,0.7896,0.8026,1.1142,o,609.0,14.0,47531.0,627.0
150400,2011,74352.0,525.0,0.0,0.8473,0.86,0.8626,0.8692,1.0524,o,584.0,12.0,48725.0,667.0
150400,2012,70532.0,499.0,0.0,0.849,0.8349,0.832,0.8248,0.9438,o,578.0,21.0,50302.0,726.0
150400,2013,70790.0,600.0,0.0,1.0171,0.9808,0.9735,0.9554,0.8823,o,641.0,21.0,51801.0,740.0
150400,2014,70959.0,535.0,0.0,0.9047,0.8829,0.8785,0.8675,0.9193,o,514.0,16.0,53506.0,756.0
150400,2015,66475.0,501.0,0.0,0.9044,0.8959,0.8942,0.8899,0.9681,o,596.0,16.0,55804.0,819.0
150400,2016,68164.0,541.0,0.0,0.9524,0.9398,0.9373,0.9309,0.9552,o,559.0,14.0,57922.0,821.0
150400,2017,66920.0,559.0,0.0,1.0024,0.9868,0.9836,0.9757,0.9475,o,595.0,16.0,59211.0,778.0
150400,2018,67061.0,480.0,0.0,0.8589,0.8587,0.8587,0.8585,0.9991,o,564.0,12.0,59619.0,735.0
150400,2019,66617.0,505.0,0.0,0.9097,0.9211,0.9235,0.9295,1.0441,o,423.0,9.0,60649.0,739.0
150400,2020,61085.0,455.0,0.0,0.8938,0.854,0.846,0.8263,0.8545,o,382.0,10.0,61475.0,709.0
150400,2021,54153.0,497.0,0.0,1.1013,0.9921,0.9709,0.9198,0.6976,o,500.0,9.0,61525.0,662.0
150400,2022,53010.0,440.0,0.0,0.996,0.9202,0.9052,0.8689,0.761,o,535.0,8.0,59126.0,600.0
150400,2023,52763.0,345.0,0.0,0.7846,0.7955,0.7978,0.8035,1.0486,o,499.0,13.0,57358.0,555.0
150400,2024,54808.0,328.0,0.0,0.7181,0.7722,0.7839,0.8139,1.2845,o,505.0,6.0,57070.0,554.0
150455,1998,28458.0,224.0,0.0,0.9445,0.951,0.9523,0.9557,1.0237,o,,,,
150455,1999,33540.0,196.0,0.0,0.7013,0.7229,0.7275,0.739,1.1107,o,,,,
150455,2000,28445.0,242.0,0.0,1.0209,1.055,1.0622,1.0804,1.1199,o,,,,
150455,2001,30320.0,204.0,0.0,0.8074,0.8132,0.8144,0.8174,1.0249,o,,,,
150455,2002,32684.0,263.0,0.0,0.9656,0.9437,0.9393,0.9282,0.924,o,282.0,,38642.0,
150455,2003,33483.0,219.0,0.0,0.7849,0.7623,0.7578,0.7464,0.9044,o,348.0,,39806.0,746.0
150455,2004,36600.0,249.0,0.0,0.8164,0.8379,0.8424,0.8538,1.0938,o,336.0,,40729.0,1266.0
150455,2005,32684.0,226.0,0.0,0.8298,0.8853,0.8973,0.9279,1.2505,o,324.0,,41917.0,865.0
150455,2006,33095.0,223.0,0.0,0.8086,0.8529,0.8624,0.8866,1.2022,o,300.0,19.0,43134.0,917.0
150455,2007,34882.0,282.0,0.0,0.9701,0.9674,0.9669,0.9655,0.9905,o,300.0,13.0,44342.0,834.0
150455,2008,31483.0,285.0,0.0,1.0863,1.0458,1.0376,1.0174,0.8772,o,324.0,24.0,46115.0,889.0
150455,2009,31112.0,259.0,0.0,0.999,0.9829,0.9796,0.9713,0.9455,o,291.0,14.0,48963.0,968.0
150455,2010,33800.0,212.0,0.0,0.7527,0.7495,0.7488,0.7472,0.9856,o,340.0,12.0,50267.0,772.0
150455,2011,31674.0,223.0,0.0,0.8449,0.8573,0.8599,0.8664,1.0517,o,234.0,17.0,51223.0,780.0
150455,2012,28740.0,259.0,0.0,1.0814,1.0555,1.0503,1.0372,0.9199,o,286.0,14.0,52090.0,822.0
150455,2013,30713.0,218.0,0.0,0.8518,0.8113,0.8032,0.7832,0.8455,o,253.0,18.0,53498.0,700.0
150455,2014,31412.0,263.0,0.0,1.0047,0.9598,0.9508,0.9286,0.8542,o,270.0,18.0,54572.0,620.0
150455,2015,30976.0,177.0,0.0,0.6857,0.6674,0.6637,0.6545,0.9112,o,252.0,21.0,55965.0,603.0
150455,2016,30210.0,207.0,0.0,0.8222,0.8232,0.8233,0.8238,1.0038,o,355.0,11.0,57549.0,618.0
150455,2017,32976.0,178.0,0.0,0.6477,0.6705,0.6752,0.6874,1.1262,o,287.0,10.0,57748.0,519.0
150455,2018,33482.0,210.0,0.0,0.7526,0.7987,0.8086,0.8339,1.2275,o,271.0,17.0,57017.0,481.0
150455,2019,31742.0,194.0,0.0,0.7334,0.7477,0.7507,0.7583,1.069,o,172.0,9.0,56679.0,431.0
150455,2020,28149.0,264.0,0.0,1.1254,1.0272,1.008,0.9615,0.7298,o,147.0,9.0,56948.0,424.0
150455,2021,22997.0,230.0,0.0,1.2002,0.9798,0.9396,0.846,0.4969,o,171.0,6.0,56133.0,405.0
150455,2022,19345.0,204.0,0.0,1.2654,1.075,1.0394,0.9553,0.5699,o,173.0,12.0,54109.0,374.0
150455,2023,18342.0,140.0,0.0,0.9159,0.8512,0.8383,0.8071,0.7765,o,202.0,23.0,51818.0,404.0
150455,2024,19678.0,103.0,0.0,0.6281,0.6583,0.6647,0.681,1.1755,o,211.0,12.0,51840.0,422.0
150534,1998,91160.0,555.0,22.0,0.7451,0.7309,0.728,0.7208,0.9358,o,,,,
150534,1999,89231.0,599.0,21.0,0.8197,0.7843,0.7771,0.7596,0.8588,o,,,,
150534,2000,83462.0,598.0,20.0,0.8742,0.8384,0.8312,0.8134,0.8658,o,,,,
150534,2001,80494.0,560.0,12.0,0.8438,0.8099,0.803,0.7862,0.8681,o,,,,
150534,2002,74243.0,489.0,14.0,0.8017,0.7541,0.7446,0.7215,0.8098,o,628.0,,30132.0,
150534,2003,73865.0,475.0,10.0,0.7798,0.757,0.7524,0.7409,0.9027,o,663.0,,30979.0,554.0
150534,2004,73298.0,444.0,8.0,0.7334,0.7581,0.7633,0.7764,1.1207,o,636.0,,31890.0,564.0
150534,2005,77116.0,396.0,4.0,0.6193,0.6553,0.663,0.6827,1.2152,o,670.0,,33020.0,555.0
150534,2006,80519.0,491.0,8.0,0.7377,0.7672,0.7734,0.7893,1.1446,o,644.0,39.0,33748.0,571.0
150534,2007,78699.0,549.0,9.0,0.844,0.8483,0.8492,0.8515,1.0178,o,652.0,57.0,34754.0,590.0
150534,2008,79226.0,531.0,9.0,0.8111,0.8106,0.8104,0.8102,0.9977,o,619.0,59.0,35617.0,586.0
150534,2009,76977.0,498.0,14.0,0.7872,0.7811,0.7798,0.7766,0.9732,o,701.0,105.0,37186.0,611.0
150534,2010,80520.0,523.0,14.0,0.7899,0.7909,0.7911,0.7917,1.0046,o,683.0,85.0,38248.0,582.0
150534,2011,81612.0,522.0,11.0,0.7756,0.7905,0.7937,0.8015,1.0679,o,622.0,84.0,39192.0,583.0
150534,2012,81196.0,492.0,15.0,0.7382,0.7439,0.7451,0.748,1.0268,o,518.0,77.0,40024.0,590.0
150534,2013,78640.0,583.0,9.0,0.8965,0.8592,0.8517,0.8331,0.8636,o,543.0,67.0,40847.0,601.0
150534,2014,75591.0,554.0,14.0,0.8906,0.8245,0.8115,0.7798,0.7666,o,532.0,87.0,40282.0,594.0
150534,2015,73363.0,562.0,7.0,0.925,0.8744,0.8643,0.8395,0.8238,o,515.0,50.0,41483.0,609.0
150534,2016,69938.0,478.0,13.0,0.8313,0.811,0.8069,0.7967,0.9184,o,537.0,71.0,42712.0,594.0
150534,2017,70223.0,431.0,12.0,0.7468,0.7449,0.7445,0.7436,0.9915,o,442.0,71.0,43299.0,592.0
150534,2018,68956.0,431.0,18.0,0.7657,0.7452,0.741,0.7307,0.9107,o,498.0,84.0,44111.0,583.0
150534,2019,61635.0,463.0,12.0,0.9131,0.885,0.8793,0.8652,0.8978,o,445.0,55.0,44435.0,620.0
150534,2020,63500.0,445.0,13.0,0.8532,0.8266,0.8212,0.8078,0.8964,o,395.0,64.0,45032.0,552.0
150534,2021,56314.0,391.0,2.0,0.8353,0.799,0.7917,0.7737,0.858,o,327.0,55.0,45156.0,579.0
150534,2022,47865.0,420.0,0.0,1.053,0.9754,0.9601,0.9228,0.7681,o,377.0,57.0,43669.0,579.0
150534,2023,45909.0,382.0,0.0,0.9985,0.9173,0.9014,0.8627,0.7466,o,462.0,67.0,42789.0,536.0
150534,2024,47134.0,331.0,0.0,0.8427,0.8424,0.8424,0.8422,0.9988,o,415.0,73.0,42676.0,498.0
150561,1998,11511.0,53.0,4.0,0.5734,0.5324,0.5243,0.5046,0.7746,o,,,,
150561,1999,11555.0,54.0,3.0,0.5764,0.5509,0.5457,0.5331,0.8554,o,,,,
150561,2000,12021.0,49.0,1.0,0.4941,0.5123,0.5161,0.5258,1.1324,o,,,,
150561,2002,16862.0,75.0,2.0,0.5409,0.5775,0.5854,0.6056,1.2535,o,153.0,,24597.0,
150561,2003,17877.0,55.0,3.0,0.3793,0.4083,0.4146,0.4308,1.29,o,120.0,,25474.0,462.0
150561,2004,18901.0,81.0,5.0,0.5301,0.5477,0.5514,0.5607,1.1189,o,109.0,,26185.0,468.0
150561,2005,17588.0,89.0,8.0,0.6345,0.6069,0.6013,0.5876,0.8577,o,83.0,,26848.0,479.0
150561,2006,16867.0,69.0,6.0,0.5122,0.4509,0.4392,0.4112,0.6443,o,91.0,23.0,27422.0,481.0
150561,2007,16898.0,68.0,6.0,0.5042,0.4425,0.4307,0.4025,0.6374,o,80.0,23.0,28644.0,484.0
150561,2008,15840.0,66.0,3.0,0.5114,0.4698,0.4617,0.4419,0.7467,o,85.0,28.0,29375.0,467.0
150604,1998,27750.0,153.0,0.0,0.6616,0.6543,0.6528,0.6491,0.9625,o,,,,
150604,1999,31869.0,196.0,0.0,0.738,0.7659,0.7718,0.7867,1.1364,o,,,,
150604,2000,32298.0,162.0,0.0,0.6019,0.6176,0.6209,0.6292,1.0927,o,,,,
150604,2001,30643.0,202.0,0.0,0.791,0.8126,0.8172,0.8286,1.0973,o,,,,
150604,2002,30937.0,208.0,0.0,0.8068,0.8168,0.8189,0.8242,1.0435,o,293.0,,25550.0,
150604,2004,30795.0,216.0,0.0,0.8417,0.8447,0.8453,0.8469,1.0124,o,276.0,,28068.0,463.0
150604,2005,31466.0,204.0,0.0,0.778,0.7602,0.7566,0.7476,0.9233,o,273.0,,29415.0,453.0
150604,2006,30720.0,181.0,0.0,0.707,0.6969,0.6948,0.6897,0.9515,o,273.0,29.0,29899.0,526.0
150604,2007,30878.0,176.0,0.0,0.684,0.6752,0.6733,0.6688,0.9562,o,383.0,24.0,30474.0,523.0
150604,2008,31302.0,171.0,0.0,0.6555,0.6885,0.6955,0.7133,1.1841,o,361.0,,31205.0,577.0
150604,2009,31632.0,227.0,0.0,0.8612,0.9405,0.9578,1.0025,1.3552,o,327.0,2.0,32294.0,570.0
150604,2010,34574.0,194.0,0.0,0.6733,0.72,0.7301,0.7558,1.2601,o,289.0,,33272.0,533.0
150604,2011,32186.0,278.0,0.0,1.0365,1.0177,1.0139,1.0044,0.939,o,275.0,,34417.0,591.0
150604,2012,30401.0,256.0,0.0,1.0105,0.9325,0.9171,0.8798,0.7581,o,289.0,,35192.0,593.0
150604,2013,31824.0,213.0,0.0,0.8032,0.7582,0.7492,0.7272,0.8198,o,272.0,15.0,35953.0,573.0
150604,2014,30405.0,199.0,0.0,0.7854,0.7644,0.7601,0.7495,0.9107,o,327.0,24.0,36463.0,571.0
150604,2015,31219.0,191.0,0.0,0.7342,0.7471,0.7498,0.7566,1.0621,o,290.0,25.0,36795.0,579.0
150604,2016,33894.0,214.0,0.0,0.7577,0.7776,0.7819,0.7925,1.094,o,238.0,33.0,37629.0,548.0
150604,2017,31126.0,193.0,0.0,0.7441,0.7311,0.7285,0.7219,0.9412,o,267.0,34.0,38276.0,570.0
150604,2018,31211.0,240.0,0.0,0.9228,0.8782,0.8692,0.8473,0.8431,o,272.0,20.0,38535.0,550.0
150604,2019,29242.0,205.0,0.0,0.8413,0.8089,0.8024,0.7863,0.8736,o,270.0,18.0,39059.0,542.0
150604,2020,27588.0,187.0,0.0,0.8134,0.8196,0.8209,0.8241,1.0265,o,293.0,14.0,39628.0,530.0
150604,2021,28121.0,186.0,0.0,0.7937,0.8191,0.8245,0.8381,1.1149,o,255.0,22.0,39632.0,514.0
150604,2022,27250.0,178.0,0.0,0.7839,0.7876,0.7884,0.7904,1.0167,o,246.0,24.0,38359.0,468.0
150604,2023,26929.0,170.0,0.0,0.7575,0.7405,0.737,0.7283,0.9244,o,256.0,37.0,37406.0,428.0
150604,2024,27025.0,191.0,0.0,0.8481,0.8204,0.8147,0.8008,0.8917,o,316.0,31.0,37350.0,427.0
150640,2003,264.0,0.0,0.0,0.0,0.0,0.0,0.0,0.7692,o,18.0,,2039.0,
150668,1998,28483.0,215.0,0.0,0.9058,0.8968,0.8949,0.8903,0.966,o,,,,
150668,1999,31950.0,236.0,0.0,0.8864,0.8803,0.879,0.8759,0.9764,o,,,,
150668,2000,34652.0,223.0,0.0,0.7722,0.7639,0.7621,0.7578,0.963,o,,,,
150668,2001,29945.0,235.0,0.0,0.9417,0.9338,0.9322,0.9281,0.9714,o,,,,
150668,2002,28012.0,262.0,0.0,1.1224,1.0742,1.0645,1.0406,0.8596,o,147.0,,24060.0,
150668,2003,25577.0,234.0,0.0,1.0979,1.0026,0.984,0.9389,0.7314,o,182.0,,25491.0,566.0
150668,2004,26280.0,223.0,0.0,1.0183,0.9353,0.919,0.8795,0.746,o,169.0,,27612.0,587.0
150668,2005,26792.0,204.0,0.0,0.9137,0.8849,0.8791,0.8646,0.8954,o,197.0,,29294.0,613.0
150668,2006,27338.0,240.0,0.0,1.0535,1.0914,1.0994,1.1197,1.1296,o,209.0,78.0,30071.0,620.0
150668,2007,28660.0,233.0,0.0,0.9756,1.0369,1.0501,1.0837,1.234,o,202.0,64.0,30701.0,630.0
150668,2008,28821.0,237.0,0.0,0.9868,1.033,1.0428,1.0678,1.1709,o,175.0,62.0,31169.0,625.0
150668,2009,28188.0,229.0,0.0,0.9749,0.9833,0.985,0.9894,1.0301,o,238.0,56.0,32085.0,636.0
150668,2010,30713.0,260.0,0.0,1.0159,1.0209,1.022,1.0246,1.0172,o,180.0,56.0,33450.0,605.0
150668,2011,28665.0,230.0,0.0,0.9628,0.9676,0.9686,0.971,1.017,o,170.0,105.0,34200.0,586.0
150668,2012,28277.0,209.0,0.0,0.8869,0.868,0.8642,0.8546,0.9284,o,168.0,62.0,34968.0,596.0
150668,2013,26529.0,267.0,0.0,1.2077,1.1395,1.1259,1.0926,0.8184,o,167.0,42.0,35960.0,629.0
150668,2014,24779.0,212.0,0.0,1.0267,0.9628,0.9501,0.9191,0.8014,o,159.0,54.0,37523.0,664.0
150668,2015,22488.0,234.0,0.0,1.2487,1.2232,1.218,1.2051,0.9314,o,177.0,91.0,38772.0,641.0
150668,2016,22425.0,203.0,0.0,1.0863,1.0844,1.084,1.0831,0.9941,o,185.0,47.0,40060.0,612.0
150668,2017,23269.0,195.0,0.0,1.0056,1.0285,1.0333,1.0454,1.0806,o,216.0,55.0,42323.0,636.0
150668,2018,25112.0,199.0,0.0,0.9509,1.0098,1.0224,1.0547,1.2301,o,200.0,62.0,41376.0,612.0
150668,2019,24772.0,221.0,0.0,1.0706,1.139,1.1537,1.1912,1.2381,o,160.0,88.0,41121.0,590.0
150668,2020,23388.0,184.0,0.0,0.9441,0.9426,0.9422,0.9415,0.9945,o,200.0,67.0,41515.0,560.0
150668,2021,23724.0,192.0,0.0,0.9712,0.9413,0.9352,0.9202,0.8978,o,183.0,39.0,41122.0,540.0
150668,2022,21790.0,180.0,0.0,0.9913,0.9678,0.963,0.9512,0.9207,o,166.0,42.0,39428.0,524.0
150668,2023,20942.0,152.0,0.0,0.871,0.8632,0.8616,0.8576,0.9694,o,157.0,102.0,37949.0,522.0
150668,2024,20804.0,147.0,0.0,0.8479,0.8217,0.8163,0.8032,0.8972,o,198.0,92.0,37760.0,490.0
150677,1998,21360.0,106.0,8.0,0.618,0.5998,0.5962,0.587,0.9024,o,,,,
150677,1999,27300.0,119.0,10.0,0.5451,0.5911,0.6011,0.6268,1.3225,o,,,,
150677,2000,28145.0,146.0,30.0,0.6864,0.7776,0.7979,0.8511,1.5371,o,,,,
150677,2001,26246.0,146.0,20.0,0.7133,0.7837,0.7991,0.839,1.3836,o,,,,
150677,2002,32409.0,206.0,0.0,0.7628,0.8343,0.8499,0.8902,1.3621,o,289.0,,20371.0,
150677,2003,31833.0,236.0,0.0,0.8896,0.9905,1.0128,1.0706,1.4483,o,183.0,,20692.0,293.0
150677,2004,30010.0,217.0,29.0,0.9257,0.9562,0.9627,0.979,1.1185,o,180.0,,23333.0,327.0
150677,2005,30080.0,199.0,39.0,0.8717,0.7715,0.7523,0.7062,0.6564,o,217.0,,23548.0,335.0
150677,2007,34007.0,210.0,75.0,0.8733,0.8674,0.8662,0.8631,0.9767,o,247.0,50.0,25634.0,343.0
150677,2008,35835.0,193.0,60.0,0.7468,0.8151,0.83,0.8685,1.3526,o,281.0,44.0,28424.0,352.0
150677,2009,38756.0,210.0,61.0,0.7447,0.8089,0.8228,0.8588,1.33,o,230.0,46.0,29317.0,364.0
150677,2010,40746.0,276.0,66.0,0.91,0.9376,0.9434,0.9581,1.1085,o,240.0,32.0,30162.0,323.0
150677,2011,38899.0,307.0,100.0,1.1013,1.0874,1.0846,1.0775,0.9572,o,278.0,47.0,30292.0,328.0
150677,2012,37882.0,353.0,61.0,1.2148,1.2081,1.2067,1.2033,0.9811,o,344.0,58.0,30676.0,357.0
150677,2013,42881.0,259.0,15.0,0.7458,0.7895,0.7989,0.8228,1.2172,o,372.0,52.0,31134.0,358.0
150677,2014,50443.0,328.0,13.0,0.7957,0.8991,0.9221,0.9822,1.5234,o,394.0,71.0,31559.0,323.0
150677,2015,51314.0,271.0,33.0,0.6723,0.7531,0.771,0.8176,1.4788,o,384.0,57.0,32206.0,330.0
150677,2016,53940.0,362.0,32.0,0.8409,0.8973,0.9094,0.9405,1.2508,o,403.0,56.0,29105.0,320.0
150677,2017,53320.0,376.0,36.0,0.8867,0.9114,0.9166,0.9296,1.0992,o,349.0,66.0,29473.0,354.0
150677,2018,51653.0,399.0,24.0,0.9548,0.9497,0.9487,0.9461,0.9817,o,320.0,41.0,28876.0,352.0
150677,2019,50778.0,337.0,5.0,0.8023,0.768,0.761,0.744,0.8599,o,363.0,65.0,30222.0,337.0
150677,2020,50180.0,378.0,16.0,0.9231,0.8859,0.8784,0.8599,0.8679,o,424.0,91.0,31565.0,344.0
150677,2021,50910.0,341.0,21.0,0.8285,0.8395,0.8418,0.8476,1.0465,o,437.0,81.0,32020.0,309.0
150677,2022,51768.0,249.0,24.0,0.605,0.6509,0.6609,0.6864,1.287,o,445.0,59.0,30967.0,301.0
150677,2023,54571.0,316.0,25.0,0.7224,0.778,0.79,0.8209,1.2914,o,452.0,60.0,30069.0,304.0
150677,2024,57309.0,353.0,21.0,0.7611,0.7906,0.7968,0.8126,1.1398,o,423.0,65.0,30034.0,285.0
150756,1998,29619.0,266.0,0.0,1.0777,1.0756,1.0752,1.0741,0.9933,o,,,,
150756,1999,33030.0,235.0,0.0,0.8538,0.8753,0.8799,0.8913,1.0898,o,,,,
150756,2000,41055.0,207.0,0.0,0.605,0.6323,0.6381,0.6528,1.1641,o,,,,
150756,2001,40548.0,232.0,0.0,0.6866,0.7028,0.7062,0.7148,1.0838,o,,,,
150756,2002,33630.0,244.0,0.0,0.8706,0.8545,0.8512,0.843,0.9374,o,280.0,,21427.0,
150756,2003,40286.0,252.0,0.0,0.7506,0.7197,0.7135,0.6981,0.8649,o,292.0,,22941.0,346.0
150756,2004,30240.0,217.0,0.0,0.8611,0.8309,0.8248,0.8097,0.8841,o,380.0,,32006.0,457.0
150756,2005,31800.0,196.0,0.0,0.7396,0.7592,0.7634,0.7738,1.0945,o,265.0,,32433.0,460.0
150756,2006,30180.0,185.0,0.0,0.7356,0.7552,0.7593,0.7698,1.0951,o,230.0,15.0,32953.0,470.0
150756,2007,29370.0,203.0,0.0,0.8294,0.7954,0.7885,0.7716,0.8654,o,231.0,8.0,34330.0,487.0
150756,2008,28080.0,271.0,0.0,1.1581,1.0382,1.015,0.9592,0.686,o,328.0,9.0,35442.0,506.0
150756,2009,27990.0,210.0,0.0,0.9003,0.8637,0.8563,0.8382,0.8667,o,293.0,20.0,36287.0,504.0
150756,2010,28200.0,163.0,0.0,0.6936,0.7408,0.7509,0.7769,1.2545,o,320.0,15.0,37667.0,470.0
150756,2011,30390.0,173.0,0.0,0.6831,0.742,0.7548,0.7877,1.3297,o,321.0,10.0,38388.0,517.0
150756,2012,32130.0,232.0,0.0,0.8665,0.9016,0.909,0.9279,1.1467,o,372.0,10.0,39254.0,516.0
150756,2013,33930.0,221.0,0.0,0.7816,0.8069,0.8122,0.8257,1.1159,o,334.0,15.0,40462.0,548.0
150756,2014,40512.0,228.0,0.0,0.6754,0.7036,0.7096,0.7248,1.1517,o,293.0,13.0,41815.0,490.0
150756,2015,34620.0,243.0,0.0,0.8423,0.8369,0.8358,0.833,0.9782,o,304.0,19.0,43110.0,577.0
150756,2016,34140.0,276.0,0.0,0.9701,0.9291,0.9208,0.9004,0.8615,o,308.0,13.0,44745.0,566.0
150756,2017,32940.0,253.0,0.0,0.9217,0.8843,0.8767,0.8581,0.8669,o,343.0,20.0,45273.0,541.0
150756,2018,33240.0,229.0,0.0,0.8267,0.8358,0.8377,0.8424,1.0383,o,356.0,12.0,45514.0,508.0
150756,2019,33270.0,220.0,0.0,0.7935,0.8306,0.8385,0.8586,1.1709,o,290.0,11.0,45965.0,510.0
150756,2020,32324.0,234.0,0.0,0.8687,0.8824,0.8853,0.8925,1.0556,o,270.0,9.0,46575.0,500.0
150756,2021,33829.0,218.0,0.0,0.7733,0.7403,0.7336,0.7172,0.8602,o,276.0,13.0,46281.0,635.0
150756,2022,32432.0,250.0,0.0,0.925,0.8611,0.8484,0.8175,0.7811,o,280.0,19.0,44156.0,478.0
150756,2023,28740.0,215.0,0.0,0.8977,0.8595,0.8518,0.8328,0.8607,o,264.0,20.0,43020.0,552.0
150756,2024,28890.0,200.0,0.0,0.8307,0.8238,0.8224,0.8188,0.9714,o,348.0,16.0,42894.0,583.0
150774,1998,14371.0,0.0,92.0,0.3841,0.3685,0.3653,0.3576,0.8665,o,,,,
150774,1999,16530.0,0.0,94.0,0.3412,0.3578,0.3613,0.3703,1.1779,o,,,,
150774,2000,14547.0,0.0,78.0,0.3217,0.3497,0.3558,0.3715,1.3333,o,,,,
150774,2001,14029.0,0.0,68.0,0.2908,0.2975,0.2989,0.3024,1.0809,o,,,,
150774,2002,16389.0,0.0,87.0,0.3185,0.3117,0.3104,0.3069,0.9286,o,188.0,,15157.0,
150774,2003,14673.0,0.0,96.0,0.3926,0.3873,0.3862,0.3835,0.9543,o,243.0,,15294.0,524.0
150774,2004,14556.0,0.0,90.0,0.371,0.3753,0.3762,0.3785,1.0411,o,179.0,,15589.0,508.0
150774,2005,12825.0,13.0,91.0,0.5474,0.5355,0.5331,0.5271,0.9275,o,156.0,,16901.0,540.0
150774,2006,11159.0,16.0,58.0,0.4839,0.4474,0.4402,0.4227,0.7631,o,202.0,36.0,18385.0,547.0
150774,2007,13101.0,14.0,36.0,0.2931,0.2778,0.2747,0.2671,0.8306,o,184.0,33.0,23139.0,597.0
150774,2008,14220.0,28.0,38.0,0.3966,0.3865,0.3844,0.3793,0.9147,o,201.0,35.0,24086.0,607.0
150774,2009,14558.0,35.0,9.0,0.3256,0.339,0.3418,0.349,1.1493,o,139.0,42.0,25755.0,612.0
150774,2010,13818.0,48.0,4.0,0.4342,0.4278,0.4264,0.4232,0.9497,o,145.0,47.0,26732.0,602.0
150774,2011,13889.0,61.0,7.0,0.5573,0.5098,0.5005,0.478,0.7358,o,125.0,42.0,28896.0,634.0
150774,2012,13197.0,75.0,1.0,0.6865,0.6194,0.6063,0.5749,0.7013,o,117.0,37.0,31158.0,639.0
150774,2013,13225.0,71.0,1.0,0.6488,0.5879,0.576,0.5473,0.7118,o,165.0,42.0,31949.0,596.0
150774,2014,14980.0,109.0,0.0,0.8732,0.8714,0.871,0.8701,0.993,o,188.0,43.0,33507.0,554.0
150774,2015,15109.0,72.0,2.0,0.5798,0.6267,0.6368,0.6629,1.3074,o,208.0,31.0,35443.0,527.0
150774,2016,15547.0,76.0,12.0,0.6329,0.7301,0.752,0.8096,1.6364,o,230.0,54.0,36235.0,577.0
150774,2017,17984.0,92.0,38.0,0.7407,0.8415,0.8641,0.9231,1.5532,o,203.0,26.0,36663.0,514.0
150774,2018,16186.0,92.0,79.0,0.9749,1.0344,1.0472,1.0798,1.2266,o,173.0,20.0,37057.0,574.0
150774,2019,13725.0,94.0,91.0,1.2197,1.2015,1.1977,1.1885,0.9495,o,189.0,28.0,37460.0,654.0
150774,2020,12803.0,85.0,72.0,1.1341,1.0731,1.0609,1.031,0.8265,o,198.0,10.0,38462.0,667.0
150774,2021,13957.0,68.0,67.0,0.8727,0.8447,0.839,0.825,0.8938,o,214.0,17.0,38810.0,586.0
150774,2022,14076.0,53.0,47.0,0.6522,0.6697,0.6734,0.6827,1.0957,o,186.0,8.0,37354.0,613.0
150774,2023,12758.0,65.0,47.0,0.8324,0.8569,0.862,0.875,1.105,o,247.0,33.0,36023.0,596.0
150774,2024,16641.0,80.0,15.0,0.631,0.6519,0.6563,0.6674,1.1189,o,286.0,19.0,35500.0,479.0
150941,1998,22722.0,127.0,0.0,0.6707,0.7484,0.7655,0.8102,1.4591,o,,,,
150941,1999,24651.0,144.0,0.0,0.701,0.7546,0.7662,0.7959,1.2892,o,,,,
150941,2000,25317.0,153.0,0.0,0.7252,0.7645,0.7729,0.7942,1.1995,o,,,,
150941,2001,26819.0,154.0,1.0,0.6913,0.7188,0.7246,0.7394,1.144,o,,,,
150941,2002,28495.0,187.0,0.0,0.7875,0.788,0.7881,0.7884,1.0023,o,240.0,,24719.0,
150941,2003,28760.0,199.0,9.0,0.8491,0.8551,0.8563,0.8594,1.0244,o,194.0,,27054.0,461.0
150941,2004,23280.0,177.0,19.0,0.9613,0.9646,0.9652,0.9669,1.0117,o,204.0,,27429.0,575.0
150941,2005,25490.0,182.0,14.0,0.8898,0.8706,0.8667,0.857,0.9277,o,241.0,,29761.0,490.0
150941,2006,25172.0,189.0,10.0,0.9248,0.9148,0.9128,0.9077,0.9632,o,276.0,,28809.0,503.0
150941,2007,28055.0,177.0,1.0,0.7592,0.7987,0.8072,0.8286,1.1912,o,253.0,35.0,28523.0,479.0
150941,2008,29364.0,189.0,10.0,0.7928,0.861,0.8758,0.914,1.3291,o,281.0,45.0,28432.0,471.0
150941,2009,31472.0,185.0,13.0,0.7302,0.7698,0.7783,0.7999,1.2,o,275.0,59.0,29208.0,490.0
150941,2010,34431.0,206.0,18.0,0.7493,0.7653,0.7686,0.7771,1.0754,o,264.0,45.0,30434.0,474.0
150941,2011,34551.0,239.0,8.0,0.844,0.8486,0.8495,0.8519,1.0189,o,246.0,52.0,31171.0,507.0
150941,2012,32867.0,218.0,17.0,0.827,0.816,0.8138,0.8082,0.9551,o,240.0,48.0,31580.0,513.0
150941,2013,33044.0,251.0,5.0,0.9206,0.8854,0.8782,0.8607,0.8741,o,226.0,34.0,31789.0,480.0
150941,2014,29326.0,241.0,4.0,0.9943,0.9532,0.945,0.9246,0.8646,o,226.0,30.0,31651.0,485.0
150941,2015,30432.0,240.0,3.0,0.9523,0.9195,0.9129,0.8965,0.8863,o,205.0,46.0,32338.0,480.0
150941,2016,29262.0,210.0,7.0,0.8755,0.8456,0.8395,0.8245,0.8868,o,207.0,49.0,32180.0,515.0
150941,2017,28686.0,200.0,2.0,0.8408,0.8113,0.8054,0.7906,0.8841,o,219.0,47.0,32380.0,547.0
150941,2018,29368.0,216.0,3.0,0.8887,0.8736,0.8705,0.8628,0.9425,o,247.0,38.0,31830.0,520.0
150941,2019,29603.0,202.0,2.0,0.8229,0.8417,0.8457,0.8556,1.0812,o,238.0,61.0,31918.0,572.0
150941,2020,30363.0,179.0,0.0,0.7074,0.7417,0.749,0.7676,1.1772,o,253.0,56.0,32267.0,566.0
150941,2021,29259.0,221.0,0.0,0.9064,0.9445,0.9526,0.9731,1.1526,o,251.0,43.0,31336.0,554.0
150941,2022,27339.0,212.0,0.0,0.9305,0.9519,0.9564,0.9677,1.0815,o,272.0,41.0,30928.0,542.0
150941,2023,28411.0,207.0,0.0,0.8743,0.8936,0.8977,0.9079,1.0784,o,268.0,63.0,29843.0,479.0
150941,2024,30768.0,202.0,1.0,0.7898,0.8119,0.8165,0.8283,1.0998,o,265.0,50.0,29982.0,452.0
150978,1998,53919.0,0.0,151.0,0.168,0.1682,0.1686,0.1688,1.0145,o,,,,
150978,1999,50354.0,0.0,177.0,0.2109,0.2102,0.2085,0.2078,0.9558,o,,,,
150978,2000,51573.0,0.0,168.0,0.1955,0.1954,0.1952,0.1951,0.9949,o,,,,
150978,2001,62280.0,0.0,187.0,0.1802,0.1851,0.1986,0.2049,1.4763,o,,,,
150978,2002,77106.0,0.0,210.0,0.1634,0.169,0.1842,0.1915,1.616,o,517.0,,3440.0,
150978,2003,80250.0,0.0,274.0,0.2049,0.2013,0.1923,0.1885,0.7769,o,567.0,,3847.0,103.0
150978,2004,90267.0,0.0,275.0,0.1828,0.1812,0.1771,0.1753,0.8811,o,567.0,,3927.0,100.0
150978,2005,94811.0,0.0,366.0,0.2316,0.2324,0.2342,0.2351,1.0461,o,727.0,,3958.0,106.0
150978,2006,89823.0,0.0,351.0,0.2345,0.2386,0.2495,0.2545,1.2822,o,659.0,169.0,4034.0,115.0
150978,2007,90544.0,0.0,345.0,0.2286,0.2289,0.2297,0.23,1.0185,o,788.0,161.0,4103.0,117.0
150978,2008,102215.0,0.0,300.0,0.1761,0.1777,0.1818,0.1837,1.1371,o,1108.0,695.0,4125.0,157.0
150978,2009,117272.0,0.0,355.0,0.1816,0.1871,0.2021,0.2091,1.5314,o,1347.0,463.0,4216.0,127.0
150978,2010,163327.0,0.0,466.0,0.1712,0.1755,0.1869,0.1922,1.4209,o,1650.0,419.0,4417.0,84.0
150978,2011,167692.0,0.0,579.0,0.2072,0.2115,0.2231,0.2284,1.3442,o,1502.0,477.0,4547.0,90.0
150987,1998,110662.0,0.0,419.0,0.2272,0.2245,0.2178,0.2149,0.8451,o,,,,
150987,1999,115997.0,0.0,465.0,0.2405,0.2422,0.2464,0.2484,1.102,o,,,,
150987,2000,126604.0,0.0,451.0,0.2137,0.2176,0.2278,0.2325,1.2911,o,,,,
150987,2001,152061.0,0.0,481.0,0.1898,0.1985,0.2228,0.2346,1.9001,o,,,,
150987,2002,172528.0,0.0,508.0,0.1767,0.1776,0.1801,0.1812,1.0801,o,1551.0,,3440.0,
150987,2003,202410.0,0.0,574.0,0.1701,0.1736,0.1827,0.1869,1.329,o,1538.0,,3847.0,98.0
150987,2004,233938.0,0.0,622.0,0.1595,0.1613,0.1659,0.168,1.1696,o,1451.0,,3927.0,96.0
150987,2005,241091.0,0.0,735.0,0.1829,0.1821,0.1801,0.1792,0.9395,o,1629.0,,3958.0,101.0
150987,2006,244420.0,0.0,790.0,0.1939,0.1951,0.1982,0.1995,1.09,o,1595.0,1078.0,4034.0,104.0
150987,2007,262025.0,0.0,797.0,0.1825,0.183,0.1841,0.1846,1.0357,o,2180.0,859.0,4103.0,53.0
150987,2008,283636.0,0.0,897.0,0.1898,0.1938,0.2046,0.2096,1.3524,o,3431.0,1682.0,4125.0,102.0
150987,2009,310509.0,0.0,988.0,0.1909,0.1991,0.2217,0.2325,1.8177,o,3804.0,1490.0,4216.0,102.0
150987,2010,401616.0,0.0,1045.0,0.1561,0.1595,0.1685,0.1726,1.3559,o,3688.0,1015.0,4417.0,82.0
150987,2011,440830.0,0.0,1184.0,0.1612,0.1614,0.1619,0.1622,1.0195,o,3190.0,1069.0,4547.0,85.0
150987,2012,2227336.0,0.0,8940.0,0.2408,0.2381,0.2313,0.2284,0.8516,o,18718.0,5891.0,4564.0,87.0
150987,2013,2144802.0,0.0,9265.0,0.2592,0.2918,0.3959,0.4533,5.4429,o,16181.0,5018.0,4619.0,91.0
150987,2014,2017957.0,0.0,9453.0,0.2811,0.2888,0.3099,0.3197,1.4772,o,14786.0,4695.0,4746.0,90.0
150987,2015,1854222.0,0.0,9954.0,0.3221,0.3184,0.309,0.305,0.8474,o,12464.0,4303.0,5294.0,91.0
150987,2016,1751796.0,0.0,9291.0,0.3182,0.3134,0.3014,0.2962,0.805,o,10724.0,4136.0,5335.0,98.0
150987,2017,1689948.0,0.0,8961.0,0.3182,0.3129,0.2997,0.294,0.7871,o,9347.0,3570.0,5322.0,98.0
150987,2018,1658310.0,0.0,8995.0,0.3255,0.3206,0.3084,0.3031,0.8062,o,11302.0,3621.0,5303.0,98.0
150987,2019,1665942.0,0.0,9066.0,0.3265,0.3292,0.3364,0.3396,1.1262,o,12683.0,3357.0,5330.0,100.0
150987,2020,1645820.0,0.0,9038.0,0.3295,0.3343,0.3469,0.3526,1.2284,o,11129.0,3403.0,5409.0,100.0
150987,2021,1690982.0,0.0,8815.0,0.3128,0.3111,0.307,0.3052,0.928,o,10962.0,2258.0,5412.0,90.0
150987,2022,1542729.0,0.0,8655.0,0.3366,0.3347,0.3297,0.3276,0.9207,o,12400.0,2217.0,5087.0,99.0
150987,2023,1640488.0,0.0,8303.0,0.3037,0.3061,0.3126,0.3155,1.1226,o,13357.0,2383.0,4800.0,88.0
150987,2024,1813866.0,0.0,8551.0,0.2829,0.2855,0.2925,0.2957,1.1435,o,13263.0,2847.0,4912.0,77.0
150996,1998,53087.0,0.0,173.0,0.1955,0.1953,0.1946,0.1943,0.9817,o,,,,
150996,1999,56260.0,0.0,162.0,0.1728,0.1721,0.1703,0.1695,0.9431,o,,,,
150996,2000,61608.0,0.0,212.0,0.2065,0.2109,0.2226,0.228,1.351,o,,,,
150996,2002,31847.0,0.0,90.0,0.1696,0.162,0.1441,0.1368,0.5221,o,258.0,,3440.0,
150996,2003,36240.0,0.0,116.0,0.1921,0.1896,0.1834,0.1807,0.8309,o,165.0,,3847.0,119.0
150996,2004,37370.0,0.0,82.0,0.1317,0.1284,0.1205,0.1171,0.7006,o,208.0,,3927.0,115.0
150996,2005,43087.0,0.0,131.0,0.1824,0.1822,0.1817,0.1814,0.9835,o,261.0,,3958.0,104.0
150996,2006,44777.0,0.0,187.0,0.2506,0.2565,0.2725,0.28,1.3995,o,383.0,159.0,4034.0,122.0
150996,2007,51035.0,0.0,206.0,0.2422,0.2506,0.2738,0.2847,1.6333,o,408.0,119.0,4103.0,149.0
150996,2008,60981.0,0.0,282.0,0.2775,0.2821,0.2944,0.3,1.2671,o,645.0,267.0,4125.0,186.0
150996,2009,76424.0,0.0,284.0,0.223,0.2307,0.252,0.262,1.6308,o,955.0,270.0,4216.0,147.0
150996,2010,110792.0,0.0,384.0,0.208,0.2168,0.2413,0.2531,1.8139,o,989.0,213.0,4417.0,112.0
150996,2011,117942.0,0.0,363.0,0.1847,0.1874,0.1947,0.1981,1.2362,o,866.0,173.0,4547.0,96.0
151005,1998,57311.0,0.0,149.0,0.156,0.1552,0.1533,0.1524,0.932,o,,,,
151005,1999,63586.0,0.0,124.0,0.117,0.1184,0.122,0.1236,1.1815,o,,,,
151005,2000,65481.0,0.0,176.0,0.1613,0.1628,0.1669,0.1688,1.1483,o,,,,
151005,2001,73846.0,0.0,184.0,0.1495,0.1549,0.1696,0.1765,1.655,o,,,,
151005,2002,92657.0,0.0,175.0,0.1133,0.1164,0.1246,0.1285,1.4638,o,1053.0,,3440.0,
151005,2003,105660.0,0.0,243.0,0.138,0.1401,0.1456,0.1482,1.241,o,1220.0,,3847.0,97.0
151005,2004,121219.0,0.0,282.0,0.1396,0.1417,0.1472,0.1497,1.2367,o,733.0,,3927.0,100.0
151005,2005,126285.0,0.0,347.0,0.1649,0.1599,0.1477,0.1427,0.645,o,848.0,,3958.0,99.0
151005,2006,122443.0,0.0,454.0,0.2225,0.2203,0.2148,0.2123,0.8684,o,1105.0,287.0,4034.0,106.0
151005,2007,122340.0,0.0,443.0,0.2173,0.2224,0.2362,0.2427,1.3978,o,1080.0,277.0,4103.0,105.0
151005,2008,128363.0,0.0,446.0,0.2085,0.2099,0.2138,0.2155,1.106,o,1568.0,574.0,4125.0,97.0
151005,2009,141097.0,0.0,425.0,0.1807,0.1854,0.1978,0.2036,1.4352,o,1935.0,430.0,4216.0,96.0
151005,2010,186132.0,0.0,511.0,0.1647,0.1692,0.1811,0.1867,1.4615,o,2515.0,395.0,4417.0,98.0
151005,2011,198617.0,0.0,551.0,0.1665,0.1707,0.1822,0.1876,1.4359,o,1840.0,374.0,4547.0,99.0
151014,1998,31358.0,0.0,71.0,0.1359,0.1367,0.1389,0.1399,1.0924,o,,,,
151014,1999,33260.0,0.0,63.0,0.1137,0.1139,0.1147,0.1151,1.038,o,,,,
151014,2000,30599.0,0.0,71.0,0.1392,0.1357,0.127,0.1233,0.6914,o,,,,
151014,2001,34635.0,0.0,89.0,0.1542,0.1532,0.1507,0.1496,0.9125,o,,,,
151014,2002,40413.0,0.0,118.0,0.1752,0.1811,0.197,0.2046,1.6,o,327.0,,3440.0,
151014,2003,44100.0,0.0,120.0,0.1633,0.1666,0.1756,0.1797,1.3374,o,362.0,,3847.0,79.0
151014,2004,51839.0,0.0,125.0,0.1447,0.1462,0.1502,0.152,1.1621,o,533.0,,3927.0,85.0
151014,2005,58728.0,0.0,166.0,0.1696,0.1749,0.1891,0.1959,1.5472,o,576.0,,3958.0,88.0
151014,2006,60990.0,0.0,247.0,0.243,0.2473,0.2588,0.2641,1.2872,o,454.0,126.0,4034.0,89.0
151014,2007,61300.0,0.0,223.0,0.2183,0.2152,0.2076,0.2043,0.8188,o,396.0,104.0,4103.0,97.0
151014,2008,66153.0,0.0,212.0,0.1923,0.1888,0.1801,0.1763,0.7689,o,723.0,298.0,4125.0,69.0
151014,2009,79339.0,0.0,298.0,0.2254,0.2339,0.2574,0.2686,1.7012,o,913.0,224.0,4216.0,88.0
151014,2010,117029.0,0.0,349.0,0.1789,0.1852,0.2022,0.2103,1.6318,o,1184.0,174.0,4417.0,84.0
151014,2011,121062.0,0.0,553.0,0.2741,0.2813,0.3006,0.3096,1.4474,o,916.0,169.0,4547.0,84.0
151023,1998,48692.0,0.0,152.0,0.1873,0.1867,0.1852,0.1845,0.955,o,,,,
151023,1999,50679.0,0.0,193.0,0.2285,0.231,0.2375,0.2405,1.1678,o,,,,
151023,2000,52849.0,0.0,209.0,0.2373,0.2391,0.2438,0.2459,1.1141,o,,,,
151023,2001,61949.0,0.0,201.0,0.1947,0.1976,0.2053,0.2089,1.2378,o,,,,
151023,2002,75171.0,0.0,192.0,0.1533,0.1566,0.1657,0.1699,1.3676,o,638.0,,3440.0,
151023,2003,88380.0,0.0,308.0,0.2091,0.2127,0.2221,0.2264,1.2722,o,581.0,,3847.0,86.0
151023,2004,98633.0,0.0,374.0,0.2275,0.2271,0.2259,0.2254,0.9716,o,623.0,,3927.0,85.0
151023,2005,108481.0,0.0,365.0,0.2019,0.2022,0.203,0.2033,1.0221,o,673.0,,3958.0,94.0
151023,2006,110781.0,0.0,397.0,0.215,0.2167,0.2211,0.2231,1.1179,o,929.0,342.0,4034.0,98.0
151023,2007,120677.0,0.0,392.0,0.1949,0.1999,0.2133,0.2195,1.4336,o,976.0,333.0,4103.0,100.0
151023,2008,121383.0,0.0,369.0,0.1824,0.1849,0.1916,0.1947,1.2185,o,1218.0,535.0,4125.0,136.0
151023,2009,129223.0,0.0,380.0,0.1764,0.1795,0.1876,0.1914,1.2787,o,1611.0,489.0,4216.0,104.0
151023,2010,167416.0,0.0,531.0,0.1903,0.1955,0.2095,0.216,1.4686,o,1777.0,414.0,4417.0,93.0
151023,2011,171663.0,0.0,614.0,0.2146,0.2181,0.2272,0.2314,1.2563,o,1328.0,373.0,4547.0,91.0
151032,1998,62992.0,0.0,276.0,0.2629,0.2601,0.2531,0.25,0.8592,o,,,,
151032,1999,67571.0,0.0,230.0,0.2042,0.2006,0.1917,0.1878,0.7755,o,,,,
151032,2000,72964.0,0.0,313.0,0.2574,0.2488,0.2281,0.2195,0.6171,o,,,,
151032,2001,80983.0,0.0,357.0,0.2645,0.2607,0.2511,0.2469,0.8122,o,,,,
151032,2002,92844.0,0.0,351.0,0.2268,0.2351,0.2579,0.2687,1.671,o,608.0,,3440.0,
151032,2003,106410.0,0.0,398.0,0.2244,0.2307,0.2476,0.2556,1.4829,o,454.0,,3847.0,82.0
151032,2004,120355.0,0.0,411.0,0.2049,0.2019,0.1944,0.1911,0.81,o,489.0,,3927.0,89.0
151032,2005,127980.0,0.0,456.0,0.2138,0.2126,0.2094,0.208,0.9209,o,567.0,,3958.0,91.0
151032,2006,126875.0,0.0,513.0,0.2426,0.2458,0.254,0.2578,1.2025,o,739.0,281.0,4034.0,96.0
151032,2007,135812.0,0.0,492.0,0.2174,0.2225,0.2364,0.2429,1.3996,o,807.0,247.0,4103.0,98.0
151032,2008,146006.0,0.0,514.0,0.2112,0.2144,0.2227,0.2265,1.2358,o,1507.0,641.0,4125.0,136.0
151032,2009,168098.0,0.0,567.0,0.2024,0.2121,0.2391,0.2523,1.9495,o,1961.0,635.0,4216.0,92.0
151032,2010,225242.0,0.0,627.0,0.167,0.1733,0.1906,0.1988,1.6949,o,2662.0,621.0,4417.0,84.0
151032,2011,236729.0,0.0,780.0,0.1977,0.2037,0.2201,0.2277,1.5352,o,2242.0,687.0,4547.0,85.0
151041,1998,34284.0,0.0,147.0,0.2573,0.256,0.2527,0.2513,0.9317,o,,,,
151041,1999,33151.0,0.0,156.0,0.2823,0.2783,0.2682,0.2638,0.814,o,,,,
151041,2000,34452.0,0.0,164.0,0.2856,0.2863,0.2882,0.289,1.0362,o,,,,
151041,2001,41832.0,0.0,143.0,0.2051,0.2064,0.2096,0.2111,1.0905,o,,,,
151041,2002,47943.0,0.0,176.0,0.2203,0.225,0.2378,0.2437,1.3592,o,329.0,,3440.0,
151041,2003,54060.0,0.0,188.0,0.2087,0.2105,0.2153,0.2175,1.1345,o,438.0,,3847.0,98.0
151041,2004,58134.0,0.0,211.0,0.2178,0.2221,0.2336,0.2389,1.3233,o,379.0,,3927.0,104.0
151041,2005,60173.0,0.0,200.0,0.1994,0.1993,0.1988,0.1986,0.9883,o,511.0,,3958.0,107.0
151041,2006,61752.0,0.0,323.0,0.3138,0.3188,0.3319,0.3379,1.2509,o,562.0,113.0,4034.0,111.0
151041,2007,64956.0,0.0,330.0,0.3048,0.3098,0.3231,0.3292,1.2629,o,756.0,93.0,4103.0,104.0
151041,2008,73520.0,0.0,359.0,0.293,0.3001,0.3192,0.3281,1.4091,o,879.0,365.0,4125.0,54.0
151041,2009,84149.0,0.0,383.0,0.2731,0.2786,0.2935,0.3003,1.3338,o,1182.0,345.0,4216.0,97.0
151041,2010,99457.0,0.0,417.0,0.2516,0.2581,0.2759,0.2841,1.4459,o,1266.0,313.0,4417.0,91.0
151041,2011,108162.0,0.0,561.0,0.3112,0.3157,0.3276,0.3331,1.2285,o,1126.0,351.0,4547.0,83.0
151050,1998,55893.0,0.0,231.0,0.248,0.2363,0.2088,0.1976,0.5029,o,,,,
151050,1999,59302.0,0.0,256.0,0.259,0.259,0.259,0.259,1.0,o,,,,
151050,2000,62922.0,0.0,282.0,0.2689,0.2695,0.271,0.2717,1.0319,o,,,,
151050,2001,68344.0,0.0,302.0,0.2651,0.2721,0.291,0.2998,1.4514,o,,,,
151050,2002,76582.0,0.0,352.0,0.2758,0.2824,0.3001,0.3084,1.4026,o,513.0,,3440.0,
151050,2003,80940.0,0.0,367.0,0.2721,0.2725,0.2736,0.2741,1.0229,o,622.0,,3847.0,87.0
151050,2004,87008.0,0.0,330.0,0.2276,0.2302,0.2372,0.2404,1.1814,o,455.0,,3794.0,91.0
151050,2005,88354.0,0.0,428.0,0.2906,0.2862,0.275,0.2702,0.8018,o,551.0,,3958.0,98.0
151050,2006,90150.0,0.0,392.0,0.2609,0.2613,0.2624,0.2629,1.0232,o,588.0,206.0,4034.0,104.0
151050,2007,92844.0,0.0,422.0,0.2727,0.2757,0.2836,0.2871,1.169,o,697.0,202.0,4103.0,113.0
151050,2008,103644.0,0.0,400.0,0.2316,0.2349,0.2436,0.2475,1.2239,o,826.0,441.0,4125.0,74.0
151050,2009,114219.0,0.0,451.0,0.2369,0.2411,0.2523,0.2574,1.2856,o,1232.0,412.0,4216.0,105.0
151050,2010,131366.0,0.0,518.0,0.2366,0.2447,0.2668,0.2773,1.6179,o,1254.0,321.0,4417.0,94.0
151050,2011,134522.0,0.0,540.0,0.2409,0.2442,0.2531,0.2571,1.2187,o,1051.0,330.0,4547.0,90.0
151069,1998,57939.0,0.0,148.0,0.1533,0.1539,0.1556,0.1564,1.0633,o,,,,
151069,1999,61202.0,0.0,162.0,0.1588,0.1576,0.1545,0.1531,0.8954,o,,,,
151069,2000,67575.0,0.0,212.0,0.1882,0.189,0.191,0.192,1.0611,o,,,,
151069,2001,68822.0,0.0,194.0,0.1691,0.1726,0.1819,0.1862,1.3378,o,,,,
151069,2002,76525.0,0.0,222.0,0.1741,0.1754,0.1787,0.1803,1.112,o,732.0,,3440.0,
151069,2003,80760.0,0.0,250.0,0.1857,0.1864,0.188,0.1887,1.0495,o,632.0,,3847.0,104.0
151069,2004,89275.0,0.0,284.0,0.1909,0.1892,0.185,0.1832,0.8827,o,552.0,,3927.0,107.0
151069,2005,92923.0,0.0,396.0,0.2557,0.2519,0.2425,0.2385,0.8094,o,738.0,,3958.0,105.0
151069,2006,96824.0,0.0,381.0,0.2361,0.2398,0.2495,0.2539,1.2466,o,844.0,337.0,4034.0,119.0
151069,2007,99677.0,0.0,423.0,0.2546,0.2595,0.2723,0.2782,1.3085,o,808.0,249.0,4103.0,121.0
151069,2008,105124.0,0.0,486.0,0.2774,0.2778,0.2789,0.2793,1.0215,o,902.0,414.0,4125.0,81.0
151069,2009,112295.0,0.0,448.0,0.2394,0.2408,0.2447,0.2464,1.092,o,1035.0,417.0,4216.0,119.0
151069,2010,127095.0,0.0,425.0,0.2006,0.2033,0.2105,0.2137,1.2105,o,1200.0,352.0,4417.0,105.0
151069,2011,129716.0,0.0,580.0,0.2683,0.2723,0.283,0.2879,1.239,o,911.0,333.0,4547.0,97.0
151078,1998,23476.0,0.0,108.0,0.276,0.2766,0.2782,0.2789,1.0319,o,,,,
151078,1999,22575.0,0.0,96.0,0.2551,0.258,0.2654,0.2687,1.1703,o,,,,
151078,2000,21496.0,0.0,107.0,0.2987,0.298,0.2964,0.2957,0.97,o,,,,
151078,2001,24384.0,0.0,77.0,0.1895,0.1878,0.1837,0.1818,0.8828,o,,,,
151078,2002,28669.0,0.0,100.0,0.2093,0.209,0.2084,0.2081,0.9824,o,160.0,,3440.0,
151078,2003,29490.0,0.0,107.0,0.2177,0.2173,0.2162,0.2157,0.9726,o,210.0,,3847.0,124.0
151078,2004,30959.0,0.0,108.0,0.2093,0.213,0.2228,0.2273,1.2844,o,151.0,,3927.0,127.0
151078,2005,33582.0,0.0,127.0,0.2269,0.2237,0.2157,0.2122,0.8162,o,211.0,,3958.0,112.0
151078,2006,37769.0,0.0,142.0,0.2256,0.2281,0.2346,0.2375,1.169,o,257.0,94.0,4034.0,113.0
151078,2007,43768.0,0.0,134.0,0.1837,0.1883,0.2005,0.2062,1.4199,o,324.0,70.0,4103.0,115.0
151078,2008,46166.0,0.0,179.0,0.2326,0.238,0.2524,0.259,1.3846,o,429.0,166.0,4125.0,158.0
151078,2009,54803.0,0.0,206.0,0.2255,0.2318,0.2486,0.2565,1.4768,o,562.0,166.0,4216.0,98.0
151078,2010,77137.0,0.0,241.0,0.1875,0.1928,0.2072,0.214,1.4927,o,769.0,124.0,4417.0,77.0
151078,2011,83656.0,0.0,314.0,0.2252,0.2322,0.2514,0.2604,1.552,o,754.0,125.0,4547.0,87.0
151087,1998,70790.0,0.0,193.0,0.1636,0.1647,0.1677,0.1691,1.1057,o,,,,
151087,1999,73818.0,0.0,223.0,0.1813,0.1852,0.1958,0.2007,1.3614,o,,,,
151087,2000,86560.0,0.0,251.0,0.174,0.1765,0.1832,0.1862,1.2287,o,,,,
151087,2001,93827.0,0.0,289.0,0.1848,0.1872,0.1933,0.1962,1.1979,o,,,,
151087,2002,110148.0,0.0,352.0,0.1917,0.1921,0.193,0.1934,1.0269,o,635.0,,3440.0,
151087,2003,120630.0,0.0,392.0,0.195,0.1922,0.1853,0.1823,0.8162,o,664.0,,3847.0,106.0
151087,2004,111581.0,0.0,427.0,0.2296,0.2288,0.2267,0.2257,0.9499,o,534.0,,3927.0,112.0
151087,2005,97919.0,0.0,318.0,0.1949,0.1922,0.1855,0.1827,0.8222,o,495.0,,3958.0,120.0
151087,2006,91378.0,0.0,362.0,0.2377,0.2345,0.2266,0.2232,0.8264,o,595.0,282.0,4034.0,124.0
151087,2007,101905.0,0.0,429.0,0.2526,0.2552,0.2619,0.265,1.1565,o,789.0,257.0,4103.0,129.0
151087,2008,113986.0,0.0,417.0,0.2195,0.2253,0.2408,0.248,1.4477,o,1150.0,598.0,4125.0,161.0
151087,2009,131216.0,0.0,415.0,0.1898,0.1966,0.2155,0.2244,1.6618,o,1801.0,686.0,4216.0,132.0
151087,2010,183542.0,0.0,510.0,0.1667,0.1741,0.1946,0.2045,1.8577,o,2304.0,481.0,4417.0,131.0
151087,2011,204037.0,0.0,602.0,0.177,0.1826,0.1979,0.2051,1.5615,o,1951.0,522.0,4547.0,105.0
151096,1998,20623.0,0.0,99.0,0.288,0.2932,0.3071,0.3135,1.2922,o,,,,
151096,1999,20951.0,0.0,78.0,0.2234,0.2281,0.2408,0.2467,1.3514,o,,,,
151096,2000,23150.0,0.0,108.0,0.2799,0.2817,0.2864,0.2885,1.0964,o,,,,
151096,2001,26578.0,0.0,89.0,0.2009,0.2015,0.203,0.2037,1.042,o,,,,
151096,2002,30065.0,0.0,148.0,0.2954,0.3019,0.3195,0.3277,1.3696,o,220.0,,3440.0,
151096,2003,33210.0,0.0,124.0,0.224,0.2241,0.2243,0.2244,1.0046,o,232.0,,3847.0,72.0
151096,2004,33800.0,0.0,138.0,0.245,0.2447,0.2439,0.2436,0.9831,o,223.0,,3927.0,88.0
151096,2005,34627.0,0.0,123.0,0.2131,0.2129,0.2124,0.2122,0.9867,o,252.0,,3958.0,93.0
151096,2006,35674.0,0.0,157.0,0.2641,0.266,0.2709,0.2731,1.1077,o,267.0,49.0,4034.0,100.0
151096,2007,38425.0,0.0,111.0,0.1733,0.1748,0.1785,0.1802,1.1242,o,325.0,69.0,4103.0,120.0
151096,2008,41517.0,0.0,177.0,0.2558,0.2599,0.2706,0.2755,1.2524,o,412.0,169.0,4125.0,97.0
151096,2009,49439.0,0.0,159.0,0.193,0.1975,0.2096,0.2152,1.3919,o,498.0,141.0,4216.0,104.0
151096,2010,64968.0,0.0,235.0,0.217,0.2217,0.234,0.2397,1.3514,o,600.0,121.0,4417.0,102.0
151096,2011,68227.0,0.0,268.0,0.2357,0.2403,0.2526,0.2582,1.3187,o,536.0,109.0,4547.0,96.0
151102,1998,191033.0,759.0,470.0,0.6244,0.6197,0.6176,0.6147,0.9693,o,,,,
151102,1999,195397.0,759.0,414.0,0.5933,0.6035,0.6083,0.6148,1.074,o,,,,
151102,2000,194829.0,771.0,454.0,0.6147,0.6317,0.6396,0.6506,1.1202,o,,,,
151102,2001,200127.0,734.0,417.0,0.5651,0.5959,0.6106,0.6312,1.2474,o,,,,
151102,2002,219217.0,815.0,500.0,0.583,0.613,0.6273,0.6472,1.2326,o,1705.0,,5990.0,
151102,2003,232554.0,865.0,515.0,0.5792,0.5861,0.5893,0.5937,1.0508,o,1638.0,,7165.0,221.0
151102,2004,237606.0,873.0,575.0,0.5861,0.5676,0.5593,0.5481,0.8747,o,1801.0,,7625.0,232.0
151102,2005,241647.0,923.0,582.0,0.6029,0.583,0.5742,0.5623,0.87,o,1782.0,,7694.0,242.0
151102,2006,239789.0,1026.0,517.0,0.6428,0.6475,0.6496,0.6525,1.0305,o,1786.0,,7893.0,253.0
151102,2007,244423.0,969.0,478.0,0.5931,0.6024,0.6067,0.6127,1.0673,o,1957.0,791.0,8221.0,263.0
151102,2008,250372.0,994.0,453.0,0.585,0.597,0.6026,0.6103,1.0884,o,2094.0,715.0,8313.0,266.0
151102,2009,262953.0,1009.0,466.0,0.5668,0.5837,0.5917,0.6027,1.1306,o,2222.0,921.0,8541.0,270.0
151102,2010,283677.0,1157.0,452.0,0.585,0.6124,0.6253,0.6434,1.2096,o,2297.0,779.0,8910.0,273.0
151102,2011,296414.0,1144.0,377.0,0.5394,0.5644,0.5762,0.5927,1.2073,o,2044.0,718.0,9136.0,274.0
151102,2012,294461.0,1293.0,330.0,0.5942,0.6041,0.6087,0.6151,1.0716,o,1629.0,673.0,9127.0,267.0
151102,2013,290532.0,1370.0,322.0,0.6324,0.6083,0.5976,0.5834,0.851,o,1660.0,536.0,9192.0,252.0
151102,2014,279860.0,1341.0,264.0,0.6316,0.5852,0.5651,0.5388,0.7278,o,1559.0,571.0,9233.0,248.0
151102,2015,258373.0,1374.0,231.0,0.6918,0.6439,0.623,0.5957,0.7415,o,1634.0,543.0,10377.0,258.0
151102,2016,237763.0,1384.0,203.0,0.7497,0.725,0.7139,0.699,0.8693,o,1600.0,531.0,10475.0,272.0
151102,2017,228051.0,1376.0,130.0,0.7583,0.7552,0.7538,0.7519,0.9833,o,1562.0,426.0,10470.0,278.0
151102,2018,208974.0,1429.0,101.0,0.8496,0.8459,0.8443,0.842,0.9823,o,1553.0,457.0,10381.0,276.0
151102,2019,200745.0,1401.0,59.0,0.8551,0.8501,0.8477,0.8446,0.9756,o,1609.0,456.0,10311.0,295.0
151102,2020,192734.0,1238.0,59.0,0.7892,0.7849,0.783,0.7803,0.9777,o,1388.0,360.0,10323.0,298.0
151102,2021,174233.0,1106.0,47.0,0.7779,0.768,0.7635,0.7574,0.9478,o,1293.0,334.0,10190.0,312.0
151102,2022,165875.0,930.0,52.0,0.6916,0.6671,0.6562,0.6416,0.8607,o,1210.0,323.0,9716.0,307.0
151102,2023,162379.0,1087.0,59.0,0.8251,0.7801,0.7603,0.7341,0.7916,o,1378.0,299.0,9301.0,289.0
151102,2024,160521.0,993.0,58.0,0.764,0.7376,0.7258,0.71,0.8635,o,1371.0,334.0,9254.0,296.0
151111,1998,440704.0,2051.0,550.0,0.6334,0.6739,0.6934,0.7208,1.2951,o,,,,
151111,1999,553050.0,1642.0,375.0,0.397,0.4259,0.4398,0.4596,1.3406,o,,,,
151111,2000,450498.0,2156.0,572.0,0.6505,0.6894,0.708,0.7342,1.2738,o,,,,
151111,2001,454863.0,2076.0,639.0,0.632,0.6598,0.673,0.6914,1.1969,o,,,,
151111,2002,471574.0,2200.0,538.0,0.6283,0.6331,0.6354,0.6384,1.0326,o,2787.0,,7225.0,
151111,2003,493902.0,2430.0,611.0,0.6646,0.6415,0.6312,0.6174,0.863,o,2826.0,,7710.0,385.0
151111,2004,505416.0,2527.0,647.0,0.6768,0.6497,0.6376,0.6216,0.8434,o,2720.0,,9456.0,396.0
151111,2005,501741.0,2723.0,608.0,0.724,0.7054,0.6971,0.6859,0.8977,o,2746.0,,9543.0,465.0
151111,2006,508358.0,2835.0,565.0,0.7359,0.7266,0.7223,0.7166,0.9481,o,2792.0,2161.0,9690.0,484.0
151111,2007,509225.0,2828.0,444.0,0.7187,0.7164,0.7154,0.7139,0.9866,o,2952.0,1698.0,9867.0,448.0
151111,2008,518269.0,2906.0,405.0,0.7197,0.7258,0.7286,0.7325,1.0357,o,3040.0,1725.0,10024.0,471.0
151111,2009,536045.0,3150.0,364.0,0.7459,0.7625,0.7703,0.781,1.0962,o,3019.0,1475.0,10346.0,420.0
151111,2010,559761.0,3260.0,289.0,0.7298,0.7458,0.7532,0.7634,1.0941,o,2925.0,1619.0,10754.0,424.0
151111,2011,568178.0,3492.0,229.0,0.7617,0.768,0.7709,0.7748,1.0348,o,3059.0,1789.0,11007.0,431.0
151111,2012,563819.0,3744.0,201.0,0.8182,0.818,0.8179,0.8177,0.9987,o,3359.0,1796.0,11216.0,451.0
151111,2013,567176.0,3783.0,160.0,0.8173,0.8287,0.8339,0.8412,1.0593,o,3795.0,1754.0,11503.0,469.0
151111,2014,581648.0,3807.0,137.0,0.7996,0.8359,0.8531,0.8772,1.2036,o,3949.0,1717.0,11528.0,465.0
151111,2015,592020.0,3922.0,126.0,0.8077,0.8593,0.884,0.9189,1.2941,o,3929.0,1416.0,11630.0,472.0
151111,2016,583256.0,4026.0,108.0,0.8394,0.8818,0.9019,0.93,1.2275,o,4003.0,1373.0,11741.0,484.0
151111,2017,591505.0,4185.0,94.0,0.8586,0.8801,0.8901,0.904,1.1087,o,4093.0,1421.0,11734.0,481.0
151111,2018,586103.0,4380.0,72.0,0.9041,0.9138,0.9183,0.9245,1.0455,o,4103.0,1340.0,11633.0,482.0
151111,2019,582075.0,4380.0,69.0,0.9101,0.9188,0.9228,0.9283,1.0404,o,4295.0,1347.0,11549.0,483.0
151111,2020,583388.0,4486.0,77.0,0.9307,0.9435,0.9494,0.9576,1.0587,o,3811.0,1356.0,11660.0,479.0
151111,2021,567825.0,4494.0,74.0,0.9575,0.9578,0.958,0.9581,1.0012,o,3496.0,1248.0,11607.0,466.0
151111,2022,519726.0,4330.0,87.0,1.0098,0.9824,0.97,0.9535,0.8915,o,3523.0,1025.0,11019.0,449.0
151111,2023,487436.0,4212.0,70.0,1.0456,1.0015,0.9819,0.9559,0.8358,o,3283.0,1144.0,10501.0,436.0
151111,2024,468796.0,3909.0,84.0,1.0114,0.9698,0.9513,0.9267,0.8396,o,2942.0,1011.0,10449.0,422.0
151120,1998,2688.0,3.0,2.0,0.1786,0.1786,0.1786,0.1786,,n,,,,
151120,1999,2208.0,7.0,0.0,0.3804,0.3804,0.3804,0.3804,,n,,,,
151157,1998,6809.0,0.0,51.0,0.4494,0.4494,0.4494,0.4494,,-,,,,
151157,1999,7201.0,0.0,48.0,0.4,0.4,0.4,0.4,,-,,,,
151157,2000,6480.0,0.0,54.0,0.5,0.5,0.5,0.5,,-,,,,
151157,2001,8623.0,0.0,47.0,0.327,0.327,0.327,0.327,,-,,,,
151157,2002,10846.0,0.0,82.0,0.4536,0.4536,0.4536,0.4536,,-,42.0,,12602.0,
151157,2003,7411.0,0.0,57.0,0.4615,0.4615,0.4615,0.4615,,-,46.0,,13204.0,359.0
151157,2004,8591.0,0.0,60.0,0.4191,0.4191,0.4191,0.4191,,-,51.0,,13308.0,336.0
151157,2005,10382.0,0.0,41.0,0.2369,0.2369,0.2369,0.2369,,-,44.0,,14196.0,354.0
151157,2006,9265.0,0.0,84.0,0.544,0.544,0.544,0.544,,-,34.0,,14210.0,376.0
151157,2007,7734.0,0.0,55.0,0.4267,0.4267,0.4267,0.4267,,-,25.0,,14496.0,378.0
151157,2008,7513.0,0.0,64.0,0.5111,0.5111,0.5111,0.5111,,-,35.0,,15738.0,404.0
151157,2009,6055.0,0.0,65.0,0.6441,0.6441,0.6441,0.6441,,-,41.0,30.0,15496.0,499.0
151157,2010,7656.0,0.0,41.0,0.3213,0.3213,0.3213,0.3213,,-,33.0,61.0,16489.0,526.0
151157,2011,10896.0,0.0,58.0,0.3194,0.3194,0.3194,0.3194,,-,50.0,39.0,16940.0,482.0
151166,1998,22117.0,0.0,136.0,0.369,0.369,0.369,0.369,,-,,,,
151166,1999,21827.0,0.0,149.0,0.4096,0.4096,0.4096,0.4096,,-,,,,
151166,2001,25590.0,0.0,150.0,0.3517,0.3517,0.3517,0.3517,,-,,,,
151166,2002,25590.0,0.0,139.0,0.3259,0.3259,0.3259,0.3259,,-,266.0,,12602.0,
151166,2003,30552.0,0.0,191.0,0.3751,0.3751,0.3751,0.3751,,-,142.0,,13204.0,348.0
151166,2004,29972.0,0.0,196.0,0.3924,0.3924,0.3924,0.3924,,-,659.0,,13308.0,345.0
151166,2005,31017.0,0.0,163.0,0.3153,0.3153,0.3153,0.3153,,-,339.0,,14196.0,365.0
151166,2007,43925.0,0.0,239.0,0.3265,0.3265,0.3265,0.3265,,-,238.0,291.0,14496.0,401.0
151166,2008,53233.0,5.0,260.0,0.3043,0.3043,0.3043,0.3043,,-,211.0,357.0,15738.0,416.0
151166,2009,61325.0,35.0,272.0,0.3346,0.3346,0.3346,0.3346,,-,413.0,356.0,15496.0,531.0
151166,2010,75868.0,52.0,323.0,0.3377,0.3377,0.3377,0.3377,,-,387.0,324.0,16489.0,604.0
151166,2011,95123.0,73.0,332.0,0.3015,0.3015,0.3015,0.3015,,-,328.0,367.0,16940.0,542.0
151166,2012,172181.0,136.0,1222.0,0.5206,0.5206,0.5206,0.5206,,-,260.0,525.0,17981.0,688.0
151166,2013,127321.0,189.0,888.0,0.5966,0.5966,0.5966,0.5966,,-,312.0,524.0,21456.0,720.0
151166,2014,119191.0,186.0,634.0,0.5064,0.5064,0.5064,0.5064,,-,308.0,543.0,22040.0,706.0
151166,2015,100851.0,152.0,607.0,0.542,0.542,0.542,0.542,,-,373.0,530.0,22226.0,827.0
151166,2016,70477.0,121.0,577.0,0.6973,0.6973,0.6973,0.6973,,-,130.0,788.0,22169.0,1062.0
151166,2017,56825.0,101.0,634.0,0.8827,0.8827,0.8827,0.8827,,-,172.0,376.0,20747.0,1060.0
151184,1998,5452.0,0.0,36.0,0.3962,0.3962,0.3962,0.3962,,-,,,,
151184,1999,4787.0,0.0,57.0,0.7144,0.7144,0.7144,0.7144,,-,,,,
151184,2001,5341.0,0.0,39.0,0.4381,0.4381,0.4381,0.4381,,-,,,,
151184,2003,6546.0,0.0,42.0,0.385,0.385,0.385,0.385,,-,67.0,,13204.0,334.0
151184,2004,6355.0,0.0,43.0,0.406,0.406,0.406,0.406,,-,43.0,,13308.0,368.0
151184,2005,6200.0,0.0,53.0,0.5129,0.5129,0.5129,0.5129,,-,33.0,,14196.0,372.0
151184,2006,5651.0,0.0,36.0,0.3822,0.3822,0.3822,0.3822,,-,26.0,,14210.0,363.0
151184,2007,4360.0,0.0,28.0,0.3853,0.3853,0.3853,0.3853,,-,42.0,,14496.0,403.0
151184,2008,4692.0,0.0,26.0,0.3325,0.3325,0.3325,0.3325,,-,19.0,,15738.0,399.0
151184,2009,3131.0,0.0,27.0,0.5175,0.5175,0.5175,0.5175,,-,,,15496.0,558.0
151184,2010,995.0,0.0,24.0,1.4477,1.4477,1.4477,1.4477,,-,,,,729.0
151193,1998,3566.0,0.0,32.0,0.5384,0.5384,0.5384,0.5384,,-,,,,
151193,1999,5344.0,0.0,24.0,0.2695,0.2695,0.2695,0.2695,,-,,,,
151193,2000,5793.0,0.0,37.0,0.3832,0.3832,0.3832,0.3832,,-,,,,
151193,2001,7416.0,0.0,51.0,0.4126,0.4126,0.4126,0.4126,,-,,,,
151193,2002,8175.0,0.0,44.0,0.3229,0.3229,0.3229,0.3229,,-,53.0,,12602.0,
151193,2003,9582.0,0.0,68.0,0.4258,0.4258,0.4258,0.4258,,-,56.0,,13204.0,370.0
151193,2004,10712.0,0.0,85.0,0.4761,0.4761,0.4761,0.4761,,-,58.0,,13308.0,361.0
151193,2005,10679.0,0.0,85.0,0.4776,0.4776,0.4776,0.4776,,-,73.0,,14196.0,374.0
151193,2006,11767.0,0.0,78.0,0.3977,0.3977,0.3977,0.3977,,-,44.0,,14210.0,372.0
151193,2007,11145.0,0.0,89.0,0.4792,0.4792,0.4792,0.4792,,-,41.0,,14496.0,366.0
151193,2008,8304.0,0.0,66.0,0.4769,0.4769,0.4769,0.4769,,-,30.0,,15738.0,436.0
151193,2009,6709.0,0.0,71.0,0.6349,0.6349,0.6349,0.6349,,-,38.0,,15496.0,528.0
151193,2010,7555.0,0.0,70.0,0.5559,0.5559,0.5559,0.5559,,-,32.0,39.0,16489.0,589.0
151193,2011,9369.0,0.0,73.0,0.4675,0.4675,0.4675,0.4675,,-,25.0,39.0,16940.0,507.0
151209,1998,5794.0,0.0,67.0,0.6938,0.6938,0.6938,0.6938,,-,,,,
151209,1999,6133.0,0.0,66.0,0.6457,0.6457,0.6457,0.6457,,-,,,,
151209,2000,6483.0,0.0,40.0,0.3702,0.3702,0.3702,0.3702,,-,,,,
151209,2001,9563.0,0.0,46.0,0.2886,0.2886,0.2886,0.2886,,-,,,,
151209,2002,9958.0,0.0,56.0,0.3374,0.3374,0.3374,0.3374,,-,56.0,,12602.0,
151209,2004,12361.0,0.0,81.0,0.3932,0.3932,0.3932,0.3932,,-,70.0,,13308.0,351.0
151209,2005,13995.0,0.0,93.0,0.3987,0.3987,0.3987,0.3987,,-,68.0,,14196.0,359.0
151209,2006,14680.0,0.0,110.0,0.4496,0.4496,0.4496,0.4496,,-,58.0,,14210.0,372.0
151209,2007,13907.0,0.0,99.0,0.4271,0.4271,0.4271,0.4271,,-,29.0,,14496.0,390.0
151209,2008,11783.0,0.0,102.0,0.5194,0.5194,0.5194,0.5194,,-,108.0,,15738.0,377.0
151209,2009,7290.0,2.0,74.0,0.642,0.642,0.642,0.642,,-,125.0,,15496.0,570.0
151209,2010,6834.0,9.0,51.0,0.6058,0.6058,0.6058,0.6058,,-,155.0,,16489.0,561.0
151209,2011,8523.0,22.0,40.0,0.5914,0.5914,0.5914,0.5914,,-,70.0,,16940.0,487.0
151227,1998,3480.0,0.0,26.0,0.4483,0.4483,0.4483,0.4483,,-,,,,
151227,1999,3240.0,0.0,31.0,0.5741,0.5741,0.5741,0.5741,,-,,,,
151236,1998,11952.0,0.0,91.0,0.4568,0.4568,0.4568,0.4568,,-,,,,
151236,1999,9030.0,0.0,98.0,0.6512,0.6512,0.6512,0.6512,,-,,,,
151236,2000,9310.0,0.0,63.0,0.406,0.406,0.406,0.406,,-,,,,
151236,2001,9700.0,0.0,53.0,0.3278,0.3278,0.3278,0.3278,,-,,,,
151236,2002,9700.0,0.0,56.0,0.3464,0.3464,0.3464,0.3464,,-,64.0,,12602.0,
151236,2003,10450.0,0.0,83.0,0.4766,0.4766,0.4766,0.4766,,-,60.0,,13204.0,358.0
151236,2004,10548.0,0.0,69.0,0.3925,0.3925,0.3925,0.3925,,-,39.0,,13308.0,357.0
151236,2005,10469.0,0.0,92.0,0.5273,0.5273,0.5273,0.5273,,-,41.0,,14196.0,363.0
151236,2006,9771.0,0.0,72.0,0.4421,0.4421,0.4421,0.4421,,-,37.0,,14210.0,382.0
151236,2007,9190.0,0.0,75.0,0.4897,0.4897,0.4897,0.4897,,-,31.0,44.0,14496.0,391.0
151236,2008,9947.0,0.0,83.0,0.5006,0.5006,0.5006,0.5006,,-,28.0,41.0,15738.0,380.0
151236,2009,8956.0,4.0,68.0,0.5092,0.5092,0.5092,0.5092,,-,32.0,52.0,15496.0,496.0
151236,2010,9731.0,4.0,57.0,0.4008,0.4008,0.4008,0.4008,,-,34.0,44.0,16489.0,567.0
151236,2011,12268.0,12.0,81.0,0.5135,0.5135,0.5135,0.5135,,-,35.0,57.0,16940.0,473.0
151245,1998,5697.0,0.0,52.0,0.5476,0.5476,0.5476,0.5476,,-,,,,
151245,1999,5462.0,0.0,62.0,0.6811,0.6811,0.6811,0.6811,,-,,,,
151245,2000,5103.0,0.0,43.0,0.5056,0.5056,0.5056,0.5056,,-,,,,
151245,2001,5340.0,0.0,42.0,0.4719,0.4719,0.4719,0.4719,,-,,,,
151245,2002,6009.0,0.0,35.0,0.3495,0.3495,0.3495,0.3495,,-,59.0,,12602.0,
151245,2003,7924.0,0.0,56.0,0.424,0.424,0.424,0.424,,-,47.0,,13204.0,353.0
151245,2004,8875.0,0.0,66.0,0.4462,0.4462,0.4462,0.4462,,-,36.0,,13308.0,345.0
151245,2005,8161.0,0.0,66.0,0.4853,0.4853,0.4853,0.4853,,-,41.0,,14196.0,379.0
151245,2006,9455.0,0.0,60.0,0.3808,0.3808,0.3808,0.3808,,-,52.0,,14210.0,397.0
151245,2007,11549.0,0.0,70.0,0.3637,0.3637,0.3637,0.3637,,-,34.0,,14496.0,385.0
151245,2008,10863.0,0.0,96.0,0.5302,0.5302,0.5302,0.5302,,-,40.0,,15738.0,398.0
151245,2009,8785.0,0.0,75.0,0.5123,0.5123,0.5123,0.5123,,-,32.0,25.0,15496.0,515.0
151245,2010,8289.0,0.0,83.0,0.6008,0.6008,0.6008,0.6008,,-,32.0,59.0,16489.0,581.0
151245,2011,10911.0,0.0,76.0,0.4179,0.4179,0.4179,0.4179,,-,46.0,35.0,16940.0,492.0
151263,1998,66843.0,340.0,125.0,0.7226,0.6529,0.6393,0.6066,0.7048,o,,,,
151263,1999,69972.0,363.0,128.0,0.7323,0.6753,0.664,0.6368,0.7561,o,,,,
151263,2000,71656.0,375.0,105.0,0.7159,0.7408,0.746,0.7593,1.1248,o,,,,
151263,2001,72838.0,399.0,92.0,0.7331,0.7537,0.758,0.7689,1.0999,o,,,,
151263,2002,76086.0,429.0,68.0,0.7302,0.739,0.7408,0.7454,1.0419,o,599.0,,26589.0,
151263,2003,75943.0,467.0,68.0,0.7916,0.7892,0.7887,0.7875,0.9896,o,663.0,,26884.0,553.0
151263,2004,80746.0,440.0,53.0,0.6933,0.6926,0.6925,0.6922,0.9968,o,720.0,,27562.0,555.0
151263,2005,86218.0,454.0,68.0,0.6792,0.6927,0.6956,0.7027,1.0704,o,727.0,,27685.0,605.0
151263,2006,90916.0,514.0,64.0,0.7207,0.7553,0.7626,0.7813,1.1755,o,792.0,188.0,28154.0,593.0
151263,2007,93050.0,545.0,65.0,0.7448,0.7859,0.7947,0.8171,1.2036,o,830.0,162.0,28508.0,615.0
151263,2008,98733.0,569.0,74.0,0.7365,0.7714,0.7788,0.7976,1.1728,o,772.0,232.0,28813.0,602.0
151263,2009,95777.0,617.0,74.0,0.8194,0.8439,0.8491,0.8622,1.1071,o,801.0,306.0,29496.0,659.0
151263,2010,109116.0,690.0,69.0,0.7968,0.8049,0.8066,0.8108,1.0356,o,896.0,307.0,30262.0,595.0
151263,2011,116982.0,722.0,57.0,0.7699,0.78,0.7821,0.7875,1.0462,o,832.0,268.0,31018.0,572.0
151263,2012,121257.0,662.0,75.0,0.6922,0.7076,0.7108,0.719,1.0787,o,860.0,316.0,31308.0,573.0
151263,2013,114040.0,686.0,95.0,0.7718,0.7883,0.7918,0.8005,1.0757,o,834.0,269.0,31856.0,611.0
151263,2014,114780.0,771.0,83.0,0.8495,0.849,0.8489,0.8487,0.9982,o,992.0,267.0,32467.0,593.0
151263,2015,121382.0,819.0,71.0,0.8448,0.8584,0.8612,0.8684,1.0567,o,978.0,265.0,33177.0,575.0
151263,2016,125461.0,829.0,33.0,0.8087,0.8452,0.8529,0.8726,1.1643,o,1032.0,244.0,34083.0,607.0
151263,2017,125896.0,842.0,29.0,0.8164,0.8579,0.8668,0.8893,1.1865,o,1156.0,224.0,34955.0,615.0
151263,2018,129998.0,878.0,26.0,0.8225,0.8668,0.8762,0.9003,1.1982,o,1222.0,200.0,35382.0,610.0
151263,2019,137626.0,961.0,32.0,0.8519,0.8997,0.9099,0.9359,1.2071,o,1174.0,220.0,36225.0,596.0
151263,2020,129339.0,949.0,30.0,0.8944,0.9411,0.9511,0.9765,1.192,o,945.0,213.0,37231.0,611.0
151263,2021,121181.0,921.0,27.0,0.9254,0.9168,0.9151,0.9107,0.9685,o,1052.0,219.0,37664.0,604.0
151263,2022,116744.0,894.0,29.0,0.9338,0.8877,0.8785,0.8558,0.8398,o,856.0,214.0,36773.0,563.0
151263,2023,105520.0,893.0,26.0,1.0303,0.9645,0.9514,0.9194,0.7963,o,807.0,190.0,36201.0,539.0
151263,2024,97619.0,755.0,26.0,0.9441,0.88,0.8673,0.8364,0.7848,o,771.0,207.0,36136.0,532.0
151281,1998,48.0,0.0,0.0,0.0,0.0,0.0,0.0,,-,,,,
151290,1998,39840.0,149.0,64.0,0.5452,0.5593,0.5622,0.5697,1.0921,o,,,,
151290,1999,35287.0,180.0,67.0,0.726,0.7747,0.7852,0.812,1.2508,o,,,,
151290,2000,41505.0,204.0,95.0,0.7271,0.8179,0.838,0.8906,1.5,o,,,,
151290,2001,66520.0,193.0,143.0,0.4771,0.589,0.6152,0.686,2.0669,o,,,,
151290,2002,84375.0,336.0,176.0,0.603,0.9135,0.9955,1.2341,4.188,o,1392.0,,23489.0,
151290,2003,62501.0,283.0,97.0,0.6365,0.9975,1.0947,1.3812,4.7092,o,576.0,,24552.0,357.0
151290,2004,65152.0,393.0,182.0,0.8915,1.1976,1.2731,1.4831,2.7679,o,645.0,,25854.0,356.0
151290,2005,61109.0,379.0,208.0,0.9485,0.866,0.8498,0.8108,0.7307,o,725.0,,26848.0,370.0
151290,2006,61306.0,390.0,163.0,0.9229,0.7617,0.732,0.6628,0.5158,o,448.0,,27422.0,387.0
151290,2007,63806.0,360.0,153.0,0.8209,0.7065,0.6849,0.6338,0.596,o,406.0,198.0,27676.0,400.0
151290,2008,67584.0,414.0,144.0,0.8629,0.7779,0.7614,0.7217,0.6994,o,444.0,447.0,28506.0,389.0
151290,2009,74485.0,388.0,201.0,0.787,0.6853,0.6659,0.6199,0.6204,o,543.0,444.0,29179.0,389.0
151290,2010,84992.0,413.0,201.0,0.725,0.6896,0.6825,0.665,0.8414,o,505.0,493.0,30591.0,368.0
151290,2011,95807.0,528.0,181.0,0.7747,0.8221,0.8322,0.8582,1.2272,o,605.0,546.0,31297.0,353.0
151290,2012,109042.0,567.0,222.0,0.7461,0.8062,0.8192,0.8526,1.3059,o,724.0,837.0,31879.0,252.0
151290,2013,119802.0,582.0,230.0,0.6982,0.7611,0.7748,0.8101,1.3465,o,920.0,884.0,32578.0,283.0
151290,2014,128063.0,547.0,219.0,0.6152,0.701,0.7202,0.7705,1.5687,o,1327.0,883.0,32730.0,279.0
151290,2015,146352.0,557.0,240.0,0.5551,0.6811,0.7105,0.7898,2.0243,o,1596.0,661.0,32454.0,290.0
151290,2016,148944.0,605.0,236.0,0.5825,0.7321,0.7675,0.8639,2.1994,o,1540.0,827.0,33189.0,296.0
151290,2017,156263.0,606.0,257.0,0.564,0.6802,0.7071,0.779,1.9075,o,1314.0,711.0,33616.0,294.0
151290,2018,43774.0,203.0,10.0,0.5702,0.6111,0.62,0.6426,1.2701,o,433.0,65.0,32864.0,759.0
151290,2019,42541.0,254.0,8.0,0.7278,0.6269,0.6078,0.5626,0.5977,o,435.0,71.0,32824.0,729.0
151290,2020,43875.0,276.0,7.0,0.7644,0.5267,0.4876,0.4022,0.2768,o,456.0,58.0,32981.0,639.0
151290,2021,43655.0,282.0,11.0,0.7903,0.5639,0.5258,0.4416,0.3122,o,446.0,52.0,32683.0,536.0
151290,2022,38121.0,232.0,7.0,0.7413,0.612,0.5882,0.5327,0.5163,o,444.0,70.0,31639.0,721.0
151290,2023,36408.0,225.0,4.0,0.7482,0.7536,0.7548,0.7576,1.0253,o,443.0,67.0,30599.0,689.0
151290,2024,39200.0,173.0,7.0,0.5403,0.5396,0.5395,0.5391,0.9955,o,531.0,69.0,30446.0,659.0
151306,1998,189499.0,676.0,129.0,0.4689,0.5076,0.5263,0.553,1.3908,o,,,,
151306,1999,194573.0,781.0,147.0,0.527,0.5606,0.5767,0.5994,1.2935,o,,,,
151306,2000,205997.0,875.0,136.0,0.5493,0.5578,0.5618,0.5672,1.0661,o,,,,
151306,2001,213177.0,961.0,149.0,0.5829,0.5838,0.5843,0.5849,1.0068,o,,,,
151306,2002,220449.0,1001.0,156.0,0.5873,0.5993,0.6048,0.6124,1.0873,o,2032.0,,5117.0,
151306,2003,228192.0,1010.0,165.0,0.5745,0.597,0.6076,0.6223,1.1732,o,2079.0,,5491.0,170.0
151306,2004,234662.0,1096.0,150.0,0.5988,0.6144,0.6217,0.6317,1.1129,o,2104.0,,6073.0,188.0
151306,2005,238350.0,1151.0,159.0,0.6195,0.6291,0.6335,0.6396,1.066,o,2148.0,,6174.0,191.0
151306,2006,243719.0,1078.0,163.0,0.5709,0.5769,0.5797,0.5835,1.0445,o,2102.0,546.0,6262.0,196.0
151306,2007,244637.0,1104.0,172.0,0.5837,0.5884,0.5906,0.5935,1.0338,o,2136.0,598.0,6373.0,200.0
151306,2008,243726.0,1216.0,123.0,0.629,0.631,0.6319,0.6331,1.0131,o,2104.0,570.0,6523.0,199.0
151306,2009,253188.0,1255.0,113.0,0.6216,0.6212,0.621,0.6207,0.9972,o,2093.0,703.0,6775.0,210.0
151306,2010,266741.0,1320.0,87.0,0.6134,0.6116,0.6107,0.6096,0.9875,o,2098.0,697.0,7825.0,204.0
151306,2011,267294.0,1314.0,76.0,0.607,0.6053,0.6046,0.6036,0.9889,o,2025.0,782.0,8013.0,206.0
151306,2012,250527.0,1482.0,82.0,0.7295,0.7246,0.7224,0.7194,0.9724,o,1876.0,651.0,8207.0,220.0
151306,2013,267741.0,1653.0,80.0,0.7588,0.7456,0.7396,0.7315,0.9295,o,1709.0,570.0,8455.0,217.0
151306,2014,254082.0,1575.0,86.0,0.7642,0.736,0.7235,0.7068,0.8554,o,1613.0,624.0,8818.0,232.0
151306,2015,244506.0,1566.0,79.0,0.788,0.7481,0.7306,0.7073,0.8057,o,1681.0,523.0,9082.0,226.0
151306,2016,238047.0,1536.0,63.0,0.7902,0.7587,0.7448,0.7261,0.8444,o,1681.0,475.0,9306.0,226.0
151306,2017,229367.0,1581.0,69.0,0.8452,0.8323,0.8264,0.8185,0.9378,o,1714.0,494.0,9695.0,231.0
151306,2018,226162.0,1559.0,63.0,0.8439,0.8483,0.8504,0.8531,1.022,o,1644.0,516.0,9933.0,234.0
151306,2019,221846.0,1556.0,57.0,0.8571,0.861,0.8629,0.8654,1.0194,o,1585.0,509.0,10187.0,244.0
151306,2020,208984.0,1573.0,45.0,0.9161,0.9073,0.9033,0.8978,0.9604,o,1286.0,450.0,10272.0,252.0
151306,2021,187775.0,1574.0,37.0,1.0177,0.9776,0.9597,0.9359,0.8457,o,1327.0,461.0,10838.0,261.0
151306,2022,172005.0,1448.0,42.0,1.0249,0.965,0.9387,0.904,0.7781,o,1251.0,370.0,10338.0,254.0
151306,2023,161517.0,1292.0,36.0,0.9733,0.9221,0.8995,0.8696,0.7984,o,1283.0,366.0,10569.0,225.0
151306,2024,160642.0,1251.0,31.0,0.9461,0.9181,0.9056,0.8888,0.8826,o,1321.0,390.0,10136.0,221.0
151324,1998,253909.0,1455.0,154.0,0.724,0.6995,0.6885,0.6738,0.866,o,,,,
151324,1999,256286.0,1372.0,182.0,0.685,0.6811,0.6792,0.6768,0.9761,o,,,,
151324,2000,259069.0,1385.0,161.0,0.6788,0.6867,0.6904,0.6954,1.0495,o,,,,
151324,2001,267017.0,1258.0,183.0,0.6065,0.6203,0.6267,0.6356,1.0983,o,,,,
151324,2002,275725.0,1326.0,201.0,0.6208,0.6327,0.6383,0.6459,1.0823,o,2140.0,,6361.0,
151324,2003,282897.0,1338.0,216.0,0.6134,0.6193,0.6221,0.6259,1.0412,o,2016.0,,7165.0,166.0
151324,2004,275759.0,1413.0,155.0,0.6486,0.6453,0.6438,0.6418,0.979,o,1851.0,,8992.0,186.0
151324,2005,264330.0,1459.0,190.0,0.7055,0.6847,0.6753,0.6628,0.8827,o,1642.0,,9078.0,188.0
151324,2006,248016.0,1444.0,137.0,0.7318,0.6942,0.6777,0.6557,0.8028,o,1703.0,666.0,9137.0,205.0
151324,2007,242512.0,1415.0,119.0,0.7296,0.6926,0.6762,0.6546,0.8049,o,1852.0,629.0,9733.0,219.0
151324,2008,238085.0,1430.0,132.0,0.754,0.7389,0.7321,0.723,0.9193,o,1940.0,589.0,9968.0,224.0
151324,2009,233418.0,1456.0,100.0,0.7742,0.7896,0.7968,0.8067,1.0856,o,2035.0,763.0,10285.0,230.0
151324,2010,238705.0,1310.0,137.0,0.693,0.7223,0.7361,0.7554,1.1883,o,2707.0,790.0,10615.0,225.0
151324,2011,264251.0,1317.0,173.0,0.6373,0.683,0.705,0.7361,1.3339,o,2521.0,739.0,10768.0,236.0
151324,2012,266258.0,1418.0,65.0,0.6537,0.7061,0.7315,0.7676,1.3787,o,2664.0,748.0,10860.0,255.0
151324,2013,284700.0,1473.0,11.0,0.6232,0.6642,0.6839,0.7117,1.3044,o,2661.0,719.0,10825.0,248.0
151324,2014,296834.0,1532.0,7.0,0.6208,0.6383,0.6465,0.6578,1.1229,o,2739.0,703.0,10870.0,251.0
151324,2015,317317.0,1784.0,0.0,0.6747,0.6799,0.6823,0.6857,1.0329,o,2784.0,790.0,10987.0,247.0
151324,2016,317207.0,1868.0,0.0,0.7067,0.7175,0.7225,0.7293,1.0652,o,2447.0,912.0,11123.0,250.0
151324,2017,308080.0,1914.0,0.0,0.7455,0.7423,0.7409,0.7389,0.9823,o,2688.0,902.0,11149.0,249.0
151324,2018,307701.0,2021.0,0.0,0.7882,0.7787,0.7744,0.7686,0.9509,o,2402.0,812.0,11112.0,236.0
151324,2019,292301.0,1937.0,0.0,0.7952,0.7798,0.7728,0.7634,0.9216,o,1892.0,794.0,11092.0,235.0
151324,2020,253867.0,1969.0,0.0,0.9307,0.8877,0.8686,0.8433,0.8209,o,1775.0,612.0,11101.0,255.0
151324,2021,226291.0,1816.0,0.0,0.963,0.8882,0.856,0.8138,0.7141,o,1430.0,618.0,11049.0,254.0
151324,2022,193514.0,1821.0,0.0,1.1292,1.0106,0.9604,0.8961,0.6297,o,1535.0,527.0,10529.0,245.0
151324,2023,178578.0,1567.0,0.0,1.053,0.9634,0.925,0.875,0.6905,o,1568.0,510.0,10074.0,223.0
151324,2024,173811.0,1507.0,0.0,1.0404,0.9996,0.9814,0.9571,0.8462,o,1417.0,479.0,9992.0,211.0
151333,1998,50262.0,233.0,115.0,0.6936,0.6564,0.64,0.6183,0.7947,o,,,,
151333,1999,76530.0,175.0,108.0,0.3591,0.3538,0.3514,0.3481,0.94,o,,,,
151333,2000,46491.0,205.0,110.0,0.6711,0.6744,0.6758,0.6779,1.0204,o,,,,
151333,2001,47961.0,186.0,134.0,0.633,0.6375,0.6396,0.6424,1.0299,o,,,,
151333,2002,50844.0,219.0,110.0,0.6467,0.6605,0.6669,0.6757,1.0919,o,476.0,,5926.0,
151333,2003,53287.0,229.0,136.0,0.6688,0.6841,0.6912,0.7011,1.0987,o,557.0,,6260.0,206.0
151333,2004,57539.0,243.0,174.0,0.6882,0.706,0.7143,0.7257,1.1119,o,466.0,,7400.0,206.0
151333,2005,58733.0,222.0,194.0,0.6518,0.6538,0.6547,0.6559,1.0129,o,476.0,,7454.0,240.0
151333,2006,58655.0,257.0,181.0,0.7109,0.7023,0.6984,0.6931,0.9506,o,385.0,216.0,7532.0,244.0
151333,2007,56265.0,263.0,176.0,0.7486,0.7166,0.7024,0.6834,0.8335,o,436.0,197.0,7669.0,220.0
151333,2008,55821.0,282.0,201.0,0.8223,0.78,0.7613,0.7366,0.8025,o,401.0,144.0,7792.0,218.0
151333,2009,53402.0,327.0,69.0,0.8123,0.7896,0.7794,0.7657,0.8885,o,434.0,226.0,8043.0,226.0
151333,2010,60571.0,322.0,57.0,0.6944,0.6893,0.687,0.6838,0.9698,o,380.0,270.0,8345.0,231.0
151333,2011,62697.0,388.0,53.0,0.7933,0.7917,0.791,0.79,0.9915,o,435.0,266.0,8528.0,214.0
151333,2012,66996.0,355.0,37.0,0.669,0.6647,0.6628,0.6601,0.9737,o,450.0,293.0,8603.0,215.0
151333,2013,71345.0,395.0,29.0,0.6888,0.6984,0.7029,0.7091,1.0599,o,508.0,310.0,8744.0,220.0
151333,2014,77351.0,470.0,12.0,0.7385,0.7679,0.7818,0.8011,1.1769,o,526.0,233.0,8788.0,216.0
151333,2015,77643.0,555.0,13.0,0.8678,0.9188,0.9432,0.9775,1.2687,o,594.0,245.0,8892.0,220.0
151333,2016,79125.0,518.0,12.0,0.7947,0.8409,0.863,0.894,1.2655,o,507.0,277.0,8999.0,235.0
151333,2017,79754.0,560.0,12.0,0.8516,0.8805,0.8941,0.913,1.1493,o,605.0,271.0,9017.0,249.0
151333,2018,74380.0,570.0,12.0,0.9293,0.9456,0.9532,0.9637,1.0754,o,639.0,273.0,8982.0,280.0
151333,2019,75798.0,550.0,12.0,0.8802,0.9027,0.9132,0.9277,1.1107,o,637.0,235.0,8961.0,295.0
151333,2020,76031.0,559.0,11.0,0.891,0.9231,0.9382,0.9591,1.1589,o,629.0,208.0,9047.0,294.0
151333,2021,77300.0,569.0,11.0,0.8918,0.92,0.9333,0.9516,1.1385,o,587.0,165.0,9005.0,269.0
151333,2022,80905.0,606.0,20.0,0.9137,0.9087,0.9064,0.9033,0.9775,o,517.0,190.0,8587.0,230.0
151333,2023,78506.0,526.0,16.0,0.8162,0.7884,0.7759,0.7592,0.8652,o,482.0,170.0,8220.0,218.0
151333,2024,78561.0,544.0,18.0,0.8447,0.798,0.7775,0.7504,0.7891,o,529.0,194.0,8179.0,204.0
151342,1998,117723.0,529.0,206.0,0.6442,0.6362,0.6326,0.6276,0.9492,o,,,,
151342,1999,176820.0,507.0,179.0,0.4048,0.4122,0.4157,0.4204,1.0786,o,,,,
151342,2000,118665.0,510.0,175.0,0.6042,0.6272,0.638,0.653,1.1681,o,,,,
151342,2001,120796.0,548.0,170.0,0.6288,0.6472,0.6558,0.6677,1.1274,o,,,,
151342,2002,128072.0,572.0,167.0,0.6142,0.6331,0.642,0.6543,1.1349,o,932.0,,6089.0,
151342,2003,132757.0,542.0,166.0,0.5649,0.5794,0.5862,0.5955,1.111,o,895.0,,6424.0,235.0
151342,2004,134547.0,538.0,161.0,0.5516,0.5592,0.5627,0.5675,1.0585,o,910.0,,7579.0,231.0
151342,2005,137455.0,575.0,194.0,0.5867,0.5806,0.5778,0.5741,0.9576,o,1006.0,,7652.0,265.0
151342,2006,135463.0,698.0,201.0,0.7074,0.7034,0.7016,0.6992,0.9771,o,993.0,565.0,7772.0,272.0
151342,2007,133639.0,523.0,158.0,0.5406,0.5524,0.5579,0.5654,1.0941,o,1072.0,499.0,7911.0,252.0
151342,2008,134377.0,554.0,143.0,0.5586,0.5769,0.5855,0.5975,1.144,o,1135.0,534.0,8034.0,254.0
151342,2009,144210.0,661.0,114.0,0.5975,0.6181,0.6278,0.6412,1.1519,o,1206.0,586.0,8292.0,257.0
151342,2010,161389.0,598.0,110.0,0.4855,0.5043,0.5131,0.5254,1.1711,o,1058.0,473.0,8598.0,263.0
151342,2011,166101.0,625.0,126.0,0.497,0.5081,0.5133,0.5204,1.0964,o,986.0,458.0,8780.0,243.0
151342,2012,159817.0,722.0,95.0,0.5778,0.5672,0.5625,0.556,0.9261,o,955.0,417.0,8854.0,242.0
151342,2013,155718.0,822.0,45.0,0.6508,0.6222,0.6095,0.5926,0.8291,o,921.0,407.0,8994.0,238.0
151342,2014,150867.0,813.0,26.0,0.657,0.628,0.6152,0.5981,0.8286,o,944.0,414.0,8974.0,232.0
151342,2015,145413.0,789.0,11.0,0.6556,0.6414,0.635,0.6263,0.9124,o,906.0,416.0,9014.0,232.0
151342,2016,140646.0,768.0,14.0,0.6612,0.6537,0.6502,0.6455,0.9531,o,913.0,407.0,9057.0,248.0
151342,2017,138258.0,808.0,11.0,0.7061,0.7009,0.6985,0.6953,0.9696,o,982.0,337.0,9017.0,262.0
151342,2018,124477.0,769.0,13.0,0.7476,0.7505,0.7518,0.7536,1.0161,o,929.0,346.0,8982.0,274.0
151342,2019,121133.0,805.0,19.0,0.8069,0.8132,0.8161,0.8201,1.033,o,854.0,308.0,8961.0,282.0
151342,2020,116442.0,808.0,17.0,0.8414,0.8374,0.8356,0.8331,0.9802,o,805.0,291.0,9047.0,277.0
151342,2021,109187.0,753.0,21.0,0.8391,0.8127,0.8009,0.7851,0.8755,o,697.0,266.0,9005.0,256.0
151342,2022,110778.0,774.0,19.0,0.8487,0.8011,0.7801,0.7524,0.786,o,771.0,281.0,8587.0,230.0
151342,2023,110358.0,645.0,21.0,0.7128,0.6803,0.6659,0.6468,0.8233,o,886.0,309.0,8220.0,222.0
151342,2024,115340.0,663.0,21.0,0.7007,0.7005,0.7004,0.7003,0.9988,o,920.0,300.0,8179.0,214.0
151351,1998,786731.0,5197.0,85.0,0.7992,0.7964,0.7951,0.7934,0.9855,o,,,,
151351,1999,966240.0,5098.0,76.0,0.6379,0.6569,0.6658,0.6781,1.1303,o,,,,
151351,2000,845442.0,5203.0,72.0,0.7436,0.7882,0.8095,0.8395,1.2746,o,,,,
151351,2001,856119.0,5204.0,60.0,0.7336,0.7756,0.7957,0.8238,1.261,o,,,,
151351,2002,887122.0,5711.0,62.0,0.7767,0.8101,0.8259,0.8479,1.1918,o,7080.0,,8200.0,
151351,2003,903942.0,6001.0,81.0,0.802,0.8195,0.8277,0.839,1.0943,o,6784.0,,8692.0,478.0
151351,2004,904638.0,6172.0,78.0,0.8239,0.8289,0.8312,0.8343,1.0255,o,6352.0,,10807.0,523.0
151351,2005,875857.0,6069.0,55.0,0.8353,0.8262,0.822,0.8164,0.9553,o,6949.0,,10908.0,516.0
151351,2006,880176.0,6292.0,64.0,0.8622,0.8532,0.8491,0.8436,0.9573,o,7259.0,924.0,11081.0,534.0
151351,2007,888266.0,6181.0,59.0,0.839,0.844,0.8462,0.8494,1.0248,o,7198.0,991.0,11282.0,602.0
151351,2008,905391.0,5779.0,45.0,0.7689,0.7868,0.7952,0.8067,1.1006,o,7564.0,935.0,11468.0,637.0
151351,2009,946014.0,5941.0,23.0,0.7551,0.7742,0.7831,0.7955,1.1098,o,7327.0,1020.0,11843.0,654.0
151351,2010,971529.0,6752.0,19.0,0.8352,0.8446,0.849,0.855,1.0481,o,7020.0,1001.0,12312.0,677.0
151351,2011,969797.0,7155.0,29.0,0.8871,0.8855,0.8848,0.8838,0.9924,o,7424.0,966.0,12603.0,691.0
151351,2012,972586.0,7284.0,19.0,0.8999,0.8952,0.8931,0.8901,0.9785,o,7613.0,943.0,12959.0,708.0
151351,2013,962603.0,7309.0,20.0,0.9124,0.9145,0.9155,0.9169,1.0098,o,7604.0,951.0,13412.0,723.0
151351,2014,990885.0,6815.0,10.0,0.8259,0.8377,0.8431,0.8506,1.0606,o,7718.0,912.0,13441.0,722.0
151351,2015,1001100.0,7339.0,14.0,0.8806,0.8931,0.8989,0.9069,1.0608,o,7875.0,899.0,13561.0,736.0
151351,2016,1018174.0,7316.0,8.0,0.8627,0.8703,0.8738,0.8785,1.037,o,7673.0,898.0,13467.0,747.0
151351,2017,1024364.0,7553.0,4.0,0.885,0.8896,0.8917,0.8946,1.0218,o,8001.0,770.0,13243.0,739.0
151351,2018,995757.0,7696.0,3.0,0.9276,0.9327,0.935,0.9382,1.023,o,8097.0,680.0,13127.0,759.0
151351,2019,987198.0,7752.0,2.0,0.9424,0.9497,0.953,0.9576,1.0324,o,8291.0,662.0,13033.0,733.0
151351,2020,1001598.0,7635.0,1.0,0.9148,0.9264,0.9318,0.9392,1.054,o,7928.0,590.0,13158.0,744.0
151351,2021,1002745.0,7738.0,2.0,0.9261,0.9338,0.9373,0.9421,1.0348,o,9482.0,603.0,13098.0,747.0
151351,2022,1088960.0,7288.0,1.0,0.8032,0.8184,0.8255,0.8353,1.0815,o,9736.0,653.0,12433.0,689.0
151351,2023,1150685.0,7455.0,1.0,0.7775,0.8078,0.8221,0.842,1.1727,o,9550.0,639.0,11849.0,665.0
151351,2024,1203706.0,7340.0,0.0,0.7317,0.7628,0.7775,0.7979,1.1891,o,9611.0,627.0,11790.0,654.0
151360,1998,96140.0,355.0,246.0,0.5966,0.5639,0.5494,0.5304,0.7902,o,,,,
151360,1999,126540.0,361.0,238.0,0.4552,0.4368,0.4286,0.4177,0.8419,o,,,,
151360,2000,91423.0,409.0,223.0,0.6832,0.6771,0.6744,0.6706,0.9636,o,,,,
151360,2001,87074.0,405.0,237.0,0.7215,0.7276,0.7305,0.7344,1.0363,o,,,,
151360,2002,88832.0,343.0,236.0,0.6227,0.6314,0.6355,0.641,1.0594,o,813.0,,5971.0,
151360,2003,97645.0,339.0,236.0,0.5616,0.5789,0.5869,0.5981,1.1343,o,860.0,,6345.0,206.0
151360,2004,100109.0,365.0,231.0,0.576,0.6072,0.622,0.6429,1.2457,o,762.0,,7524.0,212.0
151360,2005,100884.0,367.0,247.0,0.5834,0.613,0.6271,0.6467,1.2288,o,604.0,,7575.0,247.0
151360,2006,98373.0,363.0,222.0,0.5782,0.5681,0.5635,0.5574,0.9293,o,679.0,348.0,7638.0,249.0
151360,2007,97468.0,411.0,279.0,0.6778,0.6359,0.6176,0.5935,0.7669,o,719.0,340.0,7777.0,228.0
151360,2008,94328.0,380.0,190.0,0.6043,0.5831,0.5736,0.561,0.8619,o,769.0,346.0,7899.0,227.0
151360,2009,99230.0,355.0,165.0,0.5291,0.54,0.5452,0.5522,1.0893,o,954.0,399.0,8157.0,234.0
151360,2010,115867.0,407.0,160.0,0.5044,0.5414,0.5592,0.5845,1.3429,o,938.0,416.0,8461.0,242.0
151360,2011,124743.0,467.0,124.0,0.5089,0.5472,0.5657,0.592,1.3534,o,907.0,370.0,8645.0,224.0
151360,2012,123030.0,452.0,115.0,0.497,0.5233,0.5358,0.5534,1.2399,o,750.0,338.0,8719.0,230.0
151360,2013,121034.0,507.0,124.0,0.5641,0.5589,0.5565,0.5532,0.9617,o,830.0,383.0,8858.0,228.0
151360,2014,123118.0,530.0,114.0,0.5721,0.5479,0.5372,0.5228,0.8351,o,716.0,283.0,8872.0,226.0
151360,2015,117014.0,532.0,75.0,0.584,0.5598,0.549,0.5346,0.8379,o,652.0,280.0,8948.0,232.0
151360,2016,111705.0,604.0,65.0,0.6838,0.653,0.6394,0.6213,0.8256,o,600.0,279.0,9027.0,236.0
151360,2017,106624.0,601.0,67.0,0.7141,0.6753,0.6582,0.6357,0.7924,o,606.0,270.0,9017.0,251.0
151360,2018,91947.0,566.0,47.0,0.7694,0.7248,0.7053,0.6795,0.7801,o,674.0,266.0,8982.0,286.0
151360,2019,87346.0,606.0,46.0,0.8641,0.8505,0.8443,0.8359,0.9357,o,686.0,240.0,8961.0,295.0
151360,2020,87872.0,533.0,47.0,0.76,0.7752,0.7823,0.7921,1.0863,o,663.0,242.0,9047.0,283.0
151360,2021,86895.0,546.0,32.0,0.7761,0.7973,0.8072,0.8208,1.1186,o,482.0,236.0,9005.0,264.0
151360,2022,88745.0,487.0,42.0,0.6869,0.6688,0.6606,0.6497,0.8945,o,420.0,195.0,8587.0,234.0
151360,2023,80968.0,526.0,31.0,0.8025,0.7272,0.6951,0.6536,0.6632,o,470.0,211.0,8220.0,218.0
151360,2024,81285.0,464.0,85.0,0.7477,0.6767,0.6464,0.6074,0.6597,o,505.0,240.0,8179.0,209.0
151379,1998,103474.0,468.0,114.0,0.6088,0.6036,0.6011,0.5979,0.9643,o,,,,
151379,1999,153420.0,475.0,123.0,0.4196,0.4296,0.4343,0.4408,1.1032,o,,,,
151379,2000,113571.0,444.0,120.0,0.5325,0.5527,0.5622,0.5755,1.1678,o,,,,
151379,2001,117849.0,500.0,130.0,0.5753,0.5943,0.6033,0.6157,1.1452,o,,,,
151379,2002,122818.0,523.0,125.0,0.5721,0.5808,0.5849,0.5904,1.0653,o,903.0,,5992.0,
151379,2003,128523.0,603.0,140.0,0.6284,0.6245,0.6228,0.6204,0.9748,o,824.0,,6323.0,197.0
151379,2004,124791.0,610.0,145.0,0.6563,0.6427,0.6365,0.6282,0.9162,o,815.0,,7468.0,202.0
151379,2005,123716.0,614.0,116.0,0.6518,0.6336,0.6255,0.6145,0.8888,o,753.0,,7520.0,235.0
151379,2006,120576.0,603.0,113.0,0.6563,0.6335,0.6232,0.6096,0.8625,o,836.0,530.0,7603.0,238.0
151379,2007,123183.0,668.0,125.0,0.7116,0.6975,0.6912,0.6826,0.9201,o,883.0,461.0,7740.0,219.0
151379,2008,122421.0,664.0,98.0,0.6989,0.7069,0.7107,0.7158,1.0488,o,1070.0,510.0,7865.0,223.0
151379,2009,128623.0,649.0,102.0,0.6531,0.6884,0.7052,0.7289,1.2455,o,1094.0,533.0,8121.0,227.0
151379,2010,141468.0,647.0,76.0,0.5811,0.6258,0.6474,0.6781,1.3619,o,1062.0,509.0,8420.0,237.0
151379,2011,149039.0,729.0,90.0,0.6232,0.658,0.6746,0.6979,1.2542,o,981.0,490.0,8603.0,224.0
151379,2012,145935.0,773.0,74.0,0.666,0.6733,0.6766,0.6812,1.0461,o,934.0,475.0,8660.0,227.0
151379,2013,140077.0,832.0,81.0,0.7474,0.7258,0.7161,0.7031,0.8849,o,1026.0,510.0,8791.0,230.0
151379,2014,139951.0,840.0,73.0,0.7515,0.7346,0.7269,0.7166,0.9091,o,983.0,507.0,8821.0,231.0
151379,2015,136857.0,864.0,59.0,0.7834,0.7803,0.7789,0.7769,0.9834,o,926.0,407.0,8912.0,229.0
151379,2016,130887.0,847.0,32.0,0.7912,0.7906,0.7903,0.79,0.9969,o,935.0,430.0,9009.0,244.0
151379,2017,125904.0,858.0,15.0,0.8249,0.8147,0.8101,0.8038,0.9495,o,927.0,408.0,9017.0,259.0
151379,2018,118790.0,863.0,8.0,0.8758,0.86,0.8528,0.8432,0.9268,o,1012.0,315.0,8982.0,262.0
151379,2019,115122.0,842.0,4.0,0.8798,0.8831,0.8846,0.8866,1.0157,o,948.0,317.0,8961.0,270.0
151379,2020,110645.0,814.0,7.0,0.8866,0.8977,0.9028,0.9099,1.0532,o,800.0,274.0,9047.0,268.0
151379,2021,101297.0,768.0,7.0,0.9139,0.9002,0.894,0.8855,0.9388,o,588.0,231.0,9005.0,257.0
151379,2022,90732.0,731.0,4.0,0.9694,0.8947,0.8624,0.8202,0.7158,o,606.0,253.0,8587.0,242.0
151379,2023,86373.0,720.0,8.0,1.0059,0.8931,0.8457,0.7851,0.6092,o,645.0,237.0,8220.0,232.0
151379,2024,88947.0,642.0,7.0,0.8709,0.8037,0.7746,0.7367,0.7157,o,684.0,279.0,8179.0,226.0
151388,1998,43707.0,145.0,85.0,0.5148,0.5075,0.5042,0.4997,0.9424,o,,,,
151388,1999,62010.0,145.0,88.0,0.3657,0.3607,0.3585,0.3554,0.9442,o,,,,
151388,2000,43427.0,148.0,105.0,0.554,0.5498,0.5479,0.5453,0.9689,o,,,,
151388,2001,44651.0,150.0,87.0,0.52,0.5226,0.5238,0.5254,1.0208,o,,,,
151388,2002,57527.0,169.0,83.0,0.4391,0.4523,0.4584,0.467,1.1309,o,471.0,,5916.0,
151388,2003,50509.0,149.0,80.0,0.449,0.4695,0.4792,0.4928,1.2044,o,474.0,,6247.0,189.0
151388,2004,52012.0,179.0,70.0,0.4937,0.5086,0.5156,0.5252,1.1317,o,406.0,,7350.0,185.0
151388,2005,51546.0,156.0,86.0,0.4633,0.4631,0.4631,0.463,0.9989,o,372.0,,7406.0,234.0
151388,2006,50450.0,197.0,97.0,0.5839,0.5585,0.5471,0.5321,0.8303,o,281.0,142.0,7488.0,241.0
151388,2007,47924.0,238.0,68.0,0.6811,0.6233,0.5984,0.5662,0.691,o,329.0,171.0,7622.0,214.0
151388,2008,48659.0,229.0,75.0,0.6572,0.6019,0.5781,0.5472,0.6932,o,328.0,232.0,7744.0,215.0
151388,2009,54011.0,243.0,41.0,0.5854,0.5622,0.5518,0.538,0.8445,o,400.0,262.0,7994.0,224.0
151388,2010,63350.0,290.0,22.0,0.5702,0.5852,0.5923,0.602,1.1149,o,403.0,305.0,8293.0,236.0
151388,2011,70900.0,327.0,4.0,0.5568,0.5948,0.6131,0.6389,1.3164,o,411.0,369.0,8472.0,207.0
151388,2012,78367.0,448.0,0.0,0.686,0.7222,0.7394,0.7636,1.239,o,393.0,407.0,8545.0,213.0
151388,2013,82624.0,563.0,0.0,0.8177,0.8374,0.8466,0.8593,1.1044,o,404.0,471.0,8684.0,210.0
151388,2014,85510.0,544.0,0.0,0.7634,0.762,0.7614,0.7606,0.9925,o,413.0,457.0,8741.0,216.0
151388,2015,88733.0,665.0,0.0,0.8993,0.9001,0.9005,0.901,1.0037,o,354.0,444.0,8860.0,252.0
151388,2016,89906.0,741.0,0.0,0.989,0.9779,0.9729,0.966,0.954,o,365.0,401.0,8984.0,264.0
151388,2017,86080.0,777.0,0.0,1.0832,1.0567,1.0448,1.0288,0.9021,o,396.0,368.0,9017.0,288.0
151388,2018,80534.0,729.0,0.0,1.0862,1.0679,1.0596,1.0484,0.9315,o,455.0,398.0,8982.0,302.0
151388,2019,82240.0,750.0,0.0,1.0944,1.122,1.1349,1.1527,1.1095,o,451.0,413.0,8961.0,311.0
151388,2020,82341.0,748.0,0.0,1.0901,1.1523,1.182,1.2237,1.2601,o,385.0,363.0,9047.0,310.0
151388,2021,74346.0,767.0,0.0,1.238,1.2662,1.2794,1.2976,1.0986,o,329.0,283.0,9005.0,285.0
151388,2022,72881.0,759.0,0.0,1.2497,1.1982,1.1752,1.1447,0.839,o,349.0,289.0,8587.0,270.0
151388,2023,69559.0,615.0,0.0,1.061,0.9897,0.9586,0.9178,0.7483,o,336.0,302.0,8220.0,247.0
151388,2024,71288.0,627.0,0.0,1.0554,1.0062,0.9844,0.9554,0.8194,o,399.0,308.0,8179.0,228.0
151458,1998,20826.0,0.0,179.0,0.5157,0.5157,0.5157,0.5157,,-,,,,
151458,1999,25818.0,10.0,181.0,0.4671,0.4671,0.4671,0.4671,,-,,,,
151458,2000,27539.0,24.0,215.0,0.573,0.573,0.573,0.573,,-,,,,
151458,2001,22995.0,44.0,216.0,0.7932,0.7932,0.7932,0.7932,,-,,,,
151458,2002,22490.0,24.0,177.0,0.6003,0.6003,0.6003,0.6003,,-,250.0,,15936.0,
151458,2003,19955.0,41.0,165.0,0.7427,0.7427,0.7427,0.7427,,-,282.0,,16314.0,419.0
151458,2004,17113.0,51.0,118.0,0.7713,0.7713,0.7713,0.7713,,-,348.0,,16749.0,507.0
151458,2005,17815.0,52.0,112.0,0.7275,0.7275,0.7275,0.7275,,-,329.0,,17062.0,529.0
151458,2006,19922.0,50.0,139.0,0.7198,0.7198,0.7198,0.7198,,-,403.0,,17419.0,524.0
151458,2007,14948.0,77.0,125.0,1.1199,1.1199,1.1199,1.1199,,-,387.0,13.0,17785.0,888.0
151458,2008,13153.0,79.0,198.0,1.624,1.624,1.624,1.624,,-,322.0,18.0,17911.0,912.0
151458,2009,13283.0,45.0,156.0,1.1112,1.1112,1.1112,1.1112,,-,255.0,92.0,18071.0,860.0
151458,2010,12296.0,62.0,169.0,1.4297,1.4297,1.4297,1.4297,,-,249.0,69.0,18240.0,959.0
151458,2019,5587.0,0.0,81.0,0.8698,0.8698,0.8698,0.8698,,-,,,17034.0,499.0
151467,1998,8811.0,0.0,47.0,0.3201,0.3201,0.3201,0.3201,,-,,,,
151467,1999,8430.0,0.0,56.0,0.3986,0.3986,0.3986,0.3986,,-,,,,
151467,2000,11259.0,0.0,76.0,0.405,0.405,0.405,0.405,,-,,,,
151467,2001,12249.0,0.0,69.0,0.338,0.338,0.338,0.338,,-,,,,
151467,2003,10464.0,0.0,91.0,0.5218,0.5218,0.5218,0.5218,,-,211.0,,16314.0,447.0
151467,2004,11552.0,0.0,105.0,0.5454,0.5454,0.5454,0.5454,,-,163.0,,16749.0,446.0
151467,2005,11096.0,0.0,128.0,0.6921,0.6921,0.6921,0.6921,,-,167.0,,17383.0,479.0
151467,2022,10260.0,0.0,133.0,0.7778,0.7778,0.7778,0.7778,,-,32.0,19.0,15315.0,458.0
151467,2023,7938.0,0.0,115.0,0.8692,0.8692,0.8692,0.8692,,-,31.0,9.0,15817.0,527.0
151467,2024,6793.0,0.0,108.0,0.9539,0.9539,0.9539,0.9539,,-,21.0,15.0,16480.0,542.0
151500,1998,25340.0,106.0,229.0,1.0442,1.0442,1.0442,1.0442,,-,,,,
151500,2000,18848.0,71.0,211.0,1.1237,1.1237,1.1237,1.1237,,-,,,,
151500,2001,15371.0,70.0,146.0,1.1164,1.1164,1.1164,1.1164,,-,,,,
151500,2002,15464.0,45.0,183.0,1.0592,1.0592,1.0592,1.0592,,-,173.0,,20274.0,
151500,2003,10551.0,52.0,153.0,1.4614,1.4614,1.4614,1.4614,,-,171.0,,20188.0,1030.0
151500,2004,12859.0,46.0,102.0,0.9052,0.9052,0.9052,0.9052,,-,132.0,,20716.0,959.0
151500,2005,14581.0,21.0,116.0,0.6501,0.6501,0.6501,0.6501,,-,196.0,,21807.0,821.0
151500,2006,15080.0,15.0,129.0,0.6326,0.6326,0.6326,0.6326,,-,113.0,60.0,22118.0,968.0
151500,2007,16999.0,36.0,94.0,0.5859,0.5859,0.5859,0.5859,,-,109.0,26.0,22504.0,928.0
151500,2008,17331.0,39.0,111.0,0.6543,0.6543,0.6543,0.6543,,-,110.0,18.0,22828.0,885.0
151500,2009,18039.0,32.0,119.0,0.6087,0.6087,0.6087,0.6087,,-,160.0,2.0,23533.0,828.0
151500,2010,21898.0,56.0,101.0,0.5836,0.5836,0.5836,0.5836,,-,101.0,14.0,24513.0,801.0
151500,2011,19735.0,40.0,158.0,0.7236,0.7236,0.7236,0.7236,,-,34.0,13.0,25194.0,966.0
151500,2012,14876.0,49.0,154.0,1.0164,1.0164,1.0164,1.0164,,-,32.0,5.0,24556.0,1086.0
151500,2013,9968.0,36.0,143.0,1.2941,1.2941,1.2941,1.2941,,-,41.0,3.0,24126.0,1082.0
151500,2014,7570.0,28.0,76.0,1.0462,1.0462,1.0462,1.0462,,-,33.0,,23762.0,910.0
151500,2015,6521.0,14.0,51.0,0.7268,0.7268,0.7268,0.7268,,-,28.0,1.0,23561.0,705.0
151519,1998,20460.0,134.0,240.0,1.4897,1.4897,1.4897,1.4897,,-,,,,
151519,2001,23651.0,109.0,178.0,1.0046,1.0046,1.0046,1.0046,,-,,,,
151519,2002,20791.0,104.0,209.0,1.2034,1.2034,1.2034,1.2034,,-,304.0,,20274.0,
151519,2003,25363.0,54.0,207.0,0.7452,0.7452,0.7452,0.7452,,-,173.0,,20188.0,676.0
151519,2004,34888.0,67.0,211.0,0.5933,0.5933,0.5933,0.5933,,-,344.0,,20716.0,827.0
151519,2005,45700.0,67.0,207.0,0.4477,0.4477,0.4477,0.4477,,-,516.0,,21807.0,595.0
151519,2006,56995.0,155.0,173.0,0.5085,0.5085,0.5085,0.5085,,-,308.0,345.0,22118.0,634.0
151519,2007,63765.0,199.0,143.0,0.5091,0.5091,0.5091,0.5091,,-,504.0,141.0,22504.0,696.0
151519,2008,85915.0,173.0,187.0,0.3722,0.3722,0.3722,0.3722,,-,1061.0,140.0,22828.0,628.0
151519,2009,115371.0,227.0,306.0,0.3952,0.3952,0.3952,0.3952,,-,1618.0,198.0,22989.0,630.0
151519,2010,164176.0,270.0,472.0,0.3698,0.3698,0.3698,0.3698,,-,1720.0,234.0,23407.0,619.0
151519,2011,183375.0,336.0,538.0,0.3959,0.3959,0.3959,0.3959,,-,1098.0,198.0,25194.0,705.0
151519,2012,169033.0,371.0,709.0,0.515,0.515,0.515,0.515,,-,792.0,102.0,22915.0,766.0
151519,2013,139567.0,372.0,813.0,0.6694,0.6694,0.6694,0.6694,,-,770.0,105.0,22514.0,797.0
151519,2014,132359.0,389.0,691.0,0.6659,0.6659,0.6659,0.6659,,-,547.0,69.0,22174.0,667.0
151616,1998,6540.0,0.0,52.0,0.4771,0.4771,0.4771,0.4771,,-,,,,
151616,1999,8544.0,0.0,54.0,0.3792,0.3792,0.3792,0.3792,,-,,,,
151616,2002,10704.0,0.0,115.0,0.6446,0.6446,0.6446,0.6446,,-,261.0,,9853.0,
151616,2003,13536.0,0.0,117.0,0.5186,0.5186,0.5186,0.5186,,-,404.0,,9666.0,416.0
151616,2004,13504.0,0.0,149.0,0.662,0.662,0.662,0.662,,-,75.0,,9433.0,355.0
151616,2005,14376.0,0.0,161.0,0.672,0.672,0.672,0.672,,-,27.0,,9793.0,440.0
151616,2006,21919.0,0.0,121.0,0.3312,0.3312,0.3312,0.3312,,-,315.0,,11927.0,358.0
151616,2007,30586.0,0.0,113.0,0.2217,0.2217,0.2217,0.2217,,-,240.0,,13599.0,385.0
151616,2008,27439.0,0.0,123.0,0.269,0.269,0.269,0.269,,-,71.0,95.0,14583.0,409.0
151616,2009,22593.0,5.0,139.0,0.3957,0.3957,0.3957,0.3957,,-,122.0,,16257.0,509.0
151616,2010,26552.0,9.0,139.0,0.3548,0.3548,0.3548,0.3548,,-,198.0,,17416.0,430.0
151616,2011,24291.0,12.0,121.0,0.3582,0.3582,0.3582,0.3582,,-,78.0,103.0,15091.0,407.0
151616,2012,18504.0,14.0,159.0,0.6064,0.6064,0.6064,0.6064,,-,92.0,101.0,15123.0,446.0
151616,2013,17705.0,12.0,151.0,0.5931,0.5931,0.5931,0.5931,,-,98.0,102.0,16074.0,446.0
151616,2014,15361.0,10.0,135.0,0.6054,0.6054,0.6054,0.6054,,-,44.0,93.0,15949.0,471.0
151616,2015,13167.0,4.0,103.0,0.5058,0.5058,0.5058,0.5058,,-,18.0,57.0,15826.0,429.0
151616,2017,4071.0,15.0,79.0,1.6066,1.6066,1.6066,1.6066,,-,5.0,,,
151625,1998,6080.0,0.0,16.0,0.1579,0.1579,0.1579,0.1579,,-,,,,
151625,1999,9048.0,0.0,44.0,0.2918,0.2918,0.2918,0.2918,,-,,,,
151625,2006,7904.0,0.0,74.0,0.5617,0.5617,0.5617,0.5617,,-,242.0,,10601.0,363.0
151625,2007,9832.0,0.0,87.0,0.5309,0.5309,0.5309,0.5309,,-,255.0,,10834.0,315.0
151625,2008,10000.0,0.0,83.0,0.498,0.498,0.498,0.498,,-,267.0,,11748.0,362.0
151625,2009,10467.0,2.0,80.0,0.4815,0.4815,0.4815,0.4815,,-,116.0,,12949.0,444.0
151625,2010,15155.0,8.0,89.0,0.4157,0.4157,0.4157,0.4157,,-,79.0,,14461.0,350.0
151625,2011,15747.0,10.0,112.0,0.503,0.503,0.503,0.503,,-,54.0,71.0,15009.0,331.0
151625,2012,12125.0,16.0,149.0,0.8956,0.8956,0.8956,0.8956,,-,59.0,41.0,15114.0,399.0
151625,2013,9731.0,9.0,89.0,0.6598,0.6598,0.6598,0.6598,,-,42.0,26.0,16074.0,399.0
151661,1999,35712.0,0.0,208.0,0.3495,0.3495,0.3495,0.3495,,-,,,,
151661,2003,47256.0,0.0,297.0,0.3771,0.3771,0.3771,0.3771,,-,1181.0,,,495.0
151661,2004,75531.0,0.0,415.0,0.3297,0.3297,0.3297,0.3297,,-,493.0,,,390.0
151661,2015,41179.0,0.0,182.0,0.2652,0.2652,0.2652,0.2652,,-,446.0,4.0,,484.0
151661,2016,36319.0,0.0,149.0,0.2462,0.2462,0.2462,0.2462,,-,355.0,2.0,,491.0
151661,2017,28964.0,0.0,115.0,0.2382,0.2382,0.2382,0.2382,,-,158.0,1.0,,506.0
151661,2018,27405.0,0.0,127.0,0.2781,0.2781,0.2781,0.2781,,-,243.0,5.0,,468.0
151661,2019,25953.0,0.0,119.0,0.2751,0.2751,0.2751,0.2751,,-,287.0,3.0,,501.0
151661,2020,23352.0,0.0,88.0,0.2261,0.2261,0.2261,0.2261,,-,212.0,4.0,,530.0
151661,2021,25766.0,0.0,67.0,0.156,0.156,0.156,0.156,,-,194.0,7.0,,483.0
151661,2022,28703.0,0.0,120.0,0.2508,0.2508,0.2508,0.2508,,-,248.0,1.0,,487.0
151661,2023,30555.0,0.0,124.0,0.2435,0.2435,0.2435,0.2435,,-,273.0,,,485.0
151661,2024,34412.0,0.0,105.0,0.1831,0.1831,0.1831,0.1831,,-,335.0,,,504.0
151777,1998,31849.0,174.0,5.0,0.665,0.6953,0.7017,0.7181,1.166,o,,,,
151777,1999,32811.0,193.0,14.0,0.7315,0.7325,0.7328,0.7333,1.0051,o,,,,
151777,2000,32487.0,180.0,12.0,0.687,0.6889,0.6893,0.6903,1.0095,o,,,,
151777,2001,33750.0,170.0,13.0,0.6276,0.6466,0.6507,0.6608,1.1089,o,,,,
151777,2002,34415.0,197.0,16.0,0.7148,0.7388,0.7439,0.7567,1.1206,o,309.0,,26555.0,
151777,2003,35447.0,209.0,15.0,0.7329,0.7352,0.7357,0.7369,1.011,o,335.0,,27343.0,436.0
151777,2004,33967.0,198.0,6.0,0.7101,0.7044,0.7033,0.7004,0.9728,o,278.0,,28275.0,476.0
151777,2005,30516.0,221.0,3.0,0.875,0.853,0.8486,0.8375,0.9163,o,330.0,,29069.0,468.0
151777,2006,30372.0,205.0,1.0,0.8119,0.7981,0.7953,0.7883,0.9426,o,311.0,27.0,30336.0,478.0
151777,2007,29850.0,188.0,3.0,0.7618,0.7608,0.7606,0.76,0.9953,o,317.0,14.0,30867.0,468.0
151777,2008,31903.0,180.0,1.0,0.6789,0.6837,0.6847,0.6872,1.0245,o,396.0,38.0,31666.0,456.0
151777,2009,35473.0,187.0,1.0,0.6343,0.6643,0.6707,0.6869,1.1727,o,426.0,29.0,32690.0,475.0
151777,2010,37559.0,197.0,2.0,0.6326,0.6799,0.6901,0.7164,1.2824,o,407.0,39.0,34008.0,466.0
151777,2011,39737.0,186.0,2.0,0.5647,0.6129,0.6234,0.6504,1.3264,o,373.0,32.0,34787.0,445.0
151777,2012,40598.0,259.0,0.0,0.7656,0.7858,0.79,0.8007,1.094,o,372.0,31.0,35308.0,451.0
151777,2013,40015.0,247.0,2.0,0.7437,0.7228,0.7186,0.708,0.9063,o,367.0,20.0,35754.0,485.0
151777,2014,37827.0,264.0,0.0,0.8375,0.8089,0.8031,0.7888,0.8872,o,441.0,26.0,36759.0,554.0
151777,2015,39123.0,249.0,0.0,0.7637,0.7716,0.7732,0.7773,1.0359,o,396.0,37.0,37911.0,619.0
151777,2016,38921.0,207.0,0.0,0.6382,0.6601,0.6648,0.6765,1.1235,o,389.0,31.0,38776.0,665.0
151777,2017,39586.0,230.0,0.0,0.6972,0.7095,0.7121,0.7186,1.0622,o,398.0,33.0,39266.0,671.0
151777,2018,38676.0,253.0,0.0,0.785,0.779,0.7778,0.7747,0.974,o,410.0,16.0,39457.0,670.0
151777,2019,35748.0,270.0,0.0,0.9063,0.8971,0.8952,0.8905,0.9654,o,334.0,18.0,39971.0,677.0
151777,2020,32621.0,216.0,0.0,0.7946,0.7823,0.7798,0.7736,0.9478,o,350.0,24.0,40414.0,668.0
151777,2021,29081.0,192.0,0.0,0.7923,0.7607,0.7543,0.7386,0.8691,o,307.0,28.0,40195.0,707.0
151777,2022,30818.0,190.0,0.0,0.7398,0.6967,0.6882,0.6671,0.8131,o,257.0,30.0,37778.0,586.0
151777,2023,28022.0,199.0,0.0,0.8522,0.7864,0.7735,0.742,0.7581,o,288.0,22.0,37029.0,589.0
151777,2024,28281.0,186.0,2.0,0.7935,0.7429,0.7328,0.7083,0.7968,o,341.0,29.0,37090.0,557.0
151786,1998,32810.0,170.0,47.0,0.7077,0.696,0.6936,0.6876,0.9439,o,,,,
151786,1999,32119.0,210.0,32.0,0.8444,0.8177,0.8122,0.7988,0.8951,o,,,,
151786,2000,30915.0,149.0,39.0,0.6541,0.6462,0.6446,0.6406,0.9591,o,,,,
151786,2001,32125.0,140.0,40.0,0.5977,0.5868,0.5846,0.5791,0.9387,o,,,,
151786,2002,33792.0,160.0,48.0,0.6534,0.6216,0.6152,0.5995,0.8418,o,257.0,,27074.0,
151786,2003,37974.0,185.0,39.0,0.6462,0.6346,0.6322,0.6263,0.9391,o,269.0,,28176.0,576.0
151786,2004,41213.0,179.0,48.0,0.5911,0.6034,0.6059,0.6124,1.0735,o,269.0,,28955.0,596.0
151786,2005,42185.0,212.0,80.0,0.7168,0.7645,0.7747,0.8009,1.2483,o,205.0,,29359.0,631.0
151786,2006,43734.0,251.0,89.0,0.8108,0.8164,0.8175,0.8204,1.0238,o,294.0,201.0,29697.0,601.0
151786,2007,49765.0,268.0,93.0,0.7584,0.7469,0.7445,0.7386,0.9487,o,288.0,267.0,30096.0,579.0
151786,2008,51847.0,303.0,111.0,0.8297,0.8489,0.8529,0.863,1.0818,o,339.0,176.0,30437.0,561.0
151786,2009,53119.0,307.0,114.0,0.8223,0.8918,0.9069,0.9458,1.3228,o,322.0,204.0,32805.0,554.0
151786,2010,55654.0,352.0,122.0,0.8905,0.9661,0.9826,1.0249,1.3246,o,323.0,288.0,34308.0,554.0
151786,2011,59438.0,316.0,59.0,0.6975,0.7186,0.7231,0.7343,1.1082,o,307.0,302.0,34843.0,575.0
151786,2012,64637.0,455.0,41.0,0.8828,0.884,0.8843,0.8849,1.0048,o,300.0,300.0,35376.0,595.0
151786,2013,66286.0,486.0,47.0,0.9224,0.8998,0.8953,0.8839,0.9183,o,336.0,295.0,36494.0,589.0
151786,2014,64759.0,550.0,41.0,1.0572,1.0529,1.052,1.0497,0.986,o,332.0,284.0,37391.0,697.0
151786,2015,65756.0,501.0,29.0,0.9408,0.9569,0.9602,0.9687,1.0603,o,311.0,256.0,38381.0,777.0
151786,2016,65354.0,520.0,29.0,0.9814,0.998,1.0014,1.0101,1.0593,o,392.0,291.0,39541.0,832.0
151786,2017,66634.0,511.0,24.0,0.9419,0.9696,0.9755,0.9902,1.1053,o,338.0,411.0,40156.0,901.0
151786,2018,74186.0,612.0,13.0,1.0005,1.0265,1.032,1.0459,1.0928,o,425.0,299.0,41127.0,915.0
151786,2019,76200.0,578.0,13.0,0.9205,0.9673,0.9773,1.0027,1.1866,o,385.0,230.0,41487.0,894.0
151786,2020,87345.0,633.0,12.0,0.8779,0.9147,0.9225,0.9423,1.1522,o,460.0,111.0,42068.0,802.0
151786,2021,95216.0,645.0,20.0,0.8255,0.8613,0.8689,0.8881,1.1575,o,587.0,252.0,42020.0,766.0
151786,2022,94285.0,624.0,24.0,0.8095,0.8873,0.9043,0.9482,1.3722,o,464.0,216.0,40152.0,742.0
151786,2023,85962.0,662.0,11.0,0.9318,1.0049,1.0207,1.0614,1.2975,o,620.0,173.0,38922.0,753.0
151786,2024,86155.0,583.0,37.0,0.8378,0.9005,0.9141,0.9489,1.2828,o,559.0,92.0,39100.0,695.0
151801,1998,156897.0,1030.0,418.0,0.9476,0.9872,0.9956,1.0169,1.1515,o,,,,
151801,2000,128412.0,992.0,363.0,1.0966,1.3328,1.3877,1.535,1.9592,o,,,,
151801,2001,137355.0,968.0,423.0,1.0305,1.2293,1.275,1.3969,1.8376,o,,,,
151801,2002,148687.0,1144.0,404.0,1.0863,1.1875,1.2096,1.2666,1.3594,o,1036.0,,22068.0,
151801,2003,160881.0,1252.0,478.0,1.1121,1.1589,1.1688,1.1939,1.1525,o,1185.0,,22935.0,321.0
151801,2004,176507.0,1476.0,486.0,1.1687,1.2445,1.2608,1.3025,1.2422,o,1371.0,,23913.0,342.0
151801,2005,223466.0,1460.0,453.0,0.9056,0.9755,0.9907,1.0295,1.2922,o,1432.0,,24472.0,286.0
151801,2006,251030.0,1789.0,555.0,0.9879,1.082,1.1025,1.1557,1.3687,o,1462.0,1916.0,25216.0,288.0
151801,2007,260337.0,1962.0,593.0,1.041,1.1241,1.1421,1.1883,1.303,o,1460.0,1476.0,25958.0,304.0
151801,2008,289942.0,2328.0,728.0,1.1142,1.1582,1.1676,1.1913,1.1432,o,1752.0,2215.0,26755.0,313.0
151801,2009,299055.0,2587.0,736.0,1.1857,1.2335,1.2436,1.2693,1.1459,o,1415.0,1722.0,27878.0,336.0
151801,2010,277134.0,2662.0,752.0,1.3155,1.3503,1.3576,1.3761,1.0943,o,1560.0,1925.0,29299.0,414.0
151801,2011,289035.0,2539.0,730.0,1.2057,1.212,1.2133,1.2166,1.0181,o,1536.0,1901.0,29613.0,402.0
151801,2012,293177.0,2702.0,677.0,1.2445,1.2313,1.2286,1.2218,0.9639,o,1543.0,1787.0,29874.0,478.0
151801,2013,296949.0,2781.0,795.0,1.2845,1.274,1.2719,1.2665,0.9722,o,1437.0,1586.0,30965.0,451.0
151801,2014,302000.0,2904.0,705.0,1.294,1.2946,1.2947,1.2951,1.0017,o,1471.0,1633.0,31108.0,439.0
151801,2015,296117.0,2830.0,682.0,1.285,1.2619,1.2572,1.2454,0.9393,o,1426.0,1593.0,31464.0,464.0
151801,2016,83843.0,662.0,8.0,0.9532,0.9365,0.9331,0.9246,0.9409,o,684.0,94.0,32058.0,621.0
151801,2017,81173.0,693.0,5.0,1.0282,0.9302,0.9111,0.8652,0.7081,o,787.0,98.0,32311.0,605.0
151801,2018,82388.0,616.0,2.0,0.8987,0.7375,0.708,0.6392,0.5058,o,718.0,86.0,32378.0,580.0
151801,2019,80524.0,645.0,5.0,0.9649,0.798,0.7673,0.6955,0.5195,o,670.0,107.0,32494.0,572.0
151801,2020,79197.0,555.0,3.0,0.8432,0.7468,0.7282,0.6839,0.6578,o,567.0,86.0,32808.0,571.0
151801,2021,74281.0,581.0,6.0,0.9434,0.8972,0.8879,0.8652,0.8409,o,565.0,69.0,32897.0,564.0
151801,2022,68934.0,590.0,8.0,1.034,0.9521,0.9359,0.8968,0.7522,o,580.0,66.0,31770.0,491.0
151801,2023,63851.0,524.0,14.0,0.9979,0.9438,0.9329,0.9064,0.8249,o,500.0,55.0,30727.0,478.0
151801,2024,57925.0,461.0,9.0,0.9644,0.9271,0.9196,0.9011,0.8731,o,567.0,81.0,31168.0,538.0
151810,1998,11951.0,48.0,0.0,0.482,0.4402,0.4321,0.4123,0.7317,o,,,,
151810,1999,10056.0,44.0,0.0,0.5251,0.4258,0.4077,0.3659,0.4855,o,,,,
151810,2002,9906.0,48.0,0.0,0.5815,0.6798,0.7022,0.7613,1.7143,o,76.0,,15538.0,
151810,2003,11096.0,54.0,0.0,0.584,0.5974,0.6002,0.6073,1.0815,o,49.0,,16569.0,289.0
151810,2004,10508.0,52.0,0.0,0.5938,0.545,0.5355,0.5122,0.744,o,65.0,,17280.0,305.0
151810,2005,11209.0,37.0,0.0,0.3961,0.3702,0.365,0.3524,0.7917,o,67.0,,17657.0,570.0
151810,2006,10924.0,52.0,0.0,0.5712,0.5548,0.5514,0.5431,0.9041,o,90.0,,17762.0,549.0
151810,2007,11212.0,62.0,0.0,0.6636,0.7089,0.7187,0.7437,1.256,o,87.0,,17921.0,546.0
151810,2008,19679.0,75.0,0.0,0.4573,0.5196,0.5335,0.5699,1.5526,o,234.0,,20018.0,398.0
151810,2009,23583.0,66.0,0.0,0.3358,0.4346,0.4584,0.5237,2.4318,o,484.0,,19453.0,383.0
151810,2010,20066.0,59.0,0.0,0.3528,0.5483,0.6007,0.7545,4.5732,o,199.0,63.0,19327.0,596.0
151810,2011,18421.0,58.0,0.0,0.3778,0.5589,0.6061,0.7422,3.8588,o,251.0,37.0,18873.0,578.0
151810,2012,17558.0,64.0,0.0,0.4374,0.4824,0.4923,0.5179,1.4019,o,64.0,48.0,18396.0,590.0
151810,2013,11835.0,45.0,0.0,0.4563,0.3593,0.342,0.3022,0.4387,o,54.0,42.0,18956.0,430.0
151810,2014,8485.0,48.0,0.0,0.6788,0.408,0.3672,0.2822,0.1728,o,22.0,10.0,15746.0,444.0
151810,2015,7931.0,58.0,0.0,0.8776,0.5239,0.4709,0.3606,0.1689,o,15.0,24.0,15613.0,642.0
151810,2016,7002.0,41.0,0.0,0.7027,0.3776,0.3321,0.2408,0.1175,o,24.0,47.0,16252.0,667.0
151810,2017,6882.0,40.0,0.0,0.6975,0.5059,0.4734,0.401,0.3305,o,22.0,39.0,15981.0,631.0
151810,2018,6305.0,54.0,0.0,1.0278,0.8885,0.8621,0.7996,0.6053,o,22.0,23.0,16451.0,684.0
151810,2019,5227.0,27.0,0.0,0.6199,0.6518,0.6586,0.676,1.1892,o,21.0,15.0,16107.0,485.0
151810,2020,4811.0,31.0,0.0,0.7732,0.7954,0.8001,0.8119,1.1026,o,20.0,12.0,15866.0,460.0
151810,2021,4031.0,26.0,0.0,0.774,0.7486,0.7434,0.7307,0.8913,o,22.0,18.0,15407.0,548.0
151810,2022,3856.0,29.0,0.0,0.9025,0.8904,0.8879,0.8817,0.9545,o,13.0,11.0,14481.0,414.0
151810,2023,3461.0,13.0,0.0,0.4507,0.4246,0.4194,0.4067,0.814,o,24.0,10.0,13664.0,588.0
151810,2024,3897.0,29.0,0.0,0.893,0.8668,0.8615,0.8483,0.9024,o,24.0,11.0,12830.0,405.0
151829,1998,1170.0,0.0,0.0,0.0,0.0,0.0,0.0,,-,,,,
151944,1998,12367.0,0.0,121.0,0.5871,0.5871,0.5871,0.5871,,-,,,,
151944,1999,11192.0,0.0,127.0,0.6808,0.6808,0.6808,0.6808,,-,,,,
151944,2001,10799.0,0.0,45.0,0.25,0.25,0.25,0.25,,-,,,,
151944,2002,13641.0,0.0,84.0,0.3695,0.3695,0.3695,0.3695,,-,19.0,,10352.0,
151944,2003,14807.0,0.0,116.0,0.4701,0.4701,0.4701,0.4701,,-,27.0,,10155.0,409.0
151944,2005,18510.0,0.0,112.0,0.363,0.363,0.363,0.363,,-,29.0,,9793.0,418.0
151944,2006,22249.0,0.0,154.0,0.4153,0.4153,0.4153,0.4153,,-,80.0,,10040.0,336.0
151944,2007,31803.0,0.0,121.0,0.2283,0.2283,0.2283,0.2283,,-,222.0,,10290.0,266.0
151944,2008,22751.0,0.0,136.0,0.3587,0.3587,0.3587,0.3587,,-,195.0,118.0,11800.0,450.0
151944,2009,27697.0,0.0,113.0,0.2448,0.2448,0.2448,0.2448,,-,252.0,,12949.0,464.0
151944,2010,40049.0,11.0,181.0,0.3041,0.3041,0.3041,0.3041,,-,217.0,,14246.0,396.0
151944,2011,37513.0,12.0,289.0,0.5006,0.5006,0.5006,0.5006,,-,98.0,134.0,15052.0,395.0
151944,2012,25029.0,13.0,307.0,0.7983,0.7983,0.7983,0.7983,,-,87.0,65.0,15114.0,450.0
151944,2013,16181.0,25.0,201.0,0.9307,0.9307,0.9307,0.9307,,-,67.0,66.0,16074.0,462.0
151944,2014,10339.0,15.0,129.0,0.9227,0.9227,0.9227,0.9227,,-,54.0,79.0,15949.0,477.0
151944,2015,9070.0,3.0,62.0,0.4498,0.4498,0.4498,0.4498,,-,37.0,49.0,15826.0,438.0
151944,2017,2842.0,1.0,37.0,0.8234,0.8234,0.8234,0.8234,,-,2.0,7.0,,
151962,1998,6111.0,0.0,60.0,0.5891,0.594,0.5951,0.5977,1.0294,o,,,,
151962,2004,11187.0,0.0,63.0,0.3379,0.2975,0.2898,0.2713,0.6449,o,21.0,,11774.0,504.0
151962,2005,5857.0,0.0,58.0,0.5941,0.5308,0.5186,0.4893,0.6782,o,13.0,,11428.0,1061.0
151962,2007,4972.0,0.0,37.0,0.4465,0.3257,0.3052,0.2592,0.3371,o,15.0,15.0,11418.0,1026.0
151962,2008,7040.0,0.0,33.0,0.2812,0.2355,0.227,0.2071,0.5424,o,21.0,21.0,12365.0,647.0
151962,2009,7803.0,3.0,35.0,0.3153,0.3205,0.3216,0.3244,1.0588,o,26.0,39.0,13021.0,574.0
151962,2015,8100.0,11.0,35.0,0.4222,0.3312,0.315,0.2778,0.4328,o,33.0,13.0,13773.0,143.0
151962,2016,6489.0,4.0,23.0,0.2867,0.2694,0.2659,0.2575,0.807,o,34.0,8.0,14455.0,165.0
151962,2017,5566.0,10.0,52.0,0.7761,0.8887,0.914,0.9803,1.5952,o,47.0,8.0,14214.0,229.0
151962,2018,5461.0,23.0,33.0,0.868,1.1692,1.2435,1.4507,2.7931,o,58.0,10.0,14831.0,298.0
151962,2019,5667.0,16.0,31.0,0.667,0.8473,0.8904,1.0077,2.2826,o,35.0,8.0,14520.0,417.0
151962,2021,11580.0,28.0,33.0,0.4611,0.4561,0.4551,0.4525,0.963,o,43.0,53.0,14824.0,288.0
151962,2024,14160.0,21.0,81.0,0.5212,0.5502,0.5564,0.5721,1.2051,o,41.0,80.0,19800.0,392.0
152080,1998,237977.0,1943.0,0.0,0.9798,0.9835,0.9843,0.9862,1.0132,o,,,,
152080,1999,236335.0,1920.0,0.0,0.9749,0.9799,0.9809,0.9835,1.0177,o,,,,
152080,2000,239994.0,2001.0,0.0,1.0005,1.0068,1.0081,1.0113,1.0217,o,,,,
152080,2001,241647.0,1954.0,0.0,0.9703,0.9776,0.9791,0.9828,1.0259,o,,,,
152080,2002,248256.0,1985.0,0.0,0.9595,0.9702,0.9724,0.978,1.039,o,1946.0,,42127.0,
152080,2003,247822.0,2111.0,0.0,1.0222,1.0278,1.029,1.032,1.0192,o,1996.0,,43932.0,1034.0
152080,2004,249330.0,2052.0,0.0,0.9876,0.9888,0.9891,0.9897,1.0043,o,1985.0,,45790.0,1049.0
152080,2005,250864.0,2167.0,0.0,1.0366,1.0356,1.0354,1.0349,0.9967,o,1966.0,,47502.0,1065.0
152080,2006,248614.0,2072.0,0.0,1.0001,0.9978,0.9974,0.9962,0.9922,o,2039.0,,49145.0,1093.0
152080,2007,252330.0,2073.0,0.0,0.9859,0.9904,0.9913,0.9937,1.016,o,1991.0,158.0,50523.0,1135.0
152080,2008,254363.0,2087.0,0.0,0.9846,0.9881,0.9888,0.9906,1.0123,o,2000.0,138.0,51490.0,1153.0
152080,2009,254166.0,2102.0,0.0,0.9924,0.9953,0.9959,0.9974,1.0101,o,2064.0,113.0,53020.0,1171.0
152080,2010,257264.0,2126.0,0.0,0.9917,0.9959,0.9968,0.9989,1.0147,o,2072.0,133.0,55003.0,1087.0
152080,2011,274373.0,2078.0,0.0,0.9088,0.9157,0.9171,0.9207,1.0263,o,2020.0,108.0,55724.0,959.0
152080,2012,276354.0,2078.0,0.0,0.9023,0.9089,0.9102,0.9137,1.0253,o,2014.0,137.0,56353.0,970.0
152080,2013,278390.0,2173.0,0.0,0.9367,0.9347,0.9342,0.9332,0.9926,o,2070.0,127.0,57443.0,969.0
152080,2014,277462.0,2106.0,0.0,0.9108,0.9075,0.9068,0.9051,0.9874,o,2012.0,118.0,58726.0,993.0
152080,2015,276631.0,2128.0,0.0,0.9231,0.9225,0.9223,0.922,0.9976,o,2007.0,125.0,60361.0,1010.0
152080,2016,282109.0,2135.0,0.0,0.9082,0.9072,0.907,0.9065,0.9963,o,2046.0,167.0,62137.0,1010.0
152080,2017,284366.0,2146.0,0.0,0.9056,0.9036,0.9032,0.9021,0.9924,o,2051.0,187.0,63338.0,1027.0
152080,2018,285049.0,2173.0,0.0,0.9148,0.9158,0.916,0.9165,1.0037,o,2070.0,169.0,64189.0,1034.0
152080,2019,286258.0,2080.0,0.0,0.8719,0.8783,0.8796,0.8829,1.0254,o,2051.0,192.0,65148.0,1040.0
152080,2020,287785.0,2223.0,0.0,0.9269,0.9314,0.9324,0.9347,1.0168,o,2193.0,238.0,66772.0,1038.0
152080,2021,295217.0,2209.0,0.0,0.8979,0.9071,0.9091,0.9139,1.0359,o,2059.0,224.0,67348.0,1027.0
152080,2022,290525.0,2163.0,0.0,0.8934,0.9016,0.9033,0.9075,1.0318,o,2037.0,189.0,64553.0,981.0
152080,2023,292958.0,2249.0,0.0,0.9212,0.9196,0.9193,0.9184,0.9939,o,2075.0,192.0,62421.0,912.0
152080,2024,292411.0,2357.0,0.0,0.9673,0.9584,0.9566,0.9521,0.9689,o,2082.0,203.0,62693.0,905.0
152099,1998,35460.0,133.0,59.0,0.5499,0.5598,0.5619,0.5671,1.0635,o,,,,
152099,1999,30390.0,266.0,59.0,1.1668,1.2433,1.2597,1.3017,1.2446,o,,,,
152099,2004,23604.0,271.0,122.0,1.6878,1.7693,1.7866,1.8307,1.1765,o,352.0,,19900.0,1005.0
152099,2005,43910.0,233.0,184.0,0.8882,0.8746,0.8718,0.8648,0.9481,o,261.0,,20281.0,591.0
152099,2006,41178.0,292.0,193.0,1.1322,1.0211,0.9996,0.9476,0.7006,o,310.0,,20567.0,629.0
152099,2007,47154.0,294.0,185.0,0.9836,0.8794,0.8593,0.8109,0.6798,o,349.0,128.0,20961.0,510.0
152099,2008,44899.0,339.0,136.0,1.0878,1.0975,1.0996,1.1047,1.0313,o,278.0,121.0,21686.0,584.0
152099,2009,48322.0,330.0,147.0,1.002,1.0086,1.01,1.0134,1.0228,o,230.0,109.0,22172.0,584.0
152099,2010,53853.0,244.0,246.0,0.8178,0.7905,0.785,0.7713,0.8897,o,267.0,104.0,22029.0,516.0
152099,2011,52883.0,196.0,217.0,0.691,0.6367,0.626,0.6001,0.7542,o,97.0,108.0,22321.0,471.0
152099,2012,50344.0,263.0,233.0,0.9046,0.7726,0.7478,0.6892,0.5805,o,109.0,35.0,22641.0,292.0
152099,2013,36414.0,116.0,41.0,0.4498,0.3462,0.328,0.2864,0.4055,o,104.0,38.0,24864.0,476.0
152099,2014,35550.0,139.0,54.0,0.5603,0.4383,0.4165,0.3668,0.4286,o,83.0,85.0,25278.0,535.0
152099,2015,31143.0,156.0,51.0,0.6994,0.5765,0.5539,0.5013,0.5137,o,84.0,52.0,25848.0,628.0
152099,2016,20991.0,140.0,22.0,0.8632,0.8123,0.8021,0.7772,0.8107,o,93.0,64.0,29559.0,824.0
152099,2017,20483.0,150.0,52.0,1.0311,0.9772,0.9664,0.9399,0.831,o,99.0,82.0,29830.0,795.0
152099,2018,20900.0,117.0,61.0,0.8469,0.8534,0.8547,0.8581,1.0267,o,140.0,63.0,29537.0,968.0
152099,2019,22761.0,126.0,77.0,0.8673,0.9623,0.9832,1.0375,1.4311,o,146.0,61.0,29285.0,977.0
152099,2020,23920.0,111.0,73.0,0.74,0.8504,0.8753,0.9406,1.6158,o,107.0,32.0,29207.0,637.0
152099,2021,23444.0,115.0,61.0,0.7448,0.8068,0.8203,0.8549,1.3177,o,168.0,48.0,29169.0,615.0
152099,2022,19575.0,100.0,80.0,0.8582,0.8939,0.9014,0.9206,1.1506,o,128.0,65.0,28238.0,386.0
152099,2023,19331.0,127.0,59.0,0.9715,0.9812,0.9833,0.9883,1.035,o,124.0,36.0,27328.0,255.0
152099,2024,17119.0,121.0,58.0,1.0515,1.0503,1.05,1.0494,0.996,o,147.0,78.0,27150.0,160.0
152220,1998,27642.0,0.0,14.0,0.0304,0.0304,0.0304,0.0304,,x,,,,
152220,1999,26732.0,0.0,8.0,0.018,0.018,0.018,0.018,,x,,,,
152220,2000,26011.0,0.0,15.0,0.0346,0.0346,0.0346,0.0346,,x,,,,
152220,2002,36022.0,0.0,23.0,0.0383,0.0383,0.0383,0.0383,,x,542.0,,12385.0,
152220,2004,17171.0,0.0,14.0,0.0489,0.0489,0.0489,0.0489,,x,456.0,,,394.0
152220,2005,17400.0,0.0,5.0,0.0172,0.0172,0.0172,0.0172,,x,245.0,,,427.0
152220,2006,21112.0,0.0,0.0,0.0,0.0,0.0,0.0,,x,232.0,,,39.0
152220,2007,25992.0,0.0,7.0,0.0162,0.0162,0.0162,0.0162,,x,258.0,110.0,,79.0
152220,2009,33735.0,0.0,0.0,0.0,0.0,0.0,0.0,,x,124.0,64.0,,133.0
152220,2010,32498.0,0.0,10.0,0.0185,0.0185,0.0185,0.0185,,x,104.0,61.0,,519.0
152220,2011,25627.0,0.0,0.0,0.0,0.0,0.0,0.0,,x,62.0,64.0,,522.0
152220,2012,23024.0,0.0,0.0,0.0,0.0,0.0,0.0,,x,18.0,48.0,,391.0
152248,1998,164783.0,623.0,310.0,0.5666,0.5739,0.5772,0.5819,1.0548,o,,,,
152248,1999,168890.0,623.0,273.0,0.5396,0.548,0.5519,0.5572,1.0661,o,,,,
152248,2000,169578.0,633.0,350.0,0.5718,0.5825,0.5875,0.5944,1.0806,o,,,,
152248,2001,168184.0,640.0,362.0,0.5858,0.5877,0.5885,0.5897,1.0135,o,,,,
152248,2002,170084.0,720.0,366.0,0.6371,0.6276,0.6233,0.6175,0.9395,o,1124.0,,6648.0,
152248,2003,170257.0,752.0,327.0,0.6453,0.6252,0.6163,0.6042,0.8769,o,1198.0,,6502.0,233.0
152248,2004,174541.0,765.0,329.0,0.639,0.62,0.6115,0.6,0.8815,o,1171.0,,7711.0,242.0
152248,2005,177091.0,774.0,300.0,0.6261,0.619,0.6157,0.6113,0.9533,o,1325.0,,7787.0,247.0
152248,2006,180667.0,716.0,266.0,0.5639,0.5721,0.5759,0.5812,1.0621,o,1290.0,,7988.0,262.0
152248,2007,184964.0,793.0,257.0,0.5978,0.6151,0.6232,0.6344,1.1262,o,1452.0,682.0,8332.0,281.0
152248,2008,190416.0,854.0,251.0,0.6173,0.6393,0.6497,0.6641,1.1574,o,1382.0,577.0,8424.0,289.0
152248,2009,193515.0,843.0,160.0,0.5724,0.5901,0.5984,0.6099,1.1354,o,1361.0,672.0,8657.0,302.0
152248,2010,207123.0,890.0,125.0,0.5518,0.5582,0.5612,0.5652,1.0489,o,1065.0,661.0,8415.0,296.0
152248,2011,201903.0,975.0,157.0,0.6261,0.608,0.5999,0.589,0.8848,o,961.0,663.0,8628.0,302.0
152248,2012,198636.0,1004.0,116.0,0.6416,0.5919,0.5705,0.5425,0.7149,o,956.0,686.0,8621.0,302.0
152248,2013,197042.0,1319.0,60.0,0.8216,0.7539,0.7247,0.6868,0.6989,o,827.0,710.0,8681.0,298.0
152248,2014,187270.0,1700.0,69.0,1.1114,1.0323,0.9979,0.9528,0.735,o,945.0,796.0,8721.0,313.0
152248,2015,191889.0,1497.0,1.0,0.9365,0.9069,0.8936,0.8758,0.8746,o,1035.0,696.0,8822.0,321.0
152248,2016,188947.0,1575.0,1.0,1.0006,1.0084,1.012,1.0169,1.0329,o,891.0,990.0,8904.0,327.0
152266,1998,61502.0,125.0,224.0,0.4624,0.4675,0.4699,0.4731,1.0467,o,,,,
152266,1999,63768.0,125.0,196.0,0.4196,0.4356,0.4431,0.4536,1.1681,o,,,,
152266,2000,62493.0,136.0,230.0,0.482,0.4914,0.4958,0.5018,1.0841,o,,,,
152266,2001,67333.0,169.0,240.0,0.5151,0.5217,0.5247,0.5289,1.0545,o,,,,
152266,2002,70487.0,168.0,251.0,0.4997,0.5064,0.5096,0.5138,1.0576,o,709.0,,6219.0,
152266,2003,74732.0,219.0,239.0,0.5435,0.5449,0.5455,0.5463,1.0103,o,638.0,,7623.0,192.0
152266,2004,73359.0,248.0,213.0,0.5799,0.566,0.5598,0.5514,0.904,o,659.0,,7811.0,211.0
152266,2005,73906.0,243.0,235.0,0.5853,0.5614,0.5508,0.5367,0.8406,o,687.0,,7889.0,219.0
152266,2006,75643.0,307.0,232.0,0.671,0.6568,0.6504,0.6417,0.9144,o,732.0,,8094.0,230.0
152266,2007,79182.0,325.0,238.0,0.6729,0.6813,0.6853,0.6906,1.0535,o,800.0,248.0,8419.0,237.0
152266,2008,82238.0,319.0,183.0,0.599,0.6234,0.6349,0.651,1.1812,o,843.0,228.0,8512.0,238.0
152266,2009,88330.0,324.0,189.0,0.5685,0.5964,0.6096,0.6282,1.2207,o,726.0,214.0,8748.0,242.0
152266,2010,97369.0,318.0,224.0,0.5299,0.5429,0.5489,0.5572,1.1057,o,886.0,330.0,9126.0,233.0
152266,2011,103060.0,387.0,188.0,0.5601,0.5669,0.5701,0.5745,1.0522,o,627.0,237.0,9358.0,230.0
152266,2012,104549.0,407.0,152.0,0.5544,0.5435,0.5386,0.532,0.9209,o,655.0,305.0,9350.0,215.0
152266,2013,108873.0,440.0,109.0,0.545,0.5192,0.5078,0.4927,0.8171,o,653.0,327.0,9418.0,211.0
152266,2014,112912.0,492.0,62.0,0.5558,0.5286,0.5166,0.5007,0.8114,o,566.0,268.0,9461.0,213.0
152266,2015,108669.0,486.0,55.0,0.567,0.5384,0.5257,0.509,0.8057,o,570.0,232.0,9568.0,207.0
152266,2016,108837.0,491.0,41.0,0.564,0.5478,0.5406,0.5309,0.8861,o,410.0,146.0,9539.0,195.0
152284,1998,408.0,0.0,0.0,0.0,0.0,0.0,0.0,,-,,,,
152318,1998,44849.0,286.0,0.0,0.7652,0.7772,0.7796,0.7859,1.0547,o,,,,
152318,1999,32189.0,357.0,0.0,1.3309,1.3253,1.3241,1.3212,0.9855,o,,,,
152318,2000,31069.0,330.0,0.0,1.2746,1.2584,1.2551,1.2468,0.9569,o,,,,
152318,2001,33025.0,324.0,0.0,1.1773,1.2031,1.2086,1.2222,1.0778,o,,,,
152318,2002,49447.0,359.0,0.0,0.8712,0.8795,0.8812,0.8856,1.0332,o,451.0,,37534.0,
152318,2003,50525.0,372.0,0.0,0.8835,0.8937,0.8958,0.9011,1.0401,o,490.0,,39068.0,887.0
152318,2004,53318.0,346.0,0.0,0.7787,0.8073,0.8134,0.8287,1.1324,o,473.0,,40970.0,903.0
152318,2005,53268.0,368.0,0.0,0.829,0.8625,0.8696,0.8876,1.1464,o,448.0,,42068.0,925.0
152318,2006,52635.0,373.0,0.0,0.8504,0.8689,0.8728,0.8826,1.0772,o,525.0,14.0,42283.0,924.0
152318,2007,51250.0,418.0,0.0,0.9787,0.9883,0.9903,0.9952,1.034,o,474.0,12.0,43919.0,997.0
152318,2008,54322.0,417.0,0.0,0.9212,0.931,0.9331,0.9382,1.0374,o,482.0,20.0,45024.0,941.0
152318,2009,53562.0,367.0,0.0,0.8222,0.8312,0.833,0.8377,1.038,o,465.0,15.0,51547.0,986.0
152318,2010,54123.0,441.0,0.0,0.9778,0.9701,0.9686,0.9646,0.9733,o,552.0,21.0,53406.0,985.0
152318,2011,55412.0,427.0,0.0,0.9247,0.9295,0.9305,0.933,1.018,o,506.0,29.0,53702.0,994.0
152318,2012,56168.0,357.0,0.0,0.7627,0.7855,0.7903,0.8024,1.1067,o,621.0,44.0,55033.0,991.0
152318,2013,61753.0,402.0,0.0,0.7812,0.8216,0.8302,0.8522,1.1901,o,559.0,14.0,55447.0,993.0
152318,2014,63705.0,459.0,0.0,0.8646,0.9027,0.9108,0.9313,1.1603,o,582.0,10.0,56158.0,1016.0
152318,2015,64881.0,446.0,0.0,0.8249,0.8432,0.847,0.8566,1.0784,o,545.0,14.0,57027.0,1049.0
152318,2016,65925.0,519.0,0.0,0.9447,0.9447,0.9447,0.9447,1.0,o,543.0,19.0,58522.0,1077.0
152318,2017,62892.0,526.0,0.0,1.0036,0.9803,0.9755,0.9637,0.922,o,557.0,19.0,58908.0,1101.0
152318,2018,63449.0,502.0,0.0,0.9494,0.9394,0.9373,0.9322,0.9641,o,499.0,11.0,59836.0,1119.0
152318,2019,59399.0,490.0,0.0,0.9899,0.9714,0.9676,0.9582,0.937,o,496.0,13.0,60853.0,1179.0
152318,2020,58067.0,469.0,0.0,0.9692,0.9444,0.9394,0.9269,0.9145,o,531.0,11.0,62413.0,1165.0
152318,2021,56264.0,444.0,0.0,0.947,0.9283,0.9245,0.915,0.9336,o,637.0,16.0,61763.0,1049.0
152318,2022,63061.0,414.0,0.0,0.7878,0.8112,0.8161,0.8285,1.1061,o,598.0,17.0,58164.0,860.0
152318,2023,65496.0,375.0,0.0,0.6871,0.7315,0.741,0.7655,1.2412,o,552.0,14.0,56521.0,798.0
152318,2024,68325.0,428.0,0.0,0.7517,0.7768,0.7821,0.7954,1.1198,o,604.0,17.0,56674.0,792.0
152336,1999,37448.0,106.0,116.0,0.5255,0.6408,0.6676,0.7398,1.9815,o,,,,
152336,2000,36334.0,159.0,146.0,0.7662,1.0021,1.0593,1.217,2.5227,o,,,,
152336,2001,33500.0,155.0,131.0,0.7899,0.8681,0.8853,0.9296,1.3853,o,,,,
152336,2002,36259.0,184.0,129.0,0.8224,0.7747,0.7652,0.7418,0.8137,o,272.0,,23506.0,
152336,2003,37044.0,192.0,125.0,0.8244,0.7791,0.77,0.7478,0.8228,o,355.0,,24709.0,617.0
152336,2004,39010.0,175.0,153.0,0.7736,0.8315,0.844,0.876,1.2822,o,294.0,,25685.0,642.0
152336,2005,41294.0,140.0,124.0,0.587,0.6246,0.6327,0.6533,1.2386,o,312.0,,26494.0,664.0
152336,2006,42985.0,203.0,190.0,0.8319,0.8565,0.8617,0.8748,1.1058,o,365.0,,27170.0,681.0
152336,2007,44995.0,183.0,152.0,0.6907,0.7063,0.7095,0.7178,1.0797,o,355.0,171.0,26859.0,683.0
152336,2008,45939.0,209.0,162.0,0.7575,0.7807,0.7856,0.7979,1.1094,o,322.0,179.0,28637.0,685.0
152336,2009,45816.0,254.0,150.0,0.8617,0.8898,0.8958,0.9108,1.1172,o,312.0,232.0,29812.0,680.0
152336,2010,47452.0,247.0,133.0,0.7928,0.7779,0.7748,0.7672,0.9365,o,366.0,249.0,31106.0,681.0
152336,2011,48166.0,240.0,153.0,0.7885,0.7749,0.7721,0.7652,0.9417,o,373.0,214.0,31841.0,711.0
152336,2012,53742.0,227.0,166.0,0.6922,0.71,0.7138,0.7232,1.0916,o,367.0,170.0,32587.0,685.0
152336,2013,52862.0,250.0,182.0,0.7741,0.8096,0.8171,0.8363,1.1672,o,388.0,202.0,32671.0,666.0
152336,2014,53429.0,282.0,151.0,0.8029,0.8284,0.8337,0.8473,1.1136,o,344.0,180.0,33152.0,621.0
152336,2015,50732.0,315.0,148.0,0.9201,0.9176,0.9171,0.9158,0.9905,o,372.0,188.0,33851.0,635.0
152336,2016,48645.0,317.0,120.0,0.93,0.9212,0.9193,0.9148,0.9676,o,343.0,204.0,35289.0,666.0
152336,2017,48859.0,321.0,135.0,0.9542,0.9392,0.9362,0.9286,0.947,o,454.0,206.0,36089.0,677.0
152336,2018,50388.0,347.0,161.0,1.0181,1.0435,1.0489,1.0623,1.0888,o,347.0,185.0,36678.0,676.0
152336,2019,49233.0,342.0,121.0,0.981,1.0135,1.0203,1.0376,1.1187,o,394.0,160.0,37131.0,687.0
152336,2020,49258.0,360.0,88.0,0.9842,0.9945,0.9966,1.0019,1.0364,o,404.0,119.0,37837.0,669.0
152336,2021,47672.0,333.0,157.0,1.0358,1.0362,1.0363,1.0365,1.0013,o,450.0,129.0,37842.0,674.0
152336,2022,45510.0,319.0,142.0,1.0283,1.0476,1.0517,1.0618,1.0662,o,366.0,130.0,36630.0,649.0
152336,2023,44422.0,269.0,113.0,0.8793,0.9042,0.9095,0.9227,1.1012,o,418.0,183.0,35247.0,586.0
152336,2024,42551.0,333.0,140.0,1.1365,1.1307,1.1295,1.1265,0.9825,o,414.0,147.0,35420.0,625.0
152363,1998,26209.0,165.0,1.0,0.7578,0.7163,0.708,0.6877,0.8235,o,,,,
152363,1999,25911.0,149.0,2.0,0.6947,0.6965,0.6969,0.6979,1.0092,o,,,,
152363,2000,27891.0,128.0,0.0,0.5507,0.5781,0.5839,0.5987,1.182,o,,,,
152363,2001,27513.0,162.0,1.0,0.7088,0.7353,0.7409,0.7551,1.1349,o,,,,
152363,2002,26778.0,173.0,0.0,0.7753,0.7678,0.7663,0.7624,0.9672,o,318.0,,27785.0,
152363,2003,27586.0,175.0,0.0,0.7613,0.7659,0.7669,0.7693,1.0212,o,332.0,,28719.0,480.0
152363,2004,28431.0,170.0,1.0,0.7196,0.7468,0.7526,0.7671,1.1364,o,291.0,,29685.0,494.0
152363,2005,28212.0,160.0,0.0,0.6806,0.7132,0.7202,0.7379,1.1755,o,269.0,,30840.0,495.0
152363,2006,31040.0,146.0,0.0,0.5644,0.5596,0.5586,0.5561,0.9705,o,254.0,74.0,30538.0,453.0
152363,2007,32743.0,203.0,1.0,0.7458,0.7002,0.6912,0.669,0.8046,o,303.0,86.0,31699.0,329.0
152363,2008,34327.0,194.0,1.0,0.6799,0.6582,0.6538,0.6429,0.8941,o,298.0,70.0,32017.0,314.0
152363,2009,34330.0,213.0,0.0,0.7445,0.76,0.7632,0.7713,1.0732,o,243.0,78.0,33352.0,324.0
152363,2010,31623.0,179.0,1.0,0.6811,0.6879,0.6893,0.6928,1.0344,o,258.0,86.0,35066.0,320.0
152363,2011,30756.0,214.0,0.0,0.835,0.8097,0.8046,0.7919,0.8995,o,284.0,90.0,35261.0,239.0
152363,2012,33978.0,241.0,0.0,0.8511,0.826,0.8209,0.8083,0.9018,o,261.0,90.0,35825.0,243.0
152363,2013,33892.0,194.0,3.0,0.6922,0.6937,0.694,0.6948,1.0074,o,296.0,71.0,36561.0,282.0
152363,2014,35786.0,211.0,2.0,0.7109,0.7331,0.7378,0.7496,1.1118,o,241.0,78.0,36009.0,348.0
152363,2015,32260.0,219.0,2.0,0.8184,0.8162,0.8157,0.8146,0.9908,o,259.0,51.0,36409.0,384.0
152363,2016,31802.0,220.0,2.0,0.8339,0.8133,0.8091,0.7987,0.9174,o,222.0,51.0,37195.0,381.0
152381,1998,18843.0,128.0,6.0,0.8343,0.8296,0.8287,0.8263,0.981,o,,,,
152381,1999,19593.0,132.0,4.0,0.8207,0.764,0.7528,0.7255,0.7814,o,,,,
152381,2000,20358.0,131.0,5.0,0.7869,0.7331,0.7225,0.6965,0.7834,o,,,,
152381,2001,21525.0,127.0,8.0,0.7303,0.6574,0.6432,0.6092,0.6958,o,,,,
152381,2002,22809.0,87.0,16.0,0.4998,0.479,0.4748,0.4645,0.8636,o,167.0,,26971.0,
152381,2003,24873.0,145.0,12.0,0.7285,0.7799,0.791,0.8194,1.2652,o,282.0,,27819.0,545.0
152381,2004,24573.0,130.0,13.0,0.6666,0.8253,0.8626,0.9633,2.0884,o,285.0,,27413.0,547.0
152381,2005,24138.0,138.0,5.0,0.6985,0.8888,0.9343,1.0583,2.2955,o,351.0,,28747.0,569.0
152381,2006,23007.0,145.0,14.0,0.7928,0.9556,0.9933,1.094,1.9042,o,118.0,243.0,28139.0,601.0
152381,2007,22276.0,131.0,1.0,0.7084,0.7174,0.7193,0.724,1.0445,o,117.0,263.0,29309.0,553.0
152381,2008,22449.0,174.0,7.0,0.9488,0.7349,0.6971,0.6108,0.4145,o,139.0,336.0,29530.0,515.0
152381,2009,22429.0,131.0,3.0,0.7089,0.5445,0.5155,0.4498,0.4025,o,190.0,253.0,31006.0,527.0
152381,2010,23214.0,147.0,6.0,0.7754,0.6996,0.6849,0.6494,0.7015,o,177.0,132.0,32964.0,547.0
152381,2011,22698.0,160.0,5.0,0.8591,0.9777,1.0042,1.0736,1.5617,o,89.0,202.0,34200.0,548.0
152381,2012,19917.0,153.0,4.0,0.9339,0.9443,0.9465,0.9519,1.0391,o,73.0,92.0,37583.0,569.0
152381,2013,18462.0,158.0,5.0,1.0432,0.8495,0.8141,0.732,0.4924,o,65.0,70.0,36992.0,546.0
152381,2014,16499.0,138.0,3.0,1.0146,0.764,0.7205,0.6222,0.376,o,94.0,97.0,36433.0,545.0
152381,2015,16545.0,150.0,1.0,1.0916,0.9402,0.9117,0.8439,0.5977,o,73.0,72.0,37011.0,527.0
152381,2016,15588.0,139.0,4.0,1.0855,1.0951,1.0971,1.1021,1.0309,o,80.0,103.0,37508.0,525.0
152381,2017,15405.0,136.0,0.0,1.0594,1.0916,1.0984,1.1155,1.1087,o,135.0,108.0,36882.0,539.0
152381,2018,16948.0,133.0,1.0,0.9452,1.0317,1.0505,1.0992,1.3522,o,168.0,125.0,36777.0,551.0
152381,2019,19868.0,114.0,0.0,0.6885,0.8184,0.8482,0.9275,1.8144,o,146.0,83.0,36557.0,549.0
152381,2020,20725.0,166.0,5.0,0.9756,1.2018,1.2548,1.3977,2.0523,o,158.0,81.0,36659.0,517.0
152381,2021,20479.0,184.0,1.0,1.0811,1.1954,1.2205,1.2855,1.414,o,194.0,76.0,36359.0,511.0
152381,2022,21080.0,138.0,6.0,0.8027,0.8383,0.8459,0.8651,1.1617,o,200.0,110.0,34474.0,471.0
152381,2023,23849.0,129.0,5.0,0.6617,0.7067,0.7164,0.7412,1.2548,o,211.0,105.0,33849.0,438.0
152390,1998,44065.0,316.0,0.0,0.8605,0.8286,0.8221,0.8062,0.8777,o,,,,
152390,1999,45591.0,339.0,0.0,0.8923,0.871,0.8666,0.8558,0.92,o,,,,
152390,2000,46267.0,299.0,0.0,0.7755,0.7932,0.7969,0.8062,1.0808,o,,,,
152390,2001,48532.0,312.0,0.0,0.7714,0.8232,0.8344,0.8629,1.2511,o,,,,
152390,2002,47696.0,340.0,0.0,0.8554,0.8991,0.9084,0.9322,1.1875,o,376.0,,33588.0,
152390,2003,47234.0,356.0,0.0,0.9044,0.899,0.8979,0.8951,0.9795,o,402.0,,34667.0,761.0
152390,2004,45981.0,372.0,0.0,0.9708,0.9424,0.9366,0.9223,0.9026,o,350.0,,36441.0,793.0
152390,2005,44652.0,376.0,0.0,1.0105,0.9674,0.9587,0.9373,0.8604,o,377.0,,37477.0,816.0
152390,2006,44387.0,336.0,0.0,0.9084,0.8797,0.8739,0.8595,0.8953,o,426.0,38.0,37952.0,809.0
152390,2007,47724.0,349.0,0.0,0.8775,0.8856,0.8873,0.8915,1.0321,o,479.0,29.0,37854.0,793.0
152390,2008,51093.0,330.0,0.0,0.7751,0.8178,0.827,0.8503,1.2035,o,455.0,36.0,39327.0,779.0
152390,2009,51357.0,337.0,0.0,0.7874,0.8468,0.8596,0.8925,1.2847,o,435.0,31.0,40592.0,787.0
152390,2010,53237.0,376.0,0.0,0.8475,0.8732,0.8786,0.8923,1.1083,o,333.0,30.0,42336.0,773.0
152390,2011,49652.0,401.0,0.0,0.9691,0.9241,0.915,0.8928,0.8486,o,393.0,18.0,43302.0,785.0
152390,2012,48768.0,399.0,0.0,0.9818,0.9126,0.8989,0.8656,0.7773,o,417.0,25.0,43540.0,770.0
152390,2013,47710.0,373.0,0.0,0.9382,0.9129,0.9077,0.895,0.9101,o,437.0,18.0,44488.0,760.0
152390,2014,48301.0,284.0,0.0,0.7056,0.7276,0.7323,0.744,1.112,o,378.0,15.0,45554.0,725.0
152390,2015,49000.0,332.0,0.0,0.8131,0.8408,0.8466,0.8615,1.1226,o,419.0,32.0,46958.0,724.0
152390,2016,50561.0,359.0,0.0,0.852,0.8481,0.8472,0.8452,0.984,o,432.0,31.0,48487.0,724.0
152390,2017,51571.0,353.0,0.0,0.8214,0.8206,0.8204,0.8199,0.9965,o,362.0,33.0,49564.0,716.0
152390,2018,44235.0,353.0,0.0,0.9576,0.9504,0.9489,0.9452,0.9742,o,403.0,26.0,50848.0,771.0
152390,2019,46536.0,339.0,0.0,0.8742,0.8638,0.8617,0.8564,0.9598,o,381.0,21.0,51517.0,683.0
152390,2020,44375.0,340.0,0.0,0.9194,0.8978,0.8934,0.8825,0.9213,o,392.0,25.0,52765.0,687.0
152390,2021,45143.0,309.0,0.0,0.8214,0.815,0.8137,0.8105,0.9736,o,375.0,15.0,53366.0,645.0
152390,2022,43101.0,314.0,0.0,0.8742,0.8749,0.875,0.8754,1.0026,o,397.0,19.0,52669.0,641.0
152390,2023,42418.0,326.0,0.0,0.9222,0.9181,0.9173,0.9152,0.9847,o,420.0,17.0,51685.0,659.0
152390,2024,45096.0,298.0,0.0,0.793,0.8058,0.8085,0.8152,1.0569,o,396.0,31.0,51430.0,605.0
152424,1998,5114.0,0.0,27.0,0.3168,0.3168,0.3168,0.3168,,x,,,,
152424,1999,5340.0,0.0,43.0,0.4831,0.4831,0.4831,0.4831,,x,,,,
152424,2001,6063.0,0.0,35.0,0.3464,0.3464,0.3464,0.3464,,x,,,,
152424,2004,13071.0,0.0,67.0,0.3076,0.3076,0.3076,0.3076,,x,200.0,,11940.0,395.0
152424,2006,15239.0,0.0,138.0,0.5433,0.5433,0.5433,0.5433,,x,99.0,,12854.0,58.0
152424,2007,15361.0,0.0,82.0,0.3203,0.3203,0.3203,0.3203,,x,66.0,50.0,14813.0,138.0
152424,2008,16722.0,0.0,97.0,0.348,0.348,0.348,0.348,,x,106.0,60.0,14390.0,71.0
152424,2009,18758.0,0.0,89.0,0.2847,0.2847,0.2847,0.2847,,x,79.0,56.0,18766.0,55.0
152424,2010,17586.0,0.0,72.0,0.2456,0.2456,0.2456,0.2456,,x,24.0,43.0,18732.0,402.0
152424,2012,2589.0,0.0,6.0,0.139,0.139,0.139,0.139,,x,,,,1050.0
152497,1998,4019.0,0.0,0.0,0.0,0.0,0.0,0.0,,-,,,,
152497,1999,3818.0,0.0,0.0,0.0,0.0,0.0,0.0,,-,,,,
152497,2000,3269.0,0.0,0.0,0.0,0.0,0.0,0.0,,-,,,,
152497,2001,3576.0,0.0,0.0,0.0,0.0,0.0,0.0,,-,,,,
152497,2002,3124.0,0.0,0.0,0.0,0.0,0.0,0.0,,-,17.0,,17984.0,
152497,2003,4058.0,0.0,0.0,0.0,0.0,0.0,0.0,,-,28.0,,18975.0,
152497,2004,5310.0,0.0,0.0,0.0,0.0,0.0,0.0,,-,29.0,,19555.0,20.0
152497,2005,7648.0,0.0,0.0,0.0,0.0,0.0,0.0,,-,23.0,,20142.0,
152497,2006,8155.0,0.0,0.0,0.0,0.0,0.0,0.0,,-,14.0,,19999.0,
152497,2007,7907.0,0.0,0.0,0.0,0.0,0.0,0.0,,-,16.0,61.0,20320.0,
152497,2008,7885.0,0.0,0.0,0.0,0.0,0.0,0.0,,-,19.0,52.0,20627.0,195.0
152497,2009,8557.0,0.0,0.0,0.0,0.0,0.0,0.0,,-,14.0,69.0,21240.0,252.0
152497,2010,7914.0,0.0,0.0,0.0,0.0,0.0,0.0,,-,8.0,,22443.0,260.0
152497,2011,8798.0,0.0,0.0,0.0,0.0,0.0,0.0,,-,17.0,,22377.0,171.0
152497,2012,10306.0,0.0,0.0,0.0,0.0,0.0,0.0,,-,20.0,,22695.0,185.0
152497,2013,9263.0,0.0,0.0,0.0,0.0,0.0,0.0,,-,20.0,,23180.0,206.0
152497,2014,9382.0,0.0,0.0,0.0,0.0,0.0,0.0,,-,21.0,,23817.0,114.0
152497,2015,8410.0,0.0,0.0,0.0,0.0,0.0,0.0,,-,8.0,,24425.0,133.0
152497,2016,6179.0,0.0,0.0,0.0,0.0,0.0,0.0,,-,4.0,,24930.0,107.0
152497,2017,5000.0,0.0,0.0,0.0,0.0,0.0,0.0,,-,6.0,,25366.0,208.0
152497,2018,3642.0,0.0,0.0,0.0,0.0,0.0,0.0,,-,14.0,,25212.0,231.0
152497,2019,4500.0,0.0,0.0,0.0,0.0,0.0,0.0,,-,9.0,,24341.0,222.0
152497,2020,5238.0,0.0,0.0,0.0,0.0,0.0,0.0,,-,16.0,,23976.0,265.0
152497,2021,5251.0,0.0,0.0,0.0,0.0,0.0,0.0,,-,11.0,,23419.0,301.0
152497,2022,5130.0,0.0,0.0,0.0,0.0,0.0,0.0,,-,4.0,,22011.0,274.0
152497,2023,4548.0,0.0,0.0,0.0,0.0,0.0,0.0,,-,14.0,,20769.0,299.0
152497,2024,4751.0,0.0,0.0,0.0,0.0,0.0,0.0,,-,14.0,,20064.0,269.0
152530,1998,63461.0,421.0,6.0,0.8018,0.8295,0.8354,0.8502,1.1246,o,,,,
152530,1999,63096.0,386.0,3.0,0.737,0.7606,0.7656,0.7783,1.1152,o,,,,
152530,2000,62528.0,465.0,5.0,0.8972,0.9054,0.9071,0.9114,1.0319,o,,,,
152530,2001,61459.0,405.0,6.0,0.7966,0.7931,0.7923,0.7905,0.9846,o,,,,
152530,2002,62089.0,372.0,3.0,0.7219,0.728,0.7293,0.7324,1.0295,o,457.0,,28703.0,
152530,2003,59796.0,463.0,2.0,0.9312,0.9346,0.9353,0.9371,1.0128,o,470.0,,29722.0,688.0
152530,2004,60462.0,406.0,2.0,0.8078,0.7996,0.798,0.7938,0.9656,o,477.0,,30358.0,698.0
152530,2005,61558.0,417.0,5.0,0.8178,0.8104,0.8089,0.8051,0.9693,o,461.0,,31667.0,713.0
152530,2006,53820.0,399.0,2.0,0.8919,0.8889,0.8882,0.8867,0.9884,o,493.0,45.0,31972.0,825.0
152530,2007,54360.0,426.0,4.0,0.9448,0.9527,0.9544,0.9585,1.0291,o,472.0,46.0,32969.0,828.0
152530,2008,55110.0,400.0,3.0,0.8743,0.879,0.88,0.8825,1.019,o,465.0,45.0,34037.0,829.0
152530,2009,63447.0,422.0,1.0,0.7991,0.7988,0.7988,0.7987,0.9989,o,486.0,34.0,35317.0,757.0
152530,2010,68586.0,489.0,3.0,0.8582,0.8574,0.8572,0.8568,0.9969,o,469.0,43.0,36303.0,691.0
152530,2011,68588.0,419.0,4.0,0.7366,0.7344,0.7339,0.7327,0.9896,o,462.0,54.0,36829.0,694.0
152530,2012,66437.0,410.0,5.0,0.7451,0.7437,0.7434,0.7427,0.9936,o,498.0,40.0,37333.0,734.0
152530,2013,65564.0,433.0,4.0,0.7962,0.7983,0.7988,0.7999,1.0095,o,460.0,51.0,37548.0,732.0
152530,2014,63997.0,414.0,12.0,0.7875,0.7883,0.7884,0.7888,1.0031,o,435.0,33.0,37856.0,736.0
152530,2015,56610.0,446.0,6.0,0.9518,0.941,0.9387,0.9332,0.9613,o,519.0,41.0,38561.0,827.0
152530,2016,58020.0,453.0,2.0,0.939,0.9373,0.9369,0.936,0.9938,o,472.0,51.0,39243.0,783.0
152530,2017,57120.0,429.0,3.0,0.9044,0.9133,0.9152,0.9199,1.0344,o,448.0,53.0,40120.0,773.0
152530,2018,59520.0,393.0,1.0,0.7933,0.7997,0.801,0.8044,1.0279,o,532.0,40.0,40984.0,723.0
152530,2019,64303.0,459.0,1.0,0.8575,0.8642,0.8656,0.8691,1.0273,o,490.0,35.0,41626.0,654.0
152530,2020,63933.0,410.0,1.0,0.7705,0.7774,0.7788,0.7825,1.0313,o,416.0,27.0,42435.0,626.0
152530,2021,60338.0,398.0,2.0,0.7935,0.79,0.7893,0.7875,0.9848,o,398.0,40.0,42954.0,611.0
152530,2022,58507.0,419.0,2.0,0.8614,0.8163,0.8073,0.7851,0.8306,o,519.0,38.0,40119.0,574.0
152530,2023,62033.0,422.0,2.0,0.8183,0.7929,0.7878,0.7751,0.8973,o,562.0,40.0,38793.0,512.0
152530,2024,65915.0,393.0,1.0,0.7164,0.754,0.7621,0.7825,1.1932,o,574.0,50.0,39104.0,498.0
152567,1998,24405.0,256.0,16.0,1.2981,1.3338,1.3413,1.3603,1.0981,o,,,,
152567,1999,31205.0,177.0,14.0,0.7076,0.725,0.7287,0.7379,1.0877,o,,,,
152567,2000,34063.0,186.0,13.0,0.6782,0.7092,0.7158,0.7326,1.167,o,,,,
152567,2001,34138.0,209.0,15.0,0.761,0.7858,0.791,0.8043,1.1168,o,,,,
152567,2002,37041.0,220.0,17.0,0.7403,0.7371,0.7364,0.7348,0.9852,o,286.0,,27629.0,
152567,2003,35897.0,304.0,19.0,1.048,1.016,1.0095,0.9935,0.8987,o,334.0,,28736.0,567.0
152567,2004,34729.0,220.0,18.0,0.7913,0.7805,0.7783,0.7728,0.9538,o,300.0,,29850.0,582.0
152567,2005,33989.0,216.0,23.0,0.8032,0.8165,0.8193,0.8263,1.0584,o,305.0,,31000.0,641.0
152567,2006,33661.0,200.0,21.0,0.7504,0.7511,0.7513,0.7517,1.0033,o,326.0,65.0,31473.0,650.0
152567,2007,35034.0,186.0,38.0,0.7022,0.7058,0.7065,0.7084,1.0177,o,417.0,62.0,32077.0,619.0
152567,2008,38886.0,204.0,26.0,0.6696,0.7012,0.7079,0.7249,1.1719,o,435.0,55.0,32559.0,661.0
152567,2009,39493.0,225.0,15.0,0.7065,0.7802,0.7964,0.8384,1.4083,o,458.0,64.0,33740.0,681.0
152567,2010,48973.0,232.0,19.0,0.5918,0.6545,0.6682,0.704,1.4152,o,415.0,83.0,34594.0,598.0
152567,2011,48266.0,244.0,3.0,0.6104,0.6396,0.6458,0.6616,1.175,o,422.0,40.0,35457.0,671.0
152567,2012,48915.0,272.0,0.0,0.6673,0.6639,0.6631,0.6614,0.9824,o,468.0,34.0,36369.0,694.0
152567,2013,51295.0,295.0,1.0,0.6913,0.6906,0.6905,0.6901,0.9966,o,372.0,31.0,37149.0,650.0
152567,2014,49709.0,312.0,4.0,0.758,0.7496,0.7479,0.7435,0.9622,o,523.0,94.0,37983.0,692.0
152567,2015,59354.0,264.0,6.0,0.5398,0.5504,0.5526,0.5582,1.0693,o,470.0,79.0,38642.0,652.0
152567,2016,63024.0,333.0,1.0,0.635,0.6555,0.6598,0.6707,1.1157,o,461.0,57.0,39347.0,719.0
152567,2018,74913.0,362.0,4.0,0.5831,0.6129,0.6193,0.6354,1.1877,o,641.0,63.0,39307.0,634.0
152567,2019,77101.0,382.0,10.0,0.6023,0.6429,0.6516,0.6739,1.2518,o,618.0,75.0,39261.0,602.0
152567,2020,78617.0,404.0,6.0,0.6212,0.6781,0.6905,0.7224,1.3523,o,632.0,72.0,39436.0,638.0
152567,2021,80866.0,453.0,11.0,0.6804,0.7131,0.7201,0.7378,1.1759,o,643.0,66.0,39091.0,675.0
152567,2022,82599.0,478.0,13.0,0.7039,0.7091,0.7102,0.7129,1.0257,o,653.0,60.0,37497.0,708.0
152567,2023,82654.0,489.0,12.0,0.7187,0.7247,0.726,0.7291,1.0294,o,683.0,88.0,36116.0,1087.0
152567,2024,86673.0,483.0,11.0,0.6763,0.6895,0.6923,0.6992,1.0688,o,641.0,80.0,35600.0,1283.0
152600,1998,84566.0,529.0,0.0,0.7507,0.8097,0.8225,0.8554,1.2984,o,,,,
152600,1999,92742.0,534.0,0.0,0.6909,0.7228,0.7296,0.7469,1.1684,o,,,,
152600,2000,93166.0,627.0,0.0,0.8076,0.821,0.8238,0.8308,1.0583,o,,,,
152600,2001,86836.0,635.0,3.0,0.8796,0.8908,0.8931,0.899,1.0446,o,,,,
152600,2002,86831.0,631.0,3.0,0.8741,0.8627,0.8604,0.8546,0.9558,o,717.0,,32392.0,
152600,2003,87155.0,630.0,2.0,0.8688,0.853,0.8498,0.8418,0.9388,o,795.0,,33362.0,669.0
152600,2004,88786.0,669.0,3.0,0.9062,0.9124,0.9137,0.9169,1.0237,o,759.0,,34225.0,750.0
152600,2005,91457.0,654.0,2.0,0.8594,0.8847,0.8901,0.9035,1.1053,o,673.0,,34928.0,751.0
152600,2006,90407.0,635.0,3.0,0.8448,0.854,0.8559,0.8606,1.0377,o,762.0,,35446.0,764.0
152600,2007,90674.0,691.0,5.0,0.9178,0.904,0.9012,0.8941,0.9491,o,715.0,96.0,36296.0,770.0
152600,2008,87381.0,665.0,21.0,0.9277,0.9141,0.9113,0.9044,0.9504,o,656.0,119.0,36876.0,679.0
152600,2009,87548.0,622.0,1.0,0.8532,0.8425,0.8403,0.8349,0.9574,o,671.0,124.0,38776.0,744.0
152600,2010,87472.0,638.0,0.0,0.8753,0.8556,0.8516,0.8417,0.9247,o,692.0,165.0,40483.0,762.0
152600,2011,87538.0,645.0,4.0,0.8869,0.8665,0.8623,0.852,0.9228,o,698.0,168.0,41295.0,766.0
152600,2012,87360.0,633.0,1.0,0.8702,0.8737,0.8744,0.8762,1.0139,o,772.0,192.0,42234.0,787.0
152600,2013,92138.0,618.0,2.0,0.8062,0.8305,0.8356,0.8485,1.1078,o,876.0,173.0,43112.0,776.0
152600,2014,100885.0,617.0,4.0,0.7363,0.778,0.7869,0.8096,1.2091,o,714.0,192.0,44079.0,756.0
152600,2015,101719.0,710.0,1.0,0.8382,0.8715,0.8786,0.8965,1.1439,o,742.0,173.0,45378.0,724.0
152600,2016,98482.0,738.0,3.0,0.9011,0.8986,0.8981,0.8968,0.9905,o,862.0,195.0,46879.0,714.0
152600,2017,102162.0,832.0,2.0,0.9784,0.9708,0.9692,0.9653,0.9733,o,807.0,227.0,47741.0,652.0
152600,2018,100323.0,685.0,0.0,0.8194,0.831,0.8334,0.8395,1.0497,o,756.0,191.0,48305.0,639.0
152600,2019,99360.0,783.0,1.0,0.9463,0.9659,0.97,0.9804,1.0735,o,647.0,143.0,49125.0,602.0
152600,2020,92415.0,806.0,1.0,1.0472,1.0074,0.9993,0.9794,0.8747,o,637.0,144.0,50265.0,636.0
152600,2021,85041.0,700.0,0.0,0.9878,0.9154,0.9011,0.8664,0.7693,o,601.0,122.0,50525.0,605.0
152600,2022,77913.0,661.0,1.0,1.0188,0.9522,0.939,0.9067,0.7921,o,604.0,128.0,49143.0,578.0
152600,2023,72539.0,617.0,1.0,1.0215,0.9774,0.9685,0.9467,0.8589,o,596.0,104.0,46371.0,523.0
152600,2024,71408.0,573.0,2.0,0.9646,0.9459,0.942,0.9325,0.9346,o,534.0,102.0,46588.0,498.0
152637,1998,210366.0,0.0,1741.0,0.4966,0.4945,0.4892,0.4869,0.9419,o,,,,
152637,1999,188747.0,0.0,1212.0,0.3853,0.3826,0.3759,0.373,0.9065,o,,,,
152637,2000,100584.0,0.0,1039.0,0.6198,0.6212,0.6247,0.6263,1.0323,o,,,,
152637,2001,205213.0,0.0,849.0,0.2482,0.2483,0.2485,0.2486,1.0048,o,,,,
152637,2002,202843.0,0.0,1035.0,0.3061,0.324,0.375,0.4002,2.2514,o,3710.0,,4968.0,
152637,2003,207837.0,0.0,1121.0,0.3236,0.3136,0.2892,0.279,0.6381,o,3558.0,,5542.0,130.0
152637,2004,216488.0,0.0,1222.0,0.3387,0.3269,0.2985,0.2867,0.6037,o,4403.0,,5444.0,121.0
152637,2005,234829.0,0.0,1228.0,0.3138,0.318,0.3292,0.3343,1.2116,o,3165.0,,5574.0,113.0
152637,2006,211676.0,0.0,1124.0,0.3186,0.3135,0.3009,0.2954,0.7951,o,3290.0,481.0,5544.0,179.0
152637,2007,214913.0,26.0,1178.0,0.3434,0.34,0.3316,0.3279,0.8694,o,2900.0,395.0,5667.0,162.0
152637,2008,234082.0,24.0,1201.0,0.3201,0.3178,0.3117,0.309,0.8985,o,3110.0,432.0,5815.0,153.0
152637,2009,261740.0,59.0,1303.0,0.3257,0.3259,0.3261,0.3263,1.0048,o,4196.0,519.0,6337.0,146.0
152637,2010,299788.0,77.0,1264.0,0.2838,0.2905,0.3085,0.3169,1.3963,o,4157.0,411.0,6318.0,139.0
152637,2011,313445.0,91.0,1256.0,0.2753,0.2778,0.2843,0.2873,1.138,o,3071.0,411.0,6405.0,137.0
152637,2012,303807.0,108.0,1396.0,0.3184,0.3116,0.2948,0.2876,0.7353,o,2644.0,431.0,6443.0,132.0
152637,2013,296289.0,132.0,1684.0,0.3945,0.3859,0.3648,0.3558,0.7316,o,3039.0,440.0,6526.0,123.0
152637,2014,289972.0,101.0,1813.0,0.4169,0.4187,0.4234,0.4255,1.0635,o,3089.0,331.0,6608.0,126.0
152637,2015,300337.0,153.0,1707.0,0.4021,0.4045,0.4106,0.4134,1.0871,o,2889.0,386.0,6754.0,123.0
152637,2016,293233.0,165.0,1724.0,0.4203,0.4186,0.4141,0.4122,0.9429,o,2620.0,410.0,6968.0,130.0
152637,2017,282814.0,158.0,1899.0,0.4699,0.4656,0.4547,0.4499,0.8765,o,2342.0,379.0,7107.0,127.0
152637,2018,271738.0,177.0,1743.0,0.463,0.4578,0.4446,0.4389,0.8502,o,2193.0,273.0,7150.0,114.0
152637,2019,251013.0,187.0,1611.0,0.4745,0.4704,0.4601,0.4555,0.8839,o,1602.0,278.0,7202.0,113.0
152637,2020,245441.0,189.0,1527.0,0.4657,0.4545,0.427,0.4152,0.7065,o,1374.0,200.0,7301.0,106.0
152637,2021,227680.0,171.0,1443.0,0.4704,0.4599,0.4339,0.4229,0.7241,o,1291.0,210.0,7296.0,119.0
152637,2022,225619.0,202.0,1481.0,0.5013,0.4963,0.4838,0.4783,0.8676,o,1190.0,189.0,7075.0,96.0
152637,2023,234163.0,169.0,1427.0,0.4522,0.4487,0.4396,0.4357,0.8931,o,1226.0,204.0,6888.0,84.0
152637,2024,248009.0,176.0,1380.0,0.419,0.4187,0.4178,0.4174,0.9883,o,1292.0,192.0,6886.0,77.0
152673,1998,28480.0,183.0,0.0,0.7711,0.7683,0.7677,0.7663,0.9878,o,,,,
152673,1999,27908.0,160.0,0.0,0.688,0.6862,0.6859,0.685,0.9913,o,,,,
152673,2000,30228.0,179.0,0.0,0.7106,0.7284,0.7322,0.7416,1.0892,o,,,,
152673,2001,30524.0,178.0,0.0,0.6998,0.7177,0.7214,0.7309,1.0909,o,,,,
152673,2002,31512.0,147.0,0.0,0.5598,0.5637,0.5645,0.5665,1.0241,o,270.0,,32727.0,
152673,2003,32396.0,211.0,0.0,0.7816,0.7767,0.7757,0.7732,0.9786,o,239.0,,33710.0,442.0
152673,2004,30296.0,181.0,0.0,0.7169,0.7093,0.7078,0.7039,0.964,o,249.0,,34542.0,457.0
152673,2005,29812.0,163.0,0.0,0.6561,0.6641,0.6658,0.67,1.0427,o,249.0,,35201.0,473.0
152673,2006,30572.0,203.0,0.0,0.7968,0.795,0.7946,0.7936,0.992,o,268.0,,35780.0,480.0
152673,2007,31012.0,160.0,0.0,0.6191,0.6219,0.6225,0.624,1.0157,o,250.0,3.0,36814.0,480.0
152673,2008,27600.0,204.0,0.0,0.887,0.9024,0.9057,0.9138,1.0615,o,253.0,3.0,38559.0,592.0
152673,2009,28388.0,196.0,0.0,0.8285,0.8309,0.8314,0.8327,1.01,o,247.0,9.0,40502.0,577.0
152673,2010,28274.0,204.0,0.0,0.8658,0.8575,0.8557,0.8515,0.9671,o,247.0,7.0,42528.0,546.0
152673,2011,28238.0,171.0,0.0,0.7267,0.7168,0.7147,0.7096,0.9537,o,293.0,9.0,43344.0,605.0
152673,2012,29320.0,187.0,0.0,0.7653,0.7813,0.7846,0.793,1.0736,o,252.0,7.0,44152.0,624.0
152673,2013,29440.0,189.0,0.0,0.7704,0.7899,0.794,0.8043,1.09,o,241.0,4.0,45384.0,635.0
152673,2014,27330.0,172.0,0.0,0.7552,0.7548,0.7547,0.7544,0.998,o,256.0,4.0,46936.0,693.0
152673,2015,29982.0,229.0,0.0,0.9165,0.8948,0.8903,0.8793,0.9204,o,240.0,8.0,49281.0,674.0
152673,2016,28368.0,195.0,0.0,0.8249,0.8026,0.7981,0.7869,0.9101,o,215.0,6.0,51832.0,674.0
152673,2017,27746.0,189.0,0.0,0.8174,0.7986,0.7948,0.7853,0.9229,o,232.0,14.0,52330.0,634.0
152673,2018,28324.0,199.0,0.0,0.8431,0.8176,0.8124,0.7996,0.8994,o,274.0,9.0,52655.0,566.0
152673,2019,28860.0,198.0,0.0,0.8233,0.8281,0.8291,0.8315,1.0202,o,229.0,6.0,53262.0,543.0
152673,2020,26130.0,177.0,0.0,0.8129,0.8368,0.8419,0.8547,1.1055,o,240.0,9.0,53751.0,547.0
152673,2021,26478.0,178.0,0.0,0.8067,0.818,0.8204,0.8263,1.0492,o,210.0,8.0,53518.0,504.0
152673,2022,24894.0,221.0,0.0,1.0653,1.0297,1.0225,1.0046,0.8893,o,258.0,7.0,50299.0,463.0
152673,2023,27120.0,175.0,0.0,0.7743,0.7583,0.755,0.7469,0.9304,o,229.0,6.0,49144.0,392.0
152673,2024,27560.0,184.0,0.0,0.8012,0.81,0.8118,0.8164,1.0384,o,256.0,4.0,49125.0,400.0
152734,1999,912.0,3.0,2.0,0.5263,0.6713,0.7059,0.8006,2.3138,i,,,,
243780,1998,885014.0,5224.0,759.0,0.7598,0.7811,0.7911,0.8049,1.1223,o,,,,
243780,1999,917460.0,5245.0,676.0,0.7302,0.75,0.7592,0.7719,1.1175,o,,,,
243780,2000,932950.0,5470.0,858.0,0.7588,0.7742,0.7814,0.7913,1.0877,o,,,,
243780,2001,942835.0,5623.0,785.0,0.7656,0.7727,0.776,0.7805,1.0392,o,,,,
243780,2002,954116.0,5855.0,853.0,0.79,0.7879,0.787,0.7857,0.989,o,6379.0,,7213.0,
243780,2003,946254.0,6049.0,865.0,0.822,0.8108,0.8057,0.7988,0.9446,o,6505.0,,9482.0,414.0
243780,2004,942564.0,6242.0,782.0,0.8445,0.8349,0.8306,0.8247,0.9538,o,6865.0,,9718.0,451.0
243780,2005,937979.0,6270.0,690.0,0.8463,0.8496,0.8512,0.8533,1.0166,o,7252.0,,9806.0,479.0
243780,2006,945442.0,6018.0,680.0,0.807,0.8226,0.8299,0.8399,1.0832,o,7537.0,,10062.0,494.0
243780,2007,962595.0,5927.0,588.0,0.7755,0.8016,0.8139,0.8309,1.1479,o,6914.0,1293.0,10732.0,496.0
243780,2008,961454.0,6034.0,575.0,0.789,0.8039,0.8108,0.8203,1.0809,o,7028.0,1343.0,10852.0,512.0
243780,2009,961150.0,6064.0,512.0,0.7891,0.7867,0.7856,0.7841,0.9876,o,6209.0,1734.0,11151.0,547.0
243780,2010,954780.0,6385.0,366.0,0.8255,0.8038,0.7941,0.781,0.8951,o,6513.0,1578.0,12348.0,581.0
243780,2011,948465.0,7049.0,362.0,0.9147,0.8872,0.8748,0.8583,0.8804,o,6820.0,1420.0,12661.0,613.0
243780,2012,947749.0,7064.0,406.0,0.9201,0.9103,0.9058,0.8998,0.9563,o,6474.0,1168.0,12896.0,654.0
243780,2013,923271.0,7058.0,93.0,0.9234,0.9243,0.9248,0.9254,1.0043,o,6422.0,971.0,13234.0,680.0
243780,2014,904399.0,7055.0,73.0,0.9409,0.944,0.9454,0.9473,1.0137,o,6569.0,930.0,13155.0,676.0
243780,2015,898065.0,7182.0,67.0,0.9641,0.9581,0.9554,0.9517,0.9743,o,7013.0,1056.0,13057.0,694.0
243780,2016,907039.0,7072.0,63.0,0.9398,0.9446,0.9469,0.9499,1.0217,o,7443.0,1074.0,12967.0,701.0
243780,2017,923381.0,7045.0,54.0,0.9191,0.9446,0.9565,0.9731,1.121,o,7728.0,1329.0,12750.0,698.0
243780,2018,956749.0,7004.0,43.0,0.8812,0.9146,0.9303,0.9522,1.1678,o,8491.0,1137.0,12453.0,680.0
243780,2019,1005278.0,7277.0,48.0,0.8715,0.9094,0.9274,0.9524,1.1942,o,8195.0,1167.0,12192.0,689.0
243780,2020,1039471.0,7688.0,61.0,0.891,0.9223,0.9369,0.9573,1.1543,o,8982.0,1036.0,12010.0,677.0
243780,2021,1069645.0,8130.0,50.0,0.9149,0.9426,0.9555,0.9735,1.1322,o,10278.0,1000.0,11663.0,663.0
243780,2022,1136727.0,8467.0,51.0,0.8965,0.9343,0.9521,0.977,1.1875,o,9447.0,1042.0,10962.0,659.0
243780,2023,1163052.0,8433.0,61.0,0.8732,0.909,0.9259,0.9494,1.1821,o,9381.0,1084.0,10343.0,638.0
243780,2024,1208251.0,9078.0,70.0,0.9051,0.9252,0.9346,0.9476,1.0961,o,11467.0,3096.0,9992.0,617.0
251251,1998,5920.0,12.0,130.0,1.5608,1.5608,1.5608,1.5608,,-,,,,
251251,2000,9936.0,17.0,100.0,0.8092,0.8092,0.8092,0.8092,,-,,,,
251251,2001,12099.0,22.0,90.0,0.6645,0.6645,0.6645,0.6645,,-,,,,
251251,2002,9615.0,23.0,119.0,1.0297,1.0297,1.0297,1.0297,,-,107.0,,18964.0,
251251,2003,11393.0,19.0,97.0,0.7109,0.7109,0.7109,0.7109,,-,71.0,,20188.0,727.0
251251,2004,11542.0,13.0,115.0,0.733,0.733,0.733,0.733,,-,91.0,,20716.0,801.0
251251,2005,9869.0,14.0,114.0,0.8633,0.8633,0.8633,0.8633,,-,63.0,,21807.0,909.0
251251,2006,8091.0,10.0,79.0,0.7342,0.7342,0.7342,0.7342,,-,75.0,45.0,22118.0,986.0
251251,2007,11909.0,15.0,73.0,0.5189,0.5189,0.5189,0.5189,,-,78.0,17.0,22504.0,733.0
251251,2008,12512.0,13.0,86.0,0.5371,0.5371,0.5371,0.5371,,-,72.0,19.0,22828.0,825.0
251251,2009,13008.0,32.0,86.0,0.6919,0.6919,0.6919,0.6919,,-,83.0,47.0,23533.0,842.0
251251,2010,15351.0,37.0,110.0,0.7192,0.7192,0.7192,0.7192,,-,67.0,29.0,24513.0,814.0
251251,2011,15511.0,17.0,97.0,0.5067,0.5067,0.5067,0.5067,,-,26.0,35.0,25194.0,904.0
251251,2012,13332.0,27.0,157.0,0.9496,0.9496,0.9496,0.9496,,-,37.0,15.0,24556.0,996.0
251251,2013,10660.0,19.0,111.0,0.8386,0.8386,0.8386,0.8386,,-,24.0,,24126.0,990.0
251251,2014,7731.0,14.0,92.0,0.9313,0.9313,0.9313,0.9313,,-,46.0,1.0,23762.0,946.0
251251,2015,5889.0,12.0,80.0,1.0597,1.0597,1.0597,1.0597,,-,24.0,2.0,23561.0,837.0
404949,1998,38556.0,37.0,9.0,0.1292,0.1461,0.1499,0.1598,1.53,i,,,,
404949,2001,57367.0,36.0,7.0,0.0826,0.1066,0.1124,0.1282,2.4066,i,,,,
404949,2002,46967.0,79.0,12.0,0.2172,0.3054,0.3277,0.3908,3.2389,i,1006.0,,3889.0,
404949,2003,58787.0,99.0,9.0,0.2113,0.2782,0.2945,0.3395,2.5819,i,1092.0,,,
404949,2004,56622.0,71.0,6.0,0.1568,0.1803,0.1856,0.1995,1.6187,i,961.0,,,
404949,2005,64162.0,73.0,13.0,0.1487,0.1582,0.1603,0.1656,1.2397,o,1014.0,,,
404949,2007,13250.0,63.0,2.0,0.5796,0.5547,0.5497,0.5374,0.8595,i,,,4469.0,
408039,1998,3315.0,0.0,50.0,0.9049,0.9049,0.9049,0.9049,,-,,,,
408039,1999,4056.0,0.0,35.0,0.5178,0.5178,0.5178,0.5178,,-,,,,
408039,2002,15168.0,0.0,80.0,0.3165,0.3165,0.3165,0.3165,,-,474.0,,10352.0,
408039,2003,14848.0,0.0,74.0,0.299,0.299,0.299,0.299,,-,499.0,,10155.0,419.0
408039,2004,19200.0,0.0,135.0,0.4219,0.4219,0.4219,0.4219,,-,287.0,,9910.0,351.0
408039,2005,22592.0,0.0,195.0,0.5179,0.5179,0.5179,0.5179,,-,209.0,,9793.0,372.0
408039,2006,26304.0,0.0,182.0,0.4151,0.4151,0.4151,0.4151,,-,313.0,,10040.0,345.0
408039,2009,42089.0,0.0,183.0,0.2609,0.2609,0.2609,0.2609,,-,293.0,,16425.0,451.0
408039,2010,57045.0,8.0,276.0,0.3071,0.3071,0.3071,0.3071,,-,384.0,,19281.0,341.0
408039,2011,54791.0,18.0,412.0,0.4906,0.4906,0.4906,0.4906,,-,338.0,21.0,15013.0,350.0
408039,2012,38599.0,26.0,413.0,0.7228,0.7228,0.7228,0.7228,,-,143.0,130.0,15114.0,427.0
408039,2013,26421.0,25.0,382.0,0.9811,0.9811,0.9811,0.9811,,-,76.0,101.0,16074.0,455.0
408039,2014,16680.0,20.0,166.0,0.741,0.741,0.741,0.741,,-,58.0,73.0,15949.0,479.0
408039,2015,12519.0,7.0,146.0,0.7669,0.7669,0.7669,0.7669,,-,24.0,51.0,15826.0,452.0
408039,2017,3209.0,4.0,72.0,1.4956,1.4956,1.4956,1.4956,,-,7.0,11.0,,1066.0
414850,1998,4645.0,0.0,0.0,0.0,0.0,0.0,0.0,,-,,,,
414850,1999,7471.0,0.0,58.0,0.4658,0.4658,0.4658,0.4658,,-,,,,
414850,2000,9755.0,0.0,61.0,0.3752,0.3752,0.3752,0.3752,,-,,,,
414850,2001,12341.0,0.0,114.0,0.5543,0.5543,0.5543,0.5543,,-,,,,
414850,2002,17737.0,0.0,96.0,0.3248,0.3248,0.3248,0.3248,,-,130.0,,12602.0,
414850,2003,22785.0,0.0,129.0,0.3397,0.3397,0.3397,0.3397,,-,108.0,,13204.0,342.0
414850,2004,25593.0,0.0,191.0,0.4478,0.4478,0.4478,0.4478,,-,134.0,,13308.0,355.0
414850,2005,25648.0,0.0,163.0,0.3813,0.3813,0.3813,0.3813,,-,123.0,,14196.0,360.0
414850,2006,25016.0,0.0,176.0,0.4221,0.4221,0.4221,0.4221,,-,144.0,,14210.0,383.0
414850,2007,19630.0,0.0,196.0,0.5991,0.5991,0.5991,0.5991,,-,130.0,,14496.0,407.0
414850,2008,19046.0,0.0,147.0,0.4631,0.4631,0.4631,0.4631,,-,145.0,,16572.0,427.0
414850,2009,15970.0,0.0,194.0,0.7289,0.7289,0.7289,0.7289,,-,69.0,125.0,15496.0,546.0
414850,2010,16595.0,0.0,131.0,0.4736,0.4736,0.4736,0.4736,,-,110.0,45.0,16489.0,624.0
414850,2011,19487.0,0.0,153.0,0.4711,0.4711,0.4711,0.4711,,-,109.0,24.0,16940.0,515.0
414878,2000,2440.0,44.0,0.0,2.1639,1.5374,1.4325,1.2003,0.3077,o,,,,
414878,2001,1906.0,43.0,0.0,2.7072,1.5397,1.3701,1.0232,0.1429,o,,,,
414878,2002,2536.0,31.0,0.0,1.4669,1.1998,1.1509,1.0372,0.5,o,1.0,,10272.0,
414878,2003,2896.0,28.0,0.0,1.1602,1.1602,1.1602,1.1602,1.0,o,,,,
414878,2004,2980.0,34.0,0.0,1.3691,1.5742,1.6203,1.7416,1.618,i,5.0,,10348.0,
414878,2005,3180.0,45.0,0.0,1.6981,2.1921,2.311,2.6373,2.412,i,2.0,,10623.0,
414878,2006,3457.0,41.0,0.0,1.4232,1.674,1.7311,1.8827,1.75,o,3.0,43.0,10283.0,
414878,2007,4684.0,40.0,0.0,1.0248,1.1626,1.1933,1.2738,1.5451,i,4.0,28.0,9982.0,
414878,2008,4888.0,64.0,0.0,1.5712,1.5562,1.5531,1.5454,0.9674,i,1.0,35.0,10114.0,
414878,2009,4982.0,64.0,1.0,1.5536,1.4092,1.381,1.313,0.7143,o,4.0,27.0,10290.0,
414878,2010,4973.0,74.0,1.0,1.7977,1.7977,1.7977,1.7977,1.0,o,1.0,36.0,10224.0,
414878,2011,12801.0,117.0,10.0,1.1437,1.0373,1.0166,0.9666,0.7143,o,10.0,92.0,10553.0,
414878,2012,12923.0,149.0,12.0,1.4393,1.8091,1.8967,2.1348,2.2,o,4.0,91.0,12409.0,
414878,2013,12512.0,165.0,5.0,1.6065,2.1654,2.3034,2.6881,2.8,o,4.0,59.0,12673.0,
414878,2014,11560.0,145.0,9.0,1.5519,1.7785,1.8294,1.963,1.6,o,7.0,209.0,12955.0,
414878,2015,10718.0,142.0,5.0,1.6178,1.6178,1.6178,1.6178,1.0,o,3.0,79.0,13159.0,
414878,2016,12575.0,146.0,7.0,1.4266,1.294,1.2681,1.2057,0.7143,o,3.0,53.0,13379.0,
414878,2017,11528.0,164.0,3.0,1.7228,1.5849,1.5577,1.492,0.75,o,2.0,57.0,13503.0,
414878,2018,9303.0,165.0,5.0,2.1606,1.719,1.6396,1.4567,0.4545,o,3.0,37.0,13500.0,
414878,2019,7809.0,108.0,10.0,1.7365,1.4203,1.3624,1.2279,0.5,o,1.0,21.0,11685.0,
414878,2020,6588.0,97.0,7.0,1.8306,1.6275,1.5884,1.4947,0.6667,o,7.0,25.0,11510.0,
414878,2021,9552.0,80.0,16.0,1.1055,1.267,1.3032,1.3984,1.6,o,5.0,21.0,11177.0,
414878,2022,8943.0,76.0,15.0,1.1204,1.4443,1.5222,1.7358,2.4,o,6.0,18.0,10505.0,
414878,2023,11142.0,81.0,16.0,0.9585,1.2853,1.3658,1.5896,2.75,o,10.0,42.0,9913.0,
414878,2024,15570.0,108.0,11.0,0.8748,1.0695,1.1149,1.2371,2.0,o,31.0,133.0,9576.0,
423670,1998,12654.0,0.0,58.0,0.275,0.275,0.275,0.275,,-,,,,
423670,1999,7653.0,0.0,87.0,0.6821,0.6821,0.6821,0.6821,,-,,,,
423670,2000,8615.0,0.0,60.0,0.4179,0.4179,0.4179,0.4179,,-,,,,
423670,2001,8311.0,0.0,83.0,0.5992,0.5992,0.5992,0.5992,,-,,,,
423670,2002,9362.0,0.0,65.0,0.4166,0.4166,0.4166,0.4166,,-,133.0,,12602.0,
423670,2003,8679.0,0.0,69.0,0.477,0.477,0.477,0.477,,-,51.0,,13204.0,338.0
423670,2004,9085.0,0.0,54.0,0.3566,0.3566,0.3566,0.3566,,-,59.0,,13308.0,351.0
423670,2005,10596.0,0.0,83.0,0.47,0.47,0.47,0.47,,-,61.0,,14196.0,379.0
423670,2006,11157.0,0.0,95.0,0.5109,0.5109,0.5109,0.5109,,-,45.0,,14210.0,390.0
423670,2007,10958.0,0.0,83.0,0.4545,0.4545,0.4545,0.4545,,-,29.0,,14496.0,378.0
423670,2008,10277.0,0.0,71.0,0.4145,0.4145,0.4145,0.4145,,-,21.0,175.0,15738.0,403.0
423670,2009,6880.0,10.0,53.0,0.6366,0.6366,0.6366,0.6366,,-,22.0,27.0,15496.0,521.0
423670,2010,6101.0,8.0,47.0,0.6195,0.6195,0.6195,0.6195,,-,38.0,52.0,16489.0,565.0
423670,2011,8655.0,11.0,35.0,0.3952,0.3952,0.3952,0.3952,,-,33.0,51.0,16940.0,480.0
430102,1998,1692.0,0.0,0.0,0.0,0.0,0.0,0.0,,n,,,,
430102,2000,2629.0,19.0,0.0,0.8672,0.8672,0.8672,0.8672,,n,,,,
430102,2001,2581.0,27.0,0.0,1.2553,1.2553,1.2553,1.2553,,n,,,,
430102,2002,2859.0,22.0,0.0,0.9234,0.9234,0.9234,0.9234,,n,3.0,,10272.0,
430102,2003,3188.0,29.0,0.0,1.0916,0.7514,0.6955,0.5733,0.2759,o,2.0,,,
430102,2004,2981.0,26.0,0.0,1.0466,0.7106,0.6559,0.5369,0.2632,o,1.0,,10348.0,
430102,2005,3101.0,38.0,0.0,1.4705,0.9837,0.9052,0.7352,0.25,o,1.0,,10623.0,
430102,2006,2741.0,35.0,0.0,1.5323,1.025,0.9432,0.7661,0.25,o,5.0,28.0,10283.0,
430102,2007,3249.0,32.0,0.0,1.1819,1.2461,1.2598,1.2947,1.2,o,1.0,20.0,9982.0,
430102,2008,2464.0,31.0,1.0,1.5341,1.8756,1.9553,2.1695,2.0,o,,10.0,10114.0,
430102,2009,2068.0,25.0,0.0,1.4507,1.6679,1.7168,1.8453,1.618,i,5.0,36.0,10290.0,
430102,2010,2891.0,31.0,1.0,1.3075,1.3805,1.3961,1.4359,1.206,i,1.0,22.0,10224.0,
432214,2005,3237.0,6.0,0.0,0.2224,0.2224,0.2224,0.2224,,x,37.0,,18237.0,658.0
432214,2006,3038.0,12.0,0.0,0.474,0.474,0.474,0.474,,x,46.0,,18931.0,995.0
432214,2007,4234.0,29.0,0.0,0.8219,0.8219,0.8219,0.8219,,x,45.0,52.0,18814.0,1007.0
432214,2008,6528.0,30.0,0.0,0.5515,0.5515,0.5515,0.5515,,x,62.0,62.0,19052.0,783.0
432214,2009,9090.0,46.0,2.0,0.6205,0.6205,0.6205,0.6205,,x,76.0,113.0,20043.0,657.0
432214,2010,12420.0,53.0,5.0,0.5362,0.5362,0.5362,0.5362,,x,128.0,198.0,20859.0,705.0
438735,2004,3200.0,0.0,76.0,1.425,1.425,1.425,1.425,,-,92.0,,13433.0,668.0
438735,2016,7202.0,0.0,0.0,0.0,0.0,0.0,0.0,,-,21.0,,23332.0,629.0
438735,2017,8450.0,0.0,0.0,0.0,0.0,0.0,0.0,,-,19.0,,21362.0,560.0
438735,2018,6760.0,0.0,0.0,0.0,0.0,0.0,0.0,,-,19.0,,20884.0,672.0
438735,2019,7228.0,0.0,0.0,0.0,0.0,0.0,0.0,,-,18.0,,20447.0,566.0
438735,2020,7872.0,0.0,0.0,0.0,0.0,0.0,0.0,,-,22.0,,20141.0,583.0
438735,2021,9334.0,0.0,0.0,0.0,0.0,0.0,0.0,,-,15.0,,19559.0,655.0
438735,2022,8823.0,0.0,0.0,0.0,0.0,0.0,0.0,,-,13.0,,18383.0,641.0
438735,2023,9269.0,0.0,35.0,0.2266,0.2266,0.2266,0.2266,,-,24.0,,17346.0,479.0
438735,2024,9568.0,0.0,67.0,0.4202,0.4202,0.4202,0.4202,,-,30.0,,16757.0,440.0
438966,2000,1773.0,0.0,0.0,0.0,0.0,0.0,0.0,,-,,,,
438966,2001,5451.0,0.0,5.0,0.055,0.055,0.055,0.055,,-,,,,
438966,2002,8241.0,0.0,27.0,0.1966,0.1966,0.1966,0.1966,,-,52.0,,12602.0,
438966,2003,8541.0,0.0,57.0,0.4004,0.4004,0.4004,0.4004,,-,46.0,,13204.0,340.0
438966,2004,10039.0,0.0,62.0,0.3705,0.3705,0.3705,0.3705,,-,46.0,,13308.0,355.0
438966,2005,13069.0,0.0,87.0,0.3994,0.3994,0.3994,0.3994,,-,37.0,,14196.0,366.0
438966,2006,15830.0,0.0,115.0,0.4359,0.4359,0.4359,0.4359,,-,57.0,,14210.0,378.0
438966,2007,16026.0,0.0,126.0,0.4717,0.4717,0.4717,0.4717,,-,38.0,,14496.0,395.0
438966,2008,16633.0,0.0,116.0,0.4185,0.4185,0.4185,0.4185,,-,40.0,,15738.0,399.0
438966,2009,15679.0,4.0,99.0,0.4095,0.4095,0.4095,0.4095,,-,73.0,61.0,15496.0,519.0
438966,2010,16026.0,9.0,112.0,0.4867,0.4867,0.4867,0.4867,,-,74.0,286.0,16489.0,607.0
438966,2011,18923.0,12.0,147.0,0.5422,0.5422,0.5422,0.5422,,-,67.0,81.0,16940.0,510.0
439613,2001,3073.0,0.0,2.0,0.039,0.039,0.039,0.039,,n,,,,
439613,2002,3990.0,7.0,0.0,0.2105,0.2105,0.2105,0.2105,,n,22.0,,7137.0,
439613,2003,3738.0,4.0,3.0,0.1766,0.1766,0.1766,0.1766,,n,33.0,,9041.0,198.0
439613,2004,4800.0,6.0,8.0,0.25,0.25,0.25,0.25,,n,70.0,,9834.0,200.0
439613,2005,5547.0,7.0,4.0,0.1947,0.1947,0.1947,0.1947,,n,45.0,,10044.0,241.0
439613,2006,5588.0,16.0,11.0,0.4617,0.6227,0.6624,0.7733,2.8049,o,56.0,,10564.0,279.0
439613,2007,4415.0,53.0,7.0,1.5357,1.8317,1.8997,2.081,1.8364,o,58.0,9.0,10435.0,332.0
439613,2008,4150.0,28.0,4.0,0.8675,0.8934,0.8988,0.9126,1.1068,o,30.0,28.0,13872.0,390.0
439613,2009,4041.0,2.0,0.0,0.0594,0.055,0.0541,0.052,0.7652,o,37.0,28.0,16935.0,487.0
439613,2010,5020.0,36.0,2.0,0.8845,0.7852,0.7661,0.7204,0.6634,o,37.0,30.0,17468.0,471.0
439613,2011,5790.0,36.0,17.0,0.9223,0.8136,0.7928,0.7431,0.6491,o,36.0,37.0,17058.0,419.0
439613,2012,6889.0,44.0,19.0,0.9319,0.8828,0.8729,0.8488,0.8295,o,16.0,58.0,16627.0,333.0
439613,2013,5208.0,27.0,13.0,0.7719,0.7172,0.7064,0.68,0.7761,o,41.0,64.0,16509.0,397.0
439613,2014,5059.0,28.0,14.0,0.8302,0.7697,0.7577,0.7286,0.7703,o,28.0,23.0,16260.0,437.0
439613,2015,5279.0,26.0,14.0,0.7501,0.738,0.7355,0.7293,0.9452,o,14.0,21.0,16188.0,412.0
439613,2016,4654.0,21.0,16.0,0.7477,0.7028,0.6939,0.672,0.8077,o,8.0,10.0,16076.0,451.0
439613,2017,5430.0,32.0,26.0,0.9945,0.7546,0.7127,0.6178,0.386,o,17.0,14.0,15807.0,340.0
439613,2018,4058.0,25.0,13.0,0.9315,0.6939,0.6529,0.5607,0.3623,o,21.0,8.0,15454.0,419.0
439613,2019,3971.0,9.0,10.0,0.4231,0.411,0.4085,0.4024,0.9048,o,,,15131.0,
440244,2002,50342.0,0.0,155.0,0.1847,0.1847,0.1847,0.1847,,n,393.0,,3440.0,
440244,2003,58350.0,0.0,197.0,0.2026,0.2026,0.2026,0.2026,,n,396.0,,3847.0,90.0
440244,2004,63026.0,0.0,231.0,0.2199,0.2193,0.2177,0.217,0.96,o,482.0,,3927.0,98.0
440244,2005,64774.0,0.0,241.0,0.2232,0.2264,0.2347,0.2385,1.2218,o,610.0,,3958.0,103.0
440244,2006,74018.0,0.0,196.0,0.1589,0.1626,0.1725,0.1771,1.3895,o,992.0,230.0,4034.0,119.0
440244,2007,88348.0,0.0,309.0,0.2099,0.2188,0.2436,0.2556,1.8168,o,1313.0,242.0,4103.0,121.0
440244,2008,98095.0,0.0,339.0,0.2074,0.2146,0.2346,0.2441,1.6392,o,1392.0,414.0,4125.0,78.0
440244,2009,109169.0,0.0,380.0,0.2089,0.2116,0.2189,0.2223,1.2078,o,1065.0,407.0,4216.0,109.0
440244,2010,123786.0,0.0,339.0,0.1643,0.1616,0.1548,0.1519,0.7874,o,1451.0,347.0,4417.0,102.0
440244,2011,128856.0,0.0,477.0,0.2221,0.2247,0.2315,0.2347,1.1811,o,1114.0,359.0,4547.0,95.0
442897,2004,1724.0,4.0,0.0,0.2784,0.2784,0.2784,0.2784,,n,,,,
442897,2005,2190.0,24.0,0.0,1.3151,1.3151,1.3151,1.3151,,n,,,,
442897,2006,1998.0,35.0,0.0,2.1021,2.1021,2.1021,2.1021,,n,,13.0,,
442897,2007,2136.0,20.0,0.0,1.1236,1.1236,1.1236,1.1236,,n,,13.0,,
442897,2008,2590.0,19.0,0.0,0.8803,0.8803,0.8803,0.8803,,n,,16.0,,
442897,2009,3095.0,36.0,0.0,1.3958,1.3958,1.3958,1.3958,,n,,13.0,,
442897,2010,3024.0,38.0,0.0,1.5079,1.5079,1.5079,1.5079,,n,,18.0,13494.0,
442897,2011,3030.0,35.0,0.0,1.3861,1.3861,1.3861,1.3861,,n,,24.0,,
442897,2012,3542.0,43.0,0.0,1.4568,1.4568,1.4568,1.4568,,n,1.0,11.0,,
442897,2013,2971.0,41.0,0.0,1.656,1.656,1.656,1.656,,n,1.0,13.0,13769.0,
442897,2014,2431.0,35.0,0.0,1.7277,1.7277,1.7277,1.7277,,n,1.0,12.0,,
442897,2015,2079.0,26.0,0.0,1.5007,1.5007,1.5007,1.5007,,n,1.0,12.0,15235.0,
442897,2016,1801.0,25.0,0.0,1.6657,1.6657,1.6657,1.6657,,n,1.0,17.0,,
442897,2017,2053.0,22.0,0.0,1.2859,1.2859,1.2859,1.2859,1.0,o,1.0,8.0,,
442897,2018,1784.0,26.0,0.0,1.7489,1.7489,1.7489,1.7489,1.0,o,,1.0,,
443544,2006,11034.0,17.0,0.0,0.1849,0.1849,0.1849,0.1849,,x,41.0,53.0,15238.0,519.0
443544,2007,15090.0,30.0,0.0,0.2386,0.2386,0.2386,0.2386,,x,43.0,30.0,17891.0,456.0
443544,2008,7459.0,45.0,1.0,0.732,0.732,0.732,0.732,,x,33.0,20.0,16375.0,492.0
443544,2009,9150.0,60.0,0.0,0.7869,0.7869,0.7869,0.7869,,x,52.0,33.0,16964.0,392.0
443544,2010,8913.0,59.0,0.0,0.7943,0.7943,0.7943,0.7943,,x,36.0,11.0,13380.0,492.0
443544,2011,9989.0,44.0,0.0,0.5286,0.5286,0.5286,0.5286,,x,70.0,62.0,14574.0,392.0
443544,2012,13214.0,22.0,0.0,0.1998,0.1998,0.1998,0.1998,,x,74.0,55.0,14774.0,531.0
443544,2013,11265.0,19.0,0.0,0.2024,0.2024,0.2024,0.2024,,x,21.0,14.0,14491.0,520.0
443544,2014,9412.0,65.0,0.0,0.8287,0.8287,0.8287,0.8287,,x,,1.0,14256.0,324.0
443544,2015,5048.0,61.0,0.0,1.4501,1.4501,1.4501,1.4501,,x,,,13159.0,262.0
443544,2016,2187.0,41.0,0.0,2.2497,2.2497,2.2497,2.2497,,x,,,,205.0
447397,2007,6735.0,0.0,12.0,0.1069,0.1069,0.1069,0.1069,,-,67.0,,14496.0,403.0
447397,2008,7487.0,0.0,50.0,0.4007,0.4007,0.4007,0.4007,,-,61.0,74.0,15738.0,427.0
447397,2009,8412.0,0.0,78.0,0.5563,0.5563,0.5563,0.5563,,-,47.0,26.0,15496.0,539.0
447397,2010,8115.0,0.0,76.0,0.5619,0.5619,0.5619,0.5619,,-,35.0,31.0,16489.0,622.0
448345,2007,15810.0,0.0,0.0,0.0,0.0,0.0,0.0,,-,297.0,,20840.0,441.0
448345,2008,23417.0,0.0,5.0,0.0128,0.0128,0.0128,0.0128,,-,426.0,,22652.0,647.0
448345,2009,26092.0,12.0,16.0,0.092,0.092,0.092,0.092,,-,281.0,150.0,23441.0,818.0
448345,2010,31874.0,27.0,48.0,0.192,0.192,0.192,0.192,,-,410.0,161.0,24176.0,805.0
448345,2011,36523.0,105.0,67.0,0.4551,0.4551,0.4551,0.4551,,-,251.0,116.0,24312.0,780.0
448345,2012,32995.0,119.0,103.0,0.6201,0.6201,0.6201,0.6201,,-,199.0,117.0,23969.0,743.0
448345,2013,26403.0,101.0,90.0,0.6636,0.6636,0.6636,0.6636,,-,308.0,30.0,23549.0,724.0
448345,2014,26053.0,96.0,77.0,0.6195,0.6195,0.6195,0.6195,,-,256.0,64.0,19517.0,588.0
448345,2015,24418.0,73.0,87.0,0.5725,0.5725,0.5725,0.5725,,-,249.0,43.0,19352.0,493.0
448345,2016,23787.0,65.0,79.0,0.5272,0.5272,0.5272,0.5272,,-,171.0,59.0,19213.0,488.0
448345,2017,20691.0,77.0,82.0,0.6844,0.6844,0.6844,0.6844,,-,92.0,33.0,18892.0,466.0
448345,2018,15515.0,76.0,70.0,0.8585,0.8585,0.8585,0.8585,,-,,,18467.0,
448415,2006,9713.0,0.0,0.0,0.0,0.0,0.0,0.0,,-,97.0,,,115.0
448415,2007,16065.0,0.0,6.0,0.0224,0.0224,0.0224,0.0224,,-,56.0,,13891.0,277.0
448415,2008,21080.0,0.0,102.0,0.2903,0.2903,0.2903,0.2903,,-,65.0,,17809.0,335.0
448415,2009,29083.0,0.0,196.0,0.4044,0.4044,0.4044,0.4044,,-,93.0,,18387.0,355.0
448415,2010,44867.0,0.0,227.0,0.3036,0.3036,0.3036,0.3036,,-,56.0,18.0,18918.0,657.0
448415,2011,40085.0,0.0,549.0,0.8217,0.8217,0.8217,0.8217,,-,72.0,9.0,20149.0,1333.0
448415,2012,31020.0,0.0,350.0,0.677,0.677,0.677,0.677,,-,174.0,52.0,20111.0,
448549,2006,222.0,0.0,0.0,0.0,0.0,0.0,0.0,,x,4.0,17.0,,430.0
448549,2008,30.0,0.0,0.0,0.0,0.0,0.0,0.0,,x,,,16375.0,64.0
448549,2009,630.0,2.0,0.0,0.381,0.381,0.381,0.381,,x,27.0,10.0,16187.0,298.0
448549,2010,3765.0,1.0,0.0,0.0319,0.0319,0.0319,0.0319,,x,37.0,20.0,12591.0,440.0
448549,2011,2019.0,3.0,0.0,0.1783,0.1783,0.1783,0.1783,,x,,,13233.0,1197.0
449889,2019,1572.0,5.0,0.0,0.3817,0.3817,0.3817,0.3817,,-,,,,
449889,2021,1435.0,35.0,0.0,2.9268,2.9268,2.9268,2.9268,,-,,20.0,,
449889,2022,1817.0,38.0,0.0,2.5096,2.5096,2.5096,2.5096,,-,,56.0,,
449889,2023,3120.0,39.0,0.0,1.5,1.5,1.5,1.5,,-,,104.0,,
449889,2024,5591.0,111.0,0.0,2.3824,2.3824,2.3824,2.3824,,-,,117.0,,
450270,2009,8208.0,0.0,0.0,0.0,0.0,0.0,0.0,,-,137.0,12.0,23533.0,360.0
450270,2010,13209.0,0.0,36.0,0.1635,0.1635,0.1635,0.1635,,-,80.0,17.0,24513.0,701.0
450270,2011,14488.0,0.0,109.0,0.4514,0.4514,0.4514,0.4514,,-,47.0,13.0,25194.0,863.0
450270,2012,13276.0,13.0,126.0,0.687,0.687,0.687,0.687,,-,43.0,15.0,24556.0,923.0
450270,2013,11436.0,12.0,124.0,0.7765,0.7765,0.7765,0.7765,,-,37.0,5.0,24126.0,970.0
450270,2014,9068.0,11.0,93.0,0.7609,0.7609,0.7609,0.7609,,-,30.0,1.0,23762.0,912.0
450270,2015,5598.0,12.0,64.0,0.9432,0.9432,0.9432,0.9432,,-,21.0,,23561.0,920.0
450386,2008,3391.0,0.0,0.0,0.0,0.0,0.0,0.0,,-,39.0,33.0,15738.0,254.0
450386,2009,8101.0,0.0,7.0,0.0518,0.0518,0.0518,0.0518,,-,83.0,,15496.0,443.0
450386,2010,11124.0,0.0,50.0,0.2697,0.2697,0.2697,0.2697,,-,94.0,46.0,16489.0,586.0
450386,2011,13224.0,0.0,102.0,0.4628,0.4628,0.4628,0.4628,,-,70.0,12.0,16940.0,495.0
451228,2011,6000.0,0.0,0.0,0.0,0.0,0.0,0.0,,-,113.0,,,312.0
451228,2014,5140.0,0.0,0.0,0.0,0.0,0.0,0.0,,-,91.0,,,862.0
451228,2015,6150.0,0.0,0.0,0.0,0.0,0.0,0.0,,-,78.0,,,922.0
451228,2016,5346.0,0.0,0.0,0.0,0.0,0.0,0.0,,-,84.0,,,1072.0
451228,2017,7398.0,0.0,0.0,0.0,0.0,0.0,0.0,,-,87.0,,,704.0
451228,2018,10722.0,0.0,0.0,0.0,0.0,0.0,0.0,,-,110.0,,,598.0
451228,2019,12726.0,0.0,0.0,0.0,0.0,0.0,0.0,,-,91.0,,,566.0
451228,2020,9765.0,0.0,0.0,0.0,0.0,0.0,0.0,,-,101.0,,,667.0
451228,2021,10504.0,0.0,0.0,0.0,0.0,0.0,0.0,,-,47.0,7.0,,606.0
451228,2022,8797.0,0.0,0.0,0.0,0.0,0.0,0.0,,-,108.0,27.0,,502.0
451228,2024,50776.0,0.0,37.0,0.0437,0.0437,0.0437,0.0437,,-,363.0,615.0,,514.0
451699,2008,11424.0,0.0,0.0,0.0,0.0,0.0,0.0,,-,164.0,39.0,,73.0
451699,2009,42592.0,0.0,0.0,0.0,0.0,0.0,0.0,,-,170.0,,13726.0,190.0
451699,2010,39548.0,9.0,51.0,0.1047,0.1047,0.1047,0.1047,,-,391.0,,15336.0,396.0
451699,2011,48954.0,0.0,188.0,0.2304,0.2304,0.2304,0.2304,,-,215.0,187.0,15854.0,370.0
451699,2012,39671.0,16.0,311.0,0.5188,0.5188,0.5188,0.5188,,-,202.0,203.0,16021.0,434.0
451699,2013,32514.0,15.0,294.0,0.5979,0.5979,0.5979,0.5979,,-,114.0,166.0,16940.0,473.0
451699,2014,24246.0,22.0,156.0,0.4949,0.4949,0.4949,0.4949,,-,114.0,228.0,16802.0,480.0
451699,2015,25344.0,15.0,120.0,0.3551,0.3551,0.3551,0.3551,,-,73.0,75.0,16672.0,443.0
451699,2017,6271.0,16.0,131.0,1.5596,1.5596,1.5596,1.5596,,-,55.0,,,1300.0
456357,2009,22235.0,0.0,30.0,0.081,0.081,0.081,0.081,,-,71.0,,,
456357,2010,26037.0,0.0,261.0,0.6014,0.6014,0.6014,0.6014,,-,60.0,15.0,18918.0,
456357,2011,23766.0,0.0,255.0,0.6438,0.6438,0.6438,0.6438,,-,50.0,5.0,20149.0,
456357,2012,20322.0,0.0,221.0,0.6525,0.6525,0.6525,0.6525,,-,100.0,5.0,20111.0,
456357,2013,33735.0,0.0,351.0,0.6243,0.6243,0.6243,0.6243,,-,79.0,,20918.0,
456357,2014,30160.0,0.0,363.0,0.7221,0.7221,0.7221,0.7221,,-,79.0,,,
456366,2010,17775.0,0.0,37.0,0.1249,0.1249,0.1249,0.1249,,-,39.0,,18918.0,
456366,2011,17905.0,0.0,183.0,0.6132,0.6132,0.6132,0.6132,,-,55.0,,20149.0,
456366,2012,17628.0,0.0,132.0,0.4493,0.4493,0.4493,0.4493,,-,82.0,7.0,20111.0,
456506,2009,2100.0,0.0,0.0,0.0,0.0,0.0,0.0,,-,33.0,4.0,,159.0
456506,2013,7785.0,0.0,0.0,0.0,0.0,0.0,0.0,,-,40.0,,,212.0
456506,2014,7142.0,0.0,0.0,0.0,0.0,0.0,0.0,,-,25.0,,,388.0
456506,2015,6524.0,0.0,0.0,0.0,0.0,0.0,0.0,,-,37.0,,,342.0
456506,2016,6106.0,0.0,0.0,0.0,0.0,0.0,0.0,,-,32.0,4.0,,384.0
456506,2017,6060.0,0.0,2.0,0.0198,0.0198,0.0198,0.0198,,-,42.0,,,352.0
456506,2018,6870.0,0.0,0.0,0.0,0.0,0.0,0.0,,-,49.0,,,315.0
456506,2019,6330.0,0.0,1.0,0.0095,0.0095,0.0095,0.0095,,-,47.0,,,322.0
456506,2020,7290.0,0.0,0.0,0.0,0.0,0.0,0.0,,-,68.0,,,307.0
456506,2021,8430.0,0.0,0.0,0.0,0.0,0.0,0.0,,-,46.0,,,296.0
456506,2022,5160.0,0.0,0.0,0.0,0.0,0.0,0.0,,-,35.0,,,226.0
456506,2023,4770.0,0.0,0.0,0.0,0.0,0.0,0.0,,-,66.0,,,249.0
456506,2024,6870.0,0.0,0.0,0.0,0.0,0.0,0.0,,-,113.0,,,259.0
457226,2019,759.0,4.0,0.0,0.6324,0.8276,0.875,1.0056,2.5284,i,8.0,6.0,11348.0,163.0
457226,2020,954.0,3.0,1.0,0.4403,0.692,0.7599,0.9602,4.7568,i,6.0,5.0,11178.0,218.0
457226,2021,863.0,7.0,0.0,0.9733,1.3518,1.4469,1.7149,3.1041,i,6.0,4.0,10855.0,224.0
457226,2022,826.0,5.0,0.0,0.7264,0.8297,0.8529,0.9136,1.582,i,5.0,12.0,10202.0,217.0
457226,2024,1268.0,4.0,3.0,0.5205,0.6158,0.6376,0.6956,1.7857,o,12.0,9.0,9840.0,203.0
458283,2010,29522.0,0.0,0.0,0.0,0.0,0.0,0.0,,-,126.0,47.0,,298.0
458283,2011,25990.0,0.0,14.0,0.0323,0.0323,0.0323,0.0323,,-,78.0,44.0,,518.0
458283,2012,21700.0,0.0,27.0,0.0747,0.0747,0.0747,0.0747,,-,66.0,40.0,,411.0
458283,2013,19657.0,0.0,9.0,0.0275,0.0275,0.0275,0.0275,,-,94.0,56.0,,364.0
458283,2014,22772.0,0.0,21.0,0.0553,0.0553,0.0553,0.0553,,-,103.0,68.0,,382.0
458283,2015,28262.0,0.0,3.0,0.0064,0.0064,0.0064,0.0064,,-,107.0,65.0,,324.0
458283,2017,19870.0,0.0,4.0,0.0121,0.0121,0.0121,0.0121,,-,78.0,39.0,,420.0
458283,2018,18302.0,0.0,2.0,0.0066,0.0066,0.0066,0.0066,,-,,,,
458681,2012,8160.0,0.0,2.0,0.0147,0.0147,0.0147,0.0147,,-,33.0,10.0,27154.0,323.0
458681,2013,7260.0,0.0,5.0,0.0413,0.0413,0.0413,0.0413,,-,34.0,11.0,26678.0,493.0
458681,2014,8370.0,0.0,30.0,0.2151,0.2151,0.2151,0.2151,,-,27.0,37.0,26275.0,404.0
458681,2015,10350.0,0.0,9.0,0.0522,0.0522,0.0522,0.0522,,-,31.0,33.0,26053.0,420.0
458681,2016,11760.0,0.0,38.0,0.1939,0.1939,0.1939,0.1939,,-,15.0,52.0,25873.0,451.0
458681,2017,12480.0,0.0,53.0,0.2548,0.2548,0.2548,0.2548,,-,27.0,47.0,25441.0,455.0
458681,2018,14790.0,0.0,32.0,0.1298,0.1298,0.1298,0.1298,,-,30.0,29.0,25050.0,462.0
458681,2019,16440.0,0.0,53.0,0.1934,0.1934,0.1934,0.1934,,-,49.0,58.0,17905.0,443.0
458681,2020,17250.0,0.0,52.0,0.1809,0.1809,0.1809,0.1809,,-,31.0,45.0,17637.0,425.0
458681,2021,17160.0,0.0,22.0,0.0769,0.0769,0.0769,0.0769,,-,18.0,33.0,17494.0,402.0
458681,2022,13350.0,0.0,48.0,0.2157,0.2157,0.2157,0.2157,,-,27.0,36.0,16155.0,366.0
458681,2023,12510.0,0.0,28.0,0.1343,0.1343,0.1343,0.1343,,-,33.0,29.0,14939.0,366.0
458681,2024,14250.0,0.0,19.0,0.08,0.08,0.08,0.08,,-,75.0,35.0,14116.0,343.0
459587,2011,7828.0,0.0,0.0,0.0,0.0,0.0,0.0,,-,37.0,36.0,25194.0,501.0
459587,2012,10379.0,0.0,47.0,0.2717,0.2717,0.2717,0.2717,,-,27.0,29.0,24556.0,788.0
459587,2013,10077.0,0.0,108.0,0.6431,0.6431,0.6431,0.6431,,-,41.0,,24126.0,861.0
459587,2014,11222.0,4.0,96.0,0.5561,0.5561,0.5561,0.5561,,-,46.0,2.0,23762.0,736.0
459587,2015,10260.0,17.0,106.0,0.8187,0.8187,0.8187,0.8187,,-,26.0,1.0,23561.0,782.0
475741,2013,2910.0,0.0,0.0,0.0,0.0,0.0,0.0,,-,4.0,72.0,22672.0,923.0
475741,2014,5190.0,0.0,0.0,0.0,0.0,0.0,0.0,,-,4.0,92.0,22751.0,965.0
475741,2015,6570.0,23.0,0.0,0.4201,0.4201,0.4201,0.4201,,-,2.0,86.0,22558.0,974.0
475741,2016,6630.0,34.0,0.0,0.6154,0.6154,0.6154,0.6154,,-,2.0,84.0,23336.0,975.0
475741,2017,6180.0,60.0,0.0,1.165,1.165,1.165,1.165,,-,3.0,33.0,24514.0,1019.0
475741,2018,5370.0,55.0,0.0,1.2291,1.2291,1.2291,1.2291,,-,2.0,66.0,24147.0,1004.0
475741,2019,5610.0,63.0,0.0,1.3476,1.3476,1.3476,1.3476,,-,2.0,85.0,23641.0,995.0
475741,2020,6150.0,55.0,0.0,1.0732,1.0732,1.0732,1.0732,,-,6.0,54.0,23288.0,967.0
475741,2021,6930.0,43.0,0.0,0.7446,0.7446,0.7446,0.7446,,-,4.0,48.0,22725.0,928.0
475741,2022,5910.0,49.0,0.0,0.9949,0.9949,0.9949,0.9949,,-,2.0,28.0,21358.0,881.0
475741,2023,5310.0,53.0,0.0,1.1977,1.1977,1.1977,1.1977,,-,3.0,40.0,20319.0,835.0
475741,2024,4320.0,64.0,0.0,1.7778,1.7778,1.7778,1.7778,,-,2.0,19.0,19686.0,809.0
475884,2012,1340.0,0.0,0.0,0.0,0.0,0.0,0.0,,x,6.0,29.0,,246.0
475884,2013,2463.0,1.0,0.0,0.0487,0.0487,0.0487,0.0487,,x,21.0,7.0,19009.0,417.0
479628,2012,2763.0,0.0,0.0,0.0,0.0,0.0,0.0,,-,79.0,3.0,,
479628,2013,8109.0,0.0,13.0,0.0962,0.0962,0.0962,0.0962,,-,90.0,3.0,24126.0,508.0
479628,2014,10437.0,0.0,71.0,0.4082,0.4082,0.4082,0.4082,,-,55.0,1.0,23762.0,622.0
479628,2015,8865.0,14.0,72.0,0.6768,0.6768,0.6768,0.6768,,-,44.0,,23561.0,728.0
482228,2019,3531.0,9.0,4.0,0.3738,0.5387,0.5809,0.7017,3.5238,o,21.0,20.0,7077.0,253.0
482228,2020,4124.0,15.0,2.0,0.4656,0.7201,0.7881,0.9876,4.5,o,15.0,25.0,7524.0,259.0
482228,2021,3347.0,32.0,10.0,1.3266,1.2355,1.2175,1.1735,0.7826,o,11.0,13.0,7839.0,289.0
482228,2022,2586.0,27.0,1.0,1.2761,0.9422,0.8849,0.7564,0.3514,o,12.0,17.0,8421.0,300.0
482228,2023,2611.0,26.0,1.0,1.2179,0.9509,0.9034,0.7949,0.4259,o,17.0,11.0,7946.0,276.0
482228,2024,2525.0,18.0,9.0,1.0693,1.0043,0.9914,0.9597,0.8056,o,13.0,23.0,8992.0,283.0
482370,2013,4229.0,0.0,2.0,0.0284,0.0284,0.0284,0.0284,,-,19.0,59.0,,565.0
482370,2014,4375.0,0.0,2.0,0.0274,0.0274,0.0274,0.0274,,-,16.0,49.0,16972.0,638.0
482370,2015,4163.0,3.0,8.0,0.2018,0.2018,0.2018,0.2018,,-,39.0,12.0,17628.0,665.0
482370,2016,3004.0,2.0,9.0,0.2597,0.2597,0.2597,0.2597,,-,10.0,9.0,17584.0,726.0
482370,2017,2396.0,4.0,11.0,0.4758,0.4758,0.4758,0.4758,,-,10.0,26.0,18131.0,721.0
482486,2013,7920.0,57.0,4.0,0.8939,0.8939,0.8939,0.8939,,x,21.0,64.0,,746.0
482486,2014,6420.0,52.0,5.0,1.0187,1.0187,1.0187,1.0187,,x,21.0,81.0,21079.0,814.0
482486,2016,2580.0,20.0,2.0,0.9767,0.9767,0.9767,0.9767,,x,1.0,12.0,25369.0,789.0
482486,2017,1800.0,11.0,1.0,0.7667,0.7667,0.7667,0.7667,,x,2.0,10.0,25429.0,742.0
482486,2018,1410.0,18.0,0.0,1.5319,1.5319,1.5319,1.5319,,x,,16.0,22617.0,698.0
482486,2019,1170.0,14.0,0.0,1.4359,1.4359,1.4359,1.4359,,x,1.0,4.0,21428.0,630.0
482486,2020,840.0,7.0,0.0,1.0,1.0,1.0,1.0,,x,4.0,2.0,21178.0,559.0
482486,2021,742.0,9.0,0.0,1.4555,1.4555,1.4555,1.4555,,x,,,20674.0,560.0
488679,2016,202576.0,2142.0,739.0,1.4877,1.4877,1.4877,1.4877,,n,860.0,1265.0,,413.0
488679,2017,185381.0,1835.0,639.0,1.3946,1.3946,1.3946,1.3946,,n,670.0,1444.0,12481.0,422.0
488679,2018,175601.0,1773.0,648.0,1.433,1.433,1.433,1.433,,n,711.0,1259.0,12020.0,428.0
488679,2019,167825.0,1556.0,652.0,1.3457,1.3457,1.3457,1.3457,,n,798.0,1513.0,11978.0,425.0
488679,2020,151504.0,1510.0,539.0,1.4095,1.4095,1.4095,1.4095,,n,702.0,1226.0,11711.0,413.0
488679,2021,134084.0,1491.0,544.0,1.5778,1.5688,1.5669,1.5623,0.9804,o,621.0,1079.0,11288.0,406.0
488679,2022,118316.0,1253.0,494.0,1.5213,1.5025,1.4987,1.4891,0.958,o,759.0,1083.0,8750.0,381.0
488679,2023,112732.0,971.0,422.0,1.2582,1.226,1.2195,1.2032,0.9145,o,1004.0,1318.0,8405.0,364.0
488679,2024,117360.0,985.0,407.0,1.2152,1.2735,1.2859,1.3175,1.1753,o,1300.0,1561.0,8216.0,407.0
488776,2017,1294.0,12.0,0.0,1.1128,1.1128,1.1128,1.1128,,-,,10.0,,653.0
488776,2018,1175.0,11.0,0.0,1.1234,1.1234,1.1234,1.1234,,-,,6.0,,686.0
488776,2020,1829.0,27.0,0.0,1.7715,1.7715,1.7715,1.7715,,-,,16.0,19993.0,515.0
488776,2021,2731.0,19.0,0.0,0.8349,0.8349,0.8349,0.8349,,-,4.0,39.0,18792.0,496.0
488776,2022,5023.0,27.0,0.0,0.645,0.645,0.645,0.645,,-,4.0,34.0,17662.0,436.0
488776,2023,6694.0,45.0,18.0,0.968,0.968,0.968,0.968,,-,20.0,129.0,17812.0,476.0
488776,2024,13094.0,56.0,36.0,0.6782,0.6782,0.6782,0.6782,,-,33.0,154.0,19520.0,516.0
489779,2017,18644.0,36.0,30.0,0.3283,0.3283,0.3283,0.3283,,x,48.0,145.0,18261.0,365.0
489779,2019,1010751.0,3466.0,1673.0,0.5108,0.5108,0.5108,0.5108,,x,866.0,4523.0,17501.0,248.0
489779,2020,1069349.0,4068.0,1674.0,0.5504,0.5504,0.5504,0.5504,,x,1078.0,4995.0,9660.0,261.0
489779,2021,1131051.0,4945.0,1986.0,0.63,0.63,0.63,0.63,,x,1162.0,5016.0,11867.0,291.0
489779,2022,1138833.0,4750.0,1895.0,0.6004,0.6004,0.6004,0.6004,,x,1280.0,6634.0,11108.0,266.0
489779,2023,1165150.0,5190.0,1887.0,0.6317,0.6317,0.6317,0.6317,,x,874.0,4936.0,10490.0,245.0
489779,2024,1088020.0,5683.0,1968.0,0.7353,0.7353,0.7353,0.7353,,x,568.0,4566.0,10110.0,255.0
490805,2017,272987.0,2056.0,34.0,0.9113,0.9113,0.9113,0.9113,,n,1125.0,751.0,,284.0
490805,2018,236487.0,1998.0,18.0,1.0184,1.0184,1.0184,1.0184,,n,1172.0,739.0,9449.0,307.0
490805,2019,206948.0,2087.0,2.0,1.2107,1.2107,1.2107,1.2107,,n,1235.0,628.0,9385.0,331.0
490805,2020,205182.0,1903.0,3.0,1.1138,1.1138,1.1138,1.1138,,n,1099.0,602.0,9390.0,301.0
490805,2021,187673.0,1649.0,0.0,1.0544,1.0544,1.0544,1.0544,,n,1067.0,510.0,9270.0,314.0
490805,2022,172545.0,1566.0,0.0,1.0891,1.0739,1.067,1.0576,0.943,o,1292.0,454.0,8839.0,291.0
490805,2023,169545.0,1329.0,0.0,0.9406,0.9361,0.934,0.9312,0.9801,o,1192.0,418.0,8461.0,273.0
490805,2024,164761.0,1208.0,0.0,0.8798,0.8931,0.8992,0.9077,1.0643,o,1139.0,447.0,8419.0,291.0
491525,2018,1787.0,4.0,2.0,0.3358,0.3358,0.3358,0.3358,,n,11.0,,,87.0
491525,2019,1235.0,6.0,1.0,0.6316,0.6316,0.6316,0.6316,,n,16.0,4.0,7199.0,111.0
491525,2020,1447.0,6.0,1.0,0.539,0.539,0.539,0.539,,n,14.0,1.0,7380.0,99.0
491525,2021,1288.0,8.0,5.0,0.9783,0.9783,0.9783,0.9783,,n,20.0,5.0,7447.0,134.0
491525,2022,1873.0,7.0,2.0,0.5125,0.5125,0.5125,0.5125,,n,40.0,6.0,6835.0,55.0
491525,2023,2021.0,3.0,2.0,0.2375,0.2994,0.3141,0.3541,2.2222,o,84.0,5.0,6449.0,112.0
491525,2024,3069.0,7.0,9.0,0.4497,0.6786,0.7389,0.9142,4.1333,o,106.0,5.0,6230.0,75.0
491941,2018,2229.0,0.0,3.0,0.0808,0.0808,0.0808,0.0808,,-,23.0,43.0,,362.0
491941,2019,3628.0,0.0,13.0,0.215,0.215,0.215,0.215,,-,4.0,5.0,,241.0
491941,2020,3503.0,0.0,14.0,0.2398,0.2398,0.2398,0.2398,,-,16.0,11.0,,307.0
491941,2021,4980.0,0.0,13.0,0.1566,0.1566,0.1566,0.1566,,-,30.0,19.0,,284.0
491941,2022,6337.0,0.0,15.0,0.142,0.142,0.142,0.142,,-,31.0,28.0,,297.0
491941,2023,7140.0,0.0,13.0,0.1092,0.1092,0.1092,0.1092,,-,23.0,27.0,,294.0
491941,2024,9042.0,0.0,26.0,0.1725,0.1725,0.1725,0.1725,,-,66.0,50.0,,291.0
492962,2018,101379.0,444.0,257.0,0.6777,0.6777,0.6777,0.6777,,n,608.0,511.0,,
492962,2019,87274.0,433.0,252.0,0.7686,0.7686,0.7686,0.7686,,n,286.0,568.0,12475.0,
492962,2020,77858.0,447.0,212.0,0.8523,0.8523,0.8523,0.8523,,n,411.0,455.0,12289.0,
492962,2021,69183.0,359.0,181.0,0.7797,0.7797,0.7797,0.7797,,n,371.0,401.0,11934.0,
492962,2022,55391.0,362.0,149.0,0.9456,0.9456,0.9456,0.9456,,n,444.0,232.0,11216.0,
492962,2023,49658.0,282.0,100.0,0.8023,0.781,0.7767,0.766,0.9116,o,516.0,247.0,10583.0,
492962,2024,47088.0,219.0,86.0,0.6677,0.7326,0.7469,0.7836,1.3773,o,546.0,404.0,9900.0,
497833,2022,6273.0,0.0,59.0,0.5643,0.5643,0.5643,0.5643,,n,122.0,10.0,,
497833,2023,6080.0,0.0,51.0,0.5033,0.5033,0.5033,0.5033,,n,117.0,8.0,20548.0,
497833,2024,6592.0,0.0,52.0,0.4733,0.4733,0.4733,0.4733,,n,117.0,13.0,19850.0,
499680,2024,5760.0,0.0,22.0,0.2292,0.2292,0.2292,0.2292,,-,12.0,,,86.0
