unitid,year,credits,BA,AA,ER_m,ER_l,ER_c,ER_h,G,G_source,first_time_n,transfer_in_n,sticker_real,rev_per_credit_real
158088,1999,9450.0,0.0,0.0,0.0,0.0,0.0,0.0,0.625,o,,,,
158088,2003,10304.0,0.0,20.0,0.1165,0.1087,0.091,0.0841,0.3735,o,144.0,,822.0,
158088,2004,15248.0,0.0,24.0,0.0944,0.0908,0.082,0.0784,0.568,o,134.0,,1279.0,
158088,2005,13133.0,0.0,11.0,0.0503,0.0502,0.0501,0.0501,0.9889,o,91.0,,1404.0,
158088,2006,10702.0,0.0,10.0,0.0561,0.0544,0.0504,0.0488,0.6547,o,94.0,6.0,1427.0,
158088,2007,12336.0,0.0,2.0,0.0097,0.0096,0.0093,0.0092,0.8356,o,85.0,33.0,1387.0,
158088,2008,13841.0,0.0,4.0,0.0173,0.0172,0.017,0.0169,0.9189,o,134.0,21.0,1342.0,
158088,2009,12346.0,0.0,0.0,0.0,0.0,0.0,0.0,1.4972,o,211.0,29.0,1374.0,
158088,2010,74930.0,0.0,24.0,0.0192,0.0201,0.0226,0.0239,1.9269,o,555.0,44.0,1422.0,
158088,2011,76865.0,0.0,14.0,0.0109,0.0119,0.0146,0.0161,3.2174,o,484.0,108.0,1568.0,
158088,2012,61077.0,0.0,35.0,0.0344,0.035,0.0365,0.0371,1.2637,o,550.0,123.0,2006.0,
158088,2013,58721.0,0.0,26.0,0.0266,0.0267,0.0269,0.0271,1.0587,o,472.0,145.0,1913.0,32.0
158088,2014,47172.0,0.0,15.0,0.0191,0.019,0.0186,0.0185,0.913,o,590.0,160.0,1905.0,54.0
158088,2015,41855.0,0.0,22.0,0.0315,0.0319,0.0327,0.0331,1.1546,o,638.0,141.0,2328.0,26.0
158088,2016,43585.0,0.0,19.0,0.0262,0.0265,0.0274,0.0278,1.2015,o,658.0,151.0,5083.0,61.0
158088,2017,37577.0,0.0,13.0,0.0208,0.0209,0.0211,0.0212,1.0717,o,628.0,125.0,5213.0,77.0
158088,2018,45828.0,0.0,21.0,0.0275,0.0274,0.0273,0.0272,0.9691,o,504.0,206.0,5096.0,60.0
158088,2019,47651.0,0.0,27.0,0.034,0.0334,0.032,0.0314,0.7838,o,437.0,293.0,5000.0,132.0
158088,2020,47743.0,0.0,23.0,0.0289,0.0284,0.0271,0.0265,0.7721,o,380.0,173.0,4927.0,99.0
158088,2021,42838.0,0.0,47.0,0.0658,0.0649,0.0624,0.0613,0.8077,o,384.0,181.0,4784.0,108.0
158088,2022,40087.0,0.0,68.0,0.1018,0.1013,0.1002,0.0997,0.94,o,224.0,117.0,4497.0,122.0
158088,2023,28667.0,0.0,75.0,0.157,0.1512,0.1374,0.1316,0.5864,o,273.0,104.0,4243.0,130.0
158088,2024,28385.0,0.0,76.0,0.1606,0.1594,0.1564,0.155,0.898,o,298.0,144.0,4099.0,119.0
158219,2001,4535.0,0.0,28.0,0.3705,0.3708,0.3719,0.3723,1.0153,o,,,,
158219,2002,3642.0,0.0,27.0,0.4448,0.4484,0.4576,0.4618,1.1202,o,105.0,,748.0,
158219,2003,3642.0,0.0,23.0,0.3789,0.3676,0.34,0.3284,0.6481,o,128.0,,822.0,
158219,2004,6231.0,0.0,34.0,0.3274,0.3241,0.3157,0.3121,0.8649,o,51.0,,1104.0,
158219,2005,5404.0,0.0,40.0,0.4441,0.4192,0.3612,0.3381,0.4378,o,46.0,,1194.0,
158219,2006,5716.0,0.0,28.0,0.2939,0.2805,0.2489,0.236,0.514,o,75.0,5.0,1256.0,
158219,2007,6728.0,0.0,40.0,0.3567,0.3678,0.3978,0.4119,1.5464,o,30.0,9.0,1310.0,
158219,2008,7389.0,0.0,34.0,0.2761,0.2629,0.2317,0.219,0.4959,o,37.0,9.0,1340.0,
158219,2009,7500.0,0.0,38.0,0.304,0.2966,0.2785,0.2708,0.7048,o,24.0,,1373.0,
158219,2010,9843.0,0.0,38.0,0.2316,0.2263,0.2131,0.2075,0.7164,o,,,1421.0,
158264,1998,12312.0,35.0,9.0,0.385,0.385,0.385,0.385,,n,,,,
158264,1999,9660.0,52.0,14.0,0.7329,0.7329,0.7329,0.7329,,n,,,,
158325,1998,2546.0,0.0,0.0,0.0,0.0,0.0,0.0,,-,,,,
158325,1999,2545.0,0.0,0.0,0.0,0.0,0.0,0.0,,-,,,,
158325,2000,960.0,0.0,0.0,0.0,0.0,0.0,0.0,,-,,,,
158325,2001,2257.0,0.0,0.0,0.0,0.0,0.0,0.0,,-,,,,
158325,2002,1570.0,0.0,0.0,0.0,0.0,0.0,0.0,,-,35.0,,9008.0,
158325,2003,1937.0,0.0,0.0,0.0,0.0,0.0,0.0,,-,36.0,,9177.0,199.0
158325,2004,1524.0,0.0,0.0,0.0,0.0,0.0,0.0,,-,32.0,,10613.0,380.0
158325,2005,2477.0,0.0,0.0,0.0,0.0,0.0,0.0,,-,56.0,,10382.0,312.0
158325,2006,2807.0,0.0,0.0,0.0,0.0,0.0,0.0,,-,41.0,,10673.0,270.0
158325,2007,2314.0,0.0,0.0,0.0,0.0,0.0,0.0,,-,32.0,,11887.0,332.0
158325,2008,2344.0,0.0,0.0,0.0,0.0,0.0,0.0,,-,46.0,,11341.0,339.0
158325,2009,2399.0,0.0,0.0,0.0,0.0,0.0,0.0,,-,33.0,,12302.0,331.0
158325,2010,2241.0,0.0,0.0,0.0,0.0,0.0,0.0,,-,,,12222.0,336.0
158325,2011,2077.0,0.0,0.0,0.0,0.0,0.0,0.0,,-,,,13429.0,355.0
158325,2012,2099.0,0.0,0.0,0.0,0.0,0.0,0.0,,-,,,,351.0
158325,2013,2034.0,0.0,0.0,0.0,0.0,0.0,0.0,,-,,,,400.0
158325,2014,2138.0,0.0,0.0,0.0,0.0,0.0,0.0,,-,,,,386.0
158325,2015,1932.0,0.0,0.0,0.0,0.0,0.0,0.0,,-,,,,480.0
158325,2016,2097.0,0.0,0.0,0.0,0.0,0.0,0.0,,-,,,,417.0
158325,2017,3209.0,0.0,0.0,0.0,0.0,0.0,0.0,,-,,,,414.0
158325,2018,3194.0,0.0,0.0,0.0,0.0,0.0,0.0,,-,,,,329.0
158325,2019,2598.0,0.0,0.0,0.0,0.0,0.0,0.0,,-,,,,314.0
158325,2020,2017.0,0.0,0.0,0.0,0.0,0.0,0.0,,-,,,,270.0
158325,2023,4226.0,0.0,0.0,0.0,0.0,0.0,0.0,,-,,,,298.0
158325,2024,4322.0,0.0,0.0,0.0,0.0,0.0,0.0,,-,,,,306.0
158334,1998,660.0,0.0,0.0,0.0,0.0,0.0,0.0,,-,,,,
158334,2013,669.0,0.0,0.0,0.0,0.0,0.0,0.0,,-,,,,423.0
158334,2014,602.0,0.0,0.0,0.0,0.0,0.0,0.0,,-,,,,399.0
158334,2015,442.0,0.0,0.0,0.0,0.0,0.0,0.0,,-,,,,693.0
158334,2016,728.0,0.0,0.0,0.0,0.0,0.0,0.0,,-,,,,443.0
158343,1998,4110.0,0.0,32.0,0.4672,0.4672,0.4672,0.4672,,-,,,,
158343,1999,3540.0,0.0,10.0,0.1695,0.1695,0.1695,0.1695,,-,,,,
158343,2009,2835.0,0.0,11.0,0.2328,0.2328,0.2328,0.2328,,-,15.0,,,413.0
158343,2010,2025.0,0.0,13.0,0.3852,0.3852,0.3852,0.3852,,-,22.0,,,436.0
158343,2012,2525.0,0.0,15.0,0.3564,0.3564,0.3564,0.3564,,-,41.0,,,286.0
158343,2013,2430.0,0.0,26.0,0.642,0.642,0.642,0.642,,-,41.0,,,448.0
158343,2014,2450.0,0.0,41.0,1.0041,1.0041,1.0041,1.0041,,-,39.0,,,516.0
158343,2015,2500.0,0.0,26.0,0.624,0.624,0.624,0.624,,-,29.0,,,489.0
158343,2016,1799.0,0.0,3.0,0.1001,0.1001,0.1001,0.1001,,-,29.0,,,588.0
158343,2017,1400.0,0.0,9.0,0.3857,0.3857,0.3857,0.3857,,-,29.0,,,584.0
158343,2018,1450.0,0.0,16.0,0.6621,0.6621,0.6621,0.6621,,-,29.0,,,617.0
158343,2019,1400.0,0.0,23.0,0.9857,0.9857,0.9857,0.9857,,-,24.0,,,553.0
158343,2020,1450.0,0.0,16.0,0.6621,0.6621,0.6621,0.6621,,-,24.0,,,557.0
158343,2021,1500.0,0.0,16.0,0.64,0.64,0.64,0.64,,-,24.0,,,567.0
158352,1998,20010.0,0.0,41.0,0.1229,0.116,0.0999,0.0934,0.4355,o,,,,
158352,2003,25977.0,0.0,86.0,0.1986,0.1876,0.1619,0.1516,0.4411,o,235.0,,822.0,471.0
158352,2004,25696.0,0.0,94.0,0.2195,0.2093,0.1853,0.1755,0.5081,o,261.0,,1270.0,517.0
158352,2005,23700.0,0.0,62.0,0.157,0.1584,0.1622,0.1639,1.1397,o,259.0,,1500.0,441.0
158352,2006,23004.0,0.0,44.0,0.1148,0.1151,0.116,0.1164,1.0444,o,139.0,81.0,1490.0,506.0
158352,2007,22057.0,0.0,15.0,0.0408,0.0391,0.0349,0.0332,0.5346,o,149.0,84.0,1446.0,295.0
158352,2008,26099.0,0.0,22.0,0.0506,0.0496,0.047,0.046,0.7487,o,168.0,60.0,1399.0,405.0
158352,2009,33771.0,0.0,13.0,0.0231,0.0233,0.024,0.0243,1.1667,o,215.0,80.0,1430.0,340.0
158352,2010,74460.0,0.0,23.0,0.0185,0.0189,0.02,0.0205,1.3565,o,331.0,94.0,1478.0,
158352,2011,76767.0,0.0,17.0,0.0133,0.0138,0.0152,0.0159,1.7285,o,518.0,99.0,1650.0,
158352,2012,72236.0,0.0,24.0,0.0199,0.0208,0.0234,0.0246,1.8974,o,579.0,154.0,2046.0,40.0
158352,2013,59080.0,0.0,8.0,0.0081,0.0083,0.0088,0.009,1.364,o,405.0,163.0,2595.0,
158352,2014,44164.0,0.0,13.0,0.0177,0.0173,0.0164,0.016,0.7384,o,616.0,93.0,4129.0,24.0
158352,2015,43039.0,0.0,6.0,0.0084,0.0085,0.0088,0.009,1.252,o,340.0,87.0,4821.0,25.0
158352,2016,21038.0,0.0,4.0,0.0114,0.0111,0.0103,0.01,0.666,o,250.0,64.0,5254.0,50.0
158431,1998,82242.0,0.0,158.0,0.1153,0.1142,0.1116,0.1104,0.8783,o,,,,
158431,1999,81112.0,0.0,182.0,0.1346,0.1272,0.1101,0.1032,0.4468,o,,,,
158431,2000,83348.0,0.0,211.0,0.1519,0.153,0.1558,0.1571,1.1079,o,,,,
158431,2002,78785.0,0.0,277.0,0.211,0.2109,0.2109,0.2109,0.9994,o,777.0,,961.0,
158431,2003,91890.0,0.0,278.0,0.1815,0.179,0.1726,0.1698,0.8166,o,796.0,,943.0,85.0
158431,2004,92451.0,0.0,280.0,0.1817,0.1815,0.181,0.1807,0.9839,o,793.0,,2647.0,95.0
158431,2005,96181.0,0.0,283.0,0.1765,0.1766,0.1769,0.177,1.0083,o,1065.0,,2707.0,94.0
158431,2006,105504.0,0.0,307.0,0.1746,0.1782,0.1879,0.1923,1.3405,o,983.0,,2680.0,99.0
158431,2007,102305.0,0.0,335.0,0.1965,0.1972,0.1993,0.2002,1.0581,o,1127.0,,2662.0,97.0
158431,2008,107884.0,0.0,357.0,0.1985,0.1999,0.2034,0.2049,1.1006,o,918.0,272.0,2575.0,89.0
158431,2009,106564.0,0.0,459.0,0.2584,0.2559,0.2496,0.2468,0.8701,o,1229.0,426.0,2659.0,94.0
158431,2010,127477.0,0.0,469.0,0.2207,0.2236,0.2311,0.2346,1.202,o,1678.0,453.0,2773.0,92.0
158431,2011,151925.0,0.0,554.0,0.2188,0.2257,0.2446,0.2535,1.5631,o,1941.0,494.0,3035.0,111.0
158431,2012,164407.0,0.0,630.0,0.2299,0.2346,0.2472,0.2529,1.3354,o,1626.0,691.0,3608.0,103.0
158431,2013,186258.0,0.0,657.0,0.2116,0.2101,0.2061,0.2043,0.8986,o,1532.0,1012.0,3891.0,103.0
158431,2014,188474.0,0.0,719.0,0.2289,0.2265,0.2204,0.2177,0.859,o,1526.0,837.0,4334.0,117.0
158431,2015,183394.0,0.0,713.0,0.2333,0.2327,0.2313,0.2307,0.9664,o,1583.0,581.0,4721.0,117.0
158431,2016,148995.0,0.0,702.0,0.2827,0.2834,0.2852,0.286,1.0353,o,1326.0,810.0,5276.0,141.0
158431,2017,120731.0,0.0,674.0,0.335,0.3313,0.3219,0.3178,0.853,o,1340.0,1062.0,5200.0,174.0
158431,2018,112655.0,0.0,589.0,0.3137,0.3119,0.3073,0.3053,0.9213,o,1216.0,1042.0,5084.0,192.0
158431,2019,119010.0,0.0,632.0,0.3186,0.3166,0.3114,0.3091,0.9122,o,1152.0,940.0,4977.0,171.0
158431,2020,134105.0,0.0,624.0,0.2792,0.2772,0.272,0.2698,0.9014,o,999.0,835.0,4995.0,148.0
158431,2021,129003.0,0.0,590.0,0.2744,0.2712,0.263,0.2595,0.8438,o,1142.0,563.0,5000.0,135.0
158431,2022,115926.0,0.0,574.0,0.2971,0.2983,0.3016,0.303,1.0618,o,1382.0,626.0,4700.0,139.0
158431,2023,126586.0,0.0,559.0,0.265,0.2697,0.2824,0.2883,1.291,o,1206.0,714.0,4434.0,126.0
158431,2024,119937.0,0.0,665.0,0.3327,0.3316,0.3289,0.3277,0.9556,o,1231.0,642.0,4283.0,134.0
158440,1998,8700.0,0.0,28.0,0.1931,0.1931,0.1931,0.1931,,-,,,,
158440,1999,8700.0,0.0,24.0,0.1655,0.1655,0.1655,0.1655,,-,,,,
158440,2000,7790.0,0.0,13.0,0.1001,0.1001,0.1001,0.1001,,-,,,,
158440,2001,7033.0,0.0,7.0,0.0597,0.0597,0.0597,0.0597,,-,,,,
158440,2002,15390.0,0.0,4.0,0.0156,0.0156,0.0156,0.0156,,-,208.0,,,
158440,2004,14151.0,0.0,0.0,0.0,0.0,0.0,0.0,,-,104.0,,,160.0
158440,2005,14298.0,0.0,0.0,0.0,0.0,0.0,0.0,,-,,,,184.0
158477,1998,22583.0,130.0,0.0,0.6908,0.6834,0.6818,0.678,0.9634,o,,,,
158477,1999,25344.0,175.0,0.0,0.8286,0.8746,0.8844,0.9094,1.2046,o,,,,
158477,2000,26017.0,146.0,0.0,0.6734,0.7409,0.7557,0.794,1.3901,o,,,,
158477,2001,25590.0,142.0,0.0,0.6659,0.6991,0.7062,0.7242,1.1829,o,,,,
158477,2002,26151.0,209.0,0.0,0.959,0.9406,0.9368,0.9274,0.9351,o,273.0,,27369.0,
158477,2003,27068.0,188.0,0.0,0.8335,0.8208,0.8182,0.8117,0.9485,o,198.0,,27955.0,319.0
158477,2004,22048.0,177.0,0.0,0.9634,0.9479,0.9447,0.9369,0.9458,o,282.0,,28607.0,385.0
158477,2005,27300.0,178.0,0.0,0.7824,0.7778,0.7768,0.7744,0.9796,o,232.0,,27942.0,329.0
158477,2006,27329.0,167.0,0.0,0.7333,0.7252,0.7236,0.7194,0.9625,o,240.0,28.0,27656.0,352.0
158477,2007,28010.0,168.0,0.0,0.7197,0.7202,0.7203,0.7205,1.0021,o,199.0,24.0,28583.0,397.0
158477,2008,25695.0,195.0,0.0,0.9107,0.8874,0.8827,0.8709,0.9146,o,246.0,43.0,30657.0,438.0
158477,2009,25458.0,159.0,0.0,0.7495,0.7188,0.7126,0.6974,0.8658,o,279.0,39.0,31769.0,446.0
158477,2010,25392.0,184.0,0.0,0.8696,0.8968,0.9026,0.9171,1.1123,o,192.0,24.0,32735.0,449.0
158477,2011,23761.0,145.0,0.0,0.7323,0.7474,0.7505,0.7585,1.0729,o,240.0,33.0,33614.0,449.0
158477,2012,24093.0,153.0,0.0,0.762,0.7555,0.7542,0.7508,0.9708,o,158.0,26.0,34410.0,454.0
158477,2013,20953.0,198.0,0.0,1.134,1.0465,1.0292,0.9873,0.7581,o,128.0,19.0,39435.0,505.0
158477,2014,17869.0,132.0,0.0,0.8865,0.7671,0.7444,0.6908,0.6072,o,141.0,18.0,40472.0,542.0
158477,2015,18755.0,133.0,0.0,0.851,0.7417,0.721,0.6715,0.6227,o,157.0,19.0,43733.0,590.0
158477,2016,17392.0,119.0,0.0,0.8211,0.755,0.742,0.7105,0.7487,o,130.0,14.0,43949.0,573.0
158477,2017,15637.0,103.0,0.0,0.7904,0.7912,0.7914,0.7918,1.0035,o,173.0,20.0,45166.0,597.0
158477,2018,17429.0,103.0,0.0,0.7092,0.7341,0.7393,0.7526,1.1264,o,169.0,15.0,44741.0,515.0
158477,2019,17417.0,120.0,0.0,0.8268,0.8605,0.8676,0.8857,1.1477,o,172.0,26.0,44635.0,473.0
158477,2020,17133.0,96.0,0.0,0.6724,0.7069,0.7142,0.7329,1.1882,o,153.0,11.0,44845.0,456.0
158477,2021,17534.0,130.0,0.0,0.8897,0.908,0.9118,0.9214,1.0726,o,134.0,23.0,44425.0,447.0
158477,2022,16336.0,116.0,0.0,0.8521,0.8099,0.8014,0.7806,0.8392,o,173.0,20.0,41753.0,423.0
158477,2023,16858.0,131.0,0.0,0.9325,0.9045,0.8988,0.8848,0.9003,o,255.0,33.0,40185.0,392.0
158477,2024,18829.0,104.0,0.0,0.6628,0.7179,0.7298,0.7606,1.3169,o,232.0,36.0,40000.0,404.0
158583,2003,6766.0,0.0,12.0,0.1064,0.1064,0.1064,0.1064,1.0,o,94.0,,822.0,
158583,2005,5467.0,0.0,10.0,0.1097,0.1035,0.0892,0.0834,0.4358,o,6.0,,1210.0,
158583,2006,4665.0,0.0,15.0,0.1929,0.163,0.1057,0.0872,0.0902,o,33.0,,1396.0,
158583,2007,5259.0,0.0,4.0,0.0456,0.0469,0.0502,0.0518,1.4667,o,36.0,2.0,1355.0,
158583,2008,5172.0,0.0,0.0,0.0,0.0,0.0,0.0,1.8462,o,52.0,,1311.0,
158583,2009,6035.0,0.0,0.0,0.0,0.0,0.0,0.0,1.5072,o,41.0,13.0,1344.0,
158662,1998,287460.0,0.0,961.0,0.2006,0.2,0.1984,0.1977,0.957,o,,,,
158662,1999,278498.0,0.0,990.0,0.2133,0.2111,0.2055,0.2031,0.8621,o,,,,
158662,2000,273581.0,0.0,971.0,0.213,0.2108,0.2054,0.2031,0.8658,o,,,,
158662,2001,267835.0,0.0,977.0,0.2189,0.2222,0.2308,0.2348,1.2372,o,,,,
158662,2002,310366.0,0.0,906.0,0.1751,0.177,0.182,0.1842,1.1648,o,2551.0,,2366.0,
158662,2003,462058.0,0.0,912.0,0.1184,0.1199,0.1236,0.1253,1.1865,o,2680.0,,2386.0,61.0
158662,2004,499290.0,0.0,1124.0,0.1351,0.1363,0.1394,0.1408,1.133,o,2648.0,,2391.0,67.0
158662,2005,500520.0,0.0,1029.0,0.1234,0.1235,0.1237,0.1239,1.0124,o,,,2385.0,74.0
158662,2006,181800.0,0.0,590.0,0.1947,0.1917,0.1842,0.181,0.8013,i,1721.0,926.0,2415.0,74.0
158662,2007,255208.0,0.0,938.0,0.2205,0.2155,0.2031,0.1978,0.7197,i,2155.0,1216.0,2344.0,126.0
158662,2008,280472.0,0.0,841.0,0.1799,0.1813,0.185,0.1866,1.1178,i,2307.0,1189.0,2849.0,118.0
158662,2009,305389.0,0.0,881.0,0.1731,0.1752,0.1808,0.1833,1.1904,o,3160.0,1363.0,2731.0,75.0
158662,2010,364989.0,0.0,1020.0,0.1677,0.1718,0.1829,0.1881,1.4164,o,3556.0,1440.0,3525.0,92.0
158662,2011,410653.0,0.0,1116.0,0.1631,0.1661,0.1741,0.1778,1.3009,o,3752.0,1541.0,4125.0,122.0
158662,2012,435333.0,0.0,1253.0,0.1727,0.174,0.1776,0.1791,1.1173,o,2885.0,2246.0,4531.0,128.0
158662,2013,385294.0,0.0,1242.0,0.1934,0.1902,0.1823,0.1789,0.7895,o,3009.0,2253.0,3998.0,142.0
158662,2014,369391.0,0.0,1368.0,0.2222,0.2207,0.2168,0.2151,0.9067,o,2675.0,1824.0,4347.0,147.0
158662,2015,346530.0,0.0,1344.0,0.2327,0.2311,0.2271,0.2254,0.9077,o,2301.0,1531.0,4824.0,144.0
158662,2016,324955.0,0.0,1385.0,0.2557,0.252,0.2426,0.2385,0.8096,o,2061.0,1664.0,5070.0,164.0
158662,2017,291050.0,0.0,1282.0,0.2643,0.2608,0.2521,0.2484,0.8284,o,1869.0,1854.0,4986.0,173.0
158662,2018,272836.0,0.0,1173.0,0.258,0.2552,0.2482,0.2451,0.8569,o,1893.0,1652.0,5084.0,168.0
158662,2019,274842.0,0.0,1145.0,0.25,0.2493,0.2476,0.2469,0.9634,o,2026.0,1651.0,4977.0,165.0
158662,2020,278003.0,0.0,1182.0,0.2551,0.2564,0.2599,0.2614,1.0771,o,1768.0,1496.0,4903.0,161.0
158662,2021,266059.0,0.0,1185.0,0.2672,0.2653,0.2605,0.2583,0.9023,o,1683.0,1225.0,4761.0,133.0
158662,2022,235241.0,0.0,1051.0,0.2681,0.2658,0.2602,0.2577,0.8872,o,2028.0,1233.0,4362.0,150.0
158662,2023,231761.0,0.0,1088.0,0.2817,0.2849,0.2933,0.2971,1.1753,o,2095.0,1365.0,4843.0,139.0
158662,2024,236491.0,0.0,1056.0,0.2679,0.2702,0.2762,0.2789,1.1291,o,2685.0,1437.0,4678.0,134.0
158723,1999,18326.0,0.0,65.0,0.2128,0.2128,0.2128,0.2128,,-,,,,
158723,2002,25520.0,0.0,94.0,0.221,0.221,0.221,0.221,,-,417.0,,13589.0,
158723,2004,8367.0,0.0,144.0,1.0327,1.0327,1.0327,1.0327,,-,127.0,,15091.0,706.0
158723,2007,13700.0,0.0,110.0,0.4818,0.4818,0.4818,0.4818,,-,196.0,,15260.0,390.0
158723,2008,12000.0,0.0,124.0,0.62,0.62,0.62,0.62,,-,194.0,,14882.0,401.0
158723,2009,13133.0,0.0,114.0,0.5208,0.5208,0.5208,0.5208,,-,185.0,,14633.0,328.0
158723,2010,15267.0,0.0,107.0,0.4205,0.4205,0.4205,0.4205,,-,294.0,,13980.0,329.0
158723,2011,17790.0,0.0,115.0,0.3879,0.3879,0.3879,0.3879,,-,167.0,,13652.0,337.0
158723,2012,14010.0,0.0,140.0,0.5996,0.5996,0.5996,0.5996,,-,127.0,,13307.0,129.0
158723,2013,10091.0,0.0,97.0,0.5768,0.5768,0.5768,0.5768,,-,109.0,,12947.0,301.0
158723,2014,10290.0,0.0,82.0,0.4781,0.4781,0.4781,0.4781,,-,132.0,,12751.0,282.0
158723,2015,10350.0,0.0,63.0,0.3652,0.3652,0.3652,0.3652,,-,71.0,,12643.0,275.0
158723,2016,6593.0,0.0,72.0,0.6552,0.6552,0.6552,0.6552,,-,84.0,,12556.0,385.0
158769,1998,23100.0,0.0,58.0,0.1506,0.1479,0.1409,0.1379,0.765,o,,,,
158769,2003,13982.0,0.0,28.0,0.1202,0.1183,0.1137,0.1117,0.8011,o,87.0,,822.0,
158769,2004,13728.0,0.0,24.0,0.1049,0.0952,0.0743,0.0665,0.2518,o,105.0,,1212.0,
158769,2005,13235.0,0.0,23.0,0.1043,0.1,0.0897,0.0855,0.5483,o,82.0,,1210.0,
158769,2006,13525.0,0.0,18.0,0.0799,0.079,0.0768,0.0758,0.8542,o,76.0,66.0,1396.0,
158769,2007,15613.0,0.0,6.0,0.0231,0.0227,0.0219,0.0215,0.8128,o,96.0,39.0,1174.0,
158769,2008,16879.0,0.0,6.0,0.0213,0.0216,0.0224,0.0227,1.2152,o,66.0,42.0,1136.0,
158769,2009,17032.0,0.0,13.0,0.0458,0.045,0.0429,0.042,0.7674,o,140.0,67.0,1473.0,
158769,2010,48825.0,0.0,27.0,0.0332,0.0345,0.038,0.0397,1.7284,o,310.0,141.0,1521.0,32.0
158769,2011,41170.0,0.0,31.0,0.0452,0.0488,0.0595,0.065,3.0097,o,510.0,155.0,1678.0,31.0
158769,2012,36757.0,0.0,44.0,0.0718,0.0761,0.0881,0.0941,2.2667,o,221.0,125.0,2019.0,38.0
158802,1998,48630.0,297.0,0.0,0.7329,0.6859,0.6766,0.6538,0.7957,o,,,,
158802,1999,49800.0,214.0,0.0,0.5157,0.5238,0.5254,0.5297,1.0551,o,,,,
158802,2001,59993.0,216.0,0.0,0.4321,0.4773,0.4872,0.513,1.4096,o,,,,
158802,2002,64927.0,330.0,0.0,0.6099,0.6536,0.663,0.6872,1.2693,o,626.0,,16733.0,
158802,2003,68710.0,280.0,0.0,0.489,0.5021,0.5049,0.5118,1.0954,o,657.0,,18878.0,578.0
158802,2005,66360.0,340.0,0.0,0.6148,0.5995,0.5964,0.5887,0.9169,o,495.0,,18591.0,603.0
158802,2007,33077.0,179.0,0.0,0.6494,0.5486,0.5297,0.4855,0.5588,o,175.0,54.0,18511.0,758.0
158802,2008,28025.0,176.0,0.0,0.7536,0.5525,0.5181,0.4413,0.3428,o,173.0,50.0,17911.0,676.0
158802,2009,26562.0,171.0,0.0,0.7725,0.5695,0.5347,0.4566,0.3494,o,326.0,94.0,19971.0,694.0
158802,2010,31186.0,107.0,0.0,0.4117,0.3706,0.3627,0.3435,0.696,o,446.0,54.0,19841.0,687.0
158802,2011,35071.0,152.0,0.0,0.5201,0.6307,0.6564,0.7253,1.9446,o,354.0,57.0,19376.0,340.0
158802,2012,37457.0,133.0,0.0,0.4261,0.5424,0.5702,0.646,2.2989,o,351.0,91.0,20096.0,395.0
158802,2013,39008.0,147.0,0.0,0.4522,0.4999,0.5104,0.5375,1.4128,o,229.0,38.0,19744.0,561.0
158802,2014,36100.0,186.0,0.0,0.6183,0.5691,0.5594,0.5359,0.7513,o,325.0,49.0,21189.0,535.0
158802,2015,36310.0,192.0,0.0,0.6345,0.5704,0.558,0.528,0.6925,o,297.0,55.0,21216.0,562.0
158802,2016,35759.0,256.0,0.0,0.8591,0.8284,0.8222,0.8069,0.8823,o,362.0,53.0,21070.0,551.0
158802,2017,37319.0,172.0,0.0,0.5531,0.5739,0.5783,0.5895,1.1362,o,338.0,56.0,21753.0,507.0
158802,2018,38514.0,220.0,0.0,0.6855,0.7336,0.7439,0.7705,1.2635,o,373.0,65.0,22329.0,505.0
158802,2019,39688.0,247.0,0.0,0.7468,0.7764,0.7826,0.7985,1.1431,o,313.0,60.0,21864.0,357.0
158802,2020,37407.0,223.0,0.0,0.7154,0.7238,0.7255,0.7299,1.041,o,311.0,56.0,23175.0,366.0
158802,2021,35975.0,194.0,0.0,0.6471,0.6259,0.6216,0.611,0.8914,o,309.0,64.0,22505.0,312.0
158802,2022,34825.0,192.0,0.0,0.6616,0.6358,0.6306,0.6178,0.872,o,334.0,80.0,21155.0,281.0
158802,2023,36284.0,222.0,0.0,0.7342,0.7206,0.7178,0.7108,0.9373,o,248.0,64.0,20935.0,244.0
158802,2024,34352.0,182.0,0.0,0.6358,0.6231,0.6205,0.614,0.9327,o,188.0,72.0,22194.0,278.0
158884,1998,45144.0,0.0,128.0,0.1701,0.1701,0.1701,0.1701,,n,,,,
158884,1999,41097.0,0.0,119.0,0.1737,0.1832,0.2098,0.2229,2.128,o,,,,
158884,2000,30421.0,0.0,144.0,0.284,0.2929,0.317,0.3283,1.5516,o,,,,
158884,2001,39059.0,0.0,185.0,0.2842,0.2772,0.2601,0.2529,0.702,o,,,,
158884,2002,45645.0,0.0,179.0,0.2353,0.2358,0.2371,0.2376,1.0305,o,333.0,,2356.0,
158884,2003,47621.0,0.0,196.0,0.2469,0.2447,0.2389,0.2364,0.8763,o,423.0,,2369.0,62.0
158884,2004,50199.0,0.0,193.0,0.2307,0.2325,0.2373,0.2395,1.1205,o,419.0,,2660.0,67.0
158884,2005,50235.0,0.0,201.0,0.2401,0.2418,0.2463,0.2484,1.1085,o,,,2765.0,66.0
158884,2007,22789.0,0.0,99.0,0.2607,0.2417,0.1989,0.1825,0.3393,i,146.0,112.0,2677.0,82.0
158884,2008,26968.0,0.0,100.0,0.2225,0.2211,0.2177,0.2161,0.9161,i,126.0,161.0,2590.0,33.0
158884,2009,31145.0,0.0,125.0,0.2408,0.2407,0.2406,0.2405,0.996,o,218.0,179.0,2673.0,43.0
158884,2010,34425.0,0.0,130.0,0.2266,0.2342,0.2549,0.2648,1.6029,o,253.0,330.0,2788.0,35.0
158884,2011,42157.0,0.0,120.0,0.1708,0.1755,0.1881,0.194,1.4709,o,299.0,263.0,2856.0,25.0
158884,2012,42769.0,0.0,160.0,0.2245,0.2282,0.2383,0.2429,1.2696,o,241.0,565.0,3546.0,33.0
158884,2013,41711.0,0.0,161.0,0.2316,0.2294,0.2239,0.2215,0.8732,o,294.0,336.0,3843.0,56.0
158884,2014,43980.0,0.0,198.0,0.2701,0.2717,0.2759,0.2778,1.0889,o,245.0,368.0,4287.0,68.0
158884,2015,46090.0,0.0,229.0,0.2981,0.2963,0.2916,0.2896,0.9159,o,244.0,301.0,4687.0,81.0
158884,2016,45767.0,0.0,252.0,0.3304,0.3281,0.3223,0.3197,0.9054,o,232.0,349.0,5114.0,95.0
158884,2017,41245.0,0.0,212.0,0.3084,0.3073,0.3044,0.3031,0.9489,o,290.0,417.0,5230.0,104.0
158884,2018,44800.0,0.0,211.0,0.2826,0.2865,0.2969,0.3016,1.2185,o,258.0,399.0,5203.0,121.0
158884,2019,48827.0,0.0,238.0,0.2925,0.2922,0.2916,0.2913,0.9885,o,304.0,373.0,5094.0,113.0
158884,2020,48918.0,0.0,194.0,0.2379,0.2397,0.2442,0.2462,1.1095,o,268.0,337.0,5018.0,103.0
158884,2021,47119.0,0.0,188.0,0.2394,0.2386,0.2366,0.2357,0.9537,o,246.0,302.0,4967.0,104.0
158884,2022,37023.0,0.0,164.0,0.2658,0.263,0.256,0.2529,0.8601,o,285.0,238.0,4668.0,109.0
158884,2023,39410.0,0.0,151.0,0.2299,0.2316,0.2359,0.2379,1.1089,o,346.0,260.0,4405.0,115.0
158884,2024,50534.0,0.0,172.0,0.2042,0.208,0.2182,0.2229,1.3032,o,309.0,250.0,4255.0,71.0
158936,2004,7282.0,0.0,4.0,0.033,0.0334,0.0345,0.035,1.1972,o,41.0,,1104.0,
158936,2005,7412.0,0.0,7.0,0.0567,0.0496,0.0352,0.0303,0.1494,o,20.0,,1848.0,
158936,2007,6420.0,0.0,0.0,0.0,0.0,0.0,0.0,1.0492,o,36.0,,1385.0,
158936,2008,9147.0,0.0,0.0,0.0,0.0,0.0,0.0,1.3846,o,76.0,1.0,1340.0,
158936,2009,11165.0,0.0,0.0,0.0,0.0,0.0,0.0,2.2353,o,106.0,9.0,1373.0,
158954,1998,3212.0,0.0,0.0,0.0,0.0,0.0,0.0,,-,,,,
158954,1999,2816.0,0.0,0.0,0.0,0.0,0.0,0.0,,-,,,,
158954,2000,2027.0,0.0,0.0,0.0,0.0,0.0,0.0,,-,,,,
158954,2001,2203.0,0.0,0.0,0.0,0.0,0.0,0.0,,-,,,,
158954,2002,2841.0,0.0,0.0,0.0,0.0,0.0,0.0,,-,13.0,,7795.0,
158954,2003,3855.0,0.0,0.0,0.0,0.0,0.0,0.0,,-,22.0,,10366.0,170.0
158954,2004,2059.0,0.0,0.0,0.0,0.0,0.0,0.0,,-,23.0,,12686.0,337.0
159009,1998,183736.0,875.0,47.0,0.5868,0.5242,0.4978,0.464,0.6251,o,,,,
159009,1999,149616.0,807.0,27.0,0.6581,0.5876,0.5579,0.5198,0.6238,o,,,,
159009,2000,126604.0,752.0,32.0,0.7279,0.6637,0.6362,0.6005,0.6806,o,,,,
159009,2001,126482.0,663.0,69.0,0.6618,0.643,0.6345,0.6232,0.8869,o,,,,
159009,2002,125800.0,579.0,92.0,0.5962,0.6183,0.6288,0.6433,1.1642,o,920.0,,4732.0,
159009,2003,129491.0,599.0,100.0,0.6014,0.628,0.6406,0.6582,1.1976,o,1042.0,,4656.0,98.0
159009,2004,128760.0,563.0,35.0,0.541,0.5611,0.5705,0.5836,1.1637,o,1156.0,,5277.0,120.0
159009,2005,135288.0,512.0,51.0,0.4768,0.4978,0.5078,0.5216,1.1972,o,1157.0,,5720.0,149.0
159009,2006,136513.0,485.0,35.0,0.4417,0.4684,0.4811,0.4991,1.2765,o,1142.0,212.0,6622.0,170.0
159009,2007,137575.0,517.0,36.0,0.4667,0.4847,0.4933,0.5051,1.1718,o,1210.0,215.0,5454.0,163.0
159009,2008,141963.0,537.0,36.0,0.4691,0.4768,0.4804,0.4853,1.0701,o,1213.0,188.0,5300.0,146.0
159009,2009,142544.0,554.0,33.0,0.4803,0.4857,0.4881,0.4916,1.0476,o,931.0,158.0,5473.0,160.0
159009,2010,133704.0,713.0,35.0,0.6556,0.6447,0.6398,0.6331,0.9326,o,729.0,235.0,5741.0,152.0
159009,2011,132413.0,695.0,35.0,0.6457,0.5939,0.5716,0.5425,0.7058,o,760.0,273.0,6181.0,154.0
159009,2012,133450.0,686.0,16.0,0.6241,0.5552,0.5263,0.4892,0.6145,o,756.0,290.0,6648.0,161.0
159009,2013,125740.0,725.0,15.0,0.6991,0.6433,0.6192,0.5878,0.7071,o,714.0,264.0,7049.0,190.0
159009,2014,116379.0,697.0,13.0,0.7254,0.7045,0.6952,0.6826,0.8855,o,406.0,235.0,7834.0,199.0
159009,2015,101700.0,592.0,8.0,0.7032,0.6568,0.6365,0.6099,0.7522,o,636.0,320.0,8518.0,204.0
159009,2016,103347.0,513.0,4.0,0.598,0.5465,0.5244,0.4958,0.6873,o,865.0,280.0,9157.0,219.0
159009,2017,109483.0,550.0,0.0,0.6028,0.6059,0.6073,0.6092,1.0211,o,929.0,262.0,9396.0,258.0
159009,2018,117072.0,551.0,1.0,0.5653,0.633,0.6666,0.7154,1.6018,o,923.0,230.0,9266.0,208.0
159009,2019,121084.0,569.0,0.0,0.5639,0.6474,0.6896,0.7518,1.7774,o,874.0,248.0,9072.0,186.0
159009,2020,121329.0,528.0,0.0,0.5222,0.5453,0.5562,0.5714,1.1972,o,1241.0,164.0,9235.0,209.0
159009,2021,133003.0,568.0,0.0,0.5125,0.5331,0.5429,0.5564,1.1789,o,750.0,228.0,8912.0,210.0
159009,2022,125800.0,671.0,0.0,0.6401,0.6513,0.6565,0.6636,1.0751,o,861.0,166.0,8429.0,186.0
159009,2023,121529.0,659.0,0.0,0.6507,0.6339,0.6263,0.6161,0.8965,o,954.0,158.0,7953.0,168.0
159009,2024,121772.0,624.0,0.0,0.6149,0.5928,0.5829,0.5696,0.8582,o,1047.0,158.0,7683.0,168.0
159018,2003,11746.0,0.0,31.0,0.1584,0.1508,0.1329,0.1257,0.4968,o,95.0,,822.0,
159018,2004,11152.0,0.0,30.0,0.1614,0.1551,0.1399,0.1336,0.5638,o,94.0,,809.0,
159018,2005,10436.0,0.0,33.0,0.1897,0.1883,0.1846,0.1829,0.8952,o,38.0,,850.0,
159018,2006,9717.0,0.0,18.0,0.1111,0.1043,0.0885,0.0823,0.4021,o,18.0,4.0,1396.0,
159018,2007,9475.0,0.0,4.0,0.0253,0.0231,0.0183,0.0165,0.2727,o,20.0,7.0,1355.0,
159018,2008,9844.0,0.0,0.0,0.0,0.0,0.0,0.0,0.7143,o,20.0,11.0,1311.0,
159018,2009,10180.0,0.0,1.0,0.0059,0.0059,0.006,0.006,1.0526,o,58.0,39.0,1344.0,
159045,2003,6457.0,0.0,8.0,0.0743,0.0761,0.0809,0.0831,1.4037,o,55.0,,822.0,
159045,2005,6700.0,0.0,2.0,0.0179,0.0178,0.0175,0.0173,0.9048,o,77.0,,850.0,
159045,2006,7729.0,0.0,3.0,0.0233,0.0236,0.0242,0.0246,1.1756,o,97.0,5.0,1458.0,
159045,2007,6884.0,0.0,1.0,0.0087,0.0089,0.0092,0.0094,1.268,o,93.0,1.0,1416.0,
159045,2008,7901.0,0.0,0.0,0.0,0.0,0.0,0.0,1.069,o,110.0,8.0,1370.0,
159045,2009,10082.0,0.0,1.0,0.006,0.006,0.0062,0.0062,1.1579,o,187.0,36.0,1404.0,
159197,1999,7770.0,0.0,92.0,0.7104,0.7104,0.7104,0.7104,,-,,,,
159197,2010,13860.0,0.0,120.0,0.5195,0.5195,0.5195,0.5195,,-,235.0,,,652.0
159197,2011,15950.0,0.0,184.0,0.6922,0.6922,0.6922,0.6922,,-,170.0,,,619.0
159197,2012,15360.0,0.0,147.0,0.5742,0.5742,0.5742,0.5742,,-,154.0,20.0,,655.0
159197,2013,23931.0,0.0,131.0,0.3284,0.3284,0.3284,0.3284,,-,157.0,,12983.0,427.0
159197,2014,29840.0,0.0,174.0,0.3499,0.3499,0.3499,0.3499,,-,185.0,,13923.0,366.0
159197,2015,23833.0,0.0,214.0,0.5387,0.5387,0.5387,0.5387,,-,139.0,,13805.0,506.0
159197,2016,24696.0,0.0,264.0,0.6414,0.6414,0.6414,0.6414,,-,136.0,,13710.0,505.0
159197,2017,27840.0,0.0,250.0,0.5388,0.5388,0.5388,0.5388,,-,179.0,,13481.0,401.0
159197,2018,27960.0,0.0,215.0,0.4614,0.4614,0.4614,0.4614,,-,185.0,,13179.0,382.0
159197,2019,28800.0,0.0,221.0,0.4604,0.4604,0.4604,0.4604,,-,162.0,,13613.0,379.0
159197,2020,20000.0,0.0,249.0,0.747,0.747,0.747,0.747,,-,198.0,,13409.0,561.0
159197,2021,17600.0,0.0,219.0,0.7466,0.7466,0.7466,0.7466,,-,136.0,,13022.0,574.0
159197,2022,16331.0,0.0,199.0,0.7311,0.7311,0.7311,0.7311,,-,128.0,,12239.0,516.0
159197,2023,17000.0,0.0,195.0,0.6882,0.6882,0.6882,0.6882,,-,166.0,,12123.0,441.0
159197,2024,16000.0,0.0,169.0,0.6337,0.6337,0.6337,0.6337,,-,165.0,,11711.0,449.0
159258,1998,3133.0,0.0,18.0,0.3447,0.3441,0.3426,0.342,0.9761,o,,,,
159258,1999,2389.0,0.0,22.0,0.5525,0.555,0.5614,0.5643,1.066,o,,,,
159258,2000,2407.0,0.0,30.0,0.7477,0.6806,0.5344,0.4799,0.2609,o,,,,
159258,2002,2412.0,0.0,16.0,0.398,0.4652,0.6948,0.8304,9.2857,o,66.0,,748.0,
159258,2004,9558.0,0.0,5.0,0.0314,0.027,0.0183,0.0154,0.116,o,37.0,,1138.0,
159258,2005,10308.0,0.0,16.0,0.0931,0.0912,0.0864,0.0843,0.74,o,,,1452.0,
159258,2006,6532.0,0.0,2.0,0.0184,0.0177,0.0161,0.0155,0.5936,i,12.0,11.0,1443.0,
159258,2007,8696.0,0.0,0.0,0.0,0.0,0.0,0.0,0.4133,i,31.0,17.0,1385.0,
159258,2008,11812.0,0.0,0.0,0.0,0.0,0.0,0.0,1.8747,i,65.0,41.0,1340.0,
159258,2009,17019.0,0.0,0.0,0.0,0.0,0.0,0.0,3.0233,o,110.0,87.0,1387.0,
159258,2010,19617.0,0.0,0.0,0.0,0.0,0.0,0.0,2.2917,o,,,1435.0,
159267,2001,2730.0,0.0,17.0,0.3736,0.4134,0.5361,0.6018,4.24,o,,,,
159267,2002,2163.0,0.0,11.0,0.3051,0.3075,0.3136,0.3163,1.1155,o,36.0,,748.0,
159267,2003,6516.0,0.0,14.0,0.1289,0.1147,0.085,0.0744,0.189,o,95.0,,822.0,
159267,2005,7693.0,0.0,9.0,0.0702,0.0721,0.0772,0.0796,1.4656,o,,,1404.0,
159267,2006,2477.0,0.0,17.0,0.4118,0.4021,0.3781,0.3679,0.7108,i,48.0,3.0,1435.0,
159267,2009,7557.0,0.0,4.0,0.0318,0.0322,0.0335,0.0341,1.2381,o,73.0,11.0,1380.0,
159267,2010,10012.0,0.0,7.0,0.0419,0.0425,0.0439,0.0445,1.1967,o,,,1428.0,
159373,1998,25079.0,353.0,89.0,1.902,1.902,1.902,1.902,,n,,,,
159373,1999,25280.0,281.0,73.0,1.5071,1.5071,1.5071,1.5071,,n,,,,
159373,2000,24177.0,301.0,57.0,1.6354,1.6354,1.6354,1.6354,,n,,,,
159373,2002,23835.0,320.0,8.0,1.6312,1.6312,1.6312,1.6312,,n,,,,
159373,2003,18871.0,329.0,5.0,2.108,2.108,2.108,2.108,,n,,,,623.0
159373,2004,19968.0,340.0,5.0,2.0583,2.0583,2.0583,2.0583,,n,,,,450.0
159373,2005,18073.0,231.0,6.0,1.5537,1.5537,1.5537,1.5537,,n,,,,575.0
159373,2006,18812.0,227.0,4.0,1.4608,1.4608,1.4608,1.4608,,n,,,,563.0
159373,2007,18107.0,259.0,7.0,1.7397,1.7397,1.7397,1.7397,,n,,,,576.0
159373,2008,19199.0,244.0,5.0,1.5407,1.5407,1.5407,1.5407,,n,,,,588.0
159373,2009,22796.0,255.0,6.0,1.3581,1.3581,1.3581,1.3581,,n,,235.0,,507.0
159373,2010,25136.0,286.0,5.0,1.3773,1.3773,1.3773,1.3773,,n,,220.0,,351.0
159373,2011,25604.0,277.0,11.0,1.324,1.324,1.324,1.324,,n,,233.0,,233.0
159373,2012,25286.0,328.0,5.0,1.5685,1.5685,1.5685,1.5685,,n,,250.0,,425.0
159373,2013,25716.0,337.0,4.0,1.5819,1.5819,1.5819,1.5819,,n,,257.0,,478.0
159373,2014,25512.0,349.0,8.0,1.6604,1.6604,1.6604,1.6604,,n,,241.0,,555.0
159373,2015,25737.0,330.0,9.0,1.5596,1.5596,1.5596,1.5596,,n,,205.0,,647.0
159373,2016,24343.0,339.0,3.0,1.6785,1.6785,1.6785,1.6785,,n,,204.0,,751.0
159373,2017,24638.0,312.0,2.0,1.5245,1.5245,1.5245,1.5245,,n,,231.0,,781.0
159373,2018,28131.0,323.0,2.0,1.3821,1.3821,1.3821,1.3821,,n,,230.0,,711.0
159373,2019,25820.0,323.0,2.0,1.5058,1.5058,1.5058,1.5058,,n,,218.0,,768.0
159373,2020,26136.0,331.0,5.0,1.5312,1.5312,1.5312,1.5312,,n,,198.0,,772.0
159373,2021,25314.0,330.0,4.0,1.5738,1.5738,1.5738,1.5738,,n,,216.0,,766.0
159373,2022,24636.0,324.0,4.0,1.5879,1.5879,1.5879,1.5879,,n,,228.0,,738.0
159373,2023,24972.0,314.0,2.0,1.5137,1.5137,1.5137,1.5137,,n,,189.0,,713.0
159373,2024,24812.0,321.0,3.0,1.5597,1.5597,1.5597,1.5597,,n,,213.0,,687.0
159382,1998,48432.0,0.0,154.0,0.1908,0.1887,0.1877,0.1864,0.9545,o,,,,
159382,1999,47866.0,0.0,176.0,0.2206,0.2152,0.2127,0.2094,0.9011,o,,,,
159382,2000,48219.0,0.0,180.0,0.224,0.2156,0.2119,0.207,0.8539,o,,,,
159382,2001,47919.0,0.0,134.0,0.1678,0.1668,0.1664,0.1658,0.9762,o,,,,
159382,2002,56173.0,0.0,152.0,0.1624,0.1681,0.1708,0.1745,1.1551,o,662.0,,2513.0,
159382,2003,64294.0,0.0,209.0,0.195,0.2093,0.2161,0.2259,1.341,o,577.0,,2484.0,58.0
159382,2004,66641.0,52.0,194.0,0.2683,0.2808,0.2867,0.295,1.2088,o,547.0,,3637.0,93.0
159382,2005,65865.0,83.0,196.0,0.3298,0.3282,0.3274,0.3264,0.9799,o,517.0,,4533.0,111.0
159382,2006,64473.0,101.0,182.0,0.3574,0.342,0.3352,0.3261,0.8326,o,464.0,167.0,4705.0,121.0
159382,2007,59768.0,156.0,178.0,0.4919,0.4651,0.4533,0.4377,0.7918,o,367.0,164.0,4676.0,118.0
159382,2008,56783.0,131.0,156.0,0.4417,0.4108,0.3974,0.3798,0.7393,o,361.0,188.0,4623.0,151.0
159382,2009,58355.0,166.0,151.0,0.4966,0.4534,0.4348,0.4108,0.6842,o,374.0,193.0,4863.0,153.0
159382,2010,56506.0,137.0,116.0,0.4141,0.3864,0.3743,0.3585,0.7492,o,369.0,224.0,5092.0,155.0
159382,2011,56493.0,161.0,142.0,0.4928,0.4797,0.4739,0.466,0.8941,o,331.0,220.0,5327.0,157.0
159382,2012,53743.0,180.0,118.0,0.5337,0.5287,0.5264,0.5233,0.9615,o,371.0,166.0,5989.0,174.0
159382,2013,50872.0,183.0,114.0,0.5661,0.5599,0.5571,0.5533,0.9551,o,391.0,174.0,6173.0,186.0
159382,2014,49742.0,190.0,107.0,0.5874,0.591,0.5926,0.5949,1.0256,o,451.0,233.0,7027.0,213.0
159382,2015,59265.0,214.0,101.0,0.5356,0.5598,0.5713,0.5874,1.2029,o,505.0,311.0,7845.0,214.0
159382,2016,67786.0,216.0,92.0,0.4638,0.4995,0.5168,0.5413,1.3618,o,529.0,290.0,7983.0,210.0
159382,2017,73035.0,264.0,133.0,0.543,0.5843,0.6043,0.6326,1.357,o,470.0,291.0,8500.0,224.0
159382,2018,75521.0,306.0,122.0,0.5831,0.6076,0.6191,0.6352,1.1865,o,468.0,272.0,8311.0,232.0
159382,2019,75240.0,390.0,125.0,0.7217,0.7184,0.7169,0.7149,0.9812,o,472.0,394.0,8138.0,237.0
159382,2020,78633.0,443.0,125.0,0.7714,0.754,0.7461,0.7355,0.9091,o,480.0,536.0,8016.0,251.0
159382,2021,87189.0,439.0,126.0,0.6909,0.683,0.6794,0.6745,0.953,o,410.0,480.0,7784.0,234.0
159382,2022,91319.0,559.0,139.0,0.8259,0.8155,0.8109,0.8045,0.9488,o,414.0,723.0,7553.0,223.0
159382,2023,100865.0,639.0,147.0,0.8477,0.8213,0.8095,0.7936,0.8766,o,482.0,1074.0,7298.0,225.0
159382,2024,132227.0,710.0,145.0,0.7101,0.6999,0.6952,0.6889,0.9412,o,588.0,1262.0,7050.0,194.0
159391,1998,647422.0,3122.0,0.0,0.5787,0.6141,0.631,0.6549,1.2807,o,,,,
159391,1999,707050.0,3451.0,0.0,0.5857,0.6294,0.6505,0.6804,1.3496,o,,,,
159391,2000,743728.0,3830.0,0.0,0.618,0.6623,0.6836,0.7138,1.3343,o,,,,
159391,2001,753634.0,4025.0,0.0,0.6409,0.6707,0.6848,0.7046,1.2086,o,,,,
159391,2002,770777.0,4401.0,0.0,0.6852,0.699,0.7054,0.7143,1.0867,o,5262.0,,6047.0,
159391,2003,766855.0,4429.0,0.0,0.6931,0.6978,0.6999,0.7029,1.0285,o,5428.0,,6009.0,229.0
159391,2004,754875.0,4312.0,0.0,0.6855,0.692,0.6951,0.6992,1.0405,o,5700.0,,6484.0,253.0
159391,2005,765142.0,4449.0,0.0,0.6978,0.7094,0.7148,0.7222,1.0712,o,4970.0,,6802.0,275.0
159391,2006,780058.0,4385.0,0.0,0.6746,0.6762,0.6769,0.678,1.0101,o,4508.0,759.0,6885.0,287.0
159391,2007,715061.0,4617.0,0.0,0.7748,0.7528,0.7429,0.7296,0.8866,o,4596.0,720.0,6728.0,286.0
159391,2008,681452.0,4600.0,0.0,0.81,0.7719,0.7551,0.7327,0.8181,o,5141.0,922.0,6648.0,280.0
159391,2009,680631.0,4734.0,0.0,0.8346,0.8165,0.8083,0.7973,0.9126,o,4789.0,911.0,7318.0,298.0
159391,2010,673587.0,4388.0,0.0,0.7817,0.7905,0.7946,0.8001,1.0477,o,5481.0,923.0,7481.0,302.0
159391,2011,690450.0,4440.0,0.0,0.7717,0.7943,0.8049,0.8196,1.1281,o,5290.0,857.0,8046.0,327.0
159391,2012,695840.0,4600.0,0.0,0.7933,0.8127,0.8218,0.8343,1.1062,o,5725.0,902.0,8645.0,362.0
159391,2013,699178.0,4529.0,0.0,0.7773,0.7969,0.806,0.8187,1.1093,o,5501.0,933.0,9343.0,393.0
159391,2014,702003.0,4692.0,0.0,0.802,0.8194,0.8274,0.8385,1.0931,o,5655.0,956.0,10365.0,442.0
159391,2015,714618.0,4649.0,0.0,0.7807,0.7873,0.7903,0.7945,1.0357,o,5624.0,1046.0,11423.0,462.0
159391,2016,727258.0,4806.0,0.0,0.793,0.7975,0.7996,0.8025,1.024,o,5475.0,784.0,12594.0,476.0
159391,2017,713952.0,4930.0,0.0,0.8286,0.8264,0.8253,0.8239,0.9887,o,4917.0,703.0,13786.0,502.0
159391,2018,683585.0,4852.0,0.0,0.8517,0.8374,0.8309,0.8221,0.9315,o,5812.0,727.0,14175.0,502.0
159391,2019,686777.0,5097.0,0.0,0.8906,0.88,0.8751,0.8686,0.9512,o,6132.0,724.0,14581.0,502.0
159391,2020,707466.0,4971.0,0.0,0.8432,0.8582,0.8651,0.8747,1.0761,o,6701.0,928.0,14378.0,483.0
159391,2021,753024.0,4675.0,0.0,0.745,0.7837,0.8021,0.8279,1.2349,o,7045.0,923.0,13962.0,464.0
159391,2022,783811.0,4946.0,0.0,0.7572,0.8036,0.8258,0.8571,1.2812,o,7401.0,998.0,13118.0,456.0
159391,2023,835264.0,4839.0,0.0,0.6952,0.7277,0.7431,0.7646,1.2095,o,7521.0,1033.0,12374.0,433.0
159391,2024,881586.0,5349.0,0.0,0.7281,0.7549,0.7676,0.7851,1.1628,o,7925.0,1091.0,11954.0,427.0
159407,1998,56431.0,0.0,287.0,0.3052,0.3063,0.3091,0.3104,1.0533,o,,,,
159407,1999,58931.0,0.0,250.0,0.2545,0.2591,0.2711,0.2766,1.286,o,,,,
159407,2000,57049.0,0.0,277.0,0.2913,0.2972,0.3128,0.32,1.3289,o,,,,
159407,2001,59815.0,0.0,278.0,0.2789,0.2791,0.2796,0.2798,1.0103,o,,,,
159407,2002,63221.0,0.0,299.0,0.2838,0.2814,0.2755,0.2729,0.8882,o,729.0,,2449.0,
159407,2003,69628.0,0.0,278.0,0.2396,0.2401,0.2414,0.242,1.0311,o,942.0,,2474.0,
159407,2004,73095.0,0.0,282.0,0.2315,0.2362,0.249,0.2548,1.3381,o,899.0,,2925.0,36.0
159407,2005,68916.0,0.0,288.0,0.2507,0.252,0.2554,0.2569,1.076,o,816.0,,3200.0,44.0
159407,2006,62955.0,0.0,274.0,0.2611,0.2589,0.2534,0.251,0.8865,o,739.0,172.0,3266.0,43.0
159407,2007,59484.0,0.0,271.0,0.2734,0.2705,0.2634,0.2603,0.8618,o,818.0,204.0,3297.0,54.0
159407,2008,60195.0,0.0,252.0,0.2512,0.2521,0.2544,0.2554,1.0521,o,835.0,225.0,3208.0,64.0
159407,2009,53295.0,0.0,244.0,0.2747,0.276,0.2796,0.2811,1.0726,o,915.0,235.0,3413.0,106.0
159407,2010,56714.0,0.0,257.0,0.2719,0.2738,0.2789,0.2812,1.1071,o,845.0,256.0,3288.0,99.0
159407,2011,56744.0,0.0,270.0,0.2855,0.2848,0.283,0.2822,0.9657,o,799.0,200.0,3473.0,119.0
159407,2012,52697.0,0.0,275.0,0.3131,0.311,0.3056,0.3033,0.908,o,776.0,220.0,3731.0,131.0
159407,2013,52160.0,0.0,309.0,0.3554,0.354,0.3504,0.3488,0.944,o,704.0,146.0,3770.0,124.0
159407,2014,54113.0,0.0,323.0,0.3581,0.3553,0.3482,0.3451,0.894,o,799.0,153.0,4210.0,120.0
159407,2015,51824.0,0.0,296.0,0.3427,0.3445,0.3493,0.3515,1.0797,o,724.0,168.0,4598.0,130.0
159407,2016,52042.0,0.0,290.0,0.3343,0.3335,0.3312,0.3303,0.9634,o,869.0,171.0,4963.0,136.0
159407,2017,57626.0,0.0,278.0,0.2895,0.2921,0.2992,0.3023,1.1412,o,801.0,151.0,5599.0,155.0
159407,2018,59840.0,0.0,298.0,0.2988,0.2989,0.2992,0.2994,1.0056,o,920.0,221.0,5474.0,148.0
159407,2019,63309.0,0.0,302.0,0.2862,0.2882,0.2932,0.2955,1.1018,o,784.0,166.0,5772.0,146.0
159407,2020,59514.0,0.0,342.0,0.3448,0.3426,0.3369,0.3344,0.9111,o,883.0,193.0,5685.0,125.0
159407,2021,61713.0,0.0,318.0,0.3092,0.3099,0.3119,0.3128,1.0364,o,768.0,223.0,5521.0,142.0
159407,2022,59485.0,0.0,333.0,0.3359,0.334,0.3291,0.3269,0.9214,o,773.0,245.0,5189.0,130.0
159407,2023,61769.0,0.0,381.0,0.3701,0.3684,0.3641,0.3621,0.9364,o,799.0,252.0,4896.0,118.0
159407,2024,67695.0,0.0,398.0,0.3528,0.3537,0.356,0.357,1.037,o,862.0,299.0,4730.0,124.0
159416,1998,83113.0,432.0,0.0,0.6237,0.6365,0.6425,0.6507,1.0884,o,,,,
159416,1999,114930.0,449.0,0.0,0.4688,0.4888,0.4982,0.5114,1.1898,o,,,,
159416,2000,84410.0,462.0,0.0,0.6568,0.6841,0.6969,0.7149,1.1848,o,,,,
159416,2001,81103.0,449.0,0.0,0.6643,0.6826,0.6911,0.703,1.1196,o,,,,
159416,2002,83684.0,421.0,0.0,0.6037,0.5984,0.596,0.5927,0.9639,o,501.0,,3984.0,
159416,2003,85820.0,423.0,0.0,0.5915,0.5831,0.5793,0.5742,0.9423,o,579.0,,4024.0,136.0
159416,2004,72201.0,399.0,0.0,0.6631,0.6723,0.6765,0.6824,1.0588,o,543.0,,4783.0,188.0
159416,2005,93432.0,482.0,0.0,0.6191,0.6341,0.6412,0.6509,1.1054,o,459.0,,5125.0,152.0
159416,2006,93295.0,485.0,0.0,0.6238,0.6246,0.6249,0.6254,1.005,o,420.0,,5095.0,148.0
159416,2007,86428.0,462.0,0.0,0.6415,0.6105,0.5969,0.5787,0.8139,o,368.0,376.0,5323.0,143.0
159416,2008,86034.0,521.0,0.0,0.7267,0.6676,0.6421,0.609,0.7023,o,364.0,379.0,5151.0,127.0
159416,2009,89826.0,529.0,0.0,0.7067,0.6554,0.6332,0.604,0.7305,o,361.0,482.0,5088.0,138.0
159416,2010,95775.0,502.0,0.0,0.629,0.6006,0.588,0.5712,0.8248,o,345.0,363.0,5336.0,132.0
159416,2011,90903.0,565.0,0.0,0.7458,0.7264,0.7177,0.706,0.8959,o,321.0,449.0,5758.0,146.0
159416,2012,91952.0,517.0,0.0,0.6747,0.6596,0.6528,0.6436,0.9098,o,370.0,354.0,6115.0,145.0
159416,2013,86741.0,515.0,0.0,0.7125,0.7043,0.7006,0.6956,0.9531,o,345.0,366.0,6608.0,152.0
159416,2014,77678.0,448.0,0.0,0.6921,0.6942,0.6952,0.6965,1.0127,o,348.0,355.0,7381.0,183.0
159416,2015,75102.0,455.0,0.0,0.727,0.734,0.7372,0.7416,1.0405,o,357.0,326.0,8052.0,203.0
159416,2016,63550.0,439.0,0.0,0.829,0.833,0.8348,0.8373,1.0203,o,257.0,307.0,8949.0,263.0
159416,2017,58522.0,387.0,0.0,0.7935,0.7651,0.7524,0.7354,0.8587,o,286.0,350.0,9110.0,313.0
159416,2018,59618.0,398.0,0.0,0.8011,0.7555,0.7355,0.7091,0.7836,o,293.0,378.0,8931.0,319.0
159416,2019,57905.0,425.0,0.0,0.8808,0.8401,0.8221,0.7982,0.8213,o,338.0,389.0,8940.0,315.0
159416,2020,60279.0,400.0,0.0,0.7963,0.8015,0.8039,0.8072,1.0277,o,339.0,330.0,8807.0,342.0
159416,2021,60373.0,447.0,0.0,0.8885,0.9368,0.9598,0.9921,1.2468,o,306.0,313.0,8357.0,313.0
159416,2022,57907.0,422.0,0.0,0.8745,0.8975,0.9082,0.923,1.114,o,306.0,292.0,8038.0,295.0
159416,2023,56934.0,409.0,0.0,0.8621,0.8557,0.8529,0.849,0.9699,o,285.0,334.0,7585.0,281.0
159416,2024,57370.0,425.0,0.0,0.889,0.8604,0.8477,0.8306,0.873,o,296.0,671.0,7327.0,339.0
159443,1998,5505.0,0.0,77.0,0.8393,0.8648,0.9342,0.9668,1.5349,o,,,,
159443,2000,9855.0,0.0,131.0,0.7976,0.7941,0.7853,0.7814,0.9398,o,,,,
159443,2002,24101.0,0.0,69.0,0.1718,0.1783,0.1963,0.2048,1.7045,o,290.0,,748.0,
159443,2003,33533.0,0.0,98.0,0.1753,0.1667,0.1464,0.1382,0.4858,o,183.0,,822.0,
159443,2004,29950.0,0.0,111.0,0.2224,0.2078,0.1745,0.1615,0.3793,o,282.0,,1104.0,
159443,2005,25387.0,0.0,72.0,0.1702,0.1723,0.1778,0.1803,1.1924,o,203.0,,1436.0,
159443,2006,24880.0,0.0,51.0,0.123,0.1218,0.1189,0.1176,0.8731,o,257.0,9.0,1609.0,
159443,2007,26143.0,0.0,36.0,0.0826,0.083,0.0838,0.0842,1.0598,o,279.0,16.0,1249.0,
159443,2008,25161.0,0.0,72.0,0.1717,0.174,0.1802,0.183,1.213,o,194.0,20.0,1209.0,
159443,2009,27697.0,0.0,58.0,0.1256,0.1228,0.1159,0.1129,0.7239,o,262.0,11.0,1243.0,
159443,2010,99971.0,0.0,71.0,0.0426,0.0429,0.0437,0.0441,1.1078,o,792.0,98.0,1292.0,30.0
159443,2011,103589.0,0.0,77.0,0.0446,0.0487,0.0609,0.0673,3.4737,o,897.0,98.0,1441.0,23.0
159443,2012,89304.0,0.0,89.0,0.0598,0.0621,0.0683,0.0713,1.7021,o,857.0,155.0,2006.0,32.0
159443,2013,71346.0,0.0,98.0,0.0824,0.0825,0.0827,0.0828,1.0148,o,506.0,94.0,3851.0,
159568,1998,25342.0,173.0,0.0,0.8192,0.8301,0.8323,0.838,1.0465,o,,,,
159568,1999,26203.0,157.0,2.0,0.7236,0.7654,0.7743,0.7971,1.2136,o,,,,
159568,2000,25335.0,120.0,0.0,0.5684,0.6118,0.6212,0.6453,1.289,o,,,,
159568,2001,30177.0,158.0,0.0,0.6283,0.6869,0.6997,0.7327,1.36,o,,,,
159568,2002,30736.0,176.0,0.0,0.6871,0.7446,0.757,0.7891,1.3188,o,247.0,,15798.0,
159568,2003,29796.0,183.0,0.0,0.737,0.7523,0.7555,0.7636,1.0734,o,266.0,,15498.0,349.0
159568,2004,31147.0,198.0,0.0,0.7628,0.7248,0.7171,0.6984,0.8382,o,240.0,,15655.0,324.0
159568,2005,29092.0,189.0,0.0,0.7796,0.7292,0.7192,0.6948,0.7943,o,224.0,,15967.0,330.0
159568,2006,26638.0,153.0,0.0,0.6892,0.6592,0.6532,0.6383,0.8577,o,263.0,49.0,17030.0,324.0
159568,2007,26469.0,157.0,0.0,0.7118,0.7011,0.6989,0.6935,0.9493,o,248.0,73.0,16530.0,315.0
159568,2008,28025.0,128.0,0.0,0.5481,0.5496,0.55,0.5508,1.0099,o,225.0,52.0,16814.0,331.0
159568,2009,25419.0,152.0,0.0,0.7176,0.7216,0.7224,0.7245,1.0194,o,256.0,119.0,17309.0,295.0
159568,2010,27807.0,160.0,13.0,0.7185,0.7159,0.7154,0.7141,0.9877,o,294.0,69.0,17912.0,290.0
159568,2011,30603.0,180.0,0.0,0.7058,0.721,0.7242,0.7323,1.0763,o,340.0,92.0,18189.0,273.0
159568,2012,32663.0,166.0,13.0,0.6337,0.6899,0.7022,0.7337,1.3404,o,293.0,70.0,18205.0,326.0
159568,2013,32099.0,162.0,18.0,0.6393,0.6923,0.7038,0.7334,1.316,o,265.0,60.0,18421.0,369.0
159568,2014,30118.0,173.0,21.0,0.7311,0.7342,0.7348,0.7364,1.0145,o,236.0,51.0,18590.0,434.0
159568,2015,27440.0,176.0,24.0,0.8222,0.7679,0.7571,0.7309,0.7902,o,212.0,56.0,19021.0,421.0
159568,2016,25036.0,154.0,19.0,0.7837,0.7089,0.6944,0.6593,0.7077,o,248.0,60.0,19537.0,459.0
159568,2017,24294.0,141.0,11.0,0.7236,0.6842,0.6763,0.657,0.8244,o,311.0,85.0,20369.0,474.0
159568,2018,27511.0,149.0,10.0,0.6717,0.6934,0.698,0.7095,1.1158,o,261.0,72.0,19940.0,425.0
159568,2019,28631.0,124.0,15.0,0.5512,0.5916,0.6004,0.6228,1.2768,o,257.0,48.0,20743.0,409.0
159568,2020,28336.0,147.0,16.0,0.6564,0.6794,0.6843,0.6966,1.1261,o,238.0,41.0,21034.0,405.0
159568,2021,27359.0,163.0,14.0,0.7456,0.7198,0.7146,0.7017,0.8855,o,261.0,57.0,20427.0,382.0
159568,2022,26865.0,156.0,11.0,0.7214,0.6934,0.6877,0.6738,0.8724,o,177.0,55.0,19692.0,341.0
159568,2023,23955.0,171.0,15.0,0.8942,0.8517,0.8432,0.8222,0.8456,o,220.0,69.0,20413.0,346.0
159568,2024,22694.0,133.0,9.0,0.7271,0.682,0.673,0.6511,0.802,o,186.0,51.0,19740.0,318.0
159647,1998,264570.0,1194.0,161.0,0.5781,0.5673,0.5624,0.5558,0.9245,o,,,,
159647,1999,278250.0,1214.0,143.0,0.5544,0.5663,0.5718,0.5795,1.0925,o,,,,
159647,2000,167977.0,1273.0,119.0,0.9519,1.0161,1.047,1.0906,1.3126,o,,,,
159647,2001,158604.0,1267.0,110.0,1.0002,1.0666,1.0985,1.1435,1.3069,o,,,,
159647,2002,262959.0,1272.0,114.0,0.6065,0.6282,0.6385,0.6527,1.1582,o,2060.0,,5268.0,
159647,2003,270961.0,1401.0,98.0,0.6422,0.6556,0.6618,0.6704,1.0899,o,2107.0,,5163.0,152.0
159647,2004,280032.0,1390.0,94.0,0.6158,0.6305,0.6373,0.6468,1.1033,o,1914.0,,5939.0,168.0
159647,2005,267761.0,1384.0,100.0,0.6427,0.6524,0.6569,0.6631,1.0646,o,1797.0,,6300.0,179.0
159647,2006,261394.0,1373.0,110.0,0.6556,0.6462,0.642,0.6362,0.9419,o,1706.0,466.0,6341.0,195.0
159647,2007,250363.0,1380.0,86.0,0.682,0.6542,0.6418,0.6254,0.8407,o,1592.0,402.0,6809.0,193.0
159647,2008,234537.0,1382.0,90.0,0.7301,0.6962,0.6812,0.6612,0.8202,o,1557.0,342.0,6763.0,195.0
159647,2009,230366.0,1322.0,94.0,0.7131,0.6856,0.6733,0.6569,0.8486,o,1507.0,364.0,7244.0,202.0
159647,2010,227345.0,1275.0,79.0,0.6938,0.6719,0.6621,0.6489,0.8747,o,1600.0,375.0,7462.0,213.0
159647,2011,233409.0,1234.0,91.0,0.6578,0.6485,0.6442,0.6385,0.9421,o,1628.0,425.0,7740.0,220.0
159647,2012,235910.0,1231.0,70.0,0.644,0.6478,0.6496,0.652,1.0251,o,1306.0,330.0,8022.0,233.0
159647,2013,225891.0,1211.0,83.0,0.6654,0.6585,0.6553,0.6511,0.9576,o,1553.0,370.0,8788.0,262.0
159647,2014,228215.0,1322.0,56.0,0.7099,0.6958,0.6895,0.6809,0.9202,o,1857.0,368.0,9614.0,284.0
159647,2015,238293.0,1235.0,55.0,0.6358,0.6442,0.6481,0.6534,1.0564,o,1962.0,407.0,10512.0,304.0
159647,2016,257110.0,1231.0,50.0,0.5862,0.6245,0.6429,0.6688,1.3016,o,2018.0,329.0,11479.0,313.0
159647,2017,271435.0,1311.0,62.0,0.5933,0.6423,0.6661,0.7,1.3921,o,1918.0,310.0,11622.0,322.0
159647,2018,272854.0,1439.0,67.0,0.6476,0.6703,0.6809,0.6958,1.1543,o,2186.0,228.0,12020.0,320.0
159647,2019,270021.0,1495.0,61.0,0.6779,0.6898,0.6952,0.7028,1.0746,o,2050.0,218.0,11769.0,312.0
159647,2020,257926.0,1533.0,62.0,0.7277,0.7386,0.7437,0.7507,1.0643,o,1863.0,207.0,12242.0,325.0
159647,2021,252742.0,1514.0,80.0,0.7378,0.7368,0.7363,0.7357,0.9942,o,1871.0,222.0,11748.0,318.0
159647,2022,254007.0,1512.0,71.0,0.7311,0.7147,0.7073,0.6973,0.9098,o,1772.0,188.0,11042.0,295.0
159647,2023,239805.0,1494.0,84.0,0.7686,0.7413,0.7291,0.7128,0.86,o,2263.0,198.0,10419.0,283.0
159647,2024,251893.0,1521.0,90.0,0.746,0.7515,0.7541,0.7576,1.0312,o,2453.0,221.0,10125.0,262.0
159656,1998,94032.0,708.0,0.0,0.9035,0.8531,0.843,0.8183,0.8202,o,,,,
159656,1999,95117.0,689.0,0.0,0.8692,0.865,0.8641,0.8619,0.9831,o,,,,
159656,2000,98047.0,647.0,0.0,0.7919,0.8434,0.8545,0.8828,1.2428,o,,,,
159656,2001,104318.0,675.0,0.0,0.7765,0.8453,0.8602,0.8988,1.34,o,,,,
159656,2002,108215.0,701.0,0.0,0.7773,0.8253,0.8356,0.8619,1.2293,o,871.0,,28928.0,
159656,2003,109368.0,815.0,0.0,0.8942,0.9331,0.9414,0.9623,1.1581,o,864.0,,32903.0,795.0
159656,2004,102956.0,784.0,0.0,0.9138,0.9251,0.9274,0.9334,1.0433,o,815.0,,35356.0,870.0
159656,2005,108207.0,808.0,0.0,0.8961,0.8897,0.8883,0.8851,0.9756,o,,,36718.0,827.0
159656,2006,56557.0,533.0,0.0,1.1309,1.0755,1.0644,1.0371,0.8411,i,520.0,174.0,,1217.0
159656,2007,89817.0,824.0,0.0,1.1009,0.9823,0.9594,0.9044,0.6749,i,496.0,143.0,36916.0,842.0
159656,2008,79579.0,653.0,0.0,0.9847,0.8512,0.8259,0.766,0.6051,o,699.0,154.0,38790.0,926.0
159656,2009,79710.0,599.0,0.0,0.9018,0.8499,0.8395,0.8142,0.8151,i,796.0,157.0,40566.0,887.0
159656,2010,82595.0,518.0,0.0,0.7526,0.8078,0.8198,0.8504,1.2767,i,765.0,148.0,42679.0,721.0
159656,2011,89724.0,448.0,0.0,0.5992,0.6786,0.6964,0.7427,1.5364,o,860.0,161.0,44327.0,702.0
159656,2012,97269.0,546.0,0.0,0.6736,0.7364,0.7501,0.7855,1.3598,o,872.0,144.0,45651.0,759.0
159656,2013,97739.0,621.0,0.0,0.7624,0.7957,0.8027,0.8207,1.1585,o,624.0,161.0,47031.0,785.0
159656,2014,89039.0,519.0,0.0,0.6995,0.6909,0.6891,0.6848,0.9584,o,615.0,110.0,48529.0,814.0
159656,2015,85818.0,610.0,0.0,0.853,0.7885,0.7757,0.7448,0.7625,o,665.0,91.0,47819.0,769.0
159656,2016,83455.0,688.0,0.0,0.9893,0.9062,0.8899,0.8504,0.739,o,615.0,91.0,49044.0,707.0
159656,2017,76292.0,514.0,0.0,0.8085,0.7727,0.7655,0.7478,0.8556,o,803.0,90.0,49403.0,678.0
159656,2018,80550.0,466.0,0.0,0.6942,0.7219,0.7278,0.7427,1.1445,o,789.0,198.0,49218.0,631.0
159656,2019,89440.0,512.0,0.0,0.6869,0.7318,0.7414,0.7661,1.2438,o,830.0,187.0,48737.0,601.0
159656,2020,94471.0,505.0,0.0,0.6415,0.6867,0.6964,0.7214,1.2648,o,767.0,137.0,49090.0,587.0
159656,2021,98505.0,662.0,0.0,0.8065,0.8347,0.8407,0.8558,1.1262,o,928.0,140.0,49348.0,567.0
159656,2022,99698.0,564.0,1.0,0.6795,0.6919,0.6945,0.7011,1.0647,o,797.0,126.0,47719.0,562.0
159656,2023,96436.0,651.0,0.0,0.8101,0.8251,0.8283,0.8362,1.0655,o,695.0,113.0,46613.0,602.0
159656,2024,94085.0,624.0,0.0,0.7959,0.7803,0.7772,0.7693,0.9343,o,579.0,129.0,47240.0,611.0
159717,1998,199331.0,856.0,118.0,0.5508,0.5506,0.5505,0.5503,0.998,o,,,,
159717,1999,196618.0,833.0,165.0,0.5587,0.5593,0.5595,0.5598,1.0039,o,,,,
159717,2000,191813.0,876.0,173.0,0.6021,0.5994,0.5981,0.5964,0.981,o,,,,
159717,2001,192035.0,815.0,162.0,0.5599,0.5444,0.5374,0.5281,0.8897,o,,,,
159717,2002,196125.0,785.0,171.0,0.5326,0.516,0.5086,0.4986,0.8763,o,1400.0,,4350.0,
159717,2003,202797.0,865.0,159.0,0.5589,0.5536,0.5512,0.548,0.9613,o,1563.0,,4323.0,123.0
159717,2004,209274.0,900.0,179.0,0.5674,0.5814,0.5879,0.5969,1.1068,o,1662.0,,4743.0,133.0
159717,2005,220030.0,991.0,124.0,0.5743,0.5978,0.6089,0.6244,1.1822,o,1369.0,,4986.0,143.0
159717,2006,215531.0,1041.0,120.0,0.613,0.6257,0.6316,0.6397,1.0891,o,1316.0,321.0,4970.0,142.0
159717,2007,205743.0,1043.0,138.0,0.6486,0.6334,0.6266,0.6174,0.9062,o,1298.0,323.0,4909.0,144.0
159717,2008,201600.0,1055.0,148.0,0.672,0.639,0.6244,0.605,0.8105,o,1332.0,349.0,4773.0,139.0
159717,2009,202307.0,1049.0,122.0,0.6584,0.6364,0.6265,0.6133,0.8677,o,1334.0,404.0,4670.0,140.0
159717,2010,210285.0,975.0,152.0,0.5998,0.5987,0.5983,0.5976,0.9929,o,1332.0,365.0,5128.0,143.0
159717,2011,218802.0,983.0,172.0,0.5863,0.5891,0.5903,0.5921,1.0199,o,1383.0,362.0,5566.0,150.0
159717,2012,215481.0,1105.0,119.0,0.6485,0.6535,0.6558,0.6589,1.0323,o,1313.0,290.0,5964.0,162.0
159717,2013,208260.0,1177.0,142.0,0.7191,0.721,0.7219,0.7231,1.0113,o,1330.0,320.0,6802.0,181.0
159717,2014,202311.0,1150.0,121.0,0.718,0.7165,0.7158,0.7149,0.9914,o,1260.0,331.0,7506.0,210.0
159717,2015,196897.0,1081.0,101.0,0.6896,0.6818,0.6783,0.6735,0.954,o,1439.0,296.0,8269.0,233.0
159717,2016,193978.0,1138.0,113.0,0.7389,0.7391,0.7392,0.7394,1.0011,o,1244.0,311.0,9451.0,263.0
159717,2017,182852.0,1098.0,96.0,0.7521,0.7548,0.756,0.7578,1.0151,o,1322.0,318.0,9319.0,266.0
159717,2018,185395.0,1007.0,71.0,0.6748,0.6733,0.6726,0.6716,0.9907,o,1373.0,312.0,9870.0,263.0
159717,2019,187173.0,1038.0,97.0,0.6966,0.6963,0.6962,0.6961,0.9985,o,1215.0,313.0,9591.0,257.0
159717,2020,179934.0,1036.0,146.0,0.7396,0.7332,0.7303,0.7264,0.9646,o,1231.0,334.0,9738.0,256.0
159717,2021,173145.0,1103.0,64.0,0.7866,0.7776,0.7735,0.768,0.9532,o,1020.0,241.0,9784.0,238.0
159717,2022,154312.0,1012.0,64.0,0.8119,0.7775,0.7623,0.742,0.8352,o,1054.0,280.0,9193.0,262.0
159717,2023,148406.0,1027.0,58.0,0.8539,0.8097,0.7902,0.7644,0.8014,o,1063.0,285.0,8737.0,220.0
159717,2024,148454.0,998.0,49.0,0.8265,0.7984,0.7858,0.7689,0.8655,o,1166.0,369.0,8460.0,200.0
159823,2003,10060.0,0.0,34.0,0.2028,0.1919,0.1664,0.1562,0.4539,o,287.0,,822.0,
159823,2004,11261.0,0.0,49.0,0.2611,0.2649,0.275,0.2797,1.2318,o,121.0,,1104.0,
159823,2005,8653.0,0.0,33.0,0.2288,0.2195,0.1974,0.1883,0.5538,o,3.0,,1169.0,
159823,2006,6844.0,0.0,67.0,0.5874,0.4372,0.2045,0.1459,0.0147,o,36.0,3.0,1370.0,
159823,2007,5854.0,0.0,14.0,0.1435,0.1381,0.1253,0.1199,0.5806,o,38.0,,1329.0,
159823,2008,5852.0,0.0,12.0,0.123,0.1289,0.1454,0.1533,1.9487,o,86.0,,1286.0,
159823,2009,6597.0,0.0,13.0,0.1182,0.1254,0.146,0.1562,2.3243,o,85.0,1.0,1306.0,
159939,1998,290385.0,1305.0,0.0,0.5393,0.5499,0.5548,0.5616,1.0845,o,,,,
159939,1999,290756.0,1237.0,0.0,0.5105,0.5235,0.5296,0.538,1.1106,o,,,,
159939,2000,298938.0,1343.0,0.0,0.5391,0.5565,0.5646,0.5759,1.1412,o,,,,
159939,2001,310217.0,1352.0,0.0,0.523,0.5436,0.5533,0.5669,1.1749,o,,,,
159939,2002,331416.0,1435.0,0.0,0.5196,0.5404,0.5502,0.5639,1.1777,o,1974.0,,4958.0,
159939,2003,336286.0,1579.0,0.0,0.5634,0.5768,0.583,0.5916,1.1024,o,2251.0,,4813.0,
159939,2004,337406.0,1727.0,0.0,0.6142,0.6242,0.6289,0.6352,1.0696,o,2043.0,,5114.0,233.0
159939,2006,177655.0,1346.0,0.0,0.9092,0.8023,0.7576,0.7006,0.5938,o,1021.0,,5129.0,250.0
159939,2007,238576.0,1368.0,0.0,0.6881,0.5331,0.4743,0.4043,0.3453,o,1085.0,683.0,4979.0,220.0
159939,2008,226325.0,1260.0,0.0,0.6681,0.5631,0.5206,0.4679,0.4905,o,1246.0,689.0,5830.0,228.0
159939,2009,225414.0,1356.0,0.0,0.7219,0.7111,0.7063,0.6997,0.9395,o,1259.0,769.0,5867.0,239.0
159939,2010,228628.0,1347.0,0.0,0.707,0.8049,0.8542,0.9264,1.7169,o,1066.0,785.0,6173.0,245.0
159939,2011,219163.0,1435.0,0.0,0.7857,0.8046,0.8134,0.8256,1.104,o,1104.0,802.0,6643.0,275.0
159939,2012,211909.0,1405.0,0.0,0.7956,0.7821,0.7759,0.7677,0.9309,o,882.0,655.0,7094.0,287.0
159939,2013,197825.0,1386.0,0.0,0.8407,0.7952,0.7751,0.7486,0.7928,o,857.0,733.0,7820.0,314.0
159939,2014,182906.0,1430.0,0.0,0.9382,0.875,0.8475,0.8114,0.748,o,865.0,830.0,8660.0,342.0
159939,2015,182128.0,1248.0,0.0,0.8223,0.7779,0.7583,0.7325,0.7935,o,922.0,669.0,9650.0,362.0
159939,2016,166267.0,1164.0,0.0,0.8401,0.8191,0.8096,0.7969,0.8998,o,876.0,743.0,10377.0,377.0
159939,2017,162580.0,1182.0,0.0,0.8724,0.8794,0.8827,0.8871,1.0339,o,960.0,666.0,10815.0,381.0
159939,2018,162178.0,1135.0,0.0,0.8398,0.8528,0.8589,0.8672,1.0662,o,1019.0,617.0,10573.0,368.0
159939,2019,165142.0,1087.0,0.0,0.7899,0.8095,0.8186,0.8312,1.1074,o,935.0,640.0,10702.0,358.0
159939,2020,163646.0,1101.0,0.0,0.8074,0.8236,0.8312,0.8416,1.0868,o,1123.0,637.0,10543.0,334.0
159939,2021,163609.0,1162.0,0.0,0.8523,0.8759,0.887,0.9023,1.1209,o,1151.0,470.0,10589.0,343.0
159939,2022,150726.0,1019.0,0.0,0.8113,0.8388,0.8517,0.8696,1.1491,o,1012.0,392.0,9952.0,283.0
159939,2023,138344.0,878.0,0.0,0.7616,0.7804,0.7892,0.8013,1.107,o,829.0,305.0,9494.0,252.0
159939,2024,132102.0,780.0,0.0,0.7085,0.6898,0.6814,0.6701,0.8946,o,993.0,487.0,9172.0,232.0
159948,1998,12336.0,47.0,42.0,0.6615,0.5759,0.5596,0.5209,0.6201,o,,,,
159948,1999,10528.0,40.0,24.0,0.5927,0.6114,0.6153,0.6253,1.113,o,,,,
159948,2000,10629.0,71.0,18.0,0.9032,1.0338,1.063,1.1399,1.593,o,,,,
159948,2003,23760.0,70.0,21.0,0.4066,0.4128,0.4141,0.4173,1.0537,i,189.0,,4928.0,
159948,2006,16118.0,59.0,14.0,0.4914,0.4798,0.4775,0.4717,0.9214,i,73.0,,,119.0
159948,2007,14104.0,103.0,82.0,1.2252,1.0353,0.9998,0.9164,0.5594,i,84.0,,3032.0,183.0
159948,2008,15758.0,53.0,14.0,0.4569,0.3539,0.3356,0.2941,0.4142,o,221.0,33.0,3088.0,178.0
159948,2009,16391.0,95.0,13.0,0.7431,0.7411,0.7407,0.7397,0.991,i,303.0,43.0,6863.0,183.0
159948,2010,17494.0,106.0,26.0,0.8163,1.0942,1.1626,1.3528,2.7467,i,283.0,38.0,7774.0,198.0
159948,2011,17350.0,94.0,21.0,0.7228,1.059,1.146,1.3964,3.7325,o,180.0,36.0,7794.0,196.0
159948,2012,18278.0,61.0,16.0,0.453,0.5113,0.5243,0.5581,1.518,o,257.0,22.0,7800.0,202.0
159948,2013,17837.0,112.0,18.0,0.814,0.7723,0.7639,0.7434,0.834,o,189.0,22.0,8382.0,206.0
159948,2014,15817.0,94.0,67.0,0.9673,0.8937,0.8792,0.8439,0.7611,o,282.0,10.0,8610.0,214.0
159948,2015,18434.0,90.0,5.0,0.6021,0.6051,0.6058,0.6073,1.0173,o,312.0,42.0,8694.0,234.0
159948,2016,19143.0,96.0,15.0,0.6488,0.7092,0.7224,0.7564,1.3593,o,239.0,29.0,8945.0,226.0
159948,2017,19193.0,112.0,38.0,0.819,0.8708,0.882,0.9104,1.2354,o,,,9408.0,251.0
159948,2019,15726.0,150.0,40.0,1.2972,0.9751,0.9192,0.793,0.3737,i,177.0,117.0,10518.0,300.0
159948,2020,15687.0,64.0,17.0,0.5546,0.4456,0.4258,0.3802,0.4701,o,164.0,20.0,10938.0,249.0
159948,2021,11219.0,105.0,60.0,1.444,1.4004,1.3916,1.3697,0.8998,i,83.0,8.0,10879.0,313.0
159948,2022,13148.0,72.0,50.0,0.8853,0.9131,0.919,0.9338,1.1126,i,104.0,34.0,10707.0,286.0
159948,2023,14180.0,58.0,23.0,0.5882,0.5351,0.5248,0.4998,0.722,o,132.0,59.0,11200.0,270.0
159948,2024,16444.0,88.0,25.0,0.7334,0.6592,0.6448,0.6101,0.6921,o,143.0,50.0,11540.0,279.0
159966,1998,177423.0,606.0,145.0,0.4589,0.4689,0.4736,0.4801,1.0944,o,,,,
159966,1999,181199.0,702.0,140.0,0.5113,0.5131,0.5139,0.5151,1.015,o,,,,
159966,2000,186479.0,725.0,187.0,0.5267,0.5301,0.5317,0.5338,1.0273,o,,,,
159966,2001,184586.0,746.0,185.0,0.5451,0.5572,0.5629,0.5707,1.0961,o,,,,
159966,2002,178771.0,787.0,165.0,0.5837,0.596,0.6017,0.6096,1.0911,o,1499.0,,4227.0,
159966,2003,173953.0,742.0,148.0,0.5629,0.5688,0.5715,0.5753,1.0444,o,1456.0,,4160.0,114.0
159966,2004,176227.0,777.0,149.0,0.5798,0.5772,0.576,0.5743,0.9811,o,1645.0,,4963.0,133.0
159966,2005,185269.0,749.0,159.0,0.5366,0.5396,0.5409,0.5428,1.0231,o,1276.0,,5215.0,161.0
159966,2006,180189.0,696.0,146.0,0.5121,0.5094,0.5081,0.5064,0.9779,o,1117.0,270.0,5282.0,167.0
159966,2007,169649.0,724.0,166.0,0.5708,0.5426,0.5302,0.5137,0.8098,o,1202.0,250.0,5249.0,162.0
159966,2008,174158.0,738.0,146.0,0.5588,0.5212,0.5048,0.4832,0.7478,o,1259.0,297.0,5261.0,154.0
159966,2009,179636.0,861.0,175.0,0.6336,0.6081,0.5967,0.5816,0.8425,o,1259.0,301.0,5253.0,143.0
159966,2010,182932.0,938.0,153.0,0.6655,0.6737,0.6775,0.6827,1.0522,o,1216.0,324.0,5668.0,161.0
159966,2011,181325.0,958.0,152.0,0.6843,0.6951,0.7001,0.7069,1.0673,o,1133.0,288.0,5991.0,160.0
159966,2012,170575.0,910.0,157.0,0.6954,0.6877,0.6842,0.6794,0.9545,o,1253.0,271.0,6445.0,185.0
159966,2013,164749.0,914.0,255.0,0.7586,0.7489,0.7444,0.7385,0.9476,o,1242.0,262.0,7592.0,218.0
159966,2014,161552.0,967.0,228.0,0.803,0.8045,0.8052,0.8062,1.0081,o,1210.0,273.0,8516.0,231.0
159966,2015,157156.0,958.0,209.0,0.8113,0.8197,0.8236,0.8289,1.0438,o,1215.0,273.0,9444.0,255.0
159966,2016,152685.0,875.0,294.0,0.8032,0.8064,0.8078,0.8098,1.0163,o,1138.0,272.0,9526.0,265.0
159966,2017,152561.0,866.0,247.0,0.7783,0.7674,0.7625,0.7558,0.9431,o,1218.0,299.0,9741.0,269.0
159966,2018,153931.0,970.0,233.0,0.847,0.8389,0.8352,0.8303,0.9608,o,1301.0,324.0,9828.0,271.0
159966,2019,160542.0,979.0,196.0,0.805,0.8124,0.8158,0.8205,1.0388,o,1242.0,276.0,9703.0,261.0
159966,2020,164367.0,934.0,171.0,0.7443,0.7583,0.7648,0.7738,1.0807,o,1200.0,273.0,9493.0,251.0
159966,2021,165045.0,1040.0,141.0,0.8074,0.8144,0.8176,0.822,1.0365,o,958.0,244.0,9275.0,243.0
159966,2022,150123.0,1062.0,136.0,0.9033,0.8703,0.8557,0.836,0.8567,o,972.0,231.0,8717.0,237.0
159966,2023,141728.0,1021.0,145.0,0.9259,0.8666,0.8407,0.8066,0.7589,o,1169.0,208.0,8443.0,190.0
159966,2024,145651.0,898.0,110.0,0.7852,0.7608,0.7498,0.7352,0.8767,o,1120.0,211.0,8173.0,182.0
159993,1998,291757.0,1259.0,68.0,0.5318,0.5255,0.5226,0.5187,0.9513,o,,,,
159993,1999,316410.0,1263.0,74.0,0.493,0.4846,0.4808,0.4756,0.9307,o,,,,
159993,2000,203773.0,1215.0,70.0,0.7361,0.7143,0.7045,0.6913,0.882,o,,,,
159993,2001,234909.0,1241.0,69.0,0.6516,0.6192,0.6049,0.5859,0.8086,o,,,,
159993,2002,222491.0,1045.0,53.0,0.5779,0.5378,0.5204,0.4975,0.7411,o,1102.0,,4133.0,
159993,2003,210995.0,995.0,39.0,0.577,0.5351,0.517,0.4932,0.7306,o,1364.0,,4167.0,135.0
159993,2004,215237.0,937.0,34.0,0.5319,0.516,0.5089,0.4994,0.8817,o,1540.0,,4826.0,160.0
159993,2005,223225.0,952.0,50.0,0.5252,0.5451,0.5544,0.5674,1.1672,o,1574.0,,5144.0,154.0
159993,2006,223885.0,938.0,40.0,0.5135,0.5509,0.569,0.5946,1.3411,o,1465.0,416.0,5123.0,175.0
159993,2007,211976.0,877.0,59.0,0.5132,0.5396,0.5521,0.5697,1.2324,o,1432.0,420.0,5293.0,173.0
159993,2008,206786.0,931.0,50.0,0.5548,0.5545,0.5543,0.5541,0.9976,o,1226.0,425.0,5278.0,166.0
159993,2009,195609.0,890.0,33.0,0.5561,0.5354,0.5261,0.5138,0.8536,o,1344.0,485.0,5453.0,179.0
159993,2010,195908.0,1032.0,72.0,0.6542,0.6284,0.6169,0.6016,0.8457,o,990.0,469.0,5451.0,179.0
159993,2011,181749.0,1100.0,69.0,0.7491,0.7112,0.6945,0.6723,0.8057,o,1185.0,569.0,6472.0,206.0
159993,2012,185090.0,1116.0,55.0,0.7414,0.7065,0.6911,0.6706,0.8183,o,1302.0,365.0,6941.0,222.0
159993,2013,176200.0,1025.0,52.0,0.7158,0.7102,0.7076,0.7041,0.9677,o,1338.0,416.0,7276.0,236.0
159993,2014,172404.0,942.0,65.0,0.6783,0.6986,0.7082,0.7214,1.1311,o,1314.0,428.0,8318.0,278.0
159993,2015,169419.0,1005.0,51.0,0.7299,0.7655,0.7824,0.806,1.2193,o,1401.0,436.0,9090.0,315.0
159993,2016,179045.0,1023.0,53.0,0.7034,0.7184,0.7253,0.7349,1.0917,o,1370.0,430.0,9928.0,331.0
159993,2017,182546.0,1127.0,62.0,0.7612,0.7701,0.7742,0.7799,1.0496,o,1364.0,414.0,10560.0,339.0
159993,2018,184382.0,1213.0,58.0,0.8083,0.8143,0.817,0.8207,1.0309,o,1320.0,445.0,10556.0,336.0
159993,2019,184626.0,1235.0,49.0,0.8186,0.8164,0.8153,0.8139,0.9886,o,1144.0,346.0,10438.0,330.0
159993,2020,162011.0,1242.0,46.0,0.937,0.9109,0.8992,0.8835,0.8892,o,1155.0,340.0,10786.0,333.0
159993,2021,157415.0,1195.0,60.0,0.9338,0.8958,0.8789,0.8563,0.8409,o,1140.0,322.0,10587.0,324.0
159993,2022,146623.0,1105.0,55.0,0.9269,0.8927,0.8774,0.8571,0.8551,o,1018.0,343.0,9937.0,294.0
159993,2023,145187.0,1066.0,56.0,0.9042,0.8759,0.8632,0.8462,0.8758,o,1049.0,332.0,9401.0,250.0
159993,2024,154653.0,1066.0,31.0,0.8392,0.818,0.8085,0.7957,0.8991,o,1275.0,372.0,9190.0,231.0
160001,1999,2537.0,0.0,14.0,0.3311,0.3276,0.3187,0.3149,0.8589,o,,,,
160001,2003,6078.0,0.0,7.0,0.0691,0.0678,0.0645,0.063,0.7572,o,111.0,,822.0,
160001,2004,7049.0,0.0,19.0,0.1617,0.1623,0.1638,0.1645,1.0521,o,40.0,,1212.0,
160001,2005,4531.0,0.0,7.0,0.0927,0.0868,0.0734,0.0682,0.3941,o,15.0,,1428.0,
160001,2006,5455.0,0.0,8.0,0.088,0.0786,0.0587,0.0516,0.1987,o,22.0,15.0,1443.0,
160001,2007,5695.0,0.0,3.0,0.0316,0.0311,0.0299,0.0294,0.8,o,37.0,16.0,1400.0,
160001,2008,5340.0,0.0,0.0,0.0,0.0,0.0,0.0,2.0,o,54.0,17.0,1355.0,
160001,2009,6771.0,0.0,3.0,0.0266,0.0277,0.0309,0.0325,1.8305,o,104.0,22.0,1430.0,
160010,2003,20953.0,0.0,62.0,0.1775,0.1766,0.1741,0.173,0.9249,o,141.0,,822.0,
160010,2004,21736.0,0.0,66.0,0.1822,0.1765,0.1626,0.1568,0.6351,o,95.0,,1187.0,
160010,2005,18251.0,0.0,57.0,0.1874,0.1785,0.1575,0.1489,0.4987,o,107.0,,1194.0,
160010,2006,17170.0,0.0,40.0,0.1398,0.1388,0.1364,0.1353,0.9068,o,98.0,8.0,1193.0,
160010,2007,18802.0,0.0,14.0,0.0447,0.0446,0.0443,0.0442,0.9703,o,115.0,1.0,1174.0,
160010,2008,21495.0,0.0,9.0,0.0251,0.0253,0.0259,0.0261,1.122,o,132.0,6.0,1150.0,
160010,2009,22307.0,0.0,14.0,0.0377,0.0382,0.0397,0.0404,1.2394,o,124.0,10.0,1186.0,
160010,2010,74442.0,0.0,38.0,0.0306,0.0306,0.0307,0.0307,1.004,o,415.0,141.0,1235.0,20.0
160010,2011,69891.0,0.0,46.0,0.0395,0.0429,0.053,0.0582,3.2422,o,635.0,168.0,1566.0,
160010,2012,63769.0,0.0,36.0,0.0339,0.036,0.042,0.0449,2.3562,o,579.0,129.0,2033.0,
160010,2013,52116.0,0.0,33.0,0.038,0.0383,0.0389,0.0392,1.1029,o,565.0,93.0,3022.0,
160010,2014,49802.0,0.0,37.0,0.0446,0.0444,0.0438,0.0435,0.9308,o,666.0,123.0,3461.0,26.0
160010,2015,53525.0,0.0,22.0,0.0247,0.0249,0.0256,0.0259,1.1643,o,458.0,127.0,3350.0,25.0
160010,2016,51114.0,0.0,23.0,0.027,0.0264,0.0251,0.0245,0.7441,o,342.0,147.0,3652.0,36.0
160010,2017,37751.0,0.0,18.0,0.0286,0.0276,0.0253,0.0243,0.6085,o,198.0,195.0,3794.0,61.0
160010,2018,24090.0,0.0,9.0,0.0224,0.0213,0.0188,0.0178,0.495,o,210.0,202.0,3709.0,50.0
160010,2019,24021.0,0.0,18.0,0.045,0.0442,0.0422,0.0414,0.7778,o,262.0,198.0,3631.0,41.0
160010,2020,24620.0,0.0,9.0,0.0219,0.0223,0.0233,0.0238,1.2843,o,223.0,134.0,3577.0,54.0
160010,2021,20587.0,0.0,42.0,0.1224,0.1219,0.1207,0.1201,0.9449,o,187.0,154.0,4796.0,68.0
160010,2022,20416.0,0.0,26.0,0.0764,0.075,0.0716,0.0701,0.7711,o,203.0,77.0,4508.0,83.0
160010,2023,20795.0,0.0,37.0,0.1068,0.1067,0.1065,0.1064,0.9902,o,258.0,106.0,4253.0,93.0
160010,2024,23083.0,0.0,60.0,0.156,0.159,0.1673,0.1711,1.3231,o,280.0,85.0,4109.0,84.0
160029,2016,170.0,3.0,0.0,2.1176,2.1176,2.1176,2.1176,,n,,,,756.0
160038,1998,223521.0,828.0,191.0,0.4958,0.5069,0.512,0.5192,1.0965,o,,,,
160038,1999,222747.0,886.0,193.0,0.5293,0.5296,0.5297,0.5299,1.0022,o,,,,
160038,2000,230512.0,904.0,245.0,0.5344,0.5364,0.5374,0.5386,1.016,o,,,,
160038,2001,232355.0,959.0,221.0,0.5523,0.559,0.5621,0.5663,1.0511,o,,,,
160038,2002,206663.0,957.0,242.0,0.6259,0.6335,0.637,0.6418,1.0512,o,2041.0,,4526.0,
160038,2003,263775.0,1019.0,269.0,0.5248,0.5377,0.5438,0.5521,1.107,o,2043.0,,4495.0,134.0
160038,2004,264276.0,1021.0,303.0,0.5324,0.5534,0.5632,0.577,1.1746,o,1977.0,,5085.0,149.0
160038,2005,260357.0,1061.0,275.0,0.5524,0.5771,0.5889,0.6052,1.2004,o,1539.0,,5313.0,161.0
160038,2006,243474.0,1088.0,269.0,0.6025,0.5942,0.5904,0.5853,0.9436,o,1382.0,562.0,5349.0,174.0
160038,2007,228898.0,1052.0,373.0,0.6493,0.5991,0.5774,0.5491,0.7152,o,1345.0,590.0,5425.0,176.0
160038,2008,219862.0,1098.0,238.0,0.6642,0.6052,0.5799,0.5471,0.6784,o,1236.0,519.0,5433.0,167.0
160038,2009,215968.0,1075.0,289.0,0.6776,0.6291,0.6081,0.5806,0.7341,o,1344.0,611.0,5288.0,179.0
160038,2010,220159.0,1098.0,271.0,0.6723,0.6526,0.6437,0.6319,0.8833,o,1135.0,630.0,5731.0,190.0
160038,2011,216720.0,1089.0,724.0,0.8034,0.7853,0.7771,0.766,0.9091,o,1222.0,673.0,6227.0,198.0
160038,2012,212176.0,1084.0,869.0,0.8588,0.8403,0.832,0.8207,0.9132,o,1369.0,601.0,6870.0,220.0
160038,2013,210249.0,1119.0,335.0,0.7343,0.735,0.7354,0.7358,1.0043,o,1231.0,474.0,7429.0,232.0
160038,2014,201628.0,1052.0,350.0,0.7303,0.7387,0.7425,0.7479,1.0488,o,1192.0,443.0,8172.0,256.0
160038,2015,196695.0,1069.0,264.0,0.7327,0.7376,0.7398,0.7429,1.028,o,1273.0,532.0,8959.0,252.0
160038,2016,204551.0,1176.0,414.0,0.8113,0.8017,0.7973,0.7914,0.9514,o,1472.0,698.0,9083.0,233.0
160038,2017,212013.0,1167.0,265.0,0.7355,0.7452,0.7496,0.7558,1.0558,o,1558.0,730.0,9714.0,254.0
160038,2018,235264.0,1162.0,304.0,0.6702,0.7072,0.7248,0.7495,1.2505,o,1562.0,623.0,9873.0,256.0
160038,2019,242061.0,1212.0,368.0,0.6921,0.7323,0.7516,0.7786,1.2657,o,1515.0,600.0,9666.0,240.0
160038,2020,237347.0,1356.0,360.0,0.7766,0.7982,0.8082,0.8222,1.1209,o,1518.0,555.0,10539.0,243.0
160038,2021,232376.0,1318.0,370.0,0.7762,0.7763,0.7764,0.7765,1.001,o,1300.0,457.0,10122.0,278.0
160038,2022,216703.0,1385.0,408.0,0.8799,0.8587,0.8491,0.8362,0.9032,o,1020.0,423.0,9514.0,231.0
160038,2023,190752.0,1282.0,362.0,0.9204,0.86,0.8337,0.7992,0.754,o,1066.0,426.0,8977.0,186.0
160038,2024,180627.0,1229.0,353.0,0.9337,0.8535,0.8191,0.7744,0.6878,o,1043.0,371.0,8864.0,178.0
160047,1998,4980.0,0.0,19.0,0.2289,0.2348,0.2508,0.2582,1.4407,o,,,,
160047,2003,7463.0,0.0,18.0,0.1447,0.1392,0.1261,0.1207,0.5764,o,94.0,,822.0,
160047,2006,8331.0,0.0,20.0,0.144,0.1332,0.109,0.0997,0.3277,o,59.0,,1178.0,
160047,2007,7156.0,0.0,8.0,0.0671,0.065,0.0601,0.058,0.6448,o,92.0,,1355.0,
160047,2008,8655.0,0.0,11.0,0.0763,0.0797,0.0893,0.0939,1.8776,o,76.0,5.0,1311.0,
160047,2009,13661.0,0.0,10.0,0.0439,0.0439,0.044,0.044,1.0066,o,46.0,9.0,1344.0,
160065,1998,26193.0,199.0,15.0,0.9461,0.9415,0.9406,0.9383,0.9837,o,,,,
160065,1999,27487.0,160.0,6.0,0.7116,0.7937,0.8118,0.859,1.4571,o,,,,
160065,2000,23074.0,137.0,6.0,0.7281,0.81,0.8281,0.8751,1.4444,o,,,,
160065,2001,24175.0,151.0,5.0,0.7619,0.7674,0.7685,0.7714,1.0249,o,,,,
160065,2002,25451.0,146.0,0.0,0.6884,0.6329,0.622,0.5955,0.7484,o,134.0,,9198.0,
160065,2003,26828.0,166.0,1.0,0.7447,0.6917,0.6812,0.6557,0.7751,o,157.0,,9270.0,481.0
160065,2004,32629.0,157.0,0.0,0.5774,0.6055,0.6115,0.6267,1.1781,o,124.0,,9643.0,427.0
160065,2005,33096.0,157.0,0.0,0.5693,0.6041,0.6115,0.6306,1.2271,o,,,9722.0,416.0
160065,2006,29962.0,141.0,1.0,0.5667,0.5561,0.5539,0.5486,0.9369,i,119.0,,,291.0
160065,2007,26846.0,167.0,3.0,0.7532,0.7127,0.7046,0.6847,0.8264,i,97.0,157.0,9691.0,515.0
160065,2008,25835.0,141.0,0.0,0.6549,0.6068,0.5973,0.5742,0.7687,o,110.0,332.0,10755.0,477.0
160065,2009,26148.0,148.0,1.0,0.6815,0.6486,0.642,0.6258,0.8433,i,79.0,137.0,10640.0,489.0
160065,2010,24509.0,136.0,1.0,0.6683,0.6232,0.6143,0.5925,0.7859,i,51.0,177.0,11086.0,499.0
160065,2011,22864.0,142.0,5.0,0.7584,0.6546,0.6349,0.5884,0.6019,o,60.0,109.0,11362.0,424.0
160065,2012,24154.0,150.0,5.0,0.7576,0.6324,0.6092,0.5548,0.5362,o,62.0,125.0,20000.0,544.0
160065,2013,21903.0,146.0,1.0,0.8026,0.7069,0.6886,0.6449,0.6455,o,58.0,80.0,12980.0,572.0
160065,2014,19855.0,138.0,3.0,0.8431,0.8238,0.8198,0.81,0.9231,o,63.0,84.0,13100.0,595.0
160065,2015,18444.0,134.0,5.0,0.8881,0.9106,0.9153,0.9272,1.0901,o,77.0,134.0,13459.0,600.0
160065,2016,17986.0,141.0,7.0,0.9641,1.0033,1.0117,1.0328,1.1475,o,96.0,148.0,14922.0,637.0
160065,2017,20244.0,112.0,5.0,0.6787,0.7547,0.7714,0.8149,1.4417,o,81.0,164.0,14828.0,589.0
160065,2018,19387.0,126.0,6.0,0.7985,0.8916,0.9122,0.9657,1.4628,o,120.0,100.0,16476.0,623.0
160065,2019,18067.0,104.0,3.0,0.7007,0.7782,0.7953,0.8396,1.4357,o,62.0,129.0,17303.0,646.0
160065,2020,16360.0,93.0,4.0,0.6968,0.7071,0.7093,0.7147,1.052,o,62.0,83.0,17693.0,635.0
160065,2021,15036.0,94.0,9.0,0.7861,0.709,0.6941,0.658,0.7006,o,61.0,81.0,17835.0,643.0
160065,2022,14093.0,100.0,3.0,0.8643,0.7495,0.7278,0.6761,0.6119,o,47.0,44.0,16763.0,565.0
160065,2023,14265.0,92.0,3.0,0.7865,0.6761,0.6552,0.6059,0.5934,o,33.0,70.0,16521.0,475.0
160065,2024,11476.0,83.0,4.0,0.8888,0.7827,0.7624,0.7139,0.6452,o,49.0,42.0,16160.0,546.0
160074,1998,16730.0,4.0,140.0,0.5308,0.585,0.5969,0.6277,1.3986,o,,,,
160074,1999,17337.0,0.0,159.0,0.5503,0.6557,0.6799,0.7445,1.8305,o,,,,
160074,2000,17685.0,1.0,175.0,0.6005,0.9322,1.021,1.2817,4.5556,o,,,,
160074,2001,21153.0,7.0,201.0,0.6098,0.8788,0.9478,1.145,3.525,o,,,,
160074,2002,28472.0,16.0,181.0,0.4489,0.5247,0.5419,0.5875,1.713,o,151.0,,8471.0,
160074,2003,32773.0,57.0,179.0,0.5364,0.4532,0.4377,0.4012,0.5594,o,136.0,,8497.0,241.0
160074,2004,40681.0,49.0,250.0,0.5133,0.3955,0.3747,0.3275,0.4071,o,142.0,,8623.0,268.0
160074,2005,39675.0,45.0,296.0,0.5837,0.5373,0.5282,0.506,0.7514,o,142.0,,9072.0,324.0
160074,2006,49731.0,46.0,266.0,0.4319,0.4086,0.4039,0.3925,0.8256,o,142.0,353.0,9364.0,302.0
160074,2007,48300.0,95.0,328.0,0.6435,0.6415,0.6411,0.6401,0.9895,o,138.0,421.0,9089.0,305.0
160074,2008,50760.0,84.0,326.0,0.5839,0.5851,0.5854,0.586,1.0072,o,88.0,342.0,10220.0,244.0
160074,2009,35719.0,81.0,386.0,0.9205,0.8615,0.8498,0.8212,0.7958,o,91.0,259.0,10739.0,366.0
160074,2010,40788.0,102.0,351.0,0.8164,0.7141,0.6946,0.6482,0.6303,o,106.0,191.0,11493.0,332.0
160074,2011,39280.0,78.0,378.0,0.8157,0.7366,0.7212,0.6842,0.7036,o,103.0,158.0,12094.0,399.0
160074,2012,36667.0,103.0,359.0,0.9245,0.9038,0.8996,0.8891,0.9248,o,116.0,261.0,12365.0,427.0
160074,2013,36298.0,82.0,373.0,0.8877,0.9411,0.9526,0.9818,1.2235,o,111.0,185.0,13043.0,476.0
160074,2014,36668.0,125.0,174.0,0.6938,0.7229,0.7291,0.7447,1.1523,o,107.0,283.0,13866.0,566.0
160074,2015,20844.0,259.0,64.0,1.6753,1.6959,1.7002,1.711,1.0431,o,94.0,269.0,14548.0,916.0
160074,2016,30665.0,305.0,59.0,1.309,1.2768,1.2703,1.254,0.9178,o,92.0,176.0,14836.0,518.0
160074,2017,25957.0,290.0,59.0,1.4771,1.3941,1.3776,1.337,0.8194,o,101.0,184.0,15356.0,568.0
160074,2018,24406.0,187.0,47.0,1.035,0.9991,0.9918,0.9738,0.8853,o,83.0,103.0,15907.0,676.0
160074,2019,23077.0,190.0,46.0,1.1076,1.0796,1.0739,1.0597,0.9154,o,78.0,163.0,16213.0,682.0
160074,2020,21825.0,150.0,43.0,0.943,0.9043,0.8965,0.8773,0.8656,o,91.0,146.0,17001.0,576.0
160074,2021,23292.0,148.0,40.0,0.8655,0.8328,0.8262,0.8099,0.8756,o,97.0,170.0,16966.0,580.0
160074,2022,21261.0,156.0,23.0,0.9454,0.9513,0.9525,0.9556,1.0217,o,73.0,136.0,16388.0,559.0
160074,2023,18840.0,138.0,18.0,0.9363,0.9512,0.9543,0.9621,1.0559,o,66.0,158.0,15540.0,530.0
160074,2024,19558.0,168.0,37.0,1.1443,1.0812,1.0686,1.0378,0.8225,o,112.0,154.0,15690.0,509.0
160250,1998,7328.0,0.0,43.0,0.3521,0.3521,0.3521,0.3521,,-,,,,
160250,2003,12960.0,0.0,360.0,1.6667,1.6667,1.6667,1.6667,,-,405.0,,47310.0,1159.0
160250,2004,16341.0,0.0,112.0,0.4112,0.4112,0.4112,0.4112,,-,371.0,,46169.0,827.0
160250,2005,24922.0,0.0,112.0,0.2696,0.2696,0.2696,0.2696,,-,,,49060.0,697.0
160311,2002,3962.0,0.0,38.0,0.5755,0.5954,0.6499,0.6757,1.6269,o,110.0,,748.0,
160311,2003,8363.0,0.0,34.0,0.2439,0.2343,0.2111,0.2016,0.5612,o,100.0,,822.0,
160311,2004,10068.0,0.0,34.0,0.2026,0.1957,0.1791,0.1721,0.6098,o,117.0,,1104.0,
160311,2005,10294.0,0.0,40.0,0.2331,0.2349,0.2395,0.2416,1.1143,o,94.0,,1275.0,
160311,2006,12344.0,0.0,44.0,0.2139,0.2117,0.2063,0.204,0.8664,o,213.0,2.0,1287.0,
160311,2007,15453.0,0.0,29.0,0.1126,0.1183,0.1342,0.142,2.019,o,160.0,57.0,1249.0,
160311,2008,17261.0,0.0,47.0,0.1634,0.1638,0.1651,0.1656,1.0423,o,202.0,15.0,1209.0,
160311,2009,18719.0,0.0,80.0,0.2564,0.2579,0.2616,0.2633,1.0831,o,212.0,22.0,1243.0,
160366,2002,1429.0,0.0,14.0,0.5878,0.5894,0.5933,0.5951,1.038,o,70.0,,748.0,
160366,2003,3048.0,0.0,11.0,0.2165,0.2121,0.2012,0.1965,0.7447,o,9.0,,822.0,
160366,2005,5209.0,0.0,5.0,0.0576,0.0598,0.066,0.0689,1.7215,o,30.0,,1394.0,
160366,2008,3734.0,0.0,0.0,0.0,0.0,0.0,0.0,1.3846,o,48.0,19.0,1317.0,
160366,2009,4789.0,0.0,1.0,0.0125,0.013,0.0142,0.0148,1.6552,o,74.0,33.0,1350.0,
160409,1998,2607.0,15.0,0.0,0.6904,0.5742,0.5527,0.5024,0.5294,o,,,,
160409,1999,2725.0,10.0,0.0,0.4404,0.4094,0.4033,0.3884,0.7778,o,,,,
160409,2000,2867.0,12.0,0.0,0.5023,0.5649,0.5789,0.6151,1.5,o,,,,
160409,2001,1263.0,19.0,0.0,1.8052,4.042,4.7756,7.2459,16.1111,o,,,,
160409,2005,2140.0,11.0,0.0,0.6168,0.2861,0.2441,0.1641,0.0708,o,9.0,,16233.0,483.0
160409,2006,2520.0,15.0,0.0,0.7143,0.3295,0.2807,0.1881,0.0694,o,14.0,21.0,18440.0,407.0
160409,2007,2839.0,16.0,0.0,0.6763,0.4354,0.3975,0.3165,0.219,o,8.0,20.0,17589.0,424.0
160409,2008,2931.0,9.0,0.0,0.3685,0.4118,0.4213,0.4462,1.4667,o,6.0,28.0,17816.0,447.0
160409,2009,2652.0,14.0,0.0,0.6335,0.6624,0.6686,0.6842,1.1667,o,9.0,27.0,17985.0,536.0
160409,2010,2466.0,22.0,0.0,1.0706,0.9457,0.9218,0.8646,0.6522,o,9.0,18.0,18522.0,633.0
160409,2011,2000.0,16.0,0.0,0.96,0.9057,0.8949,0.8684,0.8182,o,10.0,23.0,19285.0,743.0
160409,2012,2490.0,16.0,0.0,0.7711,0.8425,0.8581,0.8983,1.3571,o,12.0,36.0,20053.0,670.0
160409,2013,2500.0,26.0,0.0,1.248,1.3946,1.427,1.5114,1.4667,o,14.0,48.0,20720.0,879.0
160409,2014,3000.0,24.0,0.0,0.96,1.068,1.0919,1.1538,1.4444,o,17.0,32.0,21250.0,844.0
160409,2015,4080.0,23.0,0.0,0.6765,0.7797,0.8029,0.8641,1.6316,o,17.0,35.0,21668.0,706.0
160409,2016,4410.0,27.0,0.0,0.7347,0.8336,0.8556,0.9133,1.5455,o,28.0,32.0,21927.0,687.0
160409,2018,4235.0,37.0,0.0,1.0484,1.1681,1.1945,1.2632,1.4516,o,23.0,31.0,22268.0,778.0
160409,2021,2974.0,19.0,0.0,0.7666,0.73,0.7226,0.7045,0.8444,o,14.0,35.0,25154.0,1430.0
160409,2022,3321.0,24.0,0.0,0.8672,0.7654,0.7458,0.6992,0.65,o,16.0,23.0,25023.0,1423.0
160409,2023,3099.0,23.0,0.0,0.8906,0.7725,0.7501,0.6969,0.6122,o,14.0,19.0,25594.0,1413.0
160409,2024,2813.0,19.0,0.0,0.8105,0.7568,0.7462,0.7202,0.7895,o,20.0,17.0,26770.0,1480.0
160427,1999,23040.0,0.0,4.0,0.0104,0.0106,0.0112,0.0115,1.3575,o,,,,
160427,2003,18859.0,0.0,0.0,0.0,0.0,0.0,0.0,0.5555,o,434.0,,822.0,
160427,2004,24583.0,0.0,0.0,0.0,0.0,0.0,0.0,0.8884,o,237.0,,1104.0,
160427,2005,26750.0,0.0,0.0,0.0,0.0,0.0,0.0,0.6023,o,149.0,,1404.0,
160427,2006,22490.0,0.0,0.0,0.0,0.0,0.0,0.0,0.4441,o,102.0,40.0,1396.0,
160427,2007,24213.0,0.0,2.0,0.005,0.0047,0.0042,0.004,0.5285,o,67.0,15.0,1355.0,
160427,2008,25058.0,0.0,6.0,0.0144,0.0137,0.0123,0.0117,0.5339,o,150.0,46.0,1311.0,
160427,2009,26044.0,0.0,8.0,0.0184,0.0192,0.0213,0.0223,1.7751,o,250.0,77.0,1459.0,
160436,2005,12807.0,0.0,0.0,0.0,0.0,0.0,0.0,0.7165,o,,,1452.0,
160454,2002,1563.0,0.0,9.0,0.3455,0.343,0.3366,0.3339,0.9014,o,200.0,,748.0,
160454,2005,11135.0,0.0,3.0,0.0162,0.016,0.0155,0.0153,0.8438,o,,,1420.0,
160481,2003,13574.0,0.0,53.0,0.2343,0.2216,0.1921,0.1803,0.4519,o,46.0,,822.0,
160481,2004,16200.0,0.0,49.0,0.1815,0.1568,0.1078,0.0912,0.1243,o,172.0,,1138.0,64.0
160481,2005,17432.0,0.0,38.0,0.1308,0.1336,0.141,0.1444,1.349,o,177.0,,1619.0,69.0
160481,2006,26410.0,0.0,50.0,0.1136,0.1175,0.1282,0.1333,1.6239,o,285.0,168.0,1910.0,63.0
160481,2007,22846.0,0.0,40.0,0.1051,0.1087,0.1188,0.1235,1.6332,o,223.0,170.0,2299.0,64.0
160481,2008,25831.0,0.0,33.0,0.0767,0.0765,0.076,0.0758,0.9654,o,222.0,225.0,2166.0,69.0
160481,2009,29137.0,0.0,38.0,0.0783,0.0775,0.0757,0.0748,0.874,o,339.0,305.0,2233.0,61.0
160481,2010,35619.0,0.0,53.0,0.0893,0.0919,0.0992,0.1026,1.5236,o,360.0,374.0,2322.0,61.0
160481,2011,43246.0,0.0,96.0,0.1332,0.1355,0.1418,0.1446,1.2834,o,502.0,331.0,2922.0,82.0
160481,2012,46245.0,0.0,136.0,0.1765,0.181,0.1932,0.1988,1.4363,o,446.0,397.0,3500.0,106.0
160481,2013,45186.0,0.0,157.0,0.2085,0.209,0.2103,0.2108,1.0348,o,585.0,213.0,3786.0,95.0
160481,2014,45296.0,0.0,155.0,0.2053,0.2084,0.2164,0.2201,1.2342,o,461.0,180.0,4268.0,155.0
160481,2015,41313.0,0.0,196.0,0.2847,0.2824,0.2768,0.2744,0.8943,o,434.0,191.0,4694.0,154.0
160481,2016,37086.0,0.0,201.0,0.3252,0.321,0.3104,0.3058,0.8298,o,457.0,224.0,5122.0,188.0
160481,2017,41222.0,0.0,176.0,0.2562,0.2566,0.2575,0.258,1.0212,o,391.0,244.0,5037.0,170.0
160481,2018,41745.0,0.0,198.0,0.2846,0.282,0.2755,0.2726,0.8777,o,472.0,275.0,4943.0,107.0
160481,2019,45489.0,0.0,210.0,0.277,0.2791,0.2845,0.287,1.1132,o,525.0,264.0,4839.0,121.0
160481,2020,49809.0,0.0,186.0,0.2241,0.2272,0.2353,0.239,1.2167,o,415.0,147.0,4785.0,129.0
160481,2021,37330.0,0.0,166.0,0.2668,0.2634,0.2549,0.2511,0.8325,o,364.0,144.0,4647.0,123.0
160481,2022,37170.0,0.0,201.0,0.3245,0.3187,0.3044,0.2982,0.7745,o,474.0,200.0,4367.0,131.0
160481,2023,42255.0,0.0,231.0,0.328,0.3325,0.3445,0.35,1.2169,o,505.0,254.0,4264.0,104.0
160481,2024,48771.0,0.0,214.0,0.2633,0.2667,0.2758,0.28,1.2053,o,516.0,275.0,4219.0,89.0
160524,1998,15180.0,0.0,239.0,0.9447,0.9447,0.9447,0.9447,,-,,,,
160524,1999,17543.0,0.0,253.0,0.8653,0.8653,0.8653,0.8653,,-,,,,
160524,2003,21920.0,0.0,181.0,0.4954,0.4954,0.4954,0.4954,,-,103.0,,43910.0,456.0
160524,2004,13667.0,0.0,50.0,0.2195,0.2195,0.2195,0.2195,,-,96.0,,48557.0,684.0
160524,2005,10168.0,0.0,97.0,0.5724,0.5724,0.5724,0.5724,,-,114.0,,49060.0,937.0
160524,2006,14180.0,0.0,67.0,0.2835,0.2835,0.2835,0.2835,,-,135.0,,49064.0,642.0
160524,2007,15109.0,0.0,72.0,0.2859,0.2859,0.2859,0.2859,,-,104.0,,19472.0,588.0
160524,2008,14931.0,0.0,58.0,0.2331,0.2331,0.2331,0.2331,,-,111.0,1.0,20121.0,532.0
160524,2009,18878.0,0.0,70.0,0.2225,0.2225,0.2225,0.2225,,-,127.0,2.0,20071.0,506.0
160524,2010,22389.0,0.0,40.0,0.1072,0.1072,0.1072,0.1072,,-,113.0,1.0,19941.0,448.0
160524,2011,18630.0,0.0,51.0,0.1643,0.1643,0.1643,0.1643,,-,160.0,5.0,20583.0,479.0
160524,2012,18270.0,0.0,42.0,0.1379,0.1379,0.1379,0.1379,,-,120.0,2.0,21763.0,510.0
160524,2013,16980.0,0.0,26.0,0.0919,0.0919,0.0919,0.0919,,-,116.0,1.0,21382.0,453.0
160524,2014,13920.0,0.0,19.0,0.0819,0.0819,0.0819,0.0819,,-,126.0,5.0,21059.0,499.0
160524,2015,14580.0,0.0,26.0,0.107,0.107,0.107,0.107,,-,89.0,3.0,20881.0,445.0
160524,2016,12930.0,0.0,41.0,0.1903,0.1903,0.1903,0.1903,,-,76.0,6.0,18884.0,505.0
160524,2017,12780.0,0.0,43.0,0.2019,0.2019,0.2019,0.2019,,-,115.0,11.0,19062.0,483.0
160524,2018,15096.0,0.0,34.0,0.1351,0.1351,0.1351,0.1351,,-,111.0,11.0,20805.0,488.0
160524,2019,16162.0,0.0,44.0,0.1633,0.1633,0.1633,0.1633,,-,69.0,4.0,19144.0,383.0
160524,2020,12280.0,0.0,53.0,0.259,0.259,0.259,0.259,,-,90.0,4.0,19035.0,401.0
160524,2021,10994.0,0.0,35.0,0.191,0.191,0.191,0.191,,-,103.0,17.0,17789.0,448.0
160524,2022,9891.0,0.0,17.0,0.1031,0.1031,0.1031,0.1031,,-,99.0,11.0,19030.0,451.0
160524,2023,11168.0,0.0,12.0,0.0645,0.0645,0.0645,0.0645,,-,73.0,6.0,23055.0,372.0
160524,2024,11408.0,0.0,11.0,0.0579,0.0579,0.0579,0.0579,,-,65.0,6.0,22355.0,321.0
160579,1998,12521.0,0.0,122.0,0.5846,0.5659,0.5204,0.5013,0.6277,o,,,,
160579,2000,17813.0,0.0,128.0,0.4312,0.444,0.4787,0.495,1.52,o,,,,
160579,2001,29492.0,0.0,151.0,0.3072,0.3133,0.3295,0.337,1.3235,o,,,,
160579,2002,30404.0,0.0,146.0,0.2881,0.2963,0.3185,0.3289,1.4934,o,519.0,,748.0,
160579,2003,40769.0,0.0,141.0,0.2075,0.2101,0.2169,0.22,1.1931,o,137.0,,822.0,
160579,2004,43904.0,0.0,225.0,0.3075,0.2803,0.2209,0.1987,0.2663,o,124.0,,1121.0,39.0
160579,2005,39584.0,0.0,263.0,0.3986,0.3724,0.3126,0.2892,0.378,o,,,1523.0,58.0
160579,2006,27178.0,0.0,192.0,0.4239,0.4466,0.5109,0.5424,2.1109,i,612.0,427.0,1963.0,56.0
160579,2007,38454.0,0.0,186.0,0.2902,0.3139,0.384,0.42,3.064,i,385.0,74.0,2223.0,61.0
160579,2008,42709.0,0.0,192.0,0.2697,0.2671,0.2603,0.2574,0.8676,i,442.0,305.0,2151.0,55.0
160579,2009,47794.0,0.0,214.0,0.2687,0.2664,0.2607,0.2582,0.8867,o,487.0,49.0,2175.0,57.0
160579,2010,54994.0,0.0,267.0,0.2913,0.2947,0.3035,0.3075,1.1778,o,634.0,188.0,2264.0,53.0
160579,2011,61575.0,0.0,240.0,0.2339,0.239,0.2528,0.2591,1.3649,o,634.0,286.0,3220.0,44.0
160579,2012,65538.0,0.0,321.0,0.2939,0.2964,0.3031,0.3061,1.1311,o,729.0,250.0,3540.0,59.0
160579,2013,64800.0,0.0,316.0,0.2926,0.2955,0.303,0.3064,1.1498,o,759.0,434.0,3838.0,72.0
160579,2014,69603.0,0.0,316.0,0.2724,0.2745,0.2798,0.2823,1.1137,o,691.0,427.0,4270.0,99.0
160579,2015,72679.0,0.0,360.0,0.2972,0.2957,0.2918,0.29,0.9288,o,709.0,376.0,4781.0,99.0
160579,2016,72445.0,0.0,378.0,0.3131,0.3126,0.3113,0.3108,0.9779,o,687.0,431.0,5286.0,121.0
160579,2017,68362.0,0.0,382.0,0.3353,0.3348,0.3337,0.3332,0.9814,o,681.0,365.0,5335.0,126.0
160579,2018,66542.0,0.0,390.0,0.3517,0.3511,0.3495,0.3488,0.9756,o,762.0,423.0,5216.0,120.0
160579,2019,70919.0,0.0,425.0,0.3596,0.3623,0.3694,0.3726,1.114,o,822.0,455.0,5107.0,115.0
160579,2020,76723.0,0.0,442.0,0.3457,0.3488,0.3571,0.3609,1.1393,o,623.0,339.0,5126.0,112.0
160579,2021,63323.0,0.0,405.0,0.3837,0.3774,0.3614,0.3545,0.7866,o,590.0,283.0,4978.0,109.0
160579,2022,64266.0,0.0,452.0,0.422,0.4161,0.4012,0.3947,0.8166,o,646.0,360.0,4679.0,100.0
160579,2023,69255.0,0.0,501.0,0.434,0.436,0.4409,0.4432,1.0651,o,713.0,373.0,4415.0,97.0
160579,2024,72894.0,0.0,556.0,0.4577,0.4623,0.4743,0.4798,1.1537,o,755.0,314.0,4265.0,95.0
160612,1998,356385.0,1362.0,52.0,0.4674,0.5199,0.5459,0.5834,1.5584,o,,,,
160612,1999,361082.0,1428.0,70.0,0.4862,0.4958,0.5003,0.5064,1.085,o,,,,
160612,2000,360843.0,1536.0,73.0,0.5229,0.5301,0.5334,0.5379,1.0581,o,,,,
160612,2001,366348.0,1520.0,77.0,0.5105,0.5466,0.5639,0.5885,1.3291,o,,,,
160612,2002,362614.0,1593.0,106.0,0.5447,0.5732,0.5868,0.6058,1.2368,o,2556.0,,4516.0,
160612,2003,372663.0,1598.0,96.0,0.53,0.526,0.5242,0.5217,0.9689,o,2686.0,,4449.0,136.0
160612,2004,378109.0,1586.0,102.0,0.5195,0.5313,0.5368,0.5444,1.098,o,2539.0,,4894.0,155.0
160612,2005,375684.0,1601.0,92.0,0.5261,0.5373,0.5425,0.5497,1.092,o,2554.0,,5136.0,166.0
160612,2006,381560.0,1621.0,103.0,0.526,0.528,0.5288,0.5301,1.0156,o,2888.0,722.0,5206.0,170.0
160612,2007,371962.0,1740.0,77.0,0.5738,0.5789,0.5813,0.5846,1.0382,o,2755.0,691.0,5177.0,168.0
160612,2008,365538.0,1765.0,76.0,0.5919,0.6029,0.6081,0.6151,1.08,o,2761.0,773.0,5211.0,167.0
160612,2009,367151.0,1880.0,67.0,0.6254,0.6375,0.6431,0.6509,1.0831,o,2719.0,777.0,5354.0,152.0
160612,2010,373493.0,1964.0,66.0,0.6416,0.6427,0.6432,0.6439,1.007,o,2566.0,611.0,5621.0,157.0
160612,2011,372517.0,1932.0,173.0,0.6502,0.6401,0.6355,0.6293,0.9366,o,2437.0,707.0,5584.0,166.0
160612,2012,363471.0,1966.0,62.0,0.6593,0.644,0.6372,0.6279,0.907,o,2470.0,648.0,6264.0,182.0
160612,2013,354760.0,1967.0,70.0,0.6772,0.6595,0.6515,0.6408,0.8954,o,2546.0,598.0,7007.0,198.0
160612,2014,340494.0,1976.0,48.0,0.7049,0.6961,0.6921,0.6867,0.9491,o,2428.0,560.0,7524.0,209.0
160612,2015,330472.0,1933.0,13.0,0.7043,0.7033,0.7028,0.7022,0.9942,o,2443.0,586.0,8547.0,231.0
160612,2016,323142.0,1831.0,8.0,0.6814,0.6802,0.6797,0.6789,0.9927,o,2618.0,593.0,9438.0,246.0
160612,2017,317020.0,1729.0,11.0,0.6566,0.658,0.6586,0.6595,1.009,o,2750.0,611.0,9909.0,266.0
160612,2018,324420.0,1826.0,12.0,0.6776,0.6902,0.696,0.704,1.0792,o,2675.0,658.0,10161.0,265.0
160612,2019,325619.0,1758.0,10.0,0.6497,0.6667,0.6747,0.6857,1.1137,o,2732.0,581.0,9963.0,256.0
160612,2020,324342.0,1772.0,12.0,0.6578,0.6683,0.6732,0.6799,1.0684,o,2577.0,567.0,10011.0,261.0
160612,2021,323367.0,1865.0,13.0,0.6945,0.6927,0.6918,0.6907,0.989,o,2226.0,554.0,9675.0,230.0
160612,2022,296690.0,1864.0,8.0,0.7555,0.7338,0.724,0.7109,0.8853,o,2363.0,490.0,9093.0,238.0
160612,2023,290407.0,1823.0,13.0,0.756,0.7268,0.7138,0.6964,0.8487,o,2352.0,509.0,8667.0,209.0
160612,2024,295088.0,1715.0,4.0,0.6982,0.6786,0.6698,0.658,0.8881,o,2408.0,526.0,8373.0,200.0
160621,1998,265900.0,1078.0,41.0,0.4958,0.4864,0.4821,0.4764,0.9234,o,,,,
160621,1999,254026.0,997.0,18.0,0.4752,0.4589,0.4517,0.4419,0.8648,o,,,,
160621,2001,248910.0,1030.0,25.0,0.5026,0.4981,0.4961,0.4933,0.9633,o,,,,
160621,2002,242162.0,919.0,9.0,0.4576,0.4382,0.4295,0.418,0.8344,o,1191.0,,4646.0,
160621,2003,232161.0,907.0,4.0,0.4698,0.4252,0.4061,0.3816,0.6595,o,1298.0,,4592.0,119.0
160621,2004,248536.0,941.0,5.0,0.4555,0.4135,0.3955,0.3722,0.6676,o,1503.0,,5085.0,146.0
160621,2005,250350.0,923.0,5.0,0.4436,0.431,0.4253,0.4177,0.8864,o,1502.0,,5537.0,169.0
160621,2006,257825.0,969.0,10.0,0.4533,0.4779,0.4897,0.5061,1.2464,o,1142.0,264.0,5597.0,171.0
160621,2007,224869.0,822.0,4.0,0.4397,0.4461,0.4491,0.4532,1.0623,o,1129.0,232.0,5447.0,163.0
160621,2008,211147.0,940.0,4.0,0.5354,0.5091,0.4975,0.4821,0.8108,o,1044.0,239.0,5365.0,161.0
160621,2009,196276.0,896.0,2.0,0.5484,0.5074,0.4896,0.4664,0.7231,o,1010.0,272.0,5620.0,156.0
160621,2010,186992.0,870.0,0.0,0.5583,0.5255,0.5111,0.4921,0.7769,o,886.0,257.0,5861.0,127.0
160621,2011,184504.0,826.0,0.0,0.5372,0.5145,0.5043,0.4909,0.8349,o,892.0,313.0,6399.0,131.0
160621,2012,171210.0,798.0,0.0,0.5593,0.533,0.5214,0.5059,0.8182,o,781.0,257.0,6904.0,164.0
160621,2013,153387.0,854.0,0.0,0.6681,0.636,0.6218,0.603,0.8145,o,1123.0,341.0,7767.0,199.0
160621,2014,156233.0,757.0,0.0,0.5814,0.582,0.5823,0.5827,1.0042,o,956.0,352.0,8729.0,207.0
160621,2015,156321.0,652.0,0.0,0.5005,0.5197,0.5287,0.5412,1.1693,o,1220.0,524.0,8655.0,191.0
160621,2016,156416.0,610.0,0.0,0.468,0.4985,0.5131,0.5337,1.3007,o,1086.0,314.0,9524.0,211.0
160621,2017,195129.0,735.0,0.0,0.452,0.4733,0.4834,0.4974,1.2111,o,1248.0,355.0,11896.0,193.0
160621,2018,149826.0,736.0,0.0,0.5895,0.6061,0.6138,0.6246,1.1227,o,1342.0,316.0,10800.0,256.0
160621,2019,166893.0,730.0,0.0,0.5249,0.5473,0.5579,0.5726,1.1903,o,1338.0,331.0,11131.0,238.0
160621,2020,159761.0,726.0,0.0,0.5453,0.5653,0.5748,0.5879,1.1622,o,1370.0,352.0,10987.0,250.0
160621,2021,155144.0,726.0,0.0,0.5615,0.5819,0.5915,0.6049,1.1602,o,1614.0,305.0,10902.0,186.0
160621,2022,163742.0,722.0,0.0,0.5291,0.5474,0.556,0.5679,1.1521,o,1678.0,279.0,10797.0,191.0
160621,2023,163793.0,699.0,0.0,0.5121,0.538,0.5503,0.5676,1.2284,o,1711.0,243.0,10194.0,204.0
160621,2024,170007.0,756.0,0.0,0.5336,0.5631,0.5772,0.597,1.2515,o,1715.0,370.0,9848.0,250.0
160630,1998,95418.0,480.0,19.0,0.6156,0.5884,0.5764,0.5604,0.8285,o,,,,
160630,1999,98755.0,439.0,10.0,0.5395,0.5018,0.4853,0.4638,0.7391,o,,,,
160630,2000,93817.0,448.0,9.0,0.5788,0.5426,0.5267,0.5059,0.764,o,,,,
160630,2001,90955.0,414.0,14.0,0.5554,0.5412,0.5347,0.5261,0.8972,o,,,,
160630,2002,83023.0,350.0,6.0,0.5102,0.5158,0.5184,0.522,1.0467,o,277.0,,3445.0,
160630,2003,79060.0,417.0,6.0,0.6375,0.6244,0.6185,0.6105,0.9172,o,418.0,,3480.0,74.0
160630,2004,77178.0,484.0,12.0,0.7619,0.7611,0.7607,0.7602,0.9957,o,414.0,,3758.0,96.0
160630,2005,77178.0,440.0,31.0,0.7082,0.7233,0.7304,0.74,1.0919,o,,,4674.0,96.0
160630,2007,48898.0,287.0,10.0,0.7166,0.6819,0.6665,0.6462,0.8131,i,323.0,295.0,4474.0,93.0
160630,2008,57674.0,229.0,16.0,0.4931,0.4501,0.4317,0.4078,0.6839,o,353.0,284.0,4346.0,114.0
160630,2009,59855.0,228.0,11.0,0.4681,0.4591,0.455,0.4495,0.9221,i,437.0,345.0,4273.0,118.0
160630,2010,69793.0,228.0,14.0,0.4041,0.4379,0.4543,0.4777,1.3979,i,355.0,155.0,4391.0,115.0
160630,2011,75305.0,274.0,24.0,0.4557,0.4934,0.5117,0.5377,1.3919,o,211.0,210.0,4690.0,110.0
160630,2012,81764.0,304.0,27.0,0.466,0.4465,0.4379,0.4264,0.8373,o,263.0,242.0,5315.0,122.0
160630,2013,29274.0,327.0,24.0,1.3896,1.2293,1.1621,1.0764,0.6,o,269.0,243.0,5844.0,364.0
160630,2014,69905.0,303.0,14.0,0.5322,0.4837,0.463,0.4361,0.6717,o,148.0,188.0,6466.0,166.0
160630,2015,60306.0,306.0,30.0,0.6387,0.5936,0.574,0.5483,0.7367,o,211.0,233.0,6812.0,192.0
160630,2016,49793.0,310.0,16.0,0.7664,0.7169,0.6953,0.667,0.7574,o,145.0,208.0,7554.0,198.0
160630,2017,47288.0,324.0,14.0,0.84,0.7628,0.7298,0.6871,0.6692,o,206.0,122.0,8185.0,213.0
160630,2018,50302.0,296.0,17.0,0.7264,0.697,0.6839,0.6665,0.8417,o,194.0,284.0,8002.0,200.0
160630,2019,47002.0,288.0,12.0,0.7506,0.7703,0.7796,0.7923,1.1142,o,221.0,230.0,8582.0,223.0
160630,2020,44712.0,263.0,15.0,0.726,0.7532,0.766,0.7838,1.1657,o,193.0,140.0,8617.0,204.0
160630,2021,39830.0,238.0,8.0,0.7291,0.7586,0.7725,0.7918,1.1795,o,111.0,118.0,8239.0,150.0
160630,2022,34674.0,254.0,0.0,0.879,0.823,0.7985,0.7663,0.76,o,134.0,145.0,7744.0,266.0
160630,2023,37182.0,223.0,2.0,0.7229,0.637,0.6012,0.5555,0.5904,o,154.0,165.0,7734.0,101.0
160630,2024,37945.0,195.0,2.0,0.6198,0.5681,0.5459,0.517,0.6957,o,163.0,175.0,7490.0,126.0
160649,1998,35898.0,0.0,128.0,0.2139,0.2199,0.2361,0.2437,1.4833,o,,,,
160649,1999,38234.0,0.0,141.0,0.2213,0.2295,0.252,0.2627,1.6813,o,,,,
160649,2000,36048.0,0.0,190.0,0.3162,0.309,0.291,0.2833,0.7167,o,,,,
160649,2001,34680.0,0.0,156.0,0.2699,0.2526,0.2131,0.1976,0.3886,o,,,,
160649,2002,42546.0,0.0,252.0,0.3554,0.3565,0.3593,0.3606,1.0454,o,440.0,,2879.0,
160649,2003,45084.0,0.0,248.0,0.3301,0.341,0.3707,0.3847,1.5913,o,503.0,,2848.0,39.0
160649,2004,63278.0,0.0,294.0,0.2788,0.2839,0.2977,0.304,1.2997,o,463.0,,3257.0,41.0
160649,2005,63278.0,0.0,239.0,0.2266,0.2263,0.2256,0.2253,0.982,o,490.0,,3522.0,29.0
160649,2006,64082.0,0.0,216.0,0.2022,0.2024,0.203,0.2032,1.0145,o,451.0,,3509.0,40.0
160649,2007,59513.0,0.0,284.0,0.2863,0.2852,0.2824,0.2812,0.9465,o,488.0,,3406.0,61.0
160649,2008,55120.0,0.0,252.0,0.2743,0.275,0.2768,0.2776,1.0372,o,372.0,343.0,3295.0,70.0
160649,2009,58858.0,0.0,242.0,0.2467,0.2427,0.2327,0.2285,0.7923,o,398.0,449.0,3335.0,61.0
160649,2010,72556.0,0.0,215.0,0.1778,0.1768,0.1744,0.1733,0.9256,o,370.0,205.0,3522.0,38.0
160649,2011,67261.0,0.0,274.0,0.2444,0.2437,0.242,0.2412,0.961,o,401.0,307.0,3811.0,33.0
160649,2012,66636.0,0.0,325.0,0.2926,0.2935,0.2958,0.2968,1.0443,o,379.0,210.0,4076.0,40.0
160649,2013,68318.0,0.0,264.0,0.2319,0.2316,0.2309,0.2306,0.9831,o,405.0,206.0,4417.0,44.0
160649,2014,68848.0,0.0,273.0,0.2379,0.2385,0.2402,0.2409,1.0385,o,323.0,256.0,4598.0,40.0
160649,2015,65780.0,0.0,260.0,0.2372,0.234,0.2259,0.2225,0.824,o,424.0,197.0,4744.0,60.0
160649,2016,68321.0,0.0,224.0,0.1967,0.1988,0.2044,0.2069,1.1648,o,694.0,207.0,5169.0,79.0
160649,2017,69236.0,0.0,249.0,0.2158,0.2253,0.2519,0.2647,1.8581,o,625.0,176.0,5094.0,78.0
160649,2018,63274.0,0.0,207.0,0.1963,0.1978,0.2018,0.2037,1.1181,o,652.0,282.0,5214.0,61.0
160649,2019,60934.0,0.0,222.0,0.2186,0.2184,0.218,0.2178,0.9886,o,396.0,318.0,5308.0,88.0
160649,2020,66321.0,0.0,200.0,0.1809,0.175,0.1606,0.1545,0.6202,o,398.0,311.0,5228.0,73.0
160649,2021,59625.0,0.0,178.0,0.1791,0.1757,0.1672,0.1636,0.7595,o,392.0,392.0,5590.0,
160649,2022,56056.0,0.0,174.0,0.1862,0.1861,0.1857,0.1855,0.9874,o,392.0,437.0,5439.0,48.0
160649,2023,63101.0,0.0,192.0,0.1826,0.1825,0.1822,0.1821,0.9924,o,416.0,556.0,5132.0,52.0
160649,2024,59802.0,0.0,213.0,0.2137,0.2146,0.2169,0.2179,1.0612,o,318.0,456.0,4958.0,45.0
160658,1998,422017.0,1616.0,82.0,0.4712,0.4764,0.4788,0.4822,1.0472,o,,,,
160658,1999,420937.0,1623.0,60.0,0.4712,0.4792,0.4829,0.488,1.0725,o,,,,
160658,2000,402024.0,1873.0,78.0,0.5707,0.5691,0.5684,0.5674,0.9886,o,,,,
160658,2001,386433.0,1866.0,83.0,0.5923,0.5689,0.5584,0.5445,0.8449,o,,,,
160658,2002,388376.0,1903.0,48.0,0.5954,0.5631,0.5489,0.5301,0.7928,o,2469.0,,4008.0,
160658,2003,396413.0,2026.0,45.0,0.6201,0.5991,0.5897,0.5772,0.8664,o,2683.0,,4058.0,130.0
160658,2004,403721.0,2021.0,16.0,0.6031,0.6096,0.6126,0.6168,1.0459,o,2745.0,,4478.0,151.0
160658,2005,409008.0,1964.0,3.0,0.5767,0.5936,0.6016,0.6126,1.1285,o,2863.0,,5196.0,155.0
160658,2006,418732.0,1975.0,2.0,0.5663,0.5854,0.5944,0.6069,1.1487,o,2914.0,524.0,5179.0,159.0
160658,2007,411106.0,2047.0,0.0,0.5975,0.6142,0.6219,0.6327,1.1213,o,2763.0,597.0,5115.0,166.0
160658,2008,406994.0,2142.0,2.0,0.6319,0.6387,0.6418,0.6462,1.0459,o,2629.0,525.0,4978.0,153.0
160658,2009,401217.0,2125.0,0.0,0.6356,0.6296,0.6269,0.6232,0.9615,o,2606.0,617.0,5142.0,164.0
160658,2010,402659.0,2138.0,0.0,0.6372,0.6223,0.6156,0.6065,0.9062,o,2955.0,676.0,5741.0,190.0
160658,2011,411384.0,2279.0,0.0,0.6648,0.6615,0.66,0.658,0.9796,o,2966.0,712.0,6178.0,179.0
160658,2012,414734.0,2296.0,0.0,0.6643,0.6794,0.6865,0.6962,1.0981,o,2728.0,619.0,6618.0,201.0
160658,2013,400548.0,2346.0,0.0,0.7028,0.7172,0.7238,0.733,1.0877,o,2693.0,751.0,7184.0,226.0
160658,2014,401609.0,2493.0,0.0,0.7449,0.7404,0.7383,0.7355,0.9748,o,2922.0,785.0,8152.0,250.0
160658,2015,412181.0,2542.0,0.0,0.7401,0.7307,0.7264,0.7207,0.9483,o,3179.0,953.0,8971.0,295.0
160658,2016,425611.0,2820.0,0.0,0.7951,0.8084,0.8145,0.823,1.0715,o,3024.0,989.0,10703.0,353.0
160658,2017,413288.0,2987.0,0.0,0.8673,0.8958,0.9092,0.9277,1.1443,o,2982.0,948.0,12047.0,401.0
160658,2018,412661.0,2799.0,0.0,0.8139,0.8272,0.8333,0.8418,1.0696,o,2733.0,873.0,12323.0,399.0
160658,2019,392591.0,2888.0,0.0,0.8828,0.869,0.8628,0.8544,0.9367,o,2536.0,790.0,12095.0,402.0
160658,2020,378436.0,2906.0,0.0,0.9215,0.8861,0.8703,0.8493,0.8494,o,2338.0,709.0,12479.0,408.0
160658,2021,355947.0,2806.0,0.0,0.946,0.8997,0.8793,0.8522,0.8115,o,2693.0,740.0,12090.0,392.0
160658,2022,343125.0,2567.0,0.0,0.8977,0.8707,0.8586,0.8423,0.8803,o,2885.0,617.0,11350.0,360.0
160658,2023,334835.0,2365.0,0.0,0.8476,0.8593,0.8647,0.8721,1.0586,o,3064.0,602.0,10747.0,332.0
160658,2024,345404.0,2269.0,0.0,0.7883,0.8269,0.8452,0.8709,1.2206,o,3064.0,605.0,10418.0,304.0
160667,1999,5215.0,0.0,45.0,0.5177,0.5153,0.509,0.5062,0.9342,o,,,,
160667,2001,7887.0,0.0,33.0,0.251,0.2547,0.2642,0.2686,1.2273,o,,,,
160667,2002,7270.0,0.0,23.0,0.1898,0.1886,0.1854,0.1839,0.9091,o,439.0,,748.0,
160667,2003,18405.0,0.0,18.0,0.0587,0.0586,0.0584,0.0583,0.9821,o,631.0,,822.0,
160667,2005,14994.0,0.0,15.0,0.06,0.0577,0.0522,0.0499,0.5701,o,,,1436.0,
160667,2006,13323.0,0.0,8.0,0.036,0.0336,0.0282,0.0261,0.375,i,101.0,2.0,1427.0,
160667,2007,16725.0,0.0,2.0,0.0072,0.0068,0.0058,0.0054,0.4204,i,112.0,7.0,1385.0,
160667,2008,20058.0,0.0,2.0,0.006,0.0059,0.0057,0.0056,0.8101,i,74.0,9.0,1340.0,
160667,2009,23619.0,0.0,9.0,0.0229,0.0223,0.0209,0.0203,0.6948,o,135.0,18.0,1373.0,
160667,2010,57656.0,0.0,11.0,0.0114,0.0117,0.0126,0.0129,1.4516,o,344.0,75.0,1421.0,24.0
160667,2011,61356.0,0.0,15.0,0.0147,0.0159,0.0198,0.0217,3.2919,o,690.0,157.0,1642.0,28.0
160667,2012,61038.0,0.0,44.0,0.0433,0.0466,0.0563,0.0613,2.881,o,573.0,90.0,2634.0,42.0
160667,2013,50202.0,0.0,35.0,0.0418,0.0421,0.0429,0.0433,1.1083,o,508.0,221.0,3857.0,52.0
160667,2014,49540.0,0.0,71.0,0.086,0.0847,0.0814,0.08,0.8044,o,576.0,242.0,4300.0,59.0
160667,2015,47230.0,0.0,102.0,0.1296,0.1302,0.1317,0.1323,1.0657,o,414.0,251.0,4674.0,77.0
160667,2016,50783.0,0.0,112.0,0.1323,0.1299,0.1237,0.1211,0.7638,o,570.0,348.0,5101.0,86.0
160667,2017,58787.0,0.0,102.0,0.1041,0.1051,0.1078,0.1091,1.1515,o,584.0,522.0,5230.0,119.0
160667,2018,65558.0,0.0,134.0,0.1226,0.1241,0.128,0.1298,1.187,o,650.0,349.0,5113.0,115.0
160667,2019,69470.0,0.0,124.0,0.1071,0.108,0.1103,0.1114,1.1265,o,625.0,430.0,5007.0,93.0
160667,2020,70089.0,0.0,119.0,0.1019,0.102,0.1022,0.1023,1.013,o,506.0,315.0,4932.0,100.0
160667,2021,59445.0,0.0,114.0,0.1151,0.1132,0.1086,0.1066,0.7937,o,496.0,307.0,4789.0,110.0
160667,2022,60224.0,0.0,138.0,0.1375,0.1362,0.1331,0.1317,0.8771,o,525.0,255.0,4611.0,98.0
160667,2023,62515.0,0.0,163.0,0.1564,0.157,0.1583,0.1589,1.0479,o,588.0,397.0,4351.0,85.0
160667,2024,72848.0,0.0,227.0,0.187,0.1888,0.1937,0.1959,1.1518,o,763.0,402.0,4203.0,74.0
160676,2001,11298.0,0.0,292.0,1.5507,1.5356,1.4975,1.4808,0.8696,o,,,,
160676,2002,9229.0,0.0,40.0,0.26,0.2524,0.2339,0.2261,0.6546,o,211.0,,748.0,
160676,2003,18305.0,0.0,70.0,0.2294,0.2259,0.217,0.2132,0.8008,o,262.0,,822.0,
160676,2004,20291.0,0.0,65.0,0.1922,0.1949,0.2022,0.2055,1.2243,o,213.0,,809.0,
160676,2005,19078.0,0.0,64.0,0.2013,0.1998,0.1961,0.1944,0.9006,o,176.0,,1275.0,
160676,2006,16696.0,0.0,43.0,0.1545,0.1513,0.1434,0.14,0.7411,o,115.0,55.0,1271.0,
160676,2007,17938.0,0.0,9.0,0.0301,0.029,0.0264,0.0253,0.5913,o,57.0,11.0,1423.0,
160676,2008,15299.0,0.0,3.0,0.0118,0.011,0.0093,0.0086,0.3918,o,93.0,10.0,1377.0,
160676,2009,15359.0,0.0,2.0,0.0078,0.0079,0.008,0.008,1.0814,o,222.0,11.0,1409.0,
160685,1998,10590.0,0.0,13.0,0.0737,0.0716,0.0666,0.0644,0.6667,o,,,,
160685,2003,8459.0,0.0,8.0,0.0567,0.0558,0.0536,0.0526,0.7966,o,110.0,,822.0,
160685,2004,12272.0,0.0,12.0,0.0587,0.0573,0.054,0.0526,0.719,o,60.0,,1212.0,
160685,2005,9302.0,0.0,8.0,0.0516,0.0484,0.0412,0.0383,0.4054,o,25.0,,1516.0,
160685,2006,9058.0,0.0,3.0,0.0199,0.0182,0.0146,0.0133,0.2941,o,19.0,,1505.0,
160685,2007,8651.0,0.0,6.0,0.0416,0.0393,0.034,0.0319,0.4471,o,65.0,,1461.0,
160685,2008,10430.0,0.0,3.0,0.0173,0.0186,0.0226,0.0247,2.9545,o,17.0,1.0,1414.0,
160685,2009,10802.0,0.0,4.0,0.0222,0.0209,0.0177,0.0165,0.4048,o,56.0,,1473.0,
160685,2010,12780.0,0.0,3.0,0.0141,0.0144,0.0152,0.0156,1.3659,o,,,1521.0,
160694,2002,6472.0,0.0,59.0,0.547,0.5445,0.5382,0.5354,0.9371,o,49.0,,748.0,
160694,2003,13147.0,0.0,38.0,0.1734,0.1559,0.1187,0.1051,0.2192,o,99.0,,822.0,
160694,2005,11638.0,0.0,54.0,0.2784,0.2886,0.3167,0.3301,1.6757,o,89.0,,1194.0,
160694,2006,12131.0,0.0,40.0,0.1978,0.1947,0.187,0.1837,0.7982,o,63.0,23.0,1225.0,
160694,2007,11930.0,0.0,12.0,0.0604,0.0582,0.0529,0.0508,0.5915,o,35.0,6.0,1189.0,
160694,2008,11377.0,0.0,4.0,0.0211,0.02,0.0174,0.0163,0.4605,o,25.0,10.0,1150.0,
160694,2009,12310.0,0.0,4.0,0.0195,0.0186,0.0165,0.0156,0.5102,o,81.0,42.0,1186.0,
160719,1998,3925.0,0.0,68.0,1.0394,1.0351,1.0241,1.0192,0.9423,i,,,,
160719,1999,2289.0,0.0,17.0,0.4455,0.4139,0.3425,0.3148,0.3491,i,,,,
160719,2002,2434.0,0.0,10.0,0.2465,0.2532,0.2712,0.2796,1.4653,o,123.0,,748.0,
160719,2003,5771.0,0.0,17.0,0.1767,0.1667,0.1434,0.1342,0.4339,o,212.0,,822.0,
160719,2005,7247.0,0.0,10.0,0.0828,0.0773,0.0648,0.06,0.3761,o,65.0,,1132.0,
160719,2006,7131.0,0.0,22.0,0.1851,0.1756,0.1535,0.1446,0.4727,o,41.0,,1225.0,
160719,2007,9518.0,0.0,17.0,0.1072,0.1039,0.0959,0.0925,0.6406,o,63.0,,1416.0,
160719,2009,8440.0,0.0,10.0,0.0711,0.0722,0.0752,0.0765,1.25,o,60.0,14.0,1186.0,
160755,1998,179473.0,1168.0,19.0,0.7873,0.7952,0.7969,0.801,1.0351,o,,,,
160755,1999,186963.0,1255.0,24.0,0.8132,0.8228,0.8248,0.8298,1.0413,o,,,,
160755,2000,192482.0,1302.0,41.0,0.8245,0.8474,0.8522,0.8644,1.0991,o,,,,
160755,2001,208985.0,1290.0,37.0,0.7513,0.7743,0.7791,0.7913,1.1093,o,,,,
160755,2002,213369.0,1302.0,54.0,0.7474,0.7585,0.7609,0.7667,1.0522,o,1534.0,,46572.0,
160755,2003,226316.0,1504.0,43.0,0.8089,0.8066,0.8061,0.8049,0.9903,o,1676.0,,48109.0,1026.0
160755,2004,219649.0,1452.0,60.0,0.8097,0.8099,0.8099,0.81,1.0009,o,1596.0,,49436.0,1126.0
160755,2005,225435.0,1533.0,74.0,0.8357,0.8485,0.8512,0.8579,1.0538,o,,,50235.0,941.0
160755,2006,181950.0,911.0,29.0,0.6104,0.5942,0.591,0.5828,0.9117,i,882.0,160.0,51956.0,1108.0
160755,2007,180252.0,2020.0,37.0,1.3571,1.1947,1.1636,1.0894,0.6444,i,1320.0,196.0,52775.0,997.0
160755,2008,181407.0,1483.0,29.0,0.9906,0.8831,0.8624,0.8126,0.673,o,1560.0,151.0,53572.0,989.0
160755,2009,190316.0,1405.0,32.0,0.896,0.905,0.9069,0.9116,1.0351,i,1502.0,107.0,55630.0,1174.0
160755,2010,215370.0,1083.0,29.0,0.6115,0.6852,0.7015,0.744,1.4803,i,1625.0,100.0,58015.0,918.0
160755,2011,234068.0,1296.0,41.0,0.6749,0.7472,0.7631,0.8043,1.4201,o,1642.0,115.0,58467.0,951.0
160755,2012,247724.0,1575.0,57.0,0.7768,0.8057,0.8118,0.8273,1.1344,o,1641.0,72.0,59097.0,970.0
160755,2013,251691.0,1689.0,62.0,0.8201,0.8368,0.8403,0.8491,1.0722,o,1609.0,90.0,60476.0,1028.0
160755,2014,252116.0,1712.0,63.0,0.8299,0.8392,0.8411,0.846,1.0393,o,1647.0,116.0,61787.0,1064.0
160755,2015,243186.0,1740.0,82.0,0.8788,0.878,0.8778,0.8774,0.9966,o,1719.0,132.0,63061.0,1152.0
160755,2016,245302.0,1813.0,60.0,0.9016,0.9081,0.9095,0.9129,1.0253,o,1856.0,82.0,64352.0,1196.0
160755,2017,255353.0,1753.0,57.0,0.8372,0.8607,0.8656,0.8781,1.1,o,1905.0,94.0,65027.0,1163.0
160755,2018,262788.0,1834.0,43.0,0.8473,0.8835,0.8912,0.9106,1.1551,o,1909.0,116.0,66003.0,1175.0
160755,2019,273902.0,1862.0,52.0,0.8272,0.8577,0.8641,0.8805,1.1331,o,1821.0,151.0,66892.0,1204.0
160755,2020,275043.0,2053.0,37.0,0.9038,0.915,0.9173,0.9232,1.0434,o,1801.0,93.0,68270.0,1291.0
160755,2021,263434.0,2183.0,0.0,0.9944,0.9836,0.9814,0.9759,0.963,o,2027.0,88.0,68694.0,1366.0
160755,2022,270107.0,2085.0,0.0,0.9263,0.9273,0.9275,0.928,1.0037,o,1843.0,97.0,66715.0,1335.0
160755,2023,275960.0,2054.0,0.0,0.8932,0.9028,0.9048,0.9098,1.0375,o,1867.0,122.0,65053.0,1301.0
160755,2024,282420.0,2022.0,0.0,0.8591,0.8651,0.8664,0.8695,1.0243,o,1838.0,153.0,65538.0,1308.0
160764,1998,3078.0,7.0,1.0,0.2924,0.3792,0.4002,0.4578,2.4513,i,,,,
160764,1999,4680.0,9.0,5.0,0.2949,0.4022,0.4288,0.5035,2.9153,i,,,,
160904,1998,94636.0,425.0,0.0,0.5389,0.5558,0.5594,0.5684,1.1124,o,,,,
160904,1999,99439.0,409.0,0.0,0.4936,0.5158,0.5205,0.5325,1.1641,o,,,,
160904,2000,95286.0,465.0,0.0,0.5856,0.6152,0.6216,0.6376,1.1856,o,,,,
160904,2001,92874.0,484.0,0.0,0.6254,0.649,0.654,0.6667,1.1365,o,,,,
160904,2002,103019.0,488.0,0.0,0.5684,0.5823,0.5853,0.5926,1.0868,o,976.0,,16802.0,
160904,2003,98212.0,454.0,0.0,0.5547,0.566,0.5683,0.5743,1.0717,o,917.0,,17164.0,591.0
160904,2004,96890.0,441.0,0.0,0.5462,0.5604,0.5634,0.571,1.093,o,1001.0,,17413.0,607.0
160904,2005,109970.0,463.0,0.0,0.5052,0.5208,0.5241,0.5324,1.1106,o,654.0,,18188.0,556.0
160904,2006,77100.0,429.0,0.0,0.6677,0.6446,0.6399,0.6283,0.8855,o,444.0,101.0,18853.0,582.0
160904,2007,65335.0,348.0,0.0,0.6392,0.5458,0.5282,0.4868,0.58,o,664.0,118.0,19509.0,737.0
160904,2008,69888.0,343.0,0.0,0.5889,0.5023,0.486,0.4476,0.5777,o,778.0,98.0,20194.0,520.0
160904,2009,76432.0,350.0,0.0,0.5495,0.528,0.5236,0.5129,0.8713,o,765.0,145.0,22302.0,509.0
160904,2010,82454.0,280.0,0.0,0.4075,0.4498,0.459,0.4831,1.4053,o,779.0,230.0,23301.0,523.0
160904,2011,83142.0,301.0,0.0,0.4344,0.4783,0.4879,0.5128,1.3935,o,786.0,86.0,23871.0,537.0
160904,2012,76188.0,360.0,0.0,0.567,0.5806,0.5835,0.5907,1.0853,o,661.0,118.0,24355.0,616.0
160904,2013,71451.0,326.0,0.0,0.5475,0.5374,0.5353,0.5302,0.9378,o,675.0,124.0,24998.0,686.0
160904,2014,68956.0,322.0,0.0,0.5604,0.5373,0.5327,0.5212,0.8653,o,579.0,118.0,27069.0,701.0
160904,2015,67629.0,358.0,0.0,0.6352,0.5957,0.5878,0.5686,0.8013,o,684.0,131.0,28135.0,711.0
160904,2016,65199.0,353.0,0.0,0.6497,0.6246,0.6195,0.607,0.8728,o,762.0,79.0,28974.0,743.0
160904,2017,66872.0,324.0,0.0,0.5814,0.5949,0.5977,0.6049,1.0823,o,716.0,84.0,29379.0,760.0
160904,2018,67420.0,299.0,0.0,0.5322,0.5582,0.5637,0.5778,1.1786,o,865.0,71.0,29419.0,777.0
160904,2019,72658.0,327.0,0.0,0.5401,0.5764,0.5842,0.6042,1.2518,o,832.0,69.0,29710.0,610.0
160904,2020,75723.0,372.0,0.0,0.5895,0.6175,0.6235,0.6386,1.1736,o,712.0,85.0,30115.0,629.0
160904,2021,77133.0,358.0,0.0,0.557,0.5641,0.5655,0.5693,1.0447,o,989.0,51.0,30140.0,549.0
160904,2022,84778.0,411.0,0.0,0.5818,0.5942,0.5968,0.6034,1.0759,o,838.0,58.0,28960.0,494.0
160904,2023,83127.0,429.0,0.0,0.6193,0.6327,0.6355,0.6426,1.0766,o,692.0,74.0,27807.0,456.0
160904,2024,85947.0,460.0,0.0,0.6423,0.6406,0.6402,0.6393,0.9909,o,839.0,67.0,27868.0,378.0
160913,2003,13117.0,0.0,17.0,0.0778,0.0734,0.0632,0.0591,0.4364,o,456.0,,822.0,
160913,2005,13080.0,0.0,22.0,0.1009,0.0845,0.0536,0.0438,0.0795,o,53.0,,1194.0,
160913,2006,12120.0,0.0,15.0,0.0743,0.0667,0.0507,0.0449,0.2177,o,41.0,6.0,1193.0,
160913,2007,13500.0,0.0,6.0,0.0267,0.0266,0.0265,0.0265,0.9762,o,49.0,1.0,1158.0,
160913,2008,14700.0,0.0,16.0,0.0653,0.0655,0.066,0.0662,1.0426,o,65.0,3.0,1121.0,
160913,2009,13950.0,0.0,6.0,0.0258,0.0265,0.0283,0.0291,1.4444,o,131.0,17.0,1157.0,
160913,2010,45957.0,0.0,126.0,0.1645,0.1744,0.2025,0.2165,2.2982,o,251.0,41.0,1378.0,57.0
160913,2011,79269.0,0.0,121.0,0.0916,0.0978,0.1159,0.1249,2.5612,o,313.0,77.0,1524.0,31.0
160913,2012,49562.0,0.0,137.0,0.1659,0.1717,0.1877,0.1952,1.6387,o,376.0,101.0,1992.0,69.0
160913,2013,44380.0,0.0,103.0,0.1393,0.1421,0.1496,0.1531,1.3333,o,562.0,347.0,2541.0,85.0
160913,2014,43031.0,0.0,130.0,0.1813,0.1876,0.2049,0.213,1.6314,o,414.0,165.0,2765.0,143.0
160913,2015,39996.0,0.0,162.0,0.243,0.2409,0.2356,0.2332,0.8827,o,569.0,166.0,3151.0,100.0
160913,2016,38650.0,0.0,170.0,0.2639,0.2668,0.2742,0.2776,1.166,o,461.0,189.0,3275.0,93.0
160913,2017,32526.0,0.0,188.0,0.3468,0.3452,0.3413,0.3395,0.9379,o,165.0,155.0,3819.0,117.0
160913,2018,31027.0,0.0,193.0,0.3732,0.3446,0.2808,0.2564,0.3204,o,,,3672.0,
366270,1998,9060.0,0.0,2.0,0.0132,0.0132,0.0132,0.0132,,-,,,,
366270,1999,9270.0,0.0,3.0,0.0194,0.0194,0.0194,0.0194,,-,,,,
366270,2022,16617.0,0.0,11.0,0.0397,0.0397,0.0397,0.0397,,-,17.0,89.0,,228.0
366270,2023,21495.0,0.0,11.0,0.0307,0.0307,0.0307,0.0307,,-,85.0,79.0,,174.0
366270,2024,12930.0,0.0,7.0,0.0325,0.0325,0.0325,0.0325,,-,47.0,50.0,,298.0
367112,2002,18272.0,0.0,0.0,0.0,0.0,0.0,0.0,,-,188.0,,24944.0,
367112,2003,20192.0,0.0,72.0,0.2139,0.2139,0.2139,0.2139,,-,291.0,,26918.0,262.0
367112,2004,30539.0,0.0,99.0,0.1945,0.1945,0.1945,0.1945,,-,167.0,,27542.0,225.0
367112,2005,13361.0,0.0,166.0,0.7454,0.7454,0.7454,0.7454,,-,95.0,,28586.0,577.0
367112,2006,16672.0,0.0,98.0,0.3527,0.3527,0.3527,0.3527,,-,308.0,226.0,10938.0,438.0
367112,2007,24859.0,0.0,124.0,0.2993,0.2993,0.2993,0.2993,,-,489.0,77.0,17000.0,348.0
367112,2008,22015.0,0.0,141.0,0.3843,0.3843,0.3843,0.3843,,-,585.0,94.0,17217.0,469.0
367112,2009,24585.0,0.0,202.0,0.493,0.493,0.493,0.493,,-,72.0,50.0,17443.0,503.0
367112,2010,27052.0,0.0,187.0,0.4148,0.4148,0.4148,0.4148,,-,103.0,40.0,17813.0,544.0
367112,2011,27211.0,0.0,225.0,0.4961,0.4961,0.4961,0.4961,,-,186.0,88.0,14322.0,542.0
367112,2012,24969.0,0.0,196.0,0.471,0.471,0.471,0.471,,-,131.0,78.0,13372.0,541.0
367112,2013,15727.0,0.0,240.0,0.9156,0.9156,0.9156,0.9156,,-,125.0,66.0,13138.0,709.0
367112,2014,17973.0,0.0,186.0,0.6209,0.6209,0.6209,0.6209,,-,152.0,70.0,12939.0,552.0
367112,2015,17760.0,0.0,130.0,0.4392,0.4392,0.4392,0.4392,,-,163.0,53.0,12830.0,547.0
367112,2016,18668.0,0.0,143.0,0.4596,0.4596,0.4596,0.4596,,-,237.0,74.0,12780.0,521.0
367112,2017,21489.0,0.0,169.0,0.4719,0.4719,0.4719,0.4719,,-,235.0,75.0,12875.0,553.0
367112,2018,19400.0,0.0,131.0,0.4052,0.4052,0.4052,0.4052,,-,139.0,17.0,13869.0,605.0
367112,2020,13646.0,0.0,45.0,0.1979,0.1979,0.1979,0.1979,,-,60.0,1.0,,506.0
367112,2021,11012.0,0.0,42.0,0.2288,0.2288,0.2288,0.2288,,-,27.0,,,395.0
367112,2022,9636.0,0.0,35.0,0.2179,0.2179,0.2179,0.2179,,-,29.0,,,365.0
373447,2000,1632.0,0.0,0.0,0.0,0.0,0.0,0.0,,-,,,,
373447,2004,1860.0,0.0,1.0,0.0323,0.0323,0.0323,0.0323,,-,6.0,,12700.0,307.0
373447,2005,2276.0,0.0,6.0,0.1582,0.1582,0.1582,0.1582,,-,12.0,,12326.0,362.0
373447,2006,1064.0,0.0,8.0,0.4511,0.4511,0.4511,0.4511,,-,7.0,10.0,11932.0,732.0
373447,2007,940.0,0.0,4.0,0.2553,0.2553,0.2553,0.2553,,-,7.0,,11343.0,846.0
373447,2008,940.0,0.0,8.0,0.5106,0.5106,0.5106,0.5106,,-,7.0,,10975.0,886.0
373447,2009,1500.0,0.0,12.0,0.48,0.48,0.48,0.48,,-,5.0,10.0,10791.0,325.0
373447,2010,1710.0,0.0,10.0,0.3509,0.3509,0.3509,0.3509,,-,11.0,16.0,11861.0,421.0
373447,2011,1290.0,0.0,11.0,0.5116,0.5116,0.5116,0.5116,,-,11.0,12.0,11582.0,688.0
382382,2008,7983.0,0.0,0.0,0.0,0.0,0.0,0.0,,-,41.0,,,267.0
382382,2009,7452.0,0.0,0.0,0.0,0.0,0.0,0.0,,-,51.0,,,230.0
415011,1998,2083.0,0.0,18.0,0.5184,0.5184,0.5184,0.5184,,-,,,,
415011,1999,1688.0,0.0,11.0,0.391,0.391,0.391,0.391,,-,,,,
415011,2002,14257.0,0.0,12.0,0.0505,0.0505,0.0505,0.0505,,-,99.0,,,
421009,1998,21690.0,21.0,0.0,0.1162,0.1162,0.1162,0.1162,,x,,,,
421009,1999,21840.0,48.0,0.0,0.2637,0.2637,0.2637,0.2637,,x,,,,
421009,2000,18763.0,151.0,0.0,0.9657,0.9657,0.9657,0.9657,,x,,,,
421009,2001,27273.0,187.0,1.0,0.825,0.825,0.825,0.825,,x,,,,
421009,2003,28061.0,181.0,1.0,0.7762,0.7762,0.7762,0.7762,,x,28.0,,13102.0,568.0
421009,2004,45016.0,255.0,1.0,0.6811,0.6811,0.6811,0.6811,,x,69.0,,13532.0,420.0
421009,2005,50862.0,225.0,1.0,0.532,0.532,0.532,0.532,,x,93.0,,15017.0,427.0
421009,2006,36126.0,209.0,0.0,0.6942,0.6942,0.6942,0.6942,,x,85.0,98.0,14210.0,434.0
421009,2007,60360.0,273.0,0.0,0.5427,0.5427,0.5427,0.5427,,x,178.0,145.0,14882.0,317.0
421009,2008,38494.0,271.0,2.0,0.8479,0.8479,0.8479,0.8479,,x,129.0,151.0,15189.0,342.0
421009,2009,51210.0,316.0,0.0,0.7405,0.7405,0.7405,0.7405,,x,76.0,100.0,15971.0,262.0
421009,2010,49963.0,304.0,0.0,0.7301,0.7301,0.7301,0.7301,,x,119.0,130.0,12694.0,442.0
421009,2012,13074.0,67.0,0.0,0.615,0.615,0.615,0.615,,x,29.0,41.0,13414.0,482.0
421009,2013,11052.0,57.0,0.0,0.6189,0.6189,0.6189,0.6189,,x,,,13689.0,529.0
433536,1999,7296.0,0.0,60.0,0.4934,0.4934,0.4934,0.4934,,n,,,,
433536,2002,9022.0,3.0,66.0,0.4788,0.4788,0.4788,0.4788,,n,59.0,,10185.0,
433536,2004,8152.0,13.0,41.0,0.4931,0.3502,0.3262,0.2733,0.3071,o,50.0,,11383.0,412.0
433536,2006,3580.0,15.0,41.0,1.1899,0.8786,0.8252,0.7053,0.3514,o,25.0,,,870.0
433536,2007,7060.0,11.0,38.0,0.5099,0.3749,0.3518,0.3,0.3462,o,31.0,,16333.0,393.0
433536,2008,7060.0,16.0,21.0,0.4504,0.424,0.4187,0.4058,0.8116,o,111.0,,16594.0,425.0
433536,2009,7766.0,12.0,50.0,0.5717,0.7651,0.8126,0.9448,2.7308,o,48.0,24.0,18129.0,559.0
433536,2010,13903.0,15.0,91.0,0.5222,0.8732,0.9713,1.2672,5.8889,o,53.0,108.0,19633.0,464.0
433536,2011,15132.0,17.0,96.0,0.5155,0.6116,0.6336,0.6923,1.8036,o,71.0,11.0,15024.0,526.0
433536,2012,12932.0,22.0,95.0,0.6449,0.6201,0.615,0.6027,0.8732,o,37.0,12.0,15021.0,356.0
433536,2013,10542.0,25.0,81.0,0.7456,0.6665,0.6512,0.6145,0.6792,o,24.0,5.0,14905.0,296.0
433536,2014,11693.0,26.0,63.0,0.5901,0.5098,0.4946,0.4586,0.604,o,37.0,10.0,14680.0,470.0
433536,2015,13511.0,24.0,65.0,0.5018,0.4085,0.3915,0.352,0.4919,o,38.0,11.0,16697.0,467.0
433536,2016,15733.0,37.0,107.0,0.6903,0.621,0.6076,0.5752,0.6944,o,32.0,18.0,16581.0,532.0
433536,2017,15268.0,36.0,95.0,0.6563,0.683,0.6887,0.703,1.1475,o,17.0,8.0,17069.0,557.0
433536,2018,13746.0,40.0,78.0,0.6897,0.6472,0.6388,0.6181,0.8033,o,15.0,20.0,17261.0,545.0
433536,2019,13714.0,36.0,85.0,0.6869,0.5366,0.5098,0.4487,0.4267,o,22.0,44.0,17083.0,527.0
433536,2020,13846.0,31.0,75.0,0.5937,0.4935,0.4749,0.4316,0.5286,o,41.0,39.0,17068.0,519.0
433536,2021,14051.0,36.0,72.0,0.6149,0.6614,0.6714,0.6972,1.2857,o,22.0,24.0,16575.0,483.0
433536,2022,11933.0,34.0,78.0,0.7341,0.8934,0.9305,1.03,1.9688,o,39.0,36.0,15578.0,475.0
433536,2023,12153.0,52.0,53.0,0.7751,0.8961,0.9233,0.9952,1.6486,o,27.0,35.0,13198.0,414.0
433536,2024,12756.0,52.0,56.0,0.7526,0.7628,0.7649,0.7703,1.0476,o,32.0,26.0,13420.0,361.0
434061,2003,19898.0,0.0,53.0,0.1598,0.1598,0.1598,0.1598,,n,792.0,,,82.0
434061,2004,29879.0,0.0,35.0,0.0703,0.0703,0.0703,0.0703,,n,211.0,,1411.0,136.0
434061,2005,38317.0,0.0,61.0,0.0955,0.0905,0.0787,0.074,0.4607,o,452.0,,1457.0,107.0
434061,2006,41555.0,0.0,57.0,0.0823,0.0817,0.0802,0.0795,0.9013,o,367.0,95.0,1443.0,90.0
434061,2007,45919.0,0.0,66.0,0.0862,0.0869,0.0885,0.0892,1.1071,o,424.0,222.0,1400.0,95.0
434061,2008,58624.0,0.0,100.0,0.1023,0.1026,0.1032,0.1035,1.0354,o,494.0,196.0,2725.0,89.0
434061,2009,65555.0,0.0,157.0,0.1437,0.146,0.1519,0.1546,1.2491,o,551.0,211.0,2786.0,105.0
434061,2010,74040.0,0.0,170.0,0.1378,0.1395,0.1442,0.1463,1.2004,o,710.0,229.0,2893.0,69.0
434061,2011,81643.0,0.0,211.0,0.1551,0.1584,0.1674,0.1716,1.3589,o,782.0,259.0,3144.0,109.0
434061,2012,78934.0,0.0,284.0,0.2159,0.2192,0.2278,0.2318,1.2403,o,1064.0,548.0,3540.0,67.0
434061,2013,75584.0,0.0,257.0,0.204,0.2091,0.2229,0.2294,1.4263,o,1027.0,469.0,3825.0,121.0
434061,2014,147905.0,0.0,428.0,0.1736,0.1749,0.1783,0.1799,1.1127,o,1405.0,458.0,4149.0,69.0
434061,2015,135558.0,0.0,376.0,0.1664,0.1699,0.1792,0.1835,1.3439,o,1801.0,604.0,4675.0,78.0
434061,2016,151179.0,0.0,450.0,0.1786,0.1836,0.197,0.2033,1.4811,o,1373.0,649.0,5152.0,107.0
434061,2017,148725.0,0.0,506.0,0.2041,0.2019,0.1964,0.194,0.8565,o,1371.0,542.0,5360.0,112.0
434061,2018,149769.0,0.0,575.0,0.2304,0.228,0.2221,0.2195,0.8639,o,1253.0,649.0,5241.0,105.0
434061,2019,151193.0,0.0,609.0,0.2417,0.2401,0.2363,0.2345,0.9133,o,1400.0,605.0,5131.0,106.0
434061,2020,159052.0,0.0,624.0,0.2354,0.2365,0.2392,0.2405,1.0671,o,1188.0,598.0,5054.0,91.0
434061,2021,146676.0,0.0,697.0,0.2851,0.2829,0.2774,0.2749,0.8956,o,1121.0,642.0,4908.0,111.0
434061,2022,123029.0,0.0,699.0,0.3409,0.3375,0.3289,0.3251,0.8663,o,1133.0,616.0,4613.0,120.0
434061,2023,122394.0,0.0,732.0,0.3588,0.3584,0.3572,0.3566,0.9814,o,1147.0,598.0,4353.0,112.0
434061,2024,129361.0,0.0,722.0,0.3349,0.3353,0.3364,0.3368,1.0177,o,1307.0,613.0,4210.0,107.0
435000,2005,3258.0,40.0,0.0,1.4733,1.4733,1.4733,1.4733,,n,,,,833.0
435000,2006,3551.0,46.0,0.0,1.5545,1.5545,1.5545,1.5545,,n,,,,786.0
435000,2007,3980.0,49.0,0.0,1.4774,1.4774,1.4774,1.4774,,n,,,,750.0
435000,2008,3932.0,58.0,0.0,1.7701,1.7701,1.7701,1.7701,,n,,,,794.0
435000,2009,3523.0,62.0,0.0,2.1118,2.1118,2.1118,2.1118,,n,,9.0,,822.0
435000,2010,3157.0,48.0,0.0,1.8245,1.8245,1.8245,1.8245,,n,,8.0,,413.0
435000,2011,2379.0,52.0,0.0,2.623,2.623,2.623,2.623,,n,,11.0,,425.0
435000,2013,1782.0,28.0,0.0,1.8855,1.8855,1.8855,1.8855,,n,,7.0,,542.0
435000,2014,1410.0,32.0,0.0,2.7234,2.7234,2.7234,2.7234,,n,,8.0,,598.0
435000,2015,1223.0,26.0,0.0,2.5511,2.5511,2.5511,2.5511,,n,,3.0,,649.0
435000,2016,1287.0,26.0,0.0,2.4242,2.4242,2.4242,2.4242,,n,,2.0,,742.0
435000,2017,968.0,16.0,0.0,1.9835,1.9835,1.9835,1.9835,,n,,7.0,,823.0
435000,2018,1020.0,18.0,0.0,2.1176,2.1176,2.1176,2.1176,,n,,6.0,,791.0
435000,2019,996.0,18.0,0.0,2.1687,2.1687,2.1687,2.1687,,n,,6.0,,783.0
435000,2020,1090.0,15.0,0.0,1.6514,1.6514,1.6514,1.6514,,n,,4.0,,782.0
435000,2021,967.0,18.0,0.0,2.2337,2.2337,2.2337,2.2337,,n,,5.0,,739.0
435000,2022,957.0,16.0,0.0,2.0063,2.0063,2.0063,2.0063,,n,,5.0,,716.0
435000,2023,830.0,13.0,0.0,1.8795,1.8795,1.8795,1.8795,,n,,3.0,,680.0
435000,2024,709.0,13.0,0.0,2.2003,2.2003,2.2003,2.2003,,n,,5.0,,646.0
436304,2002,8371.0,0.0,9.0,0.0645,0.0645,0.0645,0.0645,,n,100.0,,3293.0,
436304,2003,10925.0,0.0,19.0,0.1043,0.1,0.0897,0.0855,0.5464,o,294.0,,3315.0,90.0
436304,2004,12753.0,0.0,31.0,0.1458,0.1518,0.1681,0.1759,1.7658,o,202.0,,2842.0,98.0
436304,2005,17242.0,0.0,34.0,0.1183,0.1185,0.1191,0.1193,1.0254,o,295.0,,2942.0,77.0
436304,2006,18437.0,0.0,48.0,0.1562,0.1581,0.1631,0.1654,1.1895,o,260.0,69.0,2920.0,88.0
436304,2007,19844.0,0.0,58.0,0.1754,0.1759,0.1774,0.178,1.0463,o,273.0,412.0,2834.0,77.0
436304,2008,20069.0,0.0,53.0,0.1585,0.1583,0.1578,0.1576,0.9838,o,249.0,132.0,2742.0,65.0
436304,2009,24588.0,0.0,40.0,0.0976,0.0971,0.096,0.0954,0.9343,o,344.0,178.0,2800.0,58.0
436304,2010,31480.0,0.0,78.0,0.1487,0.1516,0.1593,0.1628,1.318,o,545.0,267.0,2879.0,49.0
436304,2011,47799.0,0.0,108.0,0.1356,0.1415,0.1579,0.1657,1.8381,o,521.0,214.0,3091.0,77.0
436304,2012,49224.0,0.0,133.0,0.1621,0.1639,0.1687,0.1708,1.1721,o,445.0,242.0,3363.0,103.0
436304,2013,50769.0,0.0,143.0,0.169,0.1669,0.1615,0.1592,0.8349,o,333.0,215.0,3747.0,100.0
436304,2014,42724.0,0.0,163.0,0.2289,0.223,0.2086,0.2025,0.6894,o,405.0,202.0,4255.0,95.0
436304,2015,37478.0,0.0,202.0,0.3234,0.3243,0.3267,0.3277,1.0411,o,357.0,219.0,4642.0,95.0
436304,2016,37815.0,0.0,214.0,0.3395,0.3388,0.3368,0.3359,0.9675,o,362.0,218.0,5070.0,147.0
436304,2017,37294.0,0.0,151.0,0.2429,0.2421,0.2398,0.2389,0.9501,o,453.0,286.0,5200.0,148.0
436304,2019,64473.0,0.0,375.0,0.349,0.3605,0.392,0.4069,1.5926,o,642.0,279.0,4977.0,143.0
436304,2020,62689.0,0.0,326.0,0.312,0.3154,0.3242,0.3282,1.1652,o,342.0,31.0,4903.0,115.0
436304,2021,52308.0,0.0,324.0,0.3716,0.3555,0.3171,0.3014,0.5298,o,427.0,212.0,4761.0,123.0
436304,2022,45013.0,0.0,305.0,0.4065,0.4025,0.3924,0.388,0.8679,o,446.0,200.0,4475.0,65.0
436304,2023,46709.0,0.0,300.0,0.3854,0.3894,0.3999,0.4047,1.1599,o,579.0,282.0,4222.0,141.0
436304,2024,50529.0,0.0,270.0,0.3206,0.327,0.3441,0.3519,1.3265,o,579.0,266.0,4079.0,184.0
436571,2005,1800.0,0.0,0.0,0.0,0.0,0.0,0.0,,-,1.0,,16981.0,437.0
437042,2000,4757.0,0.0,0.0,0.0,0.0,0.0,0.0,,-,,,,
437042,2001,11379.0,0.0,12.0,0.0633,0.0633,0.0633,0.0633,,-,,,,
437042,2003,18155.0,0.0,130.0,0.4296,0.4296,0.4296,0.4296,,-,153.0,,20188.0,554.0
437042,2004,17805.0,0.0,197.0,0.6638,0.6638,0.6638,0.6638,,-,176.0,,20716.0,738.0
437042,2006,9456.0,15.0,68.0,0.6218,0.6218,0.6218,0.6218,,-,74.0,36.0,22118.0,1125.0
437042,2007,12464.0,13.0,93.0,0.5728,0.5728,0.5728,0.5728,,-,86.0,8.0,22504.0,861.0
437042,2008,15493.0,33.0,93.0,0.6157,0.6157,0.6157,0.6157,,-,132.0,13.0,22828.0,844.0
437042,2009,17483.0,36.0,109.0,0.6212,0.6212,0.6212,0.6212,,-,139.0,14.0,23533.0,820.0
437042,2010,21301.0,43.0,137.0,0.6281,0.6281,0.6281,0.6281,,-,133.0,25.0,24513.0,821.0
437042,2011,21744.0,30.0,196.0,0.7064,0.7064,0.7064,0.7064,,-,52.0,10.0,25194.0,948.0
437042,2012,18643.0,43.0,172.0,0.8303,0.8303,0.8303,0.8303,,-,57.0,6.0,24556.0,996.0
437042,2013,15828.0,50.0,195.0,1.1183,1.1183,1.1183,1.1183,,-,104.0,1.0,24126.0,979.0
437042,2014,13967.0,55.0,114.0,0.9623,0.9623,0.9623,0.9623,,-,82.0,8.0,23762.0,849.0
437042,2015,12728.0,30.0,115.0,0.825,0.825,0.825,0.825,,-,76.0,2.0,23561.0,727.0
437103,2000,52821.0,0.0,17.0,0.0193,0.0193,0.0193,0.0193,,n,,,,
437103,2001,58387.0,0.0,60.0,0.0617,0.0617,0.0617,0.0617,,n,,,,
437103,2002,83084.0,0.0,81.0,0.0585,0.0585,0.0585,0.0585,,n,1272.0,,1019.0,
437103,2003,97668.0,0.0,113.0,0.0694,0.0706,0.0735,0.0749,1.26,o,1500.0,,2488.0,85.0
437103,2004,120339.0,0.0,192.0,0.0957,0.097,0.1002,0.1017,1.2019,o,1582.0,,2468.0,30.0
437103,2005,127880.0,0.0,191.0,0.0896,0.0904,0.0926,0.0936,1.1414,o,1197.0,,2569.0,62.0
437103,2006,148214.0,0.0,182.0,0.0737,0.0724,0.0692,0.0678,0.7768,o,1193.0,618.0,2791.0,65.0
437103,2007,118755.0,0.0,196.0,0.099,0.098,0.0953,0.0942,0.8586,o,1390.0,822.0,2709.0,106.0
437103,2008,144968.0,0.0,310.0,0.1283,0.1297,0.1332,0.1349,1.1632,o,1684.0,890.0,2621.0,78.0
437103,2009,170388.0,0.0,305.0,0.1074,0.1094,0.1148,0.1172,1.3039,o,1723.0,809.0,2711.0,76.0
437103,2010,171252.0,0.0,340.0,0.1191,0.1201,0.1226,0.1237,1.121,o,1943.0,848.0,2770.0,55.0
437103,2011,161492.0,0.0,388.0,0.1442,0.1455,0.149,0.1506,1.1406,o,1904.0,707.0,3454.0,86.0
437103,2012,172233.0,0.0,397.0,0.1383,0.1387,0.1396,0.14,1.0387,o,2428.0,728.0,3853.0,105.0
437103,2013,163016.0,0.0,314.0,0.1156,0.1175,0.1225,0.1248,1.2623,o,1790.0,974.0,4132.0,131.0
437103,2014,163840.0,0.0,387.0,0.1417,0.1398,0.1351,0.1331,0.8264,o,1874.0,1165.0,4432.0,126.0
437103,2015,173543.0,0.0,426.0,0.1473,0.1461,0.143,0.1417,0.8886,o,1369.0,1461.0,4821.0,146.0
437103,2016,171263.0,0.0,458.0,0.1605,0.1572,0.1492,0.1457,0.7473,o,1508.0,1084.0,5020.0,136.0
437103,2017,170416.0,0.0,453.0,0.1595,0.1587,0.1566,0.1557,0.93,o,1691.0,1214.0,5381.0,116.0
437103,2018,161442.0,0.0,525.0,0.1951,0.1973,0.2032,0.2058,1.1755,o,1888.0,1155.0,5261.0,113.0
437103,2019,168946.0,0.0,533.0,0.1893,0.1915,0.1973,0.1999,1.1804,o,1730.0,1083.0,5150.0,115.0
437103,2020,162037.0,0.0,502.0,0.1859,0.1854,0.1843,0.1838,0.9668,o,1313.0,897.0,5073.0,114.0
437103,2021,152004.0,0.0,560.0,0.221,0.2161,0.204,0.1989,0.7258,o,1503.0,929.0,4927.0,101.0
437103,2022,154710.0,0.0,543.0,0.2106,0.2104,0.2099,0.2097,0.9878,o,1754.0,1161.0,4631.0,93.0
437103,2023,180993.0,0.0,525.0,0.174,0.1767,0.1839,0.1871,1.2457,o,2188.0,965.0,4369.0,76.0
437103,2024,196268.0,0.0,611.0,0.1868,0.1907,0.2011,0.2059,1.3436,o,2492.0,1148.0,4221.0,98.0
437671,2001,798.0,0.0,0.0,0.0,0.0,0.0,0.0,,-,,,,
437671,2002,1443.0,0.0,3.0,0.1247,0.1247,0.1247,0.1247,,-,30.0,,11065.0,
437671,2003,1809.0,0.0,8.0,0.2653,0.2653,0.2653,0.2653,,-,43.0,,10579.0,220.0
437671,2004,3210.0,0.0,9.0,0.1682,0.1682,0.1682,0.1682,,-,32.0,,10323.0,180.0
437671,2005,3264.0,0.0,9.0,0.1654,0.1654,0.1654,0.1654,,-,,,10663.0,168.0
439482,2007,6230.0,0.0,9.0,0.0867,0.0867,0.0867,0.0867,,-,114.0,31.0,15093.0,321.0
439482,2008,4199.0,0.0,5.0,0.0714,0.0714,0.0714,0.0714,,-,39.0,,16023.0,516.0
439482,2009,3390.0,0.0,10.0,0.177,0.177,0.177,0.177,,-,56.0,,17115.0,292.0
439482,2014,9660.0,0.0,0.0,0.0,0.0,0.0,0.0,,-,31.0,33.0,21395.0,454.0
439482,2015,6633.0,0.0,0.0,0.0,0.0,0.0,0.0,,-,78.0,,,542.0
439482,2016,4886.0,0.0,0.0,0.0,0.0,0.0,0.0,,-,97.0,,,764.0
439482,2018,297.0,0.0,0.0,0.0,0.0,0.0,0.0,,-,,,,
439738,2003,17835.0,0.0,0.0,0.0,0.0,0.0,0.0,,-,79.0,,,198.0
439738,2005,27918.0,0.0,19.0,0.0408,0.0408,0.0408,0.0408,,-,89.0,,,163.0
439738,2007,22769.0,0.0,20.0,0.0527,0.0527,0.0527,0.0527,,-,81.0,10.0,,287.0
439738,2008,24802.0,0.0,22.0,0.0532,0.0532,0.0532,0.0532,,-,241.0,16.0,,295.0
439738,2009,26996.0,0.0,27.0,0.06,0.06,0.06,0.06,,-,296.0,29.0,,310.0
439738,2010,25889.0,0.0,44.0,0.102,0.102,0.102,0.102,,-,200.0,130.0,,458.0
439738,2012,28590.0,0.0,47.0,0.0986,0.0986,0.0986,0.0986,,-,36.0,59.0,18368.0,378.0
439738,2013,21510.0,0.0,28.0,0.0781,0.0781,0.0781,0.0781,,-,27.0,83.0,19357.0,412.0
439738,2014,19140.0,0.0,30.0,0.094,0.094,0.094,0.094,,-,41.0,43.0,18029.0,400.0
439738,2015,18360.0,0.0,36.0,0.1176,0.1176,0.1176,0.1176,,-,48.0,57.0,17384.0,398.0
439738,2016,19320.0,0.0,59.0,0.1832,0.1832,0.1832,0.1832,,-,32.0,66.0,18443.0,389.0
439738,2017,15720.0,0.0,42.0,0.1603,0.1603,0.1603,0.1603,,-,22.0,50.0,18277.0,378.0
439738,2018,14280.0,0.0,14.0,0.0588,0.0588,0.0588,0.0588,,-,38.0,62.0,17961.0,380.0
439738,2019,16020.0,0.0,25.0,0.0936,0.0936,0.0936,0.0936,,-,43.0,99.0,17428.0,357.0
439738,2020,17910.0,0.0,24.0,0.0804,0.0804,0.0804,0.0804,,-,60.0,49.0,17896.0,359.0
439738,2021,20130.0,0.0,32.0,0.0954,0.0954,0.0954,0.0954,,-,41.0,56.0,17544.0,332.0
439738,2022,18270.0,0.0,51.0,0.1675,0.1675,0.1675,0.1675,,-,54.0,111.0,16652.0,317.0
439738,2023,19020.0,0.0,38.0,0.1199,0.1199,0.1199,0.1199,,-,71.0,67.0,16439.0,330.0
439738,2024,24270.0,0.0,41.0,0.1014,0.1014,0.1014,0.1014,,-,86.0,87.0,16167.0,327.0
440271,2004,27900.0,0.0,17.0,0.0366,0.0366,0.0366,0.0366,,-,93.0,,,274.0
440271,2005,35280.0,0.0,61.0,0.1037,0.1037,0.1037,0.1037,,-,221.0,,,275.0
440271,2006,23239.0,0.0,60.0,0.1549,0.1549,0.1549,0.1549,,-,151.0,,,418.0
440271,2007,24687.0,0.0,64.0,0.1555,0.1555,0.1555,0.1555,,-,120.0,,,392.0
440271,2008,16864.0,0.0,76.0,0.2704,0.2704,0.2704,0.2704,,-,118.0,4.0,,499.0
440271,2009,16119.0,0.0,53.0,0.1973,0.1973,0.1973,0.1973,,-,175.0,1.0,20071.0,520.0
440271,2010,23758.0,0.0,28.0,0.0707,0.0707,0.0707,0.0707,,-,158.0,,19941.0,455.0
440271,2011,20460.0,0.0,54.0,0.1584,0.1584,0.1584,0.1584,,-,163.0,1.0,20583.0,471.0
440271,2012,16890.0,0.0,55.0,0.1954,0.1954,0.1954,0.1954,,-,97.0,1.0,21763.0,513.0
440271,2013,14550.0,0.0,32.0,0.132,0.132,0.132,0.132,,-,125.0,5.0,21382.0,463.0
440271,2014,12300.0,0.0,18.0,0.0878,0.0878,0.0878,0.0878,,-,126.0,4.0,21059.0,514.0
440271,2017,2622.0,0.0,24.0,0.5492,0.5492,0.5492,0.5492,,-,8.0,3.0,20226.0,401.0
440271,2018,2490.0,0.0,17.0,0.4096,0.4096,0.4096,0.4096,,-,14.0,3.0,21124.0,508.0
440271,2019,3022.0,0.0,15.0,0.2978,0.2978,0.2978,0.2978,,-,17.0,2.0,20743.0,426.0
440271,2020,4263.0,0.0,18.0,0.2533,0.2533,0.2533,0.2533,,-,30.0,,20689.0,415.0
440271,2021,5839.0,0.0,13.0,0.1336,0.1336,0.1336,0.1336,,-,42.0,,20834.0,406.0
440271,2022,4680.0,0.0,17.0,0.2179,0.2179,0.2179,0.2179,,-,68.0,1.0,21894.0,456.0
440271,2023,5035.0,0.0,9.0,0.1072,0.1072,0.1072,0.1072,,-,50.0,,15494.0,445.0
440271,2024,7110.0,0.0,12.0,0.1013,0.1013,0.1013,0.1013,,-,58.0,,15144.0,355.0
440624,2002,3130.0,0.0,0.0,0.0,0.0,0.0,0.0,,n,75.0,,728.0,
440624,2003,7537.0,0.0,4.0,0.0318,0.0318,0.0318,0.0318,,n,167.0,,1181.0,70.0
440624,2004,17250.0,0.0,6.0,0.0209,0.0226,0.0277,0.0303,3.0926,o,72.0,,1378.0,77.0
440624,2005,22460.0,0.0,7.0,0.0187,0.018,0.0164,0.0158,0.595,o,122.0,,1574.0,106.0
440624,2006,22157.0,0.0,43.0,0.1164,0.1166,0.117,0.1172,1.0209,o,134.0,10.0,1994.0,118.0
440624,2007,22914.0,0.0,64.0,0.1676,0.1714,0.1817,0.1864,1.3814,o,346.0,90.0,3052.0,118.0
440624,2008,22839.0,0.0,72.0,0.1892,0.2028,0.2425,0.2626,2.7031,o,381.0,98.0,2924.0,130.0
440624,2009,31094.0,0.0,92.0,0.1775,0.1834,0.1993,0.2068,1.5875,o,443.0,139.0,3660.0,85.0
440624,2010,37323.0,0.0,99.0,0.1592,0.1614,0.1672,0.1699,1.2187,o,606.0,229.0,3062.0,82.0
440624,2011,56406.0,0.0,125.0,0.133,0.1366,0.1464,0.151,1.4709,o,575.0,256.0,3389.0,75.0
440624,2012,64494.0,0.0,117.0,0.1088,0.1095,0.1114,0.1122,1.0963,o,439.0,239.0,3622.0,61.0
446880,2005,4430.0,0.0,0.0,0.0,0.0,0.0,0.0,,-,52.0,,,155.0
446880,2006,5808.0,0.0,0.0,0.0,0.0,0.0,0.0,,-,77.0,,10377.0,561.0
446880,2007,7776.0,0.0,59.0,0.4552,0.4552,0.4552,0.4552,,-,80.0,,11978.0,561.0
446880,2008,8704.0,0.0,72.0,0.4963,0.4963,0.4963,0.4963,,-,98.0,15.0,12746.0,552.0
446880,2009,10560.0,0.0,74.0,0.4205,0.4205,0.4205,0.4205,,-,56.0,2.0,13483.0,514.0
446880,2010,11021.0,0.0,77.0,0.4192,0.4192,0.4192,0.4192,,-,56.0,13.0,15060.0,626.0
446880,2011,12699.0,0.0,111.0,0.5245,0.5245,0.5245,0.5245,,-,124.0,35.0,16612.0,490.0
446880,2012,14100.0,0.0,97.0,0.4128,0.4128,0.4128,0.4128,,-,100.0,50.0,12993.0,384.0
446880,2013,14520.0,0.0,67.0,0.2769,0.2769,0.2769,0.2769,,-,108.0,115.0,12765.0,432.0
446880,2014,11796.0,0.0,54.0,0.2747,0.2747,0.2747,0.2747,,-,106.0,50.0,12572.0,519.0
446880,2015,8820.0,0.0,48.0,0.3265,0.3265,0.3265,0.3265,,-,91.0,19.0,12466.0,595.0
446880,2016,7440.0,0.0,57.0,0.4597,0.4597,0.4597,0.4597,,-,101.0,75.0,12770.0,581.0
446880,2017,8330.0,0.0,60.0,0.4322,0.4322,0.4322,0.4322,,-,91.0,15.0,12850.0,525.0
447953,2007,2531.0,0.0,4.0,0.0948,0.0948,0.0948,0.0948,,n,6.0,22.0,9346.0,194.0
449612,2007,1830.0,0.0,0.0,0.0,0.0,0.0,0.0,,-,16.0,,,522.0
449612,2008,2196.0,0.0,0.0,0.0,0.0,0.0,0.0,,-,47.0,,,641.0
449612,2009,2196.0,0.0,9.0,0.2459,0.2459,0.2459,0.2459,,-,28.0,,,707.0
449612,2010,3972.0,0.0,32.0,0.4834,0.4834,0.4834,0.4834,,-,18.0,14.0,,567.0
449612,2011,4296.0,0.0,46.0,0.6425,0.6425,0.6425,0.6425,,-,30.0,17.0,,760.0
449612,2012,6540.0,0.0,43.0,0.3945,0.3945,0.3945,0.3945,,-,44.0,20.0,,473.0
449612,2013,5615.0,0.0,71.0,0.7587,0.7587,0.7587,0.7587,,-,33.0,16.0,18815.0,557.0
449612,2014,6155.0,0.0,78.0,0.7604,0.7604,0.7604,0.7604,,-,12.0,35.0,19189.0,705.0
449612,2015,5904.0,0.0,67.0,0.6809,0.6809,0.6809,0.6809,,-,10.0,31.0,19027.0,694.0
449612,2016,6055.0,0.0,72.0,0.7135,0.7135,0.7135,0.7135,,-,28.0,22.0,18896.0,666.0
449612,2021,2954.0,0.0,55.0,1.1171,1.1171,1.1171,1.1171,,-,16.0,17.0,17012.0,751.0
449612,2022,2950.0,0.0,50.0,1.0169,1.0169,1.0169,1.0169,,-,12.0,13.0,15989.0,569.0
449612,2023,2985.0,0.0,53.0,1.0653,1.0653,1.0653,1.0653,,-,21.0,10.0,16122.0,573.0
449612,2024,2794.0,0.0,50.0,1.0737,1.0737,1.0737,1.0737,,-,14.0,20.0,15575.0,589.0
450216,2009,9528.0,0.0,5.0,0.0315,0.0315,0.0315,0.0315,,-,134.0,19.0,23533.0,517.0
450216,2010,16309.0,0.0,72.0,0.2649,0.2649,0.2649,0.2649,,-,119.0,16.0,24513.0,674.0
450216,2011,18555.0,0.0,126.0,0.4074,0.4074,0.4074,0.4074,,-,87.0,16.0,25194.0,861.0
450216,2012,18507.0,13.0,174.0,0.6484,0.6484,0.6484,0.6484,,-,111.0,3.0,24556.0,910.0
450216,2013,17891.0,26.0,180.0,0.778,0.778,0.778,0.778,,-,156.0,6.0,24126.0,903.0
450216,2014,20259.0,18.0,139.0,0.5183,0.5183,0.5183,0.5183,,-,132.0,2.0,23762.0,739.0
450216,2015,20053.0,28.0,179.0,0.7031,0.7031,0.7031,0.7031,,-,135.0,1.0,23561.0,684.0
451866,2009,19697.0,0.0,0.0,0.0,0.0,0.0,0.0,,n,190.0,3.0,20071.0,482.0
451866,2010,25096.0,0.0,24.0,0.0574,0.0574,0.0574,0.0574,,n,125.0,1.0,19941.0,452.0
451866,2011,22129.0,0.0,50.0,0.1356,0.1356,0.1356,0.1356,,n,148.0,2.0,20583.0,438.0
451866,2012,21027.0,0.0,64.0,0.1826,0.1826,0.1826,0.1826,,n,89.0,6.0,21763.0,483.0
451866,2013,20730.0,0.0,39.0,0.1129,0.101,0.0987,0.0932,0.681,o,108.0,1.0,21382.0,382.0
451866,2014,15030.0,0.0,38.0,0.1517,0.1324,0.1287,0.12,0.6254,o,103.0,4.0,21059.0,453.0
451866,2015,13484.0,0.0,32.0,0.1424,0.1321,0.1301,0.1252,0.7729,o,71.0,3.0,20881.0,419.0
451866,2016,14310.0,14.0,32.0,0.2516,0.23,0.2258,0.2156,0.7342,o,72.0,11.0,18884.0,383.0
451866,2017,13598.0,7.0,25.0,0.1721,0.1568,0.1538,0.1466,0.7259,o,102.0,12.0,19062.0,426.0
451866,2018,14969.0,5.0,35.0,0.1804,0.1706,0.1686,0.1638,0.8246,o,83.0,3.0,19180.0,438.0
451866,2019,15510.0,4.0,40.0,0.1857,0.189,0.1897,0.1915,1.0632,o,78.0,11.0,19262.0,355.0
451866,2020,12062.0,1.0,46.0,0.2388,0.2471,0.2489,0.2533,1.1259,o,112.0,8.0,18801.0,436.0
451866,2021,13367.0,1.0,34.0,0.1616,0.1658,0.1666,0.1689,1.092,o,120.0,9.0,18434.0,426.0
451866,2022,11789.0,13.0,39.0,0.3308,0.3533,0.3581,0.3705,1.2541,o,126.0,10.0,19747.0,449.0
451866,2023,13070.0,3.0,20.0,0.1194,0.135,0.1384,0.1475,1.528,o,122.0,6.0,24302.0,416.0
451866,2024,13318.0,2.0,23.0,0.1216,0.1314,0.1335,0.139,1.3053,o,120.0,7.0,23560.0,355.0
458937,2012,3966.0,1.0,2.0,0.0605,0.0605,0.0605,0.0605,,x,11.0,19.0,20144.0,633.0
458937,2013,3945.0,5.0,3.0,0.1977,0.1977,0.1977,0.1977,,x,22.0,15.0,20032.0,615.0
458937,2014,3408.0,7.0,7.0,0.3697,0.3697,0.3697,0.3697,,x,22.0,5.0,20400.0,711.0
460774,2012,15363.0,0.0,8.0,0.0312,0.0312,0.0312,0.0312,,-,151.0,25.0,18314.0,564.0
460774,2013,12876.0,0.0,53.0,0.247,0.247,0.247,0.247,,-,226.0,,16825.0,954.0
460774,2014,19200.0,0.0,78.0,0.2438,0.2438,0.2438,0.2438,,-,208.0,,16571.0,634.0
460774,2015,18180.0,0.0,68.0,0.2244,0.2244,0.2244,0.2244,,-,112.0,1.0,18188.0,705.0
460774,2016,17190.0,0.0,60.0,0.2094,0.2094,0.2094,0.2094,,-,101.0,2.0,18062.0,711.0
460774,2017,23340.0,0.0,64.0,0.1645,0.1645,0.1645,0.1645,,-,75.0,19.0,18653.0,496.0
460774,2018,21223.0,0.0,45.0,0.1272,0.1272,0.1272,0.1272,,-,,,,
474951,2012,14618.0,59.0,0.0,0.4843,0.4843,0.4843,0.4843,,x,26.0,42.0,13414.0,495.0
474951,2013,11334.0,87.0,0.0,0.9211,0.9211,0.9211,0.9211,,x,46.0,46.0,13689.0,526.0
474960,2012,6775.0,23.0,0.0,0.4074,0.4074,0.4074,0.4074,,x,15.0,13.0,13414.0,490.0
474960,2013,4871.0,19.0,0.0,0.4681,0.4681,0.4681,0.4681,,x,,,13689.0,424.0
474979,2012,7550.0,3.0,0.0,0.0477,0.0477,0.0477,0.0477,,x,28.0,30.0,13414.0,487.0
474979,2013,5958.0,25.0,0.0,0.5035,0.5035,0.5035,0.5035,,x,,,13689.0,479.0
475866,2014,10290.0,0.0,9.0,0.0525,0.0525,0.0525,0.0525,,-,77.0,,17432.0,360.0
475866,2015,12510.0,0.0,29.0,0.1391,0.1391,0.1391,0.1391,,-,68.0,17.0,15744.0,516.0
475866,2016,14010.0,0.0,49.0,0.2099,0.2099,0.2099,0.2099,,-,83.0,23.0,15635.0,523.0
475866,2017,20934.0,0.0,43.0,0.1232,0.1232,0.1232,0.1232,,-,54.0,27.0,15693.0,409.0
475866,2018,17123.0,0.0,38.0,0.1332,0.1332,0.1332,0.1332,,-,,,,
483212,2013,95027.0,0.0,187.0,0.1181,0.1181,0.1181,0.1181,,n,787.0,385.0,,65.0
483212,2014,71638.0,0.0,221.0,0.1851,0.1851,0.1851,0.1851,,n,851.0,326.0,4361.0,81.0
483212,2016,74479.0,0.0,254.0,0.2046,0.1976,0.1806,0.1735,0.6068,o,668.0,393.0,6180.0,83.0
483212,2017,71858.0,0.0,225.0,0.1879,0.1878,0.1875,0.1873,0.9911,o,751.0,478.0,5301.0,93.0
483212,2018,76411.0,0.0,186.0,0.1461,0.1487,0.1556,0.1588,1.2893,o,739.0,540.0,5182.0,85.0
483212,2019,83958.0,0.0,176.0,0.1258,0.1261,0.1271,0.1275,1.0416,o,829.0,543.0,5074.0,72.0
483212,2020,92295.0,0.0,226.0,0.1469,0.148,0.1509,0.1522,1.1128,o,667.0,397.0,4998.0,49.0
483212,2021,80677.0,0.0,225.0,0.1673,0.1655,0.1607,0.1586,0.8508,o,689.0,415.0,4758.0,90.0
483212,2022,78591.0,0.0,292.0,0.2229,0.2216,0.2184,0.217,0.9211,o,749.0,488.0,4563.0,63.0
483212,2023,79401.0,0.0,305.0,0.2305,0.2321,0.2363,0.2382,1.1047,o,621.0,421.0,4305.0,58.0
483212,2024,76445.0,0.0,246.0,0.1931,0.1911,0.1861,0.184,0.8637,o,814.0,378.0,4159.0,62.0
484686,2014,28593.0,302.0,0.0,1.2674,1.2674,1.2674,1.2674,,x,8.0,18.0,,375.0
484686,2015,17152.0,245.0,0.0,1.7141,1.7141,1.7141,1.7141,,x,,,12376.0,308.0
484686,2016,7321.0,175.0,0.0,2.8685,2.8685,2.8685,2.8685,,x,,,,261.0
485564,2022,1250.0,0.0,0.0,0.0,0.0,0.0,0.0,,-,15.0,,,904.0
485564,2023,1350.0,0.0,5.0,0.2222,0.2222,0.2222,0.2222,,-,16.0,,,1270.0
485564,2024,1550.0,0.0,6.0,0.2323,0.2323,0.2323,0.2323,,-,30.0,,,1440.0
487658,2020,2430.0,0.0,0.0,0.0,0.0,0.0,0.0,,-,48.0,15.0,26142.0,607.0
487658,2021,3577.0,0.0,10.0,0.1677,0.1677,0.1677,0.1677,,-,27.0,19.0,26555.0,554.0
487658,2022,3090.0,0.0,10.0,0.1942,0.1942,0.1942,0.1942,,-,31.0,,24958.0,630.0
487658,2023,3416.0,0.0,16.0,0.281,0.281,0.281,0.281,,-,48.0,24.0,24274.0,379.0
487658,2024,2670.0,0.0,16.0,0.3596,0.3596,0.3596,0.3596,,-,41.0,,24600.0,472.0
488721,2022,8667.0,28.0,0.0,0.3877,0.3877,0.3877,0.3877,,n,9.0,1.0,,
488721,2023,7167.0,7.0,0.0,0.1172,0.1172,0.1172,0.1172,,n,28.0,1.0,,
488721,2024,6291.0,12.0,0.0,0.2289,0.2289,0.2289,0.2289,,n,34.0,5.0,,
490498,2022,318.0,0.0,1.0,0.1887,0.1887,0.1887,0.1887,,-,15.0,9.0,,
490498,2023,203.0,0.0,4.0,1.1823,1.1823,1.1823,1.1823,,-,11.0,2.0,,
492759,2019,2670.0,0.0,0.0,0.0,0.0,0.0,0.0,,-,2.0,88.0,23641.0,963.0
492759,2020,6090.0,0.0,0.0,0.0,0.0,0.0,0.0,,-,7.0,61.0,23288.0,901.0
492759,2021,7620.0,53.0,0.0,0.8346,0.8346,0.8346,0.8346,,-,6.0,78.0,22725.0,905.0
492759,2022,8580.0,85.0,0.0,1.1888,1.1888,1.1888,1.1888,,-,3.0,82.0,21358.0,808.0
492759,2023,10890.0,68.0,0.0,0.7493,0.7493,0.7493,0.7493,,-,9.0,112.0,20319.0,731.0
492759,2024,14160.0,104.0,0.0,0.8814,0.8814,0.8814,0.8814,,-,2.0,111.0,19686.0,694.0
497408,2022,990.0,2.0,0.0,0.2424,0.2424,0.2424,0.2424,,n,12.0,15.0,,31.0
497408,2023,1683.0,6.0,0.0,0.4278,0.4278,0.4278,0.4278,,n,29.0,17.0,6832.0,79.0
497408,2024,2664.0,7.0,1.0,0.3378,0.3378,0.3378,0.3378,,n,40.0,20.0,6600.0,77.0
