unitid,year,credits,BA,AA,ER_m,ER_l,ER_c,ER_h,G,G_source,first_time_n,transfer_in_n,sticker_real,rev_per_credit_real
168528,1998,27432.0,178.0,0.0,0.7787,0.7721,0.7707,0.7674,0.9712,o,,,,
168528,1999,29047.0,149.0,0.0,0.6156,0.6607,0.6705,0.6955,1.2766,o,,,,
168528,2000,30414.0,160.0,3.0,0.6372,0.6701,0.6771,0.6949,1.1893,o,,,,
168528,2001,34022.0,174.0,1.0,0.6155,0.6294,0.6323,0.6397,1.0803,o,,,,
168528,2002,30075.0,190.0,0.0,0.7581,0.7492,0.7473,0.7427,0.9599,o,325.0,,25723.0,
168528,2003,28896.0,193.0,0.0,0.8015,0.7842,0.7806,0.7718,0.9274,o,332.0,,26612.0,546.0
168528,2004,29175.0,183.0,2.0,0.7568,0.77,0.7728,0.7797,1.0614,o,293.0,,27313.0,528.0
168528,2005,28303.0,213.0,9.0,0.9222,0.934,0.9365,0.9428,1.0452,o,267.0,,28329.0,548.0
168528,2006,27548.0,170.0,0.0,0.7405,0.7259,0.7229,0.7154,0.9333,o,364.0,33.0,28871.0,545.0
168528,2007,30750.0,172.0,0.0,0.6712,0.6634,0.6618,0.6578,0.9604,o,492.0,67.0,30096.0,559.0
168528,2008,38940.0,200.0,0.0,0.6163,0.6752,0.6881,0.7213,1.3696,o,494.0,51.0,31637.0,427.0
168528,2009,42713.0,146.0,0.0,0.4102,0.4833,0.5,0.5443,1.7607,o,469.0,45.0,33654.0,560.0
168528,2010,47343.0,207.0,0.0,0.5247,0.5931,0.6084,0.6482,1.5261,o,485.0,54.0,34937.0,576.0
168528,2011,47289.0,270.0,0.0,0.6851,0.707,0.7116,0.7233,1.1145,o,461.0,70.0,36155.0,576.0
168528,2012,48259.0,331.0,1.0,0.8243,0.8145,0.8124,0.8074,0.9594,o,593.0,66.0,37335.0,600.0
168528,2013,50845.0,270.0,2.0,0.6396,0.6566,0.6601,0.6691,1.0945,o,467.0,188.0,38976.0,600.0
168528,2014,46787.0,314.0,1.0,0.8066,0.8317,0.8369,0.8503,1.1111,o,485.0,74.0,40496.0,623.0
168528,2015,46127.0,295.0,3.0,0.7713,0.7728,0.7731,0.7738,1.0063,o,502.0,76.0,42637.0,648.0
168528,2016,48288.0,303.0,1.0,0.7542,0.74,0.7371,0.7299,0.9364,o,490.0,67.0,43573.0,626.0
168528,2017,46851.0,280.0,6.0,0.7249,0.711,0.7082,0.7012,0.9358,o,529.0,44.0,44477.0,627.0
168528,2018,47268.0,303.0,8.0,0.7794,0.7949,0.7982,0.8063,1.0704,o,634.0,56.0,44878.0,587.0
168528,2019,50639.0,316.0,17.0,0.769,0.8064,0.8144,0.8347,1.1783,o,541.0,63.0,45254.0,542.0
168528,2020,51240.0,267.0,27.0,0.6569,0.69,0.697,0.7149,1.1845,o,530.0,46.0,45444.0,497.0
168528,2021,50948.0,347.0,21.0,0.842,0.8543,0.8568,0.8633,1.051,o,569.0,47.0,45207.0,483.0
168528,2022,50619.0,324.0,26.0,0.7989,0.7859,0.7832,0.7766,0.945,o,507.0,63.0,42902.0,455.0
168528,2023,49296.0,305.0,21.0,0.768,0.7487,0.7447,0.7349,0.9157,o,484.0,74.0,40988.0,453.0
168528,2024,48584.0,339.0,15.0,0.8558,0.8368,0.8329,0.8233,0.9253,o,475.0,83.0,40556.0,457.0
168546,1998,42714.0,329.0,0.0,0.9243,0.9205,0.9197,0.9177,0.9859,o,,,,
168546,1999,50784.0,364.0,0.0,0.8601,0.8648,0.8657,0.8681,1.0187,o,,,,
168546,2001,44601.0,356.0,0.0,0.9578,0.9286,0.9227,0.9081,0.8988,o,,,,
168546,2002,48395.0,334.0,0.0,0.8282,0.816,0.8135,0.8073,0.9502,o,538.0,,34921.0,
168546,2003,50439.0,331.0,0.0,0.7875,0.8252,0.8332,0.8536,1.1748,o,487.0,,35177.0,549.0
168546,2004,53908.0,309.0,0.0,0.6878,0.7346,0.7447,0.7704,1.2546,o,559.0,,36398.0,528.0
168546,2005,58258.0,341.0,0.0,0.7024,0.739,0.7468,0.7667,1.1913,o,571.0,,36888.0,510.0
168546,2006,61410.0,410.0,0.0,0.8012,0.8282,0.8339,0.8483,1.121,o,480.0,28.0,37855.0,527.0
168546,2007,60162.0,393.0,0.0,0.7839,0.7896,0.7908,0.7938,1.0254,o,505.0,36.0,39506.0,572.0
168546,2008,55470.0,442.0,0.0,0.9562,0.9397,0.9363,0.9279,0.9417,o,485.0,26.0,40285.0,649.0
168546,2009,55604.0,450.0,0.0,0.9712,0.9346,0.9272,0.909,0.8761,o,435.0,32.0,41553.0,663.0
168546,2010,53069.0,403.0,0.0,0.9113,0.8768,0.8698,0.8526,0.8754,o,384.0,27.0,42893.0,694.0
168546,2011,49930.0,401.0,0.0,0.9637,0.9135,0.9035,0.8788,0.8315,o,385.0,33.0,43534.0,663.0
168546,2012,46540.0,380.0,0.0,0.9798,0.9106,0.8969,0.8635,0.7768,o,360.0,36.0,44440.0,668.0
168546,2013,42609.0,321.0,0.0,0.904,0.8504,0.8397,0.8135,0.8098,o,346.0,27.0,45710.0,694.0
168546,2014,39625.0,301.0,0.0,0.9115,0.8731,0.8654,0.8463,0.862,o,357.0,23.0,47464.0,733.0
168546,2015,39635.0,264.0,0.0,0.7993,0.7788,0.7746,0.7642,0.9142,o,455.0,35.0,48935.0,704.0
168546,2016,43029.0,254.0,0.0,0.7084,0.7263,0.73,0.7395,1.0899,o,402.0,35.0,50967.0,647.0
168546,2017,44500.0,288.0,0.0,0.7766,0.8215,0.8311,0.8557,1.2139,o,515.0,46.0,52317.0,586.0
168546,2018,48965.0,280.0,0.0,0.6862,0.7412,0.7531,0.7837,1.3044,o,428.0,28.0,53652.0,522.0
168546,2019,47946.0,310.0,0.0,0.7759,0.8103,0.8176,0.8361,1.1613,o,415.0,94.0,55629.0,491.0
168546,2020,46775.0,291.0,0.0,0.7466,0.743,0.7423,0.7404,0.9837,o,478.0,42.0,58024.0,472.0
168546,2021,47573.0,317.0,0.0,0.7996,0.7935,0.7922,0.7891,0.9738,o,468.0,35.0,59266.0,429.0
168546,2022,46467.0,306.0,0.0,0.7902,0.791,0.7911,0.7915,1.0032,o,418.0,34.0,58242.0,398.0
168546,2023,48634.0,281.0,0.0,0.6933,0.7034,0.7055,0.7108,1.051,o,363.0,35.0,56861.0,391.0
168546,2024,42935.0,259.0,0.0,0.7239,0.6963,0.6907,0.677,0.8746,o,356.0,29.0,55746.0,377.0
168591,1998,46071.0,294.0,0.0,0.7658,0.7554,0.7533,0.748,0.954,o,,,,
168591,1999,47075.0,317.0,0.0,0.8081,0.8084,0.8085,0.8086,1.0014,o,,,,
168591,2000,46043.0,277.0,0.0,0.7219,0.716,0.7148,0.7117,0.9719,o,,,,
168591,2001,45834.0,277.0,0.0,0.7252,0.7194,0.7182,0.7152,0.9725,o,,,,
168591,2002,44383.0,300.0,0.0,0.8111,0.7908,0.7867,0.7764,0.9163,o,333.0,,28758.0,
168591,2003,42139.0,281.0,0.0,0.8002,0.7718,0.7661,0.7519,0.8829,o,328.0,,29878.0,450.0
168591,2004,41640.0,301.0,0.0,0.8674,0.851,0.8477,0.8393,0.9363,o,328.0,,31267.0,446.0
168591,2005,41286.0,231.0,0.0,0.6714,0.6647,0.6634,0.6599,0.9661,o,336.0,,32169.0,468.0
168591,2006,41166.0,283.0,0.0,0.825,0.8334,0.8352,0.8396,1.0359,o,317.0,,32928.0,488.0
168591,2007,39902.0,241.0,0.0,0.7248,0.7222,0.7217,0.7204,0.9879,o,425.0,28.0,33846.0,493.0
168591,2008,39660.0,230.0,0.0,0.6959,0.7212,0.7266,0.7401,1.1311,o,428.0,26.0,34663.0,514.0
168591,2009,46083.0,261.0,0.0,0.6796,0.7308,0.7419,0.7703,1.2846,o,380.0,37.0,35754.0,475.0
168591,2010,42210.0,233.0,0.0,0.6624,0.7046,0.7137,0.7368,1.2374,o,362.0,35.0,37264.0,535.0
168591,2011,42090.0,268.0,0.0,0.7641,0.7641,0.7641,0.7641,1.0,o,395.0,30.0,38500.0,503.0
168591,2012,41910.0,327.0,0.0,0.9363,0.9044,0.898,0.882,0.8875,o,435.0,50.0,39771.0,574.0
168591,2013,41610.0,281.0,0.0,0.8104,0.8167,0.818,0.8213,1.0272,o,378.0,37.0,41387.0,616.0
168591,2014,40680.0,283.0,0.0,0.8348,0.8572,0.8619,0.8738,1.0957,o,356.0,44.0,43000.0,671.0
168591,2015,40440.0,298.0,0.0,0.8843,0.8764,0.8748,0.8707,0.9696,o,336.0,44.0,44673.0,682.0
168591,2016,46194.0,308.0,0.0,0.8001,0.759,0.7508,0.7306,0.8337,o,447.0,42.0,45930.0,593.0
168591,2017,46506.0,324.0,0.0,0.836,0.827,0.8251,0.8205,0.9631,o,408.0,43.0,47562.0,586.0
168591,2018,47006.0,296.0,0.0,0.7556,0.7898,0.7971,0.8156,1.1648,o,404.0,36.0,48315.0,560.0
168591,2019,47103.0,273.0,0.0,0.6955,0.7285,0.7355,0.7534,1.1734,o,387.0,42.0,49123.0,547.0
168591,2020,46559.0,302.0,0.0,0.7784,0.7807,0.7811,0.7823,1.0102,o,397.0,37.0,49758.0,543.0
168591,2021,45765.0,298.0,0.0,0.7814,0.762,0.758,0.7482,0.917,o,319.0,32.0,49750.0,525.0
168591,2022,42736.0,292.0,0.0,0.8199,0.7905,0.7846,0.7699,0.8818,o,334.0,28.0,48129.0,481.0
168591,2023,40407.0,277.0,0.0,0.8226,0.7781,0.7692,0.7474,0.8255,o,346.0,35.0,47220.0,441.0
168591,2024,39323.0,282.0,0.0,0.8606,0.8258,0.8188,0.8015,0.8673,o,285.0,31.0,47430.0,410.0
168607,1998,53010.0,0.0,246.0,0.2784,0.2806,0.2861,0.2886,1.1152,o,,,,
168607,1999,36071.0,0.0,244.0,0.4059,0.4094,0.4185,0.4227,1.1309,o,,,,
168607,2000,35055.0,0.0,230.0,0.3937,0.3999,0.4164,0.4239,1.2515,o,,,,
168607,2001,34815.0,0.0,222.0,0.3826,0.3792,0.3708,0.3671,0.882,o,,,,
168607,2002,37284.0,0.0,234.0,0.3766,0.3788,0.3846,0.3871,1.0876,o,701.0,,3690.0,
168607,2003,37551.0,0.0,276.0,0.441,0.4393,0.4349,0.433,0.946,o,423.0,,3909.0,169.0
168607,2004,34860.0,0.0,294.0,0.506,0.4858,0.4375,0.4176,0.5588,o,468.0,,4063.0,169.0
168607,2005,37050.0,0.0,246.0,0.3984,0.3933,0.3806,0.375,0.8327,o,475.0,,4075.0,164.0
168607,2006,48180.0,0.0,251.0,0.3126,0.314,0.3176,0.3193,1.0662,o,397.0,,4144.0,123.0
168607,2007,38511.0,0.0,232.0,0.3615,0.3571,0.3462,0.3415,0.842,o,478.0,70.0,4235.0,163.0
168607,2008,43337.0,0.0,282.0,0.3904,0.393,0.3995,0.4025,1.0963,o,578.0,13.0,4273.0,129.0
168607,2009,43409.0,0.0,266.0,0.3677,0.3749,0.3942,0.4031,1.3211,o,529.0,11.0,4374.0,121.0
168607,2010,46600.0,0.0,326.0,0.4197,0.4198,0.4199,0.42,1.0019,o,517.0,53.0,4346.0,98.0
168607,2011,45568.0,0.0,303.0,0.399,0.3971,0.3922,0.3901,0.9341,o,506.0,53.0,4579.0,91.0
168607,2012,42516.0,0.0,278.0,0.3923,0.3914,0.3891,0.3881,0.9675,o,508.0,61.0,4776.0,107.0
168607,2013,39523.0,0.0,278.0,0.422,0.4218,0.4213,0.4211,0.9932,o,414.0,57.0,4973.0,122.0
168607,2014,34608.0,0.0,313.0,0.5426,0.535,0.5158,0.5075,0.8166,o,406.0,23.0,5095.0,134.0
168607,2015,31550.0,0.0,307.0,0.5838,0.5787,0.5656,0.5599,0.8807,o,373.0,48.0,5209.0,140.0
168607,2016,29846.0,0.0,305.0,0.6131,0.6091,0.5988,0.5943,0.9098,o,383.0,57.0,5367.0,160.0
168607,2017,30534.0,0.0,222.0,0.4362,0.4357,0.4344,0.4338,0.9833,o,335.0,80.0,5469.0,170.0
168607,2018,30005.0,2.0,262.0,0.5319,0.5274,0.5161,0.5111,0.8862,o,344.0,64.0,5496.0,172.0
168607,2019,29373.0,1.0,228.0,0.4698,0.4684,0.4648,0.4632,0.9582,o,329.0,66.0,5528.0,184.0
168607,2020,28893.0,1.0,243.0,0.5088,0.5077,0.5048,0.5035,0.9691,o,266.0,62.0,5589.0,202.0
168607,2021,27176.0,1.0,225.0,0.5012,0.493,0.4726,0.4638,0.7905,o,244.0,50.0,5498.0,214.0
168607,2022,25586.0,2.0,197.0,0.4714,0.4649,0.4486,0.4415,0.8202,o,262.0,47.0,5299.0,204.0
168607,2023,26723.0,1.0,192.0,0.4356,0.4364,0.4385,0.4395,1.0275,o,267.0,33.0,5155.0,206.0
168607,2024,27440.0,2.0,235.0,0.5226,0.5246,0.5297,0.532,1.0553,o,302.0,30.0,5130.0,213.0
168740,1999,48135.0,359.0,3.0,0.8987,0.8499,0.8402,0.8162,0.8249,o,,,,
168740,2000,52162.0,376.0,14.0,0.8811,0.8595,0.8551,0.8442,0.9179,o,,,,
168740,2001,46336.0,361.0,10.0,0.9479,0.9563,0.958,0.9624,1.0309,o,,,,
168740,2002,44858.0,282.0,8.0,0.7651,0.7565,0.7547,0.7503,0.9619,o,319.0,,23690.0,
168740,2003,47228.0,303.0,1.0,0.7712,0.7619,0.76,0.7553,0.9594,o,325.0,,23360.0,683.0
168740,2004,47540.0,271.0,7.0,0.6929,0.6964,0.6971,0.6989,1.0174,o,307.0,,24162.0,712.0
168740,2005,49230.0,293.0,5.0,0.7203,0.7385,0.7423,0.7519,1.0897,o,305.0,,24900.0,714.0
168740,2006,49031.0,327.0,3.0,0.804,0.8126,0.8143,0.8188,1.0373,o,290.0,169.0,25718.0,712.0
168740,2007,48940.0,373.0,4.0,0.9195,0.8986,0.8944,0.8838,0.9239,o,337.0,163.0,26714.0,771.0
168740,2008,49821.0,330.0,1.0,0.796,0.7942,0.7938,0.7929,0.9921,o,396.0,169.0,27756.0,793.0
168740,2009,53916.0,341.0,2.0,0.7612,0.8021,0.8108,0.833,1.1977,o,377.0,158.0,28690.0,738.0
168740,2010,55097.0,388.0,3.0,0.8483,0.9152,0.9297,0.9669,1.2992,o,365.0,159.0,30262.0,664.0
168740,2011,54509.0,367.0,2.0,0.8101,0.8507,0.8593,0.8813,1.1834,o,393.0,180.0,31048.0,657.0
168740,2012,54809.0,386.0,4.0,0.8495,0.8578,0.8595,0.8639,1.0341,o,388.0,142.0,31877.0,672.0
168740,2013,54920.0,378.0,3.0,0.8292,0.8317,0.8322,0.8335,1.0103,o,321.0,159.0,32722.0,663.0
168740,2014,53762.0,390.0,6.0,0.8772,0.8657,0.8633,0.8575,0.9555,o,273.0,160.0,33533.0,686.0
168740,2015,50152.0,416.0,8.0,1.0049,0.9363,0.9227,0.8896,0.7836,o,271.0,143.0,34276.0,680.0
168740,2016,46687.0,420.0,6.0,1.0872,0.979,0.958,0.9074,0.6965,o,304.0,144.0,35004.0,652.0
168740,2017,46485.0,376.0,3.0,0.9745,0.9171,0.9056,0.8776,0.811,o,280.0,118.0,35291.0,647.0
168740,2018,46015.0,318.0,1.0,0.8306,0.8265,0.8257,0.8236,0.9832,o,296.0,126.0,35439.0,655.0
168740,2019,46859.0,301.0,1.0,0.7721,0.785,0.7877,0.7945,1.0588,o,283.0,72.0,35737.0,639.0
168740,2020,46084.0,353.0,2.0,0.9218,0.9236,0.924,0.925,1.007,o,257.0,97.0,36248.0,639.0
168740,2021,43230.0,335.0,2.0,0.9327,0.9117,0.9075,0.8969,0.9247,o,256.0,99.0,36194.0,600.0
168740,2022,41256.0,309.0,2.0,0.9017,0.8719,0.8659,0.8509,0.8906,o,232.0,88.0,34866.0,578.0
168740,2023,38690.0,312.0,8.0,0.9801,0.9327,0.9232,0.8998,0.8428,o,272.0,91.0,33885.0,601.0
168740,2024,38745.0,324.0,4.0,1.0097,0.9897,0.9856,0.9754,0.9333,o,242.0,99.0,33710.0,568.0
168777,1998,160.0,0.0,0.0,0.0,0.0,0.0,0.0,,-,,,,
168786,1998,44579.0,324.0,9.0,0.8843,0.962,0.9789,1.0224,1.3369,o,,,,
168786,1999,45850.0,290.0,9.0,0.7708,0.8618,0.8819,0.9343,1.4692,o,,,,
168786,2000,45152.0,309.0,5.0,0.8279,0.902,0.9181,0.9598,1.344,o,,,,
168786,2001,46917.0,297.0,7.0,0.7686,0.8002,0.8069,0.824,1.1493,o,,,,
168786,2002,48379.0,370.0,9.0,0.9289,0.927,0.9266,0.9256,0.9928,o,346.0,,25768.0,
168786,2003,47408.0,359.0,9.0,0.9201,0.9033,0.8999,0.8913,0.9385,o,284.0,,26544.0,436.0
168786,2004,44794.0,348.0,3.0,0.9363,0.9022,0.8953,0.8783,0.8799,o,316.0,,27197.0,446.0
168786,2005,43578.0,381.0,2.0,1.0519,1.0114,1.0032,0.983,0.8734,o,364.0,,27350.0,507.0
168786,2006,43003.0,314.0,9.0,0.8888,0.8922,0.8929,0.8947,1.0134,o,387.0,245.0,27930.0,522.0
168786,2007,43911.0,329.0,5.0,0.9059,0.9533,0.9634,0.9891,1.1921,o,412.0,102.0,28735.0,555.0
168786,2008,44962.0,311.0,5.0,0.8367,0.9092,0.9249,0.9655,1.3317,o,456.0,104.0,29337.0,515.0
168786,2009,47513.0,320.0,3.0,0.812,0.8716,0.8844,0.9174,1.2765,o,402.0,118.0,30431.0,604.0
168786,2010,48752.0,348.0,6.0,0.864,0.898,0.9052,0.9235,1.1425,o,432.0,117.0,31898.0,570.0
168786,2011,49402.0,324.0,2.0,0.7894,0.7993,0.8014,0.8065,1.0438,o,370.0,86.0,32394.0,557.0
168786,2012,48440.0,381.0,5.0,0.95,0.9285,0.9241,0.9132,0.924,o,452.0,92.0,33044.0,577.0
168786,2013,55983.0,364.0,7.0,0.7877,0.778,0.776,0.771,0.958,o,391.0,93.0,33754.0,497.0
168786,2014,55571.0,351.0,3.0,0.7612,0.7636,0.7641,0.7653,1.0108,o,354.0,70.0,34837.0,510.0
168786,2015,48161.0,346.0,4.0,0.8671,0.8488,0.845,0.8357,0.9289,o,370.0,64.0,36430.0,587.0
168786,2016,46384.0,347.0,7.0,0.9068,0.874,0.8674,0.851,0.8808,o,299.0,72.0,37363.0,599.0
168786,2017,43268.0,356.0,1.0,0.9887,0.9246,0.9119,0.8808,0.7936,o,314.0,75.0,38323.0,590.0
168786,2018,41512.0,336.0,1.0,0.9727,0.9192,0.9086,0.8824,0.8228,o,333.0,70.0,38939.0,542.0
168786,2019,40308.0,332.0,3.0,0.9929,0.961,0.9545,0.9386,0.8936,o,262.0,90.0,39747.0,539.0
168786,2020,37486.0,314.0,5.0,1.0132,0.9793,0.9725,0.9555,0.8894,o,280.0,69.0,40691.0,597.0
168786,2021,35728.0,298.0,4.0,1.0076,0.9723,0.9651,0.9475,0.8842,o,216.0,62.0,40954.0,554.0
168786,2022,31912.0,326.0,2.0,1.2296,1.1384,1.1204,1.0766,0.7666,o,307.0,55.0,39640.0,522.0
168786,2023,30692.0,245.0,1.0,0.9599,0.9246,0.9175,0.8999,0.879,o,296.0,57.0,38590.0,502.0
168786,2024,31989.0,265.0,0.0,0.9941,1.0253,1.0319,1.0485,1.1125,o,232.0,50.0,38520.0,459.0
168838,1998,36657.0,76.0,244.0,0.6482,0.6658,0.6696,0.6789,1.0972,o,,,,
168838,1999,36623.0,54.0,192.0,0.4915,0.493,0.4933,0.4941,1.0108,o,,,,
168838,2001,37688.0,73.0,232.0,0.6018,0.5975,0.5966,0.5944,0.9757,o,,,,
168838,2002,42152.0,65.0,219.0,0.4968,0.4933,0.4926,0.4908,0.9761,o,636.0,,12888.0,
168838,2003,48994.0,64.0,216.0,0.4213,0.4289,0.4305,0.4346,1.0641,o,753.0,,13051.0,
168838,2004,48041.0,59.0,263.0,0.4758,0.5061,0.5126,0.5292,1.2369,o,608.0,,13134.0,
168838,2005,56159.0,63.0,269.0,0.422,0.4488,0.4545,0.4692,1.2361,o,663.0,,9851.0,
168838,2006,58479.0,74.0,258.0,0.4166,0.4241,0.4256,0.4296,1.0636,o,733.0,173.0,9816.0,
168838,2007,57562.0,83.0,273.0,0.4576,0.4583,0.4584,0.4587,1.005,o,695.0,263.0,9800.0,
168838,2008,58353.0,91.0,284.0,0.4792,0.4859,0.4873,0.4908,1.0492,o,737.0,243.0,9746.0,
168838,2009,61967.0,65.0,277.0,0.3941,0.4079,0.4109,0.4183,1.1267,o,975.0,296.0,9841.0,
168838,2010,75572.0,72.0,273.0,0.3311,0.3513,0.3556,0.3666,1.2264,o,725.0,250.0,10035.0,
168838,2011,71937.0,82.0,287.0,0.3762,0.3957,0.3998,0.4104,1.1905,o,651.0,267.0,10302.0,
168838,2012,65637.0,99.0,375.0,0.5238,0.5178,0.5165,0.5134,0.9609,o,653.0,180.0,10286.0,
168838,2013,62201.0,96.0,377.0,0.5489,0.5072,0.499,0.479,0.7617,o,622.0,152.0,10347.0,
168838,2014,57673.0,89.0,339.0,0.5379,0.4948,0.4863,0.4658,0.75,o,630.0,141.0,10664.0,
168847,1998,84120.0,192.0,396.0,0.5563,0.5657,0.5676,0.5725,1.0591,o,,,,
168847,1999,83370.0,179.0,363.0,0.5189,0.5401,0.5446,0.556,1.1481,o,,,,
168847,2001,74113.0,227.0,350.0,0.6509,0.6129,0.6053,0.5867,0.8126,o,,,,
168847,2002,110193.0,239.0,293.0,0.4198,0.4181,0.4178,0.4169,0.9862,o,1518.0,,12888.0,
168847,2003,112415.0,249.0,329.0,0.4414,0.4796,0.4879,0.5093,1.3316,o,1643.0,,13051.0,
168847,2004,121707.0,196.0,396.0,0.3885,0.4477,0.461,0.4961,1.6311,o,1668.0,,12802.0,
168847,2005,126299.0,147.0,451.0,0.3539,0.3979,0.4077,0.4332,1.4982,o,1678.0,,9851.0,
168847,2006,122688.0,175.0,442.0,0.3873,0.41,0.4148,0.4272,1.2163,o,1286.0,428.0,9816.0,
168847,2007,117460.0,174.0,566.0,0.4669,0.4583,0.4565,0.4521,0.9377,o,1176.0,547.0,9800.0,
168847,2008,115985.0,166.0,472.0,0.4159,0.3817,0.3749,0.3586,0.7436,o,1229.0,547.0,9746.0,
168847,2009,123161.0,202.0,547.0,0.4633,0.421,0.4127,0.3928,0.7188,o,1676.0,758.0,9841.0,
168847,2010,156849.0,168.0,505.0,0.3217,0.3198,0.3195,0.3185,0.9801,o,1334.0,604.0,10035.0,
168847,2011,151742.0,145.0,579.0,0.3436,0.3642,0.3686,0.3799,1.2226,o,1172.0,572.0,10302.0,
168847,2012,120266.0,157.0,683.0,0.4974,0.5034,0.5046,0.5077,1.042,o,845.0,587.0,10286.0,
168847,2013,115587.0,181.0,584.0,0.4911,0.4418,0.4322,0.4092,0.6943,o,847.0,457.0,10347.0,
168847,2014,91615.0,164.0,464.0,0.5187,0.4389,0.424,0.3889,0.5621,o,657.0,383.0,10664.0,
168847,2015,533592.0,1863.0,2990.0,0.7552,0.6513,0.6316,0.585,0.6002,o,3265.0,3967.0,10809.0,403.0
168847,2016,420062.0,1870.0,2697.0,0.9194,1.115,1.1604,1.2821,1.9445,o,2276.0,3001.0,11201.0,444.0
168847,2017,380990.0,1913.0,2186.0,0.9468,1.3356,1.4341,1.7134,3.2748,o,814.0,1016.0,11473.0,406.0
168847,2018,254596.0,1414.0,1629.0,1.0504,1.2943,1.3514,1.5056,2.0545,o,745.0,569.0,11665.0,413.0
168847,2019,184456.0,1439.0,1272.0,1.3499,1.033,0.9774,0.8511,0.3975,o,690.0,584.0,11958.0,442.0
168847,2020,138361.0,1134.0,845.0,1.3499,0.9124,0.8413,0.687,0.259,o,605.0,509.0,11923.0,472.0
168847,2021,112943.0,1085.0,566.0,1.4535,1.1295,1.0721,0.9409,0.4191,o,483.0,509.0,11859.0,551.0
168847,2022,90612.0,892.0,379.0,1.4323,1.2904,1.2628,1.1965,0.6979,o,323.0,430.0,13625.0,512.0
168847,2023,78189.0,620.0,326.0,1.2017,1.0166,0.982,0.9006,0.5617,o,373.0,485.0,13157.0,385.0
168847,2024,74790.0,576.0,304.0,1.1681,0.9756,0.9399,0.8563,0.5375,o,411.0,516.0,12810.0,381.0
168883,1998,47775.0,0.0,307.0,0.3856,0.3875,0.3926,0.3949,1.0752,o,,,,
168883,1999,47533.0,0.0,289.0,0.3648,0.3656,0.3675,0.3684,1.0305,o,,,,
168883,2000,43682.0,0.0,319.0,0.4382,0.4311,0.4134,0.4058,0.7925,o,,,,
168883,2002,71452.0,0.0,284.0,0.2385,0.2394,0.2417,0.2427,1.0549,o,544.0,,3291.0,
168883,2003,55997.0,0.0,301.0,0.3225,0.3271,0.3391,0.3446,1.2225,o,601.0,,3399.0,81.0
168883,2004,48690.0,0.0,259.0,0.3192,0.3232,0.3338,0.3386,1.196,o,560.0,,3317.0,101.0
168883,2005,44310.0,0.0,349.0,0.4726,0.4718,0.47,0.4691,0.9782,o,508.0,,3219.0,103.0
168883,2006,41580.0,0.0,288.0,0.4156,0.4117,0.402,0.3977,0.8751,o,566.0,,3116.0,115.0
168883,2007,38130.0,0.0,288.0,0.4532,0.455,0.4598,0.462,1.0599,o,606.0,386.0,3545.0,133.0
168883,2008,42120.0,0.0,284.0,0.4046,0.408,0.417,0.421,1.1285,o,623.0,450.0,3524.0,136.0
168883,2009,45570.0,0.0,322.0,0.424,0.4258,0.4305,0.4326,1.0631,o,586.0,63.0,3810.0,129.0
168883,2010,53700.0,0.0,366.0,0.4089,0.4076,0.4041,0.4026,0.9536,o,569.0,186.0,4054.0,110.0
168883,2011,53880.0,0.0,367.0,0.4087,0.407,0.4025,0.4006,0.9413,o,450.0,131.0,4219.0,106.0
168883,2012,49080.0,0.0,422.0,0.5159,0.507,0.4847,0.4751,0.7792,o,497.0,439.0,4554.0,114.0
168883,2013,45090.0,0.0,362.0,0.4817,0.4809,0.4787,0.4778,0.9755,o,374.0,393.0,4659.0,163.0
168883,2014,40890.0,0.0,349.0,0.5121,0.5037,0.4828,0.4738,0.7899,o,408.0,94.0,5586.0,197.0
168883,2015,33060.0,0.0,327.0,0.5935,0.5908,0.5839,0.5808,0.9369,o,337.0,40.0,5701.0,242.0
168883,2016,29520.0,0.0,338.0,0.687,0.6799,0.6619,0.6541,0.8619,o,369.0,83.0,5782.0,214.0
168883,2017,29970.0,0.0,294.0,0.5886,0.5882,0.5872,0.5868,0.9906,o,363.0,131.0,5798.0,228.0
168883,2018,30750.0,0.0,286.0,0.558,0.5591,0.562,0.5632,1.0283,o,359.0,166.0,5780.0,234.0
168883,2019,30780.0,0.0,291.0,0.5673,0.5665,0.5645,0.5636,0.9809,o,342.0,60.0,5842.0,245.0
168883,2020,30630.0,0.0,285.0,0.5583,0.5562,0.5508,0.5484,0.9474,o,201.0,71.0,6022.0,231.0
168883,2021,32010.0,0.0,216.0,0.4049,0.3894,0.3523,0.337,0.5735,o,366.0,62.0,6128.0,235.0
168883,2022,30240.0,0.0,254.0,0.504,0.5146,0.543,0.5562,1.3481,o,227.0,63.0,5924.0,218.0
168883,2023,28380.0,0.0,248.0,0.5243,0.5162,0.496,0.4872,0.8007,o,250.0,47.0,5776.0,258.0
168883,2024,28260.0,0.0,236.0,0.5011,0.4951,0.4801,0.4736,0.8432,o,285.0,86.0,5910.0,242.0
168944,1998,108.0,0.0,2.0,1.1111,1.6133,1.7427,2.1135,3.618,i,,,,
169080,1998,120314.0,789.0,0.0,0.7869,0.8065,0.8106,0.8209,1.0882,o,,,,
169080,1999,126026.0,802.0,0.0,0.7637,0.7749,0.7772,0.7831,1.0516,o,,,,
169080,2000,129591.0,850.0,0.0,0.7871,0.7971,0.7992,0.8044,1.0446,o,,,,
169080,2001,129774.0,904.0,0.0,0.8359,0.848,0.8505,0.8568,1.0507,o,,,,
169080,2002,130523.0,865.0,0.0,0.7953,0.8003,0.8014,0.804,1.0221,o,1049.0,,25758.0,
169080,2003,132385.0,894.0,0.0,0.8104,0.8151,0.816,0.8185,1.0201,o,1042.0,,26765.0,610.0
169080,2004,132165.0,872.0,0.0,0.7917,0.7892,0.7887,0.7874,0.9891,o,902.0,,27819.0,632.0
169080,2005,127987.0,913.0,0.0,0.856,0.8389,0.8354,0.8268,0.9328,o,1007.0,,28602.0,655.0
169080,2006,128269.0,919.0,0.0,0.8598,0.8386,0.8343,0.8237,0.9178,o,1027.0,,29837.0,673.0
169080,2007,129550.0,878.0,0.0,0.8133,0.8068,0.8054,0.8021,0.9727,o,1039.0,85.0,30958.0,677.0
169080,2008,130496.0,823.0,0.0,0.7568,0.7703,0.7731,0.7802,1.0628,o,936.0,92.0,31732.0,689.0
169080,2009,128949.0,882.0,0.0,0.8208,0.8289,0.8306,0.8349,1.0346,o,945.0,110.0,33330.0,719.0
169080,2010,125314.0,908.0,0.0,0.8695,0.85,0.846,0.8362,0.9248,o,935.0,100.0,34358.0,719.0
169080,2011,122056.0,869.0,0.0,0.8544,0.8313,0.8266,0.815,0.91,o,961.0,106.0,34717.0,727.0
169080,2012,120405.0,795.0,0.0,0.7923,0.783,0.7811,0.7763,0.96,o,977.0,108.0,34784.0,726.0
169080,2013,121424.0,798.0,0.0,0.7886,0.7955,0.7969,0.8005,1.0303,o,1006.0,101.0,35699.0,711.0
169080,2014,123709.0,852.0,0.0,0.8265,0.8393,0.842,0.8488,1.0548,o,951.0,75.0,37194.0,738.0
169080,2015,121931.0,801.0,0.0,0.7883,0.7956,0.7971,0.8009,1.0322,o,944.0,82.0,38688.0,735.0
169080,2016,120097.0,848.0,0.0,0.8473,0.8418,0.8407,0.8379,0.9778,o,929.0,75.0,39749.0,733.0
169080,2017,117668.0,889.0,0.0,0.9066,0.8917,0.8887,0.8811,0.9445,o,889.0,76.0,40449.0,723.0
169080,2018,114277.0,824.0,15.0,0.8731,0.8547,0.8509,0.8416,0.929,o,842.0,78.0,41252.0,702.0
169080,2019,111946.0,817.0,19.0,0.886,0.863,0.8583,0.8468,0.9135,o,790.0,73.0,42219.0,693.0
169080,2020,109085.0,826.0,19.0,0.9191,0.8831,0.8758,0.8579,0.8713,o,660.0,54.0,43631.0,648.0
169080,2021,96099.0,789.0,19.0,0.9971,0.9338,0.9212,0.8905,0.7976,o,762.0,59.0,44128.0,638.0
169080,2022,90559.0,715.0,14.0,0.9567,0.9037,0.8931,0.8671,0.8215,o,660.0,72.0,41951.0,555.0
169080,2023,85320.0,704.0,11.0,0.9979,0.9588,0.9509,0.9315,0.8713,o,776.0,117.0,39978.0,488.0
169080,2024,91389.0,626.0,22.0,0.8364,0.8341,0.8336,0.8324,0.9903,o,909.0,86.0,38670.0,462.0
169187,1998,4170.0,0.0,0.0,0.0,0.0,0.0,0.0,,-,,,,
169187,1999,4697.0,0.0,0.0,0.0,0.0,0.0,0.0,,-,,,,
169187,2002,5535.0,0.0,0.0,0.0,0.0,0.0,0.0,,-,57.0,,12770.0,
169187,2003,6133.0,0.0,0.0,0.0,0.0,0.0,0.0,,-,58.0,,9867.0,426.0
169187,2005,8395.0,0.0,0.0,0.0,0.0,0.0,0.0,,-,48.0,,13392.0,336.0
169187,2006,10735.0,0.0,0.0,0.0,0.0,0.0,0.0,,-,59.0,,13586.0,280.0
169187,2007,9443.0,0.0,0.0,0.0,0.0,0.0,0.0,,-,82.0,,14367.0,336.0
169187,2008,12443.0,0.0,0.0,0.0,0.0,0.0,0.0,,-,66.0,,13521.0,261.0
169187,2009,8159.0,0.0,0.0,0.0,0.0,0.0,0.0,,-,69.0,,13295.0,422.0
169187,2010,8330.0,0.0,0.0,0.0,0.0,0.0,0.0,,-,57.0,,13973.0,433.0
169187,2011,7954.0,0.0,0.0,0.0,0.0,0.0,0.0,,-,52.0,,13802.0,366.0
169187,2012,8877.0,0.0,0.0,0.0,0.0,0.0,0.0,,-,42.0,,14563.0,304.0
169187,2013,6658.0,0.0,0.0,0.0,0.0,0.0,0.0,,-,28.0,,14762.0,404.0
169187,2014,6125.0,0.0,0.0,0.0,0.0,0.0,0.0,,-,49.0,,15490.0,537.0
169187,2015,5758.0,0.0,0.0,0.0,0.0,0.0,0.0,,-,29.0,,16501.0,566.0
169187,2016,5023.0,0.0,0.0,0.0,0.0,0.0,0.0,,-,24.0,,16421.0,586.0
169187,2017,5574.0,0.0,0.0,0.0,0.0,0.0,0.0,,-,23.0,,16700.0,461.0
169187,2018,5351.0,0.0,0.0,0.0,0.0,0.0,0.0,,-,25.0,,16563.0,462.0
169187,2019,4515.0,0.0,0.0,0.0,0.0,0.0,0.0,,-,22.0,,16680.0,478.0
169187,2020,4199.0,0.0,0.0,0.0,0.0,0.0,0.0,,-,8.0,,16911.0,505.0
169187,2021,3780.0,0.0,0.0,0.0,0.0,0.0,0.0,,-,7.0,,16810.0,495.0
169187,2022,3855.0,0.0,0.0,0.0,0.0,0.0,0.0,,-,6.0,,16129.0,446.0
169187,2023,3470.0,0.0,0.0,0.0,0.0,0.0,0.0,,-,11.0,,15571.0,501.0
169187,2024,3539.0,0.0,0.0,0.0,0.0,0.0,0.0,,-,9.0,,15342.0,459.0
169248,1998,443980.0,2980.0,0.0,0.8054,0.817,0.8223,0.8296,1.0609,o,,,,
169248,1999,463376.0,2855.0,0.0,0.7394,0.7618,0.7724,0.787,1.133,o,,,,
169248,2000,480722.0,2944.0,0.0,0.7349,0.7691,0.7853,0.8079,1.2086,o,,,,
169248,2001,502676.0,2922.0,0.0,0.6975,0.7316,0.7478,0.7704,1.2197,o,,,,
169248,2002,525765.0,3143.0,0.0,0.7174,0.7435,0.7558,0.7729,1.1608,o,3626.0,,7357.0,
169248,2003,536153.0,3422.0,0.0,0.7659,0.78,0.7866,0.7956,1.0791,o,3680.0,,8067.0,272.0
169248,2004,537603.0,3548.0,0.0,0.792,0.7994,0.8028,0.8075,1.0396,o,3754.0,,8653.0,286.0
169248,2005,541964.0,3549.0,0.0,0.7858,0.7901,0.792,0.7947,1.0227,o,3743.0,,8635.0,291.0
169248,2006,544070.0,3540.0,0.0,0.7808,0.7854,0.7875,0.7904,1.0247,o,3820.0,1471.0,9956.0,316.0
169248,2007,551752.0,3535.0,0.0,0.7688,0.7752,0.7782,0.7822,1.0352,o,3819.0,1319.0,11388.0,338.0
169248,2008,543925.0,3493.0,0.0,0.7706,0.7757,0.778,0.7812,1.0276,o,3899.0,1309.0,13345.0,359.0
169248,2009,554958.0,3571.0,0.0,0.7722,0.7776,0.7801,0.7835,1.0295,o,3724.0,1440.0,13769.0,373.0
169248,2010,561864.0,3702.0,0.0,0.7907,0.7922,0.7928,0.7938,1.0079,o,4215.0,1527.0,14538.0,388.0
169248,2011,578507.0,3717.0,0.0,0.771,0.7782,0.7815,0.786,1.0393,o,3899.0,1608.0,13524.0,401.0
169248,2012,580872.0,3834.0,0.0,0.7921,0.8016,0.806,0.8121,1.0513,o,3416.0,1510.0,13639.0,409.0
169248,2013,562386.0,3913.0,0.0,0.8349,0.8267,0.823,0.8179,0.9596,o,3012.0,1448.0,14638.0,416.0
169248,2014,533708.0,4078.0,0.0,0.9169,0.8716,0.8516,0.825,0.8097,o,3811.0,1473.0,14772.0,422.0
169248,2015,539590.0,4119.0,0.0,0.916,0.8787,0.8621,0.84,0.8409,o,3486.0,1660.0,15078.0,435.0
169248,2016,523235.0,3973.0,0.0,0.9112,0.9106,0.9104,0.9101,0.9975,o,3519.0,1438.0,15363.0,440.0
169248,2017,510393.0,3643.0,0.0,0.8565,0.8744,0.8827,0.8941,1.0898,o,3076.0,1121.0,15489.0,443.0
169248,2018,490544.0,3777.0,0.0,0.924,0.9164,0.913,0.9084,0.9666,o,2732.0,1056.0,15591.0,445.0
169248,2019,450569.0,3937.0,0.0,1.0485,0.9927,0.968,0.9355,0.7959,o,2473.0,967.0,15814.0,447.0
169248,2020,406064.0,3769.0,0.0,1.1138,1.0372,1.0038,0.9601,0.743,o,2088.0,810.0,15577.0,447.0
169248,2021,364283.0,3365.0,0.0,1.1085,1.0146,0.9743,0.9218,0.6916,o,1910.0,775.0,15127.0,434.0
169248,2022,318058.0,2844.0,0.0,1.073,0.981,0.9415,0.8903,0.6884,o,2019.0,851.0,14481.0,403.0
169248,2023,293537.0,2504.0,0.0,1.0237,0.9568,0.9277,0.8894,0.7549,o,2044.0,937.0,14130.0,421.0
169248,2024,283023.0,2319.0,0.0,0.9832,0.9563,0.9442,0.928,0.8908,o,2222.0,987.0,14190.0,441.0
169275,1998,156175.0,0.0,826.0,0.3173,0.3174,0.3176,0.3176,1.0029,o,,,,
169275,1999,159372.0,0.0,732.0,0.2756,0.2763,0.2783,0.2791,1.0394,o,,,,
169275,2000,162218.0,0.0,775.0,0.2867,0.2876,0.29,0.2911,1.0481,o,,,,
169275,2001,158568.0,0.0,749.0,0.2834,0.2794,0.2694,0.265,0.8162,o,,,,
169275,2002,231543.0,0.0,704.0,0.1824,0.1796,0.1725,0.1695,0.8,o,1497.0,,2694.0,
169275,2003,258587.0,0.0,720.0,0.1671,0.1666,0.1653,0.1647,0.9578,o,1640.0,,2716.0,106.0
169275,2004,244493.0,0.0,775.0,0.1902,0.1915,0.1949,0.1964,1.1025,o,979.0,,3060.0,109.0
169275,2005,250410.0,0.0,787.0,0.1886,0.1825,0.1676,0.1614,0.6242,o,1101.0,,3974.0,103.0
169275,2006,254108.0,0.0,968.0,0.2286,0.2258,0.2189,0.2159,0.8408,o,772.0,,4612.0,107.0
169275,2012,242617.0,0.0,1736.0,0.4293,0.4347,0.4488,0.4552,1.1939,o,572.0,177.0,3675.0,112.0
169275,2013,221815.0,0.0,1516.0,0.4101,0.4065,0.3974,0.3934,0.882,o,741.0,266.0,3954.0,117.0
169275,2014,205397.0,0.0,2581.0,0.754,0.7619,0.7825,0.7919,1.1605,o,1511.0,231.0,4225.0,126.0
169275,2015,185450.0,0.0,2040.0,0.66,0.6997,0.8129,0.869,2.3016,o,1478.0,179.0,4644.0,138.0
169275,2016,169083.0,0.0,1944.0,0.6898,0.7031,0.7384,0.7546,1.3126,o,1498.0,179.0,4755.0,154.0
169275,2017,157483.0,0.0,1569.0,0.5978,0.5979,0.5981,0.5982,1.0023,o,1334.0,172.0,4825.0,176.0
169275,2018,149680.0,0.0,1209.0,0.4846,0.4809,0.4716,0.4675,0.8965,o,1308.0,170.0,4980.0,167.0
169275,2019,143957.0,0.0,1167.0,0.4864,0.4837,0.4768,0.4738,0.9237,o,1296.0,582.0,4978.0,178.0
169275,2020,141413.0,0.0,863.0,0.3662,0.3657,0.3644,0.3639,0.9811,o,773.0,339.0,5012.0,174.0
169275,2021,101810.0,0.0,1105.0,0.6512,0.6279,0.5716,0.5483,0.5937,o,1077.0,315.0,4894.0,238.0
169275,2022,127259.0,0.0,1009.0,0.4757,0.4771,0.4805,0.4821,1.0411,o,969.0,312.0,4646.0,183.0
169275,2023,123619.0,0.0,1194.0,0.5795,0.5814,0.5863,0.5885,1.0476,o,1447.0,116.0,4384.0,176.0
169275,2024,136058.0,0.0,1173.0,0.5173,0.53,0.5641,0.58,1.4145,o,1294.0,388.0,4426.0,158.0
169327,1998,7392.0,147.0,43.0,2.7354,2.7354,2.7354,2.7354,,n,,,,
169327,1999,22182.0,254.0,33.0,1.4633,0.5913,0.4902,0.3068,0.044,o,,,,
169327,2000,18639.0,205.0,94.0,1.6224,1.0808,0.9937,0.8053,0.2464,i,,,,
169327,2001,20713.0,274.0,34.0,1.6859,1.6859,1.6859,1.6859,,n,,,,
169327,2002,17913.0,297.0,15.0,2.0398,3.7942,4.3141,5.9471,8.5,o,17.0,,17928.0,
169327,2003,18478.0,254.0,70.0,1.8768,2.2802,2.3739,2.6254,1.9568,i,4.0,,18108.0,531.0
169327,2004,16449.0,311.0,72.0,2.5315,2.2052,2.1431,1.9955,0.6213,i,24.0,,18308.0,546.0
169327,2006,14479.0,153.0,8.0,1.3012,2.2224,2.4827,3.2747,6.3333,o,142.0,406.0,20193.0,652.0
169327,2007,15404.0,124.0,62.0,1.2075,2.5828,3.0229,4.4794,13.7619,o,81.0,98.0,21982.0,665.0
169327,2008,15485.0,136.0,58.0,1.2787,2.334,2.6434,3.6086,7.9643,o,69.0,104.0,20721.0,677.0
169327,2009,16549.0,160.0,92.0,1.4938,1.4381,1.4268,1.399,0.8772,o,46.0,77.0,21409.0,593.0
169327,2010,15219.0,158.0,72.0,1.5297,1.171,1.108,0.965,0.3979,o,33.0,128.0,22300.0,626.0
169327,2011,13905.0,126.0,54.0,1.3204,0.9772,0.9182,0.7859,0.3543,o,14.0,76.0,23117.0,666.0
169327,2012,11535.0,121.0,60.0,1.5708,1.1219,1.0465,0.8793,0.3133,o,35.0,92.0,24165.0,641.0
169327,2013,10731.0,111.0,10.0,1.2972,1.0129,0.9624,0.8468,0.4261,o,48.0,68.0,24704.0,610.0
169327,2014,9660.0,72.0,0.0,0.8944,0.9073,0.91,0.9168,1.0506,o,58.0,78.0,24646.0,617.0
169327,2015,9505.0,85.0,0.0,1.0732,1.3586,1.4265,1.6116,2.2553,o,61.0,75.0,25065.0,581.0
169327,2016,9303.0,91.0,6.0,1.2125,1.5683,1.6541,1.8896,2.4286,o,68.0,63.0,25929.0,742.0
169327,2017,12475.0,109.0,15.0,1.1206,1.2735,1.3077,1.3971,1.5542,o,102.0,51.0,22436.0,585.0
169327,2018,13784.0,121.0,17.0,1.1274,1.2929,1.3301,1.4277,1.6038,o,62.0,61.0,24552.0,508.0
169327,2019,14904.0,138.0,19.0,1.1876,1.3034,1.3287,1.3942,1.3782,o,92.0,,25075.0,434.0
169327,2020,14808.0,148.0,17.0,1.2682,1.3351,1.3494,1.3857,1.1938,o,120.0,23.0,24700.0,432.0
169327,2021,15808.0,100.0,18.0,0.8274,0.8821,0.8939,0.924,1.2471,o,200.0,81.0,25948.0,410.0
169327,2022,17729.0,84.0,12.0,0.6092,0.7395,0.7697,0.8509,1.9512,o,103.0,70.0,24387.0,415.0
169327,2023,22307.0,409.0,7.0,2.219,2.7002,2.8121,3.1126,1.9675,o,85.0,172.0,24460.0,376.0
169327,2024,23001.0,425.0,23.0,2.2773,2.1993,2.1835,2.1445,0.8868,o,74.0,166.0,24842.0,486.0
169363,1998,15661.0,142.0,0.0,1.0881,1.0734,1.0704,1.0629,0.9543,o,,,,
169363,1999,20760.0,145.0,0.0,0.8382,0.8468,0.8486,0.8531,1.0359,o,,,,
169363,2000,15728.0,137.0,0.0,1.0453,1.0941,1.1045,1.1309,1.1705,o,,,,
169363,2001,14770.0,140.0,0.0,1.1374,1.2002,1.2137,1.2479,1.2036,o,,,,
169363,2002,15690.0,107.0,2.0,0.826,0.8377,0.8401,0.8462,1.0495,o,97.0,,24684.0,
169363,2003,11853.0,125.0,0.0,1.2655,1.251,1.2481,1.2407,0.9612,o,72.0,,28294.0,802.0
169363,2004,13029.0,127.0,1.0,1.1743,1.1167,1.1052,1.0768,0.8408,o,123.0,,28772.0,602.0
169363,2005,14858.0,86.0,1.0,0.6986,0.6819,0.6785,0.67,0.9198,o,115.0,,28594.0,603.0
169363,2006,15398.0,113.0,0.0,0.8806,0.9289,0.9392,0.9655,1.202,o,112.0,71.0,28365.0,589.0
169363,2007,15349.0,112.0,0.0,0.8756,0.9538,0.9709,1.0148,1.3432,o,94.0,61.0,28901.0,491.0
169363,2008,14553.0,76.0,1.0,0.6308,0.6409,0.643,0.6483,1.0564,o,107.0,31.0,29076.0,547.0
169363,2009,13405.0,136.0,1.0,1.2219,1.1635,1.1518,1.1229,0.8445,o,102.0,33.0,28632.0,544.0
169363,2010,12188.0,81.0,0.0,0.7975,0.7786,0.7748,0.7652,0.9207,o,119.0,55.0,29433.0,558.0
169363,2011,12519.0,119.0,0.0,1.1407,1.1642,1.1691,1.1815,1.0728,o,169.0,48.0,29569.0,535.0
169363,2012,14015.0,71.0,0.0,0.6079,0.6748,0.6895,0.7277,1.4328,o,153.0,39.0,29389.0,563.0
169363,2013,13976.0,85.0,1.0,0.7341,0.8321,0.854,0.9112,1.5407,o,188.0,44.0,30297.0,587.0
169363,2014,15177.0,59.0,0.0,0.4665,0.529,0.543,0.5795,1.543,o,158.0,75.0,31023.0,500.0
169363,2015,17118.0,77.0,1.0,0.5433,0.573,0.5793,0.5955,1.2014,o,153.0,76.0,32846.0,547.0
169363,2016,18710.0,85.0,0.0,0.5452,0.5397,0.5386,0.5358,0.9658,o,199.0,126.0,34887.0,572.0
169363,2017,22113.0,109.0,2.0,0.5969,0.6025,0.6036,0.6065,1.0323,o,190.0,95.0,35324.0,641.0
169363,2018,24844.0,88.0,0.0,0.4251,0.4397,0.4428,0.4507,1.1243,o,234.0,101.0,35419.0,620.0
169363,2019,27217.0,163.0,0.0,0.7187,0.7863,0.801,0.8391,1.3633,o,223.0,50.0,35740.0,
169363,2020,26210.0,168.0,0.0,0.7692,0.8297,0.8428,0.8764,1.2983,o,253.0,56.0,36305.0,
169363,2021,25984.0,162.0,0.0,0.7482,0.7933,0.8029,0.8276,1.2236,o,237.0,46.0,36254.0,
169363,2022,25718.0,172.0,0.0,0.8026,0.8369,0.8442,0.8628,1.1557,o,224.0,52.0,34919.0,
169363,2023,23893.0,157.0,0.0,0.7885,0.7905,0.7909,0.792,1.0088,o,298.0,62.0,34141.0,
169363,2024,27663.0,168.0,0.0,0.7288,0.7485,0.7527,0.7632,1.0966,o,108.0,52.0,34200.0,
169442,1998,26086.0,139.0,0.0,0.6394,0.7667,0.7961,0.8745,1.8704,o,,,,
169442,1999,26618.0,168.0,0.0,0.7574,0.8266,0.8417,0.8806,1.352,o,,,,
169442,2000,27680.0,176.0,0.0,0.763,0.7893,0.7949,0.809,1.1241,o,,,,
169442,2001,28561.0,169.0,0.0,0.7101,0.7489,0.7571,0.7783,1.2013,o,,,,
169442,2002,29965.0,195.0,0.0,0.7809,0.8146,0.8218,0.8399,1.1568,o,194.0,,30553.0,
169442,2003,30601.0,190.0,0.0,0.7451,0.7831,0.7912,0.8118,1.1871,o,190.0,,31605.0,804.0
169442,2004,32286.0,188.0,0.0,0.6988,0.7097,0.712,0.7177,1.0549,o,180.0,,32832.0,849.0
169442,2005,33436.0,192.0,0.0,0.6891,0.6781,0.6759,0.6703,0.9463,o,207.0,,34411.0,884.0
169442,2006,33508.0,252.0,0.0,0.9025,0.9025,0.9025,0.9025,1.0,o,197.0,,36091.0,943.0
169442,2007,33031.0,259.0,0.0,0.9409,0.9549,0.9578,0.9651,1.0521,o,251.0,157.0,37257.0,969.0
169442,2008,34208.0,227.0,0.0,0.7963,0.8417,0.8514,0.8762,1.2108,o,241.0,155.0,38559.0,976.0
169442,2009,35102.0,243.0,0.0,0.8307,0.8906,0.9035,0.9367,1.2713,o,235.0,122.0,40646.0,1031.0
169442,2010,35944.0,249.0,0.0,0.8313,0.8718,0.8804,0.9023,1.1782,o,206.0,132.0,42863.0,997.0
169442,2011,34006.0,252.0,0.0,0.8893,0.8852,0.8844,0.8823,0.9844,o,235.0,162.0,43658.0,1011.0
169442,2012,34709.0,283.0,0.0,0.9784,0.9479,0.9417,0.9263,0.8963,o,275.0,150.0,44608.0,985.0
169442,2013,35257.0,248.0,0.0,0.8441,0.8611,0.8647,0.8737,1.0714,o,241.0,147.0,45959.0,1000.0
169442,2014,34818.0,231.0,0.0,0.7961,0.8332,0.8411,0.8612,1.1701,o,251.0,124.0,47015.0,1036.0
169442,2015,35695.0,247.0,0.0,0.8304,0.8571,0.8628,0.8771,1.1156,o,286.0,112.0,48422.0,1053.0
169442,2016,36051.0,287.0,0.0,0.9553,0.9697,0.9727,0.9803,1.0529,o,269.0,109.0,50496.0,1073.0
169442,2017,35335.0,262.0,0.0,0.8898,0.9088,0.9128,0.9228,1.0756,o,263.0,98.0,52062.0,1126.0
169442,2018,35481.0,265.0,0.0,0.8963,0.9168,0.9211,0.932,1.0813,o,254.0,136.0,52917.0,1079.0
169442,2019,36254.0,255.0,0.0,0.844,0.8348,0.8329,0.8282,0.9628,o,293.0,127.0,53823.0,1089.0
169442,2020,36891.0,264.0,0.0,0.8587,0.8551,0.8544,0.8525,0.9856,o,334.0,93.0,55067.0,1153.0
169442,2021,36830.0,241.0,0.0,0.7852,0.8235,0.8317,0.8525,1.1786,o,277.0,114.0,55543.0,1066.0
169442,2022,38237.0,298.0,0.0,0.9352,0.9816,0.9915,1.0167,1.1818,o,260.0,85.0,52203.0,957.0
169442,2023,35664.0,251.0,0.0,0.8445,0.84,0.8391,0.8368,0.9817,o,262.0,80.0,51173.0,910.0
169442,2024,35153.0,305.0,0.0,1.0412,0.9873,0.9765,0.95,0.8325,o,247.0,71.0,51355.0,901.0
169479,1998,43319.0,360.0,243.0,1.3338,1.122,1.0826,0.9899,0.5508,o,,,,
169479,1999,42538.0,368.0,239.0,1.3752,1.2726,1.2523,1.2031,0.7653,o,,,,
169479,2000,42490.0,265.0,143.0,0.9503,0.8677,0.8515,0.8123,0.7306,o,,,,
169479,2001,44642.0,324.0,141.0,1.0604,0.8896,0.8579,0.7834,0.5457,o,,,,
169479,2002,70951.0,288.0,130.0,0.597,0.4894,0.4697,0.4238,0.5039,o,261.0,,15055.0,
169479,2003,67087.0,244.0,76.0,0.5044,0.4304,0.4165,0.3836,0.5784,o,220.0,,15320.0,1062.0
169479,2004,398612.0,1128.0,786.0,0.4579,0.4121,0.4032,0.3818,0.6951,o,1295.0,,13658.0,335.0
169479,2005,225976.0,1202.0,677.0,0.8181,1.0484,1.1036,1.2547,2.3525,o,1231.0,,13804.0,566.0
169479,2007,254318.0,1033.0,664.0,0.6441,1.034,1.1404,1.4569,5.1164,o,746.0,,14186.0,542.0
169479,2008,223114.0,1034.0,656.0,0.7325,0.7912,0.8039,0.8366,1.3043,o,922.0,971.0,14569.0,589.0
169479,2009,206806.0,988.0,643.0,0.7598,0.6737,0.6571,0.6175,0.6603,o,867.0,1188.0,15309.0,645.0
169479,2010,228424.0,1155.0,651.0,0.7778,0.7091,0.6956,0.6631,0.7269,o,740.0,1263.0,16105.0,629.0
169479,2011,219962.0,1075.0,583.0,0.7455,0.7021,0.6935,0.6723,0.8133,o,700.0,1095.0,16701.0,652.0
169479,2012,198055.0,1112.0,574.0,0.8476,0.8123,0.8051,0.7876,0.8633,o,635.0,1027.0,17057.0,687.0
169479,2013,174288.0,1152.0,455.0,0.9498,0.8725,0.8573,0.8205,0.7462,o,589.0,842.0,17635.0,691.0
169479,2014,155051.0,1040.0,393.0,0.957,0.8843,0.87,0.8352,0.7617,o,635.0,802.0,18559.0,721.0
169479,2015,140103.0,1034.0,395.0,1.0548,1.0062,0.9965,0.9725,0.85,o,656.0,716.0,19676.0,747.0
169479,2016,131611.0,961.0,304.0,1.0148,1.005,1.003,0.9979,0.967,o,632.0,765.0,20681.0,766.0
169479,2017,126552.0,1046.0,286.0,1.1274,1.1442,1.1477,1.1565,1.0523,o,596.0,664.0,21322.0,763.0
169479,2018,121261.0,1002.0,217.0,1.099,1.1,1.1002,1.1007,1.0033,o,651.0,628.0,21882.0,782.0
169479,2019,117415.0,1000.0,178.0,1.113,1.1018,1.0995,1.0938,0.9659,o,670.0,612.0,22469.0,657.0
169479,2020,112460.0,952.0,172.0,1.1076,1.1158,1.1174,1.1217,1.0256,o,633.0,509.0,23243.0,664.0
169479,2021,107683.0,922.0,142.0,1.1066,1.1258,1.1298,1.1399,1.0611,o,521.0,406.0,23648.0,657.0
169479,2022,94644.0,935.0,152.0,1.2819,1.2534,1.2475,1.2331,0.9254,o,540.0,380.0,22998.0,627.0
169479,2023,86867.0,816.0,130.0,1.217,1.1421,1.1272,1.0907,0.8032,o,588.0,399.0,23026.0,593.0
169479,2024,83893.0,737.0,143.0,1.1565,1.1091,1.0995,1.076,0.8657,o,581.0,398.0,23324.0,589.0
169488,1998,25533.0,84.0,62.0,0.5405,0.4346,0.4154,0.3711,0.4715,o,,,,
169488,1999,24103.0,98.0,81.0,0.6895,0.6375,0.6273,0.6024,0.7632,o,,,,
169488,2000,20082.0,100.0,77.0,0.8276,0.8027,0.7976,0.7851,0.9,o,,,,
169488,2001,24211.0,87.0,106.0,0.6939,0.613,0.5975,0.5604,0.6523,o,,,,
169488,2002,33128.0,73.0,95.0,0.4365,0.3789,0.3679,0.342,0.6138,o,165.0,,16707.0,
169488,2003,26953.0,104.0,81.0,0.6433,0.6169,0.6116,0.5984,0.8652,o,74.0,,17198.0,
169497,1998,20994.0,90.0,112.0,0.8345,0.825,0.8231,0.8182,0.9612,o,,,,
169497,1999,21941.0,86.0,85.0,0.7028,0.7081,0.7092,0.7119,1.0261,o,,,,
169497,2000,22073.0,77.0,78.0,0.6306,0.6502,0.6544,0.6648,1.1114,o,,,,
169497,2001,24084.0,84.0,89.0,0.6403,0.6046,0.5974,0.58,0.8206,o,,,,
169497,2002,37052.0,65.0,92.0,0.3595,0.3319,0.3265,0.3133,0.7595,o,225.0,,15055.0,
169497,2003,32058.0,101.0,80.0,0.5278,0.4914,0.4842,0.4666,0.7816,o,133.0,,15320.0,
169521,1998,180246.0,0.0,842.0,0.2803,0.2808,0.282,0.2825,1.0246,o,,,,
169521,1999,176739.0,0.0,817.0,0.2774,0.2792,0.2839,0.286,1.0979,o,,,,
169521,2000,173124.0,0.0,10.0,0.0035,0.0035,0.0035,0.0035,1.059,o,,,,
169521,2001,172876.0,0.0,949.0,0.3294,0.3381,0.3615,0.3724,1.4509,o,,,,
169521,2002,237080.0,0.0,812.0,0.2055,0.2094,0.2199,0.2248,1.3123,o,3091.0,,3459.0,
169521,2003,245087.0,0.0,838.0,0.2052,0.2062,0.2091,0.2103,1.0785,o,3341.0,,3511.0,83.0
169521,2004,253140.0,0.0,1026.0,0.2432,0.2447,0.2487,0.2504,1.0933,o,1605.0,,3740.0,129.0
169521,2005,262560.0,0.0,1028.0,0.2349,0.2238,0.1974,0.1868,0.4991,o,1428.0,,3679.0,119.0
169521,2006,261900.0,0.0,1139.0,0.2609,0.2511,0.2275,0.2177,0.5774,o,1525.0,,3739.0,116.0
169521,2007,211596.0,0.0,1207.0,0.3423,0.3424,0.3427,0.3429,1.0056,o,1736.0,427.0,3811.0,148.0
169521,2008,216686.0,0.0,1279.0,0.3542,0.3582,0.3688,0.3736,1.1758,o,1726.0,384.0,3797.0,152.0
169521,2009,226347.0,0.0,1179.0,0.3125,0.3138,0.317,0.3185,1.0586,o,1645.0,421.0,3837.0,145.0
169521,2010,251456.0,0.0,1083.0,0.2584,0.2575,0.2551,0.2541,0.9503,o,1403.0,379.0,3812.0,143.0
169521,2011,249421.0,0.0,1285.0,0.3091,0.3052,0.2953,0.291,0.8324,o,1634.0,421.0,3890.0,142.0
169521,2012,239733.0,0.0,1274.0,0.3189,0.3204,0.3245,0.3263,1.0722,o,1453.0,329.0,3938.0,140.0
169521,2013,224386.0,0.0,1557.0,0.4163,0.4151,0.4118,0.4103,0.9569,o,1497.0,353.0,3997.0,141.0
169521,2014,209343.0,0.0,1501.0,0.4302,0.4293,0.4269,0.4259,0.9699,o,1435.0,379.0,4075.0,145.0
169521,2015,197719.0,0.0,1510.0,0.4582,0.4573,0.4551,0.4541,0.9729,o,1471.0,333.0,4166.0,148.0
169521,2016,188484.0,0.0,1300.0,0.4138,0.4139,0.4142,0.4143,1.0034,o,1692.0,303.0,4401.0,164.0
169521,2017,178902.0,0.0,1180.0,0.3957,0.4,0.4111,0.4161,1.1645,o,1757.0,315.0,4557.0,175.0
169521,2018,172533.0,0.0,1034.0,0.3596,0.3622,0.3692,0.3723,1.111,o,1570.0,362.0,4736.0,176.0
169521,2019,160383.0,0.0,991.0,0.3707,0.3683,0.3621,0.3594,0.9104,o,1547.0,342.0,4893.0,186.0
169521,2020,154939.0,0.0,1485.0,0.5751,0.5721,0.5647,0.5615,0.93,o,1267.0,239.0,4964.0,188.0
169521,2021,140439.0,0.0,942.0,0.4025,0.3967,0.3821,0.3759,0.813,o,1078.0,324.0,4926.0,171.0
169521,2022,136134.0,0.0,901.0,0.3971,0.3898,0.3715,0.3637,0.7662,o,1205.0,299.0,4794.0,166.0
169521,2023,139432.0,0.0,907.0,0.3903,0.391,0.393,0.3938,1.0277,o,1282.0,331.0,4617.0,166.0
169521,2024,150847.0,0.0,964.0,0.3834,0.3866,0.3947,0.3984,1.1231,o,1592.0,375.0,4640.0,156.0
169594,1998,64000.0,303.0,118.0,0.6788,0.5436,0.5192,0.4629,0.4651,o,,,,
169594,1999,61772.0,319.0,115.0,0.7314,0.5992,0.575,0.5187,0.503,o,,,,
169594,2000,60639.0,313.0,90.0,0.7085,0.6344,0.62,0.5856,0.6832,o,,,,
169594,2001,61439.0,318.0,106.0,0.7246,0.7029,0.6985,0.6875,0.9003,o,,,,
169594,2002,93769.0,325.0,124.0,0.4953,0.4929,0.4924,0.4912,0.9839,o,476.0,,12721.0,
169600,1998,35667.0,142.0,89.0,0.6275,0.5074,0.4856,0.4351,0.4808,o,,,,
169600,1999,35274.0,165.0,96.0,0.7246,0.5707,0.5432,0.4801,0.439,o,,,,
169600,2000,51446.0,255.0,140.0,0.7581,0.6541,0.6345,0.5879,0.6014,o,,,,
169600,2001,41955.0,218.0,147.0,0.8337,0.8623,0.8683,0.8836,1.1231,o,,,,
169619,1998,24864.0,54.0,65.0,0.4175,0.3801,0.3728,0.3551,0.7236,o,,,,
169619,1999,23040.0,45.0,90.0,0.4688,0.3943,0.3805,0.3479,0.551,o,,,,
169655,2007,21467.0,0.0,0.0,0.0,0.0,0.0,0.0,,-,160.0,,11603.0,340.0
169655,2008,29033.0,0.0,0.0,0.0,0.0,0.0,0.0,,-,215.0,,13392.0,318.0
169655,2009,42495.0,0.0,0.0,0.0,0.0,0.0,0.0,,-,265.0,,13814.0,315.0
169655,2010,55409.0,0.0,0.0,0.0,0.0,0.0,0.0,,-,334.0,,15582.0,394.0
169655,2011,50167.0,0.0,0.0,0.0,0.0,0.0,0.0,,-,276.0,,15774.0,434.0
169655,2012,38431.0,0.0,0.0,0.0,0.0,0.0,0.0,,-,214.0,,17042.0,523.0
169655,2013,37260.0,0.0,24.0,0.0386,0.0386,0.0386,0.0386,,-,245.0,67.0,17311.0,503.0
169655,2014,31573.0,0.0,60.0,0.114,0.114,0.114,0.114,,-,276.0,94.0,18996.0,554.0
169655,2015,28823.0,0.0,106.0,0.2207,0.2207,0.2207,0.2207,,-,65.0,25.0,17967.0,587.0
169655,2016,22080.0,0.0,98.0,0.2663,0.2663,0.2663,0.2663,,-,213.0,126.0,19113.0,651.0
169655,2017,29151.0,0.0,90.0,0.1852,0.1852,0.1852,0.1852,,-,195.0,91.0,20658.0,494.0
169655,2018,50620.0,0.0,109.0,0.1292,0.1292,0.1292,0.1292,,-,236.0,47.0,19837.0,331.0
169655,2019,53525.0,0.0,103.0,0.1155,0.1155,0.1155,0.1155,,-,244.0,106.0,15659.0,314.0
169655,2020,66521.0,0.0,95.0,0.0857,0.0857,0.0857,0.0857,,-,375.0,598.0,15431.0,341.0
169655,2021,69990.0,0.0,102.0,0.0874,0.0874,0.0874,0.0874,,-,382.0,106.0,14985.0,391.0
169655,2022,73196.0,0.0,148.0,0.1213,0.1213,0.1213,0.1213,,-,543.0,21.0,15921.0,327.0
169655,2023,66810.0,0.0,114.0,0.1024,0.1024,0.1024,0.1024,,-,722.0,7.0,15413.0,388.0
169655,2024,69570.0,0.0,54.0,0.0466,0.0466,0.0466,0.0466,,-,508.0,5.0,17252.0,442.0
169716,1998,98915.0,717.0,23.0,0.8838,0.8756,0.8739,0.8697,0.9683,o,,,,
169716,1999,95480.0,739.0,13.0,0.937,0.9211,0.9179,0.9098,0.9429,o,,,,
169716,2000,93598.0,707.0,7.0,0.9109,0.9123,0.9126,0.9134,1.0054,o,,,,
169716,2001,89130.0,655.0,13.0,0.8906,0.8792,0.8768,0.871,0.9564,o,,,,
169716,2002,86434.0,642.0,7.0,0.8962,0.848,0.8384,0.8148,0.8265,o,362.0,,28235.0,
169716,2003,82612.0,606.0,1.0,0.881,0.8175,0.8049,0.7744,0.7727,o,486.0,,30079.0,923.0
169716,2004,80878.0,576.0,4.0,0.8576,0.8493,0.8476,0.8433,0.9669,o,461.0,,31840.0,931.0
169716,2005,80555.0,550.0,2.0,0.8208,0.8648,0.8742,0.8981,1.1972,o,502.0,,33753.0,991.0
169716,2006,80541.0,633.0,0.0,0.9431,1.0245,1.0421,1.0877,1.3301,o,484.0,275.0,35010.0,1038.0
169716,2007,82155.0,554.0,0.0,0.8092,0.8454,0.8531,0.8726,1.1627,o,530.0,299.0,36251.0,957.0
169716,2008,84365.0,602.0,0.0,0.8563,0.8734,0.877,0.8861,1.0708,o,608.0,265.0,37490.0,741.0
169716,2009,88958.0,640.0,0.0,0.8633,0.9062,0.9153,0.9385,1.1817,o,552.0,243.0,39294.0,757.0
169716,2010,93792.0,693.0,0.0,0.8866,0.9294,0.9385,0.9617,1.1765,o,556.0,178.0,41341.0,800.0
169716,2011,88948.0,725.0,0.0,0.9781,1.0036,1.0089,1.0224,1.0927,o,562.0,195.0,42799.0,830.0
169716,2012,84891.0,740.0,0.0,1.046,1.0407,1.0396,1.0368,0.9824,o,481.0,238.0,44220.0,948.0
169716,2013,77698.0,701.0,0.0,1.0827,1.0498,1.0431,1.0266,0.8991,o,493.0,201.0,46159.0,1027.0
169716,2014,82325.0,729.0,0.0,1.0626,1.0236,1.0157,0.9963,0.8791,o,469.0,194.0,47292.0,1006.0
169716,2015,78690.0,819.0,0.0,1.249,1.1957,1.185,1.1585,0.8605,o,516.0,217.0,48720.0,1072.0
169716,2016,75793.0,729.0,0.0,1.1542,1.1352,1.1313,1.1216,0.9444,o,532.0,272.0,50076.0,1098.0
169716,2017,76532.0,668.0,0.0,1.0474,1.0699,1.0746,1.0865,1.076,o,550.0,301.0,50841.0,1059.0
169716,2018,81822.0,699.0,0.0,1.0252,1.0607,1.0682,1.0872,1.1247,o,583.0,274.0,51294.0,1006.0
169716,2019,82630.0,745.0,0.0,1.0819,1.1268,1.1363,1.1604,1.1503,o,530.0,204.0,34166.0,1007.0
169716,2020,77797.0,632.0,0.0,0.9748,0.992,0.9956,1.0046,1.062,o,419.0,183.0,34664.0,1006.0
169716,2021,73837.0,713.0,0.0,1.1588,1.1155,1.1068,1.0852,0.8771,o,565.0,179.0,34506.0,994.0
169716,2022,75890.0,633.0,0.0,1.0009,0.9608,0.9527,0.9328,0.8685,o,508.0,174.0,33080.0,935.0
169716,2023,78063.0,623.0,0.0,0.9577,0.9476,0.9455,0.9403,0.9641,o,552.0,176.0,32150.0,884.0
169716,2024,77925.0,811.0,0.0,1.2489,1.2896,1.2982,1.3199,1.117,o,650.0,182.0,32300.0,874.0
169761,2000,4960.0,0.0,0.0,0.0,0.0,0.0,0.0,,-,,,,
169761,2002,4406.0,0.0,0.0,0.0,0.0,0.0,0.0,,-,191.0,,15269.0,
169761,2003,5298.0,0.0,0.0,0.0,0.0,0.0,0.0,,-,44.0,,16951.0,839.0
169761,2004,4542.0,0.0,0.0,0.0,0.0,0.0,0.0,,-,38.0,,17371.0,1171.0
169761,2005,4399.0,0.0,0.0,0.0,0.0,0.0,0.0,,-,18.0,,17343.0,1039.0
169761,2006,4365.0,0.0,0.0,0.0,0.0,0.0,0.0,,-,19.0,,17606.0,1380.0
169761,2007,5604.0,0.0,0.0,0.0,0.0,0.0,0.0,,-,27.0,,17921.0,1326.0
169761,2008,5467.0,0.0,0.0,0.0,0.0,0.0,0.0,,-,31.0,23.0,19535.0,
169761,2009,6417.0,0.0,0.0,0.0,0.0,0.0,0.0,,-,44.0,35.0,19352.0,
169761,2010,9092.0,0.0,0.0,0.0,0.0,0.0,0.0,,-,39.0,,20964.0,
169761,2011,8456.0,0.0,0.0,0.0,0.0,0.0,0.0,,-,32.0,,21812.0,
169761,2012,6812.0,0.0,0.0,0.0,0.0,0.0,0.0,,-,28.0,,21879.0,
169761,2013,6656.0,0.0,0.0,0.0,0.0,0.0,0.0,,-,18.0,,22779.0,
169761,2014,5001.0,0.0,0.0,0.0,0.0,0.0,0.0,,-,33.0,,23130.0,
169761,2015,4156.0,0.0,0.0,0.0,0.0,0.0,0.0,,-,30.0,,26068.0,
169761,2016,4092.0,0.0,0.0,0.0,0.0,0.0,0.0,,-,37.0,,24705.0,
169761,2017,3764.0,0.0,0.0,0.0,0.0,0.0,0.0,,-,29.0,,25333.0,
169761,2018,3692.0,0.0,0.0,0.0,0.0,0.0,0.0,,-,33.0,,25514.0,
169761,2019,3164.0,0.0,0.0,0.0,0.0,0.0,0.0,,-,62.0,,25346.0,
169761,2021,14280.0,0.0,0.0,0.0,0.0,0.0,0.0,,-,172.0,,36278.0,
169761,2022,17100.0,0.0,0.0,0.0,0.0,0.0,0.0,,-,129.0,,34754.0,
169761,2023,17808.0,0.0,0.0,0.0,0.0,0.0,0.0,,-,95.0,,32794.0,
169761,2024,19650.0,0.0,31.0,0.0947,0.0947,0.0947,0.0947,,-,173.0,,32160.0,
169798,1998,462478.0,2839.0,0.0,0.7366,0.745,0.7488,0.7541,1.048,o,,,,
169798,1999,463973.0,2738.0,0.0,0.7081,0.7215,0.7277,0.7363,1.081,o,,,,
169798,2000,477282.0,2739.0,0.0,0.6886,0.7123,0.7234,0.7388,1.151,o,,,,
169798,2001,482223.0,2747.0,0.0,0.6836,0.7122,0.7257,0.7445,1.1863,o,,,,
169798,2002,498464.0,2847.0,0.0,0.6854,0.7088,0.7198,0.735,1.1501,o,2659.0,,7972.0,
169798,2003,508703.0,2862.0,0.0,0.6751,0.678,0.6794,0.6812,1.018,o,2550.0,,8543.0,309.0
169798,2004,510429.0,2884.0,0.0,0.678,0.6635,0.657,0.6482,0.914,o,2342.0,,9638.0,335.0
169798,2005,491530.0,2923.0,0.0,0.7136,0.6904,0.68,0.666,0.8711,o,2358.0,,9579.0,350.0
169798,2006,484158.0,2919.0,0.0,0.7235,0.6974,0.6857,0.6701,0.858,o,2340.0,7005.0,10191.0,385.0
169798,2007,475776.0,2945.0,0.0,0.7428,0.7246,0.7164,0.7054,0.9019,o,2415.0,1693.0,9278.0,390.0
169798,2008,461925.0,2963.0,0.0,0.7697,0.7645,0.7621,0.7589,0.972,o,2215.0,1699.0,10960.0,399.0
169798,2009,450680.0,2944.0,0.0,0.7839,0.7811,0.7798,0.778,0.9851,o,2247.0,2035.0,11610.0,422.0
169798,2010,469062.0,3001.0,0.0,0.7677,0.7583,0.754,0.7482,0.9498,o,2012.0,2288.0,11976.0,415.0
169798,2011,480283.0,2998.0,0.0,0.7491,0.7295,0.7207,0.7089,0.8957,o,2164.0,2246.0,11695.0,404.0
169798,2012,474439.0,2808.0,0.0,0.7102,0.6929,0.685,0.6745,0.9019,o,2636.0,2079.0,11816.0,411.0
169798,2013,476128.0,3108.0,0.0,0.7833,0.7972,0.8036,0.8124,1.0758,o,2885.0,1965.0,12066.0,408.0
169798,2014,474284.0,3249.0,0.0,0.822,0.8749,0.9002,0.9359,1.2963,o,2627.0,1763.0,12329.0,410.0
169798,2015,454683.0,3321.0,0.0,0.8765,0.9369,0.9659,1.007,1.3199,o,2870.0,1535.0,12615.0,419.0
169798,2016,447884.0,3333.0,0.0,0.893,0.9225,0.9364,0.9556,1.1452,o,2801.0,1465.0,13505.0,449.0
169798,2017,435359.0,3409.0,0.0,0.9396,0.9457,0.9485,0.9523,1.0272,o,2811.0,1418.0,14289.0,440.0
169798,2018,420012.0,3393.0,0.0,0.9694,0.9736,0.9755,0.9782,1.0181,o,2404.0,1176.0,14979.0,442.0
169798,2019,392507.0,3426.0,0.0,1.0474,1.0343,1.0283,1.0202,0.9487,o,2152.0,1230.0,15262.0,443.0
169798,2020,362042.0,3266.0,0.0,1.0825,1.0271,1.0027,0.9703,0.8034,o,1922.0,1012.0,16536.0,462.0
169798,2021,332822.0,3187.0,0.0,1.1491,1.0641,1.0272,0.979,0.7259,o,2312.0,942.0,16119.0,446.0
169798,2022,308585.0,2971.0,0.0,1.1553,1.099,1.0741,1.041,0.8119,o,2017.0,861.0,17223.0,481.0
169798,2023,285727.0,2638.0,0.0,1.1079,1.0944,1.0883,1.08,0.9502,o,1898.0,814.0,16987.0,490.0
169798,2024,278970.0,2383.0,0.0,1.0251,1.0153,1.0109,1.0049,0.961,o,1650.0,886.0,15510.0,505.0
169831,1998,3090.0,0.0,0.0,0.0,0.0,0.0,0.0,,-,,,,
169831,1999,2790.0,0.0,0.0,0.0,0.0,0.0,0.0,,-,,,,
169831,2000,5736.0,0.0,0.0,0.0,0.0,0.0,0.0,,-,,,,
169831,2001,3436.0,0.0,0.0,0.0,0.0,0.0,0.0,,-,,,,
169910,1998,242500.0,1281.0,823.0,0.8375,0.8341,0.8325,0.8304,0.983,o,,,,
169910,1999,243999.0,1140.0,839.0,0.767,0.7864,0.7954,0.808,1.1098,o,,,,
169910,2000,240536.0,1186.0,821.0,0.7965,0.8193,0.83,0.8448,1.125,o,,,,
169910,2001,253420.0,1217.0,722.0,0.7472,0.7757,0.789,0.8077,1.1684,o,,,,
169910,2002,265483.0,1328.0,766.0,0.7734,0.7924,0.8013,0.8136,1.1067,o,2084.0,,8089.0,
169910,2003,270606.0,1318.0,808.0,0.7636,0.7638,0.7639,0.764,1.0009,o,2248.0,,9007.0,345.0
169910,2004,281307.0,1422.0,834.0,0.7845,0.7786,0.776,0.7724,0.9693,o,2001.0,,10262.0,382.0
169910,2005,284406.0,1412.0,844.0,0.7738,0.762,0.7566,0.7494,0.9378,o,2276.0,,9802.0,388.0
169910,2006,309213.0,1608.0,905.0,0.7996,0.7992,0.7989,0.7986,0.9974,o,1980.0,,10417.0,393.0
169910,2007,269153.0,1646.0,874.0,0.9287,0.9248,0.923,0.9205,0.9825,o,2075.0,1276.0,9951.0,464.0
169910,2008,304569.0,1883.0,867.0,0.9127,0.9025,0.8979,0.8916,0.9543,o,2139.0,1399.0,11221.0,398.0
169910,2009,312160.0,1965.0,797.0,0.9086,0.9053,0.9039,0.9019,0.9853,o,2005.0,1510.0,12949.0,410.0
169910,2010,315801.0,2021.0,789.0,0.9179,0.912,0.9093,0.9057,0.9737,o,2017.0,1685.0,13552.0,405.0
169910,2011,325073.0,2229.0,729.0,0.9574,0.9555,0.9547,0.9535,0.9919,o,2129.0,1620.0,13862.0,408.0
169910,2012,329684.0,2311.0,820.0,0.9904,0.9865,0.9848,0.9824,0.9839,o,2147.0,1514.0,13516.0,422.0
169910,2013,327878.0,2364.0,792.0,1.0101,1.0178,1.0213,1.0261,1.0319,o,2035.0,1556.0,13841.0,427.0
169910,2014,326006.0,2428.0,682.0,1.0192,1.0288,1.0333,1.0393,1.0398,o,1943.0,1667.0,13779.0,430.0
169910,2015,324018.0,2423.0,695.0,1.0261,1.0159,1.0113,1.0051,0.9595,o,1973.0,1633.0,13938.0,443.0
169910,2016,320615.0,2614.0,742.0,1.1172,1.0939,1.0834,1.0692,0.9158,o,1838.0,1514.0,14222.0,458.0
169910,2017,309118.0,2560.0,881.0,1.1648,1.1391,1.1275,1.1119,0.9113,o,1829.0,1402.0,14392.0,456.0
169910,2018,296133.0,2589.0,839.0,1.2191,1.1955,1.1849,1.1705,0.9218,o,1890.0,1339.0,14492.0,450.0
169910,2019,280432.0,2493.0,806.0,1.2392,1.224,1.217,1.2077,0.9497,o,1892.0,1155.0,14384.0,448.0
169910,2020,265067.0,2149.0,729.0,1.1379,1.1358,1.1349,1.1336,0.9924,o,1544.0,996.0,14505.0,467.0
169910,2021,239641.0,2124.0,732.0,1.2469,1.2275,1.2188,1.207,0.937,o,1408.0,959.0,14446.0,474.0
169910,2022,222474.0,1912.0,758.0,1.2357,1.1691,1.1398,1.101,0.7938,o,1746.0,884.0,13976.0,452.0
169910,2023,220957.0,1749.0,635.0,1.1223,1.0744,1.0532,1.0249,0.834,o,1616.0,826.0,13536.0,398.0
169910,2024,217072.0,1672.0,750.0,1.1316,1.1257,1.123,1.1194,0.9785,o,1692.0,817.0,13630.0,422.0
169974,1998,25815.0,0.0,118.0,0.2743,0.272,0.2664,0.264,0.8908,o,,,,
169974,1999,27211.0,0.0,117.0,0.258,0.2636,0.2784,0.2853,1.3568,o,,,,
169974,2000,27122.0,0.0,122.0,0.2699,0.2534,0.2156,0.2006,0.4072,o,,,,
169974,2001,30414.0,0.0,93.0,0.1835,0.1891,0.2045,0.2118,1.5448,o,,,,
169974,2002,41111.0,0.0,137.0,0.1999,0.2032,0.2119,0.2159,1.2624,o,227.0,,3416.0,
169974,2003,41111.0,0.0,138.0,0.2014,0.1985,0.1914,0.1883,0.8151,o,214.0,,3683.0,
169974,2004,39210.0,0.0,153.0,0.2341,0.2322,0.2273,0.2251,0.888,o,250.0,,3721.0,80.0
169974,2006,33210.0,0.0,162.0,0.2927,0.2907,0.2858,0.2837,0.9095,o,216.0,,3920.0,85.0
169974,2007,26213.0,0.0,109.0,0.2495,0.2484,0.2455,0.2442,0.9371,o,209.0,22.0,4011.0,106.0
169974,2008,28454.0,0.0,121.0,0.2551,0.2548,0.2538,0.2534,0.9789,o,235.0,13.0,4083.0,114.0
169974,2009,35341.0,0.0,150.0,0.2547,0.2565,0.2612,0.2633,1.1059,o,184.0,29.0,4141.0,97.0
169974,2010,37704.0,0.0,157.0,0.2498,0.2466,0.2384,0.2348,0.8288,o,193.0,50.0,4357.0,106.0
169974,2011,33124.0,0.0,157.0,0.2844,0.2828,0.2786,0.2768,0.9212,o,192.0,42.0,3320.0,104.0
169974,2012,31436.0,0.0,174.0,0.3321,0.3325,0.3336,0.3341,1.0186,o,210.0,54.0,3410.0,104.0
169974,2013,28683.0,0.0,147.0,0.3075,0.3094,0.3143,0.3165,1.0909,o,227.0,62.0,3577.0,99.0
169974,2014,23108.0,0.0,163.0,0.4232,0.4268,0.4363,0.4406,1.1294,o,149.0,43.0,3902.0,126.0
169974,2015,20116.0,0.0,154.0,0.4593,0.4472,0.4174,0.4048,0.6819,o,193.0,27.0,3963.0,133.0
169974,2016,19777.0,0.0,102.0,0.3095,0.31,0.3115,0.3121,1.0266,o,195.0,30.0,4107.0,128.0
169974,2017,19076.0,0.0,90.0,0.2831,0.2857,0.2925,0.2956,1.1404,o,200.0,24.0,4222.0,142.0
169974,2018,21965.0,0.0,105.0,0.2868,0.2874,0.289,0.2897,1.0309,o,213.0,51.0,4217.0,119.0
169974,2019,22690.0,0.0,152.0,0.4019,0.4041,0.4096,0.4121,1.0785,o,244.0,25.0,4334.0,125.0
169974,2020,22297.0,0.0,135.0,0.3633,0.3675,0.3788,0.3838,1.1816,o,190.0,37.0,4414.0,126.0
169974,2021,20613.0,0.0,212.0,0.6171,0.6092,0.5893,0.5806,0.8315,o,182.0,56.0,4370.0,123.0
169974,2022,21626.0,0.0,159.0,0.4411,0.4357,0.4222,0.4163,0.8387,o,185.0,50.0,4344.0,116.0
169974,2023,21777.0,0.0,170.0,0.4684,0.4682,0.4678,0.4676,0.9946,o,208.0,34.0,4199.0,112.0
169974,2024,24065.0,0.0,186.0,0.4637,0.4678,0.4785,0.4833,1.1335,o,188.0,73.0,4128.0,122.0
169983,1998,70705.0,493.0,0.0,0.8367,0.8625,0.8679,0.8817,1.1103,o,,,,
169983,1999,94482.0,352.0,0.0,0.4471,0.444,0.4434,0.4418,0.9768,o,,,,
169983,2000,85656.0,375.0,0.0,0.5254,0.5186,0.5172,0.5137,0.9562,o,,,,
169983,2001,95784.0,421.0,0.0,0.5274,0.5318,0.5327,0.535,1.0289,o,,,,
169983,2002,87505.0,444.0,0.0,0.6089,0.6189,0.621,0.6263,1.0582,o,435.0,,32046.0,
169983,2003,82359.0,394.0,0.0,0.5741,0.5633,0.5611,0.5556,0.9368,o,559.0,,34276.0,719.0
169983,2004,80831.0,417.0,0.0,0.6191,0.5951,0.5903,0.5783,0.8727,o,559.0,,35131.0,766.0
169983,2005,78823.0,441.0,0.0,0.6714,0.6576,0.6548,0.6478,0.9309,o,488.0,,35797.0,800.0
169983,2006,73495.0,424.0,0.0,0.6923,0.6972,0.6982,0.7007,1.0245,o,397.0,40.0,36397.0,835.0
169983,2007,73516.0,394.0,0.0,0.6431,0.6218,0.6175,0.6068,0.8903,o,385.0,36.0,37071.0,785.0
169983,2008,71703.0,407.0,0.0,0.6811,0.6141,0.601,0.5697,0.6995,o,441.0,31.0,37765.0,746.0
169983,2009,60960.0,442.0,0.0,0.8701,0.8123,0.8008,0.7728,0.7889,o,439.0,35.0,38756.0,865.0
169983,2010,61380.0,379.0,0.0,0.741,0.7397,0.7395,0.7389,0.9944,o,277.0,32.0,40072.0,801.0
169983,2011,54780.0,329.0,0.0,0.7207,0.7025,0.6988,0.6896,0.9156,o,329.0,42.0,40770.0,794.0
169983,2012,51570.0,337.0,0.0,0.7842,0.7168,0.7036,0.6717,0.7337,o,372.0,39.0,40802.0,758.0
169983,2013,48750.0,280.0,0.0,0.6892,0.6452,0.6365,0.6152,0.7966,o,376.0,34.0,45379.0,905.0
169983,2014,48630.0,336.0,0.0,0.8291,0.8397,0.8419,0.8474,1.0447,o,364.0,36.0,46870.0,921.0
169983,2015,49290.0,283.0,0.0,0.689,0.7301,0.7389,0.7614,1.2211,o,434.0,45.0,48276.0,941.0
169983,2016,58990.0,320.0,0.0,0.651,0.6759,0.6812,0.6945,1.1384,o,418.0,38.0,49822.0,858.0
169983,2017,62794.0,320.0,0.0,0.6115,0.6351,0.64,0.6527,1.139,o,371.0,46.0,50724.0,807.0
169983,2018,62550.0,368.0,0.0,0.706,0.7192,0.722,0.729,1.0662,o,364.0,30.0,52954.0,826.0
169983,2019,63375.0,372.0,0.0,0.7044,0.6878,0.6844,0.676,0.9211,o,346.0,32.0,53067.0,821.0
169983,2020,59020.0,443.0,0.0,0.9007,0.8543,0.845,0.8222,0.8333,o,340.0,14.0,53342.0,843.0
169983,2021,56002.0,428.0,0.0,0.9171,0.8806,0.8733,0.8552,0.8695,o,305.0,22.0,51802.0,811.0
169983,2022,50484.0,373.0,0.0,0.8866,0.8537,0.847,0.8306,0.8776,o,294.0,34.0,48687.0,745.0
169983,2023,46374.0,345.0,0.0,0.8927,0.8498,0.8412,0.82,0.8437,o,228.0,22.0,45940.0,717.0
169983,2024,42474.0,346.0,0.0,0.9775,0.9031,0.8884,0.8527,0.7609,o,263.0,29.0,46380.0,702.0
169992,1998,23351.0,0.0,184.0,0.4728,0.4664,0.4503,0.4433,0.8228,o,,,,
169992,1999,23716.0,0.0,143.0,0.3618,0.3594,0.3534,0.3508,0.9107,o,,,,
169992,2000,22701.0,0.0,150.0,0.3965,0.3922,0.3814,0.3767,0.8563,o,,,,
169992,2001,20206.0,0.0,138.0,0.4098,0.4097,0.4096,0.4096,0.9985,o,,,,
169992,2002,20086.0,0.0,128.0,0.3824,0.3831,0.3849,0.3858,1.0272,o,299.0,,2905.0,
169992,2003,22410.0,0.0,124.0,0.332,0.3301,0.3254,0.3233,0.9228,o,282.0,,3219.0,
169992,2004,21003.0,0.0,125.0,0.3571,0.3547,0.3487,0.3461,0.9097,o,261.0,,3867.0,78.0
169992,2005,19739.0,0.0,140.0,0.4256,0.4224,0.4143,0.4108,0.8985,o,250.0,,3853.0,81.0
169992,2006,19730.0,0.0,109.0,0.3315,0.3296,0.3247,0.3226,0.9208,o,273.0,,4263.0,86.0
169992,2007,21826.0,0.0,101.0,0.2777,0.2789,0.2823,0.2838,1.0685,o,216.0,143.0,3610.0,93.0
169992,2008,22675.0,0.0,136.0,0.3599,0.3551,0.3431,0.3379,0.826,o,285.0,84.0,4288.0,89.0
169992,2009,24855.0,0.0,177.0,0.4273,0.4319,0.444,0.4494,1.1656,o,308.0,100.0,4305.0,94.0
169992,2010,28241.0,0.0,158.0,0.3357,0.3406,0.3535,0.3594,1.2295,o,313.0,98.0,4589.0,84.0
169992,2011,30191.0,0.0,155.0,0.308,0.3092,0.3122,0.3136,1.0556,o,258.0,81.0,4662.0,83.0
169992,2012,26702.0,0.0,183.0,0.4112,0.4059,0.3926,0.3868,0.8309,o,236.0,63.0,4798.0,97.0
169992,2013,24968.0,0.0,170.0,0.4085,0.4031,0.3895,0.3836,0.8266,o,293.0,93.0,5351.0,108.0
169992,2014,25012.0,0.0,147.0,0.3526,0.3569,0.368,0.3731,1.1862,o,242.0,75.0,5416.0,119.0
169992,2015,25037.0,0.0,165.0,0.3954,0.393,0.3867,0.384,0.9149,o,222.0,65.0,5384.0,134.0
169992,2016,23168.0,0.0,127.0,0.3289,0.3246,0.3139,0.3093,0.8299,o,250.0,77.0,5632.0,147.0
169992,2017,23590.0,0.0,130.0,0.3306,0.3324,0.3369,0.3389,1.0776,o,221.0,60.0,5726.0,156.0
169992,2018,22876.0,0.0,168.0,0.4406,0.4386,0.4335,0.4312,0.9364,o,226.0,61.0,5906.0,157.0
169992,2019,21254.0,0.0,137.0,0.3868,0.3856,0.3828,0.3815,0.9597,o,216.0,63.0,6008.0,152.0
169992,2020,19390.0,0.0,127.0,0.393,0.392,0.3896,0.3886,0.9664,o,210.0,46.0,6096.0,158.0
169992,2021,18183.0,0.0,118.0,0.3894,0.388,0.3844,0.3829,0.9502,o,164.0,74.0,6029.0,132.0
169992,2022,18380.0,0.0,114.0,0.3721,0.3654,0.3486,0.3414,0.77,o,169.0,48.0,5808.0,128.0
169992,2023,16390.0,0.0,116.0,0.4246,0.4217,0.414,0.4107,0.9037,o,172.0,50.0,5633.0,132.0
169992,2024,16990.0,0.0,123.0,0.4344,0.4354,0.4379,0.4391,1.033,o,171.0,41.0,5590.0,107.0
170000,1998,4158.0,15.0,14.0,0.6349,0.6041,0.5979,0.5826,0.8421,o,,,,
170000,1999,3518.0,17.0,8.0,0.7163,0.684,0.6774,0.6614,0.8526,o,,,,
170000,2000,3498.0,17.0,13.0,0.8062,0.7898,0.7865,0.7782,0.9318,o,,,,
170000,2001,3246.0,9.0,4.0,0.4067,0.4022,0.4013,0.399,0.9625,o,,,,
170000,2002,3566.0,17.0,19.0,0.8918,0.8403,0.8301,0.805,0.8148,o,31.0,,13165.0,
170000,2003,3254.0,18.0,9.0,0.8297,0.7651,0.7524,0.7215,0.7561,o,32.0,,14768.0,542.0
170000,2004,4272.0,27.0,14.0,0.9551,0.9011,0.8903,0.8639,0.8182,o,45.0,,16136.0,388.0
170000,2005,4278.0,25.0,15.0,0.9116,0.9533,0.9622,0.9847,1.1667,o,33.0,,16772.0,411.0
170000,2006,4308.0,23.0,19.0,0.9053,0.9676,0.981,1.0154,1.2581,o,42.0,15.0,17061.0,458.0
170000,2007,4171.0,23.0,15.0,0.8775,0.923,0.9327,0.9574,1.1905,o,42.0,13.0,17074.0,520.0
170000,2008,4620.0,20.0,13.0,0.6883,0.7059,0.7096,0.7189,1.0909,o,53.0,18.0,17004.0,412.0
170000,2009,5550.0,31.0,8.0,0.7568,0.8013,0.8108,0.8352,1.2179,o,48.0,18.0,19165.0,432.0
170000,2010,5083.0,24.0,13.0,0.72,0.785,0.7991,0.8356,1.3467,o,53.0,22.0,19899.0,511.0
170000,2011,7170.0,23.0,10.0,0.4686,0.4943,0.4998,0.5139,1.2024,o,84.0,30.0,19892.0,336.0
170000,2012,10290.0,36.0,9.0,0.4723,0.5252,0.5369,0.5672,1.4421,o,104.0,65.0,16137.0,301.0
170000,2013,11138.0,42.0,22.0,0.571,0.6838,0.7097,0.7791,1.8614,o,141.0,103.0,16608.0,394.0
170000,2014,13301.0,36.0,37.0,0.4917,0.6358,0.6705,0.7658,2.4257,o,106.0,58.0,16108.0,363.0
170000,2015,17479.0,70.0,46.0,0.6385,0.7575,0.7848,0.8573,1.8029,o,155.0,116.0,15978.0,345.0
170000,2016,19417.0,82.0,41.0,0.6335,0.6967,0.7105,0.7464,1.3883,o,140.0,146.0,15905.0,344.0
170000,2017,21414.0,70.0,77.0,0.608,0.6417,0.6488,0.6672,1.2041,o,140.0,108.0,16118.0,335.0
170000,2018,20535.0,111.0,97.0,0.9321,0.9666,0.9739,0.9924,1.1336,o,97.0,100.0,14418.0,340.0
170000,2019,23459.0,86.0,69.0,0.6164,0.5994,0.5959,0.5874,0.908,o,126.0,271.0,17016.0,327.0
170000,2020,23037.0,115.0,116.0,0.9012,0.8309,0.8171,0.7835,0.7559,o,78.0,93.0,17248.0,450.0
170000,2021,22034.0,104.0,75.0,0.7706,0.703,0.6898,0.6578,0.7286,o,105.0,91.0,16528.0,319.0
170000,2022,19386.0,102.0,66.0,0.8357,0.7753,0.7633,0.7343,0.7722,o,112.0,128.0,15797.0,315.0
170000,2023,27630.0,122.0,47.0,0.6319,0.6269,0.6259,0.6234,0.9731,o,89.0,70.0,15030.0,199.0
170000,2024,22590.0,88.0,49.0,0.5976,0.595,0.5945,0.5932,0.9853,o,92.0,31.0,14992.0,223.0
170037,1998,31429.0,156.0,1.0,0.5975,0.6944,0.7163,0.7742,1.6789,o,,,,
170037,1999,34317.0,246.0,0.0,0.8602,0.9452,0.9638,1.0119,1.3838,o,,,,
170037,2005,55913.0,273.0,51.0,0.6406,0.6289,0.6265,0.6205,0.9381,o,393.0,,23661.0,480.0
170037,2006,79111.0,357.0,152.0,0.6568,0.6656,0.6674,0.672,1.0467,o,367.0,,24228.0,345.0
170037,2007,48298.0,402.0,61.0,1.0746,1.0969,1.1016,1.1133,1.0734,o,292.0,,25831.0,467.0
170037,2008,50393.0,366.0,45.0,0.9251,0.8988,0.8934,0.8802,0.9052,o,205.0,,26867.0,488.0
170037,2009,51099.0,362.0,36.0,0.8924,0.7884,0.7684,0.7207,0.6522,o,337.0,790.0,28100.0,445.0
170037,2010,54915.0,386.0,52.0,0.9003,0.8162,0.7998,0.7603,0.7132,o,361.0,947.0,29333.0,419.0
170037,2011,60376.0,359.0,39.0,0.7523,0.7649,0.7676,0.7742,1.0592,o,343.0,918.0,29563.0,418.0
170037,2012,61715.0,377.0,44.0,0.7758,0.8583,0.8764,0.9234,1.4165,o,352.0,915.0,30461.0,476.0
170037,2013,62361.0,420.0,86.0,0.8909,0.9576,0.972,1.0089,1.2823,o,373.0,51.0,31094.0,504.0
170037,2014,59854.0,461.0,57.0,0.9814,0.9922,0.9945,1.0002,1.0387,o,323.0,772.0,31819.0,493.0
170037,2015,57727.0,444.0,36.0,0.9604,0.9572,0.9565,0.9549,0.9886,o,337.0,764.0,32783.0,491.0
170037,2016,54895.0,475.0,36.0,1.0777,1.0617,1.0584,1.0502,0.9496,o,283.0,614.0,33837.0,505.0
170037,2017,56790.0,384.0,46.0,0.86,0.8219,0.8142,0.7953,0.8552,o,287.0,43.0,34241.0,438.0
170037,2018,47690.0,437.0,32.0,1.1399,1.0757,1.0629,1.0315,0.819,o,285.0,50.0,34297.0,487.0
170037,2019,46003.0,416.0,40.0,1.1373,1.0911,1.0818,1.0588,0.8667,o,304.0,205.0,29895.0,479.0
170037,2020,43033.0,379.0,36.0,1.1071,1.0907,1.0874,1.079,0.95,o,283.0,71.0,30481.0,513.0
170037,2021,38998.0,347.0,33.0,1.1185,1.1281,1.1301,1.1351,1.0298,o,376.0,87.0,30640.0,528.0
170037,2022,42567.0,317.0,34.0,0.9416,0.981,0.9894,1.0106,1.1521,o,293.0,108.0,29664.0,496.0
170037,2023,40905.0,283.0,26.0,0.8684,0.901,0.9079,0.9254,1.1358,o,305.0,105.0,28860.0,481.0
170037,2024,41007.0,326.0,31.0,0.9993,1.0047,1.0059,1.0087,1.0187,o,291.0,77.0,29100.0,465.0
170055,1998,216095.0,0.0,1263.0,0.3507,0.3466,0.3364,0.332,0.8471,o,,,,
170055,1999,219074.0,0.0,1129.0,0.3092,0.3092,0.3092,0.3092,0.9998,o,,,,
170055,2000,213702.0,0.0,1042.0,0.2926,0.2866,0.2718,0.2655,0.7454,o,,,,
170055,2001,213775.0,0.0,1142.0,0.3205,0.323,0.3295,0.3324,1.1167,o,,,,
170055,2003,330860.0,0.0,1155.0,0.2095,0.2118,0.2178,0.2206,1.1696,o,3183.0,,,101.0
170055,2004,341599.0,0.0,1198.0,0.2104,0.2109,0.212,0.2126,1.0313,o,3161.0,,1692.0,106.0
170055,2005,360270.0,0.0,1281.0,0.2133,0.2131,0.2125,0.2122,0.984,o,3334.0,,2550.0,115.0
170055,2006,372300.0,0.0,1401.0,0.2258,0.2266,0.2286,0.2295,1.0511,o,3471.0,,3249.0,118.0
170055,2007,311289.0,0.0,1427.0,0.275,0.2763,0.2797,0.2812,1.0688,o,3441.0,4013.0,2668.0,152.0
170055,2008,316369.0,0.0,1534.0,0.2909,0.2912,0.2917,0.292,1.0113,o,3542.0,2567.0,2938.0,156.0
170055,2009,331714.0,0.0,1482.0,0.2681,0.2685,0.2697,0.2702,1.0249,o,3229.0,883.0,2993.0,152.0
170055,2010,376511.0,0.0,1645.0,0.2621,0.2607,0.2571,0.2555,0.9248,o,3800.0,1394.0,3299.0,139.0
170055,2011,384787.0,0.0,1836.0,0.2863,0.2886,0.2947,0.2974,1.1224,o,3919.0,1240.0,3311.0,149.0
170055,2012,363015.0,0.0,1736.0,0.2869,0.2891,0.2949,0.2974,1.1151,o,3601.0,1511.0,3423.0,158.0
170055,2013,338869.0,0.0,1721.0,0.3047,0.3032,0.2995,0.2978,0.933,o,3529.0,1015.0,3758.0,161.0
170055,2014,331216.0,0.0,1734.0,0.3141,0.3127,0.3092,0.3076,0.9386,o,3126.0,1180.0,3815.0,163.0
170055,2015,301097.0,0.0,2144.0,0.4272,0.4233,0.4134,0.4091,0.8769,o,2856.0,1181.0,3920.0,174.0
170055,2016,281991.0,0.0,1592.0,0.3387,0.3351,0.326,0.3221,0.8583,o,2955.0,1115.0,3955.0,187.0
170055,2017,273834.0,0.0,1556.0,0.3409,0.3406,0.3399,0.3396,0.988,o,2922.0,1021.0,4830.0,194.0
170055,2018,268971.0,0.0,1636.0,0.3649,0.3651,0.3655,0.3656,1.0057,o,2907.0,985.0,4346.0,193.0
170055,2019,257534.0,0.0,1972.0,0.4594,0.4591,0.4582,0.4578,0.9893,o,2778.0,918.0,4677.0,193.0
170055,2020,248250.0,0.0,1495.0,0.3613,0.3601,0.357,0.3557,0.9532,o,2556.0,761.0,4698.0,183.0
170055,2021,246454.0,0.0,1398.0,0.3403,0.3378,0.3314,0.3286,0.8992,o,3045.0,1409.0,4633.0,188.0
170055,2022,232558.0,0.0,1204.0,0.3106,0.3135,0.3211,0.3245,1.1417,o,2603.0,688.0,4354.0,184.0
170055,2023,220317.0,0.0,1350.0,0.3677,0.3658,0.361,0.3589,0.9295,o,2820.0,687.0,4140.0,178.0
170055,2024,230945.0,0.0,1603.0,0.4165,0.4164,0.4163,0.4163,0.9986,o,2798.0,767.0,4059.0,171.0
170082,1998,333341.0,1742.0,0.0,0.6271,0.6818,0.7084,0.7463,1.4165,o,,,,
170082,1999,353235.0,1822.0,0.0,0.619,0.6747,0.7018,0.7407,1.4319,o,,,,
170082,2000,378047.0,2019.0,0.0,0.6409,0.6843,0.7052,0.7348,1.3144,o,,,,
170082,2001,403469.0,2024.0,0.0,0.602,0.629,0.6418,0.6597,1.201,o,,,,
170082,2002,441065.0,2479.0,0.0,0.6745,0.7015,0.7143,0.7321,1.1781,o,2894.0,,8072.0,
170082,2003,458324.0,2701.0,0.0,0.7072,0.7324,0.7443,0.7608,1.1575,o,3288.0,,8592.0,293.0
170082,2004,484065.0,2680.0,0.0,0.6644,0.6852,0.6949,0.7084,1.137,o,3337.0,,8713.0,308.0
170082,2005,507746.0,2938.0,0.0,0.6944,0.7147,0.7242,0.7374,1.1279,o,3417.0,,9307.0,314.0
170082,2006,524669.0,3149.0,0.0,0.7202,0.7439,0.755,0.7704,1.1442,o,3565.0,1484.0,9691.0,328.0
170082,2007,545308.0,3448.0,0.0,0.7588,0.7813,0.7918,0.8064,1.1294,o,3457.0,1519.0,9963.0,337.0
170082,2008,552365.0,3623.0,0.0,0.7871,0.7982,0.8033,0.8103,1.0599,o,3890.0,1470.0,10594.0,359.0
170082,2009,576082.0,3710.0,0.0,0.7728,0.7886,0.7959,0.806,1.0878,o,3727.0,1508.0,11792.0,398.0
170082,2010,591035.0,3928.0,0.0,0.7975,0.8144,0.8222,0.833,1.0909,o,3434.0,1637.0,12337.0,403.0
170082,2011,592958.0,4058.0,0.0,0.8212,0.8251,0.8269,0.8293,1.0198,o,3865.0,1846.0,12686.0,410.0
170082,2012,590132.0,4308.0,0.0,0.876,0.8746,0.874,0.8731,0.9935,o,3966.0,1732.0,13220.0,435.0
170082,2013,592663.0,4487.0,0.0,0.9085,0.9146,0.9174,0.9212,1.0281,o,4078.0,1707.0,13472.0,437.0
170082,2014,587985.0,4259.0,0.0,0.8692,0.8938,0.9053,0.9212,1.1233,o,4199.0,1704.0,14109.0,449.0
170082,2015,590581.0,4324.0,0.0,0.8786,0.9055,0.9181,0.9356,1.134,o,4117.0,1784.0,14036.0,463.0
170082,2016,599399.0,4364.0,0.0,0.8737,0.8864,0.8922,0.9003,1.0619,o,4306.0,1645.0,14731.0,474.0
170082,2017,606110.0,4447.0,0.0,0.8804,0.8902,0.8947,0.9009,1.0471,o,4117.0,1608.0,14686.0,488.0
170082,2018,597911.0,4631.0,0.0,0.9294,0.9333,0.9351,0.9376,1.0176,o,4311.0,1512.0,14948.0,493.0
170082,2019,598379.0,4660.0,0.0,0.9345,0.9375,0.9389,0.9408,1.0135,o,4236.0,1306.0,15233.0,491.0
170082,2020,585664.0,4554.0,0.0,0.9331,0.9364,0.9379,0.9399,1.0147,o,3786.0,1291.0,15457.0,494.0
170082,2021,558972.0,4561.0,0.0,0.9792,0.9678,0.9626,0.9556,0.9524,o,3807.0,1203.0,15459.0,476.0
170082,2022,530453.0,4637.0,0.0,1.049,1.023,1.0114,0.9957,0.9009,o,3875.0,1295.0,14876.0,460.0
170082,2023,512174.0,4153.0,0.0,0.973,0.9484,0.9374,0.9225,0.8988,o,4836.0,1222.0,14442.0,440.0
170082,2024,532534.0,4057.0,0.0,0.9142,0.9325,0.9409,0.9526,1.0859,o,4175.0,1196.0,14628.0,441.0
170091,1998,4350.0,28.0,5.0,0.8414,0.8034,0.7957,0.7769,0.8526,o,,,,
170091,1999,4179.0,19.0,0.0,0.5456,0.5436,0.5432,0.5422,0.9878,o,,,,
170091,2000,4771.0,22.0,0.0,0.5533,0.5871,0.5944,0.6129,1.2267,o,,,,
170091,2001,5162.0,22.0,0.0,0.5114,0.5574,0.5674,0.5933,1.3457,o,,,,
170091,2002,5260.0,23.0,0.0,0.5247,0.6137,0.6339,0.6874,1.716,o,67.0,,12915.0,
170091,2003,5429.0,20.0,0.0,0.4421,0.5152,0.5318,0.5757,1.6957,o,71.0,,13408.0,94.0
170091,2004,5389.0,10.0,0.0,0.2227,0.2384,0.2418,0.2506,1.2661,o,32.0,,13938.0,158.0
170091,2005,5389.0,24.0,0.0,0.5344,0.4899,0.4812,0.46,0.741,o,52.0,,14093.0,142.0
170091,2006,5409.0,29.0,0.0,0.6434,0.5376,0.518,0.4721,0.5385,o,46.0,27.0,13724.0,156.0
170091,2007,5502.0,26.0,14.0,0.7197,0.6517,0.6385,0.6065,0.7101,o,53.0,36.0,14337.0,181.0
170091,2008,5843.0,22.0,6.0,0.5134,0.5076,0.5064,0.5034,0.9612,o,71.0,12.0,14721.0,201.0
170091,2009,5994.0,17.0,7.0,0.4104,0.4595,0.4703,0.4986,1.4762,o,43.0,26.0,17266.0,210.0
170091,2010,5444.0,29.0,4.0,0.6833,0.714,0.7205,0.737,1.1633,o,67.0,19.0,17125.0,243.0
170091,2011,5412.0,25.0,2.0,0.5765,0.5944,0.5982,0.6077,1.1111,o,58.0,34.0,17617.0,241.0
170091,2012,5271.0,29.0,9.0,0.7627,0.7644,0.7648,0.7657,1.0081,o,33.0,26.0,18205.0,251.0
170091,2013,4347.0,19.0,1.0,0.5383,0.5042,0.4975,0.4809,0.7982,o,51.0,25.0,18849.0,280.0
170091,2014,4607.0,14.0,4.0,0.4168,0.3854,0.3792,0.3642,0.7636,o,26.0,20.0,19090.0,271.0
170091,2015,3759.0,17.0,1.0,0.5587,0.4854,0.4715,0.4385,0.616,o,46.0,20.0,19438.0,276.0
170091,2016,3867.0,15.0,0.0,0.4655,0.4349,0.4288,0.414,0.7912,o,31.0,17.0,18850.0,232.0
170091,2017,2186.0,24.0,6.0,1.4822,1.4452,1.4377,1.4191,0.9167,o,33.0,14.0,18829.0,347.0
170091,2018,3514.0,9.0,3.0,0.3586,0.3398,0.3361,0.3269,0.8312,o,24.0,13.0,19380.0,199.0
170091,2019,3464.0,11.0,5.0,0.4677,0.437,0.4309,0.4161,0.7917,o,40.0,20.0,21012.0,212.0
170091,2020,3519.0,22.0,6.0,0.8525,0.808,0.7991,0.7772,0.8312,o,41.0,19.0,20697.0,111.0
170091,2021,3731.0,14.0,6.0,0.5468,0.5854,0.5938,0.6151,1.2656,o,34.0,13.0,20100.0,91.0
170091,2022,3757.0,26.0,14.0,1.054,1.1413,1.1603,1.2091,1.3158,o,43.0,19.0,18891.0,71.0
170091,2023,3799.0,18.0,9.0,0.7107,0.7499,0.7582,0.7796,1.2031,o,50.0,14.0,17825.0,179.0
170091,2024,4355.0,25.0,13.0,0.868,0.9034,0.911,0.93,1.1481,o,69.0,25.0,19990.0,150.0
170240,1998,217981.0,0.0,1207.0,0.3322,0.335,0.3421,0.3453,1.124,o,,,,
170240,1999,222614.0,0.0,1046.0,0.2819,0.2836,0.2878,0.2898,1.0866,o,,,,
170240,2000,213033.0,0.0,1094.0,0.3081,0.3191,0.349,0.3632,1.6461,o,,,,
170240,2002,226361.0,0.0,1152.0,0.3054,0.2992,0.2839,0.2774,0.7474,o,1746.0,,2785.0,
170240,2003,240978.0,0.0,1059.0,0.2637,0.2604,0.2523,0.2487,0.8378,o,1506.0,,2814.0,113.0
170240,2004,243472.0,0.0,1018.0,0.2509,0.2467,0.2362,0.2317,0.7864,o,1900.0,,2826.0,117.0
170240,2005,323310.0,0.0,1117.0,0.2073,0.2096,0.2155,0.2182,1.1685,o,1746.0,,2743.0,95.0
170240,2006,256729.0,0.0,1010.0,0.236,0.2365,0.2375,0.238,1.0252,o,2359.0,,2655.0,117.0
170240,2007,266288.0,0.0,761.0,0.1715,0.1746,0.1829,0.1867,1.294,o,2875.0,634.0,2704.0,116.0
170240,2008,297367.0,0.0,1128.0,0.2276,0.233,0.2476,0.2544,1.4007,o,3002.0,1094.0,2502.0,100.0
170240,2009,341848.0,0.0,1247.0,0.2189,0.221,0.2265,0.229,1.1471,o,3995.0,1300.0,2797.0,89.0
170240,2010,398624.0,0.0,1415.0,0.213,0.2176,0.23,0.2357,1.3595,o,4448.0,1011.0,3008.0,71.0
170240,2011,413242.0,0.0,1360.0,0.1975,0.2008,0.2097,0.2137,1.2714,o,4190.0,1028.0,2937.0,35.0
170240,2012,395506.0,0.0,1498.0,0.2273,0.2271,0.2268,0.2267,0.9925,o,4080.0,1219.0,3072.0,46.0
170240,2013,378312.0,0.0,1406.0,0.223,0.2221,0.2198,0.2188,0.9447,o,2633.0,509.0,3018.0,57.0
170240,2014,303490.0,0.0,1419.0,0.2805,0.2718,0.2506,0.2417,0.6368,o,2865.0,566.0,3315.0,73.0
170240,2015,298495.0,0.0,1412.0,0.2838,0.2807,0.2728,0.2694,0.8536,o,2334.0,463.0,3444.0,73.0
170240,2016,275885.0,0.0,1399.0,0.3043,0.3008,0.2921,0.2883,0.849,o,2556.0,354.0,3627.0,100.0
170240,2017,270974.0,0.0,1319.0,0.2921,0.2917,0.2908,0.2904,0.9833,o,2615.0,432.0,3597.0,110.0
170240,2018,267571.0,8.0,1311.0,0.2976,0.299,0.3026,0.3042,1.0695,o,2287.0,454.0,3756.0,116.0
170240,2019,255949.0,7.0,1246.0,0.2954,0.2928,0.2864,0.2837,0.8845,o,2581.0,438.0,3812.0,125.0
170240,2020,237220.0,4.0,1265.0,0.322,0.3231,0.3262,0.3275,1.053,o,2043.0,304.0,3856.0,121.0
170240,2021,253533.0,3.0,1240.0,0.2949,0.2913,0.2822,0.2783,0.8394,o,2175.0,469.0,3744.0,124.0
170240,2022,239032.0,3.0,1337.0,0.3371,0.3357,0.332,0.3304,0.9407,o,1982.0,329.0,3631.0,125.0
170240,2023,231837.0,5.0,1377.0,0.359,0.3574,0.3534,0.3517,0.9398,o,2187.0,290.0,3507.0,117.0
170240,2024,233291.0,7.0,1504.0,0.3904,0.3918,0.3954,0.397,1.0522,o,2323.0,337.0,3460.0,105.0
170259,1998,570.0,0.0,0.0,0.0,0.0,0.0,0.0,,-,,,,
170286,2015,43757.0,316.0,0.0,0.8666,0.8666,0.8666,0.8666,,n,362.0,15.0,30830.0,452.0
170286,2016,44068.0,328.0,0.0,0.8932,0.8932,0.8932,0.8932,,n,364.0,15.0,31882.0,429.0
170286,2017,43749.0,313.0,0.0,0.8585,0.8585,0.8585,0.8585,,n,369.0,28.0,32535.0,416.0
170286,2018,43951.0,339.0,0.0,0.9256,0.9256,0.9256,0.9256,,n,341.0,18.0,33328.0,418.0
170286,2019,43882.0,329.0,0.0,0.8997,0.8997,0.8997,0.8997,,n,343.0,23.0,33651.0,390.0
170286,2020,46321.0,330.0,0.0,0.8549,0.8403,0.8373,0.8298,0.9421,o,341.0,20.0,34097.0,367.0
170286,2021,43293.0,324.0,0.0,0.8981,0.8802,0.8766,0.8675,0.9332,o,397.0,22.0,34412.0,380.0
170286,2022,46609.0,318.0,0.0,0.8187,0.828,0.8299,0.8347,1.0394,o,387.0,19.0,32957.0,346.0
170286,2023,48985.0,325.0,0.0,0.7962,0.8283,0.8351,0.8524,1.1462,o,353.0,21.0,31988.0,331.0
170286,2024,49459.0,355.0,0.0,0.8613,0.8812,0.8854,0.8959,1.0819,o,366.0,12.0,32092.0,325.0
170301,1998,86652.0,577.0,0.0,0.7991,0.8069,0.8085,0.8126,1.0343,o,,,,
170301,1999,88701.0,649.0,0.0,0.878,0.8865,0.8883,0.8927,1.0338,o,,,,
170301,2000,87883.0,561.0,0.0,0.766,0.7812,0.7843,0.7923,1.0698,o,,,,
170301,2001,90540.0,631.0,0.0,0.8363,0.8515,0.8547,0.8627,1.0642,o,,,,
170301,2002,92574.0,638.0,0.0,0.827,0.8346,0.8362,0.8401,1.032,o,725.0,,30224.0,
170301,2003,93288.0,679.0,0.0,0.8734,0.8711,0.8706,0.8693,0.9907,o,811.0,,31044.0,613.0
170301,2004,95375.0,638.0,0.0,0.8027,0.8069,0.8077,0.8099,1.0179,o,781.0,,31860.0,628.0
170301,2005,96865.0,652.0,0.0,0.8077,0.8191,0.8215,0.8274,1.0494,o,775.0,,32868.0,653.0
170301,2006,98430.0,665.0,0.0,0.8107,0.8213,0.8235,0.829,1.0457,o,778.0,,33561.0,668.0
170301,2007,100249.0,718.0,0.0,0.8595,0.8622,0.8628,0.8642,1.0111,o,819.0,57.0,34134.0,670.0
170301,2008,101528.0,699.0,0.0,0.8262,0.8269,0.8271,0.8275,1.0031,o,808.0,71.0,34827.0,674.0
170301,2009,100937.0,735.0,0.0,0.8738,0.8852,0.8876,0.8935,1.0456,o,803.0,74.0,35855.0,685.0
170301,2010,102006.0,692.0,0.0,0.8141,0.8228,0.8246,0.8291,1.0373,o,766.0,59.0,36681.0,680.0
170301,2011,101478.0,729.0,0.0,0.8621,0.8576,0.8567,0.8545,0.9825,o,848.0,64.0,37006.0,687.0
170301,2012,101066.0,738.0,0.0,0.8763,0.8742,0.8738,0.8728,0.992,o,903.0,47.0,36764.0,741.0
170301,2013,106037.0,671.0,0.0,0.7594,0.7779,0.7818,0.7917,1.0869,o,822.0,50.0,37043.0,739.0
170301,2014,101791.0,693.0,0.0,0.817,0.8397,0.8445,0.8566,1.0994,o,830.0,33.0,37812.0,792.0
170301,2015,102417.0,736.0,0.0,0.8624,0.8682,0.8694,0.8724,1.0235,o,788.0,55.0,38590.0,797.0
170301,2016,104100.0,827.0,0.0,0.9533,0.9317,0.9273,0.9164,0.924,o,725.0,58.0,39606.0,793.0
170301,2017,96263.0,735.0,0.0,0.9162,0.8821,0.8751,0.8581,0.8771,o,779.0,48.0,40232.0,832.0
170301,2018,93176.0,691.0,0.0,0.8899,0.866,0.8612,0.8491,0.9104,o,798.0,54.0,40853.0,829.0
170301,2019,93440.0,711.0,0.0,0.9131,0.9063,0.9049,0.9015,0.9747,o,727.0,36.0,41499.0,849.0
170301,2020,90132.0,690.0,0.0,0.9187,0.9208,0.9212,0.9223,1.0079,o,788.0,33.0,42465.0,840.0
170301,2021,91490.0,690.0,0.0,0.905,0.9069,0.9073,0.9083,1.0073,o,847.0,38.0,42779.0,792.0
170301,2022,90680.0,703.0,0.0,0.9303,0.9401,0.9421,0.9473,1.0368,o,955.0,50.0,40206.0,709.0
170301,2023,94866.0,700.0,0.0,0.8855,0.9294,0.9387,0.9625,1.1816,o,834.0,60.0,39719.0,625.0
170301,2024,97098.0,695.0,0.0,0.8589,0.9013,0.9104,0.9334,1.1809,o,821.0,49.0,40420.0,594.0
170417,1998,8700.0,0.0,151.0,1.0414,1.0414,1.0414,1.0414,,-,,,,
170417,1999,19068.0,0.0,154.0,0.4846,0.4846,0.4846,0.4846,,-,,,,
170417,2000,13735.0,0.0,163.0,0.712,0.712,0.712,0.712,,-,,,,
170417,2001,14067.0,0.0,116.0,0.4948,0.4948,0.4948,0.4948,,-,,,,
170417,2002,16920.0,0.0,134.0,0.4752,0.4752,0.4752,0.4752,,-,160.0,,18964.0,
170417,2003,16909.0,0.0,166.0,0.589,0.589,0.589,0.589,,-,149.0,,20188.0,778.0
170417,2004,17757.0,0.0,219.0,0.74,0.74,0.74,0.74,,-,180.0,,20716.0,901.0
170417,2005,17256.0,0.0,177.0,0.6154,0.6154,0.6154,0.6154,,-,140.0,,21807.0,900.0
170417,2006,15771.0,0.0,152.0,0.5783,0.5783,0.5783,0.5783,,-,167.0,23.0,22118.0,935.0
170417,2007,17776.0,0.0,117.0,0.3949,0.3949,0.3949,0.3949,,-,163.0,25.0,22504.0,816.0
170417,2008,20216.0,0.0,170.0,0.5046,0.5046,0.5046,0.5046,,-,170.0,35.0,22828.0,808.0
170417,2009,23109.0,10.0,182.0,0.5245,0.5245,0.5245,0.5245,,-,193.0,30.0,23533.0,836.0
170417,2010,27755.0,19.0,187.0,0.4864,0.4864,0.4864,0.4864,,-,145.0,32.0,24513.0,833.0
170417,2011,24633.0,28.0,230.0,0.6966,0.6966,0.6966,0.6966,,-,55.0,17.0,25194.0,1064.0
170417,2012,16789.0,29.0,211.0,0.9614,0.9614,0.9614,0.9614,,-,44.0,9.0,24556.0,1189.0
170417,2013,10801.0,29.0,197.0,1.4166,1.4166,1.4166,1.4166,,-,56.0,9.0,24126.0,1190.0
170417,2014,10633.0,12.0,106.0,0.7336,0.7336,0.7336,0.7336,,-,47.0,3.0,23762.0,772.0
170417,2015,8589.0,16.0,115.0,1.0269,1.0269,1.0269,1.0269,,-,36.0,3.0,23561.0,858.0
170444,1998,89314.0,0.0,362.0,0.2432,0.2395,0.2303,0.2263,0.8041,o,,,,
170444,1999,90269.0,0.0,1998.0,1.328,1.3332,1.3466,1.3526,1.0571,o,,,,
170444,2000,84429.0,0.0,438.0,0.3113,0.3105,0.3085,0.3076,0.9647,o,,,,
170444,2001,85690.0,0.0,409.0,0.2864,0.2788,0.2601,0.2522,0.6806,o,,,,
170444,2002,113411.0,0.0,400.0,0.2116,0.2121,0.2135,0.214,1.0351,o,846.0,,,
170444,2004,140970.0,0.0,453.0,0.1928,0.1904,0.1842,0.1816,0.8337,o,524.0,,2975.0,98.0
170444,2005,109496.0,0.0,523.0,0.2866,0.2792,0.2612,0.2536,0.6904,o,887.0,,2955.0,137.0
170444,2006,110045.0,0.0,582.0,0.3173,0.3262,0.3502,0.3614,1.4833,o,1093.0,,3365.0,144.0
170444,2007,121710.0,0.0,541.0,0.2667,0.275,0.2975,0.3082,1.5493,o,1262.0,286.0,3448.0,151.0
170444,2008,131769.0,0.0,596.0,0.2714,0.276,0.2884,0.294,1.2747,o,1599.0,260.0,3530.0,150.0
170444,2009,144092.0,0.0,608.0,0.2532,0.2587,0.2733,0.2801,1.358,o,1871.0,329.0,3729.0,130.0
170444,2010,175895.0,0.0,598.0,0.204,0.2079,0.2181,0.2229,1.3079,o,1695.0,356.0,3963.0,105.0
170444,2011,170119.0,0.0,698.0,0.2462,0.2458,0.2447,0.2443,0.9769,o,1415.0,369.0,4188.0,104.0
170444,2012,146323.0,0.0,712.0,0.292,0.2873,0.2756,0.2705,0.7936,o,1227.0,416.0,4294.0,111.0
170444,2013,127750.0,0.0,723.0,0.3396,0.334,0.32,0.314,0.7891,o,1219.0,310.0,4427.0,121.0
170444,2014,116624.0,0.0,644.0,0.3313,0.3295,0.3247,0.3227,0.9228,o,1111.0,323.0,4613.0,124.0
170444,2015,111275.0,0.0,628.0,0.3386,0.3364,0.3306,0.3281,0.9084,o,1249.0,241.0,4762.0,134.0
170444,2016,110805.0,0.0,478.0,0.2588,0.2601,0.2634,0.2648,1.0721,o,907.0,333.0,5072.0,139.0
170444,2017,111017.0,1.0,581.0,0.3151,0.3093,0.295,0.2889,0.7686,o,708.0,717.0,5354.0,148.0
170444,2018,111077.0,0.0,645.0,0.3484,0.3383,0.3136,0.3033,0.6568,o,662.0,591.0,7458.0,150.0
170444,2019,106800.0,3.0,721.0,0.4084,0.4028,0.3886,0.3825,0.8198,o,715.0,336.0,7685.0,151.0
170444,2020,80357.0,5.0,535.0,0.4069,0.4082,0.4113,0.4127,1.0438,o,608.0,212.0,7933.0,210.0
170444,2021,70246.0,9.0,510.0,0.451,0.4471,0.4372,0.4329,0.8831,o,695.0,77.0,7824.0,143.0
170444,2022,72474.0,4.0,676.0,0.5663,0.5682,0.5733,0.5756,1.0506,o,517.0,240.0,7043.0,129.0
170444,2023,75526.0,1.0,664.0,0.5291,0.5206,0.4994,0.4902,0.7936,o,603.0,308.0,6972.0,130.0
170444,2024,82062.0,2.0,606.0,0.446,0.4458,0.4455,0.4453,0.995,o,800.0,168.0,7040.0,127.0
170532,1998,37230.0,256.0,0.0,0.8251,0.8216,0.8208,0.819,0.9851,o,,,,
170532,1999,41100.0,246.0,0.0,0.7182,0.7341,0.7375,0.7459,1.0784,o,,,,
170532,2000,38950.0,299.0,0.0,0.9212,0.9597,0.9678,0.9885,1.1516,o,,,,
170532,2001,39750.0,240.0,0.0,0.7245,0.7385,0.7414,0.7487,1.068,o,,,,
170532,2002,25368.0,365.0,0.0,1.7266,1.6727,1.6617,1.6347,0.8964,o,337.0,,35774.0,
170532,2003,31150.0,303.0,0.0,1.1673,1.1015,1.0884,1.0562,0.8188,o,383.0,,36711.0,1502.0
170532,2004,32100.0,285.0,0.0,1.0654,1.0711,1.0722,1.0752,1.0184,o,310.0,,37990.0,1515.0
170532,2005,30257.0,271.0,0.0,1.0748,1.0873,1.0899,1.0964,1.0405,o,367.0,,39195.0,
170532,2006,29633.0,272.0,0.0,1.1015,1.101,1.1009,1.1006,0.9985,o,379.0,7.0,39955.0,
170532,2007,24430.0,290.0,0.0,1.4245,1.4392,1.4423,1.45,1.0361,o,363.0,6.0,40915.0,1258.0
170532,2009,37113.0,311.0,0.0,1.0056,1.0266,1.031,1.042,1.0739,o,391.0,8.0,44205.0,926.0
170532,2010,43794.0,304.0,0.0,0.833,0.8359,0.8365,0.838,1.0121,o,342.0,16.0,46663.0,811.0
170532,2011,43678.0,297.0,0.0,0.816,0.8131,0.8125,0.811,0.9879,o,369.0,11.0,48044.0,811.0
170532,2012,44823.0,313.0,0.0,0.838,0.8326,0.8315,0.8287,0.978,o,334.0,10.0,48873.0,776.0
170532,2013,43379.0,335.0,0.0,0.9267,0.9077,0.9039,0.8942,0.9311,o,453.0,22.0,50544.0,769.0
170532,2014,44310.0,287.0,0.0,0.7773,0.7934,0.7968,0.8054,1.0737,o,357.0,16.0,51939.0,763.0
170532,2015,46279.0,348.0,0.0,0.9024,0.9371,0.9445,0.9631,1.1392,o,364.0,18.0,53734.0,747.0
170532,2016,45389.0,272.0,0.0,0.7191,0.7244,0.7255,0.7283,1.0256,o,347.0,10.0,55677.0,753.0
170532,2017,45371.0,381.0,0.0,1.0077,0.9785,0.9725,0.9578,0.9034,o,448.0,12.0,57183.0,754.0
170532,2018,43620.0,312.0,0.0,0.8583,0.8537,0.8527,0.8503,0.9815,o,408.0,16.0,58375.0,716.0
170532,2019,45611.0,291.0,0.0,0.7656,0.8047,0.813,0.8342,1.1872,o,395.0,9.0,59383.0,662.0
170532,2020,46243.0,288.0,0.0,0.7474,0.7742,0.7799,0.7942,1.1294,o,384.0,6.0,60773.0,644.0
170532,2021,44525.0,384.0,0.0,1.0349,1.0288,1.0276,1.0245,0.9799,o,382.0,10.0,61315.0,598.0
170532,2022,43170.0,321.0,0.0,0.8923,0.864,0.8583,0.8441,0.8949,o,372.0,15.0,59813.0,579.0
170532,2023,42450.0,298.0,0.0,0.8424,0.8272,0.824,0.8163,0.939,o,370.0,11.0,58550.0,536.0
170532,2024,41155.0,302.0,0.0,0.8806,0.8682,0.8657,0.8594,0.9525,o,314.0,24.0,58764.0,541.0
170541,1998,146316.0,0.0,686.0,0.2813,0.2752,0.2602,0.2538,0.732,o,,,,
170541,1999,147844.0,0.0,567.0,0.2301,0.2307,0.2324,0.2331,1.0406,o,,,,
170541,2000,149967.0,0.0,594.0,0.2377,0.2366,0.234,0.2328,0.9395,o,,,,
170541,2002,243464.0,0.0,549.0,0.1353,0.1418,0.1599,0.1687,1.9521,o,2061.0,,1881.0,
170541,2004,168570.0,0.0,673.0,0.2395,0.2364,0.2287,0.2253,0.8302,o,2230.0,,2030.0,99.0
170541,2005,173430.0,0.0,665.0,0.2301,0.2322,0.2377,0.2402,1.1395,o,1921.0,,2014.0,101.0
170541,2006,170670.0,0.0,720.0,0.2531,0.252,0.2493,0.2481,0.941,o,2241.0,,2057.0,105.0
170541,2007,187980.0,0.0,738.0,0.2356,0.2368,0.2401,0.2416,1.0797,o,1999.0,1125.0,2860.0,106.0
170541,2008,178740.0,0.0,784.0,0.2632,0.2624,0.2605,0.2597,0.9606,o,2579.0,4174.0,2994.0,114.0
170541,2009,216970.0,0.0,794.0,0.2196,0.2226,0.2306,0.2342,1.2165,o,2725.0,4515.0,3033.0,94.0
170541,2010,240699.0,0.0,867.0,0.2161,0.2188,0.2257,0.2289,1.1905,o,2435.0,4798.0,3146.0,95.0
170541,2011,242126.0,0.0,927.0,0.2297,0.2283,0.2249,0.2233,0.9182,o,2090.0,1057.0,3332.0,86.0
170541,2012,231656.0,0.0,1050.0,0.272,0.268,0.258,0.2537,0.8101,o,2117.0,1035.0,3388.0,101.0
170541,2013,221057.0,0.0,1143.0,0.3102,0.3088,0.3051,0.3035,0.9357,o,1835.0,882.0,3494.0,107.0
170541,2014,197434.0,0.0,1074.0,0.3264,0.3233,0.3154,0.312,0.8724,o,1660.0,805.0,3631.0,113.0
170541,2015,179657.0,0.0,945.0,0.3156,0.3118,0.3021,0.298,0.8401,o,1498.0,686.0,3761.0,122.0
170541,2016,167260.0,0.0,891.0,0.3196,0.3162,0.3075,0.3038,0.8572,o,1472.0,675.0,3967.0,146.0
170541,2017,156908.0,0.0,820.0,0.3136,0.312,0.3081,0.3064,0.9322,o,1405.0,676.0,4105.0,160.0
170541,2018,154361.0,0.0,910.0,0.3537,0.3523,0.3489,0.3473,0.9461,o,1390.0,624.0,4214.0,162.0
170541,2019,149535.0,0.0,895.0,0.3591,0.3583,0.356,0.3551,0.9663,o,1371.0,595.0,4205.0,164.0
170541,2020,143062.0,0.0,1014.0,0.4253,0.4247,0.4232,0.4226,0.981,o,1023.0,408.0,4257.0,165.0
170541,2021,128277.0,0.0,812.0,0.3798,0.3719,0.3524,0.344,0.741,o,1088.0,513.0,4249.0,167.0
170541,2022,133638.0,0.0,875.0,0.3929,0.3902,0.3836,0.3807,0.9089,o,977.0,463.0,4226.0,143.0
170541,2023,129079.0,0.0,813.0,0.3779,0.3759,0.3707,0.3684,0.9256,o,1005.0,423.0,4054.0,151.0
170541,2024,118110.0,0.0,825.0,0.4191,0.4183,0.4163,0.4154,0.9734,o,1085.0,451.0,4046.0,166.0
170550,1998,84839.0,0.0,661.0,0.4675,0.4644,0.4565,0.453,0.909,o,,,,
170550,1999,85616.0,0.0,612.0,0.4289,0.4274,0.4237,0.4221,0.9529,o,,,,
170550,2000,86521.0,0.0,638.0,0.4424,0.4459,0.4548,0.4588,1.1163,o,,,,
170550,2001,91512.0,0.0,590.0,0.3868,0.3841,0.377,0.3739,0.9023,o,,,,
170550,2002,157837.0,0.0,558.0,0.2121,0.2119,0.2114,0.2112,0.9865,o,879.0,,2927.0,
170550,2004,76200.0,0.0,664.0,0.5228,0.5255,0.5325,0.5356,1.0761,o,766.0,,3225.0,162.0
170550,2005,78150.0,0.0,729.0,0.5597,0.5555,0.5448,0.5402,0.898,o,910.0,,3193.0,153.0
170550,2006,76180.0,0.0,812.0,0.6395,0.6455,0.6612,0.6683,1.1425,o,1021.0,,3236.0,154.0
170550,2007,79318.0,0.0,789.0,0.5968,0.6051,0.627,0.637,1.2184,o,926.0,1056.0,3376.0,156.0
170550,2008,80807.0,0.0,740.0,0.5495,0.5479,0.5438,0.5419,0.9591,o,856.0,1250.0,3426.0,157.0
170550,2009,83277.0,0.0,776.0,0.5591,0.5541,0.5414,0.5359,0.8793,o,1052.0,1392.0,3457.0,150.0
170550,2012,129497.0,0.0,955.0,0.4425,0.4418,0.4399,0.4391,0.9768,o,561.0,304.0,3691.0,136.0
170550,2013,122342.0,0.0,751.0,0.3683,0.3558,0.3256,0.313,0.6108,o,573.0,286.0,3834.0,135.0
170550,2014,112366.0,0.0,584.0,0.3118,0.3059,0.2911,0.2848,0.7594,o,495.0,282.0,4021.0,143.0
170550,2015,103746.0,0.0,901.0,0.5211,0.5162,0.5037,0.4982,0.873,o,436.0,192.0,4432.0,161.0
170550,2016,88959.0,0.0,775.0,0.5227,0.5153,0.4969,0.4889,0.8165,o,454.0,212.0,4522.0,172.0
170550,2017,84740.0,0.0,673.0,0.4765,0.4757,0.4735,0.4726,0.9753,o,436.0,251.0,4723.0,185.0
170550,2018,83808.0,0.0,655.0,0.4689,0.4683,0.4665,0.4658,0.9798,o,380.0,205.0,4895.0,181.0
170550,2019,82122.0,0.0,641.0,0.4683,0.4632,0.4502,0.4445,0.8539,o,395.0,191.0,4793.0,176.0
170550,2020,79302.0,0.0,519.0,0.3927,0.3918,0.3895,0.3885,0.9681,o,513.0,172.0,5283.0,183.0
170550,2021,64741.0,0.0,556.0,0.5153,0.5255,0.5527,0.5653,1.3239,o,531.0,282.0,5382.0,213.0
170550,2022,53488.0,0.0,573.0,0.6428,0.6498,0.6684,0.6769,1.1696,o,498.0,257.0,4986.0,253.0
170550,2023,54977.0,0.0,511.0,0.5577,0.5559,0.5512,0.5491,0.954,o,610.0,327.0,4798.0,240.0
170550,2024,60259.0,0.0,600.0,0.5974,0.6046,0.6234,0.6319,1.1856,o,655.0,386.0,3798.0,241.0
170569,1998,11857.0,85.0,0.0,0.8603,0.8397,0.8355,0.8251,0.92,o,,,,
170569,1999,12677.0,87.0,0.0,0.8235,0.8544,0.8609,0.8775,1.1353,o,,,,
170569,2000,15157.0,75.0,0.0,0.5938,0.6231,0.6293,0.6452,1.1807,o,,,,
170587,1998,24164.0,0.0,144.0,0.3576,0.3577,0.3579,0.358,1.004,o,,,,
170587,1999,24504.0,0.0,152.0,0.3722,0.3692,0.3617,0.3584,0.8922,o,,,,
170587,2000,22339.0,0.0,144.0,0.3868,0.3818,0.3692,0.3638,0.8304,o,,,,
170587,2001,23649.0,0.0,116.0,0.2943,0.295,0.2968,0.2976,1.0348,o,,,,
170587,2002,27468.0,0.0,124.0,0.2709,0.2773,0.2946,0.3026,1.3985,o,263.0,,3227.0,
170587,2003,32309.0,0.0,102.0,0.1894,0.1904,0.1931,0.1943,1.0801,o,355.0,,3581.0,107.0
170587,2005,34097.0,0.0,134.0,0.2358,0.2342,0.2303,0.2285,0.9094,o,309.0,,3821.0,139.0
170587,2007,32604.0,0.0,146.0,0.2687,0.2676,0.2647,0.2635,0.9424,o,297.0,,3593.0,173.0
170587,2008,33044.0,0.0,153.0,0.2778,0.278,0.2786,0.2789,1.0119,o,259.0,88.0,3633.0,162.0
170587,2009,33620.0,0.0,179.0,0.3195,0.3171,0.3112,0.3086,0.9009,o,364.0,117.0,3857.0,155.0
170587,2010,40740.0,0.0,180.0,0.2651,0.2701,0.2836,0.2898,1.3094,o,275.0,98.0,3710.0,123.0
170587,2011,39624.0,0.0,195.0,0.2953,0.2927,0.2862,0.2834,0.8828,o,298.0,153.0,3790.0,118.0
170587,2012,35966.0,0.0,185.0,0.3086,0.3071,0.3033,0.3016,0.9327,o,288.0,126.0,3939.0,110.0
170587,2013,33979.0,0.0,196.0,0.3461,0.3462,0.3465,0.3467,1.0052,o,271.0,116.0,4325.0,136.0
170587,2014,33332.0,0.0,243.0,0.4374,0.435,0.429,0.4263,0.9249,o,227.0,108.0,4417.0,150.0
170587,2015,30618.0,0.0,238.0,0.4664,0.4596,0.4428,0.4354,0.8122,o,185.0,75.0,4497.0,156.0
170587,2016,28059.0,0.0,282.0,0.603,0.5906,0.5598,0.5467,0.743,o,180.0,69.0,4829.0,176.0
170587,2017,26712.0,0.0,207.0,0.465,0.4606,0.4495,0.4447,0.8738,o,201.0,73.0,4972.0,197.0
170587,2018,26762.0,0.0,209.0,0.4686,0.4718,0.48,0.4837,1.1014,o,191.0,72.0,5010.0,203.0
170587,2019,25004.0,0.0,205.0,0.4919,0.492,0.4922,0.4923,1.0026,o,191.0,64.0,5088.0,215.0
170587,2020,24789.0,0.0,183.0,0.4429,0.4421,0.4401,0.4392,0.9745,o,163.0,76.0,5120.0,214.0
170587,2021,23087.0,0.0,220.0,0.5718,0.5654,0.5495,0.5426,0.8534,o,170.0,77.0,4972.0,225.0
170587,2022,24421.0,0.0,172.0,0.4226,0.4214,0.4183,0.417,0.9605,o,178.0,54.0,5002.0,219.0
170587,2023,24627.0,0.0,213.0,0.5189,0.5214,0.5277,0.5305,1.0691,o,162.0,60.0,4938.0,205.0
170587,2024,25776.0,0.0,187.0,0.4353,0.4331,0.4276,0.4251,0.931,o,221.0,56.0,4980.0,206.0
170620,1998,53367.0,0.0,270.0,0.3036,0.307,0.3162,0.3204,1.1774,o,,,,
170620,1999,55618.0,0.0,251.0,0.2708,0.2616,0.2394,0.2302,0.6112,o,,,,
170620,2000,60306.0,0.0,244.0,0.2428,0.2562,0.2941,0.3128,2.1551,o,,,,
170620,2001,58941.0,0.0,236.0,0.2402,0.2423,0.2477,0.2502,1.1303,o,,,,
170620,2002,61534.0,0.0,239.0,0.233,0.2227,0.1982,0.1882,0.5232,o,601.0,,3066.0,
170620,2003,42386.0,0.0,296.0,0.419,0.4171,0.4122,0.4101,0.9369,o,615.0,,3263.0,158.0
170620,2004,70603.0,0.0,357.0,0.3034,0.306,0.313,0.3161,1.1326,o,619.0,,3532.0,108.0
170620,2005,64228.0,0.0,274.0,0.256,0.2563,0.2571,0.2575,1.0181,o,629.0,,3744.0,123.0
170620,2006,69619.0,0.0,285.0,0.2456,0.246,0.2468,0.2472,1.0194,o,747.0,,3950.0,125.0
170620,2007,67444.0,0.0,296.0,0.2633,0.2667,0.2754,0.2794,1.1971,o,685.0,200.0,4696.0,151.0
170620,2008,66103.0,0.0,302.0,0.2741,0.274,0.2738,0.2737,0.9956,o,744.0,239.0,4544.0,138.0
170620,2009,70677.0,0.0,293.0,0.2487,0.2494,0.2511,0.2519,1.0391,o,825.0,256.0,4468.0,141.0
170620,2010,74452.0,0.0,353.0,0.2845,0.2874,0.2949,0.2983,1.1547,o,794.0,283.0,4439.0,129.0
170620,2011,80738.0,0.0,379.0,0.2817,0.2819,0.2825,0.2828,1.0121,o,808.0,265.0,4565.0,124.0
170620,2012,74144.0,0.0,455.0,0.3682,0.3682,0.368,0.368,0.9981,o,806.0,268.0,4735.0,124.0
170620,2013,70216.0,0.0,508.0,0.4341,0.4343,0.4348,0.435,1.0062,o,735.0,213.0,4893.0,134.0
170620,2014,65387.0,0.0,417.0,0.3826,0.3802,0.3738,0.371,0.9108,o,671.0,208.0,5174.0,133.0
170620,2015,65868.0,0.0,421.0,0.3835,0.3798,0.3705,0.3664,0.8709,o,709.0,241.0,5228.0,124.0
170620,2016,64289.0,0.0,402.0,0.3752,0.3754,0.376,0.3762,1.0085,o,761.0,195.0,5367.0,137.0
170620,2017,62088.0,2.0,422.0,0.4117,0.4145,0.4219,0.4252,1.1029,o,595.0,220.0,5392.0,143.0
170620,2018,37764.0,2.0,434.0,0.6959,0.6857,0.6601,0.649,0.8095,o,676.0,213.0,5533.0,241.0
170620,2019,52938.0,2.0,412.0,0.4715,0.4714,0.4711,0.471,0.997,o,656.0,202.0,5491.0,164.0
170620,2020,47936.0,1.0,383.0,0.4819,0.483,0.4857,0.487,1.0323,o,558.0,157.0,5653.0,182.0
170620,2021,46099.0,0.0,350.0,0.4555,0.4499,0.4358,0.4297,0.8378,o,595.0,341.0,5560.0,161.0
170620,2022,53709.0,0.0,365.0,0.4078,0.4072,0.4057,0.4051,0.9802,o,427.0,162.0,5332.0,151.0
170620,2023,46087.0,0.0,412.0,0.5364,0.5252,0.4976,0.4858,0.7407,o,519.0,190.0,5225.0,151.0
170620,2024,52041.0,0.0,420.0,0.4842,0.4848,0.4861,0.4867,1.0157,o,723.0,228.0,5265.0,134.0
170639,1998,84222.0,447.0,89.0,0.7003,0.6891,0.6841,0.6772,0.9352,o,,,,
170639,1999,86850.0,565.0,126.0,0.8677,0.8474,0.8382,0.8259,0.906,o,,,,
170639,2000,82125.0,512.0,103.0,0.8234,0.8029,0.7937,0.7813,0.9005,o,,,,
170639,2001,81788.0,515.0,99.0,0.8282,0.827,0.8264,0.8257,0.9938,o,,,,
170639,2002,83573.0,464.0,133.0,0.7617,0.7627,0.7631,0.7637,1.0052,o,594.0,,7507.0,
170639,2003,86217.0,497.0,120.0,0.7753,0.7797,0.7817,0.7845,1.0241,o,559.0,,8086.0,196.0
170639,2004,83184.0,511.0,91.0,0.8028,0.8088,0.8115,0.8153,1.0313,o,563.0,,9045.0,236.0
170639,2005,77279.0,478.0,95.0,0.816,0.8107,0.8083,0.805,0.9731,o,498.0,,9233.0,234.0
170639,2006,76221.0,427.0,108.0,0.7573,0.7429,0.7364,0.7277,0.9234,o,496.0,229.0,9825.0,255.0
170639,2007,69886.0,517.0,126.0,0.9959,0.9611,0.9455,0.9247,0.8621,o,483.0,259.0,10145.0,273.0
170639,2008,71940.0,456.0,109.0,0.8515,0.8241,0.8119,0.7954,0.8725,o,519.0,270.0,10603.0,279.0
170639,2009,71192.0,427.0,87.0,0.7931,0.7823,0.7773,0.7707,0.9444,o,457.0,225.0,11358.0,293.0
170639,2010,69187.0,395.0,96.0,0.7684,0.765,0.7635,0.7614,0.9819,o,514.0,228.0,11842.0,289.0
170639,2011,71488.0,423.0,141.0,0.8284,0.8268,0.826,0.825,0.9918,o,499.0,297.0,12234.0,292.0
170639,2012,72551.0,430.0,117.0,0.808,0.8101,0.8111,0.8124,1.011,o,439.0,236.0,12741.0,305.0
170639,2013,67037.0,455.0,133.0,0.9335,0.9247,0.9206,0.9152,0.9611,o,409.0,220.0,12887.0,305.0
170639,2014,63736.0,453.0,167.0,1.0101,0.9778,0.9633,0.944,0.8733,o,461.0,190.0,13113.0,311.0
170639,2015,62030.0,478.0,214.0,1.1317,1.0911,1.073,1.0488,0.8588,o,432.0,181.0,13385.0,319.0
170639,2016,58194.0,397.0,174.0,0.998,0.9863,0.981,0.9738,0.952,o,393.0,200.0,13716.0,322.0
170639,2017,57292.0,398.0,157.0,0.998,0.9915,0.9885,0.9844,0.9729,o,363.0,163.0,14047.0,327.0
170639,2018,54331.0,404.0,186.0,1.0977,1.0613,1.0451,1.0233,0.869,o,414.0,145.0,14241.0,316.0
170639,2019,53558.0,393.0,122.0,1.0172,0.9838,0.9689,0.9488,0.8701,o,320.0,123.0,14514.0,315.0
170639,2020,49897.0,390.0,159.0,1.1291,1.0979,1.0839,1.065,0.8897,o,334.0,159.0,14730.0,318.0
170639,2021,50380.0,363.0,148.0,1.0409,1.0053,0.9894,0.9681,0.8651,o,373.0,143.0,14875.0,300.0
170639,2022,46832.0,327.0,146.0,1.0249,1.002,0.9916,0.9777,0.9099,o,273.0,115.0,14481.0,289.0
170639,2023,41518.0,295.0,138.0,1.0521,1.0203,1.0061,0.987,0.8801,o,256.0,143.0,14211.0,299.0
170639,2024,40259.0,297.0,158.0,1.1207,1.0651,1.0406,1.008,0.8089,o,247.0,122.0,14266.0,288.0
170657,1998,277763.0,0.0,1133.0,0.2447,0.2446,0.2441,0.2439,0.99,o,,,,
170657,1999,292333.0,0.0,1057.0,0.2169,0.2089,0.1895,0.1815,0.5822,o,,,,
170657,2000,290268.0,0.0,591.0,0.1222,0.1227,0.1241,0.1247,1.065,o,,,,
170657,2002,420079.0,0.0,711.0,0.1016,0.1033,0.1078,0.1099,1.2692,o,1154.0,,2148.0,
170657,2003,461908.0,0.0,891.0,0.1157,0.1098,0.0959,0.0903,0.472,o,1072.0,,2600.0,64.0
170657,2004,423570.0,0.0,1122.0,0.1589,0.153,0.1389,0.133,0.5832,o,1569.0,,2687.0,69.0
170657,2006,350589.0,0.0,1314.0,0.2249,0.2399,0.2832,0.3049,2.515,o,3609.0,,3077.0,123.0
170657,2007,366332.0,0.0,1342.0,0.2198,0.2259,0.2423,0.2499,1.4761,o,3636.0,,3115.0,115.0
170657,2008,331969.0,0.0,1312.0,0.2371,0.2379,0.24,0.2409,1.0494,o,3258.0,,3241.0,134.0
170657,2009,404223.0,0.0,1405.0,0.2085,0.207,0.2031,0.2014,0.8994,o,4015.0,,3187.0,106.0
170657,2010,441196.0,0.0,1490.0,0.2026,0.2048,0.2105,0.2131,1.1648,o,5211.0,,3202.0,88.0
170657,2011,450934.0,0.0,1585.0,0.2109,0.2163,0.2307,0.2375,1.433,o,5287.0,1707.0,3253.0,92.0
170657,2012,407289.0,0.0,1734.0,0.2554,0.2579,0.2643,0.2672,1.1461,o,5018.0,1648.0,3497.0,97.0
170657,2013,384667.0,0.0,1871.0,0.2918,0.2909,0.2886,0.2875,0.956,o,3386.0,,3516.0,102.0
170657,2014,352715.0,0.0,1804.0,0.3069,0.298,0.2763,0.2672,0.6572,o,3624.0,660.0,3581.0,107.0
170657,2015,319841.0,0.0,1778.0,0.3335,0.3301,0.3214,0.3176,0.8624,o,2773.0,1187.0,3825.0,112.0
170657,2016,306348.0,0.0,1605.0,0.3143,0.3092,0.2965,0.291,0.7912,o,2329.0,1198.0,3915.0,115.0
170657,2017,272743.0,0.0,1583.0,0.3482,0.3406,0.3217,0.3136,0.7282,o,2201.0,1165.0,4271.0,142.0
170657,2018,262693.0,0.0,1572.0,0.3591,0.3554,0.346,0.342,0.8628,o,1905.0,938.0,4325.0,148.0
170657,2019,230767.0,0.0,1344.0,0.3494,0.3452,0.3346,0.33,0.8411,o,2379.0,1028.0,4307.0,162.0
170657,2020,228321.0,0.0,1279.0,0.3361,0.3396,0.3487,0.3529,1.1588,o,1946.0,629.0,4435.0,162.0
170657,2021,207878.0,0.0,1203.0,0.3472,0.3449,0.339,0.3364,0.9085,o,1779.0,752.0,4471.0,170.0
170657,2022,200811.0,0.0,1276.0,0.3813,0.3761,0.3631,0.3575,0.8227,o,1824.0,679.0,4300.0,175.0
170657,2023,183501.0,0.0,1284.0,0.4198,0.4192,0.4176,0.417,0.9793,o,1754.0,672.0,4058.0,159.0
170657,2024,179677.0,0.0,1123.0,0.375,0.3743,0.3725,0.3717,0.9736,o,1885.0,785.0,4010.0,154.0
170675,1998,60669.0,544.0,37.0,1.1126,1.0316,1.0156,0.9767,0.7707,o,,,,
170675,1999,66888.0,476.0,28.0,0.8791,0.858,0.8536,0.843,0.9195,o,,,,
170675,2000,56818.0,348.0,26.0,0.7624,0.8145,0.8258,0.8545,1.256,o,,,,
170675,2001,61511.0,412.0,15.0,0.8184,0.9537,0.9844,1.0655,1.6951,o,,,,
170675,2002,63402.0,416.0,18.0,0.8044,0.9122,0.9363,0.9993,1.5432,o,389.0,,18088.0,
170675,2003,62669.0,439.0,32.0,0.8712,0.8359,0.8288,0.8112,0.8669,o,419.0,,19169.0,687.0
170675,2004,65126.0,429.0,23.0,0.8117,0.6935,0.6713,0.6188,0.5813,o,332.0,,20096.0,711.0
170675,2005,63456.0,435.0,36.0,0.8567,0.7214,0.6963,0.6371,0.553,o,315.0,,21842.0,757.0
170675,2006,62431.0,415.0,17.0,0.814,0.7089,0.689,0.6414,0.6209,o,275.0,,22427.0,776.0
170675,2007,62268.0,455.0,19.0,0.8952,0.8171,0.8019,0.7649,0.7302,o,370.0,,23234.0,787.0
170675,2008,65191.0,425.0,38.0,0.8173,0.782,0.7749,0.7574,0.8589,o,296.0,,29992.0,805.0
170675,2009,62019.0,451.0,20.0,0.892,0.8995,0.9011,0.905,1.0294,o,320.0,,31624.0,806.0
170675,2010,62243.0,425.0,23.0,0.8415,0.8521,0.8543,0.8599,1.0441,o,274.0,,32890.0,779.0
170675,2011,58431.0,412.0,17.0,0.8636,0.8432,0.839,0.8287,0.9209,o,269.0,,34386.0,764.0
170675,2012,56261.0,404.0,23.0,0.8862,0.8353,0.8251,0.8002,0.8153,o,341.0,1057.0,35754.0,823.0
170675,2013,55415.0,394.0,12.0,0.8662,0.8637,0.8632,0.862,0.9903,o,365.0,1069.0,37256.0,862.0
170675,2014,57200.0,341.0,20.0,0.7364,0.7742,0.7823,0.8028,1.1886,o,337.0,1047.0,38113.0,858.0
170675,2015,69930.0,299.0,15.0,0.526,0.5666,0.5754,0.598,1.2928,o,349.0,1038.0,39425.0,849.0
170675,2016,59221.0,332.0,8.0,0.6808,0.7044,0.7094,0.722,1.1246,o,375.0,1012.0,39282.0,920.0
170675,2017,55596.0,362.0,8.0,0.79,0.7958,0.797,0.8,1.0255,o,373.0,1005.0,39697.0,940.0
170675,2018,54257.0,382.0,8.0,0.8537,0.8696,0.8729,0.8812,1.0655,o,387.0,1011.0,40117.0,945.0
170675,2019,54963.0,334.0,9.0,0.739,0.7613,0.766,0.7779,1.1079,o,361.0,134.0,40962.0,974.0
170675,2020,55044.0,379.0,8.0,0.835,0.8429,0.8446,0.8487,1.0331,o,371.0,110.0,42405.0,986.0
170675,2021,56210.0,371.0,6.0,0.7984,0.7934,0.7924,0.7898,0.9786,o,475.0,92.0,42756.0,963.0
170675,2022,58451.0,388.0,5.0,0.8017,0.827,0.8323,0.8458,1.1132,o,427.0,91.0,41336.0,915.0
170675,2023,57127.0,382.0,10.0,0.8129,0.8583,0.868,0.8927,1.2059,o,312.0,87.0,40961.0,1019.0
170675,2024,54486.0,327.0,17.0,0.7389,0.7409,0.7414,0.7424,1.0096,o,392.0,65.0,41872.0,986.0
170693,1998,5075.0,0.0,21.0,0.2483,0.2483,0.2483,0.2483,,-,,,,
170693,1999,6127.0,0.0,11.0,0.1077,0.1077,0.1077,0.1077,,-,,,,
170693,2002,6123.0,0.0,15.0,0.147,0.147,0.147,0.147,,-,167.0,,11672.0,
170693,2003,6303.0,0.0,32.0,0.3046,0.3046,0.3046,0.3046,,-,133.0,,11564.0,372.0
170693,2004,7789.0,0.0,46.0,0.3543,0.3543,0.3543,0.3543,,-,145.0,,11351.0,402.0
170693,2005,7912.0,0.0,38.0,0.2882,0.2882,0.2882,0.2882,,-,134.0,,11587.0,395.0
170790,1998,366074.0,0.0,2293.0,0.3758,0.3738,0.3685,0.3662,0.9241,o,,,,
170790,1999,358963.0,0.0,2109.0,0.3525,0.3495,0.3418,0.3384,0.8834,o,,,,
170790,2000,367718.0,0.0,2342.0,0.3821,0.3833,0.3864,0.3877,1.0451,o,,,,
170790,2001,367599.0,0.0,2028.0,0.331,0.3331,0.3385,0.3409,1.093,o,,,,
170790,2003,268223.0,0.0,2178.0,0.4872,0.4863,0.484,0.4829,0.9737,o,1418.0,,3003.0,173.0
170790,2004,314520.0,0.0,1907.0,0.3638,0.351,0.3202,0.3074,0.6001,o,1831.0,,3085.0,144.0
170790,2005,327960.0,0.0,2109.0,0.3858,0.3849,0.3825,0.3815,0.966,o,2031.0,,3108.0,142.0
170790,2007,358110.0,0.0,2190.0,0.3669,0.3627,0.3521,0.3475,0.8483,o,1268.0,201.0,3249.0,148.0
170790,2008,423836.0,0.0,2233.0,0.3161,0.308,0.2882,0.2798,0.6912,o,1252.0,244.0,3234.0,123.0
170790,2009,453707.0,0.0,2383.0,0.3151,0.3119,0.3036,0.3,0.8617,o,1479.0,290.0,3269.0,122.0
170790,2010,497743.0,0.0,2582.0,0.3112,0.3148,0.324,0.3281,1.1738,o,1412.0,265.0,3305.0,115.0
170790,2011,498152.0,0.0,2799.0,0.3371,0.3379,0.34,0.3409,1.0341,o,1360.0,273.0,3602.0,120.0
170790,2012,479960.0,0.0,2868.0,0.3585,0.357,0.3531,0.3514,0.9409,o,1529.0,388.0,3679.0,119.0
170790,2013,470064.0,0.0,2768.0,0.3533,0.3558,0.3621,0.3649,1.1032,o,1475.0,397.0,3698.0,124.0
170790,2014,458173.0,0.0,2719.0,0.3561,0.3566,0.3579,0.3585,1.0211,o,1338.0,380.0,3764.0,129.0
170790,2015,450370.0,0.0,2632.0,0.3506,0.3478,0.3407,0.3375,0.8908,o,3435.0,889.0,3834.0,138.0
170790,2016,425907.0,0.0,2586.0,0.3643,0.3878,0.4554,0.4891,2.4422,o,3336.0,838.0,4108.0,136.0
170790,2017,415003.0,0.0,2590.0,0.3745,0.3833,0.4072,0.4182,1.3979,o,3261.0,691.0,4184.0,139.0
170790,2018,398226.0,0.0,2505.0,0.3774,0.3764,0.3739,0.3728,0.9632,o,3334.0,732.0,4206.0,140.0
170790,2019,383662.0,0.0,2465.0,0.3855,0.3858,0.3865,0.3869,1.0108,o,3467.0,735.0,4118.0,139.0
170790,2020,377658.0,0.0,1487.0,0.2362,0.2371,0.2392,0.2402,1.0514,o,2845.0,562.0,4131.0,128.0
170790,2021,339828.0,0.0,2260.0,0.399,0.3941,0.3816,0.3762,0.8366,o,3444.0,328.0,3893.0,143.0
170790,2022,326711.0,0.0,2252.0,0.4136,0.4161,0.4227,0.4257,1.0913,o,2900.0,635.0,3719.0,123.0
170790,2023,308460.0,0.0,2256.0,0.4388,0.4363,0.43,0.4273,0.9222,o,3207.0,717.0,3571.0,121.0
170790,2024,319654.0,0.0,2144.0,0.4024,0.4027,0.4035,0.4039,1.011,o,3221.0,760.0,3600.0,117.0
170806,1998,69103.0,547.0,19.0,0.9664,1.1202,1.1549,1.2466,1.6639,o,,,,
170806,1999,68243.0,562.0,13.0,0.9997,1.1125,1.1374,1.2021,1.446,o,,,,
170806,2000,65670.0,507.0,17.0,0.942,0.955,0.9577,0.9645,1.0485,o,,,,
170806,2001,68510.0,534.0,17.0,0.9502,0.871,0.8554,0.8177,0.7406,o,,,,
170806,2003,66514.0,500.0,16.0,0.9165,0.8881,0.8823,0.868,0.8971,o,248.0,,14190.0,419.0
170806,2004,75358.0,507.0,14.0,0.8185,0.8164,0.8159,0.8149,0.9911,o,181.0,,14836.0,437.0
170806,2005,74765.0,509.0,8.0,0.8234,0.8212,0.8207,0.8196,0.9908,o,240.0,,15613.0,451.0
170806,2006,75844.0,537.0,14.0,0.8607,0.8572,0.8565,0.8546,0.9859,o,188.0,1.0,16048.0,463.0
170806,2007,74493.0,579.0,21.0,0.9496,0.9377,0.9353,0.9292,0.9575,o,179.0,52.0,16575.0,485.0
170806,2008,71646.0,592.0,22.0,1.01,0.9653,0.9563,0.9341,0.8555,o,204.0,359.0,17092.0,495.0
170806,2009,59018.0,608.0,21.0,1.2576,1.2236,1.2166,1.1995,0.9097,o,184.0,509.0,17884.0,668.0
170806,2010,70756.0,715.0,17.0,1.227,1.1926,1.1856,1.1683,0.9065,o,200.0,496.0,18798.0,558.0
170806,2011,74067.0,623.0,26.0,1.0304,1.044,1.0469,1.054,1.0463,o,183.0,558.0,19320.0,564.0
170806,2012,74692.0,664.0,28.0,1.0893,1.0893,1.0893,1.0893,1.0,o,161.0,659.0,20001.0,547.0
170806,2013,75472.0,710.0,25.0,1.1488,1.1094,1.1014,1.0817,0.8866,o,205.0,654.0,20453.0,518.0
170806,2014,73460.0,705.0,70.0,1.2088,1.1921,1.1887,1.1801,0.9531,o,174.0,516.0,21513.0,526.0
170806,2015,66525.0,734.0,149.0,1.4584,1.454,1.453,1.4508,0.9896,o,182.0,564.0,22702.0,535.0
170806,2016,63778.0,750.0,64.0,1.4714,1.4861,1.4891,1.4968,1.0349,o,219.0,369.0,24295.0,562.0
170806,2017,60207.0,615.0,12.0,1.2377,1.2709,1.2779,1.2956,1.0956,o,278.0,386.0,24858.0,578.0
170806,2018,59179.0,660.0,19.0,1.3576,1.4686,1.4927,1.5546,1.3113,o,220.0,492.0,25798.0,598.0
170806,2019,57963.0,575.0,47.0,1.2391,1.3657,1.3935,1.4655,1.3989,o,266.0,453.0,26722.0,658.0
170806,2020,61576.0,574.0,13.0,1.1313,1.1961,1.21,1.2454,1.212,o,281.0,298.0,27765.0,705.0
170806,2021,60041.0,672.0,11.0,1.3541,1.3922,1.4003,1.4206,1.1006,o,253.0,311.0,28014.0,663.0
170806,2022,54237.0,586.0,10.0,1.3076,1.3343,1.3399,1.354,1.0723,o,249.0,253.0,27316.0,595.0
170806,2023,48788.0,510.0,6.0,1.2618,1.2737,1.2762,1.2824,1.0329,o,265.0,261.0,27017.0,593.0
170806,2024,46686.0,391.0,9.0,1.0166,0.9984,0.9947,0.9854,0.9397,o,245.0,257.0,27360.0,574.0
170842,1998,25500.0,95.0,23.0,0.5012,0.5676,0.5824,0.6211,1.5359,o,,,,
170842,1999,23880.0,95.0,23.0,0.5352,0.6156,0.6336,0.6812,1.6201,o,,,,
170842,2001,18931.0,85.0,12.0,0.5768,0.4993,0.4846,0.4497,0.6079,o,,,,
170842,2002,18403.0,110.0,6.0,0.7368,0.5719,0.5426,0.476,0.4172,o,40.0,,18621.0,
170842,2003,18400.0,90.0,6.0,0.6065,0.4611,0.4357,0.3781,0.3886,o,60.0,,19118.0,269.0
170842,2004,18235.0,111.0,8.0,0.7568,0.65,0.6298,0.5821,0.5917,o,42.0,,19486.0,261.0
170842,2005,16246.0,101.0,13.0,0.794,0.7557,0.748,0.729,0.843,o,80.0,,20023.0,408.0
170842,2006,15543.0,99.0,7.0,0.7914,0.888,0.9094,0.9653,1.4878,o,94.0,131.0,19943.0,446.0
170842,2007,17055.0,112.0,4.0,0.8021,0.9419,0.9737,1.0581,1.74,o,127.0,103.0,20523.0,478.0
170842,2008,17846.0,97.0,6.0,0.6724,0.8414,0.8814,0.9898,2.1667,o,128.0,94.0,21496.0,466.0
170842,2009,17158.0,81.0,9.0,0.598,0.7405,0.774,0.8645,2.0902,o,159.0,151.0,22373.0,332.0
170842,2010,21745.0,105.0,4.0,0.5905,0.6827,0.7035,0.7584,1.6494,o,113.0,229.0,23315.0,340.0
170842,2011,23882.0,112.0,2.0,0.5678,0.603,0.6106,0.6299,1.2308,o,96.0,176.0,23982.0,356.0
170842,2012,23531.0,124.0,6.0,0.6477,0.6114,0.6041,0.5863,0.8196,o,136.0,173.0,24518.0,372.0
170842,2013,24318.0,154.0,6.0,0.7747,0.7284,0.7191,0.6966,0.8084,o,182.0,182.0,25265.0,390.0
170842,2014,25466.0,147.0,6.0,0.7068,0.7396,0.7466,0.7643,1.1691,o,144.0,146.0,26134.0,447.0
170842,2015,21712.0,149.0,10.0,0.8511,0.9683,0.9944,1.063,1.5598,o,102.0,73.0,26548.0,447.0
170842,2016,16113.0,132.0,9.0,1.0166,1.034,1.0376,1.0468,1.0603,o,60.0,47.0,27134.0,519.0
170967,1998,12390.0,35.0,46.0,0.5617,0.5507,0.5485,0.5429,0.9341,o,,,,
170967,1999,13772.0,48.0,51.0,0.6404,0.6559,0.6592,0.6674,1.0858,o,,,,
170967,2000,15745.0,97.0,30.0,0.8536,0.8729,0.877,0.8872,1.0802,o,,,,
170967,2001,18879.0,98.0,16.0,0.6738,0.6872,0.69,0.6971,1.0705,o,,,,
170967,2002,24834.0,193.0,30.0,1.0051,1.0691,1.0828,1.1179,1.2372,o,117.0,,16390.0,
170967,2003,24583.0,203.0,22.0,1.0446,1.1073,1.1208,1.1551,1.2227,o,111.0,,17456.0,427.0
170967,2004,27198.0,279.0,12.0,1.2574,1.2132,1.2042,1.1821,0.8837,o,108.0,,17035.0,391.0
170967,2005,27574.0,278.0,15.0,1.2425,1.1202,1.0965,1.0393,0.6997,o,138.0,,17029.0,390.0
170967,2006,28259.0,276.0,24.0,1.223,1.1779,1.1688,1.1463,0.8786,o,122.0,,19252.0,413.0
170967,2007,27245.0,286.0,22.0,1.3081,1.3589,1.3697,1.3969,1.1404,o,100.0,162.0,19794.0,427.0
170967,2008,26247.0,263.0,14.0,1.2344,1.2393,1.2403,1.2429,1.0137,o,109.0,147.0,21745.0,435.0
170967,2009,24042.0,278.0,14.0,1.4225,1.3568,1.3436,1.3112,0.8496,o,132.0,188.0,23899.0,500.0
170967,2010,23925.0,253.0,15.0,1.3066,1.2781,1.2723,1.2579,0.9269,o,156.0,220.0,24819.0,494.0
170967,2011,29120.0,252.0,16.0,1.0714,1.1554,1.1736,1.2203,1.2973,o,169.0,198.0,25205.0,485.0
170967,2012,27089.0,266.0,24.0,1.2315,1.3997,1.4373,1.5357,1.555,o,155.0,199.0,26018.0,515.0
170967,2013,26781.0,242.0,15.0,1.118,1.2181,1.24,1.2963,1.3444,o,162.0,166.0,26749.0,520.0
170967,2014,27330.0,250.0,11.0,1.1218,1.1535,1.1602,1.177,1.1007,o,162.0,163.0,26226.0,503.0
170967,2015,27700.0,207.0,8.0,0.9141,0.9133,0.9131,0.9127,0.9969,o,161.0,153.0,26744.0,510.0
170967,2016,28362.0,234.0,11.0,1.0133,1.0124,1.0122,1.0118,0.9969,o,183.0,171.0,27261.0,504.0
170967,2017,27929.0,244.0,10.0,1.0699,1.0955,1.1009,1.1145,1.0852,o,165.0,118.0,27614.0,500.0
170967,2018,27150.0,246.0,10.0,1.1094,1.1326,1.1375,1.1497,1.0741,o,139.0,133.0,27807.0,526.0
170967,2019,25653.0,228.0,11.0,1.0923,1.0732,1.0693,1.0597,0.9412,o,142.0,99.0,28409.0,509.0
170967,2020,25052.0,195.0,7.0,0.9508,0.8966,0.8858,0.8594,0.8169,o,196.0,112.0,28842.0,465.0
170967,2021,26652.0,216.0,9.0,0.9928,0.9844,0.9827,0.9784,0.9713,o,162.0,104.0,28854.0,465.0
170967,2022,24856.0,215.0,17.0,1.079,1.1314,1.1426,1.1709,1.1776,o,233.0,92.0,27933.0,441.0
170967,2023,27889.0,177.0,25.0,0.8154,0.9,0.9186,0.9667,1.4057,o,142.0,89.0,27676.0,410.0
170967,2024,27660.0,168.0,19.0,0.7701,0.7936,0.7986,0.8111,1.1095,o,129.0,83.0,27938.0,413.0
170976,1998,698324.0,5264.0,0.0,0.9046,0.9275,0.9382,0.9531,1.1101,o,,,,
170976,1999,703253.0,5124.0,0.0,0.8743,0.8895,0.8966,0.9063,1.0744,o,,,,
170976,2000,715356.0,5603.0,0.0,0.9399,0.947,0.9503,0.9548,1.0321,o,,,,
170976,2001,719359.0,5606.0,0.0,0.9352,0.9376,0.9386,0.9401,1.0107,o,,,,
170976,2002,721810.0,5720.0,0.0,0.9509,0.9545,0.9562,0.9585,1.0159,o,5187.0,,12013.0,
170976,2003,721082.0,5939.0,0.0,0.9883,0.9865,0.9856,0.9845,0.9921,o,5550.0,,12720.0,790.0
170976,2004,720906.0,5923.0,0.0,0.9859,0.9807,0.9783,0.9751,0.9781,o,6037.0,,13225.0,818.0
170976,2005,731951.0,5880.0,0.0,0.964,0.977,0.983,0.9913,1.0574,o,6113.0,,13200.0,813.0
170976,2006,755383.0,5614.0,0.0,0.8918,0.9189,0.9316,0.9492,1.1327,o,5399.0,729.0,14355.0,839.0
170976,2007,761590.0,5941.0,0.0,0.9361,0.9519,0.9592,0.9693,1.0722,o,5992.0,755.0,14706.0,856.0
170976,2008,777936.0,6258.0,0.0,0.9653,0.9614,0.9596,0.9571,0.9831,o,5783.0,759.0,15287.0,897.0
170976,2009,774233.0,6473.0,0.0,1.0033,0.9957,0.9923,0.9877,0.9691,o,6079.0,870.0,15880.0,752.0
170976,2010,782458.0,6457.0,0.0,0.9903,0.9974,1.0007,1.0052,1.0304,o,6496.0,928.0,16666.0,771.0
170976,2011,808335.0,6553.0,0.0,0.9728,0.9962,1.0071,1.0221,1.1039,o,6250.0,874.0,16524.0,802.0
170976,2012,818616.0,6490.0,0.0,0.9514,0.9696,0.9781,0.9898,1.0825,o,6171.0,905.0,17190.0,900.0
170976,2013,836434.0,6741.0,0.0,0.9671,0.9779,0.9828,0.9896,1.0471,o,6200.0,966.0,17370.0,925.0
170976,2014,840745.0,7076.0,0.0,1.01,1.006,1.0042,1.0017,0.9838,o,6505.0,929.0,17303.0,944.0
170976,2015,845458.0,7091.0,0.0,1.0065,1.0057,1.0053,1.0048,0.9968,o,6071.0,888.0,17606.0,966.0
170976,2016,836407.0,7074.0,0.0,1.0149,1.0179,1.0193,1.0212,1.0125,o,6689.0,1060.0,17963.0,973.0
170976,2017,859538.0,7059.0,0.0,0.9855,0.9929,0.9962,1.0009,1.0314,o,6847.0,1087.0,18360.0,1002.0
170976,2018,882345.0,7450.0,0.0,1.0132,1.0287,1.0359,1.0458,1.0654,o,6695.0,1246.0,18477.0,1017.0
170976,2019,900895.0,7076.0,0.0,0.9425,0.9594,0.9673,0.9781,1.0768,o,6830.0,1278.0,18623.0,1022.0
170976,2020,935242.0,7817.0,0.0,1.003,1.0171,1.0236,1.0326,1.06,o,6879.0,1305.0,18700.0,1040.0
170976,2021,942575.0,8204.0,0.0,1.0445,1.0476,1.0491,1.0511,1.0128,o,7290.0,1407.0,18615.0,1037.0
170976,2022,951235.0,8021.0,0.0,1.0119,1.0229,1.028,1.035,1.0463,o,7050.0,1342.0,17748.0,1028.0
170976,2023,972800.0,8142.0,0.0,1.0044,1.0186,1.0251,1.0342,1.0603,o,7466.0,1414.0,17324.0,990.0
170976,2024,1005666.0,8444.0,0.0,1.0076,1.0215,1.0279,1.0368,1.0589,o,7278.0,1580.0,17228.0,974.0
171012,1998,6946.0,0.0,0.0,0.0,0.0,0.0,0.0,,-,,,,
171012,1999,8616.0,0.0,0.0,0.0,0.0,0.0,0.0,,-,,,,
171100,1998,938985.0,6297.0,0.0,0.8047,0.8208,0.8282,0.8385,1.0857,o,,,,
171100,1999,949171.0,6687.0,0.0,0.8454,0.8573,0.8628,0.8704,1.06,o,,,,
171100,2000,957623.0,6897.0,0.0,0.8643,0.865,0.8654,0.8658,1.0036,o,,,,
171100,2001,949171.0,6959.0,0.0,0.8798,0.8747,0.8724,0.8692,0.9761,o,,,,
171100,2002,982684.0,7073.0,0.0,0.8637,0.8626,0.8621,0.8615,0.9948,o,7000.0,,9745.0,
171100,2003,991953.0,7481.0,0.0,0.905,0.9093,0.9113,0.914,1.0201,o,7122.0,,10366.0,413.0
171100,2004,913490.0,7783.0,0.0,1.0224,1.03,1.0335,1.0382,1.0312,o,7607.0,,11000.0,475.0
171100,2005,1008595.0,7733.0,0.0,0.9201,0.933,0.9391,0.9473,1.0602,o,7485.0,,11265.0,452.0
171100,2006,1023991.0,7755.0,0.0,0.9088,0.9267,0.935,0.9465,1.0847,o,7440.0,,12733.0,490.0
171100,2007,1033068.0,7930.0,0.0,0.9211,0.9334,0.9391,0.947,1.0569,o,7541.0,1401.0,13077.0,513.0
171100,2008,1041275.0,7941.0,0.0,0.9151,0.9189,0.9206,0.9229,1.0171,o,7519.0,1420.0,14180.0,558.0
171100,2009,1050785.0,7793.0,0.0,0.89,0.8895,0.8893,0.889,0.9979,o,7386.0,1470.0,14696.0,548.0
171100,2010,1050008.0,8223.0,0.0,0.9398,0.9395,0.9393,0.9391,0.9987,o,7375.0,1376.0,15553.0,576.0
171100,2011,1040063.0,8018.0,0.0,0.9251,0.9218,0.9203,0.9183,0.9853,o,7984.0,1488.0,15567.0,586.0
171100,2012,1050094.0,8221.0,0.0,0.9395,0.9439,0.9459,0.9487,1.0199,o,8354.0,1397.0,16602.0,672.0
171100,2013,1074048.0,7909.0,0.0,0.8836,0.9033,0.9125,0.9252,1.0961,o,8061.0,1513.0,16873.0,703.0
171100,2014,1096596.0,7924.0,0.0,0.8671,0.8895,0.9,0.9144,1.1121,o,8055.0,1668.0,16934.0,737.0
171100,2015,1116516.0,8299.0,0.0,0.892,0.9023,0.9071,0.9137,1.0493,o,8173.0,1670.0,17232.0,765.0
171100,2016,1116409.0,8924.0,0.0,0.9592,0.9577,0.957,0.956,0.9933,o,8190.0,1640.0,17580.0,790.0
171100,2017,1115237.0,9298.0,0.0,1.0005,0.9997,0.9994,0.9989,0.9968,o,8366.0,1669.0,17926.0,807.0
171100,2018,1123603.0,9120.0,0.0,0.974,0.9803,0.9832,0.9872,1.0273,o,8688.0,1590.0,18021.0,795.0
171100,2019,1130887.0,8997.0,0.0,0.9547,0.9661,0.9714,0.9787,1.0509,o,8801.0,1266.0,17644.0,777.0
171100,2020,1156978.0,9516.0,0.0,0.987,1.0029,1.0102,1.0204,1.0688,o,8389.0,1253.0,17380.0,775.0
171100,2021,1139141.0,9450.0,0.0,0.9955,1.0045,1.0087,1.0144,1.0383,o,9225.0,1276.0,16878.0,717.0
171100,2022,1116849.0,8878.0,0.0,0.9539,0.9613,0.9647,0.9694,1.0328,o,9829.0,1378.0,16181.0,679.0
171100,2023,1138165.0,8974.0,0.0,0.9462,0.9658,0.975,0.9876,1.0895,o,9533.0,1546.0,15912.0,666.0
171100,2024,1182532.0,8757.0,0.0,0.8886,0.9144,0.9264,0.9431,1.1264,o,9804.0,1326.0,15988.0,653.0
171128,1998,167973.0,1075.0,85.0,0.7983,0.8211,0.8317,0.8464,1.1241,o,,,,
171128,1999,166564.0,986.0,71.0,0.7359,0.7646,0.7781,0.7969,1.1727,o,,,,
171128,2000,252711.0,1129.0,63.0,0.5511,0.5635,0.5693,0.5772,1.0972,o,,,,
171128,2001,160204.0,1074.0,50.0,0.8232,0.8309,0.8345,0.8394,1.0398,o,,,,
171128,2002,161353.0,996.0,35.0,0.7538,0.7545,0.7548,0.7553,1.0041,o,1190.0,,10198.0,
171128,2003,163656.0,975.0,38.0,0.7288,0.7311,0.7322,0.7336,1.0131,o,1178.0,,10969.0,393.0
171128,2004,161347.0,1042.0,24.0,0.7839,0.7791,0.7768,0.7738,0.9745,o,1227.0,,12338.0,372.0
171128,2005,159608.0,1048.0,28.0,0.7985,0.793,0.7905,0.7871,0.9717,o,1327.0,,12249.0,346.0
171128,2006,163307.0,1008.0,24.0,0.7495,0.7615,0.7671,0.7748,1.0686,o,1169.0,218.0,12767.0,374.0
171128,2007,164920.0,966.0,26.0,0.7123,0.7214,0.7256,0.7313,1.0541,o,1223.0,229.0,13475.0,401.0
171128,2008,169414.0,1146.0,20.0,0.8188,0.8178,0.8173,0.8166,0.9946,o,1365.0,216.0,14383.0,425.0
171128,2009,176235.0,1073.0,23.0,0.7384,0.7408,0.7419,0.7433,1.0133,o,1160.0,236.0,15483.0,460.0
171128,2010,173842.0,1149.0,6.0,0.7952,0.7974,0.7984,0.7998,1.0116,o,1115.0,230.0,16222.0,468.0
171128,2011,167878.0,1026.0,3.0,0.7345,0.7257,0.7217,0.7163,0.9511,o,1161.0,219.0,16775.0,477.0
171128,2012,165594.0,1184.0,0.0,0.858,0.832,0.8203,0.8046,0.8794,o,1153.0,257.0,17488.0,500.0
171128,2013,160931.0,1103.0,1.0,0.8228,0.8058,0.7981,0.7877,0.9164,o,1253.0,195.0,17850.0,547.0
171128,2014,167311.0,1036.0,0.0,0.743,0.7531,0.7578,0.7641,1.0576,o,1199.0,207.0,18074.0,555.0
171128,2015,166053.0,1103.0,0.0,0.7971,0.8115,0.8181,0.8273,1.0773,o,1277.0,184.0,18329.0,566.0
171128,2016,170743.0,1065.0,3.0,0.7495,0.7618,0.7675,0.7753,1.07,o,1381.0,199.0,18521.0,576.0
171128,2017,169857.0,1066.0,1.0,0.7535,0.7717,0.7802,0.7919,1.1047,o,1323.0,189.0,18655.0,604.0
171128,2018,169018.0,1120.0,1.0,0.7955,0.8144,0.8232,0.8354,1.1028,o,1245.0,156.0,18786.0,610.0
171128,2019,169458.0,1160.0,1.0,0.8218,0.829,0.8324,0.8369,1.0372,o,1301.0,159.0,19091.0,623.0
171128,2020,175296.0,1170.0,2.0,0.8016,0.7934,0.7896,0.7845,0.9579,o,1201.0,149.0,19183.0,586.0
171128,2021,171068.0,1173.0,5.0,0.8246,0.8094,0.8025,0.7932,0.9253,o,1479.0,151.0,19185.0,570.0
171128,2022,175201.0,1164.0,5.0,0.799,0.8072,0.811,0.8162,1.0436,o,1388.0,143.0,18612.0,543.0
171128,2023,175563.0,1109.0,3.0,0.759,0.781,0.7913,0.8055,1.1261,o,1463.0,173.0,18233.0,526.0
171128,2024,181726.0,1094.0,16.0,0.7277,0.7509,0.7617,0.7768,1.1395,o,1373.0,139.0,18392.0,554.0
171137,1998,160350.0,942.0,0.0,0.705,0.7216,0.7293,0.74,1.102,o,,,,
171137,1999,166620.0,944.0,0.0,0.6799,0.7015,0.7116,0.7257,1.1393,o,,,,
171137,2000,150850.0,983.0,0.0,0.782,0.7945,0.8004,0.8084,1.0687,o,,,,
171137,2001,154012.0,979.0,0.0,0.7628,0.7642,0.7648,0.7657,1.0076,o,,,,
171137,2002,152679.0,1140.0,0.0,0.896,0.8817,0.8752,0.8665,0.9352,o,809.0,,8481.0,
171137,2003,155865.0,1141.0,0.0,0.8785,0.865,0.8588,0.8506,0.9375,o,764.0,,9061.0,371.0
171137,2004,158284.0,1096.0,0.0,0.8309,0.8288,0.8278,0.8265,0.9893,o,693.0,,9683.0,383.0
171137,2005,154238.0,1155.0,0.0,0.8986,0.8881,0.8834,0.8769,0.9523,o,830.0,,9192.0,391.0
171137,2006,157088.0,1151.0,0.0,0.8793,0.8802,0.8807,0.8813,1.0046,o,795.0,710.0,9746.0,416.0
171137,2007,158707.0,1214.0,0.0,0.9179,0.9251,0.9284,0.933,1.0331,o,893.0,680.0,10871.0,440.0
171137,2008,158346.0,1147.0,0.0,0.8692,0.9005,0.9152,0.9356,1.1585,o,953.0,670.0,11003.0,457.0
171137,2009,163064.0,1139.0,0.0,0.8382,0.8778,0.8966,0.9228,1.2121,o,914.0,697.0,11885.0,451.0
171137,2010,169919.0,1156.0,0.0,0.8164,0.844,0.857,0.8751,1.1489,o,911.0,789.0,12588.0,429.0
171137,2011,173552.0,1137.0,0.0,0.7862,0.801,0.8079,0.8174,1.0812,o,954.0,807.0,13150.0,433.0
171137,2012,177972.0,1227.0,0.0,0.8273,0.8294,0.8303,0.8316,1.0103,o,871.0,798.0,13318.0,475.0
171137,2013,176694.0,1267.0,0.0,0.8605,0.8558,0.8536,0.8507,0.9775,o,954.0,727.0,13702.0,488.0
171137,2014,173469.0,1297.0,0.0,0.8972,0.8972,0.8972,0.8972,1.0,o,951.0,707.0,13974.0,506.0
171137,2015,173019.0,1292.0,0.0,0.8961,0.9007,0.9028,0.9056,1.0214,o,985.0,734.0,14297.0,523.0
171137,2016,173986.0,1302.0,0.0,0.898,0.9108,0.9168,0.9249,1.0608,o,1074.0,746.0,14655.0,533.0
171137,2017,175823.0,1361.0,0.0,0.9289,0.9562,0.9689,0.9866,1.1282,o,1106.0,785.0,15338.0,539.0
171137,2018,178326.0,1380.0,0.0,0.9286,0.9592,0.9735,0.9934,1.1444,o,1093.0,696.0,15544.0,524.0
171137,2019,179774.0,1366.0,0.0,0.9118,0.9401,0.9534,0.9718,1.1358,o,1014.0,648.0,15777.0,525.0
171137,2020,177661.0,1434.0,0.0,0.9686,0.974,0.9764,0.9798,1.0233,o,1003.0,566.0,15991.0,532.0
171137,2021,174145.0,1538.0,0.0,1.0598,1.0402,1.0314,1.0194,0.9252,o,1084.0,482.0,15818.0,491.0
171137,2022,163493.0,1458.0,0.0,1.0701,1.0568,1.0507,1.0425,0.9491,o,1005.0,520.0,15157.0,452.0
171137,2023,157637.0,1437.0,0.0,1.0939,1.0917,1.0906,1.0892,0.9915,o,1157.0,562.0,14823.0,473.0
171137,2024,163538.0,1318.0,0.0,0.9671,0.9834,0.9909,1.0013,1.0719,o,1114.0,584.0,14944.0,446.0
171146,1998,136511.0,897.0,0.0,0.7885,0.817,0.8304,0.849,1.1593,o,,,,
171146,1999,142576.0,925.0,0.0,0.7785,0.8285,0.8525,0.8863,1.2961,o,,,,
171146,2000,139931.0,873.0,0.0,0.7487,0.7716,0.7823,0.7972,1.134,o,,,,
171146,2001,137182.0,892.0,0.0,0.7803,0.7798,0.7796,0.7793,0.9976,o,,,,
171146,2002,140973.0,896.0,0.0,0.7627,0.7575,0.7552,0.7519,0.972,o,527.0,,7497.0,
171146,2003,139064.0,937.0,0.0,0.8085,0.7901,0.7817,0.7705,0.9081,o,474.0,,7637.0,281.0
171146,2004,133226.0,869.0,0.0,0.7827,0.7444,0.7275,0.705,0.8112,o,553.0,,8292.0,317.0
171146,2005,133840.0,907.0,0.0,0.8132,0.7658,0.745,0.7176,0.7786,o,579.0,,8727.0,321.0
171146,2006,134994.0,905.0,0.0,0.8045,0.7972,0.7938,0.7893,0.9626,o,524.0,691.0,9454.0,357.0
171146,2007,134609.0,917.0,0.0,0.8175,0.8367,0.8457,0.8581,1.1019,o,626.0,672.0,9903.0,377.0
171146,2008,138257.0,915.0,0.0,0.7942,0.816,0.8262,0.8404,1.1198,o,909.0,712.0,10194.0,371.0
171146,2009,148307.0,903.0,0.0,0.7306,0.7861,0.8128,0.8508,1.356,o,769.0,860.0,10613.0,385.0
171146,2010,161545.0,965.0,0.0,0.7168,0.7928,0.8302,0.8841,1.5213,o,781.0,904.0,11227.0,388.0
171146,2011,169093.0,918.0,0.0,0.6515,0.6999,0.7232,0.7563,1.3478,o,686.0,957.0,11391.0,392.0
171146,2012,168394.0,1075.0,0.0,0.7661,0.7578,0.754,0.7489,0.9557,o,626.0,857.0,11854.0,412.0
171146,2013,168287.0,1102.0,0.0,0.7858,0.7407,0.721,0.6948,0.7819,o,724.0,810.0,12069.0,437.0
171146,2014,169236.0,1209.0,0.0,0.8573,0.8293,0.8168,0.8,0.871,o,662.0,796.0,12318.0,446.0
171146,2015,164913.0,1223.0,0.0,0.8899,0.8779,0.8724,0.865,0.9448,o,642.0,752.0,12655.0,463.0
171146,2016,158289.0,1265.0,0.0,0.959,0.9576,0.957,0.9561,0.9939,o,640.0,696.0,12881.0,472.0
171146,2017,152732.0,1223.0,0.0,0.9609,0.9491,0.9437,0.9364,0.9496,o,688.0,678.0,13186.0,467.0
171146,2018,149088.0,1147.0,0.0,0.9232,0.9138,0.9095,0.9037,0.9582,o,669.0,637.0,13512.0,466.0
171146,2019,143445.0,1061.0,0.0,0.8876,0.8961,0.9001,0.9054,1.0406,o,604.0,564.0,13793.0,483.0
171146,2020,138766.0,1066.0,0.0,0.9218,0.9203,0.9196,0.9186,0.993,o,559.0,484.0,14666.0,495.0
171146,2021,128809.0,1129.0,0.0,1.0518,1.0188,1.0041,0.9843,0.8758,o,493.0,475.0,14875.0,491.0
171146,2022,115385.0,1066.0,0.0,1.1086,1.0429,1.0141,0.9761,0.7752,o,521.0,520.0,13987.0,451.0
171146,2023,108268.0,957.0,0.0,1.0607,1.0043,0.9795,0.9467,0.7965,o,533.0,653.0,13707.0,434.0
171146,2024,119983.0,911.0,0.0,0.9111,0.8899,0.8803,0.8674,0.9063,o,555.0,813.0,14014.0,424.0
171155,1998,63330.0,0.0,180.0,0.1705,0.1706,0.1706,0.1706,1.0013,o,,,,
171155,1999,41919.0,0.0,181.0,0.2591,0.2598,0.2618,0.2627,1.0436,o,,,,
171155,2000,42858.0,0.0,199.0,0.2786,0.2821,0.2912,0.2954,1.1943,o,,,,
171155,2001,42865.0,0.0,182.0,0.2548,0.2536,0.2506,0.2493,0.9369,o,,,,
171155,2002,57718.0,0.0,146.0,0.1518,0.1521,0.1528,0.1532,1.0278,o,1101.0,,2829.0,
171155,2003,53606.0,0.0,170.0,0.1903,0.2035,0.2418,0.2611,2.609,o,892.0,,3176.0,127.0
171155,2004,59648.0,0.0,175.0,0.176,0.1778,0.1825,0.1846,1.1554,o,1139.0,,3499.0,107.0
171155,2005,81270.0,0.0,159.0,0.1174,0.1185,0.1214,0.1227,1.143,o,1126.0,,3821.0,109.0
171155,2006,89700.0,0.0,192.0,0.1284,0.1294,0.1318,0.1329,1.1088,o,734.0,,3459.0,103.0
171155,2007,95880.0,0.0,311.0,0.1946,0.1888,0.1746,0.1687,0.6481,o,1188.0,1243.0,3823.0,110.0
171155,2008,110670.0,0.0,277.0,0.1502,0.1528,0.1597,0.1628,1.2774,o,881.0,1254.0,3734.0,112.0
171155,2009,126510.0,0.0,322.0,0.1527,0.1518,0.1494,0.1484,0.9168,o,927.0,1361.0,2814.0,125.0
171155,2010,178830.0,0.0,362.0,0.1215,0.1205,0.1182,0.1171,0.8961,o,1048.0,1404.0,2916.0,102.0
171155,2011,143269.0,0.0,502.0,0.2102,0.2124,0.2181,0.2207,1.1593,o,1336.0,1337.0,3010.0,124.0
171155,2012,130326.0,0.0,538.0,0.2477,0.253,0.2671,0.2737,1.3529,o,848.0,1516.0,3064.0,133.0
171155,2013,109595.0,0.0,498.0,0.2726,0.2662,0.2504,0.2437,0.7114,o,756.0,913.0,3182.0,155.0
171155,2014,102780.0,0.0,425.0,0.2481,0.2418,0.2263,0.2198,0.6923,o,689.0,921.0,3597.0,160.0
171155,2015,100924.0,0.0,481.0,0.286,0.2829,0.2753,0.272,0.8591,o,1095.0,830.0,4570.0,175.0
171155,2016,100215.0,0.0,373.0,0.2233,0.2299,0.2478,0.2562,1.5156,o,1183.0,285.0,4679.0,163.0
171155,2017,97029.0,0.0,380.0,0.235,0.2397,0.2522,0.2579,1.3262,o,632.0,340.0,4826.0,167.0
171155,2018,96658.0,0.0,394.0,0.2446,0.2347,0.2111,0.2014,0.5549,o,665.0,287.0,5729.0,174.0
171155,2019,92413.0,0.0,323.0,0.2097,0.2052,0.194,0.1893,0.7328,o,614.0,313.0,5789.0,170.0
171155,2020,89625.0,0.0,338.0,0.2263,0.2254,0.2232,0.2222,0.9468,o,450.0,181.0,5793.0,168.0
171155,2021,74042.0,0.0,322.0,0.2609,0.2546,0.239,0.2324,0.7037,o,429.0,223.0,5831.0,169.0
171155,2022,70790.0,0.0,351.0,0.2975,0.2931,0.2819,0.2771,0.8064,o,365.0,329.0,5713.0,165.0
171155,2023,70404.0,0.0,361.0,0.3077,0.3037,0.2937,0.2894,0.8305,o,395.0,251.0,5774.0,127.0
171155,2024,55983.0,0.0,422.0,0.4523,0.4521,0.4517,0.4515,0.995,o,491.0,266.0,5794.0,161.0
171225,1998,56968.0,0.0,354.0,0.3728,0.3727,0.3725,0.3724,0.9962,o,,,,
171225,1999,57759.0,0.0,333.0,0.3459,0.3466,0.3483,0.3491,1.0284,o,,,,
171225,2000,56537.0,0.0,344.0,0.3651,0.3644,0.3627,0.3619,0.9739,o,,,,
171225,2001,57017.0,0.0,313.0,0.3294,0.329,0.3279,0.3274,0.9819,o,,,,
171225,2002,63451.0,0.0,374.0,0.3537,0.355,0.3585,0.36,1.0556,o,450.0,,2874.0,
171225,2003,68150.0,0.0,360.0,0.3169,0.3009,0.2634,0.2482,0.4767,o,555.0,,2926.0,91.0
171225,2004,72178.0,0.0,367.0,0.3051,0.2999,0.287,0.2814,0.7828,o,567.0,,2877.0,94.0
171225,2005,76571.0,0.0,416.0,0.326,0.3287,0.336,0.3392,1.1284,o,678.0,,3036.0,94.0
171225,2006,77972.0,0.0,418.0,0.3217,0.3259,0.3373,0.3424,1.2086,o,702.0,,3007.0,97.0
171225,2007,80787.0,0.0,448.0,0.3327,0.3355,0.3429,0.3462,1.1277,o,769.0,143.0,2979.0,101.0
171225,2008,81416.0,0.0,441.0,0.325,0.3275,0.3339,0.3368,1.1145,o,769.0,131.0,3161.0,104.0
171225,2009,85637.0,0.0,454.0,0.3181,0.3191,0.3216,0.3228,1.0455,o,753.0,140.0,3309.0,103.0
171225,2010,91753.0,0.0,461.0,0.3015,0.301,0.2999,0.2994,0.9792,o,817.0,167.0,3202.0,100.0
171225,2011,90312.0,0.0,508.0,0.3375,0.3392,0.3435,0.3455,1.0736,o,657.0,141.0,3336.0,98.0
171225,2012,82493.0,0.0,485.0,0.3528,0.3484,0.3374,0.3326,0.8369,o,588.0,129.0,3470.0,100.0
171225,2013,76589.0,0.0,478.0,0.3745,0.3686,0.3539,0.3476,0.7978,o,579.0,104.0,3850.0,114.0
171225,2014,69164.0,0.0,495.0,0.4294,0.4272,0.4217,0.4193,0.9301,o,488.0,95.0,4200.0,132.0
171225,2015,62027.0,0.0,443.0,0.4285,0.4232,0.4098,0.404,0.8363,o,300.0,89.0,4282.0,140.0
171225,2016,55889.0,0.0,396.0,0.4251,0.4083,0.3681,0.3516,0.5623,o,455.0,118.0,4836.0,162.0
171225,2017,55329.0,0.0,387.0,0.4197,0.4239,0.435,0.4401,1.1548,o,558.0,89.0,4946.0,167.0
171225,2018,53717.0,0.0,434.0,0.4848,0.4982,0.5345,0.5515,1.4781,o,561.0,82.0,4848.0,167.0
171225,2019,48484.0,0.0,331.0,0.4096,0.4126,0.4202,0.4237,1.1076,o,471.0,99.0,4838.0,175.0
171225,2020,43938.0,0.0,392.0,0.5353,0.5289,0.5127,0.5057,0.8418,o,385.0,86.0,4865.0,171.0
171225,2021,42393.0,0.0,313.0,0.443,0.434,0.4117,0.4022,0.7461,o,442.0,91.0,4043.0,163.0
171225,2022,42981.0,0.0,351.0,0.49,0.4911,0.4939,0.4952,1.0327,o,442.0,94.0,4753.0,160.0
171225,2023,41834.0,0.0,327.0,0.469,0.4712,0.4769,0.4794,1.0689,o,363.0,88.0,4578.0,161.0
171225,2024,42019.0,0.0,328.0,0.4684,0.4619,0.4459,0.4389,0.8213,o,357.0,82.0,4566.0,166.0
171234,1998,32993.0,0.0,187.0,0.3401,0.3318,0.3116,0.303,0.7046,o,,,,
171234,1999,24785.0,0.0,161.0,0.3898,0.3945,0.407,0.4126,1.1885,o,,,,
171234,2000,28422.0,0.0,164.0,0.3462,0.3365,0.3128,0.3029,0.6667,o,,,,
171234,2001,23913.0,0.0,90.0,0.2258,0.2208,0.2085,0.2032,0.7264,o,,,,
171234,2002,32800.0,0.0,99.0,0.1811,0.1811,0.181,0.181,0.9977,o,251.0,,3083.0,
171234,2003,35823.0,0.0,110.0,0.1842,0.1858,0.19,0.1919,1.1306,o,298.0,,3140.0,111.0
171234,2004,40380.0,0.0,138.0,0.2051,0.2084,0.2174,0.2215,1.2627,o,389.0,,3259.0,117.0
171234,2005,48960.0,0.0,129.0,0.1581,0.162,0.1725,0.1774,1.4171,o,322.0,,3211.0,116.0
171234,2006,53250.0,0.0,158.0,0.178,0.1772,0.1752,0.1743,0.9374,o,381.0,105.0,3249.0,76.0
171234,2007,70440.0,0.0,179.0,0.1525,0.1532,0.1551,0.156,1.0717,o,350.0,477.0,3289.0,80.0
171234,2008,55771.0,0.0,334.0,0.3593,0.3592,0.3589,0.3588,0.9957,o,286.0,405.0,3336.0,91.0
171234,2009,54060.0,0.0,275.0,0.3052,0.3,0.2871,0.2815,0.7825,o,340.0,371.0,3453.0,75.0
171234,2010,57690.0,0.0,271.0,0.2819,0.2832,0.2866,0.2881,1.0692,o,251.0,385.0,3559.0,56.0
171234,2013,37702.0,0.0,258.0,0.4106,0.4107,0.411,0.4111,1.0041,o,189.0,344.0,4050.0,86.0
171234,2014,35492.0,0.0,233.0,0.3939,0.3874,0.3712,0.3643,0.7891,o,263.0,278.0,4147.0,107.0
171234,2015,32419.0,0.0,228.0,0.422,0.4278,0.443,0.45,1.2148,o,270.0,75.0,4308.0,104.0
171234,2016,30256.0,0.0,203.0,0.4026,0.4076,0.4209,0.4269,1.1947,o,271.0,55.0,4589.0,127.0
171234,2017,28757.0,0.0,170.0,0.3547,0.3551,0.3562,0.3567,1.0169,o,279.0,61.0,5660.0,183.0
171234,2018,28488.0,0.0,194.0,0.4086,0.4095,0.4118,0.4128,1.0314,o,220.0,67.0,5646.0,188.0
171234,2019,27048.0,0.0,208.0,0.4614,0.4543,0.4364,0.4286,0.8,o,228.0,60.0,5528.0,197.0
171234,2020,24625.0,0.0,215.0,0.5239,0.5206,0.5122,0.5085,0.9138,o,194.0,259.0,5517.0,193.0
171234,2021,23981.0,0.0,200.0,0.5004,0.4954,0.4827,0.4772,0.8661,o,238.0,88.0,5463.0,200.0
171234,2022,25234.0,0.0,182.0,0.4327,0.4364,0.446,0.4503,1.128,o,200.0,84.0,5233.0,188.0
171234,2023,24712.0,0.0,178.0,0.4322,0.4299,0.4239,0.4213,0.9259,o,189.0,100.0,5000.0,178.0
171234,2024,25044.0,0.0,190.0,0.4552,0.4505,0.4387,0.4336,0.863,o,265.0,148.0,4860.0,186.0
171298,1998,43857.0,85.0,237.0,0.5568,0.5854,0.5915,0.6071,1.1887,o,,,,
171298,1999,45955.0,88.0,276.0,0.5901,0.6642,0.6806,0.7235,1.5031,o,,,,
171298,2000,51761.0,92.0,268.0,0.5239,0.5858,0.5995,0.6351,1.4694,o,,,,
171298,2002,58055.0,89.0,321.0,0.5157,0.5297,0.5327,0.5401,1.0968,o,937.0,,12888.0,
171298,2003,71593.0,102.0,324.0,0.4425,0.4649,0.4697,0.4818,1.1856,o,1093.0,,13051.0,
171298,2004,81456.0,101.0,365.0,0.4176,0.4552,0.4633,0.4844,1.3453,o,968.0,,13134.0,
171298,2005,90961.0,122.0,419.0,0.4373,0.4699,0.4769,0.495,1.2809,o,1142.0,,9851.0,
171298,2006,100645.0,122.0,424.0,0.3982,0.4195,0.4241,0.4357,1.1968,o,1124.0,546.0,9816.0,
171298,2007,128220.0,123.0,483.0,0.3411,0.3522,0.3545,0.3604,1.1163,o,1159.0,475.0,9800.0,
171298,2008,108319.0,158.0,468.0,0.4343,0.4474,0.4501,0.4571,1.1077,o,1138.0,520.0,9746.0,
171298,2009,117401.0,162.0,518.0,0.4303,0.441,0.4433,0.449,1.0886,o,1292.0,664.0,9841.0,
171298,2010,138623.0,172.0,468.0,0.3515,0.3587,0.3602,0.364,1.0724,o,1092.0,536.0,10035.0,
171298,2011,129517.0,193.0,560.0,0.4382,0.4438,0.4449,0.4478,1.0442,o,916.0,451.0,10302.0,
171298,2012,110671.0,213.0,657.0,0.5871,0.5647,0.5602,0.549,0.8742,o,811.0,474.0,10286.0,
171298,2013,98453.0,213.0,600.0,0.6253,0.5663,0.5548,0.5271,0.7107,o,757.0,383.0,10347.0,
171298,2014,85325.0,155.0,494.0,0.5654,0.5007,0.4883,0.4585,0.6577,o,665.0,314.0,10664.0,
171304,1998,108000.0,0.0,441.0,0.245,0.2441,0.2417,0.2406,0.947,o,,,,
171304,1999,75013.0,0.0,321.0,0.2568,0.2538,0.2463,0.2431,0.8471,o,,,,
171304,2000,75913.0,0.0,330.0,0.2608,0.2594,0.2556,0.254,0.9226,o,,,,
171304,2001,75566.0,0.0,333.0,0.2644,0.2645,0.2648,0.265,1.0064,o,,,,
171304,2002,83901.0,0.0,289.0,0.2067,0.2084,0.2129,0.2149,1.1257,o,1289.0,,3205.0,
171304,2003,95545.0,0.0,336.0,0.211,0.2124,0.2161,0.2178,1.1012,o,1264.0,,3484.0,85.0
171304,2004,98497.0,0.0,341.0,0.2077,0.2077,0.2078,0.2078,1.0012,o,1122.0,,3814.0,94.0
171304,2005,96215.0,0.0,386.0,0.2407,0.2385,0.2331,0.2307,0.879,o,1218.0,,3863.0,96.0
171304,2006,87906.0,0.0,410.0,0.2798,0.2803,0.2813,0.2818,1.021,o,1044.0,,2805.0,119.0
171304,2007,93622.0,0.0,296.0,0.1897,0.1882,0.1844,0.1827,0.8923,o,1333.0,315.0,2858.0,128.0
171304,2008,104141.0,0.0,378.0,0.2178,0.2203,0.2269,0.2299,1.1786,o,803.0,85.0,3395.0,107.0
171304,2009,104873.0,0.0,348.0,0.1991,0.1937,0.1805,0.1749,0.6756,o,804.0,194.0,3496.0,111.0
171304,2010,111044.0,0.0,373.0,0.2015,0.1976,0.1877,0.1835,0.7528,o,773.0,97.0,3617.0,109.0
171304,2011,111702.0,0.0,415.0,0.2229,0.2223,0.2208,0.2201,0.962,o,716.0,741.0,3769.0,120.0
171304,2012,104644.0,0.0,519.0,0.2976,0.2956,0.2905,0.2883,0.9081,o,739.0,546.0,3878.0,114.0
171304,2013,99293.0,0.0,521.0,0.3148,0.3147,0.3142,0.3141,0.9926,o,865.0,248.0,3410.0,132.0
171304,2014,92570.0,0.0,436.0,0.2826,0.286,0.2951,0.2992,1.189,o,928.0,275.0,4299.0,151.0
171304,2015,97320.0,0.0,455.0,0.2805,0.2834,0.2909,0.2944,1.1571,o,802.0,303.0,6260.0,156.0
171304,2016,86592.0,0.0,449.0,0.3111,0.3087,0.3026,0.2999,0.8946,o,806.0,238.0,6521.0,188.0
171304,2017,84471.0,0.0,495.0,0.3516,0.3499,0.3454,0.3435,0.9318,o,842.0,261.0,6820.0,205.0
171304,2018,84279.0,0.0,535.0,0.3809,0.3821,0.3853,0.3867,1.0473,o,799.0,210.0,6917.0,189.0
171304,2019,81420.0,0.0,519.0,0.3825,0.3816,0.3795,0.3786,0.9697,o,783.0,200.0,7431.0,203.0
171304,2020,78477.0,0.0,502.0,0.3838,0.3826,0.3793,0.3779,0.9543,o,745.0,165.0,7632.0,154.0
171304,2021,70947.0,0.0,476.0,0.4026,0.4009,0.3966,0.3947,0.9418,o,812.0,237.0,7622.0,150.0
171304,2022,74167.0,0.0,505.0,0.4085,0.4103,0.4148,0.4168,1.0628,o,679.0,170.0,7164.0,133.0
171304,2023,70003.0,0.0,520.0,0.4457,0.4414,0.4307,0.426,0.8722,o,841.0,191.0,6967.0,123.0
171304,2024,69003.0,0.0,498.0,0.433,0.4367,0.4463,0.4506,1.1281,o,842.0,205.0,6990.0,106.0
171395,1998,31917.0,0.0,186.0,0.3497,0.3669,0.4154,0.439,1.9928,o,,,,
171395,1999,32550.0,0.0,186.0,0.3429,0.3524,0.3781,0.3901,1.4783,o,,,,
171395,2000,32142.0,0.0,170.0,0.3173,0.2977,0.2525,0.2347,0.4007,o,,,,
171395,2001,33013.0,0.0,185.0,0.3362,0.3392,0.347,0.3505,1.1343,o,,,,
171395,2002,43277.0,0.0,182.0,0.2523,0.2429,0.2203,0.2109,0.5806,o,260.0,,2749.0,
171395,2003,39791.0,0.0,180.0,0.2714,0.2804,0.3048,0.3163,1.5902,o,146.0,,2906.0,64.0
171395,2004,43890.0,0.0,171.0,0.2338,0.2304,0.222,0.2184,0.8134,o,69.0,,3134.0,66.0
171395,2005,45180.0,0.0,215.0,0.2855,0.2648,0.218,0.2,0.3399,o,612.0,,3105.0,74.0
171395,2006,48480.0,0.0,252.0,0.3119,0.3523,0.4818,0.5537,5.693,o,568.0,,2960.0,81.0
171395,2007,41461.0,0.0,255.0,0.369,0.3825,0.4194,0.4369,1.6681,o,530.0,123.0,2964.0,107.0
171395,2008,44124.0,0.0,230.0,0.3128,0.3104,0.3045,0.3019,0.8983,o,584.0,116.0,2927.0,98.0
171395,2009,50638.0,0.0,231.0,0.2737,0.2749,0.278,0.2793,1.0638,o,614.0,141.0,2935.0,93.0
171395,2010,56739.0,0.0,245.0,0.2591,0.2609,0.2655,0.2675,1.1023,o,646.0,125.0,3066.0,86.0
171395,2011,49072.0,0.0,294.0,0.3595,0.3614,0.3663,0.3685,1.0785,o,614.0,437.0,3149.0,98.0
171395,2012,49643.0,0.0,308.0,0.3723,0.3716,0.3699,0.3691,0.9746,o,621.0,90.0,3158.0,98.0
171395,2013,45719.0,0.0,264.0,0.3465,0.3461,0.3452,0.3448,0.9857,o,749.0,102.0,3700.0,106.0
171395,2014,44338.0,0.0,262.0,0.3545,0.3594,0.3721,0.3779,1.213,o,300.0,73.0,4059.0,115.0
171395,2015,41519.0,0.0,311.0,0.4494,0.4242,0.3656,0.3422,0.438,o,336.0,151.0,4397.0,127.0
171395,2016,40769.0,0.0,308.0,0.4533,0.4394,0.4055,0.3913,0.6406,o,313.0,196.0,4630.0,133.0
171395,2017,39013.0,0.0,274.0,0.4214,0.4209,0.4197,0.4192,0.9843,o,402.0,310.0,4752.0,141.0
171395,2018,38888.0,0.0,299.0,0.4613,0.4683,0.4867,0.4951,1.2388,o,342.0,180.0,4925.0,149.0
171395,2019,35756.0,0.0,297.0,0.4984,0.4968,0.4929,0.4911,0.9566,o,258.0,159.0,4706.0,132.0
171395,2020,32933.0,0.0,292.0,0.532,0.5185,0.4855,0.4715,0.6935,o,250.0,36.0,4838.0,135.0
171395,2021,29898.0,0.0,261.0,0.5238,0.5171,0.5004,0.4932,0.8333,o,256.0,58.0,5131.0,156.0
171395,2022,26914.0,0.0,196.0,0.4369,0.4372,0.4378,0.4381,1.0079,o,292.0,52.0,4915.0,143.0
171395,2023,27767.0,0.0,243.0,0.5251,0.5304,0.5442,0.5505,1.1542,o,276.0,49.0,5217.0,130.0
171395,2024,27555.0,0.0,224.0,0.4878,0.488,0.4886,0.4889,1.0073,o,212.0,53.0,5267.0,127.0
171456,1998,191232.0,923.0,192.0,0.6394,0.6537,0.6603,0.6694,1.096,o,,,,
171456,1999,194767.0,906.0,148.0,0.6038,0.6214,0.6297,0.6411,1.1273,o,,,,
171456,2000,199592.0,954.0,129.0,0.6123,0.6218,0.6262,0.6323,1.0662,o,,,,
171456,2001,207966.0,979.0,151.0,0.6085,0.6283,0.6376,0.6506,1.1432,o,,,,
171456,2002,217357.0,1030.0,138.0,0.6067,0.6423,0.6593,0.6832,1.268,o,1706.0,,7547.0,
171456,2003,226635.0,1009.0,140.0,0.5713,0.5973,0.6096,0.6268,1.2038,o,1824.0,,8123.0,226.0
171456,2004,234778.0,1101.0,130.0,0.596,0.6062,0.6109,0.6174,1.0733,o,1939.0,,8640.0,247.0
171456,2005,239858.0,1198.0,137.0,0.6336,0.6441,0.6489,0.6556,1.0706,o,1786.0,,8585.0,252.0
171456,2006,245870.0,1116.0,124.0,0.5749,0.5856,0.5906,0.5974,1.0797,o,1788.0,486.0,9127.0,279.0
171456,2007,243602.0,1223.0,121.0,0.6323,0.6341,0.635,0.6362,1.0125,o,1812.0,459.0,9287.0,293.0
171456,2008,240675.0,1208.0,122.0,0.6327,0.626,0.623,0.6189,0.9567,o,1810.0,431.0,9817.0,303.0
171456,2009,239849.0,1223.0,126.0,0.6434,0.6391,0.6371,0.6344,0.9723,o,1757.0,523.0,10184.0,301.0
171456,2010,245822.0,1216.0,165.0,0.6339,0.6336,0.6334,0.6333,0.998,o,1659.0,570.0,10655.0,307.0
171456,2011,246682.0,1240.0,191.0,0.6497,0.6415,0.6378,0.6328,0.9489,o,1745.0,577.0,10978.0,303.0
171456,2012,245854.0,1277.0,232.0,0.6799,0.6699,0.6653,0.6591,0.9398,o,1638.0,545.0,11448.0,323.0
171456,2013,237352.0,1299.0,234.0,0.7159,0.7069,0.7028,0.6972,0.9484,o,1665.0,502.0,11642.0,334.0
171456,2014,230879.0,1286.0,233.0,0.729,0.7231,0.7204,0.7168,0.9669,o,1595.0,440.0,11898.0,332.0
171456,2015,220678.0,1281.0,222.0,0.7569,0.7491,0.7456,0.7408,0.9577,o,1482.0,401.0,12172.0,328.0
171456,2016,209318.0,1240.0,191.0,0.7656,0.7484,0.7406,0.7302,0.9095,o,1488.0,399.0,12472.0,348.0
171456,2017,196019.0,1251.0,219.0,0.8329,0.8119,0.8025,0.7898,0.8992,o,1501.0,407.0,12450.0,372.0
171456,2018,191200.0,1212.0,209.0,0.8263,0.8092,0.8015,0.7912,0.9169,o,1624.0,488.0,12762.0,381.0
171456,2019,193665.0,1174.0,184.0,0.7844,0.7874,0.7887,0.7905,1.0156,o,1610.0,419.0,13092.0,394.0
171456,2020,194656.0,1182.0,207.0,0.7925,0.8088,0.8165,0.8269,1.0889,o,1360.0,393.0,13528.0,419.0
171456,2021,183659.0,1161.0,225.0,0.8321,0.8308,0.8302,0.8294,0.9936,o,1496.0,360.0,14476.0,408.0
171456,2022,179849.0,1202.0,256.0,0.8874,0.8684,0.8599,0.8484,0.9139,o,1416.0,386.0,14172.0,419.0
171456,2023,174356.0,1240.0,236.0,0.9346,0.9114,0.901,0.8869,0.9004,o,1551.0,440.0,13093.0,409.0
171456,2024,179390.0,1153.0,245.0,0.8532,0.853,0.8529,0.8528,0.999,o,1567.0,385.0,13304.0,415.0
171483,1998,72562.0,0.0,323.0,0.2671,0.2671,0.2671,0.2671,1.0007,o,,,,
171483,1999,93210.0,0.0,292.0,0.188,0.1961,0.2188,0.2297,1.8367,o,,,,
171483,2000,77824.0,0.0,307.0,0.2367,0.2376,0.2398,0.2408,1.0533,o,,,,
171483,2001,78249.0,0.0,318.0,0.2438,0.2388,0.2262,0.2209,0.7412,o,,,,
171483,2002,81866.0,0.0,351.0,0.2572,0.2566,0.2549,0.2541,0.9636,o,1047.0,,3298.0,
171483,2003,86523.0,0.0,321.0,0.2226,0.2241,0.2281,0.2299,1.1033,o,950.0,,2855.0,137.0
171483,2004,88587.0,0.0,373.0,0.2526,0.2515,0.2486,0.2473,0.9373,o,1036.0,,3353.0,164.0
171483,2005,90180.0,0.0,389.0,0.2588,0.2595,0.2612,0.262,1.0376,o,997.0,,3316.0,163.0
171483,2006,90870.0,0.0,407.0,0.2687,0.2688,0.269,0.2691,1.004,o,1060.0,,3210.0,168.0
171483,2007,91313.0,0.0,441.0,0.2898,0.2906,0.2928,0.2938,1.0428,o,918.0,154.0,4008.0,170.0
171483,2008,93433.0,0.0,503.0,0.323,0.3205,0.314,0.3111,0.8926,o,923.0,156.0,4005.0,163.0
171483,2009,95325.0,0.0,413.0,0.26,0.2587,0.2555,0.2541,0.9333,o,1032.0,208.0,4128.0,174.0
171483,2010,109104.0,0.0,534.0,0.2937,0.296,0.3022,0.305,1.1211,o,1062.0,340.0,4101.0,201.0
171483,2011,114393.0,0.0,575.0,0.3016,0.3033,0.3079,0.31,1.0864,o,935.0,336.0,4048.0,194.0
171483,2012,107430.0,0.0,731.0,0.4083,0.405,0.3969,0.3933,0.893,o,914.0,239.0,3946.0,228.0
171483,2013,98272.0,0.0,777.0,0.4744,0.4715,0.464,0.4608,0.9154,o,898.0,316.0,3643.0,241.0
171483,2014,93084.0,31.0,632.0,0.4473,0.4464,0.4441,0.4431,0.9713,o,817.0,300.0,3586.0,257.0
171483,2015,88529.0,34.0,602.0,0.4541,0.4508,0.4425,0.4389,0.9018,o,775.0,311.0,3939.0,286.0
171483,2016,81884.0,51.0,646.0,0.5481,0.5442,0.5344,0.5301,0.9038,o,746.0,343.0,4317.0,307.0
171483,2017,78025.0,52.0,548.0,0.5014,0.4991,0.4933,0.4908,0.9372,o,787.0,263.0,4566.0,333.0
171483,2018,74990.0,41.0,512.0,0.4753,0.4764,0.4794,0.4807,1.0348,o,742.0,226.0,5117.0,342.0
171483,2019,71934.0,63.0,494.0,0.5171,0.516,0.513,0.5116,0.968,o,744.0,224.0,5093.0,351.0
171483,2020,68142.0,44.0,442.0,0.4667,0.4658,0.4635,0.4625,0.9732,o,622.0,203.0,5414.0,323.0
171483,2021,63587.0,52.0,614.0,0.6775,0.6691,0.648,0.6389,0.8371,o,670.0,251.0,5257.0,322.0
171483,2022,64175.0,38.0,526.0,0.5628,0.5621,0.5601,0.5593,0.981,o,601.0,185.0,5090.0,312.0
171483,2023,58836.0,51.0,460.0,0.5731,0.5702,0.5629,0.5596,0.9303,o,589.0,225.0,5362.0,337.0
171483,2024,59141.0,48.0,422.0,0.5255,0.5227,0.5156,0.5125,0.9268,o,607.0,234.0,5350.0,356.0
171492,1998,68597.0,960.0,399.0,2.0284,2.3116,2.3749,2.541,1.5693,o,,,,
171492,1999,69239.0,660.0,331.0,1.4307,1.3203,1.2986,1.2457,0.7582,o,,,,
171492,2000,87851.0,759.0,320.0,1.2553,1.1158,1.0889,1.0246,0.6662,o,,,,
171492,2001,66050.0,962.0,365.0,2.0793,1.9653,1.9425,1.8867,0.8233,o,,,,
171492,2002,92305.0,1019.0,405.0,1.588,1.6476,1.6602,1.6921,1.1354,o,489.0,,21706.0,
171492,2004,92783.0,1036.0,341.0,1.5604,1.565,1.566,1.5684,1.0103,o,438.0,,23209.0,798.0
171492,2005,92945.0,1023.0,307.0,1.519,1.4872,1.4807,1.4647,0.9298,o,493.0,,23386.0,810.0
171492,2006,96667.0,929.0,335.0,1.3612,1.3439,1.3403,1.3315,0.9568,o,504.0,,23656.0,788.0
171492,2007,100365.0,1029.0,401.0,1.47,1.5217,1.5326,1.5603,1.1266,o,450.0,572.0,23897.0,754.0
171492,2008,98732.0,1088.0,433.0,1.5855,1.6485,1.6619,1.6957,1.1439,o,442.0,554.0,24445.0,774.0
171492,2009,98713.0,1146.0,400.0,1.6363,1.6161,1.6119,1.6016,0.9581,o,340.0,531.0,25242.0,755.0
171492,2010,90477.0,1268.0,322.0,1.8953,1.7664,1.7408,1.6785,0.7844,o,359.0,599.0,26314.0,844.0
171492,2011,82365.0,988.0,76.0,1.4948,1.3659,1.3406,1.2795,0.7327,o,340.0,594.0,26902.0,844.0
171492,2012,81463.0,1026.0,25.0,1.5298,1.4253,1.4046,1.3542,0.7836,o,326.0,469.0,27403.0,810.0
171492,2013,76574.0,961.0,41.0,1.5381,1.4681,1.4541,1.4195,0.8517,o,299.0,603.0,28067.0,761.0
171492,2014,78600.0,856.0,33.0,1.3321,1.2895,1.2809,1.2596,0.8941,o,367.0,482.0,29136.0,760.0
171492,2015,72742.0,830.0,18.0,1.3841,1.3648,1.3608,1.351,0.9528,o,352.0,555.0,30198.0,782.0
171492,2016,79312.0,936.0,19.0,1.4306,1.4627,1.4694,1.4864,1.0796,o,338.0,584.0,31335.0,599.0
171492,2017,79096.0,1011.0,24.0,1.552,1.5972,1.6067,1.6307,1.104,o,285.0,576.0,32035.0,616.0
171492,2018,72677.0,863.0,36.0,1.4547,1.4268,1.4211,1.4069,0.9354,o,283.0,550.0,32503.0,652.0
171492,2019,69230.0,883.0,25.0,1.5522,1.4496,1.4293,1.3796,0.79,o,300.0,460.0,33019.0,605.0
171492,2020,70258.0,884.0,21.0,1.5278,1.4549,1.4403,1.4043,0.8449,o,263.0,363.0,33751.0,527.0
171492,2021,57185.0,786.0,19.0,1.6693,1.621,1.6112,1.5869,0.9037,o,293.0,337.0,34410.0,563.0
171492,2022,56722.0,644.0,34.0,1.3984,1.3898,1.388,1.3835,0.9789,o,247.0,286.0,33482.0,524.0
171492,2023,55108.0,613.0,52.0,1.3914,1.3609,1.3546,1.3392,0.9262,o,341.0,333.0,32711.0,475.0
171492,2024,55868.0,551.0,50.0,1.2372,1.2529,1.2562,1.2644,1.0444,o,344.0,349.0,33000.0,479.0
171535,1998,419436.0,0.0,1254.0,0.1794,0.18,0.1816,0.1824,1.0511,o,,,,
171535,1999,421532.0,0.0,1672.0,0.238,0.2367,0.2334,0.2319,0.9248,o,,,,
171535,2000,438997.0,0.0,1372.0,0.1875,0.2001,0.2365,0.2548,2.5312,o,,,,
171535,2001,453057.0,0.0,1291.0,0.171,0.1662,0.1544,0.1495,0.6657,o,,,,
171535,2002,526027.0,0.0,1349.0,0.1539,0.1575,0.1673,0.1718,1.3963,o,1888.0,,2884.0,
171535,2003,534790.0,0.0,1692.0,0.1898,0.1903,0.1916,0.1921,1.0368,o,1641.0,,2829.0,91.0
171535,2004,546960.0,0.0,1864.0,0.2045,0.2003,0.19,0.1856,0.7456,o,1614.0,,2728.0,86.0
171535,2005,534030.0,0.0,1908.0,0.2144,0.213,0.2096,0.2082,0.9147,o,1704.0,,2762.0,88.0
171535,2006,720150.0,0.0,1824.0,0.152,0.1525,0.1537,0.1543,1.047,o,1861.0,,2741.0,64.0
171535,2007,786810.0,0.0,1816.0,0.1385,0.1396,0.1425,0.1438,1.1218,o,1927.0,,2683.0,58.0
171535,2008,771930.0,0.0,1932.0,0.1502,0.151,0.1531,0.1541,1.0811,o,2006.0,,2671.0,58.0
171535,2009,535720.0,0.0,1762.0,0.1973,0.1981,0.2002,0.2011,1.0591,o,3560.0,,2695.0,85.0
171535,2010,616821.0,0.0,2219.0,0.2158,0.225,0.2504,0.2625,1.8103,o,3428.0,,2727.0,73.0
171535,2011,616630.0,0.0,2284.0,0.2222,0.2255,0.2341,0.2381,1.2318,o,3908.0,,2940.0,79.0
171535,2012,606699.0,0.0,2415.0,0.2388,0.2407,0.2456,0.2478,1.1185,o,2489.0,1096.0,2865.0,69.0
171535,2013,568691.0,0.0,2969.0,0.3132,0.3049,0.2843,0.2756,0.6786,o,2412.0,1125.0,3004.0,75.0
171535,2014,531222.0,0.0,2589.0,0.2924,0.2867,0.2725,0.2664,0.7541,o,2271.0,735.0,3156.0,82.0
171535,2015,475582.0,0.0,2509.0,0.3165,0.3149,0.3106,0.3087,0.9268,o,3143.0,3429.0,3349.0,92.0
171535,2016,410459.0,0.0,2709.0,0.396,0.4042,0.4262,0.4364,1.3423,o,1367.0,849.0,3559.0,107.0
171535,2017,368030.0,0.0,3051.0,0.4974,0.4742,0.4193,0.397,0.505,o,1879.0,2749.0,3748.0,115.0
171535,2018,337530.0,0.0,2156.0,0.3833,0.3784,0.3662,0.3609,0.8333,o,1929.0,3094.0,2941.0,114.0
171535,2019,314029.0,0.0,1823.0,0.3483,0.3525,0.3637,0.3687,1.1885,o,2316.0,3594.0,2938.0,116.0
171535,2020,304264.0,0.0,2354.0,0.4642,0.4706,0.4875,0.4952,1.2164,o,3236.0,2543.0,2966.0,118.0
171535,2021,305591.0,0.0,1826.0,0.3585,0.3693,0.3984,0.4121,1.5246,o,2420.0,3239.0,2951.0,115.0
171535,2022,283797.0,0.0,1666.0,0.3522,0.3489,0.3403,0.3366,0.8718,o,2983.0,2214.0,3050.0,101.0
171535,2023,286749.0,0.0,1769.0,0.3701,0.3715,0.3751,0.3767,1.0548,o,3129.0,2285.0,3002.0,103.0
171535,2024,304692.0,0.0,1590.0,0.3131,0.3163,0.3248,0.3287,1.1582,o,3907.0,2419.0,3020.0,89.0
171571,1998,263828.0,1585.0,0.0,0.7209,0.7484,0.7614,0.7794,1.1688,o,,,,
171571,1999,270063.0,1662.0,0.0,0.7385,0.7615,0.7722,0.7872,1.1361,o,,,,
171571,2000,285860.0,1715.0,0.0,0.7199,0.7493,0.7632,0.7825,1.1815,o,,,,
171571,2001,301077.0,1794.0,0.0,0.715,0.7542,0.7728,0.799,1.2486,o,,,,
171571,2002,317063.0,1856.0,0.0,0.7024,0.7384,0.7556,0.7795,1.2315,o,1868.0,,7691.0,
171571,2003,325191.0,1927.0,0.0,0.7111,0.7322,0.7421,0.7558,1.1296,o,2101.0,,8181.0,283.0
171571,2004,336073.0,2028.0,0.0,0.7241,0.7364,0.7421,0.7499,1.0724,o,2053.0,,8779.0,309.0
171571,2005,337659.0,2012.0,0.0,0.715,0.7308,0.7382,0.7483,1.0952,o,2213.0,,8618.0,310.0
171571,2006,347090.0,2055.0,0.0,0.7105,0.7317,0.7417,0.7555,1.1307,o,2287.0,1329.0,9124.0,331.0
171571,2007,355134.0,2112.0,0.0,0.7136,0.7355,0.7457,0.7599,1.1338,o,2340.0,1348.0,10039.0,350.0
171571,2008,366319.0,2241.0,0.0,0.7341,0.7534,0.7624,0.7748,1.1139,o,2350.0,1674.0,11085.0,372.0
171571,2009,376447.0,2226.0,0.0,0.7096,0.7259,0.7335,0.744,1.0994,o,2465.0,1677.0,11590.0,385.0
171571,2010,398574.0,2378.0,0.0,0.716,0.7277,0.7331,0.7406,1.07,o,2311.0,1825.0,12555.0,396.0
171571,2011,411783.0,2576.0,0.0,0.7507,0.7564,0.7591,0.7627,1.0322,o,2361.0,1891.0,12961.0,399.0
171571,2012,418432.0,2640.0,0.0,0.7571,0.7564,0.7561,0.7557,0.9962,o,2464.0,1989.0,13522.0,418.0
171571,2013,428028.0,2827.0,0.0,0.7926,0.793,0.7931,0.7934,1.0021,o,2569.0,1900.0,13675.0,419.0
171571,2014,440207.0,2817.0,0.0,0.7679,0.7776,0.7821,0.7883,1.0538,o,2559.0,1882.0,13973.0,428.0
171571,2015,447630.0,2742.0,0.0,0.7351,0.7517,0.7594,0.7701,1.0976,o,2658.0,1787.0,13855.0,451.0
171571,2016,459343.0,3196.0,0.0,0.8349,0.8507,0.8581,0.8682,1.0812,o,2595.0,1675.0,14707.0,490.0
171571,2017,457707.0,3404.0,0.0,0.8924,0.9017,0.9059,0.9117,1.0437,o,2456.0,1513.0,15379.0,500.0
171571,2018,443468.0,3316.0,0.0,0.8973,0.894,0.8926,0.8905,0.985,o,2700.0,1466.0,14918.0,500.0
171571,2019,438333.0,3424.0,0.0,0.9374,0.9347,0.9335,0.9319,0.9883,o,2667.0,1614.0,15382.0,502.0
171571,2020,436161.0,3472.0,0.0,0.9552,0.9602,0.9624,0.9656,1.0217,o,2258.0,1502.0,16041.0,508.0
171571,2021,414587.0,3500.0,0.0,1.0131,1.0069,1.0041,1.0003,0.9751,o,2025.0,1336.0,16264.0,498.0
171571,2022,373198.0,3516.0,0.0,1.1306,1.0813,1.0595,1.0304,0.8307,o,2117.0,1343.0,15286.0,488.0
171571,2023,349621.0,3228.0,0.0,1.1079,1.0411,1.0119,0.9733,0.7718,o,2236.0,1353.0,14985.0,483.0
171571,2024,343069.0,3080.0,0.0,1.0773,1.0459,1.0318,1.0128,0.8839,o,2268.0,1369.0,14694.0,477.0
171599,1998,25534.0,126.0,0.0,0.5922,0.6004,0.6022,0.6065,1.0491,o,,,,
171599,1999,25438.0,108.0,0.0,0.5095,0.5112,0.5116,0.5125,1.0119,o,,,,
171599,2000,22994.0,116.0,0.0,0.6054,0.5938,0.5914,0.5855,0.9354,o,,,,
171599,2001,25561.0,138.0,0.0,0.6479,0.6309,0.6275,0.619,0.9128,o,,,,
171599,2004,26634.0,147.0,0.0,0.6623,0.6976,0.7051,0.7243,1.1958,o,199.0,,25177.0,511.0
171599,2005,30391.0,132.0,0.0,0.5212,0.5652,0.5747,0.5993,1.3221,o,259.0,,25744.0,443.0
171599,2006,31574.0,139.0,0.0,0.5283,0.5527,0.5579,0.571,1.1684,o,199.0,82.0,25652.0,442.0
171599,2007,30735.0,173.0,0.0,0.6755,0.6536,0.6492,0.6382,0.8928,o,210.0,57.0,26593.0,462.0
171599,2008,29139.0,173.0,0.0,0.7124,0.6835,0.6776,0.6632,0.8665,o,293.0,32.0,27341.0,495.0
171599,2009,32394.0,182.0,0.0,0.6742,0.6928,0.6967,0.7065,1.0983,o,285.0,88.0,27674.0,518.0
171599,2010,29947.0,177.0,0.0,0.7093,0.7588,0.7694,0.7968,1.262,o,241.0,100.0,28487.0,576.0
171599,2011,31864.0,147.0,0.0,0.5536,0.5955,0.6046,0.6278,1.2861,o,219.0,65.0,28617.0,542.0
171599,2012,31214.0,225.0,0.0,0.865,0.8429,0.8384,0.8272,0.9145,o,301.0,78.0,28733.0,531.0
171599,2013,31033.0,195.0,0.0,0.754,0.7313,0.7266,0.7152,0.8997,o,280.0,72.0,29371.0,551.0
171599,2014,30200.0,202.0,0.0,0.8026,0.8261,0.8311,0.8436,1.1046,o,228.0,67.0,30309.0,561.0
171599,2015,28050.0,189.0,0.0,0.8086,0.8322,0.8371,0.8497,1.1043,o,245.0,66.0,31070.0,549.0
171599,2016,27517.0,208.0,0.0,0.9071,0.8825,0.8775,0.8651,0.9096,o,353.0,55.0,32172.0,541.0
171599,2017,29391.0,189.0,0.0,0.7717,0.7781,0.7795,0.7829,1.0293,o,329.0,76.0,32584.0,499.0
171599,2018,30491.0,181.0,0.0,0.7123,0.7759,0.7897,0.8254,1.3425,o,306.0,51.0,33269.0,513.0
171599,2019,28882.0,166.0,0.0,0.6897,0.7512,0.7646,0.7991,1.3425,o,339.0,62.0,33775.0,485.0
171599,2020,28890.0,182.0,0.0,0.756,0.7727,0.7763,0.7851,1.0786,o,298.0,154.0,34486.0,461.0
171599,2021,24452.0,165.0,0.0,0.8097,0.7939,0.7906,0.7826,0.934,o,210.0,137.0,35164.0,499.0
171599,2022,24419.0,178.0,0.0,0.8747,0.8199,0.809,0.7824,0.8,o,268.0,42.0,34122.0,407.0
171599,2023,23974.0,181.0,0.0,0.906,0.8306,0.8158,0.7799,0.7411,o,334.0,71.0,33131.0,392.0
171599,2024,26315.0,179.0,0.0,0.8163,0.803,0.8003,0.7935,0.9451,o,257.0,85.0,33076.0,389.0
171881,1998,5118.0,34.0,8.0,0.891,1.0806,1.1247,1.2427,1.9455,o,,,,
171881,1999,6798.0,38.0,5.0,0.7149,0.8004,0.8193,0.8686,1.4762,o,,,,
171881,2001,7267.0,34.0,4.0,0.5945,0.6008,0.6022,0.6055,1.0374,o,,,,
171881,2002,6943.0,57.0,5.0,1.0284,1.0502,1.0548,1.0664,1.0753,o,63.0,,14551.0,
171881,2003,7011.0,43.0,3.0,0.7617,0.7617,0.7617,0.7617,1.0,o,57.0,,15413.0,578.0
171881,2004,6080.0,36.0,4.0,0.75,0.7671,0.7707,0.7798,1.0811,o,49.0,,16036.0,539.0
171881,2005,7783.0,59.0,5.0,0.9482,0.9644,0.9678,0.9763,1.06,o,49.0,,17552.0,424.0
171881,2006,6876.0,63.0,6.0,1.1518,1.1081,1.0992,1.0774,0.875,o,52.0,37.0,17930.0,454.0
171881,2007,7005.0,61.0,1.0,1.0535,1.0022,0.9919,0.9665,0.8417,o,69.0,48.0,17858.0,421.0
171881,2008,8019.0,47.0,5.0,0.7407,0.7697,0.7759,0.7914,1.1415,o,69.0,38.0,18619.0,401.0
171881,2009,8724.0,48.0,0.0,0.6602,0.7291,0.7443,0.7835,1.4082,o,76.0,39.0,20011.0,446.0
171881,2010,9416.0,61.0,6.0,0.8156,0.9058,0.9257,0.9773,1.4356,o,54.0,50.0,21754.0,528.0
171881,2011,9461.0,48.0,5.0,0.6405,0.654,0.6568,0.6639,1.0744,o,47.0,31.0,22879.0,558.0
171881,2012,8604.0,71.0,4.0,1.0181,0.93,0.9128,0.871,0.7319,o,68.0,32.0,23846.0,592.0
171881,2013,8356.0,64.0,6.0,0.9622,0.8996,0.8872,0.8569,0.7931,o,38.0,42.0,23995.0,579.0
171881,2014,7643.0,60.0,12.0,1.0362,0.9767,0.9648,0.9357,0.8154,o,55.0,39.0,24296.0,592.0
171881,2015,7241.0,62.0,2.0,1.0441,1.0194,1.0143,1.0019,0.9208,o,49.0,35.0,24914.0,539.0
171881,2016,6650.0,59.0,2.0,1.0827,1.0516,1.0453,1.0296,0.9043,o,38.0,18.0,25338.0,525.0
171881,2017,5279.0,33.0,2.0,0.7729,0.7298,0.7212,0.7002,0.8208,o,32.0,17.0,25932.0,555.0
171881,2018,4789.0,44.0,1.0,1.1151,1.0269,1.0095,0.9674,0.7527,o,28.0,18.0,26284.0,588.0
171881,2019,4015.0,38.0,1.0,1.1507,0.981,0.9492,0.874,0.5769,o,18.0,17.0,26831.0,619.0
171881,2020,3220.0,42.0,2.0,1.6025,1.3321,1.2821,1.1652,0.5287,o,24.0,17.0,27508.0,619.0
171881,2021,2911.0,31.0,3.0,1.3397,1.1553,1.1204,1.0378,0.6,o,13.0,7.0,27979.0,658.0
171881,2022,2561.0,22.0,1.0,1.0543,0.9164,0.8902,0.8279,0.6167,o,7.0,8.0,27020.0,551.0
171881,2024,3517.0,19.0,1.0,0.6653,0.6744,0.6763,0.681,1.0476,o,45.0,19.0,26390.0,444.0
172033,1998,1985.0,13.0,3.0,0.8766,0.8216,0.8107,0.784,0.8,o,,,,
172033,1999,3210.0,12.0,0.0,0.4486,0.3001,0.2761,0.2243,0.25,o,,,,
172033,2000,2344.0,10.0,2.0,0.5631,0.6885,0.7178,0.7964,2.0,o,,,,
172033,2002,2287.0,10.0,17.0,0.9707,1.8358,2.0945,2.9121,9.0,o,2.0,,11834.0,
172033,2003,2262.0,7.0,1.0,0.3979,0.3979,0.3979,0.3979,1.0,o,3.0,,12625.0,439.0
172033,2004,2650.0,12.0,1.0,0.566,0.4503,0.4295,0.3816,0.4545,o,2.0,,13914.0,484.0
172033,2005,2572.0,11.0,3.0,0.5832,0.4918,0.4748,0.4347,0.5556,o,1.0,,15246.0,607.0
172033,2006,2723.0,13.0,7.0,0.7271,0.5471,0.5159,0.4453,0.375,o,4.0,12.0,16237.0,688.0
172033,2007,1928.0,19.0,5.0,1.3382,1.3382,1.3382,1.3382,1.0,o,4.0,,17558.0,1253.0
172033,2008,2753.0,18.0,2.0,0.8282,0.9491,0.9763,1.0476,1.6,o,3.0,54.0,18277.0,603.0
172033,2009,2990.0,14.0,1.0,0.5819,0.744,0.7828,0.8889,2.3333,o,6.0,36.0,19481.0,591.0
172033,2010,3028.0,11.0,1.0,0.4557,0.5404,0.5598,0.6114,1.8,o,1.0,27.0,20570.0,639.0
172033,2011,3068.0,23.0,4.0,0.9778,0.9407,0.9332,0.9147,0.875,o,4.0,33.0,21316.0,659.0
172033,2012,3205.0,19.0,3.0,0.7676,0.6962,0.6823,0.6487,0.7143,o,3.0,44.0,21807.0,655.0
172033,2013,3391.0,22.0,1.0,0.7962,0.7403,0.7292,0.7022,0.7778,o,1.0,22.0,22064.0,632.0
172033,2014,3156.0,22.0,4.0,0.9125,0.7758,0.7502,0.6898,0.5714,o,8.0,57.0,22382.0,662.0
172033,2015,2674.0,24.0,0.0,1.077,1.2772,1.3231,1.445,1.8,o,12.0,38.0,22855.0,765.0
172033,2016,3245.0,27.0,1.0,1.0169,1.3789,1.4685,1.719,2.8571,o,18.0,77.0,23373.0,638.0
172033,2017,3118.0,15.0,0.0,0.5773,1.0355,1.1686,1.581,7.5,o,7.0,89.0,23897.0,686.0
172033,2018,3157.0,18.0,0.0,0.6842,0.9201,0.9783,1.1403,2.7778,o,10.0,85.0,24084.0,697.0
172033,2019,3248.0,20.0,1.0,0.7574,0.7225,0.7155,0.6983,0.85,o,19.0,68.0,24282.0,706.0
172033,2020,3022.0,21.0,1.0,0.8537,0.8454,0.8437,0.8394,0.9667,o,2.0,15.0,24634.0,583.0
172033,2021,2706.0,21.0,1.0,0.9534,0.9064,0.897,0.8738,0.84,o,1.0,23.0,24637.0,622.0
172033,2022,2095.0,18.0,0.0,1.031,0.6235,0.5618,0.4331,0.1765,o,4.0,,23336.0,607.0
172033,2023,1864.0,21.0,1.0,1.3841,0.8313,0.7481,0.5747,0.1724,o,2.0,76.0,23060.0,514.0
172033,2024,1787.0,10.0,3.0,0.7722,0.537,0.4981,0.4128,0.2857,o,2.0,51.0,25560.0,458.0
172051,1998,138655.0,767.0,0.0,0.6638,0.6904,0.703,0.7204,1.1779,o,,,,
172051,1999,145811.0,809.0,0.0,0.6658,0.6964,0.7108,0.731,1.2056,o,,,,
172051,2000,150306.0,804.0,0.0,0.6419,0.6823,0.7016,0.7289,1.2895,o,,,,
172051,2001,169061.0,802.0,0.0,0.5693,0.6091,0.6283,0.6554,1.3255,o,,,,
172051,2002,176753.0,642.0,0.0,0.4359,0.455,0.4641,0.4768,1.1965,o,1162.0,,6750.0,
172051,2003,186707.0,941.0,0.0,0.6048,0.618,0.6242,0.6327,1.0943,o,1191.0,,7447.0,241.0
172051,2004,192212.0,1085.0,0.0,0.6774,0.6882,0.6932,0.7001,1.0681,o,1243.0,,7957.0,259.0
172051,2005,199149.0,1084.0,0.0,0.6532,0.6685,0.6756,0.6855,1.1014,o,1267.0,,7908.0,259.0
172051,2006,203508.0,1121.0,0.0,0.661,0.6784,0.6866,0.6978,1.1146,o,1450.0,650.0,8230.0,270.0
172051,2007,205100.0,1178.0,0.0,0.6892,0.7134,0.7248,0.7406,1.1547,o,1558.0,597.0,8383.0,274.0
172051,2008,208169.0,1159.0,0.0,0.6681,0.7029,0.7195,0.7427,1.2358,o,1662.0,618.0,9157.0,299.0
172051,2009,215719.0,1120.0,0.0,0.623,0.6614,0.6798,0.7057,1.2829,o,1745.0,633.0,9341.0,308.0
172051,2010,233989.0,1137.0,0.0,0.5831,0.6157,0.6312,0.653,1.254,o,1754.0,654.0,9864.0,312.0
172051,2011,240361.0,1247.0,0.0,0.6226,0.6456,0.6564,0.6715,1.1632,o,1776.0,886.0,10202.0,317.0
172051,2012,247020.0,1218.0,0.0,0.5917,0.6049,0.611,0.6195,1.0963,o,1653.0,626.0,10633.0,335.0
172051,2013,244580.0,1374.0,0.0,0.6741,0.6752,0.6757,0.6763,1.0065,o,1593.0,640.0,10855.0,347.0
172051,2014,241423.0,1265.0,0.0,0.6288,0.6175,0.6125,0.6056,0.9277,o,1507.0,595.0,11090.0,351.0
172051,2015,235514.0,1438.0,0.0,0.7327,0.7102,0.7001,0.6866,0.8782,o,1573.0,611.0,11346.0,356.0
172051,2016,229601.0,1324.0,0.0,0.692,0.6744,0.6665,0.6558,0.8982,o,1357.0,540.0,11626.0,374.0
172051,2017,216986.0,1487.0,0.0,0.8224,0.8024,0.7934,0.7813,0.9026,o,1231.0,538.0,11913.0,375.0
172051,2018,203649.0,1400.0,0.0,0.8249,0.79,0.7744,0.7538,0.8348,o,1577.0,458.0,12237.0,384.0
172051,2019,202768.0,1408.0,0.0,0.8333,0.815,0.8067,0.7956,0.9117,o,1470.0,461.0,12578.0,379.0
172051,2020,197566.0,1420.0,0.0,0.8625,0.8706,0.8744,0.8795,1.0399,o,1383.0,346.0,12998.0,381.0
172051,2021,186452.0,1260.0,0.0,0.8109,0.8301,0.8391,0.8514,1.1024,o,1336.0,334.0,12622.0,356.0
172051,2022,177226.0,1265.0,0.0,0.8565,0.8499,0.8469,0.8429,0.9683,o,1337.0,316.0,12210.0,326.0
172051,2023,168931.0,1268.0,0.0,0.9007,0.8729,0.8604,0.8436,0.8773,o,1292.0,338.0,11972.0,318.0
172051,2024,165497.0,1195.0,0.0,0.8665,0.8496,0.842,0.8318,0.9215,o,1366.0,356.0,12240.0,318.0
172060,1998,288.0,0.0,0.0,0.0,0.0,0.0,0.0,,-,,,,
172121,1998,5188.0,41.0,0.0,0.9483,0.9345,0.9317,0.9246,0.9506,o,,,,
172121,1999,6712.0,37.0,0.0,0.6615,0.7665,0.7903,0.8529,1.6623,o,,,,
172121,2001,9491.0,43.0,0.0,0.5437,0.778,0.8379,1.0086,3.4416,o,,,,
172121,2002,10089.0,40.0,0.0,0.4758,0.4982,0.5029,0.515,1.1719,o,42.0,,11765.0,
172200,1998,159453.0,0.0,859.0,0.3232,0.3243,0.3272,0.3285,1.0505,o,,,,
172200,1999,161752.0,0.0,565.0,0.2096,0.2091,0.208,0.2074,0.9695,o,,,,
172200,2000,160925.0,0.0,686.0,0.2558,0.2556,0.255,0.2548,0.9887,o,,,,
172200,2002,183196.0,0.0,0.0,0.0,0.0,0.0,0.0,1.04,o,1539.0,,2287.0,
172200,2003,194617.0,0.0,959.0,0.2957,0.2961,0.2974,0.2979,1.0233,o,1645.0,,2906.0,125.0
172200,2004,203840.0,0.0,1009.0,0.297,0.2987,0.3031,0.3051,1.0847,o,1660.0,,3217.0,131.0
172200,2005,220898.0,0.0,908.0,0.2466,0.2474,0.2492,0.2501,1.0427,o,2105.0,,3300.0,123.0
172200,2006,224650.0,0.0,1045.0,0.2791,0.2839,0.2965,0.3023,1.2738,o,1918.0,,3094.0,132.0
172200,2007,221300.0,0.0,1067.0,0.2893,0.2897,0.2906,0.2911,1.0189,o,1851.0,649.0,3282.0,149.0
172200,2008,250073.0,0.0,1059.0,0.2541,0.2526,0.2489,0.2472,0.9202,o,1863.0,2911.0,3351.0,136.0
172200,2009,283346.0,0.0,1243.0,0.2632,0.263,0.2625,0.2622,0.9886,o,1826.0,3035.0,3424.0,126.0
172200,2010,305993.0,0.0,1255.0,0.2461,0.2458,0.2451,0.2447,0.9833,o,1911.0,3180.0,3588.0,116.0
172200,2011,309993.0,0.0,1426.0,0.276,0.2767,0.2785,0.2793,1.0361,o,1721.0,2973.0,3643.0,108.0
172200,2012,304576.0,0.0,1444.0,0.2845,0.2828,0.2787,0.2768,0.9211,o,1766.0,3017.0,3714.0,99.0
172200,2013,326016.0,0.0,1598.0,0.2941,0.2935,0.2921,0.2914,0.9725,o,1878.0,2853.0,3957.0,94.0
172200,2014,294552.0,0.0,1492.0,0.3039,0.3055,0.3096,0.3115,1.0771,o,2217.0,2906.0,4134.0,108.0
172200,2015,277281.0,0.0,1405.0,0.304,0.3082,0.3193,0.3244,1.2168,o,2175.0,2900.0,4535.0,129.0
172200,2016,267907.0,0.0,1382.0,0.3095,0.3108,0.3142,0.3157,1.0623,o,2118.0,2677.0,4620.0,142.0
172200,2017,235690.0,1.0,1421.0,0.3623,0.3613,0.359,0.358,0.9645,o,1906.0,2442.0,4890.0,176.0
172200,2018,220555.0,1.0,1330.0,0.3624,0.3594,0.3518,0.3484,0.888,o,1730.0,1874.0,4571.0,180.0
172200,2019,207816.0,3.0,1315.0,0.3814,0.3774,0.3673,0.3629,0.8598,o,1744.0,786.0,4698.0,192.0
172200,2020,200749.0,2.0,1134.0,0.3401,0.3391,0.3366,0.3355,0.9593,o,1546.0,710.0,4815.0,194.0
172200,2021,177442.0,6.0,1082.0,0.3699,0.3669,0.3593,0.356,0.89,o,1601.0,933.0,4622.0,188.0
172200,2022,173796.0,2.0,1043.0,0.3615,0.3608,0.359,0.3582,0.9733,o,1427.0,718.0,4430.0,200.0
172200,2023,167734.0,5.0,1046.0,0.3777,0.3752,0.3686,0.3658,0.9069,o,1297.0,1013.0,4315.0,196.0
172200,2024,171110.0,0.0,1107.0,0.3882,0.384,0.3734,0.3689,0.8567,o,1447.0,1163.0,4448.0,193.0
172264,1998,41220.0,417.0,22.0,1.246,1.291,1.3005,1.3246,1.1301,o,,,,
172264,1999,36464.0,457.0,16.0,1.5303,1.5249,1.5238,1.5211,0.988,o,,,,
172264,2005,41755.0,609.0,14.0,1.7703,1.7481,1.7435,1.7322,0.9574,o,202.0,,24981.0,417.0
172264,2006,41311.0,649.0,8.0,1.8968,1.8175,1.8015,1.7622,0.863,o,180.0,405.0,24586.0,413.0
172264,2007,34828.0,642.0,12.0,2.2327,2.0796,2.0493,1.9754,0.7828,o,173.0,364.0,25060.0,505.0
172264,2008,32725.0,668.0,10.0,2.4678,2.3015,2.2686,2.1882,0.7862,o,204.0,154.0,27063.0,512.0
172264,2009,37112.0,627.0,17.0,2.0549,2.0243,2.018,2.0024,0.9496,o,208.0,430.0,26609.0,491.0
172264,2010,46410.0,678.0,10.0,1.766,1.8051,1.8134,1.834,1.0785,o,206.0,462.0,27461.0,406.0
172264,2011,48579.0,720.0,10.0,1.7909,1.8756,1.8937,1.9395,1.1728,o,320.0,75.0,27626.0,395.0
172264,2012,52404.0,828.0,7.0,1.9041,2.0971,2.1395,2.2491,1.3952,o,277.0,488.0,27966.0,419.0
172264,2013,53799.0,849.0,5.0,1.8993,2.115,2.1626,2.2863,1.449,o,301.0,471.0,28276.0,409.0
172264,2014,55939.0,841.0,9.0,1.8138,1.9981,2.0385,2.1431,1.3961,o,273.0,480.0,28820.0,414.0
172264,2015,55815.0,888.0,10.0,1.9199,1.9692,1.9795,2.0056,1.0913,o,305.0,478.0,29686.0,434.0
172264,2016,57596.0,814.0,16.0,1.7126,1.6966,1.6933,1.6851,0.9682,o,293.0,406.0,30790.0,451.0
172264,2017,56312.0,878.0,10.0,1.8817,1.9003,1.9042,1.9139,1.0346,o,285.0,384.0,31686.0,464.0
172264,2018,53954.0,902.0,10.0,2.0173,2.0213,2.0222,2.0243,1.007,o,291.0,349.0,32318.0,460.0
172264,2019,51762.0,748.0,10.0,1.7457,1.7439,1.7436,1.7427,0.9965,o,327.0,293.0,33097.0,462.0
172264,2020,50757.0,697.0,9.0,1.6585,1.6744,1.6777,1.686,1.0334,o,248.0,245.0,32635.0,443.0
172264,2021,45206.0,642.0,4.0,1.7095,1.7069,1.7064,1.7051,0.9948,o,273.0,171.0,32265.0,408.0
172264,2022,41981.0,550.0,8.0,1.5836,1.5382,1.5289,1.5061,0.9045,o,279.0,199.0,31268.0,364.0
172264,2023,41428.0,547.0,8.0,1.596,1.5446,1.5342,1.5084,0.8932,o,281.0,196.0,30065.0,314.0
172264,2024,42346.0,484.0,1.0,1.373,1.3625,1.3603,1.3549,0.9739,o,336.0,194.0,29778.0,275.0
172291,1998,70034.0,0.0,431.0,0.3692,0.3604,0.3386,0.3293,0.7071,o,,,,
172291,1999,68202.0,0.0,457.0,0.402,0.397,0.3842,0.3786,0.8338,o,,,,
172291,2000,71358.0,0.0,477.0,0.4011,0.3984,0.3915,0.3885,0.9078,o,,,,
172291,2007,85728.0,0.0,518.0,0.3625,0.3607,0.3558,0.3537,0.9282,o,940.0,1310.0,3885.0,153.0
172291,2008,91513.0,0.0,535.0,0.3508,0.3517,0.354,0.355,1.037,o,895.0,1358.0,4097.0,163.0
172291,2009,96701.0,0.0,529.0,0.3282,0.3278,0.3266,0.3261,0.9808,o,992.0,290.0,4308.0,178.0
172291,2010,112910.0,0.0,571.0,0.3034,0.3051,0.3094,0.3113,1.0812,o,856.0,216.0,4394.0,157.0
172291,2011,106849.0,0.0,648.0,0.3639,0.3614,0.3551,0.3524,0.9073,o,877.0,197.0,4445.0,150.0
172291,2012,95191.0,0.0,553.0,0.3486,0.3473,0.344,0.3426,0.9491,o,841.0,247.0,4331.0,148.0
172291,2013,91710.0,0.0,571.0,0.3736,0.3728,0.3708,0.3699,0.9706,o,757.0,163.0,4489.0,145.0
172291,2014,86027.0,0.0,566.0,0.3948,0.3913,0.3825,0.3786,0.8813,o,751.0,176.0,4525.0,152.0
172291,2015,81217.0,0.0,697.0,0.5149,0.5127,0.507,0.5045,0.9399,o,579.0,124.0,4629.0,157.0
172291,2016,73532.0,0.0,635.0,0.5181,0.5087,0.485,0.4749,0.7679,o,585.0,146.0,4816.0,171.0
172291,2017,72173.0,0.0,672.0,0.5587,0.5537,0.541,0.5355,0.8797,o,619.0,171.0,4899.0,185.0
172291,2018,71430.0,0.0,772.0,0.6485,0.6513,0.6585,0.6618,1.0636,o,599.0,116.0,5394.0,200.0
172291,2019,69441.0,0.0,840.0,0.7258,0.7255,0.7249,0.7246,0.995,o,631.0,134.0,5591.0,204.0
172291,2020,71086.0,0.0,818.0,0.6904,0.6921,0.6966,0.6986,1.0361,o,590.0,86.0,6034.0,224.0
172291,2021,69249.0,0.0,628.0,0.5441,0.5425,0.5385,0.5367,0.9594,o,560.0,140.0,6087.0,232.0
172291,2022,67188.0,0.0,798.0,0.7126,0.7083,0.6974,0.6926,0.9173,o,567.0,88.0,5836.0,221.0
172291,2023,61105.0,0.0,642.0,0.6304,0.6298,0.6282,0.6275,0.9861,o,545.0,55.0,5683.0,233.0
172291,2024,58535.0,0.0,624.0,0.6396,0.6381,0.6343,0.6326,0.9672,o,741.0,102.0,5076.0,243.0
172307,1998,56060.0,0.0,265.0,0.2836,0.2864,0.2936,0.2969,1.1483,o,,,,
172307,1999,55465.0,0.0,275.0,0.2975,0.2937,0.2841,0.28,0.8322,o,,,,
172307,2000,51712.0,0.0,253.0,0.2935,0.2898,0.2803,0.2762,0.8318,o,,,,
172307,2001,52979.0,0.0,221.0,0.2503,0.2509,0.2524,0.2531,1.035,o,,,,
172307,2002,58498.0,0.0,274.0,0.281,0.2818,0.2839,0.2848,1.0408,o,481.0,,3222.0,
172307,2003,54756.0,0.0,296.0,0.3243,0.322,0.3159,0.3133,0.8999,o,500.0,,3438.0,123.0
172307,2004,51092.0,0.0,280.0,0.3288,0.3284,0.3274,0.327,0.9833,o,491.0,,3753.0,135.0
172307,2005,48808.0,0.0,268.0,0.3295,0.3295,0.3295,0.3296,1.001,o,449.0,,3642.0,142.0
172307,2006,49215.0,0.0,294.0,0.3584,0.356,0.3497,0.347,0.9062,o,438.0,196.0,3996.0,150.0
172307,2007,43550.0,0.0,251.0,0.3458,0.3441,0.3398,0.3379,0.9319,o,505.0,192.0,4118.0,163.0
172307,2008,47978.0,0.0,227.0,0.2839,0.2865,0.2932,0.2963,1.1387,o,567.0,189.0,4358.0,174.0
172307,2009,50951.0,0.0,189.0,0.2226,0.2255,0.2331,0.2365,1.2025,o,659.0,253.0,4554.0,183.0
172307,2010,63255.0,0.0,256.0,0.2428,0.2464,0.2557,0.26,1.2295,o,806.0,281.0,5108.0,203.0
172307,2011,70861.0,0.0,264.0,0.2235,0.2279,0.2394,0.2447,1.3148,o,635.0,232.0,5441.0,157.0
172307,2012,62454.0,0.0,359.0,0.3449,0.3415,0.3328,0.329,0.8669,o,629.0,167.0,5789.0,174.0
172307,2013,55033.0,0.0,343.0,0.374,0.3704,0.3615,0.3576,0.873,o,765.0,209.0,5967.0,183.0
172307,2014,57015.0,0.0,383.0,0.4031,0.4085,0.4228,0.4293,1.2104,o,658.0,139.0,6173.0,187.0
172307,2015,51419.0,0.0,373.0,0.4352,0.4335,0.429,0.4271,0.944,o,638.0,161.0,6313.0,183.0
172307,2016,47118.0,0.0,397.0,0.5055,0.5017,0.4919,0.4877,0.8967,o,568.0,115.0,6380.0,183.0
172307,2017,45428.0,0.0,372.0,0.4913,0.4868,0.4754,0.4704,0.8765,o,651.0,158.0,6235.0,186.0
172307,2018,46410.0,0.0,370.0,0.4783,0.4809,0.4876,0.4906,1.0796,o,496.0,136.0,6263.0,178.0
172307,2019,42534.0,0.0,295.0,0.4161,0.4102,0.3952,0.3888,0.8138,o,573.0,116.0,6278.0,187.0
172307,2020,42644.0,0.0,296.0,0.4165,0.4164,0.4164,0.4164,0.9991,o,414.0,68.0,6466.0,179.0
172307,2021,36209.0,0.0,255.0,0.4225,0.4151,0.3964,0.3884,0.7746,o,407.0,109.0,6423.0,169.0
172307,2022,34879.0,0.0,281.0,0.4834,0.4769,0.4606,0.4536,0.8247,o,490.0,90.0,6095.0,157.0
172307,2023,37489.0,0.0,244.0,0.3905,0.3954,0.4082,0.414,1.1937,o,556.0,78.0,5971.0,148.0
172307,2024,41051.0,0.0,284.0,0.4151,0.4214,0.438,0.4456,1.2397,o,564.0,110.0,6026.0,151.0
172334,1998,53441.0,772.0,3.0,1.7369,1.7707,1.7778,1.7957,1.0689,o,,,,
172334,2000,60725.0,684.0,1.0,1.3527,1.3468,1.3456,1.3425,0.9851,o,,,,
172334,2001,60413.0,756.0,3.0,1.5046,1.5773,1.5927,1.632,1.1765,o,,,,
172334,2002,62851.0,713.0,3.0,1.3642,1.4395,1.4556,1.4966,1.2036,o,304.0,,22754.0,
172334,2003,64213.0,635.0,4.0,1.1904,1.3038,1.3286,1.3927,1.3687,o,312.0,,23621.0,408.0
172334,2004,68055.0,781.0,2.0,1.3789,1.5409,1.5767,1.6699,1.4667,o,301.0,,24544.0,439.0
172334,2005,69588.0,757.0,5.0,1.3097,1.412,1.4341,1.491,1.296,o,318.0,,25721.0,431.0
172334,2006,71472.0,714.0,5.0,1.203,1.2502,1.2602,1.2856,1.1421,o,335.0,328.0,25350.0,449.0
172334,2007,71495.0,669.0,4.0,1.1262,1.1454,1.1495,1.1596,1.0601,o,344.0,398.0,26294.0,446.0
172334,2008,71937.0,666.0,1.0,1.1118,1.1453,1.1523,1.1701,1.1077,o,381.0,329.0,26867.0,450.0
172334,2009,71510.0,733.0,0.0,1.23,1.2877,1.3,1.3312,1.1712,o,384.0,401.0,27683.0,478.0
172334,2010,72474.0,705.0,6.0,1.1723,1.2274,1.2391,1.2688,1.1715,o,425.0,482.0,28290.0,428.0
172334,2011,78903.0,721.0,10.0,1.1041,1.1617,1.174,1.2052,1.1915,o,403.0,551.0,28667.0,420.0
172334,2012,81481.0,734.0,14.0,1.0913,1.1342,1.1432,1.1662,1.1421,o,314.0,476.0,29280.0,422.0
172334,2013,78507.0,787.0,13.0,1.2129,1.1903,1.1857,1.1742,0.9373,o,369.0,481.0,30129.0,469.0
172334,2014,74550.0,825.0,21.0,1.3449,1.2804,1.2675,1.2357,0.8443,o,337.0,367.0,30808.0,442.0
172334,2015,67235.0,755.0,24.0,1.3689,1.3071,1.2946,1.2641,0.8527,o,291.0,326.0,31788.0,467.0
172334,2016,59431.0,691.0,24.0,1.4195,1.3659,1.3551,1.3284,0.8759,o,308.0,266.0,33072.0,482.0
172334,2017,54219.0,621.0,12.0,1.3877,1.3359,1.3254,1.2996,0.877,o,269.0,282.0,34075.0,481.0
172334,2018,47915.0,577.0,13.0,1.4613,1.3783,1.3617,1.3211,0.8173,o,192.0,257.0,34584.0,485.0
172334,2019,42721.0,426.0,7.0,1.2064,1.103,1.0827,1.0337,0.7341,o,216.0,171.0,35154.0,499.0
172334,2020,37903.0,435.0,9.0,1.3914,1.2448,1.2165,1.1484,0.6811,o,208.0,139.0,35614.0,502.0
172334,2021,32297.0,403.0,2.0,1.5011,1.3728,1.3476,1.2868,0.7348,o,231.0,74.0,35568.0,510.0
172334,2022,29363.0,282.0,8.0,1.1688,1.1524,1.149,1.1406,0.9523,o,228.0,93.0,34096.0,474.0
172334,2023,28045.0,339.0,2.0,1.4548,1.5054,1.516,1.5431,1.125,o,206.0,106.0,32773.0,440.0
172334,2024,28323.0,231.0,3.0,0.9851,0.9917,0.9931,0.9966,1.0236,o,215.0,89.0,32580.0,428.0
172440,1998,11381.0,0.0,90.0,0.4745,0.4782,0.4789,0.4809,1.0271,o,,,,
172440,1999,10214.0,7.0,72.0,0.5052,0.5618,0.5743,0.6067,1.4425,o,,,,
172440,2000,10178.0,14.0,82.0,0.6485,0.6374,0.6351,0.6295,0.9424,o,,,,
172440,2004,15024.0,61.0,51.0,0.6909,0.7499,0.7627,0.7957,1.3264,o,128.0,,22802.0,513.0
172440,2007,16648.0,80.0,32.0,0.692,0.6674,0.6624,0.6502,0.8828,o,85.0,93.0,24500.0,580.0
172440,2008,15030.0,86.0,29.0,0.8024,0.7573,0.7483,0.7263,0.8193,o,114.0,60.0,25482.0,644.0
172440,2009,13594.0,81.0,37.0,0.8783,0.837,0.8287,0.8083,0.8468,o,118.0,126.0,25775.0,680.0
172440,2010,15495.0,66.0,22.0,0.5963,0.6009,0.6018,0.6042,1.0265,o,208.0,80.0,26354.0,659.0
172440,2011,18259.0,81.0,27.0,0.6211,0.7115,0.7318,0.7851,1.598,o,143.0,56.0,26487.0,646.0
172440,2012,17077.0,57.0,47.0,0.5657,0.6669,0.69,0.7513,1.7638,o,125.0,58.0,27074.0,640.0
172440,2013,15783.0,78.0,48.0,0.7755,0.8086,0.8157,0.8335,1.1552,o,107.0,59.0,27378.0,639.0
172440,2014,14498.0,82.0,35.0,0.8236,0.7462,0.7311,0.6948,0.7117,o,106.0,70.0,26964.0,644.0
172440,2015,13688.0,69.0,30.0,0.7364,0.6371,0.6183,0.5737,0.6068,o,164.0,67.0,28041.0,666.0
172440,2016,14533.0,55.0,29.0,0.5739,0.5751,0.5754,0.576,1.0075,o,153.0,33.0,28664.0,656.0
172440,2017,13234.0,63.0,24.0,0.6801,0.7445,0.7586,0.7949,1.3664,o,99.0,36.0,29012.0,664.0
172440,2018,10757.0,44.0,25.0,0.6303,0.6618,0.6685,0.6856,1.1831,o,113.0,46.0,28363.0,642.0
172440,2019,11695.0,61.0,25.0,0.7542,0.7031,0.693,0.6683,0.7852,o,116.0,30.0,27769.0,589.0
172440,2020,11682.0,59.0,22.0,0.7191,0.6543,0.6417,0.6112,0.7224,o,111.0,40.0,28015.0,537.0
172440,2021,11288.0,43.0,17.0,0.5475,0.5311,0.5278,0.5196,0.9008,o,136.0,38.0,28002.0,545.0
172440,2022,11666.0,66.0,19.0,0.7766,0.8118,0.8193,0.8383,1.1651,o,117.0,38.0,26961.0,496.0
172608,1998,25533.0,458.0,0.0,2.1525,2.1525,2.1525,2.1525,,n,,,,
172608,1999,23704.0,462.0,0.0,2.3388,2.3388,2.3388,2.3388,,n,,,,
172608,2000,22285.0,373.0,0.0,2.0085,2.0085,2.0085,2.0085,,n,,,,
172608,2001,23677.0,410.0,0.0,2.078,2.078,2.078,2.078,,n,,,,
172608,2002,22894.0,380.0,0.0,1.9918,1.9918,1.9918,1.9918,,n,,,,
172608,2003,23981.0,476.0,0.0,2.3819,2.3819,2.3819,2.3819,,n,,,,433.0
172608,2004,21196.0,386.0,0.0,2.1853,2.1853,2.1853,2.1853,,n,,,,510.0
172608,2005,22865.0,356.0,0.0,1.8684,1.8684,1.8684,1.8684,,n,,,,516.0
172608,2006,22889.0,378.0,0.0,1.9817,1.9817,1.9817,1.9817,,n,,252.0,,525.0
172608,2007,24572.0,374.0,0.0,1.8265,1.8265,1.8265,1.8265,,n,,225.0,,546.0
172608,2008,23715.0,396.0,0.0,2.0038,2.0038,2.0038,2.0038,,n,,244.0,,532.0
172608,2009,24128.0,374.0,0.0,1.8601,1.8601,1.8601,1.8601,,n,,293.0,,557.0
172608,2010,25890.0,405.0,0.0,1.8772,1.8772,1.8772,1.8772,,n,,239.0,,572.0
172608,2011,25341.0,400.0,0.0,1.8942,1.8942,1.8942,1.8942,,n,,269.0,,576.0
172608,2012,22958.0,379.0,0.0,1.981,1.981,1.981,1.981,,n,,246.0,,587.0
172608,2013,22406.0,355.0,0.0,1.9013,1.9013,1.9013,1.9013,,n,,235.0,,600.0
172608,2014,21081.0,337.0,0.0,1.9183,1.9183,1.9183,1.9183,,n,,211.0,,647.0
172608,2015,20900.0,360.0,0.0,2.067,2.067,2.067,2.067,,n,,234.0,,654.0
172608,2016,20610.0,362.0,0.0,2.1077,2.1077,2.1077,2.1077,,n,,196.0,,675.0
172608,2017,20301.0,363.0,0.0,2.1457,2.1457,2.1457,2.1457,,n,,207.0,,695.0
172608,2018,18458.0,340.0,0.0,2.2104,2.2104,2.2104,2.2104,,n,,175.0,,733.0
172608,2019,17065.0,349.0,0.0,2.4541,2.4541,2.4541,2.4541,,n,,176.0,,746.0
172608,2020,16627.0,283.0,0.0,2.0425,2.0425,2.0425,2.0425,,n,,195.0,,734.0
172608,2021,16103.0,276.0,0.0,2.0568,2.0568,2.0568,2.0568,,n,,141.0,,701.0
172608,2023,9203.0,200.0,0.0,2.6079,2.6079,2.6079,2.6079,,n,,132.0,,1010.0
172617,1998,166320.0,0.0,688.0,0.2482,0.2471,0.2444,0.2432,0.9402,o,,,,
172617,1999,171129.0,0.0,674.0,0.2363,0.2382,0.2433,0.2456,1.1232,o,,,,
172617,2000,178936.0,0.0,629.0,0.2109,0.2142,0.223,0.227,1.2496,o,,,,
172617,2001,191618.0,0.0,651.0,0.2038,0.2092,0.2238,0.2306,1.4527,o,,,,
172617,2002,213654.0,0.0,664.0,0.1865,0.1883,0.193,0.1951,1.1466,o,1517.0,,3766.0,
172617,2003,231264.0,0.0,761.0,0.1974,0.2011,0.2108,0.2153,1.3005,o,1788.0,,3666.0,105.0
172617,2004,230966.0,0.0,891.0,0.2315,0.2361,0.2485,0.2543,1.3294,o,1787.0,,3935.0,120.0
172617,2005,232100.0,0.0,897.0,0.2319,0.2332,0.2365,0.2379,1.0814,o,1756.0,,3882.0,120.0
172617,2006,240474.0,0.0,944.0,0.2355,0.2352,0.2345,0.2342,0.9824,o,1883.0,,3870.0,118.0
172617,2007,251647.0,0.0,994.0,0.237,0.238,0.2406,0.2418,1.0629,o,1772.0,650.0,2577.0,120.0
172617,2008,245501.0,0.0,1136.0,0.2776,0.2771,0.2758,0.2752,0.9739,o,1936.0,725.0,2599.0,122.0
172617,2009,273145.0,0.0,1092.0,0.2399,0.2408,0.2434,0.2445,1.0594,o,2135.0,925.0,2659.0,122.0
172617,2010,311013.0,0.0,1229.0,0.2371,0.2394,0.2456,0.2484,1.1516,o,2010.0,833.0,2745.0,113.0
172617,2011,296040.0,0.0,1178.0,0.2388,0.2385,0.238,0.2378,0.9875,o,1944.0,800.0,2915.0,122.0
172617,2012,265508.0,0.0,1343.0,0.3035,0.3021,0.2987,0.2972,0.938,o,1772.0,809.0,3004.0,127.0
172617,2013,253563.0,0.0,1356.0,0.3209,0.3184,0.3122,0.3095,0.8963,o,1721.0,771.0,3080.0,130.0
172617,2014,251091.0,0.0,1175.0,0.2808,0.2793,0.2754,0.2738,0.9263,o,1554.0,892.0,3097.0,133.0
172617,2015,247858.0,0.0,1137.0,0.2752,0.273,0.2673,0.2648,0.8898,o,1561.0,829.0,3133.0,134.0
172617,2016,245049.0,0.0,1321.0,0.3234,0.3224,0.3196,0.3184,0.9533,o,1519.0,748.0,3143.0,140.0
172617,2017,241591.0,0.0,1232.0,0.306,0.3054,0.3041,0.3035,0.9753,o,1551.0,749.0,3090.0,142.0
172617,2018,244477.0,0.0,1315.0,0.3227,0.3229,0.3233,0.3235,1.0071,o,1605.0,778.0,3051.0,140.0
172617,2019,242010.0,0.0,1422.0,0.3525,0.3536,0.3565,0.3578,1.0456,o,1583.0,706.0,3075.0,140.0
172617,2020,233850.0,0.0,1459.0,0.3743,0.3744,0.3746,0.3747,1.0032,o,1386.0,597.0,3029.0,140.0
172617,2021,227755.0,0.0,1322.0,0.3483,0.3449,0.3363,0.3326,0.8695,o,1366.0,610.0,2941.0,119.0
172617,2022,223842.0,0.0,1471.0,0.3943,0.392,0.3862,0.3836,0.9202,o,1530.0,519.0,2765.0,124.0
172617,2023,224304.0,0.0,1439.0,0.3849,0.3878,0.3953,0.3986,1.1119,o,1414.0,504.0,2733.0,124.0
172617,2024,227548.0,0.0,1485.0,0.3916,0.3909,0.3892,0.3885,0.9765,o,1355.0,705.0,2736.0,126.0
172635,1998,160816.0,0.0,658.0,0.2455,0.2556,0.2833,0.2966,1.7745,o,,,,
172635,2000,146451.0,0.0,673.0,0.2757,0.2727,0.2649,0.2616,0.8525,o,,,,
172635,2003,213480.0,0.0,811.0,0.2279,0.2333,0.2478,0.2545,1.3967,o,2469.0,,2954.0,63.0
172635,2004,332190.0,0.0,860.0,0.1553,0.156,0.1579,0.1587,1.0674,o,2318.0,,2882.0,40.0
172635,2005,350100.0,0.0,991.0,0.1698,0.1687,0.1659,0.1647,0.9108,o,4031.0,,2360.0,39.0
172635,2006,267150.0,0.0,979.0,0.2199,0.228,0.2505,0.2611,1.6841,o,7980.0,,2348.0,58.0
172635,2007,363240.0,0.0,1014.0,0.1675,0.1787,0.2109,0.227,2.5138,o,3520.0,9301.0,2297.0,50.0
172635,2008,339850.0,0.0,1100.0,0.1942,0.1871,0.1699,0.1628,0.5861,o,4117.0,10010.0,2491.0,71.0
172635,2009,386335.0,0.0,1180.0,0.1833,0.179,0.1686,0.1641,0.716,o,4651.0,8537.0,2348.0,63.0
172635,2010,413024.0,0.0,1259.0,0.1829,0.1854,0.1921,0.1952,1.218,o,4364.0,9735.0,2690.0,72.0
172635,2011,437825.0,0.0,1401.0,0.192,0.1919,0.1918,0.1917,0.9954,o,3615.0,6698.0,3021.0,70.0
172635,2012,342365.0,0.0,1464.0,0.2566,0.2526,0.2428,0.2386,0.802,o,3821.0,5328.0,3271.0,68.0
172635,2013,316605.0,0.0,2389.0,0.4527,0.4514,0.4479,0.4463,0.9578,o,3613.0,2588.0,3534.0,88.0
172635,2014,292727.0,0.0,1832.0,0.3755,0.3748,0.3728,0.372,0.9718,o,3390.0,2471.0,3576.0,80.0
172635,2015,256665.0,0.0,2352.0,0.5498,0.5463,0.5373,0.5334,0.912,o,2992.0,2514.0,3666.0,90.0
172635,2016,258920.0,0.0,1904.0,0.4412,0.4364,0.4242,0.4189,0.8545,o,3171.0,2369.0,3647.0,91.0
172635,2017,226617.0,0.0,1589.0,0.4207,0.4205,0.42,0.4198,0.9937,o,2332.0,1465.0,3618.0,121.0
172635,2018,203166.0,0.0,1591.0,0.4699,0.4608,0.4382,0.4286,0.7568,o,2268.0,1437.0,3537.0,99.0
172635,2019,195909.0,0.0,1402.0,0.4294,0.4236,0.4091,0.4029,0.8243,o,2041.0,1429.0,3522.0,115.0
172635,2020,196139.0,0.0,926.0,0.2833,0.2809,0.2749,0.2723,0.8874,o,599.0,299.0,3656.0,109.0
172635,2021,138175.0,0.0,747.0,0.3244,0.2966,0.2355,0.2126,0.278,o,1268.0,491.0,3551.0,88.0
172635,2022,157872.0,0.0,1042.0,0.396,0.3949,0.3921,0.3908,0.9606,o,1082.0,517.0,3337.0,95.0
172635,2023,159774.0,0.0,1439.0,0.5404,0.546,0.5607,0.5674,1.1591,o,1281.0,387.0,3149.0,75.0
172635,2024,187062.0,0.0,875.0,0.2807,0.2824,0.2868,0.2888,1.0902,o,1183.0,573.0,3112.0,80.0
172644,1998,398816.0,2313.0,0.0,0.696,0.7259,0.74,0.7597,1.1915,o,,,,
172644,1999,409362.0,2151.0,0.0,0.6305,0.6559,0.6678,0.6845,1.1783,o,,,,
172644,2000,401206.0,2327.0,0.0,0.696,0.7182,0.7286,0.743,1.1396,o,,,,
172644,2001,397304.0,2235.0,0.0,0.675,0.6856,0.6904,0.6972,1.0666,o,,,,
172644,2002,413901.0,2347.0,0.0,0.6805,0.7005,0.7098,0.7228,1.1283,o,2038.0,,7500.0,
172644,2003,419849.0,2249.0,0.0,0.6428,0.6549,0.6605,0.6682,1.0806,o,2867.0,,6585.0,310.0
172644,2004,448040.0,2380.0,0.0,0.6374,0.6641,0.6768,0.6943,1.1865,o,3120.0,,7061.0,318.0
172644,2005,463927.0,2293.0,0.0,0.5931,0.6284,0.6453,0.6691,1.2725,o,2878.0,,7138.0,327.0
172644,2006,470996.0,2148.0,0.0,0.5473,0.5826,0.5995,0.6234,1.2974,o,2945.0,1147.0,8114.0,389.0
172644,2007,480808.0,2379.0,0.0,0.5938,0.6187,0.6305,0.6469,1.1872,o,3221.0,2403.0,8332.0,398.0
172644,2008,481756.0,2781.0,0.0,0.6927,0.6976,0.6999,0.703,1.0299,o,2917.0,1744.0,11478.0,458.0
172644,2009,472491.0,2635.0,0.0,0.6692,0.6729,0.6746,0.677,1.0233,o,3046.0,1889.0,11667.0,457.0
172644,2010,498992.0,2489.0,0.0,0.5986,0.602,0.6036,0.6057,1.024,o,2683.0,1900.0,12355.0,382.0
172644,2011,494953.0,2642.0,0.0,0.6405,0.6293,0.6243,0.6174,0.9291,o,2466.0,2080.0,12600.0,394.0
172644,2012,476179.0,2634.0,0.0,0.6638,0.6364,0.6242,0.608,0.8389,o,2336.0,2166.0,13346.0,399.0
172644,2013,464995.0,2657.0,0.0,0.6857,0.651,0.6356,0.6153,0.8053,o,2167.0,1883.0,13622.0,408.0
172644,2014,448230.0,3047.0,0.0,0.8157,0.7699,0.7498,0.7232,0.786,o,2195.0,2079.0,14606.0,437.0
172644,2015,435310.0,3180.0,0.0,0.8766,0.8424,0.8272,0.8068,0.8472,o,2562.0,1742.0,14946.0,464.0
172644,2016,429123.0,3072.0,0.0,0.8591,0.8571,0.8562,0.855,0.9906,o,2588.0,1876.0,15316.0,468.0
172644,2017,430485.0,3578.0,0.0,0.9974,1.03,1.0454,1.0666,1.1437,o,2653.0,1905.0,15640.0,474.0
172644,2018,438726.0,3384.0,0.0,0.9256,0.9673,0.987,1.0146,1.2015,o,3038.0,1828.0,15864.0,465.0
172644,2019,449755.0,3532.0,0.0,0.9424,0.9838,1.0034,1.0308,1.1963,o,2968.0,1781.0,15981.0,454.0
172644,2020,456364.0,3617.0,0.0,0.9511,0.9868,1.0037,1.0271,1.1662,o,3120.0,1425.0,16247.0,454.0
172644,2021,468485.0,4021.0,0.0,1.03,1.0677,1.0854,1.1101,1.1616,o,2732.0,1501.0,15777.0,425.0
172644,2022,447627.0,3904.0,0.0,1.0466,1.0536,1.0569,1.0613,1.0283,o,2577.0,1451.0,15406.0,417.0
172644,2023,422808.0,3720.0,0.0,1.0558,1.025,1.0112,0.9926,0.8839,o,2988.0,1601.0,15191.0,414.0
172644,2024,466611.0,3850.0,0.0,0.9901,0.969,0.9595,0.9466,0.9141,o,3085.0,1359.0,14297.0,375.0
172671,1998,22903.0,0.0,153.0,0.4008,0.3955,0.3822,0.3765,0.8271,o,,,,
172671,1999,22302.0,0.0,114.0,0.3067,0.3112,0.323,0.3284,1.2304,o,,,,
172671,2000,22877.0,0.0,134.0,0.3514,0.3493,0.3439,0.3416,0.9172,o,,,,
172671,2001,23416.0,0.0,123.0,0.3152,0.3098,0.2963,0.2905,0.7809,o,,,,
172671,2002,24213.0,0.0,125.0,0.3098,0.3099,0.3103,0.3105,1.0071,o,239.0,,2446.0,
172671,2003,25568.0,0.0,149.0,0.3497,0.3535,0.3636,0.3681,1.1687,o,160.0,,2614.0,72.0
172671,2004,26738.0,0.0,161.0,0.3613,0.3527,0.3314,0.3224,0.708,o,194.0,,2663.0,63.0
172671,2005,26928.0,0.0,116.0,0.2585,0.258,0.2567,0.2561,0.9724,o,160.0,,2645.0,79.0
172671,2006,26642.0,0.0,162.0,0.3648,0.3623,0.3557,0.3529,0.904,o,212.0,,2657.0,100.0
172671,2007,27240.0,0.0,156.0,0.3436,0.348,0.3595,0.3647,1.1977,o,216.0,58.0,2680.0,98.0
172671,2008,27052.0,0.0,174.0,0.3859,0.39,0.4006,0.4054,1.1613,o,204.0,53.0,2640.0,88.0
172671,2009,27662.0,0.0,154.0,0.334,0.3329,0.3301,0.3288,0.9533,o,245.0,81.0,2765.0,67.0
172671,2010,32148.0,0.0,178.0,0.3322,0.3358,0.3453,0.3496,1.1667,o,209.0,51.0,2747.0,63.0
172671,2011,31596.0,0.0,181.0,0.3437,0.342,0.3376,0.3357,0.931,o,262.0,55.0,2831.0,59.0
172671,2012,30363.0,0.0,172.0,0.3399,0.3433,0.3523,0.3564,1.1542,o,257.0,44.0,2860.0,73.0
172671,2013,29505.0,0.0,163.0,0.3315,0.3335,0.3388,0.3412,1.0913,o,242.0,62.0,3008.0,73.0
172671,2014,28093.0,0.0,176.0,0.3759,0.3741,0.3694,0.3673,0.9326,o,213.0,38.0,3057.0,85.0
172671,2015,24543.0,0.0,159.0,0.3887,0.3844,0.3736,0.3689,0.8537,o,222.0,47.0,3154.0,92.0
172671,2016,23057.0,0.0,190.0,0.4944,0.4936,0.4914,0.4904,0.9758,o,199.0,36.0,3213.0,91.0
172671,2017,22576.0,0.0,154.0,0.4093,0.4067,0.4003,0.3975,0.9149,o,188.0,38.0,3337.0,96.0
172671,2018,20331.0,0.0,178.0,0.5253,0.5212,0.5107,0.5061,0.8931,o,190.0,45.0,3652.0,105.0
172671,2019,19096.0,0.0,163.0,0.5121,0.5115,0.5098,0.5091,0.9819,o,185.0,28.0,3575.0,105.0
172671,2020,20359.0,0.0,142.0,0.4185,0.4179,0.4163,0.4155,0.9788,o,187.0,41.0,3539.0,115.0
172671,2021,20062.0,0.0,156.0,0.4666,0.4665,0.4662,0.4661,0.9973,o,177.0,22.0,3436.0,110.0
172671,2022,17659.0,0.0,155.0,0.5266,0.5248,0.5202,0.5181,0.9516,o,188.0,25.0,3335.0,106.0
172671,2023,17790.0,0.0,133.0,0.4486,0.4496,0.4522,0.4534,1.033,o,176.0,25.0,3323.0,121.0
172671,2024,18805.0,0.0,121.0,0.3861,0.3851,0.3826,0.3815,0.9644,o,207.0,70.0,4320.0,127.0
172699,1998,530267.0,3770.0,0.0,0.8532,0.8818,0.8953,0.914,1.1477,o,,,,
172699,1999,543509.0,3495.0,0.0,0.7717,0.7984,0.8109,0.8284,1.1524,o,,,,
172699,2000,577039.0,3866.0,0.0,0.804,0.8475,0.8683,0.8974,1.2459,o,,,,
172699,2001,603082.0,3645.0,0.0,0.7253,0.781,0.808,0.8463,1.3616,o,,,,
172699,2002,633068.0,3823.0,0.0,0.7247,0.7733,0.7967,0.8297,1.3109,o,4474.0,,7793.0,
172699,2003,648322.0,4208.0,0.0,0.7789,0.8027,0.8138,0.8293,1.1337,o,4258.0,,8368.0,303.0
172699,2004,638088.0,4299.0,0.0,0.8085,0.8067,0.8059,0.8048,0.9909,o,3761.0,,9179.0,339.0
172699,2005,616708.0,4291.0,0.0,0.8349,0.8107,0.7998,0.7851,0.8842,o,3751.0,,9123.0,359.0
172699,2006,601778.0,4674.0,0.0,0.932,0.8907,0.8724,0.848,0.8278,o,3556.0,1590.0,10093.0,379.0
172699,2007,571020.0,4527.0,0.0,0.9514,0.9115,0.8938,0.8703,0.8368,o,3506.0,1739.0,10384.0,379.0
172699,2008,561505.0,4046.0,0.0,0.8647,0.8387,0.8271,0.8114,0.8807,o,3828.0,1806.0,10624.0,382.0
172699,2009,568123.0,3969.0,0.0,0.8383,0.8335,0.8313,0.8283,0.9763,o,3193.0,1645.0,11407.0,404.0
172699,2010,554493.0,3820.0,0.0,0.8267,0.8188,0.8152,0.8104,0.9609,o,3398.0,1872.0,11982.0,421.0
172699,2011,559764.0,3835.0,0.0,0.8221,0.8086,0.8025,0.7942,0.9333,o,3166.0,1895.0,12572.0,432.0
172699,2012,549365.0,3988.0,0.0,0.8711,0.8482,0.8379,0.8241,0.895,o,3026.0,1806.0,13070.0,464.0
172699,2013,527750.0,3887.0,0.0,0.8838,0.8576,0.8458,0.83,0.8819,o,3190.0,1641.0,13344.0,477.0
172699,2014,515847.0,3823.0,0.0,0.8893,0.8769,0.8713,0.8637,0.9431,o,3012.0,1699.0,13633.0,499.0
172699,2015,507411.0,3768.0,0.0,0.8911,0.8791,0.8736,0.8662,0.9449,o,2988.0,1639.0,13949.0,499.0
172699,2016,499504.0,3644.0,0.0,0.8754,0.8688,0.8658,0.8617,0.969,o,2930.0,1634.0,14298.0,508.0
172699,2017,489340.0,3774.0,0.0,0.9255,0.9146,0.9097,0.903,0.9521,o,3179.0,1664.0,14651.0,525.0
172699,2018,486258.0,3763.0,0.0,0.9286,0.9253,0.9237,0.9217,0.985,o,3023.0,1541.0,14884.0,525.0
172699,2019,481351.0,3619.0,0.0,0.9022,0.9094,0.9127,0.9173,1.0337,o,2919.0,1411.0,15232.0,522.0
172699,2020,466770.0,3564.0,0.0,0.9163,0.9171,0.9176,0.9181,1.0041,o,2618.0,1185.0,15646.0,536.0
172699,2021,431465.0,3551.0,0.0,0.9876,0.9646,0.9542,0.9402,0.9064,o,2114.0,1092.0,15194.0,522.0
172699,2022,389771.0,3614.0,0.0,1.1127,1.0427,1.0121,0.9719,0.763,o,2621.0,972.0,14738.0,522.0
172699,2023,365085.0,3339.0,0.0,1.0975,1.0393,1.0137,0.9797,0.7969,o,2472.0,988.0,15137.0,509.0
172699,2024,356931.0,3113.0,0.0,1.0466,1.0258,1.0164,1.0037,0.9198,o,2484.0,910.0,15298.0,495.0
172778,1998,18900.0,89.0,14.0,0.6095,0.467,0.4419,0.385,0.399,o,,,,
172778,2000,12421.0,168.0,4.0,1.6424,1.7329,1.7523,1.8016,1.2033,o,,,,
172778,2001,13258.0,120.0,3.0,1.0997,1.3348,1.3894,1.5359,1.9506,o,,,,
172778,2002,12719.0,135.0,7.0,1.3067,1.4174,1.4414,1.5033,1.3235,o,26.0,,13771.0,
172778,2003,9362.0,151.0,35.0,2.1598,1.8875,1.8357,1.7121,0.6284,o,16.0,,14530.0,440.0
172778,2004,5780.0,89.0,12.0,1.9723,1.3431,1.2405,1.0169,0.2658,o,26.0,,14345.0,
245245,1998,26396.0,0.0,167.0,0.3796,0.4072,0.4131,0.4283,1.2733,o,,,,
245245,1999,28178.0,0.0,169.0,0.3599,0.5337,0.579,0.71,3.8926,o,,,,
245245,2001,32075.0,9.0,154.0,0.3217,0.3942,0.4111,0.4566,2.0137,o,,,,
245245,2002,37908.0,15.0,185.0,0.3403,0.3633,0.3682,0.3809,1.2527,o,324.0,,9569.0,
245245,2003,39002.0,54.0,183.0,0.4477,0.4921,0.5018,0.527,1.3857,o,323.0,,9958.0,
247153,1998,6824.0,0.0,0.0,0.0,0.0,0.0,0.0,,-,,,,
247153,2000,2880.0,0.0,0.0,0.0,0.0,0.0,0.0,,-,,,,
247153,2002,3227.0,0.0,0.0,0.0,0.0,0.0,0.0,,-,106.0,,15269.0,
247153,2003,3499.0,0.0,0.0,0.0,0.0,0.0,0.0,,-,43.0,,16951.0,
247153,2004,4626.0,0.0,0.0,0.0,0.0,0.0,0.0,,-,30.0,,17247.0,
247153,2005,5052.0,0.0,0.0,0.0,0.0,0.0,0.0,,-,28.0,,17343.0,
247153,2006,5221.0,0.0,0.0,0.0,0.0,0.0,0.0,,-,29.0,,17606.0,
247153,2007,5376.0,0.0,0.0,0.0,0.0,0.0,0.0,,-,12.0,,17921.0,
247153,2008,5724.0,0.0,0.0,0.0,0.0,0.0,0.0,,-,33.0,21.0,19535.0,
247153,2009,7479.0,0.0,0.0,0.0,0.0,0.0,0.0,,-,39.0,20.0,19352.0,
247153,2010,8000.0,0.0,0.0,0.0,0.0,0.0,0.0,,-,16.0,,20964.0,
247153,2011,8232.0,0.0,0.0,0.0,0.0,0.0,0.0,,-,18.0,,21812.0,
247153,2012,6040.0,0.0,0.0,0.0,0.0,0.0,0.0,,-,17.0,,21879.0,
247153,2013,5284.0,0.0,0.0,0.0,0.0,0.0,0.0,,-,50.0,,22779.0,
247153,2014,5370.0,0.0,0.0,0.0,0.0,0.0,0.0,,-,33.0,,19338.0,
247153,2015,4621.0,0.0,0.0,0.0,0.0,0.0,0.0,,-,27.0,,19739.0,
247153,2016,5120.0,0.0,0.0,0.0,0.0,0.0,0.0,,-,68.0,,19742.0,
247153,2017,6924.0,0.0,0.0,0.0,0.0,0.0,0.0,,-,72.0,,20101.0,
247153,2018,9464.0,0.0,0.0,0.0,0.0,0.0,0.0,,-,78.0,,20382.0,
247153,2019,10148.0,0.0,0.0,0.0,0.0,0.0,0.0,,-,47.0,,36343.0,
247153,2020,8652.0,0.0,0.0,0.0,0.0,0.0,0.0,,-,64.0,,35914.0,
247153,2021,8024.0,0.0,0.0,0.0,0.0,0.0,0.0,,-,42.0,,36278.0,
247153,2022,7572.0,0.0,0.0,0.0,0.0,0.0,0.0,,-,52.0,,34754.0,
247153,2023,6960.0,0.0,0.0,0.0,0.0,0.0,0.0,,-,46.0,,32794.0,
247153,2024,5664.0,0.0,0.0,0.0,0.0,0.0,0.0,,-,49.0,,32160.0,
247162,2007,258.0,0.0,0.0,0.0,0.0,0.0,0.0,,n,,,,660.0
247162,2009,110.0,0.0,0.0,0.0,0.0,0.0,0.0,,n,6.0,,,115.0
247162,2010,64.0,0.0,0.0,0.0,0.0,0.0,0.0,,n,2.0,,,525.0
247162,2013,221.0,0.0,0.0,0.0,0.0,0.0,0.0,,n,8.0,,,425.0
247162,2015,216.0,0.0,0.0,0.0,0.0,0.0,0.0,1.4444,o,2.0,,,453.0
247162,2016,227.0,0.0,0.0,0.0,0.0,0.0,0.0,0.3333,o,6.0,,,747.0
247162,2017,141.0,0.0,0.0,0.0,0.0,0.0,0.0,0.3636,o,6.0,,,631.0
247162,2018,117.0,0.0,0.0,0.0,0.0,0.0,0.0,0.9231,o,5.0,,,642.0
247162,2019,60.0,0.0,0.0,0.0,0.0,0.0,0.0,1.5714,o,,,,634.0
247162,2020,109.0,0.0,0.0,0.0,0.0,0.0,0.0,1.328,i,,,,636.0
247773,1998,756.0,3.0,0.0,0.4762,0.4692,0.4677,0.4641,0.95,o,,,,
247773,1999,756.0,2.0,0.0,0.3175,0.3125,0.3115,0.309,0.9474,o,,,,
247773,2000,840.0,1.0,0.0,0.1429,0.1429,0.1429,0.1429,1.0,o,,,,
247773,2001,800.0,1.0,0.0,0.15,0.1585,0.1604,0.165,1.2105,o,,,,
247773,2002,868.0,0.0,0.0,0.0,0.0,0.0,0.0,1.2778,o,15.0,,6063.0,
247773,2003,1036.0,0.0,0.0,0.0,0.0,0.0,0.0,1.15,o,14.0,,5948.0,229.0
247773,2004,1148.0,3.0,0.0,0.3136,0.3354,0.3401,0.3521,1.2609,o,7.0,,6799.0,231.0
247773,2005,980.0,0.0,0.0,0.0,0.0,0.0,0.0,0.913,o,19.0,,6599.0,313.0
247773,2006,1204.0,2.0,0.0,0.1993,0.2066,0.2081,0.2119,1.1304,o,4.0,,6388.0,213.0
247773,2008,1536.0,4.0,0.0,0.3125,0.3361,0.3412,0.3543,1.2857,o,19.0,5.0,6585.0,158.0
247773,2009,2130.0,3.0,0.0,0.169,0.1942,0.1999,0.2148,1.6154,o,17.0,2.0,6475.0,117.0
247773,2010,2199.0,1.0,0.0,0.0546,0.0621,0.0638,0.0683,1.5652,o,22.0,7.0,6862.0,128.0
247773,2011,2667.0,4.0,0.0,0.18,0.2002,0.2047,0.2163,1.4444,o,6.0,4.0,7119.0,119.0
247773,2012,2214.0,5.0,0.0,0.271,0.2409,0.2351,0.2213,0.6667,o,19.0,3.0,7211.0,112.0
247773,2013,1692.0,4.0,0.0,0.2837,0.2552,0.2497,0.2364,0.6944,o,15.0,3.0,7753.0,116.0
247773,2014,1920.0,3.0,0.0,0.1875,0.1802,0.1787,0.1751,0.8718,o,19.0,6.0,8163.0,391.0
247773,2015,2100.0,2.0,0.0,0.1143,0.1209,0.1223,0.1259,1.2143,o,14.0,,8094.0,394.0
247773,2016,2040.0,2.0,0.0,0.1176,0.1275,0.1297,0.1352,1.32,o,13.0,2.0,8038.0,333.0
247773,2017,1950.0,2.0,0.0,0.1231,0.1151,0.1135,0.1097,0.7941,o,13.0,1.0,8669.0,460.0
247773,2018,1890.0,7.0,0.0,0.4444,0.4112,0.4046,0.3887,0.7647,o,15.0,1.0,8475.0,364.0
247773,2019,1830.0,5.0,0.0,0.3279,0.3126,0.3095,0.302,0.8485,o,20.0,3.0,8297.0,544.0
247773,2020,1650.0,3.0,0.0,0.2182,0.2352,0.2389,0.2484,1.2963,o,13.0,2.0,8894.0,614.0
247773,2021,2574.0,23.0,0.0,1.0723,1.149,1.1656,1.208,1.2692,o,19.0,,9104.0,323.0
247773,2022,1860.0,8.0,0.0,0.5161,0.5365,0.5408,0.5518,1.1429,o,21.0,2.0,9435.0,476.0
247773,2023,2070.0,17.0,0.0,0.9855,1.0244,1.0327,1.0536,1.1429,o,25.0,,8902.0,427.0
247773,2024,2190.0,10.0,0.0,0.5479,0.6033,0.6155,0.6469,1.3939,o,18.0,1.0,8600.0,467.0
250744,1998,9936.0,0.0,0.0,0.0,0.0,0.0,0.0,,-,,,,
250744,2000,5152.0,0.0,0.0,0.0,0.0,0.0,0.0,,-,,,,
250744,2002,5494.0,0.0,0.0,0.0,0.0,0.0,0.0,,-,217.0,,15269.0,
250744,2003,6868.0,0.0,0.0,0.0,0.0,0.0,0.0,,-,65.0,,16951.0,
250744,2004,8140.0,0.0,0.0,0.0,0.0,0.0,0.0,,-,75.0,,17247.0,
250744,2005,9117.0,0.0,0.0,0.0,0.0,0.0,0.0,,-,18.0,,17343.0,
250744,2006,8634.0,0.0,0.0,0.0,0.0,0.0,0.0,,-,53.0,,17606.0,
250744,2007,11176.0,0.0,0.0,0.0,0.0,0.0,0.0,,-,37.0,,17921.0,
250744,2008,12022.0,0.0,0.0,0.0,0.0,0.0,0.0,,-,45.0,59.0,19535.0,
250744,2009,15205.0,0.0,0.0,0.0,0.0,0.0,0.0,,-,53.0,63.0,19352.0,
250744,2010,16997.0,0.0,0.0,0.0,0.0,0.0,0.0,,-,35.0,,20964.0,
250744,2011,12988.0,0.0,0.0,0.0,0.0,0.0,0.0,,-,40.0,,21812.0,
250744,2012,13156.0,0.0,0.0,0.0,0.0,0.0,0.0,,-,31.0,,21879.0,
250744,2013,14108.0,0.0,0.0,0.0,0.0,0.0,0.0,,-,76.0,,22779.0,
250744,2014,15720.0,0.0,0.0,0.0,0.0,0.0,0.0,,-,95.0,,25974.0,
250744,2015,16719.0,0.0,0.0,0.0,0.0,0.0,0.0,,-,81.0,,26068.0,
250744,2016,17928.0,0.0,0.0,0.0,0.0,0.0,0.0,,-,132.0,,24705.0,
250744,2017,18060.0,0.0,0.0,0.0,0.0,0.0,0.0,,-,114.0,,25333.0,
250744,2018,22740.0,0.0,0.0,0.0,0.0,0.0,0.0,,-,109.0,,25514.0,
250744,2019,20250.0,0.0,0.0,0.0,0.0,0.0,0.0,,-,83.0,,25346.0,
250744,2020,15450.0,0.0,0.0,0.0,0.0,0.0,0.0,,-,131.0,,25361.0,
250744,2021,16284.0,0.0,0.0,0.0,0.0,0.0,0.0,,-,90.0,,36278.0,
250744,2022,19302.0,0.0,0.0,0.0,0.0,0.0,0.0,,-,90.0,,34754.0,
250744,2023,18324.0,0.0,0.0,0.0,0.0,0.0,0.0,,-,116.0,,32794.0,
250744,2024,14070.0,0.0,0.0,0.0,0.0,0.0,0.0,,-,143.0,,32160.0,
261472,1998,19625.0,0.0,0.0,0.0,0.0,0.0,0.0,,-,,,,
261472,1999,20823.0,0.0,214.0,0.6166,0.6166,0.6166,0.6166,,-,,,,
261472,2000,14954.0,0.0,207.0,0.8305,0.8305,0.8305,0.8305,,-,,,,
261472,2001,28223.0,0.0,186.0,0.3954,0.3954,0.3954,0.3954,,-,,,,
261472,2002,18578.0,0.0,211.0,0.6815,0.6815,0.6815,0.6815,,-,171.0,,18964.0,
261472,2003,20328.0,0.0,221.0,0.6523,0.6523,0.6523,0.6523,,-,178.0,,20188.0,781.0
261472,2004,18729.0,0.0,247.0,0.7913,0.7913,0.7913,0.7913,,-,172.0,,20716.0,950.0
261472,2005,19219.0,0.0,198.0,0.6181,0.6181,0.6181,0.6181,,-,164.0,,21807.0,899.0
261472,2006,19835.0,0.0,191.0,0.5778,0.5778,0.5778,0.5778,,-,208.0,19.0,22118.0,821.0
261472,2007,23965.0,0.0,189.0,0.4732,0.4732,0.4732,0.4732,,-,218.0,12.0,22504.0,777.0
261472,2008,27517.0,0.0,224.0,0.4884,0.4884,0.4884,0.4884,,-,252.0,35.0,22828.0,792.0
261472,2009,35936.0,0.0,266.0,0.4441,0.4441,0.4441,0.4441,,-,266.0,24.0,23533.0,779.0
261472,2010,41904.0,38.0,314.0,0.5584,0.5584,0.5584,0.5584,,-,201.0,24.0,24513.0,865.0
261472,2011,38653.0,82.0,315.0,0.7435,0.7435,0.7435,0.7435,,-,87.0,20.0,25194.0,1006.0
261472,2012,29759.0,110.0,367.0,1.1835,1.1835,1.1835,1.1835,,-,59.0,7.0,24556.0,1108.0
261472,2013,20195.0,117.0,245.0,1.4231,1.4231,1.4231,1.4231,,-,66.0,8.0,24126.0,1130.0
261472,2014,16651.0,67.0,166.0,1.081,1.081,1.081,1.081,,-,57.0,,23762.0,890.0
261472,2015,15574.0,51.0,130.0,0.8938,0.8938,0.8938,0.8938,,-,61.0,3.0,23561.0,733.0
261700,1998,528.0,0.0,0.0,0.0,0.0,0.0,0.0,,-,,,,
363457,2000,11547.0,0.0,0.0,0.0,0.0,0.0,0.0,,-,,,,
363457,2001,7392.0,0.0,0.0,0.0,0.0,0.0,0.0,,-,,,,
363457,2004,20605.0,0.0,0.0,0.0,0.0,0.0,0.0,,-,117.0,,13267.0,
363457,2005,13769.0,0.0,0.0,0.0,0.0,0.0,0.0,,-,92.0,,12877.0,
363457,2006,15772.0,0.0,0.0,0.0,0.0,0.0,0.0,,-,132.0,,12465.0,
363457,2009,7923.0,0.0,0.0,0.0,0.0,0.0,0.0,,-,150.0,,15151.0,590.0
363457,2010,8000.0,0.0,0.0,0.0,0.0,0.0,0.0,,-,17.0,,17537.0,726.0
380359,1998,9810.0,0.0,14.0,0.0856,0.1065,0.1176,0.1348,2.4786,o,,,,
380359,1999,10770.0,0.0,16.0,0.0891,0.1021,0.1087,0.1183,1.7607,o,,,,
380359,2000,6752.0,0.0,9.0,0.08,0.0778,0.0768,0.0755,0.8912,o,,,,
380359,2001,7273.0,0.0,14.0,0.1155,0.0992,0.0925,0.0842,0.531,o,,,,
380359,2002,6701.0,0.0,23.0,0.2059,0.1739,0.161,0.1449,0.4948,o,96.0,,4642.0,
380359,2003,7304.0,0.0,26.0,0.2136,0.2051,0.2014,0.1963,0.8451,o,62.0,,4554.0,198.0
380359,2004,9187.0,0.0,26.0,0.1698,0.1709,0.1713,0.172,1.026,o,73.0,,4444.0,168.0
380359,2005,8608.0,0.0,26.0,0.1812,0.179,0.178,0.1767,0.9507,o,40.0,,4314.0,156.0
380359,2006,8610.0,0.0,17.0,0.1185,0.1059,0.1007,0.0939,0.6278,o,102.0,11.0,4300.0,155.0
380359,2007,11700.0,0.0,27.0,0.1385,0.135,0.1334,0.1313,0.8987,o,135.0,1.0,4174.0,122.0
380359,2008,10651.0,0.0,27.0,0.1521,0.1741,0.1852,0.2015,1.7556,o,180.0,,4039.0,50.0
380359,2009,11180.0,0.0,18.0,0.0966,0.1235,0.1383,0.1613,2.7876,o,217.0,1.0,3971.0,43.0
380359,2010,14154.0,0.0,24.0,0.1017,0.1302,0.1458,0.1701,2.7958,o,188.0,,3945.0,42.0
380359,2011,14865.0,0.0,43.0,0.1736,0.1974,0.2094,0.2269,1.7089,o,158.0,13.0,3797.0,34.0
380359,2012,14354.0,0.0,32.0,0.1338,0.1368,0.1382,0.1402,1.0984,o,120.0,34.0,3701.0,32.0
380359,2013,13079.0,0.0,42.0,0.1927,0.1769,0.1701,0.1612,0.7003,o,133.0,22.0,4010.0,32.0
380359,2014,12402.0,0.0,48.0,0.2322,0.2074,0.197,0.1835,0.6247,o,157.0,35.0,4002.0,31.0
380359,2015,10882.0,0.0,51.0,0.2812,0.2695,0.2643,0.2574,0.8382,o,147.0,119.0,3969.0,32.0
380359,2016,9984.0,0.0,46.0,0.2764,0.2824,0.2852,0.2891,1.0935,o,109.0,15.0,3941.0,34.0
380359,2017,9209.0,0.0,36.0,0.2346,0.2352,0.2355,0.2359,1.0119,o,105.0,15.0,3875.0,31.0
380359,2018,9262.0,0.0,48.0,0.3109,0.2891,0.2796,0.2671,0.7379,o,75.0,24.0,3789.0,32.0
380359,2019,9611.0,0.0,48.0,0.2997,0.2642,0.2494,0.2306,0.5921,o,95.0,32.0,3709.0,40.0
380359,2020,10574.0,1.0,45.0,0.2667,0.2417,0.2311,0.2173,0.6641,o,59.0,24.0,3990.0,45.0
380359,2021,9527.0,12.0,49.0,0.4597,0.4248,0.4097,0.39,0.7196,o,106.0,33.0,3875.0,40.0
380359,2022,10506.0,13.0,62.0,0.5026,0.4922,0.4875,0.4812,0.9167,o,78.0,35.0,3642.0,30.0
380359,2023,10226.0,12.0,41.0,0.3814,0.3887,0.3921,0.3968,1.0824,o,107.0,31.0,3437.0,29.0
380359,2024,12789.0,9.0,60.0,0.3659,0.3824,0.3902,0.4011,1.2013,o,139.0,68.0,3320.0,25.0
381617,1998,17613.0,33.0,106.0,0.5859,0.462,0.4398,0.3889,0.4406,o,,,,
381617,1999,19627.0,30.0,84.0,0.4402,0.4609,0.4653,0.4765,1.1715,o,,,,
381617,2001,23335.0,53.0,134.0,0.6171,0.6521,0.6596,0.6787,1.2096,o,,,,
381617,2002,28600.0,57.0,143.0,0.5392,0.548,0.5498,0.5545,1.0576,o,309.0,,9666.0,
381617,2003,26647.0,76.0,126.0,0.626,0.6344,0.6362,0.6407,1.0475,o,317.0,,9788.0,
381617,2004,30063.0,68.0,132.0,0.5349,0.5399,0.541,0.5436,1.033,o,328.0,,9851.0,
381617,2005,28829.0,75.0,144.0,0.6119,0.6124,0.6126,0.6128,1.0031,o,312.0,,9851.0,
381617,2006,33114.0,46.0,151.0,0.4403,0.4403,0.4403,0.4403,1.0,o,313.0,142.0,9816.0,
381617,2007,34562.0,46.0,165.0,0.4462,0.4459,0.4459,0.4458,0.9984,o,308.0,176.0,9800.0,
381617,2008,35653.0,69.0,171.0,0.52,0.5143,0.5132,0.5103,0.9628,o,343.0,167.0,9746.0,
381617,2009,39849.0,59.0,179.0,0.4472,0.4494,0.4499,0.451,1.0172,o,394.0,182.0,9841.0,
381617,2010,45565.0,74.0,214.0,0.4767,0.5,0.505,0.5176,1.1792,o,249.0,151.0,10035.0,
381617,2011,39865.0,69.0,261.0,0.6005,0.6066,0.6079,0.6111,1.0354,o,205.0,124.0,10302.0,
381617,2012,32195.0,76.0,235.0,0.7212,0.6496,0.6357,0.6023,0.6974,o,185.0,64.0,10286.0,
381617,2013,26152.0,62.0,174.0,0.6837,0.5685,0.5472,0.4973,0.5292,o,170.0,64.0,10347.0,
381617,2014,22237.0,64.0,150.0,0.7501,0.6314,0.6093,0.5574,0.5521,o,124.0,65.0,10664.0,
387448,1998,1080.0,0.0,0.0,0.0,0.0,0.0,0.0,,-,,,,
404073,1998,19685.0,61.0,60.0,0.5547,0.5547,0.5547,0.5547,,n,,,,
404073,1999,24689.0,79.0,63.0,0.5371,0.5622,0.5675,0.5811,1.1707,o,,,,
404073,2003,52596.0,116.0,149.0,0.4346,0.4885,0.5004,0.5316,1.4958,o,866.0,,13085.0,
404073,2004,63347.0,158.0,185.0,0.4745,0.5348,0.5482,0.5831,1.51,o,760.0,,9851.0,
404073,2005,62155.0,132.0,278.0,0.5232,0.5643,0.5732,0.596,1.2977,o,578.0,,9851.0,
404073,2006,67690.0,158.0,320.0,0.5637,0.5523,0.55,0.5442,0.9318,o,620.0,485.0,9816.0,
404073,2007,71813.0,152.0,307.0,0.5105,0.4646,0.4556,0.4339,0.7226,o,532.0,491.0,9800.0,
404073,2008,71986.0,146.0,294.0,0.4884,0.442,0.4329,0.4111,0.7085,o,612.0,505.0,9746.0,
404073,2009,76797.0,168.0,343.0,0.5305,0.5069,0.5022,0.4905,0.855,o,715.0,659.0,9841.0,
404073,2010,84895.0,200.0,291.0,0.4884,0.5031,0.5062,0.514,1.1077,o,506.0,548.0,10035.0,
404073,2011,85345.0,215.0,327.0,0.5322,0.5412,0.5431,0.5479,1.0599,o,462.0,498.0,10302.0,
404073,2012,75170.0,199.0,371.0,0.6138,0.5848,0.5789,0.5646,0.8462,o,329.0,467.0,10286.0,
404073,2013,68045.0,235.0,350.0,0.723,0.6223,0.6033,0.5582,0.5961,o,315.0,384.0,10347.0,
404073,2014,60604.0,208.0,290.0,0.699,0.5806,0.5587,0.5076,0.5274,o,275.0,301.0,10664.0,
404082,1998,33840.0,35.0,82.0,0.2695,0.2695,0.2695,0.2695,,n,,,,
404082,1999,43650.0,77.0,121.0,0.378,0.4447,0.4599,0.5002,1.7508,o,,,,
404082,2000,39001.0,78.0,160.0,0.4861,0.6037,0.6314,0.7062,2.1102,o,,,,
404082,2001,49424.0,99.0,192.0,0.4735,0.5864,0.613,0.6848,2.0917,o,,,,
404082,2002,62407.0,153.0,181.0,0.4682,0.5628,0.5846,0.6429,1.8856,o,1396.0,,12888.0,
404082,2003,79534.0,184.0,223.0,0.4458,0.5401,0.5619,0.6205,1.9367,o,1488.0,,13051.0,
404082,2004,90903.0,168.0,264.0,0.396,0.4702,0.4872,0.5324,1.807,o,1011.0,,13134.0,
404082,2005,84357.0,137.0,312.0,0.4168,0.4472,0.4537,0.4705,1.2744,o,1134.0,,9851.0,
404082,2006,100031.0,172.0,359.0,0.4217,0.4058,0.4026,0.3947,0.8762,o,1182.0,617.0,9816.0,
404082,2007,104839.0,187.0,426.0,0.4578,0.4296,0.424,0.4103,0.8031,o,1125.0,676.0,9800.0,
404082,2008,101031.0,205.0,407.0,0.4852,0.4741,0.4718,0.4662,0.9232,o,1088.0,689.0,9746.0,
404082,2009,117457.0,216.0,403.0,0.4265,0.4304,0.4312,0.4332,1.0317,o,1196.0,927.0,9841.0,
404082,2010,133297.0,236.0,435.0,0.4083,0.4066,0.4063,0.4054,0.9862,o,1035.0,663.0,10035.0,
404082,2011,130098.0,262.0,505.0,0.4746,0.47,0.469,0.4667,0.9671,o,876.0,606.0,10302.0,
404082,2012,115738.0,268.0,563.0,0.5697,0.546,0.5412,0.5294,0.8635,o,932.0,409.0,10286.0,
404082,2013,101753.0,255.0,544.0,0.6215,0.5808,0.5727,0.553,0.7916,o,715.0,327.0,10347.0,
404082,2014,82936.0,229.0,431.0,0.6431,0.589,0.5783,0.5526,0.7382,o,572.0,294.0,10664.0,
404648,1998,14851.0,29.0,75.0,0.5373,0.5984,0.6118,0.6469,1.4492,o,,,,
404648,1999,18528.0,36.0,69.0,0.4566,0.5059,0.5167,0.5449,1.424,o,,,,
404648,2000,15563.0,36.0,91.0,0.6284,0.6608,0.6677,0.6852,1.1891,o,,,,
404648,2001,17221.0,38.0,93.0,0.5888,0.5803,0.5786,0.5743,0.9512,o,,,,
404648,2003,25072.0,47.0,108.0,0.4834,0.4954,0.4979,0.5042,1.0879,o,327.0,,9788.0,
404648,2004,31166.0,32.0,133.0,0.3793,0.4161,0.4242,0.4451,1.3772,o,357.0,,9851.0,
404648,2005,33443.0,24.0,155.0,0.3642,0.4118,0.4223,0.45,1.5268,o,400.0,,9851.0,
404648,2006,31561.0,35.0,160.0,0.4372,0.4876,0.4987,0.5276,1.4558,o,360.0,,9816.0,
404648,2007,30629.0,34.0,149.0,0.4251,0.4516,0.4573,0.4718,1.2318,o,343.0,130.0,9800.0,
404648,2008,30813.0,26.0,145.0,0.3836,0.3867,0.3873,0.3889,1.0278,o,320.0,130.0,9746.0,
404648,2009,35676.0,40.0,132.0,0.3565,0.3431,0.3404,0.3337,0.8758,o,428.0,121.0,9841.0,
404648,2010,41971.0,52.0,184.0,0.4117,0.4098,0.4094,0.4085,0.9842,o,335.0,113.0,10035.0,
404648,2011,41277.0,43.0,199.0,0.4143,0.4242,0.4263,0.4316,1.0853,o,280.0,151.0,10302.0,
404648,2012,38375.0,38.0,231.0,0.48,0.4697,0.4675,0.4623,0.9276,o,317.0,126.0,10286.0,
404648,2013,40743.0,42.0,218.0,0.4447,0.4166,0.411,0.3973,0.7981,o,302.0,101.0,10347.0,
404648,2014,32259.0,46.0,216.0,0.5729,0.5391,0.5324,0.516,0.8113,o,239.0,123.0,10664.0,
405128,1998,9935.0,147.0,43.0,2.0352,2.0352,2.0352,2.0352,,n,,,,
407258,2001,15685.0,43.0,50.0,0.5203,0.3812,0.3574,0.3043,0.3422,o,,,,
407258,2002,20819.0,41.0,49.0,0.3775,0.3074,0.2946,0.2649,0.4924,o,57.0,,16861.0,
407258,2003,18187.0,42.0,35.0,0.3926,0.3487,0.3403,0.32,0.6645,o,51.0,,20426.0,
411851,1998,912.0,0.0,0.0,0.0,0.0,0.0,0.0,,-,,,,
414160,1998,15741.0,31.0,83.0,0.5527,0.5527,0.5527,0.5527,,n,,,,
414160,1999,18331.0,27.0,83.0,0.4484,0.4484,0.4484,0.4484,,n,,,,
414160,2000,18367.0,40.0,77.0,0.5129,0.5615,0.5722,0.5996,1.3669,o,,,,
414160,2001,21907.0,59.0,92.0,0.5751,0.5849,0.5869,0.5921,1.0597,o,,,,
414160,2002,27418.0,63.0,127.0,0.5537,0.5367,0.5332,0.5247,0.8982,o,392.0,,12888.0,
414160,2003,27418.0,43.0,120.0,0.4508,0.445,0.4438,0.4409,0.9566,o,442.0,,13051.0,
414160,2004,31347.0,50.0,126.0,0.4326,0.45,0.4537,0.463,1.1456,o,279.0,,13134.0,
414160,2005,33258.0,53.0,136.0,0.4366,0.4426,0.4438,0.4469,1.048,o,241.0,,9851.0,
414160,2006,33005.0,56.0,154.0,0.4836,0.4388,0.43,0.409,0.7153,o,286.0,202.0,9816.0,
414160,2007,34790.0,63.0,167.0,0.5053,0.4423,0.4303,0.4017,0.6319,o,320.0,208.0,9800.0,
414160,2008,37001.0,64.0,153.0,0.4557,0.4333,0.4288,0.4178,0.8405,o,306.0,204.0,9848.0,
414160,2009,41563.0,78.0,134.0,0.4186,0.4418,0.4467,0.4593,1.2038,o,488.0,321.0,9841.0,
414160,2010,54791.0,85.0,190.0,0.3942,0.444,0.455,0.4839,1.5066,o,490.0,380.0,10064.0,
414160,2011,60037.0,82.0,211.0,0.3748,0.4306,0.4431,0.4761,1.6139,o,407.0,356.0,10302.0,
414160,2012,56386.0,94.0,245.0,0.4608,0.5114,0.5226,0.5515,1.4329,o,324.0,283.0,10286.0,
414160,2013,50844.0,118.0,262.0,0.5877,0.5738,0.5709,0.5639,0.9207,o,286.0,230.0,10347.0,
414160,2014,43547.0,111.0,247.0,0.6462,0.5635,0.5478,0.5103,0.6237,o,272.0,229.0,10664.0,
414708,1998,4128.0,38.0,2.0,1.1337,1.1337,1.1337,1.1337,,n,,,,
414708,1999,7497.0,44.0,13.0,0.8084,0.8084,0.8084,0.8084,,n,,,,
414708,2000,11069.0,190.0,11.0,2.1194,2.1194,2.1194,2.1194,,n,,,,
414708,2001,20667.0,118.0,15.0,0.7287,0.7287,0.7287,0.7287,,n,,,,
414708,2002,38667.0,146.0,45.0,0.5229,0.8625,0.9566,1.2392,5.6154,o,340.0,,12888.0,
414708,2003,53040.0,202.0,67.0,0.5328,0.8093,0.8824,1.0954,4.2264,o,469.0,,13051.0,
414708,2004,49776.0,228.0,109.0,0.6811,1.0565,1.157,1.4519,4.5449,o,348.0,,13134.0,
414708,2005,60922.0,263.0,162.0,0.6776,0.9926,1.0742,1.3087,3.7306,o,211.0,,13134.0,
414708,2006,70411.0,345.0,220.0,0.7755,0.8269,0.8379,0.8662,1.2478,o,163.0,478.0,13088.0,
414708,2007,77533.0,441.0,262.0,0.8853,0.7078,0.6758,0.6019,0.4623,o,104.0,715.0,13067.0,
414708,2008,85016.0,468.0,278.0,0.8568,0.6195,0.5793,0.4898,0.3268,o,180.0,557.0,12994.0,
414708,2009,92800.0,519.0,291.0,0.8593,0.7061,0.6779,0.6125,0.508,o,227.0,,13122.0,
414708,2010,93755.0,578.0,254.0,0.9024,0.9248,0.9295,0.9413,1.0882,o,305.0,437.0,13380.0,
414708,2011,96480.0,634.0,223.0,0.9272,1.1324,1.1803,1.3089,1.9925,o,298.0,487.0,13736.0,
414708,2012,95098.0,675.0,233.0,0.9988,1.2425,1.2999,1.4553,2.1232,o,264.0,482.0,13715.0,
414708,2013,87459.0,595.0,228.0,0.9728,1.0682,1.0891,1.1431,1.3808,o,195.0,357.0,13796.0,
414708,2014,79005.0,553.0,192.0,0.9858,0.9445,0.9361,0.9156,0.8628,o,155.0,314.0,14219.0,
419572,1998,12277.0,73.0,146.0,1.4271,1.4271,1.4271,1.4271,,n,,,,
419572,1999,12624.0,108.0,151.0,1.7443,1.7443,1.7443,1.7443,,n,,,,
419572,2003,10058.0,103.0,90.0,1.7658,1.3518,1.2791,1.1141,0.3981,o,72.0,,,
419572,2004,9455.0,97.0,86.0,1.7768,1.2842,1.2008,1.0152,0.3264,o,51.0,,,
419572,2005,7355.0,56.0,84.0,1.599,1.2096,1.1417,0.9883,0.382,o,11.0,,9851.0,
419572,2006,5688.0,45.0,75.0,1.7405,1.227,1.1414,0.9525,0.2995,o,36.0,55.0,9816.0,
419572,2008,8484.0,43.0,77.0,1.1528,0.9128,0.8698,0.7708,0.4472,o,16.0,45.0,9746.0,
419572,2010,2421.0,40.0,27.0,2.6522,2.0395,1.9317,1.6863,0.4043,o,,,,
421018,1998,56130.0,34.0,1.0,0.0738,0.0738,0.0738,0.0738,,x,,,,
421018,1999,48390.0,177.0,0.0,0.4389,0.4389,0.4389,0.4389,,x,,,,
421018,2000,44027.0,337.0,0.0,0.9185,0.9185,0.9185,0.9185,,x,,,,
421018,2001,54169.0,320.0,0.0,0.7089,0.7089,0.7089,0.7089,,x,,,,
421018,2003,57012.0,339.0,1.0,0.7146,0.7146,0.7146,0.7146,,x,53.0,,16212.0,622.0
421018,2004,70233.0,465.0,0.0,0.7945,0.7945,0.7945,0.7945,,x,211.0,,16766.0,539.0
421018,2005,67988.0,445.0,2.0,0.7872,0.7872,0.7872,0.7872,,x,255.0,,17239.0,535.0
421018,2006,66701.0,384.0,0.0,0.6908,0.6908,0.6908,0.6908,,x,273.0,194.0,17669.0,555.0
421018,2007,60620.0,407.0,0.0,0.8057,0.8057,0.8057,0.8057,,x,240.0,180.0,18829.0,667.0
421018,2008,51972.0,343.0,0.0,0.792,0.792,0.792,0.792,,x,222.0,204.0,21335.0,576.0
421018,2009,62310.0,476.0,0.0,0.9167,0.9167,0.9167,0.9167,,x,132.0,114.0,19338.0,447.0
421018,2010,50203.0,429.0,0.0,1.0254,1.0254,1.0254,1.0254,,x,138.0,129.0,15198.0,583.0
421018,2011,42429.0,378.0,0.0,1.0691,1.0691,1.0691,1.0691,,x,116.0,134.0,16081.0,597.0
421018,2012,38545.0,160.0,0.0,0.4981,0.4981,0.4981,0.4981,,x,67.0,77.0,16302.0,562.0
421018,2013,27646.0,210.0,4.0,0.9202,0.9202,0.9202,0.9202,,x,70.0,87.0,16576.0,606.0
429076,2004,129.0,1.0,0.0,0.9302,0.9302,0.9302,0.9302,,n,,,,379.0
429076,2006,251.0,1.0,0.0,0.4781,0.4781,0.4781,0.4781,,n,,3.0,,627.0
429076,2007,291.0,3.0,0.0,1.2371,1.2371,1.2371,1.2371,,n,,4.0,,751.0
433192,1999,480.0,0.0,0.0,0.0,0.0,0.0,0.0,,-,,,,
434414,1999,3840.0,7.0,0.0,0.2188,0.2188,0.2188,0.2188,,n,,,,
434414,2000,1716.0,10.0,0.0,0.6993,0.6993,0.6993,0.6993,,n,,,,
434414,2001,2320.0,4.0,0.0,0.2069,0.2069,0.2069,0.2069,,n,,,,
434414,2002,1331.0,11.0,0.0,0.9917,0.9917,0.9917,0.9917,,n,50.0,,14464.0,
434414,2003,1009.0,11.0,0.0,1.3082,1.3082,1.3082,1.3082,,n,4.0,,15124.0,
434414,2005,1182.0,5.0,0.0,0.5076,0.3146,0.2849,0.2224,0.192,o,15.0,,15532.0,
434414,2007,1940.0,3.0,0.0,0.1856,0.176,0.1741,0.1694,0.8333,o,19.0,,14670.0,
434414,2008,2294.0,5.0,0.0,0.2616,0.3217,0.3358,0.3737,2.0417,o,24.0,,15043.0,
434414,2009,1556.0,3.0,0.0,0.2314,0.2456,0.2486,0.2564,1.2286,o,39.0,2.0,15395.0,
434414,2012,28933.0,5.0,0.0,0.0207,0.0536,0.0652,0.1064,26.3488,o,623.0,240.0,14559.0,871.0
434414,2013,34051.0,20.0,0.0,0.0705,0.172,0.2069,0.3282,21.6825,o,661.0,301.0,14304.0,648.0
438416,2001,9348.0,1.0,0.0,0.0128,0.0128,0.0128,0.0128,,x,,,,
438416,2003,13808.0,48.0,0.0,0.4171,0.4171,0.4171,0.4171,,x,6.0,,15651.0,656.0
438416,2004,21562.0,103.0,0.0,0.5732,0.5732,0.5732,0.5732,,x,34.0,,16368.0,518.0
438416,2005,22385.0,143.0,0.0,0.7666,0.7666,0.7666,0.7666,,x,62.0,,18542.0,544.0
438416,2006,18803.0,129.0,0.0,0.8233,0.8233,0.8233,0.8233,,x,25.0,68.0,17295.0,573.0
438416,2007,14082.0,135.0,0.0,1.1504,1.1504,1.1504,1.1504,,x,33.0,33.0,18375.0,893.0
438416,2008,10664.0,90.0,0.0,1.0128,1.0128,1.0128,1.0128,,x,69.0,44.0,18131.0,590.0
438416,2009,13740.0,150.0,0.0,1.31,1.31,1.31,1.31,,x,58.0,31.0,18345.0,408.0
438416,2010,14760.0,107.0,0.0,0.8699,0.8699,0.8699,0.8699,,x,89.0,21.0,14478.0,511.0
438416,2011,15255.0,74.0,0.0,0.5821,0.5821,0.5821,0.5821,,x,143.0,55.0,14909.0,582.0
438416,2012,16236.0,20.0,0.0,0.1478,0.1478,0.1478,0.1478,,x,98.0,53.0,15112.0,562.0
439321,2002,6681.0,7.0,0.0,0.1257,0.1257,0.1257,0.1257,,n,50.0,,12212.0,
439321,2003,6628.0,22.0,0.0,0.3983,0.3983,0.3983,0.3983,,n,69.0,,14564.0,114.0
439321,2004,3546.0,38.0,0.0,1.286,1.286,1.286,1.286,,n,14.0,,16584.0,798.0
439321,2006,1683.0,19.0,0.0,1.3547,1.3547,1.3547,1.3547,,n,,,,540.0
441070,2002,690.0,0.0,3.0,0.2609,0.2609,0.2609,0.2609,,n,3.0,,,
441070,2003,881.0,0.0,0.0,0.0,0.0,0.0,0.0,,n,11.0,,1237.0,40.0
441070,2005,2400.0,0.0,14.0,0.35,0.3767,0.455,0.4949,2.8571,o,19.0,,2344.0,21.0
441070,2006,2158.0,0.0,7.0,0.1946,0.1974,0.2048,0.2082,1.2258,o,22.0,,2269.0,25.0
441070,2007,1736.0,0.0,11.0,0.3802,0.3834,0.3918,0.3956,1.1282,o,23.0,6.0,2202.0,20.0
441070,2008,1793.0,0.0,12.0,0.4016,0.4048,0.4133,0.4171,1.122,o,18.0,11.0,2985.0,27.0
441070,2009,2536.0,0.0,6.0,0.142,0.1398,0.1343,0.1319,0.8,o,21.0,3.0,2935.0,32.0
441070,2010,2485.0,0.0,17.0,0.4105,0.4112,0.4129,0.4137,1.0244,o,35.0,5.0,2916.0,38.0
441070,2011,2389.0,0.0,15.0,0.3767,0.3925,0.436,0.4569,1.7949,o,32.0,,2848.0,38.0
441070,2012,2402.0,0.0,8.0,0.1998,0.2017,0.2066,0.2088,1.1429,o,29.0,5.0,2776.0,29.0
441070,2013,2384.0,0.0,13.0,0.3272,0.3239,0.3156,0.312,0.8657,o,21.0,2.0,2727.0,30.0
441070,2014,2474.0,0.0,10.0,0.2425,0.2363,0.2209,0.2144,0.6885,o,32.0,,2686.0,40.0
441070,2015,2945.0,0.0,11.0,0.2241,0.228,0.2384,0.2431,1.28,o,12.0,1.0,2663.0,41.0
441070,2016,2112.0,0.0,12.0,0.3409,0.3225,0.2797,0.2625,0.4528,o,22.0,1.0,2645.0,60.0
441070,2017,2976.0,0.0,18.0,0.3629,0.3629,0.3629,0.3629,1.0,o,27.0,1.0,2601.0,39.0
441070,2018,2868.0,0.0,22.0,0.4603,0.4754,0.5167,0.5362,1.5882,o,26.0,2.0,2542.0,44.0
441070,2019,2417.0,0.0,16.0,0.3972,0.3988,0.4031,0.4051,1.0612,o,17.0,,2489.0,52.0
441070,2020,2309.0,0.0,13.0,0.3378,0.3275,0.3023,0.2918,0.6415,o,16.0,2.0,2656.0,41.0
441070,2021,1661.0,0.0,14.0,0.5057,0.4954,0.4697,0.4587,0.7442,o,31.0,,2580.0,85.0
441070,2022,1842.0,0.0,11.0,0.3583,0.3745,0.4195,0.4412,1.8788,o,27.0,,2424.0,66.0
441070,2023,2552.0,0.0,10.0,0.2351,0.2374,0.2434,0.2461,1.1489,o,24.0,,2288.0,43.0
441070,2024,2447.0,0.0,15.0,0.3678,0.363,0.3508,0.3455,0.8276,o,38.0,1.0,2210.0,64.0
442338,2005,18597.0,0.0,90.0,0.2904,0.2904,0.2904,0.2904,,-,211.0,,21324.0,776.0
442338,2006,21648.0,0.0,178.0,0.4933,0.4933,0.4933,0.4933,,-,253.0,21.0,22118.0,940.0
442338,2007,25664.0,0.0,216.0,0.505,0.505,0.505,0.505,,-,201.0,22.0,22504.0,890.0
442338,2008,25072.0,0.0,224.0,0.5361,0.5361,0.5361,0.5361,,-,232.0,16.0,22828.0,878.0
442338,2009,31773.0,0.0,245.0,0.4627,0.4627,0.4627,0.4627,,-,283.0,48.0,23533.0,774.0
442338,2010,31676.0,25.0,275.0,0.6156,0.6156,0.6156,0.6156,,-,88.0,36.0,24513.0,1032.0
442338,2011,21479.0,76.0,196.0,0.9721,0.9721,0.9721,0.9721,,-,45.0,36.0,25194.0,1059.0
442338,2012,16999.0,56.0,259.0,1.3095,1.3095,1.3095,1.3095,,-,40.0,25.0,24556.0,1067.0
442338,2013,14265.0,39.0,164.0,1.0179,1.0179,1.0179,1.0179,,-,52.0,25.0,24126.0,1004.0
442338,2014,12888.0,38.0,125.0,0.9358,0.9358,0.9358,0.9358,,-,35.0,1.0,23762.0,858.0
442338,2015,11279.0,34.0,104.0,0.915,0.915,0.915,0.915,,-,32.0,5.0,23561.0,801.0
444167,2005,20184.0,6.0,11.0,0.0684,0.0684,0.0684,0.0684,,n,387.0,,9851.0,
444167,2006,32083.0,25.0,81.0,0.245,0.245,0.245,0.245,,n,473.0,243.0,9816.0,
444167,2007,39219.0,21.0,122.0,0.2509,0.2509,0.2509,0.2509,,n,448.0,309.0,9800.0,
444167,2008,45118.0,34.0,141.0,0.2779,0.2779,0.2779,0.2779,,n,535.0,340.0,9658.0,
444167,2009,54349.0,47.0,209.0,0.3345,0.3619,0.3679,0.3832,1.3124,o,689.0,569.0,9841.0,
444167,2010,73875.0,72.0,252.0,0.3216,0.3563,0.3639,0.3837,1.4233,o,622.0,621.0,10035.0,
444167,2011,82897.0,96.0,281.0,0.3424,0.3793,0.3874,0.4085,1.4235,o,587.0,650.0,10302.0,
444167,2012,84481.0,138.0,358.0,0.4503,0.4781,0.4841,0.4994,1.2299,o,636.0,569.0,10286.0,
444167,2013,80696.0,147.0,365.0,0.49,0.4899,0.4898,0.4898,0.9992,o,581.0,544.0,10347.0,
444167,2014,75441.0,164.0,361.0,0.548,0.5363,0.5339,0.528,0.9283,o,441.0,454.0,10664.0,
445124,2005,22248.0,1.0,51.0,0.1429,0.1429,0.1429,0.1429,,-,177.0,,32449.0,459.0
445124,2006,20650.0,7.0,59.0,0.2121,0.2121,0.2121,0.2121,,-,368.0,,23558.0,576.0
445124,2007,24311.0,77.0,41.0,0.4813,0.4813,0.4813,0.4813,,-,247.0,169.0,23147.0,630.0
445124,2008,27678.0,74.0,46.0,0.4206,0.4206,0.4206,0.4206,,-,224.0,88.0,22418.0,597.0
445124,2009,36707.0,81.0,22.0,0.3008,0.3008,0.3008,0.3008,,-,197.0,50.0,23136.0,472.0
445124,2010,29539.0,86.0,13.0,0.3758,0.3758,0.3758,0.3758,,-,210.0,78.0,18333.0,783.0
445124,2011,39717.0,146.0,14.0,0.4623,0.4623,0.4623,0.4623,,-,110.0,49.0,17903.0,591.0
445124,2012,21363.0,114.0,16.0,0.6853,0.6853,0.6853,0.6853,,-,41.0,30.0,17450.0,942.0
445124,2013,16904.0,127.0,17.0,0.9619,0.9619,0.9619,0.9619,,-,25.0,17.0,20319.0,850.0
446136,2006,2828.0,0.0,0.0,0.0,0.0,0.0,0.0,,-,28.0,39.0,10127.0,541.0
446136,2007,4056.0,0.0,0.0,0.0,0.0,0.0,0.0,,-,27.0,32.0,16485.0,524.0
446136,2008,5275.0,0.0,0.0,0.0,0.0,0.0,0.0,,-,20.0,37.0,15950.0,528.0
446136,2009,7734.0,0.0,0.0,0.0,0.0,0.0,0.0,,-,130.0,48.0,,622.0
446136,2011,15662.0,0.0,0.0,0.0,0.0,0.0,0.0,,-,212.0,,,771.0
446136,2012,14016.0,0.0,0.0,0.0,0.0,0.0,0.0,,-,228.0,,,650.0
446136,2013,16870.0,0.0,2.0,0.0071,0.0071,0.0071,0.0071,,-,182.0,,,595.0
446136,2014,10767.0,0.0,47.0,0.2619,0.2619,0.2619,0.2619,,-,139.0,,,741.0
446136,2015,11968.0,0.0,37.0,0.1855,0.1855,0.1855,0.1855,,-,82.0,,,589.0
446136,2016,10893.0,0.0,57.0,0.314,0.314,0.314,0.314,,-,120.0,,,760.0
446136,2017,9441.0,0.0,55.0,0.3495,0.3495,0.3495,0.3495,,-,91.0,,,846.0
446136,2018,6007.0,0.0,40.0,0.3995,0.3995,0.3995,0.3995,,-,33.0,,,1164.0
446136,2019,9258.0,0.0,69.0,0.4472,0.4472,0.4472,0.4472,,-,91.0,,,691.0
446136,2020,7412.0,0.0,37.0,0.2995,0.2995,0.2995,0.2995,,-,83.0,,,807.0
448479,2008,20360.0,0.0,66.0,0.1945,0.1945,0.1945,0.1945,,-,206.0,17.0,22828.0,703.0
448479,2009,25963.0,0.0,176.0,0.4067,0.4067,0.4067,0.4067,,-,183.0,21.0,23533.0,784.0
448479,2010,29693.0,1.0,211.0,0.4304,0.4304,0.4304,0.4304,,-,130.0,25.0,24513.0,899.0
448479,2011,25779.0,47.0,238.0,0.7727,0.7727,0.7727,0.7727,,-,49.0,11.0,25194.0,1053.0
448479,2012,18965.0,35.0,268.0,1.0694,1.0694,1.0694,1.0694,,-,42.0,8.0,24556.0,1135.0
448479,2013,13936.0,35.0,175.0,1.0548,1.0548,1.0548,1.0548,,-,81.0,14.0,24126.0,1091.0
448479,2014,11929.0,25.0,94.0,0.7243,0.7243,0.7243,0.7243,,-,57.0,2.0,23762.0,866.0
448479,2015,10869.0,27.0,80.0,0.7397,0.7397,0.7397,0.7397,,-,41.0,3.0,23561.0,745.0
448804,2006,1608.0,0.0,0.0,0.0,0.0,0.0,0.0,,n,,47.0,,196.0
448804,2007,2503.0,9.0,0.0,0.4315,0.4315,0.4315,0.4315,,n,,72.0,,315.0
448804,2008,3538.0,43.0,0.0,1.4585,1.4585,1.4585,1.4585,,n,,219.0,,254.0
448804,2009,5032.0,50.0,0.0,1.1924,1.1924,1.1924,1.1924,,n,,290.0,,221.0
448804,2010,5469.0,56.0,0.0,1.2287,1.2287,1.2287,1.2287,,n,,110.0,,231.0
448804,2011,6708.0,62.0,0.0,1.1091,1.1091,1.1091,1.1091,,n,,109.0,,251.0
448804,2012,7506.0,70.0,0.0,1.1191,1.1191,1.1191,1.1191,,n,,88.0,,226.0
448804,2013,7328.0,100.0,0.0,1.6376,1.6376,1.6376,1.6376,,n,,75.0,,248.0
448804,2014,6028.0,71.0,0.0,1.4134,1.4134,1.4134,1.4134,,n,,46.0,,255.0
448804,2015,5080.0,90.0,0.0,2.126,2.126,2.126,2.126,,n,,65.0,,280.0
450508,2009,1020.0,1.0,1.0,0.1765,0.1765,0.1765,0.1765,,x,26.0,24.0,20043.0,851.0
450508,2010,2580.0,6.0,0.0,0.2791,0.2791,0.2791,0.2791,,x,26.0,97.0,20859.0,889.0
450508,2012,4590.0,10.0,6.0,0.3399,0.3399,0.3399,0.3399,,x,13.0,70.0,20665.0,972.0
451796,2010,19438.0,0.0,37.0,0.1142,0.1142,0.1142,0.1142,,-,246.0,46.0,43457.0,869.0
451796,2011,26605.0,13.0,72.0,0.221,0.221,0.221,0.221,,-,296.0,132.0,24273.0,786.0
451796,2012,27779.0,45.0,129.0,0.473,0.473,0.473,0.473,,-,267.0,157.0,24067.0,754.0
451796,2013,27624.0,63.0,107.0,0.5061,0.5061,0.5061,0.5061,,-,294.0,128.0,23645.0,575.0
451796,2014,29220.0,53.0,100.0,0.423,0.423,0.423,0.423,,-,232.0,138.0,23024.0,612.0
451796,2015,28167.0,79.0,111.0,0.573,0.573,0.573,0.573,,-,180.0,77.0,20104.0,520.0
451796,2016,23751.0,81.0,77.0,0.6038,0.6038,0.6038,0.6038,,-,151.0,72.0,19960.0,509.0
451796,2017,19440.0,90.0,54.0,0.7222,0.7222,0.7222,0.7222,,-,99.0,56.0,19030.0,493.0
451796,2018,14701.0,75.0,41.0,0.7795,0.7795,0.7795,0.7795,,-,,,19723.0,
454306,2009,5429.0,0.0,0.0,0.0,0.0,0.0,0.0,,-,61.0,11.0,19999.0,
454306,2011,6720.0,0.0,0.0,0.0,0.0,0.0,0.0,,-,61.0,,,
454306,2012,8087.0,0.0,0.0,0.0,0.0,0.0,0.0,,-,80.0,,,553.0
454306,2013,9813.0,0.0,5.0,0.0306,0.0306,0.0306,0.0306,,-,117.0,,,515.0
454306,2014,7806.0,0.0,23.0,0.1768,0.1768,0.1768,0.1768,,-,99.0,,,727.0
454306,2016,3975.0,0.0,7.0,0.1057,0.1057,0.1057,0.1057,,-,55.0,,,829.0
454306,2017,3814.0,0.0,12.0,0.1888,0.1888,0.1888,0.1888,,-,53.0,,,931.0
454306,2018,3164.0,0.0,15.0,0.2845,0.2845,0.2845,0.2845,,-,20.0,,,990.0
454306,2019,2898.0,0.0,6.0,0.1242,0.1242,0.1242,0.1242,,-,40.0,,,896.0
454306,2020,2227.0,0.0,9.0,0.2425,0.2425,0.2425,0.2425,,-,39.0,,,861.0
458371,2010,24508.0,0.0,0.0,0.0,0.0,0.0,0.0,,x,72.0,,,247.0
458371,2011,18084.0,0.0,0.0,0.0,0.0,0.0,0.0,,x,45.0,28.0,,499.0
458371,2012,13518.0,0.0,0.0,0.0,0.0,0.0,0.0,,x,29.0,17.0,,384.0
458609,2010,12595.0,0.0,0.0,0.0,0.0,0.0,0.0,,-,105.0,108.0,,
458609,2011,44460.0,0.0,0.0,0.0,0.0,0.0,0.0,,-,119.0,90.0,18146.0,153.0
458609,2012,36345.0,0.0,11.0,0.0182,0.0182,0.0182,0.0182,,-,27.0,44.0,19390.0,342.0
458609,2014,1574.0,0.0,56.0,2.1347,2.1347,2.1347,2.1347,,-,,,,
458618,2010,8839.0,0.0,0.0,0.0,0.0,0.0,0.0,,-,124.0,81.0,,
458618,2011,32139.0,0.0,0.0,0.0,0.0,0.0,0.0,,-,50.0,41.0,18863.0,160.0
458618,2012,18359.0,0.0,22.0,0.0719,0.0719,0.0719,0.0719,,-,20.0,30.0,19202.0,408.0
458618,2014,1176.0,0.0,35.0,1.7857,1.7857,1.7857,1.7857,,-,,,,
459417,2010,949.0,0.0,0.0,0.0,0.0,0.0,0.0,,n,7.0,,,624.0
459417,2012,1830.0,0.0,0.0,0.0,0.0,0.0,0.0,,n,39.0,35.0,27763.0,426.0
459417,2013,2490.0,0.0,43.0,1.0361,1.0361,1.0361,1.0361,,n,25.0,29.0,27277.0,448.0
459417,2014,2795.0,0.0,29.0,0.6225,0.6225,0.6225,0.6225,,n,37.0,24.0,18320.0,376.0
459417,2015,4157.0,0.0,34.0,0.4907,0.5841,0.6056,0.6627,1.8235,o,30.0,24.0,18427.0,503.0
459417,2016,4584.0,7.0,22.0,0.4712,0.4733,0.4737,0.4748,1.0152,o,50.0,7.0,18377.0,483.0
459417,2017,5076.0,16.0,11.0,0.5083,0.5423,0.5496,0.5683,1.25,o,37.0,,19504.0,564.0
459417,2018,4763.0,14.0,11.0,0.4913,0.542,0.5531,0.582,1.4032,o,36.0,13.0,19068.0,572.0
459417,2019,3980.0,39.0,7.0,1.2814,1.3137,1.3205,1.3376,1.0896,o,11.0,7.0,18364.0,556.0
459417,2020,3065.0,21.0,6.0,0.9396,0.8053,0.78,0.7202,0.5875,o,11.0,4.0,19111.0,511.0
459417,2021,2445.0,18.0,3.0,0.9571,0.6424,0.5915,0.4813,0.2529,o,14.0,8.0,19610.0,513.0
459417,2022,2107.0,14.0,4.0,0.9112,0.6678,0.6263,0.5333,0.3425,o,11.0,4.0,18957.0,619.0
459709,2011,15576.0,0.0,130.0,0.5008,0.5008,0.5008,0.5008,,-,38.0,,25194.0,958.0
459709,2012,13497.0,0.0,136.0,0.6046,0.6046,0.6046,0.6046,,-,54.0,4.0,24556.0,1001.0
459709,2013,12675.0,24.0,104.0,0.7195,0.7195,0.7195,0.7195,,-,77.0,6.0,24126.0,920.0
459709,2014,11350.0,34.0,99.0,0.8828,0.8828,0.8828,0.8828,,-,53.0,,23762.0,901.0
459709,2015,9597.0,28.0,72.0,0.8002,0.8002,0.8002,0.8002,,-,68.0,7.0,23561.0,780.0
460482,2012,9020.0,0.0,0.0,0.0,0.0,0.0,0.0,,-,42.0,,21879.0,
460482,2013,8924.0,0.0,0.0,0.0,0.0,0.0,0.0,,-,38.0,,22779.0,
460482,2014,6523.0,0.0,0.0,0.0,0.0,0.0,0.0,,-,61.0,,23130.0,
460482,2015,5601.0,0.0,0.0,0.0,0.0,0.0,0.0,,-,47.0,,23624.0,
460482,2017,5760.0,0.0,0.0,0.0,0.0,0.0,0.0,,-,32.0,,25333.0,
460482,2018,3984.0,0.0,0.0,0.0,0.0,0.0,0.0,,-,50.0,,25514.0,
460482,2019,5092.0,0.0,0.0,0.0,0.0,0.0,0.0,,-,39.0,,25346.0,
460482,2020,4548.0,0.0,0.0,0.0,0.0,0.0,0.0,,-,35.0,,25361.0,
460482,2021,4488.0,0.0,0.0,0.0,0.0,0.0,0.0,,-,56.0,,36278.0,
460482,2022,5190.0,0.0,0.0,0.0,0.0,0.0,0.0,,-,49.0,,28962.0,
460482,2023,5760.0,0.0,0.0,0.0,0.0,0.0,0.0,,-,68.0,,32794.0,
460482,2024,5940.0,0.0,0.0,0.0,0.0,0.0,0.0,,-,47.0,,32160.0,
461315,2011,1012.0,0.0,1.0,0.0593,0.0593,0.0593,0.0593,,n,31.0,2.0,,
461315,2012,1747.0,0.0,4.0,0.1374,0.1374,0.1374,0.1374,,n,21.0,,3211.0,
461315,2013,1993.0,0.0,7.0,0.2107,0.2107,0.2107,0.2107,,n,36.0,,3556.0,146.0
461315,2014,2011.0,0.0,5.0,0.1492,0.1526,0.1618,0.1661,1.3846,o,18.0,,3502.0,157.0
461315,2015,1664.0,0.0,8.0,0.2885,0.2793,0.2572,0.2479,0.6316,o,16.0,1.0,3473.0,129.0
461315,2016,2040.0,0.0,8.0,0.2353,0.2268,0.2064,0.198,0.5926,o,12.0,5.0,3760.0,74.0
461315,2017,1937.0,0.0,9.0,0.2788,0.2721,0.2555,0.2485,0.7059,o,21.0,,3697.0,84.0
461315,2018,1929.0,0.0,12.0,0.3733,0.384,0.4131,0.4267,1.5,o,20.0,4.0,3764.0,77.0
461315,2019,1525.0,0.0,4.0,0.1574,0.1595,0.1651,0.1677,1.2121,o,22.0,7.0,3831.0,51.0
461315,2020,1679.0,0.0,13.0,0.4646,0.4669,0.4728,0.4755,1.0732,o,24.0,3.0,5289.0,121.0
461315,2021,1508.0,0.0,6.0,0.2387,0.241,0.2468,0.2495,1.1429,o,26.0,,5136.0,202.0
461315,2022,1864.0,0.0,10.0,0.3219,0.3247,0.3319,0.3352,1.1304,o,39.0,27.0,4827.0,33.0
461315,2023,2811.0,0.0,11.0,0.2348,0.2422,0.2624,0.2719,1.56,o,30.0,49.0,4803.0,
461315,2024,3451.0,0.0,10.0,0.1739,0.1729,0.1704,0.1693,0.9231,o,16.0,32.0,5000.0,
468024,2012,3556.0,0.0,0.0,0.0,0.0,0.0,0.0,,-,22.0,66.0,21647.0,745.0
468024,2013,6229.0,3.0,0.0,0.0578,0.0578,0.0578,0.0578,,-,12.0,134.0,21870.0,858.0
468024,2014,10216.0,23.0,0.0,0.2702,0.2702,0.2702,0.2702,,-,11.0,124.0,21539.0,837.0
468024,2015,10071.0,51.0,21.0,0.7328,0.7328,0.7328,0.7328,,-,5.0,124.0,21357.0,853.0
468024,2016,11623.0,101.0,23.0,1.1615,1.1615,1.1615,1.1615,,-,6.0,77.0,21730.0,779.0
468024,2017,8083.0,84.0,21.0,1.403,1.403,1.403,1.403,,-,2.0,63.0,22225.0,942.0
469975,2011,868.0,0.0,0.0,0.0,0.0,0.0,0.0,,-,37.0,,,
469975,2012,3492.0,0.0,0.0,0.0,0.0,0.0,0.0,,-,36.0,,,426.0
469975,2013,3607.0,0.0,1.0,0.0166,0.0166,0.0166,0.0166,,-,45.0,,,682.0
469975,2014,2388.0,0.0,2.0,0.0503,0.0503,0.0503,0.0503,,-,,,,
479576,2012,603.0,0.0,0.0,0.0,0.0,0.0,0.0,,-,14.0,5.0,,
479576,2013,2079.0,0.0,0.0,0.0,0.0,0.0,0.0,,-,,,24126.0,498.0
479576,2014,600.0,0.0,8.0,0.8,0.8,0.8,0.8,,-,,,23762.0,
479585,2012,438.0,0.0,0.0,0.0,0.0,0.0,0.0,,-,29.0,,,
479585,2013,3162.0,0.0,0.0,0.0,0.0,0.0,0.0,,-,49.0,2.0,24126.0,340.0
479585,2014,4437.0,0.0,17.0,0.2299,0.2299,0.2299,0.2299,,-,,,23762.0,679.0
480754,2013,480.0,0.0,1.0,0.125,0.125,0.125,0.125,,n,12.0,4.0,,172.0
480754,2014,300.0,0.0,0.0,0.0,0.0,0.0,0.0,,n,9.0,,6715.0,236.0
480754,2015,320.0,0.0,0.0,0.0,0.0,0.0,0.0,,n,8.0,,7702.0,548.0
482510,2013,4560.0,15.0,3.0,0.4342,0.4342,0.4342,0.4342,,x,13.0,50.0,,778.0
482510,2014,4320.0,21.0,5.0,0.6528,0.6528,0.6528,0.6528,,x,11.0,57.0,21079.0,820.0
483504,2015,7672.0,0.0,0.0,0.0,0.0,0.0,0.0,,-,83.0,,26068.0,
483504,2016,10560.0,0.0,0.0,0.0,0.0,0.0,0.0,,-,153.0,,24705.0,
483504,2017,11320.0,0.0,0.0,0.0,0.0,0.0,0.0,,-,73.0,,25333.0,
483504,2018,10912.0,0.0,0.0,0.0,0.0,0.0,0.0,,-,82.0,,25514.0,
483504,2019,11076.0,0.0,0.0,0.0,0.0,0.0,0.0,,-,109.0,,25346.0,
483504,2020,10745.0,0.0,0.0,0.0,0.0,0.0,0.0,,-,87.0,,25361.0,
483504,2021,10436.0,0.0,0.0,0.0,0.0,0.0,0.0,,-,74.0,,25679.0,
483504,2023,11910.0,0.0,0.0,0.0,0.0,0.0,0.0,,-,110.0,,23105.0,
483504,2024,12098.0,0.0,0.0,0.0,0.0,0.0,0.0,,-,94.0,,22800.0,
484695,2014,34208.0,334.0,4.0,1.1787,1.1787,1.1787,1.1787,,x,33.0,15.0,,441.0
484695,2015,21572.0,297.0,2.0,1.6577,1.6577,1.6577,1.6577,,x,5.0,12.0,14582.0,330.0
484695,2016,10359.0,182.0,7.0,2.1489,2.1489,2.1489,2.1489,,x,,4.0,12757.0,334.0
484695,2017,4219.0,77.0,0.0,2.1901,2.1901,2.1901,2.1901,,x,,,12544.0,330.0
486947,2016,5460.0,0.0,0.0,0.0,0.0,0.0,0.0,,-,1.0,94.0,23336.0,1037.0
486947,2017,7860.0,21.0,0.0,0.3206,0.3206,0.3206,0.3206,,-,,59.0,24514.0,1061.0
486947,2018,7680.0,82.0,0.0,1.2812,1.2812,1.2812,1.2812,,-,1.0,71.0,24147.0,1045.0
486947,2019,7860.0,129.0,0.0,1.9695,1.9695,1.9695,1.9695,,-,,132.0,23641.0,1018.0
486947,2020,9900.0,84.0,0.0,1.0182,1.0182,1.0182,1.0182,,-,3.0,81.0,23288.0,1001.0
486947,2021,13410.0,101.0,0.0,0.9038,0.9038,0.9038,0.9038,,-,1.0,89.0,22725.0,988.0
486947,2022,14820.0,137.0,0.0,1.1093,1.1093,1.1093,1.1093,,-,1.0,115.0,21358.0,934.0
486947,2023,16320.0,122.0,0.0,0.8971,0.8971,0.8971,0.8971,,-,8.0,113.0,20319.0,894.0
486947,2024,15930.0,239.0,0.0,1.8004,1.8004,1.8004,1.8004,,-,4.0,124.0,19686.0,887.0
490568,2017,1248.0,0.0,0.0,0.0,0.0,0.0,0.0,,-,19.0,,,
490568,2018,3755.0,0.0,7.0,0.1119,0.1119,0.1119,0.1119,,-,48.0,,,653.0
490568,2019,4195.0,0.0,18.0,0.2574,0.2574,0.2574,0.2574,,-,43.0,,,801.0
490568,2020,3478.0,0.0,22.0,0.3795,0.3795,0.3795,0.3795,,-,38.0,,,781.0
490841,2018,5240.0,0.0,0.0,0.0,0.0,0.0,0.0,,-,43.0,,,365.0
490841,2019,4980.0,0.0,0.0,0.0,0.0,0.0,0.0,,-,46.0,,,352.0
490841,2021,13380.0,0.0,4.0,0.0179,0.0179,0.0179,0.0179,,-,112.0,,,275.0
490841,2022,13650.0,0.0,0.0,0.0,0.0,0.0,0.0,,-,118.0,,,269.0
490841,2023,12660.0,0.0,0.0,0.0,0.0,0.0,0.0,,-,148.0,,,254.0
490841,2024,14520.0,0.0,0.0,0.0,0.0,0.0,0.0,,-,302.0,,,254.0
493424,2018,286.0,0.0,0.0,0.0,0.0,0.0,0.0,,-,20.0,34.0,,
493424,2019,1970.0,0.0,2.0,0.0609,0.0609,0.0609,0.0609,,-,23.0,,,416.0
493424,2020,1362.0,0.0,8.0,0.3524,0.3524,0.3524,0.3524,,-,,,,
498049,2022,3971.0,0.0,0.0,0.0,0.0,0.0,0.0,,-,36.0,77.0,,345.0
498049,2023,10763.0,0.0,0.0,0.0,0.0,0.0,0.0,,-,41.0,31.0,23628.0,632.0
498049,2024,15264.0,21.0,0.0,0.1651,0.1651,0.1651,0.1651,,-,103.0,30.0,23760.0,736.0
