unitid,year,credits,BA,AA,ER_m,ER_l,ER_c,ER_h,G,G_source,first_time_n,transfer_in_n,sticker_real,rev_per_credit_real
125231,2007,34704.0,136.0,0.0,0.4703,0.4703,0.4703,0.4703,,x,,139.0,,358.0
125231,2009,115000.0,272.0,0.0,0.2838,0.2838,0.2838,0.2838,,x,720.0,1190.0,17266.0,327.0
125231,2010,263212.0,297.0,0.0,0.1354,0.1354,0.1354,0.1354,,x,1109.0,1927.0,17354.0,327.0
125231,2014,350427.0,1457.0,0.0,0.4989,0.4989,0.4989,0.4989,,x,359.0,1830.0,15088.0,392.0
125231,2015,333547.0,1634.0,0.0,0.5879,0.5879,0.5879,0.5879,,x,209.0,1356.0,15979.0,404.0
125231,2016,221573.0,1837.0,0.0,0.9949,0.9949,0.9949,0.9949,,x,186.0,1519.0,15654.0,460.0
125231,2017,191160.0,1921.0,0.0,1.2059,1.2059,1.2059,1.2059,,x,128.0,1363.0,15393.0,433.0
125231,2018,191983.0,1964.0,0.0,1.2276,1.2276,1.2276,1.2276,,x,127.0,1702.0,15535.0,423.0
125231,2019,199161.0,1799.0,0.0,1.0839,1.0839,1.0839,1.0839,,x,148.0,1601.0,14789.0,405.0
125231,2020,203067.0,1619.0,0.0,0.9567,0.9567,0.9567,0.9567,,x,155.0,1792.0,14604.0,391.0
125231,2021,174277.0,1729.0,0.0,1.1905,1.1905,1.1905,1.1905,,x,105.0,1620.0,14217.0,398.0
125231,2022,153536.0,1606.0,0.0,1.2552,1.2552,1.2552,1.2552,,x,73.0,1399.0,13362.0,401.0
125231,2023,143051.0,1399.0,0.0,1.1736,1.1736,1.1736,1.1736,,x,151.0,1969.0,12922.0,544.0
125231,2024,174770.0,1507.0,0.0,1.0347,1.0347,1.0347,1.0347,,x,179.0,2591.0,12498.0,498.0
172866,1998,9716.0,0.0,111.0,0.6855,0.6855,0.6855,0.6855,,-,,,,
172866,1999,12045.0,0.0,83.0,0.4135,0.4135,0.4135,0.4135,,-,,,,
172866,2001,7289.0,0.0,85.0,0.6997,0.6997,0.6997,0.6997,,-,,,,
172866,2002,6581.0,0.0,42.0,0.3829,0.3829,0.3829,0.3829,,-,39.0,,23340.0,
172866,2003,5629.0,2.0,44.0,0.5117,0.5117,0.5117,0.5117,,-,35.0,,23142.0,500.0
172866,2004,5641.0,3.0,45.0,0.5424,0.5424,0.5424,0.5424,,-,41.0,,23121.0,514.0
172866,2005,5540.0,9.0,23.0,0.444,0.444,0.444,0.444,,-,28.0,,25748.0,541.0
172866,2006,5811.0,22.0,45.0,0.919,0.919,0.919,0.919,,-,22.0,8.0,26470.0,537.0
172866,2007,5182.0,19.0,30.0,0.7873,0.7873,0.7873,0.7873,,-,18.0,22.0,27472.0,469.0
172866,2008,3887.0,17.0,19.0,0.8182,0.8182,0.8182,0.8182,,-,23.0,16.0,28984.0,521.0
172866,2009,3708.0,14.0,19.0,0.7605,0.7605,0.7605,0.7605,,-,18.0,17.0,31542.0,627.0
172866,2010,4158.0,17.0,14.0,0.6926,0.6926,0.6926,0.6926,,-,10.0,21.0,32461.0,518.0
172866,2011,4385.0,11.0,14.0,0.4926,0.4926,0.4926,0.4926,,-,11.0,34.0,26655.0,536.0
172866,2012,4143.0,6.0,13.0,0.362,0.362,0.362,0.362,,-,8.0,25.0,26444.0,501.0
172866,2013,3734.0,11.0,19.0,0.6588,0.6588,0.6588,0.6588,,-,9.0,17.0,26739.0,474.0
172866,2014,4143.0,6.0,25.0,0.5358,0.5358,0.5358,0.5358,,-,5.0,11.0,24594.0,512.0
172866,2015,2567.0,11.0,16.0,0.8881,0.8881,0.8881,0.8881,,-,11.0,9.0,23622.0,753.0
172866,2016,2681.0,3.0,13.0,0.4253,0.4253,0.4253,0.4253,,-,2.0,,22623.0,722.0
172866,2017,2169.0,6.0,16.0,0.7744,0.7744,0.7744,0.7744,,-,6.0,7.0,22193.0,794.0
172866,2018,1823.0,8.0,15.0,1.0201,1.0201,1.0201,1.0201,,-,11.0,27.0,22010.0,879.0
172866,2019,2778.0,5.0,8.0,0.3888,0.3888,0.3888,0.3888,,-,3.0,10.0,21550.0,1326.0
172866,2020,2819.0,10.0,4.0,0.5109,0.5109,0.5109,0.5109,,-,5.0,7.0,22177.0,1512.0
172866,2021,2635.0,7.0,6.0,0.4554,0.4554,0.4554,0.4554,,-,16.0,13.0,21826.0,
172866,2022,2168.0,20.0,3.0,1.19,1.19,1.19,1.19,,-,18.0,12.0,20453.0,
172866,2023,2257.0,9.0,5.0,0.6113,0.6113,0.6113,0.6113,,-,7.0,14.0,18591.0,
172918,1998,60603.0,0.0,388.0,0.3841,0.3854,0.3886,0.39,1.0471,o,,,,
172918,1999,69984.0,0.0,335.0,0.2872,0.2873,0.2877,0.2878,1.0067,o,,,,
172918,2000,61410.0,0.0,375.0,0.3664,0.3749,0.3978,0.4084,1.39,o,,,,
172918,2001,61980.0,0.0,401.0,0.3882,0.3859,0.3801,0.3775,0.919,o,,,,
172918,2002,63930.0,0.0,364.0,0.3416,0.34,0.3358,0.334,0.9335,o,812.0,,4781.0,
172918,2003,64740.0,0.0,358.0,0.3318,0.3332,0.3368,0.3385,1.0621,o,734.0,,5209.0,140.0
172918,2004,64575.0,0.0,381.0,0.354,0.3519,0.3466,0.3442,0.9186,o,712.0,,5701.0,160.0
172918,2005,64352.0,0.0,393.0,0.3664,0.3643,0.359,0.3566,0.9211,o,673.0,,6583.0,148.0
172918,2006,62137.0,0.0,367.0,0.3544,0.3526,0.3481,0.3461,0.9308,o,565.0,,6810.0,167.0
172918,2007,63430.0,0.0,352.0,0.333,0.3283,0.3165,0.3113,0.8159,o,581.0,248.0,7164.0,172.0
172918,2008,63310.0,0.0,452.0,0.4284,0.4265,0.4216,0.4195,0.9386,o,596.0,191.0,7181.0,172.0
172918,2009,61878.0,0.0,433.0,0.4199,0.421,0.424,0.4253,1.0401,o,631.0,239.0,7348.0,180.0
172918,2010,68096.0,0.0,408.0,0.3595,0.3613,0.3658,0.3679,1.0722,o,597.0,226.0,7545.0,156.0
172918,2011,68693.0,0.0,389.0,0.3398,0.3391,0.3375,0.3367,0.9731,o,598.0,188.0,7754.0,163.0
172918,2012,68026.0,0.0,454.0,0.4004,0.3997,0.3978,0.397,0.9739,o,613.0,213.0,7033.0,151.0
172918,2013,69720.0,0.0,475.0,0.4088,0.4095,0.4114,0.4122,1.0259,o,555.0,197.0,7189.0,157.0
172918,2014,65100.0,0.0,436.0,0.4018,0.3994,0.3932,0.3905,0.9166,o,514.0,229.0,7090.0,164.0
172918,2015,61370.0,0.0,432.0,0.4224,0.4186,0.4091,0.4049,0.8801,o,512.0,186.0,7046.0,160.0
172918,2016,59785.0,0.0,411.0,0.4125,0.4112,0.4081,0.4067,0.9579,o,493.0,190.0,7003.0,164.0
172918,2017,58320.0,0.0,417.0,0.429,0.4278,0.4248,0.4234,0.961,o,494.0,188.0,6830.0,157.0
172918,2018,57742.0,0.0,406.0,0.4219,0.4214,0.4201,0.4195,0.9831,o,449.0,148.0,6742.0,161.0
172918,2019,53476.0,0.0,413.0,0.4634,0.4603,0.4526,0.4492,0.9098,o,424.0,176.0,6609.0,158.0
172918,2020,51883.0,0.0,408.0,0.4718,0.4683,0.4595,0.4556,0.8993,o,447.0,154.0,6689.0,158.0
172918,2021,50700.0,0.0,341.0,0.4036,0.4042,0.406,0.4067,1.0241,o,430.0,149.0,6594.0,161.0
172918,2022,50869.0,0.0,330.0,0.3892,0.3889,0.388,0.3876,0.9874,o,504.0,218.0,6483.0,163.0
172918,2023,54330.0,0.0,389.0,0.4296,0.4338,0.4448,0.4498,1.1494,o,487.0,205.0,6322.0,155.0
172918,2024,57821.0,0.0,359.0,0.3725,0.3736,0.3765,0.3777,1.0428,o,575.0,200.0,6213.0,153.0
172954,1998,38145.0,0.0,105.0,0.1652,0.169,0.1795,0.1843,1.3945,o,,,,
172954,2000,39930.0,0.0,106.0,0.1593,0.1605,0.1637,0.1651,1.1154,o,,,,
172954,2001,42060.0,0.0,125.0,0.1783,0.179,0.1807,0.1815,1.0555,o,,,,
172954,2002,47910.0,0.0,127.0,0.159,0.1595,0.1607,0.1612,1.0414,o,798.0,,4857.0,
172954,2003,47820.0,0.0,155.0,0.1945,0.1934,0.1907,0.1895,0.9241,o,714.0,,5319.0,220.0
172954,2004,50375.0,0.0,172.0,0.2049,0.2026,0.1967,0.1942,0.8505,o,673.0,,5914.0,200.0
172954,2005,46762.0,0.0,171.0,0.2194,0.2176,0.2131,0.2111,0.8902,o,533.0,,6522.0,217.0
172954,2006,48036.0,0.0,141.0,0.1761,0.1729,0.1649,0.1615,0.7686,o,415.0,,6684.0,202.0
172954,2007,47284.0,0.0,168.0,0.2132,0.2077,0.1942,0.1885,0.6882,o,454.0,297.0,6751.0,198.0
172954,2008,45808.0,0.0,164.0,0.2148,0.2142,0.2125,0.2118,0.9578,o,330.0,342.0,6711.0,197.0
172954,2009,49302.0,0.0,171.0,0.2081,0.2041,0.1943,0.19,0.7595,o,423.0,451.0,6718.0,181.0
172954,2010,56890.0,0.0,176.0,0.1856,0.1866,0.1892,0.1903,1.0791,o,332.0,389.0,6763.0,162.0
172954,2011,56272.0,0.0,291.0,0.3103,0.3076,0.3007,0.2977,0.8818,o,265.0,384.0,7023.0,144.0
172954,2012,50747.0,0.0,285.0,0.337,0.3287,0.3084,0.2998,0.702,o,269.0,416.0,7383.0,152.0
172954,2013,48074.0,0.0,288.0,0.3594,0.3568,0.3502,0.3473,0.9012,o,308.0,431.0,7473.0,155.0
172954,2014,45900.0,0.0,301.0,0.3935,0.3974,0.4078,0.4125,1.1536,o,256.0,398.0,7360.0,134.0
172954,2015,44083.0,0.0,289.0,0.3933,0.3901,0.3818,0.3781,0.8873,o,265.0,386.0,7266.0,118.0
172954,2016,41620.0,0.0,224.0,0.3229,0.3215,0.3179,0.3164,0.9397,o,245.0,346.0,7239.0,126.0
172954,2017,39004.0,0.0,220.0,0.3384,0.337,0.3333,0.3316,0.9405,o,269.0,368.0,7055.0,129.0
172954,2018,39922.0,0.0,212.0,0.3186,0.3198,0.3229,0.3243,1.0549,o,254.0,348.0,6959.0,135.0
172954,2019,38093.0,0.0,245.0,0.3859,0.3856,0.3848,0.3844,0.9883,o,289.0,413.0,6814.0,150.0
172954,2020,40372.0,0.0,184.0,0.2735,0.2754,0.2804,0.2826,1.1052,o,223.0,333.0,6892.0,171.0
172954,2021,36390.0,0.0,169.0,0.2786,0.2748,0.2653,0.2611,0.8214,o,252.0,397.0,6784.0,145.0
172954,2022,37312.0,0.0,181.0,0.2911,0.2907,0.2899,0.2896,0.9844,o,281.0,320.0,6665.0,138.0
172954,2023,34747.0,0.0,164.0,0.2832,0.2865,0.2954,0.2994,1.1832,o,256.0,461.0,6289.0,139.0
172954,2024,39462.0,0.0,141.0,0.2144,0.2138,0.2122,0.2116,0.9606,o,329.0,436.0,6267.0,121.0
172963,1998,109100.0,0.0,531.0,0.292,0.3027,0.3321,0.346,1.6718,o,,,,
172963,1999,109620.0,0.0,618.0,0.3383,0.3512,0.3867,0.4036,1.7074,o,,,,
172963,2000,108570.0,0.0,503.0,0.278,0.2925,0.3334,0.3534,2.0696,o,,,,
172963,2001,110760.0,0.0,464.0,0.2514,0.2578,0.275,0.283,1.4321,o,,,,
172963,2002,114330.0,0.0,528.0,0.2771,0.2768,0.276,0.2756,0.984,o,1913.0,,4741.0,
172963,2003,126300.0,0.0,537.0,0.2551,0.2553,0.2559,0.2562,1.0127,o,2386.0,,4955.0,169.0
172963,2004,134846.0,0.0,551.0,0.2452,0.2493,0.2603,0.2653,1.2702,o,2246.0,,5257.0,167.0
172963,2005,136487.0,0.0,618.0,0.2717,0.2725,0.2747,0.2756,1.0449,o,1963.0,,5563.0,158.0
172963,2006,136213.0,0.0,720.0,0.3172,0.3135,0.3043,0.3003,0.8476,o,1558.0,,5581.0,162.0
172963,2007,146286.0,0.0,710.0,0.2912,0.2851,0.2701,0.2637,0.7403,o,1547.0,905.0,5753.0,159.0
172963,2008,153402.0,0.0,802.0,0.3137,0.3109,0.3037,0.3006,0.8787,o,1696.0,867.0,5875.0,157.0
172963,2009,160169.0,0.0,748.0,0.2802,0.2819,0.2865,0.2885,1.0924,o,1777.0,1200.0,5899.0,154.0
172963,2010,185231.0,0.0,777.0,0.2517,0.2533,0.2575,0.2594,1.0959,o,1687.0,1095.0,6015.0,149.0
172963,2011,189820.0,0.0,984.0,0.311,0.3104,0.3088,0.3081,0.9715,o,1444.0,918.0,6353.0,135.0
172963,2012,181452.0,0.0,1050.0,0.3472,0.3428,0.3318,0.327,0.8337,o,1349.0,1080.0,6549.0,144.0
172963,2013,177532.0,0.0,1008.0,0.3407,0.3371,0.3282,0.3243,0.8617,o,1292.0,852.0,6667.0,137.0
172963,2014,170506.0,0.0,1133.0,0.3987,0.3965,0.391,0.3886,0.9252,o,1252.0,850.0,6590.0,124.0
172963,2015,169631.0,0.0,1051.0,0.3717,0.3704,0.3668,0.3653,0.9481,o,1226.0,707.0,6533.0,137.0
172963,2016,170503.0,0.0,1056.0,0.3716,0.3706,0.3682,0.3671,0.9638,o,1091.0,736.0,6511.0,146.0
172963,2017,162256.0,0.0,1007.0,0.3724,0.3691,0.3607,0.3571,0.8805,o,1232.0,739.0,6347.0,143.0
172963,2018,164358.0,0.0,1058.0,0.3862,0.3879,0.3922,0.3942,1.0634,o,1093.0,770.0,6305.0,139.0
172963,2019,159662.0,0.0,1197.0,0.4498,0.4479,0.443,0.4409,0.941,o,1030.0,875.0,6190.0,136.0
172963,2020,159658.0,0.0,1042.0,0.3916,0.3883,0.3799,0.3763,0.886,o,881.0,723.0,6259.0,135.0
172963,2021,153000.0,0.0,1060.0,0.4157,0.4103,0.3968,0.3909,0.83,o,847.0,677.0,6170.0,138.0
172963,2022,138517.0,0.0,1095.0,0.4743,0.4703,0.4602,0.4558,0.8864,o,968.0,629.0,6050.0,139.0
172963,2023,136200.0,0.0,946.0,0.4167,0.4201,0.4288,0.4327,1.1204,o,1001.0,593.0,5854.0,136.0
172963,2024,140338.0,0.0,1002.0,0.4284,0.4313,0.439,0.4425,1.103,o,1166.0,501.0,5682.0,133.0
172972,2000,1674.0,6.0,15.0,0.9677,0.9677,0.9677,0.9677,,n,,,,
172972,2001,2031.0,6.0,12.0,0.709,0.709,0.709,0.709,,n,,,,
172972,2002,2120.0,6.0,18.0,0.8491,0.7921,0.7808,0.7532,0.787,i,13.0,,2321.0,
172972,2003,2646.0,6.0,19.0,0.7029,0.7029,0.7029,0.7029,,n,13.0,,2277.0,112.0
172972,2004,2505.0,13.0,21.0,1.1257,1.1257,1.1257,1.1257,,n,11.0,,4444.0,118.0
172972,2005,2176.0,8.0,12.0,0.7721,0.692,0.6766,0.6393,0.6857,o,12.0,,4249.0,108.0
172972,2006,2172.0,9.0,16.0,0.9392,0.9514,0.954,0.9603,1.0455,o,9.0,10.0,4269.0,113.0
172972,2007,2215.0,15.0,8.0,1.0293,0.9675,0.9552,0.9251,0.8077,o,17.0,13.0,4295.0,101.0
172972,2008,2239.0,10.0,9.0,0.7771,0.7954,0.7992,0.8089,1.0833,o,14.0,6.0,4302.0,125.0
172972,2009,1977.0,3.0,15.0,0.6373,0.695,0.7075,0.7399,1.3478,o,18.0,3.0,4374.0,132.0
172972,2010,2205.0,11.0,15.0,1.0068,1.1376,1.1667,1.2428,1.5238,o,18.0,9.0,4346.0,111.0
172972,2011,2544.0,10.0,16.0,0.8491,0.9331,0.9515,0.9991,1.3846,o,8.0,4.0,4523.0,114.0
172972,2012,1859.0,6.0,9.0,0.6778,0.6441,0.6373,0.6207,0.8387,o,8.0,,4313.0,130.0
173027,1998,3456.0,0.0,0.0,0.0,0.0,0.0,0.0,,-,,,,
173045,1998,75493.0,441.0,0.0,0.701,0.7324,0.739,0.756,1.163,o,,,,
173045,1999,77064.0,429.0,0.0,0.668,0.6928,0.6981,0.7113,1.1339,o,,,,
173045,2003,74152.0,439.0,0.0,0.7104,0.734,0.7389,0.7515,1.1189,o,377.0,,30917.0,590.0
173045,2004,77269.0,453.0,0.0,0.7035,0.7197,0.7231,0.7317,1.0816,o,361.0,,32169.0,628.0
173045,2005,75499.0,514.0,0.0,0.817,0.8279,0.8302,0.8359,1.0468,o,333.0,,33412.0,636.0
173045,2006,78479.0,484.0,0.0,0.7401,0.7364,0.7356,0.7338,0.983,o,401.0,346.0,34215.0,660.0
173045,2007,78150.0,539.0,0.0,0.8276,0.8293,0.8296,0.8305,1.0069,o,426.0,323.0,34633.0,729.0
173045,2008,80768.0,589.0,0.0,0.8751,0.9045,0.9107,0.9264,1.1206,o,455.0,343.0,35187.0,712.0
173045,2009,77708.0,575.0,0.0,0.8879,0.9516,0.9653,1.0004,1.2695,o,465.0,304.0,37557.0,735.0
173045,2010,79342.0,627.0,0.0,0.9483,1.0125,1.0263,1.0617,1.2534,o,417.0,341.0,39494.0,755.0
173045,2011,84523.0,606.0,0.0,0.8604,0.8766,0.88,0.8885,1.0665,o,385.0,339.0,40292.0,725.0
173045,2012,86266.0,603.0,0.0,0.8388,0.8163,0.8117,0.8003,0.9103,o,382.0,311.0,41387.0,643.0
173045,2013,69177.0,744.0,0.0,1.2906,1.2243,1.211,1.1784,0.8337,o,466.0,298.0,42700.0,806.0
173045,2014,73628.0,605.0,0.0,0.986,0.9749,0.9726,0.9668,0.9615,o,393.0,248.0,43722.0,723.0
173045,2015,73002.0,632.0,0.0,1.0389,1.0598,1.0641,1.0752,1.0711,o,478.0,269.0,44949.0,765.0
173045,2016,71657.0,566.0,0.0,0.9478,0.9835,0.991,1.0101,1.1356,o,477.0,288.0,45978.0,739.0
173045,2017,74263.0,653.0,0.0,1.0552,1.0922,1.1,1.1198,1.1262,o,436.0,270.0,46421.0,708.0
173045,2018,73472.0,549.0,0.0,0.8967,0.9127,0.916,0.9244,1.0629,o,418.0,262.0,46879.0,681.0
173045,2019,70133.0,563.0,0.0,0.9633,0.9578,0.9567,0.9539,0.9805,o,636.0,252.0,47344.0,702.0
173045,2020,78055.0,595.0,0.0,0.9147,0.9413,0.9469,0.961,1.1037,o,563.0,240.0,48024.0,615.0
173045,2021,77234.0,534.0,0.0,0.8297,0.8979,0.9127,0.9508,1.3133,o,541.0,162.0,46695.0,556.0
173045,2022,73596.0,533.0,0.0,0.8691,0.9363,0.9508,0.9881,1.2927,o,612.0,188.0,44986.0,546.0
173045,2023,74413.0,503.0,0.0,0.8111,0.8325,0.837,0.8484,1.0939,o,684.0,196.0,43553.0,529.0
173045,2024,76947.0,489.0,0.0,0.7626,0.78,0.7837,0.7929,1.0809,o,628.0,224.0,43942.0,530.0
173063,1998,58778.0,0.0,262.0,0.2674,0.2492,0.2078,0.1916,0.3642,o,,,,
173063,1999,61088.0,0.0,264.0,0.2593,0.2378,0.1902,0.1723,0.2896,o,,,,
173063,2000,60780.0,0.0,272.0,0.2685,0.2953,0.377,0.4203,3.8875,o,,,,
173063,2001,60030.0,0.0,231.0,0.2309,0.24,0.2653,0.2773,1.7427,o,,,,
173063,2002,68370.0,0.0,245.0,0.215,0.2155,0.2167,0.2172,1.0319,o,999.0,,5100.0,
173063,2003,75390.0,0.0,308.0,0.2451,0.2482,0.2562,0.2599,1.1943,o,1144.0,,5584.0,163.0
173063,2004,82383.0,0.0,297.0,0.2163,0.2196,0.2284,0.2325,1.2442,o,827.0,,6156.0,154.0
173063,2005,72641.0,0.0,350.0,0.2891,0.2839,0.271,0.2654,0.7718,o,730.0,,6697.0,158.0
173063,2006,69320.0,0.0,347.0,0.3003,0.2941,0.2786,0.272,0.7407,o,613.0,,6831.0,168.0
173063,2007,68181.0,0.0,350.0,0.308,0.3029,0.2901,0.2846,0.7874,o,647.0,204.0,7162.0,170.0
173063,2008,69857.0,0.0,355.0,0.3049,0.3041,0.3021,0.3012,0.9635,o,560.0,145.0,7164.0,171.0
173063,2009,68215.0,0.0,330.0,0.2903,0.2879,0.2818,0.2792,0.8889,o,704.0,234.0,7197.0,168.0
173063,2010,77959.0,0.0,347.0,0.2671,0.27,0.2775,0.281,1.1665,o,641.0,205.0,7402.0,148.0
173063,2011,76882.0,0.0,396.0,0.309,0.3094,0.3101,0.3105,1.0142,o,537.0,225.0,7077.0,145.0
173063,2012,72174.0,0.0,357.0,0.2968,0.2921,0.2805,0.2755,0.7985,o,582.0,221.0,7268.0,146.0
173063,2013,69622.0,0.0,392.0,0.3378,0.3375,0.3368,0.3365,0.9881,o,488.0,215.0,7382.0,149.0
173063,2014,66011.0,0.0,392.0,0.3563,0.3529,0.3443,0.3406,0.8722,o,465.0,184.0,7270.0,139.0
173063,2015,62332.0,0.0,404.0,0.3889,0.3851,0.3755,0.3713,0.8692,o,427.0,182.0,7209.0,146.0
173063,2016,59945.0,0.0,389.0,0.3894,0.3864,0.3788,0.3755,0.8961,o,488.0,171.0,7180.0,156.0
173063,2017,60570.0,0.0,370.0,0.3665,0.3688,0.3749,0.3776,1.0942,o,409.0,189.0,7020.0,155.0
173063,2018,60262.0,0.0,402.0,0.4003,0.3971,0.3892,0.3857,0.894,o,464.0,222.0,6942.0,154.0
173063,2019,61978.0,0.0,324.0,0.3137,0.3144,0.3163,0.3172,1.0346,o,509.0,202.0,6797.0,150.0
173063,2020,64905.0,0.0,348.0,0.3217,0.3252,0.3343,0.3384,1.1661,o,496.0,201.0,6890.0,146.0
173063,2021,62940.0,0.0,355.0,0.3384,0.3389,0.3401,0.3406,1.0195,o,438.0,187.0,6800.0,140.0
173063,2022,59909.0,0.0,360.0,0.3605,0.3571,0.3484,0.3446,0.8716,o,442.0,187.0,6648.0,143.0
173063,2023,59338.0,0.0,394.0,0.3984,0.3969,0.393,0.3912,0.9465,o,452.0,243.0,6470.0,131.0
173063,2024,62464.0,0.0,398.0,0.3823,0.383,0.3849,0.3857,1.0273,o,545.0,177.0,6250.0,121.0
173115,2000,120750.0,0.0,453.0,0.2251,0.2337,0.2573,0.2685,1.7072,o,,,,
173115,2001,121320.0,0.0,543.0,0.2685,0.2715,0.2791,0.2826,1.1667,o,,,,
173115,2002,126630.0,0.0,465.0,0.2203,0.22,0.2191,0.2187,0.9774,o,1690.0,,4691.0,
173115,2003,139950.0,0.0,651.0,0.2791,0.2785,0.2771,0.2764,0.9713,o,1857.0,,5088.0,148.0
173115,2004,22164.0,0.0,100.0,0.2707,0.2721,0.2758,0.2775,1.0781,o,317.0,,5610.0,165.0
173115,2005,21885.0,0.0,113.0,0.3098,0.2746,0.2014,0.1755,0.1787,o,280.0,,6277.0,137.0
173115,2006,21898.0,0.0,78.0,0.2137,0.1944,0.1523,0.1366,0.2576,o,231.0,,6427.0,108.0
173115,2007,22662.0,0.0,100.0,0.2648,0.2601,0.2483,0.2433,0.7739,o,235.0,159.0,6790.0,149.0
173115,2008,26104.0,0.0,113.0,0.2597,0.2582,0.2544,0.2527,0.9198,o,172.0,137.0,6819.0,157.0
173115,2009,24927.0,0.0,150.0,0.3611,0.3535,0.3347,0.3266,0.7382,o,228.0,189.0,6853.0,167.0
173115,2010,28297.0,0.0,146.0,0.3096,0.312,0.3185,0.3214,1.1204,o,192.0,160.0,7022.0,151.0
173115,2011,27535.0,0.0,165.0,0.3595,0.3585,0.3559,0.3547,0.96,o,137.0,197.0,7094.0,147.0
173115,2012,25438.0,0.0,181.0,0.4269,0.4143,0.3837,0.3708,0.6524,o,125.0,185.0,7255.0,147.0
173115,2013,23490.0,0.0,173.0,0.4419,0.4335,0.4126,0.4036,0.7599,o,123.0,158.0,7328.0,148.0
173115,2014,21697.0,0.0,186.0,0.5144,0.5121,0.5063,0.5038,0.9389,o,116.0,156.0,7218.0,147.0
173115,2015,20376.0,0.0,148.0,0.4358,0.4338,0.4286,0.4263,0.9355,o,113.0,144.0,7157.0,139.0
173115,2016,19432.0,0.0,154.0,0.4755,0.4736,0.4689,0.4668,0.9456,o,123.0,130.0,7104.0,155.0
173115,2017,17250.0,0.0,114.0,0.3965,0.3985,0.4037,0.406,1.0742,o,105.0,130.0,6920.0,148.0
173115,2018,16738.0,0.0,108.0,0.3871,0.384,0.376,0.3725,0.8898,o,121.0,132.0,6830.0,136.0
173115,2019,17438.0,0.0,94.0,0.3234,0.3248,0.3283,0.3299,1.0614,o,102.0,116.0,6696.0,134.0
173115,2020,16827.0,0.0,110.0,0.3922,0.3894,0.3823,0.3792,0.9027,o,93.0,115.0,6796.0,125.0
173115,2021,15240.0,0.0,128.0,0.5039,0.4976,0.4816,0.4747,0.8341,o,111.0,130.0,6689.0,127.0
173115,2022,15354.0,0.0,115.0,0.4494,0.4535,0.4642,0.469,1.1385,o,88.0,127.0,6999.0,125.0
173115,2023,15150.0,0.0,119.0,0.4713,0.4664,0.4542,0.4489,0.8627,o,131.0,191.0,6445.0,124.0
173115,2024,18071.0,0.0,127.0,0.4217,0.4299,0.4517,0.4617,1.3166,o,142.0,168.0,6246.0,119.0
173124,1998,118489.0,554.0,41.0,0.5818,0.5752,0.5721,0.568,0.9532,o,,,,
173124,1999,188160.0,778.0,61.0,0.5156,0.5214,0.5241,0.5277,1.0474,o,,,,
173124,2000,118442.0,790.0,60.0,0.8308,0.8575,0.87,0.8874,1.141,o,,,,
173124,2001,121037.0,718.0,37.0,0.7302,0.7488,0.7574,0.7694,1.1103,o,,,,
173124,2003,171124.0,762.0,61.0,0.5557,0.5574,0.5581,0.5591,1.0123,o,695.0,,8786.0,139.0
173124,2004,123295.0,796.0,75.0,0.8112,0.8277,0.8354,0.846,1.0876,o,595.0,,8375.0,214.0
173124,2005,101804.0,851.0,61.0,1.0391,1.0385,1.0382,1.0378,0.9977,o,575.0,,9097.0,246.0
173124,2006,115713.0,887.0,32.0,0.9365,0.9099,0.898,0.882,0.887,o,648.0,,9373.0,224.0
173124,2007,137927.0,784.0,45.0,0.7017,0.6911,0.6863,0.6798,0.9386,o,752.0,360.0,9815.0,182.0
173124,2008,117619.0,763.0,54.0,0.806,0.822,0.8294,0.8397,1.0853,o,774.0,396.0,9860.0,225.0
173124,2009,117953.0,838.0,34.0,0.8698,0.9271,0.9546,0.9934,1.3043,o,813.0,516.0,10066.0,234.0
173124,2010,125135.0,731.0,45.0,0.7226,0.7692,0.7916,0.8231,1.2976,o,868.0,580.0,10295.0,211.0
173124,2011,132461.0,818.0,53.0,0.7651,0.7994,0.8156,0.8383,1.2007,o,837.0,586.0,10465.0,220.0
173124,2012,131709.0,887.0,47.0,0.8296,0.8519,0.8624,0.8769,1.1173,o,763.0,574.0,10692.0,217.0
173124,2013,124799.0,960.0,49.0,0.9466,0.9485,0.9493,0.9505,1.0082,o,828.0,585.0,10837.0,218.0
173124,2014,123962.0,870.0,41.0,0.862,0.8507,0.8456,0.8386,0.9465,o,799.0,586.0,10696.0,218.0
173124,2015,123129.0,928.0,51.0,0.9293,0.9189,0.9142,0.9078,0.9543,o,745.0,629.0,10619.0,216.0
173124,2016,122181.0,996.0,58.0,1.0067,0.9981,0.9942,0.9889,0.965,o,814.0,609.0,10846.0,230.0
173124,2017,122159.0,975.0,51.0,0.9828,0.978,0.9759,0.9729,0.9799,o,757.0,611.0,10701.0,221.0
173124,2018,120558.0,1065.0,43.0,1.0815,1.0724,1.0683,1.0627,0.9656,o,753.0,599.0,10814.0,228.0
173124,2019,117961.0,994.0,38.0,1.0305,1.025,1.0225,1.0191,0.978,o,631.0,560.0,10611.0,220.0
173124,2020,113367.0,948.0,21.0,1.0146,0.986,0.9732,0.9559,0.8877,o,504.0,529.0,10745.0,223.0
173124,2021,103289.0,968.0,102.0,1.1839,1.095,1.0565,1.0063,0.7225,o,535.0,464.0,10594.0,214.0
173124,2022,94449.0,934.0,57.0,1.2229,1.1179,1.0729,1.0144,0.6881,o,452.0,457.0,10758.0,218.0
173124,2023,89228.0,851.0,40.0,1.1714,1.0801,1.0407,0.9892,0.7131,o,475.0,473.0,10486.0,197.0
173124,2024,88052.0,851.0,67.0,1.2054,1.1483,1.123,1.0894,0.8167,o,497.0,549.0,10164.0,179.0
173142,1998,10797.0,0.0,109.0,0.6057,0.6034,0.6029,0.6017,0.9866,o,,,,
173142,1999,11845.0,0.0,123.0,0.623,0.5911,0.5847,0.569,0.8341,o,,,,
173142,2000,14185.0,0.0,107.0,0.4526,0.4459,0.4445,0.4411,0.9497,o,,,,
173142,2001,14163.0,27.0,122.0,0.7456,0.7699,0.775,0.788,1.1168,o,,,,
173142,2002,13238.0,24.0,110.0,0.7161,0.7111,0.71,0.7074,0.9758,o,187.0,,19733.0,
173142,2003,8500.0,33.0,103.0,1.1929,1.1676,1.1624,1.1495,0.9286,o,180.0,,20834.0,657.0
173142,2004,16863.0,37.0,117.0,0.6796,0.6576,0.6532,0.6422,0.8929,o,170.0,,23250.0,388.0
173142,2005,17879.0,45.0,0.0,0.302,0.2989,0.2982,0.2966,0.9642,o,176.0,,23728.0,412.0
173142,2006,16500.0,79.0,0.0,0.5745,0.5722,0.5717,0.5704,0.9858,o,180.0,34.0,24487.0,454.0
173142,2007,18538.0,111.0,0.0,0.7185,0.7122,0.7109,0.7077,0.97,o,175.0,31.0,24966.0,429.0
173142,2008,18810.0,99.0,12.0,0.6699,0.6726,0.6732,0.6746,1.0143,o,181.0,35.0,25989.0,465.0
173142,2009,19189.0,85.0,0.0,0.5316,0.536,0.5369,0.5392,1.0289,o,168.0,33.0,26920.0,466.0
173142,2010,20264.0,137.0,0.0,0.8113,0.8066,0.8057,0.8033,0.9803,o,166.0,40.0,28090.0,484.0
173142,2011,19057.0,100.0,0.0,0.6297,0.6187,0.6164,0.6108,0.9408,o,162.0,39.0,29426.0,509.0
173142,2012,19203.0,114.0,0.0,0.7124,0.6957,0.6923,0.6838,0.9213,o,136.0,34.0,30491.0,519.0
173142,2013,18517.0,129.0,0.0,0.836,0.7986,0.791,0.7725,0.8539,o,147.0,37.0,31107.0,514.0
173142,2014,17693.0,119.0,0.0,0.8071,0.7692,0.7616,0.7429,0.8473,o,141.0,19.0,31703.0,518.0
173142,2015,16455.0,95.0,0.0,0.6928,0.6672,0.662,0.6492,0.878,o,134.0,24.0,31919.0,497.0
173142,2016,16452.0,112.0,0.0,0.8169,0.7981,0.7943,0.7848,0.9228,o,138.0,30.0,32631.0,490.0
173142,2017,17336.0,106.0,0.0,0.7337,0.7253,0.7236,0.7193,0.9611,o,136.0,24.0,33004.0,492.0
173142,2018,18353.0,89.0,0.0,0.5819,0.5736,0.5719,0.5676,0.9514,o,175.0,47.0,33437.0,490.0
173142,2019,19899.0,128.0,0.0,0.7719,0.7999,0.8059,0.8209,1.1309,o,179.0,32.0,33897.0,459.0
173142,2020,20773.0,98.0,0.0,0.5661,0.6111,0.6208,0.6458,1.3015,o,154.0,31.0,33751.0,430.0
173142,2021,21421.0,107.0,0.0,0.5994,0.6343,0.6418,0.6608,1.2153,o,199.0,30.0,33126.0,387.0
173142,2022,21871.0,137.0,0.0,0.7517,0.7798,0.7858,0.8008,1.135,o,176.0,26.0,31441.0,363.0
173142,2023,21071.0,115.0,0.0,0.6549,0.666,0.6683,0.6741,1.0593,o,189.0,35.0,30030.0,404.0
173142,2024,22492.0,128.0,0.0,0.6829,0.7013,0.7052,0.715,1.0961,o,175.0,27.0,30010.0,419.0
173160,1998,72622.0,555.0,3.0,0.9196,0.97,0.9808,1.0083,1.2023,o,,,,
173160,1999,74008.0,647.0,2.0,1.0507,1.0636,1.0662,1.073,1.0428,o,,,,
173160,2000,78693.0,677.0,5.0,1.0362,1.0439,1.0455,1.0495,1.0259,o,,,,
173160,2001,78486.0,671.0,4.0,1.029,1.0823,1.0937,1.1227,1.1905,o,,,,
173160,2002,79638.0,638.0,8.0,0.9674,1.0421,1.0583,1.0998,1.2926,o,579.0,,29067.0,
173160,2003,82113.0,637.0,5.0,0.9346,0.9841,0.9947,1.0216,1.195,o,705.0,,30079.0,682.0
173160,2004,86965.0,692.0,3.0,0.9569,0.9943,1.0023,1.0223,1.1413,o,676.0,,31011.0,708.0
173160,2005,94578.0,765.0,5.0,0.9738,1.0003,1.0058,1.0199,1.0969,o,726.0,,31998.0,662.0
173160,2006,98348.0,750.0,6.0,0.9188,0.9539,0.9613,0.9801,1.138,o,628.0,272.0,32922.0,661.0
173160,2007,101960.0,783.0,1.0,0.9221,0.9364,0.9394,0.9469,1.0545,o,684.0,311.0,34164.0,685.0
173160,2008,99386.0,766.0,10.0,0.9309,0.9172,0.9144,0.9074,0.95,o,681.0,315.0,35866.0,734.0
173160,2009,101604.0,897.0,6.0,1.063,1.0547,1.053,1.0488,0.9736,o,694.0,274.0,37208.0,724.0
173160,2010,103419.0,843.0,17.0,0.988,0.9924,0.9934,0.9957,1.0155,o,565.0,264.0,38625.0,725.0
173160,2011,104281.0,811.0,40.0,0.9563,0.9449,0.9426,0.9367,0.9596,o,682.0,379.0,39198.0,708.0
173160,2012,105487.0,856.0,32.0,0.992,0.9663,0.9611,0.9481,0.9136,o,636.0,324.0,40084.0,713.0
173160,2013,102440.0,922.0,22.0,1.0929,1.0796,1.0769,1.07,0.9585,o,612.0,236.0,41227.0,722.0
173160,2014,98946.0,842.0,28.0,1.0381,1.0355,1.035,1.0336,0.9913,o,604.0,162.0,41815.0,695.0
173160,2015,93839.0,862.0,23.0,1.117,1.1089,1.1072,1.103,0.9751,o,616.0,116.0,43067.0,728.0
173160,2016,90243.0,770.0,11.0,1.0312,1.0084,1.0037,0.9921,0.9256,o,565.0,221.0,44260.0,740.0
173160,2017,88315.0,714.0,8.0,0.9756,0.9601,0.9569,0.949,0.9463,o,598.0,205.0,44822.0,728.0
173160,2018,87436.0,700.0,8.0,0.9662,0.9538,0.9512,0.9449,0.9564,o,619.0,154.0,45127.0,710.0
173160,2019,86381.0,722.0,15.0,1.0134,1.0127,1.0125,1.0122,0.9975,o,586.0,171.0,45514.0,663.0
173160,2020,84104.0,697.0,12.0,1.003,1.0089,1.0101,1.0132,1.0203,o,479.0,136.0,46227.0,662.0
173160,2021,81288.0,677.0,23.0,1.0164,0.9908,0.9855,0.9726,0.9157,o,505.0,96.0,45557.0,634.0
173160,2022,75803.0,657.0,29.0,1.063,0.9995,0.9868,0.9559,0.8085,o,448.0,95.0,43969.0,612.0
173160,2023,74049.0,569.0,34.0,0.9496,0.8872,0.8748,0.8445,0.7909,o,434.0,120.0,42721.0,582.0
173160,2024,71648.0,581.0,35.0,1.0024,0.9491,0.9384,0.9122,0.8282,o,429.0,100.0,42930.0,593.0
173203,1998,76821.0,0.0,418.0,0.3265,0.2971,0.2333,0.2095,0.2606,o,,,,
173203,1999,72366.0,0.0,341.0,0.2827,0.2612,0.213,0.1945,0.3221,o,,,,
173203,2000,72660.0,0.0,339.0,0.2799,0.3081,0.394,0.4396,3.9256,o,,,,
173203,2001,74550.0,0.0,346.0,0.2785,0.2921,0.3304,0.349,1.9824,o,,,,
173203,2002,75150.0,0.0,410.0,0.3273,0.3298,0.3362,0.3391,1.1131,o,1009.0,,4620.0,
173203,2003,77130.0,0.0,380.0,0.2956,0.2953,0.2946,0.2943,0.9868,o,904.0,,5362.0,146.0
173203,2004,74344.0,0.0,469.0,0.3785,0.3753,0.3672,0.3636,0.8854,o,908.0,,5376.0,150.0
173203,2005,70862.0,0.0,395.0,0.3345,0.3332,0.3301,0.3288,0.9493,o,829.0,,5236.0,133.0
173203,2006,70395.0,0.0,411.0,0.3503,0.3481,0.3426,0.3402,0.915,o,755.0,,6137.0,146.0
173203,2007,70213.0,0.0,388.0,0.3316,0.3283,0.3202,0.3166,0.8693,o,767.0,200.0,6409.0,148.0
173203,2008,79339.0,0.0,422.0,0.3191,0.3184,0.3166,0.3158,0.9684,o,882.0,232.0,6897.0,140.0
173203,2009,90588.0,0.0,440.0,0.2914,0.2945,0.3024,0.306,1.159,o,921.0,246.0,6968.0,130.0
173203,2010,101514.0,0.0,505.0,0.2985,0.3008,0.3069,0.3096,1.117,o,814.0,341.0,7175.0,107.0
173203,2011,106742.0,0.0,612.0,0.344,0.3416,0.3353,0.3326,0.9029,o,756.0,307.0,7336.0,99.0
173203,2012,103030.0,0.0,559.0,0.3255,0.3224,0.3145,0.3111,0.8715,o,709.0,285.0,7087.0,101.0
173203,2013,101130.0,0.0,578.0,0.3429,0.3405,0.3343,0.3316,0.9032,o,680.0,275.0,7209.0,112.0
173203,2014,96190.0,0.0,585.0,0.3649,0.363,0.3582,0.3561,0.9283,o,644.0,264.0,7100.0,111.0
173203,2015,89805.0,0.0,574.0,0.3835,0.3815,0.3763,0.3741,0.9273,o,579.0,232.0,7040.0,112.0
173203,2016,81307.0,0.0,510.0,0.3764,0.3728,0.364,0.3601,0.8746,o,595.0,228.0,6980.0,119.0
173203,2017,78356.0,0.0,456.0,0.3492,0.3485,0.3468,0.346,0.973,o,571.0,224.0,6863.0,120.0
173203,2018,76867.0,0.0,437.0,0.3411,0.3404,0.3388,0.338,0.9727,o,532.0,242.0,6847.0,119.0
173203,2019,78999.0,0.0,519.0,0.3942,0.3917,0.3853,0.3825,0.9125,o,470.0,280.0,6703.0,117.0
173203,2020,79372.0,0.0,484.0,0.3659,0.3618,0.3515,0.3471,0.8522,o,435.0,202.0,6744.0,125.0
173203,2021,76410.0,0.0,513.0,0.4028,0.3989,0.3888,0.3845,0.8683,o,421.0,270.0,6722.0,125.0
173203,2022,73927.0,0.0,497.0,0.4034,0.4013,0.3962,0.3939,0.9304,o,432.0,241.0,6532.0,125.0
173203,2023,75330.0,0.0,485.0,0.3863,0.3866,0.3872,0.3875,1.0093,o,453.0,246.0,6356.0,122.0
173203,2024,76106.0,0.0,522.0,0.4115,0.4133,0.4178,0.4198,1.0621,o,536.0,169.0,6209.0,119.0
173258,1998,52488.0,500.0,0.0,1.1431,1.1238,1.1198,1.11,0.9429,o,,,,
173258,1999,57450.0,436.0,0.0,0.9107,0.9144,0.9152,0.9171,1.0141,o,,,,
173258,2002,56261.0,494.0,0.0,1.0537,1.0485,1.0474,1.0447,0.9831,o,502.0,,44223.0,
173258,2003,56706.0,436.0,0.0,0.9227,0.9198,0.9192,0.9177,0.9893,o,488.0,,45730.0,1079.0
173258,2004,56940.0,455.0,0.0,0.9589,0.9617,0.9623,0.9638,1.0102,o,487.0,,47308.0,1095.0
173258,2005,55350.0,500.0,0.0,1.084,1.0799,1.079,1.0769,0.9868,o,541.0,,49359.0,1159.0
173258,2006,60270.0,470.0,0.0,0.9358,0.9384,0.939,0.9404,1.0098,o,504.0,9.0,50870.0,1080.0
173258,2007,57757.0,466.0,0.0,0.9682,0.9835,0.9867,0.9947,1.0556,o,509.0,11.0,51831.0,1150.0
173258,2008,58779.0,461.0,0.0,0.9412,0.9516,0.9538,0.9593,1.039,o,489.0,9.0,52908.0,1200.0
173258,2009,58358.0,507.0,0.0,1.0425,1.0336,1.0318,1.0272,0.9708,o,528.0,10.0,54741.0,1207.0
173258,2010,58135.0,497.0,0.0,1.0259,1.0178,1.0162,1.0121,0.9732,o,512.0,11.0,56861.0,1252.0
173258,2011,58088.0,484.0,0.0,0.9999,1.0075,1.0091,1.0131,1.0267,o,519.0,12.0,57658.0,1255.0
173258,2012,58258.0,472.0,0.0,0.9722,0.9814,0.9834,0.9882,1.0331,o,528.0,7.0,58428.0,1272.0
173258,2013,59208.0,496.0,0.0,1.0053,1.0138,1.0156,1.02,1.0295,o,527.0,2.0,59414.0,1291.0
173258,2014,59524.0,487.0,0.0,0.9818,0.9859,0.9867,0.9888,1.0144,o,521.0,1.0,60783.0,1310.0
173258,2015,60170.0,480.0,0.0,0.9573,0.9618,0.9628,0.9651,1.0165,o,491.0,3.0,62318.0,1344.0
173258,2016,58835.0,497.0,0.0,1.0137,1.0037,1.0017,0.9966,0.9666,o,567.0,,63866.0,1355.0
173258,2017,60299.0,493.0,0.0,0.9811,0.9819,0.9821,0.9825,1.0028,o,522.0,10.0,64854.0,1337.0
173258,2018,60368.0,487.0,0.0,0.9681,0.9789,0.9812,0.9868,1.0391,o,529.0,8.0,65781.0,1358.0
173258,2019,60092.0,461.0,0.0,0.9206,0.9307,0.9329,0.9382,1.0385,o,525.0,9.0,66817.0,1364.0
173258,2020,60282.0,534.0,0.0,1.063,1.0618,1.0616,1.061,0.9962,o,453.0,9.0,68644.0,1367.0
173258,2021,55570.0,458.0,0.0,0.989,0.9587,0.9525,0.9373,0.8981,o,555.0,12.0,69278.0,1340.0
173258,2022,59321.0,483.0,0.0,0.9771,0.9653,0.9629,0.9569,0.9591,o,532.0,8.0,66069.0,1222.0
173258,2023,60121.0,481.0,0.0,0.9601,0.9687,0.9705,0.975,1.0313,o,538.0,13.0,64836.0,1190.0
173258,2024,59640.0,426.0,0.0,0.8571,0.8798,0.8845,0.8966,1.0941,o,507.0,8.0,65457.0,1194.0
173300,1998,87658.0,548.0,0.0,0.7502,0.7377,0.7352,0.7288,0.9438,o,,,,
173300,1999,88076.0,624.0,0.0,0.8502,0.8553,0.8563,0.859,1.0209,o,,,,
173300,2000,93821.0,644.0,0.0,0.8237,0.8366,0.8393,0.846,1.055,o,,,,
173300,2001,90671.0,629.0,0.0,0.8325,0.8258,0.8245,0.8211,0.9728,o,,,,
173300,2002,89178.0,607.0,0.0,0.8168,0.7944,0.7898,0.7786,0.9086,o,727.0,,24286.0,
173300,2003,88232.0,578.0,0.0,0.7861,0.7644,0.76,0.749,0.9079,o,805.0,,26570.0,581.0
173300,2004,88209.0,583.0,0.0,0.7931,0.7924,0.7922,0.7918,0.9967,o,769.0,,27462.0,590.0
173300,2005,89398.0,609.0,0.0,0.8175,0.8272,0.8292,0.8343,1.0417,o,770.0,,28602.0,614.0
173300,2006,87266.0,555.0,0.0,0.7632,0.7692,0.7704,0.7736,1.0274,o,700.0,62.0,30414.0,644.0
173300,2007,87070.0,570.0,0.0,0.7856,0.7762,0.7743,0.7695,0.9595,o,829.0,44.0,31729.0,656.0
173300,2008,88811.0,611.0,0.0,0.8256,0.8187,0.8172,0.8137,0.9714,o,776.0,70.0,32705.0,662.0
173300,2009,89596.0,574.0,0.0,0.7688,0.7782,0.7802,0.7851,1.0429,o,726.0,67.0,34704.0,691.0
173300,2010,90082.0,532.0,0.0,0.7087,0.7131,0.714,0.7164,1.0218,o,675.0,56.0,36824.0,701.0
173300,2011,89395.0,605.0,0.0,0.8121,0.7918,0.7877,0.7774,0.9163,o,722.0,69.0,37914.0,704.0
173300,2012,86996.0,627.0,0.0,0.8649,0.8307,0.8239,0.8069,0.8704,o,633.0,70.0,39948.0,722.0
173300,2013,82475.0,579.0,0.0,0.8424,0.8176,0.8126,0.8002,0.9021,o,684.0,42.0,41253.0,717.0
173300,2014,80494.0,584.0,0.0,0.8706,0.8552,0.852,0.8441,0.94,o,540.0,42.0,43202.0,734.0
173300,2015,74880.0,581.0,0.0,0.9311,0.8961,0.889,0.8715,0.8762,o,520.0,46.0,44535.0,747.0
173300,2016,66284.0,527.0,0.0,0.9541,0.8885,0.8755,0.8439,0.7823,o,545.0,52.0,45977.0,780.0
173300,2017,63725.0,542.0,0.0,1.0206,0.9597,0.9475,0.9178,0.8087,o,568.0,44.0,47012.0,762.0
173300,2018,61769.0,417.0,0.0,0.8101,0.7881,0.7836,0.7725,0.9093,o,597.0,29.0,47829.0,738.0
173300,2019,64611.0,441.0,0.0,0.8191,0.8418,0.8466,0.8587,1.0991,o,517.0,30.0,48659.0,697.0
173300,2020,62081.0,422.0,0.0,0.8157,0.8264,0.8287,0.8343,1.046,o,498.0,26.0,49960.0,685.0
173300,2021,59111.0,401.0,0.0,0.8141,0.7926,0.7882,0.7774,0.912,o,473.0,47.0,50501.0,644.0
173300,2022,56943.0,372.0,0.0,0.7839,0.7436,0.7355,0.7157,0.8335,o,444.0,39.0,30735.0,540.0
173300,2023,55240.0,398.0,0.0,0.8646,0.8171,0.8077,0.7844,0.8232,o,438.0,28.0,29932.0,497.0
173300,2024,53997.0,375.0,0.0,0.8334,0.8001,0.7934,0.7769,0.869,o,556.0,40.0,30020.0,465.0
173328,1998,62507.0,319.0,5.0,0.6172,0.6713,0.683,0.7133,1.3356,o,,,,
173328,2000,47078.0,427.0,4.0,1.0935,1.2646,1.3032,1.405,1.6509,o,,,,
173328,2001,51869.0,448.0,0.0,1.0365,1.1344,1.1558,1.2111,1.3653,o,,,,
173328,2002,50511.0,432.0,0.0,1.0263,1.0377,1.04,1.046,1.0387,o,185.0,,27345.0,
173328,2003,52383.0,494.0,1.0,1.1328,1.0633,1.0494,1.0156,0.8038,o,167.0,,31143.0,625.0
173328,2004,55482.0,477.0,0.0,1.0317,0.9177,0.8958,0.8432,0.6679,o,176.0,,30885.0,630.0
173328,2005,54848.0,543.0,5.0,1.1935,1.0989,1.0803,1.0351,0.7522,o,165.0,,32076.0,660.0
173328,2006,51302.0,532.0,9.0,1.2549,1.1797,1.1647,1.1281,0.8081,o,200.0,,33206.0,704.0
173328,2007,50371.0,573.0,16.0,1.3841,1.3988,1.4018,1.4095,1.0369,o,201.0,255.0,33843.0,729.0
173328,2008,47840.0,458.0,2.0,1.1513,1.2047,1.216,1.2449,1.1691,o,211.0,236.0,34382.0,529.0
173328,2009,49217.0,424.0,4.0,1.0387,1.0972,1.1098,1.1417,1.2082,o,184.0,263.0,35826.0,521.0
173328,2010,49382.0,420.0,2.0,1.023,1.0467,1.0517,1.0643,1.0822,o,217.0,242.0,37739.0,522.0
173328,2011,49463.0,406.0,3.0,0.9886,0.9886,0.9886,0.9886,1.0,o,197.0,320.0,38249.0,478.0
173328,2012,46066.0,413.0,5.0,1.0824,1.0839,1.0842,1.085,1.0049,o,181.0,331.0,38778.0,466.0
173328,2013,48717.0,347.0,2.0,0.8572,0.8463,0.8441,0.8385,0.957,o,294.0,550.0,39703.0,459.0
173328,2014,60992.0,466.0,3.0,0.9198,0.9661,0.976,1.0011,1.1845,o,245.0,572.0,25937.0,461.0
173328,2015,68383.0,567.0,5.0,0.9994,1.0788,1.0961,1.1403,1.3019,o,229.0,575.0,26436.0,498.0
173328,2016,70305.0,594.0,10.0,1.0224,1.0918,1.1067,1.1449,1.254,o,244.0,562.0,26901.0,544.0
173328,2017,72443.0,677.0,8.0,1.1281,1.1267,1.1264,1.1257,0.9958,o,248.0,749.0,27089.0,504.0
173328,2018,76531.0,762.0,5.0,1.1987,1.1674,1.1611,1.1453,0.9128,o,244.0,741.0,27106.0,514.0
173328,2019,81237.0,747.0,8.0,1.1093,1.1214,1.1239,1.1302,1.038,o,351.0,628.0,27180.0,456.0
173328,2020,90459.0,785.0,11.0,1.0487,1.1208,1.1363,1.1761,1.2579,o,396.0,644.0,27404.0,465.0
173328,2021,101620.0,1160.0,19.0,1.381,1.5588,1.5984,1.7017,1.5183,o,288.0,712.0,27313.0,540.0
173328,2022,91967.0,969.0,22.0,1.2787,1.4069,1.435,1.5077,1.3902,o,302.0,632.0,26219.0,490.0
173328,2023,88308.0,887.0,30.0,1.2257,1.2227,1.2221,1.2205,0.9916,o,377.0,796.0,25258.0,483.0
173328,2024,89343.0,834.0,32.0,1.1417,1.1105,1.1042,1.0885,0.909,o,464.0,657.0,25000.0,451.0
173416,1998,55950.0,0.0,40.0,0.0429,0.0445,0.049,0.0512,1.7087,o,,,,
173416,2000,55680.0,0.0,144.0,0.1552,0.1518,0.1435,0.14,0.732,o,,,,
173416,2001,57720.0,0.0,152.0,0.158,0.1532,0.1415,0.1366,0.6435,o,,,,
173416,2002,60990.0,0.0,195.0,0.1918,0.1891,0.1824,0.1794,0.8167,o,724.0,,5044.0,
173416,2003,63990.0,0.0,225.0,0.211,0.2112,0.2118,0.212,1.0154,o,803.0,,5526.0,226.0
173416,2004,67500.0,0.0,209.0,0.1858,0.1874,0.1917,0.1936,1.1334,o,825.0,,5841.0,220.0
173416,2005,67343.0,0.0,252.0,0.2245,0.2257,0.2289,0.2303,1.0805,o,751.0,,6398.0,210.0
173416,2006,67638.0,0.0,287.0,0.2546,0.2532,0.2495,0.2479,0.9226,o,557.0,,6572.0,218.0
173416,2007,66078.0,0.0,262.0,0.2379,0.2322,0.2181,0.2122,0.7069,o,529.0,394.0,6936.0,232.0
173416,2008,63116.0,0.0,284.0,0.27,0.266,0.256,0.2517,0.8089,o,549.0,390.0,6949.0,244.0
173416,2009,66187.0,0.0,309.0,0.2801,0.2803,0.2809,0.2811,1.011,o,585.0,498.0,7063.0,229.0
173416,2010,74507.0,0.0,344.0,0.277,0.2786,0.2828,0.2846,1.0853,o,506.0,546.0,7268.0,197.0
173416,2011,76457.0,0.0,424.0,0.3327,0.3301,0.3234,0.3205,0.8924,o,495.0,525.0,7396.0,175.0
173416,2012,74248.0,0.0,430.0,0.3475,0.3451,0.3391,0.3365,0.9074,o,493.0,568.0,7512.0,163.0
173416,2013,74347.0,0.0,473.0,0.3817,0.3813,0.3803,0.3798,0.985,o,440.0,505.0,7610.0,163.0
173416,2014,67057.0,0.0,479.0,0.4286,0.4251,0.4164,0.4125,0.8907,o,459.0,448.0,7495.0,162.0
173416,2015,62080.0,0.0,417.0,0.403,0.4026,0.4014,0.4009,0.9839,o,447.0,500.0,7432.0,159.0
173416,2016,60119.0,0.0,413.0,0.4122,0.412,0.4116,0.4114,0.9944,o,440.0,415.0,7407.0,178.0
173416,2017,56486.0,0.0,386.0,0.41,0.4092,0.407,0.4061,0.9713,o,484.0,501.0,7218.0,177.0
173416,2018,58151.0,0.0,380.0,0.3921,0.3945,0.4007,0.4036,1.0913,o,503.0,439.0,7120.0,174.0
173416,2019,56999.0,0.0,396.0,0.4168,0.4193,0.4258,0.4287,1.0887,o,520.0,423.0,6971.0,173.0
173416,2020,57076.0,0.0,381.0,0.4005,0.402,0.4058,0.4075,1.0537,o,459.0,449.0,7048.0,177.0
173416,2021,54532.0,0.0,385.0,0.4236,0.4204,0.4123,0.4087,0.8974,o,487.0,457.0,6935.0,189.0
173416,2022,55351.0,0.0,418.0,0.4531,0.4529,0.4525,0.4523,0.9949,o,466.0,486.0,6810.0,180.0
173416,2023,57270.0,0.0,419.0,0.439,0.4385,0.4373,0.4368,0.9852,o,538.0,393.0,6645.0,183.0
173416,2024,59268.0,0.0,437.0,0.4424,0.4462,0.456,0.4605,1.1291,o,614.0,390.0,6419.0,176.0
173425,1999,130752.0,0.0,183.0,0.084,0.084,0.084,0.084,,-,,,,
173452,1998,27626.0,127.0,0.0,0.5517,0.6167,0.6311,0.6686,1.4688,o,,,,
173452,1999,28576.0,140.0,0.0,0.5879,0.62,0.6269,0.6443,1.2011,o,,,,
173452,2000,31212.0,157.0,0.0,0.6036,0.6135,0.6155,0.6207,1.0573,o,,,,
173452,2001,35038.0,161.0,0.0,0.5514,0.5848,0.5919,0.6102,1.2246,o,,,,
173452,2002,35834.0,194.0,0.0,0.6497,0.696,0.7059,0.7315,1.2679,o,242.0,,9345.0,
173452,2003,28794.0,204.0,0.0,0.8502,0.8689,0.8728,0.8827,1.0781,o,222.0,,10383.0,434.0
173452,2004,35532.0,207.0,0.0,0.6991,0.6771,0.6727,0.6616,0.8958,o,185.0,,12123.0,395.0
173452,2005,32910.0,210.0,0.0,0.7657,0.7093,0.6981,0.671,0.7679,o,149.0,,13681.0,401.0
173452,2006,28186.0,210.0,0.0,0.8941,0.7967,0.778,0.7329,0.672,o,166.0,20.0,13906.0,405.0
173452,2007,25697.0,186.0,0.0,0.8686,0.7763,0.7585,0.7157,0.6789,o,179.0,20.0,14186.0,451.0
173452,2008,25728.0,151.0,0.0,0.7043,0.6713,0.6647,0.6484,0.8477,o,175.0,24.0,14414.0,425.0
173452,2009,25922.0,145.0,0.0,0.6712,0.6827,0.685,0.691,1.0599,o,158.0,24.0,14892.0,452.0
173452,2010,25904.0,133.0,0.0,0.6161,0.6261,0.6282,0.6335,1.0571,o,166.0,25.0,15238.0,469.0
173452,2011,26631.0,165.0,0.0,0.7435,0.7301,0.7273,0.7205,0.9391,o,172.0,18.0,15341.0,457.0
173452,2012,25129.0,151.0,0.0,0.7211,0.7115,0.7095,0.7046,0.9548,o,179.0,27.0,15402.0,466.0
173452,2013,25396.0,128.0,0.0,0.6048,0.6141,0.6161,0.621,1.0541,o,164.0,32.0,15734.0,491.0
173452,2014,24744.0,137.0,0.0,0.6644,0.6755,0.6778,0.6836,1.0586,o,189.0,15.0,16194.0,529.0
173452,2015,25055.0,137.0,0.0,0.6562,0.6645,0.6662,0.6706,1.0444,o,172.0,23.0,16867.0,546.0
173452,2016,24779.0,150.0,0.0,0.7264,0.7324,0.7336,0.7367,1.0285,o,196.0,18.0,17593.0,559.0
173452,2017,25356.0,136.0,0.0,0.6436,0.6569,0.6597,0.6667,1.0729,o,183.0,21.0,17822.0,551.0
173452,2018,25968.0,152.0,0.0,0.7024,0.717,0.7201,0.7278,1.0737,o,195.0,24.0,18295.0,574.0
173452,2019,26163.0,164.0,0.0,0.7522,0.7623,0.7644,0.7697,1.0471,o,168.0,17.0,18803.0,570.0
173452,2020,24320.0,157.0,0.0,0.7747,0.7716,0.771,0.7694,0.9864,o,185.0,28.0,19075.0,534.0
173452,2021,24409.0,150.0,0.0,0.7374,0.7224,0.7193,0.7117,0.9314,o,151.0,23.0,19166.0,526.0
173452,2022,23098.0,152.0,0.0,0.7897,0.7632,0.7578,0.7445,0.8889,o,142.0,26.0,18551.0,542.0
173452,2023,21755.0,153.0,0.0,0.8439,0.7931,0.783,0.7582,0.8072,o,150.0,25.0,18032.0,518.0
173452,2024,21315.0,154.0,0.0,0.867,0.8206,0.8113,0.7885,0.8272,o,174.0,31.0,17770.0,470.0
173461,1998,59351.0,0.0,313.0,0.3164,0.3124,0.3023,0.2979,0.8331,o,,,,
173461,1999,65520.0,0.0,293.0,0.2683,0.2608,0.2423,0.2346,0.6654,o,,,,
173461,2000,66900.0,0.0,312.0,0.2798,0.2814,0.2856,0.2875,1.085,o,,,,
173461,2001,75030.0,0.0,329.0,0.2631,0.2683,0.282,0.2883,1.3197,o,,,,
173461,2002,87690.0,0.0,360.0,0.2463,0.2471,0.2492,0.2501,1.0472,o,814.0,,4802.0,
173461,2003,92400.0,0.0,391.0,0.2539,0.2502,0.241,0.237,0.8112,o,789.0,,5057.0,148.0
173461,2004,100867.0,0.0,453.0,0.2695,0.2671,0.2611,0.2584,0.8811,o,841.0,,5307.0,150.0
173461,2005,105141.0,0.0,584.0,0.3333,0.3344,0.3373,0.3386,1.0493,o,759.0,,5590.0,144.0
173461,2006,101886.0,0.0,564.0,0.3321,0.3305,0.3263,0.3244,0.9313,o,671.0,,5762.0,150.0
173461,2007,98365.0,0.0,542.0,0.3306,0.3266,0.3164,0.312,0.8388,o,727.0,439.0,5941.0,167.0
173461,2008,102450.0,0.0,571.0,0.3344,0.3348,0.3358,0.3362,1.0168,o,781.0,464.0,6082.0,163.0
173461,2009,106457.0,0.0,615.0,0.3466,0.3493,0.3564,0.3595,1.1173,o,754.0,464.0,6131.0,166.0
173461,2010,110382.0,0.0,635.0,0.3452,0.3452,0.3452,0.3452,1.0,o,700.0,499.0,6294.0,149.0
173461,2011,110243.0,0.0,712.0,0.3875,0.385,0.3787,0.3759,0.9121,o,697.0,556.0,6432.0,147.0
173461,2012,112456.0,0.0,724.0,0.3863,0.3851,0.3822,0.3809,0.9587,o,710.0,581.0,6629.0,145.0
173461,2013,113038.0,0.0,676.0,0.3588,0.3592,0.3603,0.3608,1.0165,o,706.0,518.0,6795.0,153.0
173461,2014,108086.0,0.0,719.0,0.3991,0.3992,0.3995,0.3996,1.0036,o,600.0,499.0,6697.0,147.0
173461,2015,102918.0,0.0,674.0,0.3929,0.3884,0.377,0.372,0.8475,o,522.0,504.0,6667.0,163.0
173461,2016,98768.0,0.0,666.0,0.4046,0.3983,0.3826,0.3758,0.7994,o,627.0,502.0,6646.0,181.0
173461,2017,94808.0,0.0,615.0,0.3892,0.3922,0.4002,0.4038,1.1176,o,671.0,433.0,6496.0,191.0
173461,2018,94394.0,0.0,628.0,0.3992,0.4035,0.415,0.4202,1.168,o,682.0,475.0,6422.0,191.0
173461,2019,93650.0,0.0,660.0,0.4229,0.4243,0.4281,0.4298,1.0508,o,691.0,443.0,6304.0,184.0
173461,2020,92861.0,0.0,620.0,0.4006,0.4012,0.4027,0.4034,1.0214,o,612.0,377.0,6411.0,190.0
173461,2021,83250.0,0.0,648.0,0.467,0.4633,0.4538,0.4497,0.8915,o,559.0,402.0,6226.0,194.0
173461,2022,76535.0,0.0,665.0,0.5213,0.5158,0.5017,0.4956,0.858,o,586.0,336.0,6161.0,180.0
173461,2023,70590.0,0.0,606.0,0.5151,0.5151,0.5152,0.5152,1.0009,o,564.0,338.0,6629.0,211.0
173461,2024,73350.0,0.0,594.0,0.4859,0.4854,0.4841,0.4835,0.9852,o,582.0,381.0,5786.0,208.0
173489,1998,8097.0,0.0,39.0,0.289,0.289,0.289,0.289,,-,,,,
173489,2002,8333.0,0.0,81.0,0.5832,0.5832,0.5832,0.5832,,-,97.0,,18209.0,
173489,2003,8022.0,0.0,73.0,0.546,0.546,0.546,0.546,,-,79.0,,21242.0,335.0
173489,2004,8676.0,0.0,45.0,0.3112,0.3112,0.3112,0.3112,,-,64.0,,24776.0,374.0
173489,2005,8146.0,0.0,37.0,0.2725,0.2725,0.2725,0.2725,,-,102.0,,23339.0,463.0
173489,2006,7237.0,0.0,55.0,0.456,0.456,0.456,0.456,,-,75.0,21.0,23471.0,518.0
173489,2007,8523.0,0.0,43.0,0.3027,0.3027,0.3027,0.3027,,-,113.0,,24911.0,371.0
173489,2008,8600.0,0.0,25.0,0.1744,0.1744,0.1744,0.1744,,-,103.0,,24502.0,417.0
173489,2009,8536.0,0.0,43.0,0.3022,0.3022,0.3022,0.3022,,-,66.0,91.0,20122.0,431.0
173489,2010,9551.0,0.0,61.0,0.3832,0.3832,0.3832,0.3832,,-,49.0,59.0,22565.0,485.0
173489,2011,9258.0,0.0,64.0,0.4148,0.4148,0.4148,0.4148,,-,40.0,70.0,22035.0,543.0
173489,2012,7489.0,1.0,61.0,0.5048,0.5048,0.5048,0.5048,,-,22.0,42.0,21477.0,566.0
173489,2013,5497.0,3.0,62.0,0.7423,0.7423,0.7423,0.7423,,-,12.0,30.0,21101.0,665.0
173489,2014,4259.0,5.0,51.0,0.8594,0.8594,0.8594,0.8594,,-,19.0,39.0,20782.0,613.0
173489,2015,4015.0,1.0,42.0,0.6575,0.6575,0.6575,0.6575,,-,17.0,26.0,22663.0,600.0
173489,2016,3071.0,8.0,49.0,1.2698,1.2698,1.2698,1.2698,,-,8.0,26.0,23090.0,746.0
173531,1998,20589.0,0.0,174.0,0.5071,0.5071,0.5071,0.5071,,-,,,,
173559,1998,33561.0,0.0,288.0,0.5149,0.507,0.4872,0.4787,0.8017,o,,,,
173559,1999,37050.0,0.0,277.0,0.4486,0.4526,0.4632,0.468,1.1373,o,,,,
173559,2000,34530.0,0.0,282.0,0.49,0.5141,0.5815,0.6143,1.9836,o,,,,
173559,2001,36480.0,0.0,308.0,0.5066,0.521,0.5601,0.5784,1.4946,o,,,,
173559,2002,38760.0,0.0,232.0,0.3591,0.3662,0.385,0.3936,1.3205,o,428.0,,5527.0,
173559,2003,37350.0,0.0,238.0,0.3823,0.3668,0.3297,0.3145,0.5533,o,519.0,,5978.0,134.0
173559,2004,128626.0,0.0,704.0,0.3284,0.3236,0.3114,0.3062,0.809,o,1520.0,,6484.0,161.0
173559,2005,132407.0,0.0,752.0,0.3408,0.3698,0.4561,0.5007,3.2101,o,1545.0,,7135.0,142.0
173559,2006,138552.0,0.0,820.0,0.3551,0.3656,0.394,0.4073,1.5154,o,1288.0,,7251.0,158.0
173559,2007,138029.0,0.0,802.0,0.3486,0.3444,0.3338,0.3292,0.8405,o,1192.0,672.0,7299.0,150.0
173559,2008,137848.0,0.0,790.0,0.3439,0.3397,0.3293,0.3248,0.8415,o,1134.0,697.0,7366.0,158.0
173559,2009,137512.0,0.0,831.0,0.3626,0.3603,0.3546,0.3521,0.9145,o,1152.0,660.0,7370.0,158.0
173559,2010,146517.0,0.0,943.0,0.3862,0.3859,0.3853,0.385,0.9905,o,1148.0,788.0,7502.0,135.0
173559,2011,153466.0,0.0,1076.0,0.4207,0.4208,0.4211,0.4213,1.0044,o,1055.0,830.0,7026.0,133.0
173559,2012,151677.0,0.0,1121.0,0.4434,0.4408,0.434,0.431,0.9174,o,1001.0,782.0,6991.0,127.0
173559,2013,145890.0,0.0,1149.0,0.4725,0.4694,0.4614,0.4579,0.9088,o,1013.0,690.0,7136.0,127.0
173559,2014,135811.0,0.0,1095.0,0.4838,0.4833,0.482,0.4814,0.9854,o,946.0,698.0,7028.0,127.0
173559,2015,131942.0,0.0,1033.0,0.4698,0.4677,0.4625,0.4602,0.9394,o,1071.0,581.0,6969.0,132.0
173559,2016,129575.0,0.0,986.0,0.4566,0.4594,0.4669,0.4702,1.0934,o,1012.0,538.0,6920.0,134.0
173559,2017,126060.0,0.0,917.0,0.4365,0.4366,0.4368,0.437,1.0035,o,1017.0,567.0,6805.0,135.0
173559,2018,121773.0,0.0,869.0,0.4282,0.4275,0.4256,0.4248,0.9765,o,1032.0,491.0,6649.0,133.0
173559,2019,117461.0,0.0,830.0,0.424,0.4245,0.4258,0.4264,1.0172,o,921.0,415.0,6510.0,131.0
173559,2020,111423.0,0.0,755.0,0.4066,0.4035,0.3959,0.3925,0.899,o,817.0,402.0,6683.0,133.0
173559,2021,102990.0,0.0,762.0,0.4439,0.4384,0.4246,0.4186,0.8367,o,771.0,388.0,6490.0,127.0
173559,2022,96113.0,0.0,724.0,0.452,0.4482,0.4386,0.4345,0.8872,o,748.0,332.0,6431.0,135.0
173559,2023,95130.0,0.0,652.0,0.4112,0.4095,0.4051,0.4032,0.9421,o,777.0,345.0,6107.0,135.0
173559,2024,96326.0,0.0,618.0,0.3849,0.3856,0.3871,0.3878,1.023,o,861.0,382.0,5900.0,130.0
173629,1999,21360.0,0.0,47.0,0.132,0.132,0.132,0.132,,-,,,,
173629,2000,17856.0,0.0,53.0,0.1781,0.1781,0.1781,0.1781,,-,,,,
173629,2001,18853.0,0.0,92.0,0.2928,0.2928,0.2928,0.2928,,-,,,,
173629,2002,31760.0,0.0,100.0,0.1889,0.1889,0.1889,0.1889,,-,396.0,,15902.0,
173629,2003,35000.0,13.0,91.0,0.2006,0.2006,0.2006,0.2006,,-,333.0,,16824.0,121.0
173629,2004,32589.0,18.0,127.0,0.3001,0.3001,0.3001,0.3001,,-,371.0,,17313.0,127.0
173629,2005,25457.0,15.0,119.0,0.3512,0.3512,0.3512,0.3512,,-,359.0,,16804.0,146.0
173629,2006,19793.0,9.0,136.0,0.4668,0.4668,0.4668,0.4668,,-,322.0,245.0,18510.0,794.0
173629,2007,19957.0,25.0,137.0,0.5622,0.5622,0.5622,0.5622,,-,101.0,145.0,19056.0,724.0
173629,2008,21667.0,23.0,121.0,0.4625,0.4625,0.4625,0.4625,,-,99.0,132.0,19491.0,628.0
173629,2009,27325.0,30.0,100.0,0.3513,0.3513,0.3513,0.3513,,-,191.0,321.0,20201.0,631.0
173629,2010,30957.0,45.0,112.0,0.3915,0.3915,0.3915,0.3915,,-,171.0,333.0,21357.0,1390.0
173629,2011,37211.0,60.0,155.0,0.4434,0.4434,0.4434,0.4434,,-,114.0,191.0,21860.0,
173629,2012,33408.0,86.0,157.0,0.5909,0.5909,0.5909,0.5909,,-,103.0,151.0,21307.0,
173629,2013,26572.0,97.0,190.0,0.8671,0.8671,0.8671,0.8671,,-,70.0,195.0,20453.0,
173629,2014,24049.0,121.0,145.0,0.9655,0.9655,0.9655,0.9655,,-,53.0,160.0,18485.0,
173629,2015,19829.0,83.0,134.0,0.9077,0.9077,0.9077,0.9077,,-,29.0,111.0,18329.0,
173629,2016,16726.0,100.0,97.0,1.0654,1.0654,1.0654,1.0654,,-,,,18202.0,
173638,2000,61350.0,0.0,247.0,0.2416,0.2601,0.3145,0.3422,2.8723,o,,,,
173638,2001,61230.0,0.0,219.0,0.2146,0.2277,0.2654,0.284,2.3385,o,,,,
173638,2002,62400.0,0.0,237.0,0.2279,0.2255,0.2194,0.2168,0.8597,o,806.0,,4729.0,
173638,2003,64320.0,0.0,241.0,0.2248,0.2237,0.2208,0.2196,0.9313,o,699.0,,5088.0,163.0
173638,2004,65206.0,0.0,268.0,0.2466,0.2447,0.2398,0.2377,0.8944,o,752.0,,5157.0,151.0
173638,2005,64607.0,0.0,246.0,0.2285,0.2284,0.2284,0.2284,0.9993,o,652.0,,6261.0,147.0
173638,2006,62007.0,0.0,252.0,0.2438,0.242,0.2374,0.2354,0.8987,o,517.0,,6507.0,157.0
173638,2007,61444.0,0.0,314.0,0.3066,0.3001,0.284,0.2772,0.7365,o,492.0,225.0,6751.0,158.0
173638,2008,61848.0,0.0,317.0,0.3075,0.3038,0.2946,0.2905,0.8417,o,492.0,222.0,6869.0,164.0
173638,2009,62630.0,0.0,306.0,0.2932,0.2926,0.2913,0.2907,0.9752,o,562.0,277.0,6921.0,168.0
173638,2010,70807.0,0.0,328.0,0.2779,0.2805,0.2873,0.2904,1.1423,o,527.0,283.0,7060.0,146.0
173638,2011,74078.0,0.0,364.0,0.2948,0.2948,0.2948,0.2948,1.0,o,388.0,301.0,7195.0,140.0
173638,2012,68607.0,0.0,421.0,0.3682,0.3596,0.3383,0.3292,0.7126,o,425.0,273.0,7380.0,144.0
173638,2013,66746.0,0.0,399.0,0.3587,0.3568,0.3521,0.3501,0.929,o,358.0,241.0,7566.0,147.0
173638,2014,62970.0,0.0,392.0,0.3735,0.3702,0.3618,0.3582,0.8807,o,322.0,213.0,7452.0,149.0
173638,2015,58441.0,0.0,376.0,0.386,0.3808,0.3676,0.3619,0.8225,o,353.0,203.0,7389.0,149.0
173638,2016,55751.0,0.0,320.0,0.3444,0.3453,0.3476,0.3487,1.0382,o,329.0,197.0,7359.0,157.0
173638,2017,56858.0,0.0,344.0,0.363,0.3624,0.3607,0.36,0.9748,o,367.0,214.0,7190.0,150.0
173638,2018,57505.0,0.0,322.0,0.336,0.3377,0.3422,0.3442,1.0762,o,424.0,183.0,7094.0,152.0
173638,2019,58948.0,0.0,284.0,0.2891,0.2931,0.3037,0.3085,1.2184,o,378.0,207.0,6945.0,150.0
173638,2020,59241.0,0.0,271.0,0.2745,0.2736,0.2714,0.2704,0.9558,o,363.0,170.0,7027.0,156.0
173638,2021,55110.0,0.0,233.0,0.2537,0.2519,0.2474,0.2455,0.9052,o,441.0,213.0,6929.0,152.0
173638,2022,56664.0,0.0,237.0,0.251,0.254,0.2621,0.2658,1.1903,o,388.0,154.0,6896.0,157.0
173638,2023,57540.0,0.0,234.0,0.244,0.2434,0.2419,0.2412,0.9652,o,394.0,181.0,6712.0,160.0
173638,2024,59962.0,0.0,232.0,0.2321,0.2313,0.2292,0.2283,0.9505,o,447.0,140.0,6484.0,151.0
173647,1998,72030.0,629.0,0.0,1.0479,1.054,1.0553,1.0585,1.0203,o,,,,
173647,1999,75480.0,684.0,0.0,1.0874,1.111,1.1159,1.1283,1.0766,o,,,,
173647,2003,90709.0,716.0,0.0,0.9472,0.922,0.9168,0.9041,0.9111,o,631.0,,33894.0,627.0
173647,2004,90709.0,703.0,0.0,0.93,0.9247,0.9236,0.9209,0.9805,o,658.0,,35373.0,652.0
173647,2005,90709.0,716.0,0.0,0.9472,0.9595,0.962,0.9685,1.0454,o,739.0,,36948.0,655.0
173647,2006,77610.0,689.0,0.0,1.0653,1.1054,1.1139,1.1353,1.1358,o,685.0,,38173.0,790.0
173647,2007,90806.0,694.0,0.0,0.9171,0.9404,0.9453,0.9577,1.0904,o,669.0,42.0,39790.0,669.0
173647,2008,82664.0,666.0,0.0,0.9668,0.9807,0.9836,0.9909,1.0504,o,621.0,33.0,41727.0,772.0
173647,2009,76398.0,704.0,0.0,1.1058,1.0805,1.0754,1.0626,0.9234,o,620.0,31.0,43740.0,827.0
173647,2010,75989.0,586.0,0.0,0.9254,0.8892,0.8819,0.8639,0.8715,o,590.0,95.0,45401.0,835.0
173647,2011,77121.0,665.0,0.0,1.0347,1.0015,0.9948,0.9782,0.8936,o,725.0,148.0,46764.0,777.0
173647,2012,76944.0,619.0,0.0,0.9654,0.9708,0.9719,0.9747,1.0194,o,678.0,109.0,48329.0,798.0
173647,2013,74892.0,623.0,0.0,0.9982,1.0344,1.042,1.0614,1.1305,o,610.0,121.0,50344.0,833.0
173647,2014,73018.0,650.0,0.0,1.0682,1.0878,1.0918,1.1021,1.0645,o,613.0,48.0,51505.0,850.0
173647,2015,73674.0,735.0,0.0,1.1972,1.1722,1.1672,1.1545,0.93,o,614.0,27.0,52741.0,812.0
173647,2016,70704.0,670.0,0.0,1.1371,1.0938,1.085,1.0634,0.8746,o,541.0,22.0,53958.0,818.0
173647,2017,68730.0,613.0,0.0,1.0703,1.037,1.0302,1.0135,0.8967,o,588.0,18.0,54612.0,769.0
173647,2018,66294.0,638.0,0.0,1.1549,1.1284,1.123,1.1096,0.9231,o,651.0,37.0,54936.0,766.0
173647,2019,66589.0,621.0,0.0,1.1191,1.1223,1.1229,1.1246,1.0098,o,642.0,21.0,55397.0,743.0
173647,2020,66004.0,539.0,0.0,0.9799,1.0125,1.0194,1.0368,1.1195,o,587.0,22.0,56539.0,746.0
173647,2021,66759.0,449.0,0.0,0.8071,0.8272,0.8314,0.8421,1.0886,o,551.0,34.0,56948.0,714.0
173647,2022,66004.0,682.0,0.0,1.2399,1.2097,1.2036,1.1883,0.9185,o,463.0,24.0,55389.0,695.0
173647,2023,65102.0,686.0,0.0,1.2645,1.1784,1.1614,1.1198,0.7842,o,499.0,17.0,54894.0,647.0
173647,2024,62287.0,557.0,0.0,1.0731,0.9995,0.9849,0.9494,0.7827,o,490.0,23.0,54310.0,591.0
173665,1998,59104.0,348.0,0.0,0.7066,0.705,0.7047,0.704,0.9927,o,,,,
173665,1999,53548.0,342.0,0.0,0.7664,0.7601,0.7588,0.7556,0.9719,o,,,,
173665,2000,57855.0,395.0,0.0,0.8193,0.8433,0.8483,0.861,1.1045,o,,,,
173665,2001,58120.0,319.0,0.0,0.6586,0.7015,0.7107,0.7343,1.243,o,,,,
173665,2002,58775.0,419.0,0.0,0.8555,0.9062,0.917,0.9448,1.2197,o,417.0,,30165.0,
173665,2003,61329.0,389.0,0.0,0.7611,0.7706,0.7726,0.7776,1.0436,o,455.0,,32237.0,617.0
173665,2004,63051.0,409.0,0.0,0.7784,0.7858,0.7874,0.7912,1.0332,o,446.0,,34132.0,660.0
173665,2005,66250.0,433.0,0.0,0.7843,0.7993,0.8024,0.8104,1.0675,o,461.0,,35121.0,691.0
173665,2006,68211.0,452.0,0.0,0.7952,0.8136,0.8175,0.8273,1.0823,o,424.0,1434.0,36038.0,708.0
173665,2007,67501.0,429.0,0.0,0.7627,0.7659,0.7666,0.7683,1.0149,o,458.0,151.0,37083.0,752.0
173665,2008,68225.0,454.0,0.0,0.7985,0.7936,0.7926,0.7901,0.9789,o,452.0,142.0,38945.0,619.0
173665,2009,67013.0,451.0,0.0,0.8076,0.8084,0.8085,0.8089,1.0033,o,400.0,110.0,40505.0,654.0
173665,2010,62972.0,437.0,0.0,0.8328,0.8236,0.8217,0.8171,0.9627,o,440.0,140.0,41934.0,663.0
173665,2011,64952.0,446.0,0.0,0.824,0.8124,0.81,0.8041,0.9524,o,515.0,125.0,42561.0,671.0
173665,2012,66699.0,426.0,0.0,0.7664,0.7772,0.7795,0.7851,1.0495,o,541.0,159.0,43532.0,690.0
173665,2013,70021.0,420.0,0.0,0.7198,0.766,0.7759,0.8013,1.2394,o,536.0,142.0,45119.0,696.0
173665,2014,71600.0,428.0,0.0,0.7173,0.7709,0.7825,0.8122,1.2821,o,521.0,140.0,46223.0,685.0
173665,2015,73983.0,484.0,0.0,0.785,0.8085,0.8134,0.8259,1.1068,o,513.0,147.0,47349.0,688.0
173665,2016,72129.0,541.0,0.0,0.9001,0.8946,0.8934,0.8906,0.9792,o,548.0,142.0,49117.0,659.0
173665,2017,70858.0,513.0,0.0,0.8688,0.865,0.8642,0.8623,0.9851,o,535.0,131.0,49947.0,690.0
173665,2018,66761.0,505.0,0.0,0.9077,0.9141,0.9155,0.9188,1.0246,o,538.0,119.0,50265.0,723.0
173665,2019,62969.0,485.0,0.0,0.9243,0.9342,0.9363,0.9415,1.0377,o,547.0,117.0,50382.0,707.0
173665,2020,63549.0,483.0,0.0,0.9121,0.918,0.9192,0.9223,1.0226,o,455.0,119.0,51412.0,717.0
173665,2021,58408.0,446.0,0.0,0.9163,0.8959,0.8917,0.8814,0.9252,o,467.0,105.0,52695.0,706.0
173665,2022,56447.0,411.0,0.0,0.8737,0.8361,0.8286,0.8099,0.8593,o,477.0,101.0,50706.0,698.0
173665,2023,54797.0,413.0,0.0,0.9044,0.8686,0.8614,0.8436,0.87,o,395.0,122.0,48255.0,660.0
173665,2024,53203.0,389.0,0.0,0.8774,0.8427,0.8357,0.8185,0.8703,o,483.0,120.0,48311.0,646.0
173683,2007,1030.0,0.0,0.0,0.0,0.0,0.0,0.0,,n,,,,
173683,2008,455.0,0.0,0.0,0.0,0.0,0.0,0.0,,n,,,,81.0
173683,2009,215.0,0.0,0.0,0.0,0.0,0.0,0.0,,n,,,,401.0
173683,2010,176.0,0.0,0.0,0.0,0.0,0.0,0.0,,n,,,,470.0
173683,2012,119.0,0.0,0.0,0.0,0.0,0.0,0.0,,n,,,,549.0
173683,2013,30.0,0.0,0.0,0.0,0.0,0.0,0.0,,n,,,,633.0
173683,2015,30.0,0.0,0.0,0.0,0.0,0.0,0.0,,n,,,,622.0
173708,1998,96591.0,0.0,20.0,0.0124,0.0125,0.0127,0.0128,1.0955,o,,,,
173708,2000,104010.0,0.0,88.0,0.0508,0.0539,0.0631,0.0676,2.3845,o,,,,
173708,2001,106710.0,0.0,106.0,0.0596,0.0609,0.0643,0.0659,1.353,o,,,,
173708,2002,111510.0,0.0,225.0,0.1211,0.1206,0.1196,0.1191,0.9516,o,2037.0,,4639.0,
173708,2003,113520.0,0.0,352.0,0.186,0.1843,0.18,0.1781,0.8767,o,1695.0,,4887.0,169.0
173708,2004,108932.0,0.0,460.0,0.2534,0.2491,0.2384,0.2338,0.7835,o,1802.0,,5448.0,175.0
173708,2005,109266.0,0.0,493.0,0.2707,0.2701,0.2684,0.2676,0.9657,o,1410.0,,6031.0,170.0
173708,2006,109459.0,0.0,517.0,0.2834,0.2792,0.2686,0.264,0.8064,o,1185.0,,5921.0,176.0
173708,2007,108473.0,0.0,500.0,0.2766,0.2707,0.2563,0.2502,0.7379,o,1222.0,708.0,5969.0,179.0
173708,2008,113427.0,0.0,489.0,0.2587,0.2576,0.2548,0.2536,0.9418,o,1025.0,885.0,6136.0,179.0
173708,2009,116679.0,0.0,524.0,0.2695,0.2664,0.2589,0.2556,0.8517,o,1078.0,1127.0,6145.0,178.0
173708,2010,134784.0,0.0,560.0,0.2493,0.2486,0.2467,0.2459,0.9595,o,887.0,1334.0,6320.0,156.0
173708,2011,143358.0,0.0,659.0,0.2758,0.2725,0.2643,0.2608,0.8436,o,801.0,1162.0,6463.0,152.0
173708,2012,140340.0,0.0,749.0,0.3202,0.3157,0.3043,0.2994,0.8153,o,769.0,1093.0,6562.0,143.0
173708,2013,135458.0,0.0,657.0,0.291,0.2891,0.2843,0.2822,0.9111,o,715.0,992.0,6681.0,139.0
173708,2014,126407.0,0.0,633.0,0.3005,0.2985,0.2935,0.2913,0.9108,o,654.0,983.0,6580.0,142.0
173708,2015,117811.0,0.0,623.0,0.3173,0.3145,0.3074,0.3043,0.8814,o,612.0,981.0,6701.0,131.0
173708,2016,112182.0,0.0,617.0,0.33,0.3274,0.3209,0.318,0.8941,o,571.0,841.0,6688.0,141.0
173708,2017,105145.0,0.0,610.0,0.3481,0.3456,0.3392,0.3364,0.9021,o,579.0,881.0,6540.0,140.0
173708,2018,101043.0,0.0,548.0,0.3254,0.3249,0.3237,0.3231,0.9789,o,574.0,811.0,6478.0,147.0
173708,2019,96432.0,0.0,503.0,0.313,0.3129,0.3128,0.3128,0.9983,o,521.0,676.0,6404.0,146.0
173708,2020,88379.0,0.0,481.0,0.3265,0.3242,0.3184,0.3158,0.9037,o,419.0,597.0,6308.0,154.0
173708,2021,81358.0,0.0,467.0,0.3444,0.338,0.3221,0.3153,0.7653,o,484.0,600.0,6413.0,153.0
173708,2022,78752.0,0.0,496.0,0.3779,0.3787,0.3807,0.3816,1.0298,o,489.0,540.0,6298.0,151.0
173708,2023,76380.0,0.0,452.0,0.3551,0.3571,0.3622,0.3645,1.0831,o,543.0,609.0,6088.0,154.0
173708,2024,80739.0,0.0,429.0,0.3188,0.3213,0.3277,0.3306,1.1161,o,674.0,680.0,5881.0,148.0
173735,1998,82960.0,0.0,192.0,0.1389,0.1362,0.1294,0.1266,0.7551,o,,,,
173735,2001,41790.0,0.0,225.0,0.323,0.3255,0.3319,0.3348,1.1146,o,,,,
173735,2002,42240.0,0.0,222.0,0.3153,0.3153,0.3151,0.3151,0.9975,o,653.0,,4677.0,
173735,2003,42420.0,0.0,222.0,0.314,0.3157,0.3201,0.3221,1.0802,o,660.0,,5088.0,153.0
173735,2004,43952.0,0.0,239.0,0.3263,0.3274,0.3305,0.3318,1.0526,o,599.0,,5474.0,162.0
173735,2005,41443.0,0.0,267.0,0.3866,0.3841,0.3778,0.375,0.9124,o,463.0,,6049.0,149.0
173735,2006,35282.0,0.0,220.0,0.3741,0.3662,0.3465,0.3381,0.7355,o,404.0,,6165.0,163.0
173735,2007,34350.0,0.0,220.0,0.3843,0.377,0.3589,0.3511,0.7608,o,386.0,204.0,6431.0,166.0
173735,2008,36204.0,0.0,219.0,0.3629,0.36,0.3526,0.3493,0.8904,o,393.0,196.0,6357.0,177.0
173735,2009,39442.0,0.0,230.0,0.3499,0.3498,0.3494,0.3493,0.9949,o,401.0,244.0,6449.0,169.0
173735,2010,41103.0,0.0,255.0,0.3722,0.373,0.375,0.3758,1.0295,o,327.0,282.0,6619.0,139.0
173735,2011,40470.0,0.0,260.0,0.3855,0.3803,0.3672,0.3616,0.8237,o,292.0,286.0,6763.0,137.0
173735,2012,37394.0,0.0,207.0,0.3321,0.3271,0.3143,0.3088,0.8022,o,241.0,223.0,6836.0,152.0
173735,2013,33863.0,0.0,247.0,0.4376,0.43,0.4111,0.403,0.7787,o,257.0,256.0,7076.0,215.0
173735,2014,33450.0,0.0,238.0,0.4269,0.4258,0.423,0.4218,0.9644,o,233.0,228.0,6969.0,179.0
173735,2015,31252.0,0.0,239.0,0.4589,0.4567,0.4513,0.4489,0.9357,o,201.0,237.0,6931.0,187.0
173735,2016,30428.0,0.0,209.0,0.4121,0.4064,0.3922,0.3861,0.8204,o,206.0,213.0,6884.0,194.0
173735,2017,31220.0,0.0,220.0,0.4228,0.4213,0.4173,0.4156,0.9493,o,194.0,193.0,6708.0,208.0
173735,2018,27652.0,0.0,206.0,0.447,0.4455,0.4417,0.44,0.9533,o,185.0,176.0,6618.0,201.0
173735,2019,25190.0,0.0,196.0,0.4669,0.4643,0.4578,0.455,0.925,o,186.0,181.0,6479.0,220.0
173735,2020,24180.0,0.0,199.0,0.4938,0.4932,0.4915,0.4908,0.9815,o,142.0,153.0,6553.0,203.0
173735,2021,20790.0,0.0,182.0,0.5253,0.5155,0.4913,0.4809,0.7655,o,170.0,156.0,6449.0,245.0
173735,2022,79051.0,0.0,640.0,0.4858,0.487,0.4901,0.4916,1.0366,o,608.0,310.0,6333.0,153.0
173735,2023,73453.0,0.0,589.0,0.4811,0.5292,0.676,0.7537,3.8974,o,587.0,289.0,6180.0,145.0
173735,2024,73780.0,0.0,687.0,0.5587,0.575,0.6192,0.6399,1.509,o,754.0,236.0,6004.0,160.0
173753,1999,47880.0,0.0,192.0,0.2406,0.2406,0.2406,0.2406,,-,,,,
173799,1998,56120.0,0.0,585.0,0.6254,0.6219,0.6129,0.609,0.9222,o,,,,
173799,1999,72810.0,0.0,556.0,0.4582,0.4541,0.444,0.4395,0.8814,o,,,,
173799,2000,73320.0,0.0,340.0,0.2782,0.2814,0.2898,0.2936,1.1764,o,,,,
173799,2001,74430.0,0.0,376.0,0.3031,0.3048,0.3093,0.3114,1.085,o,,,,
173799,2002,82920.0,0.0,347.0,0.2511,0.2523,0.2556,0.257,1.0734,o,1304.0,,4996.0,
173799,2003,93060.0,0.0,409.0,0.2637,0.2671,0.2762,0.2803,1.2035,o,1322.0,,5390.0,187.0
173799,2004,98231.0,0.0,429.0,0.262,0.2635,0.2674,0.2692,1.0849,o,1343.0,,5846.0,190.0
173799,2005,101392.0,0.0,499.0,0.2953,0.2958,0.297,0.2975,1.0228,o,1166.0,,6316.0,183.0
173799,2006,99004.0,0.0,487.0,0.2951,0.2924,0.2855,0.2824,0.875,o,892.0,,6510.0,191.0
173799,2007,104632.0,0.0,588.0,0.3372,0.3292,0.3096,0.3013,0.711,o,891.0,639.0,6606.0,190.0
173799,2008,109678.0,0.0,587.0,0.3211,0.3179,0.3098,0.3062,0.8659,o,872.0,677.0,6635.0,190.0
173799,2009,113516.0,0.0,579.0,0.306,0.3056,0.3043,0.3038,0.9781,o,931.0,792.0,6698.0,198.0
173799,2010,128507.0,0.0,656.0,0.3063,0.3075,0.3105,0.3119,1.0562,o,915.0,901.0,6876.0,164.0
173799,2011,129896.0,0.0,691.0,0.3192,0.3195,0.3204,0.3207,1.015,o,863.0,843.0,6910.0,163.0
173799,2012,126413.0,0.0,736.0,0.3493,0.3477,0.3435,0.3417,0.935,o,821.0,830.0,7010.0,154.0
173799,2013,121474.0,0.0,736.0,0.3635,0.3615,0.3564,0.3541,0.9235,o,787.0,760.0,7048.0,150.0
173799,2014,118331.0,0.0,748.0,0.3793,0.3775,0.3729,0.3709,0.9347,o,727.0,710.0,6941.0,143.0
173799,2015,114258.0,0.0,722.0,0.3791,0.3765,0.3697,0.3668,0.9042,o,716.0,631.0,6882.0,139.0
173799,2016,106511.0,0.0,737.0,0.4152,0.4136,0.4094,0.4076,0.9458,o,662.0,549.0,6856.0,151.0
173799,2017,97900.0,0.0,652.0,0.3996,0.3972,0.3911,0.3884,0.9175,o,585.0,443.0,6737.0,156.0
173799,2018,90532.0,0.0,602.0,0.399,0.3944,0.383,0.378,0.8491,o,517.0,483.0,6645.0,157.0
173799,2019,85324.0,0.0,585.0,0.4114,0.406,0.3926,0.3867,0.8292,o,484.0,447.0,6506.0,152.0
173799,2020,80085.0,0.0,577.0,0.4323,0.4284,0.4185,0.4142,0.8784,o,482.0,439.0,6593.0,160.0
173799,2021,78627.0,0.0,491.0,0.3747,0.3737,0.3712,0.3701,0.963,o,455.0,369.0,6487.0,147.0
173799,2022,69426.0,0.0,486.0,0.42,0.4183,0.4138,0.4118,0.942,o,428.0,360.0,6373.0,148.0
173799,2023,64260.0,0.0,423.0,0.395,0.3925,0.3861,0.3833,0.9136,o,466.0,426.0,6218.0,134.0
173799,2024,67578.0,0.0,371.0,0.3294,0.3306,0.3339,0.3353,1.0555,o,511.0,381.0,6007.0,137.0
173805,1998,26851.0,0.0,167.0,0.3732,0.3693,0.3596,0.3553,0.8621,o,,,,
173805,1999,26619.0,0.0,179.0,0.4035,0.4012,0.3954,0.3929,0.9226,o,,,,
173805,2000,27990.0,0.0,169.0,0.3623,0.3705,0.3926,0.4028,1.3788,o,,,,
173805,2001,25860.0,0.0,149.0,0.3457,0.3499,0.361,0.366,1.1884,o,,,,
173805,2002,28830.0,0.0,185.0,0.385,0.3859,0.3883,0.3893,1.0344,o,397.0,,4906.0,
173805,2003,29160.0,0.0,215.0,0.4424,0.441,0.4374,0.4358,0.9555,o,382.0,,5333.0,148.0
173805,2004,29316.0,0.0,236.0,0.483,0.4807,0.4748,0.4722,0.934,o,408.0,,6265.0,154.0
173805,2005,30034.0,0.0,191.0,0.3816,0.3828,0.386,0.3875,1.0475,o,345.0,,6875.0,143.0
173805,2006,29924.0,0.0,216.0,0.4331,0.429,0.4187,0.4142,0.8734,o,333.0,,6893.0,143.0
173805,2007,31349.0,0.0,224.0,0.4287,0.4251,0.4158,0.4117,0.8845,o,348.0,80.0,6942.0,144.0
173805,2008,29962.0,0.0,228.0,0.4566,0.4574,0.4596,0.4605,1.0265,o,315.0,124.0,6769.0,137.0
173805,2009,29082.0,0.0,216.0,0.4456,0.4432,0.437,0.4343,0.9251,o,361.0,115.0,6459.0,141.0
173805,2010,32193.0,0.0,209.0,0.3895,0.3919,0.3979,0.4006,1.089,o,345.0,168.0,7072.0,121.0
173805,2011,33526.0,0.0,275.0,0.4922,0.4929,0.4947,0.4955,1.0207,o,320.0,180.0,6773.0,123.0
173805,2012,32255.0,0.0,224.0,0.4167,0.4138,0.4066,0.4034,0.9065,o,319.0,171.0,6965.0,126.0
173805,2013,30834.0,0.0,219.0,0.4262,0.4249,0.4218,0.4204,0.9594,o,257.0,168.0,7094.0,120.0
173805,2014,30477.0,0.0,269.0,0.5296,0.5216,0.5015,0.4929,0.8044,o,232.0,216.0,6987.0,114.0
173805,2015,29236.0,0.0,252.0,0.5172,0.5094,0.49,0.4816,0.8056,o,257.0,193.0,6949.0,117.0
173805,2016,27932.0,0.0,265.0,0.5692,0.5712,0.5764,0.5787,1.0511,o,286.0,174.0,6904.0,120.0
173805,2017,28306.0,0.0,208.0,0.4409,0.4458,0.4585,0.4643,1.1697,o,272.0,142.0,6727.0,115.0
173805,2018,28143.0,0.0,249.0,0.5309,0.5309,0.5311,0.5312,1.0018,o,273.0,120.0,6636.0,124.0
173805,2019,26131.0,0.0,191.0,0.4386,0.4379,0.4362,0.4354,0.9785,o,234.0,115.0,6498.0,126.0
173805,2020,24618.0,0.0,187.0,0.4558,0.4509,0.4387,0.4334,0.8587,o,220.0,98.0,6571.0,132.0
173805,2021,22197.0,0.0,173.0,0.4676,0.463,0.4514,0.4463,0.8678,o,198.0,119.0,6466.0,132.0
173814,1999,25512.0,0.0,192.0,0.4516,0.4516,0.4516,0.4516,,-,,,,
173850,1998,10636.0,0.0,22.0,0.1241,0.1241,0.1241,0.1241,,-,,,,
173850,1999,12270.0,0.0,34.0,0.1663,0.1663,0.1663,0.1663,,-,,,,
173850,2000,8223.0,0.0,30.0,0.2189,0.2189,0.2189,0.2189,,-,,,,
173850,2001,8987.0,0.0,28.0,0.1869,0.1869,0.1869,0.1869,,-,,,,
173887,1998,11008.0,0.0,43.0,0.2344,0.2344,0.2344,0.2344,,-,,,,
173887,1999,16491.0,0.0,69.0,0.2511,0.2511,0.2511,0.2511,,-,,,,
173887,2000,21765.0,0.0,189.0,0.521,0.521,0.521,0.521,,-,,,,
173887,2005,45415.0,128.0,94.0,0.4624,0.4624,0.4624,0.4624,,-,630.0,,26577.0,731.0
173887,2006,50173.0,151.0,103.0,0.4843,0.4843,0.4843,0.4843,,-,553.0,,27223.0,754.0
173887,2007,50042.0,183.0,69.0,0.5216,0.5216,0.5216,0.5216,,-,594.0,,27882.0,776.0
173887,2008,53133.0,192.0,58.0,0.4991,0.4991,0.4991,0.4991,,-,645.0,31.0,29225.0,800.0
173887,2009,57163.0,208.0,73.0,0.5133,0.5133,0.5133,0.5133,,-,382.0,227.0,31153.0,745.0
173887,2010,58588.0,247.0,63.0,0.5704,0.5704,0.5704,0.5704,,-,386.0,211.0,32239.0,810.0
173887,2011,58667.0,230.0,81.0,0.5533,0.5533,0.5533,0.5533,,-,339.0,245.0,24312.0,724.0
173887,2012,51526.0,284.0,105.0,0.7837,0.7837,0.7837,0.7837,,-,265.0,194.0,23969.0,713.0
173887,2013,41563.0,227.0,101.0,0.8012,0.8012,0.8012,0.8012,,-,205.0,173.0,23549.0,661.0
173887,2014,33199.0,201.0,67.0,0.8476,0.8476,0.8476,0.8476,,-,138.0,119.0,22930.0,614.0
173887,2015,26843.0,151.0,47.0,0.7801,0.7801,0.7801,0.7801,,-,120.0,91.0,22736.0,545.0
173887,2017,9871.0,140.0,46.0,1.9816,1.9816,1.9816,1.9816,,-,,,,
173902,1998,54409.0,388.0,0.0,0.8557,0.8663,0.8685,0.874,1.0431,o,,,,
173902,1999,55634.0,389.0,0.0,0.8391,0.8466,0.8482,0.8522,1.0315,o,,,,
173902,2000,56189.0,426.0,0.0,0.9098,0.9089,0.9088,0.9083,0.9968,o,,,,
173902,2001,55798.0,403.0,0.0,0.8667,0.8589,0.8573,0.8533,0.9692,o,,,,
173902,2002,56889.0,406.0,0.0,0.8564,0.8676,0.8699,0.8758,1.0458,o,441.0,,38940.0,
173902,2003,57152.0,426.0,0.0,0.8945,0.9003,0.9015,0.9046,1.0227,o,513.0,,40397.0,708.0
173902,2004,58899.0,428.0,0.0,0.872,0.8829,0.8852,0.8909,1.0438,o,486.0,,41605.0,723.0
173902,2005,58742.0,460.0,0.0,0.9397,0.9509,0.9532,0.9591,1.0417,o,491.0,,43146.0,745.0
173902,2006,57490.0,413.0,0.0,0.8621,0.8702,0.8718,0.8761,1.0328,o,501.0,22.0,44626.0,777.0
173902,2007,59724.0,450.0,0.0,0.9042,0.9145,0.9166,0.922,1.0398,o,485.0,24.0,46686.0,843.0
173902,2008,59980.0,446.0,0.0,0.8923,0.8889,0.8882,0.8865,0.987,o,479.0,16.0,49305.0,857.0
173902,2009,59700.0,439.0,0.0,0.8824,0.879,0.8783,0.8765,0.9867,o,565.0,20.0,52522.0,914.0
173902,2010,63214.0,468.0,0.0,0.8884,0.9017,0.9044,0.9114,1.0524,o,515.0,27.0,54570.0,908.0
173902,2011,63911.0,462.0,0.0,0.8675,0.8907,0.8955,0.9079,1.0953,o,478.0,19.0,55902.0,892.0
173902,2012,63741.0,438.0,0.0,0.8246,0.8317,0.8332,0.8369,1.0301,o,534.0,13.0,57174.0,907.0
173902,2013,65214.0,536.0,0.0,0.9863,0.9774,0.9756,0.9711,0.9693,o,555.0,13.0,58408.0,880.0
173902,2014,64479.0,463.0,0.0,0.8617,0.8638,0.8642,0.8653,1.0083,o,541.0,18.0,59757.0,929.0
173902,2015,64125.0,455.0,0.0,0.8515,0.8762,0.8814,0.8945,1.1037,o,583.0,6.0,61612.0,956.0
173902,2016,67939.0,488.0,0.0,0.8619,0.8886,0.8942,0.9084,1.1107,o,506.0,16.0,63379.0,966.0
173902,2017,67049.0,517.0,0.0,0.9253,0.9253,0.9253,0.9253,1.0,o,543.0,5.0,64554.0,981.0
173902,2018,65981.0,515.0,0.0,0.9366,0.9248,0.9224,0.9163,0.9571,o,621.0,2.0,65384.0,965.0
173902,2019,67192.0,532.0,0.0,0.9501,0.9598,0.9618,0.9669,1.0356,o,502.0,12.0,66311.0,1001.0
173902,2020,64306.0,459.0,0.0,0.8565,0.8642,0.8658,0.8698,1.0312,o,547.0,19.0,67660.0,1019.0
173902,2021,68953.0,447.0,0.0,0.7779,0.7779,0.7779,0.7779,1.0,o,601.0,4.0,68257.0,879.0
173902,2022,70472.0,543.0,0.0,0.9246,0.9209,0.9202,0.9182,0.9863,o,552.0,7.0,66391.0,903.0
173902,2023,66583.0,511.0,0.0,0.921,0.928,0.9295,0.9332,1.0267,o,518.0,10.0,64697.0,904.0
173902,2024,65815.0,513.0,0.0,0.9353,0.9407,0.9419,0.9447,1.02,o,560.0,19.0,64908.0,895.0
173911,1998,45804.0,0.0,150.0,0.1965,0.1923,0.1818,0.1773,0.7324,i,,,,
173911,2000,74820.0,0.0,186.0,0.1492,0.1472,0.1424,0.1403,0.8305,o,,,,
173911,2001,76560.0,0.0,198.0,0.1552,0.1565,0.1599,0.1614,1.1269,o,,,,
173911,2002,75930.0,0.0,295.0,0.2331,0.2321,0.2295,0.2283,0.9393,o,808.0,,4552.0,
173911,2003,81450.0,0.0,357.0,0.263,0.2601,0.253,0.2499,0.8564,o,743.0,,4821.0,142.0
173911,2004,78651.0,0.0,366.0,0.2792,0.2769,0.271,0.2684,0.8877,o,747.0,,5249.0,150.0
173911,2005,75413.0,0.0,369.0,0.2936,0.2928,0.2908,0.29,0.9632,o,832.0,,5687.0,143.0
173911,2006,67142.0,0.0,354.0,0.3163,0.3188,0.3252,0.3281,1.1168,o,614.0,,5949.0,183.0
173911,2007,70312.0,0.0,306.0,0.2611,0.2566,0.2452,0.2403,0.7777,o,682.0,369.0,6387.0,190.0
173911,2008,75132.0,0.0,317.0,0.2532,0.2521,0.2495,0.2483,0.9433,o,677.0,371.0,6491.0,180.0
173911,2009,81416.0,0.0,382.0,0.2815,0.2824,0.2846,0.2856,1.0448,o,677.0,475.0,6496.0,184.0
173911,2010,89680.0,0.0,383.0,0.2562,0.2562,0.256,0.2559,0.9963,o,640.0,499.0,6714.0,163.0
173911,2011,92964.0,0.0,456.0,0.2943,0.2932,0.2902,0.2889,0.9453,o,525.0,463.0,6854.0,157.0
173911,2012,87362.0,0.0,487.0,0.3345,0.3292,0.3161,0.3104,0.7973,o,528.0,405.0,7033.0,163.0
173911,2013,81780.0,0.0,488.0,0.358,0.3556,0.3493,0.3466,0.9064,o,513.0,381.0,7159.0,161.0
173911,2014,76204.0,0.0,529.0,0.4165,0.4158,0.4138,0.413,0.9744,o,584.0,373.0,7070.0,153.0
173911,2015,74709.0,0.0,479.0,0.3847,0.3878,0.3959,0.3996,1.122,o,470.0,340.0,7021.0,148.0
173911,2016,66363.0,0.0,440.0,0.3978,0.3935,0.3827,0.378,0.8569,o,541.0,336.0,6974.0,156.0
173911,2017,64770.0,0.0,441.0,0.4085,0.4093,0.4112,0.4121,1.0266,o,519.0,379.0,6844.0,155.0
173911,2018,64220.0,0.0,443.0,0.4139,0.4147,0.4166,0.4175,1.0267,o,459.0,407.0,6751.0,148.0
173911,2019,64130.0,0.0,439.0,0.4107,0.4066,0.3962,0.3917,0.866,o,429.0,415.0,6700.0,152.0
173911,2020,62844.0,0.0,399.0,0.3809,0.3775,0.3687,0.3648,0.8773,o,411.0,366.0,6600.0,161.0
173911,2021,57870.0,0.0,385.0,0.3992,0.397,0.3915,0.3891,0.9257,o,362.0,353.0,6409.0,170.0
173911,2022,53557.0,0.0,370.0,0.4145,0.4102,0.3994,0.3947,0.8619,o,419.0,357.0,6545.0,147.0
173911,2023,55050.0,0.0,375.0,0.4087,0.411,0.4171,0.4198,1.0841,o,384.0,298.0,6362.0,157.0
173911,2024,55798.0,0.0,442.0,0.4753,0.4747,0.4733,0.4727,0.9834,o,519.0,294.0,6146.0,165.0
173920,1998,254421.0,2018.0,73.0,0.969,0.9775,0.9814,0.9867,1.0369,o,,,,
173920,1999,296346.0,1616.0,58.0,0.6661,0.6799,0.6863,0.6951,1.089,o,,,,
173920,2000,310128.0,1598.0,51.0,0.6282,0.6548,0.6673,0.6849,1.1885,o,,,,
173920,2001,324869.0,1616.0,48.0,0.6058,0.6398,0.6561,0.6789,1.2559,o,,,,
173920,2002,341191.0,1669.0,54.0,0.5965,0.6217,0.6337,0.6503,1.1885,o,2083.0,,5283.0,
173920,2003,361203.0,1832.0,52.0,0.6173,0.6302,0.6362,0.6445,1.0902,o,2304.0,,6765.0,209.0
173920,2004,362641.0,1939.0,68.0,0.6529,0.6625,0.667,0.6731,1.063,o,2168.0,,7473.0,229.0
173920,2005,362017.0,1967.0,121.0,0.6721,0.6794,0.6828,0.6875,1.0463,o,2257.0,,8190.0,232.0
173920,2006,362550.0,2120.0,99.0,0.7181,0.7243,0.7272,0.7312,1.0368,o,2163.0,976.0,8417.0,246.0
173920,2007,360316.0,2119.0,54.0,0.7147,0.716,0.7166,0.7174,1.0075,o,2361.0,1011.0,8832.0,251.0
173920,2008,371335.0,2128.0,45.0,0.695,0.6969,0.6978,0.699,1.0116,o,2383.0,983.0,8853.0,244.0
173920,2009,371920.0,2089.0,42.0,0.6808,0.6923,0.6976,0.7049,1.0721,o,2287.0,1020.0,9011.0,246.0
173920,2010,372938.0,2178.0,58.0,0.7101,0.7196,0.724,0.73,1.0566,o,2426.0,1210.0,9190.0,225.0
173920,2011,383474.0,2149.0,48.0,0.68,0.6867,0.6898,0.6941,1.0418,o,2537.0,1256.0,9388.0,232.0
173920,2012,385723.0,2367.0,56.0,0.7451,0.7532,0.757,0.7621,1.0462,o,2309.0,1153.0,9726.0,236.0
173920,2013,380126.0,2381.0,45.0,0.7587,0.7655,0.7686,0.7729,1.0377,o,2452.0,1091.0,10067.0,251.0
173920,2014,378879.0,2386.0,75.0,0.7676,0.7694,0.7703,0.7715,1.0102,o,2287.0,1099.0,9949.0,249.0
173920,2015,367508.0,2424.0,247.0,0.8318,0.8226,0.8185,0.8128,0.9549,o,2400.0,1078.0,9888.0,258.0
173920,2016,364887.0,2403.0,104.0,0.8074,0.8009,0.798,0.794,0.9672,o,2433.0,1072.0,10159.0,271.0
173920,2017,361979.0,2378.0,134.0,0.8105,0.8135,0.8148,0.8167,1.0151,o,2267.0,1020.0,10017.0,274.0
173920,2018,356500.0,2528.0,128.0,0.8725,0.8708,0.87,0.8689,0.9918,o,2390.0,948.0,10175.0,290.0
173920,2019,350145.0,2416.0,85.0,0.8426,0.8413,0.8407,0.8399,0.9936,o,2281.0,931.0,9986.0,296.0
173920,2020,348861.0,2390.0,65.0,0.8333,0.8265,0.8234,0.8192,0.9665,o,2284.0,1109.0,10142.0,316.0
173920,2021,354282.0,2451.0,63.0,0.8409,0.835,0.8323,0.8287,0.9713,o,2112.0,1081.0,9999.0,314.0
173920,2022,341257.0,2556.0,53.0,0.9081,0.8956,0.89,0.8823,0.944,o,2307.0,1030.0,10034.0,306.0
173920,2023,341053.0,2626.0,71.0,0.9365,0.9241,0.9185,0.9108,0.946,o,2411.0,1014.0,9776.0,311.0
173920,2024,346557.0,2554.0,76.0,0.8975,0.9046,0.9079,0.9124,1.0335,o,2360.0,1209.0,9490.0,289.0
173957,2018,6390.0,0.0,0.0,0.0,0.0,0.0,0.0,,n,,152.0,,503.0
173957,2019,6410.0,0.0,0.0,0.0,0.0,0.0,0.0,,n,36.0,157.0,,484.0
173957,2020,7018.0,0.0,0.0,0.0,0.0,0.0,0.0,,n,36.0,166.0,6968.0,382.0
173957,2021,8550.0,0.0,0.0,0.0,0.0,0.0,0.0,,n,22.0,168.0,8509.0,338.0
173957,2022,9750.0,0.0,0.0,0.0,0.0,0.0,0.0,,n,30.0,125.0,3557.0,335.0
173957,2023,10830.0,0.0,0.0,0.0,0.0,0.0,0.0,,n,45.0,153.0,3309.0,327.0
173957,2024,14040.0,0.0,0.0,0.0,0.0,0.0,0.0,1.0417,o,55.0,143.0,3257.0,284.0
173966,1998,3150.0,0.0,0.0,0.0,0.0,0.0,0.0,0.8494,o,,,,
173966,1999,3420.0,0.0,0.0,0.0,0.0,0.0,0.0,1.0068,o,,,,
173966,2004,6750.0,0.0,0.0,0.0,0.0,0.0,0.0,,n,,,,628.0
173966,2005,7410.0,0.0,0.0,0.0,0.0,0.0,0.0,,n,,,,427.0
173966,2007,3600.0,0.0,0.0,0.0,0.0,0.0,0.0,,n,,,,330.0
173966,2008,3630.0,0.0,0.0,0.0,0.0,0.0,0.0,,n,,,,359.0
173966,2010,3080.0,0.0,0.0,0.0,0.0,0.0,0.0,,n,,,,480.0
173966,2011,3190.0,0.0,0.0,0.0,0.0,0.0,0.0,,n,,,,521.0
173966,2012,2800.0,0.0,0.0,0.0,0.0,0.0,0.0,,n,,,,520.0
173966,2013,2520.0,0.0,0.0,0.0,0.0,0.0,0.0,,n,,,,582.0
173966,2014,5210.0,0.0,0.0,0.0,0.0,0.0,0.0,,n,,,,568.0
173966,2015,5856.0,0.0,0.0,0.0,0.0,0.0,0.0,,n,,65.0,,499.0
173966,2016,6744.0,0.0,0.0,0.0,0.0,0.0,0.0,,n,,68.0,,536.0
173966,2017,7380.0,0.0,0.0,0.0,0.0,0.0,0.0,,n,,111.0,,562.0
173984,1998,18000.0,0.0,176.0,0.5867,0.5867,0.5867,0.5867,,-,,,,
173984,1999,15372.0,0.0,165.0,0.644,0.644,0.644,0.644,,-,,,,
173984,2001,27494.0,0.0,181.0,0.395,0.395,0.395,0.395,,-,,,,
173984,2002,26878.0,0.0,193.0,0.4308,0.4308,0.4308,0.4308,,-,207.0,,,
173984,2003,36739.0,0.0,77.0,0.1258,0.1258,0.1258,0.1258,,-,79.0,,17588.0,456.0
173984,2004,42426.0,4.0,138.0,0.2065,0.2065,0.2065,0.2065,,-,338.0,,21512.0,458.0
173984,2005,48570.0,10.0,237.0,0.3175,0.3175,0.3175,0.3175,,-,106.0,,22019.0,459.0
173984,2006,49033.0,18.0,304.0,0.416,0.416,0.416,0.416,,-,143.0,,22062.0,494.0
173984,2007,28732.0,21.0,329.0,0.7747,0.7747,0.7747,0.7747,,-,149.0,497.0,22383.0,800.0
173984,2008,33273.0,20.0,305.0,0.6221,0.6221,0.6221,0.6221,,-,112.0,1.0,24514.0,741.0
173984,2009,36392.0,26.0,304.0,0.5869,0.5869,0.5869,0.5869,,-,305.0,,25398.0,677.0
173984,2010,41447.0,15.0,299.0,0.4763,0.4763,0.4763,0.4763,,-,223.0,296.0,26777.0,681.0
173984,2012,33834.0,47.0,358.0,0.8016,0.8016,0.8016,0.8016,,-,89.0,203.0,17160.0,746.0
173984,2013,27817.0,31.0,281.0,0.7398,0.7398,0.7398,0.7398,,-,100.0,232.0,16957.0,716.0
173984,2014,26601.0,57.0,269.0,0.8639,0.8639,0.8639,0.8639,,-,70.0,228.0,17989.0,633.0
173984,2015,25401.0,39.0,243.0,0.7582,0.7582,0.7582,0.7582,,-,71.0,180.0,17837.0,616.0
173984,2016,24209.0,25.0,229.0,0.6915,0.6915,0.6915,0.6915,,-,71.0,206.0,17580.0,554.0
173984,2017,26042.0,30.0,224.0,0.6543,0.6543,0.6543,0.6543,,-,88.0,191.0,16766.0,543.0
173984,2018,24474.0,32.0,265.0,0.8066,0.8066,0.8066,0.8066,,-,,,16747.0,
173993,2000,35856.0,0.0,156.0,0.261,0.261,0.261,0.261,,n,,,,
173993,2001,34080.0,0.0,155.0,0.2729,0.2729,0.2729,0.2729,,n,,,,
173993,2002,41160.0,0.0,163.0,0.2376,0.2376,0.2376,0.2376,,n,426.0,,4895.0,
173993,2003,39360.0,0.0,162.0,0.247,0.2435,0.235,0.2313,0.82,o,433.0,,5312.0,130.0
173993,2004,37334.0,0.0,157.0,0.2523,0.2507,0.2465,0.2446,0.9106,o,373.0,,5701.0,143.0
173993,2005,34520.0,0.0,140.0,0.2433,0.2409,0.2349,0.2323,0.8685,o,362.0,,6260.0,117.0
173993,2006,32072.0,0.0,141.0,0.2638,0.2618,0.2568,0.2546,0.8983,o,286.0,,6276.0,121.0
173993,2007,33164.0,0.0,172.0,0.3112,0.3058,0.2923,0.2865,0.7782,o,324.0,105.0,6431.0,123.0
173993,2008,34441.0,0.0,184.0,0.3205,0.3205,0.3205,0.3205,1.0,o,348.0,109.0,6357.0,134.0
173993,2009,35833.0,0.0,165.0,0.2763,0.2788,0.2855,0.2886,1.141,o,338.0,151.0,6447.0,131.0
173993,2010,35575.0,0.0,187.0,0.3154,0.3155,0.3159,0.316,1.006,o,274.0,129.0,6616.0,115.0
173993,2011,36516.0,0.0,151.0,0.2481,0.2442,0.2346,0.2304,0.7988,o,263.0,104.0,6762.0,108.0
173993,2012,33840.0,0.0,171.0,0.3032,0.3,0.2919,0.2884,0.8595,o,264.0,140.0,6953.0,121.0
173993,2013,32582.0,0.0,161.0,0.2965,0.2961,0.2952,0.2948,0.9832,o,227.0,158.0,7076.0,94.0
173993,2014,31290.0,0.0,152.0,0.2915,0.2884,0.2808,0.2775,0.8615,o,193.0,166.0,6969.0,108.0
173993,2015,26912.0,0.0,164.0,0.3656,0.3595,0.3443,0.3377,0.7862,o,185.0,147.0,6910.0,95.0
173993,2016,26179.0,0.0,167.0,0.3827,0.3794,0.3708,0.3671,0.881,o,147.0,144.0,6885.0,107.0
173993,2017,24875.0,0.0,150.0,0.3618,0.3555,0.3398,0.333,0.7778,o,214.0,113.0,6709.0,109.0
173993,2018,23911.0,0.0,120.0,0.3011,0.3065,0.3209,0.3274,1.2892,o,172.0,120.0,6641.0,107.0
173993,2019,24304.0,0.0,123.0,0.3037,0.3026,0.3,0.2989,0.9529,o,164.0,169.0,6502.0,110.0
173993,2020,22659.0,0.0,135.0,0.3575,0.3534,0.3432,0.3388,0.8497,o,167.0,102.0,6571.0,127.0
173993,2021,19549.0,0.0,129.0,0.3959,0.3958,0.3953,0.3951,0.994,o,173.0,94.0,6466.0,122.0
174020,1998,67860.0,881.0,0.0,1.5579,1.5276,1.5139,1.4954,0.9213,o,,,,
174020,1999,89076.0,887.0,0.0,1.1949,1.1553,1.1375,1.1138,0.8688,o,,,,
174020,2000,95908.0,825.0,0.0,1.0322,1.1245,1.1695,1.2338,1.4286,o,,,,
174020,2001,99258.0,858.0,0.0,1.0373,0.9725,0.9441,0.9068,0.7642,o,,,,
174020,2002,114827.0,912.0,0.0,0.9531,0.8702,0.8347,0.7886,0.6846,o,113.0,,5389.0,
174020,2003,124736.0,1034.0,0.0,0.9947,0.9795,0.9725,0.9632,0.9375,o,85.0,,5706.0,176.0
174020,2004,126584.0,1018.0,0.0,0.9651,0.9771,0.9827,0.9904,1.0532,o,94.0,,6388.0,204.0
174020,2005,124955.0,1157.0,0.0,1.1111,1.0768,1.0614,1.0408,0.8775,o,83.0,,7069.0,207.0
174020,2006,119626.0,1107.0,0.0,1.1105,1.0483,1.021,0.9849,0.7867,o,52.0,,7293.0,217.0
174020,2007,120517.0,1299.0,0.0,1.2934,1.1798,1.1312,1.068,0.6818,o,82.0,1106.0,7686.0,237.0
174020,2008,130486.0,1309.0,0.0,1.2038,1.123,1.0878,1.0416,0.7486,o,74.0,1169.0,7700.0,226.0
174020,2009,137813.0,1348.0,0.0,1.1738,1.1387,1.123,1.1019,0.8814,o,80.0,821.0,7875.0,231.0
174020,2010,144177.0,1505.0,0.0,1.2526,1.2928,1.3117,1.3379,1.1407,o,43.0,1082.0,8044.0,235.0
174020,2011,157287.0,1752.0,0.0,1.3367,1.3095,1.2972,1.2806,0.9179,o,72.0,1841.0,8268.0,222.0
174020,2012,163949.0,1784.0,0.0,1.3058,1.2136,1.1736,1.1211,0.7372,o,93.0,1860.0,8628.0,217.0
174020,2013,168593.0,1899.0,0.0,1.3517,1.3742,1.3847,1.3991,1.0714,o,100.0,1811.0,8879.0,220.0
174020,2014,167479.0,1838.0,0.0,1.3169,1.4673,1.5419,1.6497,1.5691,o,95.0,1739.0,8745.0,212.0
174020,2015,165269.0,1838.0,0.0,1.3346,1.5149,1.6055,1.7378,1.6957,o,114.0,1827.0,8671.0,210.0
174020,2016,164105.0,1924.0,0.0,1.4069,1.489,1.5283,1.5834,1.2667,o,134.0,1820.0,9809.0,218.0
174020,2017,167092.0,2038.0,0.0,1.4636,1.5544,1.5979,1.6591,1.285,o,126.0,1713.0,9645.0,218.0
174020,2018,162954.0,2064.0,0.0,1.5199,1.6286,1.6809,1.7551,1.3333,o,176.0,1704.0,9794.0,218.0
174020,2019,160016.0,1919.0,0.0,1.4391,1.572,1.637,1.7299,1.445,o,181.0,1579.0,9614.0,210.0
174020,2020,156113.0,1856.0,0.0,1.4267,1.557,1.6207,1.7117,1.4395,o,150.0,1454.0,9753.0,213.0
174020,2021,151879.0,1892.0,0.0,1.4949,1.5841,1.6267,1.6867,1.2731,o,130.0,1289.0,9629.0,204.0
174020,2022,137481.0,1702.0,0.0,1.4856,1.4589,1.4468,1.4305,0.9272,o,135.0,1182.0,10307.0,182.0
174020,2023,126755.0,1531.0,0.0,1.4494,1.3494,1.3059,1.2488,0.7423,o,154.0,1253.0,10024.0,197.0
174020,2024,127101.0,1451.0,0.0,1.3699,1.326,1.3064,1.2801,0.8731,o,273.0,1668.0,9780.0,173.0
174066,1998,778863.0,4976.0,2.0,0.7668,0.7864,0.7956,0.8083,1.1111,o,,,,
174066,1999,1234528.0,5131.0,0.0,0.4987,0.5136,0.5206,0.5303,1.1304,o,,,,
174066,2000,787756.0,4880.0,0.0,0.7434,0.7982,0.8247,0.8622,1.3453,o,,,,
174066,2001,770873.0,4786.0,0.0,0.745,0.8268,0.8673,0.9256,1.5436,o,,,,
174066,2002,845740.0,5322.0,0.0,0.7551,0.8285,0.8645,0.9162,1.472,o,5188.0,,9590.0,
174066,2003,964571.0,5564.0,0.0,0.6922,0.7236,0.7385,0.7592,1.203,o,5186.0,,10672.0,408.0
174066,2004,985253.0,6049.0,0.0,0.7367,0.7415,0.7437,0.7467,1.0273,o,5588.0,,11801.0,452.0
174066,2005,1000765.0,6088.0,0.0,0.73,0.7379,0.7416,0.7466,1.0459,o,5305.0,,13247.0,508.0
174066,2006,1001012.0,6319.0,0.0,0.7575,0.7637,0.7665,0.7704,1.0343,o,5439.0,1839.0,13434.0,535.0
174066,2007,992991.0,6618.0,0.0,0.7998,0.8065,0.8096,0.8139,1.0357,o,5280.0,2164.0,13873.0,529.0
174066,2008,953830.0,6650.0,0.0,0.8366,0.8356,0.8351,0.8345,0.9949,o,5106.0,1843.0,14045.0,539.0
174066,2009,961425.0,6686.0,0.0,0.8345,0.825,0.8207,0.8149,0.9535,o,5400.0,2508.0,15476.0,487.0
174066,2010,1052589.0,6942.0,0.0,0.7914,0.7872,0.7852,0.7826,0.9778,o,5323.0,2220.0,16391.0,473.0
174066,2011,1064564.0,7031.0,0.0,0.7925,0.7926,0.7927,0.7927,1.0004,o,5368.0,2046.0,17153.0,511.0
174066,2012,1055471.0,7617.0,0.0,0.866,0.872,0.8748,0.8786,1.0294,o,5514.0,2337.0,17718.0,492.0
174066,2013,1055560.0,7559.0,0.0,0.8593,0.8666,0.87,0.8746,1.0358,o,5544.0,2525.0,17992.0,493.0
174066,2014,1048917.0,7594.0,0.0,0.8688,0.8752,0.8782,0.8822,1.0312,o,5530.0,2357.0,17846.0,499.0
174066,2015,1047842.0,7553.0,0.0,0.865,0.8723,0.8757,0.8803,1.0358,o,5771.0,2352.0,17702.0,556.0
174066,2016,1043643.0,7687.0,0.0,0.8839,0.8919,0.8956,0.9007,1.0385,o,5880.0,2497.0,17878.0,562.0
174066,2017,1047768.0,7807.0,0.0,0.8941,0.9054,0.9106,0.9178,1.0536,o,6195.0,2459.0,18028.0,568.0
174066,2018,1065126.0,7811.0,0.0,0.88,0.8985,0.9071,0.9189,1.0904,o,5977.0,2296.0,17967.0,567.0
174066,2019,1062014.0,8030.0,0.0,0.9073,0.9236,0.9312,0.9416,1.0771,o,6278.0,2124.0,18010.0,576.0
174066,2020,1048100.0,8056.0,0.0,0.9224,0.9336,0.9388,0.946,1.0518,o,5966.0,1948.0,18062.0,583.0
174066,2021,1013717.0,8470.0,0.0,1.0026,1.006,1.0075,1.0096,1.014,o,6883.0,1900.0,17540.0,543.0
174066,2022,994694.0,7624.0,0.0,0.9198,0.9318,0.9374,0.945,1.0556,o,6741.0,1801.0,16734.0,515.0
174066,2023,992638.0,7640.0,0.0,0.9236,0.9474,0.9585,0.9738,1.1117,o,6740.0,1708.0,16416.0,509.0
174066,2024,1002655.0,7215.0,0.0,0.8635,0.8837,0.8931,0.9061,1.101,o,7405.0,1888.0,16488.0,495.0
174075,1998,39128.0,137.0,54.0,0.503,0.4936,0.4893,0.4836,0.9244,o,,,,
174075,1999,61404.0,156.0,60.0,0.3635,0.3569,0.3539,0.3499,0.9265,o,,,,
174075,2000,44142.0,127.0,26.0,0.3806,0.3854,0.3876,0.3906,1.0533,o,,,,
174075,2001,46022.0,164.0,30.0,0.4667,0.5007,0.517,0.5402,1.3396,o,,,,
174075,2002,43945.0,204.0,34.0,0.6035,0.6465,0.6673,0.6966,1.3326,o,276.0,,9745.0,
174075,2003,42907.0,177.0,24.0,0.5286,0.5312,0.5324,0.534,1.0206,o,247.0,,10363.0,118.0
174075,2004,40912.0,203.0,23.0,0.6292,0.5996,0.5866,0.5692,0.8185,o,215.0,,9073.0,168.0
174075,2005,36732.0,203.0,21.0,0.6975,0.6538,0.6347,0.6095,0.7636,o,198.0,,12244.0,204.0
174075,2006,36173.0,222.0,29.0,0.7846,0.734,0.712,0.683,0.7578,o,216.0,161.0,12616.0,198.0
174075,2007,39365.0,205.0,12.0,0.6432,0.6081,0.5927,0.5723,0.7916,o,241.0,132.0,12958.0,188.0
174075,2008,41922.0,209.0,20.0,0.6269,0.6252,0.6245,0.6235,0.9892,o,276.0,101.0,12908.0,212.0
174075,2009,43500.0,239.0,14.0,0.6786,0.7162,0.7341,0.7593,1.2518,o,285.0,166.0,13533.0,230.0
174075,2010,45892.0,191.0,7.0,0.5086,0.5471,0.5657,0.592,1.3551,o,269.0,179.0,14278.0,191.0
174075,2011,50835.0,271.0,2.0,0.6421,0.6724,0.6868,0.7069,1.2123,o,268.0,227.0,14829.0,215.0
174075,2012,54487.0,314.0,4.0,0.6959,0.7023,0.7053,0.7093,1.0387,o,241.0,270.0,15099.0,242.0
174075,2013,58010.0,350.0,0.0,0.724,0.7073,0.6998,0.6896,0.9073,o,213.0,242.0,15314.0,251.0
174075,2014,56291.0,428.0,0.0,0.9124,0.8698,0.851,0.826,0.8195,o,274.0,264.0,15072.0,265.0
174075,2015,56978.0,401.0,0.0,0.8445,0.825,0.8161,0.8043,0.9069,o,239.0,278.0,14971.0,271.0
174075,2016,55965.0,426.0,0.0,0.9134,0.9151,0.9159,0.917,1.0079,o,209.0,232.0,15098.0,275.0
174075,2017,54491.0,420.0,0.0,0.9249,0.922,0.9206,0.9188,0.9868,o,196.0,274.0,14915.0,266.0
174075,2018,53813.0,406.0,0.0,0.9054,0.8662,0.8488,0.8256,0.8316,o,228.0,269.0,14723.0,253.0
174075,2019,54917.0,407.0,0.0,0.8893,0.8496,0.832,0.8085,0.8265,o,214.0,237.0,14425.0,271.0
174075,2020,52806.0,443.0,0.0,1.0067,1.0035,1.002,0.9999,0.9866,o,200.0,232.0,14563.0,229.0
174075,2021,50368.0,418.0,0.0,0.9959,1.0011,1.0036,1.0069,1.0222,o,168.0,190.0,14023.0,253.0
174075,2022,46295.0,394.0,0.0,1.0213,0.9871,0.9719,0.9514,0.8679,o,195.0,211.0,13728.0,179.0
174075,2023,45999.0,359.0,0.0,0.9365,0.8933,0.8742,0.8487,0.8213,o,246.0,243.0,13467.0,185.0
174075,2024,50926.0,333.0,0.0,0.7847,0.7967,0.8022,0.8099,1.0652,o,259.0,248.0,13120.0,186.0
174127,1998,15345.0,81.0,0.0,0.6334,0.7458,0.7714,0.8394,1.7562,o,,,,
174127,1999,15944.0,81.0,0.0,0.6096,0.7288,0.7563,0.8295,1.8512,o,,,,
174127,2001,16949.0,106.0,0.0,0.7505,0.672,0.6568,0.6204,0.6833,o,,,,
174127,2002,17068.0,110.0,0.0,0.7734,0.6795,0.6615,0.6186,0.6399,o,123.0,,34973.0,
174127,2003,17072.0,108.0,0.0,0.7591,0.7483,0.7461,0.7406,0.9518,o,117.0,,36197.0,961.0
174127,2004,17632.0,111.0,0.0,0.7554,0.8059,0.8168,0.8446,1.25,o,108.0,,38424.0,1021.0
174127,2005,19191.0,121.0,0.0,0.7566,0.784,0.7898,0.8045,1.1307,o,112.0,,38485.0,974.0
174127,2006,21416.0,134.0,0.0,0.7508,0.7538,0.7545,0.756,1.0138,o,140.0,60.0,39014.0,920.0
174127,2007,21357.0,163.0,0.0,0.9159,0.9289,0.9316,0.9385,1.05,o,146.0,72.0,39487.0,935.0
174127,2008,21300.0,148.0,0.0,0.8338,0.8939,0.9068,0.9401,1.2711,o,103.0,56.0,39802.0,988.0
174127,2009,20090.0,148.0,0.0,0.884,0.9163,0.9232,0.9405,1.1318,o,108.0,64.0,40862.0,1019.0
174127,2010,19264.0,136.0,0.0,0.8472,0.8047,0.7961,0.7752,0.8373,o,117.0,66.0,42456.0,1020.0
174127,2011,18243.0,135.0,0.0,0.888,0.8283,0.8165,0.7876,0.7867,o,81.0,35.0,41459.0,1016.0
174127,2012,17183.0,147.0,0.0,1.0266,0.9606,0.9475,0.9154,0.7952,o,120.0,72.0,41616.0,929.0
174127,2013,19053.0,150.0,0.0,0.9447,0.9315,0.9288,0.9221,0.9526,o,116.0,102.0,42309.0,860.0
174127,2014,20640.0,162.0,0.0,0.9419,0.955,0.9577,0.9646,1.0489,o,120.0,68.0,43118.0,892.0
174127,2015,18626.0,119.0,0.0,0.7667,0.8067,0.8153,0.837,1.1919,o,145.0,49.0,44576.0,895.0
174127,2016,19375.0,151.0,0.0,0.9352,1.0133,1.0302,1.0738,1.3184,o,163.0,55.0,45798.0,874.0
174127,2017,19919.0,139.0,0.0,0.8374,0.9046,0.9192,0.9566,1.3051,o,133.0,60.0,46591.0,863.0
174127,2018,19713.0,127.0,0.0,0.7731,0.8256,0.8369,0.8658,1.2542,o,174.0,41.0,47124.0,876.0
174127,2019,20637.0,154.0,0.0,0.8955,0.9345,0.9428,0.9638,1.1585,o,178.0,32.0,47734.0,864.0
174127,2020,20082.0,130.0,0.0,0.7768,0.8075,0.814,0.8305,1.1429,o,154.0,47.0,48554.0,853.0
174127,2021,18994.0,148.0,0.0,0.935,0.9667,0.9734,0.9903,1.1216,o,163.0,39.0,48783.0,801.0
174127,2022,19364.0,119.0,0.0,0.7375,0.7443,0.7458,0.7494,1.0326,o,160.0,46.0,45850.0,753.0
174127,2023,19965.0,125.0,0.0,0.7513,0.7328,0.729,0.7197,0.9176,o,169.0,37.0,44056.0,714.0
174127,2024,20046.0,136.0,0.0,0.8141,0.812,0.8115,0.8104,0.991,o,161.0,43.0,43824.0,688.0
174136,1998,130665.0,0.0,355.0,0.163,0.1537,0.1321,0.1235,0.4316,o,,,,
174136,1999,123712.0,0.0,330.0,0.16,0.1522,0.1337,0.1262,0.487,o,,,,
174136,2000,124800.0,0.0,325.0,0.1562,0.1674,0.1998,0.2162,2.6744,o,,,,
174136,2001,132960.0,0.0,337.0,0.1521,0.1534,0.157,0.1586,1.136,o,,,,
174136,2002,150810.0,0.0,357.0,0.142,0.1427,0.1443,0.145,1.0656,o,2075.0,,4781.0,
174136,2003,160740.0,0.0,459.0,0.1713,0.173,0.1775,0.1795,1.1509,o,1977.0,,5268.0,156.0
174136,2004,156589.0,0.0,412.0,0.1579,0.1576,0.1569,0.1566,0.9768,o,1753.0,,5748.0,169.0
174136,2005,150377.0,0.0,468.0,0.1867,0.1848,0.1801,0.178,0.8653,o,1753.0,,6253.0,151.0
174136,2006,159878.0,0.0,534.0,0.2004,0.1995,0.1973,0.1963,0.9399,o,1465.0,,6274.0,151.0
174136,2007,171194.0,0.0,627.0,0.2198,0.217,0.2101,0.2071,0.8357,o,1558.0,1422.0,6479.0,155.0
174136,2008,187572.0,0.0,641.0,0.205,0.2046,0.2034,0.2029,0.9683,o,1602.0,1547.0,6500.0,154.0
174136,2009,196133.0,0.0,699.0,0.2138,0.2147,0.217,0.218,1.0599,o,1776.0,1762.0,6521.0,154.0
174136,2010,222138.0,0.0,841.0,0.2272,0.229,0.2339,0.2361,1.1241,o,1621.0,1610.0,6983.0,126.0
174136,2011,219058.0,0.0,834.0,0.2284,0.2278,0.2261,0.2254,0.9597,o,1537.0,1252.0,6943.0,109.0
174136,2012,208894.0,0.0,925.0,0.2657,0.2638,0.2591,0.2571,0.9049,o,1473.0,1456.0,7064.0,101.0
174136,2013,201775.0,0.0,967.0,0.2875,0.2862,0.2826,0.281,0.9329,o,1269.0,1382.0,7133.0,100.0
174136,2014,194533.0,0.0,976.0,0.301,0.2975,0.2885,0.2846,0.8432,o,1249.0,1273.0,7044.0,95.0
174136,2015,180793.0,0.0,992.0,0.3292,0.3271,0.3216,0.3192,0.911,o,1130.0,1141.0,6984.0,99.0
174136,2016,169734.0,0.0,986.0,0.3485,0.3459,0.3393,0.3363,0.8975,o,1014.0,996.0,6957.0,104.0
174136,2017,152210.0,0.0,856.0,0.3374,0.3337,0.3242,0.3201,0.8525,o,957.0,965.0,6819.0,107.0
174136,2018,143773.0,0.0,813.0,0.3393,0.3366,0.3298,0.3268,0.8927,o,864.0,905.0,6725.0,103.0
174136,2019,138598.0,0.0,800.0,0.3463,0.3432,0.3351,0.3316,0.8767,o,912.0,983.0,6584.0,104.0
174136,2020,136095.0,0.0,691.0,0.3046,0.3047,0.3048,0.3048,1.0016,o,778.0,846.0,6665.0,109.0
174136,2021,126570.0,0.0,782.0,0.3707,0.3673,0.3586,0.3549,0.8761,o,710.0,810.0,6607.0,109.0
174136,2022,114557.0,0.0,940.0,0.4923,0.4864,0.4714,0.4648,0.8402,o,793.0,781.0,6479.0,108.0
174136,2023,116280.0,0.0,726.0,0.3746,0.3763,0.3806,0.3826,1.0659,o,986.0,731.0,6312.0,101.0
174136,2024,125013.0,0.0,784.0,0.3763,0.3835,0.4027,0.4116,1.312,o,1167.0,853.0,6128.0,101.0
174154,2001,3297.0,0.0,2.0,0.0364,0.0286,0.0273,0.0241,0.4379,o,,,,
174154,2002,14197.0,0.0,33.0,0.1395,0.1295,0.1275,0.1227,0.7744,o,87.0,,12749.0,
174154,2003,14442.0,0.0,34.0,0.1413,0.1415,0.1416,0.1417,1.0067,o,70.0,,13323.0,340.0
174154,2004,12796.0,0.0,58.0,0.272,0.2806,0.2824,0.287,1.1135,o,60.0,,16008.0,542.0
174154,2005,12246.0,5.0,48.0,0.2842,0.2861,0.2865,0.2875,1.0236,o,135.0,,16265.0,542.0
174154,2006,9060.0,4.0,41.0,0.3245,0.3495,0.3549,0.3688,1.2914,o,43.0,,16827.0,716.0
174154,2008,8602.0,1.0,81.0,0.5789,0.5136,0.501,0.4709,0.6615,o,44.0,72.0,19352.0,649.0
174154,2009,11818.0,1.0,56.0,0.2945,0.233,0.222,0.1967,0.4462,o,54.0,30.0,19789.0,466.0
174154,2010,11968.0,3.0,45.0,0.2557,0.215,0.2075,0.1897,0.5506,o,30.0,144.0,20728.0,620.0
174154,2011,15279.0,11.0,70.0,0.3613,0.3588,0.3583,0.3571,0.9767,o,24.0,28.0,15228.0,529.0
174154,2012,12821.0,7.0,59.0,0.3416,0.2975,0.2891,0.2691,0.6207,o,50.0,38.0,15021.0,500.0
174154,2013,12361.0,31.0,78.0,0.6796,0.6264,0.6159,0.5905,0.7551,o,9.0,15.0,14905.0,488.0
174154,2014,11734.0,33.0,44.0,0.5625,0.5077,0.497,0.4714,0.7024,o,22.0,49.0,14680.0,634.0
174154,2015,9513.0,34.0,70.0,0.8704,0.741,0.7167,0.6595,0.5741,o,15.0,44.0,16854.0,702.0
174154,2016,10175.0,34.0,67.0,0.7961,0.6511,0.6246,0.5629,0.5,o,33.0,54.0,16970.0,664.0
174154,2017,11580.0,22.0,37.0,0.4197,0.3953,0.3904,0.3785,0.8136,o,45.0,59.0,17069.0,550.0
174154,2018,14265.0,59.0,36.0,0.6477,0.8465,0.8947,1.0275,2.5161,o,36.0,70.0,17261.0,541.0
174154,2019,17796.0,77.0,29.0,0.617,0.7744,0.8117,0.9129,2.1892,o,10.0,95.0,17083.0,470.0
174154,2020,21635.0,104.0,26.0,0.6489,0.641,0.6394,0.6353,0.9583,o,78.0,69.0,17068.0,517.0
174154,2021,24317.0,143.0,39.0,0.8019,0.8305,0.8365,0.8518,1.1282,o,106.0,72.0,16575.0,507.0
174154,2022,27951.0,156.0,37.0,0.7492,0.9504,0.9984,1.1291,2.2716,o,136.0,36.0,15578.0,479.0
174154,2023,28509.0,172.0,50.0,0.8292,1.3421,1.4826,1.9019,5.2609,o,115.0,34.0,13198.0,486.0
174154,2024,26990.0,181.0,45.0,0.9048,1.2262,1.3057,1.5281,2.8523,o,62.0,97.0,13420.0,459.0
174206,1998,3677.0,14.0,20.0,0.7832,0.8274,0.8369,0.861,1.2083,o,,,,
174206,1999,3480.0,12.0,23.0,0.8103,0.8314,0.8359,0.847,1.0926,o,,,,
174206,2000,3299.0,13.0,18.0,0.8002,0.7599,0.7518,0.732,0.8367,o,,,,
174206,2001,3409.0,17.0,20.0,0.9504,0.9156,0.9086,0.8912,0.8793,o,,,,
174206,2002,2970.0,19.0,24.0,1.2525,1.2208,1.2143,1.1983,0.9153,o,27.0,,11346.0,
174206,2003,3065.0,14.0,21.0,0.9592,0.9918,0.9986,1.016,1.122,o,35.0,,11726.0,293.0
174206,2004,3934.0,18.0,12.0,0.7321,0.7747,0.7839,0.8072,1.2157,o,31.0,,12885.0,304.0
174206,2005,4166.0,11.0,14.0,0.5185,0.5496,0.5562,0.5732,1.2222,o,26.0,,13939.0,378.0
174206,2006,4979.0,16.0,8.0,0.482,0.5129,0.5196,0.5366,1.2391,o,19.0,13.0,14428.0,348.0
174206,2007,4391.0,33.0,4.0,0.9565,0.8716,0.855,0.8149,0.7258,o,42.0,19.0,16560.0,415.0
174206,2008,4924.0,31.0,10.0,0.8773,0.8575,0.8535,0.8434,0.9242,o,33.0,21.0,18013.0,455.0
174206,2009,4513.0,32.0,6.0,0.9306,1.0077,1.0245,1.0675,1.3158,o,48.0,25.0,19007.0,484.0
174206,2010,5147.0,18.0,4.0,0.4663,0.553,0.5728,0.6256,1.8,o,25.0,97.0,20427.0,464.0
174206,2011,4482.0,35.0,10.0,1.071,1.1282,1.1404,1.1716,1.1967,o,16.0,29.0,20583.0,481.0
174206,2012,4684.0,33.0,5.0,0.9095,0.7634,0.7362,0.6724,0.5467,o,27.0,24.0,20790.0,431.0
174206,2013,4152.0,34.0,5.0,1.0549,0.8779,0.8452,0.7686,0.5309,o,13.0,13.0,20426.0,440.0
174206,2014,2803.0,24.0,8.0,1.1987,1.0068,0.9711,0.8873,0.5479,o,24.0,21.0,20117.0,426.0
174206,2015,2858.0,15.0,2.0,0.6718,0.6521,0.6481,0.6382,0.9024,o,15.0,5.0,20339.0,409.0
174233,1998,217032.0,1147.0,0.0,0.6342,0.6361,0.6369,0.6381,1.0125,o,,,,
174233,1999,258780.0,1293.0,0.0,0.5996,0.6045,0.6068,0.6099,1.0347,o,,,,
174233,2000,222223.0,1215.0,0.0,0.6561,0.6857,0.6998,0.7194,1.2022,o,,,,
174233,2001,228849.0,1160.0,0.0,0.6083,0.6622,0.6885,0.7261,1.425,o,,,,
174233,2002,247161.0,1221.0,0.0,0.5928,0.6512,0.6798,0.7209,1.4789,o,2051.0,,9390.0,
174233,2003,261912.0,1387.0,0.0,0.6355,0.6637,0.677,0.6957,1.1984,o,2194.0,,10636.0,286.0
174233,2004,264566.0,1562.0,0.0,0.7085,0.7116,0.713,0.715,1.0185,o,2248.0,,11555.0,332.0
174233,2005,269651.0,1632.0,0.0,0.7263,0.7327,0.7356,0.7396,1.0371,o,2164.0,,12770.0,372.0
174233,2006,269110.0,1627.0,0.0,0.7255,0.734,0.7379,0.7432,1.0495,o,2315.0,438.0,13262.0,391.0
174233,2007,280717.0,1545.0,0.0,0.6605,0.669,0.673,0.6784,1.0551,o,2240.0,446.0,13675.0,394.0
174233,2008,282511.0,1769.0,0.0,0.7514,0.7559,0.758,0.7609,1.0254,o,2251.0,429.0,13306.0,375.0
174233,2009,288957.0,1783.0,0.0,0.7405,0.7436,0.7451,0.7471,1.0179,o,2118.0,477.0,14762.0,391.0
174233,2010,297242.0,1817.0,0.0,0.7335,0.7292,0.7272,0.7245,0.9754,o,2344.0,512.0,15730.0,332.0
174233,2011,308375.0,1943.0,0.0,0.7561,0.7524,0.7507,0.7483,0.9796,o,2105.0,544.0,16483.0,340.0
174233,2012,306162.0,2000.0,0.0,0.7839,0.7821,0.7813,0.7802,0.9906,o,1881.0,557.0,16989.0,364.0
174233,2013,295451.0,2094.0,0.0,0.8505,0.832,0.8236,0.8124,0.9123,o,2054.0,570.0,17091.0,369.0
174233,2014,287509.0,2047.0,0.0,0.8544,0.829,0.8176,0.8023,0.8819,o,2196.0,485.0,16872.0,366.0
174233,2015,284207.0,2007.0,0.0,0.8474,0.8382,0.8339,0.8282,0.9553,o,1997.0,498.0,16713.0,374.0
174233,2016,278879.0,1875.0,0.0,0.8068,0.8167,0.8212,0.8275,1.0519,o,2138.0,510.0,16960.0,380.0
174233,2017,282456.0,1902.0,0.0,0.8081,0.8177,0.8222,0.8283,1.0508,o,2275.0,475.0,16749.0,377.0
174233,2018,285688.0,2096.0,0.0,0.8804,0.8884,0.8921,0.8971,1.0384,o,2221.0,452.0,16630.0,367.0
174233,2019,283395.0,2026.0,0.0,0.8579,0.8724,0.8791,0.8883,1.0723,o,2043.0,407.0,16309.0,366.0
174233,2020,275203.0,2052.0,0.0,0.8948,0.9014,0.9044,0.9086,1.0312,o,1780.0,366.0,16443.0,347.0
174233,2021,257424.0,2091.0,0.0,0.9747,0.9417,0.927,0.9072,0.8663,o,2029.0,414.0,15846.0,338.0
174233,2022,246321.0,2051.0,0.0,0.9992,0.9602,0.9428,0.9197,0.8472,o,1980.0,341.0,15194.0,310.0
174233,2023,240887.0,1912.0,0.0,0.9525,0.9385,0.9321,0.9236,0.9402,o,1821.0,319.0,14623.0,319.0
174233,2024,234278.0,1781.0,0.0,0.9122,0.911,0.9104,0.9096,0.9942,o,1801.0,376.0,14318.0,304.0
174251,1998,58589.0,384.0,0.0,0.7865,0.7676,0.7591,0.7476,0.9035,o,,,,
174251,1999,58519.0,347.0,0.0,0.7116,0.7021,0.6978,0.6919,0.9456,o,,,,
174251,2000,56187.0,338.0,0.0,0.7219,0.7185,0.717,0.7149,0.9808,o,,,,
174251,2001,54128.0,315.0,0.0,0.6983,0.7042,0.7069,0.7107,1.0356,o,,,,
174251,2002,57698.0,304.0,0.0,0.6323,0.6436,0.6488,0.6561,1.0767,o,477.0,,10639.0,
174251,2003,57178.0,325.0,0.0,0.6821,0.6889,0.6921,0.6964,1.0425,o,412.0,,12157.0,196.0
174251,2004,55785.0,350.0,0.0,0.7529,0.7446,0.7408,0.7357,0.9549,o,387.0,,13250.0,261.0
174251,2005,53368.0,348.0,0.0,0.7825,0.7499,0.7354,0.7161,0.8375,o,358.0,,14576.0,292.0
174251,2006,49704.0,374.0,0.0,0.9029,0.8503,0.8272,0.7967,0.7785,o,380.0,110.0,15146.0,305.0
174251,2007,50316.0,311.0,0.0,0.7417,0.7093,0.6949,0.6758,0.8301,o,363.0,108.0,15595.0,301.0
174251,2008,49823.0,356.0,0.0,0.8574,0.8426,0.8359,0.8268,0.9299,o,374.0,79.0,13654.0,259.0
174251,2009,47324.0,303.0,0.0,0.7683,0.7663,0.7654,0.7642,0.9893,o,405.0,103.0,14397.0,265.0
174251,2010,50161.0,296.0,0.0,0.7081,0.7174,0.7216,0.7275,1.0556,o,419.0,132.0,15318.0,197.0
174251,2011,52466.0,280.0,0.0,0.6404,0.6565,0.664,0.6744,1.109,o,465.0,126.0,16098.0,200.0
174251,2012,56306.0,342.0,0.0,0.7289,0.7614,0.7768,0.7983,1.1995,o,413.0,116.0,16451.0,236.0
174251,2013,55550.0,343.0,0.0,0.741,0.7625,0.7726,0.7866,1.1271,o,469.0,100.0,16775.0,251.0
174251,2014,57220.0,372.0,0.0,0.7801,0.793,0.7989,0.8071,1.0704,o,413.0,122.0,16568.0,231.0
174251,2015,53927.0,374.0,0.0,0.8322,0.8318,0.8316,0.8313,0.9977,o,416.0,114.0,16427.0,235.0
174251,2016,53233.0,353.0,0.0,0.7957,0.7849,0.7799,0.7732,0.9442,o,376.0,104.0,16654.0,217.0
174251,2017,51154.0,367.0,0.0,0.8609,0.839,0.8291,0.8158,0.898,o,356.0,93.0,16376.0,224.0
174251,2018,48613.0,338.0,0.0,0.8343,0.7978,0.7816,0.7601,0.8299,o,370.0,72.0,16291.0,210.0
174251,2019,45912.0,325.0,0.0,0.8495,0.8228,0.8109,0.7949,0.8758,o,322.0,86.0,16246.0,203.0
174251,2020,42776.0,322.0,0.0,0.9033,0.8745,0.8616,0.8444,0.8737,o,269.0,62.0,16320.0,176.0
174251,2021,37613.0,247.0,0.0,0.788,0.7486,0.7312,0.7081,0.8074,o,293.0,46.0,15849.0,182.0
174251,2022,35247.0,280.0,0.0,0.9533,0.8965,0.8716,0.8387,0.7741,o,273.0,31.0,15192.0,152.0
174251,2023,29677.0,226.0,0.0,0.9138,0.8708,0.8518,0.8265,0.8179,o,273.0,37.0,14616.0,153.0
174251,2024,29010.0,189.0,0.0,0.7818,0.7671,0.7604,0.7514,0.9239,o,222.0,65.0,14288.0,140.0
174279,1998,13501.0,0.0,77.0,0.3422,0.3422,0.3422,0.3422,,-,,,,
174279,1999,15254.0,0.0,70.0,0.2753,0.2753,0.2753,0.2753,,-,,,,
174279,2002,19951.0,0.0,114.0,0.3428,0.3428,0.3428,0.3428,,-,136.0,,19877.0,
174279,2003,22231.0,12.0,115.0,0.3752,0.3752,0.3752,0.3752,,-,142.0,,21030.0,394.0
174279,2005,17775.0,32.0,121.0,0.6245,0.6245,0.6245,0.6245,,-,84.0,,22816.0,441.0
174279,2007,28479.0,40.0,149.0,0.4825,0.4825,0.4825,0.4825,,-,154.0,,24455.0,
174279,2008,33242.0,35.0,115.0,0.3339,0.3339,0.3339,0.3339,,-,211.0,333.0,24891.0,
174279,2009,34642.0,71.0,124.0,0.4607,0.4607,0.4607,0.4607,,-,172.0,374.0,20848.0,
174279,2010,41115.0,117.0,156.0,0.5691,0.5691,0.5691,0.5691,,-,144.0,311.0,22000.0,
174279,2011,42521.0,150.0,180.0,0.6773,0.6773,0.6773,0.6773,,-,74.0,248.0,21860.0,
174279,2012,37341.0,174.0,200.0,0.8805,0.8805,0.8805,0.8805,,-,52.0,161.0,21307.0,
174279,2013,29359.0,183.0,172.0,1.0995,1.0995,1.0995,1.0995,,-,44.0,186.0,20453.0,
174279,2014,25100.0,163.0,117.0,1.059,1.059,1.059,1.059,,-,37.0,139.0,18485.0,
174279,2015,19868.0,145.0,91.0,1.1506,1.1506,1.1506,1.1506,,-,23.0,105.0,18329.0,
174279,2016,17257.0,133.0,65.0,1.1508,1.1508,1.1508,1.1508,,-,,,18202.0,
174358,1998,162850.0,979.0,39.0,0.7358,0.7146,0.705,0.6923,0.8853,o,,,,
174358,1999,178680.0,958.0,39.0,0.6565,0.641,0.634,0.6246,0.9052,o,,,,
174358,2000,180211.0,1009.0,37.0,0.6842,0.6875,0.689,0.691,1.02,o,,,,
174358,2001,189273.0,1088.0,38.0,0.7018,0.7294,0.7424,0.7605,1.1743,o,,,,
174358,2002,192678.0,1012.0,21.0,0.6368,0.6725,0.6896,0.7135,1.2553,o,1278.0,,5862.0,
174358,2003,201563.0,1184.0,46.0,0.7186,0.7483,0.7624,0.782,1.1842,o,1291.0,,6306.0,174.0
174358,2004,201711.0,1180.0,49.0,0.7166,0.7309,0.7376,0.7468,1.0863,o,1249.0,,7055.0,168.0
174358,2005,201544.0,1283.0,50.0,0.7788,0.7842,0.7867,0.7901,1.0292,o,1135.0,,7880.0,197.0
174358,2006,197208.0,1301.0,32.0,0.8014,0.7894,0.7839,0.7765,0.939,o,1128.0,729.0,8143.0,208.0
174358,2007,190821.0,1313.0,45.0,0.8398,0.8147,0.8034,0.7882,0.8809,o,1224.0,703.0,8651.0,218.0
174358,2008,188213.0,1273.0,43.0,0.8253,0.8102,0.8034,0.7942,0.926,o,1219.0,713.0,8704.0,207.0
174358,2009,187109.0,1329.0,25.0,0.8604,0.8654,0.8677,0.8709,1.0247,o,1055.0,734.0,8840.0,205.0
174358,2010,190140.0,1257.0,29.0,0.8025,0.8034,0.8038,0.8044,1.0049,o,1233.0,659.0,9432.0,225.0
174358,2011,193046.0,1287.0,11.0,0.8034,0.7981,0.7957,0.7924,0.9728,o,1120.0,675.0,9665.0,209.0
174358,2012,183912.0,1418.0,16.0,0.9304,0.9221,0.9183,0.9131,0.9632,o,1095.0,699.0,10039.0,217.0
174358,2013,172191.0,1250.0,16.0,0.8767,0.8712,0.8687,0.8653,0.9741,o,987.0,629.0,10472.0,229.0
174358,2014,166550.0,1213.0,11.0,0.8779,0.8583,0.8494,0.8375,0.91,o,893.0,553.0,10290.0,237.0
174358,2015,154795.0,1235.0,15.0,0.9632,0.9127,0.8904,0.861,0.799,o,730.0,511.0,10204.0,236.0
174358,2016,142311.0,1226.0,4.0,1.0355,0.961,0.9287,0.8864,0.7327,o,870.0,529.0,10496.0,250.0
174358,2017,140799.0,1195.0,9.0,1.0223,0.9597,0.9323,0.8962,0.7685,o,842.0,488.0,10344.0,246.0
174358,2018,136667.0,1085.0,8.0,0.9562,0.935,0.9254,0.9125,0.9106,o,796.0,450.0,10553.0,246.0
174358,2019,131792.0,1155.0,7.0,1.0548,1.0572,1.0582,1.0597,1.0092,o,787.0,471.0,10367.0,236.0
174358,2020,127230.0,1076.0,10.0,1.0196,1.017,1.0158,1.0141,0.9894,o,730.0,425.0,10762.0,244.0
174358,2021,118625.0,1006.0,7.0,1.0212,0.992,0.9789,0.9613,0.8861,o,613.0,369.0,10482.0,251.0
174358,2022,107962.0,975.0,5.0,1.0865,1.0359,1.0135,0.9838,0.8199,o,631.0,351.0,10387.0,249.0
174358,2023,100918.0,983.0,13.0,1.1766,1.1105,1.0814,1.043,0.7859,o,609.0,309.0,10596.0,241.0
174358,2024,93090.0,854.0,9.0,1.1067,1.0544,1.0313,1.0005,0.8174,o,601.0,366.0,10336.0,220.0
174376,1998,93267.0,0.0,738.0,0.4748,0.4732,0.4692,0.4674,0.9538,o,,,,
174376,1999,88682.0,0.0,547.0,0.3701,0.3713,0.3746,0.376,1.0492,o,,,,
174376,2000,94050.0,0.0,662.0,0.4223,0.4448,0.5082,0.5392,2.0966,o,,,,
174376,2001,99960.0,0.0,573.0,0.3439,0.3518,0.3728,0.3825,1.3797,o,,,,
174376,2002,108120.0,0.0,565.0,0.3135,0.3132,0.3124,0.312,0.9856,o,1728.0,,4982.0,
174376,2003,118560.0,0.0,662.0,0.335,0.337,0.342,0.3443,1.0865,o,1798.0,,5375.0,192.0
174376,2004,126324.0,0.0,699.0,0.332,0.334,0.3392,0.3415,1.0894,o,1703.0,,5930.0,192.0
174376,2005,128484.0,0.0,664.0,0.3101,0.3093,0.3074,0.3066,0.966,o,1420.0,,6316.0,175.0
174376,2006,124939.0,0.0,752.0,0.3611,0.3559,0.3427,0.337,0.8112,o,1153.0,,6340.0,178.0
174376,2007,125741.0,0.0,705.0,0.3364,0.3293,0.3118,0.3044,0.7384,o,1205.0,775.0,6438.0,186.0
174376,2008,129414.0,0.0,700.0,0.3245,0.3231,0.3193,0.3176,0.9366,o,1103.0,1034.0,6471.0,171.0
174376,2009,138738.0,0.0,751.0,0.3248,0.3233,0.3194,0.3177,0.9355,o,1187.0,1138.0,6653.0,168.0
174376,2010,153303.0,0.0,752.0,0.2943,0.2949,0.2964,0.2971,1.0286,o,1001.0,1101.0,6789.0,144.0
174376,2011,151754.0,0.0,803.0,0.3175,0.3145,0.307,0.3037,0.8742,o,930.0,1062.0,6929.0,138.0
174376,2012,147831.0,0.0,938.0,0.3807,0.3764,0.3656,0.3608,0.8501,o,925.0,1167.0,7696.0,134.0
174376,2013,148290.0,0.0,984.0,0.3981,0.3969,0.3939,0.3925,0.9581,o,915.0,1057.0,7282.0,131.0
174376,2014,144378.0,0.0,890.0,0.3699,0.3695,0.3686,0.3682,0.9865,o,885.0,959.0,7823.0,122.0
174376,2015,139306.0,0.0,849.0,0.3657,0.3647,0.3621,0.361,0.962,o,847.0,949.0,5689.0,119.0
174376,2016,133368.0,0.0,881.0,0.3963,0.3947,0.3904,0.3885,0.9411,o,773.0,833.0,5682.0,128.0
174376,2017,125932.0,0.0,853.0,0.4064,0.4032,0.395,0.3915,0.8926,o,805.0,785.0,5567.0,126.0
174376,2018,124615.0,0.0,793.0,0.3818,0.3817,0.3812,0.381,0.9938,o,825.0,745.0,5509.0,131.0
174376,2019,121216.0,0.0,705.0,0.349,0.3501,0.3529,0.3541,1.0456,o,860.0,632.0,5409.0,131.0
174376,2020,114900.0,0.0,654.0,0.3415,0.3428,0.3461,0.3476,1.0552,o,708.0,524.0,5488.0,139.0
174376,2021,106888.0,0.0,616.0,0.3458,0.3416,0.3311,0.3265,0.8404,o,591.0,474.0,5365.0,139.0
174376,2022,92674.0,0.0,604.0,0.391,0.3834,0.3644,0.3562,0.7538,o,603.0,477.0,5356.0,141.0
174376,2023,86818.0,0.0,509.0,0.3518,0.3499,0.3453,0.3433,0.9284,o,641.0,548.0,5228.0,127.0
174376,2024,90339.0,0.0,498.0,0.3308,0.3324,0.3367,0.3386,1.0737,o,751.0,460.0,5050.0,123.0
174385,1998,10040.0,45.0,20.0,0.6574,0.6574,0.6574,0.6574,,-,,,,
174385,1999,8288.0,36.0,27.0,0.7167,0.7167,0.7167,0.7167,,-,,,,
174385,2001,7892.0,42.0,21.0,0.7983,0.7983,0.7983,0.7983,,-,,,,
174385,2002,6619.0,35.0,18.0,0.7977,0.7977,0.7977,0.7977,,-,23.0,,15642.0,
174385,2003,5225.0,37.0,10.0,0.9647,0.9647,0.9647,0.9647,,-,19.0,,16380.0,653.0
174385,2004,5397.0,21.0,18.0,0.667,0.667,0.667,0.667,,-,20.0,,17023.0,695.0
174385,2005,4918.0,34.0,14.0,1.0004,1.0004,1.0004,1.0004,,-,33.0,,16522.0,693.0
174385,2006,4525.0,19.0,17.0,0.7292,0.7292,0.7292,0.7292,,-,36.0,17.0,16835.0,729.0
174385,2007,4751.0,13.0,13.0,0.4925,0.4925,0.4925,0.4925,,-,39.0,28.0,22325.0,613.0
174385,2008,6221.0,17.0,15.0,0.4726,0.4726,0.4726,0.4726,,-,76.0,41.0,16667.0,631.0
174385,2009,8712.0,13.0,29.0,0.3788,0.3788,0.3788,0.3788,,-,117.0,67.0,18589.0,619.0
174385,2010,11507.0,14.0,34.0,0.3233,0.3233,0.3233,0.3233,,-,117.0,58.0,19177.0,655.0
174385,2011,12513.0,13.0,25.0,0.2446,0.2446,0.2446,0.2446,,-,111.0,58.0,19236.0,671.0
174385,2012,11945.0,13.0,39.0,0.3265,0.3265,0.3265,0.3265,,-,36.0,93.0,19058.0,678.0
174385,2013,10736.0,13.0,41.0,0.3744,0.3744,0.3744,0.3744,,-,29.0,59.0,16655.0,671.0
174385,2014,7225.0,18.0,24.0,0.4982,0.4982,0.4982,0.4982,,-,7.0,38.0,16972.0,700.0
174385,2015,5861.0,8.0,35.0,0.5221,0.5221,0.5221,0.5221,,-,48.0,13.0,17628.0,657.0
174385,2016,4087.0,9.0,26.0,0.646,0.646,0.646,0.646,,-,17.0,13.0,17972.0,698.0
174385,2017,2798.0,8.0,14.0,0.6433,0.6433,0.6433,0.6433,,-,14.0,15.0,18131.0,748.0
174394,1998,61418.0,0.0,304.0,0.297,0.297,0.297,0.297,,-,,,,
174394,2001,135400.0,0.0,485.0,0.2149,0.2149,0.2149,0.2149,,-,,,,
174394,2002,74243.0,0.0,526.0,0.4251,0.4251,0.4251,0.4251,,-,596.0,,,
174394,2005,98543.0,52.0,1078.0,0.7197,0.7197,0.7197,0.7197,,-,531.0,,29444.0,520.0
174394,2006,67293.0,145.0,363.0,0.5822,0.5822,0.5822,0.5822,,-,357.0,,28887.0,772.0
174394,2007,58289.0,143.0,302.0,0.6053,0.6053,0.6053,0.6053,,-,239.0,59.0,28039.0,841.0
174394,2008,51855.0,116.0,230.0,0.5346,0.5346,0.5346,0.5346,,-,262.0,3.0,26801.0,740.0
174394,2009,44493.0,102.0,222.0,0.5745,0.5745,0.5745,0.5745,,-,236.0,,27093.0,780.0
174394,2010,46133.0,191.0,149.0,0.6906,0.6906,0.6906,0.6906,,-,180.0,74.0,25325.0,656.0
174394,2011,33368.0,145.0,86.0,0.6761,0.6761,0.6761,0.6761,,-,60.0,37.0,22225.0,699.0
174394,2012,20829.0,140.0,109.0,1.1206,1.1206,1.1206,1.1206,,-,24.0,26.0,23267.0,886.0
174394,2013,13709.0,101.0,98.0,1.313,1.313,1.313,1.313,,-,20.0,14.0,21159.0,868.0
174394,2014,7538.0,85.0,81.0,1.9979,1.9979,1.9979,1.9979,,-,13.0,10.0,21164.0,994.0
174394,2015,4697.0,34.0,50.0,1.5075,1.5075,1.5075,1.5075,,-,,,17154.0,857.0
174400,1998,864.0,0.0,0.0,0.0,0.0,0.0,0.0,,-,,,,
174428,1998,135777.0,0.0,768.0,0.3394,0.337,0.3311,0.3285,0.9058,o,,,,
174428,1999,128648.0,0.0,600.0,0.2798,0.2779,0.273,0.2708,0.9053,o,,,,
174428,2000,136440.0,0.0,680.0,0.299,0.3071,0.3289,0.339,1.4631,o,,,,
174428,2001,145920.0,0.0,627.0,0.2578,0.2649,0.2841,0.2931,1.4753,o,,,,
174428,2002,155910.0,0.0,708.0,0.2725,0.2737,0.2769,0.2784,1.067,o,2382.0,,5081.0,
174428,2003,165810.0,0.0,679.0,0.2457,0.2449,0.2429,0.242,0.9553,o,2369.0,,5496.0,183.0
174428,2004,175718.0,0.0,711.0,0.2428,0.2424,0.2414,0.241,0.9781,o,2371.0,,5879.0,183.0
174428,2005,183235.0,0.0,796.0,0.2606,0.2606,0.2605,0.2605,0.9981,o,2070.0,,5915.0,166.0
174428,2006,180239.0,0.0,785.0,0.2613,0.2589,0.2526,0.2499,0.8734,o,1722.0,,6195.0,176.0
174428,2007,190448.0,0.0,826.0,0.2602,0.2556,0.2442,0.2393,0.7755,o,1695.0,1488.0,6533.0,187.0
174428,2008,199435.0,0.0,814.0,0.2449,0.243,0.2381,0.236,0.894,o,1813.0,1477.0,6603.0,185.0
174428,2009,206064.0,0.0,930.0,0.2708,0.2719,0.2748,0.2761,1.0612,o,1776.0,1718.0,6629.0,179.0
174428,2010,222146.0,0.0,997.0,0.2693,0.2695,0.2701,0.2704,1.0125,o,1722.0,1699.0,6987.0,161.0
174428,2011,222943.0,0.0,1076.0,0.2896,0.2887,0.2866,0.2857,0.9596,o,1392.0,1293.0,7154.0,156.0
174428,2012,213929.0,0.0,1004.0,0.2816,0.2771,0.266,0.2612,0.7959,o,1469.0,1300.0,7413.0,150.0
174428,2013,211430.0,0.0,1157.0,0.3283,0.327,0.3236,0.3221,0.9435,o,1373.0,1170.0,7612.0,147.0
174428,2014,202172.0,0.0,1141.0,0.3386,0.3377,0.3352,0.3341,0.9598,o,1418.0,1192.0,7497.0,143.0
174428,2015,203957.0,0.0,1127.0,0.3315,0.3315,0.3314,0.3313,0.9979,o,1426.0,1074.0,7453.0,140.0
174428,2016,205119.0,0.0,1098.0,0.3212,0.3217,0.3229,0.3235,1.0219,o,1462.0,1108.0,7436.0,152.0
174428,2017,207447.0,0.0,1077.0,0.3115,0.3121,0.3137,0.3144,1.0281,o,1425.0,1020.0,7305.0,150.0
174428,2018,205282.0,0.0,1091.0,0.3189,0.3186,0.3178,0.3175,0.9868,o,1531.0,1071.0,7216.0,146.0
174428,2019,204267.0,0.0,1154.0,0.339,0.3404,0.344,0.3456,1.0606,o,1545.0,964.0,7066.0,135.0
174428,2020,203280.0,0.0,1072.0,0.3164,0.3174,0.3199,0.3211,1.0453,o,1391.0,968.0,7168.0,143.0
174428,2021,196950.0,0.0,1194.0,0.3637,0.3612,0.3547,0.3519,0.9044,o,1340.0,830.0,6629.0,151.0
174428,2022,180355.0,0.0,1349.0,0.4488,0.4459,0.4387,0.4355,0.9128,o,1467.0,851.0,6351.0,137.0
174428,2023,182476.0,0.0,1098.0,0.361,0.3629,0.3676,0.3697,1.0743,o,1575.0,866.0,6543.0,132.0
174428,2024,194441.0,0.0,1078.0,0.3326,0.3353,0.3424,0.3455,1.1222,o,2017.0,932.0,6321.0,126.0
174437,1998,26092.0,129.0,8.0,0.6117,0.557,0.5463,0.5205,0.7241,o,,,,
174437,1999,28644.0,128.0,4.0,0.5446,0.5055,0.4977,0.4789,0.7732,o,,,,
174437,2000,32223.0,166.0,6.0,0.6294,0.6476,0.6514,0.6611,1.1034,o,,,,
174437,2001,32220.0,134.0,4.0,0.5065,0.5765,0.5921,0.6331,1.5622,o,,,,
174437,2002,34597.0,147.0,13.0,0.5324,0.5873,0.5993,0.6305,1.4022,o,236.0,,16186.0,
174437,2003,34353.0,174.0,10.0,0.6253,0.6414,0.6448,0.6533,1.0918,o,250.0,,17170.0,421.0
174437,2004,33903.0,205.0,3.0,0.7309,0.6951,0.6879,0.6702,0.8408,o,277.0,,17569.0,442.0
174437,2005,33029.0,175.0,8.0,0.6503,0.6172,0.6106,0.5943,0.8352,o,238.0,,18162.0,469.0
174437,2006,31961.0,175.0,5.0,0.6664,0.6508,0.6476,0.6397,0.9213,o,245.0,,18268.0,505.0
174437,2007,32629.0,172.0,6.0,0.6436,0.6424,0.6422,0.6416,0.9938,o,238.0,104.0,19579.0,513.0
174437,2008,32929.0,197.0,4.0,0.7252,0.7071,0.7034,0.6943,0.9165,o,212.0,98.0,19998.0,516.0
174437,2009,30768.0,204.0,6.0,0.8073,0.7764,0.7701,0.7547,0.8738,o,268.0,98.0,21030.0,528.0
174437,2010,33451.0,202.0,11.0,0.7444,0.743,0.7428,0.7421,0.9938,o,291.0,102.0,21780.0,535.0
174437,2011,36354.0,188.0,5.0,0.6288,0.656,0.6618,0.6765,1.1574,o,262.0,96.0,22810.0,551.0
174437,2012,34382.0,203.0,4.0,0.7155,0.7596,0.769,0.7932,1.2289,o,269.0,94.0,23675.0,582.0
174437,2013,38425.0,211.0,3.0,0.6636,0.6834,0.6875,0.698,1.1062,o,246.0,95.0,25487.0,563.0
174437,2014,34195.0,230.0,4.0,0.8142,0.795,0.7911,0.7815,0.9213,o,215.0,86.0,26326.0,609.0
174437,2015,32640.0,203.0,9.0,0.7629,0.7237,0.7158,0.6965,0.8336,o,220.0,80.0,27122.0,565.0
174437,2016,31264.0,211.0,6.0,0.8214,0.7752,0.766,0.7434,0.8192,o,220.0,48.0,27985.0,545.0
174437,2017,29267.0,215.0,1.0,0.8836,0.8442,0.8362,0.8167,0.8544,o,201.0,73.0,28351.0,521.0
174437,2018,29736.0,196.0,5.0,0.801,0.7802,0.776,0.7655,0.9132,o,220.0,72.0,29262.0,507.0
174437,2019,30074.0,243.0,2.0,0.9736,0.9644,0.9625,0.9578,0.9678,o,245.0,87.0,29578.0,521.0
174437,2020,32630.0,186.0,8.0,0.6987,0.71,0.7124,0.7183,1.0568,o,209.0,52.0,30157.0,472.0
174437,2021,28755.0,193.0,9.0,0.8242,0.8424,0.8463,0.8559,1.0784,o,180.0,55.0,30675.0,503.0
174437,2022,21479.0,199.0,9.0,1.1369,1.1112,1.1059,1.0929,0.924,o,172.0,48.0,29839.0,570.0
174437,2023,20316.0,207.0,0.0,1.2227,1.1278,1.1092,1.0638,0.757,o,222.0,59.0,28984.0,534.0
174437,2024,19648.0,185.0,0.0,1.1299,1.0844,1.0752,1.0526,0.8678,o,144.0,53.0,29460.0,525.0
174446,1998,548.0,0.0,0.0,0.0,0.0,0.0,0.0,,-,,,,
174464,1998,9333.0,0.0,19.0,0.1221,0.1221,0.1221,0.1221,,-,,,,
174464,1999,9333.0,0.0,30.0,0.1929,0.1929,0.1929,0.1929,,-,,,,
174464,2001,7483.0,0.0,33.0,0.2646,0.2646,0.2646,0.2646,,-,,,,
174464,2002,8165.0,0.0,38.0,0.2792,0.2792,0.2792,0.2792,,-,143.0,,21826.0,
174464,2003,9486.0,0.0,53.0,0.3352,0.3352,0.3352,0.3352,,-,149.0,,23315.0,663.0
174464,2004,10764.0,0.0,58.0,0.3233,0.3233,0.3233,0.3233,,-,105.0,,23681.0,487.0
174464,2005,11439.0,0.0,77.0,0.4039,0.4039,0.4039,0.4039,,-,92.0,,24788.0,692.0
174464,2006,18737.0,0.0,77.0,0.2466,0.2466,0.2466,0.2466,,-,182.0,255.0,25739.0,483.0
174464,2007,18227.0,0.0,114.0,0.3753,0.3753,0.3753,0.3753,,-,100.0,142.0,26678.0,694.0
174464,2008,22235.0,1.0,133.0,0.3643,0.3643,0.3643,0.3643,,-,127.0,197.0,25023.0,761.0
174464,2009,28309.0,10.0,176.0,0.4154,0.4154,0.4154,0.4154,,-,,,21064.0,
174473,1998,39080.0,0.0,241.0,0.37,0.3515,0.3079,0.2904,0.4797,o,,,,
174473,1999,38160.0,0.0,219.0,0.3443,0.3363,0.3164,0.3079,0.7125,o,,,,
174473,2000,41220.0,0.0,220.0,0.3202,0.3243,0.3351,0.34,1.1995,o,,,,
174473,2001,40440.0,0.0,191.0,0.2834,0.2852,0.2899,0.292,1.0956,o,,,,
174473,2002,43140.0,0.0,223.0,0.3102,0.3104,0.311,0.3112,1.0103,o,474.0,,5016.0,
174473,2003,44220.0,0.0,240.0,0.3256,0.3248,0.3228,0.3219,0.9654,o,461.0,,5098.0,146.0
174473,2004,82136.0,0.0,422.0,0.3083,0.3073,0.3049,0.3039,0.9574,o,856.0,,5970.0,132.0
174473,2005,83548.0,0.0,536.0,0.3849,0.4016,0.4478,0.47,1.831,o,655.0,,6554.0,146.0
174473,2006,82324.0,0.0,485.0,0.3535,0.3533,0.353,0.3529,0.9947,o,702.0,,7130.0,152.0
174473,2007,85507.0,0.0,574.0,0.4028,0.4007,0.3954,0.3931,0.9292,o,592.0,413.0,7501.0,162.0
174473,2008,84428.0,0.0,555.0,0.3944,0.3907,0.3812,0.3771,0.8725,o,552.0,399.0,7542.0,172.0
174473,2009,83629.0,0.0,536.0,0.3846,0.3803,0.3696,0.3649,0.8532,o,644.0,456.0,7102.0,171.0
174473,2010,88142.0,0.0,602.0,0.4098,0.4132,0.4221,0.4261,1.1259,o,608.0,394.0,7013.0,141.0
174473,2011,84826.0,0.0,566.0,0.4003,0.4008,0.402,0.4025,1.0167,o,539.0,374.0,7118.0,133.0
174473,2012,79765.0,0.0,589.0,0.4431,0.4384,0.4268,0.4217,0.861,o,602.0,423.0,7094.0,145.0
174473,2013,81510.0,0.0,618.0,0.4549,0.4565,0.4605,0.4623,1.0497,o,532.0,394.0,7355.0,148.0
174473,2014,76749.0,0.0,636.0,0.4972,0.4948,0.4886,0.4859,0.9325,o,415.0,366.0,7264.0,149.0
174473,2015,68961.0,0.0,611.0,0.5316,0.5201,0.4917,0.4796,0.7319,o,443.0,303.0,7202.0,153.0
174473,2016,66606.0,0.0,644.0,0.5801,0.5774,0.5706,0.5675,0.9356,o,527.0,385.0,7174.0,158.0
174473,2017,66810.0,0.0,537.0,0.4823,0.4893,0.5077,0.5161,1.2284,o,447.0,340.0,6991.0,148.0
174473,2018,63037.0,0.0,499.0,0.475,0.4723,0.4654,0.4623,0.9216,o,467.0,323.0,6916.0,151.0
174473,2019,63697.0,0.0,472.0,0.4446,0.4433,0.44,0.4385,0.9589,o,424.0,336.0,6771.0,147.0
174473,2020,59040.0,0.0,412.0,0.4187,0.4165,0.4109,0.4085,0.9278,o,386.0,202.0,6869.0,157.0
174473,2021,52890.0,0.0,413.0,0.4685,0.4638,0.452,0.4469,0.8664,o,308.0,236.0,6762.0,147.0
174473,2022,46898.0,0.0,374.0,0.4785,0.4694,0.4468,0.4371,0.7605,o,314.0,204.0,6639.0,155.0
174473,2023,43500.0,0.0,330.0,0.4552,0.452,0.4439,0.4404,0.9049,o,295.0,182.0,6462.0,150.0
174473,2024,42766.0,0.0,315.0,0.4419,0.4403,0.4361,0.4343,0.9486,o,332.0,236.0,6262.0,145.0
174482,1998,6896.0,0.0,105.0,0.9136,0.9136,0.9136,0.9136,,-,,,,
174482,2003,5520.0,0.0,65.0,0.7065,0.7065,0.7065,0.7065,,-,21.0,,20800.0,355.0
174482,2004,3680.0,0.0,46.0,0.75,0.75,0.75,0.75,,-,26.0,,20298.0,588.0
174482,2006,2906.0,0.0,70.0,1.4453,1.4453,1.4453,1.4453,,-,49.0,28.0,22062.0,385.0
174482,2007,2640.0,0.0,51.0,1.1591,1.1591,1.1591,1.1591,,-,67.0,3.0,21415.0,1007.0
174482,2009,6152.0,0.0,68.0,0.6632,0.6632,0.6632,0.6632,,-,82.0,2.0,21323.0,566.0
174482,2010,4455.0,0.0,71.0,0.9562,0.9562,0.9562,0.9562,,-,64.0,2.0,22658.0,725.0
174482,2011,2574.0,0.0,63.0,1.4685,1.4685,1.4685,1.4685,,-,38.0,28.0,23661.0,1052.0
174482,2012,2620.0,0.0,52.0,1.1908,1.1908,1.1908,1.1908,,-,,,23511.0,760.0
174482,2013,1140.0,0.0,38.0,2.0,2.0,2.0,2.0,,-,,,23100.0,1412.0
174491,1998,50438.0,369.0,8.0,0.8874,0.9164,0.9226,0.938,1.1173,o,,,,
174491,1999,60512.0,375.0,9.0,0.7526,0.7708,0.7747,0.7843,1.0861,o,,,,
174491,2000,54759.0,364.0,10.0,0.8086,0.8283,0.8325,0.8429,1.0865,o,,,,
174491,2001,62022.0,353.0,10.0,0.6927,0.7207,0.7267,0.7417,1.1467,o,,,,
174491,2002,64919.0,397.0,16.0,0.7486,0.7739,0.7793,0.7928,1.1215,o,471.0,,27023.0,
174491,2003,69606.0,442.0,6.0,0.7672,0.7927,0.7981,0.8117,1.1194,o,458.0,,28040.0,587.0
174491,2004,71349.0,489.0,10.0,0.8308,0.852,0.8564,0.8676,1.0904,o,426.0,,28855.0,619.0
174491,2005,73535.0,514.0,6.0,0.8437,0.8456,0.846,0.847,1.008,o,494.0,,29568.0,618.0
174491,2006,76997.0,473.0,19.0,0.752,0.7568,0.7578,0.7603,1.0222,o,513.0,197.0,29759.0,598.0
174491,2007,79455.0,500.0,19.0,0.7695,0.7877,0.7915,0.8011,1.084,o,544.0,197.0,30232.0,572.0
174491,2008,78384.0,494.0,18.0,0.7701,0.811,0.8198,0.842,1.1957,o,463.0,195.0,30715.0,608.0
174491,2009,78686.0,510.0,23.0,0.7953,0.8164,0.8209,0.8321,1.0946,o,458.0,207.0,32258.0,632.0
174491,2010,79067.0,561.0,27.0,0.8719,0.8496,0.8451,0.8339,0.9146,o,460.0,232.0,33136.0,642.0
174491,2011,78573.0,593.0,13.0,0.9156,0.8789,0.8715,0.8533,0.8685,o,460.0,161.0,34298.0,647.0
174491,2012,75058.0,560.0,17.0,0.9089,0.8854,0.8806,0.8687,0.9136,o,471.0,166.0,34968.0,649.0
174491,2013,76459.0,573.0,16.0,0.9119,0.9147,0.9153,0.9168,1.0109,o,468.0,139.0,36040.0,636.0
174491,2014,75775.0,583.0,17.0,0.9367,0.9429,0.9442,0.9474,1.0229,o,441.0,110.0,36891.0,641.0
174491,2015,79975.0,522.0,17.0,0.796,0.7932,0.7927,0.7912,0.988,o,450.0,135.0,37501.0,611.0
174491,2016,76031.0,564.0,16.0,0.9028,0.8914,0.889,0.8832,0.957,o,423.0,144.0,37247.0,633.0
174491,2017,75814.0,577.0,7.0,0.9188,0.8996,0.8957,0.8859,0.9297,o,401.0,151.0,37555.0,628.0
174491,2018,78170.0,464.0,31.0,0.7361,0.7154,0.7112,0.7008,0.9065,o,418.0,173.0,38378.0,615.0
174491,2019,81590.0,474.0,18.0,0.7104,0.6932,0.6897,0.6811,0.9192,o,408.0,138.0,38485.0,599.0
174491,2020,78411.0,507.0,18.0,0.7897,0.7771,0.7745,0.7681,0.9462,o,368.0,101.0,38715.0,592.0
174491,2021,79443.0,506.0,16.0,0.7764,0.763,0.7603,0.7535,0.9417,o,396.0,120.0,38752.0,559.0
174491,2022,73727.0,483.0,20.0,0.8024,0.7864,0.7831,0.775,0.9328,o,398.0,103.0,37497.0,566.0
174491,2023,70143.0,392.0,33.0,0.6989,0.6909,0.6893,0.6852,0.9613,o,364.0,96.0,36582.0,540.0
174491,2024,69661.0,425.0,51.0,0.776,0.772,0.7711,0.769,0.982,o,376.0,74.0,36830.0,530.0
174507,2003,2036.0,3.0,0.0,0.1768,0.1768,0.1768,0.1768,,n,10.0,,14606.0,
174507,2004,2172.0,34.0,0.0,1.8785,1.8785,1.8785,1.8785,,n,10.0,,14701.0,
174507,2005,3128.0,43.0,0.0,1.6496,1.6496,1.6496,1.6496,,n,14.0,,15066.0,
174507,2006,3634.0,65.0,0.0,2.1464,2.1464,2.1464,2.1464,,n,7.0,,15257.0,
174507,2007,3312.0,46.0,0.0,1.6667,1.6667,1.6667,1.6667,,n,15.0,2.0,15571.0,
174507,2008,3827.0,49.0,0.0,1.5365,1.5795,1.5886,1.6114,1.1,o,11.0,,16723.0,
174507,2009,3057.0,44.0,0.0,1.7272,1.7677,1.7763,1.7977,1.0833,o,6.0,51.0,17366.0,418.0
174507,2010,3351.0,72.0,0.0,2.5783,2.4251,2.3945,2.3198,0.8095,o,13.0,58.0,19830.0,435.0
174507,2011,5096.0,53.0,0.0,1.248,1.1961,1.1856,1.1598,0.8636,o,6.0,44.0,13566.0,349.0
174507,2012,3634.0,49.0,23.0,1.9978,1.8241,1.7901,1.7078,0.7308,o,9.0,43.0,13718.0,928.0
174507,2013,3235.0,57.0,29.0,2.6522,2.5577,2.5386,2.4913,0.8824,o,10.0,89.0,15693.0,775.0
174507,2014,3549.0,36.0,18.0,1.5216,1.5216,1.5216,1.5216,1.0,o,3.0,64.0,15641.0,744.0
174507,2015,3811.0,54.0,27.0,2.1254,1.9039,1.8611,1.7581,0.6842,o,6.0,79.0,15190.0,791.0
174507,2016,5119.0,59.0,19.0,1.6058,1.3847,1.3429,1.2438,0.6,o,6.0,42.0,15085.0,806.0
174507,2018,5681.0,19.0,25.0,0.6654,0.6166,0.607,0.5836,0.7692,o,1.0,59.0,13315.0,803.0
174507,2019,6493.0,13.0,19.0,0.4158,0.3507,0.3385,0.3099,0.5556,o,5.0,127.0,13417.0,818.0
174507,2020,8940.0,21.0,41.0,0.557,0.4556,0.4371,0.3939,0.5,o,10.0,57.0,15361.0,990.0
174507,2021,9947.0,19.0,25.0,0.38,0.4274,0.438,0.4654,1.5,o,12.0,60.0,13657.0,976.0
174507,2022,9173.0,37.0,59.0,0.8699,1.3369,1.4612,1.8248,4.4,o,4.0,67.0,12835.0,944.0
174507,2023,8755.0,18.0,45.0,0.5551,0.7378,0.7825,0.9065,2.6667,o,5.0,63.0,11394.0,899.0
174507,2024,9887.0,20.0,66.0,0.6433,0.5547,0.538,0.4983,0.6,o,6.0,37.0,12015.0,690.0
174516,1998,11889.0,0.0,121.0,0.6106,0.6106,0.6106,0.6106,,-,,,,
174516,2000,13251.0,0.0,161.0,0.729,0.729,0.729,0.729,,-,,,,
174516,2001,11627.0,0.0,61.0,0.3148,0.3148,0.3148,0.3148,,-,,,,
174516,2002,19321.0,0.0,64.0,0.1987,0.1987,0.1987,0.1987,,-,97.0,,23946.0,
174525,1998,3751.0,15.0,25.0,0.8798,0.9322,0.9434,0.9721,1.2206,o,,,,
174525,1999,4440.0,12.0,15.0,0.527,0.5416,0.5447,0.5524,1.0986,o,,,,
174525,2002,2662.0,18.0,9.0,1.0143,0.9788,0.9717,0.954,0.8846,o,30.0,,16369.0,
174525,2004,5115.0,29.0,10.0,0.7977,0.8217,0.8267,0.8395,1.1077,o,55.0,,16882.0,340.0
174525,2005,4830.0,18.0,10.0,0.5714,0.6308,0.6438,0.6775,1.4058,o,43.0,,17383.0,390.0
174525,2006,5129.0,6.0,9.0,0.2457,0.2743,0.2806,0.2971,1.4627,o,33.0,44.0,18058.0,549.0
174525,2007,5178.0,26.0,11.0,0.73,0.7415,0.744,0.75,1.0556,o,31.0,26.0,18057.0,257.0
174525,2008,4050.0,22.0,11.0,0.8148,0.7222,0.7045,0.6619,0.6598,o,26.0,25.0,18087.0,273.0
174525,2009,4060.0,27.0,8.0,0.9163,0.783,0.758,0.6988,0.5816,o,34.0,15.0,18446.0,310.0
174525,2010,4235.0,20.0,7.0,0.6659,0.6218,0.613,0.5916,0.7895,o,28.0,23.0,19270.0,321.0
174525,2011,3979.0,21.0,12.0,0.8143,0.8068,0.8053,0.8015,0.9688,o,25.0,16.0,20101.0,351.0
174525,2012,3727.0,16.0,11.0,0.6922,0.6778,0.6748,0.6675,0.9298,o,28.0,28.0,19960.0,628.0
174525,2015,3845.0,18.0,3.0,0.6086,0.6216,0.6243,0.6311,1.0755,o,22.0,10.0,20573.0,440.0
174525,2016,3258.0,22.0,2.0,0.8471,0.833,0.83,0.8228,0.9434,o,19.0,26.0,20957.0,463.0
174525,2017,3089.0,12.0,8.0,0.6216,0.5649,0.5539,0.5272,0.7193,o,26.0,11.0,21646.0,498.0
174525,2018,2763.0,17.0,6.0,0.8686,0.8111,0.7996,0.7718,0.7895,o,24.0,14.0,21578.0,487.0
174525,2019,2630.0,14.0,6.0,0.7757,0.7757,0.7757,0.7757,1.0,o,13.0,10.0,21127.0,446.0
174525,2020,2368.0,13.0,11.0,0.9375,0.91,0.9044,0.8906,0.9024,o,25.0,24.0,20810.0,387.0
174525,2021,2551.0,13.0,5.0,0.7291,0.6942,0.6872,0.67,0.8444,o,18.0,8.0,20233.0,307.0
174525,2022,2257.0,10.0,6.0,0.6912,0.6616,0.6556,0.641,0.86,o,24.0,12.0,19126.0,340.0
174525,2023,2659.0,6.0,7.0,0.4287,0.4448,0.4482,0.4568,1.1351,o,23.0,13.0,18912.0,329.0
174525,2024,2668.0,19.0,10.0,1.0795,1.1481,1.1628,1.2005,1.2368,o,15.0,7.0,18910.0,341.0
174561,1999,4656.0,15.0,4.0,0.4381,0.4208,0.4173,0.4087,0.8702,i,,,,
174561,2001,6112.0,25.0,2.0,0.5105,0.5951,0.6143,0.665,1.697,i,,,,
174561,2002,5983.0,27.0,7.0,0.6117,0.6904,0.7079,0.7536,1.5174,i,48.0,,11190.0,
174561,2003,5360.0,28.0,5.0,0.6828,0.7038,0.7082,0.7193,1.1098,i,45.0,,12099.0,430.0
174561,2004,5229.0,18.0,11.0,0.5393,0.4985,0.4904,0.4709,0.7623,o,41.0,,12338.0,402.0
174561,2006,5376.0,29.0,6.0,0.7143,0.6571,0.6459,0.6186,0.75,o,40.0,12.0,12602.0,392.0
174561,2007,4839.0,30.0,6.0,0.8184,0.8158,0.8153,0.8139,0.9892,o,44.0,7.0,13269.0,412.0
174561,2008,4615.0,23.0,4.0,0.6501,0.6456,0.6447,0.6425,0.9767,o,,,12409.0,
174570,1998,10361.0,0.0,1.0,0.0058,0.0058,0.0059,0.0059,1.0679,o,,,,
174570,1999,11192.0,0.0,1.0,0.0054,0.0054,0.0054,0.0054,1.0179,o,,,,
174570,2000,11520.0,0.0,5.0,0.026,0.0261,0.0262,0.0262,1.0175,o,,,,
174570,2001,14370.0,0.0,11.0,0.0459,0.047,0.05,0.0514,1.4087,o,,,,
174570,2002,13410.0,0.0,17.0,0.0761,0.0768,0.0789,0.0798,1.1583,o,196.0,,5210.0,
174570,2003,12060.0,0.0,14.0,0.0697,0.0673,0.0615,0.0591,0.6068,o,195.0,,5655.0,194.0
174570,2004,12662.0,0.0,24.0,0.1137,0.1115,0.1059,0.1036,0.7529,o,165.0,,4537.0,202.0
174570,2005,12670.0,0.0,13.0,0.0616,0.0608,0.059,0.0582,0.844,o,108.0,,4597.0,153.0
174570,2006,12309.0,0.0,21.0,0.1024,0.0988,0.0901,0.0865,0.6,o,144.0,,4643.0,160.0
174570,2007,13098.0,0.0,22.0,0.1008,0.1012,0.1021,0.1026,1.0549,o,146.0,72.0,4926.0,160.0
174570,2008,14375.0,0.0,22.0,0.0918,0.0928,0.0953,0.0964,1.1587,o,122.0,86.0,4924.0,154.0
174570,2009,15493.0,0.0,19.0,0.0736,0.0727,0.0705,0.0695,0.8414,o,183.0,83.0,4997.0,150.0
174570,2010,18562.0,0.0,36.0,0.1164,0.1189,0.1258,0.129,1.3657,o,169.0,92.0,5096.0,178.0
174570,2011,19542.0,0.0,24.0,0.0737,0.0742,0.0756,0.0762,1.1082,o,139.0,82.0,5204.0,122.0
174570,2012,19004.0,0.0,56.0,0.1768,0.1739,0.1667,0.1636,0.7898,o,145.0,141.0,5361.0,104.0
174570,2013,20014.0,0.0,69.0,0.2069,0.206,0.2038,0.2028,0.9416,o,118.0,116.0,5434.0,107.0
174570,2014,21049.0,0.0,70.0,0.1995,0.197,0.1905,0.1877,0.831,o,122.0,90.0,5352.0,89.0
174570,2015,21704.0,0.0,78.0,0.2156,0.2145,0.2116,0.2104,0.9278,o,111.0,108.0,5307.0,81.0
174570,2016,21843.0,0.0,77.0,0.2115,0.2104,0.2074,0.2061,0.925,o,115.0,93.0,5271.0,85.0
174570,2017,22260.0,0.0,79.0,0.2129,0.2127,0.2122,0.212,0.9871,o,140.0,124.0,5136.0,78.0
174570,2018,23166.0,0.0,80.0,0.2072,0.2103,0.2186,0.2224,1.2389,o,140.0,148.0,5067.0,94.0
174570,2019,24587.0,0.0,101.0,0.2465,0.2481,0.2523,0.2542,1.098,o,149.0,124.0,4961.0,97.0
174570,2020,23940.0,0.0,124.0,0.3108,0.3121,0.3157,0.3172,1.0643,o,121.0,101.0,5034.0,96.0
174570,2021,22050.0,0.0,84.0,0.2286,0.2257,0.2187,0.2156,0.8374,o,133.0,134.0,5021.0,120.0
174570,2022,22945.0,0.0,130.0,0.3399,0.3396,0.3387,0.3383,0.9852,o,149.0,124.0,4925.0,119.0
174570,2023,24450.0,0.0,127.0,0.3117,0.3152,0.3244,0.3285,1.1732,o,171.0,102.0,4806.0,119.0
174570,2024,24966.0,0.0,126.0,0.3028,0.3069,0.3178,0.3227,1.2128,o,202.0,75.0,4681.0,120.0
174604,1998,11335.0,0.0,90.0,0.4764,0.4613,0.4247,0.4094,0.6316,o,,,,
174604,1999,11596.0,0.0,85.0,0.4398,0.4407,0.4431,0.4442,1.0306,o,,,,
174604,2000,10350.0,0.0,80.0,0.4638,0.4781,0.5169,0.5351,1.5431,o,,,,
174604,2001,10050.0,0.0,55.0,0.3284,0.3372,0.3611,0.3722,1.4625,o,,,,
174604,2002,10860.0,0.0,61.0,0.337,0.338,0.3407,0.3419,1.0445,o,130.0,,5252.0,
174604,2003,9180.0,0.0,49.0,0.3203,0.313,0.295,0.2874,0.7202,o,147.0,,5710.0,135.0
174604,2004,9073.0,0.0,47.0,0.3108,0.3099,0.3077,0.3067,0.9608,o,142.0,,6272.0,139.0
174604,2005,9698.0,0.0,49.0,0.3032,0.3037,0.3051,0.3057,1.0253,o,111.0,,6873.0,131.0
174604,2006,9607.0,0.0,63.0,0.3935,0.3863,0.3684,0.3607,0.7682,o,112.0,,6944.0,146.0
174604,2007,9096.0,0.0,53.0,0.3496,0.3466,0.3391,0.3358,0.8854,o,122.0,41.0,6976.0,141.0
174604,2008,9118.0,0.0,46.0,0.3027,0.3046,0.3096,0.3118,1.0942,o,67.0,23.0,6837.0,156.0
174604,2009,7840.0,0.0,47.0,0.3597,0.3459,0.3129,0.2993,0.5726,o,104.0,29.0,6934.0,157.0
174604,2010,8883.0,0.0,45.0,0.304,0.306,0.3113,0.3137,1.1005,o,100.0,44.0,7106.0,153.0
174604,2011,9201.0,0.0,58.0,0.3782,0.3824,0.3933,0.3983,1.1696,o,101.0,35.0,7259.0,144.0
174604,2012,9051.0,0.0,62.0,0.411,0.4107,0.41,0.4097,0.9902,o,88.0,34.0,6995.0,124.0
174604,2013,9538.0,0.0,70.0,0.4403,0.4363,0.426,0.4215,0.8756,o,66.0,30.0,7116.0,148.0
174604,2014,8001.0,0.0,80.0,0.5999,0.585,0.5484,0.5329,0.6984,o,77.0,23.0,7008.0,123.0
174604,2015,8328.0,0.0,69.0,0.4971,0.4971,0.4971,0.4971,1.0,o,58.0,29.0,6949.0,116.0
174604,2016,8112.0,0.0,62.0,0.4586,0.4519,0.4352,0.428,0.8112,o,61.0,31.0,6904.0,119.0
174604,2017,7326.0,0.0,64.0,0.5242,0.5205,0.5111,0.5069,0.9037,o,64.0,24.0,6727.0,121.0
174604,2018,7072.0,0.0,60.0,0.509,0.5117,0.5184,0.5214,1.0756,o,60.0,23.0,6636.0,124.0
174604,2019,6473.0,0.0,55.0,0.5098,0.5084,0.5046,0.503,0.96,o,49.0,26.0,6498.0,131.0
174604,2020,5300.0,0.0,47.0,0.5321,0.5234,0.5017,0.4923,0.7903,o,48.0,14.0,6571.0,137.0
174604,2021,4560.0,0.0,28.0,0.3684,0.3652,0.3569,0.3533,0.8807,o,48.0,16.0,6466.0,144.0
174622,1998,9749.0,0.0,53.0,0.3262,0.3262,0.3262,0.3262,,-,,,,
174622,1999,15200.0,0.0,58.0,0.2289,0.2289,0.2289,0.2289,,-,,,,
174622,2001,11937.0,0.0,54.0,0.2714,0.2714,0.2714,0.2714,,-,,,,
174622,2002,10922.0,0.0,67.0,0.3681,0.3681,0.3681,0.3681,,-,75.0,,18110.0,
174622,2003,12030.0,0.0,60.0,0.2993,0.2993,0.2993,0.2993,,-,118.0,,18736.0,486.0
174622,2004,13600.0,0.0,54.0,0.2382,0.2382,0.2382,0.2382,,-,172.0,,19030.0,423.0
174622,2005,11413.0,0.0,79.0,0.4153,0.4153,0.4153,0.4153,,-,43.0,,19919.0,611.0
174622,2007,12063.0,0.0,88.0,0.4377,0.4377,0.4377,0.4377,,-,69.0,87.0,26678.0,691.0
174622,2008,17124.0,1.0,83.0,0.2978,0.2978,0.2978,0.2978,,-,78.0,108.0,25023.0,665.0
174622,2009,22219.0,15.0,113.0,0.3862,0.3862,0.3862,0.3862,,-,,,21064.0,
174631,1998,8242.0,0.0,42.0,0.3058,0.3058,0.3058,0.3058,,-,,,,
174631,1999,8290.0,0.0,56.0,0.4053,0.4053,0.4053,0.4053,,-,,,,
174631,2001,8000.0,0.0,53.0,0.3975,0.3975,0.3975,0.3975,,-,,,,
174631,2002,10368.0,0.0,56.0,0.3241,0.3241,0.3241,0.3241,,-,155.0,,16369.0,
174631,2003,10280.0,0.0,78.0,0.4553,0.4553,0.4553,0.4553,,-,68.0,,17486.0,525.0
174631,2004,11671.0,0.0,69.0,0.3547,0.3547,0.3547,0.3547,,-,70.0,,17761.0,415.0
174631,2005,14141.0,0.0,64.0,0.2716,0.2716,0.2716,0.2716,,-,198.0,,18591.0,523.0
174631,2006,13222.0,0.0,88.0,0.3993,0.3993,0.3993,0.3993,,-,128.0,106.0,20683.0,311.0
174631,2007,14580.0,0.0,115.0,0.4733,0.4733,0.4733,0.4733,,-,83.0,80.0,21438.0,710.0
174631,2008,16360.0,1.0,141.0,0.5244,0.5244,0.5244,0.5244,,-,91.0,116.0,25023.0,753.0
174631,2009,20040.0,15.0,127.0,0.4701,0.4701,0.4701,0.4701,,-,,,21064.0,
174659,2000,34380.0,0.0,94.0,0.164,0.1676,0.177,0.1813,1.3541,o,,,,
174659,2001,32580.0,0.0,72.0,0.1326,0.1315,0.1286,0.1273,0.8845,o,,,,
174659,2002,41070.0,0.0,126.0,0.1841,0.1879,0.198,0.2027,1.3395,o,757.0,,5029.0,
174659,2003,42060.0,0.0,119.0,0.1698,0.1727,0.1804,0.184,1.2755,o,604.0,,5453.0,
174668,1998,220.0,0.0,0.0,0.0,0.0,0.0,0.0,,-,,,,
174738,1998,86079.0,0.0,549.0,0.3827,0.3675,0.3313,0.3164,0.5621,o,,,,
174738,1999,135072.0,0.0,583.0,0.259,0.2489,0.2246,0.2146,0.5659,o,,,,
174738,2000,94980.0,0.0,521.0,0.3291,0.3401,0.3699,0.384,1.5957,o,,,,
174738,2001,104190.0,0.0,535.0,0.3081,0.3177,0.3438,0.3561,1.5509,o,,,,
174738,2002,112320.0,0.0,576.0,0.3077,0.3077,0.3078,0.3078,1.0015,o,1422.0,,3865.0,
174738,2003,120330.0,0.0,621.0,0.3096,0.3096,0.3095,0.3094,0.9975,o,1392.0,,4237.0,175.0
174738,2004,126887.0,0.0,672.0,0.3178,0.3179,0.3181,0.3183,1.0047,o,1364.0,,5852.0,180.0
174738,2005,131493.0,0.0,777.0,0.3545,0.3538,0.3518,0.3509,0.9694,o,1410.0,,6459.0,178.0
174738,2006,131652.0,0.0,797.0,0.3632,0.3638,0.3653,0.366,1.0232,o,1116.0,,6650.0,188.0
174738,2007,128200.0,0.0,766.0,0.3585,0.3531,0.3395,0.3337,0.8046,o,1242.0,572.0,6803.0,185.0
174738,2008,128114.0,0.0,816.0,0.3822,0.3817,0.3806,0.3801,0.9834,o,1264.0,570.0,6813.0,185.0
174738,2009,132286.0,0.0,872.0,0.3955,0.3974,0.4025,0.4047,1.0721,o,1345.0,657.0,6935.0,181.0
174738,2010,141415.0,0.0,845.0,0.3585,0.3603,0.3649,0.367,1.0734,o,1184.0,666.0,7186.0,155.0
174738,2011,139420.0,0.0,819.0,0.3525,0.3501,0.344,0.3414,0.9076,o,1168.0,610.0,7202.0,153.0
174738,2012,133131.0,0.0,882.0,0.3975,0.3953,0.3897,0.3872,0.9237,o,1070.0,649.0,7395.0,154.0
174738,2013,133319.0,0.0,881.0,0.3965,0.3939,0.3872,0.3843,0.9099,o,1051.0,592.0,7497.0,147.0
174738,2014,128874.0,0.0,949.0,0.4418,0.4399,0.435,0.4328,0.9392,o,1010.0,554.0,7383.0,139.0
174738,2015,124034.0,0.0,829.0,0.401,0.3997,0.3962,0.3946,0.9524,o,965.0,545.0,7342.0,141.0
174738,2016,118429.0,0.0,828.0,0.4195,0.4176,0.4127,0.4105,0.9364,o,932.0,483.0,7309.0,150.0
174738,2017,110460.0,0.0,777.0,0.4221,0.4203,0.416,0.4141,0.9438,o,894.0,484.0,7124.0,152.0
174738,2018,106453.0,0.0,784.0,0.4419,0.4401,0.4354,0.4333,0.9425,o,876.0,480.0,7024.0,150.0
174738,2019,104941.0,0.0,719.0,0.4111,0.4099,0.4069,0.4055,0.9595,o,880.0,427.0,6881.0,148.0
174738,2020,100875.0,0.0,706.0,0.4199,0.4198,0.4193,0.4191,0.9944,o,856.0,429.0,7878.0,165.0
174738,2021,100950.0,0.0,662.0,0.3935,0.3928,0.391,0.3902,0.9749,o,786.0,371.0,6130.0,158.0
174738,2022,91579.0,0.0,684.0,0.4481,0.445,0.4372,0.4337,0.9055,o,729.0,351.0,5893.0,151.0
174738,2023,89430.0,0.0,659.0,0.4421,0.4385,0.4292,0.4251,0.8879,o,725.0,351.0,5869.0,149.0
174738,2024,93599.0,0.0,641.0,0.4109,0.4096,0.4064,0.405,0.9571,o,866.0,390.0,6359.0,141.0
174747,1998,63511.0,482.0,0.0,0.9107,0.916,0.9171,0.9198,1.02,o,,,,
174747,1999,66402.0,427.0,0.0,0.7717,0.7835,0.786,0.7922,1.054,o,,,,
174747,2000,64691.0,466.0,0.0,0.8644,0.8736,0.8755,0.8804,1.0372,o,,,,
174747,2001,65333.0,479.0,0.0,0.8798,0.8825,0.8831,0.8845,1.0108,o,,,,
174747,2002,65947.0,493.0,0.0,0.8971,0.9058,0.9076,0.9121,1.0338,o,516.0,,31725.0,
174747,2003,65994.0,459.0,0.0,0.8346,0.8441,0.8461,0.8511,1.0398,o,516.0,,32145.0,651.0
174747,2004,65836.0,475.0,0.0,0.8658,0.8665,0.8667,0.867,1.0029,o,483.0,,34303.0,672.0
174747,2005,64936.0,504.0,0.0,0.9314,0.913,0.9093,0.8999,0.9336,o,576.0,,35021.0,701.0
174747,2006,58081.0,466.0,0.0,0.9628,0.9594,0.9587,0.9569,0.9879,o,540.0,,36543.0,794.0
174747,2007,61259.0,440.0,0.0,0.8619,0.8817,0.8858,0.8963,1.0814,o,537.0,34.0,37694.0,774.0
174747,2008,62206.0,441.0,0.0,0.8507,0.8695,0.8734,0.8833,1.0781,o,520.0,30.0,38880.0,771.0
174747,2009,62121.0,488.0,0.0,0.9427,0.9422,0.9421,0.9418,0.9981,o,551.0,33.0,41248.0,803.0
174747,2010,61033.0,486.0,0.0,0.9555,0.9442,0.9419,0.9361,0.9597,o,535.0,24.0,43151.0,809.0
174747,2011,61173.0,479.0,0.0,0.9396,0.9419,0.9424,0.9435,1.0084,o,528.0,39.0,45013.0,824.0
174747,2012,61435.0,455.0,0.0,0.8887,0.8902,0.8905,0.8913,1.0057,o,495.0,37.0,46680.0,834.0
174747,2013,60739.0,504.0,0.0,0.9957,0.9826,0.9799,0.9732,0.9552,o,543.0,38.0,48416.0,868.0
174747,2014,59692.0,495.0,0.0,0.9951,0.9821,0.9795,0.9729,0.9558,o,550.0,35.0,49933.0,863.0
174747,2015,59171.0,479.0,0.0,0.9714,0.9793,0.9809,0.985,1.0282,o,475.0,29.0,51438.0,869.0
174747,2016,57387.0,422.0,0.0,0.8824,0.8829,0.883,0.8833,1.002,o,507.0,30.0,52954.0,889.0
174747,2017,63820.0,475.0,0.0,0.8931,0.8789,0.876,0.8687,0.946,o,524.0,24.0,53887.0,785.0
174747,2018,62145.0,503.0,0.0,0.9713,0.955,0.9516,0.9433,0.9433,o,445.0,26.0,54509.0,777.0
174747,2019,57597.0,403.0,0.0,0.8396,0.8261,0.8233,0.8164,0.9454,o,438.0,25.0,55231.0,776.0
174747,2020,56250.0,428.0,0.0,0.9131,0.8854,0.8797,0.8658,0.8992,o,400.0,26.0,55842.0,768.0
174747,2021,53488.0,456.0,0.0,1.023,0.9634,0.9514,0.9223,0.8128,o,389.0,24.0,56545.0,747.0
174747,2022,49162.0,373.0,0.0,0.9105,0.8578,0.8473,0.8216,0.8142,o,324.0,16.0,54990.0,726.0
174747,2023,45347.0,398.0,0.0,1.0532,0.9899,0.9773,0.9464,0.8075,o,379.0,21.0,53940.0,715.0
174747,2024,44710.0,338.0,0.0,0.9072,0.8621,0.8531,0.8309,0.8389,o,363.0,21.0,53884.0,680.0
174756,1998,59100.0,0.0,107.0,0.1086,0.1078,0.1057,0.1048,0.8969,o,,,,
174756,2000,62460.0,0.0,142.0,0.1364,0.1365,0.1369,0.1371,1.0146,o,,,,
174756,2001,66960.0,0.0,162.0,0.1452,0.1456,0.1469,0.1474,1.0474,o,,,,
174756,2002,71880.0,0.0,224.0,0.187,0.1885,0.1924,0.1941,1.12,o,941.0,,4419.0,
174756,2003,78930.0,0.0,298.0,0.2265,0.2278,0.2311,0.2326,1.0829,o,988.0,,5215.0,161.0
174756,2004,81980.0,0.0,388.0,0.284,0.2853,0.2886,0.2902,1.0675,o,1044.0,,5532.0,179.0
174756,2005,82153.0,0.0,387.0,0.2826,0.2842,0.2883,0.2901,1.0824,o,1040.0,,6131.0,172.0
174756,2006,79984.0,0.0,412.0,0.3091,0.3096,0.3109,0.3115,1.0236,o,905.0,,6198.0,174.0
174756,2007,83454.0,0.0,375.0,0.2696,0.267,0.2603,0.2574,0.8685,o,991.0,491.0,6506.0,179.0
174756,2008,89486.0,0.0,382.0,0.2561,0.2565,0.2573,0.2577,1.019,o,927.0,514.0,6472.0,179.0
174756,2009,91379.0,0.0,366.0,0.2403,0.2399,0.239,0.2385,0.9778,o,1035.0,693.0,6639.0,182.0
174756,2010,104508.0,0.0,456.0,0.2618,0.2632,0.2668,0.2685,1.0792,o,948.0,670.0,6604.0,150.0
174756,2011,110038.0,0.0,657.0,0.3582,0.3574,0.3552,0.3542,0.9664,o,862.0,695.0,6868.0,132.0
174756,2012,103420.0,0.0,672.0,0.3899,0.3861,0.3765,0.3723,0.8694,o,910.0,726.0,7004.0,134.0
174756,2013,104790.0,0.0,779.0,0.446,0.4462,0.4466,0.4468,1.0055,o,976.0,687.0,7076.0,134.0
174756,2014,104499.0,0.0,892.0,0.5122,0.5156,0.5247,0.5288,1.1016,o,1031.0,681.0,6979.0,133.0
174756,2015,103852.0,0.0,866.0,0.5003,0.5035,0.5116,0.5153,1.0933,o,930.0,602.0,6929.0,130.0
174756,2016,101189.0,0.0,865.0,0.5129,0.5102,0.5032,0.5002,0.9268,o,907.0,613.0,6904.0,139.0
174756,2017,96060.0,0.0,883.0,0.5515,0.5485,0.5409,0.5375,0.925,o,895.0,579.0,6750.0,131.0
174756,2018,93481.0,0.0,781.0,0.5013,0.5004,0.498,0.497,0.9744,o,898.0,599.0,6679.0,124.0
174756,2019,93924.0,0.0,762.0,0.4868,0.4867,0.4864,0.4862,0.9967,o,791.0,595.0,6561.0,121.0
174756,2020,91941.0,0.0,675.0,0.4405,0.4367,0.4269,0.4227,0.8823,o,633.0,475.0,6656.0,128.0
174756,2021,84570.0,0.0,731.0,0.5186,0.5083,0.4826,0.4716,0.7496,o,600.0,487.0,6573.0,136.0
174756,2022,77048.0,0.0,706.0,0.5498,0.5432,0.5268,0.5196,0.8427,o,610.0,451.0,6444.0,126.0
174756,2023,73911.0,0.0,610.0,0.4952,0.4948,0.4939,0.4935,0.9895,o,588.0,486.0,6289.0,131.0
174756,2024,77233.0,0.0,572.0,0.4444,0.4435,0.4412,0.4402,0.9719,o,872.0,409.0,4957.0,124.0
174783,1998,345503.0,2349.0,94.0,0.8322,0.8501,0.8585,0.87,1.0929,o,,,,
174783,1999,339520.0,2167.0,91.0,0.782,0.805,0.8157,0.8306,1.1283,o,,,,
174783,2000,348492.0,1976.0,73.0,0.693,0.7172,0.7286,0.7445,1.1541,o,,,,
174783,2001,391112.0,1903.0,83.0,0.5966,0.6106,0.6171,0.626,1.1011,o,,,,
174783,2002,382966.0,2109.0,96.0,0.6759,0.687,0.6921,0.6992,1.0702,o,2334.0,,6168.0,
174783,2003,391230.0,2333.0,96.0,0.7303,0.735,0.7371,0.74,1.0267,o,2193.0,,6792.0,205.0
174783,2004,382864.0,2460.0,72.0,0.7823,0.7794,0.7781,0.7763,0.9848,o,2070.0,,7546.0,230.0
174783,2005,378858.0,2312.0,109.0,0.7496,0.7352,0.7288,0.72,0.9227,o,2019.0,,8331.0,226.0
174783,2006,376774.0,2391.0,104.0,0.7781,0.7502,0.7377,0.7211,0.8589,o,2159.0,,8292.0,233.0
174783,2007,380923.0,2408.0,120.0,0.7775,0.7627,0.756,0.7469,0.9229,o,2342.0,1365.0,8654.0,242.0
174783,2008,389330.0,2412.0,100.0,0.7588,0.7688,0.7734,0.7797,1.0558,o,2375.0,1109.0,8714.0,242.0
174783,2009,392858.0,2491.0,120.0,0.7792,0.8064,0.8192,0.8369,1.1536,o,2360.0,1253.0,8844.0,247.0
174783,2010,405676.0,2361.0,120.0,0.7161,0.738,0.7482,0.7624,1.1333,o,2251.0,1202.0,9049.0,218.0
174783,2011,401920.0,2509.0,128.0,0.7682,0.7727,0.7747,0.7775,1.0244,o,1894.0,1132.0,9297.0,226.0
174783,2012,375604.0,2492.0,141.0,0.8187,0.7937,0.7825,0.7674,0.8787,o,1907.0,1118.0,9667.0,223.0
174783,2013,350022.0,2387.0,159.0,0.8456,0.8022,0.783,0.7576,0.8027,o,1701.0,1078.0,9989.0,223.0
174783,2014,331463.0,2199.0,151.0,0.8234,0.7764,0.7557,0.7284,0.7825,o,1682.0,1026.0,9893.0,222.0
174783,2015,313992.0,2223.0,160.0,0.8801,0.8383,0.8197,0.7951,0.8162,o,1835.0,1043.0,9860.0,222.0
174783,2016,310541.0,2105.0,138.0,0.8401,0.8246,0.8176,0.8081,0.9253,o,1782.0,1045.0,10130.0,230.0
174783,2017,300387.0,2070.0,146.0,0.8561,0.8566,0.8568,0.8572,1.0025,o,1497.0,1008.0,10084.0,237.0
174783,2018,288124.0,1950.0,137.0,0.8407,0.8344,0.8315,0.8277,0.9693,o,1276.0,932.0,10254.0,235.0
174783,2019,268585.0,1982.0,138.0,0.9164,0.8655,0.8432,0.8137,0.7885,o,1224.0,789.0,10085.0,232.0
174783,2020,243393.0,1934.0,120.0,0.9831,0.8997,0.8639,0.8173,0.6912,o,1007.0,765.0,10404.0,250.0
174783,2021,212267.0,1787.0,122.0,1.0447,0.9525,0.913,0.8617,0.6804,o,819.0,650.0,10247.0,237.0
174783,2022,184546.0,1553.0,111.0,1.0459,0.9461,0.9036,0.8487,0.6585,o,763.0,609.0,10060.0,253.0
174783,2023,169887.0,1329.0,111.0,0.9779,0.8762,0.8332,0.7779,0.6328,o,895.0,643.0,10473.0,244.0
174783,2024,165478.0,1243.0,94.0,0.9355,0.8711,0.8432,0.8064,0.7432,o,928.0,641.0,10117.0,241.0
174792,1998,54405.0,363.0,0.0,0.8007,0.8012,0.8013,0.8016,1.0023,o,,,,
174792,1999,56913.0,380.0,0.0,0.8012,0.8058,0.8067,0.8091,1.0198,o,,,,
174792,2000,58116.0,348.0,0.0,0.7186,0.7296,0.7318,0.7376,1.0537,o,,,,
174792,2001,60102.0,422.0,0.0,0.8426,0.8748,0.8816,0.8989,1.1381,o,,,,
174792,2002,59208.0,393.0,0.0,0.7965,0.8331,0.8409,0.8607,1.1676,o,468.0,,31743.0,
174792,2003,59902.0,397.0,0.0,0.7953,0.8122,0.8158,0.8247,1.0754,o,499.0,,32672.0,673.0
174792,2004,61483.0,494.0,0.0,0.9642,0.9557,0.9539,0.9496,0.9699,o,512.0,,34303.0,690.0
174792,2005,59919.0,424.0,0.0,0.8491,0.846,0.8454,0.8437,0.9873,o,447.0,,35649.0,723.0
174792,2006,54726.0,380.0,0.0,0.8332,0.8305,0.8299,0.8285,0.9887,o,506.0,,36574.0,770.0
174792,2007,56741.0,394.0,0.0,0.8333,0.8297,0.829,0.8272,0.9855,o,515.0,34.0,37694.0,759.0
174792,2008,57405.0,441.0,0.0,0.9219,0.9245,0.9251,0.9264,1.0099,o,461.0,38.0,38880.0,772.0
174792,2009,57323.0,408.0,0.0,0.8541,0.8585,0.8594,0.8616,1.0177,o,461.0,32.0,41248.0,780.0
174792,2010,56088.0,429.0,0.0,0.9178,0.9091,0.9073,0.9028,0.9675,o,504.0,27.0,42793.0,795.0
174792,2011,56077.0,450.0,0.0,0.963,0.9473,0.9441,0.9362,0.9452,o,500.0,32.0,44078.0,821.0
174792,2012,56364.0,417.0,0.0,0.8878,0.8951,0.8966,0.9004,1.0287,o,451.0,29.0,45725.0,804.0
174792,2013,55412.0,408.0,0.0,0.8836,0.8915,0.8932,0.8974,1.0315,o,500.0,26.0,47437.0,823.0
174792,2014,54158.0,444.0,0.0,0.9838,0.9796,0.9788,0.9766,0.9855,o,455.0,29.0,48927.0,851.0
174792,2015,51727.0,402.0,0.0,0.9326,0.9192,0.9164,0.9095,0.9512,o,459.0,24.0,50527.0,827.0
174792,2016,50960.0,373.0,0.0,0.8783,0.8683,0.8662,0.8611,0.9611,o,465.0,27.0,52150.0,827.0
174792,2017,56139.0,411.0,0.0,0.8785,0.8712,0.8697,0.866,0.9716,o,469.0,23.0,53199.0,768.0
174792,2018,54978.0,381.0,0.0,0.8316,0.8263,0.8252,0.8224,0.978,o,404.0,25.0,54033.0,761.0
174792,2019,52794.0,384.0,0.0,0.8728,0.8613,0.8589,0.853,0.9551,o,414.0,25.0,54897.0,783.0
174792,2020,51459.0,372.0,0.0,0.8675,0.8374,0.8313,0.8162,0.8853,o,414.0,23.0,55946.0,760.0
174792,2021,51335.0,374.0,0.0,0.8743,0.8442,0.8382,0.8232,0.8865,o,410.0,27.0,56221.0,690.0
174792,2022,48190.0,347.0,0.0,0.8641,0.8497,0.8468,0.8395,0.9439,o,383.0,25.0,54679.0,697.0
174792,2023,47162.0,329.0,0.0,0.8371,0.8296,0.8281,0.8242,0.9694,o,365.0,39.0,53998.0,693.0
174792,2024,46380.0,370.0,0.0,0.9573,0.9295,0.9239,0.9099,0.9034,o,335.0,65.0,53942.0,672.0
174817,1998,56513.0,276.0,0.0,0.5861,0.5883,0.5888,0.59,1.0134,o,,,,
174817,1999,45568.0,276.0,0.0,0.7268,0.7255,0.7252,0.7245,0.9935,o,,,,
174817,2000,46606.0,271.0,0.0,0.6978,0.7081,0.7102,0.7156,1.0518,o,,,,
174817,2001,48706.0,328.0,0.0,0.8081,0.8146,0.8159,0.8192,1.0277,o,,,,
174817,2002,44586.0,329.0,0.0,0.8855,0.8824,0.8818,0.8803,0.9883,o,396.0,,26321.0,
174817,2003,44084.0,352.0,0.0,0.9582,0.9516,0.9503,0.9469,0.9766,o,369.0,,26672.0,503.0
174817,2004,50871.0,336.0,0.0,0.7926,0.7887,0.7879,0.7859,0.9833,o,362.0,,27089.0,437.0
174817,2005,50754.0,368.0,0.0,0.8701,0.8613,0.8595,0.855,0.9657,o,311.0,,28135.0,358.0
174817,2006,50637.0,353.0,0.0,0.8365,0.7977,0.7899,0.7707,0.8487,o,378.0,,29836.0,443.0
174817,2007,52170.0,401.0,0.0,0.9224,0.8948,0.8892,0.8754,0.9007,o,422.0,193.0,31334.0,457.0
174817,2008,57686.0,427.0,0.0,0.8883,0.9118,0.9167,0.9292,1.0944,o,436.0,144.0,32775.0,479.0
174817,2009,57583.0,437.0,0.0,0.9107,0.9771,0.9915,1.0283,1.2749,o,357.0,176.0,34747.0,494.0
174817,2010,59054.0,496.0,0.0,1.0079,1.0498,1.0587,1.0813,1.1509,o,369.0,174.0,35880.0,490.0
174817,2011,55041.0,495.0,0.0,1.0792,1.0492,1.0431,1.0281,0.9075,o,389.0,161.0,36420.0,503.0
174817,2012,52839.0,560.0,0.0,1.2718,1.2269,1.2178,1.1954,0.8834,o,343.0,162.0,37077.0,457.0
174817,2013,51057.0,505.0,0.0,1.1869,1.1597,1.1541,1.1403,0.9231,o,319.0,197.0,37858.0,449.0
174817,2014,48904.0,516.0,0.0,1.2662,1.2327,1.2259,1.2091,0.9118,o,334.0,197.0,38596.0,472.0
174817,2015,48409.0,537.0,0.0,1.3312,1.2748,1.2635,1.2355,0.8615,o,277.0,171.0,39575.0,570.0
174817,2016,45449.0,501.0,0.0,1.3228,1.2553,1.2417,1.2085,0.8347,o,283.0,131.0,40624.0,578.0
174817,2017,41590.0,482.0,0.0,1.3907,1.3248,1.3116,1.2791,0.8459,o,300.0,122.0,41526.0,559.0
174817,2018,39839.0,469.0,0.0,1.4127,1.367,1.3577,1.3348,0.8928,o,306.0,104.0,41825.0,549.0
174817,2019,39266.0,327.0,0.0,0.9993,0.997,0.9965,0.9952,0.9918,o,301.0,128.0,42841.0,544.0
174817,2020,38755.0,358.0,0.0,1.1085,1.1347,1.1402,1.1541,1.0839,o,239.0,97.0,44075.0,590.0
174817,2021,36253.0,376.0,0.0,1.2446,1.2172,1.2117,1.1978,0.9262,o,234.0,70.0,44682.0,548.0
174817,2022,32889.0,365.0,0.0,1.3318,1.2394,1.2211,1.1766,0.7805,o,215.0,63.0,43234.0,588.0
174817,2023,28979.0,320.0,0.0,1.3251,1.2142,1.1924,1.1397,0.7397,o,277.0,76.0,42597.0,569.0
174817,2024,33985.0,317.0,0.0,1.1193,1.0895,1.0834,1.0684,0.9111,o,255.0,88.0,43160.0,515.0
174826,1998,20054.0,0.0,216.0,0.6463,0.5909,0.5801,0.5538,0.7344,o,,,,
174826,1999,15930.0,0.0,266.0,1.0019,0.9285,0.914,0.8787,0.7692,o,,,,
174844,1998,81972.0,655.0,0.0,0.9589,0.9619,0.9625,0.964,1.0108,o,,,,
174844,1999,94950.0,674.0,0.0,0.8518,0.8508,0.8506,0.8501,0.996,o,,,,
174844,2003,87415.0,690.0,0.0,0.9472,0.9477,0.9479,0.9481,1.002,o,720.0,,37726.0,891.0
174844,2004,87450.0,708.0,0.0,0.9715,0.9678,0.967,0.9651,0.9868,o,777.0,,39220.0,907.0
174844,2005,86865.0,689.0,0.0,0.9518,0.9516,0.9516,0.9515,0.9993,o,764.0,,40481.0,927.0
174844,2006,89632.0,715.0,0.0,0.9572,0.9603,0.961,0.9626,1.0112,o,793.0,30.0,41289.0,916.0
174844,2007,89555.0,670.0,0.0,0.8978,0.9077,0.9098,0.915,1.0387,o,751.0,24.0,42648.0,923.0
174844,2008,89942.0,722.0,0.0,0.9633,0.972,0.9738,0.9783,1.0314,o,813.0,36.0,44778.0,938.0
174844,2009,88886.0,690.0,0.0,0.9315,0.9355,0.9364,0.9385,1.0149,o,778.0,25.0,49351.0,1003.0
174844,2010,89636.0,716.0,0.0,0.9585,0.9646,0.9658,0.969,1.0218,o,844.0,38.0,50747.0,1011.0
174844,2011,93072.0,703.0,0.0,0.9064,0.9194,0.9222,0.929,1.0505,o,739.0,35.0,51370.0,1008.0
174844,2012,93309.0,768.0,0.0,0.9877,0.9912,0.9919,0.9937,1.0121,o,864.0,19.0,51908.0,1017.0
174844,2013,94219.0,726.0,0.0,0.9247,0.9267,0.9271,0.9281,1.0075,o,752.0,19.0,52883.0,1003.0
174844,2014,92432.0,780.0,0.0,1.0126,1.0115,1.0113,1.0108,0.9963,o,765.0,26.0,53585.0,1013.0
174844,2015,89486.0,677.0,0.0,0.9079,0.8967,0.8944,0.8887,0.9583,o,763.0,23.0,54438.0,989.0
174844,2016,89772.0,763.0,0.0,1.0199,1.0058,1.003,0.9958,0.9532,o,824.0,23.0,55669.0,969.0
174844,2017,89398.0,681.0,0.0,0.9141,0.9093,0.9083,0.9059,0.9821,o,786.0,25.0,56320.0,925.0
174844,2018,89494.0,681.0,0.0,0.9131,0.929,0.9323,0.9407,1.0613,o,809.0,29.0,57328.0,880.0
174844,2019,90549.0,697.0,0.0,0.9237,0.9353,0.9377,0.9437,1.0438,o,806.0,22.0,58375.0,858.0
174844,2020,90324.0,733.0,0.0,0.9738,0.9788,0.9798,0.9824,1.0176,o,729.0,23.0,59749.0,802.0
174844,2021,88028.0,675.0,0.0,0.9202,0.9075,0.9049,0.8985,0.9534,o,755.0,38.0,60054.0,728.0
174844,2022,87558.0,698.0,0.0,0.9566,0.9368,0.9328,0.9227,0.9304,o,868.0,19.0,57781.0,631.0
174844,2023,88862.0,687.0,0.0,0.9277,0.9291,0.9293,0.93,1.005,o,825.0,32.0,56571.0,624.0
174844,2024,90017.0,646.0,0.0,0.8612,0.886,0.8912,0.9044,1.1029,o,859.0,20.0,56970.0,592.0
174862,1998,16906.0,114.0,14.0,0.8589,0.8871,0.893,0.9081,1.1179,o,,,,
174862,1999,19486.0,119.0,38.0,0.8498,0.8408,0.8389,0.8342,0.9636,o,,,,
174862,2000,21112.0,111.0,23.0,0.6963,0.7121,0.7154,0.7237,1.0804,o,,,,
174862,2002,23350.0,134.0,14.0,0.7246,0.8253,0.8478,0.9068,1.566,o,137.0,,19654.0,
174862,2003,24775.0,143.0,27.0,0.758,0.8091,0.8201,0.8482,1.2521,o,117.0,,20362.0,520.0
174862,2004,25679.0,119.0,31.0,0.6285,0.5983,0.5923,0.5774,0.8439,o,140.0,,19937.0,540.0
174862,2005,26936.0,155.0,23.0,0.7418,0.6887,0.6782,0.6526,0.7741,o,171.0,,23104.0,517.0
174862,2006,29928.0,191.0,28.0,0.822,0.8282,0.8295,0.8328,1.0264,o,156.0,51.0,24378.0,527.0
174862,2007,30932.0,159.0,20.0,0.6556,0.7055,0.7162,0.7439,1.2874,o,142.0,49.0,25792.0,527.0
174862,2008,29766.0,203.0,36.0,0.8909,0.93,0.9383,0.9594,1.1595,o,168.0,58.0,27200.0,544.0
174862,2009,28362.0,206.0,14.0,0.9012,0.9004,0.9002,0.8998,0.9968,o,149.0,55.0,27622.0,535.0
174862,2010,26942.0,226.0,14.0,1.0378,1.0285,1.0266,1.0218,0.9694,o,148.0,49.0,28404.0,523.0
174862,2011,25474.0,181.0,14.0,0.8856,0.8847,0.8846,0.8841,0.9966,o,158.0,54.0,29133.0,530.0
174862,2012,26698.0,207.0,10.0,0.9529,0.9493,0.9486,0.9467,0.9871,o,185.0,57.0,29212.0,526.0
174862,2013,28534.0,198.0,13.0,0.86,0.8799,0.8841,0.8946,1.082,o,210.0,53.0,29543.0,515.0
174862,2014,28870.0,197.0,10.0,0.8396,0.912,0.9277,0.9683,1.33,o,158.0,56.0,29531.0,516.0
174862,2015,26987.0,185.0,10.0,0.8449,0.8913,0.9012,0.9265,1.2026,o,162.0,103.0,30261.0,519.0
174862,2016,24389.0,182.0,21.0,0.9471,0.9283,0.9244,0.9148,0.9329,o,166.0,102.0,30777.0,539.0
174862,2017,25090.0,205.0,13.0,1.0116,0.9585,0.9478,0.9218,0.8304,o,141.0,99.0,31487.0,517.0
174862,2018,24912.0,184.0,19.0,0.9321,0.8844,0.8748,0.8513,0.8342,o,168.0,101.0,31693.0,508.0
174862,2019,25887.0,218.0,14.0,1.043,1.0325,1.0303,1.0249,0.9656,o,132.0,102.0,31969.0,491.0
174862,2020,24976.0,167.0,13.0,0.8336,0.8123,0.808,0.7972,0.9146,o,159.0,92.0,32416.0,465.0
174862,2021,25554.0,209.0,24.0,1.0378,1.0218,1.0185,1.0104,0.9479,o,164.0,86.0,32659.0,473.0
174862,2022,25349.0,146.0,18.0,0.7338,0.7432,0.7452,0.7502,1.0453,o,207.0,86.0,30838.0,438.0
174862,2023,26714.0,155.0,29.0,0.7614,0.8098,0.8202,0.8467,1.2367,o,205.0,78.0,30258.0,409.0
174862,2024,28876.0,146.0,37.0,0.6836,0.7561,0.7721,0.8134,1.4158,o,196.0,66.0,30200.0,412.0
174899,1998,48240.0,309.0,0.0,0.7687,0.7783,0.7804,0.7854,1.0441,o,,,,
174899,1999,45376.0,316.0,0.0,0.8357,0.8167,0.8128,0.8032,0.9238,o,,,,
174899,2000,44947.0,291.0,0.0,0.7769,0.7699,0.7685,0.7649,0.9693,o,,,,
174899,2001,48915.0,296.0,0.0,0.7262,0.7727,0.7827,0.8083,1.239,o,,,,
174899,2002,58159.0,325.0,0.0,0.6706,0.7318,0.7452,0.7796,1.3517,o,402.0,,29759.0,
174899,2004,75499.0,444.0,0.0,0.7057,0.752,0.7619,0.7874,1.2448,o,446.0,,31827.0,544.0
174899,2005,79954.0,568.0,0.0,0.8525,0.9165,0.9303,0.9658,1.2834,o,508.0,,33206.0,544.0
174899,2006,84629.0,649.0,0.0,0.9203,1.0001,1.0175,1.0622,1.3324,o,499.0,334.0,34449.0,539.0
174899,2007,79451.0,614.0,0.0,0.9274,0.9778,0.9885,1.016,1.2002,o,500.0,291.0,35652.0,612.0
174899,2008,82831.0,680.0,0.0,0.9851,1.021,1.0286,1.0479,1.1314,o,578.0,375.0,36568.0,592.0
174899,2009,84330.0,670.0,0.0,0.9534,0.9878,0.9951,1.0135,1.13,o,551.0,326.0,38114.0,638.0
174899,2010,92915.0,712.0,0.0,0.9196,0.9506,0.9571,0.9737,1.1212,o,596.0,359.0,39002.0,605.0
174899,2011,89677.0,743.0,0.0,0.9942,1.0349,1.0435,1.0653,1.1481,o,515.0,406.0,39608.0,609.0
174899,2012,91074.0,763.0,0.0,1.0053,1.0142,1.016,1.0206,1.0306,o,477.0,434.0,40146.0,570.0
174899,2013,90543.0,757.0,0.0,1.0033,0.9663,0.9589,0.9404,0.8787,o,432.0,449.0,40636.0,607.0
174899,2014,90552.0,841.0,0.0,1.1145,1.0418,1.0274,0.9922,0.7925,o,461.0,391.0,41620.0,614.0
174899,2015,86780.0,924.0,0.0,1.2777,1.1993,1.1837,1.1455,0.8038,o,440.0,489.0,42874.0,624.0
174899,2016,85654.0,816.0,0.0,1.1432,1.1117,1.1053,1.0895,0.9083,o,451.0,466.0,44071.0,619.0
174899,2017,83068.0,836.0,0.0,1.2077,1.2007,1.1993,1.1957,0.9802,o,482.0,373.0,45033.0,629.0
174899,2018,87317.0,905.0,0.0,1.2437,1.2596,1.263,1.2713,1.0448,o,397.0,387.0,45130.0,581.0
174899,2019,80690.0,841.0,0.0,1.2507,1.2418,1.2399,1.2353,0.9756,o,450.0,423.0,45406.0,598.0
174899,2020,80825.0,727.0,0.0,1.0794,1.0636,1.0604,1.0524,0.9506,o,330.0,317.0,46013.0,591.0
174899,2021,72740.0,746.0,0.0,1.2307,1.1684,1.1559,1.1253,0.836,o,355.0,323.0,46001.0,572.0
174899,2022,66786.0,695.0,0.0,1.2488,1.1616,1.1444,1.1024,0.7793,o,367.0,254.0,43234.0,543.0
174899,2023,63431.0,661.0,0.0,1.2505,1.1939,1.1825,1.1545,0.8524,o,349.0,191.0,40795.0,474.0
174899,2024,59468.0,603.0,0.0,1.2168,1.187,1.1809,1.1658,0.9179,o,375.0,178.0,40454.0,478.0
174914,1998,142078.0,925.0,0.0,0.7813,0.8257,0.8353,0.8595,1.2104,o,,,,
174914,1999,149133.0,1019.0,0.0,0.8199,0.868,0.8782,0.9045,1.2169,o,,,,
174914,2000,152474.0,1104.0,0.0,0.8689,0.8976,0.9036,0.9189,1.1186,o,,,,
174914,2001,155935.0,1129.0,0.0,0.8688,0.8885,0.8926,0.9031,1.0803,o,,,,
174914,2002,180304.0,1073.0,0.0,0.7141,0.7287,0.7318,0.7395,1.0723,o,1103.0,,31909.0,
174914,2003,161794.0,1153.0,0.0,0.8552,0.8647,0.8667,0.8717,1.039,o,1038.0,,33083.0,677.0
174914,2004,156577.0,1075.0,0.0,0.8239,0.8242,0.8243,0.8245,1.0014,o,1162.0,,34175.0,698.0
174914,2005,159833.0,1025.0,0.0,0.7696,0.773,0.7738,0.7756,1.0157,o,1326.0,,35134.0,750.0
174914,2006,171773.0,1089.0,0.0,0.7608,0.7899,0.796,0.8116,1.1382,o,1299.0,306.0,35649.0,773.0
174914,2007,179076.0,1154.0,0.0,0.7733,0.8204,0.8305,0.8563,1.2261,o,1315.0,310.0,36853.0,794.0
174914,2008,188109.0,1213.0,0.0,0.7738,0.8135,0.8219,0.8435,1.1882,o,1322.0,293.0,38447.0,801.0
174914,2009,187964.0,1274.0,0.0,0.8133,0.8272,0.8301,0.8373,1.0599,o,1352.0,285.0,40031.0,841.0
174914,2010,187776.0,1289.0,0.0,0.8237,0.8282,0.8291,0.8314,1.0187,o,1519.0,258.0,42123.0,780.0
174914,2011,192223.0,1282.0,0.0,0.8003,0.8224,0.827,0.8387,1.0983,o,1324.0,245.0,42566.0,773.0
174914,2012,191222.0,1335.0,0.0,0.8378,0.8562,0.8601,0.8699,1.0781,o,1447.0,275.0,43639.0,803.0
174914,2013,196391.0,1361.0,0.0,0.8316,0.8402,0.842,0.8466,1.0363,o,1368.0,271.0,45166.0,820.0
174914,2014,195360.0,1511.0,0.0,0.9281,0.9228,0.9218,0.919,0.9805,o,1409.0,252.0,46486.0,847.0
174914,2015,191980.0,1421.0,0.0,0.8882,0.8822,0.8809,0.8778,0.9768,o,1435.0,234.0,47887.0,847.0
174914,2016,193299.0,1356.0,0.0,0.8418,0.8482,0.8495,0.8528,1.0263,o,1349.0,203.0,49401.0,851.0
174914,2017,188460.0,1368.0,0.0,0.8711,0.8683,0.8677,0.8663,0.989,o,1498.0,236.0,50474.0,851.0
174914,2018,193601.0,1403.0,0.0,0.8696,0.8759,0.8772,0.8805,1.0252,o,1759.0,187.0,51263.0,822.0
174914,2019,200968.0,1406.0,56.0,0.8563,0.8906,0.8979,0.9163,1.1452,o,1579.0,182.0,52147.0,790.0
174914,2020,204251.0,1335.0,77.0,0.8069,0.8506,0.8599,0.8836,1.199,o,1487.0,164.0,55025.0,795.0
174914,2021,203608.0,1401.0,79.0,0.849,0.8674,0.8713,0.881,1.0769,o,1349.0,165.0,55307.0,770.0
174914,2022,193175.0,1546.0,48.0,0.9753,0.9369,0.9292,0.9101,0.8707,o,1586.0,184.0,53019.0,711.0
174914,2023,190635.0,1376.0,44.0,0.88,0.8478,0.8413,0.8252,0.8793,o,1681.0,186.0,52136.0,691.0
174914,2024,194549.0,1423.0,52.0,0.8938,0.9104,0.9138,0.9226,1.0656,o,1759.0,218.0,52284.0,666.0
174932,1998,6229.0,25.0,0.0,0.4816,0.5328,0.5441,0.5732,1.4167,o,,,,
174932,1999,6692.0,27.0,0.0,0.4842,0.5486,0.5629,0.6005,1.5385,o,,,,
174932,2000,7282.0,34.0,0.0,0.5603,0.6238,0.6378,0.6742,1.4478,o,,,,
174932,2001,6984.0,28.0,0.0,0.4811,0.4984,0.502,0.5113,1.1294,o,,,,
174932,2002,5802.0,29.0,0.0,0.5998,0.5817,0.5781,0.569,0.9,o,27.0,,23347.0,
174932,2003,5781.0,48.0,0.0,0.9964,0.9102,0.8933,0.8524,0.732,o,37.0,,23635.0,822.0
174932,2004,5496.0,31.0,0.0,0.6769,0.6018,0.5873,0.5527,0.6667,o,42.0,,26709.0,880.0
174932,2005,4838.0,47.0,0.0,1.1658,1.1225,1.1138,1.0922,0.8778,o,44.0,,28216.0,940.0
174932,2006,5176.0,44.0,0.0,1.0201,1.0784,1.0909,1.1227,1.2113,o,37.0,9.0,28108.0,821.0
174932,2007,4953.0,27.0,0.0,0.6541,0.7004,0.7104,0.7359,1.2656,o,44.0,18.0,30150.0,844.0
174932,2008,5310.0,32.0,0.0,0.7232,0.7284,0.7295,0.7323,1.0253,o,49.0,18.0,31731.0,846.0
174932,2009,5816.0,37.0,0.0,0.7634,0.7809,0.7846,0.7939,1.0814,o,37.0,9.0,32267.0,855.0
174932,2010,5865.0,16.0,0.0,0.3274,0.3331,0.3343,0.3373,1.0617,o,54.0,12.0,32441.0,833.0
174932,2011,6498.0,42.0,0.0,0.7756,0.8023,0.8079,0.8221,1.1235,o,46.0,16.0,33486.0,834.0
174932,2012,6439.0,38.0,0.0,0.7082,0.7232,0.7264,0.7344,1.0753,o,34.0,14.0,33757.0,822.0
175005,1998,53281.0,420.0,0.0,0.9459,0.9428,0.9422,0.9406,0.9888,o,,,,
175005,1999,60419.0,463.0,0.0,0.9196,0.9358,0.9392,0.9478,1.0622,o,,,,
175005,2000,83553.0,539.0,228.0,0.9378,1.0003,1.0137,1.0481,1.2489,o,,,,
175005,2001,86080.0,493.0,182.0,0.8141,0.9008,0.9198,0.9692,1.4172,o,,,,
175005,2002,86191.0,523.0,187.0,0.8583,0.9498,0.97,1.0222,1.4182,o,405.0,,29933.0,
175005,2003,86986.0,506.0,201.0,0.8367,0.9194,0.9375,0.9843,1.3841,o,407.0,,30996.0,583.0
175005,2004,89267.0,584.0,204.0,0.9222,0.9949,1.0107,1.0511,1.2992,o,411.0,,32371.0,610.0
175005,2005,100650.0,526.0,220.0,0.7583,0.7927,0.8,0.8185,1.1652,o,413.0,,33882.0,533.0
175005,2006,87322.0,479.0,172.0,0.7764,0.7936,0.7973,0.8063,1.0785,o,437.0,758.0,35390.0,634.0
175005,2007,91356.0,511.0,191.0,0.7967,0.8073,0.8095,0.8151,1.0468,o,436.0,711.0,36883.0,649.0
175005,2008,91474.0,518.0,191.0,0.8048,0.8202,0.8234,0.8314,1.0672,o,449.0,689.0,37962.0,657.0
175005,2009,90018.0,562.0,183.0,0.8712,0.8894,0.8932,0.9028,1.074,o,506.0,700.0,39444.0,678.0
175005,2010,90767.0,523.0,209.0,0.8296,0.8581,0.8641,0.8793,1.1235,o,512.0,671.0,41109.0,678.0
175005,2011,92889.0,522.0,212.0,0.8113,0.8483,0.8561,0.8761,1.1661,o,463.0,635.0,42113.0,674.0
175005,2012,91321.0,543.0,233.0,0.8666,0.8913,0.8965,0.9096,1.1017,o,464.0,598.0,43050.0,713.0
175005,2013,87704.0,534.0,224.0,0.8839,0.8763,0.8747,0.8708,0.9707,o,444.0,609.0,44349.0,726.0
175005,2014,84976.0,584.0,223.0,0.9822,0.9501,0.9436,0.9276,0.8919,o,478.0,625.0,45743.0,726.0
175005,2015,82194.0,601.0,189.0,1.0154,0.9991,0.9957,0.9874,0.9456,o,431.0,502.0,47545.0,744.0
175005,2016,82596.0,690.0,235.0,1.1732,1.1665,1.1652,1.1617,0.9806,o,430.0,459.0,46023.0,755.0
175005,2017,80308.0,657.0,255.0,1.1722,1.1543,1.1506,1.1415,0.9482,o,399.0,562.0,46938.0,749.0
175005,2018,82409.0,649.0,185.0,1.0797,1.047,1.0403,1.0238,0.8991,o,411.0,535.0,47570.0,747.0
175005,2019,86565.0,559.0,259.0,0.9544,0.923,0.9167,0.901,0.8911,o,335.0,413.0,48264.0,739.0
175005,2020,85121.0,588.0,269.0,1.0186,0.9771,0.9687,0.9481,0.8664,o,327.0,375.0,49260.0,767.0
175005,2021,78197.0,566.0,354.0,1.1402,1.0682,1.0539,1.0189,0.7986,o,313.0,295.0,49717.0,749.0
175005,2022,68272.0,541.0,245.0,1.1662,1.0892,1.0739,1.0366,0.7901,o,346.0,278.0,51006.0,723.0
175005,2023,63668.0,568.0,154.0,1.2157,1.1727,1.164,1.1426,0.8834,o,377.0,349.0,49553.0,683.0
175005,2024,66184.0,484.0,167.0,1.0289,1.0556,1.0612,1.0753,1.0921,o,421.0,339.0,49758.0,663.0
175014,1998,10662.0,0.0,65.0,0.3658,0.3658,0.3658,0.3658,,-,,,,
175014,2001,11354.0,0.0,46.0,0.2431,0.2431,0.2431,0.2431,,-,,,,
175014,2002,11674.0,0.0,70.0,0.3598,0.3598,0.3598,0.3598,,-,136.0,,23385.0,
175014,2003,12164.0,0.0,79.0,0.3897,0.3897,0.3897,0.3897,,-,80.0,,18736.0,561.0
175014,2004,13146.0,0.0,75.0,0.3423,0.3423,0.3423,0.3423,,-,239.0,,21940.0,355.0
175014,2005,14550.0,0.0,96.0,0.3959,0.3959,0.3959,0.3959,,-,99.0,,23902.0,655.0
175014,2006,16063.0,0.0,154.0,0.5752,0.5752,0.5752,0.5752,,-,240.0,,24820.0,669.0
175014,2007,16318.0,0.0,160.0,0.5883,0.5883,0.5883,0.5883,,-,102.0,120.0,25725.0,752.0
175014,2008,20599.0,0.0,153.0,0.4457,0.4457,0.4457,0.4457,,-,101.0,126.0,25023.0,761.0
175014,2010,174169.0,64.0,1067.0,0.4117,0.4117,0.4117,0.4117,,-,577.0,1171.0,21700.0,868.0
175014,2011,189564.0,117.0,1277.0,0.4783,0.4783,0.4783,0.4783,,-,349.0,910.0,21190.0,742.0
175014,2012,169062.0,146.0,1582.0,0.6651,0.6651,0.6651,0.6651,,-,277.0,647.0,19402.0,723.0
175014,2013,137259.0,262.0,1468.0,0.8708,0.8708,0.8708,0.8708,,-,207.0,1010.0,19076.0,723.0
175014,2014,129465.0,261.0,1314.0,0.8509,0.8509,0.8509,0.8509,,-,145.0,847.0,14172.0,733.0
175014,2015,122945.0,239.0,1002.0,0.7223,0.7223,0.7223,0.7223,,-,113.0,758.0,14052.0,733.0
175014,2016,108521.0,344.0,1536.0,1.2296,1.2296,1.2296,1.2296,,-,229.0,570.0,12135.0,741.0
175014,2017,117491.0,156.0,1088.0,0.715,0.715,0.715,0.715,,-,247.0,664.0,11932.0,713.0
175014,2018,122733.0,124.0,1107.0,0.6624,0.6624,0.6624,0.6624,,-,164.0,699.0,13628.0,728.0
175014,2019,114391.0,163.0,1231.0,0.8167,0.8167,0.8167,0.8167,,-,160.0,705.0,13343.0,761.0
175014,2020,110093.0,169.0,1123.0,0.7962,0.7962,0.7962,0.7962,,-,204.0,736.0,13143.0,763.0
175014,2021,113717.0,122.0,1179.0,0.7508,0.7508,0.7508,0.7508,,-,148.0,708.0,14279.0,713.0
175014,2022,102229.0,136.0,1328.0,0.9391,0.9391,0.9391,0.9391,,-,137.0,438.0,13453.0,728.0
175014,2024,194518.0,233.0,983.0,0.447,0.447,0.447,0.447,,-,817.0,1195.0,10899.0,546.0
175023,2000,405.0,0.0,0.0,0.0,0.0,0.0,0.0,,-,,,,
175041,1998,76740.0,0.0,151.0,0.1181,0.1207,0.1278,0.131,1.3712,o,,,,
175041,2000,76740.0,0.0,139.0,0.1087,0.1093,0.1109,0.1116,1.0843,o,,,,
175041,2001,84270.0,0.0,171.0,0.1218,0.1211,0.1196,0.1189,0.9303,o,,,,
175041,2002,89520.0,0.0,206.0,0.1381,0.1377,0.1368,0.1364,0.9649,o,1102.0,,4433.0,
175041,2003,90060.0,0.0,205.0,0.1366,0.136,0.1346,0.134,0.9435,o,1005.0,,4782.0,146.0
175041,2004,90005.0,0.0,222.0,0.148,0.1467,0.1434,0.1419,0.8804,o,1092.0,,5308.0,152.0
175041,2005,90356.0,0.0,260.0,0.1727,0.1731,0.1742,0.1747,1.0365,o,1157.0,,5559.0,134.0
175041,2006,92687.0,0.0,259.0,0.1677,0.1688,0.1718,0.1732,1.1035,o,897.0,,5441.0,143.0
175041,2007,98274.0,0.0,269.0,0.1642,0.1617,0.1552,0.1524,0.7977,o,920.0,565.0,5801.0,140.0
175041,2008,104970.0,0.0,282.0,0.1612,0.16,0.1568,0.1554,0.8958,o,975.0,661.0,6320.0,140.0
175041,2009,113545.0,0.0,329.0,0.1739,0.1747,0.1769,0.178,1.0732,o,1217.0,791.0,6322.0,135.0
175041,2010,131490.0,0.0,383.0,0.1748,0.1779,0.1861,0.1898,1.2844,o,1122.0,852.0,6636.0,115.0
175041,2011,137686.0,0.0,418.0,0.1822,0.1825,0.1832,0.1836,1.0237,o,1262.0,895.0,6587.0,105.0
175041,2012,141856.0,0.0,497.0,0.2102,0.2113,0.2143,0.2156,1.0791,o,1347.0,989.0,6784.0,96.0
175041,2013,143338.0,0.0,518.0,0.2168,0.2187,0.2236,0.2258,1.13,o,1246.0,993.0,6950.0,97.0
175041,2014,144755.0,0.0,588.0,0.2437,0.2429,0.2409,0.2401,0.9552,o,1187.0,775.0,6844.0,91.0
175041,2015,139249.0,0.0,618.0,0.2663,0.2646,0.2605,0.2586,0.9155,o,1169.0,679.0,7151.0,90.0
175041,2016,136378.0,0.0,660.0,0.2904,0.2896,0.2875,0.2866,0.961,o,1184.0,766.0,7104.0,91.0
175041,2017,139110.0,0.0,647.0,0.2791,0.2792,0.2794,0.2795,1.0051,o,1160.0,678.0,6958.0,97.0
175041,2018,136707.0,0.0,636.0,0.2791,0.2789,0.2782,0.2778,0.986,o,1153.0,697.0,6929.0,97.0
175041,2019,135280.0,0.0,551.0,0.2444,0.2441,0.2434,0.2431,0.9838,o,1071.0,646.0,6786.0,100.0
175041,2020,127640.0,0.0,533.0,0.2505,0.2492,0.2458,0.2443,0.9261,o,854.0,537.0,6894.0,106.0
175041,2021,110498.0,0.0,660.0,0.3584,0.3518,0.3355,0.3285,0.768,o,872.0,542.0,6783.0,111.0
175041,2022,101817.0,0.0,556.0,0.3276,0.3254,0.3197,0.3171,0.906,o,904.0,491.0,6627.0,118.0
175041,2023,103405.0,0.0,520.0,0.3017,0.3027,0.3052,0.3064,1.0475,o,782.0,495.0,6540.0,109.0
175041,2024,101926.0,0.0,516.0,0.3037,0.3011,0.2942,0.2913,0.8806,o,998.0,559.0,6318.0,116.0
175078,1998,65310.0,259.0,7.0,0.4823,0.4676,0.4611,0.4523,0.8792,o,,,,
175078,1999,73609.0,259.0,6.0,0.4271,0.4455,0.4542,0.4663,1.1919,o,,,,
175078,2001,85929.0,315.0,6.0,0.4441,0.5738,0.6453,0.7575,2.9092,o,,,,
175078,2002,64158.0,403.0,6.0,0.7594,1.0566,1.2293,1.5112,3.9602,o,2613.0,,6437.0,
175078,2003,87375.0,433.0,14.0,0.6043,0.8474,0.9894,1.2223,4.0911,o,531.0,,6952.0,172.0
175078,2004,93727.0,425.0,12.0,0.5518,0.5795,0.5927,0.6112,1.2267,o,531.0,,7655.0,192.0
175078,2005,100820.0,396.0,6.0,0.4749,0.3437,0.2964,0.2422,0.2601,o,553.0,,8521.0,168.0
175078,2006,104722.0,468.0,11.0,0.5426,0.3813,0.3244,0.2602,0.23,o,506.0,,9121.0,180.0
175078,2007,101714.0,437.0,4.0,0.5179,0.3989,0.3539,0.3006,0.3368,o,505.0,247.0,9437.0,184.0
175078,2008,102614.0,443.0,4.0,0.5204,0.5143,0.5115,0.5077,0.952,o,506.0,238.0,9538.0,179.0
175078,2009,103712.0,479.0,5.0,0.5571,0.5479,0.5437,0.538,0.9327,o,461.0,279.0,9634.0,179.0
175078,2010,101145.0,492.0,4.0,0.5861,0.5734,0.5677,0.5601,0.9131,o,513.0,283.0,9909.0,171.0
175078,2011,100701.0,486.0,2.0,0.5803,0.5752,0.5728,0.5696,0.9634,o,410.0,287.0,10112.0,172.0
175078,2012,99740.0,445.0,1.0,0.536,0.5244,0.5192,0.5121,0.913,o,485.0,276.0,10535.0,166.0
175078,2013,102548.0,478.0,2.0,0.5605,0.5502,0.5455,0.5392,0.9255,o,449.0,244.0,10793.0,164.0
175078,2014,99348.0,483.0,7.0,0.5876,0.5817,0.5791,0.5754,0.9589,o,471.0,247.0,10630.0,169.0
175078,2015,99280.0,507.0,16.0,0.6225,0.622,0.6218,0.6215,0.9968,o,450.0,262.0,10540.0,167.0
175078,2016,100721.0,489.0,17.0,0.5927,0.5968,0.5987,0.6013,1.029,o,491.0,259.0,10794.0,171.0
175078,2017,100356.0,445.0,23.0,0.5459,0.5468,0.5473,0.5479,1.0075,o,331.0,222.0,10641.0,168.0
175078,2018,95910.0,457.0,18.0,0.583,0.5675,0.5605,0.5511,0.8935,o,341.0,239.0,10730.0,162.0
175078,2019,94395.0,447.0,11.0,0.5752,0.5333,0.5152,0.4914,0.7296,o,295.0,268.0,10508.0,156.0
175078,2020,89586.0,450.0,12.0,0.6108,0.556,0.5325,0.5022,0.6759,o,347.0,276.0,10666.0,169.0
175078,2021,90497.0,429.0,13.0,0.5775,0.5442,0.5296,0.5103,0.781,o,422.0,277.0,10573.0,154.0
175078,2022,88781.0,433.0,10.0,0.592,0.6115,0.6206,0.6333,1.1443,o,330.0,323.0,10402.0,154.0
175078,2023,85557.0,425.0,20.0,0.6101,0.6352,0.647,0.6634,1.1824,o,367.0,348.0,10478.0,138.0
175078,2024,89654.0,398.0,14.0,0.5421,0.5529,0.5579,0.5648,1.0857,o,387.0,492.0,10304.0,129.0
175157,1999,54600.0,0.0,277.0,0.3044,0.304,0.303,0.3026,0.9823,o,,,,
175157,2000,21528.0,0.0,124.0,0.3456,0.3744,0.46,0.504,3.1379,o,,,,
175157,2001,20250.0,0.0,150.0,0.4444,0.4321,0.4018,0.389,0.6679,o,,,,
175157,2002,20280.0,0.0,121.0,0.358,0.3457,0.316,0.3036,0.6071,o,264.0,,5041.0,
175157,2003,21480.0,0.0,147.0,0.4106,0.402,0.3808,0.3717,0.7395,o,241.0,,5390.0,133.0
175157,2004,19887.0,0.0,119.0,0.359,0.3527,0.337,0.3302,0.7762,o,201.0,,5934.0,168.0
175157,2005,18542.0,0.0,123.0,0.398,0.3917,0.376,0.3692,0.796,o,225.0,,6519.0,161.0
175157,2006,18751.0,0.0,120.0,0.384,0.3845,0.3857,0.3863,1.0181,o,184.0,,6525.0,141.0
175157,2007,19367.0,0.0,103.0,0.3191,0.3158,0.3076,0.3041,0.8638,o,180.0,81.0,6603.0,143.0
175157,2008,18435.0,0.0,114.0,0.371,0.3677,0.3594,0.3557,0.8802,o,199.0,64.0,6389.0,154.0
175157,2009,17250.0,0.0,121.0,0.4209,0.4235,0.4304,0.4335,1.0934,o,170.0,74.0,6490.0,140.0
175157,2010,18014.0,0.0,141.0,0.4696,0.4661,0.4571,0.4531,0.8971,o,216.0,99.0,6661.0,129.0
175157,2011,19286.0,0.0,90.0,0.28,0.2831,0.2913,0.2949,1.1707,o,213.0,78.0,6804.0,120.0
175157,2012,19461.0,0.0,114.0,0.3515,0.3539,0.3602,0.3631,1.1036,o,183.0,109.0,6995.0,116.0
175157,2013,19370.0,0.0,125.0,0.3872,0.3829,0.3721,0.3674,0.8531,o,163.0,71.0,7116.0,123.0
175157,2014,17801.0,0.0,130.0,0.4382,0.4323,0.4174,0.4109,0.8232,o,153.0,62.0,7008.0,120.0
175157,2015,16546.0,0.0,142.0,0.5149,0.5105,0.4994,0.4945,0.8844,o,172.0,47.0,6949.0,114.0
175157,2016,15016.0,0.0,96.0,0.3836,0.3859,0.3918,0.3945,1.0886,o,183.0,64.0,6904.0,120.0
175157,2017,15850.0,0.0,105.0,0.3975,0.4008,0.4095,0.4134,1.1262,o,209.0,61.0,6728.0,121.0
175157,2018,17200.0,0.0,114.0,0.3977,0.4022,0.4143,0.4197,1.1775,o,170.0,67.0,6636.0,118.0
175157,2019,16880.0,0.0,97.0,0.3448,0.3414,0.3327,0.329,0.8673,o,162.0,62.0,6498.0,130.0
175157,2020,15780.0,0.0,119.0,0.4525,0.4475,0.4351,0.4297,0.8549,o,118.0,63.0,6571.0,123.0
175157,2021,12990.0,0.0,83.0,0.3834,0.3743,0.352,0.3425,0.7108,o,132.0,65.0,6466.0,138.0
175175,1998,320.0,0.0,0.0,0.0,0.0,0.0,0.0,,-,,,,
175227,1998,30202.0,0.0,183.0,0.3636,0.2295,0.2087,0.1645,0.2047,o,,,,
175227,1999,33319.0,0.0,191.0,0.3439,0.3929,0.4038,0.4326,1.5818,o,,,,
175227,2000,34279.0,0.0,260.0,0.4551,0.4551,0.4551,0.4551,,n,,,,
175227,2001,34092.0,0.0,299.0,0.5262,0.6694,0.7035,0.7968,2.2926,o,,,,
175227,2002,37791.0,0.0,297.0,0.4715,0.4878,0.4912,0.4999,1.1237,o,358.0,,12992.0,
175227,2003,50850.0,0.0,328.0,0.387,0.4019,0.405,0.413,1.1385,o,475.0,,13501.0,369.0
175227,2004,44845.0,0.0,396.0,0.5298,0.5775,0.5878,0.6146,1.3457,o,338.0,,16977.0,634.0
175227,2005,43505.0,0.0,443.0,0.611,0.6482,0.6562,0.6766,1.2262,o,290.0,,16891.0,583.0
175227,2006,44109.0,0.0,369.0,0.5019,0.4917,0.4897,0.4845,0.9318,o,346.0,181.0,17785.0,574.0
175227,2007,42941.0,0.0,365.0,0.51,0.4716,0.464,0.4456,0.7635,o,356.0,248.0,20176.0,574.0
175227,2008,47584.0,0.0,371.0,0.4678,0.4483,0.4444,0.4347,0.8635,o,347.0,212.0,22087.0,548.0
175227,2009,48942.0,16.0,386.0,0.5124,0.5295,0.5331,0.5422,1.1194,o,267.0,231.0,22802.0,587.0
175227,2010,48172.0,32.0,402.0,0.5804,0.5745,0.5733,0.5703,0.9654,o,210.0,,18732.0,615.0
175227,2011,42529.0,37.0,365.0,0.6193,0.5537,0.541,0.5105,0.6795,o,150.0,143.0,21742.0,637.0
175227,2012,34548.0,37.0,351.0,0.7381,0.6079,0.584,0.5282,0.5121,o,237.0,182.0,23895.0,629.0
175227,2013,29864.0,47.0,310.0,0.8117,0.71,0.6906,0.6444,0.6303,o,204.0,219.0,24268.0,752.0
175227,2014,30180.0,32.0,280.0,0.6839,0.6685,0.6654,0.6576,0.9245,o,211.0,216.0,24774.0,782.0
175227,2015,30870.0,49.0,295.0,0.7638,0.796,0.8028,0.8201,1.1528,o,208.0,236.0,25655.0,843.0
175227,2016,32442.0,47.0,307.0,0.7416,0.7589,0.7625,0.7717,1.0827,o,233.0,270.0,26180.0,816.0
175227,2017,35603.0,48.0,341.0,0.7365,0.7365,0.7365,0.7365,1.0,o,193.0,276.0,26041.0,835.0
175227,2018,36346.0,62.0,338.0,0.7627,0.7685,0.7697,0.7727,1.0265,o,237.0,234.0,26932.0,845.0
175227,2019,36406.0,63.0,330.0,0.7515,0.7572,0.7584,0.7613,1.0263,o,259.0,237.0,26901.0,867.0
175227,2020,36691.0,92.0,331.0,0.8422,0.8714,0.8775,0.8931,1.1247,o,272.0,197.0,27788.0,908.0
175227,2021,35536.0,80.0,299.0,0.775,0.8261,0.8371,0.8652,1.2465,o,297.0,227.0,26989.0,806.0
175227,2022,38190.0,102.0,316.0,0.817,0.8861,0.9011,0.9398,1.3233,o,323.0,167.0,26179.0,798.0
175227,2023,36747.0,89.0,358.0,0.8752,0.9337,0.9463,0.9785,1.25,o,376.0,208.0,25476.0,784.0
175227,2024,38852.0,98.0,351.0,0.8447,0.9148,0.9301,0.9692,1.3164,o,356.0,240.0,25659.0,795.0
175236,1998,69960.0,0.0,404.0,0.3465,0.3375,0.3153,0.306,0.6861,i,,,,
175236,1999,65690.0,0.0,384.0,0.3507,0.34,0.314,0.3031,0.6422,o,,,,
175236,2000,89850.0,0.0,383.0,0.2558,0.2681,0.3027,0.3195,1.9621,o,,,,
175236,2001,88500.0,0.0,368.0,0.2495,0.2567,0.2761,0.2852,1.4994,o,,,,
175236,2002,90720.0,0.0,407.0,0.2692,0.2705,0.2738,0.2753,1.0702,o,1269.0,,4994.0,
175236,2003,96630.0,0.0,411.0,0.2552,0.2566,0.2601,0.2617,1.0791,o,1254.0,,5788.0,156.0
175236,2004,101534.0,0.0,407.0,0.2405,0.2409,0.2419,0.2424,1.0237,o,1073.0,,6315.0,161.0
175236,2005,98753.0,0.0,422.0,0.2564,0.2535,0.2462,0.2431,0.8506,o,908.0,,6852.0,153.0
175236,2006,94348.0,0.0,391.0,0.2487,0.2444,0.2337,0.2291,0.7804,o,978.0,,6870.0,160.0
175236,2007,95868.0,0.0,431.0,0.2697,0.2695,0.2689,0.2686,0.9874,o,966.0,327.0,7025.0,161.0
175236,2008,99128.0,0.0,522.0,0.316,0.3165,0.3179,0.3185,1.0244,o,900.0,393.0,7050.0,160.0
175236,2009,99183.0,0.0,487.0,0.2946,0.293,0.289,0.2872,0.9259,o,938.0,422.0,7069.0,162.0
175236,2010,105406.0,0.0,514.0,0.2926,0.2927,0.293,0.2931,1.0054,o,880.0,443.0,7212.0,141.0
175236,2011,106114.0,0.0,574.0,0.3246,0.3236,0.3211,0.3199,0.9576,o,848.0,402.0,6910.0,137.0
175236,2012,101425.0,0.0,634.0,0.3751,0.3732,0.3686,0.3666,0.9329,o,718.0,444.0,7038.0,142.0
175236,2013,98649.0,0.0,602.0,0.3661,0.3614,0.3496,0.3445,0.831,o,739.0,406.0,7185.0,147.0
175236,2014,92317.0,0.0,621.0,0.4036,0.402,0.3978,0.396,0.9438,o,714.0,423.0,7096.0,144.0
175236,2015,85793.0,0.0,589.0,0.4119,0.4113,0.4099,0.4092,0.9801,o,684.0,362.0,7050.0,156.0
175236,2016,82113.0,0.0,542.0,0.396,0.3944,0.3901,0.3882,0.9415,o,669.0,405.0,7009.0,166.0
175236,2017,82632.0,0.0,525.0,0.3812,0.38,0.3771,0.3757,0.9571,o,650.0,338.0,6846.0,158.0
175236,2018,78579.0,0.0,544.0,0.4154,0.4142,0.4112,0.4099,0.9608,o,591.0,388.0,7177.0,157.0
175236,2019,74709.0,0.0,523.0,0.42,0.4168,0.4087,0.4051,0.8961,o,605.0,355.0,7034.0,163.0
175236,2020,74506.0,0.0,507.0,0.4083,0.4076,0.4057,0.4049,0.975,o,527.0,365.0,7138.0,161.0
175236,2021,70680.0,0.0,604.0,0.5127,0.5082,0.4968,0.4918,0.8813,o,508.0,358.0,6954.0,171.0
175236,2022,64655.0,0.0,545.0,0.5058,0.5019,0.4923,0.488,0.8975,o,479.0,329.0,6489.0,161.0
175236,2023,64198.0,0.0,556.0,0.5196,0.5168,0.5097,0.5066,0.9256,o,504.0,265.0,6329.0,162.0
175236,2024,62205.0,0.0,547.0,0.5276,0.5284,0.5304,0.5313,1.0213,o,670.0,278.0,6109.0,160.0
175263,1999,48288.0,0.0,183.0,0.2274,0.2274,0.2274,0.2274,,n,,,,
175263,2004,45593.0,0.0,178.0,0.2342,0.2428,0.2661,0.2771,1.6646,i,546.0,,6089.0,174.0
175263,2005,46735.0,0.0,184.0,0.2362,0.2371,0.2393,0.2403,1.0535,i,644.0,,6546.0,169.0
175263,2006,47344.0,0.0,158.0,0.2002,0.2018,0.2058,0.2076,1.1161,o,377.0,,6739.0,172.0
175263,2007,45411.0,0.0,215.0,0.2841,0.2751,0.2534,0.2444,0.6336,o,433.0,352.0,7019.0,190.0
175263,2008,46562.0,0.0,170.0,0.2191,0.2166,0.2102,0.2075,0.8482,o,380.0,328.0,7025.0,196.0
175263,2009,49788.0,0.0,218.0,0.2627,0.2615,0.2586,0.2572,0.9383,o,475.0,406.0,7034.0,179.0
175263,2010,59650.0,0.0,209.0,0.2102,0.2125,0.2186,0.2213,1.1685,o,428.0,404.0,7183.0,148.0
175263,2011,59561.0,0.0,267.0,0.269,0.269,0.269,0.2691,1.0012,o,345.0,407.0,7425.0,133.0
175263,2012,53881.0,0.0,266.0,0.2962,0.2907,0.2769,0.271,0.7641,o,367.0,378.0,7790.0,138.0
175263,2013,51037.0,0.0,277.0,0.3256,0.3245,0.3215,0.3201,0.9495,o,298.0,321.0,8106.0,139.0
175263,2014,47896.0,0.0,243.0,0.3044,0.3006,0.2912,0.2871,0.8371,o,232.0,331.0,7984.0,139.0
175263,2015,43624.0,0.0,253.0,0.348,0.3393,0.318,0.309,0.6977,o,259.0,308.0,7333.0,142.0
175263,2016,39476.0,0.0,235.0,0.3572,0.3566,0.3551,0.3545,0.9774,o,240.0,299.0,7283.0,157.0
175263,2017,38568.0,0.0,233.0,0.3625,0.3619,0.3604,0.3598,0.9776,o,249.0,269.0,7126.0,156.0
175263,2018,36607.0,0.0,222.0,0.3639,0.3638,0.3637,0.3636,0.998,o,224.0,229.0,7017.0,154.0
175263,2019,34344.0,0.0,189.0,0.3302,0.3282,0.323,0.3208,0.9162,o,195.0,269.0,6867.0,155.0
175263,2020,34711.0,0.0,148.0,0.2558,0.2524,0.2438,0.24,0.8245,o,212.0,223.0,6834.0,156.0
175263,2021,33300.0,0.0,181.0,0.3261,0.3264,0.3271,0.3274,1.0119,o,188.0,206.0,6811.0,162.0
175263,2022,32071.0,0.0,165.0,0.3087,0.307,0.3026,0.3007,0.9238,o,218.0,248.0,7199.0,150.0
175263,2023,32970.0,0.0,168.0,0.3057,0.3076,0.3124,0.3146,1.09,o,306.0,259.0,7753.0,158.0
175263,2024,36622.0,0.0,171.0,0.2802,0.2883,0.3104,0.3208,1.5074,o,390.0,246.0,7820.0,163.0
175272,1998,151296.0,1211.0,53.0,0.9815,0.9948,1.0009,1.0093,1.0574,o,,,,
175272,1999,184810.0,1125.0,39.0,0.7431,0.7512,0.7549,0.76,1.046,o,,,,
175272,2000,187455.0,1087.0,37.0,0.7077,0.7184,0.7234,0.7302,1.0647,o,,,,
175272,2001,196924.0,1224.0,31.0,0.7553,0.7787,0.7897,0.8049,1.1357,o,,,,
175272,2002,210508.0,1245.0,31.0,0.7185,0.7541,0.771,0.7946,1.2229,o,1523.0,,6433.0,
175272,2003,216839.0,1232.0,50.0,0.6956,0.7216,0.7338,0.7507,1.1647,o,1637.0,,7071.0,244.0
175272,2004,222937.0,1348.0,43.0,0.7372,0.7507,0.7569,0.7655,1.0785,o,1570.0,,9461.0,265.0
175272,2005,221821.0,1411.0,39.0,0.7739,0.7809,0.7841,0.7885,1.0382,o,1715.0,,10179.0,267.0
175272,2006,228213.0,1359.0,18.0,0.7193,0.726,0.7291,0.7333,1.0392,o,1726.0,502.0,10397.0,273.0
175272,2007,226641.0,1381.0,30.0,0.7391,0.7544,0.7615,0.7713,1.0889,o,1713.0,495.0,10738.0,289.0
175272,2008,227121.0,1385.0,33.0,0.7405,0.753,0.7588,0.7668,1.0723,o,1870.0,426.0,10717.0,289.0
175272,2009,232738.0,1427.0,29.0,0.7432,0.7589,0.7662,0.7762,1.0907,o,1799.0,530.0,10972.0,290.0
175272,2010,240128.0,1445.0,24.0,0.7281,0.7394,0.7446,0.7518,1.0663,o,1618.0,524.0,11150.0,224.0
175272,2011,238003.0,1521.0,24.0,0.7729,0.7717,0.7712,0.7705,0.9936,o,1863.0,596.0,11447.0,234.0
175272,2012,245460.0,1653.0,27.0,0.8147,0.8091,0.8065,0.803,0.9715,o,1773.0,562.0,11620.0,245.0
175272,2013,242654.0,1686.0,37.0,0.8429,0.8411,0.8403,0.8391,0.991,o,1641.0,576.0,11643.0,244.0
175272,2014,236485.0,1748.0,40.0,0.8971,0.897,0.8969,0.8967,0.9991,o,1634.0,580.0,11494.0,250.0
175272,2015,231943.0,1795.0,49.0,0.9414,0.9277,0.9215,0.9131,0.9408,o,1630.0,562.0,11423.0,246.0
175272,2016,225537.0,1740.0,64.0,0.9428,0.9187,0.9079,0.8933,0.8977,o,1575.0,502.0,11729.0,254.0
175272,2017,214460.0,1739.0,53.0,0.9879,0.973,0.9663,0.9572,0.9388,o,1606.0,512.0,11569.0,249.0
175272,2018,208552.0,1670.0,52.0,0.9759,0.9691,0.966,0.9618,0.9713,o,1538.0,500.0,11689.0,252.0
175272,2019,203924.0,1671.0,44.0,0.9963,0.9873,0.9833,0.9778,0.9632,o,1550.0,435.0,11500.0,242.0
175272,2020,196021.0,1602.0,48.0,0.9954,0.9866,0.9825,0.9771,0.9635,o,1274.0,374.0,11618.0,253.0
175272,2021,178141.0,1527.0,39.0,1.0418,1.0124,0.9992,0.9816,0.8878,o,1093.0,371.0,11416.0,244.0
175272,2022,158536.0,1419.0,53.0,1.0941,1.0221,0.9907,0.9494,0.7529,o,1173.0,353.0,11172.0,248.0
175272,2023,148660.0,1370.0,40.0,1.122,1.0417,1.0068,0.9612,0.7338,o,1161.0,412.0,10861.0,246.0
175272,2024,146566.0,1247.0,33.0,1.0345,0.9882,0.9677,0.9405,0.8265,o,1214.0,437.0,10498.0,228.0
175306,1998,18065.0,0.0,54.0,0.1794,0.1794,0.1794,0.1794,,-,,,,
175315,1998,128495.0,0.0,633.0,0.2956,0.2877,0.2684,0.2602,0.6798,o,,,,
175315,1999,126034.0,0.0,529.0,0.2518,0.2414,0.2164,0.2062,0.5453,o,,,,
175315,2000,134340.0,0.0,581.0,0.2595,0.2711,0.3034,0.3189,1.8682,o,,,,
175315,2001,144750.0,0.0,526.0,0.218,0.2221,0.2327,0.2377,1.2985,o,,,,
175315,2002,156390.0,0.0,568.0,0.2179,0.2197,0.2245,0.2266,1.1264,o,2588.0,,4497.0,
175315,2003,174720.0,0.0,690.0,0.237,0.2389,0.2439,0.2462,1.123,o,2567.0,,4882.0,167.0
175315,2004,184023.0,0.0,658.0,0.2145,0.2148,0.2156,0.2159,1.0197,o,2409.0,,5380.0,176.0
175315,2005,183999.0,0.0,775.0,0.2527,0.2515,0.2485,0.2471,0.9346,o,1901.0,,5823.0,174.0
175315,2006,179403.0,0.0,750.0,0.2508,0.2462,0.2345,0.2295,0.7641,o,1608.0,,6011.0,185.0
175315,2007,178695.0,0.0,840.0,0.282,0.2763,0.2621,0.2561,0.7462,o,1777.0,1081.0,6417.0,193.0
175315,2008,188610.0,0.0,879.0,0.2796,0.2799,0.2805,0.2808,1.0128,o,1810.0,1309.0,6453.0,191.0
175315,2009,201428.0,0.0,895.0,0.2666,0.2679,0.2711,0.2726,1.0694,o,2172.0,1360.0,6567.0,178.0
175315,2010,229512.0,0.0,925.0,0.2418,0.2451,0.2537,0.2576,1.211,o,1826.0,1426.0,6704.0,161.0
175315,2011,236367.0,0.0,1128.0,0.2863,0.2846,0.2802,0.2783,0.9171,o,1772.0,1446.0,6888.0,151.0
175315,2012,229855.0,0.0,1210.0,0.3159,0.3132,0.3065,0.3035,0.8864,o,1530.0,1420.0,7077.0,142.0
175315,2013,221787.0,0.0,1249.0,0.3379,0.3341,0.3245,0.3203,0.8505,o,1410.0,1377.0,7161.0,130.0
175315,2014,208643.0,0.0,1274.0,0.3664,0.3623,0.3522,0.3478,0.854,o,1264.0,1224.0,7057.0,120.0
175315,2015,192301.0,0.0,1174.0,0.3663,0.3624,0.3527,0.3485,0.8599,o,1280.0,1139.0,7014.0,128.0
175315,2016,186110.0,0.0,1237.0,0.3988,0.3976,0.3945,0.3931,0.9574,o,1203.0,1177.0,6989.0,131.0
175315,2017,179340.0,0.0,1192.0,0.3988,0.3972,0.3933,0.3915,0.9458,o,1143.0,1117.0,6833.0,134.0
175315,2018,179484.0,0.0,1192.0,0.3985,0.3962,0.3903,0.3878,0.9207,o,1140.0,1250.0,6751.0,129.0
175315,2019,179517.0,0.0,1252.0,0.4185,0.4176,0.4155,0.4145,0.9719,o,1184.0,1248.0,6632.0,125.0
175315,2020,177308.0,0.0,1185.0,0.401,0.402,0.4047,0.4059,1.0372,o,1049.0,1078.0,6704.0,133.0
175315,2021,166728.0,0.0,1119.0,0.4027,0.3998,0.3925,0.3893,0.9028,o,1083.0,1088.0,6511.0,137.0
175315,2022,154191.0,0.0,1142.0,0.4444,0.4434,0.441,0.4399,0.97,o,1030.0,1055.0,6480.0,119.0
175315,2023,153420.0,0.0,994.0,0.3887,0.3878,0.3854,0.3844,0.9662,o,1103.0,1223.0,6320.0,128.0
175315,2024,166345.0,0.0,1066.0,0.3845,0.3857,0.3887,0.39,1.044,o,1517.0,922.0,6182.0,123.0
367194,1999,8064.0,0.0,15.0,0.1116,0.1116,0.1116,0.1116,,-,,,,
367194,2000,12859.0,0.0,50.0,0.2333,0.2333,0.2333,0.2333,,-,,,,
367194,2001,9616.0,0.0,69.0,0.4305,0.4305,0.4305,0.4305,,-,,,,
367194,2002,8281.0,0.0,96.0,0.6956,0.6956,0.6956,0.6956,,-,107.0,,23324.0,
367194,2003,10317.0,0.0,114.0,0.663,0.663,0.663,0.663,,-,133.0,,22474.0,793.0
367194,2004,10620.0,0.0,112.0,0.6328,0.6328,0.6328,0.6328,,-,141.0,,23234.0,323.0
367194,2005,15752.0,0.0,160.0,0.6094,0.6094,0.6094,0.6094,,-,135.0,,24007.0,605.0
367194,2006,13383.0,3.0,124.0,0.5828,0.5828,0.5828,0.5828,,-,177.0,64.0,21688.0,834.0
367194,2007,15804.0,16.0,80.0,0.4252,0.4252,0.4252,0.4252,,-,239.0,139.0,23048.0,626.0
367194,2008,16261.0,24.0,77.0,0.4612,0.4612,0.4612,0.4612,,-,186.0,89.0,27949.0,756.0
367194,2009,17468.0,29.0,58.0,0.3984,0.3984,0.3984,0.3984,,-,133.0,111.0,30301.0,719.0
367194,2010,19485.0,62.0,63.0,0.5758,0.5758,0.5758,0.5758,,-,113.0,94.0,31420.0,853.0
367194,2011,19835.0,59.0,47.0,0.4991,0.4991,0.4991,0.4991,,-,119.0,88.0,33181.0,907.0
367194,2012,21674.0,85.0,37.0,0.573,0.573,0.573,0.573,,-,120.0,47.0,32002.0,864.0
367194,2013,17718.0,81.0,29.0,0.6468,0.6468,0.6468,0.6468,,-,101.0,94.0,33005.0,1017.0
367194,2014,16665.0,84.0,32.0,0.7201,0.7201,0.7201,0.7201,,-,90.0,32.0,33191.0,1053.0
367194,2015,13748.0,66.0,22.0,0.6721,0.6721,0.6721,0.6721,,-,113.0,36.0,32911.0,1089.0
367194,2016,10865.0,50.0,33.0,0.7345,0.7345,0.7345,0.7345,,-,74.0,53.0,34537.0,1225.0
367194,2017,11518.0,51.0,18.0,0.6251,0.6251,0.6251,0.6251,,-,,,35618.0,
374033,1999,306.0,1.0,0.0,0.3922,0.3142,0.3001,0.2676,0.4656,i,,,,
380368,1998,12911.0,0.0,55.0,0.2556,0.2769,0.2872,0.3019,1.3953,i,,,,
380368,2000,16290.0,0.0,69.0,0.2541,0.1882,0.164,0.136,0.2862,o,,,,
380368,2001,18090.0,0.0,70.0,0.2322,0.2024,0.1901,0.1745,0.5648,o,,,,
380368,2002,20790.0,0.0,98.0,0.2828,0.368,0.4152,0.4894,2.994,o,316.0,,4040.0,
380368,2003,25860.0,0.0,126.0,0.2923,0.3218,0.3362,0.357,1.491,o,315.0,,5074.0,117.0
380368,2004,31511.0,0.0,181.0,0.3446,0.357,0.3628,0.3708,1.1578,o,321.0,,5585.0,104.0
380368,2005,33623.0,0.0,178.0,0.3176,0.336,0.3448,0.3572,1.2644,o,219.0,,4829.0,80.0
380368,2006,35700.0,0.0,177.0,0.2975,0.2928,0.2907,0.2878,0.9359,o,148.0,,6195.0,77.0
380368,2007,35379.0,0.0,212.0,0.3595,0.3157,0.2974,0.2742,0.5816,o,197.0,171.0,6376.0,83.0
380368,2008,38036.0,0.0,194.0,0.306,0.2642,0.2471,0.2254,0.5425,o,203.0,168.0,6389.0,100.0
380368,2009,37257.0,0.0,179.0,0.2883,0.2682,0.2595,0.2481,0.7407,o,302.0,172.0,6388.0,91.0
380368,2010,41279.0,0.0,242.0,0.3518,0.3798,0.3933,0.4126,1.376,o,210.0,219.0,6519.0,84.0
380368,2011,42625.0,0.0,233.0,0.328,0.3606,0.3766,0.3995,1.4841,o,208.0,197.0,6659.0,77.0
380368,2012,41635.0,0.0,254.0,0.366,0.3699,0.3717,0.3742,1.045,o,187.0,176.0,6860.0,75.0
380368,2013,39022.0,0.0,252.0,0.3875,0.3653,0.3555,0.3427,0.7822,o,190.0,145.0,7028.0,85.0
380368,2014,37539.0,0.0,316.0,0.5051,0.4693,0.4538,0.4334,0.7363,o,185.0,139.0,6921.0,73.0
380368,2015,36675.0,0.0,229.0,0.3746,0.365,0.3607,0.3548,0.8971,o,158.0,149.0,6863.0,82.0
380368,2016,35643.0,0.0,197.0,0.3316,0.3206,0.3156,0.309,0.8684,o,147.0,131.0,6815.0,69.0
380368,2017,33636.0,0.0,199.0,0.355,0.3374,0.3296,0.3193,0.809,o,141.0,96.0,6702.0,82.0
380368,2018,30759.0,0.0,249.0,0.4857,0.4559,0.4428,0.4257,0.768,o,123.0,110.0,6552.0,93.0
380368,2019,29671.0,0.0,207.0,0.4186,0.3931,0.3819,0.3672,0.7697,o,113.0,101.0,6490.0,74.0
380368,2020,25964.0,0.0,149.0,0.3443,0.3238,0.3148,0.3029,0.7738,o,80.0,58.0,6564.0,89.0
380368,2021,23588.0,0.0,166.0,0.4222,0.3836,0.3671,0.3457,0.6701,o,83.0,58.0,6461.0,104.0
380368,2022,21182.0,0.0,123.0,0.3484,0.3103,0.2943,0.2738,0.6174,o,103.0,95.0,6379.0,75.0
380368,2023,24360.0,0.0,144.0,0.3547,0.335,0.3263,0.3149,0.7881,o,94.0,67.0,6210.0,85.0
380368,2024,24453.0,3.0,145.0,0.3705,0.3723,0.3732,0.3743,1.0207,o,131.0,93.0,5999.0,84.0
407285,1998,19440.0,0.0,67.0,0.2068,0.2068,0.2068,0.2068,,-,,,,
407285,1999,14977.0,0.0,60.0,0.2404,0.2404,0.2404,0.2404,,-,,,,
407285,2001,15113.0,0.0,79.0,0.3136,0.3136,0.3136,0.3136,,-,,,,
407285,2002,18863.0,0.0,76.0,0.2417,0.2417,0.2417,0.2417,,-,317.0,,18708.0,
407285,2003,18636.0,4.0,121.0,0.4153,0.4153,0.4153,0.4153,,-,269.0,,,
407285,2004,19652.0,18.0,88.0,0.3786,0.3786,0.3786,0.3786,,-,174.0,,6020.0,
407285,2005,19701.0,29.0,102.0,0.4873,0.4873,0.4873,0.4873,,-,156.0,,6326.0,
407285,2006,18269.0,23.0,102.0,0.4861,0.4861,0.4861,0.4861,,-,117.0,64.0,18510.0,
407285,2007,15353.0,23.0,100.0,0.5706,0.5706,0.5706,0.5706,,-,121.0,137.0,19056.0,
407285,2008,14600.0,37.0,85.0,0.6534,0.6534,0.6534,0.6534,,-,111.0,137.0,19491.0,
407285,2009,16432.0,32.0,46.0,0.4017,0.4017,0.4017,0.4017,,-,60.0,60.0,20201.0,
407285,2010,16119.0,34.0,65.0,0.4951,0.4951,0.4951,0.4951,,-,48.0,88.0,21357.0,
407285,2011,13759.0,40.0,61.0,0.6149,0.6149,0.6149,0.6149,,-,26.0,53.0,21860.0,
407285,2012,9447.0,25.0,68.0,0.7494,0.7494,0.7494,0.7494,,-,13.0,35.0,21307.0,
407285,2013,6443.0,39.0,54.0,1.2292,1.2292,1.2292,1.2292,,-,12.0,31.0,20453.0,
407285,2014,4345.0,25.0,30.0,1.1048,1.1048,1.1048,1.1048,,-,6.0,29.0,18485.0,
407285,2015,2807.0,20.0,20.0,1.2827,1.2827,1.2827,1.2827,,-,6.0,18.0,18329.0,
407285,2016,2195.0,15.0,15.0,1.2303,1.2303,1.2303,1.2303,,-,,,18202.0,
413413,2004,30640.0,122.0,0.0,0.4778,0.4778,0.4778,0.4778,,x,28.0,,,690.0
413413,2005,43890.0,225.0,0.0,0.6152,0.6152,0.6152,0.6152,,x,23.0,,15211.0,726.0
413413,2006,51428.0,271.0,0.0,0.6323,0.6323,0.6323,0.6323,,x,33.0,,16266.0,812.0
413413,2007,60790.0,323.0,0.0,0.6376,0.6376,0.6376,0.6376,,x,51.0,,15789.0,779.0
413413,2008,73613.0,466.0,0.0,0.7597,0.7597,0.7597,0.7597,,x,74.0,491.0,15804.0,778.0
413413,2009,92377.0,573.0,0.0,0.7443,0.7443,0.7443,0.7443,,x,133.0,649.0,16057.0,760.0
413413,2010,133831.0,627.0,0.0,0.5622,0.5622,0.5622,0.5622,,x,305.0,828.0,15181.0,723.0
413413,2011,162205.0,651.0,0.0,0.4816,0.4816,0.4816,0.4816,,x,231.0,601.0,15327.0,813.0
413413,2012,156369.0,756.0,0.0,0.5802,0.5802,0.5802,0.5802,,x,211.0,663.0,15919.0,856.0
413413,2013,168935.0,899.0,0.0,0.6386,0.6386,0.6386,0.6386,,x,142.0,512.0,15977.0,833.0
413413,2014,181772.0,1030.0,0.0,0.68,0.68,0.68,0.68,,x,160.0,752.0,16257.0,803.0
413413,2015,200134.0,1280.0,0.0,0.7675,0.7675,0.7675,0.7675,,x,49.0,621.0,16731.0,766.0
413413,2016,210637.0,1590.0,0.0,0.9058,0.9058,0.9058,0.9058,,x,82.0,757.0,17082.0,747.0
413413,2017,232204.0,2020.0,0.0,1.0439,1.0439,1.0439,1.0439,,x,168.0,2270.0,17844.0,703.0
413413,2018,238776.0,2522.0,0.0,1.2675,1.2675,1.2675,1.2675,,x,116.0,2995.0,17759.0,699.0
413413,2019,281871.0,2804.0,0.0,1.1937,1.1937,1.1937,1.1937,,x,75.0,3420.0,17789.0,624.0
413413,2020,329963.0,3776.0,0.0,1.3732,1.3732,1.3732,1.3732,,x,43.0,3994.0,17476.0,589.0
413413,2021,394161.0,5208.0,0.0,1.5855,1.5855,1.5855,1.5855,,x,59.0,4032.0,16514.0,523.0
413413,2022,392965.0,6057.0,0.0,1.8496,1.8496,1.8496,1.8496,,x,70.0,4836.0,15521.0,487.0
413413,2023,489016.0,7543.0,0.0,1.851,1.851,1.851,1.851,,x,221.0,6776.0,14832.0,419.0
413626,1998,3080.0,0.0,39.0,0.7597,0.7597,0.7597,0.7597,1.0,o,,,,
413626,2001,4971.0,0.0,13.0,0.1569,0.1752,0.2328,0.2642,4.8485,o,,,,
413626,2002,5885.0,0.0,9.0,0.0918,0.0932,0.0971,0.0989,1.2563,o,74.0,,4244.0,
413626,2003,4577.0,0.0,11.0,0.1442,0.1342,0.1115,0.1027,0.3575,o,38.0,,5506.0,
413626,2005,6552.0,0.0,7.0,0.0641,0.0647,0.0663,0.067,1.1429,o,44.0,,5215.0,29.0
413626,2006,3675.0,0.0,12.0,0.1959,0.1939,0.1888,0.1866,0.8627,o,79.0,,5048.0,25.0
413626,2007,4291.0,0.0,15.0,0.2097,0.2154,0.2307,0.2378,1.463,o,78.0,9.0,4900.0,
413626,2008,5865.0,0.0,12.0,0.1228,0.1248,0.1303,0.1328,1.2683,o,68.0,2.0,5839.0,65.0
413626,2009,5441.0,0.0,29.0,0.3198,0.3166,0.3085,0.305,0.8662,o,58.0,8.0,5741.0,69.0
413626,2010,5516.0,0.0,26.0,0.2828,0.2783,0.267,0.2621,0.7945,o,67.0,6.0,6333.0,96.0
413626,2011,5225.0,0.0,21.0,0.2411,0.2422,0.2449,0.2461,1.0635,o,28.0,13.0,6184.0,90.0
413626,2012,5084.0,0.0,24.0,0.2832,0.2678,0.2317,0.2173,0.448,o,100.0,92.0,6028.0,202.0
413626,2013,7325.0,0.0,27.0,0.2212,0.233,0.2664,0.2827,2.1053,o,119.0,,5922.0,194.0
413626,2014,6600.0,0.0,36.0,0.3273,0.3418,0.3822,0.4016,1.8594,o,78.0,20.0,6030.0,239.0
413626,2015,5703.0,0.0,34.0,0.3577,0.3493,0.3286,0.3198,0.7123,o,98.0,24.0,6527.0,61.0
413626,2016,6406.0,0.0,43.0,0.4027,0.4026,0.4022,0.4021,0.9949,o,74.0,12.0,5077.0,43.0
413626,2017,5672.0,0.0,42.0,0.4443,0.4389,0.4255,0.4196,0.8409,o,44.0,18.0,5005.0,48.0
413626,2018,3628.0,0.0,38.0,0.6284,0.5996,0.5315,0.5038,0.5116,o,40.0,21.0,5232.0,57.0
413626,2019,2698.0,0.0,61.0,1.3566,1.3202,1.231,1.1933,0.678,o,40.0,4.0,5122.0,91.0
413626,2020,2152.0,0.0,20.0,0.5576,0.5557,0.5509,0.5487,0.9524,o,24.0,3.0,5046.0,367.0
413626,2021,3094.0,0.0,32.0,0.6206,0.5988,0.5462,0.5243,0.6,o,32.0,36.0,5661.0,183.0
413626,2022,3275.0,0.0,19.0,0.3481,0.3481,0.3481,0.3481,1.0,o,93.0,7.0,5321.0,177.0
413626,2023,3379.0,0.0,40.0,0.7103,0.7725,0.9589,1.0555,3.3214,o,163.0,39.0,4294.0,222.0
413626,2024,2908.0,0.0,37.0,0.7634,0.8164,0.9701,1.0475,2.608,o,54.0,24.0,4148.0,287.0
417619,1999,38910.0,0.0,1.0,0.0015,0.0015,0.0015,0.0015,,-,,,,
417619,2000,26688.0,0.0,0.0,0.0,0.0,0.0,0.0,,-,,,,
417619,2001,15456.0,0.0,0.0,0.0,0.0,0.0,0.0,,-,,,,
430050,2002,39572.0,0.0,82.0,0.1243,0.1243,0.1243,0.1243,,-,738.0,,,
430050,2009,22800.0,0.0,60.0,0.1579,0.1579,0.1579,0.1579,,-,118.0,,,265.0
430050,2010,19620.0,0.0,3.0,0.0092,0.0092,0.0092,0.0092,,-,26.0,65.0,,345.0
430050,2011,17670.0,0.0,12.0,0.0407,0.0407,0.0407,0.0407,,-,31.0,54.0,,362.0
430050,2012,15300.0,0.0,69.0,0.2706,0.2706,0.2706,0.2706,,-,72.0,4.0,,376.0
430050,2013,11370.0,0.0,48.0,0.2533,0.2533,0.2533,0.2533,,-,13.0,,19593.0,422.0
434751,2001,1313.0,0.0,0.0,0.0,0.0,0.0,0.0,,-,,,,
434751,2002,1098.0,0.0,5.0,0.2732,0.2732,0.2732,0.2732,,-,34.0,,3534.0,
434751,2003,1390.0,0.0,9.0,0.3885,0.3885,0.3885,0.3885,,-,18.0,,3467.0,
434751,2004,1004.0,0.0,6.0,0.3586,0.3586,0.3586,0.3586,,-,11.0,,3383.0,
434751,2005,947.0,0.0,6.0,0.3801,0.3801,0.3801,0.3801,,-,26.0,,3284.0,140.0
434751,2007,1146.0,0.0,3.0,0.1571,0.1571,0.1571,0.1571,,-,29.0,8.0,4611.0,186.0
434751,2008,2202.0,0.0,2.0,0.0545,0.0545,0.0545,0.0545,,-,26.0,2.0,4462.0,105.0
434751,2009,2022.0,0.0,3.0,0.089,0.089,0.089,0.089,,-,33.0,3.0,4387.0,109.0
434751,2010,2474.0,0.0,11.0,0.2668,0.2668,0.2668,0.2668,,-,27.0,14.0,4496.0,116.0
434751,2011,2011.0,0.0,1.0,0.0298,0.0298,0.0298,0.0298,,-,29.0,10.0,4424.0,
434751,2012,1828.0,0.0,9.0,0.2954,0.2954,0.2954,0.2954,,-,15.0,6.0,4470.0,
434751,2013,1000.0,0.0,11.0,0.66,0.66,0.66,0.66,,-,11.0,4.0,4391.0,85.0
434751,2014,1174.0,0.0,12.0,0.6133,0.6133,0.6133,0.6133,,-,19.0,,4325.0,89.0
434751,2015,1336.0,0.0,9.0,0.4042,0.4042,0.4042,0.4042,,-,16.0,7.0,4288.0,65.0
434751,2016,2230.0,0.0,17.0,0.4574,0.4574,0.4574,0.4574,,-,35.0,,4259.0,23.0
434751,2017,1818.0,0.0,11.0,0.363,0.363,0.363,0.363,,-,41.0,,5457.0,95.0
434751,2018,1884.0,0.0,6.0,0.1911,0.1911,0.1911,0.1911,,-,20.0,4.0,5335.0,
434751,2019,2790.0,0.0,14.0,0.3011,0.3011,0.3011,0.3011,,-,29.0,15.0,5604.0,48.0
434751,2020,3270.0,0.0,19.0,0.3486,0.3486,0.3486,0.3486,,-,30.0,17.0,5087.0,102.0
434751,2021,3660.0,0.0,21.0,0.3443,0.3443,0.3443,0.3443,,-,18.0,6.0,5332.0,20.0
434751,2022,2580.0,0.0,16.0,0.3721,0.3721,0.3721,0.3721,,-,16.0,9.0,5130.0,238.0
434751,2023,1680.0,0.0,21.0,0.75,0.75,0.75,0.75,,-,24.0,12.0,5435.0,380.0
434751,2024,1950.0,0.0,10.0,0.3077,0.3077,0.3077,0.3077,,-,18.0,14.0,5250.0,270.0
436483,2001,6887.0,17.0,14.0,0.4182,0.4182,0.4182,0.4182,,-,,,,
436483,2002,7038.0,25.0,14.0,0.5456,0.5456,0.5456,0.5456,,-,29.0,,15642.0,
436483,2003,6795.0,28.0,30.0,0.7593,0.7593,0.7593,0.7593,,-,28.0,,16380.0,653.0
436483,2004,5913.0,37.0,13.0,0.8828,0.8828,0.8828,0.8828,,-,24.0,,17023.0,709.0
436483,2005,4881.0,28.0,13.0,0.8482,0.8482,0.8482,0.8482,,-,35.0,,16522.0,721.0
436483,2006,4113.0,24.0,10.0,0.846,0.846,0.846,0.846,,-,45.0,27.0,16835.0,762.0
436483,2007,4671.0,21.0,11.0,0.6808,0.6808,0.6808,0.6808,,-,43.0,34.0,22325.0,638.0
436483,2008,5725.0,13.0,11.0,0.3878,0.3878,0.3878,0.3878,,-,42.0,34.0,16667.0,607.0
436483,2009,8324.0,20.0,13.0,0.382,0.382,0.382,0.382,,-,130.0,73.0,18589.0,586.0
436483,2010,12134.0,17.0,19.0,0.2621,0.2621,0.2621,0.2621,,-,83.0,78.0,19177.0,623.0
436483,2011,13966.0,18.0,18.0,0.232,0.232,0.232,0.232,,-,117.0,70.0,19236.0,665.0
436483,2012,13960.0,32.0,39.0,0.4427,0.4427,0.4427,0.4427,,-,31.0,104.0,19058.0,667.0
436483,2013,13084.0,39.0,60.0,0.6328,0.6328,0.6328,0.6328,,-,30.0,109.0,16655.0,689.0
436483,2014,11752.0,38.0,43.0,0.6076,0.6076,0.6076,0.6076,,-,20.0,60.0,16972.0,693.0
436483,2015,10183.0,42.0,27.0,0.6541,0.6541,0.6541,0.6541,,-,41.0,35.0,17628.0,711.0
436483,2016,7344.0,52.0,26.0,1.0621,1.0621,1.0621,1.0621,,-,10.0,12.0,17972.0,795.0
440767,2001,2547.0,0.0,0.0,0.0,0.0,0.0,0.0,,-,,,,
440767,2002,3083.0,5.0,3.0,0.253,0.253,0.253,0.253,,-,31.0,,15642.0,
440767,2003,5145.0,12.0,13.0,0.4315,0.4315,0.4315,0.4315,,-,22.0,,16380.0,656.0
440767,2004,5351.0,18.0,13.0,0.5495,0.5495,0.5495,0.5495,,-,29.0,,17023.0,656.0
440767,2005,5061.0,22.0,14.0,0.6876,0.6876,0.6876,0.6876,,-,17.0,,16522.0,705.0
440767,2006,3611.0,16.0,20.0,0.8639,0.8639,0.8639,0.8639,,-,23.0,27.0,16835.0,821.0
440767,2008,5579.0,15.0,8.0,0.4087,0.4087,0.4087,0.4087,,-,89.0,49.0,16667.0,555.0
440767,2009,9996.0,25.0,21.0,0.4262,0.4262,0.4262,0.4262,,-,132.0,67.0,18589.0,602.0
440767,2010,15505.0,21.0,20.0,0.2399,0.2399,0.2399,0.2399,,-,218.0,87.0,19177.0,614.0
440767,2011,19033.0,15.0,18.0,0.1513,0.1513,0.1513,0.1513,,-,220.0,93.0,19236.0,677.0
440767,2012,19445.0,22.0,45.0,0.2746,0.2746,0.2746,0.2746,,-,68.0,168.0,19058.0,664.0
440767,2013,18240.0,14.0,54.0,0.2697,0.2697,0.2697,0.2697,,-,66.0,147.0,16655.0,644.0
440767,2014,14530.0,13.0,60.0,0.3551,0.3551,0.3551,0.3551,,-,21.0,78.0,16972.0,685.0
440767,2015,11339.0,14.0,45.0,0.3863,0.3863,0.3863,0.3863,,-,68.0,42.0,17628.0,659.0
440767,2016,7440.0,16.0,63.0,0.7661,0.7661,0.7661,0.7661,,-,16.0,24.0,17972.0,763.0
440767,2017,4388.0,6.0,26.0,0.5196,0.5196,0.5196,0.5196,,-,5.0,14.0,18131.0,758.0
440800,2002,688.0,0.0,0.0,0.0,0.0,0.0,0.0,,-,1.0,,15590.0,
440800,2003,928.0,0.0,0.0,0.0,0.0,0.0,0.0,,-,,,17843.0,
440800,2004,960.0,0.0,0.0,0.0,0.0,0.0,0.0,,-,2.0,,17413.0,
440800,2005,1331.0,0.0,0.0,0.0,0.0,0.0,0.0,,-,,,16901.0,
440800,2008,1200.0,0.0,0.0,0.0,0.0,0.0,0.0,,-,,,22242.0,
440800,2009,1850.0,0.0,0.0,0.0,0.0,0.0,0.0,,-,,,21870.0,
440800,2010,2010.0,0.0,0.0,0.0,0.0,0.0,0.0,,-,,,24873.0,
440800,2011,1322.0,0.0,0.0,0.0,0.0,0.0,0.0,,-,,,24289.0,
440800,2013,832.0,0.0,0.0,0.0,0.0,0.0,0.0,,-,,,23260.0,
440800,2014,704.0,0.0,0.0,0.0,0.0,0.0,0.0,,-,,,22909.0,
440800,2015,752.0,0.0,0.0,0.0,0.0,0.0,0.0,,-,,,22715.0,
442578,2004,12201.0,0.0,21.0,0.1033,0.1033,0.1033,0.1033,,-,131.0,,21642.0,
442578,2005,16133.0,3.0,76.0,0.305,0.305,0.305,0.305,,-,120.0,,22816.0,
442578,2006,12324.0,20.0,120.0,0.779,0.779,0.779,0.779,,-,225.0,267.0,23137.0,
442578,2007,12915.0,14.0,110.0,0.6411,0.6411,0.6411,0.6411,,-,123.0,58.0,23820.0,
442578,2008,12537.0,29.0,89.0,0.7035,0.7035,0.7035,0.7035,,-,56.0,100.0,24364.0,
442578,2009,12313.0,32.0,73.0,0.6676,0.6676,0.6676,0.6676,,-,77.0,125.0,25251.0,
442578,2010,12642.0,21.0,92.0,0.636,0.636,0.636,0.636,,-,40.0,68.0,21357.0,
442578,2011,10883.0,35.0,92.0,0.8931,0.8931,0.8931,0.8931,,-,26.0,62.0,21860.0,
442578,2012,8699.0,34.0,65.0,0.9173,0.9173,0.9173,0.9173,,-,13.0,29.0,21307.0,
442578,2013,6142.0,21.0,63.0,1.0257,1.0257,1.0257,1.0257,,-,17.0,30.0,20453.0,
442578,2014,4855.0,22.0,40.0,1.038,1.038,1.038,1.038,,-,4.0,27.0,18485.0,
442578,2015,3980.0,18.0,30.0,0.995,0.995,0.995,0.995,,-,4.0,21.0,18329.0,
442578,2016,2983.0,14.0,29.0,1.1466,1.1466,1.1466,1.1466,,-,,,18202.0,
445081,2006,6659.0,0.0,15.0,0.1352,0.1352,0.1352,0.1352,,-,79.0,50.0,22118.0,790.0
445081,2007,9211.0,0.0,40.0,0.2606,0.2606,0.2606,0.2606,,-,85.0,19.0,22504.0,820.0
445081,2008,13792.0,13.0,50.0,0.3306,0.3306,0.3306,0.3306,,-,102.0,44.0,22828.0,703.0
445081,2009,16229.0,13.0,109.0,0.4991,0.4991,0.4991,0.4991,,-,140.0,42.0,23533.0,776.0
445081,2010,20549.0,24.0,150.0,0.5781,0.5781,0.5781,0.5781,,-,100.0,18.0,24513.0,768.0
445081,2011,18312.0,50.0,158.0,0.8453,0.8453,0.8453,0.8453,,-,50.0,25.0,25194.0,1009.0
445081,2012,13187.0,51.0,185.0,1.3058,1.3058,1.3058,1.3058,,-,27.0,8.0,24556.0,1076.0
445081,2013,8666.0,39.0,123.0,1.3916,1.3916,1.3916,1.3916,,-,23.0,2.0,24126.0,1112.0
445081,2014,6481.0,22.0,72.0,1.0739,1.0739,1.0739,1.0739,,-,34.0,3.0,23762.0,867.0
445081,2015,5434.0,9.0,41.0,0.6515,0.6515,0.6515,0.6515,,-,14.0,,23561.0,798.0
445319,2006,8535.0,4.0,0.0,0.0562,0.0562,0.0562,0.0562,,x,23.0,59.0,18276.0,574.0
445319,2007,9250.0,24.0,0.0,0.3114,0.3114,0.3114,0.3114,,x,6.0,27.0,19419.0,933.0
445319,2008,6551.0,43.0,1.0,0.7968,0.7968,0.7968,0.7968,,x,19.0,12.0,18921.0,569.0
445319,2009,6510.0,72.0,0.0,1.3272,1.3272,1.3272,1.3272,,x,20.0,30.0,19338.0,451.0
445319,2010,6649.0,76.0,0.0,1.3716,1.3716,1.3716,1.3716,,x,21.0,24.0,15198.0,538.0
445319,2011,4997.0,42.0,0.0,1.0086,1.0086,1.0086,1.0086,,x,22.0,43.0,16081.0,606.0
445319,2012,5291.0,9.0,0.0,0.2041,0.2041,0.2041,0.2041,,x,19.0,34.0,16302.0,594.0
445319,2013,4541.0,12.0,0.0,0.3171,0.3171,0.3171,0.3171,,x,5.0,10.0,16576.0,615.0
445319,2014,4369.0,37.0,0.0,1.0163,1.0163,1.0163,1.0163,,x,,,16326.0,369.0
445319,2015,2826.0,49.0,0.0,2.0807,2.0807,2.0807,2.0807,,x,,,15196.0,207.0
445319,2016,1108.0,27.0,0.0,2.9242,2.9242,2.9242,2.9242,,x,,,,168.0
445407,2008,4368.0,26.0,0.0,0.7143,0.7143,0.7143,0.7143,,x,42.0,64.0,19052.0,494.0
445407,2009,6660.0,36.0,1.0,0.6577,0.6577,0.6577,0.6577,,x,73.0,110.0,20043.0,386.0
445407,2010,10950.0,35.0,4.0,0.4055,0.4055,0.4055,0.4055,,x,78.0,192.0,20859.0,461.0
445407,2011,13260.0,59.0,7.0,0.5656,0.5656,0.5656,0.5656,,x,49.0,134.0,20696.0,533.0
445920,2006,18866.0,1.0,28.0,0.0954,0.0954,0.0954,0.0954,,-,280.0,,18510.0,
445920,2007,22715.0,12.0,120.0,0.3804,0.3804,0.3804,0.3804,,-,190.0,204.0,20145.0,
445920,2008,23799.0,16.0,163.0,0.4916,0.4916,0.4916,0.4916,,-,163.0,186.0,21599.0,
445920,2009,25971.0,21.0,186.0,0.5267,0.5267,0.5267,0.5267,,-,164.0,245.0,20848.0,
445920,2010,27057.0,50.0,162.0,0.581,0.581,0.581,0.581,,-,109.0,146.0,21357.0,
445920,2011,24497.0,59.0,198.0,0.774,0.774,0.774,0.774,,-,61.0,98.0,21860.0,
445920,2012,17152.0,65.0,147.0,0.969,0.969,0.969,0.969,,-,30.0,78.0,21307.0,
445920,2013,12147.0,53.0,107.0,1.0521,1.0521,1.0521,1.0521,,-,42.0,51.0,20453.0,
445920,2014,9988.0,59.0,88.0,1.2375,1.2375,1.2375,1.2375,,-,19.0,38.0,18485.0,
445920,2015,5933.0,23.0,73.0,1.2034,1.2034,1.2034,1.2034,,-,14.0,30.0,18329.0,
445920,2016,4373.0,17.0,42.0,1.0428,1.0428,1.0428,1.0428,,-,,,18202.0,
445939,2006,7101.0,0.0,23.0,0.1943,0.1943,0.1943,0.1943,,-,82.0,,18510.0,
445939,2008,11653.0,19.0,86.0,0.6385,0.6385,0.6385,0.6385,,-,57.0,57.0,21425.0,
445939,2009,10416.0,19.0,74.0,0.6452,0.6452,0.6452,0.6452,,-,71.0,75.0,22217.0,
445939,2010,10309.0,21.0,72.0,0.6635,0.6635,0.6635,0.6635,,-,35.0,45.0,21357.0,
445939,2011,9831.0,31.0,84.0,0.8911,0.8911,0.8911,0.8911,,-,20.0,30.0,21860.0,
445939,2012,7146.0,24.0,59.0,0.8984,0.8984,0.8984,0.8984,,-,14.0,25.0,21307.0,
445939,2014,3427.0,23.0,29.0,1.3132,1.3132,1.3132,1.3132,,-,,,18485.0,
446844,2007,48007.0,0.0,264.0,0.33,0.33,0.33,0.33,,-,154.0,58.0,30058.0,478.0
446844,2008,51514.0,0.0,372.0,0.4333,0.4333,0.4333,0.4333,,-,128.0,40.0,,439.0
446844,2009,43322.0,0.0,363.0,0.5027,0.5027,0.5027,0.5027,,-,171.0,62.0,,506.0
446844,2010,48998.0,0.0,321.0,0.3931,0.3931,0.3931,0.3931,,-,178.0,58.0,28411.0,489.0
446844,2011,50957.0,0.0,290.0,0.3415,0.3415,0.3415,0.3415,,-,149.0,89.0,23851.0,500.0
446844,2012,39773.0,0.0,317.0,0.4782,0.4782,0.4782,0.4782,,-,136.0,50.0,19522.0,529.0
446844,2013,30054.0,0.0,94.0,0.1877,0.1877,0.1877,0.1877,,-,72.0,21.0,17202.0,511.0
446844,2014,22834.0,0.0,15.0,0.0394,0.0394,0.0394,0.0394,,-,59.0,30.0,16906.0,454.0
446844,2015,19200.0,0.0,131.0,0.4094,0.4094,0.4094,0.4094,,-,45.0,28.0,17036.0,461.0
446844,2017,4885.0,0.0,84.0,1.0317,1.0317,1.0317,1.0317,,-,,,,
447643,2006,17632.0,0.0,0.0,0.0,0.0,0.0,0.0,,-,190.0,343.0,22062.0,346.0
447643,2007,18519.0,0.0,30.0,0.0972,0.0972,0.0972,0.0972,,-,94.0,137.0,26678.0,699.0
447643,2008,25779.0,0.0,125.0,0.2909,0.2909,0.2909,0.2909,,-,122.0,135.0,25023.0,678.0
447643,2009,27855.0,8.0,190.0,0.4437,0.4437,0.4437,0.4437,,-,,,21064.0,
447670,2008,17431.0,14.0,95.0,0.4234,0.4234,0.4234,0.4234,,-,107.0,158.0,19930.0,
447670,2009,18538.0,35.0,104.0,0.5632,0.5632,0.5632,0.5632,,-,92.0,156.0,20633.0,
447670,2010,19012.0,42.0,138.0,0.7006,0.7006,0.7006,0.7006,,-,54.0,94.0,21357.0,
447670,2011,17761.0,52.0,134.0,0.804,0.804,0.804,0.804,,-,36.0,64.0,21860.0,
447670,2012,12780.0,55.0,138.0,1.1643,1.1643,1.1643,1.1643,,-,28.0,57.0,21307.0,
447670,2013,10045.0,57.0,102.0,1.2902,1.2902,1.2902,1.2902,,-,21.0,48.0,20453.0,
447670,2014,8134.0,36.0,53.0,0.9221,0.9221,0.9221,0.9221,,-,13.0,22.0,18485.0,
447670,2015,5543.0,34.0,54.0,1.3205,1.3205,1.3205,1.3205,,-,14.0,26.0,18329.0,
447670,2016,4318.0,26.0,28.0,1.1116,1.1116,1.1116,1.1116,,-,,,18202.0,
450164,2007,1410.0,0.0,0.0,0.0,0.0,0.0,0.0,,-,48.0,74.0,,897.0
450164,2008,8697.0,0.0,2.0,0.0138,0.0138,0.0138,0.0138,,-,67.0,88.0,25023.0,853.0
450164,2009,16820.0,2.0,50.0,0.1926,0.1926,0.1926,0.1926,,-,,,21064.0,
451769,2009,28796.0,4.0,56.0,0.1334,0.1334,0.1334,0.1334,,-,158.0,213.0,,
451769,2010,36722.0,21.0,106.0,0.2418,0.2418,0.2418,0.2418,,-,96.0,146.0,,
451769,2011,23659.0,50.0,145.0,0.6213,0.6213,0.6213,0.6213,,-,51.0,91.0,21860.0,
451769,2012,17889.0,48.0,139.0,0.7882,0.7882,0.7882,0.7882,,-,35.0,59.0,21307.0,
451769,2013,12994.0,59.0,125.0,1.1221,1.1221,1.1221,1.1221,,-,21.0,56.0,20453.0,
451769,2014,9861.0,53.0,106.0,1.29,1.29,1.29,1.29,,-,16.0,48.0,18485.0,
451769,2015,6524.0,38.0,68.0,1.3243,1.3243,1.3243,1.3243,,-,10.0,41.0,18329.0,
451769,2016,5066.0,32.0,47.0,1.3146,1.3146,1.3146,1.3146,,-,,,18202.0,
454616,2008,9216.0,0.0,172.0,1.1198,1.1198,1.1198,1.1198,,-,96.0,68.0,,1238.0
454616,2009,10844.0,0.0,124.0,0.6861,0.6861,0.6861,0.6861,,-,113.0,87.0,26319.0,908.0
454616,2010,11200.0,0.0,127.0,0.6804,0.6804,0.6804,0.6804,,-,127.0,72.0,27789.0,984.0
454616,2011,14847.0,0.0,191.0,0.7719,0.7719,0.7719,0.7719,,-,93.0,67.0,33921.0,957.0
454616,2012,11105.0,0.0,146.0,0.7889,0.7889,0.7889,0.7889,,-,68.0,51.0,33063.0,1007.0
454616,2013,8540.0,0.0,125.0,0.8782,0.8782,0.8782,0.8782,,-,45.0,36.0,22137.0,1133.0
454616,2014,7049.0,0.0,77.0,0.6554,0.6554,0.6554,0.6554,,-,66.0,37.0,25733.0,1088.0
454616,2015,6886.0,0.0,92.0,0.8016,0.8016,0.8016,0.8016,,-,45.0,34.0,21619.0,1035.0
454616,2016,6593.0,0.0,80.0,0.728,0.728,0.728,0.728,,-,47.0,44.0,21469.0,977.0
454616,2017,6227.0,3.0,74.0,0.7708,0.7708,0.7708,0.7708,,-,52.0,37.0,22258.0,912.0
454616,2018,6737.0,0.0,64.0,0.57,0.57,0.57,0.57,,-,39.0,45.0,23368.0,893.0
454616,2019,6236.0,11.0,68.0,0.8659,0.8659,0.8659,0.8659,,-,47.0,33.0,24131.0,926.0
454616,2020,5589.0,6.0,64.0,0.8158,0.8158,0.8158,0.8158,,-,29.0,29.0,23625.0,937.0
454616,2021,4254.0,11.0,43.0,0.9168,0.9168,0.9168,0.9168,,-,30.0,35.0,26420.0,974.0
454616,2022,2879.0,5.0,34.0,0.9171,0.9171,0.9171,0.9171,,-,,,21771.0,
455585,2010,9609.0,5.0,25.0,0.2186,0.2186,0.2186,0.2186,,-,35.0,52.0,21357.0,
455585,2011,9243.0,12.0,85.0,0.7076,0.7076,0.7076,0.7076,,-,36.0,64.0,21860.0,
455585,2012,7673.0,17.0,54.0,0.6881,0.6881,0.6881,0.6881,,-,20.0,48.0,21307.0,
455585,2013,5863.0,14.0,51.0,0.8085,0.8085,0.8085,0.8085,,-,32.0,29.0,20453.0,
455585,2014,4811.0,7.0,42.0,0.6984,0.6984,0.6984,0.6984,,-,20.0,38.0,18485.0,
455585,2015,4032.0,11.0,37.0,0.878,0.878,0.878,0.878,,-,14.0,16.0,18329.0,
455585,2016,2818.0,11.0,27.0,1.0433,1.0433,1.0433,1.0433,,-,,,18202.0,
456782,2011,13243.0,2.0,39.0,0.1948,0.1948,0.1948,0.1948,,-,41.0,52.0,21860.0,
456782,2012,11231.0,10.0,76.0,0.5129,0.5129,0.5129,0.5129,,-,33.0,45.0,21307.0,
456782,2013,9195.0,35.0,92.0,1.0571,1.0571,1.0571,1.0571,,-,21.0,49.0,20453.0,
456782,2014,8262.0,41.0,52.0,0.9731,0.9731,0.9731,0.9731,,-,22.0,43.0,18485.0,
456782,2015,6077.0,35.0,39.0,1.0761,1.0761,1.0761,1.0761,,-,8.0,18.0,18329.0,
456782,2016,3985.0,18.0,54.0,1.3552,1.3552,1.3552,1.3552,,-,,,18202.0,
456834,2010,3509.0,0.0,1.0,0.0171,0.0171,0.0171,0.0171,,-,27.0,52.0,21357.0,
456834,2011,4451.0,5.0,10.0,0.2696,0.2696,0.2696,0.2696,,-,27.0,36.0,21860.0,
456834,2012,4183.0,5.0,12.0,0.3155,0.3155,0.3155,0.3155,,-,9.0,40.0,21307.0,
456834,2013,4201.0,11.0,21.0,0.6142,0.6142,0.6142,0.6142,,-,8.0,35.0,20453.0,
456834,2016,305.0,2.0,3.0,1.3786,1.3786,1.3786,1.3786,,-,,,18202.0,
456959,2011,4487.0,0.0,0.0,0.0,0.0,0.0,0.0,,n,111.0,26.0,16894.0,
456959,2012,8075.0,0.0,0.0,0.0,0.0,0.0,0.0,,n,140.0,21.0,17269.0,
456959,2013,11574.0,49.0,0.0,0.508,0.508,0.508,0.508,,n,155.0,39.0,17520.0,689.0
456959,2014,14389.0,73.0,0.0,0.6088,0.7256,0.7863,0.8775,2.0775,o,113.0,33.0,17189.0,657.0
456959,2015,14055.0,109.0,0.0,0.9306,0.9948,1.0257,1.0693,1.3202,o,88.0,22.0,17044.0,654.0
456959,2016,11940.0,105.0,0.0,1.0553,1.0005,0.9763,0.9443,0.8008,o,145.0,32.0,17154.0,662.0
456959,2017,12081.0,117.0,0.0,1.1622,1.0982,1.07,1.0328,0.7898,o,188.0,38.0,16868.0,624.0
456959,2018,13297.0,85.0,0.0,0.7671,0.8081,0.8277,0.8551,1.2425,o,169.0,40.0,16640.0,626.0
456959,2019,15135.0,84.0,0.0,0.666,0.7645,0.8143,0.8876,1.7761,o,164.0,35.0,16292.0,602.0
456959,2020,15770.0,117.0,0.0,0.8903,0.97,1.0088,1.0643,1.4292,o,217.0,29.0,15558.0,573.0
456959,2021,17879.0,129.0,0.0,0.8658,0.8943,0.9076,0.9261,1.1441,o,174.0,43.0,14999.0,510.0
456959,2022,18075.0,143.0,0.0,0.9494,0.9703,0.9801,0.9936,1.0952,o,193.0,35.0,14297.0,508.0
456959,2023,17705.0,159.0,0.0,1.0777,1.1031,1.115,1.1313,1.1021,o,163.0,31.0,13937.0,476.0
456959,2024,16870.0,154.0,0.0,1.0954,1.0777,1.0697,1.0589,0.9344,o,183.0,30.0,14400.0,465.0
457651,2010,3497.0,0.0,0.0,0.0,0.0,0.0,0.0,,-,22.0,,,289.0
457651,2011,4536.0,0.0,0.0,0.0,0.0,0.0,0.0,,-,17.0,,,336.0
457651,2017,2189.0,0.0,0.0,0.0,0.0,0.0,0.0,,-,14.0,15.0,,507.0
457651,2018,2305.0,0.0,6.0,0.1562,0.1562,0.1562,0.1562,,-,3.0,21.0,,434.0
457651,2019,2714.0,0.0,17.0,0.3758,0.3758,0.3758,0.3758,,-,15.0,11.0,,377.0
458742,2011,6808.0,2.0,19.0,0.2027,0.2027,0.2027,0.2027,,-,23.0,55.0,21860.0,
458742,2012,6967.0,14.0,30.0,0.4995,0.4995,0.4995,0.4995,,-,37.0,34.0,22042.0,
458742,2013,6603.0,22.0,40.0,0.7633,0.7633,0.7633,0.7633,,-,17.0,37.0,20453.0,
458742,2014,5952.0,21.0,37.0,0.7964,0.7964,0.7964,0.7964,,-,21.0,57.0,18485.0,
458742,2015,5505.0,22.0,43.0,0.9483,0.9483,0.9483,0.9483,,-,7.0,31.0,18329.0,
470870,2012,2870.0,0.0,0.0,0.0,0.0,0.0,0.0,,-,34.0,1.0,24556.0,387.0
470870,2013,4287.0,0.0,18.0,0.2519,0.2519,0.2519,0.2519,,-,51.0,6.0,24126.0,639.0
470870,2014,5325.0,0.0,35.0,0.3943,0.3943,0.3943,0.3943,,-,41.0,,23762.0,615.0
470870,2015,5907.0,0.0,48.0,0.4875,0.4875,0.4875,0.4875,,-,19.0,2.0,23561.0,615.0
474881,2013,5681.0,0.0,54.0,0.5703,0.5703,0.5703,0.5703,,-,30.0,18.0,29691.0,745.0
474881,2014,6136.0,0.0,56.0,0.5476,0.5476,0.5476,0.5476,,-,24.0,36.0,29714.0,658.0
474881,2015,4487.0,4.0,47.0,0.7355,0.7355,0.7355,0.7355,,-,19.0,15.0,29660.0,744.0
474881,2016,2896.0,12.0,29.0,1.0981,1.0981,1.0981,1.0981,,-,14.0,2.0,27147.0,1195.0
474881,2017,3696.0,9.0,12.0,0.487,0.487,0.487,0.487,,-,,,13086.0,550.0
475291,2011,7341.0,22.0,11.0,0.4495,0.4495,0.4495,0.4495,,-,20.0,14.0,,628.0
475291,2012,6962.0,20.0,30.0,0.6033,0.6033,0.6033,0.6033,,-,13.0,20.0,23267.0,562.0
475291,2013,5684.0,15.0,49.0,0.8339,0.8339,0.8339,0.8339,,-,13.0,15.0,21254.0,678.0
475291,2014,4598.0,8.0,52.0,0.8873,0.8873,0.8873,0.8873,,-,16.0,16.0,21026.0,647.0
475291,2015,5142.0,7.0,40.0,0.6301,0.6301,0.6301,0.6301,,-,,1.0,20415.0,609.0
477011,2013,2151.0,1.0,0.0,0.0558,0.0558,0.0558,0.0558,,x,21.0,12.0,20032.0,170.0
478005,2012,1795.0,0.0,0.0,0.0,0.0,0.0,0.0,,-,22.0,42.0,,469.0
478005,2013,2817.0,0.0,1.0,0.0213,0.0213,0.0213,0.0213,,-,17.0,36.0,16655.0,572.0
478005,2014,3994.0,3.0,5.0,0.1652,0.1652,0.1652,0.1652,,-,6.0,25.0,16972.0,596.0
478005,2015,4119.0,2.0,16.0,0.2914,0.2914,0.2914,0.2914,,-,22.0,7.0,17628.0,664.0
478005,2016,3096.0,6.0,16.0,0.5426,0.5426,0.5426,0.5426,,-,7.0,15.0,17972.0,690.0
482343,2013,3217.0,0.0,0.0,0.0,0.0,0.0,0.0,,-,22.0,33.0,,543.0
482343,2014,3753.0,1.0,0.0,0.032,0.032,0.032,0.032,,-,8.0,29.0,16972.0,611.0
482343,2015,3398.0,1.0,5.0,0.1236,0.1236,0.1236,0.1236,,-,26.0,9.0,17628.0,639.0
482343,2016,2554.0,5.0,17.0,0.6343,0.6343,0.6343,0.6343,,-,6.0,12.0,17972.0,691.0
482343,2017,2147.0,5.0,21.0,0.8665,0.8665,0.8665,0.8665,,-,12.0,9.0,18131.0,720.0
482529,2013,8070.0,65.0,6.0,1.0112,1.0112,1.0112,1.0112,,x,12.0,76.0,,786.0
482529,2014,6780.0,44.0,8.0,0.8496,0.8496,0.8496,0.8496,,x,11.0,59.0,21079.0,766.0
482529,2015,5400.0,40.0,9.0,0.9889,0.9889,0.9889,0.9889,,x,1.0,23.0,22047.0,458.0
486053,2015,3408.0,25.0,5.0,0.9683,0.9683,0.9683,0.9683,,n,23.0,27.0,,234.0
486053,2016,3625.0,30.0,6.0,1.0924,1.0924,1.0924,1.0924,,n,30.0,19.0,7882.0,243.0
486053,2017,3858.0,23.0,3.0,0.7621,0.7621,0.7621,0.7621,,n,23.0,6.0,7751.0,253.0
486053,2018,3792.0,28.0,16.0,1.1392,1.1392,1.1392,1.1392,,n,26.0,15.0,7577.0,252.0
486053,2019,3444.0,32.0,6.0,1.2195,1.2195,1.2195,1.2195,,n,25.0,32.0,8005.0,257.0
486053,2020,3160.0,19.0,8.0,0.8734,0.8637,0.8617,0.8568,0.9623,o,29.0,29.0,7885.0,
486053,2021,3887.0,29.0,10.0,1.0497,1.0554,1.0565,1.0595,1.0189,o,30.0,16.0,7657.0,222.0
486053,2022,3596.0,20.0,2.0,0.7008,0.7396,0.7478,0.769,1.2041,o,10.0,23.0,7197.0,214.0
486053,2023,3129.0,18.0,1.0,0.7095,0.6612,0.6517,0.6283,0.7843,o,8.0,14.0,7499.0,214.0
486053,2024,2875.0,33.0,2.0,1.4191,1.0319,0.9661,0.8193,0.3333,o,31.0,19.0,7144.0,227.0
486284,2015,3620.0,16.0,7.0,0.6464,0.6464,0.6464,0.6464,,n,52.0,35.0,,251.0
486284,2017,8230.0,7.0,24.0,0.277,0.277,0.277,0.277,,n,62.0,45.0,16572.0,99.0
486284,2018,9745.0,14.0,10.0,0.234,0.234,0.234,0.234,,n,71.0,26.0,17261.0,172.0
486284,2019,11059.0,50.0,12.0,0.6076,0.6076,0.6076,0.6076,,n,67.0,37.0,17412.0,140.0
486284,2020,10177.0,46.0,8.0,0.5896,0.6053,0.6086,0.617,1.0952,o,85.0,30.0,17548.0,153.0
486284,2021,9671.0,64.0,7.0,0.8376,0.865,0.8708,0.8855,1.1176,o,67.0,26.0,18034.0,164.0
486284,2022,8841.0,45.0,9.0,0.6719,0.6984,0.704,0.7183,1.1429,o,44.0,22.0,17662.0,128.0
486284,2023,7393.0,54.0,6.0,0.9252,0.8686,0.8573,0.8298,0.8043,o,28.0,11.0,16842.0,183.0
491844,2018,2657.0,0.0,7.0,0.1581,0.1581,0.1581,0.1581,,n,90.0,8.0,,19.0
491844,2019,2574.0,0.0,12.0,0.2797,0.2797,0.2797,0.2797,,n,70.0,9.0,,93.0
491844,2020,2349.0,0.0,12.0,0.3065,0.3065,0.3065,0.3065,,n,35.0,12.0,,95.0
491844,2021,1896.0,0.0,13.0,0.4114,0.3883,0.3346,0.3132,0.4375,o,76.0,3.0,,
491844,2022,2920.0,0.0,14.0,0.2877,0.2952,0.3155,0.325,1.4476,o,86.0,23.0,6494.0,
491844,2023,4363.0,0.0,29.0,0.3988,0.4112,0.445,0.4608,1.5496,o,110.0,8.0,6873.0,
491844,2024,5942.0,0.0,34.0,0.3433,0.3508,0.3706,0.3798,1.358,o,207.0,6.0,6640.0,
