unitid,year,credits,BA,AA,ER_m,ER_l,ER_c,ER_h,G,G_source,first_time_n,transfer_in_n,sticker_real,rev_per_credit_real
155283,2014,11036.0,0.0,130.0,0.7068,0.7068,0.7068,0.7068,,-,99.0,,,1085.0
155283,2015,7020.0,5.0,84.0,0.8034,0.8034,0.8034,0.8034,,-,115.0,,,1408.0
155283,2016,6712.0,18.0,107.0,1.2783,1.2783,1.2783,1.2783,,-,134.0,,,1250.0
155283,2019,7030.0,10.0,66.0,0.734,0.734,0.734,0.734,,-,107.0,,,1172.0
155283,2020,6639.0,13.0,77.0,0.9309,0.9309,0.9309,0.9309,,-,90.0,,,1295.0
155283,2021,14130.0,26.0,64.0,0.4926,0.4926,0.4926,0.4926,,-,146.0,,,689.0
155283,2022,11286.0,40.0,106.0,0.9888,0.9888,0.9888,0.9888,,-,171.0,,,820.0
176549,1999,13080.0,0.0,0.0,0.0,0.0,0.0,0.0,,-,,,,
176549,2001,33801.0,0.0,0.0,0.0,0.0,0.0,0.0,,-,,,,
176549,2002,89548.0,0.0,80.0,0.0536,0.0536,0.0536,0.0536,,-,270.0,,,
176549,2009,22120.0,0.0,161.0,0.4367,0.4367,0.4367,0.4367,,-,83.0,,,1344.0
176549,2010,17490.0,0.0,101.0,0.3465,0.3465,0.3465,0.3465,,-,53.0,54.0,,440.0
176549,2011,16380.0,0.0,123.0,0.4505,0.4505,0.4505,0.4505,,-,32.0,27.0,,471.0
176549,2012,12000.0,0.0,121.0,0.605,0.605,0.605,0.605,,-,72.0,5.0,,426.0
176549,2013,12870.0,0.0,50.0,0.2331,0.2331,0.2331,0.2331,,-,115.0,,17341.0,367.0
176628,1998,23256.0,187.0,0.0,0.9649,0.9566,0.9549,0.9506,0.9706,o,,,,
176628,1999,28180.0,162.0,0.0,0.6899,0.688,0.6877,0.6867,0.991,o,,,,
176628,2000,29079.0,185.0,0.0,0.7634,0.796,0.8029,0.8205,1.155,o,,,,
176628,2001,30604.0,183.0,0.0,0.7176,0.795,0.8121,0.8563,1.4242,o,,,,
176628,2002,30484.0,160.0,0.0,0.6298,0.7094,0.727,0.7732,1.5068,o,131.0,,23246.0,
176628,2003,30265.0,213.0,3.0,0.8505,0.9121,0.9254,0.9595,1.2727,o,152.0,,24063.0,547.0
176628,2004,38078.0,201.0,3.0,0.6382,0.6388,0.639,0.6393,1.0035,o,129.0,,24875.0,479.0
176628,2005,32636.0,226.0,1.0,0.8328,0.7949,0.7873,0.7685,0.8515,o,154.0,,24948.0,529.0
176628,2006,31805.0,222.0,3.0,0.8433,0.834,0.8321,0.8273,0.9626,o,138.0,178.0,26020.0,526.0
176628,2007,30776.0,221.0,0.0,0.8617,0.8696,0.8712,0.8753,1.0318,o,114.0,156.0,26164.0,545.0
176628,2008,31219.0,229.0,0.0,0.8802,0.8529,0.8473,0.8336,0.8968,o,183.0,173.0,27584.0,562.0
176628,2009,33716.0,246.0,0.0,0.8755,0.8879,0.8905,0.8969,1.0495,o,118.0,126.0,28992.0,555.0
176628,2010,32448.0,254.0,0.0,0.9393,0.9477,0.9494,0.9537,1.0308,o,167.0,126.0,29876.0,571.0
176628,2011,33808.0,238.0,0.0,0.8448,0.8755,0.882,0.8984,1.131,o,138.0,161.0,30571.0,565.0
176628,2012,34690.0,230.0,0.0,0.7956,0.8018,0.8031,0.8063,1.0269,o,210.0,177.0,31430.0,554.0
176628,2013,37960.0,233.0,0.0,0.7366,0.7682,0.7749,0.792,1.1561,o,182.0,167.0,32016.0,546.0
176628,2014,39918.0,274.0,0.0,0.8237,0.9035,0.9209,0.966,1.3754,o,204.0,145.0,32849.0,558.0
176628,2015,40523.0,254.0,0.0,0.7522,0.8053,0.8168,0.8462,1.2656,o,202.0,156.0,33551.0,558.0
176628,2016,39811.0,277.0,0.0,0.8349,0.8731,0.8812,0.9018,1.1667,o,203.0,114.0,34291.0,565.0
176628,2017,37669.0,280.0,0.0,0.892,0.9005,0.9022,0.9066,1.0332,o,183.0,155.0,34817.0,561.0
176628,2018,36520.0,273.0,0.0,0.897,0.897,0.897,0.897,1.0,o,168.0,134.0,34921.0,552.0
176628,2019,36316.0,248.0,0.0,0.8195,0.7856,0.7788,0.7619,0.8645,o,153.0,126.0,24282.0,523.0
176628,2020,32791.0,285.0,0.0,1.043,0.975,0.9615,0.9285,0.7926,o,151.0,125.0,24640.0,510.0
176628,2021,29266.0,253.0,0.0,1.0374,0.968,0.9542,0.9206,0.7876,o,217.0,102.0,24646.0,504.0
176628,2022,28484.0,268.0,0.0,1.1291,1.1446,1.1479,1.1561,1.0484,o,184.0,97.0,23850.0,438.0
176628,2023,28148.0,216.0,0.0,0.9208,0.9822,0.9954,1.0292,1.2492,o,381.0,173.0,23177.0,375.0
176628,2024,35868.0,197.0,0.0,0.6591,0.7889,0.8188,0.8985,1.8586,o,249.0,161.0,38672.0,354.0
176637,1999,23156.0,47.0,189.0,0.7333,0.7333,0.7333,0.7333,,-,,,,
176637,2000,19629.0,49.0,123.0,0.6755,0.6755,0.6755,0.6755,,-,,,,
176637,2001,21198.0,45.0,125.0,0.6085,0.6085,0.6085,0.6085,,-,,,,
176637,2002,18816.0,33.0,192.0,0.8227,0.8227,0.8227,0.8227,,-,174.0,,20274.0,
176637,2003,16664.0,14.0,211.0,0.8605,0.8605,0.8605,0.8605,,-,104.0,,20188.0,875.0
176637,2004,16443.0,17.0,192.0,0.8247,0.8247,0.8247,0.8247,,-,152.0,,20716.0,963.0
176637,2005,19605.0,16.0,162.0,0.5937,0.5937,0.5937,0.5937,,-,195.0,,21807.0,784.0
176637,2006,18192.0,11.0,122.0,0.4749,0.4749,0.4749,0.4749,,-,97.0,118.0,22118.0,980.0
176637,2007,20691.0,38.0,100.0,0.5104,0.5104,0.5104,0.5104,,-,130.0,22.0,22504.0,927.0
176637,2008,22539.0,57.0,125.0,0.6362,0.6362,0.6362,0.6362,,-,187.0,38.0,22828.0,912.0
176637,2009,24579.0,50.0,159.0,0.6323,0.6323,0.6323,0.6323,,-,173.0,39.0,23533.0,841.0
176637,2010,29931.0,57.0,177.0,0.5833,0.5833,0.5833,0.5833,,-,122.0,35.0,24513.0,817.0
176637,2011,28755.0,93.0,231.0,0.8701,0.8701,0.8701,0.8701,,-,75.0,26.0,25194.0,984.0
176637,2012,22676.0,70.0,280.0,1.1113,1.1113,1.1113,1.1113,,-,77.0,19.0,24556.0,1064.0
176637,2013,18989.0,60.0,244.0,1.1502,1.1502,1.1502,1.1502,,-,103.0,21.0,24126.0,975.0
176637,2014,17103.0,36.0,172.0,0.856,0.856,0.856,0.856,,-,67.0,4.0,23762.0,863.0
176637,2015,15185.0,40.0,139.0,0.8653,0.8653,0.8653,0.8653,,-,68.0,7.0,23561.0,761.0
176664,1998,24818.0,87.0,13.0,0.4521,0.4508,0.4505,0.4499,0.9902,o,,,,
176664,1999,27424.0,82.0,6.0,0.3719,0.3741,0.3745,0.3757,1.0202,o,,,,
176664,2001,21463.0,90.0,8.0,0.5256,0.5309,0.532,0.5348,1.0356,o,,,,
176664,2002,19265.0,94.0,14.0,0.6291,0.5951,0.5883,0.5716,0.8255,o,136.0,,6565.0,
176664,2003,18911.0,86.0,6.0,0.5648,0.4713,0.454,0.4135,0.536,o,145.0,,6959.0,162.0
176664,2004,18811.0,62.0,6.0,0.4147,0.3463,0.3336,0.3039,0.5373,o,128.0,,7469.0,163.0
176664,2005,17882.0,78.0,10.0,0.557,0.4791,0.4644,0.4296,0.5948,o,201.0,,7827.0,141.0
176664,2006,17053.0,77.0,4.0,0.5559,0.5721,0.5755,0.5841,1.104,o,158.0,41.0,20348.0,176.0
176664,2007,16360.0,56.0,5.0,0.4291,0.4607,0.4675,0.485,1.2776,o,125.0,31.0,20356.0,188.0
176664,2008,15305.0,76.0,0.0,0.5959,0.6021,0.6034,0.6067,1.0366,o,86.0,34.0,19989.0,170.0
176664,2009,15131.0,68.0,6.0,0.5631,0.495,0.482,0.4509,0.6413,o,86.0,36.0,19582.0,238.0
176664,2010,14431.0,74.0,4.0,0.632,0.5105,0.4885,0.4374,0.4791,o,70.0,57.0,19598.0,243.0
176664,2011,13125.0,61.0,4.0,0.576,0.4846,0.4676,0.4277,0.5512,o,75.0,31.0,9213.0,265.0
176664,2012,10830.0,81.0,2.0,0.9086,0.8149,0.7968,0.7532,0.6872,o,53.0,14.0,9415.0,281.0
176664,2013,8822.0,54.0,2.0,0.7481,0.6867,0.6746,0.6454,0.7442,o,56.0,24.0,10280.0,302.0
176664,2014,8695.0,53.0,4.0,0.7591,0.6841,0.6695,0.6345,0.6987,o,80.0,27.0,10651.0,289.0
176664,2015,8523.0,52.0,6.0,0.7744,0.7601,0.7572,0.75,0.9379,o,89.0,31.0,11814.0,318.0
176664,2016,8752.0,36.0,1.0,0.5005,0.5425,0.5516,0.575,1.3203,o,84.0,23.0,12827.0,374.0
176664,2017,8377.0,37.0,1.0,0.5372,0.6142,0.6315,0.6768,1.5872,o,35.0,21.0,13431.0,367.0
176664,2018,7537.0,39.0,4.0,0.6528,0.628,0.623,0.6106,0.875,o,36.0,19.0,17261.0,396.0
176664,2019,6769.0,51.0,6.0,0.9573,0.7444,0.7067,0.6205,0.4201,o,44.0,15.0,17266.0,403.0
176664,2020,6255.0,59.0,3.0,1.1607,0.9281,0.8861,0.7893,0.4624,o,42.0,20.0,17128.0,407.0
176664,2021,5689.0,42.0,4.0,0.9281,0.8447,0.8284,0.789,0.7227,o,44.0,43.0,17380.0,404.0
176664,2022,7080.0,35.0,3.0,0.6186,0.654,0.6616,0.6809,1.2113,o,71.0,33.0,16335.0,292.0
176664,2023,7155.0,44.0,11.0,0.8302,0.9223,0.9426,0.9954,1.4375,o,109.0,34.0,16242.0,383.0
176664,2024,9274.0,52.0,15.0,0.7699,0.9538,0.997,1.1138,2.093,o,119.0,56.0,16230.0,361.0
176770,1998,4690.0,0.0,67.0,0.8571,0.8571,0.8571,0.8571,,n,,,,
176770,1999,4966.0,1.0,69.0,0.8578,0.568,0.5216,0.4215,0.2414,o,,,,
176770,2000,5592.0,2.0,69.0,0.7833,0.7833,0.7833,0.7833,,n,,,,
176770,2001,6107.0,1.0,54.0,0.5502,0.5502,0.5502,0.5502,,n,,,,
176770,2002,7525.0,6.0,64.0,0.606,0.9301,1.0163,1.2684,4.381,o,58.0,,10892.0,
176770,2003,10430.0,7.0,74.0,0.5062,0.6098,0.6337,0.6978,1.9,o,53.0,,11216.0,508.0
176770,2004,11966.0,12.0,79.0,0.5165,0.5599,0.5694,0.5937,1.3214,o,38.0,,11383.0,322.0
176770,2005,16680.0,14.0,88.0,0.4173,0.4159,0.4157,0.415,0.9891,o,182.0,,14341.0,367.0
176770,2006,13759.0,42.0,81.0,0.7195,0.9179,0.9654,1.095,2.3158,o,136.0,,16718.0,445.0
176770,2008,10750.0,77.0,54.0,1.1609,1.4692,1.5426,1.7425,2.2527,o,86.0,,15979.0,406.0
176770,2009,12420.0,81.0,50.0,1.0242,0.9252,0.906,0.8596,0.7045,o,135.0,1.0,15712.0,312.0
176770,2014,18250.0,120.0,85.0,1.0685,0.9957,0.9812,0.9461,0.784,o,10.0,178.0,13661.0,555.0
176770,2015,18945.0,152.0,105.0,1.2953,0.5818,0.493,0.3259,0.0633,o,19.0,136.0,13250.0,508.0
176770,2016,19291.0,170.0,104.0,1.381,0.6255,0.531,0.3525,0.0652,o,14.0,134.0,13725.0,571.0
176770,2017,17507.0,177.0,92.0,1.5285,0.8457,0.7483,0.551,0.1299,o,3.0,141.0,14239.0,615.0
176770,2018,17287.0,147.0,106.0,1.3883,1.2414,1.213,1.1448,0.68,o,3.0,130.0,14220.0,645.0
176770,2019,17502.0,139.0,96.0,1.2821,0.8119,0.7387,0.5832,0.2069,o,2.0,144.0,14545.0,678.0
176770,2020,17428.0,153.0,113.0,1.4425,0.8345,0.7452,0.5615,0.1515,o,6.0,146.0,15144.0,667.0
176770,2021,17901.0,170.0,101.0,1.4781,1.1879,1.1354,1.014,0.4706,o,4.0,214.0,14707.0,661.0
176770,2022,19252.0,144.0,120.0,1.2716,1.4746,1.5205,1.6416,1.6667,o,,169.0,13823.0,555.0
176770,2023,16443.0,142.0,113.0,1.4486,1.7876,1.8671,2.0817,2.0649,i,10.0,97.0,13867.0,593.0
176770,2024,16510.0,162.0,129.0,1.6463,2.0246,2.1131,2.3517,2.0406,i,1.0,8.0,15599.0,543.0
176789,1998,8700.0,48.0,0.0,0.6621,0.6019,0.5902,0.5618,0.72,o,,,,
176789,1999,5564.0,44.0,1.0,0.9597,0.9194,0.9113,0.8913,0.8625,o,,,,
176789,2000,4565.0,35.0,4.0,0.9726,0.8993,0.8848,0.8497,0.7632,o,,,,
176789,2001,5269.0,36.0,1.0,0.8313,0.7768,0.766,0.7396,0.7917,o,,,,
176789,2002,6329.0,41.0,2.0,0.7963,0.8095,0.8122,0.8191,1.058,o,48.0,,9129.0,
176789,2003,6459.0,45.0,2.0,0.8546,0.9676,0.9928,1.0587,1.5345,o,44.0,,10794.0,255.0
176789,2004,6631.0,37.0,3.0,0.6967,0.8005,0.8238,0.8852,1.614,o,37.0,,10414.0,368.0
176789,2005,6723.0,50.0,9.0,0.9728,1.0026,1.0088,1.0247,1.1096,o,41.0,,11061.0,366.0
176789,2006,7469.0,64.0,7.0,1.0845,1.0438,1.0355,1.0153,0.8764,o,44.0,42.0,10807.0,340.0
176789,2007,6869.0,46.0,7.0,0.8648,0.8451,0.8411,0.8312,0.9239,o,30.0,41.0,12250.0,392.0
176789,2008,5986.0,70.0,8.0,1.4835,1.4451,1.4373,1.4179,0.9136,o,42.0,59.0,11721.0,367.0
176789,2009,6058.0,52.0,4.0,1.0697,1.0451,1.0401,1.0277,0.9231,o,32.0,41.0,12765.0,399.0
176789,2010,5772.0,48.0,1.0,1.0083,0.9686,0.9606,0.9408,0.8706,o,30.0,43.0,11802.0,415.0
176789,2011,6551.0,48.0,10.0,0.9708,0.9223,0.9125,0.8886,0.8378,o,33.0,37.0,14026.0,409.0
176789,2012,6604.0,50.0,4.0,0.9449,0.909,0.9017,0.8839,0.875,o,35.0,29.0,14107.0,404.0
176789,2013,6112.0,43.0,9.0,0.9326,0.91,0.9054,0.894,0.9189,o,41.0,46.0,14379.0,245.0
176789,2014,5840.0,51.0,9.0,1.1404,1.2098,1.2246,1.2626,1.2258,o,38.0,27.0,14240.0,387.0
176789,2015,5267.0,45.0,6.0,1.0936,1.1678,1.1837,1.2246,1.254,o,34.0,35.0,13838.0,410.0
176789,2016,5603.0,34.0,4.0,0.771,0.7839,0.7866,0.7934,1.0588,o,32.0,28.0,14676.0,441.0
176789,2017,5049.0,25.0,7.0,0.6774,0.6502,0.6447,0.6312,0.8684,o,43.0,27.0,14915.0,425.0
176789,2018,6134.0,42.0,2.0,0.8412,0.8286,0.8261,0.8196,0.9494,o,48.0,53.0,13898.0,340.0
176789,2019,6857.0,33.0,5.0,0.6213,0.6649,0.6743,0.6984,1.2639,o,52.0,44.0,13622.0,310.0
176789,2020,7770.0,42.0,7.0,0.7027,0.7927,0.8127,0.865,1.5152,o,20.0,44.0,13418.0,262.0
176789,2021,7263.0,37.0,5.0,0.6526,0.6449,0.6434,0.6394,0.96,o,43.0,24.0,13031.0,271.0
176789,2022,6144.0,57.0,10.0,1.2109,1.0884,1.0647,1.0076,0.6923,o,32.0,29.0,12699.0,295.0
176789,2023,4791.0,43.0,6.0,1.1522,1.0599,1.0418,0.9978,0.75,o,27.0,18.0,12939.0,334.0
176789,2024,4125.0,39.0,1.0,1.1491,1.0846,1.0717,1.0402,0.8194,o,27.0,21.0,13692.0,283.0
176910,1998,3900.0,16.0,5.0,0.5692,0.6083,0.6167,0.6382,1.2571,o,,,,
176910,1999,3471.0,20.0,9.0,0.847,0.8119,0.8048,0.7874,0.8642,o,,,,
176910,2000,3534.0,20.0,7.0,0.798,0.7578,0.7498,0.73,0.837,o,,,,
176910,2001,3542.0,17.0,1.0,0.5929,0.5767,0.5734,0.5653,0.9091,o,,,,
176910,2002,5475.0,26.0,4.0,0.6137,0.7105,0.7324,0.79,1.6571,o,94.0,,8141.0,
176910,2003,7284.0,21.0,10.0,0.4283,0.5426,0.5698,0.6439,2.2597,o,75.0,,8072.0,19.0
176910,2004,15300.0,21.0,19.0,0.2392,0.2972,0.3108,0.3477,2.1125,o,169.0,,9419.0,
176910,2005,13669.0,35.0,12.0,0.3599,0.4466,0.4669,0.522,2.1034,o,162.0,,10140.0,
176910,2006,15426.0,69.0,18.0,0.6068,0.7312,0.7599,0.8369,1.9023,o,80.0,48.0,14708.0,79.0
176910,2007,14338.0,50.0,24.0,0.5189,0.5758,0.5884,0.6209,1.432,o,114.0,45.0,12477.0,76.0
176910,2008,14080.0,70.0,26.0,0.7074,0.6619,0.6528,0.6308,0.7951,o,70.0,36.0,13097.0,96.0
176910,2009,13581.0,61.0,34.0,0.6892,0.5813,0.5612,0.5139,0.5559,o,73.0,30.0,14532.0,95.0
176910,2010,10062.0,73.0,17.0,0.972,0.8344,0.8085,0.7472,0.5909,o,44.0,28.0,14781.0,123.0
176910,2011,9209.0,61.0,12.0,0.8731,0.754,0.7314,0.678,0.6031,o,52.0,37.0,18426.0,170.0
176910,2012,9017.0,57.0,12.0,0.8384,0.6943,0.6677,0.6056,0.5217,o,61.0,34.0,17960.0,174.0
176910,2013,9144.0,57.0,22.0,0.8924,0.8335,0.8218,0.7933,0.7902,o,64.0,31.0,17779.0,184.0
176910,2014,8222.0,48.0,19.0,0.8392,0.8555,0.8589,0.8674,1.0684,o,69.0,18.0,18169.0,208.0
176910,2015,7588.0,47.0,16.0,0.8698,0.956,0.9749,1.0238,1.3854,o,54.0,26.0,15274.0,212.0
176910,2016,7328.0,42.0,10.0,0.7697,0.7888,0.7928,0.803,1.0885,o,57.0,13.0,15428.0,256.0
176910,2017,6667.0,39.0,10.0,0.792,0.7651,0.7597,0.7463,0.888,o,54.0,17.0,17465.0,227.0
176910,2018,6394.0,38.0,11.0,0.8164,0.7747,0.7663,0.7458,0.8346,o,41.0,17.0,17323.0,251.0
176910,2019,5489.0,40.0,15.0,1.0384,0.9635,0.9487,0.9126,0.7724,o,49.0,18.0,16961.0,240.0
176910,2020,5819.0,38.0,8.0,0.8661,0.815,0.8048,0.7799,0.8108,o,33.0,13.0,16707.0,214.0
176910,2021,4466.0,28.0,4.0,0.8061,0.7383,0.725,0.6928,0.7387,o,17.0,17.0,10797.0,216.0
176910,2022,3780.0,25.0,4.0,0.8571,0.7116,0.6847,0.6218,0.5263,o,12.0,41.0,10148.0,208.0
176910,2023,4227.0,33.0,3.0,0.9794,0.7052,0.6589,0.556,0.3222,o,20.0,9.0,10196.0,226.0
176910,2024,3447.0,28.0,12.0,1.1836,0.901,0.8515,0.7394,0.3902,o,47.0,18.0,11200.0,234.0
176938,1998,26305.0,68.0,16.0,0.3467,0.3527,0.3539,0.3571,1.0607,o,,,,
176938,1999,26910.0,97.0,10.0,0.4548,0.4529,0.4526,0.4516,0.9856,o,,,,
176938,2000,25610.0,145.0,13.0,0.7099,0.6741,0.6669,0.6493,0.8367,o,,,,
176938,2001,22888.0,124.0,15.0,0.6894,0.6172,0.6033,0.5697,0.6828,o,,,,
176938,2002,25878.0,130.0,9.0,0.6237,0.5565,0.5435,0.5123,0.6748,o,189.0,,11138.0,
176938,2003,26182.0,158.0,8.0,0.7425,0.7182,0.7133,0.7011,0.8916,o,188.0,,11743.0,296.0
176938,2004,26490.0,124.0,6.0,0.5753,0.6089,0.6161,0.6344,1.2161,o,135.0,,11512.0,342.0
176938,2006,19290.0,131.0,5.0,0.8305,0.7783,0.7679,0.7425,0.7994,o,125.0,,15229.0,508.0
176938,2012,9338.0,114.0,0.0,1.465,1.6388,1.6772,1.7773,1.4719,o,49.0,19.0,16395.0,731.0
176947,1998,36207.0,276.0,4.0,0.9214,0.9208,0.9207,0.9203,0.9978,o,,,,
176947,1999,42510.0,308.0,2.0,0.8723,0.8875,0.8907,0.8987,1.0616,o,,,,
176947,2000,35294.0,306.0,1.0,1.0421,1.0554,1.0581,1.0651,1.0445,o,,,,
176947,2001,35747.0,287.0,2.0,0.9668,0.9711,0.972,0.9743,1.0156,o,,,,
176947,2002,36566.0,293.0,2.0,0.9648,0.9654,0.9656,0.9659,1.0022,o,237.0,,21341.0,
176947,2003,37600.0,279.0,2.0,0.8936,0.9013,0.9029,0.9069,1.0299,o,225.0,,21820.0,305.0
176947,2004,24653.0,151.0,2.0,0.7399,0.7427,0.7433,0.7447,1.0132,o,193.0,,22819.0,484.0
176947,2005,23511.0,145.0,4.0,0.7503,0.727,0.7223,0.7106,0.897,o,224.0,,23323.0,504.0
176947,2006,24448.0,155.0,0.0,0.7608,0.7291,0.7227,0.7069,0.8634,o,212.0,80.0,23683.0,525.0
176947,2007,25143.0,149.0,2.0,0.7159,0.704,0.7015,0.6955,0.9437,o,270.0,88.0,24515.0,559.0
176947,2008,27926.0,153.0,0.0,0.6575,0.6852,0.6911,0.706,1.1531,o,300.0,96.0,25111.0,589.0
176947,2009,30076.0,186.0,4.0,0.7501,0.8213,0.8368,0.877,1.3669,o,260.0,107.0,25870.0,613.0
176947,2010,31159.0,187.0,3.0,0.726,0.7806,0.7924,0.8227,1.2844,o,314.0,127.0,26689.0,667.0
176947,2011,34417.0,186.0,5.0,0.6572,0.6914,0.6987,0.7172,1.1909,o,281.0,96.0,27067.0,703.0
176947,2012,32451.0,259.0,8.0,0.9725,0.9847,0.9873,0.9936,1.0439,o,302.0,105.0,27389.0,785.0
176947,2013,33045.0,251.0,9.0,0.9278,0.9387,0.941,0.9467,1.0411,o,291.0,128.0,27698.0,851.0
176947,2014,31656.0,220.0,4.0,0.8415,0.8495,0.8512,0.8554,1.0331,o,331.0,119.0,28070.0,1004.0
176947,2015,32910.0,248.0,6.0,0.9152,0.9271,0.9296,0.9358,1.0454,o,287.0,82.0,28498.0,1040.0
176947,2016,31162.0,213.0,5.0,0.8299,0.844,0.847,0.8544,1.06,o,264.0,120.0,28988.0,1077.0
176947,2017,30842.0,256.0,3.0,1.0019,0.9808,0.9764,0.9657,0.9292,o,279.0,84.0,29333.0,1067.0
176947,2018,29866.0,222.0,10.0,0.9121,0.8768,0.8697,0.8522,0.873,o,324.0,112.0,29624.0,1078.0
176947,2019,32217.0,231.0,12.0,0.8828,0.8765,0.8752,0.872,0.9757,o,321.0,89.0,29797.0,1000.0
176947,2020,34351.0,263.0,8.0,0.9327,0.9763,0.9856,1.0092,1.1706,o,346.0,88.0,30133.0,895.0
176947,2021,34951.0,184.0,27.0,0.6781,0.7198,0.7287,0.7515,1.2284,o,340.0,87.0,30091.0,820.0
176947,2022,34602.0,256.0,10.0,0.9051,0.9396,0.9469,0.9654,1.1376,o,294.0,93.0,29039.0,749.0
176947,2023,33176.0,238.0,12.0,0.8826,0.8782,0.8773,0.875,0.9829,o,228.0,118.0,28094.0,725.0
176947,2024,31153.0,221.0,7.0,0.8648,0.8054,0.7937,0.765,0.7826,o,305.0,128.0,27140.0,774.0
176965,1998,237177.0,1570.0,63.0,0.8103,0.7881,0.7781,0.7647,0.8907,o,,,,
176965,1999,237336.0,1563.0,52.0,0.8034,0.795,0.7912,0.786,0.9572,o,,,,
176965,2000,237730.0,1601.0,45.0,0.8195,0.82,0.8203,0.8206,1.0028,o,,,,
176965,2001,242852.0,1540.0,50.0,0.7733,0.7849,0.7902,0.7976,1.0637,o,,,,
176965,2002,247232.0,1583.0,59.0,0.7827,0.7906,0.7943,0.7993,1.043,o,1327.0,,6080.0,
176965,2003,241592.0,1751.0,29.0,0.8769,0.8714,0.8689,0.8655,0.9742,o,1438.0,,5506.0,225.0
176965,2004,232654.0,1732.0,20.0,0.8985,0.8854,0.8795,0.8715,0.9408,o,1508.0,,6607.0,256.0
176965,2005,231173.0,1645.0,19.0,0.8588,0.8531,0.8505,0.847,0.9726,o,1575.0,,8595.0,260.0
176965,2006,243367.0,1622.0,7.0,0.8015,0.8182,0.826,0.8367,1.0898,o,1592.0,808.0,8647.0,249.0
176965,2007,239733.0,1475.0,5.0,0.7396,0.7641,0.7756,0.7915,1.1454,o,1554.0,785.0,8825.0,267.0
176965,2008,240819.0,1607.0,1.0,0.801,0.8137,0.8196,0.8278,1.0679,o,1613.0,784.0,7469.0,275.0
176965,2009,271661.0,1666.0,2.0,0.7364,0.7411,0.7433,0.7463,1.0272,o,1504.0,820.0,9475.0,250.0
176965,2010,239560.0,1736.0,0.0,0.8696,0.8663,0.8648,0.8627,0.9842,o,1570.0,946.0,9413.0,280.0
176965,2011,241928.0,1709.0,0.0,0.8477,0.843,0.8408,0.8379,0.9771,o,1689.0,939.0,9192.0,281.0
176965,2012,250302.0,1796.0,0.0,0.861,0.867,0.8697,0.8735,1.029,o,1787.0,987.0,9449.0,287.0
176965,2013,256802.0,1857.0,0.0,0.8678,0.8908,0.9015,0.9164,1.1152,o,1769.0,992.0,9554.0,275.0
176965,2014,253737.0,1834.0,0.0,0.8674,0.8982,0.9127,0.9329,1.1568,o,1710.0,967.0,9565.0,305.0
176965,2015,253572.0,1839.0,0.0,0.8703,0.884,0.8904,0.8992,1.0675,o,1658.0,968.0,9484.0,301.0
176965,2016,257452.0,1972.0,0.0,0.9192,0.9122,0.9091,0.9048,0.9689,o,1605.0,855.0,9493.0,309.0
176965,2017,249969.0,1909.0,0.0,0.9164,0.8977,0.8893,0.8779,0.9176,o,1691.0,885.0,9359.0,281.0
176965,2018,247602.0,1994.0,0.0,0.9664,0.9539,0.9483,0.9406,0.9474,o,1493.0,806.0,9372.0,279.0
176965,2019,233423.0,1974.0,0.0,1.0148,1.0012,0.9951,0.9867,0.9454,o,1249.0,752.0,9363.0,285.0
176965,2020,223907.0,1878.0,0.0,1.0065,0.9653,0.947,0.9226,0.8403,o,1084.0,658.0,9578.0,291.0
176965,2021,198855.0,1693.0,0.0,1.0216,0.9403,0.9053,0.8595,0.7078,o,1158.0,715.0,9695.0,289.0
176965,2022,190450.0,1567.0,0.0,0.9873,0.9076,0.8733,0.8285,0.7041,o,1028.0,642.0,9951.0,307.0
176965,2023,180888.0,1493.0,0.0,0.9904,0.938,0.9149,0.8843,0.7972,o,1061.0,622.0,9744.0,296.0
176965,2024,175312.0,1384.0,0.0,0.9473,0.9226,0.9114,0.8964,0.8954,o,1031.0,718.0,9739.0,302.0
177038,1998,1680.0,37.0,0.0,2.6429,2.6429,2.6429,2.6429,,n,,,,
177038,2003,2002.0,34.0,0.0,2.038,2.1515,2.1758,2.2377,1.2056,i,1.0,,6237.0,
177038,2004,3235.0,25.0,0.0,0.9274,0.5505,0.4942,0.3774,0.1656,i,1.0,,6405.0,
177038,2005,3300.0,46.0,0.0,1.6727,0.6467,0.5312,0.3249,0.0377,o,3.0,,9619.0,
177038,2006,3655.0,54.0,0.0,1.7729,0.8073,0.686,0.4567,0.0664,i,3.0,50.0,9816.0,
177038,2007,3832.0,0.0,0.0,0.0,0.0,0.0,0.0,0.7246,i,1.0,41.0,10540.0,
177065,1998,173398.0,1370.0,534.0,1.1329,1.148,1.1512,1.1591,1.0468,o,,,,
177065,1999,304950.0,1457.0,589.0,0.6892,0.6906,0.6909,0.6916,1.0068,o,,,,
177065,2000,176789.0,1527.0,627.0,1.2493,1.2707,1.2752,1.2864,1.0604,o,,,,
177065,2001,206804.0,1579.0,559.0,1.0784,1.281,1.3274,1.451,1.8104,o,,,,
177065,2002,211938.0,1643.0,574.0,1.0928,1.2938,1.3398,1.4621,1.7903,o,161.0,,18199.0,
177065,2003,226502.0,1847.0,576.0,1.1311,0.683,0.6153,0.474,0.1756,o,157.0,,18567.0,256.0
177065,2004,246932.0,1768.0,590.0,1.0025,0.5115,0.445,0.3142,0.0982,o,182.0,,18842.0,264.0
177065,2005,264440.0,1918.0,723.0,1.0344,0.6067,0.5433,0.4123,0.1589,o,163.0,,18649.0,272.0
177065,2006,278059.0,2004.0,865.0,1.0515,1.068,1.0714,1.0801,1.055,o,191.0,145.0,18689.0,279.0
177065,2007,292355.0,2066.0,969.0,1.0469,1.0799,1.0869,1.1045,1.1132,o,208.0,1527.0,18774.0,281.0
177065,2008,306755.0,2183.0,953.0,1.0404,1.0907,1.1014,1.1287,1.177,o,220.0,160.0,19073.0,286.0
177065,2009,333077.0,2280.0,1008.0,1.003,1.0677,1.0816,1.1172,1.2406,o,173.0,178.0,19692.0,292.0
177065,2010,381939.0,2347.0,1052.0,0.9027,0.9304,0.9363,0.9511,1.1102,o,971.0,2111.0,20836.0,301.0
177065,2011,404237.0,2542.0,1269.0,0.943,1.2798,1.3633,1.5967,2.8672,o,1331.0,2187.0,9794.0,302.0
177065,2012,412121.0,2707.0,1520.0,1.0095,1.6444,1.819,2.3412,5.3785,o,1103.0,1731.0,8210.0,301.0
177065,2013,401494.0,2719.0,1583.0,1.0492,1.7805,1.9863,2.6112,6.1934,o,990.0,1398.0,9009.0,307.0
177065,2014,370517.0,2639.0,1503.0,1.0981,1.3083,1.3566,1.4853,1.8295,o,948.0,1478.0,9368.0,307.0
177065,2015,347835.0,2504.0,1516.0,1.1254,1.0706,1.0596,1.0326,0.8419,o,805.0,1248.0,9745.0,323.0
177065,2016,312860.0,2285.0,1938.0,1.2481,1.1348,1.1127,1.0592,0.7202,o,891.0,1917.0,10683.0,338.0
177065,2017,318765.0,2632.0,1613.0,1.2944,1.2178,1.2026,1.1652,0.8103,o,697.0,1413.0,26689.0,315.0
177065,2018,267235.0,2237.0,1450.0,1.3301,1.2554,1.2405,1.204,0.8194,o,776.0,1586.0,27338.0,364.0
177065,2019,236545.0,2070.0,1242.0,1.3652,1.298,1.2845,1.2514,0.8403,o,601.0,1208.0,27704.0,391.0
177065,2020,194010.0,1843.0,1043.0,1.4625,1.3767,1.3596,1.3178,0.8119,o,516.0,1157.0,28243.0,410.0
177065,2021,162049.0,1677.0,839.0,1.5525,1.4019,1.3726,1.3021,0.7034,o,485.0,950.0,28387.0,402.0
177065,2022,133908.0,1372.0,600.0,1.4983,1.3395,1.3089,1.2352,0.6796,o,569.0,955.0,26153.0,366.0
177065,2023,123442.0,1095.0,546.0,1.3299,1.2307,1.2111,1.1635,0.7654,o,601.0,897.0,25181.0,328.0
177065,2024,126241.0,981.0,495.0,1.1678,1.1836,1.1869,1.1951,1.0474,o,544.0,783.0,24326.0,315.0
177083,1998,1943.0,12.0,0.0,0.7411,0.6157,0.5926,0.5384,0.5278,o,,,,
177083,1999,2159.0,18.0,0.0,1.0005,0.9354,0.9225,0.891,0.7931,o,,,,
177083,2000,2617.0,14.0,0.0,0.642,0.6673,0.6727,0.6863,1.1429,o,,,,
177083,2001,2568.0,18.0,0.0,0.8411,0.9957,1.0311,1.1252,1.7895,o,,,,
177083,2002,2396.0,18.0,0.0,0.9015,1.0182,1.0442,1.1121,1.5217,o,17.0,,16130.0,
177083,2003,2683.0,17.0,0.0,0.7603,0.7868,0.7923,0.8065,1.125,o,10.0,,16518.0,148.0
177083,2005,3143.0,28.0,0.0,1.069,0.9218,0.894,0.8281,0.6,o,7.0,,18401.0,429.0
177083,2006,2375.0,25.0,0.0,1.2632,1.123,1.096,1.0314,0.6667,o,13.0,4.0,18881.0,625.0
177083,2007,2220.0,16.0,0.0,0.8649,0.7928,0.7786,0.7444,0.7407,o,18.0,8.0,19425.0,605.0
177083,2008,2106.0,14.0,0.0,0.7977,0.8931,0.9142,0.9692,1.4762,o,12.0,24.0,20563.0,793.0
177083,2009,2571.0,16.0,0.0,0.7468,0.866,0.893,0.9641,1.6667,o,12.0,24.0,21444.0,781.0
177083,2010,3118.0,24.0,0.0,0.9237,0.9738,0.9845,1.0118,1.2,o,19.0,3.0,22566.0,758.0
177083,2011,3169.0,30.0,0.0,1.136,1.136,1.136,1.136,1.0,o,14.0,19.0,22907.0,786.0
177083,2012,3026.0,16.0,0.0,0.6345,0.6523,0.656,0.6655,1.1,o,14.0,16.0,23212.0,810.0
177083,2013,2853.0,24.0,0.0,1.0095,1.0556,1.0654,1.0903,1.1667,o,19.0,17.0,23707.0,839.0
177083,2014,2789.0,25.0,0.0,1.0757,1.0953,1.0995,1.1098,1.0645,o,16.0,68.0,24273.0,793.0
177083,2015,2627.0,18.0,0.0,0.8222,0.8364,0.8393,0.8468,1.0606,o,19.0,23.0,25496.0,864.0
177083,2016,2777.0,15.0,0.0,0.6482,0.6915,0.7008,0.7247,1.25,o,11.0,17.0,26323.0,994.0
177083,2017,2618.0,31.0,0.0,1.4209,1.3822,1.3743,1.3548,0.9091,o,14.0,13.0,26396.0,970.0
177083,2018,2059.0,15.0,0.0,0.8742,0.7929,0.7771,0.7388,0.7143,o,8.0,8.0,26827.0,955.0
177083,2019,1831.0,20.0,0.0,1.3108,1.1456,1.1142,1.0392,0.6286,o,4.0,7.0,27307.0,964.0
177083,2020,1300.0,6.0,0.0,0.5538,0.4246,0.4019,0.3503,0.4,o,3.0,6.0,27492.0,1014.0
177083,2021,1224.0,17.0,0.0,1.6667,1.1522,1.0675,0.8819,0.28,o,3.0,3.0,26698.0,912.0
177083,2022,770.0,9.0,0.0,1.4026,0.9623,0.8901,0.7325,0.2727,o,4.0,4.0,25588.0,888.0
177083,2023,781.0,5.0,0.0,0.7682,0.6571,0.6362,0.5868,0.5833,o,8.0,7.0,25100.0,806.0
177117,1998,9258.0,0.0,124.0,0.8036,0.7556,0.746,0.7226,0.8086,o,,,,
177117,1999,7765.0,0.0,117.0,0.9041,0.8436,0.8316,0.8024,0.7877,o,,,,
177117,2000,8835.0,0.0,103.0,0.6995,0.6729,0.6676,0.6543,0.875,o,,,,
177117,2002,6720.0,0.0,121.0,1.0804,1.1367,1.1487,1.1793,1.1915,o,155.0,,16595.0,
177117,2003,9559.0,0.0,118.0,0.7407,0.7746,0.7819,0.8002,1.1672,o,151.0,,16314.0,333.0
177117,2004,8927.0,0.0,103.0,0.6923,0.6865,0.6853,0.6823,0.9714,o,146.0,,16584.0,325.0
177117,2005,8396.0,0.0,97.0,0.6932,0.6688,0.6639,0.6517,0.8839,o,184.0,,17383.0,336.0
177117,2006,9178.0,0.0,98.0,0.6407,0.6379,0.6373,0.6359,0.9851,o,171.0,6.0,18074.0,368.0
177117,2007,9247.0,0.0,119.0,0.7721,0.8061,0.8133,0.8317,1.1601,o,178.0,,18451.0,374.0
177117,2008,9966.0,0.0,101.0,0.6081,0.6372,0.6434,0.6592,1.1751,o,178.0,10.0,19769.0,350.0
177117,2009,10363.0,0.0,118.0,0.6832,0.6984,0.7016,0.7096,1.0788,o,162.0,5.0,21251.0,336.0
177117,2010,9730.0,0.0,129.0,0.7955,0.7856,0.7835,0.7785,0.9577,o,167.0,12.0,20728.0,319.0
177117,2011,9545.0,0.0,107.0,0.6726,0.6612,0.6589,0.653,0.9427,o,168.0,9.0,21079.0,317.0
177117,2012,9896.0,0.0,107.0,0.6487,0.6374,0.6351,0.6293,0.941,o,127.0,7.0,21634.0,298.0
177117,2013,8939.0,14.0,98.0,0.8457,0.8116,0.8047,0.7878,0.8676,o,124.0,10.0,23260.0,360.0
177117,2014,8545.0,19.0,101.0,0.976,0.9023,0.8878,0.8525,0.7629,o,130.0,7.0,24752.0,363.0
177117,2015,8166.0,12.0,90.0,0.8376,0.773,0.7603,0.7294,0.7582,o,154.0,15.0,25196.0,333.0
177117,2016,9884.0,25.0,71.0,0.7345,0.7265,0.7248,0.7207,0.9627,o,94.0,8.0,25021.0,261.0
177117,2017,8550.0,16.0,79.0,0.7789,0.7762,0.7757,0.7743,0.988,o,86.0,11.0,24603.0,259.0
177117,2018,7967.0,36.0,60.0,0.9941,0.8996,0.8812,0.8369,0.7087,o,97.0,7.0,25175.0,300.0
177117,2019,8186.0,53.0,57.0,1.1947,1.0518,1.0244,0.959,0.6444,o,92.0,8.0,25820.0,315.0
177117,2020,7967.0,39.0,52.0,0.979,0.9049,0.8902,0.8547,0.7621,o,103.0,19.0,26154.0,273.0
177117,2021,8508.0,36.0,37.0,0.7687,0.7867,0.7905,0.8001,1.0833,o,129.0,11.0,26578.0,237.0
177117,2022,8312.0,38.0,21.0,0.7002,0.7501,0.7608,0.7884,1.2678,o,96.0,15.0,25357.0,330.0
177117,2023,9128.0,50.0,15.0,0.7559,0.7951,0.8035,0.8248,1.1905,o,66.0,6.0,25837.0,320.0
177117,2024,7755.0,57.0,11.0,0.9671,0.9165,0.9064,0.8815,0.8308,o,82.0,13.0,26209.0,284.0
177135,1998,32749.0,0.0,237.0,0.4342,0.4332,0.4308,0.4297,0.9688,o,,,,
177135,1999,27735.0,0.0,198.0,0.4283,0.4304,0.4357,0.438,1.0702,o,,,,
177135,2000,36755.0,0.0,242.0,0.395,0.3981,0.406,0.4095,1.1152,o,,,,
177135,2001,35073.0,0.0,201.0,0.3439,0.3433,0.342,0.3414,0.9786,o,,,,
177135,2003,47989.0,0.0,231.0,0.2888,0.2998,0.3301,0.3445,1.7059,o,607.0,,2325.0,31.0
177135,2004,63875.0,0.0,268.0,0.2517,0.2563,0.2684,0.2739,1.2915,o,588.0,,2507.0,20.0
177135,2005,66172.0,0.0,338.0,0.3065,0.3063,0.3058,0.3055,0.9907,o,566.0,,2511.0,30.0
177135,2006,55889.0,0.0,335.0,0.3596,0.3583,0.3548,0.3533,0.9473,o,560.0,,2767.0,53.0
177135,2007,59137.0,0.0,354.0,0.3592,0.3584,0.3565,0.3556,0.9705,o,662.0,510.0,2722.0,45.0
177135,2008,66570.0,0.0,363.0,0.3272,0.3309,0.3407,0.3451,1.1758,o,666.0,570.0,2853.0,43.0
177135,2009,86247.0,0.0,412.0,0.2866,0.2884,0.2929,0.2949,1.09,o,813.0,40.0,3453.0,34.0
177135,2010,89568.0,0.0,460.0,0.3081,0.3125,0.3241,0.3294,1.2244,o,1111.0,259.0,2745.0,21.0
177135,2011,106203.0,0.0,474.0,0.2678,0.2755,0.2965,0.3063,1.5024,o,1097.0,231.0,2680.0,
177135,2012,107246.0,0.0,584.0,0.3267,0.3297,0.3376,0.3412,1.1403,o,1089.0,292.0,2776.0,53.0
177135,2013,110241.0,0.0,620.0,0.3374,0.3371,0.3363,0.3359,0.9864,o,1286.0,180.0,2855.0,59.0
177135,2014,109553.0,0.0,680.0,0.3724,0.3767,0.3879,0.393,1.1766,o,1320.0,260.0,2844.0,62.0
177135,2015,106252.0,0.0,680.0,0.384,0.3868,0.3943,0.3976,1.1116,o,1125.0,279.0,2914.0,70.0
177135,2016,101894.0,0.0,698.0,0.411,0.4068,0.3962,0.3916,0.8634,o,1077.0,248.0,3049.0,83.0
177135,2017,98500.0,0.0,759.0,0.4623,0.4583,0.4479,0.4434,0.881,o,1048.0,257.0,3121.0,107.0
177135,2018,93506.0,0.0,721.0,0.4626,0.461,0.457,0.4552,0.9519,o,984.0,211.0,3320.0,113.0
177135,2019,86385.0,0.0,698.0,0.4848,0.4822,0.4756,0.4727,0.9261,o,944.0,248.0,3485.0,119.0
177135,2020,80489.0,0.0,681.0,0.5076,0.505,0.4984,0.4955,0.9291,o,926.0,250.0,3606.0,112.0
177135,2021,78093.0,0.0,653.0,0.5017,0.5003,0.4967,0.4951,0.9606,o,842.0,267.0,4258.0,145.0
177135,2022,74217.0,0.0,743.0,0.6007,0.5963,0.5851,0.5803,0.9005,o,948.0,242.0,4577.0,176.0
177135,2023,77544.0,0.0,689.0,0.5331,0.5357,0.5425,0.5456,1.0724,o,854.0,264.0,4840.0,178.0
177135,2024,75472.0,0.0,643.0,0.5112,0.5095,0.5052,0.5033,0.9542,o,856.0,218.0,6180.0,164.0
177144,1998,29610.0,189.0,0.0,0.766,0.7533,0.7507,0.7443,0.9441,o,,,,
177144,1999,27864.0,205.0,0.0,0.8829,0.8419,0.8337,0.8135,0.849,o,,,,
177144,2000,25359.0,186.0,0.0,0.8802,0.8006,0.785,0.7475,0.7212,o,,,,
177144,2001,23526.0,175.0,0.0,0.8926,0.8187,0.8042,0.7691,0.7424,o,,,,
177144,2004,25095.0,153.0,0.0,0.7316,0.7597,0.7657,0.7808,1.1388,o,182.0,,20564.0,298.0
177144,2005,25718.0,172.0,0.0,0.8026,0.7957,0.7943,0.7908,0.9709,o,155.0,,21552.0,313.0
177144,2006,24466.0,186.0,0.0,0.9123,0.8541,0.8425,0.8143,0.7967,o,212.0,,22203.0,338.0
177144,2007,25314.0,173.0,0.0,0.8201,0.7765,0.7678,0.7464,0.8284,o,203.0,75.0,23063.0,370.0
177144,2008,23282.0,188.0,0.0,0.969,0.9787,0.9807,0.9858,1.0349,o,227.0,75.0,24584.0,405.0
177144,2009,22499.0,129.0,0.0,0.688,0.7384,0.7493,0.7772,1.276,o,148.0,79.0,31294.0,448.0
177144,2010,22469.0,146.0,0.0,0.7797,0.7846,0.7856,0.7882,1.0218,o,212.0,74.0,32235.0,446.0
177144,2011,22959.0,163.0,0.0,0.852,0.8175,0.8106,0.7935,0.8675,o,198.0,54.0,31478.0,450.0
177144,2012,21922.0,155.0,0.0,0.8485,0.8368,0.8344,0.8285,0.9535,o,217.0,76.0,30682.0,436.0
177144,2013,22047.0,124.0,0.0,0.6749,0.6951,0.6993,0.71,1.1067,o,220.0,80.0,30145.0,401.0
177144,2014,24741.0,145.0,0.0,0.7033,0.744,0.7527,0.7749,1.2139,o,290.0,81.0,30676.0,419.0
177144,2015,28725.0,165.0,0.0,0.6893,0.7343,0.744,0.7688,1.2439,o,260.0,71.0,31396.0,438.0
177144,2016,30233.0,177.0,0.0,0.7025,0.7623,0.7753,0.8088,1.3253,o,269.0,81.0,32281.0,456.0
177144,2017,30972.0,190.0,0.0,0.7361,0.7781,0.7871,0.8099,1.2105,o,305.0,67.0,32399.0,444.0
177144,2018,31893.0,226.0,0.0,0.8503,0.88,0.8863,0.9021,1.1255,o,288.0,42.0,32453.0,444.0
177144,2019,30184.0,190.0,0.0,0.7554,0.772,0.7755,0.7843,1.0782,o,256.0,59.0,32555.0,433.0
177144,2020,29939.0,195.0,0.0,0.7816,0.788,0.7893,0.7926,1.0284,o,255.0,61.0,32699.0,414.0
177144,2021,27539.0,219.0,0.0,0.9543,0.9226,0.9162,0.9004,0.8902,o,242.0,53.0,32379.0,416.0
177144,2022,26038.0,175.0,0.0,0.8065,0.7662,0.7582,0.7384,0.8381,o,263.0,63.0,31260.0,404.0
177144,2023,25721.0,165.0,0.0,0.7698,0.7534,0.75,0.7417,0.9283,o,250.0,109.0,30221.0,390.0
177144,2024,29919.0,182.0,0.0,0.73,0.7308,0.731,0.7314,1.0039,o,192.0,59.0,29915.0,332.0
177153,1998,7388.0,58.0,18.0,1.0883,1.0883,1.0883,1.0883,,-,,,,
177153,2000,6133.0,49.0,14.0,1.0957,1.0957,1.0957,1.0957,,-,,,,
177153,2002,5814.0,33.0,13.0,0.8153,0.8153,0.8153,0.8153,,-,32.0,,17062.0,
177153,2006,9837.0,75.0,111.0,1.5919,1.5919,1.5919,1.5919,,-,3.0,,,839.0
177153,2007,15210.0,69.0,28.0,0.6548,0.6548,0.6548,0.6548,,-,24.0,869.0,19174.0,1090.0
177153,2008,25376.0,285.0,65.0,1.5014,1.5014,1.5014,1.5014,,-,11.0,1197.0,18628.0,1039.0
177153,2009,60000.0,798.0,47.0,1.643,1.643,1.643,1.643,,-,7.0,1867.0,20005.0,779.0
177153,2010,95430.0,1438.0,0.0,1.8082,1.8082,1.8082,1.8082,,-,93.0,4717.0,20842.0,891.0
177162,1998,81690.0,317.0,150.0,0.5758,0.5758,0.5758,0.5758,,x,,,,
177162,1999,85350.0,323.0,187.0,0.5856,0.5856,0.5856,0.5856,,x,,,,
177162,2000,104534.0,365.0,137.0,0.4976,0.4976,0.4976,0.4976,,x,,,,
177162,2001,106338.0,427.0,92.0,0.5338,0.5338,0.5338,0.5338,,x,,,,
177162,2002,102634.0,483.0,75.0,0.6086,0.6086,0.6086,0.6086,,x,395.0,,15140.0,
177162,2003,91931.0,471.0,81.0,0.6677,0.6677,0.6677,0.6677,,x,299.0,,15957.0,489.0
177162,2004,73411.0,509.0,76.0,0.8941,0.8941,0.8941,0.8941,,x,199.0,,16567.0,547.0
177162,2005,53758.0,411.0,58.0,0.9822,0.9822,0.9822,0.9822,,x,214.0,,18027.0,577.0
177162,2006,36334.0,320.0,58.0,1.1526,1.1526,1.1526,1.1526,,x,193.0,,18853.0,695.0
177162,2007,30825.0,224.0,36.0,0.9421,0.9421,0.9421,0.9421,,x,153.0,179.0,19131.0,783.0
177162,2008,26421.0,198.0,26.0,0.9583,0.9583,0.9583,0.9583,,x,185.0,191.0,19345.0,841.0
177162,2009,33270.0,185.0,47.0,0.752,0.752,0.752,0.752,,x,228.0,245.0,20330.0,708.0
177162,2010,39900.0,171.0,71.0,0.6211,0.6211,0.6211,0.6211,,x,271.0,409.0,20859.0,733.0
177162,2011,42510.0,177.0,67.0,0.5942,0.5942,0.5942,0.5942,,x,181.0,298.0,20696.0,818.0
177162,2012,34110.0,211.0,71.0,0.8672,0.8672,0.8672,0.8672,,x,73.0,214.0,20665.0,891.0
177214,1998,86492.0,423.0,150.0,0.6909,0.7231,0.7299,0.7473,1.1698,o,,,,
177214,1999,88800.0,485.0,157.0,0.7615,0.7772,0.7805,0.7887,1.0729,o,,,,
177214,2000,93013.0,533.0,117.0,0.7631,0.7705,0.7721,0.776,1.034,o,,,,
177214,2001,96106.0,566.0,148.0,0.7991,0.8019,0.8025,0.8039,1.012,o,,,,
177214,2002,95937.0,584.0,152.0,0.8255,0.8195,0.8183,0.8152,0.975,o,573.0,,20631.0,
177214,2003,104447.0,626.0,172.0,0.818,0.8264,0.8281,0.8325,1.0357,o,588.0,,21353.0,317.0
177214,2004,105326.0,643.0,137.0,0.8106,0.8438,0.8508,0.8687,1.1484,o,573.0,,22033.0,345.0
177214,2005,114354.0,620.0,220.0,0.766,0.8056,0.814,0.8355,1.1895,o,581.0,,22380.0,337.0
177214,2006,112070.0,659.0,220.0,0.8234,0.8412,0.8449,0.8543,1.0765,o,627.0,,22855.0,358.0
177214,2007,110389.0,717.0,171.0,0.8724,0.8825,0.8846,0.8899,1.0405,o,614.0,308.0,23460.0,366.0
177214,2008,113426.0,657.0,138.0,0.7681,0.7831,0.7862,0.7941,1.0689,o,559.0,760.0,24846.0,383.0
177214,2009,114560.0,691.0,194.0,0.8254,0.8293,0.8302,0.8322,1.0165,o,671.0,208.0,26309.0,404.0
177214,2010,123724.0,703.0,220.0,0.7885,0.7927,0.7935,0.7957,1.0182,o,651.0,376.0,27182.0,388.0
177214,2011,124652.0,874.0,259.0,0.966,0.9839,0.9877,0.9971,1.0653,o,572.0,364.0,27715.0,415.0
177214,2012,71538.0,800.0,238.0,1.5416,1.5603,1.5642,1.5741,1.0426,o,627.0,392.0,28631.0,695.0
177214,2013,107535.0,756.0,222.0,0.9675,0.9604,0.9589,0.9552,0.9748,o,519.0,276.0,29510.0,449.0
177214,2014,105537.0,781.0,200.0,1.0017,0.9611,0.9529,0.9327,0.8669,o,490.0,317.0,29353.0,441.0
177214,2015,95161.0,735.0,184.0,1.0429,0.9863,0.975,0.9472,0.825,o,435.0,364.0,31181.0,470.0
177214,2016,86824.0,679.0,167.0,1.0539,0.9775,0.9624,0.9256,0.7715,o,500.0,292.0,32288.0,478.0
177214,2017,84731.0,619.0,127.0,0.9666,0.9112,0.9001,0.8731,0.8159,o,456.0,232.0,33023.0,468.0
177214,2018,43661.0,255.0,0.0,0.7009,0.69,0.6877,0.6822,0.9475,o,377.0,82.0,33668.0,477.0
177214,2019,44403.0,284.0,0.0,0.7675,0.7445,0.7399,0.7283,0.9005,o,342.0,84.0,34794.0,492.0
177214,2020,46075.0,309.0,0.0,0.8048,0.7457,0.7341,0.7057,0.769,o,324.0,56.0,35656.0,435.0
177214,2021,43145.0,318.0,0.0,0.8845,0.7964,0.7794,0.7382,0.6967,o,320.0,72.0,36435.0,424.0
177214,2022,41167.0,326.0,0.0,0.9503,0.8819,0.8684,0.8355,0.7731,o,403.0,69.0,35577.0,389.0
177214,2023,42494.0,265.0,0.0,0.7483,0.7495,0.7498,0.7504,1.0056,o,336.0,80.0,35019.0,384.0
177214,2024,42641.0,309.0,0.0,0.8696,0.8962,0.9018,0.916,1.1096,o,337.0,91.0,35235.0,392.0
177250,1998,50678.0,0.0,248.0,0.2936,0.2959,0.3017,0.3043,1.1149,o,,,,
177250,1999,51826.0,0.0,223.0,0.2582,0.2601,0.265,0.2672,1.1096,o,,,,
177250,2000,55753.0,0.0,282.0,0.3035,0.3021,0.2984,0.2968,0.9349,o,,,,
177250,2001,58104.0,0.0,303.0,0.3129,0.3142,0.3177,0.3192,1.0627,o,,,,
177250,2002,59658.0,0.0,317.0,0.3188,0.328,0.3529,0.3645,1.5005,o,750.0,,2328.0,
177250,2003,60831.0,0.0,331.0,0.3265,0.3314,0.3446,0.3506,1.2407,o,1213.0,,2644.0,100.0
177250,2004,63347.0,0.0,375.0,0.3552,0.3681,0.4033,0.4201,1.6628,o,1128.0,,2746.0,92.0
177250,2005,65715.0,0.0,388.0,0.3543,0.3577,0.3668,0.3709,1.1493,o,899.0,,2665.0,82.0
177250,2006,64532.0,0.0,324.0,0.3012,0.2957,0.282,0.2761,0.768,o,811.0,106.0,2655.0,89.0
177250,2007,67072.0,0.0,349.0,0.3122,0.3074,0.2953,0.2901,0.8002,o,695.0,155.0,2577.0,88.0
177250,2008,67794.0,0.0,300.0,0.2655,0.2617,0.2521,0.248,0.8129,o,690.0,153.0,2494.0,82.0
177250,2009,72729.0,0.0,311.0,0.2566,0.255,0.251,0.2493,0.9163,o,940.0,243.0,2452.0,78.0
177250,2010,88883.0,0.0,374.0,0.2525,0.2579,0.2725,0.2793,1.3574,o,895.0,259.0,2436.0,63.0
177250,2011,93012.0,0.0,428.0,0.2761,0.2779,0.2826,0.2848,1.0982,o,858.0,232.0,2379.0,63.0
177250,2012,85988.0,0.0,420.0,0.2931,0.2917,0.2882,0.2867,0.9352,o,827.0,258.0,2482.0,67.0
177250,2013,84312.0,0.0,446.0,0.3174,0.3161,0.3128,0.3114,0.9435,o,773.0,225.0,2599.0,75.0
177250,2014,77298.0,0.0,460.0,0.3571,0.3549,0.3495,0.3471,0.9175,o,748.0,244.0,2812.0,76.0
177250,2015,70756.0,0.0,438.0,0.3714,0.3697,0.3652,0.3633,0.935,o,686.0,172.0,2976.0,80.0
177250,2016,63721.0,0.0,438.0,0.4124,0.4095,0.4019,0.3986,0.902,o,654.0,154.0,2956.0,85.0
177250,2017,58187.0,0.0,455.0,0.4692,0.4662,0.4585,0.4552,0.9121,o,605.0,130.0,3029.0,92.0
177250,2018,54916.0,0.0,454.0,0.496,0.4925,0.4835,0.4796,0.903,o,652.0,139.0,3230.0,91.0
177250,2019,52556.0,0.0,464.0,0.5297,0.531,0.5344,0.5359,1.0357,o,642.0,122.0,3163.0,84.0
177250,2020,51086.0,0.0,472.0,0.5544,0.5552,0.5573,0.5583,1.0215,o,647.0,111.0,3721.0,105.0
177250,2021,49757.0,0.0,432.0,0.5209,0.5209,0.5209,0.5209,1.0,o,673.0,109.0,3698.0,106.0
177250,2022,51881.0,0.0,427.0,0.4938,0.4953,0.4992,0.5009,1.0442,o,568.0,123.0,3607.0,103.0
177250,2023,50755.0,0.0,488.0,0.5769,0.5709,0.5556,0.549,0.8606,o,650.0,106.0,3602.0,106.0
177250,2024,50346.0,0.0,470.0,0.5601,0.5619,0.5667,0.5688,1.0475,o,573.0,139.0,3888.0,117.0
177302,1998,15750.0,0.0,114.0,0.4343,0.4343,0.4343,0.4343,,-,,,,
177302,1999,14610.0,0.0,105.0,0.4312,0.4312,0.4312,0.4312,,-,,,,
177302,2003,5993.0,0.0,131.0,1.3115,1.3115,1.3115,1.3115,,-,53.0,,14640.0,721.0
177302,2004,6300.0,0.0,85.0,0.8095,0.8095,0.8095,0.8095,,-,50.0,,16542.0,533.0
177302,2005,7324.0,0.0,36.0,0.2949,0.2949,0.2949,0.2949,,-,106.0,,16056.0,401.0
177302,2006,3365.0,0.0,29.0,0.5171,0.5171,0.5171,0.5171,,-,49.0,,15542.0,917.0
177302,2007,14576.0,0.0,13.0,0.0535,0.0535,0.0535,0.0535,,-,228.0,,18330.0,281.0
177302,2008,31689.0,0.0,25.0,0.0473,0.0473,0.0473,0.0473,,-,427.0,,18227.0,284.0
177302,2009,42163.0,0.0,42.0,0.0598,0.0598,0.0598,0.0598,,-,623.0,,17000.0,332.0
177302,2010,44361.0,0.0,13.0,0.0176,0.0176,0.0176,0.0176,,-,406.0,,21650.0,470.0
177302,2011,56161.0,0.0,311.0,0.3323,0.3323,0.3323,0.3323,,-,557.0,,19124.0,552.0
177302,2012,49506.0,0.0,359.0,0.4351,0.4351,0.4351,0.4351,,-,332.0,,18327.0,556.0
177302,2014,37863.0,0.0,137.0,0.2171,0.2171,0.2171,0.2171,,-,445.0,,18232.0,487.0
177302,2015,26957.0,0.0,142.0,0.3161,0.3161,0.3161,0.3161,,-,480.0,,18339.0,622.0
177302,2016,38086.0,0.0,143.0,0.2253,0.2253,0.2253,0.2253,,-,264.0,57.0,,393.0
177302,2018,12960.0,0.0,58.0,0.2685,0.2685,0.2685,0.2685,,-,123.0,,,539.0
177302,2019,11931.0,0.0,3.0,0.0151,0.0151,0.0151,0.0151,,-,133.0,33.0,,303.0
177302,2020,18627.0,0.0,0.0,0.0,0.0,0.0,0.0,,-,155.0,44.0,,349.0
177302,2021,20265.0,0.0,15.0,0.0444,0.0444,0.0444,0.0444,,-,55.0,,,429.0
177302,2022,14400.0,0.0,20.0,0.0833,0.0833,0.0833,0.0833,,-,100.0,11.0,,615.0
177339,1998,48990.0,322.0,2.0,0.7912,0.8117,0.816,0.8269,1.0922,o,,,,
177339,1999,39288.0,281.0,5.0,0.8659,0.8848,0.8888,0.8987,1.0772,o,,,,
177339,2003,45352.0,378.0,7.0,1.0094,1.0474,1.0555,1.0759,1.1359,o,532.0,,18447.0,508.0
177339,2006,33360.0,352.0,1.0,1.268,1.2689,1.269,1.2695,1.0024,o,367.0,,19772.0,830.0
177339,2007,47006.0,335.0,6.0,0.8629,0.812,0.8019,0.7771,0.8111,o,344.0,126.0,20846.0,552.0
177339,2008,44221.0,324.0,5.0,0.886,0.8133,0.7991,0.7645,0.7445,o,338.0,105.0,20362.0,553.0
177339,2009,48422.0,322.0,2.0,0.8005,0.752,0.7423,0.7187,0.8061,o,432.0,96.0,21668.0,516.0
177339,2010,53000.0,346.0,4.0,0.7879,0.7821,0.7809,0.7779,0.9747,o,400.0,113.0,22872.0,441.0
177339,2011,52903.0,380.0,12.0,0.8756,0.9164,0.9251,0.9471,1.1702,o,409.0,202.0,23717.0,475.0
177339,2012,57156.0,373.0,34.0,0.8188,0.8604,0.8692,0.8918,1.1862,o,384.0,151.0,24491.0,457.0
177339,2013,56588.0,379.0,48.0,0.8546,0.8619,0.8634,0.8673,1.0299,o,460.0,112.0,25466.0,462.0
177339,2014,62045.0,386.0,42.0,0.7872,0.7904,0.7911,0.7928,1.0144,o,329.0,109.0,26384.0,498.0
177339,2015,54952.0,394.0,38.0,0.9019,0.8954,0.894,0.8907,0.9753,o,362.0,109.0,27149.0,470.0
177339,2016,52254.0,432.0,36.0,1.0334,0.993,0.9848,0.9647,0.8714,o,387.0,91.0,27790.0,472.0
177339,2017,49216.0,378.0,42.0,0.9729,0.9397,0.933,0.9165,0.8874,o,400.0,75.0,28149.0,455.0
177339,2018,48705.0,318.0,37.0,0.8291,0.8285,0.8283,0.828,0.9975,o,372.0,76.0,28346.0,449.0
177339,2019,49399.0,340.0,39.0,0.8733,0.9018,0.9078,0.9231,1.1172,o,443.0,73.0,28578.0,389.0
177339,2020,50648.0,357.0,44.0,0.898,0.9202,0.9249,0.9367,1.0881,o,358.0,85.0,29240.0,390.0
177339,2021,49920.0,362.0,37.0,0.9147,0.9194,0.9203,0.9228,1.0178,o,348.0,124.0,29224.0,359.0
177339,2022,37329.0,277.0,6.0,0.9001,0.8771,0.8724,0.8608,0.9145,o,343.0,61.0,28247.0,408.0
177339,2023,37939.0,313.0,4.0,0.9963,0.9498,0.9404,0.9174,0.8479,o,330.0,57.0,27328.0,374.0
177339,2024,39124.0,253.0,5.0,0.7837,0.7451,0.7373,0.7183,0.8402,o,333.0,76.0,27192.0,383.0
177393,1999,120.0,0.0,0.0,0.0,0.0,0.0,0.0,,-,,,,
177418,1998,32336.0,338.0,0.0,1.2543,1.3647,1.3887,1.4507,1.3376,o,,,,
177418,1999,33720.0,282.0,0.0,1.0036,1.0808,1.0975,1.1404,1.2913,o,,,,
177418,2000,56998.0,284.0,0.0,0.5979,0.6055,0.6071,0.611,1.0444,o,,,,
177418,2001,36162.0,330.0,0.0,1.0951,1.091,1.0902,1.0881,0.9874,o,,,,
177418,2003,40031.0,298.0,0.0,0.8933,0.9417,0.952,0.9783,1.1993,o,205.0,,23305.0,582.0
177418,2004,45225.0,338.0,0.0,0.8968,0.9595,0.9729,1.0075,1.262,o,200.0,,24079.0,589.0
177418,2005,49354.0,362.0,0.0,0.8802,0.9228,0.9319,0.955,1.1773,o,195.0,,24820.0,603.0
177418,2006,49933.0,451.0,0.0,1.0839,1.1072,1.1121,1.1244,1.0763,o,198.0,237.0,25428.0,611.0
177418,2007,51550.0,459.0,0.0,1.0685,1.0669,1.0666,1.0658,0.9949,o,200.0,233.0,26375.0,636.0
177418,2008,53739.0,468.0,0.0,1.0451,1.0398,1.0387,1.036,0.9827,o,191.0,261.0,26808.0,642.0
177418,2009,53093.0,435.0,0.0,0.9832,0.9803,0.9797,0.9782,0.9899,o,182.0,225.0,27798.0,652.0
177418,2010,49026.0,468.0,0.0,1.1455,1.1283,1.1248,1.116,0.9491,o,165.0,218.0,28297.0,615.0
177418,2011,41427.0,437.0,0.0,1.2658,1.2165,1.2065,1.182,0.8719,o,142.0,191.0,28449.0,650.0
177418,2012,36769.0,408.0,0.0,1.3316,1.2414,1.2235,1.1799,0.7852,o,141.0,202.0,28872.0,658.0
177418,2013,33902.0,322.0,0.0,1.1398,1.052,1.0348,0.9928,0.7587,o,160.0,170.0,28367.0,677.0
177418,2014,32631.0,311.0,0.0,1.1437,1.0975,1.0882,1.0652,0.8674,o,113.0,162.0,29865.0,676.0
177418,2015,29114.0,309.0,0.0,1.2736,1.231,1.2224,1.201,0.8893,o,178.0,132.0,29725.0,676.0
177418,2016,29525.0,330.0,0.0,1.3412,1.3521,1.3544,1.3601,1.0283,o,141.0,112.0,30842.0,653.0
177418,2017,27082.0,271.0,0.0,1.2008,1.2212,1.2255,1.2362,1.0598,o,139.0,93.0,31373.0,651.0
177418,2018,25939.0,217.0,0.0,1.0039,1.0113,1.0128,1.0167,1.0256,o,183.0,84.0,31730.0,635.0
177418,2019,24797.0,237.0,0.0,1.1469,1.1811,1.1883,1.2065,1.1065,o,184.0,108.0,32140.0,612.0
177418,2020,23230.0,180.0,0.0,0.9298,0.9684,0.9766,0.9973,1.1505,o,174.0,56.0,32765.0,615.0
177418,2021,24077.0,168.0,0.0,0.8373,0.8992,0.9125,0.9468,1.2786,o,113.0,47.0,32437.0,531.0
177418,2022,18515.0,143.0,0.0,0.9268,0.8964,0.8902,0.875,0.8913,o,183.0,51.0,30936.0,551.0
177418,2023,18846.0,137.0,0.0,0.8723,0.8196,0.8091,0.7834,0.8065,o,160.0,56.0,29705.0,516.0
177472,1998,90423.0,0.0,293.0,0.1944,0.199,0.2114,0.2171,1.3978,o,,,,
177472,1999,94626.0,0.0,319.0,0.2023,0.2033,0.2058,0.207,1.072,o,,,,
177472,2000,116762.0,0.0,424.0,0.2179,0.2217,0.2319,0.2366,1.2844,o,,,,
177472,2001,116762.0,0.0,479.0,0.2461,0.25,0.2603,0.265,1.2504,o,,,,
177472,2002,144856.0,0.0,524.0,0.217,0.2239,0.2425,0.2512,1.558,o,1963.0,,2411.0,
177472,2003,159715.0,0.0,672.0,0.2524,0.2562,0.2662,0.2707,1.2361,o,2068.0,,2937.0,124.0
177472,2004,174177.0,0.0,827.0,0.2849,0.2862,0.2898,0.2914,1.0707,o,2100.0,,3224.0,124.0
177472,2005,184226.0,0.0,888.0,0.2892,0.29,0.2922,0.2932,1.0419,o,2223.0,,3284.0,117.0
177472,2006,194962.0,0.0,846.0,0.2604,0.2615,0.2646,0.266,1.0667,o,2219.0,1385.0,3365.0,121.0
177472,2007,197825.0,0.0,895.0,0.2715,0.272,0.2732,0.2738,1.0266,o,2274.0,1559.0,3267.0,118.0
177472,2008,203886.0,0.0,928.0,0.2731,0.2735,0.2747,0.2752,1.0239,o,2348.0,1516.0,3336.0,125.0
177472,2009,225497.0,0.0,982.0,0.2613,0.2621,0.2642,0.2651,1.0452,o,3321.0,911.0,3384.0,117.0
177472,2010,307861.0,0.0,1159.0,0.2259,0.2317,0.2473,0.2546,1.437,o,3573.0,858.0,3362.0,79.0
177472,2011,294345.0,0.0,1251.0,0.255,0.2592,0.2702,0.2753,1.2605,o,3283.0,853.0,3283.0,60.0
177472,2012,313881.0,0.0,1471.0,0.2812,0.2802,0.2778,0.2767,0.9524,o,3103.0,1040.0,3363.0,55.0
177472,2013,310673.0,0.0,2097.0,0.405,0.4022,0.395,0.3919,0.9052,o,3186.0,893.0,3369.0,60.0
177472,2014,301393.0,0.0,2079.0,0.4139,0.4138,0.4137,0.4136,0.9978,o,3123.0,903.0,3507.0,67.0
177472,2015,299220.0,0.0,1901.0,0.3812,0.381,0.3805,0.3803,0.9932,o,2590.0,976.0,3634.0,72.0
177472,2016,285338.0,0.0,1816.0,0.3819,0.3766,0.3635,0.3578,0.821,o,2647.0,952.0,3799.0,82.0
177472,2017,272228.0,0.0,1932.0,0.4258,0.4236,0.4178,0.4152,0.9267,o,2907.0,940.0,3763.0,92.0
177472,2018,261725.0,0.0,1837.0,0.4211,0.4242,0.4323,0.4359,1.1102,o,2677.0,802.0,3978.0,95.0
177472,2019,253937.0,0.0,1890.0,0.4466,0.4454,0.4425,0.4412,0.964,o,2924.0,843.0,4139.0,104.0
177472,2020,246902.0,0.0,1647.0,0.4002,0.4015,0.4049,0.4064,1.0473,o,2456.0,753.0,4250.0,118.0
177472,2021,242290.0,0.0,1607.0,0.398,0.3943,0.3851,0.3811,0.877,o,2372.0,814.0,4431.0,129.0
177472,2022,227118.0,0.0,1490.0,0.3936,0.3902,0.3814,0.3776,0.8818,o,2675.0,650.0,4164.0,132.0
177472,2023,218505.0,0.0,1475.0,0.405,0.4079,0.4156,0.419,1.1081,o,2587.0,886.0,4182.0,126.0
177472,2024,223395.0,3.0,1553.0,0.4187,0.4194,0.4213,0.4222,1.0252,o,2424.0,606.0,4184.0,122.0
177542,1998,33030.0,132.0,17.0,0.5104,0.5179,0.5195,0.5234,1.0516,o,,,,
177542,1999,24120.0,135.0,15.0,0.709,0.8068,0.8286,0.8859,1.5616,o,,,,
177542,2000,24042.0,125.0,27.0,0.6913,0.7563,0.7705,0.8071,1.3632,o,,,,
177542,2001,27580.0,133.0,25.0,0.6331,0.6386,0.6397,0.6426,1.0302,o,,,,
177542,2002,24894.0,142.0,23.0,0.7399,0.7379,0.7375,0.7364,0.9905,o,171.0,,15330.0,
177542,2003,25664.0,149.0,27.0,0.7598,0.7965,0.8043,0.8241,1.1765,o,158.0,,16144.0,336.0
177542,2004,24316.0,158.0,26.0,0.8439,0.8908,0.9008,0.9264,1.2051,o,171.0,,16849.0,344.0
177542,2005,29047.0,167.0,21.0,0.7333,0.7433,0.7454,0.7506,1.0478,o,145.0,,17496.0,306.0
177542,2006,30041.0,191.0,24.0,0.8109,0.7939,0.7904,0.7817,0.9294,o,132.0,,17793.0,318.0
177542,2007,35103.0,230.0,32.0,0.841,0.8,0.7918,0.7716,0.8419,o,143.0,198.0,19219.0,284.0
177542,2008,31206.0,196.0,29.0,0.8095,0.7684,0.7602,0.7401,0.8359,o,203.0,140.0,19945.0,338.0
177542,2009,32106.0,217.0,44.0,0.8933,0.9171,0.9221,0.9347,1.0949,o,185.0,178.0,21087.0,356.0
177542,2010,23377.0,202.0,38.0,1.1344,1.2509,1.2765,1.3426,1.4007,o,170.0,179.0,22200.0,502.0
177542,2011,27125.0,225.0,35.0,1.0728,1.1553,1.1731,1.2189,1.2909,o,158.0,206.0,22329.0,434.0
177542,2012,28934.0,204.0,53.0,0.956,0.9413,0.9383,0.9308,0.948,o,195.0,173.0,22997.0,409.0
177542,2013,31089.0,214.0,46.0,0.9148,0.8901,0.885,0.8726,0.9098,o,196.0,156.0,23955.0,381.0
177542,2014,27838.0,174.0,49.0,0.8557,0.88,0.8851,0.898,1.1014,o,157.0,154.0,24712.0,415.0
177542,2015,26415.0,173.0,41.0,0.879,0.898,0.9019,0.9119,1.0762,o,161.0,162.0,25496.0,424.0
177542,2016,26127.0,209.0,42.0,1.0564,1.0249,1.0185,1.0026,0.9008,o,157.0,140.0,27368.0,452.0
177542,2017,25070.0,168.0,36.0,0.8903,0.8385,0.8282,0.8029,0.8133,o,168.0,116.0,27803.0,434.0
177542,2018,24198.0,165.0,36.0,0.9075,0.886,0.8816,0.8708,0.9207,o,132.0,77.0,27181.0,400.0
177542,2019,19424.0,153.0,22.0,1.0132,0.9962,0.9927,0.9841,0.9434,o,125.0,88.0,27760.0,470.0
177542,2020,19841.0,149.0,36.0,1.01,0.9495,0.9375,0.908,0.8082,o,131.0,65.0,28354.0,367.0
177542,2021,17470.0,128.0,22.0,0.9548,0.8909,0.8783,0.8474,0.7877,o,130.0,64.0,28014.0,335.0
177542,2022,15480.0,101.0,17.0,0.8488,0.8152,0.8085,0.7917,0.87,o,70.0,35.0,26877.0,358.0
177542,2023,13194.0,98.0,15.0,0.9595,0.8922,0.8789,0.8465,0.7782,o,78.0,51.0,26500.0,281.0
177542,2024,12223.0,82.0,22.0,0.913,0.7789,0.7537,0.6942,0.5781,o,83.0,55.0,26880.0,313.0
177551,1998,38416.0,169.0,0.0,0.5279,0.5424,0.5491,0.5585,1.1192,o,,,,
177551,1999,36018.0,171.0,0.0,0.5697,0.5885,0.5973,0.6095,1.1446,o,,,,
177551,2000,36387.0,139.0,0.0,0.4584,0.4714,0.4775,0.4859,1.1234,o,,,,
177551,2001,34219.0,128.0,0.0,0.4489,0.453,0.4548,0.4574,1.0385,o,,,,
177551,2002,35462.0,149.0,0.0,0.5042,0.4964,0.4928,0.488,0.9368,o,103.0,,,
177551,2003,32378.0,147.0,0.0,0.5448,0.5155,0.5026,0.4856,0.7944,o,128.0,,5030.0,136.0
177551,2004,27641.0,124.0,0.0,0.5383,0.4869,0.465,0.4367,0.6581,o,259.0,,5439.0,146.0
177551,2005,33756.0,133.0,0.0,0.4728,0.4824,0.4868,0.493,1.0871,o,293.0,,5531.0,146.0
177551,2006,36879.0,116.0,0.0,0.3775,0.4435,0.4775,0.5281,1.9574,o,413.0,,5890.0,167.0
177551,2007,40922.0,123.0,0.0,0.3607,0.4716,0.5333,0.6306,3.0563,o,448.0,,5971.0,162.0
177551,2008,40449.0,106.0,0.0,0.3145,0.381,0.416,0.4691,2.2248,o,443.0,260.0,6061.0,174.0
177551,2009,42602.0,131.0,0.0,0.369,0.4139,0.4363,0.4688,1.6141,o,412.0,216.0,6239.0,161.0
177551,2010,43964.0,142.0,0.0,0.3876,0.4058,0.4145,0.4265,1.211,o,285.0,218.0,6198.0,115.0
177551,2011,40311.0,141.0,0.0,0.4197,0.399,0.3898,0.3777,0.8095,o,294.0,212.0,6053.0,107.0
177551,2012,38149.0,160.0,0.0,0.5033,0.4538,0.4328,0.4057,0.6498,o,320.0,166.0,6195.0,102.0
177551,2013,34646.0,162.0,0.0,0.5611,0.5182,0.4997,0.4755,0.7181,o,195.0,159.0,6831.0,121.0
177551,2014,32795.0,132.0,0.0,0.483,0.4492,0.4345,0.4152,0.7389,o,243.0,149.0,6873.0,141.0
177551,2015,33868.0,134.0,0.0,0.4748,0.444,0.4306,0.4129,0.7565,o,279.0,173.0,6801.0,162.0
177551,2016,37907.0,153.0,0.0,0.4843,0.4658,0.4576,0.4466,0.8502,o,379.0,156.0,6767.0,156.0
177551,2017,38373.0,156.0,0.0,0.4878,0.5174,0.5315,0.5514,1.2777,o,270.0,168.0,6654.0,160.0
177551,2018,38402.0,176.0,0.0,0.55,0.6044,0.6311,0.6695,1.4817,o,548.0,161.0,6655.0,156.0
177551,2019,43242.0,196.0,0.0,0.5439,0.6058,0.6365,0.6809,1.567,o,381.0,152.0,6574.0,150.0
177551,2020,44631.0,191.0,0.0,0.5135,0.5579,0.5794,0.6102,1.4119,o,191.0,98.0,6591.0,146.0
177551,2021,35397.0,201.0,0.0,0.6814,0.6611,0.6519,0.6397,0.8814,o,209.0,72.0,6401.0,155.0
177551,2022,34887.0,237.0,0.0,0.8152,0.6866,0.6346,0.5701,0.489,o,235.0,70.0,6437.0,147.0
177551,2023,34630.0,244.0,0.0,0.8455,0.7082,0.653,0.5845,0.4779,o,260.0,75.0,6271.0,124.0
177551,2024,34430.0,214.0,0.0,0.7459,0.7204,0.7091,0.6938,0.8654,o,205.0,81.0,6442.0,119.0
177579,1998,7504.0,0.0,44.0,0.3518,0.3518,0.3518,0.3518,,-,,,,
177579,1999,10361.0,0.0,38.0,0.2201,0.2201,0.2201,0.2201,,-,,,,
177579,2000,10307.0,0.0,61.0,0.3551,0.3551,0.3551,0.3551,,-,,,,
177579,2001,15204.0,0.0,71.0,0.2802,0.2802,0.2802,0.2802,,-,,,,
177579,2002,16087.0,0.0,94.0,0.3506,0.3506,0.3506,0.3506,,-,205.0,,15798.0,
177579,2003,15702.0,0.0,110.0,0.4203,0.4203,0.4203,0.4203,,-,201.0,,16178.0,415.0
177579,2004,19639.0,0.0,111.0,0.3391,0.3391,0.3391,0.3391,,-,148.0,,16517.0,358.0
177579,2005,16100.0,0.0,130.0,0.4845,0.4845,0.4845,0.4845,,-,140.0,,16868.0,461.0
177579,2006,16243.0,27.0,116.0,0.628,0.628,0.628,0.628,,-,137.0,,17326.0,448.0
177579,2007,16043.0,29.0,120.0,0.6657,0.6657,0.6657,0.6657,,-,147.0,,17785.0,452.0
177579,2008,17471.0,39.0,111.0,0.6491,0.6491,0.6491,0.6491,,-,223.0,,18057.0,447.0
177579,2009,19028.0,30.0,154.0,0.6748,0.6748,0.6748,0.6748,,-,253.0,,18086.0,474.0
177579,2010,18960.0,32.0,180.0,0.7722,0.7722,0.7722,0.7722,,-,91.0,,18255.0,527.0
177579,2011,18965.0,29.0,162.0,0.696,0.696,0.696,0.696,,-,115.0,,18747.0,555.0
177579,2012,18870.0,46.0,167.0,0.8235,0.8235,0.8235,0.8235,,-,91.0,,18273.0,562.0
177579,2013,19560.0,31.0,202.0,0.8098,0.8098,0.8098,0.8098,,-,92.0,40.0,18194.0,473.0
177579,2014,16991.0,31.0,160.0,0.7839,0.7839,0.7839,0.7839,,-,95.0,41.0,18235.0,550.0
177579,2015,18526.0,20.0,203.0,0.787,0.787,0.787,0.787,,-,91.0,34.0,18081.0,555.0
177579,2016,17629.0,19.0,218.0,0.8713,0.8713,0.8713,0.8713,,-,93.0,36.0,18007.0,549.0
177676,1998,76162.0,0.0,390.0,0.3072,0.3038,0.2953,0.2915,0.8528,o,,,,
177676,1999,99120.0,0.0,444.0,0.2688,0.271,0.2768,0.2794,1.1247,o,,,,
177676,2000,79021.0,0.0,449.0,0.3409,0.3422,0.3457,0.3472,1.0567,o,,,,
177676,2001,76026.0,0.0,456.0,0.3599,0.3571,0.35,0.3469,0.8947,o,,,,
177676,2002,79454.0,0.0,453.0,0.3421,0.3421,0.3422,0.3422,1.001,o,976.0,,2702.0,
177676,2003,81140.0,0.0,491.0,0.3631,0.3639,0.3662,0.3672,1.0344,o,1005.0,,2753.0,101.0
177676,2004,82985.0,0.0,446.0,0.3225,0.3233,0.3253,0.3262,1.0355,o,989.0,,2886.0,95.0
177676,2005,84967.0,0.0,477.0,0.3368,0.3368,0.3367,0.3367,0.9985,o,1071.0,,2946.0,87.0
177676,2006,88038.0,0.0,476.0,0.3244,0.326,0.3303,0.3322,1.0742,o,1025.0,290.0,3085.0,94.0
177676,2007,92223.0,0.0,536.0,0.3487,0.3486,0.3483,0.3482,0.9951,o,1205.0,283.0,2577.0,96.0
177676,2008,103443.0,0.0,575.0,0.3335,0.3368,0.3454,0.3492,1.1498,o,1190.0,264.0,2669.0,100.0
177676,2009,110239.0,0.0,615.0,0.3347,0.3363,0.3402,0.342,1.0673,o,1458.0,340.0,2935.0,110.0
177676,2010,129531.0,0.0,671.0,0.3108,0.3151,0.3265,0.3317,1.2175,o,1511.0,343.0,2916.0,88.0
177676,2011,136376.0,0.0,773.0,0.3401,0.3432,0.3515,0.3552,1.1412,o,1430.0,304.0,2848.0,70.0
177676,2012,130011.0,0.0,759.0,0.3503,0.3494,0.347,0.346,0.9633,o,1160.0,305.0,2939.0,78.0
177676,2013,119243.0,0.0,699.0,0.3517,0.3459,0.3315,0.3252,0.7888,o,1134.0,321.0,2952.0,87.0
177676,2014,110408.0,0.0,745.0,0.4049,0.4011,0.3916,0.3875,0.8757,o,1135.0,264.0,3002.0,97.0
177676,2015,104966.0,0.0,698.0,0.399,0.3987,0.3979,0.3976,0.9895,o,980.0,256.0,3039.0,105.0
177676,2016,97326.0,0.0,695.0,0.4285,0.4241,0.4131,0.4083,0.8638,o,1066.0,263.0,3111.0,96.0
177676,2017,95342.0,0.0,642.0,0.404,0.4042,0.4048,0.4051,1.008,o,951.0,255.0,3059.0,94.0
177676,2018,89158.0,0.0,734.0,0.494,0.4914,0.485,0.4822,0.9296,o,994.0,270.0,4113.0,108.0
177676,2019,86382.0,0.0,691.0,0.48,0.4795,0.4782,0.4777,0.9856,o,919.0,239.0,4063.0,117.0
177676,2020,81584.0,0.0,694.0,0.5104,0.5084,0.5032,0.501,0.945,o,836.0,173.0,4615.0,109.0
177676,2021,73134.0,0.0,606.0,0.4972,0.4925,0.4807,0.4756,0.874,o,899.0,172.0,4972.0,122.0
177676,2022,71618.0,0.0,563.0,0.4717,0.4725,0.4745,0.4755,1.0245,o,840.0,160.0,4739.0,70.0
177676,2023,71344.0,0.0,587.0,0.4937,0.4926,0.4897,0.4884,0.9683,o,915.0,159.0,4596.0,131.0
177676,2024,72753.0,0.0,625.0,0.5154,0.5173,0.5221,0.5242,1.0523,o,866.0,174.0,4500.0,139.0
177719,1998,9018.0,52.0,122.0,1.5037,1.2027,1.1484,1.0231,0.463,o,,,,
177719,2006,27312.0,55.0,212.0,0.7074,0.7971,0.817,0.8691,1.5094,o,5.0,,18136.0,319.0
177719,2007,14261.0,78.0,179.0,1.4094,1.1322,1.082,0.9661,0.4699,o,,154.0,14419.0,527.0
177719,2008,20597.0,156.0,133.0,1.2963,1.2963,1.2963,1.2963,,n,,95.0,14654.0,400.0
177719,2009,22270.0,238.0,0.0,1.2824,1.2824,1.2824,1.2824,,n,,159.0,,463.0
177719,2010,15702.0,326.0,0.0,2.4914,2.4914,2.4914,2.4914,,n,,151.0,,785.0
177719,2011,21234.0,300.0,0.0,1.6954,1.6954,1.6954,1.6954,,n,,274.0,,676.0
177719,2012,24586.0,401.0,0.0,1.9572,1.9572,1.9572,1.9572,,n,,182.0,,721.0
177719,2013,26534.0,398.0,0.0,1.8,1.8,1.8,1.8,,n,,179.0,,763.0
177719,2014,27945.0,456.0,0.0,1.9581,1.9581,1.9581,1.9581,,n,,151.0,,780.0
177719,2015,27341.0,434.0,0.0,1.9048,1.9048,1.9048,1.9048,,n,,146.0,,832.0
177719,2016,26670.0,449.0,0.0,2.0202,2.0202,2.0202,2.0202,,n,,150.0,,881.0
177719,2017,25960.0,376.0,0.0,1.7381,1.7381,1.7381,1.7381,,n,,156.0,,856.0
177719,2018,27267.0,420.0,0.0,1.8484,1.8484,1.8484,1.8484,,n,,158.0,,859.0
177719,2019,27069.0,428.0,0.0,1.8974,1.8974,1.8974,1.8974,,n,,157.0,,856.0
177719,2020,23643.0,410.0,0.0,2.081,2.081,2.081,2.081,,n,,182.0,,888.0
177719,2021,24838.0,365.0,0.0,1.7634,1.7634,1.7634,1.7634,,n,,189.0,,836.0
177719,2022,21479.0,352.0,0.0,1.9666,1.9666,1.9666,1.9666,,n,,152.0,,872.0
177719,2023,18233.0,342.0,0.0,2.2509,2.2509,2.2509,2.2509,,n,,176.0,,785.0
177719,2024,17072.0,232.0,0.0,1.6307,1.6307,1.6307,1.6307,,n,,135.0,,681.0
177746,1998,18156.0,123.0,0.0,0.813,0.8578,0.8674,0.8918,1.2033,o,,,,
177746,1999,19213.0,128.0,0.0,0.7995,0.901,0.9236,0.9826,1.5105,o,,,,
177746,2000,17897.0,125.0,0.0,0.8381,0.9307,0.9511,1.0041,1.4352,o,,,,
177746,2001,19443.0,112.0,0.0,0.6913,0.6838,0.6823,0.6785,0.9635,o,,,,
177746,2002,16748.0,132.0,0.0,0.9458,0.8417,0.8217,0.7736,0.669,o,114.0,,32929.0,
177746,2003,17153.0,0.0,0.0,0.0,0.0,0.0,0.0,0.7194,o,114.0,,31513.0,700.0
177746,2004,17831.0,0.0,0.0,0.0,0.0,0.0,0.0,1.0806,o,134.0,,33681.0,760.0
177746,2005,18180.0,102.0,0.0,0.6733,0.7251,0.7364,0.7652,1.2917,o,86.0,,34342.0,751.0
177746,2006,20500.0,102.0,0.0,0.5971,0.5947,0.5942,0.593,0.9865,o,222.0,,34888.0,668.0
177746,2007,19644.0,122.0,0.0,0.7453,0.8132,0.828,0.8662,1.3509,o,152.0,57.0,36296.0,802.0
177746,2008,20042.0,119.0,0.0,0.7125,0.8027,0.8227,0.875,1.5081,o,144.0,43.0,37578.0,780.0
177746,2009,19877.0,125.0,0.0,0.7546,0.8225,0.8372,0.8753,1.3455,o,199.0,57.0,39164.0,775.0
177746,2010,20531.0,142.0,0.0,0.83,0.8563,0.8618,0.8759,1.1136,o,226.0,66.0,40855.0,791.0
177746,2011,22641.0,143.0,0.0,0.7579,0.7865,0.7926,0.8079,1.1364,o,196.0,79.0,41691.0,786.0
177746,2012,22562.0,112.0,0.0,0.5957,0.6602,0.6744,0.7113,1.4257,o,175.0,46.0,41855.0,783.0
177746,2013,23413.0,166.0,0.0,0.8508,0.8704,0.8745,0.8849,1.0816,o,141.0,4.0,42767.0,817.0
177746,2014,21458.0,154.0,0.0,0.8612,0.7903,0.7764,0.7426,0.7435,o,134.0,48.0,44385.0,832.0
177746,2015,19860.0,184.0,0.0,1.1118,0.9819,0.957,0.8975,0.6517,o,146.0,59.0,45845.0,787.0
177746,2016,18967.0,152.0,0.0,0.9617,0.8863,0.8715,0.8354,0.7547,o,163.0,58.0,45725.0,780.0
177746,2017,18969.0,130.0,0.0,0.8224,0.8171,0.816,0.8132,0.9778,o,171.0,50.0,46466.0,775.0
177746,2018,19769.0,111.0,0.0,0.6738,0.7129,0.7212,0.7426,1.2145,o,139.0,62.0,47109.0,799.0
177746,2019,19883.0,133.0,0.0,0.8027,0.8267,0.8318,0.8446,1.1071,o,183.0,51.0,46856.0,768.0
177746,2020,20774.0,132.0,0.0,0.7625,0.7717,0.7736,0.7784,1.0421,o,185.0,58.0,47116.0,780.0
177746,2021,20520.0,160.0,0.0,0.9357,0.9624,0.968,0.9821,1.1018,o,206.0,50.0,46806.0,726.0
177746,2022,21467.0,131.0,0.0,0.7323,0.7833,0.7943,0.8224,1.2613,o,187.0,47.0,44512.0,685.0
177746,2023,21857.0,132.0,0.0,0.7247,0.7678,0.7771,0.8006,1.2205,o,240.0,47.0,43398.0,680.0
177746,2024,23880.0,137.0,0.0,0.6884,0.7188,0.7252,0.7416,1.1603,o,216.0,58.0,43550.0,656.0
177791,1998,9235.0,0.0,72.0,0.4678,0.4678,0.4678,0.4678,,-,,,,
177816,2009,1500.0,8.0,0.0,0.64,0.64,0.64,0.64,,n,23.0,2.0,22658.0,731.0
177816,2010,1650.0,14.0,0.0,1.0182,1.0182,1.0182,1.0182,,n,6.0,5.0,23605.0,690.0
177816,2011,1500.0,17.0,0.0,1.36,1.36,1.36,1.36,,n,6.0,13.0,23573.0,748.0
177816,2012,1050.0,8.0,0.0,0.9143,0.9143,0.9143,0.9143,,n,8.0,11.0,23467.0,822.0
177816,2013,1200.0,10.0,0.0,1.0,0.8553,0.8281,0.7638,0.5833,o,8.0,17.0,23056.0,466.0
177816,2014,1650.0,14.0,0.0,1.0182,0.8569,0.8269,0.7563,0.5517,o,8.0,17.0,23348.0,513.0
177816,2015,1710.0,19.0,0.0,1.3333,1.4493,1.4746,1.5396,1.3333,o,9.0,6.0,24461.0,483.0
177816,2016,1410.0,19.0,0.0,1.617,1.7107,1.7307,1.7819,1.2143,o,6.0,18.0,25994.0,496.0
177816,2017,1050.0,13.0,0.0,1.4857,1.4582,1.4525,1.4385,0.9375,o,8.0,16.0,26452.0,576.0
177816,2018,1080.0,14.0,0.0,1.5556,1.4965,1.4845,1.4551,0.875,o,8.0,13.0,26845.0,764.0
177816,2019,1100.0,0.0,0.0,0.0,0.0,0.0,0.0,0.9412,o,,,26344.0,678.0
177922,2003,729.0,0.0,0.0,0.0,0.0,0.0,0.0,,-,,,,99.0
177940,1998,76896.0,337.0,75.0,0.5844,0.5487,0.5331,0.5124,0.7688,o,,,,
177940,1999,66621.0,335.0,54.0,0.652,0.6432,0.6392,0.6337,0.9446,o,,,,
177940,2000,72201.0,322.0,67.0,0.5909,0.6098,0.6187,0.631,1.1407,o,,,,
177940,2001,71321.0,306.0,61.0,0.5662,0.6117,0.6338,0.6653,1.3806,o,,,,
177940,2002,72452.0,325.0,66.0,0.5929,0.6269,0.6431,0.6659,1.2611,o,467.0,,5138.0,
177940,2003,68434.0,333.0,70.0,0.6453,0.6273,0.6193,0.6085,0.8891,o,533.0,,5540.0,139.0
177940,2004,67998.0,386.0,60.0,0.7341,0.6991,0.6836,0.663,0.8157,o,635.0,,6274.0,139.0
177940,2005,68529.0,304.0,103.0,0.6225,0.6261,0.6278,0.6301,1.0246,o,632.0,,6543.0,140.0
177940,2006,66644.0,265.0,92.0,0.56,0.5924,0.6079,0.6297,1.2645,o,563.0,155.0,5749.0,140.0
177940,2007,66558.0,297.0,87.0,0.6139,0.6407,0.6534,0.6711,1.195,o,606.0,157.0,6195.0,153.0
177940,2008,65695.0,245.0,82.0,0.5224,0.5225,0.5226,0.5226,1.0009,o,575.0,176.0,7047.0,174.0
177940,2009,66702.0,297.0,69.0,0.5964,0.5864,0.5819,0.5758,0.9321,o,745.0,176.0,7249.0,175.0
177940,2010,73079.0,273.0,75.0,0.5099,0.5222,0.5279,0.5359,1.1046,o,596.0,167.0,8827.0,138.0
177940,2011,73774.0,317.0,85.0,0.5848,0.6043,0.6135,0.6263,1.1471,o,635.0,224.0,8620.0,124.0
177940,2012,74986.0,302.0,73.0,0.5417,0.5471,0.5496,0.553,1.0423,o,449.0,208.0,8814.0,130.0
177940,2013,67036.0,309.0,75.0,0.6203,0.5916,0.5789,0.5621,0.8212,o,417.0,209.0,8990.0,137.0
177940,2014,64302.0,328.0,80.0,0.6868,0.6183,0.5893,0.5519,0.6458,o,536.0,188.0,9003.0,129.0
177940,2015,67322.0,287.0,71.0,0.5748,0.5406,0.5256,0.5058,0.7742,o,600.0,195.0,9123.0,119.0
177940,2016,68201.0,226.0,65.0,0.4548,0.46,0.4624,0.4656,1.048,o,460.0,176.0,9130.0,121.0
177940,2017,64475.0,266.0,67.0,0.5574,0.5851,0.5983,0.6167,1.224,o,475.0,121.0,8977.0,129.0
177940,2018,60178.0,289.0,72.0,0.6481,0.6451,0.6438,0.6419,0.9811,o,415.0,173.0,9512.0,118.0
177940,2019,60042.0,375.0,47.0,0.7964,0.7511,0.7312,0.705,0.7835,o,397.0,148.0,9313.0,113.0
177940,2020,53478.0,305.0,33.0,0.7214,0.6767,0.6572,0.6314,0.766,o,355.0,99.0,9507.0,116.0
177940,2021,49113.0,241.0,20.0,0.6133,0.582,0.5683,0.55,0.8043,o,297.0,102.0,9770.0,90.0
177940,2022,47625.0,241.0,30.0,0.645,0.5986,0.5785,0.5521,0.7326,o,350.0,116.0,9182.0,109.0
177940,2023,44721.0,202.0,12.0,0.5581,0.5285,0.5155,0.4982,0.7968,o,348.0,125.0,8681.0,86.0
177940,2024,45006.0,243.0,26.0,0.6826,0.6705,0.665,0.6576,0.9282,o,338.0,141.0,9290.0,69.0
177968,1998,94141.0,513.0,0.0,0.6539,0.736,0.7542,0.8018,1.5033,o,,,,
177968,1999,101706.0,468.0,0.0,0.5522,0.6098,0.6224,0.6552,1.4079,o,,,,
177968,2000,70546.0,652.0,0.0,1.1091,1.1704,1.1835,1.2169,1.204,o,,,,
177968,2001,121713.0,609.0,0.0,0.6004,0.6312,0.6378,0.6545,1.1883,o,,,,
177968,2002,123609.0,744.0,0.0,0.7223,0.7389,0.7424,0.7513,1.0819,o,675.0,,19401.0,
177968,2003,130253.0,760.0,0.0,0.7002,0.7067,0.708,0.7114,1.0324,o,784.0,,19033.0,403.0
177968,2004,136747.0,853.0,0.0,0.7485,0.7635,0.7666,0.7744,1.0704,o,917.0,,18574.0,417.0
177968,2005,184860.0,872.0,0.0,0.566,0.6055,0.6141,0.6359,1.2619,o,821.0,,18027.0,364.0
177968,2006,172527.0,1010.0,0.0,0.7025,0.7742,0.7899,0.8307,1.3982,o,871.0,872.0,18697.0,433.0
177968,2007,167758.0,951.0,0.0,0.6803,0.7101,0.7165,0.7326,1.1597,o,884.0,967.0,18148.0,490.0
177968,2008,174373.0,1144.0,0.0,0.7873,0.7944,0.7959,0.7997,1.0317,o,1105.0,753.0,18496.0,477.0
177968,2009,188635.0,1243.0,0.0,0.7907,0.8223,0.829,0.8459,1.1444,o,1105.0,774.0,18676.0,493.0
177968,2010,204629.0,1270.0,0.0,0.7448,0.8047,0.8177,0.8512,1.3061,o,1046.0,739.0,18927.0,485.0
177968,2011,218461.0,1312.0,0.0,0.7207,0.7645,0.7739,0.7979,1.2256,o,1027.0,753.0,18901.0,494.0
177968,2012,223201.0,1425.0,0.0,0.7661,0.7754,0.7773,0.7821,1.0422,o,1351.0,802.0,19049.0,507.0
177968,2013,232659.0,1565.0,0.0,0.8072,0.8245,0.8282,0.8373,1.076,o,1324.0,914.0,19517.0,527.0
177968,2014,236010.0,1508.0,0.0,0.7667,0.8168,0.8275,0.8551,1.2436,o,1201.0,778.0,19946.0,533.0
177968,2015,241841.0,1645.0,0.0,0.8162,0.8643,0.8746,0.9008,1.218,o,1235.0,846.0,20339.0,541.0
177968,2016,239575.0,1749.0,0.0,0.8761,0.8822,0.8835,0.8867,1.0244,o,1008.0,744.0,20771.0,557.0
177968,2017,219398.0,1787.0,0.0,0.9774,0.9287,0.919,0.895,0.8385,o,949.0,759.0,20820.0,561.0
177968,2018,198091.0,1990.0,0.0,1.2055,1.1196,1.1026,1.0613,0.775,o,1063.0,765.0,21137.0,569.0
177968,2019,185224.0,1772.0,0.0,1.148,1.0861,1.0737,1.0433,0.8259,o,798.0,509.0,21476.0,564.0
177968,2020,154706.0,1673.0,0.0,1.2977,1.2293,1.2156,1.182,0.8297,o,680.0,477.0,21755.0,520.0
177968,2021,127250.0,1105.0,0.0,1.042,0.9606,0.9445,0.9056,0.7552,o,730.0,483.0,21127.0,476.0
177968,2022,120423.0,1104.0,0.0,1.1001,0.9923,0.9714,0.921,0.7008,o,886.0,608.0,20449.0,490.0
177968,2023,119009.0,1001.0,0.0,1.0093,0.9689,0.9607,0.9406,0.8684,o,891.0,597.0,19978.0,486.0
177968,2024,127269.0,960.0,0.0,0.9052,0.9548,0.9655,0.9925,1.2023,o,636.0,693.0,21100.0,489.0
177977,1998,26951.0,0.0,270.0,0.6011,0.5858,0.5482,0.5323,0.6918,o,,,,
177977,1999,25488.0,0.0,217.0,0.5108,0.5058,0.493,0.4874,0.8673,o,,,,
177977,2002,23815.0,0.0,210.0,0.5291,0.5333,0.5442,0.5491,1.1192,o,416.0,,6011.0,
177977,2003,26668.0,0.0,197.0,0.4432,0.4454,0.451,0.4535,1.0722,o,392.0,,6305.0,242.0
177977,2004,28230.0,0.0,166.0,0.3528,0.3519,0.3494,0.3483,0.962,o,355.0,,6451.0,231.0
177977,2005,28474.0,0.0,197.0,0.4151,0.4114,0.4019,0.3978,0.8787,o,395.0,,6664.0,238.0
177977,2006,30041.0,0.0,194.0,0.3875,0.389,0.3929,0.3947,1.0576,o,418.0,47.0,7058.0,229.0
177977,2007,27680.0,0.0,252.0,0.5462,0.5504,0.5613,0.5662,1.1147,o,410.0,45.0,7123.0,261.0
177977,2008,27975.0,0.0,256.0,0.5491,0.5494,0.5502,0.5506,1.0086,o,463.0,89.0,7595.0,256.0
177977,2009,29742.0,0.0,278.0,0.5608,0.5652,0.5767,0.5819,1.1184,o,492.0,93.0,7726.0,317.0
177977,2010,34640.0,0.0,332.0,0.5751,0.5799,0.5925,0.5982,1.1271,o,451.0,102.0,7676.0,308.0
177977,2011,35100.0,0.0,348.0,0.5949,0.5925,0.5864,0.5838,0.9445,o,498.0,165.0,7496.0,221.0
177977,2012,35769.0,0.0,372.0,0.624,0.6264,0.6326,0.6354,1.0562,o,490.0,118.0,7551.0,229.0
177977,2013,38108.0,0.0,377.0,0.5936,0.5949,0.5984,0.5999,1.0327,o,492.0,152.0,7660.0,232.0
177977,2014,40631.0,0.0,474.0,0.7,0.6998,0.6992,0.699,0.996,o,490.0,140.0,7663.0,240.0
177977,2015,41533.0,0.0,421.0,0.6082,0.6081,0.6079,0.6078,0.998,o,507.0,133.0,7598.0,227.0
177977,2016,40300.0,0.0,466.0,0.6938,0.6954,0.6994,0.7012,1.0326,o,487.0,128.0,7614.0,241.0
177977,2017,38753.0,0.0,425.0,0.658,0.6569,0.6542,0.653,0.9769,o,521.0,126.0,7487.0,236.0
177977,2018,39481.0,0.0,405.0,0.6155,0.6175,0.6228,0.6251,1.0483,o,642.0,140.0,7552.0,232.0
177977,2019,47017.0,0.0,450.0,0.5743,0.5841,0.6101,0.622,1.2738,o,718.0,131.0,7468.0,238.0
177977,2020,53407.0,0.0,533.0,0.5988,0.6077,0.6312,0.6419,1.2347,o,872.0,91.0,7618.0,248.0
177977,2021,61222.0,0.0,601.0,0.589,0.5993,0.6268,0.6394,1.2824,o,989.0,34.0,7599.0,254.0
177977,2022,70470.0,0.0,615.0,0.5236,0.5317,0.553,0.5628,1.244,o,992.0,97.0,7783.0,227.0
177977,2023,75441.0,0.0,702.0,0.5583,0.5608,0.5673,0.5702,1.0661,o,938.0,159.0,7702.0,227.0
177977,2024,76764.0,0.0,784.0,0.6128,0.6105,0.6045,0.6019,0.947,o,1053.0,134.0,7830.0,232.0
177986,2017,3025.0,71.0,0.0,2.8165,2.8165,2.8165,2.8165,,n,8.0,59.0,,937.0
177986,2018,3496.0,78.0,0.0,2.6773,2.6773,2.6773,2.6773,,n,22.0,61.0,8549.0,874.0
177986,2019,6174.0,47.0,0.0,0.9135,0.9135,0.9135,0.9135,,n,16.0,72.0,8297.0,854.0
177986,2020,6675.0,47.0,0.0,0.8449,0.8449,0.8449,0.8449,,n,18.0,81.0,7993.0,874.0
177986,2021,10374.0,55.0,0.0,0.6362,0.6362,0.6362,0.6362,,n,19.0,117.0,7820.0,761.0
177986,2022,11163.0,62.0,0.0,0.6665,0.7083,0.7172,0.7402,1.2333,o,15.0,71.0,7240.0,709.0
177986,2023,11455.0,82.0,0.0,0.859,0.8317,0.8262,0.8125,0.8947,o,13.0,76.0,8074.0,686.0
177986,2024,10188.0,85.0,0.0,1.0012,0.9464,0.9354,0.9086,0.8235,o,7.0,63.0,9000.0,733.0
177995,1998,136657.0,0.0,667.0,0.2928,0.2933,0.2946,0.2951,1.0235,o,,,,
177995,1999,137638.0,0.0,678.0,0.2956,0.2966,0.2994,0.3006,1.0524,o,,,,
177995,2001,85077.0,0.0,489.0,0.3449,0.3486,0.3584,0.3629,1.1667,o,,,,
177995,2002,104041.0,0.0,482.0,0.278,0.2632,0.2286,0.2148,0.4578,o,1001.0,,2858.0,
177995,2003,109741.0,0.0,511.0,0.2794,0.2794,0.2795,0.2795,1.0015,o,686.0,,3365.0,
177995,2004,109244.0,0.0,518.0,0.2845,0.2813,0.2733,0.2698,0.8516,o,632.0,,3483.0,
177995,2005,103720.0,0.0,473.0,0.2736,0.2681,0.2546,0.2488,0.7493,o,963.0,,3573.0,
177995,2006,107330.0,0.0,560.0,0.3131,0.3215,0.3442,0.3548,1.4613,o,982.0,364.0,3552.0,
177995,2007,109614.0,0.0,455.0,0.2491,0.2527,0.2624,0.2668,1.2313,o,1142.0,450.0,3539.0,
177995,2008,114639.0,0.0,479.0,0.2507,0.2535,0.261,0.2644,1.1743,o,1409.0,306.0,3512.0,
177995,2009,125556.0,0.0,462.0,0.2208,0.2252,0.2369,0.2424,1.3267,o,1441.0,217.0,3539.0,
177995,2010,133681.0,0.0,515.0,0.2311,0.2331,0.2383,0.2406,1.1298,o,1396.0,510.0,3517.0,
177995,2011,129460.0,0.0,550.0,0.2549,0.2545,0.2536,0.2532,0.9796,o,1392.0,525.0,3434.0,
177995,2012,401992.0,0.0,1889.0,0.2819,0.2816,0.2806,0.2802,0.9813,o,4468.0,2577.0,3592.0,
177995,2013,395730.0,0.0,1922.0,0.2914,0.3162,0.3899,0.428,3.2052,o,4183.0,1862.0,3529.0,
177995,2014,385568.0,0.0,2046.0,0.3184,0.3264,0.348,0.3581,1.4276,o,3867.0,2325.0,3673.0,
177995,2015,354509.0,0.0,2032.0,0.3439,0.3412,0.3344,0.3314,0.894,o,3345.0,2494.0,3760.0,83.0
177995,2016,341025.0,0.0,1854.0,0.3262,0.322,0.3114,0.3069,0.8311,o,3963.0,1278.0,3734.0,86.0
177995,2017,339056.0,0.0,1859.0,0.329,0.3312,0.3368,0.3394,1.099,o,3549.0,1460.0,3671.0,91.0
177995,2018,330085.0,0.0,1952.0,0.3548,0.3541,0.3522,0.3514,0.9713,o,3560.0,1313.0,3888.0,95.0
177995,2019,318019.0,0.0,1976.0,0.3728,0.3714,0.3678,0.3663,0.9478,o,3406.0,1449.0,3807.0,92.0
177995,2020,309459.0,0.0,1857.0,0.36,0.359,0.3562,0.355,0.9582,o,2860.0,1263.0,3894.0,83.0
177995,2021,272435.0,0.0,1868.0,0.4114,0.4058,0.3916,0.3855,0.8211,o,3149.0,1254.0,3782.0,32.0
177995,2022,270722.0,0.0,1899.0,0.4209,0.421,0.4214,0.4216,1.0051,o,2931.0,1028.0,3818.0,
177995,2023,255792.0,0.0,1791.0,0.4201,0.4194,0.4175,0.4167,0.9755,o,2925.0,1133.0,3758.0,57.0
177995,2024,263642.0,0.0,1752.0,0.3987,0.3976,0.3949,0.3937,0.9622,o,3017.0,1157.0,3630.0,45.0
178004,1998,2165.0,0.0,0.0,0.0,0.0,0.0,0.0,,-,,,,
178004,1999,1827.0,0.0,0.0,0.0,0.0,0.0,0.0,,-,,,,
178004,2000,2311.0,0.0,0.0,0.0,0.0,0.0,0.0,,-,,,,
178004,2001,1886.0,0.0,0.0,0.0,0.0,0.0,0.0,,-,,,,
178004,2002,1592.0,0.0,0.0,0.0,0.0,0.0,0.0,,-,25.0,,13615.0,
178004,2003,2768.0,0.0,0.0,0.0,0.0,0.0,0.0,,-,,,13697.0,163.0
178004,2004,4330.0,0.0,0.0,0.0,0.0,0.0,0.0,,-,,,13715.0,236.0
178004,2005,3803.0,0.0,0.0,0.0,0.0,0.0,0.0,,-,,,13239.0,324.0
178004,2006,3918.0,0.0,0.0,0.0,0.0,0.0,0.0,,-,,,12550.0,175.0
178004,2007,4559.0,0.0,0.0,0.0,0.0,0.0,0.0,,-,,20.0,12658.0,263.0
178004,2008,4516.0,0.0,0.0,0.0,0.0,0.0,0.0,,-,6.0,42.0,12668.0,280.0
178004,2009,4465.0,0.0,0.0,0.0,0.0,0.0,0.0,,-,7.0,28.0,12382.0,259.0
178004,2010,4618.0,0.0,0.0,0.0,0.0,0.0,0.0,,-,3.0,,12365.0,288.0
178004,2011,4128.0,0.0,0.0,0.0,0.0,0.0,0.0,,-,7.0,,12921.0,336.0
178004,2012,4845.0,0.0,0.0,0.0,0.0,0.0,0.0,,-,1.0,,12956.0,263.0
178004,2013,5694.0,0.0,0.0,0.0,0.0,0.0,0.0,,-,1.0,,12954.0,279.0
178004,2014,6173.0,0.0,0.0,0.0,0.0,0.0,0.0,,-,1.0,,13053.0,300.0
178004,2015,6118.0,0.0,0.0,0.0,0.0,0.0,0.0,,-,,,13818.0,345.0
178004,2016,5694.0,0.0,0.0,0.0,0.0,0.0,0.0,,-,,,13982.0,373.0
178004,2017,5642.0,0.0,0.0,0.0,0.0,0.0,0.0,,-,7.0,,12748.0,355.0
178004,2018,5163.0,0.0,0.0,0.0,0.0,0.0,0.0,,-,1.0,,13208.0,372.0
178004,2019,4803.0,0.0,0.0,0.0,0.0,0.0,0.0,,-,2.0,,12061.0,362.0
178022,1998,85659.0,0.0,295.0,0.2066,0.2093,0.2163,0.2195,1.2005,o,,,,
178022,1999,92965.0,0.0,288.0,0.1859,0.1893,0.1982,0.2023,1.2934,o,,,,
178022,2001,65970.0,0.0,385.0,0.3502,0.357,0.3753,0.3837,1.3189,o,,,,
178022,2002,86548.0,0.0,374.0,0.2593,0.2629,0.2726,0.277,1.2219,o,653.0,,2858.0,
178022,2003,89231.0,0.0,412.0,0.277,0.2735,0.2647,0.2609,0.8334,o,500.0,,3365.0,
178022,2004,86195.0,0.0,405.0,0.2819,0.2746,0.2566,0.249,0.6863,o,554.0,,3483.0,
178022,2005,79532.0,0.0,383.0,0.2889,0.2881,0.2861,0.2852,0.961,o,856.0,,3573.0,
178022,2006,82488.0,0.0,338.0,0.2459,0.2543,0.2776,0.2885,1.6243,o,832.0,345.0,3552.0,
178022,2007,83424.0,0.0,358.0,0.2575,0.2605,0.2684,0.2719,1.1801,o,925.0,443.0,3539.0,
178022,2008,86049.0,0.0,351.0,0.2447,0.2463,0.2504,0.2523,1.096,o,930.0,204.0,3512.0,
178022,2009,92289.0,0.0,365.0,0.2373,0.2382,0.2407,0.2418,1.0586,o,1135.0,140.0,3539.0,
178022,2010,102628.0,0.0,400.0,0.2339,0.2372,0.246,0.25,1.2237,o,1272.0,137.0,3517.0,
178022,2011,104937.0,0.0,438.0,0.2504,0.2541,0.2638,0.2683,1.232,o,1198.0,554.0,3434.0,
178059,1998,56474.0,508.0,0.0,1.0794,1.162,1.1798,1.2256,1.2893,o,,,,
178059,1999,57645.0,454.0,0.0,0.9451,1.0279,1.0459,1.0924,1.336,o,,,,
178059,2000,58407.0,495.0,0.0,1.017,1.0578,1.0665,1.0884,1.1453,o,,,,
178059,2001,59010.0,506.0,0.0,1.029,1.0372,1.0389,1.0432,1.0278,o,,,,
178059,2002,59841.0,544.0,0.0,1.0909,1.1051,1.108,1.1155,1.0455,o,303.0,,23645.0,
178059,2003,61663.0,558.0,0.0,1.0859,1.1468,1.1599,1.1931,1.2072,o,335.0,,24471.0,562.0
178059,2004,64390.0,545.0,0.0,1.0157,1.1024,1.1212,1.1698,1.3264,o,324.0,,25207.0,577.0
178059,2005,62311.0,564.0,0.0,1.0862,1.1583,1.1738,1.2134,1.2481,o,335.0,,25753.0,605.0
178059,2006,64559.0,541.0,0.0,1.0056,1.0483,1.0573,1.0803,1.1541,o,307.0,438.0,26487.0,616.0
178059,2007,70360.0,609.0,0.0,1.0387,1.0405,1.0409,1.0419,1.0063,o,303.0,462.0,26920.0,636.0
178059,2008,71863.0,546.0,0.0,0.9117,0.8915,0.8874,0.8772,0.9256,o,355.0,405.0,27876.0,642.0
178059,2009,75450.0,653.0,0.0,1.0386,1.0381,1.038,1.0378,0.9985,o,374.0,385.0,29064.0,646.0
178059,2010,72549.0,552.0,0.0,0.913,0.9473,0.9546,0.9729,1.1355,o,372.0,512.0,30011.0,649.0
178059,2011,74538.0,579.0,0.0,0.9321,0.9882,1.0002,1.0308,1.223,o,354.0,509.0,30306.0,660.0
178059,2012,76310.0,548.0,0.0,0.8617,0.8867,0.8919,0.9052,1.1033,o,368.0,377.0,31134.0,658.0
178059,2013,73967.0,665.0,0.0,1.0789,1.0758,1.0752,1.0737,0.9904,o,409.0,324.0,31743.0,586.0
178059,2014,71570.0,656.0,0.0,1.0999,1.113,1.1157,1.1225,1.0416,o,412.0,341.0,32917.0,546.0
178059,2015,71822.0,536.0,0.0,0.8955,0.9281,0.9349,0.9523,1.1309,o,382.0,273.0,33791.0,544.0
178059,2016,68998.0,608.0,0.0,1.0574,1.087,1.0932,1.1089,1.0997,o,554.0,361.0,34949.0,567.0
178059,2017,80837.0,587.0,0.0,0.8714,0.9197,0.9301,0.9564,1.2046,o,604.0,336.0,35641.0,558.0
178059,2018,87073.0,638.0,0.0,0.8793,0.9715,0.9917,1.0442,1.4105,o,668.0,700.0,35481.0,531.0
178059,2019,103241.0,606.0,0.0,0.7044,0.8075,0.8307,0.8915,1.602,o,683.0,943.0,34739.0,506.0
178059,2020,123968.0,690.0,0.0,0.6679,0.7429,0.7595,0.8024,1.4434,o,720.0,1082.0,34219.0,474.0
178059,2021,145681.0,868.0,0.0,0.715,0.7559,0.7647,0.787,1.2116,o,834.0,726.0,31709.0,431.0
178059,2022,147518.0,886.0,0.0,0.7207,0.7638,0.773,0.7966,1.2217,o,870.0,970.0,29802.0,406.0
178059,2023,154675.0,964.0,0.0,0.7479,0.8,0.8112,0.8399,1.2613,o,846.0,959.0,28121.0,383.0
178059,2024,153004.0,1120.0,0.0,0.8784,0.9312,0.9426,0.9715,1.2231,o,956.0,820.0,27166.0,456.0
178110,1998,3768.0,0.0,4.0,0.0637,0.0637,0.0637,0.0637,,-,,,,
178110,2002,15200.0,0.0,0.0,0.0,0.0,0.0,0.0,,-,112.0,,13658.0,
178110,2003,22715.0,0.0,85.0,0.2245,0.2245,0.2245,0.2245,,-,159.0,,13400.0,113.0
178110,2010,11333.0,0.0,43.0,0.2276,0.2276,0.2276,0.2276,,-,40.0,,13544.0,235.0
178110,2011,7497.0,0.0,55.0,0.4402,0.4402,0.4402,0.4402,,-,30.0,,13261.0,114.0
178110,2012,9024.0,0.0,55.0,0.3657,0.3657,0.3657,0.3657,,-,23.0,34.0,13436.0,128.0
178110,2013,4541.0,0.0,34.0,0.4493,0.4493,0.4493,0.4493,,-,23.0,75.0,13201.0,158.0
178110,2014,4555.0,0.0,28.0,0.3689,0.3689,0.3689,0.3689,,-,27.0,22.0,13594.0,240.0
178110,2015,4192.0,0.0,35.0,0.501,0.501,0.501,0.501,,-,16.0,17.0,13479.0,228.0
178110,2016,3380.0,0.0,26.0,0.4615,0.4615,0.4615,0.4615,,-,7.0,41.0,13386.0,178.0
178110,2017,2813.0,0.0,22.0,0.4692,0.4692,0.4692,0.4692,,-,8.0,18.0,14501.0,212.0
178110,2018,2316.0,0.0,23.0,0.5959,0.5959,0.5959,0.5959,,-,9.0,18.0,14176.0,251.0
178110,2019,1823.0,0.0,9.0,0.2963,0.2963,0.2963,0.2963,,-,,,13880.0,
178183,2003,5809.0,0.0,4.0,0.0413,0.0413,0.0413,0.0413,,-,182.0,,14606.0,201.0
178183,2006,5739.0,0.0,6.0,0.0627,0.0627,0.0627,0.0627,,-,132.0,,14926.0,178.0
178183,2010,9116.0,0.0,11.0,0.0724,0.0724,0.0724,0.0724,,-,253.0,,,392.0
178183,2011,7370.0,0.0,2.0,0.0163,0.0163,0.0163,0.0163,,-,46.0,31.0,,379.0
178183,2012,4050.0,0.0,3.0,0.0444,0.0444,0.0444,0.0444,,-,30.0,41.0,,708.0
178183,2015,3871.0,0.0,16.0,0.248,0.248,0.248,0.248,,-,27.0,23.0,,233.0
178183,2017,6035.0,0.0,24.0,0.2386,0.2386,0.2386,0.2386,,-,6.0,98.0,,141.0
178183,2018,7692.0,0.0,40.0,0.312,0.312,0.312,0.312,,-,28.0,71.0,,596.0
178183,2019,5395.0,0.0,50.0,0.5561,0.5561,0.5561,0.5561,,-,20.0,69.0,,804.0
178183,2020,5637.0,0.0,55.0,0.5854,0.5854,0.5854,0.5854,,-,89.0,39.0,,911.0
178183,2021,7247.0,0.0,40.0,0.3312,0.3312,0.3312,0.3312,,-,38.0,30.0,,537.0
178183,2022,6789.0,0.0,67.0,0.5921,0.5921,0.5921,0.5921,,-,26.0,33.0,,589.0
178183,2023,5955.0,0.0,49.0,0.4937,0.4937,0.4937,0.4937,,-,19.0,12.0,,599.0
178183,2024,4601.0,0.0,36.0,0.4695,0.4695,0.4695,0.4695,,-,13.0,16.0,,549.0
178208,1999,2250.0,0.0,0.0,0.0,0.0,0.0,0.0,,n,,,,
178208,2000,1182.0,0.0,1.0,0.0508,0.0508,0.0508,0.0508,,n,,,,
178208,2001,985.0,0.0,0.0,0.0,0.0,0.0,0.0,,n,,,,
178208,2002,649.0,0.0,0.0,0.0,0.0,0.0,0.0,,n,3.0,,3412.0,
178208,2003,706.0,0.0,1.0,0.085,0.085,0.085,0.085,,n,6.0,,4163.0,786.0
178208,2004,1316.0,0.0,0.0,0.0,0.0,0.0,0.0,4.5,o,6.0,,4627.0,435.0
178208,2005,1381.0,0.0,10.0,0.4345,0.4345,0.4345,0.4345,1.0,o,11.0,,4636.0,515.0
178208,2006,2635.0,2.0,10.0,0.3188,0.3446,0.3502,0.3645,1.3077,o,22.0,38.0,5142.0,400.0
178208,2007,4440.0,5.0,6.0,0.2162,0.3152,0.3407,0.414,3.6667,o,36.0,8.0,5202.0,195.0
178208,2009,4753.0,15.0,4.0,0.4292,0.58,0.6172,0.7212,2.8235,o,52.0,30.0,7842.0,206.0
178208,2010,5427.0,37.0,1.0,0.8292,1.0048,1.0455,1.1547,1.9394,o,64.0,24.0,8448.0,219.0
178208,2011,5526.0,25.0,1.0,0.5537,0.677,0.7058,0.7831,2.0,o,45.0,30.0,8515.0,244.0
178208,2012,6419.0,21.0,3.0,0.4206,0.5336,0.5605,0.6339,2.2708,o,31.0,21.0,8667.0,175.0
178208,2013,5718.0,26.0,1.0,0.5561,0.5846,0.5906,0.606,1.1875,o,55.0,24.0,8903.0,186.0
178208,2014,5730.0,29.0,6.0,0.6702,0.6145,0.6035,0.577,0.7414,o,70.0,55.0,8321.0,181.0
178208,2015,6914.0,41.0,2.0,0.729,0.7585,0.7648,0.7806,1.1468,o,54.0,45.0,7519.0,195.0
178208,2016,7500.0,48.0,3.0,0.792,0.9128,0.94,1.0116,1.6316,o,96.0,64.0,8219.0,199.0
178208,2017,8955.0,38.0,15.0,0.6097,0.7165,0.7408,0.8052,1.7442,o,74.0,81.0,8828.0,239.0
178208,2018,10204.0,63.0,7.0,0.782,0.855,0.8709,0.912,1.36,o,89.0,128.0,9733.0,246.0
178208,2019,11424.0,47.0,9.0,0.541,0.5856,0.5953,0.6202,1.3145,o,68.0,139.0,9664.0,272.0
178208,2020,14904.0,72.0,13.0,0.632,0.6405,0.6422,0.6466,1.0467,o,202.0,145.0,9964.0,281.0
178208,2021,16786.0,70.0,9.0,0.5326,0.6091,0.6262,0.6712,1.5882,o,164.0,165.0,9816.0,273.0
178208,2022,17607.0,85.0,8.0,0.6066,0.7669,0.8051,0.9089,2.2454,o,61.0,151.0,9226.0,253.0
178208,2023,17004.0,97.0,4.0,0.6987,0.7755,0.7924,0.8364,1.4331,o,84.0,129.0,9813.0,245.0
178208,2024,18604.0,103.0,7.0,0.6869,0.5736,0.5526,0.5034,0.537,o,95.0,146.0,9400.0,241.0
178217,1998,53130.0,0.0,351.0,0.3964,0.3894,0.3721,0.3647,0.777,o,,,,
178217,1999,53274.0,0.0,340.0,0.3829,0.3837,0.3857,0.3866,1.0294,o,,,,
178217,2000,56830.0,0.0,306.0,0.3231,0.3285,0.3428,0.3494,1.2682,o,,,,
178217,2001,62233.0,0.0,328.0,0.3162,0.3178,0.3219,0.3237,1.0732,o,,,,
178217,2002,71737.0,0.0,317.0,0.2651,0.2678,0.2748,0.2779,1.1533,o,734.0,,2442.0,
178217,2003,78764.0,0.0,404.0,0.3078,0.3121,0.3234,0.3286,1.2193,o,663.0,,2524.0,86.0
178217,2004,76455.0,0.0,474.0,0.372,0.3709,0.3682,0.367,0.9602,o,697.0,,3284.0,97.0
178217,2005,73644.0,0.0,435.0,0.3544,0.3544,0.3542,0.3542,0.9979,o,730.0,,3187.0,106.0
178217,2006,73158.0,0.0,476.0,0.3904,0.3923,0.3974,0.3996,1.0735,o,763.0,96.0,3365.0,101.0
178217,2007,74741.0,0.0,425.0,0.3412,0.3428,0.3469,0.3488,1.0694,o,773.0,109.0,3527.0,100.0
178217,2008,80252.0,0.0,465.0,0.3477,0.3485,0.3507,0.3517,1.0355,o,742.0,116.0,3730.0,101.0
178217,2009,85743.0,0.0,467.0,0.3268,0.326,0.324,0.3231,0.9661,o,1004.0,168.0,3727.0,102.0
178217,2010,98676.0,0.0,454.0,0.2761,0.2816,0.2962,0.303,1.3254,o,1004.0,172.0,3702.0,116.0
178217,2011,104746.0,0.0,536.0,0.307,0.31,0.3179,0.3215,1.1501,o,983.0,176.0,3615.0,110.0
178217,2012,88728.0,0.0,552.0,0.3733,0.3727,0.3713,0.3707,0.9791,o,920.0,164.0,3687.0,131.0
178217,2013,85103.0,0.0,541.0,0.3814,0.3794,0.3742,0.3719,0.926,o,840.0,175.0,3823.0,47.0
178217,2014,93807.0,0.0,547.0,0.3499,0.3468,0.3391,0.3358,0.8828,o,865.0,123.0,4029.0,44.0
178217,2015,93948.0,0.0,641.0,0.4094,0.4089,0.4076,0.4071,0.983,o,689.0,97.0,4060.0,46.0
178217,2016,87636.0,0.0,588.0,0.4026,0.3966,0.3817,0.3753,0.8082,o,709.0,102.0,4175.0,74.0
178217,2017,85138.0,0.0,688.0,0.4849,0.4818,0.4739,0.4704,0.9125,o,655.0,137.0,4181.0,77.0
178217,2018,75329.0,0.0,572.0,0.4556,0.4535,0.4483,0.4459,0.9371,o,613.0,106.0,4387.0,79.0
178217,2019,62540.0,0.0,539.0,0.5171,0.5133,0.5035,0.4992,0.8988,o,641.0,114.0,4478.0,81.0
178217,2020,58680.0,0.0,508.0,0.5194,0.5198,0.5209,0.5213,1.011,o,567.0,66.0,4411.0,90.0
178217,2021,53784.0,0.0,487.0,0.5433,0.5395,0.5298,0.5255,0.9043,o,540.0,78.0,4494.0,99.0
178217,2022,50414.0,0.0,471.0,0.5606,0.5562,0.5451,0.5402,0.894,o,510.0,106.0,4224.0,95.0
178217,2023,50210.0,0.0,485.0,0.5796,0.5763,0.5678,0.5641,0.9214,o,620.0,108.0,4451.0,104.0
178217,2024,53670.0,0.0,475.0,0.531,0.5372,0.5536,0.561,1.181,o,615.0,89.0,5180.0,118.0
178244,1998,34723.0,178.0,3.0,0.6203,0.6635,0.6728,0.6966,1.2611,o,,,,
178244,1999,40114.0,185.0,0.0,0.5534,0.5428,0.5406,0.5352,0.9354,o,,,,
178244,2000,41560.0,203.0,0.0,0.5861,0.5803,0.5791,0.576,0.9658,o,,,,
178244,2001,42133.0,170.0,1.0,0.4856,0.5146,0.5208,0.5366,1.2211,o,,,,
178244,2002,42133.0,213.0,4.0,0.6123,0.6551,0.6643,0.6879,1.2618,o,163.0,,18503.0,
178244,2003,43020.0,220.0,10.0,0.6276,0.6435,0.6468,0.6553,1.09,o,210.0,,19220.0,281.0
178244,2004,46725.0,201.0,2.0,0.5188,0.5293,0.5315,0.5371,1.0718,o,229.0,,19519.0,297.0
178244,2005,51362.0,255.0,4.0,0.6004,0.6428,0.652,0.6754,1.2651,o,223.0,,20973.0,293.0
178244,2006,61605.0,287.0,3.0,0.562,0.6109,0.6215,0.6489,1.3333,o,195.0,,20613.0,251.0
178244,2007,53697.0,278.0,1.0,0.6224,0.6433,0.6477,0.6589,1.1206,o,206.0,314.0,22262.0,315.0
178244,2008,65199.0,294.0,3.0,0.5439,0.5298,0.5269,0.5198,0.9134,o,204.0,299.0,23194.0,259.0
178244,2009,55279.0,323.0,0.0,0.7012,0.6816,0.6776,0.6678,0.9071,o,221.0,346.0,24146.0,352.0
178244,2010,55003.0,345.0,3.0,0.756,0.7596,0.7604,0.7623,1.0167,o,215.0,348.0,25531.0,422.0
178244,2011,60481.0,373.0,3.0,0.743,0.7613,0.7651,0.7748,1.0873,o,238.0,360.0,26104.0,388.0
178244,2012,62081.0,374.0,2.0,0.7249,0.7461,0.7506,0.7619,1.1049,o,242.0,365.0,26736.0,393.0
178244,2013,59976.0,393.0,6.0,0.7923,0.8208,0.8268,0.842,1.1294,o,268.0,364.0,27757.0,410.0
178244,2014,61166.0,384.0,9.0,0.7622,0.7976,0.8052,0.8243,1.1697,o,231.0,393.0,28688.0,427.0
178244,2015,60101.0,351.0,10.0,0.7108,0.731,0.7353,0.746,1.1015,o,261.0,380.0,29712.0,441.0
178244,2016,62372.0,333.0,14.0,0.6541,0.6588,0.6598,0.6623,1.025,o,287.0,416.0,30967.0,439.0
178244,2017,66357.0,422.0,10.0,0.7722,0.7884,0.7919,0.8004,1.0745,o,283.0,342.0,31773.0,431.0
178244,2018,65117.0,434.0,9.0,0.8081,0.8399,0.8466,0.8637,1.1423,o,255.0,356.0,32428.0,428.0
178244,2019,66046.0,468.0,8.0,0.8576,0.8801,0.8848,0.8968,1.0935,o,290.0,275.0,33097.0,435.0
178244,2020,64523.0,495.0,10.0,0.9299,0.9284,0.9281,0.9274,0.9945,o,249.0,260.0,33919.0,434.0
178244,2021,59388.0,439.0,18.0,0.9052,0.8907,0.8877,0.8803,0.9456,o,236.0,265.0,34270.0,439.0
178244,2022,58686.0,383.0,18.0,0.8016,0.7778,0.773,0.761,0.9015,o,317.0,233.0,33512.0,420.0
178244,2023,60655.0,382.0,22.0,0.7775,0.7808,0.7815,0.7832,1.0147,o,264.0,281.0,34487.0,400.0
178244,2024,62392.0,365.0,19.0,0.7203,0.7361,0.7395,0.7478,1.0779,o,314.0,284.0,33122.0,374.0
178253,1998,2790.0,0.0,0.0,0.0,0.0,0.0,0.0,,-,,,,
178305,1998,12239.0,0.0,11.0,0.0539,0.0539,0.0539,0.0539,,-,,,,
178305,1999,15688.0,0.0,36.0,0.1377,0.1377,0.1377,0.1377,,-,,,,
178305,2000,22689.0,0.0,48.0,0.1269,0.1269,0.1269,0.1269,,-,,,,
178305,2001,21972.0,0.0,53.0,0.1447,0.1447,0.1447,0.1447,,-,,,,
178305,2002,23126.0,0.0,105.0,0.2724,0.2724,0.2724,0.2724,,-,469.0,,,
178305,2003,23162.0,0.0,72.0,0.1865,0.1865,0.1865,0.1865,,-,721.0,,14742.0,577.0
178305,2004,43248.0,0.0,47.0,0.0652,0.0652,0.0652,0.0652,,-,646.0,,16658.0,302.0
178305,2005,21390.0,0.0,62.0,0.1739,0.1739,0.1739,0.1739,,-,183.0,,20540.0,666.0
178305,2007,21373.0,4.0,44.0,0.146,0.146,0.146,0.146,,-,145.0,40.0,18513.0,465.0
178305,2008,28090.0,12.0,24.0,0.1025,0.1025,0.1025,0.1025,,-,96.0,61.0,17913.0,351.0
178305,2009,35189.0,30.0,120.0,0.3069,0.3069,0.3069,0.3069,,-,129.0,110.0,20099.0,370.0
178305,2010,49809.0,42.0,86.0,0.2048,0.2048,0.2048,0.2048,,-,101.0,107.0,20330.0,403.0
178305,2011,53584.0,33.0,221.0,0.3214,0.3214,0.3214,0.3214,,-,89.0,63.0,15251.0,502.0
178305,2012,34759.0,29.0,173.0,0.3987,0.3987,0.3987,0.3987,,-,62.0,77.0,15103.0,715.0
178305,2013,19209.0,51.0,64.0,0.5185,0.5185,0.5185,0.5185,,-,73.0,52.0,22054.0,860.0
178305,2014,16709.0,10.0,68.0,0.316,0.316,0.316,0.316,,-,62.0,91.0,21580.0,587.0
178305,2016,13000.0,3.0,73.0,0.3646,0.3646,0.3646,0.3646,,-,,,16645.0,
178341,1998,129176.0,611.0,136.0,0.6308,0.6303,0.63,0.6297,0.9966,o,,,,
178341,1999,130852.0,585.0,160.0,0.6098,0.6271,0.6352,0.6463,1.1233,o,,,,
178341,2002,138605.0,665.0,178.0,0.6528,0.6615,0.6655,0.671,1.0566,o,725.0,,4677.0,
178341,2003,135221.0,679.0,165.0,0.6758,0.6485,0.6363,0.6201,0.842,o,692.0,,6322.0,171.0
178341,2004,126452.0,728.0,150.0,0.762,0.7137,0.6926,0.6648,0.761,o,777.0,,6318.0,180.0
178341,2005,127144.0,706.0,124.0,0.7248,0.6912,0.6763,0.6565,0.8202,o,897.0,,6132.0,166.0
178341,2006,133951.0,637.0,124.0,0.6262,0.6327,0.6356,0.6397,1.0436,o,945.0,574.0,6101.0,156.0
178341,2007,138395.0,609.0,105.0,0.5736,0.6108,0.6287,0.654,1.2999,o,818.0,515.0,5801.0,167.0
178341,2008,109154.0,673.0,125.0,0.8086,0.8448,0.8619,0.8858,1.2001,o,771.0,540.0,5862.0,182.0
178341,2009,134263.0,732.0,134.0,0.7141,0.7052,0.7012,0.6958,0.9492,o,858.0,589.0,6518.0,136.0
178341,2010,141711.0,758.0,161.0,0.71,0.6894,0.6801,0.6677,0.8844,o,900.0,604.0,6476.0,149.0
178341,2011,142125.0,860.0,175.0,0.8,0.7995,0.7992,0.7989,0.9972,o,775.0,576.0,6324.0,157.0
178341,2012,133451.0,864.0,192.0,0.8632,0.8742,0.8793,0.8863,1.0541,o,802.0,581.0,6926.0,175.0
178341,2013,132679.0,838.0,193.0,0.8452,0.8386,0.8357,0.8316,0.9681,o,808.0,582.0,7046.0,166.0
178341,2014,134147.0,800.0,180.0,0.7961,0.7795,0.772,0.7619,0.9158,o,856.0,581.0,7078.0,144.0
178341,2015,135154.0,831.0,183.0,0.8191,0.8178,0.8172,0.8164,0.9934,o,925.0,652.0,7070.0,137.0
178341,2016,138337.0,845.0,215.0,0.8262,0.8507,0.8622,0.8781,1.1294,o,1057.0,667.0,7160.0,137.0
178341,2017,146552.0,872.0,180.0,0.7877,0.828,0.8472,0.874,1.2311,o,1012.0,574.0,7041.0,129.0
178341,2018,144166.0,967.0,176.0,0.8782,0.9253,0.9477,0.9792,1.2434,o,908.0,516.0,7561.0,127.0
178341,2019,139589.0,953.0,192.0,0.9018,0.9182,0.9258,0.9363,1.078,o,729.0,446.0,7935.0,143.0
178341,2020,129060.0,999.0,167.0,1.0065,0.9614,0.9413,0.9147,0.8259,o,710.0,429.0,8177.0,132.0
178341,2021,112199.0,924.0,141.0,1.0636,0.9749,0.9367,0.887,0.6955,o,578.0,339.0,8129.0,149.0
178341,2022,95937.0,800.0,133.0,1.0838,0.9848,0.9425,0.8877,0.6708,o,605.0,318.0,7947.0,143.0
178341,2023,83149.0,715.0,97.0,1.1019,1.0192,0.9835,0.9367,0.7227,o,579.0,378.0,8308.0,140.0
178341,2024,90990.0,671.0,113.0,0.9594,0.9156,0.8961,0.8703,0.8228,o,634.0,331.0,8400.0,130.0
178350,1998,6112.0,6.0,42.0,0.5301,0.5301,0.5301,0.5301,,-,,,,
178350,1999,5580.0,5.0,7.0,0.1828,0.1828,0.1828,0.1828,,-,,,,
178350,2001,4047.0,8.0,18.0,0.5041,0.5041,0.5041,0.5041,,-,,,,
178350,2002,4572.0,7.0,22.0,0.4724,0.4724,0.4724,0.4724,,-,13.0,,14230.0,
178350,2003,5004.0,5.0,21.0,0.3717,0.3717,0.3717,0.3717,,-,8.0,,14946.0,646.0
178350,2004,4812.0,12.0,17.0,0.5112,0.5112,0.5112,0.5112,,-,10.0,,15572.0,652.0
178350,2005,4664.0,13.0,11.0,0.476,0.476,0.476,0.476,,-,9.0,,16204.0,603.0
178350,2006,3847.0,18.0,20.0,0.8734,0.8734,0.8734,0.8734,,-,3.0,14.0,16827.0,694.0
178350,2007,3709.0,13.0,27.0,0.8574,0.8574,0.8574,0.8574,,-,11.0,3.0,17815.0,758.0
178350,2008,3241.0,14.0,25.0,0.9812,0.9812,0.9812,0.9812,,-,11.0,7.0,18116.0,743.0
178350,2009,3120.0,11.0,19.0,0.7885,0.7885,0.7885,0.7885,,-,6.0,19.0,18892.0,773.0
178350,2010,3426.0,13.0,18.0,0.7706,0.7706,0.7706,0.7706,,-,7.0,20.0,19627.0,789.0
178350,2011,2984.0,11.0,6.0,0.563,0.563,0.563,0.563,,-,8.0,22.0,19166.0,787.0
178350,2012,2505.0,16.0,15.0,1.1257,1.1257,1.1257,1.1257,,-,7.0,29.0,19498.0,764.0
178350,2013,2701.0,8.0,12.0,0.622,0.622,0.622,0.622,,-,2.0,33.0,19156.0,812.0
178350,2014,2345.0,10.0,11.0,0.7932,0.7932,0.7932,0.7932,,-,2.0,14.0,19499.0,814.0
178369,1998,36022.0,120.0,1.0,0.4014,0.4246,0.4296,0.4423,1.214,o,,,,
178369,1999,44370.0,154.0,2.0,0.4192,0.4279,0.4297,0.4343,1.0735,o,,,,
178369,2000,41178.0,144.0,2.0,0.4226,0.4306,0.4323,0.4365,1.0671,o,,,,
178369,2001,40612.0,148.0,1.0,0.4388,0.4423,0.4431,0.4449,1.0282,o,,,,
178369,2003,41908.0,155.0,4.0,0.4496,0.436,0.4332,0.4264,0.8998,o,403.0,,20902.0,245.0
178369,2004,42666.0,203.0,3.0,0.5752,0.5606,0.5576,0.5503,0.9154,o,378.0,,20895.0,239.0
178369,2005,45052.0,198.0,5.0,0.534,0.5211,0.5185,0.5119,0.9188,o,362.0,,21568.0,264.0
178369,2006,44467.0,199.0,2.0,0.5397,0.5195,0.5154,0.5054,0.8768,o,375.0,139.0,21813.0,259.0
178369,2007,44821.0,247.0,4.0,0.6667,0.6434,0.6387,0.6271,0.8848,o,443.0,123.0,21551.0,225.0
178369,2008,41527.0,215.0,1.0,0.6227,0.6311,0.6329,0.6373,1.0474,o,426.0,142.0,22608.0,228.0
178369,2009,45221.0,190.0,35.0,0.5506,0.5769,0.5825,0.5967,1.1743,o,434.0,150.0,22949.0,221.0
178369,2010,47336.0,176.0,2.0,0.4487,0.4692,0.4736,0.4847,1.1669,o,420.0,131.0,23658.0,256.0
178369,2011,48159.0,186.0,0.0,0.4635,0.4693,0.4705,0.4736,1.044,o,379.0,149.0,23968.0,264.0
178369,2012,46016.0,182.0,2.0,0.4772,0.4657,0.4634,0.4576,0.9194,o,369.0,140.0,24192.0,284.0
178369,2013,44875.0,236.0,2.0,0.6338,0.6086,0.6036,0.5911,0.8698,o,415.0,163.0,23929.0,274.0
178369,2014,43376.0,203.0,4.0,0.5671,0.5532,0.5504,0.5434,0.918,o,376.0,150.0,24094.0,280.0
178369,2015,40911.0,242.0,3.0,0.7142,0.7122,0.7117,0.7106,0.99,o,435.0,143.0,24021.0,296.0
178369,2016,43156.0,234.0,3.0,0.6548,0.6704,0.6736,0.6819,1.0842,o,449.0,161.0,24632.0,265.0
178369,2017,41163.0,191.0,6.0,0.5656,0.5856,0.5898,0.6005,1.1276,o,392.0,158.0,25177.0,277.0
178369,2018,42128.0,197.0,7.0,0.5711,0.5814,0.5835,0.5889,1.0632,o,525.0,153.0,25175.0,308.0
178369,2019,43266.0,196.0,9.0,0.5561,0.5763,0.5805,0.5913,1.1307,o,437.0,166.0,25136.0,306.0
178369,2020,42778.0,227.0,3.0,0.641,0.6569,0.6602,0.6687,1.0882,o,408.0,127.0,25361.0,362.0
178369,2021,41394.0,217.0,5.0,0.6363,0.6372,0.6374,0.6378,1.0048,o,548.0,142.0,25096.0,355.0
178369,2022,41871.0,222.0,9.0,0.6491,0.657,0.6587,0.6628,1.0425,o,381.0,115.0,24135.0,315.0
178369,2023,39849.0,190.0,6.0,0.5812,0.5753,0.5741,0.5711,0.9657,o,407.0,116.0,23239.0,317.0
178369,2024,41069.0,201.0,5.0,0.5946,0.5827,0.5803,0.5742,0.9325,o,510.0,142.0,23000.0,302.0
178387,1998,125393.0,676.0,64.0,0.6775,0.6938,0.7013,0.7118,1.1035,o,,,,
178387,1999,127026.0,635.0,82.0,0.6386,0.6461,0.6495,0.6543,1.0497,o,,,,
178387,2000,127000.0,684.0,60.0,0.6746,0.6774,0.6787,0.6804,1.0172,o,,,,
178387,2001,126160.0,673.0,56.0,0.6668,0.6599,0.6567,0.6525,0.9575,o,,,,
178387,2002,127139.0,672.0,52.0,0.6588,0.6596,0.66,0.6605,1.0051,o,1234.0,,5585.0,
178387,2003,128764.0,711.0,42.0,0.6822,0.7029,0.7127,0.7261,1.1331,o,1045.0,,6906.0,170.0
178387,2004,122179.0,625.0,59.0,0.6428,0.6592,0.6669,0.6775,1.1106,o,1079.0,,7403.0,185.0
178387,2005,121408.0,654.0,64.0,0.678,0.6748,0.6733,0.6713,0.9802,o,1079.0,,7691.0,186.0
178387,2006,123550.0,659.0,62.0,0.6702,0.6526,0.6448,0.6342,0.8954,o,1059.0,362.0,7444.0,174.0
178387,2007,119774.0,645.0,71.0,0.6818,0.6714,0.6667,0.6604,0.9381,o,1100.0,316.0,7816.0,185.0
178387,2008,120938.0,587.0,52.0,0.6082,0.6106,0.6117,0.6132,1.0165,o,1138.0,346.0,7355.0,172.0
178387,2009,127197.0,636.0,66.0,0.6311,0.6367,0.6392,0.6427,1.0371,o,1192.0,327.0,7208.0,177.0
178387,2010,134253.0,600.0,56.0,0.5613,0.573,0.5785,0.586,1.0898,o,1270.0,477.0,6521.0,150.0
178387,2011,142762.0,658.0,48.0,0.5733,0.5916,0.6002,0.6122,1.1403,o,1150.0,405.0,7297.0,216.0
178387,2012,140421.0,678.0,73.0,0.6106,0.6222,0.6275,0.6349,1.0813,o,1074.0,374.0,7723.0,227.0
178387,2013,133559.0,694.0,64.0,0.6523,0.645,0.6418,0.6373,0.9545,o,970.0,372.0,8030.0,238.0
178387,2014,128573.0,779.0,44.0,0.7476,0.7149,0.7005,0.6812,0.8302,o,1040.0,380.0,8426.0,245.0
178387,2015,127369.0,740.0,40.0,0.716,0.6848,0.671,0.6526,0.8306,o,862.0,323.0,8864.0,248.0
178387,2016,118705.0,749.0,29.0,0.7718,0.7434,0.7307,0.7138,0.8552,o,844.0,347.0,9192.0,255.0
178387,2017,112936.0,689.0,24.0,0.7448,0.7132,0.6992,0.6805,0.8346,o,979.0,333.0,9344.0,258.0
178387,2018,115214.0,711.0,21.0,0.7515,0.7341,0.7262,0.7157,0.907,o,1033.0,315.0,9434.0,257.0
178387,2019,111815.0,726.0,20.0,0.7899,0.8006,0.8056,0.8124,1.0578,o,946.0,290.0,9713.0,267.0
178387,2020,106905.0,695.0,31.0,0.7975,0.8265,0.8401,0.859,1.16,o,683.0,229.0,9886.0,273.0
178387,2021,98504.0,716.0,24.0,0.8869,0.8632,0.8526,0.8384,0.8936,o,574.0,210.0,10359.0,246.0
178387,2022,85741.0,672.0,17.0,0.9524,0.8507,0.8078,0.7528,0.6248,o,598.0,196.0,9736.0,263.0
178387,2023,77518.0,643.0,21.0,1.0116,0.8921,0.8422,0.7785,0.5922,o,602.0,172.0,9410.0,263.0
178387,2024,71329.0,513.0,21.0,0.8807,0.8184,0.7914,0.7559,0.7366,o,564.0,187.0,9800.0,238.0
178396,1998,488172.0,3391.0,0.0,0.8336,0.8543,0.8639,0.8773,1.1077,o,,,,
178396,1999,496495.0,3670.0,0.0,0.887,0.8844,0.8831,0.8815,0.9876,o,,,,
178396,2000,492117.0,3840.0,0.0,0.9364,0.942,0.9446,0.9481,1.0252,o,,,,
178396,2001,498485.0,3716.0,0.0,0.8946,0.9192,0.9308,0.9468,1.1201,o,,,,
178396,2002,512881.0,3761.0,0.0,0.88,0.9074,0.9202,0.938,1.1362,o,4439.0,,7944.0,
178396,2003,532083.0,3848.0,0.0,0.8678,0.8893,0.8993,0.9132,1.1072,o,4669.0,,8850.0,348.0
178396,2004,555093.0,4086.0,0.0,0.8833,0.907,0.918,0.9333,1.1164,o,4668.0,,10199.0,380.0
178396,2005,571417.0,4259.0,0.0,0.8944,0.9176,0.9284,0.9434,1.1125,o,4718.0,,10659.0,413.0
178396,2006,587580.0,4461.0,0.0,0.9111,0.9302,0.9391,0.9514,1.0906,o,4838.0,,10844.0,416.0
178396,2007,597673.0,4736.0,0.0,0.9509,0.9619,0.967,0.974,1.0492,o,4982.0,1028.0,11052.0,423.0
178396,2008,602223.0,4779.0,0.0,0.9523,0.9639,0.9692,0.9766,1.0517,o,5782.0,1141.0,11126.0,403.0
178396,2009,642299.0,4855.0,0.0,0.9071,0.9374,0.9516,0.9714,1.1468,o,5589.0,1175.0,12182.0,393.0
178396,2010,665923.0,4963.0,0.0,0.8943,0.9325,0.9505,0.9756,1.1899,o,6089.0,1213.0,12152.0,387.0
178396,2011,698993.0,5087.0,0.0,0.8733,0.9104,0.9279,0.9524,1.1892,o,6138.0,1352.0,11867.0,390.0
178396,2012,727532.0,5528.0,0.0,0.9118,0.9401,0.9534,0.9718,1.1359,o,6501.0,1310.0,12231.0,421.0
178396,2013,752817.0,5692.0,0.0,0.9073,0.9306,0.9415,0.9566,1.1115,o,6194.0,1127.0,12375.0,449.0
178396,2014,756398.0,5769.0,0.0,0.9152,0.9338,0.9424,0.9543,1.0871,o,6515.0,1178.0,12396.0,460.0
178396,2015,772737.0,5995.0,0.0,0.931,0.9397,0.9437,0.9491,1.0394,o,6191.0,1107.0,12314.0,474.0
178396,2016,779981.0,6283.0,0.0,0.9666,0.9679,0.9684,0.9692,1.0053,o,4772.0,918.0,12328.0,486.0
178396,2017,729967.0,6331.0,0.0,1.0408,1.0048,0.9887,0.9672,0.8636,o,4134.0,916.0,12133.0,479.0
178396,2018,673462.0,6512.0,0.0,1.1603,1.0654,1.0245,0.9713,0.7008,o,4673.0,973.0,12197.0,478.0
178396,2019,635343.0,6314.0,0.0,1.1926,1.0921,1.049,0.9929,0.6931,o,5431.0,1113.0,12168.0,464.0
178396,2020,630103.0,5641.0,0.0,1.0743,1.0535,1.0441,1.0314,0.9216,o,5315.0,1270.0,12593.0,435.0
178396,2021,652838.0,5114.0,0.0,0.94,0.9834,1.0039,1.0326,1.2066,o,4843.0,1348.0,12516.0,419.0
178396,2022,666892.0,5092.0,0.0,0.9163,0.9482,0.9632,0.984,1.1534,o,4983.0,1261.0,12589.0,411.0
178396,2023,670592.0,5944.0,0.0,1.0637,1.0566,1.0533,1.0489,0.9725,o,5139.0,1164.0,12402.0,420.0
178396,2024,677766.0,6105.0,0.0,1.0809,1.0655,1.0585,1.0491,0.9419,o,5953.0,1242.0,14130.0,439.0
178402,1999,227430.0,1138.0,0.0,0.6004,0.6193,0.6281,0.6404,1.1374,o,,,,
178402,2000,156347.0,1047.0,0.0,0.8036,0.8267,0.8374,0.8524,1.1251,o,,,,
178402,2001,168554.0,1081.0,0.0,0.7696,0.7951,0.807,0.8236,1.1452,o,,,,
178402,2002,177177.0,1221.0,0.0,0.827,0.8559,0.8696,0.8885,1.1543,o,780.0,,7991.0,
178402,2003,186708.0,1135.0,0.0,0.7295,0.7546,0.7663,0.7827,1.1512,o,788.0,,8901.0,461.0
178402,2004,195367.0,1316.0,0.0,0.8083,0.8312,0.8419,0.8567,1.1232,o,921.0,,10476.0,492.0
178402,2005,202323.0,1393.0,0.0,0.8262,0.8551,0.8687,0.8875,1.154,o,1028.0,,10868.0,541.0
178402,2006,208994.0,1425.0,0.0,0.8182,0.864,0.8859,0.9166,1.255,o,955.0,,10956.0,512.0
178402,2007,205075.0,1428.0,0.0,0.8356,0.884,0.9072,0.9397,1.2647,o,959.0,1219.0,10862.0,525.0
178402,2008,205906.0,1289.0,0.0,0.7512,0.7719,0.7816,0.795,1.12,o,1008.0,1241.0,10902.0,559.0
178402,2009,209391.0,1496.0,0.0,0.8573,0.8592,0.8601,0.8613,1.0092,o,1004.0,1449.0,11903.0,437.0
178402,2010,225818.0,1633.0,0.0,0.8678,0.8708,0.8722,0.8741,1.0146,o,1145.0,1554.0,11826.0,420.0
178402,2011,237983.0,1523.0,0.0,0.768,0.7896,0.7997,0.8137,1.1228,o,1159.0,1462.0,12008.0,413.0
178402,2012,237195.0,1749.0,0.0,0.8848,0.9191,0.9352,0.9576,1.1713,o,1125.0,1471.0,12285.0,477.0
178402,2013,248759.0,1759.0,0.0,0.8485,0.8748,0.887,0.9041,1.1352,o,1078.0,1371.0,12431.0,476.0
178402,2014,245955.0,1803.0,0.0,0.8797,0.8849,0.8873,0.8907,1.0251,o,1073.0,1246.0,12450.0,485.0
178402,2015,243036.0,1812.0,0.0,0.8947,0.88,0.8734,0.8645,0.9336,o,1049.0,1302.0,10149.0,487.0
178402,2016,238360.0,1741.0,0.0,0.8765,0.8611,0.8542,0.8448,0.9291,o,1212.0,1226.0,10160.0,495.0
178402,2017,239606.0,1824.0,0.0,0.9135,0.9192,0.9218,0.9254,1.0263,o,1244.0,1160.0,10002.0,497.0
178402,2018,239184.0,1753.0,0.0,0.8795,0.9079,0.9213,0.9398,1.1418,o,1197.0,1166.0,9984.0,499.0
178402,2019,234630.0,1778.0,0.0,0.9093,0.9404,0.955,0.9753,1.1503,o,1196.0,1017.0,9979.0,507.0
178402,2020,227943.0,1903.0,0.0,1.0018,1.0156,1.0219,1.0307,1.0584,o,1059.0,1013.0,11917.0,511.0
178402,2021,215746.0,1808.0,0.0,1.0056,0.9852,0.976,0.9636,0.9182,o,1148.0,999.0,11842.0,509.0
178402,2022,203549.0,1623.0,0.0,0.9568,0.934,0.9237,0.9098,0.9041,o,1165.0,846.0,11627.0,498.0
178402,2023,197290.0,1634.0,0.0,0.9939,0.9858,0.9821,0.9771,0.9666,o,1289.0,930.0,11684.0,501.0
178402,2024,202764.0,1596.0,0.0,0.9445,0.9639,0.9729,0.9853,1.0882,o,1343.0,943.0,11988.0,496.0
178411,1998,110834.0,743.0,0.0,0.8044,0.7909,0.7847,0.7764,0.9315,o,,,,
178411,1999,108855.0,779.0,0.0,0.8588,0.8342,0.8232,0.8084,0.8861,o,,,,
178411,2000,103933.0,743.0,0.0,0.8579,0.8328,0.8215,0.8064,0.8837,o,,,,
178411,2001,100590.0,685.0,0.0,0.8172,0.8,0.7922,0.7817,0.915,o,,,,
178411,2002,101719.0,742.0,0.0,0.8754,0.8669,0.8631,0.8578,0.9604,o,795.0,,8640.0,
178411,2003,106135.0,743.0,0.0,0.8401,0.8506,0.8555,0.8622,1.0535,o,878.0,,9595.0,316.0
178411,2004,106135.0,756.0,0.0,0.8548,0.8971,0.9171,0.9453,1.223,o,842.0,,11247.0,321.0
178411,2005,112561.0,731.0,0.0,0.7793,0.8213,0.8413,0.8694,1.2446,o,884.0,,11650.0,358.0
178411,2006,118357.0,744.0,0.0,0.7543,0.7805,0.7929,0.81,1.153,o,962.0,248.0,11673.0,373.0
178411,2007,125325.0,834.0,0.0,0.7986,0.8176,0.8265,0.8388,1.1034,o,1041.0,264.0,11821.0,402.0
178411,2008,131992.0,910.0,0.0,0.8273,0.8581,0.8726,0.8928,1.1645,o,1045.0,272.0,11831.0,401.0
178411,2009,136453.0,920.0,0.0,0.8091,0.8467,0.8645,0.8895,1.2086,o,1108.0,313.0,12213.0,399.0
178411,2010,144333.0,997.0,0.0,0.8289,0.8601,0.8748,0.8952,1.1663,o,1149.0,381.0,12134.0,385.0
178411,2011,151010.0,997.0,0.0,0.7923,0.8153,0.8261,0.841,1.1268,o,1096.0,359.0,11905.0,390.0
178411,2012,155376.0,1077.0,0.0,0.8318,0.8466,0.8535,0.8629,1.0762,o,1124.0,373.0,12360.0,424.0
178411,2013,158196.0,1118.0,0.0,0.8481,0.8543,0.8572,0.8612,1.0311,o,1262.0,424.0,12499.0,457.0
178411,2014,165544.0,1141.0,0.0,0.8271,0.8382,0.8433,0.8504,1.0572,o,1288.0,459.0,12521.0,489.0
178411,2015,175173.0,1307.0,0.0,0.8953,0.9231,0.9362,0.9542,1.1359,o,1487.0,425.0,11698.0,500.0
178411,2016,182064.0,1378.0,0.0,0.9083,0.9582,0.982,1.0155,1.25,o,1478.0,397.0,11730.0,501.0
178411,2017,182366.0,1320.0,0.0,0.8686,0.9151,0.9372,0.9683,1.2427,o,1426.0,348.0,11546.0,504.0
178411,2018,181653.0,1416.0,0.0,0.9354,0.9651,0.979,0.9982,1.1388,o,1325.0,316.0,11523.0,505.0
178411,2019,178322.0,1388.0,0.0,0.934,0.9321,0.9312,0.93,0.9914,o,1145.0,278.0,11519.0,511.0
178411,2020,169134.0,1423.0,0.0,1.0096,0.9663,0.9471,0.9215,0.8331,o,1111.0,259.0,11943.0,433.0
178411,2021,158643.0,1427.0,0.0,1.0794,1.0159,0.9881,0.9514,0.7769,o,1188.0,234.0,11865.0,409.0
178411,2022,149749.0,1325.0,0.0,1.0618,1.017,0.9971,0.9706,0.8357,o,1146.0,245.0,11862.0,382.0
178411,2023,147027.0,1205.0,0.0,0.9835,0.9702,0.9642,0.956,0.9449,o,1196.0,279.0,11765.0,368.0
178411,2024,150651.0,1209.0,0.0,0.963,0.9717,0.9757,0.9812,1.0381,o,1269.0,275.0,14278.0,370.0
178420,1998,230084.0,1663.0,0.0,0.8673,0.9032,0.9202,0.9438,1.1842,o,,,,
178420,1999,233246.0,1707.0,0.0,0.8782,0.8796,0.8802,0.8811,1.0065,o,,,,
178420,2000,231585.0,1695.0,0.0,0.8783,0.8587,0.8499,0.838,0.9103,o,,,,
178420,2001,222286.0,1777.0,0.0,0.9593,0.9277,0.9136,0.8946,0.8697,o,,,,
178420,2002,234301.0,1887.0,0.0,0.9664,0.9424,0.9315,0.917,0.9002,o,519.0,,8342.0,
178420,2003,237801.0,1853.0,0.0,0.9351,0.9003,0.8848,0.8642,0.8541,o,534.0,,9296.0,292.0
178420,2004,234986.0,1932.0,0.0,0.9866,0.9423,0.9227,0.8966,0.8259,o,449.0,,11386.0,330.0
178420,2005,231647.0,1902.0,0.0,0.9853,0.9294,0.9048,0.8724,0.7839,o,532.0,,11875.0,352.0
178420,2006,238643.0,1905.0,0.0,0.9579,0.9215,0.9053,0.8836,0.8508,o,526.0,,11869.0,344.0
178420,2007,238136.0,2039.0,0.0,1.0275,1.0286,1.0292,1.0299,1.0047,o,498.0,1722.0,12020.0,355.0
178420,2008,242838.0,2016.0,0.0,0.9962,1.006,1.0106,1.0168,1.0417,o,468.0,1677.0,12093.0,365.0
178420,2009,236670.0,2018.0,0.0,1.0232,1.0194,1.0177,1.0153,0.9847,o,525.0,1683.0,12367.0,358.0
178420,2010,247454.0,2011.0,0.0,0.9752,0.9605,0.9538,0.9448,0.9386,o,497.0,1710.0,12287.0,347.0
178420,2011,250731.0,2092.0,0.0,1.0012,1.0008,1.0005,1.0003,0.998,o,504.0,1749.0,12048.0,339.0
178420,2012,248160.0,1963.0,0.0,0.9492,0.9574,0.9611,0.9663,1.0362,o,546.0,1805.0,12297.0,353.0
178420,2013,251247.0,1974.0,0.0,0.9428,0.9555,0.9614,0.9695,1.0574,o,482.0,1626.0,12451.0,357.0
178420,2014,252494.0,2020.0,0.0,0.96,0.9614,0.962,0.9628,1.0059,o,513.0,1572.0,12473.0,379.0
178420,2015,253119.0,2246.0,0.0,1.0648,1.0633,1.0626,1.0616,0.994,o,516.0,1401.0,11546.0,366.0
178420,2016,243607.0,2252.0,0.0,1.1093,1.104,1.1015,1.0982,0.98,o,440.0,1435.0,12179.0,387.0
178420,2017,234447.0,2071.0,0.0,1.06,1.0417,1.0334,1.0222,0.93,o,482.0,1425.0,11975.0,369.0
178420,2018,232075.0,1988.0,0.0,1.0279,1.0093,1.0009,0.9895,0.9266,o,485.0,1365.0,11952.0,365.0
178420,2019,225064.0,1921.0,0.0,1.0242,1.0091,1.0022,0.9929,0.9397,o,447.0,1164.0,11948.0,371.0
178420,2020,215198.0,1888.0,0.0,1.0528,1.0464,1.0435,1.0395,0.9749,o,417.0,1170.0,12224.0,354.0
178420,2021,197466.0,1889.0,0.0,1.1479,1.1302,1.1221,1.1113,0.9371,o,296.0,1045.0,12341.0,351.0
178420,2022,192361.0,1786.0,0.0,1.1142,1.0356,1.0014,0.9567,0.7373,o,443.0,1024.0,12302.0,322.0
178420,2023,183770.0,1493.0,0.0,0.9749,0.9221,0.8989,0.8681,0.7929,o,464.0,979.0,12104.0,330.0
178420,2024,181592.0,1385.0,0.0,0.9152,0.926,0.9309,0.9377,1.0498,o,490.0,946.0,13440.0,337.0
178448,1998,39996.0,0.0,239.0,0.3585,0.3524,0.3371,0.3305,0.7811,o,,,,
178448,1999,42082.0,0.0,206.0,0.2937,0.2979,0.3088,0.3137,1.2212,o,,,,
178448,2000,55888.0,0.0,214.0,0.2297,0.2352,0.2497,0.2565,1.3955,o,,,,
178448,2001,55864.0,0.0,310.0,0.333,0.3385,0.3532,0.3599,1.2663,o,,,,
178448,2002,63354.0,0.0,311.0,0.2945,0.2969,0.3029,0.3057,1.1188,o,877.0,,2512.0,
178448,2003,67972.0,0.0,394.0,0.3478,0.3535,0.3685,0.3754,1.261,o,951.0,,2804.0,102.0
178448,2004,71788.0,0.0,370.0,0.3092,0.3132,0.3235,0.3282,1.1977,o,940.0,,2935.0,112.0
178448,2005,74937.0,0.0,370.0,0.2962,0.2968,0.2983,0.299,1.0284,o,922.0,,2946.0,113.0
178448,2006,76278.0,0.0,448.0,0.3524,0.3518,0.3502,0.3495,0.9751,o,887.0,,2945.0,114.0
178448,2007,76650.0,0.0,432.0,0.3382,0.337,0.3341,0.3328,0.9527,o,941.0,,3085.0,125.0
178448,2008,81644.0,0.0,427.0,0.3138,0.3147,0.3169,0.3179,1.0404,o,959.0,,3161.0,124.0
178448,2009,91521.0,0.0,449.0,0.2944,0.2954,0.2979,0.2991,1.0492,o,1399.0,,3280.0,123.0
178448,2010,110665.0,0.0,513.0,0.2781,0.2858,0.3064,0.316,1.4726,o,1145.0,,3259.0,111.0
178448,2011,120267.0,0.0,627.0,0.3128,0.3122,0.3105,0.3098,0.9712,o,1128.0,,3183.0,102.0
178448,2012,121892.0,0.0,681.0,0.3352,0.3324,0.3253,0.3222,0.8868,o,1341.0,,3306.0,114.0
178448,2013,119318.0,0.0,659.0,0.3314,0.3352,0.3454,0.35,1.1799,o,1265.0,3.0,3609.0,118.0
178448,2014,118768.0,0.0,748.0,0.3779,0.3785,0.3802,0.3809,1.0247,o,1305.0,,3673.0,129.0
178448,2015,110211.0,0.0,711.0,0.3871,0.3871,0.3872,0.3873,1.0015,o,1005.0,,3877.0,144.0
178448,2016,102411.0,0.0,725.0,0.4248,0.4175,0.3994,0.3917,0.7821,o,1132.0,,3967.0,152.0
178448,2017,103758.0,0.0,730.0,0.4221,0.4215,0.42,0.4193,0.9801,o,1142.0,,3977.0,159.0
178448,2018,103563.0,0.0,718.0,0.416,0.4179,0.423,0.4252,1.0688,o,1157.0,261.0,4113.0,154.0
178448,2019,102348.0,0.0,738.0,0.4326,0.4332,0.4345,0.4351,1.0176,o,1233.0,206.0,4136.0,163.0
178448,2020,103651.0,0.0,704.0,0.4075,0.4095,0.4147,0.4171,1.0726,o,1212.0,211.0,4219.0,122.0
178448,2021,100180.0,0.0,807.0,0.4833,0.4838,0.485,0.4856,1.0142,o,1074.0,189.0,4097.0,108.0
178448,2022,96169.0,0.0,788.0,0.4916,0.4872,0.476,0.4711,0.8785,o,1062.0,195.0,4213.0,99.0
178448,2023,95054.0,0.0,779.0,0.4917,0.4892,0.4828,0.4799,0.9291,o,980.0,173.0,4037.0,107.0
178448,2024,96911.0,0.0,840.0,0.5201,0.5169,0.509,0.5055,0.9176,o,1131.0,217.0,4020.0,112.0
178563,1999,3090.0,0.0,0.0,0.0,0.0,0.0,0.0,,-,,,,
178615,1998,175868.0,1177.0,0.0,0.8031,0.8019,0.8013,0.8006,0.9937,o,,,,
178615,1999,175662.0,1151.0,0.0,0.7863,0.7923,0.795,0.7988,1.0321,o,,,,
178615,2000,174745.0,1122.0,0.0,0.7705,0.7677,0.7664,0.7647,0.9849,o,,,,
178615,2001,168344.0,1229.0,0.0,0.8761,0.8563,0.8474,0.8354,0.9094,o,,,,
178615,2002,159109.0,1216.0,0.0,0.9171,0.8964,0.8871,0.8746,0.9094,o,1448.0,,6582.0,
178615,2003,166514.0,1227.0,0.0,0.8842,0.8818,0.8807,0.8791,0.9884,o,1317.0,,7137.0,178.0
178615,2004,156280.0,1114.0,0.0,0.8554,0.8485,0.8453,0.8411,0.9668,o,1480.0,,7887.0,204.0
178615,2005,160645.0,1215.0,0.0,0.9076,0.9026,0.9003,0.8972,0.9773,o,1444.0,,8824.0,223.0
178615,2006,160088.0,1149.0,0.0,0.8613,0.8625,0.863,0.8638,1.0058,o,1367.0,,9056.0,220.0
178615,2007,158348.0,1149.0,0.0,0.8707,0.8742,0.8758,0.878,1.0166,o,1405.0,111.0,9213.0,212.0
178615,2008,160944.0,1104.0,0.0,0.8231,0.8214,0.8206,0.8195,0.9911,o,1334.0,176.0,9412.0,211.0
178615,2009,159762.0,1217.0,0.0,0.9141,0.8999,0.8934,0.8847,0.9367,o,1342.0,154.0,9629.0,198.0
178615,2010,155125.0,1183.0,0.0,0.9151,0.9044,0.8995,0.8929,0.952,o,1417.0,184.0,9566.0,184.0
178615,2011,157863.0,1170.0,0.0,0.8894,0.8884,0.8879,0.8873,0.9953,o,1378.0,210.0,9342.0,192.0
178615,2012,157205.0,1188.0,0.0,0.9068,0.9113,0.9133,0.9161,1.0204,o,1271.0,184.0,9535.0,218.0
178615,2013,154691.0,1155.0,0.0,0.896,0.8938,0.8928,0.8914,0.9899,o,1329.0,150.0,9646.0,225.0
178615,2014,152146.0,1236.0,0.0,0.9749,0.9611,0.9548,0.9463,0.9424,o,1320.0,164.0,9701.0,223.0
178615,2015,149249.0,1223.0,0.0,0.9833,0.9707,0.965,0.9573,0.9478,o,1262.0,173.0,9627.0,219.0
178615,2016,155257.0,1140.0,0.0,0.8811,0.8757,0.8733,0.8699,0.9747,o,1263.0,153.0,9666.0,209.0
178615,2017,155256.0,1180.0,0.0,0.912,0.9057,0.9027,0.8988,0.9712,o,1328.0,164.0,9505.0,208.0
178615,2018,153612.0,1172.0,0.0,0.9156,0.9107,0.9085,0.9055,0.9781,o,1100.0,130.0,9541.0,198.0
178615,2019,141808.0,1135.0,0.0,0.9605,0.9464,0.94,0.9314,0.9404,o,898.0,105.0,9455.0,204.0
178615,2020,126416.0,1127.0,0.0,1.0698,1.0114,0.9856,0.9516,0.7913,o,727.0,82.0,9760.0,207.0
178615,2021,109341.0,1098.0,0.0,1.205,1.0774,1.0235,0.9543,0.6272,o,665.0,97.0,9687.0,203.0
178615,2022,95154.0,913.0,0.0,1.1514,1.0075,0.9477,0.8718,0.5733,o,699.0,63.0,9532.0,210.0
178615,2023,85194.0,800.0,0.0,1.1268,1.0282,0.9859,0.931,0.6827,o,645.0,63.0,9331.0,203.0
178615,2024,77789.0,687.0,0.0,1.0598,1.0126,0.9917,0.9638,0.8271,o,626.0,73.0,9470.0,191.0
178624,1998,147121.0,859.0,0.0,0.7006,0.6927,0.6891,0.6842,0.9537,o,,,,
178624,1999,144889.0,867.0,0.0,0.7181,0.6988,0.6901,0.6785,0.8928,o,,,,
178624,2000,154500.0,951.0,0.0,0.7386,0.7227,0.7155,0.7058,0.913,o,,,,
178624,2001,153352.0,977.0,0.0,0.7645,0.7644,0.7644,0.7644,0.9996,o,,,,
178624,2002,156045.0,976.0,0.0,0.7506,0.7658,0.7729,0.7827,1.0876,o,1198.0,,6236.0,
178624,2003,150764.0,961.0,0.0,0.7649,0.7743,0.7786,0.7845,1.0519,o,1229.0,,7494.0,233.0
178624,2004,149695.0,1039.0,37.0,0.8477,0.8442,0.8425,0.8403,0.9826,o,1228.0,,8035.0,260.0
178624,2005,143764.0,1029.0,34.0,0.8731,0.8687,0.8667,0.864,0.9793,o,1339.0,,8571.0,245.0
178624,2006,143764.0,934.0,47.0,0.7992,0.8081,0.8123,0.8179,1.0473,o,1272.0,288.0,8624.0,258.0
178624,2007,142147.0,849.0,36.0,0.7319,0.7449,0.7509,0.7592,1.0758,o,1534.0,290.0,8825.0,259.0
178624,2008,151690.0,854.0,37.0,0.6902,0.7126,0.7231,0.7376,1.142,o,1533.0,296.0,7599.0,255.0
178624,2009,158849.0,906.0,33.0,0.6969,0.7273,0.7417,0.7617,1.1948,o,1562.0,309.0,7957.0,252.0
178624,2010,166126.0,892.0,63.0,0.6671,0.6949,0.708,0.7263,1.1854,o,1462.0,293.0,8042.0,246.0
178624,2011,166270.0,963.0,73.0,0.7214,0.7344,0.7405,0.7489,1.0777,o,1595.0,357.0,7870.0,247.0
178624,2012,168994.0,1000.0,53.0,0.7289,0.7283,0.7281,0.7277,0.9967,o,1357.0,282.0,8092.0,260.0
178624,2013,161777.0,1010.0,61.0,0.7718,0.7631,0.7591,0.7538,0.9538,o,1321.0,236.0,8255.0,271.0
178624,2014,153331.0,1022.0,42.0,0.8163,0.7928,0.7823,0.7682,0.8856,o,1379.0,246.0,8413.0,277.0
178624,2015,151661.0,992.0,47.0,0.8035,0.7799,0.7693,0.7551,0.8832,o,1499.0,253.0,8518.0,276.0
178624,2016,153009.0,955.0,67.0,0.7752,0.7705,0.7684,0.7655,0.9749,o,1405.0,298.0,8773.0,285.0
178624,2017,152204.0,982.0,47.0,0.7928,0.8083,0.8156,0.8255,1.0844,o,1216.0,289.0,9361.0,299.0
178624,2018,150075.0,981.0,45.0,0.8024,0.7967,0.7941,0.7906,0.9707,o,1329.0,346.0,9543.0,308.0
178624,2019,151991.0,1000.0,0.0,0.7895,0.7666,0.7563,0.7424,0.8843,o,1335.0,317.0,9571.0,296.0
178624,2020,152294.0,1139.0,0.0,0.8975,0.8791,0.8708,0.8596,0.9174,o,1221.0,294.0,9902.0,293.0
178624,2021,147808.0,1099.0,0.0,0.8922,0.8869,0.8844,0.8811,0.9752,o,964.0,305.0,9921.0,282.0
178624,2022,139355.0,1118.0,0.0,0.9627,0.9281,0.9127,0.892,0.8585,o,1095.0,309.0,9711.0,262.0
178624,2023,137411.0,1074.0,0.0,0.9379,0.8817,0.8571,0.8246,0.7729,o,1035.0,313.0,9836.0,257.0
178624,2024,134678.0,1092.0,0.0,0.973,0.9313,0.9128,0.8882,0.8333,o,990.0,298.0,10181.0,252.0
178679,1998,16966.0,72.0,13.0,0.5552,0.5921,0.6,0.6203,1.2482,o,,,,
178679,1999,16546.0,82.0,11.0,0.6346,0.6444,0.6464,0.6515,1.0541,o,,,,
178679,2000,17301.0,64.0,12.0,0.4855,0.4969,0.4993,0.5053,1.0833,o,,,,
178679,2001,18894.0,72.0,13.0,0.4986,0.5273,0.5334,0.5491,1.2131,o,,,,
178679,2002,19163.0,74.0,11.0,0.4978,0.5193,0.5239,0.5354,1.1567,o,215.0,,8813.0,
178679,2003,20905.0,87.0,14.0,0.5396,0.5471,0.5486,0.5526,1.0487,o,196.0,,9748.0,224.0
178679,2004,22561.0,98.0,16.0,0.5638,0.5576,0.5563,0.5531,0.9625,o,201.0,,10308.0,253.0
178679,2005,22663.0,112.0,9.0,0.6169,0.6129,0.612,0.61,0.9778,o,212.0,,10781.0,260.0
178679,2006,21973.0,111.0,6.0,0.6226,0.6243,0.6247,0.6256,1.0098,o,153.0,41.0,11745.0,305.0
178679,2007,19194.0,121.0,8.0,0.7815,0.7551,0.7497,0.7365,0.8881,o,132.0,36.0,12670.0,321.0
178679,2008,17492.0,123.0,36.0,0.9673,0.8787,0.8614,0.8196,0.7179,o,143.0,27.0,12260.0,314.0
178679,2009,16787.0,92.0,26.0,0.7506,0.6671,0.651,0.6125,0.6659,o,142.0,45.0,12515.0,318.0
178679,2010,16891.0,91.0,30.0,0.7531,0.7009,0.6906,0.6654,0.7808,o,159.0,44.0,12894.0,337.0
178679,2011,17815.0,80.0,35.0,0.6567,0.6672,0.6694,0.6749,1.0561,o,153.0,41.0,13261.0,335.0
178679,2012,17814.0,73.0,36.0,0.613,0.6359,0.6407,0.6529,1.1345,o,183.0,44.0,13797.0,351.0
178679,2013,19356.0,84.0,45.0,0.6603,0.6925,0.6994,0.7169,1.1789,o,177.0,55.0,14117.0,350.0
178679,2014,19695.0,85.0,36.0,0.6276,0.661,0.6681,0.6863,1.196,o,144.0,42.0,14535.0,362.0
178679,2015,18348.0,101.0,47.0,0.8143,0.821,0.8224,0.8259,1.0288,o,141.0,39.0,14830.0,370.0
178679,2016,17058.0,105.0,39.0,0.8758,0.835,0.8268,0.8066,0.8482,o,116.0,35.0,15298.0,369.0
178679,2017,15360.0,116.0,34.0,1.0391,0.9423,0.9234,0.8779,0.7139,o,109.0,48.0,15476.0,373.0
178679,2018,14188.0,126.0,23.0,1.163,1.0491,1.027,0.9736,0.7009,o,134.0,49.0,15853.0,371.0
178679,2019,14910.0,111.0,20.0,0.9738,0.9298,0.921,0.8992,0.8526,o,183.0,42.0,15399.0,395.0
178679,2020,16810.0,113.0,30.0,0.9137,0.9711,0.9834,1.0148,1.2335,o,126.0,41.0,15890.0,403.0
178679,2021,15509.0,117.0,24.0,0.9981,1.0943,1.1153,1.1697,1.3733,o,116.0,41.0,15874.0,390.0
178679,2022,14463.0,115.0,23.0,1.0496,1.0483,1.0481,1.0474,0.9959,o,147.0,45.0,15644.0,376.0
178679,2023,15287.0,114.0,22.0,0.9812,0.9295,0.9191,0.8938,0.8297,o,146.0,42.0,15196.0,375.0
178679,2024,16165.0,128.0,25.0,1.043,1.027,1.0238,1.0156,0.9482,o,147.0,43.0,15550.0,349.0
178697,1998,45930.0,234.0,0.0,0.6114,0.5859,0.5807,0.5681,0.8634,o,,,,
178697,1999,42210.0,242.0,0.0,0.688,0.6817,0.6804,0.6772,0.969,o,,,,
178697,2000,43151.0,271.0,0.0,0.7536,0.765,0.7673,0.7733,1.0528,o,,,,
178697,2002,40601.0,285.0,0.0,0.8423,0.8336,0.8318,0.8273,0.9646,o,269.0,,260.0,
178697,2003,42808.0,254.0,0.0,0.712,0.7068,0.7057,0.703,0.9749,o,251.0,,340.0,90.0
178697,2004,42637.0,284.0,0.0,0.7993,0.7791,0.775,0.7648,0.9155,o,268.0,,18491.0,101.0
178697,2005,42681.0,251.0,0.0,0.7057,0.6857,0.6817,0.6716,0.9058,o,240.0,,21166.0,84.0
178697,2006,42476.0,266.0,0.0,0.7515,0.7367,0.7337,0.7262,0.9338,o,276.0,545.0,23652.0,57.0
178697,2007,42442.0,288.0,0.0,0.8143,0.8125,0.8121,0.8111,0.9923,o,283.0,54.0,23714.0,71.0
178697,2008,42503.0,291.0,0.0,0.8216,0.8395,0.8432,0.8527,1.0771,o,273.0,48.0,23677.0,85.0
178697,2009,43457.0,245.0,0.0,0.6765,0.6945,0.6983,0.7078,1.0945,o,244.0,32.0,24158.0,113.0
178697,2010,44492.0,297.0,0.0,0.801,0.8015,0.8016,0.8018,1.0019,o,271.0,32.0,24287.0,139.0
178697,2011,45320.0,320.0,0.0,0.8473,0.8274,0.8233,0.8133,0.9213,o,281.0,39.0,24164.0,98.0
178697,2012,45719.0,303.0,0.0,0.7953,0.7936,0.7933,0.7924,0.9928,o,244.0,45.0,24532.0,
178697,2013,45419.0,274.0,0.0,0.7239,0.7272,0.7278,0.7295,1.0155,o,355.0,49.0,24503.0,
178697,2014,48216.0,317.0,0.0,0.7889,0.8243,0.8318,0.8509,1.1631,o,255.0,33.0,24133.0,
178697,2015,46922.0,321.0,0.0,0.8209,0.8451,0.8502,0.863,1.1051,o,344.0,41.0,24190.0,
178697,2016,45863.0,293.0,0.0,0.7666,0.7965,0.8028,0.8189,1.141,o,385.0,36.0,24282.0,
178697,2017,49968.0,356.0,0.0,0.8549,0.9051,0.9158,0.9432,1.217,o,368.0,25.0,24132.0,96.0
178697,2018,49946.0,248.0,0.0,0.5958,0.6334,0.6414,0.662,1.2344,o,314.0,29.0,23841.0,101.0
178697,2019,52592.0,310.0,0.0,0.7073,0.7345,0.7402,0.7547,1.1386,o,255.0,25.0,23623.0,301.0
178697,2020,50283.0,355.0,0.0,0.8472,0.7885,0.7768,0.7485,0.7805,o,304.0,22.0,23630.0,177.0
178697,2021,49560.0,309.0,0.0,0.7482,0.6863,0.6741,0.6446,0.7424,o,293.0,29.0,23298.0,180.0
178697,2022,48198.0,351.0,0.0,0.8739,0.8408,0.8341,0.8176,0.8754,o,358.0,20.0,21897.0,165.0
178697,2023,48586.0,304.0,0.0,0.7508,0.7807,0.7871,0.8031,1.1441,o,256.0,14.0,21003.0,163.0
178697,2024,47882.0,332.0,0.0,0.832,0.855,0.8598,0.872,1.0984,o,284.0,23.0,21290.0,166.0
178721,1998,170814.0,1905.0,243.0,1.4237,1.6849,1.7447,1.9036,1.7879,o,,,,
178721,1999,174801.0,1789.0,177.0,1.2889,0.8628,0.794,0.6451,0.2505,o,,,,
178721,2000,189267.0,1908.0,183.0,1.2677,0.8645,0.7987,0.6552,0.2671,o,,,,
178721,2002,226261.0,2269.0,148.0,1.2426,1.3287,1.3472,1.3947,1.2597,o,159.0,,8342.0,
178721,2003,262088.0,2558.0,40.0,1.1804,1.229,1.2393,1.2655,1.1494,o,100.0,,8755.0,250.0
178721,2004,277818.0,2489.0,47.0,1.0852,1.045,1.0369,1.0169,0.878,o,127.0,,9287.0,260.0
178721,2005,285375.0,2496.0,53.0,1.0607,0.987,0.9724,0.9368,0.7801,o,142.0,,9735.0,268.0
178721,2006,291143.0,2561.0,57.0,1.0673,1.0341,1.0273,1.0107,0.8967,o,194.0,1865.0,9990.0,280.0
178721,2007,295276.0,2584.0,62.0,1.0627,1.1461,1.1641,1.2104,1.2973,o,175.0,2430.0,10248.0,289.0
178721,2008,282849.0,2554.0,63.0,1.0969,1.2629,1.3002,1.3985,1.6256,o,257.0,1942.0,10697.0,299.0
178721,2009,268780.0,2483.0,55.0,1.1208,1.2859,1.323,1.4204,1.6059,o,205.0,1500.0,11041.0,311.0
178721,2010,271715.0,2441.0,73.0,1.0942,1.2,1.2232,1.283,1.375,o,155.0,1427.0,11999.0,329.0
178721,2011,260256.0,2347.0,84.0,1.1015,1.0937,1.0921,1.088,0.9756,o,180.0,1428.0,12421.0,347.0
178721,2012,269743.0,2262.0,78.0,1.0236,0.9509,0.9365,0.9014,0.7755,o,212.0,1766.0,12640.0,349.0
178721,2013,258589.0,2213.0,101.0,1.0504,1.0015,0.9917,0.9676,0.8485,o,162.0,812.0,13085.0,358.0
178721,2014,231572.0,2131.0,79.0,1.1247,1.1373,1.1399,1.1464,1.0389,o,176.0,888.0,13956.0,363.0
178721,2015,216325.0,2071.0,413.0,1.2634,1.2666,1.2673,1.269,1.009,o,512.0,1424.0,14582.0,368.0
178721,2016,200569.0,2106.0,443.0,1.3925,1.6393,1.6956,1.8448,1.7551,o,528.0,1128.0,14870.0,389.0
178721,2017,193387.0,2162.0,389.0,1.4622,1.9671,2.0916,2.4384,2.7807,o,519.0,1524.0,15463.0,404.0
178721,2018,195818.0,1939.0,273.0,1.2719,1.7654,1.8893,2.2385,3.0976,o,290.0,877.0,13427.0,398.0
178721,2019,195538.0,1773.0,261.0,1.1682,1.2244,1.2363,1.2667,1.1759,o,447.0,1621.0,14120.0,386.0
178721,2020,192996.0,1747.0,174.0,1.1403,1.0319,1.0108,0.96,0.7087,o,401.0,525.0,13450.0,401.0
178721,2021,169431.0,1693.0,207.0,1.2724,1.1969,1.1819,1.1451,0.8099,o,321.0,706.0,13924.0,404.0
178721,2022,146388.0,1567.0,156.0,1.3485,1.3047,1.2958,1.2739,0.8925,o,336.0,768.0,13472.0,387.0
178721,2023,127376.0,1403.0,124.0,1.3802,1.3349,1.3258,1.3031,0.8915,o,183.0,830.0,13116.0,393.0
178721,2024,114734.0,1215.0,134.0,1.3408,1.1629,1.1291,1.049,0.612,o,413.0,497.0,16400.0,433.0
178767,1998,5488.0,0.0,48.0,0.5248,0.5248,0.5248,0.5248,,-,,,,
178767,1999,5331.0,0.0,54.0,0.6077,0.6077,0.6077,0.6077,,-,,,,
178767,2001,4382.0,0.0,49.0,0.6709,0.6709,0.6709,0.6709,,-,,,,
178767,2003,7181.0,0.0,45.0,0.376,0.376,0.376,0.376,,-,22.0,,15281.0,359.0
178767,2004,9992.0,0.0,71.0,0.4263,0.4263,0.4263,0.4263,,-,25.0,,19884.0,287.0
178767,2005,7547.0,0.0,90.0,0.7155,0.7155,0.7155,0.7155,,-,30.0,,19299.0,363.0
178767,2006,7867.0,0.0,66.0,0.5034,0.5034,0.5034,0.5034,,-,16.0,,20878.0,317.0
178767,2007,7833.0,0.0,83.0,0.6357,0.6357,0.6357,0.6357,,-,17.0,23.0,20265.0,310.0
178767,2008,7287.0,0.0,62.0,0.5105,0.5105,0.5105,0.5105,,-,11.0,44.0,19609.0,286.0
178767,2009,7407.0,18.0,17.0,0.4293,0.4293,0.4293,0.4293,,-,17.0,39.0,21755.0,355.0
178767,2010,7773.0,39.0,45.0,0.9494,0.9494,0.9494,0.9494,,-,11.0,24.0,21614.0,361.0
178767,2011,8033.0,34.0,45.0,0.844,0.844,0.844,0.844,,-,10.0,33.0,22614.0,352.0
178767,2012,8483.0,40.0,28.0,0.7639,0.7639,0.7639,0.7639,,-,7.0,33.0,22042.0,341.0
178767,2013,6657.0,17.0,27.0,0.5498,0.5498,0.5498,0.5498,,-,5.0,40.0,21656.0,378.0
178767,2014,5793.0,26.0,32.0,0.87,0.87,0.87,0.87,,-,5.0,23.0,23225.0,434.0
178767,2015,6330.0,25.0,28.0,0.7393,0.7393,0.7393,0.7393,,-,9.0,22.0,23028.0,358.0
178767,2016,4620.0,29.0,26.0,1.0909,1.0909,1.0909,1.0909,,-,5.0,36.0,17152.0,441.0
178767,2017,3990.0,22.0,17.0,0.9173,0.9173,0.9173,0.9173,,-,5.0,8.0,18242.0,561.0
178767,2018,3630.0,34.0,24.0,1.5207,1.5207,1.5207,1.5207,,-,11.0,20.0,15853.0,540.0
178767,2019,3840.0,31.0,17.0,1.2344,1.2344,1.2344,1.2344,,-,9.0,30.0,15814.0,464.0
178767,2020,3392.0,17.0,10.0,0.7783,0.7783,0.7783,0.7783,,-,1.0,8.0,14766.0,566.0
178767,2021,3014.0,20.0,12.0,1.0352,1.0352,1.0352,1.0352,,-,5.0,7.0,14339.0,580.0
178767,2022,2883.0,13.0,14.0,0.8326,0.8326,0.8326,0.8326,,-,4.0,6.0,15007.0,509.0
178767,2023,3452.0,16.0,21.0,0.9212,0.9212,0.9212,0.9212,,-,5.0,2.0,13424.0,428.0
178767,2024,3990.0,19.0,19.0,0.8571,0.8571,0.8571,0.8571,,-,4.0,5.0,12968.0,393.0
178785,1998,91972.0,0.0,418.0,0.2727,0.2742,0.278,0.2797,1.0805,o,,,,
178785,1999,96283.0,0.0,444.0,0.2767,0.2773,0.2788,0.2794,1.0306,o,,,,
178785,2001,64427.0,0.0,362.0,0.3371,0.3455,0.3681,0.3786,1.4215,o,,,,
178785,2002,79899.0,0.0,341.0,0.2561,0.2564,0.2572,0.2575,1.0174,o,529.0,,2858.0,
178785,2003,86366.0,0.0,399.0,0.2772,0.2736,0.2647,0.2608,0.8311,o,502.0,,3365.0,
178785,2004,94256.0,0.0,432.0,0.275,0.273,0.2679,0.2657,0.9013,o,506.0,,3483.0,
178785,2005,89004.0,0.0,432.0,0.2912,0.2908,0.2899,0.2894,0.9816,o,785.0,,3573.0,
178785,2006,91292.0,0.0,412.0,0.2708,0.2793,0.3025,0.3134,1.5575,o,763.0,399.0,3552.0,
178785,2007,90101.0,0.0,446.0,0.297,0.3005,0.3097,0.3139,1.182,o,695.0,579.0,3539.0,
178785,2008,88351.0,0.0,389.0,0.2642,0.2622,0.2572,0.255,0.8979,o,757.0,143.0,3512.0,
178785,2009,90959.0,0.0,387.0,0.2553,0.256,0.2577,0.2585,1.0384,o,921.0,330.0,3539.0,
178785,2010,101414.0,0.0,396.0,0.2343,0.2382,0.2486,0.2534,1.2686,o,886.0,641.0,3517.0,
178785,2011,106302.0,0.0,439.0,0.2478,0.2487,0.2512,0.2523,1.056,o,1048.0,690.0,3434.0,
178891,1998,38970.0,0.0,287.0,0.4419,0.3622,0.3475,0.3136,0.5035,o,,,,
178891,1999,32580.0,0.0,278.0,0.512,0.4256,0.4097,0.3723,0.5289,o,,,,
178891,2000,40423.0,0.0,327.0,0.4854,0.4895,0.4903,0.4925,1.0295,o,,,,
178891,2002,37600.0,0.0,238.0,0.3798,0.4538,0.4708,0.5162,1.8477,o,728.0,,13910.0,
178891,2004,47306.0,7.0,287.0,0.3818,0.4064,0.4117,0.4252,1.2403,o,819.0,,14925.0,333.0
178891,2005,47884.0,8.0,304.0,0.401,0.4331,0.4401,0.458,1.3047,o,675.0,,15291.0,334.0
178891,2006,47415.0,16.0,282.0,0.3973,0.4089,0.4114,0.4175,1.1042,o,571.0,,15581.0,347.0
178891,2007,48750.0,11.0,316.0,0.416,0.3961,0.3921,0.3822,0.8442,o,728.0,,16031.0,350.0
178891,2008,44733.0,32.0,335.0,0.5352,0.5068,0.5012,0.4873,0.829,o,644.0,,16594.0,427.0
178891,2009,47875.0,36.0,368.0,0.5514,0.538,0.5352,0.5284,0.9183,o,770.0,,17122.0,428.0
178891,2010,51107.0,20.0,372.0,0.4837,0.5018,0.5056,0.5153,1.1348,o,893.0,,17852.0,457.0
178891,2011,64144.0,27.0,378.0,0.4041,0.4341,0.4406,0.4572,1.2802,o,826.0,,18287.0,430.0
178891,2012,64619.0,30.0,378.0,0.4067,0.4342,0.4401,0.4552,1.2529,o,745.0,,18747.0,443.0
178891,2013,64027.0,28.0,386.0,0.4142,0.427,0.4297,0.4366,1.111,o,777.0,,18894.0,445.0
178891,2014,63887.0,54.0,426.0,0.5015,0.4888,0.4862,0.4798,0.9152,o,652.0,,19034.0,463.0
178891,2015,56091.0,43.0,424.0,0.5455,0.5171,0.5114,0.4974,0.8313,o,492.0,279.0,18873.0,457.0
178891,2016,56511.0,30.0,396.0,0.4842,0.4416,0.4333,0.4132,0.7282,o,448.0,198.0,18743.0,465.0
178891,2017,45690.0,31.0,476.0,0.7065,0.6144,0.5968,0.5552,0.6176,o,466.0,189.0,18430.0,537.0
178891,2018,51109.0,28.0,425.0,0.5647,0.496,0.4829,0.4516,0.6396,o,545.0,211.0,18017.0,468.0
178891,2019,54975.0,55.0,410.0,0.5675,0.5475,0.5435,0.5335,0.8837,o,564.0,194.0,17641.0,451.0
178891,2020,57245.0,21.0,396.0,0.4591,0.4816,0.4864,0.4986,1.1798,o,621.0,156.0,17896.0,461.0
178891,2021,61344.0,20.0,372.0,0.403,0.4345,0.4413,0.4588,1.2965,o,596.0,242.0,18614.0,416.0
178891,2022,61466.0,29.0,403.0,0.45,0.4749,0.4802,0.4937,1.2038,o,550.0,193.0,17837.0,425.0
178891,2023,57946.0,14.0,439.0,0.4836,0.4882,0.4891,0.4916,1.0334,o,721.0,88.0,17556.0,400.0
178891,2024,59285.0,24.0,390.0,0.4433,0.4524,0.4543,0.4591,1.0726,o,840.0,37.0,17490.0,410.0
178989,2002,5755.0,43.0,0.0,0.8966,0.8966,0.8966,0.8966,,-,18.0,,26763.0,
178989,2003,6108.0,37.0,0.0,0.7269,0.7269,0.7269,0.7269,,-,35.0,,27156.0,537.0
178989,2004,6329.0,31.0,0.0,0.5878,0.5878,0.5878,0.5878,,-,35.0,,28109.0,790.0
178989,2005,10105.0,20.0,0.0,0.2375,0.2375,0.2375,0.2375,,-,50.0,,28892.0,325.0
178989,2006,9131.0,33.0,0.0,0.4337,0.4337,0.4337,0.4337,,-,60.0,,29448.0,457.0
178989,2007,10384.0,47.0,0.0,0.5431,0.5431,0.5431,0.5431,,-,60.0,,31835.0,467.0
178989,2008,7205.0,46.0,0.0,0.7661,0.7661,0.7661,0.7661,,-,58.0,,33247.0,665.0
178989,2009,7578.0,55.0,0.0,0.8709,0.8709,0.8709,0.8709,,-,72.0,,35481.0,696.0
178989,2010,8258.0,117.0,0.0,1.7002,1.7002,1.7002,1.7002,,-,71.0,,36952.0,704.0
178989,2012,9275.0,130.0,0.0,1.6819,1.6819,1.6819,1.6819,,-,,,38941.0,642.0
178989,2013,12248.0,98.0,0.0,0.9602,0.9602,0.9602,0.9602,,-,,,,505.0
178989,2014,7576.0,118.0,0.0,1.8691,1.8691,1.8691,1.8691,,-,,,,849.0
178989,2015,7142.0,114.0,0.0,1.9154,1.9154,1.9154,1.9154,,-,,,,928.0
178989,2016,6625.0,107.0,0.0,1.9381,1.9381,1.9381,1.9381,,-,,,,890.0
178989,2017,6418.0,94.0,0.0,1.7576,1.7576,1.7576,1.7576,,-,,,,909.0
178989,2018,5413.0,109.0,0.0,2.4164,2.4164,2.4164,2.4164,,-,,,,1134.0
178989,2019,7825.0,120.0,0.0,1.8403,1.8403,1.8403,1.8403,,-,,,,949.0
178989,2020,8784.0,117.0,0.0,1.5984,1.5984,1.5984,1.5984,,-,,,,961.0
178989,2021,10415.0,166.0,0.0,1.9126,1.9126,1.9126,1.9126,,-,,,,1005.0
178989,2022,11389.0,169.0,0.0,1.7807,1.7807,1.7807,1.7807,,-,,,,781.0
178989,2023,11188.0,145.0,0.0,1.5552,1.5552,1.5552,1.5552,,-,,,,579.0
178989,2024,9099.0,170.0,0.0,2.242,2.242,2.242,2.242,,-,,,,672.0
179043,1998,48740.0,437.0,0.0,1.0759,1.0598,1.0564,1.0482,0.9492,o,,,,
179043,1999,47107.0,392.0,0.0,0.9986,0.9742,0.9693,0.957,0.9184,o,,,,
179043,2000,46409.0,354.0,0.0,0.9153,0.889,0.8836,0.8703,0.9041,o,,,,
179043,2001,43038.0,364.0,0.0,1.0149,0.9651,0.9552,0.9306,0.8408,o,,,,
179043,2002,45604.0,361.0,0.0,0.9499,0.9323,0.9287,0.9198,0.9375,o,214.0,,26226.0,
179043,2003,43346.0,339.0,0.0,0.9385,0.8989,0.8909,0.8713,0.862,o,245.0,,27156.0,503.0
179043,2004,44101.0,382.0,0.0,1.0394,0.9708,0.9571,0.9239,0.79,o,306.0,,28491.0,496.0
179043,2005,45053.0,372.0,0.0,0.9908,0.9811,0.9791,0.9742,0.9667,o,371.0,,29874.0,475.0
179043,2006,48010.0,368.0,0.0,0.9198,0.9974,1.0143,1.0577,1.3223,o,396.0,96.0,30445.0,455.0
179043,2007,51201.0,346.0,0.0,0.8109,0.9411,0.9706,1.0483,1.671,o,369.0,108.0,31669.0,564.0
179043,2008,52198.0,403.0,0.0,0.9265,1.019,1.0392,1.0917,1.3884,o,358.0,75.0,33130.0,560.0
179043,2009,50671.0,474.0,0.0,1.1225,1.146,1.1509,1.1632,1.0739,o,419.0,64.0,35539.0,596.0
179043,2010,49712.0,423.0,0.0,1.0211,1.0249,1.0257,1.0277,1.013,o,370.0,74.0,36938.0,618.0
179043,2011,48280.0,430.0,0.0,1.0688,1.0784,1.0804,1.0854,1.0314,o,326.0,107.0,38165.0,633.0
179043,2012,47356.0,437.0,0.0,1.1074,1.0935,1.0906,1.0835,0.9574,o,447.0,83.0,38995.0,664.0
179043,2013,51606.0,427.0,0.0,0.9929,0.9914,0.9911,0.9903,0.9949,o,438.0,80.0,39890.0,652.0
179043,2014,53313.0,456.0,0.0,1.0264,1.0611,1.0685,1.087,1.1217,o,399.0,61.0,41196.0,642.0
179043,2015,52749.0,381.0,0.0,0.8667,0.9144,0.9246,0.9505,1.2026,o,320.0,56.0,42904.0,636.0
179043,2016,48224.0,512.0,0.0,1.2741,1.2476,1.2422,1.2287,0.9301,o,403.0,64.0,45103.0,701.0
179043,2017,47658.0,444.0,0.0,1.118,1.0543,1.0416,1.0105,0.8169,o,430.0,118.0,45472.0,677.0
179043,2018,48967.0,449.0,0.0,1.1003,1.0988,1.0985,1.0977,0.9952,o,402.0,113.0,45601.0,675.0
179043,2019,50100.0,412.0,0.0,0.9868,1.0295,1.0386,1.0615,1.1572,o,394.0,62.0,45868.0,685.0
179043,2020,62655.0,619.0,30.0,1.2143,1.2486,1.2558,1.2741,1.101,o,442.0,182.0,46587.0,535.0
179043,2021,63899.0,594.0,52.0,1.1643,1.1656,1.1658,1.1664,1.0036,o,408.0,132.0,46433.0,632.0
179043,2022,62221.0,563.0,29.0,1.1138,1.1207,1.1221,1.1258,1.0216,o,287.0,182.0,44408.0,570.0
179043,2023,56437.0,453.0,22.0,0.9866,0.9485,0.9408,0.9219,0.8731,o,340.0,180.0,43167.0,545.0
179043,2024,56666.0,472.0,0.0,0.9995,0.9195,0.9038,0.8656,0.75,o,293.0,200.0,43420.0,542.0
179052,1998,9720.0,0.0,0.0,0.0,0.0,0.0,0.0,,-,,,,
179052,1999,8970.0,0.0,0.0,0.0,0.0,0.0,0.0,,-,,,,
179070,1998,14666.0,0.0,55.0,0.225,0.2544,0.261,0.2781,1.5279,o,,,,
179070,1999,30208.0,0.0,90.0,0.1788,0.2409,0.2562,0.2989,2.7955,o,,,,
179070,2001,14760.0,0.0,80.0,0.3252,0.4521,0.484,0.5738,3.1137,o,,,,
179070,2007,13800.0,20.0,90.0,0.5652,0.566,0.5662,0.5666,1.005,o,132.0,,13688.0,557.0
179070,2009,18336.0,12.0,35.0,0.1931,0.1978,0.1988,0.2014,1.0877,o,89.0,1.0,15073.0,515.0
179070,2010,15311.0,0.0,25.0,0.098,0.0987,0.0988,0.0992,1.025,o,59.0,,16313.0,746.0
179070,2011,13124.0,9.0,77.0,0.4343,0.3722,0.3605,0.3328,0.5873,o,34.0,47.0,17740.0,720.0
179070,2012,13316.0,4.0,60.0,0.3064,0.2305,0.2174,0.1876,0.375,o,23.0,35.0,17413.0,505.0
179070,2013,10369.0,7.0,41.0,0.3183,0.2196,0.2033,0.1678,0.278,o,29.0,47.0,17806.0,494.0
179070,2014,9986.0,9.0,22.0,0.2403,0.1775,0.1667,0.1425,0.3514,o,18.0,42.0,16850.0,476.0
179070,2015,8206.0,2.0,29.0,0.2413,0.198,0.19,0.1715,0.5054,o,21.0,18.0,17624.0,231.0
179070,2016,1998.0,1.0,18.0,0.6006,0.538,0.5259,0.4968,0.6842,o,1.0,,14002.0,1020.0
179098,1998,576.0,0.0,0.0,0.0,0.0,0.0,0.0,,-,,,,
179113,1998,224197.0,0.0,795.0,0.2128,0.2138,0.2166,0.2179,1.0744,o,,,,
179113,1999,229432.0,0.0,720.0,0.1883,0.1898,0.1936,0.1953,1.1166,o,,,,
179113,2000,237394.0,0.0,822.0,0.2078,0.2098,0.2153,0.2177,1.1528,o,,,,
179113,2001,356273.0,0.0,817.0,0.1376,0.1374,0.1369,0.1367,0.9799,o,,,,
179113,2002,249764.0,0.0,749.0,0.1799,0.1815,0.1854,0.1872,1.1284,o,1237.0,,2183.0,
179113,2003,251616.0,0.0,798.0,0.1903,0.1917,0.1955,0.1972,1.1149,o,1453.0,,2855.0,
179113,2004,256544.0,0.0,888.0,0.2077,0.2103,0.2171,0.2203,1.1949,o,1619.0,,2985.0,
179113,2005,253733.0,0.0,912.0,0.2157,0.2185,0.2259,0.2293,1.2037,o,1452.0,,3477.0,
179113,2006,242615.0,0.0,872.0,0.2157,0.2148,0.2126,0.2117,0.9453,o,1441.0,,3646.0,
179113,2007,233718.0,0.0,893.0,0.2293,0.2282,0.2256,0.2245,0.9385,o,1227.0,678.0,3539.0,
179113,2008,217542.0,0.0,970.0,0.2675,0.2645,0.2568,0.2534,0.8483,o,1551.0,697.0,3556.0,
179113,2009,218231.0,0.0,882.0,0.2425,0.2451,0.2518,0.2549,1.1627,o,1771.0,785.0,3583.0,
179113,2010,244449.0,0.0,901.0,0.2212,0.2249,0.235,0.2396,1.275,o,1840.0,746.0,3559.0,
179159,1998,171589.0,1360.0,12.0,0.9553,0.9782,0.983,0.9951,1.0851,o,,,,
179159,1999,175208.0,1326.0,9.0,0.9113,0.9703,0.983,1.0155,1.2418,o,,,,
179159,2000,207344.0,1392.0,4.0,0.8068,0.8747,0.8895,0.9274,1.3215,o,,,,
179159,2001,218494.0,1376.0,1.0,0.756,0.8111,0.8231,0.8536,1.2748,o,,,,
179159,2002,210929.0,1431.0,3.0,0.815,0.8456,0.8521,0.8686,1.1359,o,1411.0,,34073.0,
179159,2003,210312.0,1560.0,0.0,0.8901,0.9083,0.9121,0.9217,1.0722,o,1382.0,,35415.0,954.0
179159,2004,227572.0,1614.0,1.0,0.8513,0.8615,0.8636,0.8689,1.0418,o,1456.0,,36567.0,915.0
179159,2005,220866.0,1512.0,0.0,0.8215,0.8297,0.8314,0.8358,1.035,o,1529.0,,37600.0,1002.0
179159,2006,211616.0,1504.0,0.0,0.8529,0.8738,0.8781,0.8892,1.087,o,1571.0,572.0,38578.0,1042.0
179159,2007,226852.0,1562.0,0.0,0.8263,0.8516,0.857,0.8705,1.1099,o,1611.0,444.0,39699.0,1048.0
179159,2008,242227.0,1538.0,0.0,0.7619,0.7876,0.7931,0.8068,1.1212,o,1630.0,543.0,42258.0,1084.0
179159,2009,241019.0,1617.0,0.0,0.8051,0.8245,0.8286,0.8389,1.0858,o,1724.0,552.0,44212.0,1127.0
179159,2010,242358.0,1627.0,0.0,0.8056,0.8242,0.8281,0.8379,1.0819,o,1726.0,677.0,44803.0,918.0
179159,2011,266200.0,1625.0,0.0,0.7325,0.7499,0.7536,0.7628,1.0842,o,1756.0,636.0,45586.0,873.0
179159,2012,275239.0,1629.0,0.0,0.7102,0.7251,0.7283,0.7362,1.0744,o,1671.0,654.0,46242.0,857.0
179159,2013,278786.0,1786.0,0.0,0.7688,0.7736,0.7746,0.7771,1.0218,o,1638.0,519.0,47130.0,860.0
179159,2014,272927.0,1850.0,0.0,0.8134,0.8036,0.8016,0.7966,0.9591,o,1639.0,487.0,48353.0,864.0
179159,2015,263992.0,1991.0,0.0,0.905,0.8892,0.886,0.878,0.9411,o,1625.0,437.0,49563.0,881.0
179159,2016,256623.0,1855.0,20.0,0.8721,0.8599,0.8573,0.8511,0.9524,o,1559.0,359.0,50854.0,891.0
179159,2017,255032.0,1723.0,1.0,0.811,0.802,0.8001,0.7955,0.9622,o,1633.0,332.0,51917.0,879.0
179159,2018,243008.0,1695.0,0.0,0.837,0.8307,0.8293,0.8261,0.9741,o,1517.0,306.0,52550.0,892.0
179159,2019,229361.0,1684.0,2.0,0.8816,0.8725,0.8707,0.866,0.9651,o,1902.0,299.0,53547.0,900.0
179159,2020,224835.0,1614.0,0.0,0.8614,0.8794,0.8832,0.8927,1.0738,o,1542.0,403.0,54597.0,891.0
179159,2021,234636.0,1650.0,20.0,0.849,0.8679,0.8719,0.8819,1.0789,o,1794.0,435.0,55005.0,860.0
179159,2022,235807.0,1514.0,2.0,0.771,0.7839,0.7866,0.7934,1.059,o,1665.0,503.0,53562.0,791.0
179159,2023,237088.0,1765.0,0.0,0.8933,0.8964,0.897,0.8986,1.0117,o,1775.0,505.0,52424.0,728.0
179159,2024,233644.0,1503.0,0.0,0.7719,0.7717,0.7716,0.7715,0.9988,o,1615.0,557.0,53244.0,719.0
179201,1998,85080.0,0.0,528.0,0.3724,0.3724,0.3724,0.3724,,-,,,,
179201,1999,22830.0,0.0,312.0,0.82,0.82,0.82,0.82,,-,,,,
179201,2004,22000.0,0.0,184.0,0.5018,0.5018,0.5018,0.5018,,-,120.0,,17081.0,306.0
179201,2005,30597.0,43.0,204.0,0.5687,0.5687,0.5687,0.5687,,-,132.0,,24607.0,509.0
179201,2006,28507.0,40.0,227.0,0.6462,0.6462,0.6462,0.6462,,-,132.0,65.0,25007.0,565.0
179201,2007,29033.0,59.0,175.0,0.6055,0.6055,0.6055,0.6055,,-,110.0,181.0,24273.0,526.0
179201,2008,30277.0,34.0,227.0,0.5846,0.5846,0.5846,0.5846,,-,71.0,80.0,23486.0,487.0
179201,2009,33951.0,38.0,197.0,0.4825,0.4825,0.4825,0.4825,,-,112.0,146.0,23716.0,457.0
179201,2010,47270.0,36.0,179.0,0.3186,0.3186,0.3186,0.3186,,-,192.0,51.0,23497.0,438.0
179201,2011,57457.0,51.0,328.0,0.449,0.449,0.449,0.449,,-,126.0,53.0,14867.0,443.0
179201,2012,37287.0,55.0,271.0,0.6131,0.6131,0.6131,0.6131,,-,59.0,40.0,16100.0,668.0
179256,1998,4154.0,19.0,6.0,0.6355,0.6505,0.6536,0.6615,1.0833,o,,,,
179256,1999,4276.0,17.0,5.0,0.5472,0.5555,0.5573,0.5616,1.0533,o,,,,
179256,2000,4533.0,21.0,7.0,0.6486,0.6579,0.6599,0.6648,1.0506,o,,,,
179256,2001,4103.0,26.0,10.0,0.9067,0.8402,0.8271,0.7952,0.7692,o,,,,
179256,2002,4911.0,27.0,3.0,0.6964,0.6335,0.6212,0.5915,0.7215,o,29.0,,10088.0,
179256,2003,4788.0,29.0,4.0,0.7769,0.7205,0.7094,0.6822,0.7711,o,53.0,,10713.0,341.0
179256,2004,4633.0,26.0,13.0,0.8418,0.9216,0.939,0.9841,1.3667,o,29.0,,10796.0,344.0
179256,2005,4576.0,33.0,7.0,0.9572,1.0636,1.0871,1.148,1.4386,o,43.0,,11589.0,366.0
179256,2007,8150.0,25.0,16.0,0.4859,0.5578,0.574,0.6165,1.6098,o,54.0,36.0,13294.0,152.0
179256,2008,7805.0,29.0,17.0,0.5766,0.6775,0.7004,0.7614,1.7439,o,59.0,28.0,13316.0,132.0
179256,2009,8427.0,52.0,20.0,0.8829,1.0062,1.0337,1.106,1.5694,o,56.0,69.0,14604.0,143.0
179256,2010,8700.0,46.0,27.0,0.8207,0.7885,0.782,0.766,0.8712,o,76.0,42.0,16654.0,167.0
179256,2011,8327.0,39.0,28.0,0.7638,0.7463,0.7427,0.7338,0.9231,o,38.0,34.0,19822.0,187.0
179256,2012,7150.0,51.0,29.0,1.0993,1.1021,1.1027,1.1042,1.0088,o,26.0,29.0,22015.0,221.0
179256,2013,6057.0,35.0,9.0,0.7826,0.6603,0.6374,0.5838,0.5565,o,21.0,23.0,20988.0,220.0
179256,2014,5566.0,32.0,11.0,0.8085,0.5993,0.5633,0.4824,0.3561,o,14.0,10.0,10816.0,339.0
179256,2015,4233.0,27.0,8.0,0.8788,0.624,0.5813,0.4869,0.307,o,17.0,12.0,11939.0,397.0
179256,2016,3675.0,43.0,5.0,1.4857,1.204,1.1528,1.034,0.4844,o,14.0,13.0,13062.0,412.0
179256,2017,2621.0,21.0,7.0,1.1217,0.9942,0.9697,0.911,0.6596,o,3.0,16.0,14329.0,439.0
179256,2018,2092.0,26.0,6.0,1.6635,1.3492,1.292,1.1593,0.4857,o,7.0,22.0,14469.0,343.0
179256,2019,1894.0,10.0,5.0,0.792,0.5704,0.533,0.4498,0.3226,o,12.0,16.0,14106.0,310.0
179256,2020,2208.0,15.0,5.0,0.9511,0.8252,0.8013,0.7446,0.6129,o,7.0,17.0,16443.0,270.0
179256,2021,1885.0,18.0,6.0,1.3369,1.3807,1.3899,1.4133,1.1176,o,2.0,12.0,15501.0,238.0
179265,1998,25393.0,138.0,0.0,0.6521,0.6114,0.6033,0.5835,0.8007,o,,,,
179265,1999,24273.0,133.0,0.0,0.6575,0.5802,0.5654,0.53,0.6497,o,,,,
179265,2000,26360.0,128.0,0.0,0.5827,0.541,0.5327,0.5127,0.7741,o,,,,
179265,2001,25937.0,162.0,0.0,0.7495,0.7897,0.7983,0.8202,1.1974,o,,,,
179265,2002,26111.0,142.0,0.0,0.6526,0.6049,0.5955,0.5725,0.7696,o,147.0,,,
179265,2014,21504.0,0.0,0.0,0.0,0.0,0.0,0.0,1.0292,o,195.0,63.0,34334.0,1066.0
179265,2015,21245.0,0.0,0.0,0.0,0.0,0.0,0.0,0.9074,o,188.0,72.0,35081.0,1088.0
179265,2016,14240.0,0.0,0.0,0.0,0.0,0.0,0.0,0.7675,o,120.0,58.0,36102.0,1049.0
179265,2017,16797.0,31.0,0.0,0.2215,0.1932,0.1878,0.1751,0.6247,o,106.0,45.0,36484.0,1122.0
179265,2018,13811.0,214.0,0.0,1.8594,1.5317,1.4715,1.3311,0.5125,o,107.0,28.0,36704.0,1196.0
179265,2019,11759.0,161.0,0.0,1.643,1.3859,1.338,1.2253,0.5561,o,90.0,25.0,36583.0,1226.0
179265,2020,9990.0,125.0,0.0,1.5015,1.319,1.2841,1.2008,0.6396,o,94.0,16.0,35573.0,1279.0
179265,2021,9102.0,103.0,0.0,1.3579,1.2793,1.2637,1.2253,0.8142,o,77.0,14.0,35189.0,1223.0
179265,2022,8218.0,81.0,0.0,1.1828,1.1098,1.0953,1.0598,0.8028,o,106.0,19.0,33688.0,1138.0
179265,2023,7550.0,70.0,0.0,1.1126,1.0891,1.0842,1.0723,0.9289,o,117.0,20.0,32380.0,1094.0
179265,2024,7835.0,69.0,0.0,1.0568,1.1174,1.1303,1.1634,1.212,o,165.0,20.0,31920.0,1026.0
179292,1998,120627.0,0.0,579.0,0.288,0.2904,0.2966,0.2994,1.1252,o,,,,
179292,1999,119529.0,0.0,514.0,0.258,0.2588,0.2608,0.2617,1.0434,o,,,,
179292,2000,121379.0,0.0,443.0,0.219,0.219,0.219,0.219,1.0,o,,,,
179292,2001,180562.0,0.0,478.0,0.1588,0.1577,0.1549,0.1537,0.9047,o,,,,
179292,2002,135228.0,0.0,380.0,0.1686,0.1707,0.1762,0.1786,1.1917,o,1124.0,,2183.0,
179292,2003,139613.0,0.0,466.0,0.2003,0.2034,0.2115,0.2153,1.2447,o,1156.0,,2855.0,
179292,2004,138842.0,0.0,455.0,0.1966,0.1978,0.2007,0.2021,1.0865,o,1056.0,,2985.0,
179292,2005,133725.0,0.0,487.0,0.2185,0.2173,0.2144,0.2131,0.9263,o,1160.0,,3477.0,
179292,2006,129963.0,0.0,519.0,0.2396,0.2404,0.2425,0.2434,1.0488,o,1004.0,,3646.0,
179292,2007,127157.0,0.0,454.0,0.2142,0.2128,0.209,0.2074,0.9061,o,1037.0,507.0,3539.0,
179292,2008,128271.0,0.0,490.0,0.2292,0.2285,0.2268,0.226,0.9584,o,1173.0,573.0,3556.0,
179292,2009,131099.0,0.0,418.0,0.1913,0.1932,0.1981,0.2003,1.1494,o,1417.0,655.0,3583.0,
179292,2010,146679.0,0.0,522.0,0.2135,0.2173,0.2272,0.2318,1.2824,o,1475.0,673.0,3559.0,
179308,1998,101664.0,0.0,458.0,0.2703,0.2682,0.2629,0.2605,0.8944,o,,,,
179308,1999,104638.0,0.0,423.0,0.2426,0.2421,0.2411,0.2407,0.9765,o,,,,
179308,2000,111807.0,0.0,403.0,0.2163,0.2204,0.2313,0.2363,1.308,o,,,,
179308,2001,176799.0,0.0,426.0,0.1446,0.1482,0.1579,0.1624,1.4225,o,,,,
179308,2002,131793.0,0.0,379.0,0.1725,0.1751,0.1817,0.1848,1.2308,o,1328.0,,2183.0,
179308,2003,144254.0,0.0,386.0,0.1606,0.1624,0.1673,0.1695,1.1778,o,1116.0,,2855.0,
179308,2004,148572.0,0.0,505.0,0.2039,0.2023,0.1981,0.1962,0.8896,o,1186.0,,2985.0,
179308,2005,144847.0,0.0,521.0,0.2158,0.2154,0.2142,0.2137,0.9705,o,1203.0,,3477.0,
179308,2006,145116.0,0.0,499.0,0.2063,0.207,0.2086,0.2093,1.0452,o,1169.0,,3646.0,
179308,2007,146616.0,0.0,547.0,0.2239,0.2235,0.2226,0.2223,0.9787,o,1056.0,675.0,3539.0,
179308,2008,143969.0,0.0,498.0,0.2075,0.2059,0.2016,0.1997,0.8904,o,1177.0,661.0,3556.0,
179308,2009,143207.0,0.0,538.0,0.2254,0.2263,0.2286,0.2296,1.058,o,1537.0,827.0,3583.0,
179308,2010,168565.0,0.0,588.0,0.2093,0.214,0.2267,0.2326,1.3766,o,1488.0,760.0,3559.0,
179308,2011,627020.0,0.0,1975.0,0.189,0.1902,0.1934,0.1948,1.0965,o,5074.0,2634.0,3476.0,79.0
179308,2012,616582.0,0.0,2113.0,0.2056,0.2238,0.2783,0.3066,3.3547,o,4263.0,2359.0,3592.0,77.0
179308,2013,540584.0,0.0,2011.0,0.2232,0.2273,0.2383,0.2433,1.2993,o,4007.0,1933.0,3569.0,69.0
179308,2014,495354.0,0.0,2092.0,0.2534,0.2507,0.2439,0.2409,0.8583,o,3563.0,1782.0,3871.0,74.0
179308,2015,439525.0,0.0,2067.0,0.2822,0.2792,0.2719,0.2686,0.8617,o,3052.0,1610.0,3956.0,78.0
179308,2016,394298.0,0.0,2171.0,0.3304,0.3254,0.3131,0.3077,0.8063,o,3320.0,1131.0,4006.0,81.0
179308,2017,371352.0,0.0,1945.0,0.3143,0.3143,0.3146,0.3146,1.0038,o,3494.0,1209.0,4054.0,84.0
179308,2018,363480.0,0.0,1948.0,0.3216,0.3236,0.3291,0.3315,1.0967,o,3158.0,1303.0,4094.0,84.0
179308,2019,347437.0,0.0,2026.0,0.3499,0.348,0.3433,0.3412,0.9269,o,2964.0,1253.0,4045.0,80.0
179308,2020,332489.0,0.0,1978.0,0.3569,0.3541,0.3468,0.3436,0.8912,o,2510.0,867.0,4093.0,77.0
179308,2021,299881.0,0.0,2102.0,0.4206,0.4148,0.4002,0.3939,0.82,o,2370.0,1052.0,4079.0,78.0
179308,2022,281969.0,0.0,1981.0,0.4215,0.4173,0.4066,0.402,0.8659,o,2378.0,938.0,4196.0,77.0
179308,2023,279895.0,0.0,1899.0,0.4071,0.4063,0.4045,0.4036,0.9746,o,2390.0,840.0,3789.0,72.0
179308,2024,287564.0,0.0,1838.0,0.3835,0.3837,0.3841,0.3843,1.0067,o,2404.0,1051.0,3660.0,69.0
179326,1998,105504.0,380.0,45.0,0.4578,0.4402,0.4366,0.4278,0.8733,o,,,,
179326,1999,66508.0,381.0,57.0,0.7389,0.7059,0.6993,0.683,0.8545,o,,,,
179326,2000,66570.0,377.0,104.0,0.7733,0.752,0.7477,0.7369,0.9081,o,,,,
179326,2001,65778.0,393.0,80.0,0.7899,0.7913,0.7916,0.7923,1.0059,o,,,,
179326,2002,64800.0,375.0,72.0,0.7611,0.7564,0.7554,0.7529,0.9786,o,466.0,,17887.0,
179326,2003,64992.0,347.0,96.0,0.7293,0.7195,0.7175,0.7125,0.9543,o,457.0,,18577.0,304.0
179326,2004,65516.0,390.0,98.0,0.8041,0.7813,0.7767,0.7653,0.9058,o,420.0,,19222.0,311.0
179326,2005,65730.0,345.0,111.0,0.7312,0.7026,0.6969,0.6827,0.8718,o,398.0,,18993.0,304.0
179326,2006,64288.0,385.0,131.0,0.8409,0.7977,0.7891,0.7679,0.8338,o,508.0,171.0,19398.0,302.0
179326,2007,65789.0,338.0,130.0,0.7351,0.7311,0.7303,0.7283,0.9816,o,410.0,110.0,20114.0,312.0
179326,2008,65884.0,367.0,137.0,0.7932,0.8038,0.806,0.8115,1.0468,o,452.0,96.0,21877.0,316.0
179326,2009,68337.0,312.0,179.0,0.705,0.7158,0.7181,0.7237,1.0538,o,459.0,87.0,22595.0,325.0
179326,2010,71292.0,386.0,170.0,0.7928,0.7941,0.7943,0.795,1.0055,o,437.0,110.0,23630.0,341.0
179326,2011,64808.0,372.0,175.0,0.8508,0.8449,0.8436,0.8406,0.976,o,514.0,243.0,24122.0,371.0
179326,2012,69021.0,370.0,169.0,0.7902,0.813,0.8178,0.83,1.1032,o,560.0,277.0,24763.0,376.0
179326,2013,69551.0,358.0,150.0,0.7471,0.7836,0.7914,0.8112,1.1789,o,482.0,317.0,25600.0,389.0
179326,2014,68205.0,371.0,179.0,0.8102,0.8465,0.8542,0.8737,1.1629,o,483.0,273.0,26384.0,394.0
179326,2015,66728.0,365.0,198.0,0.8344,0.838,0.8387,0.8406,1.0147,o,459.0,295.0,27206.0,395.0
179326,2016,72428.0,412.0,202.0,0.8499,0.8182,0.8118,0.796,0.8771,o,457.0,273.0,28402.0,348.0
179326,2017,64509.0,363.0,166.0,0.8297,0.7992,0.7931,0.7779,0.8791,o,474.0,207.0,28693.0,417.0
179326,2018,62138.0,338.0,207.0,0.8526,0.8438,0.842,0.8375,0.9648,o,453.0,214.0,29110.0,452.0
179326,2019,60062.0,351.0,170.0,0.8711,0.8671,0.8662,0.8641,0.9841,o,458.0,241.0,29380.0,473.0
179326,2020,59571.0,309.0,171.0,0.7947,0.7934,0.7932,0.7925,0.9945,o,356.0,199.0,29541.0,456.0
179326,2021,56337.0,355.0,166.0,0.933,0.8973,0.8901,0.8724,0.8743,o,298.0,140.0,29774.0,473.0
179326,2022,49109.0,329.0,156.0,0.9945,0.8988,0.8802,0.8353,0.7055,o,279.0,178.0,28663.0,455.0
179326,2023,41995.0,293.0,136.0,1.0316,0.9036,0.8792,0.821,0.6334,o,266.0,111.0,27988.0,439.0
179326,2024,36801.0,254.0,136.0,1.05,0.9347,0.9124,0.8591,0.6695,o,281.0,162.0,28320.0,464.0
179344,1998,23627.0,0.0,137.0,0.3479,0.3479,0.3479,0.3479,1.0,o,,,,
179344,1999,23856.0,0.0,146.0,0.3672,0.3709,0.3806,0.3849,1.1537,o,,,,
179344,2000,24723.0,0.0,143.0,0.347,0.349,0.354,0.3563,1.0829,o,,,,
179344,2001,28141.0,0.0,176.0,0.3753,0.3788,0.3882,0.3925,1.1455,o,,,,
179344,2003,33938.0,0.0,270.0,0.4773,0.4791,0.4837,0.4857,1.0541,o,439.0,,4554.0,76.0
179344,2004,34305.0,0.0,255.0,0.446,0.4482,0.4538,0.4564,1.072,o,395.0,,4826.0,74.0
179344,2005,31495.0,0.0,224.0,0.4267,0.4246,0.4192,0.4169,0.9316,o,391.0,,4684.0,81.0
179344,2006,29950.0,0.0,220.0,0.4407,0.4388,0.4337,0.4315,0.9376,o,343.0,65.0,4867.0,81.0
179344,2007,29776.0,0.0,210.0,0.4232,0.4191,0.409,0.4046,0.8728,o,423.0,81.0,4951.0,80.0
179344,2008,34333.0,0.0,248.0,0.4334,0.4377,0.4491,0.4542,1.1526,o,443.0,87.0,4791.0,65.0
179344,2009,36728.0,0.0,230.0,0.3757,0.3796,0.3897,0.3942,1.1567,o,490.0,127.0,4711.0,55.0
179344,2010,39664.0,0.0,268.0,0.4054,0.4089,0.4181,0.4223,1.1316,o,596.0,113.0,4723.0,45.0
179344,2011,47586.0,0.0,301.0,0.3795,0.3861,0.4035,0.4115,1.2776,o,585.0,141.0,4738.0,
179344,2012,44185.0,0.0,277.0,0.3761,0.3781,0.3832,0.3855,1.0773,o,561.0,93.0,4768.0,32.0
179344,2013,44531.0,0.0,256.0,0.3449,0.3437,0.3405,0.3391,0.95,o,667.0,226.0,4845.0,36.0
179344,2014,41463.0,0.0,306.0,0.4428,0.4475,0.4599,0.4656,1.164,o,549.0,131.0,5293.0,35.0
179344,2015,36803.0,0.0,293.0,0.4777,0.474,0.4645,0.4604,0.8941,o,455.0,76.0,4856.0,52.0
179344,2016,37132.0,0.0,293.0,0.4734,0.4639,0.4403,0.4303,0.7484,o,497.0,88.0,5030.0,66.0
179344,2017,36600.0,0.0,272.0,0.4459,0.4456,0.4448,0.4444,0.99,o,418.0,66.0,4946.0,62.0
179344,2018,34303.0,0.0,275.0,0.481,0.4767,0.4656,0.4608,0.8782,o,422.0,80.0,5272.0,75.0
179344,2019,34116.0,0.0,244.0,0.4291,0.4267,0.4205,0.4178,0.9224,o,344.0,74.0,5253.0,41.0
179344,2020,33580.0,0.0,279.0,0.4985,0.4916,0.4742,0.4667,0.819,o,331.0,63.0,5409.0,80.0
179344,2021,32133.0,0.0,248.0,0.4631,0.4584,0.4465,0.4413,0.8642,o,308.0,51.0,5393.0,41.0
179344,2022,30801.0,0.0,258.0,0.5026,0.4994,0.4912,0.4876,0.9126,o,329.0,53.0,5266.0,48.0
179344,2023,29166.0,0.0,260.0,0.5349,0.536,0.5388,0.5401,1.0297,o,336.0,45.0,5124.0,48.0
179344,2024,30035.0,0.0,227.0,0.4535,0.4552,0.4596,0.4615,1.0549,o,395.0,82.0,5544.0,52.0
179450,1998,3030.0,46.0,0.0,1.8218,1.8218,1.8218,1.8218,,n,,,,
179450,1999,3330.0,51.0,0.0,1.8378,1.8378,1.8378,1.8378,,n,,,,
179450,2002,2940.0,45.0,0.0,1.8367,1.8367,1.8367,1.8367,,n,,,,
179450,2003,2500.0,56.0,0.0,2.688,2.688,2.688,2.688,,n,,,,578.0
179450,2004,2971.0,42.0,0.0,1.6964,1.6964,1.6964,1.6964,,n,,,,460.0
179450,2005,2852.0,40.0,0.0,1.683,1.683,1.683,1.683,,n,,,,497.0
179450,2006,3181.0,51.0,0.0,1.9239,1.9239,1.9239,1.9239,,n,,55.0,,411.0
179450,2007,3011.0,52.0,0.0,2.0724,2.0724,2.0724,2.0724,,n,,57.0,,474.0
179450,2008,2945.0,47.0,0.0,1.9151,1.9151,1.9151,1.9151,,n,,54.0,,507.0
179450,2009,3479.0,56.0,0.0,1.9316,1.9316,1.9316,1.9316,,n,,61.0,,455.0
179450,2010,3656.0,62.0,0.0,2.035,2.035,2.035,2.035,,n,,75.0,,433.0
179450,2011,3731.0,61.0,0.0,1.9619,1.9619,1.9619,1.9619,,n,,62.0,,506.0
179450,2012,5041.0,61.0,0.0,1.4521,1.4521,1.4521,1.4521,,n,,97.0,,404.0
179450,2013,8569.0,63.0,0.0,0.8822,0.8822,0.8822,0.8822,,n,,95.0,,492.0
179450,2014,11469.0,173.0,0.0,1.8101,1.8101,1.8101,1.8101,,n,,92.0,,505.0
179450,2015,11410.0,184.0,0.0,1.9351,1.9351,1.9351,1.9351,,n,,147.0,,648.0
179450,2016,13033.0,222.0,0.0,2.044,2.044,2.044,2.044,,n,,152.0,,602.0
179450,2017,12665.0,212.0,0.0,2.0087,2.0087,2.0087,2.0087,,n,,119.0,,599.0
179450,2018,13931.0,233.0,0.0,2.007,2.007,2.007,2.007,,n,8.0,145.0,,531.0
179450,2019,14277.0,217.0,14.0,1.8827,1.8827,1.8827,1.8827,,n,8.0,132.0,,593.0
179539,1998,78600.0,0.0,253.0,0.1931,0.1949,0.1994,0.2015,1.1373,o,,,,
179539,1999,53049.0,0.0,253.0,0.2862,0.2855,0.2839,0.2831,0.9685,o,,,,
179539,2000,62330.0,0.0,299.0,0.2878,0.2919,0.3026,0.3075,1.2214,o,,,,
179539,2001,69297.0,0.0,335.0,0.2901,0.3004,0.3286,0.342,1.6477,o,,,,
179539,2002,76509.0,0.0,310.0,0.2431,0.245,0.2498,0.2519,1.114,o,793.0,,2546.0,
179539,2003,76138.0,0.0,407.0,0.3207,0.3173,0.3087,0.305,0.8582,o,883.0,,2957.0,90.0
179539,2004,76934.0,0.0,412.0,0.3213,0.3223,0.325,0.3262,1.0468,o,725.0,,3284.0,91.0
179539,2005,68113.0,0.0,418.0,0.3682,0.3645,0.3551,0.351,0.8652,o,733.0,,3380.0,92.0
179539,2006,67099.0,0.0,406.0,0.363,0.3607,0.3548,0.3521,0.9117,o,866.0,130.0,3272.0,91.0
179539,2007,68703.0,0.0,399.0,0.3485,0.3527,0.3638,0.3688,1.1879,o,858.0,196.0,3312.0,133.0
179539,2008,74446.0,0.0,488.0,0.3933,0.3953,0.4003,0.4026,1.0732,o,823.0,165.0,3512.0,96.0
179539,2009,79129.0,0.0,418.0,0.317,0.3159,0.3133,0.3121,0.9548,o,1160.0,220.0,3539.0,99.0
179539,2010,100639.0,0.0,481.0,0.2868,0.2933,0.3108,0.3189,1.3801,o,1186.0,271.0,3517.0,78.0
179539,2011,109807.0,0.0,544.0,0.2972,0.301,0.3109,0.3153,1.1962,o,1215.0,234.0,3434.0,71.0
179539,2012,111361.0,0.0,673.0,0.3626,0.3635,0.3658,0.3668,1.0358,o,1140.0,244.0,3674.0,76.0
179539,2013,107429.0,0.0,669.0,0.3736,0.3723,0.3688,0.3673,0.9496,o,1257.0,356.0,3810.0,81.0
179539,2014,106785.0,0.0,655.0,0.368,0.3697,0.3741,0.3761,1.0675,o,1128.0,327.0,3871.0,79.0
179539,2015,100561.0,0.0,676.0,0.4033,0.4016,0.3973,0.3953,0.9412,o,1061.0,354.0,3070.0,89.0
179539,2016,95451.0,0.0,735.0,0.462,0.4583,0.4487,0.4445,0.8897,o,1257.0,341.0,3423.0,109.0
179539,2017,96376.0,0.0,687.0,0.4277,0.4319,0.4428,0.4477,1.1485,o,1088.0,280.0,3365.0,121.0
179539,2018,91012.0,0.0,766.0,0.505,0.5028,0.4971,0.4946,0.9387,o,1107.0,302.0,3589.0,129.0
179539,2019,89141.0,0.0,709.0,0.4772,0.4753,0.4704,0.4683,0.9441,o,1025.0,251.0,3661.0,136.0
179539,2020,84190.0,0.0,660.0,0.4704,0.4681,0.4624,0.4599,0.9339,o,882.0,192.0,3894.0,154.0
179539,2021,75259.0,0.0,679.0,0.5413,0.5342,0.5163,0.5085,0.8274,o,928.0,188.0,3838.0,156.0
179539,2022,72358.0,0.0,608.0,0.5042,0.5032,0.5008,0.4997,0.9733,o,806.0,191.0,3607.0,156.0
179539,2023,71003.0,0.0,599.0,0.5062,0.5021,0.4917,0.4872,0.8906,o,918.0,174.0,3751.0,159.0
179539,2024,74023.0,0.0,691.0,0.5601,0.5623,0.5682,0.5708,1.0588,o,913.0,224.0,4104.0,164.0
179548,1998,19950.0,152.0,6.0,0.9323,0.8212,0.7999,0.7491,0.6456,o,,,,
179548,1999,14413.0,134.0,7.0,1.1448,0.9614,0.9273,0.8472,0.5477,o,,,,
179548,2000,15403.0,127.0,6.0,1.0128,0.9199,0.9018,0.858,0.7176,o,,,,
179548,2001,17682.0,114.0,12.0,0.8144,0.8271,0.8298,0.8364,1.0549,o,,,,
179548,2002,15288.0,107.0,9.0,0.8752,0.9493,0.9654,1.0068,1.3234,o,122.0,,28140.0,
179548,2003,15142.0,122.0,10.0,1.0065,1.0171,1.0193,1.0249,1.0369,o,139.0,,28405.0,400.0
179548,2004,16266.0,109.0,1.0,0.8078,0.8008,0.7993,0.7957,0.9703,o,157.0,,28789.0,394.0
179548,2005,18069.0,106.0,1.0,0.7073,0.7296,0.7342,0.7461,1.1128,o,203.0,,29343.0,402.0
179548,2006,22587.0,114.0,1.0,0.6083,0.6738,0.6882,0.7256,1.4229,o,225.0,53.0,30071.0,388.0
179548,2007,24387.0,139.0,1.0,0.6864,0.7923,0.8162,0.879,1.6398,o,225.0,67.0,31003.0,424.0
179548,2008,26189.0,140.0,1.0,0.6438,0.7269,0.7454,0.7938,1.5203,o,223.0,55.0,31798.0,440.0
179548,2009,28317.0,188.0,1.0,0.7988,0.8511,0.8624,0.8911,1.2444,o,231.0,61.0,33093.0,441.0
179548,2010,27704.0,216.0,0.0,0.9356,0.9517,0.9551,0.9636,1.0607,o,177.0,42.0,34522.0,481.0
179548,2011,26577.0,199.0,0.0,0.8985,0.8734,0.8682,0.8556,0.9067,o,162.0,70.0,35457.0,458.0
179548,2012,25391.0,192.0,2.0,0.9121,0.8413,0.8273,0.7935,0.7567,o,140.0,60.0,36220.0,454.0
179548,2013,21626.0,162.0,0.0,0.8989,0.7987,0.7794,0.7332,0.6652,o,168.0,56.0,36641.0,530.0
179548,2014,18417.0,135.0,0.0,0.8796,0.8107,0.7972,0.7643,0.7549,o,185.0,74.0,36804.0,534.0
179548,2015,19478.0,140.0,0.0,0.8625,0.8727,0.8748,0.8801,1.0413,o,191.0,68.0,37219.0,496.0
179548,2016,20569.0,126.0,0.0,0.7351,0.7833,0.7937,0.8202,1.245,o,160.0,70.0,37825.0,495.0
179548,2017,21020.0,142.0,0.0,0.8107,0.842,0.8486,0.8654,1.1396,o,129.0,44.0,37930.0,492.0
179548,2018,18547.0,174.0,0.0,1.1258,1.0623,1.0497,1.0186,0.8187,o,118.0,39.0,37817.0,578.0
179548,2019,14394.0,150.0,2.0,1.2589,1.1144,1.0867,1.0203,0.6569,o,111.0,63.0,37765.0,597.0
179548,2020,12716.0,106.0,1.0,1.005,0.888,0.8655,0.8118,0.6524,o,75.0,67.0,27284.0,543.0
179548,2021,12635.0,113.0,1.0,1.078,0.9486,0.9239,0.8648,0.6436,o,102.0,41.0,27296.0,491.0
179548,2022,11092.0,92.0,1.0,1.0007,0.9085,0.8906,0.8471,0.7166,o,80.0,59.0,26954.0,556.0
179548,2023,11578.0,95.0,0.0,0.9846,0.9212,0.9086,0.8778,0.7948,o,74.0,27.0,26485.0,445.0
179548,2024,10963.0,116.0,0.0,1.2697,1.2021,1.1885,1.1553,0.828,o,119.0,59.0,28200.0,490.0
179557,1998,188164.0,1258.0,38.0,0.8144,0.8146,0.8146,0.8147,1.0008,o,,,,
179557,1999,189690.0,1257.0,56.0,0.8129,0.8066,0.8037,0.7998,0.9681,o,,,,
179557,2000,191785.0,1270.0,17.0,0.8,0.8098,0.8143,0.8205,1.052,o,,,,
179557,2001,195750.0,1180.0,19.0,0.7292,0.7649,0.7819,0.8056,1.2205,o,,,,
179557,2002,203333.0,1273.0,6.0,0.7531,0.7899,0.8074,0.8319,1.2202,o,1566.0,,6106.0,
179557,2003,212850.0,1293.0,10.0,0.7318,0.7495,0.7578,0.7692,1.1048,o,1495.0,,6857.0,246.0
179557,2004,216537.0,1402.0,23.0,0.7833,0.784,0.7843,0.7847,1.0036,o,1500.0,,7587.0,273.0
179557,2005,214159.0,1481.0,27.0,0.8374,0.8275,0.823,0.8169,0.9517,o,1679.0,,7847.0,273.0
179557,2006,226369.0,1545.0,7.0,0.8209,0.8213,0.8215,0.8218,1.0022,o,1512.0,633.0,8016.0,273.0
179557,2007,224668.0,1391.0,17.0,0.7475,0.755,0.7585,0.7632,1.0425,o,1801.0,548.0,8325.0,281.0
179557,2008,228564.0,1469.0,10.0,0.7739,0.7928,0.8017,0.8139,1.1062,o,1825.0,577.0,8670.0,292.0
179557,2009,233250.0,1510.0,15.0,0.7807,0.8058,0.8175,0.8338,1.1406,o,1804.0,611.0,9000.0,301.0
179557,2010,240943.0,1445.0,12.0,0.7227,0.7453,0.7559,0.7707,1.1373,o,1928.0,713.0,8941.0,300.0
179557,2011,258196.0,1470.0,6.0,0.6846,0.7044,0.7137,0.7266,1.1265,o,1899.0,719.0,8732.0,312.0
179557,2012,266868.0,1606.0,9.0,0.7242,0.7336,0.738,0.744,1.0554,o,1883.0,660.0,8919.0,318.0
179557,2013,268288.0,1623.0,24.0,0.7313,0.7386,0.742,0.7466,1.0422,o,1725.0,659.0,9023.0,327.0
179557,2014,268541.0,1718.0,28.0,0.774,0.7677,0.7649,0.761,0.9668,o,1849.0,628.0,9036.0,327.0
179557,2015,274408.0,1657.0,25.0,0.7301,0.7182,0.7128,0.7055,0.9339,o,1703.0,676.0,9214.0,332.0
179557,2016,266308.0,1697.0,14.0,0.7678,0.7564,0.7512,0.7441,0.9392,o,1858.0,588.0,9062.0,309.0
179557,2017,262562.0,1641.0,21.0,0.7548,0.7524,0.7513,0.7499,0.987,o,1803.0,582.0,8911.0,254.0
179557,2018,259566.0,1711.0,42.0,0.8007,0.8054,0.8075,0.8104,1.0243,o,1573.0,549.0,8954.0,244.0
179557,2019,245138.0,1669.0,31.0,0.8246,0.8146,0.8101,0.8039,0.9504,o,1508.0,564.0,9051.0,248.0
179557,2020,235963.0,1823.0,9.0,0.9294,0.8976,0.8835,0.8645,0.8652,o,1490.0,525.0,9375.0,258.0
179557,2021,222381.0,1781.0,15.0,0.9651,0.9199,0.8999,0.8734,0.8189,o,1487.0,511.0,9376.0,241.0
179557,2022,211545.0,1586.0,11.0,0.9028,0.8759,0.8639,0.8478,0.8818,o,1447.0,506.0,9561.0,244.0
179557,2023,205116.0,1586.0,13.0,0.9317,0.9208,0.9159,0.9092,0.9523,o,1287.0,403.0,9332.0,228.0
179557,2024,196270.0,1579.0,20.0,0.9715,0.9503,0.9407,0.9278,0.9119,o,1381.0,432.0,9496.0,229.0
179566,1998,366374.0,2169.0,0.0,0.7104,0.6977,0.6919,0.6841,0.9273,o,,,,
179566,1999,367841.0,2079.0,0.0,0.6782,0.6844,0.6872,0.6911,1.0382,o,,,,
179566,2000,392007.0,2117.0,0.0,0.648,0.6594,0.6646,0.6719,1.0749,o,,,,
179566,2001,396678.0,2225.0,0.0,0.6731,0.6694,0.6677,0.6655,0.9775,o,,,,
179566,2002,402299.0,2495.0,0.0,0.7442,0.7276,0.7201,0.71,0.9102,o,2761.0,,6492.0,
179566,2003,408441.0,2567.0,0.0,0.7542,0.7482,0.7455,0.7418,0.9673,o,2695.0,,7263.0,180.0
179566,2004,415279.0,2411.0,0.0,0.6967,0.7031,0.7061,0.7102,1.039,o,2709.0,,7688.0,194.0
179566,2005,419681.0,2546.0,0.0,0.728,0.7365,0.7405,0.7459,1.0497,o,2621.0,,8254.0,207.0
179566,2006,407847.0,2685.0,0.0,0.79,0.79,0.7899,0.7899,0.9998,o,2773.0,,8498.0,222.0
179566,2007,424298.0,2807.0,0.0,0.7939,0.7917,0.7907,0.7894,0.9886,o,2649.0,640.0,8678.0,243.0
179566,2008,425787.0,2795.0,0.0,0.7877,0.7883,0.7886,0.789,1.0033,o,2568.0,1199.0,8762.0,239.0
179566,2009,423467.0,3015.0,0.0,0.8544,0.85,0.848,0.8453,0.9788,o,2655.0,1431.0,9001.0,246.0
179566,2010,426547.0,3050.0,0.0,0.8581,0.8514,0.8484,0.8443,0.9683,o,2677.0,1603.0,8972.0,275.0
179566,2011,424689.0,3007.0,0.0,0.8497,0.8463,0.8447,0.8426,0.9834,o,2599.0,1643.0,8761.0,269.0
179566,2012,426498.0,3073.0,0.0,0.8646,0.867,0.868,0.8695,1.0113,o,2566.0,1575.0,8977.0,273.0
179566,2013,427161.0,2995.0,0.0,0.8414,0.8391,0.8381,0.8367,0.9889,o,2751.0,1699.0,9079.0,278.0
179566,2014,437020.0,2890.0,0.0,0.7936,0.793,0.7928,0.7924,0.9972,o,2870.0,1707.0,9095.0,283.0
179566,2015,389460.0,3029.0,0.0,0.9333,0.9476,0.9542,0.9633,1.0654,o,3244.0,1606.0,9149.0,328.0
179566,2016,461720.0,2976.0,0.0,0.7735,0.8054,0.8205,0.8415,1.1837,o,3194.0,1763.0,9153.0,293.0
179566,2017,482687.0,3203.0,0.0,0.7963,0.8337,0.8514,0.8762,1.2108,o,3237.0,1599.0,9000.0,284.0
179566,2018,485791.0,3340.0,0.0,0.825,0.8521,0.8649,0.8825,1.1441,o,3063.0,1528.0,9105.0,289.0
179566,2019,471860.0,3607.0,0.0,0.9173,0.9239,0.927,0.9312,1.0304,o,2679.0,1422.0,9000.0,292.0
179566,2020,449335.0,3565.0,0.0,0.9521,0.9263,0.9147,0.8991,0.8919,o,2649.0,1384.0,9120.0,289.0
179566,2021,427326.0,3493.0,0.0,0.9809,0.9376,0.9184,0.8928,0.8285,o,2562.0,1308.0,9265.0,291.0
179566,2022,397843.0,3304.0,0.0,0.9966,0.9522,0.9325,0.9064,0.8271,o,2332.0,1289.0,9099.0,283.0
179566,2023,383184.0,3093.0,0.0,0.9686,0.9322,0.9159,0.8942,0.8523,o,2841.0,1263.0,8906.0,274.0
179566,2024,392138.0,3186.0,0.0,0.975,0.9681,0.9649,0.9607,0.9709,o,2689.0,1278.0,9024.0,264.0
179645,1998,54752.0,0.0,347.0,0.3803,0.3826,0.3887,0.3915,1.092,o,,,,
179645,1999,44721.0,0.0,304.0,0.4079,0.4159,0.4374,0.4474,1.3232,o,,,,
179645,2000,52047.0,0.0,316.0,0.3643,0.362,0.3561,0.3535,0.9127,o,,,,
179645,2001,53944.0,0.0,321.0,0.357,0.3567,0.3559,0.3555,0.9874,o,,,,
179645,2002,58596.0,0.0,371.0,0.3799,0.3884,0.411,0.4215,1.3698,o,478.0,,2068.0,
179645,2003,59094.0,0.0,341.0,0.3462,0.3453,0.343,0.3419,0.9627,o,689.0,,2396.0,142.0
179645,2004,67216.0,0.0,322.0,0.2874,0.2931,0.3083,0.3153,1.3237,o,753.0,,2497.0,141.0
179645,2005,68619.0,0.0,394.0,0.3445,0.3507,0.3672,0.3748,1.2905,o,619.0,,3361.0,146.0
179645,2006,64372.0,0.0,333.0,0.3104,0.3071,0.2988,0.2951,0.8585,o,658.0,,3786.0,137.0
179645,2007,67691.0,0.0,364.0,0.3226,0.3217,0.3193,0.3182,0.9592,o,691.0,110.0,3784.0,139.0
179645,2008,72674.0,0.0,379.0,0.3129,0.3146,0.3191,0.3212,1.0822,o,633.0,116.0,4083.0,50.0
179645,2009,72745.0,0.0,444.0,0.3662,0.3646,0.3604,0.3586,0.9385,o,895.0,129.0,4170.0,39.0
179645,2010,84022.0,0.0,351.0,0.2506,0.256,0.2703,0.2769,1.352,o,849.0,167.0,4143.0,
179645,2011,89415.0,0.0,426.0,0.2859,0.288,0.2935,0.296,1.1113,o,1031.0,132.0,4045.0,
179645,2012,96378.0,0.0,422.0,0.2627,0.2658,0.274,0.2776,1.1823,o,1017.0,138.0,4359.0,
179645,2013,100806.0,0.0,480.0,0.2857,0.2873,0.2914,0.2932,1.0819,o,949.0,103.0,4476.0,22.0
179645,2014,96364.0,0.0,467.0,0.2908,0.2892,0.2853,0.2836,0.9268,o,952.0,114.0,4408.0,
179645,2015,91185.0,0.0,490.0,0.3224,0.3217,0.3198,0.319,0.9685,o,805.0,107.0,4371.0,
179645,2016,83993.0,0.0,505.0,0.3607,0.3566,0.3461,0.3415,0.8469,o,902.0,100.0,5321.0,35.0
179645,2017,75004.0,0.0,492.0,0.3936,0.3943,0.3962,0.397,1.0268,o,818.0,73.0,4513.0,42.0
179645,2018,70224.0,0.0,485.0,0.4144,0.4132,0.41,0.4086,0.9584,o,711.0,132.0,4748.0,32.0
179645,2019,65386.0,0.0,449.0,0.412,0.4066,0.3929,0.3869,0.8267,o,690.0,112.0,4832.0,29.0
179645,2020,64088.0,0.0,513.0,0.4803,0.4768,0.4681,0.4643,0.9026,o,689.0,104.0,4940.0,68.0
179645,2021,61215.0,0.0,477.0,0.4675,0.467,0.4656,0.465,0.9836,o,634.0,96.0,4972.0,57.0
179645,2022,56893.0,0.0,424.0,0.4472,0.4445,0.4379,0.4349,0.9195,o,579.0,85.0,5134.0,52.0
179645,2023,57749.0,0.0,441.0,0.4582,0.4539,0.4432,0.4385,0.8753,o,564.0,96.0,4938.0,41.0
179645,2024,56970.0,0.0,474.0,0.4992,0.4967,0.4902,0.4874,0.9299,o,567.0,90.0,4860.0,40.0
179715,1998,25866.0,0.0,165.0,0.3827,0.3916,0.4153,0.4263,1.386,o,,,,
179715,1999,27059.0,0.0,205.0,0.4546,0.4539,0.4523,0.4516,0.9805,o,,,,
179715,2000,26849.0,0.0,207.0,0.4626,0.4651,0.4715,0.4744,1.0793,o,,,,
179715,2001,28231.0,0.0,210.0,0.4463,0.4499,0.4594,0.4636,1.1223,o,,,,
179715,2002,28580.0,0.0,217.0,0.4556,0.4554,0.455,0.4549,0.9954,o,332.0,,2754.0,
179715,2003,30496.0,0.0,236.0,0.4643,0.4645,0.4648,0.465,1.0045,o,335.0,,3008.0,143.0
179715,2004,31489.0,0.0,237.0,0.4516,0.4522,0.4536,0.4543,1.0182,o,401.0,,3184.0,150.0
179715,2005,30914.0,0.0,229.0,0.4445,0.4502,0.4654,0.4723,1.2024,o,282.0,,3235.0,149.0
179715,2006,29987.0,0.0,213.0,0.4262,0.4183,0.3987,0.3903,0.7663,o,309.0,,3319.0,166.0
179715,2007,33840.0,0.0,247.0,0.4379,0.4349,0.4271,0.4237,0.9048,o,339.0,58.0,3357.0,167.0
179715,2008,33662.0,0.0,224.0,0.3993,0.4031,0.4132,0.4178,1.1472,o,342.0,99.0,3556.0,176.0
179715,2009,34822.0,0.0,217.0,0.3739,0.3753,0.379,0.3806,1.0556,o,395.0,151.0,3669.0,188.0
179715,2010,39598.0,0.0,194.0,0.294,0.297,0.3051,0.3087,1.1601,o,389.0,66.0,3645.0,176.0
179715,2011,41045.0,0.0,248.0,0.3625,0.3639,0.3675,0.3691,1.0556,o,446.0,91.0,3560.0,191.0
179715,2012,36220.0,0.0,222.0,0.3678,0.3711,0.3798,0.3838,1.1378,o,364.0,67.0,3674.0,206.0
179715,2013,38053.0,0.0,252.0,0.3973,0.3935,0.3839,0.3798,0.8719,o,411.0,68.0,3730.0,62.0
179715,2014,36678.0,0.0,313.0,0.512,0.5126,0.5139,0.5145,1.0148,o,360.0,85.0,3713.0,64.0
179715,2015,36116.0,0.0,302.0,0.5017,0.4991,0.4926,0.4897,0.929,o,413.0,66.0,3760.0,67.0
179715,2016,35147.0,0.0,283.0,0.4831,0.4854,0.4915,0.4942,1.0713,o,378.0,69.0,4123.0,62.0
179715,2017,37547.0,0.0,290.0,0.4634,0.4627,0.4608,0.46,0.978,o,423.0,99.0,4054.0,74.0
179715,2018,38071.0,0.0,324.0,0.5106,0.513,0.5193,0.5221,1.0695,o,446.0,119.0,4374.0,98.0
179715,2019,39482.0,0.0,314.0,0.4772,0.4808,0.4902,0.4944,1.1136,o,376.0,84.0,4393.0,97.0
179715,2020,34624.0,0.0,375.0,0.6498,0.6433,0.6268,0.6196,0.8654,o,391.0,78.0,4507.0,98.0
179715,2021,35786.0,0.0,319.0,0.5348,0.533,0.5282,0.5261,0.9513,o,399.0,90.0,4482.0,120.0
179715,2022,36238.0,0.0,312.0,0.5166,0.518,0.5217,0.5234,1.0404,o,407.0,89.0,4476.0,111.0
179715,2023,39010.0,0.0,320.0,0.4922,0.4932,0.4959,0.4971,1.0304,o,470.0,98.0,4410.0,115.0
179715,2024,41807.0,0.0,338.0,0.4851,0.4903,0.5041,0.5103,1.1663,o,467.0,105.0,4950.0,118.0
179867,1998,174150.0,1506.0,0.0,1.0377,1.0407,1.0413,1.0429,1.01,o,,,,
179867,1999,182790.0,1408.0,0.0,0.9243,0.9534,0.9595,0.975,1.1127,o,,,,
179867,2000,199353.0,1485.0,0.0,0.8939,0.9316,0.9396,0.9599,1.1532,o,,,,
179867,2001,206106.0,1408.0,0.0,0.8198,0.8442,0.8493,0.8623,1.1065,o,,,,
179867,2002,209130.0,1709.0,0.0,0.9806,0.9783,0.9778,0.9767,0.9919,o,1342.0,,45691.0,
179867,2003,199070.0,1581.0,0.0,0.953,0.9285,0.9235,0.9111,0.914,o,1367.0,,46935.0,1144.0
179867,2004,196186.0,1634.0,0.0,0.9995,0.9893,0.9872,0.982,0.9654,o,1452.0,,48180.0,1057.0
179867,2005,200209.0,1529.0,0.0,0.9164,0.9286,0.9311,0.9375,1.0464,o,1388.0,,49166.0,1002.0
179867,2006,204324.0,1648.0,2.0,0.9685,0.992,0.997,1.0095,1.0865,o,1470.0,191.0,49924.0,1055.0
179867,2007,213276.0,1660.0,1.0,0.9343,0.9489,0.952,0.9596,1.055,o,1338.0,156.0,51099.0,1154.0
179867,2008,201678.0,1760.0,7.0,1.0493,1.0481,1.0479,1.0472,0.9961,o,1426.0,149.0,51983.0,1186.0
179867,2009,200469.0,1637.0,10.0,0.9829,0.9752,0.9736,0.9697,0.9732,o,1510.0,148.0,53593.0,1200.0
179867,2010,205666.0,1666.0,5.0,0.9735,0.9812,0.9827,0.9867,1.0273,o,1632.0,110.0,55362.0,1214.0
179867,2011,209698.0,1539.0,4.0,0.8818,0.9111,0.9172,0.9328,1.1189,o,1488.0,130.0,56353.0,1251.0
179867,2012,208031.0,1664.0,7.0,0.9619,0.9963,1.0035,1.0219,1.1288,o,1637.0,111.0,57135.0,1027.0
179867,2013,213526.0,1587.0,3.0,0.8927,0.909,0.9124,0.921,1.0644,o,1608.0,128.0,58424.0,1053.0
179867,2014,215250.0,1798.0,5.0,1.0038,1.0132,1.0152,1.0201,1.0328,o,1734.0,133.0,59037.0,1092.0
179867,2015,217414.0,1631.0,3.0,0.901,0.9192,0.923,0.9326,1.0712,o,1731.0,92.0,60661.0,1101.0
179867,2016,218876.0,1762.0,5.0,0.9674,0.9968,1.003,1.0187,1.1088,o,1776.0,117.0,62349.0,1146.0
179867,2017,219985.0,1727.0,14.0,0.9459,0.9674,0.9719,0.9833,1.0807,o,1778.0,101.0,63446.0,1096.0
179867,2018,223554.0,1823.0,5.0,0.9799,0.9975,1.0012,1.0105,1.0634,o,1797.0,118.0,64224.0,1099.0
179867,2019,224752.0,1823.0,13.0,0.9768,0.9857,0.9876,0.9922,1.0317,o,1732.0,124.0,65158.0,1101.0
179867,2020,225607.0,1892.0,18.0,1.0111,1.013,1.0134,1.0143,1.0063,o,1804.0,130.0,66458.0,1099.0
179867,2021,231200.0,1891.0,14.0,0.9851,0.9837,0.9834,0.9826,0.9949,o,1980.0,190.0,66983.0,1050.0
179867,2022,232724.0,1848.0,20.0,0.958,0.974,0.9773,0.9857,1.0585,o,1813.0,194.0,64578.0,1068.0
179867,2023,235917.0,1868.0,13.0,0.9535,0.9736,0.9779,0.9885,1.0748,o,1828.0,196.0,62720.0,1008.0
179867,2024,240693.0,1994.0,34.0,1.0026,1.0111,1.0129,1.0174,1.0297,o,1847.0,167.0,62982.0,961.0
179894,1998,116964.0,917.0,0.0,0.9408,1.0575,1.0834,1.1509,1.4965,o,,,,
179894,1999,138930.0,848.0,0.0,0.7325,0.8169,0.8356,0.8841,1.4569,o,,,,
179894,2000,86041.0,1009.0,0.0,1.4072,1.531,1.558,1.6274,1.3374,o,,,,
179894,2001,95432.0,1029.0,0.0,1.2939,1.4188,1.4461,1.5167,1.374,o,,,,
179894,2002,96238.0,1038.0,0.0,1.2943,1.3905,1.4113,1.4647,1.2806,o,472.0,,23766.0,
179894,2003,96639.0,1147.0,0.0,1.4243,1.5045,1.5217,1.5654,1.2081,o,1199.0,,24811.0,525.0
179894,2004,97590.0,1170.0,0.0,1.4387,1.7339,1.8021,1.9847,1.9032,o,466.0,,25671.0,550.0
179894,2005,95807.0,1221.0,0.0,1.5293,1.8101,1.8744,2.0452,1.7884,o,406.0,,26156.0,557.0
179894,2006,95881.0,1219.0,0.0,1.5256,1.4979,1.4922,1.4781,0.9386,o,429.0,,26814.0,562.0
179894,2007,95114.0,1233.0,0.0,1.5556,1.2721,1.2202,1.0997,0.4997,o,498.0,568.0,27585.0,590.0
179894,2008,100142.0,1197.0,0.0,1.4344,1.2103,1.1685,1.0703,0.5568,o,419.0,560.0,28286.0,617.0
179894,2009,97981.0,1188.0,0.0,1.455,1.4764,1.4808,1.492,1.0516,o,494.0,484.0,29409.0,643.0
179894,2010,97588.0,1164.0,0.0,1.4313,1.4689,1.4768,1.4967,1.0934,o,424.0,523.0,30185.0,659.0
179894,2011,93587.0,1172.0,0.0,1.5028,1.4985,1.4976,1.4955,0.9903,o,489.0,476.0,30359.0,657.0
179894,2012,92164.0,816.0,0.0,1.0625,1.0611,1.0608,1.0601,0.9956,o,414.0,438.0,30478.0,682.0
179894,2013,90637.0,947.0,0.0,1.2538,1.2498,1.249,1.2469,0.989,o,502.0,420.0,30840.0,671.0
179894,2014,90358.0,824.0,0.0,1.0943,1.0936,1.0935,1.0931,0.9978,o,465.0,435.0,31282.0,679.0
179894,2015,89088.0,873.0,0.0,1.1759,1.1957,1.1998,1.2102,1.0591,o,419.0,403.0,32115.0,684.0
179894,2016,84341.0,792.0,0.0,1.1269,1.1199,1.1185,1.1149,0.979,o,466.0,440.0,33059.0,703.0
179894,2017,82840.0,755.0,0.0,1.0937,1.0828,1.0806,1.075,0.9662,o,534.0,373.0,33527.0,703.0
179894,2018,81881.0,709.0,0.0,1.0391,1.0492,1.0513,1.0566,1.0341,o,513.0,387.0,33774.0,700.0
179894,2019,81053.0,702.0,0.0,1.0393,1.0916,1.1027,1.1311,1.1844,o,411.0,314.0,34044.0,714.0
179894,2020,76167.0,644.0,0.0,1.0146,1.0274,1.03,1.0367,1.0441,o,410.0,227.0,34496.0,700.0
179894,2021,68628.0,722.0,0.0,1.2625,1.1923,1.1782,1.1439,0.821,o,360.0,245.0,33500.0,681.0
179894,2022,66417.0,669.0,0.0,1.2087,1.1057,1.0855,1.0366,0.7354,o,428.0,247.0,31485.0,631.0
179894,2023,60295.0,554.0,0.0,1.1026,1.0528,1.0428,1.0182,0.8528,o,452.0,249.0,30889.0,632.0
179894,2024,63696.0,544.0,0.0,1.0249,1.0457,1.0501,1.0611,1.0719,o,612.0,229.0,30730.0,587.0
179919,1998,7582.0,0.0,65.0,0.5144,0.5144,0.5144,0.5144,,-,,,,
179919,2000,3280.0,0.0,72.0,1.3171,1.3171,1.3171,1.3171,,-,,,,
179919,2003,7552.0,0.0,49.0,0.3893,0.3893,0.3893,0.3893,,-,91.0,,18837.0,1061.0
179919,2004,7549.0,0.0,68.0,0.5405,0.5405,0.5405,0.5405,,-,68.0,,19071.0,851.0
179919,2005,9957.0,0.0,74.0,0.4459,0.4459,0.4459,0.4459,,-,118.0,,18510.0,769.0
179919,2006,11269.0,0.0,80.0,0.4259,0.4259,0.4259,0.4259,,-,196.0,4.0,23441.0,769.0
179919,2007,14590.0,0.0,81.0,0.3331,0.3331,0.3331,0.3331,,-,228.0,31.0,24999.0,569.0
179919,2008,18310.0,0.0,80.0,0.2622,0.2622,0.2622,0.2622,,-,656.0,59.0,26384.0,482.0
179919,2009,14176.0,0.0,60.0,0.254,0.254,0.254,0.254,,-,64.0,22.0,26042.0,427.0
179919,2010,14692.0,0.0,57.0,0.2328,0.2328,0.2328,0.2328,,-,92.0,23.0,27160.0,597.0
179919,2011,13034.0,0.0,48.0,0.221,0.221,0.221,0.221,,-,173.0,15.0,26523.0,711.0
179919,2012,13901.0,0.0,68.0,0.2935,0.2935,0.2935,0.2935,,-,137.0,46.0,25852.0,619.0
179919,2013,13902.0,0.0,90.0,0.3884,0.3884,0.3884,0.3884,,-,185.0,10.0,25399.0,701.0
179919,2014,14669.0,0.0,110.0,0.4499,0.4499,0.4499,0.4499,,-,150.0,24.0,25015.0,669.0
179919,2015,14040.0,0.0,130.0,0.5556,0.5556,0.5556,0.5556,,-,137.0,30.0,24804.0,667.0
179919,2016,12768.0,0.0,89.0,0.4182,0.4182,0.4182,0.4182,,-,168.0,21.0,24632.0,657.0
179946,1998,19924.0,98.0,0.0,0.5902,0.6209,0.6274,0.6441,1.1908,o,,,,
179946,1999,20749.0,144.0,0.0,0.8328,0.8634,0.8699,0.8862,1.1324,o,,,,
179946,2000,20683.0,112.0,0.0,0.6498,0.6503,0.6504,0.6506,1.0025,o,,,,
179946,2001,20126.0,123.0,0.0,0.7334,0.7131,0.709,0.6987,0.9078,o,,,,
179946,2002,23125.0,116.0,0.0,0.6019,0.6109,0.6128,0.6175,1.0522,o,208.0,,25758.0,
179946,2003,23708.0,153.0,0.0,0.7744,0.802,0.8078,0.8225,1.1281,o,240.0,,26510.0,373.0
179946,2004,24189.0,140.0,0.0,0.6945,0.7319,0.7398,0.7601,1.1979,o,232.0,,21094.0,362.0
179946,2005,26111.0,158.0,0.0,0.7261,0.7496,0.7545,0.767,1.1158,o,270.0,,20908.0,338.0
179946,2006,27856.0,179.0,0.0,0.7711,0.7919,0.7963,0.8073,1.0961,o,278.0,26.0,22000.0,308.0
179946,2007,29063.0,173.0,0.0,0.7143,0.7573,0.7665,0.79,1.2232,o,224.0,18.0,22080.0,286.0
179946,2008,28927.0,168.0,0.0,0.6969,0.7095,0.7121,0.7187,1.0636,o,244.0,40.0,23334.0,297.0
179946,2009,30420.0,203.0,0.0,0.8008,0.7847,0.7814,0.7732,0.9323,o,311.0,50.0,24819.0,355.0
179946,2010,32312.0,223.0,0.0,0.8282,0.8312,0.8319,0.8334,1.0128,o,319.0,52.0,26732.0,392.0
179946,2011,35118.0,194.0,0.0,0.6629,0.708,0.7178,0.7426,1.255,o,254.0,46.0,27584.0,400.0
179946,2012,34548.0,203.0,0.0,0.7051,0.7477,0.7569,0.7802,1.2244,o,260.0,51.0,27988.0,396.0
179946,2013,33673.0,231.0,0.0,0.8232,0.8051,0.8014,0.7922,0.9261,o,266.0,57.0,27872.0,375.0
179946,2014,32589.0,253.0,0.0,0.9316,0.8841,0.8746,0.8512,0.8349,o,212.0,51.0,28544.0,377.0
179946,2015,29588.0,205.0,0.0,0.8314,0.7888,0.7803,0.7594,0.8342,o,244.0,44.0,29451.0,376.0
179946,2016,26338.0,209.0,0.0,0.9522,0.9197,0.9132,0.8969,0.8872,o,222.0,21.0,30440.0,412.0
179946,2017,26938.0,184.0,0.0,0.8197,0.7914,0.7856,0.7715,0.8859,o,174.0,34.0,31283.0,379.0
179946,2018,24458.0,174.0,0.0,0.8537,0.8084,0.7993,0.777,0.8285,o,173.0,27.0,32328.0,389.0
179946,2019,21597.0,164.0,0.0,0.9112,0.8418,0.8282,0.7949,0.761,o,142.0,41.0,33678.0,416.0
179946,2020,19570.0,171.0,0.0,1.0485,0.936,0.9142,0.8621,0.676,o,177.0,37.0,35445.0,468.0
179946,2021,18512.0,139.0,0.0,0.901,0.8463,0.8354,0.8087,0.8056,o,214.0,14.0,36044.0,444.0
179946,2022,18966.0,131.0,0.0,0.8289,0.858,0.8642,0.8798,1.1268,o,161.0,36.0,35241.0,423.0
179946,2023,18136.0,114.0,0.0,0.7543,0.7934,0.8018,0.823,1.1905,o,159.0,34.0,34309.0,388.0
179946,2024,17792.0,124.0,0.0,0.8363,0.8371,0.8372,0.8376,1.0031,o,215.0,34.0,34188.0,376.0
179955,1998,38601.0,271.0,0.0,0.8425,0.8167,0.8114,0.7985,0.8983,o,,,,
179955,1999,38212.0,268.0,0.0,0.8416,0.844,0.8445,0.8457,1.0097,o,,,,
179955,2001,37710.0,258.0,0.0,0.821,0.833,0.8355,0.8419,1.0515,o,,,,
179955,2002,36411.0,257.0,0.0,0.847,0.8204,0.815,0.8017,0.8958,o,348.0,,25550.0,
179955,2003,38638.0,246.0,0.0,0.764,0.7529,0.7506,0.7449,0.9507,o,358.0,,26170.0,411.0
179955,2004,41197.0,270.0,0.0,0.7865,0.8193,0.8263,0.844,1.1517,o,329.0,,27363.0,488.0
179955,2005,39275.0,291.0,0.0,0.8891,0.9439,0.9556,0.9857,1.229,o,302.0,,28168.0,538.0
179955,2006,62988.0,317.0,0.0,0.6039,0.6134,0.6154,0.6204,1.0552,o,248.0,,28824.0,340.0
179955,2007,37982.0,330.0,0.0,1.0426,0.9698,0.9554,0.9202,0.779,o,288.0,,30474.0,542.0
179955,2008,35614.0,295.0,0.0,0.994,0.925,0.9113,0.878,0.7802,o,265.0,48.0,31315.0,560.0
179955,2009,33286.0,266.0,0.0,0.959,0.923,0.9157,0.8977,0.8764,o,282.0,55.0,33093.0,419.0
179955,2010,31897.0,257.0,0.0,0.9669,0.9653,0.965,0.9642,0.9945,o,271.0,50.0,34737.0,404.0
179955,2011,32668.0,242.0,0.0,0.8889,0.897,0.8987,0.9029,1.0317,o,270.0,29.0,39714.0,415.0
179955,2012,32132.0,292.0,0.0,1.0905,1.0836,1.0822,1.0786,0.9783,o,305.0,33.0,40274.0,453.0
179955,2013,32280.0,244.0,0.0,0.9071,0.9203,0.9231,0.93,1.0512,o,259.0,41.0,40371.0,438.0
179955,2014,32270.0,274.0,0.0,1.0189,1.0247,1.026,1.029,1.0199,o,265.0,56.0,40814.0,430.0
179955,2015,33060.0,249.0,0.0,0.9038,0.8955,0.8938,0.8895,0.9686,o,245.0,48.0,41279.0,407.0
179955,2016,33039.0,312.0,0.0,1.1332,1.0945,1.0866,1.0672,0.887,o,241.0,38.0,41914.0,507.0
179955,2017,31178.0,267.0,0.0,1.0276,0.9842,0.9755,0.9539,0.8617,o,198.0,46.0,41979.0,490.0
179955,2018,29137.0,269.0,0.0,1.1079,1.0524,1.0413,1.014,0.8378,o,167.0,37.0,41900.0,489.0
179955,2019,24683.0,246.0,0.0,1.196,1.0854,1.0638,1.0118,0.7157,o,168.0,48.0,41975.0,478.0
179955,2020,23145.0,227.0,0.0,1.1769,1.0565,1.0332,0.9771,0.6893,o,195.0,50.0,41407.0,462.0
179955,2021,23506.0,191.0,0.0,0.9751,0.9228,0.9123,0.8867,0.8269,o,222.0,43.0,40211.0,450.0
179955,2022,25120.0,194.0,0.0,0.9268,0.9632,0.971,0.9906,1.1425,o,243.0,49.0,21184.0,385.0
179955,2023,25368.0,181.0,0.0,0.8562,0.9416,0.9603,1.0087,1.3881,o,229.0,48.0,20299.0,343.0
179955,2024,26750.0,170.0,0.0,0.7626,0.823,0.836,0.8696,1.3003,o,244.0,76.0,19890.0,273.0
179964,1998,19362.0,201.0,0.0,1.2457,1.1303,1.1078,1.0534,0.715,o,,,,
179964,1999,22954.0,231.0,0.0,1.2076,1.2265,1.2305,1.2404,1.055,o,,,,
179964,2000,25416.0,167.0,0.0,0.7885,0.8252,0.833,0.8529,1.17,o,,,,
179964,2001,25157.0,267.0,0.0,1.2736,1.2963,1.301,1.3129,1.0627,o,,,,
179964,2002,28193.0,240.0,0.0,1.0215,1.0513,1.0576,1.0735,1.1043,o,247.0,,23385.0,
179964,2003,27425.0,222.0,3.0,0.9779,1.1112,1.141,1.219,1.5536,o,246.0,,23366.0,230.0
179964,2004,19666.0,235.0,9.0,1.4614,1.7079,1.7639,1.912,1.7118,o,196.0,,23217.0,388.0
179964,2005,29985.0,270.0,14.0,1.1086,1.1765,1.1911,1.2283,1.2278,o,231.0,,23017.0,332.0
179964,2006,30620.0,224.0,20.0,0.917,0.9038,0.9011,0.8943,0.951,o,197.0,70.0,22904.0,348.0
179964,2007,29584.0,242.0,36.0,1.0546,1.0123,1.0037,0.9826,0.8682,o,184.0,85.0,22912.0,385.0
179964,2008,25329.0,249.0,24.0,1.2365,1.1844,1.1739,1.148,0.862,o,151.0,89.0,23530.0,388.0
179964,2009,26527.0,215.0,20.0,1.0178,0.9487,0.935,0.9015,0.7845,o,243.0,92.0,23999.0,387.0
179964,2010,27888.0,242.0,17.0,1.0779,1.0523,1.0471,1.0342,0.9206,o,213.0,99.0,24745.0,398.0
179964,2011,28178.0,226.0,17.0,0.9987,1.0521,1.0635,1.0925,1.1968,o,182.0,63.0,25127.0,427.0
179964,2012,25467.0,268.0,20.0,1.3099,1.374,1.3877,1.4224,1.1791,o,218.0,83.0,25852.0,453.0
179964,2013,26562.0,221.0,10.0,1.021,1.0255,1.0264,1.0288,1.0152,o,194.0,64.0,26535.0,439.0
179964,2014,24005.0,232.0,5.0,1.1723,1.1383,1.1314,1.1143,0.9035,o,200.0,61.0,27187.0,453.0
179964,2015,31855.0,212.0,7.0,0.8118,0.8112,0.8111,0.8108,0.9975,o,184.0,67.0,27754.0,335.0
179964,2016,23558.0,248.0,4.0,1.2735,1.2585,1.2554,1.2477,0.96,o,198.0,110.0,28729.0,484.0
179964,2017,27589.0,229.0,10.0,1.0178,0.9957,0.9912,0.98,0.9272,o,204.0,133.0,29371.0,373.0
179964,2018,27140.0,229.0,5.0,1.0236,1.0296,1.0308,1.0339,1.0203,o,195.0,98.0,28988.0,360.0
179964,2019,26045.0,218.0,3.0,1.0113,1.0226,1.025,1.0309,1.0391,o,161.0,102.0,29419.0,363.0
179964,2020,24489.0,209.0,2.0,1.029,1.0082,1.004,0.9934,0.9319,o,165.0,124.0,29844.0,358.0
179964,2021,23861.0,207.0,5.0,1.0536,0.9915,0.9791,0.9488,0.8109,o,129.0,94.0,30266.0,373.0
179964,2022,20346.0,225.0,3.0,1.3359,1.2227,1.2005,1.1467,0.7368,o,225.0,82.0,29324.0,364.0
179964,2023,22275.0,162.0,3.0,0.8808,0.8794,0.8791,0.8783,0.9944,o,220.0,348.0,28446.0,326.0
179964,2024,31172.0,178.0,4.0,0.6929,0.7584,0.7727,0.8096,1.365,o,261.0,288.0,28860.0,273.0
245342,1998,55260.0,0.0,261.0,0.2834,0.2834,0.2834,0.2834,,-,,,,
245342,2001,27920.0,0.0,114.0,0.245,0.245,0.245,0.245,,-,,,,
245342,2002,31685.0,0.0,117.0,0.2216,0.2216,0.2216,0.2216,,-,387.0,,13134.0,
245342,2003,39462.0,10.0,157.0,0.2691,0.2691,0.2691,0.2691,,-,184.0,,12885.0,
245342,2004,40944.0,20.0,100.0,0.2052,0.2052,0.2052,0.2052,,-,270.0,,13076.0,
245342,2005,62618.0,17.0,137.0,0.1639,0.1639,0.1639,0.1639,,-,418.0,,13199.0,233.0
245342,2006,19712.0,17.0,123.0,0.4779,0.4779,0.4779,0.4779,,-,225.0,,17519.0,
245342,2007,34128.0,16.0,160.0,0.3376,0.3376,0.3376,0.3376,,-,276.0,,15925.0,
245342,2008,40650.0,7.0,136.0,0.2214,0.2214,0.2214,0.2214,,-,553.0,,16095.0,
245342,2009,54750.0,1.0,111.0,0.1238,0.1238,0.1238,0.1238,,-,560.0,69.0,15791.0,353.0
245342,2010,59190.0,6.0,124.0,0.1379,0.1379,0.1379,0.1379,,-,312.0,219.0,16368.0,474.0
245342,2011,63267.0,6.0,216.0,0.2162,0.2162,0.2162,0.2162,,-,148.0,115.0,16513.0,610.0
245342,2012,65430.0,7.0,399.0,0.3787,0.3787,0.3787,0.3787,,-,111.0,136.0,16102.0,516.0
245342,2013,55680.0,12.0,235.0,0.2791,0.2791,0.2791,0.2791,,-,157.0,150.0,16451.0,465.0
245342,2014,67650.0,0.0,156.0,0.1384,0.1384,0.1384,0.1384,,-,265.0,121.0,16872.0,399.0
245342,2015,51311.0,0.0,186.0,0.2175,0.2175,0.2175,0.2175,,-,147.0,54.0,16506.0,520.0
245342,2016,49152.0,0.0,212.0,0.2588,0.2588,0.2588,0.2588,,-,110.0,38.0,16496.0,488.0
245342,2017,32269.0,0.0,248.0,0.4611,0.4611,0.4611,0.4611,,-,79.0,31.0,16126.0,593.0
245342,2018,28675.0,0.0,188.0,0.3934,0.3934,0.3934,0.3934,,-,,,14312.0,
245421,1998,2808.0,0.0,13.0,0.2778,0.2778,0.2778,0.2778,,-,,,,
245421,2010,4470.0,0.0,13.0,0.1745,0.1745,0.1745,0.1745,,-,20.0,22.0,,292.0
245421,2011,4920.0,0.0,36.0,0.439,0.439,0.439,0.439,,-,16.0,54.0,13513.0,188.0
245421,2012,4135.0,0.0,31.0,0.4498,0.4498,0.4498,0.4498,,-,11.0,49.0,13436.0,217.0
245421,2013,2725.0,0.0,16.0,0.3523,0.3523,0.3523,0.3523,,-,15.0,49.0,13201.0,268.0
245421,2014,2748.0,0.0,27.0,0.5895,0.5895,0.5895,0.5895,,-,15.0,39.0,13594.0,252.0
245421,2015,2759.0,0.0,25.0,0.5437,0.5437,0.5437,0.5437,,-,5.0,40.0,13479.0,245.0
245421,2016,2377.0,0.0,23.0,0.5806,0.5806,0.5806,0.5806,,-,2.0,29.0,13386.0,240.0
245421,2017,1680.0,0.0,23.0,0.8214,0.8214,0.8214,0.8214,,-,,7.0,14501.0,240.0
245421,2018,1394.0,0.0,7.0,0.3013,0.3013,0.3013,0.3013,,-,4.0,24.0,14176.0,265.0
245421,2019,1440.0,0.0,7.0,0.2917,0.2917,0.2917,0.2917,,-,,,13880.0,
245430,1998,4008.0,0.0,8.0,0.1198,0.1198,0.1198,0.1198,,-,,,,
245430,1999,4064.0,0.0,22.0,0.3248,0.3248,0.3248,0.3248,,-,,,,
245430,2001,9864.0,0.0,18.0,0.1095,0.1095,0.1095,0.1095,,-,,,,
245430,2010,10136.0,0.0,52.0,0.3078,0.3078,0.3078,0.3078,,-,56.0,39.0,,315.0
245430,2011,7497.0,0.0,59.0,0.4722,0.4722,0.4722,0.4722,,-,39.0,40.0,13261.0,236.0
245430,2012,5577.0,0.0,90.0,0.9683,0.9683,0.9683,0.9683,,-,20.0,23.0,13436.0,321.0
245430,2013,5098.0,0.0,66.0,0.7768,0.7768,0.7768,0.7768,,-,14.0,41.0,13802.0,295.0
245430,2014,4726.0,0.0,36.0,0.457,0.457,0.457,0.457,,-,20.0,39.0,13594.0,264.0
245430,2015,4500.0,0.0,40.0,0.5333,0.5333,0.5333,0.5333,,-,3.0,19.0,13479.0,273.0
245430,2016,2457.0,0.0,35.0,0.8548,0.8548,0.8548,0.8548,,-,9.0,5.0,14164.0,297.0
245430,2017,2405.0,0.0,31.0,0.7735,0.7735,0.7735,0.7735,,-,9.0,4.0,14501.0,217.0
245430,2018,2568.0,0.0,19.0,0.4439,0.4439,0.4439,0.4439,,-,14.0,7.0,14176.0,182.0
245430,2019,2377.0,0.0,21.0,0.5302,0.5302,0.5302,0.5302,,-,,,13880.0,
247296,1998,156150.0,9.0,3.0,0.0081,0.0081,0.0081,0.0081,,n,,,,
247700,1998,6240.0,24.0,13.0,0.5865,0.5865,0.5865,0.5865,,-,,,,
247700,1999,4333.0,12.0,11.0,0.4846,0.4846,0.4846,0.4846,,-,,,,
247700,2001,7423.0,29.0,15.0,0.59,0.59,0.59,0.59,,-,,,,
247700,2002,7722.0,28.0,12.0,0.5284,0.5284,0.5284,0.5284,,-,33.0,,12836.0,
247700,2003,6433.0,35.0,30.0,0.9326,0.9326,0.9326,0.9326,,-,31.0,,12771.0,500.0
247700,2004,7143.0,38.0,16.0,0.7728,0.7728,0.7728,0.7728,,-,29.0,,13680.0,532.0
247700,2005,7162.0,37.0,11.0,0.7121,0.7121,0.7121,0.7121,,-,60.0,,14205.0,586.0
247700,2006,6299.0,22.0,21.0,0.6192,0.6192,0.6192,0.6192,,-,77.0,42.0,14591.0,636.0
247700,2007,7531.0,17.0,9.0,0.3426,0.3426,0.3426,0.3426,,-,68.0,77.0,20148.0,545.0
247700,2008,8974.0,9.0,8.0,0.1738,0.1738,0.1738,0.1738,,-,77.0,61.0,15087.0,559.0
247700,2009,11595.0,18.0,20.0,0.2898,0.2898,0.2898,0.2898,,-,200.0,123.0,16899.0,553.0
247700,2010,17837.0,26.0,20.0,0.2422,0.2422,0.2422,0.2422,,-,244.0,126.0,17383.0,626.0
247700,2011,19067.0,12.0,16.0,0.1259,0.1259,0.1259,0.1259,,-,134.0,82.0,17540.0,612.0
247700,2012,18096.0,18.0,38.0,0.2454,0.2454,0.2454,0.2454,,-,56.0,98.0,17405.0,610.0
247700,2013,15037.0,16.0,58.0,0.3591,0.3591,0.3591,0.3591,,-,62.0,54.0,15933.0,610.0
247700,2014,13631.0,19.0,48.0,0.3786,0.3786,0.3786,0.3786,,-,35.0,128.0,16214.0,599.0
247700,2015,12882.0,13.0,51.0,0.3586,0.3586,0.3586,0.3586,,-,38.0,30.0,17064.0,616.0
247700,2016,7740.0,14.0,32.0,0.4651,0.4651,0.4651,0.4651,,-,22.0,29.0,17366.0,704.0
247700,2017,6043.0,14.0,28.0,0.556,0.556,0.556,0.556,,-,14.0,67.0,17535.0,666.0
262031,1998,90847.0,0.0,290.0,0.1915,0.1947,0.2032,0.2071,1.2666,o,,,,
262031,1999,97384.0,0.0,351.0,0.2163,0.22,0.2299,0.2344,1.2773,o,,,,
262031,2000,100641.0,0.0,302.0,0.18,0.1806,0.182,0.1826,1.0444,o,,,,
262031,2001,104037.0,0.0,384.0,0.2215,0.2112,0.1869,0.177,0.5074,o,,,,
262031,2002,119060.0,0.0,474.0,0.2389,0.2372,0.2328,0.2309,0.9027,o,1206.0,,2338.0,
262031,2003,129019.0,0.0,452.0,0.2102,0.2153,0.229,0.2353,1.4081,o,1465.0,,2447.0,104.0
262031,2004,134249.0,0.0,534.0,0.2387,0.2436,0.2568,0.2629,1.341,o,1493.0,,2687.0,106.0
262031,2005,139280.0,0.0,578.0,0.249,0.2509,0.256,0.2583,1.1179,o,1428.0,,3139.0,118.0
262031,2006,139742.0,0.0,610.0,0.2619,0.2613,0.2596,0.2589,0.9655,o,1510.0,,3319.0,126.0
262031,2007,139283.0,0.0,585.0,0.252,0.2526,0.2541,0.2548,1.0339,o,1528.0,,3448.0,131.0
262031,2008,145245.0,0.0,633.0,0.2615,0.2622,0.2641,0.2649,1.0402,o,1774.0,374.0,3512.0,129.0
262031,2009,152959.0,0.0,591.0,0.2318,0.2344,0.241,0.244,1.1679,o,1884.0,380.0,3453.0,97.0
262031,2010,164922.0,0.0,655.0,0.2383,0.2405,0.2463,0.2489,1.1411,o,1789.0,408.0,2745.0,103.0
262031,2011,171775.0,0.0,636.0,0.2222,0.2218,0.2209,0.2205,0.9781,o,1750.0,619.0,2680.0,97.0
262031,2012,171479.0,0.0,740.0,0.2589,0.2581,0.2558,0.2548,0.9529,o,1393.0,600.0,2776.0,97.0
262031,2013,159073.0,0.0,864.0,0.3259,0.3205,0.307,0.3011,0.7872,o,1549.0,586.0,2887.0,114.0
262031,2014,151953.0,0.0,840.0,0.3317,0.3313,0.3305,0.3301,0.9857,o,1675.0,526.0,3160.0,136.0
262031,2015,148062.0,0.0,931.0,0.3773,0.3807,0.3897,0.3938,1.1387,o,1504.0,490.0,3133.0,133.0
262031,2016,144203.0,0.0,799.0,0.3324,0.3308,0.3267,0.3249,0.933,o,1397.0,511.0,3205.0,143.0
262031,2017,140858.0,0.0,818.0,0.3484,0.3453,0.3374,0.3339,0.8789,o,1544.0,359.0,3243.0,146.0
262031,2018,136584.0,0.0,788.0,0.3462,0.3477,0.3516,0.3534,1.0645,o,1522.0,369.0,3320.0,154.0
262031,2019,133510.0,0.0,828.0,0.3721,0.373,0.3753,0.3764,1.035,o,1290.0,600.0,3251.0,151.0
262031,2020,134546.0,0.0,804.0,0.3585,0.3542,0.3434,0.3387,0.8415,o,1217.0,515.0,3462.0,154.0
262031,2021,135193.0,0.0,847.0,0.3759,0.3721,0.3626,0.3584,0.8656,o,1192.0,481.0,3362.0,150.0
262031,2022,129037.0,0.0,851.0,0.3957,0.3943,0.3908,0.3892,0.9509,o,1457.0,362.0,3159.0,145.0
262031,2023,129948.0,0.0,901.0,0.416,0.4216,0.4363,0.443,1.2096,o,1188.0,540.0,3105.0,140.0
262031,2024,131264.0,0.0,949.0,0.4338,0.4305,0.4221,0.4185,0.8969,o,1231.0,522.0,3000.0,136.0
369516,2005,4560.0,0.0,32.0,0.4211,0.4211,0.4211,0.4211,,-,19.0,,11357.0,496.0
369516,2006,8010.0,0.0,40.0,0.2996,0.2996,0.2996,0.2996,,-,43.0,,12007.0,317.0
369516,2007,9567.0,0.0,52.0,0.3261,0.3261,0.3261,0.3261,,-,41.0,,12311.0,361.0
369516,2008,9167.0,0.0,50.0,0.3273,0.3273,0.3273,0.3273,,-,38.0,,12612.0,340.0
369516,2009,8800.0,0.0,34.0,0.2318,0.2318,0.2318,0.2318,,-,93.0,,13495.0,317.0
369516,2010,14233.0,0.0,181.0,0.763,0.763,0.763,0.763,,-,117.0,,28380.0,305.0
369516,2011,25965.0,0.0,38.0,0.0878,0.0878,0.0878,0.0878,,-,373.0,,24429.0,271.0
369516,2012,15552.0,0.0,76.0,0.2932,0.2932,0.2932,0.2932,,-,137.0,147.0,39186.0,542.0
369516,2013,13745.0,0.0,87.0,0.3798,0.3798,0.3798,0.3798,,-,51.0,67.0,19211.0,633.0
369516,2014,19403.0,2.0,87.0,0.2814,0.2814,0.2814,0.2814,,-,36.0,61.0,18980.0,412.0
369516,2015,10613.0,21.0,90.0,0.7462,0.7462,0.7462,0.7462,,-,39.0,46.0,20001.0,667.0
369516,2016,15131.0,27.0,55.0,0.4322,0.4322,0.4322,0.4322,,-,29.0,36.0,20000.0,489.0
369516,2017,13532.0,19.0,70.0,0.4789,0.4789,0.4789,0.4789,,-,32.0,138.0,19632.0,508.0
369516,2018,13111.0,27.0,54.0,0.4942,0.4942,0.4942,0.4942,,-,70.0,56.0,19193.0,505.0
369516,2019,12288.0,16.0,84.0,0.5664,0.5664,0.5664,0.5664,,-,108.0,57.0,18791.0,477.0
369516,2020,10689.0,19.0,66.0,0.5838,0.5838,0.5838,0.5838,,-,12.0,33.0,18510.0,425.0
369516,2021,9853.0,26.0,56.0,0.6577,0.6577,0.6577,0.6577,,-,7.0,30.0,18421.0,491.0
369516,2022,6120.0,22.0,40.0,0.8235,0.8235,0.8235,0.8235,,-,17.0,27.0,17313.0,488.0
369516,2023,5404.0,14.0,22.0,0.5551,0.5551,0.5551,0.5551,,-,5.0,22.0,16337.0,389.0
369516,2024,6525.0,10.0,24.0,0.4046,0.4046,0.4046,0.4046,,-,15.0,18.0,15868.0,399.0
404365,2001,8960.0,0.0,28.0,0.1875,0.1875,0.1875,0.1875,,-,,,,
404365,2002,13212.0,0.0,43.0,0.1953,0.1953,0.1953,0.1953,,-,155.0,,,
404365,2003,16478.0,0.0,47.0,0.1711,0.1711,0.1711,0.1711,,-,77.0,,,
404365,2004,15391.0,0.0,35.0,0.1364,0.1364,0.1364,0.1364,,-,56.0,,14821.0,
404365,2005,17016.0,0.0,25.0,0.0882,0.0882,0.0882,0.0882,,-,84.0,,14947.0,311.0
404365,2007,13752.0,0.0,25.0,0.1091,0.1091,0.1091,0.1091,,-,203.0,,14290.0,444.0
404365,2008,17064.0,0.0,26.0,0.0914,0.0914,0.0914,0.0914,,-,221.0,,13840.0,430.0
404365,2009,24420.0,0.0,19.0,0.0467,0.0467,0.0467,0.0467,,-,156.0,49.0,14546.0,341.0
404365,2010,22682.0,0.0,23.0,0.0608,0.0608,0.0608,0.0608,,-,67.0,66.0,14652.0,454.0
404365,2011,21297.0,0.0,47.0,0.1324,0.1324,0.1324,0.1324,,-,56.0,43.0,16420.0,522.0
404365,2012,17935.0,0.0,63.0,0.2108,0.2108,0.2108,0.2108,,-,29.0,40.0,16141.0,493.0
404365,2013,15662.0,0.0,84.0,0.3218,0.3218,0.3218,0.3218,,-,42.0,29.0,16249.0,446.0
404365,2014,17850.0,0.0,69.0,0.2319,0.2319,0.2319,0.2319,,-,93.0,47.0,16555.0,419.0
404365,2015,16228.0,0.0,53.0,0.196,0.196,0.196,0.196,,-,39.0,23.0,15902.0,488.0
404365,2016,15627.0,0.0,47.0,0.1805,0.1805,0.1805,0.1805,,-,36.0,21.0,16436.0,500.0
404365,2017,11345.0,0.0,45.0,0.238,0.238,0.238,0.238,,-,17.0,23.0,15700.0,548.0
404365,2018,9374.0,0.0,23.0,0.1472,0.1472,0.1472,0.1472,,-,,,13923.0,
404374,2004,14700.0,0.0,16.0,0.0653,0.0653,0.0653,0.0653,,-,111.0,,10061.0,
404374,2005,11640.0,0.0,18.0,0.0928,0.0928,0.0928,0.0928,,-,103.0,,10564.0,404.0
404374,2006,7732.0,0.0,17.0,0.1319,0.1319,0.1319,0.1319,,-,89.0,,12148.0,628.0
404374,2007,11340.0,0.0,25.0,0.1323,0.1323,0.1323,0.1323,,-,163.0,,12699.0,355.0
404374,2008,7950.0,0.0,36.0,0.2717,0.2717,0.2717,0.2717,,-,217.0,,13520.0,559.0
404374,2009,14280.0,0.0,46.0,0.1933,0.1933,0.1933,0.1933,,-,197.0,7.0,13723.0,413.0
404374,2010,18090.0,0.0,64.0,0.2123,0.2123,0.2123,0.2123,,-,95.0,50.0,14009.0,458.0
404374,2011,16410.0,0.0,86.0,0.3144,0.3144,0.3144,0.3144,,-,22.0,22.0,16895.0,615.0
404374,2012,10680.0,0.0,100.0,0.5618,0.5618,0.5618,0.5618,,-,25.0,16.0,15760.0,616.0
404374,2013,9060.0,0.0,58.0,0.3841,0.3841,0.3841,0.3841,,-,32.0,20.0,16066.0,411.0
404374,2014,12960.0,0.0,45.0,0.2083,0.2083,0.2083,0.2083,,-,89.0,32.0,16414.0,375.0
404374,2015,12354.0,0.0,65.0,0.3157,0.3157,0.3157,0.3157,,-,41.0,10.0,16023.0,482.0
404374,2016,11341.0,0.0,59.0,0.3121,0.3121,0.3121,0.3121,,-,26.0,10.0,16606.0,513.0
404374,2017,7281.0,0.0,27.0,0.2225,0.2225,0.2225,0.2225,,-,20.0,14.0,15679.0,573.0
404374,2018,6893.0,0.0,17.0,0.148,0.148,0.148,0.148,,-,,,14626.0,
404383,1998,12792.0,0.0,72.0,0.3377,0.3377,0.3377,0.3377,,-,,,,
404383,1999,18990.0,0.0,68.0,0.2148,0.2148,0.2148,0.2148,,-,,,,
404383,2004,35952.0,0.0,156.0,0.2603,0.2603,0.2603,0.2603,,-,331.0,,15214.0,
404383,2006,20165.0,0.0,160.0,0.4761,0.4761,0.4761,0.4761,,-,213.0,,15025.0,885.0
404383,2007,28824.0,0.0,121.0,0.2519,0.2519,0.2519,0.2519,,-,459.0,,15378.0,616.0
404383,2008,29280.0,0.0,94.0,0.1926,0.1926,0.1926,0.1926,,-,335.0,,14758.0,470.0
404383,2009,38430.0,0.0,120.0,0.1874,0.1874,0.1874,0.1874,,-,221.0,2.0,15755.0,343.0
404383,2010,41973.0,0.0,115.0,0.1644,0.1644,0.1644,0.1644,,-,131.0,81.0,16368.0,469.0
404383,2011,36011.0,0.0,150.0,0.2499,0.2499,0.2499,0.2499,,-,106.0,78.0,16394.0,614.0
404383,2012,29129.0,0.0,214.0,0.4408,0.4408,0.4408,0.4408,,-,67.0,38.0,16680.0,571.0
404383,2013,25025.0,0.0,132.0,0.3165,0.3165,0.3165,0.3165,,-,59.0,39.0,16639.0,485.0
404383,2014,22033.0,0.0,128.0,0.3486,0.3486,0.3486,0.3486,,-,83.0,31.0,16710.0,532.0
404383,2015,22744.0,0.0,81.0,0.2137,0.2137,0.2137,0.2137,,-,69.0,24.0,16196.0,470.0
404383,2016,18925.0,0.0,85.0,0.2695,0.2695,0.2695,0.2695,,-,88.0,24.0,16262.0,491.0
404383,2017,15289.0,0.0,103.0,0.4042,0.4042,0.4042,0.4042,,-,40.0,17.0,15869.0,581.0
404383,2018,10616.0,0.0,70.0,0.3956,0.3956,0.3956,0.3956,,-,,,14738.0,
406264,2000,16035.0,0.0,145.0,0.5426,0.5426,0.5426,0.5426,,-,,,,
406264,2001,22045.0,0.0,106.0,0.2885,0.2885,0.2885,0.2885,,-,,,,
406264,2002,43710.0,0.0,83.0,0.1139,0.1139,0.1139,0.1139,,-,435.0,,,
406264,2003,43710.0,0.0,138.0,0.1894,0.1894,0.1894,0.1894,,-,409.0,,,
406264,2004,43710.0,0.0,122.0,0.1675,0.1675,0.1675,0.1675,,-,651.0,,,
406264,2005,45700.0,0.0,126.0,0.1654,0.1654,0.1654,0.1654,,-,151.0,,,298.0
406264,2007,36030.0,0.0,134.0,0.2231,0.2231,0.2231,0.2231,,-,82.0,22.0,13959.0,277.0
406264,2008,22093.0,0.0,181.0,0.4916,0.4916,0.4916,0.4916,,-,76.0,14.0,13628.0,411.0
406264,2010,40589.0,0.0,177.0,0.2616,0.2616,0.2616,0.2616,,-,216.0,47.0,14018.0,406.0
406264,2011,44121.0,0.0,189.0,0.257,0.257,0.257,0.257,,-,187.0,10.0,13834.0,481.0
406264,2012,20644.0,0.0,134.0,0.3895,0.3895,0.3895,0.3895,,-,,,13972.0,936.0
409829,1999,15384.0,0.0,135.0,0.5265,0.5265,0.5265,0.5265,,-,,,,
409829,2000,6340.0,0.0,96.0,0.9085,0.9085,0.9085,0.9085,,-,,,,
409829,2001,13975.0,0.0,74.0,0.3177,0.3177,0.3177,0.3177,,-,,,,
409829,2003,24623.0,0.0,93.0,0.2266,0.2266,0.2266,0.2266,,-,365.0,,,
409829,2004,24564.0,0.0,76.0,0.1856,0.1856,0.1856,0.1856,,-,295.0,,,
409829,2005,32051.0,0.0,74.0,0.1385,0.1385,0.1385,0.1385,,-,383.0,,,276.0
409829,2007,21564.0,0.0,98.0,0.2727,0.2727,0.2727,0.2727,,-,119.0,33.0,16460.0,485.0
409829,2009,29089.0,3.0,201.0,0.427,0.427,0.427,0.427,,-,95.0,60.0,15053.0,484.0
409829,2010,32114.0,18.0,241.0,0.5175,0.5175,0.5175,0.5175,,-,84.0,61.0,14880.0,573.0
409829,2011,30011.0,4.0,154.0,0.3239,0.3239,0.3239,0.3239,,-,37.0,29.0,14766.0,556.0
409829,2012,17153.0,12.0,126.0,0.5247,0.5247,0.5247,0.5247,,-,29.0,36.0,15492.0,716.0
409829,2014,1574.0,0.0,33.0,1.2579,1.2579,1.2579,1.2579,,-,,,,
409838,1999,20856.0,0.0,195.0,0.561,0.561,0.561,0.561,,x,,,,
409838,2000,6136.0,0.0,104.0,1.0169,1.0169,1.0169,1.0169,,x,,,,
409838,2001,19407.0,0.0,79.0,0.2442,0.2442,0.2442,0.2442,,x,,,,
409838,2002,27987.0,0.0,94.0,0.2015,0.2015,0.2015,0.2015,,x,53.0,,15590.0,
409838,2003,28613.0,0.0,86.0,0.1803,0.1803,0.1803,0.1803,,x,82.0,,15760.0,
409838,2006,19803.0,6.0,242.0,0.7696,0.7696,0.7696,0.7696,,x,95.0,,16952.0,537.0
409838,2011,26071.0,33.0,110.0,0.405,0.405,0.405,0.405,,x,15.0,13.0,14937.0,562.0
409838,2012,14460.0,42.0,84.0,0.6971,0.6971,0.6971,0.6971,,x,,,14559.0,799.0
412146,1998,1920.0,0.0,0.0,0.0,0.0,0.0,0.0,,-,,,,
417734,1999,960.0,0.0,37.0,2.3125,2.3125,2.3125,2.3125,,n,,,,
417734,2001,1727.0,0.0,36.0,1.2507,1.5292,1.5941,1.7688,2.0,o,,,,
417734,2002,2345.0,0.0,24.0,0.6141,0.7088,0.7302,0.7864,1.64,o,38.0,,23627.0,
417734,2003,1895.0,0.0,25.0,0.7916,0.7449,0.7356,0.7129,0.8111,o,62.0,,23812.0,539.0
417734,2004,3307.0,0.0,29.0,0.5262,0.5202,0.519,0.5159,0.9615,o,55.0,,26321.0,347.0
417734,2005,4855.0,0.0,35.0,0.4325,0.4795,0.4898,0.5167,1.4268,o,38.0,,25547.0,311.0
417734,2006,1950.0,0.0,26.0,0.8,0.8582,0.8708,0.903,1.274,o,3.0,84.0,14295.0,750.0
417734,2007,4728.0,0.0,43.0,0.5457,0.4214,0.3994,0.3494,0.41,o,3.0,,14972.0,382.0
417734,2008,4795.0,0.0,40.0,0.5005,0.2115,0.177,0.1133,0.0513,o,5.0,,16828.0,449.0
417734,2010,4984.0,0.0,69.0,0.8307,0.5672,0.5241,0.4303,0.2683,o,20.0,173.0,19441.0,504.0
417734,2011,5350.0,0.0,102.0,1.1439,1.7502,1.9111,2.3813,4.3333,o,7.0,27.0,19264.0,511.0
417734,2012,3318.0,0.0,71.0,1.2839,1.827,1.9653,2.3587,3.375,o,3.0,7.0,18777.0,774.0
417734,2013,4648.0,0.0,82.0,1.0585,1.0297,1.0238,1.0093,0.9091,o,5.0,42.0,18448.0,596.0
417734,2014,3060.0,0.0,69.0,1.3529,0.9612,0.8956,0.7505,0.3077,o,5.0,70.0,18169.0,715.0
417734,2016,3907.0,2.0,100.0,1.5971,1.7964,1.8407,1.9561,1.5,o,6.0,47.0,22791.0,916.0
417734,2017,2698.0,12.0,71.0,2.1127,2.583,2.6927,2.9878,2.0,o,7.0,40.0,22411.0,1120.0
417734,2018,3827.0,1.0,68.0,1.0975,1.1842,1.203,1.2513,1.3,o,10.0,55.0,21909.0,775.0
417734,2019,3915.0,2.0,58.0,0.9502,0.9853,0.9927,1.0116,1.1333,o,15.0,64.0,20299.0,595.0
417734,2020,3891.0,1.0,46.0,0.7402,0.8424,0.8653,0.9252,1.5625,o,7.0,108.0,14636.0,554.0
417734,2021,2214.0,4.0,53.0,1.6531,1.9256,1.9873,2.1505,1.6923,o,12.0,54.0,15525.0,1206.0
417734,2022,3747.0,4.0,47.0,0.8807,0.9096,0.9157,0.9311,1.1176,o,5.0,59.0,13320.0,543.0
417734,2023,3600.0,1.0,42.0,0.7333,0.6557,0.6407,0.6047,0.68,o,11.0,35.0,12102.0,451.0
417734,2024,4235.0,7.0,62.0,1.0767,0.9818,0.9632,0.9182,0.7273,o,11.0,85.0,11691.0,411.0
417752,1998,2032.0,5.0,1.0,0.3248,0.3248,0.3248,0.3248,,n,,,,
417752,1999,2050.0,10.0,2.0,0.6439,0.6439,0.6439,0.6439,,n,,,,
417752,2000,2337.0,6.0,1.0,0.3338,0.3523,0.3563,0.3664,1.2051,o,,,,
417752,2001,2305.0,5.0,1.0,0.2863,0.288,0.2883,0.2891,1.0196,o,,,,
417752,2002,2539.0,6.0,1.0,0.3072,0.3072,0.3072,0.3072,1.0,o,26.0,,7968.0,
417752,2003,2615.0,15.0,1.0,0.7113,0.7199,0.7217,0.7263,1.0426,o,31.0,,8276.0,433.0
417752,2004,2696.0,12.0,0.0,0.5341,0.5485,0.5516,0.5592,1.0962,o,17.0,,8408.0,404.0
417752,2005,3069.0,14.0,2.0,0.5865,0.6015,0.6046,0.6126,1.0909,o,15.0,,8708.0,132.0
417752,2006,2752.0,15.0,2.0,0.6977,0.6166,0.601,0.5638,0.6531,o,19.0,16.0,8632.0,121.0
417752,2007,3300.0,15.0,2.0,0.5818,0.5009,0.4856,0.4494,0.5965,o,20.0,2.0,8862.0,120.0
417752,2008,2708.0,9.0,3.0,0.4653,0.4381,0.4327,0.4194,0.8125,o,9.0,2.0,9321.0,121.0
417752,2009,1974.0,6.0,2.0,0.4255,0.4136,0.4111,0.4051,0.9062,o,13.0,21.0,10856.0,159.0
417752,2010,2322.0,8.0,3.0,0.491,0.4327,0.4216,0.3949,0.6471,o,15.0,9.0,11336.0,86.0
417752,2011,2372.0,16.0,2.0,0.86,0.7812,0.7659,0.7287,0.7179,o,6.0,5.0,11572.0,110.0
417752,2012,1662.0,9.0,3.0,0.7581,0.6904,0.6771,0.6451,0.7241,o,16.0,3.0,11416.0,103.0
417761,2003,2560.0,0.0,10.0,0.2344,0.2344,0.2344,0.2344,,-,38.0,,,435.0
417761,2004,1569.0,0.0,54.0,2.065,2.065,2.065,2.065,,-,25.0,,9055.0,692.0
434548,1999,5472.0,0.0,27.0,0.2961,0.2961,0.2961,0.2961,,-,,,,
434548,2000,7915.0,0.0,52.0,0.3942,0.3942,0.3942,0.3942,,-,,,,
434548,2001,15573.0,0.0,72.0,0.2774,0.2774,0.2774,0.2774,,-,,,,
434548,2002,15200.0,0.0,128.0,0.5053,0.5053,0.5053,0.5053,,-,130.0,,20274.0,
434548,2003,13800.0,0.0,161.0,0.7,0.7,0.7,0.7,,-,113.0,,20188.0,783.0
434548,2004,13981.0,0.0,112.0,0.4806,0.4806,0.4806,0.4806,,-,129.0,,20716.0,995.0
434548,2005,17643.0,78.0,89.0,0.8332,0.8332,0.8332,0.8332,,-,160.0,,21807.0,765.0
434548,2006,18901.0,62.0,80.0,0.6476,0.6476,0.6476,0.6476,,-,104.0,69.0,22118.0,956.0
434548,2007,20357.0,79.0,96.0,0.7486,0.7486,0.7486,0.7486,,-,109.0,32.0,22504.0,973.0
434548,2008,24995.0,36.0,125.0,0.4729,0.4729,0.4729,0.4729,,-,115.0,22.0,22828.0,871.0
434548,2009,24261.0,66.0,194.0,0.8062,0.8062,0.8062,0.8062,,-,137.0,25.0,23533.0,897.0
434548,2010,26107.0,75.0,184.0,0.7676,0.7676,0.7676,0.7676,,-,92.0,9.0,24513.0,874.0
434548,2011,21416.0,98.0,187.0,1.073,1.073,1.073,1.073,,-,51.0,6.0,25194.0,1073.0
434548,2012,16586.0,84.0,166.0,1.2082,1.2082,1.2082,1.2082,,-,37.0,18.0,24556.0,1023.0
434548,2013,11404.0,66.0,136.0,1.41,1.41,1.41,1.41,,-,34.0,14.0,24126.0,1104.0
434548,2014,8825.0,23.0,82.0,0.8702,0.8702,0.8702,0.8702,,-,46.0,1.0,23762.0,884.0
434548,2015,7845.0,25.0,76.0,0.9637,0.9637,0.9637,0.9637,,-,41.0,2.0,23561.0,727.0
436182,2001,28552.0,0.0,56.0,0.1177,0.1177,0.1177,0.1177,,-,,,,
436182,2002,20127.0,0.0,108.0,0.322,0.322,0.322,0.322,,-,87.0,,11381.0,
436182,2005,13632.0,0.0,57.0,0.2509,0.2509,0.2509,0.2509,,-,100.0,,14692.0,393.0
436182,2006,18450.0,0.0,25.0,0.0813,0.0813,0.0813,0.0813,,-,129.0,,13951.0,266.0
436182,2007,13200.0,0.0,32.0,0.1455,0.1455,0.1455,0.1455,,-,156.0,,12450.0,362.0
436182,2008,10530.0,0.0,60.0,0.3419,0.3419,0.3419,0.3419,,-,143.0,,12571.0,475.0
436182,2010,13950.0,0.0,54.0,0.2323,0.2323,0.2323,0.2323,,-,45.0,19.0,13196.0,407.0
436182,2011,13920.0,0.0,91.0,0.3922,0.3922,0.3922,0.3922,,-,60.0,35.0,14239.0,523.0
436182,2012,11460.0,0.0,83.0,0.4346,0.4346,0.4346,0.4346,,-,23.0,21.0,16372.0,526.0
436182,2013,9330.0,0.0,54.0,0.3473,0.3473,0.3473,0.3473,,-,31.0,18.0,16461.0,455.0
436182,2014,9060.0,0.0,44.0,0.2914,0.2914,0.2914,0.2914,,-,18.0,13.0,16243.0,461.0
436182,2015,6840.0,0.0,51.0,0.4474,0.4474,0.4474,0.4474,,-,24.0,5.0,15757.0,544.0
436182,2016,3537.0,0.0,32.0,0.5428,0.5428,0.5428,0.5428,,-,12.0,7.0,15639.0,695.0
436182,2017,2370.0,0.0,16.0,0.4051,0.4051,0.4051,0.4051,,-,,,15373.0,1234.0
436191,2002,40696.0,0.0,235.0,0.3465,0.3465,0.3465,0.3465,,-,236.0,,14381.0,
436191,2004,34340.0,7.0,158.0,0.3005,0.3005,0.3005,0.3005,,-,111.0,,13756.0,
436191,2006,19824.0,32.0,112.0,0.5327,0.5327,0.5327,0.5327,,-,83.0,,13791.0,552.0
436191,2007,22470.0,29.0,142.0,0.534,0.534,0.534,0.534,,-,253.0,,13849.0,511.0
436191,2008,23010.0,33.0,134.0,0.5215,0.5215,0.5215,0.5215,,-,347.0,,13400.0,539.0
436191,2010,40547.0,19.0,135.0,0.256,0.256,0.256,0.256,,-,100.0,113.0,16368.0,426.0
436191,2011,30411.0,9.0,198.0,0.4262,0.4262,0.4262,0.4262,,-,89.0,119.0,16388.0,575.0
436191,2012,35196.0,9.0,170.0,0.3205,0.3205,0.3205,0.3205,,-,76.0,89.0,16291.0,398.0
436191,2013,35078.0,13.0,185.0,0.3609,0.3609,0.3609,0.3609,,-,60.0,64.0,16654.0,382.0
436191,2014,31421.0,4.0,144.0,0.2903,0.2903,0.2903,0.2903,,-,101.0,96.0,16887.0,422.0
436191,2016,9953.0,0.0,82.0,0.4943,0.4943,0.4943,0.4943,,-,34.0,31.0,16361.0,487.0
436191,2018,9527.0,3.0,74.0,0.5038,0.5038,0.5038,0.5038,,-,,,14140.0,
437185,2001,32400.0,150.0,87.0,0.7167,0.7167,0.7167,0.7167,,n,,,,
439279,2001,4476.0,0.0,0.0,0.0,0.0,0.0,0.0,,x,,,,
439279,2003,7545.0,21.0,0.0,0.334,0.334,0.334,0.334,,x,9.0,,17130.0,827.0
439279,2004,15015.0,49.0,0.0,0.3916,0.3916,0.3916,0.3916,,x,57.0,,17413.0,562.0
439279,2005,17835.0,69.0,0.0,0.4643,0.4643,0.4643,0.4643,,x,64.0,,19412.0,565.0
439279,2006,19584.0,73.0,0.0,0.4473,0.4473,0.4473,0.4473,,x,24.0,62.0,17996.0,597.0
439279,2008,10419.0,85.0,0.0,0.979,0.979,0.979,0.979,,x,60.0,43.0,18921.0,579.0
439279,2009,12270.0,133.0,0.0,1.3007,1.3007,1.3007,1.3007,,x,46.0,47.0,19338.0,434.0
439279,2010,16176.0,100.0,0.0,0.7418,0.7418,0.7418,0.7418,,x,86.0,48.0,15198.0,537.0
439279,2011,17769.0,65.0,0.0,0.439,0.439,0.439,0.439,,x,88.0,67.0,16081.0,626.0
439279,2012,18171.0,16.0,0.0,0.1057,0.1057,0.1057,0.1057,,x,90.0,57.0,16302.0,566.0
439279,2013,14009.0,20.0,0.0,0.1713,0.1713,0.1713,0.1713,,x,41.0,46.0,16576.0,634.0
440253,2008,2040.0,9.0,0.0,0.5294,0.5294,0.5294,0.5294,,n,,19.0,9043.0,388.0
440253,2009,1680.0,9.0,0.0,0.6429,0.6429,0.6429,0.6429,,n,,22.0,,378.0
440253,2010,1438.0,17.0,0.0,1.4186,1.4186,1.4186,1.4186,,n,,,,
440305,2001,30250.0,0.0,174.0,0.3451,0.3451,0.3451,0.3451,,n,,,,
440305,2002,39196.0,0.0,224.0,0.3429,0.3429,0.3429,0.3429,,n,321.0,,2858.0,
440305,2003,46318.0,0.0,235.0,0.3044,0.3044,0.3044,0.3044,,n,409.0,,3365.0,
440305,2004,46282.0,0.0,259.0,0.3358,0.3413,0.356,0.3628,1.2643,o,347.0,,3483.0,
440305,2005,42273.0,0.0,220.0,0.3123,0.3112,0.3083,0.3071,0.9507,o,487.0,,3573.0,
440305,2006,51470.0,0.0,241.0,0.2809,0.286,0.2993,0.3054,1.2884,o,551.0,129.0,3552.0,
440305,2007,54148.0,0.0,262.0,0.2903,0.296,0.3113,0.3183,1.3213,o,533.0,242.0,3539.0,
440305,2008,56814.0,0.0,247.0,0.2609,0.2613,0.2626,0.2632,1.027,o,660.0,88.0,3512.0,
440305,2009,62596.0,0.0,180.0,0.1725,0.1749,0.1812,0.1841,1.2177,o,776.0,108.0,3539.0,
440305,2010,71677.0,0.0,248.0,0.2076,0.2115,0.2217,0.2264,1.3009,o,853.0,316.0,3517.0,
440305,2011,72934.0,0.0,296.0,0.2435,0.2465,0.2542,0.2578,1.188,o,788.0,253.0,3434.0,
440387,2005,4992.0,12.0,22.0,0.5529,0.5529,0.5529,0.5529,,n,78.0,,,185.0
440767,2007,4521.0,18.0,11.0,0.6238,0.6238,0.6238,0.6238,,-,21.0,22.0,22325.0,611.0
441487,2006,5214.0,0.0,0.0,0.0,0.0,0.0,0.0,,-,73.0,,,289.0
441487,2011,3979.0,0.0,87.0,1.3119,1.3119,1.3119,1.3119,,-,48.0,29.0,,634.0
441487,2012,6965.0,0.0,31.0,0.267,0.267,0.267,0.267,,-,31.0,46.0,22260.0,311.0
441487,2013,6919.0,0.0,42.0,0.3642,0.3642,0.3642,0.3642,,-,54.0,47.0,20841.0,333.0
441487,2014,6069.0,0.0,25.0,0.2472,0.2472,0.2472,0.2472,,-,27.0,13.0,20451.0,394.0
441487,2015,6409.0,0.0,56.0,0.5243,0.5243,0.5243,0.5243,,-,23.0,32.0,20945.0,370.0
441487,2016,5560.0,0.0,22.0,0.2374,0.2374,0.2374,0.2374,,-,30.0,8.0,19825.0,407.0
441487,2017,2124.0,0.0,22.0,0.6215,0.6215,0.6215,0.6215,,-,8.0,29.0,19869.0,521.0
441487,2018,2264.0,0.0,16.0,0.424,0.424,0.424,0.424,,-,7.0,22.0,19777.0,447.0
441487,2019,2579.0,0.0,25.0,0.5816,0.5816,0.5816,0.5816,,-,9.0,24.0,21081.0,482.0
441487,2020,2393.0,0.0,14.0,0.351,0.351,0.351,0.351,,-,8.0,27.0,21089.0,440.0
441487,2021,2483.0,0.0,20.0,0.4833,0.4833,0.4833,0.4833,,-,12.0,16.0,21290.0,238.0
441487,2022,2128.0,0.0,26.0,0.7331,0.7331,0.7331,0.7331,,-,21.0,12.0,20010.0,526.0
441487,2023,2515.0,0.0,19.0,0.4533,0.4533,0.4533,0.4533,,-,22.0,7.0,18881.0,406.0
441487,2024,3743.0,0.0,19.0,0.3046,0.3046,0.3046,0.3046,,-,9.0,12.0,19025.0,344.0
441496,2006,9363.0,0.0,16.0,0.1025,0.1025,0.1025,0.1025,,-,53.0,,47512.0,347.0
441496,2007,11100.0,0.0,19.0,0.1027,0.1027,0.1027,0.1027,,-,52.0,,49283.0,368.0
441496,2008,3630.0,0.0,10.0,0.1653,0.1653,0.1653,0.1653,,-,14.0,,49753.0,748.0
441496,2010,5911.0,0.0,3.0,0.0305,0.0305,0.0305,0.0305,,-,17.0,,56368.0,561.0
441496,2016,7098.0,0.0,0.0,0.0,0.0,0.0,0.0,,-,32.0,,23332.0,463.0
441496,2017,8398.0,0.0,0.0,0.0,0.0,0.0,0.0,,-,18.0,,21362.0,541.0
441496,2018,8632.0,0.0,0.0,0.0,0.0,0.0,0.0,,-,21.0,,20884.0,570.0
441496,2019,8476.0,0.0,0.0,0.0,0.0,0.0,0.0,,-,29.0,,20447.0,618.0
441496,2020,8072.0,0.0,0.0,0.0,0.0,0.0,0.0,,-,29.0,,20141.0,722.0
441496,2021,9568.0,0.0,0.0,0.0,0.0,0.0,0.0,,-,24.0,,19559.0,573.0
441496,2022,9825.0,0.0,0.0,0.0,0.0,0.0,0.0,,-,31.0,,18383.0,499.0
441496,2023,10104.0,0.0,0.0,0.0,0.0,0.0,0.0,,-,36.0,,17346.0,495.0
441496,2024,10452.0,0.0,0.0,0.0,0.0,0.0,0.0,,-,39.0,,16757.0,559.0
442000,2003,7269.0,0.0,30.0,0.2476,0.2476,0.2476,0.2476,,n,47.0,,3365.0,
442000,2004,6750.0,0.0,30.0,0.2667,0.2667,0.2667,0.2667,,n,32.0,,3483.0,
442000,2005,9753.0,0.0,33.0,0.203,0.199,0.1891,0.1849,0.7529,o,68.0,,3573.0,
442000,2006,10921.0,0.0,37.0,0.2033,0.2112,0.2328,0.2432,1.7215,o,104.0,83.0,3552.0,
442000,2007,11309.0,0.0,50.0,0.2653,0.2792,0.3186,0.3378,2.08,o,121.0,62.0,3539.0,
442000,2008,11663.0,0.0,59.0,0.3035,0.3109,0.3306,0.3397,1.407,o,103.0,7.0,3512.0,
442000,2009,13332.0,0.0,73.0,0.3285,0.3265,0.3214,0.3191,0.9156,o,135.0,25.0,3539.0,
442000,2010,15899.0,0.0,57.0,0.2151,0.2179,0.2254,0.2288,1.2054,o,179.0,95.0,3517.0,
442000,2011,16541.0,0.0,66.0,0.2394,0.2463,0.2651,0.2739,1.5042,o,160.0,104.0,3434.0,
442143,2004,15126.0,10.0,0.0,0.0793,0.0793,0.0793,0.0793,,x,45.0,,16567.0,517.0
442143,2005,20607.0,54.0,0.0,0.3145,0.3145,0.3145,0.3145,,x,72.0,,16659.0,534.0
442143,2006,22731.0,71.0,0.0,0.3748,0.3748,0.3748,0.3748,,x,34.0,70.0,17365.0,557.0
442143,2008,16581.0,151.0,2.0,1.1001,1.1001,1.1001,1.1001,,x,57.0,53.0,17955.0,543.0
442143,2009,19920.0,185.0,0.0,1.1145,1.1145,1.1145,1.1145,,x,41.0,48.0,18345.0,412.0
442143,2010,18562.0,122.0,0.0,0.7887,0.7887,0.7887,0.7887,,x,67.0,58.0,14478.0,472.0
442143,2011,17854.0,95.0,0.0,0.6385,0.6385,0.6385,0.6385,,x,62.0,99.0,14909.0,574.0
442143,2012,18458.0,32.0,0.0,0.208,0.208,0.208,0.208,,x,34.0,45.0,15112.0,535.0
442143,2013,13669.0,55.0,0.0,0.4828,0.4828,0.4828,0.4828,,x,16.0,35.0,15132.0,568.0
442426,2002,10450.0,0.0,0.0,0.0,0.0,0.0,0.0,,-,274.0,,,
442426,2005,7074.0,0.0,0.0,0.0,0.0,0.0,0.0,,-,76.0,,30421.0,
442426,2006,2970.0,0.0,0.0,0.0,0.0,0.0,0.0,,-,10.0,2.0,34270.0,
442426,2008,3185.0,0.0,2.0,0.0377,0.0377,0.0377,0.0377,,-,107.0,19.0,32098.0,
442426,2009,4326.0,0.0,3.0,0.0416,0.0416,0.0416,0.0416,,-,185.0,14.0,31560.0,
442426,2010,6345.0,0.0,26.0,0.2459,0.2459,0.2459,0.2459,,-,105.0,156.0,35787.0,
442426,2011,7114.0,0.0,28.0,0.2362,0.2362,0.2362,0.2362,,-,233.0,41.0,36574.0,
442426,2013,7430.0,0.0,51.0,0.4118,0.4118,0.4118,0.4118,,-,47.0,213.0,33908.0,
442426,2014,13558.0,0.0,60.0,0.2655,0.2655,0.2655,0.2655,,-,28.0,123.0,,
442426,2015,15390.0,0.0,44.0,0.1715,0.1715,0.1715,0.1715,,-,29.0,140.0,,
442426,2016,16238.0,0.0,89.0,0.3289,0.3289,0.3289,0.3289,,-,21.0,136.0,,
442426,2017,15294.0,25.0,55.0,0.4119,0.4119,0.4119,0.4119,,-,25.0,89.0,,
442426,2018,13376.0,11.0,62.0,0.3768,0.3768,0.3768,0.3768,,-,25.0,98.0,,
442426,2019,14086.0,27.0,70.0,0.5282,0.5282,0.5282,0.5282,,-,17.0,152.0,,
442426,2020,13803.0,48.0,66.0,0.7042,0.7042,0.7042,0.7042,,-,23.0,124.0,,
442426,2021,14016.0,42.0,78.0,0.6935,0.6935,0.6935,0.6935,,-,37.0,110.0,,
442426,2022,12796.0,47.0,77.0,0.8018,0.8018,0.8018,0.8018,,-,44.0,59.0,,
442426,2023,12023.0,38.0,148.0,1.1179,1.1179,1.1179,1.1179,,-,22.0,59.0,,
442426,2024,11285.0,31.0,94.0,0.8294,0.8294,0.8294,0.8294,,-,34.0,48.0,,
442514,2003,141.0,0.0,0.0,0.0,0.0,0.0,0.0,,-,,,,597.0
442569,2009,123903.0,274.0,385.0,0.4518,0.4518,0.4518,0.4518,,n,42.0,1398.0,,258.0
442569,2010,148260.0,498.0,337.0,0.5395,0.5395,0.5395,0.5395,,n,756.0,820.0,,288.0
442569,2011,171604.0,645.0,449.0,0.608,0.3569,0.2795,0.2003,0.1086,i,848.0,893.0,,295.0
442569,2012,183133.0,755.0,635.0,0.7028,0.727,0.7385,0.7543,1.152,i,1131.0,803.0,8694.0,291.0
442569,2013,219954.0,873.0,685.0,0.6631,1.0757,1.3426,1.8165,7.5038,i,1912.0,486.0,8703.0,252.0
442569,2014,267398.0,850.0,714.0,0.5417,0.7469,0.8653,1.0577,3.8133,o,1982.0,387.0,8597.0,210.0
443739,2003,7412.0,0.0,0.0,0.0,0.0,0.0,0.0,,-,79.0,,,155.0
443739,2009,21660.0,0.0,183.0,0.5069,0.5069,0.5069,0.5069,,-,92.0,,,391.0
443739,2010,23340.0,0.0,182.0,0.4679,0.4679,0.4679,0.4679,,-,81.0,46.0,,425.0
443739,2011,20640.0,0.0,162.0,0.4709,0.4709,0.4709,0.4709,,-,53.0,43.0,,460.0
443739,2012,15540.0,0.0,145.0,0.5598,0.5598,0.5598,0.5598,,-,84.0,,,371.0
443739,2013,12990.0,0.0,41.0,0.1894,0.1894,0.1894,0.1894,,-,116.0,,17341.0,360.0
445267,2004,25819.0,170.0,0.0,0.7901,0.7901,0.7901,0.7901,,n,,,,
445267,2005,23705.0,150.0,0.0,0.7593,0.7593,0.7593,0.7593,,n,,,,
445267,2006,29418.0,218.0,0.0,0.8893,0.8893,0.8893,0.8893,,n,,213.0,,
445267,2007,27684.0,276.0,0.0,1.1964,1.1964,1.1964,1.1964,,n,,326.0,,
445267,2008,29772.0,235.0,0.0,0.9472,0.9472,0.9472,0.9472,,n,,367.0,,
445267,2013,41276.0,393.0,15.0,1.1644,1.1644,1.1644,1.1644,,n,,753.0,,
445267,2014,44553.0,573.0,9.0,1.5554,1.5554,1.5554,1.5554,,n,,443.0,,
445267,2015,47162.0,662.0,8.0,1.6946,1.6946,1.6946,1.6946,,n,6.0,517.0,,
445267,2016,67520.0,732.0,3.0,1.3036,1.3036,1.3036,1.3036,,n,2.0,390.0,6845.0,
445267,2017,64059.0,668.0,3.0,1.2542,1.2542,1.2542,1.2542,,n,3.0,522.0,6884.0,
445267,2018,64576.0,635.0,6.0,1.1856,1.1856,1.1856,1.1856,,n,4.0,543.0,7179.0,
445267,2019,63692.0,647.0,3.0,1.2218,1.2218,1.2218,1.2218,,n,3.0,540.0,7028.0,
445267,2020,56700.0,626.0,9.0,1.3344,1.2837,1.2735,1.2482,0.875,o,4.0,441.0,7873.0,
445267,2021,53056.0,661.0,7.0,1.5029,1.657,1.6908,1.7783,1.4,o,4.0,379.0,7505.0,
445267,2022,49505.0,576.0,4.0,1.4011,1.4564,1.4681,1.4978,1.1429,o,5.0,395.0,7372.0,
445267,2023,50170.0,481.0,7.0,1.1589,1.2465,1.2654,1.314,1.2857,o,218.0,478.0,7205.0,
445267,2024,57746.0,478.0,23.0,1.0172,2.7755,3.4161,5.7414,31.8571,o,288.0,532.0,6960.0,
445559,2005,10608.0,0.0,0.0,0.0,0.0,0.0,0.0,,-,114.0,,14301.0,170.0
445559,2006,14904.0,0.0,0.0,0.0,0.0,0.0,0.0,,-,65.0,,13949.0,309.0
445559,2007,16590.0,0.0,33.0,0.1193,0.1193,0.1193,0.1193,,-,247.0,,14330.0,395.0
445559,2008,15930.0,0.0,41.0,0.1544,0.1544,0.1544,0.1544,,-,161.0,,13754.0,371.0
445559,2009,13470.0,0.0,55.0,0.245,0.245,0.245,0.245,,-,123.0,7.0,15251.0,409.0
445559,2010,15318.0,0.0,38.0,0.1488,0.1488,0.1488,0.1488,,-,66.0,31.0,16368.0,451.0
445559,2011,14067.0,0.0,82.0,0.3498,0.3498,0.3498,0.3498,,-,41.0,27.0,16765.0,573.0
445559,2012,14280.0,0.0,86.0,0.3613,0.3613,0.3613,0.3613,,-,34.0,28.0,15971.0,521.0
445559,2013,13080.0,0.0,50.0,0.2294,0.2294,0.2294,0.2294,,-,64.0,27.0,16213.0,451.0
445559,2014,17190.0,0.0,42.0,0.1466,0.1466,0.1466,0.1466,,-,81.0,44.0,16546.0,384.0
445559,2015,17673.0,0.0,104.0,0.3531,0.3531,0.3531,0.3531,,-,41.0,17.0,16189.0,503.0
445559,2016,15364.0,0.0,100.0,0.3905,0.3905,0.3905,0.3905,,-,46.0,19.0,16283.0,535.0
445559,2017,13057.0,0.0,92.0,0.4228,0.4228,0.4228,0.4228,,-,32.0,13.0,15965.0,552.0
445559,2018,9699.0,0.0,79.0,0.4887,0.4887,0.4887,0.4887,,-,,,14432.0,
445610,2009,14160.0,0.0,37.0,0.1568,0.1568,0.1568,0.1568,,-,90.0,,,279.0
445610,2010,14130.0,0.0,4.0,0.017,0.017,0.017,0.017,,-,52.0,54.0,,348.0
445610,2011,12090.0,0.0,3.0,0.0149,0.0149,0.0149,0.0149,,-,85.0,20.0,,379.0
445610,2012,13590.0,0.0,44.0,0.1943,0.1943,0.1943,0.1943,,-,76.0,9.0,,363.0
445726,2005,11907.0,0.0,0.0,0.0,0.0,0.0,0.0,,-,77.0,,,
445726,2008,25382.0,0.0,126.0,0.2978,0.2978,0.2978,0.2978,,-,339.0,,16909.0,455.0
445726,2009,37530.0,0.0,210.0,0.3357,0.3357,0.3357,0.3357,,-,98.0,14.0,16762.0,370.0
445726,2010,34484.0,0.0,169.0,0.294,0.294,0.294,0.294,,-,76.0,72.0,18155.0,437.0
445726,2011,23280.0,0.0,153.0,0.3943,0.3943,0.3943,0.3943,,-,68.0,78.0,37551.0,626.0
445726,2012,26462.0,0.0,131.0,0.297,0.297,0.297,0.297,,-,35.0,35.0,18752.0,437.0
445726,2013,20574.0,0.0,91.0,0.2654,0.2654,0.2654,0.2654,,-,28.0,24.0,18503.0,453.0
445726,2014,13691.0,0.0,98.0,0.4295,0.4295,0.4295,0.4295,,-,28.0,14.0,19288.0,535.0
445726,2015,12695.0,0.0,73.0,0.345,0.345,0.345,0.345,,-,63.0,24.0,18671.0,413.0
445726,2016,11481.0,0.0,56.0,0.2927,0.2927,0.2927,0.2927,,-,32.0,24.0,18040.0,416.0
445726,2017,8517.0,0.0,56.0,0.3945,0.3945,0.3945,0.3945,,-,35.0,24.0,17210.0,554.0
445726,2018,6689.0,0.0,29.0,0.2601,0.2601,0.2601,0.2601,,-,,,16588.0,
446710,2006,5556.0,2.0,0.0,0.0432,0.0432,0.0432,0.0432,,x,13.0,15.0,14724.0,494.0
446710,2008,3121.0,29.0,0.0,1.115,1.115,1.115,1.115,,x,22.0,10.0,15936.0,477.0
446710,2009,3540.0,39.0,0.0,1.322,1.322,1.322,1.322,,x,13.0,8.0,17410.0,356.0
446710,2010,4200.0,14.0,0.0,0.4,0.4,0.4,0.4,,x,19.0,4.0,12694.0,455.0
446710,2011,2935.0,13.0,0.0,0.5315,0.5315,0.5315,0.5315,,x,26.0,26.0,13233.0,511.0
446899,2006,5784.0,0.0,0.0,0.0,0.0,0.0,0.0,,-,68.0,41.0,22118.0,383.0
446899,2007,11304.0,0.0,12.0,0.0637,0.0637,0.0637,0.0637,,-,111.0,34.0,22504.0,600.0
446899,2008,18077.0,0.0,68.0,0.2257,0.2257,0.2257,0.2257,,-,172.0,13.0,22828.0,691.0
446899,2009,23557.0,8.0,126.0,0.3617,0.3617,0.3617,0.3617,,-,142.0,18.0,23533.0,753.0
446899,2010,25880.0,41.0,189.0,0.6283,0.6283,0.6283,0.6283,,-,107.0,17.0,24513.0,884.0
446899,2011,22456.0,54.0,240.0,0.9298,0.9298,0.9298,0.9298,,-,57.0,14.0,25194.0,1030.0
446899,2012,16556.0,56.0,181.0,1.0619,1.0619,1.0619,1.0619,,-,60.0,9.0,24556.0,1080.0
446899,2013,12911.0,53.0,141.0,1.1479,1.1479,1.1479,1.1479,,-,58.0,13.0,24126.0,1006.0
446899,2014,10449.0,33.0,76.0,0.8154,0.8154,0.8154,0.8154,,-,31.0,1.0,23762.0,873.0
446899,2015,6995.0,27.0,71.0,1.0721,1.0721,1.0721,1.0721,,-,37.0,,23561.0,855.0
447999,2006,6920.0,0.0,0.0,0.0,0.0,0.0,0.0,,-,20.0,,,393.0
447999,2008,4437.0,0.0,0.0,0.0,0.0,0.0,0.0,,-,48.0,57.0,,511.0
447999,2017,4590.0,0.0,3.0,0.0392,0.0392,0.0392,0.0392,,-,47.0,,,637.0
447999,2018,5130.0,0.0,18.0,0.2105,0.2105,0.2105,0.2105,,-,41.0,,,596.0
447999,2019,6570.0,0.0,24.0,0.2192,0.2192,0.2192,0.2192,,-,59.0,,,428.0
447999,2020,7230.0,0.0,7.0,0.0581,0.0581,0.0581,0.0581,,-,42.0,,,389.0
447999,2023,9251.0,0.0,13.0,0.0843,0.0843,0.0843,0.0843,,-,58.0,,,250.0
447999,2024,8921.0,0.0,18.0,0.1211,0.1211,0.1211,0.1211,,-,68.0,,,260.0
448585,2006,5091.0,0.0,0.0,0.0,0.0,0.0,0.0,,-,86.0,81.0,,570.0
448585,2007,8022.0,0.0,29.0,0.2169,0.2169,0.2169,0.2169,,-,48.0,52.0,20148.0,581.0
448585,2008,6423.0,0.0,35.0,0.3269,0.3269,0.3269,0.3269,,-,88.0,59.0,15087.0,672.0
448585,2009,8329.0,1.0,38.0,0.2882,0.2882,0.2882,0.2882,,-,105.0,110.0,16899.0,564.0
448585,2010,10775.0,2.0,25.0,0.1615,0.1615,0.1615,0.1615,,-,120.0,78.0,17383.0,623.0
448585,2011,11426.0,7.0,52.0,0.3466,0.3466,0.3466,0.3466,,-,91.0,61.0,17540.0,655.0
448585,2012,11264.0,7.0,63.0,0.4102,0.4102,0.4102,0.4102,,-,50.0,132.0,17405.0,642.0
448585,2013,11409.0,3.0,53.0,0.3103,0.3103,0.3103,0.3103,,-,27.0,81.0,15933.0,643.0
448585,2014,9854.0,6.0,53.0,0.3958,0.3958,0.3958,0.3958,,-,21.0,54.0,16214.0,662.0
448585,2015,8544.0,10.0,55.0,0.5267,0.5267,0.5267,0.5267,,-,34.0,26.0,17064.0,673.0
448585,2016,6355.0,1.0,53.0,0.5193,0.5193,0.5193,0.5193,,-,9.0,27.0,17366.0,735.0
448585,2017,4975.0,8.0,54.0,0.8443,0.8443,0.8443,0.8443,,-,8.0,19.0,17535.0,790.0
450137,2008,18394.0,0.0,1.0,0.0033,0.0033,0.0033,0.0033,,n,191.0,71.0,3556.0,
450137,2009,26634.0,0.0,18.0,0.0405,0.0405,0.0405,0.0405,,n,198.0,111.0,3583.0,
450137,2010,32431.0,0.0,47.0,0.087,0.0885,0.0926,0.0945,1.2857,o,256.0,133.0,3559.0,
453109,2009,5000.0,0.0,0.0,0.0,0.0,0.0,0.0,,-,108.0,4.0,11795.0,
453109,2010,7404.0,0.0,7.0,0.0567,0.0567,0.0567,0.0567,,-,181.0,,18642.0,
453109,2011,9535.0,0.0,46.0,0.2894,0.2894,0.2894,0.2894,,-,96.0,,19124.0,
453109,2012,7143.0,0.0,24.0,0.2016,0.2016,0.2016,0.2016,,-,93.0,,18327.0,
453109,2013,6663.0,0.0,7.0,0.063,0.063,0.063,0.063,,-,105.0,5.0,18512.0,
453109,2014,5405.0,0.0,5.0,0.0555,0.0555,0.0555,0.0555,,-,117.0,,18232.0,
453109,2015,4362.0,0.0,3.0,0.0413,0.0413,0.0413,0.0413,,-,86.0,,18339.0,
453109,2016,6687.0,0.0,9.0,0.0808,0.0808,0.0808,0.0808,,-,68.0,12.0,,
455673,2010,8115.0,0.0,16.0,0.1183,0.1183,0.1183,0.1183,,-,24.0,,,162.0
455673,2011,5067.0,0.0,41.0,0.4855,0.4855,0.4855,0.4855,,-,5.0,2.0,13764.0,159.0
455673,2014,2011.0,0.0,22.0,0.6563,0.6563,0.6563,0.6563,,-,,,13594.0,272.0
456302,2010,19296.0,0.0,0.0,0.0,0.0,0.0,0.0,,-,118.0,,,318.0
456302,2011,19454.0,0.0,0.0,0.0,0.0,0.0,0.0,,-,66.0,,,607.0
456302,2012,15540.0,0.0,0.0,0.0,0.0,0.0,0.0,,-,62.0,,,555.0
456302,2013,13464.0,0.0,0.0,0.0,0.0,0.0,0.0,,-,73.0,,,556.0
456302,2014,12403.0,0.0,0.0,0.0,0.0,0.0,0.0,,-,26.0,29.0,,506.0
456302,2015,10341.0,0.0,4.0,0.0232,0.0232,0.0232,0.0232,,-,,,17429.0,478.0
456409,2010,7392.0,0.0,0.0,0.0,0.0,0.0,0.0,,-,62.0,9.0,24513.0,501.0
456409,2011,9192.0,0.0,47.0,0.3068,0.3068,0.3068,0.3068,,-,33.0,6.0,25194.0,858.0
456409,2012,7248.0,0.0,86.0,0.7119,0.7119,0.7119,0.7119,,-,37.0,11.0,24556.0,1076.0
456409,2013,6355.0,4.0,80.0,0.8309,0.8309,0.8309,0.8309,,-,46.0,5.0,24126.0,989.0
456409,2014,5845.0,9.0,59.0,0.7905,0.7905,0.7905,0.7905,,-,22.0,,23762.0,808.0
456409,2015,4140.0,5.0,65.0,1.087,1.087,1.087,1.087,,-,23.0,2.0,23561.0,946.0
457688,2011,4500.0,0.0,35.0,0.4667,0.4667,0.4667,0.4667,,-,270.0,88.0,,489.0
457688,2012,4212.0,0.0,45.0,0.641,0.641,0.641,0.641,,-,114.0,51.0,,359.0
457688,2013,31260.0,0.0,27.0,0.0518,0.0518,0.0518,0.0518,,-,472.0,1059.0,,72.0
457688,2015,5610.0,2.0,81.0,0.9091,0.9091,0.9091,0.9091,,-,33.0,39.0,,795.0
457688,2016,5100.0,4.0,68.0,0.8941,0.8941,0.8941,0.8941,,-,30.0,94.0,,673.0
457688,2019,4530.0,21.0,29.0,0.9404,0.9404,0.9404,0.9404,,-,14.0,,,625.0
457688,2020,6150.0,14.0,17.0,0.439,0.439,0.439,0.439,,-,73.0,64.0,,73.0
457697,2010,1131.0,5.0,0.0,0.5305,0.5305,0.5305,0.5305,,n,,34.0,,104.0
457697,2011,1323.0,8.0,0.0,0.7256,0.7256,0.7256,0.7256,,n,,23.0,6980.0,67.0
457697,2012,768.0,11.0,0.0,1.7188,1.7188,1.7188,1.7188,,n,6.0,29.0,,128.0
457697,2013,1083.0,4.0,0.0,0.4432,0.4432,0.4432,0.4432,,n,7.0,24.0,8021.0,130.0
457697,2014,1401.0,14.0,0.0,1.1991,1.1991,1.1991,1.1991,,n,4.0,6.0,7900.0,195.0
457697,2015,1305.0,13.0,0.0,1.1954,1.1954,1.1954,1.1954,,n,5.0,15.0,7833.0,240.0
457697,2016,1881.0,9.0,0.0,0.5742,0.5742,0.5742,0.5742,,n,7.0,30.0,7779.0,190.0
457697,2017,1833.0,13.0,0.0,0.8511,0.8315,0.8276,0.8177,0.9231,o,4.0,32.0,8924.0,244.0
457697,2018,1524.0,20.0,3.0,1.6929,1.6929,1.6929,1.6929,1.0,o,,17.0,6979.0,255.0
457697,2019,1341.0,13.0,2.0,1.2528,1.3037,1.3145,1.3418,1.1472,i,10.0,23.0,6833.0,215.0
457697,2020,1431.0,14.0,3.0,1.2998,1.4211,1.4476,1.516,1.3604,i,12.0,42.0,7212.0,206.0
457697,2021,1869.0,26.0,5.0,1.8299,2.2373,2.3323,2.5878,2.0,o,12.0,40.0,7003.0,181.0
457697,2022,2109.0,18.0,5.0,1.1664,1.4897,1.567,1.7784,2.3246,i,25.0,41.0,6582.0,184.0
457697,2023,2488.0,20.0,9.0,1.1817,1.4981,1.5735,1.779,2.2665,i,24.0,91.0,6211.0,187.0
457697,2024,3193.0,21.0,21.0,1.1838,1.4933,1.5668,1.7668,2.2273,o,34.0,90.0,6400.0,174.0
459435,2010,1242.0,0.0,0.0,0.0,0.0,0.0,0.0,,-,23.0,,,
460048,2011,9331.0,0.0,0.0,0.0,0.0,0.0,0.0,,-,52.0,123.0,13750.0,320.0
460048,2012,14813.0,0.0,43.0,0.1742,0.1742,0.1742,0.1742,,-,79.0,111.0,13852.0,389.0
460048,2013,16984.0,0.0,156.0,0.5511,0.5511,0.5511,0.5511,,-,72.0,138.0,14822.0,406.0
460048,2014,15660.0,1.0,130.0,0.5057,0.5057,0.5057,0.5057,,-,73.0,58.0,14717.0,447.0
460048,2015,12827.0,6.0,151.0,0.7625,0.7625,0.7625,0.7625,,-,39.0,29.0,14604.0,422.0
460048,2017,3073.0,12.0,93.0,2.2847,2.2847,2.2847,2.2847,,-,5.0,8.0,,
466170,2011,5785.0,0.0,0.0,0.0,0.0,0.0,0.0,,-,113.0,48.0,,594.0
466170,2012,7100.0,4.0,3.0,0.093,0.093,0.093,0.093,,-,53.0,83.0,17405.0,590.0
466170,2013,8441.0,4.0,10.0,0.1279,0.1279,0.1279,0.1279,,-,37.0,73.0,15933.0,579.0
466170,2014,7543.0,5.0,21.0,0.2466,0.2466,0.2466,0.2466,,-,25.0,50.0,16214.0,625.0
466170,2015,6823.0,24.0,21.0,0.6067,0.6067,0.6067,0.6067,,-,48.0,30.0,17064.0,628.0
466170,2016,4827.0,7.0,24.0,0.4724,0.4724,0.4724,0.4724,,-,12.0,29.0,17366.0,730.0
466170,2017,4418.0,3.0,17.0,0.3124,0.3124,0.3124,0.3124,,-,14.0,35.0,17535.0,624.0
466921,2011,138030.0,2284.0,0.0,1.9857,1.9857,1.9857,1.9857,,-,14.0,4573.0,,930.0
466921,2013,15240.0,161.0,0.0,1.2677,1.2677,1.2677,1.2677,,-,2.0,139.0,22645.0,959.0
466921,2014,14730.0,148.0,0.0,1.2057,1.2057,1.2057,1.2057,,-,2.0,135.0,22751.0,979.0
466921,2015,15360.0,163.0,0.0,1.2734,1.2734,1.2734,1.2734,,-,4.0,134.0,22558.0,996.0
466921,2016,15630.0,192.0,0.0,1.4741,1.4741,1.4741,1.4741,,-,5.0,131.0,23336.0,1018.0
466921,2017,12960.0,157.0,0.0,1.4537,1.4537,1.4537,1.4537,,-,3.0,153.0,24514.0,1055.0
466921,2018,13830.0,135.0,0.0,1.1714,1.1714,1.1714,1.1714,,-,4.0,139.0,24147.0,1035.0
466921,2019,13500.0,162.0,0.0,1.44,1.44,1.44,1.44,,-,3.0,154.0,23641.0,1009.0
466921,2020,12870.0,154.0,0.0,1.4359,1.4359,1.4359,1.4359,,-,9.0,93.0,23288.0,986.0
466921,2021,11040.0,133.0,0.0,1.4457,1.4457,1.4457,1.4457,,-,3.0,80.0,22725.0,941.0
466921,2022,9780.0,93.0,0.0,1.1411,1.1411,1.1411,1.1411,,-,4.0,69.0,21358.0,895.0
466921,2023,9150.0,94.0,0.0,1.2328,1.2328,1.2328,1.2328,,-,5.0,64.0,20319.0,850.0
466921,2024,7710.0,113.0,0.0,1.7588,1.7588,1.7588,1.7588,,-,7.0,67.0,19686.0,827.0
475583,2013,7281.0,0.0,35.0,0.2884,0.2884,0.2884,0.2884,,-,51.0,,,433.0
475583,2014,6579.0,0.0,25.0,0.228,0.228,0.228,0.228,,-,18.0,,19433.0,420.0
475583,2015,4703.0,0.0,36.0,0.4593,0.4593,0.4593,0.4593,,-,35.0,17.0,20032.0,401.0
475583,2016,3652.0,0.0,59.0,0.9693,0.9693,0.9693,0.9693,,-,29.0,,20058.0,460.0
477233,2022,2893.0,0.0,30.0,0.6222,0.6222,0.6222,0.6222,,-,50.0,6.0,,
477233,2023,2940.0,0.0,41.0,0.8367,0.8367,0.8367,0.8367,,-,44.0,4.0,17386.0,
477233,2024,2990.0,0.0,33.0,0.6622,0.6622,0.6622,0.6622,,-,44.0,4.0,17268.0,
481766,2013,3418.0,0.0,1.0,0.0176,0.0176,0.0176,0.0176,,-,45.0,,,
481766,2014,4130.0,0.0,0.0,0.0,0.0,0.0,0.0,,-,11.0,28.0,13265.0,845.0
481766,2015,4820.0,0.0,5.0,0.0622,0.0622,0.0622,0.0622,,-,10.0,26.0,13544.0,605.0
481766,2016,4906.0,0.0,9.0,0.1101,0.1101,0.1101,0.1101,,-,10.0,10.0,13451.0,628.0
481915,2014,6148.0,0.0,0.0,0.0,0.0,0.0,0.0,,-,35.0,20.0,19683.0,172.0
481915,2015,11931.0,0.0,40.0,0.2012,0.2012,0.2012,0.2012,,-,35.0,21.0,19517.0,365.0
481915,2016,10828.0,0.0,41.0,0.2272,0.2272,0.2272,0.2272,,-,42.0,20.0,19382.0,449.0
481915,2017,8078.0,0.0,39.0,0.2897,0.2897,0.2897,0.2897,,-,33.0,13.0,14456.0,509.0
481915,2018,5660.0,0.0,35.0,0.371,0.371,0.371,0.371,,-,,,17728.0,
481988,2014,21251.0,0.0,1.0,0.0028,0.0028,0.0028,0.0028,,-,63.0,22.0,16918.0,285.0
481988,2015,25097.0,0.0,162.0,0.3873,0.3873,0.3873,0.3873,,-,45.0,20.0,16775.0,371.0
481988,2016,15728.0,0.0,114.0,0.4349,0.4349,0.4349,0.4349,,-,60.0,27.0,16659.0,499.0
481988,2017,11161.0,0.0,74.0,0.3978,0.3978,0.3978,0.3978,,-,66.0,24.0,16381.0,475.0
481988,2018,9642.0,0.0,61.0,0.3796,0.3796,0.3796,0.3796,,-,,,16015.0,
481997,2013,60.0,0.0,0.0,0.0,0.0,0.0,0.0,,-,,,,
482352,2013,2645.0,0.0,0.0,0.0,0.0,0.0,0.0,,-,13.0,28.0,,589.0
482352,2014,1603.0,0.0,2.0,0.0749,0.0749,0.0749,0.0749,,-,6.0,14.0,16214.0,660.0
482352,2015,1562.0,2.0,4.0,0.3073,0.3073,0.3073,0.3073,,-,20.0,9.0,17064.0,625.0
482398,2013,7196.0,0.0,0.0,0.0,0.0,0.0,0.0,,-,134.0,110.0,,529.0
482398,2014,15413.0,0.0,12.0,0.0467,0.0467,0.0467,0.0467,,-,101.0,66.0,18143.0,450.0
482398,2015,16069.0,30.0,30.0,0.3361,0.3361,0.3361,0.3361,,-,68.0,53.0,17989.0,411.0
482398,2016,13437.0,39.0,33.0,0.4957,0.4957,0.4957,0.4957,,-,,,17860.0,481.0
482398,2017,5189.0,70.0,23.0,1.8846,1.8846,1.8846,1.8846,,-,,,,
482538,2013,26580.0,195.0,49.0,0.991,0.991,0.991,0.991,,x,49.0,200.0,,757.0
482538,2014,20340.0,168.0,43.0,1.118,1.118,1.118,1.118,,x,40.0,141.0,21079.0,769.0
482538,2015,15150.0,139.0,24.0,1.196,1.196,1.196,1.196,,x,8.0,73.0,22047.0,785.0
482538,2016,8580.0,99.0,18.0,1.5105,1.5105,1.5105,1.5105,,x,13.0,47.0,25369.0,982.0
482538,2017,5670.0,63.0,12.0,1.4603,1.4603,1.4603,1.4603,,x,2.0,25.0,25429.0,1091.0
482538,2018,3690.0,45.0,11.0,1.6423,1.6423,1.6423,1.6423,,x,2.0,23.0,21501.0,1387.0
482538,2019,2370.0,38.0,5.0,2.0506,2.0506,2.0506,2.0506,,x,1.0,13.0,21225.0,646.0
482538,2020,1954.0,16.0,2.0,1.044,1.044,1.044,1.044,,x,,3.0,21395.0,578.0
482538,2021,1289.0,14.0,3.0,1.443,1.443,1.443,1.443,,x,1.0,3.0,20525.0,530.0
482538,2022,503.0,6.0,0.0,1.4314,1.4314,1.4314,1.4314,,x,,,19185.0,495.0
484701,2014,30855.0,210.0,0.0,0.8167,0.8167,0.8167,0.8167,,x,3.0,8.0,,397.0
484701,2015,18892.0,241.0,0.0,1.5308,1.5308,1.5308,1.5308,,x,,1.0,14615.0,288.0
484701,2016,8374.0,185.0,0.0,2.6511,2.6511,2.6511,2.6511,,x,,,,204.0
490203,2017,3603.0,0.0,22.0,0.3664,0.3664,0.3664,0.3664,,n,16.0,42.0,,536.0
490203,2018,4162.0,0.0,26.0,0.3748,0.3748,0.3748,0.3748,,n,22.0,,19777.0,516.0
490203,2019,7647.0,0.0,31.0,0.2432,0.2432,0.2432,0.2432,,n,7.0,56.0,21124.0,287.0
490203,2020,6750.0,0.0,35.0,0.3111,0.3111,0.3111,0.3111,,n,17.0,74.0,21347.0,353.0
490203,2021,5099.0,0.0,36.0,0.4236,0.4236,0.4236,0.4236,,n,12.0,44.0,21430.0,511.0
490203,2022,4883.0,0.0,32.0,0.3932,0.3636,0.3577,0.3435,0.7632,o,12.0,45.0,22226.0,442.0
490203,2023,4220.0,6.0,30.0,0.5972,0.5653,0.5589,0.5432,0.8276,o,9.0,33.0,25475.0,604.0
490203,2024,4777.0,10.0,37.0,0.7159,0.6887,0.6832,0.6697,0.875,o,42.0,32.0,27125.0,625.0
490771,2017,10853.0,39.0,17.0,0.5252,0.5252,0.5252,0.5252,,x,24.0,50.0,,406.0
490771,2018,9663.0,29.0,16.0,0.4595,0.4595,0.4595,0.4595,,x,5.0,24.0,17776.0,413.0
492801,2018,39089.0,296.0,123.0,1.0975,1.0975,1.0975,1.0975,,n,114.0,175.0,,414.0
492801,2019,33779.0,289.0,97.0,1.199,1.199,1.199,1.199,,n,88.0,205.0,7623.0,438.0
492801,2020,31958.0,242.0,83.0,1.0645,1.0645,1.0645,1.0645,,n,43.0,138.0,8700.0,417.0
492801,2021,25160.0,216.0,92.0,1.2496,1.2496,1.2496,1.2496,,n,62.0,106.0,9249.0,426.0
492801,2022,20639.0,170.0,69.0,1.189,1.189,1.189,1.189,,n,43.0,106.0,8693.0,422.0
492801,2023,19754.0,145.0,67.0,1.0843,0.8969,0.8624,0.7818,0.5198,o,68.0,97.0,8203.0,373.0
492801,2024,18020.0,145.0,65.0,1.182,1.1266,1.1154,1.0881,0.8473,o,60.0,68.0,8044.0,416.0
493451,2019,3263.0,0.0,0.0,0.0,0.0,0.0,0.0,,-,2.0,,,375.0
493451,2020,3828.0,0.0,0.0,0.0,0.0,0.0,0.0,,-,10.0,,,348.0
493451,2021,5850.0,0.0,10.0,0.1026,0.1026,0.1026,0.1026,,-,18.0,,,213.0
493451,2022,3911.0,0.0,5.0,0.0767,0.0767,0.0767,0.0767,,-,18.0,,,304.0
493451,2023,4101.0,0.0,4.0,0.0585,0.0585,0.0585,0.0585,,-,33.0,,,278.0
493451,2024,4211.0,0.0,0.0,0.0,0.0,0.0,0.0,,-,6.0,,,270.0
494685,2019,6353.0,25.0,4.0,0.51,0.51,0.51,0.51,,n,61.0,60.0,,333.0
494685,2020,8548.0,25.0,4.0,0.379,0.379,0.379,0.379,,n,60.0,63.0,6678.0,348.0
494685,2021,10107.0,42.0,6.0,0.5343,0.5343,0.5343,0.5343,,n,53.0,111.0,6485.0,349.0
494685,2022,12377.0,53.0,7.0,0.5478,0.5478,0.5478,0.5478,,n,54.0,77.0,6095.0,298.0
494685,2023,13844.0,66.0,9.0,0.6111,0.6111,0.6111,0.6111,,n,64.0,112.0,7681.0,317.0
494685,2024,14774.0,103.0,7.0,0.865,0.8588,0.8575,0.8542,0.9752,o,52.0,72.0,8506.0,444.0
497824,2022,4822.0,57.0,4.0,1.4683,1.4683,1.4683,1.4683,,n,11.0,16.0,,
497824,2023,6131.0,86.0,8.0,1.7615,1.7615,1.7615,1.7615,,n,5.0,20.0,8307.0,
497824,2024,6325.0,73.0,3.0,1.4134,1.4134,1.4134,1.4134,,n,15.0,57.0,8025.0,
