unitid,year,credits,BA,AA,ER_m,ER_l,ER_c,ER_h,G,G_source,first_time_n,transfer_in_n,sticker_real,rev_per_credit_real
197814,1999,37143.0,0.0,195.0,0.315,0.3265,0.358,0.373,1.6691,o,,,,
197814,2000,55221.0,0.0,185.0,0.201,0.2068,0.2223,0.2296,1.4955,o,,,,
197814,2001,54717.0,0.0,161.0,0.1765,0.1784,0.1832,0.1853,1.1586,o,,,,
197814,2002,61931.0,0.0,147.0,0.1424,0.1421,0.1415,0.1411,0.9732,o,639.0,,1784.0,
197814,2003,63773.0,0.0,172.0,0.1618,0.1664,0.1787,0.1845,1.4878,o,470.0,,1927.0,31.0
197814,2004,54401.0,0.0,157.0,0.1732,0.1718,0.1682,0.1666,0.8902,o,312.0,,1884.0,37.0
197814,2005,59911.0,0.0,165.0,0.1652,0.1587,0.1431,0.1367,0.5627,o,360.0,,1957.0,35.0
197814,2006,42203.0,0.0,193.0,0.2744,0.2728,0.2688,0.267,0.9207,o,290.0,,2078.0,60.0
197814,2007,44100.0,0.0,190.0,0.2585,0.2559,0.2492,0.2462,0.8631,o,356.0,443.0,2017.0,46.0
197814,2008,47956.0,0.0,178.0,0.2227,0.2241,0.2278,0.2295,1.0954,o,363.0,553.0,2069.0,54.0
197814,2009,51144.0,0.0,175.0,0.2053,0.207,0.2114,0.2134,1.1238,o,559.0,630.0,2034.0,34.0
197814,2010,57208.0,0.0,225.0,0.236,0.2434,0.2635,0.273,1.5549,o,572.0,578.0,2416.0,52.0
197814,2011,63448.0,0.0,268.0,0.2534,0.2573,0.2675,0.2721,1.2408,o,737.0,558.0,2665.0,36.0
197814,2012,63900.0,0.0,262.0,0.246,0.2506,0.2629,0.2685,1.3033,o,497.0,436.0,3033.0,35.0
197814,2013,57437.0,0.0,250.0,0.2612,0.2562,0.2438,0.2385,0.7594,o,568.0,454.0,2671.0,51.0
197814,2014,50014.0,0.0,268.0,0.3215,0.3197,0.3149,0.3128,0.9206,o,515.0,418.0,2682.0,60.0
197814,2015,51127.0,0.0,270.0,0.3169,0.3161,0.3142,0.3134,0.9671,o,416.0,323.0,2744.0,59.0
197814,2016,48704.0,0.0,245.0,0.3018,0.2963,0.2826,0.2767,0.7682,o,351.0,318.0,2866.0,59.0
197814,2017,49741.0,0.0,291.0,0.351,0.3441,0.3271,0.3198,0.754,o,382.0,387.0,2839.0,56.0
197814,2018,50229.0,0.0,367.0,0.4384,0.4383,0.438,0.4378,0.9961,o,263.0,116.0,2770.0,51.0
197814,2019,52289.0,0.0,356.0,0.4085,0.3991,0.376,0.3661,0.7176,o,325.0,111.0,2732.0,49.0
197814,2020,48044.0,0.0,356.0,0.4446,0.4448,0.4455,0.4457,1.0078,o,322.0,146.0,2698.0,45.0
197814,2021,51244.0,0.0,385.0,0.4508,0.4537,0.4612,0.4645,1.0952,o,327.0,356.0,2650.0,42.0
197814,2022,42225.0,0.0,349.0,0.4959,0.4963,0.4973,0.4977,1.0108,o,298.0,78.0,2444.0,43.0
197814,2023,42792.0,0.0,366.0,0.5132,0.5101,0.5024,0.499,0.9183,o,357.0,91.0,2339.0,44.0
197814,2024,43737.0,0.0,351.0,0.4815,0.486,0.4978,0.5031,1.1424,o,394.0,118.0,2249.0,49.0
197832,1999,5456.0,0.0,0.0,0.0,0.0,0.0,0.0,,-,,,,
197832,2000,6171.0,0.0,0.0,0.0,0.0,0.0,0.0,,-,,,,
197832,2002,19949.0,0.0,20.0,0.0602,0.0602,0.0602,0.0602,,-,334.0,,27975.0,
197832,2005,22728.0,0.0,154.0,0.4065,0.4065,0.4065,0.4065,,-,203.0,,,725.0
197832,2006,26381.0,0.0,144.0,0.3275,0.3275,0.3275,0.3275,,-,225.0,,26867.0,811.0
197832,2007,29457.0,19.0,131.0,0.3442,0.3442,0.3442,0.3442,,-,290.0,,27458.0,766.0
197832,2008,32780.0,81.0,79.0,0.4411,0.4411,0.4411,0.4411,,-,384.0,3.0,28456.0,778.0
197832,2009,33647.0,80.0,104.0,0.4708,0.4708,0.4708,0.4708,,-,244.0,129.0,29780.0,785.0
197832,2010,33451.0,85.0,104.0,0.4915,0.4915,0.4915,0.4915,,-,302.0,119.0,31646.0,826.0
197832,2011,37231.0,84.0,103.0,0.4367,0.4367,0.4367,0.4367,,-,410.0,197.0,23770.0,748.0
197832,2012,38957.0,99.0,122.0,0.4929,0.4929,0.4929,0.4929,,-,367.0,200.0,23577.0,727.0
197832,2013,37263.0,76.0,140.0,0.4702,0.4702,0.4702,0.4702,,-,423.0,199.0,23164.0,734.0
197832,2014,39051.0,104.0,155.0,0.5577,0.5577,0.5577,0.5577,,-,311.0,146.0,22550.0,694.0
197832,2015,31012.0,61.0,150.0,0.5262,0.5262,0.5262,0.5262,,-,221.0,91.0,22360.0,631.0
197832,2016,23567.0,43.0,131.0,0.5525,0.5525,0.5525,0.5525,,-,122.0,47.0,22200.0,540.0
197832,2017,16953.0,48.0,92.0,0.6654,0.6654,0.6654,0.6654,,-,92.0,48.0,21829.0,528.0
197832,2018,12901.0,65.0,55.0,0.8604,0.8604,0.8604,0.8604,,-,,,21339.0,
197850,1999,34061.0,0.0,117.0,0.2061,0.217,0.2477,0.2627,2.0864,o,,,,
197850,2001,38020.0,0.0,118.0,0.1862,0.187,0.1891,0.1901,1.0642,o,,,,
197850,2002,37000.0,0.0,53.0,0.0859,0.0853,0.0836,0.0829,0.8953,o,336.0,,1755.0,
197850,2003,35380.0,0.0,175.0,0.2968,0.2996,0.3069,0.3101,1.1429,o,54.0,,1954.0,34.0
197850,2005,46080.0,0.0,152.0,0.1979,0.1723,0.1207,0.1031,0.1385,o,288.0,,2046.0,19.0
197850,2006,46440.0,0.0,125.0,0.1615,0.1853,0.2637,0.3085,7.1111,o,359.0,,2055.0,37.0
197850,2007,47018.0,0.0,114.0,0.1455,0.1541,0.1787,0.1909,2.2794,o,349.0,179.0,1995.0,71.0
197850,2008,47143.0,0.0,143.0,0.182,0.183,0.1855,0.1866,1.0788,o,491.0,182.0,2078.0,103.0
197850,2009,52565.0,0.0,137.0,0.1564,0.16,0.1697,0.1742,1.387,o,351.0,225.0,2104.0,48.0
197850,2010,60929.0,0.0,148.0,0.1457,0.1439,0.1393,0.1374,0.8357,o,381.0,183.0,2484.0,45.0
197850,2011,56747.0,0.0,201.0,0.2125,0.211,0.2073,0.2056,0.905,o,349.0,96.0,2716.0,44.0
197850,2012,59970.0,0.0,237.0,0.2371,0.2363,0.2343,0.2334,0.9536,o,358.0,131.0,3097.0,45.0
197850,2013,53456.0,0.0,236.0,0.2649,0.2645,0.2636,0.2632,0.9808,o,475.0,199.0,3149.0,55.0
197850,2014,52985.0,0.0,254.0,0.2876,0.2936,0.3097,0.3171,1.3437,o,391.0,132.0,3198.0,54.0
197850,2015,50737.0,0.0,281.0,0.3323,0.3308,0.3271,0.3254,0.9388,o,338.0,159.0,2445.0,56.0
197850,2016,52170.0,0.0,244.0,0.2806,0.2758,0.2638,0.2586,0.7806,o,280.0,201.0,2428.0,59.0
197850,2017,54613.0,0.0,248.0,0.2725,0.2675,0.2551,0.2498,0.7682,o,290.0,180.0,2388.0,49.0
197850,2018,56862.0,0.0,293.0,0.3092,0.3078,0.3043,0.3028,0.9385,o,250.0,170.0,2486.0,48.0
197850,2019,56331.0,0.0,283.0,0.3014,0.2987,0.2917,0.2887,0.8772,o,335.0,210.0,2434.0,40.0
197850,2020,62131.0,0.0,289.0,0.2791,0.2833,0.2946,0.2997,1.2407,o,353.0,202.0,2398.0,41.0
197850,2021,59748.0,0.0,273.0,0.2742,0.2778,0.2873,0.2917,1.2068,o,402.0,219.0,2352.0,40.0
197850,2022,64349.0,0.0,300.0,0.2797,0.2828,0.2908,0.2945,1.1686,o,439.0,193.0,2211.0,38.0
197850,2023,66307.0,0.0,333.0,0.3013,0.3045,0.3129,0.3167,1.1629,o,445.0,193.0,2086.0,43.0
197850,2024,71400.0,0.0,368.0,0.3092,0.3105,0.3137,0.3151,1.0583,o,572.0,251.0,2022.0,48.0
197869,1998,376290.0,2114.0,0.0,0.6742,0.6869,0.6929,0.701,1.0813,o,,,,
197869,1999,368790.0,2122.0,0.0,0.6905,0.6954,0.6976,0.7007,1.0299,o,,,,
197869,2000,340347.0,2340.0,0.0,0.825,0.8208,0.8188,0.8162,0.9786,o,,,,
197869,2001,353187.0,2071.0,0.0,0.7036,0.7101,0.7131,0.7172,1.0388,o,,,,
197869,2002,366863.0,2196.0,0.0,0.7183,0.7251,0.7282,0.7325,1.0399,o,2419.0,,3998.0,
197869,2003,378651.0,2233.0,0.0,0.7077,0.7151,0.7186,0.7233,1.0446,o,2473.0,,4750.0,203.0
197869,2004,382470.0,2508.0,0.0,0.7869,0.7919,0.7942,0.7973,1.0267,o,2516.0,,4854.0,205.0
197869,2005,388180.0,2663.0,0.0,0.8232,0.8281,0.8303,0.8334,1.0249,o,2543.0,,5149.0,209.0
197869,2006,389630.0,2556.0,0.0,0.7872,0.8,0.8059,0.814,1.0693,o,2716.0,852.0,5352.0,207.0
197869,2007,406428.0,2425.0,0.0,0.716,0.7285,0.7344,0.7424,1.075,o,2737.0,943.0,6084.0,229.0
197869,2008,422710.0,2634.0,0.0,0.7477,0.7639,0.7714,0.7817,1.093,o,2781.0,1026.0,6206.0,215.0
197869,2009,437476.0,2812.0,0.0,0.7713,0.7876,0.7951,0.8056,1.0907,o,2743.0,1031.0,6234.0,215.0
197869,2010,447412.0,3000.0,0.0,0.8046,0.8142,0.8186,0.8247,1.0504,o,2829.0,1027.0,6420.0,211.0
197869,2011,458919.0,3010.0,0.0,0.7871,0.7912,0.793,0.7956,1.0218,o,2972.0,991.0,7330.0,234.0
197869,2012,469697.0,3435.0,0.0,0.8776,0.8882,0.8931,0.8998,1.0513,o,3028.0,1153.0,7535.0,248.0
197869,2013,475736.0,3404.0,0.0,0.8586,0.8758,0.8838,0.8949,1.0862,o,2883.0,1329.0,8100.0,258.0
197869,2014,487554.0,3378.0,0.0,0.8314,0.8433,0.8488,0.8563,1.0608,o,3033.0,1360.0,8508.0,268.0
197869,2015,496122.0,3713.0,0.0,0.8981,0.9023,0.9043,0.9069,1.0198,o,3049.0,1440.0,8555.0,270.0
197869,2016,496079.0,3759.0,0.0,0.9093,0.9123,0.9136,0.9155,1.0137,o,3125.0,1596.0,8883.0,277.0
197869,2017,505191.0,3894.0,0.0,0.925,0.9347,0.9392,0.9453,1.0445,o,3306.0,1527.0,9097.0,284.0
197869,2018,517560.0,3893.0,0.0,0.9026,0.9209,0.9294,0.9411,1.0871,o,3445.0,1568.0,9100.0,282.0
197869,2019,526987.0,4028.0,0.0,0.9172,0.9405,0.9513,0.9663,1.11,o,3501.0,1449.0,8986.0,277.0
197869,2020,528601.0,4163.0,0.0,0.9451,0.9722,0.9848,1.0024,1.125,o,3906.0,1459.0,8905.0,272.0
197869,2021,541016.0,4213.0,0.0,0.9345,0.9667,0.9818,1.0029,1.1518,o,4099.0,1524.0,8649.0,259.0
197869,2022,548620.0,4218.0,0.0,0.9226,0.9611,0.9793,1.0046,1.1858,o,3917.0,1498.0,8129.0,258.0
197869,2023,551237.0,4005.0,0.0,0.8719,0.9024,0.9167,0.9366,1.154,o,4227.0,1591.0,7712.0,245.0
197869,2024,576257.0,4276.0,0.0,0.8904,0.9109,0.9205,0.9337,1.0995,o,4038.0,1577.0,7541.0,254.0
197887,1999,76191.0,0.0,326.0,0.2567,0.2639,0.2833,0.2924,1.4835,o,,,,
197887,2000,78980.0,0.0,307.0,0.2332,0.2274,0.2132,0.2072,0.6983,o,,,,
197887,2001,84634.0,0.0,288.0,0.2042,0.2006,0.1917,0.1879,0.7774,o,,,,
197887,2002,97512.0,0.0,589.0,0.3624,0.3647,0.3708,0.3735,1.0952,o,522.0,,1533.0,
197887,2003,103466.0,0.0,433.0,0.2511,0.2508,0.2501,0.2498,0.9849,o,547.0,,1908.0,65.0
197887,2004,145733.0,0.0,518.0,0.2133,0.2135,0.2143,0.2146,1.0186,o,549.0,,2182.0,49.0
197887,2008,163467.0,0.0,575.0,0.2111,0.2117,0.2134,0.2142,1.0461,o,499.0,1770.0,1520.0,43.0
197887,2009,173610.0,0.0,556.0,0.1922,0.1922,0.1922,0.1922,1.001,o,808.0,1638.0,1529.0,46.0
197887,2010,192570.0,0.0,587.0,0.1829,0.1892,0.2063,0.2144,1.6192,o,865.0,1654.0,1794.0,47.0
197887,2011,194665.0,0.0,728.0,0.2244,0.2288,0.2407,0.2461,1.3236,o,842.0,1786.0,2246.0,48.0
197887,2012,207360.0,0.0,785.0,0.2271,0.2272,0.2275,0.2276,1.0066,o,1163.0,1761.0,2551.0,54.0
197887,2013,209760.0,0.0,823.0,0.2354,0.2406,0.2543,0.2607,1.3626,o,1098.0,1259.0,2592.0,57.0
197887,2014,196200.0,0.0,911.0,0.2786,0.2804,0.285,0.2871,1.0953,o,1150.0,346.0,2637.0,53.0
197887,2015,177660.0,0.0,909.0,0.307,0.3074,0.3083,0.3087,1.0172,o,968.0,521.0,2654.0,61.0
197887,2016,173730.0,0.0,959.0,0.3312,0.3278,0.3191,0.3153,0.8612,o,1008.0,518.0,3136.0,58.0
197887,2017,173880.0,0.0,921.0,0.3178,0.3167,0.3139,0.3127,0.9518,o,944.0,483.0,3247.0,59.0
197887,2018,172008.0,0.0,928.0,0.3237,0.3227,0.32,0.3189,0.9555,o,1058.0,449.0,3243.0,55.0
197887,2019,164688.0,0.0,1017.0,0.3705,0.3726,0.3781,0.3805,1.084,o,893.0,487.0,3212.0,57.0
197887,2020,140176.0,0.0,864.0,0.3698,0.3669,0.3594,0.3561,0.8921,o,920.0,468.0,3164.0,59.0
197887,2021,129981.0,0.0,789.0,0.3642,0.3627,0.3589,0.3572,0.9431,o,944.0,459.0,3072.0,57.0
197887,2022,125837.0,0.0,600.0,0.2861,0.2869,0.289,0.2899,1.0414,o,991.0,392.0,2887.0,37.0
197887,2023,127637.0,0.0,726.0,0.3413,0.3427,0.3466,0.3483,1.0633,o,1155.0,581.0,2932.0,48.0
197887,2024,127191.0,0.0,724.0,0.3415,0.3458,0.357,0.3621,1.1938,o,1004.0,174.0,2882.0,46.0
197911,1998,35403.0,260.0,0.0,0.8813,0.8923,0.8946,0.9003,1.0437,o,,,,
197911,1999,35119.0,254.0,0.0,0.8679,0.8502,0.8465,0.8375,0.9312,o,,,,
197911,2000,29207.0,253.0,0.0,1.0395,1.0383,1.0381,1.0375,0.9963,o,,,,
197911,2001,33547.0,237.0,0.0,0.8478,0.8733,0.8786,0.8922,1.1076,o,,,,
197911,2002,34405.0,267.0,0.0,0.9313,0.9533,0.9579,0.9695,1.0838,o,299.0,,21244.0,
197911,2003,34538.0,248.0,0.0,0.8617,0.879,0.8827,0.8918,1.0713,o,249.0,,22218.0,655.0
197911,2004,33986.0,231.0,0.0,0.8156,0.8122,0.8115,0.8097,0.9856,o,262.0,,23678.0,700.0
197911,2005,30967.0,229.0,0.0,0.8874,0.8719,0.8687,0.8609,0.9411,o,247.0,,25103.0,831.0
197911,2006,35807.0,228.0,0.0,0.7641,0.739,0.734,0.7214,0.8914,o,220.0,,25609.0,722.0
197911,2007,31670.0,260.0,0.0,0.9852,0.9405,0.9315,0.9094,0.8522,o,218.0,149.0,26699.0,820.0
197911,2008,31030.0,210.0,0.0,0.8121,0.7766,0.7695,0.7519,0.8571,o,249.0,135.0,27636.0,858.0
197911,2009,31869.0,230.0,0.0,0.866,0.8447,0.8403,0.8295,0.9175,o,231.0,132.0,28687.0,866.0
197911,2010,31464.0,220.0,0.0,0.8391,0.8458,0.8472,0.8507,1.0278,o,232.0,138.0,29516.0,707.0
197911,2011,33017.0,203.0,0.0,0.7378,0.7498,0.7523,0.7586,1.0571,o,236.0,143.0,30409.0,550.0
197911,2012,31176.0,240.0,0.0,0.9238,0.9244,0.9245,0.9248,1.0021,o,202.0,107.0,31270.0,600.0
197911,2013,30422.0,239.0,0.0,0.9427,0.918,0.913,0.9006,0.9125,o,217.0,93.0,32324.0,641.0
197911,2014,29732.0,244.0,0.0,0.9848,0.9567,0.951,0.9368,0.905,o,192.0,128.0,33436.0,672.0
197911,2015,29040.0,251.0,0.0,1.0372,0.9974,0.9894,0.9696,0.8739,o,220.0,135.0,34809.0,650.0
197911,2016,28969.0,217.0,0.0,0.8989,0.8831,0.8798,0.8718,0.9406,o,241.0,83.0,36224.0,644.0
197911,2017,29388.0,243.0,0.0,0.9922,1.0201,1.026,1.0408,1.1002,o,198.0,81.0,37035.0,636.0
197911,2018,26807.0,223.0,0.0,0.9982,1.019,1.0233,1.0342,1.0734,o,277.0,101.0,37386.0,598.0
197911,2019,29449.0,224.0,0.0,0.9128,0.9512,0.9594,0.9801,1.1529,o,319.0,101.0,37680.0,553.0
197911,2020,31832.0,205.0,0.0,0.7728,0.8326,0.8455,0.8787,1.2928,o,287.0,74.0,38140.0,533.0
197911,2021,32639.0,217.0,0.0,0.7978,0.876,0.8931,0.9374,1.3804,o,262.0,94.0,38040.0,505.0
197911,2022,32074.0,224.0,0.0,0.8381,0.874,0.8816,0.901,1.1558,o,300.0,76.0,36674.0,536.0
197911,2023,32868.0,236.0,0.0,0.8616,0.8471,0.8441,0.8367,0.943,o,281.0,79.0,35609.0,504.0
197911,2024,31705.0,240.0,0.0,0.9084,0.8973,0.8951,0.8894,0.9587,o,261.0,90.0,35600.0,468.0
197948,1998,15360.0,53.0,0.0,0.4141,0.3938,0.3898,0.3798,0.8413,o,,,,
197948,1999,14340.0,46.0,0.0,0.3849,0.4281,0.4376,0.4623,1.4421,o,,,,
197948,2002,18206.0,55.0,0.0,0.3625,0.3582,0.3574,0.3552,0.9599,o,155.0,,13511.0,
197948,2003,18185.0,108.0,0.0,0.7127,0.7299,0.7335,0.7426,1.0857,o,294.0,,13255.0,
197966,1999,34342.0,0.0,109.0,0.1904,0.1928,0.199,0.2018,1.1915,o,,,,
197966,2000,29570.0,0.0,136.0,0.276,0.2773,0.2809,0.2825,1.0737,o,,,,
197966,2001,25946.0,0.0,135.0,0.3122,0.3111,0.3083,0.3071,0.9515,o,,,,
197966,2002,32654.0,0.0,137.0,0.2517,0.2549,0.2634,0.2672,1.1985,o,318.0,,1767.0,
197966,2003,36018.0,0.0,139.0,0.2316,0.2331,0.2372,0.239,1.1003,o,306.0,,1893.0,51.0
197966,2004,44584.0,0.0,152.0,0.2046,0.2039,0.2022,0.2015,0.9548,o,329.0,,1930.0,34.0
197966,2005,33928.0,0.0,184.0,0.3254,0.3266,0.3297,0.3311,1.0545,o,296.0,,2002.0,45.0
197966,2006,31657.0,0.0,150.0,0.2843,0.2829,0.2794,0.2778,0.9323,o,420.0,,2069.0,47.0
197966,2007,39426.0,0.0,149.0,0.2268,0.2315,0.2441,0.25,1.344,o,628.0,159.0,2008.0,31.0
197966,2008,41910.0,0.0,149.0,0.2133,0.2219,0.2455,0.2568,1.7542,o,519.0,240.0,2060.0,28.0
197966,2009,46920.0,0.0,169.0,0.2161,0.216,0.2156,0.2154,0.9905,o,353.0,343.0,2026.0,24.0
197966,2010,52950.0,0.0,184.0,0.2085,0.2015,0.1847,0.1776,0.6155,o,324.0,367.0,2379.0,24.0
197966,2011,51780.0,0.0,153.0,0.1773,0.1736,0.1646,0.1607,0.7431,o,285.0,353.0,2613.0,26.0
197966,2012,50460.0,0.0,210.0,0.2497,0.2467,0.2392,0.2359,0.842,o,144.0,367.0,2982.0,30.0
197966,2013,45355.0,0.0,266.0,0.3519,0.3339,0.2918,0.2748,0.4729,o,288.0,334.0,3037.0,31.0
197966,2014,45986.0,0.0,242.0,0.3157,0.3223,0.3399,0.348,1.3427,o,292.0,302.0,3097.0,31.0
197966,2015,43279.0,0.0,271.0,0.3757,0.3837,0.4051,0.415,1.3519,o,206.0,225.0,3091.0,34.0
197966,2016,32919.0,0.0,284.0,0.5176,0.5054,0.4752,0.4624,0.7103,o,132.0,45.0,3070.0,40.0
197966,2017,28553.0,0.0,280.0,0.5884,0.5628,0.5021,0.4772,0.5301,o,131.0,41.0,3192.0,44.0
197966,2018,28377.0,0.0,285.0,0.6026,0.592,0.5654,0.554,0.7751,o,129.0,49.0,3138.0,40.0
197966,2019,30423.0,0.0,335.0,0.6607,0.6598,0.6575,0.6565,0.981,o,193.0,44.0,3072.0,60.0
197966,2020,31900.0,0.0,376.0,0.7072,0.727,0.7806,0.8057,1.4846,o,149.0,34.0,3026.0,34.0
197966,2021,28816.0,0.0,320.0,0.6663,0.6627,0.6535,0.6495,0.9255,o,265.0,104.0,2939.0,34.0
197966,2022,35476.0,0.0,330.0,0.5581,0.5755,0.6227,0.6449,1.5497,o,184.0,69.0,2762.0,40.0
197966,2023,38420.0,0.0,401.0,0.6262,0.6211,0.6081,0.6024,0.8889,o,221.0,51.0,2607.0,31.0
197966,2024,37883.0,0.0,448.0,0.7096,0.7088,0.7068,0.7059,0.9844,o,218.0,75.0,2540.0,20.0
197984,1998,26880.0,159.0,0.0,0.7098,0.748,0.7561,0.7769,1.198,o,,,,
197984,1999,23821.0,174.0,0.0,0.8765,0.9421,0.9562,0.9926,1.2822,o,,,,
197984,2000,24721.0,182.0,0.0,0.8835,0.9473,0.9611,0.9965,1.2722,o,,,,
197984,2002,23384.0,201.0,0.0,1.0315,1.0513,1.0555,1.0659,1.0679,o,225.0,,23118.0,
197984,2003,24154.0,161.0,0.0,0.7999,0.7802,0.7762,0.7663,0.9179,o,147.0,,24964.0,714.0
197984,2004,24414.0,173.0,0.0,0.8503,0.8057,0.7968,0.7749,0.8304,o,174.0,,25837.0,353.0
197984,2005,21568.0,169.0,0.0,0.9403,0.8867,0.876,0.8498,0.8168,o,224.0,,25396.0,402.0
197984,2006,28500.0,175.0,0.0,0.7368,0.7532,0.7566,0.7652,1.0786,o,281.0,249.0,26060.0,316.0
197984,2007,38670.0,128.0,0.0,0.3972,0.434,0.4421,0.4628,1.3575,o,210.0,256.0,26811.0,301.0
197984,2008,37139.0,155.0,0.0,0.5008,0.5665,0.5811,0.6194,1.5296,o,290.0,191.0,27505.0,363.0
197984,2009,43140.0,232.0,0.0,0.6453,0.6895,0.699,0.7233,1.2563,o,403.0,165.0,30271.0,371.0
197984,2010,46133.0,305.0,0.0,0.7934,0.8696,0.8863,0.9294,1.3723,o,319.0,97.0,32181.0,386.0
197984,2011,47803.0,294.0,0.0,0.738,0.8253,0.8447,0.895,1.4705,o,273.0,203.0,34065.0,388.0
197984,2012,46015.0,375.0,0.0,0.9779,1.027,1.0375,1.0641,1.184,o,303.0,192.0,35624.0,426.0
197984,2013,46045.0,318.0,0.0,0.8288,0.7855,0.7768,0.7556,0.8312,o,286.0,176.0,36925.0,438.0
197984,2014,45841.0,294.0,0.0,0.7696,0.7255,0.7167,0.6951,0.8158,o,293.0,121.0,24357.0,452.0
197984,2015,41698.0,344.0,0.0,0.99,0.9836,0.9823,0.979,0.978,o,310.0,134.0,24151.0,465.0
197984,2016,40436.0,329.0,0.0,0.9764,0.9894,0.9921,0.999,1.0469,o,358.0,162.0,23984.0,467.0
197984,2017,41987.0,293.0,0.0,0.8374,0.8685,0.8751,0.8918,1.1341,o,401.0,129.0,23584.0,453.0
197984,2018,43477.0,308.0,0.0,0.8501,0.9195,0.9346,0.9733,1.3109,o,392.0,106.0,23056.0,440.0
197984,2019,43674.0,292.0,0.0,0.8023,0.8686,0.883,0.9201,1.3151,o,368.0,87.0,22574.0,414.0
197984,2020,43230.0,290.0,0.0,0.805,0.8357,0.8422,0.8586,1.1377,o,394.0,100.0,22236.0,413.0
197984,2021,43938.0,315.0,0.0,0.8603,0.8613,0.8615,0.862,1.004,o,428.0,80.0,21594.0,398.0
197984,2022,44266.0,286.0,0.0,0.7753,0.7834,0.7851,0.7894,1.0366,o,394.0,106.0,20295.0,375.0
197984,2023,44124.0,266.0,0.0,0.7234,0.7401,0.7435,0.7523,1.0816,o,400.0,110.0,19150.0,359.0
197984,2024,45155.0,299.0,0.0,0.7946,0.8041,0.8061,0.8111,1.042,o,398.0,104.0,19500.0,357.0
197993,1998,18376.0,89.0,0.0,0.5812,0.5628,0.5591,0.5499,0.8952,o,,,,
197993,1999,16449.0,101.0,0.0,0.7368,0.7546,0.7583,0.7677,1.0856,o,,,,
197993,2000,16083.0,68.0,0.0,0.5074,0.5583,0.5695,0.5984,1.3912,o,,,,
197993,2001,10995.0,92.0,0.0,1.0041,1.0582,1.0697,1.0991,1.1982,o,,,,
197993,2003,7890.0,87.0,0.0,1.3232,1.1843,1.1574,1.0929,0.6822,o,112.0,,,709.0
197993,2004,12382.0,74.0,0.0,0.7172,0.6291,0.6123,0.5722,0.6366,o,172.0,,17584.0,471.0
197993,2005,14190.0,68.0,0.0,0.5751,0.5671,0.5654,0.5614,0.953,o,205.0,,17264.0,464.0
197993,2006,16573.0,75.0,0.0,0.5431,0.5926,0.6034,0.6313,1.3513,o,191.0,25.0,19731.0,465.0
197993,2007,17943.0,81.0,0.0,0.5417,0.6162,0.6328,0.6764,1.5591,o,223.0,16.0,21400.0,428.0
197993,2008,20148.0,108.0,0.0,0.6432,0.7175,0.7339,0.7766,1.4577,o,195.0,13.0,21435.0,433.0
197993,2009,20337.0,99.0,0.0,0.5842,0.6019,0.6056,0.6151,1.1088,o,232.0,11.0,21076.0,394.0
197993,2010,21932.0,79.0,0.0,0.4322,0.4418,0.4438,0.4488,1.0783,o,208.0,8.0,21777.0,364.0
197993,2011,21889.0,109.0,0.0,0.5976,0.6082,0.6104,0.616,1.0628,o,158.0,18.0,22117.0,381.0
197993,2012,20904.0,108.0,0.0,0.62,0.5965,0.5918,0.5801,0.8756,o,215.0,18.0,22850.0,413.0
197993,2013,21097.0,125.0,0.0,0.711,0.6837,0.6781,0.6645,0.8735,o,194.0,15.0,22450.0,373.0
197993,2014,19273.0,105.0,0.0,0.6538,0.6401,0.6373,0.6303,0.9295,o,166.0,18.0,22849.0,340.0
197993,2015,17176.0,77.0,0.0,0.538,0.5354,0.5349,0.5335,0.9836,o,158.0,8.0,22656.0,350.0
197993,2016,15432.0,78.0,0.0,0.6065,0.5823,0.5774,0.5653,0.8686,o,118.0,8.0,23530.0,334.0
197993,2017,12715.0,73.0,0.0,0.689,0.6147,0.6003,0.566,0.6748,o,174.0,4.0,23600.0,337.0
197993,2018,13056.0,72.0,0.0,0.6618,0.6228,0.615,0.596,0.8111,o,237.0,8.0,23072.0,207.0
197993,2019,14156.0,58.0,0.0,0.4917,0.5268,0.5343,0.5538,1.2685,o,71.0,2.0,22590.0,129.0
197993,2020,8711.0,47.0,0.0,0.6475,0.6684,0.6728,0.684,1.1159,o,41.0,2.0,22252.0,162.0
197993,2021,6262.0,37.0,0.0,0.709,0.537,0.507,0.4391,0.3836,o,27.0,14.0,21609.0,247.0
197993,2022,5741.0,55.0,0.0,1.1496,0.6823,0.6125,0.4676,0.1655,o,30.0,6.0,20350.0,48.0
197993,2023,4692.0,36.0,0.0,0.9207,0.5645,0.5101,0.3961,0.1851,o,49.0,15.0,19202.0,45.0
197993,2024,5479.0,42.0,0.0,0.9199,0.8313,0.8141,0.7726,0.7054,o,32.0,17.0,19140.0,38.0
198011,1999,18904.0,0.0,72.0,0.2285,0.2311,0.238,0.2411,1.1756,o,,,,
198011,2000,21880.0,0.0,51.0,0.1399,0.1422,0.1484,0.1512,1.2671,o,,,,
198011,2001,22058.0,0.0,75.0,0.204,0.2046,0.2062,0.207,1.0447,o,,,,
198011,2002,25266.0,0.0,81.0,0.1924,0.1944,0.1999,0.2024,1.1662,o,267.0,,1718.0,
198011,2003,29851.0,0.0,67.0,0.1347,0.1371,0.1434,0.1464,1.2867,o,264.0,,1961.0,
198011,2004,33355.0,0.0,95.0,0.1709,0.1717,0.1737,0.1746,1.0667,o,192.0,,1980.0,
198011,2005,30674.0,0.0,86.0,0.1682,0.1644,0.1551,0.1512,0.7232,o,185.0,,1957.0,
198011,2006,32485.0,0.0,116.0,0.2143,0.2111,0.2033,0.2,0.8114,o,194.0,,2080.0,28.0
198011,2007,30425.0,0.0,119.0,0.2347,0.2351,0.2364,0.2369,1.0292,o,185.0,201.0,2019.0,24.0
198011,2009,37059.0,0.0,113.0,0.183,0.1812,0.1767,0.1748,0.8707,o,216.0,321.0,2036.0,19.0
198011,2010,45348.0,0.0,139.0,0.1839,0.1866,0.1938,0.1971,1.2343,o,247.0,420.0,2406.0,
198011,2011,48785.0,0.0,152.0,0.1869,0.1904,0.1995,0.2037,1.2966,o,217.0,418.0,2623.0,24.0
198011,2012,41081.0,0.0,161.0,0.2351,0.2341,0.2314,0.2302,0.9374,o,213.0,358.0,2995.0,26.0
198011,2013,35580.0,0.0,118.0,0.199,0.1978,0.1948,0.1935,0.9181,o,220.0,322.0,3049.0,26.0
198011,2014,33480.0,0.0,126.0,0.2258,0.2262,0.2271,0.2275,1.0233,o,198.0,289.0,3108.0,32.0
198011,2015,28283.0,0.0,102.0,0.2164,0.215,0.2116,0.2101,0.9146,o,199.0,270.0,3114.0,34.0
198011,2016,29578.0,0.0,150.0,0.3043,0.3032,0.3006,0.2994,0.9522,o,198.0,81.0,3108.0,40.0
198011,2017,27540.0,0.0,209.0,0.4553,0.4553,0.4551,0.455,0.9975,o,161.0,55.0,3223.0,23.0
198011,2018,27496.0,0.0,201.0,0.4386,0.4322,0.4162,0.4093,0.8111,o,121.0,46.0,3156.0,30.0
198011,2019,34680.0,0.0,224.0,0.3875,0.377,0.3512,0.3402,0.6741,o,116.0,69.0,3090.0,30.0
198011,2020,34950.0,0.0,286.0,0.491,0.4843,0.4676,0.4604,0.8227,o,131.0,47.0,3075.0,20.0
198011,2021,30570.0,0.0,283.0,0.5554,0.5594,0.5695,0.5741,1.1055,o,71.0,52.0,2986.0,21.0
198011,2022,32430.0,0.0,262.0,0.4847,0.4663,0.4221,0.4038,0.5749,o,100.0,40.0,2806.0,21.0
198011,2023,29160.0,0.0,219.0,0.4506,0.4503,0.4495,0.4491,0.9901,o,99.0,48.0,2648.0,
198011,2024,28560.0,0.0,216.0,0.4538,0.4585,0.4707,0.4763,1.1579,o,114.0,67.0,2558.0,20.0
198039,1998,44130.0,0.0,110.0,0.1496,0.1526,0.1606,0.1643,1.3296,o,,,,
198039,1999,35151.0,0.0,95.0,0.1622,0.1676,0.1826,0.1897,1.6079,o,,,,
198039,2000,37799.0,0.0,92.0,0.146,0.1479,0.1528,0.1551,1.2,o,,,,
198039,2001,39115.0,0.0,119.0,0.1825,0.1837,0.1866,0.1879,1.0909,o,,,,
198039,2002,41843.0,0.0,106.0,0.152,0.1527,0.1547,0.1555,1.0718,o,434.0,,1718.0,
198039,2003,47510.0,0.0,81.0,0.1023,0.1035,0.1067,0.1082,1.1842,o,409.0,,1863.0,68.0
198039,2004,56712.0,0.0,43.0,0.0455,0.0455,0.0456,0.0457,1.0136,o,409.0,,1998.0,55.0
198039,2005,48269.0,0.0,68.0,0.0845,0.0843,0.0839,0.0837,0.9703,o,399.0,,1957.0,64.0
198039,2006,52110.0,0.0,164.0,0.1888,0.1885,0.1877,0.1873,0.9756,o,142.0,,1969.0,64.0
198039,2007,47610.0,0.0,145.0,0.1827,0.1698,0.1407,0.1294,0.3515,o,295.0,109.0,1912.0,56.0
198039,2008,46140.0,0.0,144.0,0.1873,0.1884,0.1914,0.1927,1.0906,o,254.0,128.0,2018.0,56.0
198039,2009,53190.0,0.0,137.0,0.1545,0.1562,0.1605,0.1624,1.1625,o,350.0,107.0,2059.0,58.0
198039,2010,65220.0,0.0,188.0,0.173,0.1759,0.1838,0.1874,1.275,o,469.0,110.0,2423.0,49.0
198039,2011,63720.0,0.0,201.0,0.1893,0.1952,0.2113,0.2189,1.553,o,399.0,192.0,2643.0,44.0
198039,2012,62070.0,0.0,224.0,0.2165,0.2161,0.2151,0.2147,0.9744,o,373.0,118.0,3011.0,53.0
198039,2013,57930.0,0.0,259.0,0.2683,0.2654,0.2583,0.2552,0.8594,o,367.0,172.0,3065.0,51.0
198039,2014,58320.0,0.0,220.0,0.2263,0.2255,0.2235,0.2226,0.9508,o,339.0,133.0,3124.0,49.0
198039,2015,55230.0,0.0,282.0,0.3064,0.3045,0.2997,0.2976,0.9162,o,268.0,125.0,3119.0,49.0
198039,2016,50970.0,0.0,286.0,0.3367,0.3302,0.3143,0.3074,0.7592,o,417.0,135.0,3097.0,48.0
198039,2017,52410.0,0.0,305.0,0.3492,0.357,0.378,0.3878,1.374,o,367.0,142.0,3316.0,52.0
198039,2018,52800.0,0.0,279.0,0.317,0.3186,0.3226,0.3244,1.0715,o,286.0,140.0,3242.0,50.0
198039,2019,53070.0,0.0,298.0,0.3369,0.3296,0.3114,0.3036,0.7296,o,304.0,128.0,3174.0,51.0
198039,2020,58290.0,0.0,363.0,0.3736,0.3718,0.367,0.3649,0.9311,o,305.0,130.0,3186.0,48.0
198039,2021,57150.0,0.0,319.0,0.3349,0.3357,0.3377,0.3386,1.0339,o,406.0,224.0,3094.0,49.0
198039,2022,65070.0,0.0,346.0,0.319,0.3255,0.3428,0.3508,1.3333,o,388.0,183.0,2908.0,31.0
198039,2023,65580.0,0.0,364.0,0.333,0.3351,0.3404,0.3428,1.0914,o,380.0,165.0,2741.0,28.0
198039,2024,64290.0,0.0,361.0,0.3369,0.3359,0.3332,0.3321,0.9572,o,387.0,136.0,2660.0,34.0
198066,1998,17913.0,13.0,67.0,0.3115,0.2977,0.295,0.2882,0.8557,o,,,,
198066,1999,18944.0,29.0,61.0,0.3769,0.3483,0.3427,0.329,0.7618,o,,,,
198066,2000,19655.0,56.0,57.0,0.5159,0.4555,0.444,0.4163,0.6511,o,,,,
198066,2001,21172.0,82.0,37.0,0.5696,0.5041,0.4915,0.4614,0.6562,o,,,,
198066,2002,20868.0,101.0,12.0,0.6153,0.5637,0.5536,0.5291,0.7395,o,171.0,,21081.0,
198066,2003,19482.0,189.0,62.0,1.3551,1.2839,1.2696,1.2347,0.8301,o,157.0,,21973.0,539.0
198066,2004,17451.0,162.0,4.0,1.1277,1.067,1.0548,1.0251,0.8262,o,157.0,,22686.0,623.0
198066,2005,17228.0,107.0,2.0,0.7523,0.7179,0.7109,0.6939,0.8509,o,148.0,,23886.0,597.0
198066,2006,17335.0,116.0,0.0,0.803,0.7735,0.7675,0.7528,0.879,o,232.0,61.0,25848.0,625.0
198066,2007,19430.0,105.0,0.0,0.6485,0.6768,0.6828,0.698,1.1585,o,170.0,67.0,26950.0,625.0
198066,2008,20133.0,128.0,0.0,0.7629,0.8196,0.8318,0.8632,1.2803,o,183.0,50.0,27437.0,589.0
198066,2009,19393.0,95.0,0.0,0.5878,0.6133,0.6187,0.6324,1.1574,o,192.0,39.0,28848.0,644.0
198066,2010,19138.0,139.0,0.0,0.8716,0.8682,0.8675,0.8658,0.9868,o,200.0,42.0,29876.0,633.0
198066,2011,18437.0,134.0,0.0,0.8722,0.8658,0.8645,0.8612,0.9751,o,190.0,43.0,31060.0,531.0
198066,2012,18356.0,120.0,0.0,0.7845,0.8075,0.8123,0.8246,1.1048,o,220.0,43.0,31104.0,528.0
198066,2013,18789.0,102.0,0.0,0.6514,0.6685,0.6721,0.6812,1.0933,o,242.0,60.0,31949.0,545.0
198066,2014,20685.0,124.0,0.0,0.7194,0.7545,0.7619,0.781,1.1786,o,218.0,61.0,33178.0,550.0
198066,2015,20868.0,110.0,0.0,0.6325,0.6636,0.6702,0.687,1.1795,o,247.0,34.0,34164.0,521.0
198066,2016,22222.0,121.0,0.0,0.6534,0.6777,0.6828,0.6959,1.1341,o,231.0,37.0,34978.0,505.0
198066,2017,21619.0,156.0,0.0,0.8659,0.8745,0.8763,0.8808,1.0346,o,247.0,40.0,35426.0,515.0
198066,2018,18943.0,127.0,0.0,0.8045,0.8135,0.8154,0.8201,1.0391,o,268.0,33.0,35693.0,544.0
198066,2019,20105.0,107.0,0.0,0.6386,0.6578,0.6619,0.6721,1.1075,o,252.0,35.0,34947.0,529.0
198066,2020,21128.0,99.0,0.0,0.5623,0.5762,0.5791,0.5865,1.0879,o,230.0,46.0,36359.0,516.0
198066,2021,22385.0,128.0,0.0,0.6862,0.6878,0.6882,0.689,1.0084,o,219.0,50.0,35309.0,478.0
198066,2022,22417.0,145.0,0.0,0.7762,0.7459,0.7398,0.7248,0.8718,o,175.0,59.0,33185.0,455.0
198066,2023,21221.0,164.0,0.0,0.9274,0.8557,0.8416,0.8072,0.7577,o,239.0,59.0,31313.0,415.0
198066,2024,22877.0,166.0,0.0,0.8707,0.8332,0.8256,0.807,0.8589,o,294.0,50.0,31250.0,417.0
198084,1998,22580.0,0.0,46.0,0.1222,0.1238,0.1278,0.1297,1.1964,o,,,,
198084,1999,21875.0,0.0,43.0,0.1179,0.1198,0.1249,0.1272,1.2563,o,,,,
198084,2000,20335.0,0.0,75.0,0.2213,0.2223,0.2249,0.226,1.066,o,,,,
198084,2001,20524.0,0.0,74.0,0.2163,0.2178,0.2216,0.2233,1.1002,o,,,,
198084,2002,25306.0,0.0,82.0,0.1944,0.196,0.2,0.2019,1.1205,o,286.0,,1717.0,
198084,2003,22182.0,0.0,75.0,0.2029,0.2044,0.2086,0.2104,1.1172,o,259.0,,1546.0,30.0
198084,2004,24295.0,0.0,86.0,0.2124,0.2115,0.2091,0.2081,0.9401,o,226.0,,1600.0,42.0
198084,2005,23297.0,0.0,97.0,0.2498,0.2466,0.2384,0.2349,0.8294,o,226.0,,1468.0,37.0
198084,2006,22471.0,0.0,92.0,0.2456,0.2444,0.2414,0.24,0.932,o,354.0,,1477.0,43.0
198084,2009,34512.0,0.0,106.0,0.1843,0.1969,0.2335,0.2519,2.5776,o,307.0,362.0,1836.0,25.0
198084,2010,51478.0,0.0,144.0,0.1678,0.162,0.1479,0.1421,0.6037,o,282.0,321.0,2430.0,
198084,2011,37400.0,0.0,138.0,0.2214,0.2116,0.1882,0.1787,0.5227,o,455.0,346.0,2663.0,40.0
198084,2012,38628.0,0.0,226.0,0.351,0.3619,0.3914,0.4052,1.545,o,456.0,282.0,3031.0,27.0
198084,2013,36816.0,0.0,232.0,0.3781,0.3838,0.3988,0.4056,1.2374,o,250.0,310.0,3085.0,31.0
198084,2014,38051.0,0.0,256.0,0.4037,0.3871,0.3474,0.3312,0.5488,o,270.0,290.0,3144.0,24.0
198084,2015,36078.0,0.0,247.0,0.4108,0.4031,0.3842,0.376,0.7649,o,152.0,280.0,3138.0,30.0
198084,2016,35736.0,0.0,294.0,0.4936,0.4754,0.4316,0.4135,0.5846,o,196.0,112.0,3117.0,44.0
198084,2017,31687.0,0.0,300.0,0.5681,0.5651,0.5577,0.5544,0.9289,o,257.0,73.0,3228.0,56.0
198084,2018,29790.0,0.0,291.0,0.5861,0.6023,0.6461,0.6666,1.477,o,304.0,92.0,3156.0,24.0
198084,2019,31618.0,0.0,256.0,0.4858,0.4959,0.5229,0.5353,1.3422,o,341.0,79.0,3090.0,50.0
198084,2020,33396.0,0.0,229.0,0.4114,0.4171,0.432,0.4388,1.2157,o,319.0,89.0,3043.0,29.0
198084,2021,33820.0,0.0,311.0,0.5517,0.5513,0.5502,0.5498,0.9891,o,304.0,130.0,2955.0,32.0
198084,2022,35147.0,0.0,282.0,0.4814,0.4786,0.4716,0.4685,0.9212,o,275.0,152.0,2778.0,26.0
198084,2023,40083.0,0.0,333.0,0.4985,0.4941,0.4832,0.4784,0.8828,o,331.0,107.0,2621.0,27.0
198084,2024,41050.0,0.0,334.0,0.4882,0.4928,0.5048,0.5103,1.1434,o,369.0,139.0,2532.0,31.0
198109,1998,3570.0,0.0,55.0,0.9244,0.698,0.6586,0.5695,0.3796,o,,,,
198109,1999,4728.0,0.0,56.0,0.7107,0.5931,0.5713,0.5203,0.536,o,,,,
198109,2000,5274.0,0.0,57.0,0.6485,0.5647,0.5488,0.5109,0.6207,o,,,,
198109,2001,5717.0,2.0,47.0,0.5352,0.5133,0.5088,0.4979,0.8654,o,,,,
198109,2002,6145.0,5.0,43.0,0.5175,0.464,0.4537,0.4288,0.6866,o,40.0,,11026.0,
198109,2003,8290.0,6.0,50.0,0.4487,0.4627,0.4656,0.473,1.1111,o,22.0,,11632.0,272.0
198109,2004,6598.0,6.0,41.0,0.482,0.5289,0.5392,0.5657,1.3778,o,34.0,,11691.0,371.0
198109,2005,7632.0,7.0,56.0,0.5503,0.5826,0.5895,0.6072,1.2174,o,21.0,,12474.0,368.0
198109,2006,8073.0,10.0,91.0,0.825,0.8044,0.8002,0.7899,0.9167,o,34.0,89.0,11530.0,434.0
198109,2007,8480.0,15.0,92.0,0.8632,0.8337,0.8278,0.813,0.8871,o,38.0,95.0,11645.0,394.0
198109,2008,8667.0,15.0,93.0,0.8515,0.9159,0.9298,0.9655,1.2857,o,25.0,104.0,12804.0,241.0
198109,2009,8976.0,14.0,105.0,0.889,0.9247,0.9323,0.9515,1.1455,o,21.0,159.0,13597.0,309.0
198109,2010,9641.0,21.0,106.0,0.9211,0.8746,0.8652,0.8423,0.8364,o,21.0,129.0,14223.0,316.0
198109,2011,10338.0,15.0,117.0,0.8532,0.7297,0.7065,0.6516,0.5833,o,24.0,147.0,14364.0,307.0
198109,2012,10415.0,21.0,115.0,0.9045,0.8204,0.804,0.7644,0.7143,o,34.0,123.0,14613.0,342.0
198109,2013,10677.0,31.0,124.0,1.0452,1.1179,1.1336,1.1737,1.2609,o,29.0,110.0,14718.0,374.0
198109,2014,10236.0,26.0,128.0,1.0551,1.1868,1.216,1.2922,1.5,o,31.0,109.0,14917.0,397.0
198109,2015,10382.0,23.0,105.0,0.8727,0.9486,0.9651,1.0077,1.3333,o,25.0,87.0,15190.0,411.0
198109,2016,9763.0,30.0,133.0,1.1861,1.1741,1.1716,1.1655,0.9655,o,23.0,134.0,15526.0,472.0
198109,2017,10220.0,30.0,90.0,0.8806,0.8138,0.8007,0.7687,0.7619,o,12.0,146.0,15639.0,477.0
198109,2018,9432.0,32.0,121.0,1.1768,1.0065,0.9745,0.8988,0.5833,o,18.0,148.0,15735.0,542.0
198109,2019,9601.0,28.0,95.0,0.9437,0.7874,0.7585,0.6907,0.5357,o,32.0,162.0,16099.0,516.0
198109,2020,10672.0,32.0,107.0,0.9614,0.9728,0.9752,0.9812,1.0417,o,18.0,191.0,16315.0,494.0
198109,2021,13183.0,28.0,101.0,0.7146,0.7924,0.8096,0.8541,1.4286,o,15.0,198.0,16302.0,399.0
198109,2022,9876.0,60.0,107.0,1.3791,1.4178,1.4259,1.4464,1.1,o,17.0,137.0,15764.0,533.0
198109,2023,11130.0,50.0,115.0,1.159,1.0183,0.9914,0.9272,0.64,o,24.0,200.0,16107.0,493.0
198109,2024,17195.0,37.0,145.0,0.7642,0.7214,0.7129,0.692,0.82,o,8.0,261.0,16070.0,435.0
198118,1998,42597.0,0.0,176.0,0.2479,0.2529,0.2662,0.2724,1.3298,o,,,,
198118,1999,59262.0,0.0,251.0,0.2541,0.2555,0.2592,0.2608,1.0821,o,,,,
198118,2000,59364.0,0.0,215.0,0.2173,0.2173,0.2172,0.2171,0.9974,o,,,,
198118,2001,64382.0,0.0,225.0,0.2097,0.2138,0.2247,0.2298,1.3195,o,,,,
198118,2002,72197.0,0.0,245.0,0.2036,0.2081,0.2201,0.2256,1.3647,o,634.0,,1774.0,
198118,2003,76888.0,0.0,279.0,0.2177,0.2196,0.2246,0.2268,1.1321,o,681.0,,1917.0,47.0
198118,2004,98071.0,0.0,291.0,0.178,0.1792,0.1821,0.1834,1.0949,o,601.0,,1937.0,34.0
198118,2005,96737.0,0.0,335.0,0.2078,0.2065,0.2032,0.2017,0.9141,o,763.0,,2009.0,42.0
198118,2006,98009.0,0.0,326.0,0.1996,0.202,0.2085,0.2114,1.1903,o,719.0,,1969.0,39.0
198118,2007,98876.0,0.0,350.0,0.2124,0.2132,0.2152,0.2161,1.0543,o,685.0,,1912.0,37.0
198118,2008,104550.0,0.0,379.0,0.2175,0.2163,0.2133,0.2119,0.9244,o,699.0,785.0,2014.0,37.0
198118,2009,111450.0,0.0,435.0,0.2342,0.2341,0.2339,0.2339,0.9957,o,967.0,1050.0,2013.0,37.0
198118,2010,133590.0,0.0,464.0,0.2084,0.2133,0.2266,0.2327,1.3974,o,847.0,1119.0,2367.0,39.0
198118,2011,131970.0,0.0,588.0,0.2673,0.2676,0.2684,0.2688,1.0168,o,783.0,1120.0,2613.0,37.0
198118,2013,109068.0,0.0,581.0,0.3196,0.3201,0.3214,0.3219,1.0221,o,496.0,875.0,3040.0,45.0
198118,2014,90387.0,0.0,578.0,0.3837,0.3708,0.3396,0.3266,0.6139,o,1277.0,792.0,3112.0,46.0
198118,2015,81730.0,0.0,549.0,0.403,0.4219,0.4745,0.5,1.9217,o,530.0,733.0,3107.0,48.0
198118,2016,79444.0,0.0,669.0,0.5053,0.4874,0.4443,0.4264,0.5979,o,336.0,806.0,3168.0,50.0
198118,2017,71628.0,0.0,710.0,0.5947,0.555,0.4644,0.4291,0.3719,o,434.0,280.0,3197.0,52.0
198118,2018,68918.0,0.0,625.0,0.5441,0.5442,0.5444,0.5445,1.0023,o,480.0,339.0,3126.0,50.0
198118,2019,70512.0,0.0,676.0,0.5752,0.5842,0.6078,0.6186,1.2468,o,601.0,353.0,3077.0,48.0
198118,2020,75864.0,0.0,666.0,0.5267,0.5369,0.5641,0.5766,1.3151,o,726.0,293.0,3031.0,43.0
198118,2021,76670.0,0.0,932.0,0.7294,0.7446,0.7852,0.8039,1.3432,o,520.0,307.0,2951.0,47.0
198118,2022,70997.0,0.0,795.0,0.6719,0.6605,0.6321,0.6199,0.7837,o,528.0,303.0,2783.0,43.0
198118,2023,73762.0,0.0,730.0,0.5938,0.587,0.5697,0.5623,0.8475,o,455.0,326.0,2626.0,39.0
198118,2024,74885.0,0.0,665.0,0.5328,0.5276,0.5143,0.5086,0.8683,o,524.0,339.0,2537.0,36.0
198136,1998,111415.0,695.0,342.0,0.9327,1.035,1.0575,1.1159,1.4314,o,,,,
198136,1999,123810.0,766.0,310.0,0.8927,1.0679,1.1082,1.2159,1.8553,o,,,,
198136,2000,122583.0,773.0,285.0,0.8962,0.8876,0.8859,0.8815,0.9674,o,,,,
198136,2001,139804.0,794.0,300.0,0.8103,0.7495,0.7376,0.7084,0.7644,o,,,,
198136,2002,171520.0,892.0,299.0,0.7287,0.7252,0.7244,0.7226,0.9835,o,834.0,,22229.0,
198136,2003,133449.0,842.0,293.0,0.8889,0.8653,0.8605,0.8486,0.9114,o,627.0,,21822.0,371.0
198136,2004,129647.0,836.0,277.0,0.902,0.8168,0.8002,0.7602,0.7103,o,739.0,,22355.0,390.0
198136,2005,126675.0,915.0,249.0,0.9847,0.8641,0.841,0.786,0.6371,o,730.0,,22856.0,443.0
198136,2006,126763.0,884.0,173.0,0.9187,0.8497,0.8361,0.803,0.7639,o,820.0,607.0,24150.0,446.0
198136,2007,127191.0,906.0,185.0,0.942,0.9583,0.9617,0.9703,1.0609,o,899.0,586.0,25407.0,470.0
198136,2008,127407.0,838.0,122.0,0.8467,0.9051,0.9177,0.9499,1.2584,o,813.0,543.0,27584.0,522.0
198136,2009,127247.0,953.0,114.0,0.9525,0.9957,1.0049,1.0282,1.1654,o,739.0,562.0,29280.0,534.0
198136,2010,126913.0,905.0,80.0,0.8935,0.8939,0.8939,0.8941,1.0013,o,834.0,700.0,30648.0,432.0
198136,2011,130772.0,884.0,100.0,0.8571,0.8353,0.8308,0.8199,0.9151,o,873.0,647.0,31436.0,399.0
198136,2012,136480.0,881.0,84.0,0.8115,0.8109,0.8107,0.8104,0.9971,o,824.0,684.0,33634.0,533.0
198136,2013,134526.0,848.0,98.0,0.8001,0.8211,0.8256,0.8367,1.0934,o,794.0,989.0,33420.0,469.0
198136,2014,125703.0,957.0,92.0,0.9575,0.9654,0.967,0.9711,1.0286,o,879.0,178.0,34547.0,551.0
198136,2015,124446.0,904.0,91.0,0.9156,0.9103,0.9092,0.9064,0.9801,o,976.0,487.0,35940.0,585.0
198136,2016,131641.0,897.0,79.0,0.8537,0.876,0.8807,0.8925,1.0931,o,912.0,475.0,37363.0,623.0
198136,2017,133459.0,878.0,74.0,0.8227,0.8604,0.8684,0.8887,1.1669,o,798.0,449.0,38307.0,624.0
198136,2018,129441.0,937.0,69.0,0.9006,0.9064,0.9076,0.9105,1.0221,o,830.0,408.0,38871.0,614.0
198136,2019,121246.0,977.0,63.0,0.9981,0.9611,0.9536,0.9351,0.8776,o,742.0,367.0,39657.0,639.0
198136,2020,113006.0,932.0,49.0,1.0157,0.9632,0.9526,0.9268,0.8326,o,676.0,332.0,41623.0,685.0
198136,2021,105882.0,845.0,48.0,0.9849,0.9328,0.9224,0.8968,0.8292,o,563.0,270.0,42884.0,624.0
198136,2022,93995.0,870.0,43.0,1.1381,1.0515,1.0344,0.9929,0.7611,o,519.0,308.0,41863.0,601.0
198136,2023,86251.0,729.0,30.0,1.0351,0.9288,0.9083,0.8588,0.6883,o,603.0,247.0,40609.0,665.0
198136,2024,80470.0,740.0,37.0,1.1311,1.0569,1.0421,1.0061,0.7913,o,616.0,268.0,40410.0,642.0
198154,1998,59603.0,0.0,272.0,0.2738,0.296,0.3616,0.3952,3.0413,o,,,,
198154,1999,100477.0,0.0,338.0,0.2018,0.2071,0.2212,0.2278,1.4427,o,,,,
198154,2000,111653.0,0.0,361.0,0.194,0.1972,0.2058,0.2098,1.2678,o,,,,
198154,2001,115894.0,0.0,473.0,0.2449,0.2455,0.247,0.2476,1.0346,o,,,,
198154,2002,131397.0,0.0,584.0,0.2667,0.2736,0.2924,0.3012,1.446,o,1103.0,,1784.0,
198154,2003,147413.0,0.0,620.0,0.2524,0.252,0.2511,0.2507,0.9809,o,1103.0,,1863.0,69.0
198154,2004,148836.0,0.0,701.0,0.2826,0.2805,0.2751,0.2728,0.8986,o,1080.0,,2000.0,74.0
198154,2005,149609.0,0.0,753.0,0.302,0.3015,0.3004,0.2999,0.9791,o,1028.0,,2070.0,71.0
198154,2006,104378.0,0.0,589.0,0.3386,0.3372,0.3335,0.3319,0.9418,o,1088.0,2255.0,2078.0,92.0
198154,2007,103360.0,0.0,736.0,0.4272,0.4282,0.4306,0.4317,1.0323,o,1212.0,2099.0,2017.0,93.0
198154,2008,200048.0,0.0,748.0,0.2243,0.2265,0.2321,0.2346,1.1456,o,1820.0,2145.0,2069.0,50.0
198154,2009,216360.0,0.0,826.0,0.2291,0.2365,0.2569,0.2665,1.5826,o,1533.0,766.0,2131.0,51.0
198154,2010,258000.0,0.0,897.0,0.2086,0.2088,0.2092,0.2094,1.0112,o,1391.0,754.0,2483.0,51.0
198154,2011,268770.0,0.0,1007.0,0.2248,0.2219,0.2146,0.2114,0.8297,o,1414.0,905.0,2710.0,53.0
198154,2012,261900.0,0.0,1179.0,0.2701,0.2695,0.2679,0.2671,0.9672,o,1451.0,801.0,3082.0,54.0
198154,2013,251160.0,0.0,1137.0,0.2716,0.2723,0.2739,0.2747,1.0346,o,1589.0,843.0,3135.0,56.0
198154,2014,246060.0,0.0,1169.0,0.2851,0.2871,0.2925,0.295,1.1092,o,1682.0,829.0,3193.0,57.0
198154,2015,244650.0,0.0,1355.0,0.3323,0.3347,0.3408,0.3436,1.1066,o,1625.0,770.0,3298.0,58.0
198154,2016,235350.0,0.0,1245.0,0.3174,0.3173,0.3169,0.3167,0.9936,o,1593.0,711.0,3441.0,59.0
198154,2017,207059.0,0.0,1338.0,0.3877,0.3867,0.3841,0.383,0.9634,o,1343.0,670.0,3503.0,70.0
198154,2018,188890.0,0.0,1356.0,0.4307,0.4253,0.4117,0.4058,0.8347,o,1372.0,643.0,3425.0,73.0
198154,2019,191580.0,0.0,1323.0,0.4143,0.4124,0.4074,0.4052,0.9346,o,1583.0,561.0,3353.0,68.0
198154,2020,187654.0,0.0,1486.0,0.4751,0.4803,0.4937,0.4998,1.1661,o,1379.0,534.0,3303.0,65.0
198154,2021,193982.0,0.0,1375.0,0.4253,0.4232,0.418,0.4157,0.9333,o,1816.0,500.0,3208.0,61.0
198154,2022,224852.0,0.0,1335.0,0.3562,0.3614,0.3749,0.381,1.2262,o,915.0,97.0,3015.0,51.0
198154,2023,193584.0,0.0,1390.0,0.4308,0.4143,0.3748,0.3585,0.5728,o,1573.0,324.0,2845.0,55.0
198154,2024,228090.0,0.0,1315.0,0.3459,0.3494,0.3584,0.3624,1.152,o,930.0,272.0,2748.0,48.0
198206,1998,24560.0,0.0,113.0,0.2761,0.2963,0.3553,0.3851,2.7431,o,,,,
198206,1999,32695.0,0.0,77.0,0.1413,0.1461,0.1593,0.1655,1.6139,o,,,,
198206,2000,36529.0,0.0,93.0,0.1528,0.1507,0.1456,0.1434,0.8256,o,,,,
198206,2001,31668.0,0.0,92.0,0.1743,0.1798,0.1949,0.2019,1.5616,o,,,,
198206,2002,35752.0,0.0,95.0,0.1594,0.1616,0.1674,0.17,1.2157,o,393.0,,1718.0,
198206,2003,36633.0,0.0,145.0,0.2375,0.2354,0.2302,0.2279,0.8831,o,372.0,,1941.0,59.0
198206,2004,46804.0,0.0,157.0,0.2013,0.1998,0.196,0.1944,0.8996,o,341.0,,2045.0,37.0
198206,2005,45201.0,0.0,162.0,0.215,0.2133,0.209,0.207,0.8915,o,151.0,,2055.0,41.0
198206,2007,44341.0,0.0,154.0,0.2084,0.207,0.2033,0.2017,0.9065,o,220.0,105.0,2057.0,32.0
198206,2008,44826.0,0.0,154.0,0.2061,0.2085,0.2147,0.2175,1.1765,o,229.0,136.0,2125.0,39.0
198206,2009,45540.0,0.0,156.0,0.2055,0.206,0.2073,0.2078,1.0339,o,304.0,147.0,2089.0,37.0
198206,2010,45720.0,0.0,157.0,0.206,0.2105,0.2223,0.2277,1.3541,o,275.0,153.0,2453.0,49.0
198206,2012,43610.0,0.0,178.0,0.2449,0.2431,0.2384,0.2364,0.8981,o,299.0,514.0,3076.0,46.0
198206,2013,42943.0,0.0,200.0,0.2794,0.2816,0.2873,0.2899,1.1178,o,222.0,444.0,3036.0,50.0
198206,2014,41820.0,0.0,204.0,0.2927,0.288,0.2763,0.2713,0.7943,o,263.0,339.0,3499.0,45.0
198206,2015,35927.0,0.0,209.0,0.349,0.3493,0.3499,0.3501,1.0096,o,207.0,91.0,3493.0,50.0
198206,2016,35620.0,0.0,239.0,0.4026,0.3981,0.387,0.3821,0.8536,o,202.0,132.0,3506.0,58.0
198206,2017,36155.0,0.0,242.0,0.4016,0.3974,0.3867,0.382,0.8596,o,239.0,88.0,3629.0,57.0
198206,2018,30573.0,0.0,222.0,0.4357,0.4405,0.453,0.4587,1.1687,o,167.0,245.0,3360.0,64.0
198206,2019,31767.0,0.0,195.0,0.3683,0.3612,0.3436,0.336,0.7574,o,347.0,75.0,3290.0,59.0
198206,2020,30622.0,0.0,195.0,0.3821,0.3967,0.4369,0.456,1.7094,o,244.0,91.0,3061.0,57.0
198206,2021,23350.0,0.0,228.0,0.5859,0.5837,0.5783,0.5759,0.9494,o,285.0,120.0,3081.0,76.0
198206,2022,33836.0,0.0,222.0,0.3937,0.3927,0.3901,0.389,0.9645,o,282.0,138.0,2863.0,56.0
198206,2023,32460.0,0.0,235.0,0.4344,0.4363,0.4414,0.4437,1.0662,o,307.0,121.0,2702.0,45.0
198206,2024,32783.0,0.0,218.0,0.399,0.4012,0.407,0.4096,1.0829,o,323.0,152.0,2310.0,56.0
198215,1998,36669.0,240.0,0.0,0.7854,0.8165,0.823,0.8397,1.1431,o,,,,
198215,1999,34422.0,235.0,0.0,0.8192,0.8398,0.8441,0.855,1.0893,o,,,,
198215,2000,38140.0,255.0,0.0,0.8023,0.7851,0.7816,0.7729,0.9281,o,,,,
198215,2001,35842.0,245.0,0.0,0.8203,0.8063,0.8035,0.7964,0.9427,o,,,,
198215,2002,48705.0,240.0,0.0,0.5913,0.603,0.6054,0.6116,1.0698,o,317.0,,24667.0,
198215,2003,52165.0,245.0,0.0,0.5636,0.592,0.5981,0.6135,1.1849,o,252.0,,26000.0,426.0
198215,2004,48390.0,328.0,0.0,0.8134,0.7915,0.7871,0.7761,0.9104,o,260.0,,27197.0,466.0
198215,2005,37233.0,306.0,0.0,0.9862,0.8989,0.8818,0.8405,0.7262,o,223.0,,28329.0,631.0
198215,2006,34783.0,270.0,0.0,0.9315,0.8461,0.8294,0.7891,0.7177,o,244.0,,29214.0,656.0
198215,2007,34440.0,271.0,0.0,0.9443,0.8917,0.8812,0.8554,0.8207,o,266.0,109.0,29778.0,678.0
198215,2008,35692.0,281.0,0.0,0.9447,0.9437,0.9435,0.9429,0.9961,o,248.0,126.0,30490.0,668.0
198215,2009,34937.0,249.0,0.0,0.8553,0.8708,0.8741,0.8823,1.0642,o,315.0,116.0,32071.0,688.0
198215,2010,37250.0,270.0,0.0,0.8698,0.9183,0.9286,0.955,1.2056,o,259.0,123.0,33936.0,733.0
198215,2011,36765.0,282.0,0.0,0.9204,0.9525,0.9593,0.9765,1.1255,o,304.0,133.0,35122.0,755.0
198215,2012,37092.0,284.0,0.0,0.9188,0.9434,0.9485,0.9616,1.0953,o,296.0,137.0,34233.0,764.0
198215,2013,35269.0,275.0,0.0,0.9357,0.9531,0.9567,0.9659,1.0657,o,335.0,130.0,34810.0,800.0
198215,2014,36141.0,277.0,0.0,0.9197,0.9453,0.9507,0.9643,1.0993,o,344.0,86.0,35311.0,826.0
198215,2015,36566.0,267.0,0.0,0.8762,0.9251,0.9356,0.9623,1.206,o,311.0,90.0,35718.0,867.0
198215,2016,35964.0,255.0,0.0,0.8509,0.8728,0.8774,0.889,1.0917,o,349.0,78.0,37247.0,920.0
198215,2017,37855.0,263.0,0.0,0.8337,0.8446,0.8469,0.8527,1.046,o,332.0,97.0,37393.0,942.0
198215,2018,38743.0,312.0,0.0,0.9664,0.9672,0.9674,0.9678,1.0029,o,338.0,79.0,37288.0,933.0
198215,2019,37809.0,283.0,0.0,0.8982,0.9041,0.9053,0.9084,1.0229,o,342.0,96.0,37241.0,947.0
198215,2020,38459.0,272.0,0.0,0.8487,0.8561,0.8576,0.8615,1.0303,o,333.0,89.0,36683.0,935.0
198215,2021,35538.0,255.0,0.0,0.8611,0.8588,0.8584,0.8572,0.9912,o,264.0,85.0,36693.0,895.0
198215,2022,35131.0,263.0,0.0,0.8984,0.8688,0.8628,0.848,0.891,o,298.0,115.0,35522.0,817.0
198215,2023,32272.0,249.0,0.0,0.9259,0.8761,0.8661,0.8417,0.8265,o,304.0,119.0,34023.0,819.0
198215,2024,34141.0,219.0,0.0,0.7697,0.7446,0.7395,0.7269,0.8919,o,325.0,104.0,33400.0,622.0
198233,1999,67767.0,0.0,278.0,0.2461,0.2514,0.2655,0.272,1.3539,o,,,,
198233,2001,72614.0,0.0,269.0,0.2223,0.2244,0.23,0.2325,1.1463,o,,,,
198233,2002,84063.0,0.0,290.0,0.207,0.209,0.2142,0.2165,1.1466,o,862.0,,1760.0,
198233,2003,99947.0,0.0,284.0,0.1705,0.1759,0.1908,0.1977,1.5673,o,707.0,,1903.0,48.0
198233,2004,105935.0,0.0,420.0,0.2379,0.2376,0.2369,0.2366,0.984,o,802.0,,1884.0,54.0
198233,2005,104458.0,0.0,469.0,0.2694,0.2698,0.2709,0.2714,1.0223,o,898.0,,1944.0,71.0
198233,2006,102170.0,0.0,438.0,0.2572,0.2604,0.2687,0.2724,1.1902,o,905.0,,1969.0,55.0
198233,2007,129411.0,0.0,506.0,0.2346,0.2356,0.2383,0.2395,1.0647,o,917.0,1293.0,1912.0,43.0
198233,2008,137501.0,0.0,459.0,0.2003,0.2005,0.2011,0.2014,1.0172,o,943.0,1113.0,2016.0,40.0
198233,2009,143246.0,0.0,514.0,0.2153,0.2158,0.2172,0.2178,1.0351,o,1134.0,1427.0,1996.0,38.0
198233,2010,163759.0,0.0,606.0,0.222,0.2251,0.2333,0.2371,1.2194,o,924.0,1409.0,2473.0,43.0
198233,2011,143891.0,0.0,592.0,0.2469,0.2448,0.2397,0.2375,0.8897,o,868.0,1283.0,2645.0,47.0
198233,2012,130123.0,0.0,670.0,0.3089,0.3053,0.2961,0.2921,0.8435,o,610.0,1195.0,3014.0,50.0
198233,2013,113548.0,0.0,676.0,0.3572,0.3477,0.3245,0.3146,0.6808,o,928.0,1040.0,3183.0,52.0
198233,2014,95268.0,0.0,594.0,0.3741,0.3801,0.396,0.4033,1.2558,o,753.0,1025.0,3272.0,60.0
198233,2015,97463.0,0.0,710.0,0.4371,0.4364,0.4348,0.4341,0.9792,o,830.0,965.0,3266.0,56.0
198233,2016,97237.0,0.0,658.0,0.406,0.4057,0.4047,0.4043,0.9875,o,868.0,186.0,2846.0,56.0
198233,2017,99842.0,0.0,689.0,0.4141,0.4167,0.4237,0.4269,1.0967,o,808.0,230.0,2870.0,53.0
198233,2018,96400.0,0.0,726.0,0.4519,0.4503,0.4463,0.4445,0.9517,o,918.0,194.0,3222.0,57.0
198233,2019,94816.0,0.0,684.0,0.4328,0.4356,0.4428,0.4461,1.0955,o,711.0,183.0,2864.0,59.0
198233,2020,83909.0,0.0,682.0,0.4877,0.4811,0.4646,0.4575,0.8239,o,564.0,186.0,2821.0,64.0
198233,2021,75282.0,0.0,734.0,0.585,0.5701,0.5336,0.5182,0.6924,o,497.0,208.0,2763.0,67.0
198233,2022,86228.0,0.0,938.0,0.6527,0.6414,0.6133,0.6012,0.7796,o,657.0,218.0,2597.0,57.0
198233,2023,79172.0,0.0,770.0,0.5835,0.5923,0.6156,0.6262,1.2385,o,514.0,136.0,2450.0,65.0
198233,2024,78810.0,0.0,803.0,0.6113,0.6064,0.5939,0.5885,0.8908,o,512.0,192.0,2367.0,53.0
198242,1998,6528.0,0.0,24.0,0.2206,0.2206,0.2206,0.2206,,-,,,,
198242,1999,8096.0,0.0,27.0,0.2001,0.2001,0.2001,0.2001,,-,,,,
198242,2000,4169.0,0.0,27.0,0.3886,0.3886,0.3886,0.3886,,-,,,,
198242,2001,3821.0,0.0,24.0,0.3768,0.3768,0.3768,0.3768,,-,,,,
198242,2002,3935.0,0.0,23.0,0.3507,0.3507,0.3507,0.3507,,-,16.0,,14793.0,
198242,2003,4173.0,0.0,36.0,0.5176,0.5176,0.5176,0.5176,,-,19.0,,15532.0,670.0
198242,2004,4435.0,0.0,37.0,0.5006,0.5006,0.5006,0.5006,,-,11.0,,16650.0,543.0
198242,2005,3900.0,0.0,25.0,0.3846,0.3846,0.3846,0.3846,,-,7.0,,16418.0,713.0
198242,2006,4685.0,0.0,18.0,0.2305,0.2305,0.2305,0.2305,,-,9.0,,17762.0,535.0
198242,2007,4681.0,1.0,11.0,0.1666,0.1666,0.1666,0.1666,,-,6.0,75.0,18148.0,620.0
198242,2008,4859.0,1.0,42.0,0.5433,0.5433,0.5433,0.5433,,-,11.0,51.0,18438.0,676.0
198242,2009,7057.0,0.0,31.0,0.2636,0.2636,0.2636,0.2636,,-,25.0,38.0,18992.0,548.0
198242,2010,9266.0,6.0,49.0,0.395,0.395,0.395,0.395,,-,15.0,29.0,21764.0,663.0
198242,2011,8437.0,2.0,62.0,0.4693,0.4693,0.4693,0.4693,,-,72.0,120.0,22614.0,857.0
198242,2012,7345.0,3.0,68.0,0.6045,0.6045,0.6045,0.6045,,-,21.0,56.0,23267.0,919.0
198242,2013,7950.0,7.0,61.0,0.566,0.566,0.566,0.566,,-,11.0,36.0,24096.0,878.0
198242,2014,9174.0,4.0,75.0,0.5428,0.5428,0.5428,0.5428,,-,17.0,46.0,24587.0,880.0
198242,2015,10485.0,5.0,67.0,0.4406,0.4406,0.4406,0.4406,,-,21.0,59.0,25293.0,812.0
198251,1998,43673.0,0.0,315.0,0.4328,0.4435,0.4725,0.486,1.4213,o,,,,
198251,2001,80463.0,0.0,327.0,0.2438,0.2453,0.2493,0.251,1.0921,o,,,,
198251,2002,93887.0,0.0,243.0,0.1553,0.1567,0.1605,0.1622,1.1411,o,1026.0,,1781.0,
198251,2003,94732.0,0.0,246.0,0.1558,0.1565,0.1583,0.1592,1.0665,o,1344.0,,1985.0,40.0
198251,2004,124106.0,0.0,245.0,0.1184,0.1208,0.1271,0.1301,1.3274,o,1258.0,,1944.0,34.0
198251,2005,94445.0,0.0,278.0,0.1766,0.1774,0.1793,0.1801,1.0616,o,1223.0,,1951.0,47.0
198251,2006,93162.0,0.0,286.0,0.1842,0.1834,0.1814,0.1805,0.94,o,1468.0,319.0,1952.0,50.0
198251,2007,110000.0,0.0,269.0,0.1467,0.1485,0.153,0.1551,1.1834,o,754.0,1205.0,1775.0,37.0
198251,2008,106200.0,0.0,305.0,0.1723,0.1655,0.1491,0.1423,0.5604,o,776.0,1557.0,1834.0,42.0
198251,2009,111180.0,0.0,383.0,0.2067,0.2016,0.189,0.1836,0.6985,o,1249.0,946.0,2060.0,42.0
198251,2010,130470.0,0.0,400.0,0.184,0.1904,0.2079,0.2163,1.6327,o,1128.0,856.0,2413.0,41.0
198251,2011,124720.0,0.0,440.0,0.2117,0.2133,0.2175,0.2194,1.1141,o,583.0,766.0,2647.0,46.0
198251,2012,111736.0,0.0,477.0,0.2561,0.2437,0.2144,0.2025,0.4905,o,762.0,813.0,3015.0,55.0
198251,2013,110264.0,0.0,463.0,0.2519,0.2499,0.2448,0.2425,0.8907,o,856.0,1002.0,3069.0,54.0
198251,2014,111683.0,0.0,496.0,0.2665,0.271,0.283,0.2886,1.2729,o,849.0,517.0,2918.0,53.0
198251,2015,110570.0,0.0,533.0,0.2892,0.2902,0.2927,0.2939,1.0494,o,782.0,444.0,3128.0,49.0
198251,2016,102330.0,0.0,498.0,0.292,0.2902,0.2858,0.2838,0.9173,o,741.0,433.0,3127.0,60.0
198251,2017,100873.0,0.0,583.0,0.3468,0.3445,0.3386,0.336,0.9086,o,750.0,457.0,3243.0,59.0
198251,2018,100991.0,0.0,598.0,0.3553,0.3549,0.3539,0.3535,0.9849,o,835.0,335.0,3171.0,51.0
198251,2019,99257.0,0.0,539.0,0.3258,0.3284,0.3352,0.3382,1.1201,o,1042.0,445.0,3104.0,51.0
198251,2020,113406.0,0.0,558.0,0.2952,0.3009,0.3161,0.3231,1.3148,o,758.0,342.0,3070.0,43.0
198251,2021,103765.0,0.0,549.0,0.3174,0.3127,0.3009,0.2958,0.8077,o,833.0,350.0,2981.0,44.0
198251,2022,98972.0,0.0,615.0,0.3728,0.3708,0.3657,0.3634,0.9256,o,810.0,356.0,2802.0,41.0
198251,2023,101751.0,0.0,614.0,0.3621,0.3625,0.3637,0.3642,1.0182,o,865.0,349.0,2644.0,44.0
198251,2024,108020.0,0.0,664.0,0.3688,0.3702,0.3736,0.3752,1.053,o,872.0,371.0,2554.0,35.0
198260,1999,338820.0,0.0,563.0,0.0997,0.1021,0.1087,0.1117,1.4121,o,,,,
198260,2000,239229.0,0.0,601.0,0.1507,0.1528,0.1582,0.1607,1.2139,o,,,,
198260,2001,247522.0,0.0,594.0,0.144,0.1432,0.141,0.1401,0.9207,o,,,,
198260,2003,235543.0,0.0,758.0,0.1931,0.1921,0.1897,0.1886,0.9311,o,1210.0,,1927.0,110.0
198260,2004,331169.0,0.0,819.0,0.1484,0.1492,0.1514,0.1524,1.0847,o,1257.0,,2066.0,63.0
198260,2005,347616.0,0.0,903.0,0.1559,0.1565,0.1583,0.159,1.063,o,1377.0,,2231.0,57.0
198260,2006,349025.0,0.0,1029.0,0.1769,0.1783,0.1818,0.1834,1.1163,o,1288.0,,2234.0,69.0
198260,2007,356550.0,0.0,971.0,0.1634,0.1631,0.1625,0.1622,0.978,o,2582.0,1066.0,2169.0,86.0
198260,2008,406856.0,0.0,908.0,0.1339,0.1403,0.158,0.1666,1.9377,o,2568.0,1208.0,2230.0,61.0
198260,2009,444030.0,0.0,1062.0,0.1435,0.1464,0.154,0.1576,1.3271,o,2243.0,2105.0,2089.0,59.0
198260,2010,476615.0,0.0,1370.0,0.1725,0.1708,0.1666,0.1648,0.8711,o,2040.0,2134.0,2570.0,51.0
198260,2011,479498.0,0.0,1511.0,0.1891,0.1869,0.1814,0.1791,0.8481,o,2376.0,739.0,2825.0,59.0
198260,2012,471817.0,0.0,1634.0,0.2078,0.2093,0.2133,0.215,1.1095,o,2508.0,724.0,3334.0,67.0
198260,2013,461132.0,0.0,1790.0,0.2329,0.235,0.2404,0.2429,1.1359,o,3759.0,739.0,3317.0,73.0
198260,2014,463141.0,0.0,1695.0,0.2196,0.2263,0.2446,0.2532,1.5393,o,3754.0,714.0,3372.0,70.0
198260,2015,493707.0,0.0,1936.0,0.2353,0.2383,0.2462,0.2497,1.198,o,3201.0,762.0,3478.0,69.0
198260,2016,433464.0,0.0,1886.0,0.2611,0.2582,0.2508,0.2476,0.8521,o,2542.0,1590.0,3454.0,93.0
198260,2017,435560.0,0.0,2056.0,0.2832,0.2771,0.2619,0.2554,0.731,o,2482.0,1347.0,3559.0,88.0
198260,2018,437339.0,0.0,2182.0,0.2994,0.2963,0.2886,0.2853,0.8644,o,2454.0,1415.0,3480.0,80.0
198260,2019,430439.0,0.0,2314.0,0.3226,0.322,0.3207,0.3201,0.9769,o,2529.0,1356.0,3407.0,84.0
198260,2020,425014.0,0.0,2326.0,0.3284,0.3289,0.3304,0.331,1.0247,o,1839.0,830.0,3356.0,67.0
198260,2021,371402.0,0.0,2460.0,0.3974,0.3891,0.3684,0.3595,0.7381,o,1885.0,808.0,3259.0,76.0
198260,2022,362251.0,0.0,2459.0,0.4073,0.4031,0.3926,0.388,0.8631,o,1667.0,868.0,3063.0,69.0
198260,2023,391397.0,0.0,2262.0,0.3468,0.3441,0.3373,0.3343,0.8953,o,1904.0,956.0,2890.0,65.0
198260,2024,421109.0,0.0,2815.0,0.4011,0.403,0.4081,0.4104,1.0721,o,1571.0,997.0,2792.0,63.0
198303,1998,23670.0,143.0,7.0,0.7427,0.6796,0.6672,0.6373,0.7362,o,,,,
198303,1999,26610.0,83.0,6.0,0.3878,0.3642,0.3595,0.348,0.8054,o,,,,
198303,2002,23488.0,94.0,0.0,0.4802,0.4816,0.4819,0.4826,1.0098,o,298.0,,,
198303,2003,21581.0,110.0,14.0,0.6506,0.6738,0.6788,0.6912,1.1288,o,254.0,,22092.0,436.0
198303,2004,24176.0,115.0,9.0,0.5932,0.6055,0.6081,0.6147,1.0739,o,290.0,,22222.0,406.0
198303,2005,23006.0,117.0,1.0,0.6129,0.623,0.6252,0.6305,1.0584,o,292.0,,22695.0,394.0
198303,2006,22729.0,120.0,3.0,0.6415,0.6514,0.6535,0.6587,1.0543,o,347.0,,22982.0,433.0
198303,2007,23247.0,89.0,2.0,0.4646,0.4847,0.489,0.4998,1.1576,o,368.0,38.0,24122.0,482.0
198303,2008,25298.0,93.0,9.0,0.4625,0.5006,0.5089,0.5302,1.3143,o,322.0,78.0,24920.0,445.0
198303,2009,25958.0,100.0,1.0,0.4646,0.4881,0.4931,0.5059,1.1856,o,521.0,76.0,26071.0,455.0
198303,2010,29198.0,131.0,0.0,0.5384,0.5834,0.5932,0.6184,1.3192,o,513.0,63.0,27361.0,493.0
198303,2011,34142.0,123.0,0.0,0.4323,0.4811,0.4919,0.5199,1.4462,o,579.0,74.0,28016.0,488.0
198303,2012,37448.0,131.0,0.0,0.4198,0.4796,0.493,0.5281,1.5826,o,523.0,76.0,28600.0,510.0
198303,2013,37815.0,137.0,3.0,0.4395,0.475,0.4827,0.5025,1.3072,o,474.0,83.0,29343.0,527.0
198303,2014,39645.0,182.0,1.0,0.5524,0.5466,0.5454,0.5424,0.9642,o,531.0,94.0,29636.0,499.0
198303,2015,41986.0,185.0,0.0,0.5287,0.5162,0.5136,0.5072,0.9203,o,552.0,88.0,29895.0,499.0
198303,2016,43622.0,214.0,0.0,0.5887,0.5857,0.5851,0.5836,0.9828,o,522.0,79.0,30337.0,471.0
198303,2017,45111.0,209.0,0.0,0.556,0.5681,0.5706,0.577,1.0772,o,526.0,63.0,30506.0,450.0
198303,2018,44615.0,234.0,0.0,0.6294,0.6371,0.6387,0.6427,1.0428,o,414.0,81.0,30509.0,435.0
198303,2019,41504.0,263.0,0.0,0.7604,0.7298,0.7236,0.7084,0.868,o,400.0,66.0,30481.0,426.0
198303,2020,37437.0,209.0,0.0,0.6699,0.6182,0.608,0.5832,0.7579,o,238.0,71.0,30626.0,392.0
198303,2021,31716.0,198.0,1.0,0.751,0.6504,0.6313,0.586,0.6088,o,209.0,57.0,30208.0,417.0
198303,2022,26973.0,190.0,3.0,0.852,0.6868,0.6568,0.5875,0.4755,o,215.0,41.0,28391.0,337.0
198303,2023,23047.0,154.0,1.0,0.8044,0.6658,0.6403,0.5806,0.5209,o,161.0,66.0,26790.0,288.0
198303,2024,18555.0,150.0,3.0,0.9798,0.8405,0.8143,0.7522,0.5893,o,180.0,67.0,27110.0,294.0
198321,1999,71264.0,0.0,126.0,0.1061,0.1052,0.1029,0.1019,0.8862,o,,,,
198321,2002,55008.0,0.0,117.0,0.1276,0.1305,0.138,0.1416,1.3692,o,281.0,,1718.0,
198321,2003,55236.0,0.0,116.0,0.126,0.1252,0.1231,0.1222,0.9109,o,278.0,,1927.0,39.0
198321,2004,72748.0,0.0,169.0,0.1394,0.1381,0.1347,0.1333,0.8728,o,251.0,,1947.0,30.0
198321,2005,61759.0,0.0,139.0,0.135,0.134,0.1315,0.1303,0.898,o,279.0,,1957.0,39.0
198321,2008,82001.0,0.0,192.0,0.1405,0.1487,0.1722,0.1838,2.2593,o,56.0,487.0,2022.0,20.0
198321,2009,67154.0,0.0,193.0,0.1724,0.1494,0.1033,0.0876,0.1286,o,132.0,542.0,2121.0,33.0
198321,2010,104084.0,0.0,218.0,0.1257,0.1178,0.0997,0.0926,0.3964,o,631.0,472.0,2014.0,24.0
198321,2011,91936.0,0.0,236.0,0.154,0.176,0.2479,0.2887,6.7128,o,570.0,397.0,2615.0,38.0
198321,2012,79095.0,0.0,130.0,0.0986,0.1014,0.109,0.1126,1.4941,o,464.0,391.0,3023.0,25.0
198321,2013,76223.0,0.0,291.0,0.2291,0.225,0.2148,0.2104,0.7727,o,833.0,449.0,2970.0,25.0
198321,2014,69897.0,0.0,342.0,0.2936,0.3035,0.3308,0.3436,1.6112,o,512.0,356.0,3031.0,25.0
198321,2015,64881.0,0.0,274.0,0.2534,0.2492,0.2388,0.2344,0.7895,o,331.0,96.0,3131.0,26.0
198321,2016,60936.0,0.0,293.0,0.2885,0.2745,0.2416,0.2283,0.4922,o,394.0,171.0,3109.0,33.0
198321,2017,64800.0,0.0,303.0,0.2806,0.2792,0.2759,0.2744,0.9348,o,347.0,144.0,3220.0,38.0
198321,2018,55565.0,0.0,396.0,0.4276,0.4263,0.423,0.4215,0.9572,o,187.0,68.0,3148.0,45.0
198321,2019,52987.0,0.0,403.0,0.4563,0.435,0.3846,0.3642,0.5047,o,306.0,87.0,3114.0,47.0
198321,2020,54195.0,0.0,376.0,0.4163,0.4203,0.4307,0.4354,1.1461,o,182.0,83.0,3067.0,47.0
198321,2021,43247.0,0.0,403.0,0.5591,0.5474,0.5183,0.5059,0.7383,o,104.0,106.0,3037.0,65.0
198321,2022,48767.0,0.0,467.0,0.5746,0.5413,0.4643,0.4336,0.4262,o,164.0,88.0,2854.0,56.0
198321,2023,51474.0,0.0,376.0,0.4383,0.4425,0.4536,0.4586,1.1469,o,206.0,216.0,2693.0,55.0
198321,2024,56321.0,0.0,503.0,0.5359,0.5522,0.5967,0.6176,1.5373,o,205.0,123.0,2602.0,50.0
198330,1999,96317.0,0.0,296.0,0.1844,0.1893,0.2027,0.2089,1.4606,o,,,,
198330,2000,83034.0,0.0,342.0,0.2471,0.2486,0.2524,0.2541,1.088,o,,,,
198330,2001,82673.0,0.0,334.0,0.2424,0.2431,0.245,0.2459,1.0439,o,,,,
198330,2002,89405.0,0.0,353.0,0.2369,0.2388,0.2436,0.2458,1.1179,o,1089.0,,1718.0,
198330,2003,92700.0,0.0,385.0,0.2492,0.2512,0.2563,0.2586,1.1192,o,1040.0,,1863.0,71.0
198330,2004,114414.0,0.0,426.0,0.2234,0.2232,0.2227,0.2224,0.9867,o,871.0,,1884.0,79.0
198330,2005,98577.0,0.0,444.0,0.2702,0.2665,0.257,0.2529,0.8182,o,832.0,,1957.0,58.0
198330,2006,97185.0,0.0,470.0,0.2902,0.2874,0.2803,0.2772,0.8707,o,915.0,,1969.0,57.0
198330,2007,111240.0,0.0,423.0,0.2282,0.2293,0.2323,0.2336,1.0746,o,895.0,192.0,1957.0,51.0
198330,2008,114240.0,0.0,518.0,0.2721,0.2725,0.2737,0.2743,1.0246,o,912.0,459.0,2011.0,46.0
198330,2009,122523.0,0.0,471.0,0.2307,0.2308,0.2311,0.2312,1.0077,o,928.0,585.0,1977.0,50.0
198330,2010,138720.0,0.0,518.0,0.224,0.2245,0.2256,0.226,1.0271,o,899.0,638.0,2330.0,51.0
198330,2011,145627.0,0.0,583.0,0.2402,0.2398,0.2388,0.2384,0.9772,o,891.0,623.0,2566.0,55.0
198330,2012,137759.0,0.0,604.0,0.2631,0.2626,0.2614,0.2609,0.9754,o,829.0,688.0,2936.0,60.0
198330,2013,135050.0,0.0,539.0,0.2395,0.2382,0.2349,0.2335,0.9263,o,878.0,610.0,2992.0,60.0
198330,2014,126597.0,0.0,558.0,0.2645,0.2648,0.2658,0.2663,1.0209,o,782.0,590.0,2973.0,60.0
198330,2015,125029.0,0.0,688.0,0.3302,0.3281,0.323,0.3208,0.9162,o,781.0,543.0,3047.0,60.0
198330,2016,117895.0,0.0,643.0,0.3272,0.3258,0.3223,0.3207,0.941,o,743.0,496.0,3026.0,59.0
198330,2017,110852.0,0.0,701.0,0.3794,0.3781,0.3747,0.3732,0.9507,o,775.0,528.0,3139.0,60.0
198330,2018,113370.0,0.0,719.0,0.3805,0.381,0.3821,0.3827,1.0171,o,691.0,460.0,3068.0,58.0
198330,2019,107228.0,0.0,699.0,0.3911,0.3886,0.3821,0.3792,0.9104,o,738.0,389.0,3004.0,56.0
198330,2020,106920.0,0.0,657.0,0.3687,0.3689,0.3693,0.3695,1.0068,o,664.0,301.0,2959.0,53.0
198330,2021,101010.0,0.0,618.0,0.3671,0.3652,0.3604,0.3583,0.9293,o,642.0,332.0,2874.0,52.0
198330,2022,98130.0,0.0,652.0,0.3987,0.3962,0.39,0.3873,0.9158,o,670.0,335.0,2701.0,46.0
198330,2023,96750.0,0.0,645.0,0.4,0.4007,0.4026,0.4034,1.026,o,605.0,291.0,2549.0,41.0
198330,2024,96900.0,0.0,583.0,0.361,0.359,0.3538,0.3515,0.9223,o,564.0,312.0,2462.0,41.0
198367,1999,49132.0,0.0,281.0,0.3432,0.35,0.3683,0.3767,1.3265,o,,,,
198367,2000,48472.0,0.0,328.0,0.406,0.4061,0.4062,0.4063,1.0019,o,,,,
198367,2001,48855.0,0.0,382.0,0.4691,0.4764,0.4956,0.5043,1.2452,o,,,,
198367,2002,51632.0,0.0,251.0,0.2917,0.2913,0.2902,0.2898,0.9803,o,586.0,,1767.0,
198367,2003,82323.0,0.0,408.0,0.2974,0.2966,0.2946,0.2937,0.963,o,706.0,,1910.0,47.0
198367,2004,72517.0,0.0,283.0,0.2342,0.2374,0.2461,0.25,1.2193,o,724.0,,2000.0,56.0
198367,2005,73841.0,0.0,315.0,0.256,0.258,0.2634,0.2658,1.1207,o,725.0,,2318.0,51.0
198367,2006,61948.0,0.0,320.0,0.3099,0.3102,0.311,0.3114,1.014,o,721.0,219.0,2272.0,44.0
198367,2007,73985.0,0.0,365.0,0.296,0.2959,0.2956,0.2955,0.9952,o,587.0,778.0,1540.0,32.0
198367,2008,72891.0,0.0,323.0,0.2659,0.262,0.2524,0.2482,0.8119,o,761.0,568.0,1577.0,45.0
198367,2009,98047.0,0.0,310.0,0.1897,0.1917,0.197,0.1994,1.1636,o,978.0,716.0,1565.0,35.0
198367,2010,112266.0,0.0,305.0,0.163,0.1673,0.1789,0.1843,1.451,o,599.0,868.0,1881.0,43.0
198367,2011,95430.0,0.0,353.0,0.2219,0.2162,0.2022,0.1963,0.6889,o,467.0,214.0,2055.0,65.0
198367,2012,87150.0,0.0,469.0,0.3229,0.3113,0.2833,0.2716,0.5923,o,561.0,199.0,2329.0,72.0
198367,2013,81360.0,0.0,329.0,0.2426,0.2435,0.2458,0.2468,1.0525,o,681.0,220.0,2369.0,67.0
198367,2014,83310.0,0.0,490.0,0.3529,0.3599,0.3786,0.3872,1.3249,o,542.0,120.0,2412.0,64.0
198367,2015,77250.0,0.0,435.0,0.3379,0.3347,0.3266,0.323,0.8728,o,543.0,111.0,2411.0,54.0
198367,2016,76710.0,0.0,455.0,0.3559,0.3529,0.3455,0.3422,0.888,o,525.0,155.0,2498.0,58.0
198367,2017,73230.0,0.0,341.0,0.2794,0.2788,0.2771,0.2764,0.9677,o,277.0,382.0,2617.0,71.0
198367,2018,76530.0,0.0,402.0,0.3152,0.301,0.2675,0.2538,0.5187,o,343.0,272.0,2559.0,66.0
198367,2019,72390.0,0.0,615.0,0.5097,0.5042,0.4902,0.4841,0.8554,o,358.0,287.0,2468.0,53.0
198367,2020,74460.0,0.0,681.0,0.5488,0.5543,0.5689,0.5754,1.1548,o,282.0,183.0,2432.0,49.0
198367,2021,60780.0,0.0,500.0,0.4936,0.4861,0.4675,0.4594,0.8046,o,427.0,267.0,2468.0,53.0
198367,2022,55003.0,0.0,660.0,0.72,0.7346,0.7738,0.7919,1.3344,o,325.0,241.0,2218.0,42.0
198367,2023,54777.0,0.0,657.0,0.7196,0.7153,0.7042,0.6993,0.9168,o,337.0,298.0,2093.0,56.0
198367,2024,57837.0,0.0,571.0,0.5924,0.5878,0.5764,0.5713,0.8963,o,364.0,288.0,2022.0,56.0
198376,1999,38113.0,0.0,201.0,0.3164,0.3306,0.3698,0.3888,1.8663,o,,,,
198376,2000,38023.0,0.0,175.0,0.2761,0.2876,0.3193,0.3345,1.7878,o,,,,
198376,2001,40452.0,0.0,194.0,0.2877,0.2906,0.2979,0.3012,1.1485,o,,,,
198376,2002,46672.0,0.0,186.0,0.2391,0.2407,0.2449,0.2468,1.1004,o,409.0,,1772.0,
198376,2003,48162.0,0.0,201.0,0.2504,0.2503,0.2502,0.2501,0.9963,o,563.0,,1863.0,55.0
198376,2004,83054.0,0.0,206.0,0.1488,0.1522,0.1611,0.1652,1.3732,o,503.0,,1952.0,30.0
198376,2005,86413.0,0.0,246.0,0.1708,0.1712,0.1723,0.1728,1.035,o,805.0,,1468.0,28.0
198376,2006,79871.0,0.0,272.0,0.2043,0.2103,0.2265,0.2341,1.5103,o,463.0,,1636.0,39.0
198376,2007,79100.0,0.0,316.0,0.2397,0.234,0.2199,0.2139,0.708,o,491.0,279.0,1588.0,37.0
198376,2008,87590.0,0.0,369.0,0.2528,0.2483,0.2371,0.2323,0.7744,o,594.0,241.0,1595.0,30.0
198376,2009,98520.0,0.0,338.0,0.2058,0.209,0.2175,0.2213,1.2453,o,779.0,227.0,1568.0,31.0
198376,2010,115170.0,0.0,383.0,0.1995,0.2046,0.2184,0.2248,1.4359,o,719.0,182.0,1873.0,35.0
198376,2011,117960.0,0.0,475.0,0.2416,0.2424,0.2444,0.2453,1.0473,o,772.0,254.0,2046.0,31.0
198376,2012,110490.0,0.0,502.0,0.2726,0.2732,0.2747,0.2753,1.0307,o,712.0,266.0,2348.0,33.0
198376,2013,107430.0,0.0,498.0,0.2781,0.2772,0.275,0.2739,0.9551,o,884.0,341.0,2388.0,35.0
198376,2014,102390.0,0.0,536.0,0.3141,0.318,0.3281,0.3328,1.1914,o,736.0,207.0,2457.0,33.0
198376,2015,98954.0,0.0,600.0,0.3638,0.3618,0.3565,0.3542,0.9223,o,573.0,306.0,3183.0,31.0
198376,2016,96339.0,0.0,502.0,0.3126,0.3052,0.2867,0.2789,0.7074,o,525.0,274.0,3189.0,34.0
198376,2017,92190.0,0.0,625.0,0.4068,0.4005,0.385,0.3782,0.8021,o,456.0,218.0,3299.0,36.0
198376,2018,89310.0,0.0,539.0,0.3621,0.3574,0.3457,0.3406,0.8306,o,493.0,192.0,3225.0,37.0
198376,2019,90060.0,0.0,645.0,0.4297,0.4299,0.4303,0.4304,1.0051,o,598.0,222.0,3158.0,34.0
198376,2020,93180.0,0.0,538.0,0.3464,0.3521,0.3671,0.3739,1.2603,o,564.0,196.0,3111.0,34.0
198376,2021,93990.0,0.0,593.0,0.3786,0.3794,0.3817,0.3827,1.0339,o,557.0,183.0,3021.0,32.0
198376,2022,91770.0,0.0,522.0,0.3413,0.3403,0.3377,0.3366,0.9587,o,595.0,183.0,2170.0,28.0
198376,2023,98310.0,0.0,576.0,0.3515,0.353,0.3568,0.3585,1.0616,o,582.0,173.0,2048.0,26.0
198376,2024,100198.0,0.0,558.0,0.3341,0.3344,0.335,0.3353,1.0104,o,598.0,215.0,1978.0,19.0
198385,1998,46953.0,436.0,0.0,1.1143,1.1175,1.1182,1.1198,1.01,o,,,,
198385,1999,55488.0,398.0,0.0,0.8607,0.8784,0.8821,0.8915,1.0727,o,,,,
198385,2000,51896.0,408.0,0.0,0.9434,0.9613,0.965,0.9744,1.0667,o,,,,
198385,2001,52980.0,444.0,0.0,1.0057,1.0082,1.0087,1.0101,1.0088,o,,,,
198385,2002,52656.0,434.0,0.0,0.9891,0.9848,0.9839,0.9817,0.9852,o,468.0,,41564.0,
198385,2003,51800.0,409.0,0.0,0.9475,0.9493,0.9496,0.9506,1.0065,o,490.0,,43862.0,892.0
198385,2004,53576.0,426.0,0.0,0.9542,0.9654,0.9678,0.9737,1.0413,o,462.0,,42956.0,894.0
198385,2005,53264.0,451.0,0.0,1.0161,1.023,1.0244,1.028,1.0237,o,460.0,,43734.0,902.0
198385,2006,52896.0,457.0,0.0,1.0368,1.0332,1.0325,1.0306,0.9882,o,461.0,11.0,44665.0,906.0
198385,2007,52588.0,449.0,0.0,1.0246,1.0129,1.0105,1.0046,0.9614,o,465.0,24.0,45664.0,926.0
198385,2008,52452.0,432.0,0.0,0.9883,0.9804,0.9788,0.9747,0.9727,o,480.0,10.0,46525.0,884.0
198385,2009,53236.0,429.0,0.0,0.967,0.9739,0.9754,0.979,1.0249,o,491.0,12.0,48170.0,872.0
198385,2010,55872.0,434.0,0.0,0.9321,0.9465,0.9495,0.9571,1.0543,o,499.0,6.0,50210.0,851.0
198385,2011,56544.0,445.0,0.0,0.9444,0.9629,0.9667,0.9765,1.0691,o,488.0,9.0,51207.0,732.0
198385,2012,56872.0,463.0,0.0,0.9769,0.9893,0.9919,0.9984,1.0444,o,490.0,8.0,52882.0,853.0
198385,2013,57556.0,461.0,0.0,0.9612,0.9632,0.9636,0.9646,1.0072,o,483.0,15.0,54553.0,895.0
198385,2014,57208.0,471.0,0.0,0.988,0.983,0.982,0.9795,0.9828,o,502.0,11.0,56414.0,908.0
198385,2015,56908.0,468.0,0.0,0.9869,0.9863,0.9862,0.9859,0.998,o,510.0,8.0,59238.0,911.0
198385,2016,57588.0,459.0,0.0,0.9564,0.966,0.968,0.9729,1.0348,o,514.0,10.0,60888.0,952.0
198385,2017,58000.0,454.0,0.0,0.9393,0.9533,0.9563,0.9636,1.0524,o,519.0,8.0,61669.0,927.0
198385,2018,59276.0,469.0,0.0,0.9495,0.9626,0.9654,0.9723,1.0487,o,515.0,15.0,62250.0,883.0
198385,2019,60132.0,477.0,0.0,0.9519,0.9579,0.9591,0.9622,1.0217,o,527.0,8.0,62776.0,924.0
198385,2020,60752.0,482.0,0.0,0.9521,0.9569,0.9579,0.9604,1.0176,o,520.0,9.0,63903.0,932.0
198385,2021,60284.0,500.0,0.0,0.9953,0.9992,1.0,1.002,1.0136,o,547.0,11.0,64402.0,989.0
198385,2022,62664.0,466.0,0.0,0.8924,0.9005,0.9022,0.9065,1.0319,o,542.0,16.0,60556.0,872.0
198385,2023,62652.0,504.0,0.0,0.9653,0.9778,0.9804,0.9869,1.0451,o,519.0,14.0,59356.0,848.0
198385,2024,61184.0,504.0,0.0,0.9885,0.9923,0.9931,0.9951,1.0134,o,520.0,13.0,60300.0,856.0
198419,1998,218798.0,1644.0,0.0,0.9017,0.8993,0.8988,0.8976,0.9909,o,,,,
198419,1999,219438.0,1575.0,0.0,0.8613,0.8581,0.8574,0.8558,0.9872,o,,,,
198419,2000,214392.0,1599.0,0.0,0.895,0.8974,0.8978,0.8991,1.0091,o,,,,
198419,2003,188010.0,1502.0,0.0,0.9587,0.9526,0.9514,0.9482,0.9783,o,1619.0,,47317.0,1166.0
198419,2004,188010.0,1539.0,0.0,0.9823,0.9856,0.9863,0.9881,1.0118,o,1640.0,,48664.0,1221.0
198419,2005,235180.0,1448.0,0.0,0.7388,0.7426,0.7434,0.7454,1.0178,o,1724.0,,49446.0,938.0
198419,2006,233094.0,1469.0,0.0,0.7563,0.7638,0.7654,0.7693,1.0348,o,1683.0,20.0,48955.0,1017.0
198419,2007,234925.0,1530.0,0.0,0.7815,0.7919,0.7941,0.7996,1.0467,o,1700.0,26.0,51364.0,1030.0
198419,2008,235008.0,1505.0,0.0,0.7685,0.7769,0.7786,0.783,1.038,o,1699.0,14.0,51966.0,1048.0
198419,2009,235180.0,1625.0,0.0,0.8292,0.8316,0.8322,0.8335,1.0104,o,1723.0,40.0,53660.0,1061.0
198419,2010,239747.0,1623.0,0.0,0.8124,0.8134,0.8136,0.8141,1.0044,o,1752.0,40.0,55380.0,1051.0
198419,2011,244321.0,1493.0,0.0,0.7333,0.739,0.7402,0.7432,1.0272,o,1722.0,15.0,56177.0,1049.0
198419,2012,243263.0,1799.0,0.0,0.8874,0.8931,0.8942,0.8972,1.0221,o,1714.0,16.0,57062.0,1047.0
198419,2013,247244.0,1801.0,0.0,0.8741,0.8752,0.8754,0.8759,1.0041,o,1730.0,22.0,58315.0,1055.0
198419,2014,247173.0,1886.0,0.0,0.9156,0.9133,0.9128,0.9115,0.9911,o,1721.0,13.0,59741.0,990.0
198419,2015,244116.0,1841.0,0.0,0.905,0.9032,0.9029,0.902,0.9934,o,1746.0,23.0,61674.0,1229.0
198419,2016,244313.0,1810.0,0.0,0.889,0.8913,0.8918,0.893,1.009,o,1723.0,24.0,63838.0,1280.0
198419,2017,242548.0,1879.0,0.0,0.9296,0.9316,0.932,0.933,1.0073,o,1748.0,39.0,65352.0,1327.0
198419,2018,235180.0,1863.0,0.0,0.9506,0.9522,0.9525,0.9533,1.0058,o,1745.0,39.0,66676.0,1246.0
198419,2019,251521.0,1858.0,0.0,0.8864,0.8884,0.8888,0.8898,1.0075,o,1731.0,42.0,67959.0,1218.0
198419,2020,250526.0,1921.0,0.0,0.9201,0.9207,0.9208,0.9211,1.002,o,1580.0,35.0,69750.0,1216.0
198419,2021,236976.0,1854.0,0.0,0.9388,0.9261,0.9234,0.9169,0.9539,o,1744.0,50.0,67271.0,1176.0
198419,2022,206652.0,1850.0,0.0,1.0743,1.0589,1.0558,1.048,0.9516,o,1745.0,59.0,66090.0,1413.0
198419,2023,224454.0,2275.0,0.0,1.2163,1.2176,1.2179,1.2186,1.0037,o,1741.0,56.0,64892.0,1253.0
198419,2024,221421.0,2128.0,0.0,1.1533,1.1706,1.1743,1.1834,1.0529,o,1740.0,52.0,65805.0,1225.0
198455,1999,74174.0,0.0,231.0,0.1869,0.1913,0.2031,0.2086,1.3953,o,,,,
198455,2000,84359.0,0.0,203.0,0.1444,0.1445,0.1448,0.1449,1.0116,o,,,,
198455,2001,82379.0,0.0,253.0,0.1843,0.1833,0.1808,0.1796,0.9259,o,,,,
198455,2003,102285.0,0.0,256.0,0.1502,0.1492,0.1467,0.1456,0.911,o,508.0,,1913.0,56.0
198455,2004,121542.0,0.0,282.0,0.1392,0.1356,0.1267,0.1229,0.6851,o,587.0,,1884.0,51.0
198455,2005,120826.0,0.0,278.0,0.138,0.1375,0.1362,0.1356,0.9468,o,569.0,,2028.0,50.0
198455,2006,116730.0,0.0,273.0,0.1403,0.1407,0.1417,0.1421,1.0393,o,547.0,,2038.0,47.0
198455,2007,111894.0,0.0,252.0,0.1351,0.1346,0.1333,0.1327,0.9464,o,648.0,297.0,2017.0,47.0
198455,2008,111602.0,0.0,299.0,0.1607,0.1624,0.1669,0.1689,1.1613,o,683.0,1042.0,2172.0,50.0
198455,2009,114579.0,0.0,274.0,0.1435,0.1448,0.1484,0.15,1.1431,o,794.0,1115.0,2150.0,45.0
198455,2010,121312.0,0.0,343.0,0.1696,0.1718,0.1773,0.1798,1.1931,o,740.0,1459.0,2402.0,56.0
198455,2011,128765.0,0.0,346.0,0.1612,0.1612,0.1613,0.1613,1.002,o,725.0,1341.0,2636.0,46.0
198455,2012,141363.0,0.0,428.0,0.1817,0.1809,0.1791,0.1783,0.9452,o,1027.0,1415.0,3021.0,52.0
198455,2013,105450.0,0.0,384.0,0.2185,0.2237,0.2378,0.2443,1.402,o,804.0,752.0,2460.0,62.0
198455,2014,104431.0,0.0,412.0,0.2367,0.2353,0.2317,0.2301,0.9178,o,700.0,848.0,2423.0,66.0
198455,2015,111683.0,0.0,450.0,0.2418,0.2373,0.2261,0.2213,0.7646,o,531.0,636.0,2662.0,83.0
198455,2016,105914.0,0.0,482.0,0.2731,0.2665,0.2503,0.2434,0.7061,o,559.0,676.0,2385.0,75.0
198455,2017,109934.0,0.0,481.0,0.2625,0.2608,0.2563,0.2543,0.9082,o,652.0,720.0,2346.0,80.0
198455,2018,113039.0,0.0,520.0,0.276,0.2795,0.2887,0.2928,1.1963,o,714.0,771.0,2440.0,85.0
198455,2019,115268.0,0.0,607.0,0.316,0.3196,0.3293,0.3336,1.1792,o,170.0,170.0,2389.0,79.0
198455,2020,110526.0,0.0,564.0,0.3062,0.2778,0.2163,0.1935,0.2489,o,733.0,198.0,2353.0,69.0
198455,2021,103658.0,0.0,634.0,0.367,0.3802,0.4164,0.4336,1.6584,o,499.0,158.0,2285.0,85.0
198455,2022,93074.0,0.0,510.0,0.3288,0.3311,0.3371,0.3398,1.1052,o,624.0,194.0,2148.0,112.0
198455,2023,96563.0,0.0,674.0,0.4188,0.4192,0.4201,0.4206,1.013,o,557.0,175.0,2027.0,81.0
198455,2024,105331.0,0.0,505.0,0.2877,0.2875,0.2871,0.2869,0.992,o,736.0,292.0,1986.0,54.0
198464,1998,431847.0,2625.0,0.0,0.7294,0.7608,0.7756,0.7963,1.1918,o,,,,
198464,1999,428855.0,2511.0,0.0,0.7026,0.7265,0.7378,0.7534,1.1496,o,,,,
198464,2000,466479.0,2744.0,0.0,0.7059,0.725,0.7339,0.7462,1.1175,o,,,,
198464,2001,446084.0,2773.0,0.0,0.746,0.7651,0.7741,0.7864,1.1115,o,,,,
198464,2002,460972.0,2833.0,0.0,0.7375,0.754,0.7616,0.7722,1.0965,o,3580.0,,4445.0,
198464,2003,485193.0,2849.0,0.0,0.7046,0.723,0.7315,0.7434,1.113,o,3534.0,,5064.0,230.0
198464,2004,500569.0,3024.0,0.0,0.7249,0.7441,0.753,0.7654,1.1147,o,3512.0,,5192.0,222.0
198464,2005,514871.0,3065.0,0.0,0.7144,0.7335,0.7425,0.7549,1.1168,o,3273.0,,5559.0,241.0
198464,2006,520921.0,3288.0,0.0,0.7574,0.7576,0.7577,0.7579,1.0012,o,3855.0,1581.0,5745.0,242.0
198464,2007,544085.0,3401.0,0.0,0.7501,0.7505,0.7506,0.7508,1.002,o,4222.0,1668.0,6054.0,255.0
198464,2008,569647.0,3472.0,0.0,0.7314,0.7558,0.7672,0.7831,1.1463,o,4538.0,1667.0,6392.0,244.0
198464,2009,603353.0,3606.0,0.0,0.7172,0.7625,0.7843,0.8149,1.2911,o,3956.0,1415.0,6339.0,244.0
198464,2010,616757.0,3758.0,0.0,0.7312,0.7626,0.7775,0.7982,1.1916,o,4210.0,1199.0,6400.0,253.0
198464,2011,625373.0,3855.0,0.0,0.7397,0.7417,0.7426,0.7438,1.011,o,3891.0,1358.0,6696.0,253.0
198464,2012,621613.0,4174.0,0.0,0.8058,0.7908,0.784,0.7749,0.9248,o,4015.0,1426.0,7298.0,278.0
198464,2013,610448.0,4336.0,0.0,0.8524,0.8378,0.8312,0.8223,0.9308,o,4495.0,1328.0,7846.0,292.0
198464,2014,619737.0,4137.0,0.0,0.801,0.809,0.8127,0.8177,1.0421,o,4226.0,1779.0,8088.0,299.0
198464,2015,636707.0,4287.0,0.0,0.808,0.8224,0.8291,0.8383,1.0765,o,4302.0,1738.0,8019.0,295.0
198464,2016,652052.0,4344.0,0.0,0.7994,0.8141,0.8209,0.8303,1.0787,o,4320.0,1867.0,8531.0,311.0
198464,2017,654190.0,4789.0,0.0,0.8785,0.8812,0.8825,0.8842,1.0132,o,4362.0,1932.0,8920.0,315.0
198464,2018,663055.0,4846.0,0.0,0.877,0.8761,0.8757,0.8751,0.9955,o,4175.0,1854.0,8902.0,313.0
198464,2019,646004.0,5045.0,0.0,0.9371,0.9374,0.9375,0.9376,1.0011,o,4364.0,1865.0,8771.0,310.0
198464,2020,633914.0,5173.0,0.0,0.9792,0.977,0.9759,0.9745,0.9904,o,4142.0,1865.0,8700.0,297.0
198464,2021,629419.0,5101.0,0.0,0.9725,0.9677,0.9656,0.9626,0.9797,o,4100.0,1777.0,8450.0,278.0
198464,2022,605625.0,4655.0,0.0,0.9224,0.9146,0.9111,0.9063,0.9654,o,3788.0,1641.0,8005.0,280.0
198464,2023,583883.0,4829.0,0.0,0.9925,0.9737,0.9653,0.9539,0.9238,o,3941.0,1656.0,7582.0,273.0
198464,2024,573457.0,4666.0,0.0,0.9764,0.9542,0.9442,0.9307,0.9087,o,4022.0,1767.0,7361.0,271.0
198482,1998,4685.0,25.0,4.0,0.6916,0.6206,0.6068,0.5738,0.6883,o,,,,
198491,1999,30428.0,0.0,113.0,0.2228,0.2204,0.2143,0.2117,0.8558,o,,,,
198491,2000,35382.0,0.0,94.0,0.1594,0.1574,0.1524,0.1503,0.8363,o,,,,
198491,2001,35951.0,0.0,110.0,0.1836,0.1855,0.1907,0.193,1.1643,o,,,,
198491,2002,42398.0,0.0,120.0,0.1698,0.1742,0.186,0.1915,1.4402,o,307.0,,1718.0,
198491,2003,48591.0,0.0,128.0,0.1581,0.1611,0.1692,0.173,1.3148,o,288.0,,1863.0,28.0
198491,2004,53230.0,0.0,155.0,0.1747,0.1748,0.175,0.1751,1.007,o,235.0,,1884.0,33.0
198491,2005,51535.0,0.0,160.0,0.1863,0.1832,0.1756,0.1723,0.7899,o,188.0,,1957.0,41.0
198491,2006,49203.0,0.0,152.0,0.1854,0.1811,0.1707,0.1662,0.7189,o,304.0,,1969.0,45.0
198491,2007,59480.0,0.0,184.0,0.1856,0.1904,0.2032,0.2092,1.4374,o,152.0,530.0,1912.0,31.0
198491,2008,53236.0,0.0,264.0,0.2975,0.2877,0.2638,0.2538,0.6179,o,371.0,617.0,2076.0,22.0
198491,2009,56565.0,0.0,191.0,0.2026,0.2096,0.2288,0.2379,1.6272,o,696.0,826.0,2042.0,34.0
198491,2010,86851.0,0.0,214.0,0.1478,0.1583,0.1888,0.2042,2.6616,o,524.0,966.0,2390.0,
198491,2011,79964.0,0.0,255.0,0.1913,0.1911,0.1905,0.1902,0.9822,o,519.0,920.0,2624.0,
198491,2012,84882.0,0.0,309.0,0.2184,0.216,0.2098,0.2071,0.8508,o,454.0,840.0,2993.0,
198491,2013,61736.0,0.0,297.0,0.2886,0.2859,0.2788,0.2757,0.8706,o,484.0,714.0,3048.0,22.0
198491,2014,62410.0,0.0,254.0,0.2442,0.2441,0.2439,0.2438,0.9949,o,402.0,662.0,3002.0,27.0
198491,2015,65522.0,0.0,301.0,0.2756,0.2727,0.2652,0.262,0.8571,o,278.0,599.0,3102.0,24.0
198491,2016,58651.0,0.0,318.0,0.3253,0.3149,0.2895,0.2789,0.6275,o,193.0,209.0,3080.0,26.0
198491,2017,47052.0,0.0,333.0,0.4246,0.4081,0.3686,0.3523,0.5676,o,255.0,175.0,3192.0,27.0
198491,2018,45684.0,0.0,284.0,0.373,0.3751,0.3805,0.3829,1.0828,o,234.0,109.0,3143.0,25.0
198491,2019,41931.0,0.0,562.0,0.8042,0.8066,0.813,0.8159,1.0446,o,193.0,93.0,3221.0,30.0
198491,2020,38476.0,0.0,276.0,0.4304,0.4233,0.4057,0.3981,0.7894,o,115.0,79.0,3173.0,30.0
198491,2021,31071.0,0.0,197.0,0.3804,0.3643,0.3259,0.3102,0.5386,o,189.0,389.0,3081.0,32.0
198491,2022,31803.0,0.0,207.0,0.3905,0.3962,0.411,0.4178,1.2273,o,134.0,46.0,2896.0,26.0
198491,2023,23423.0,0.0,177.0,0.4534,0.4494,0.4393,0.4349,0.8816,o,21.0,35.0,2733.0,31.0
198491,2024,24464.0,0.0,192.0,0.4709,0.4082,0.2828,0.2402,0.13,o,108.0,60.0,2640.0,35.0
198507,1998,60654.0,359.0,0.0,0.7103,0.7013,0.6972,0.6917,0.9484,o,,,,
198507,1999,60592.0,357.0,0.0,0.707,0.7144,0.7178,0.7224,1.044,o,,,,
198507,2000,59416.0,318.0,0.0,0.6423,0.6465,0.6484,0.651,1.0275,o,,,,
198507,2001,60578.0,353.0,0.0,0.6993,0.7074,0.7112,0.7164,1.0495,o,,,,
198507,2002,59969.0,299.0,0.0,0.5983,0.5988,0.5991,0.5994,1.0037,o,464.0,,3187.0,
198507,2003,64904.0,311.0,0.0,0.575,0.5829,0.5866,0.5916,1.0587,o,464.0,,3674.0,108.0
198507,2004,67249.0,358.0,0.0,0.6388,0.6528,0.6593,0.6683,1.0943,o,560.0,,3609.0,111.0
198507,2005,67683.0,296.0,0.0,0.5248,0.5552,0.5697,0.5901,1.2642,o,560.0,,3984.0,122.0
198507,2006,78159.0,330.0,0.0,0.5067,0.5444,0.5627,0.5886,1.3494,o,535.0,189.0,4567.0,107.0
198507,2007,80888.0,350.0,0.0,0.5192,0.5403,0.5502,0.564,1.18,o,645.0,183.0,4815.0,122.0
198507,2008,87792.0,389.0,0.0,0.5317,0.5501,0.5588,0.5708,1.1523,o,638.0,183.0,4241.0,146.0
198507,2009,91350.0,396.0,0.0,0.5202,0.5374,0.5455,0.5568,1.1455,o,664.0,205.0,4204.0,105.0
198507,2010,102976.0,430.0,0.0,0.5011,0.5223,0.5324,0.5464,1.189,o,582.0,204.0,4333.0,114.0
198507,2011,99995.0,486.0,0.0,0.5832,0.5909,0.5944,0.5993,1.0559,o,392.0,176.0,5081.0,127.0
198507,2012,87971.0,406.0,0.0,0.5538,0.5184,0.5029,0.4825,0.7592,o,527.0,201.0,5189.0,131.0
198507,2013,81818.0,445.0,0.0,0.6527,0.6003,0.5777,0.5483,0.7058,o,323.0,152.0,5548.0,150.0
198507,2014,69701.0,488.0,0.0,0.8402,0.7665,0.7349,0.6939,0.6822,o,209.0,130.0,5831.0,130.0
198507,2015,53802.0,422.0,0.0,0.9412,0.8141,0.7617,0.6956,0.5462,o,268.0,129.0,5872.0,134.0
198507,2016,48757.0,306.0,0.0,0.7531,0.6434,0.5987,0.5426,0.519,o,203.0,82.0,6038.0,160.0
198507,2017,36782.0,259.0,0.0,0.845,0.7333,0.6872,0.629,0.5541,o,349.0,117.0,6232.0,147.0
198507,2018,37685.0,245.0,0.0,0.7802,0.7871,0.7903,0.7947,1.0376,o,418.0,184.0,6214.0,130.0
198507,2019,45580.0,222.0,0.0,0.5845,0.655,0.6902,0.7411,1.608,o,385.0,158.0,3897.0,91.0
198507,2020,49252.0,214.0,0.0,0.5214,0.5926,0.6284,0.6808,1.7049,o,364.0,201.0,3918.0,107.0
198507,2021,54412.0,300.0,0.0,0.6616,0.7119,0.7362,0.7707,1.3569,o,324.0,197.0,3805.0,99.0
198507,2022,55035.0,305.0,0.0,0.665,0.6479,0.6402,0.6299,0.897,o,350.0,223.0,3649.0,128.0
198507,2023,56179.0,366.0,0.0,0.7818,0.7496,0.7353,0.7162,0.8394,o,347.0,207.0,3474.0,107.0
198507,2024,55654.0,355.0,0.0,0.7654,0.7523,0.7464,0.7384,0.9306,o,423.0,281.0,3412.0,118.0
198516,1998,120053.0,687.0,0.0,0.6867,0.6997,0.7025,0.7093,1.067,o,,,,
198516,1999,124565.0,770.0,0.0,0.7418,0.7576,0.7609,0.7693,1.0755,o,,,,
198516,2000,120498.0,748.0,0.0,0.7449,0.7631,0.767,0.7766,1.0869,o,,,,
198516,2001,130815.0,757.0,0.0,0.6944,0.7184,0.7234,0.7362,1.124,o,,,,
198516,2002,142963.0,842.0,0.0,0.7068,0.744,0.7519,0.7721,1.1935,o,1194.0,,24831.0,
198516,2003,144878.0,874.0,0.0,0.7239,0.7625,0.7708,0.7918,1.1962,o,1227.0,,26349.0,630.0
198516,2004,151045.0,889.0,0.0,0.7063,0.7312,0.7365,0.7498,1.1271,o,1232.0,,27073.0,648.0
198516,2005,157313.0,965.0,0.0,0.7361,0.7448,0.7466,0.7511,1.0411,o,1237.0,,28256.0,667.0
198516,2006,162173.0,1049.0,0.0,0.7762,0.7819,0.783,0.786,1.0253,o,1284.0,94.0,29134.0,694.0
198516,2007,168024.0,1053.0,0.0,0.752,0.7609,0.7628,0.7674,1.0413,o,1287.0,87.0,30914.0,755.0
198516,2008,171879.0,1104.0,0.0,0.7708,0.7808,0.7829,0.7881,1.0455,o,1291.0,82.0,32436.0,774.0
198516,2009,175914.0,1137.0,0.0,0.7756,0.7854,0.7874,0.7925,1.0441,o,1291.0,72.0,34641.0,809.0
198516,2010,174603.0,1118.0,0.0,0.7684,0.7737,0.7748,0.7776,1.0242,o,1362.0,70.0,36436.0,829.0
198516,2011,148890.0,1127.0,0.0,0.9083,0.9166,0.9184,0.9227,1.0319,o,1417.0,84.0,37449.0,1011.0
198516,2012,154020.0,1143.0,0.0,0.8905,0.9101,0.9142,0.9246,1.078,o,1425.0,91.0,37935.0,1053.0
198516,2013,156150.0,1159.0,0.0,0.8907,0.9158,0.9211,0.9345,1.1007,o,1475.0,102.0,38740.0,1084.0
198516,2014,161220.0,1189.0,0.0,0.885,0.9081,0.913,0.9253,1.0931,o,1497.0,97.0,39694.0,1139.0
198516,2015,165540.0,1315.0,0.0,0.9532,0.972,0.9759,0.9858,1.0694,o,1524.0,94.0,40792.0,1180.0
198516,2016,168360.0,1342.0,0.0,0.9565,0.9736,0.9772,0.9862,1.063,o,1553.0,81.0,41709.0,1218.0
198516,2017,169560.0,1391.0,0.0,0.9844,1.0015,1.0051,1.014,1.061,o,1573.0,71.0,42201.0,1234.0
198516,2018,169200.0,1368.0,0.0,0.9702,0.9845,0.9875,0.995,1.0518,o,1698.0,54.0,42713.0,1208.0
198516,2019,171210.0,1408.0,0.0,0.9869,1.0099,1.0147,1.0269,1.0828,o,1659.0,65.0,43096.0,1220.0
198516,2020,175590.0,1433.0,0.0,0.9793,1.0044,1.0096,1.0229,1.091,o,1587.0,63.0,43956.0,1223.0
198516,2021,185220.0,1395.0,0.0,0.9038,0.9137,0.9158,0.921,1.0384,o,1591.0,85.0,44263.0,1131.0
198516,2022,180990.0,1517.0,0.0,1.0058,0.9974,0.9957,0.9914,0.9716,o,1692.0,96.0,42483.0,1149.0
198516,2023,182310.0,1471.0,0.0,0.9682,0.962,0.9607,0.9575,0.978,o,1677.0,87.0,43726.0,1152.0
198516,2024,186750.0,1472.0,0.0,0.9459,0.9561,0.9583,0.9636,1.0379,o,1607.0,72.0,44536.0,1143.0
198534,1999,161599.0,0.0,777.0,0.2885,0.2977,0.3226,0.3344,1.5645,o,,,,
198534,2000,150722.0,0.0,705.0,0.2806,0.2808,0.2813,0.2816,1.0099,o,,,,
198534,2001,163978.0,0.0,708.0,0.2591,0.2564,0.2498,0.2469,0.8648,o,,,,
198534,2002,182086.0,0.0,755.0,0.2488,0.2501,0.2534,0.2549,1.0764,o,2386.0,,1750.0,
198534,2003,202815.0,0.0,827.0,0.2447,0.2501,0.2646,0.2714,1.3689,o,2290.0,,1893.0,77.0
198534,2004,223474.0,0.0,866.0,0.2325,0.2338,0.2372,0.2387,1.0825,o,2219.0,,1884.0,73.0
198534,2005,222815.0,0.0,901.0,0.2426,0.2417,0.2395,0.2385,0.9491,o,1353.0,,1957.0,66.0
198534,2006,306817.0,0.0,845.0,0.1652,0.1594,0.1454,0.1396,0.6001,o,1449.0,,2063.0,47.0
198534,2007,262800.0,0.0,860.0,0.1963,0.1935,0.1863,0.1833,0.8113,o,1623.0,2100.0,2002.0,45.0
198534,2008,257220.0,0.0,758.0,0.1768,0.1786,0.1834,0.1856,1.1585,o,1877.0,2163.0,2142.0,49.0
198534,2009,293640.0,0.0,823.0,0.1682,0.1705,0.1768,0.1797,1.222,o,2321.0,2143.0,2106.0,43.0
198534,2010,321364.0,0.0,815.0,0.1522,0.1552,0.1633,0.167,1.3263,o,1436.0,1966.0,2373.0,46.0
198534,2011,275129.0,0.0,850.0,0.1854,0.1805,0.1686,0.1635,0.6841,o,1812.0,2379.0,2649.0,64.0
198534,2012,291739.0,0.0,733.0,0.1508,0.1504,0.1494,0.149,0.9646,o,2032.0,2658.0,3018.0,61.0
198534,2013,303422.0,0.0,1077.0,0.213,0.2163,0.2252,0.2293,1.2512,o,1961.0,2661.0,3072.0,63.0
198534,2014,302203.0,0.0,1197.0,0.2377,0.238,0.2389,0.2392,1.0203,o,2167.0,2727.0,3131.0,62.0
198534,2015,299385.0,0.0,1580.0,0.3166,0.3185,0.3232,0.3253,1.0854,o,1865.0,968.0,3125.0,60.0
198534,2016,285974.0,0.0,1913.0,0.4014,0.3985,0.3913,0.3882,0.9036,o,2232.0,763.0,3104.0,69.0
198534,2017,286172.0,0.0,1852.0,0.3883,0.3911,0.3983,0.4016,1.1071,o,2063.0,776.0,3223.0,69.0
198534,2018,288229.0,0.0,1723.0,0.3587,0.3589,0.3593,0.3595,1.0071,o,1817.0,667.0,3151.0,67.0
198534,2019,288788.0,0.0,1896.0,0.3939,0.3893,0.3778,0.3728,0.8461,o,1458.0,1250.0,3104.0,66.0
198534,2020,288298.0,0.0,1654.0,0.3442,0.3374,0.3205,0.3133,0.7515,o,1223.0,1329.0,3058.0,66.0
198534,2021,248052.0,0.0,1883.0,0.4555,0.4463,0.4234,0.4136,0.7469,o,892.0,1314.0,2969.0,73.0
198534,2022,181608.0,0.0,1676.0,0.5537,0.5382,0.5001,0.4841,0.6654,o,1160.0,1491.0,2791.0,76.0
198534,2023,218449.0,0.0,1475.0,0.4051,0.4078,0.4146,0.4177,1.0969,o,1168.0,1442.0,2654.0,70.0
198534,2024,239748.0,0.0,1868.0,0.4675,0.4718,0.4829,0.4879,1.1384,o,1160.0,1487.0,2628.0,63.0
198543,1998,92451.0,599.0,37.0,0.8015,0.8482,0.8706,0.9019,1.2663,o,,,,
198543,1999,109095.0,502.0,38.0,0.5731,0.6073,0.6236,0.6466,1.2732,o,,,,
198543,2000,112653.0,683.0,9.0,0.7323,0.7864,0.8125,0.8495,1.3454,o,,,,
198543,2001,101943.0,571.0,12.0,0.6792,0.7067,0.7197,0.7377,1.1798,o,,,,
198543,2002,116913.0,563.0,0.0,0.5779,0.6077,0.6219,0.6417,1.2332,o,750.0,,3066.0,
198543,2003,126759.0,720.0,0.0,0.6816,0.7037,0.7141,0.7285,1.1422,o,802.0,,3487.0,106.0
198543,2004,128938.0,689.0,0.0,0.6412,0.6628,0.673,0.687,1.1479,o,763.0,,3710.0,114.0
198543,2005,130579.0,698.0,0.0,0.6415,0.668,0.6805,0.6979,1.1838,o,848.0,,4058.0,138.0
198543,2006,146334.0,709.0,0.0,0.5814,0.589,0.5925,0.5974,1.0557,o,839.0,669.0,4456.0,118.0
198543,2007,152716.0,685.0,0.0,0.5383,0.5491,0.5542,0.5612,1.087,o,942.0,708.0,4908.0,138.0
198543,2008,162051.0,775.0,0.0,0.5739,0.592,0.6005,0.6122,1.138,o,582.0,567.0,5007.0,128.0
198543,2009,152445.0,773.0,0.0,0.6085,0.6004,0.5968,0.5918,0.946,o,762.0,599.0,5328.0,130.0
198543,2010,149480.0,876.0,0.0,0.7032,0.6659,0.6495,0.6277,0.7967,o,547.0,631.0,4542.0,111.0
198543,2011,142295.0,902.0,0.0,0.7607,0.7065,0.683,0.6521,0.735,o,655.0,670.0,4852.0,104.0
198543,2012,143853.0,991.0,0.0,0.8267,0.7809,0.7608,0.7342,0.7887,o,612.0,765.0,5591.0,127.0
198543,2013,141407.0,937.0,0.0,0.7952,0.784,0.7789,0.772,0.9427,o,707.0,880.0,5780.0,143.0
198543,2014,144221.0,965.0,0.0,0.8029,0.8044,0.8051,0.806,1.0076,o,476.0,799.0,6063.0,144.0
198543,2015,143689.0,911.0,0.0,0.7608,0.7579,0.7566,0.7548,0.9842,o,631.0,888.0,6077.0,145.0
198543,2016,148368.0,954.0,0.0,0.7716,0.747,0.736,0.7212,0.8737,o,647.0,868.0,6333.0,142.0
198543,2017,147195.0,1001.0,0.0,0.8161,0.8099,0.8071,0.8033,0.9689,o,670.0,782.0,6482.0,139.0
198543,2018,144288.0,1004.0,0.0,0.835,0.8568,0.867,0.881,1.1133,o,618.0,947.0,6459.0,138.0
198543,2019,149146.0,1006.0,0.0,0.8094,0.8394,0.8535,0.8731,1.1635,o,678.0,862.0,6405.0,126.0
198543,2020,151166.0,1049.0,0.0,0.8327,0.8355,0.8368,0.8386,1.0141,o,736.0,845.0,6339.0,111.0
198543,2021,151639.0,1062.0,0.0,0.8404,0.8549,0.8616,0.8708,1.0737,o,632.0,778.0,6197.0,118.0
198543,2022,142255.0,1078.0,0.0,0.9094,0.9226,0.9287,0.9372,1.0621,o,786.0,1020.0,5901.0,122.0
198543,2023,154478.0,1079.0,0.0,0.8382,0.8565,0.865,0.8767,1.0941,o,807.0,924.0,4043.0,85.0
198543,2024,161275.0,1123.0,0.0,0.8356,0.8598,0.8712,0.8869,1.1266,o,794.0,1002.0,3969.0,87.0
198552,1999,106693.0,0.0,385.0,0.2165,0.2263,0.2536,0.2668,1.8828,o,,,,
198552,2000,104145.0,0.0,410.0,0.2362,0.2421,0.2581,0.2655,1.4252,o,,,,
198552,2001,102370.0,0.0,446.0,0.2614,0.264,0.2708,0.2738,1.1512,o,,,,
198552,2002,137072.0,0.0,458.0,0.2005,0.1999,0.1985,0.1978,0.9606,o,857.0,,1750.0,
198552,2003,135366.0,0.0,565.0,0.2504,0.2507,0.2515,0.2518,1.0172,o,1624.0,,1801.0,71.0
198552,2004,183776.0,0.0,576.0,0.1881,0.197,0.2219,0.234,1.9403,o,1499.0,,1919.0,56.0
198552,2005,148523.0,0.0,600.0,0.2424,0.2456,0.2541,0.258,1.2084,o,924.0,,2176.0,69.0
198552,2006,149066.0,0.0,601.0,0.2419,0.2332,0.2122,0.2034,0.5917,o,1066.0,362.0,2133.0,73.0
198552,2008,183986.0,0.0,621.0,0.2025,0.2052,0.2124,0.2156,1.209,o,1208.0,640.0,1955.0,50.0
198552,2009,173487.0,0.0,571.0,0.1975,0.1983,0.2006,0.2016,1.0648,o,1355.0,608.0,2034.0,55.0
198552,2010,209435.0,0.0,792.0,0.2269,0.2288,0.2336,0.2358,1.124,o,1382.0,617.0,2113.0,58.0
198552,2011,247231.0,0.0,835.0,0.2026,0.2037,0.2065,0.2078,1.0784,o,1419.0,696.0,2127.0,49.0
198552,2012,267633.0,0.0,863.0,0.1935,0.194,0.1952,0.1958,1.0369,o,2078.0,2611.0,2250.0,42.0
198552,2013,215697.0,0.0,957.0,0.2662,0.2737,0.2938,0.3032,1.4838,o,1266.0,876.0,2310.0,51.0
198552,2014,205331.0,0.0,947.0,0.2767,0.2705,0.2553,0.2488,0.724,o,1284.0,773.0,2583.0,50.0
198552,2015,209891.0,0.0,1069.0,0.3056,0.3,0.2861,0.2801,0.7679,o,1451.0,38.0,2684.0,48.0
198552,2016,186824.0,0.0,1083.0,0.3478,0.351,0.3592,0.363,1.138,o,935.0,1035.0,2625.0,57.0
198552,2017,183294.0,0.0,1046.0,0.3424,0.3334,0.3114,0.302,0.6837,o,1213.0,851.0,2621.0,57.0
198552,2018,187565.0,0.0,1139.0,0.3644,0.3648,0.3659,0.3664,1.0168,o,1032.0,593.0,2671.0,54.0
198552,2019,185200.0,0.0,1095.0,0.3548,0.3538,0.3512,0.3501,0.9609,o,933.0,532.0,2683.0,54.0
198552,2020,165800.0,0.0,1222.0,0.4422,0.4365,0.4222,0.416,0.8312,o,886.0,481.0,2409.0,58.0
198552,2021,155238.0,0.0,1163.0,0.4495,0.4463,0.438,0.4344,0.9018,o,1346.0,945.0,2512.0,50.0
198552,2022,161043.0,0.0,1113.0,0.4147,0.4262,0.4574,0.4719,1.4799,o,1309.0,890.0,2361.0,56.0
198552,2023,175269.0,0.0,1150.0,0.3937,0.3981,0.4097,0.415,1.1729,o,1198.0,979.0,2228.0,43.0
198552,2024,185583.0,0.0,1268.0,0.41,0.407,0.3996,0.3963,0.9024,o,1385.0,1105.0,2256.0,41.0
198561,1998,65317.0,473.0,52.0,0.9168,0.9435,0.9492,0.9634,1.1044,o,,,,
198561,1999,66006.0,581.0,39.0,1.0917,1.1445,1.1558,1.1844,1.1769,o,,,,
198561,2000,66908.0,586.0,41.0,1.0878,1.1431,1.1549,1.1849,1.1865,o,,,,
198561,2005,66865.0,658.0,58.0,1.2329,1.1972,1.1899,1.1719,0.9035,o,357.0,,24128.0,492.0
198561,2006,78169.0,652.0,56.0,1.0439,1.0171,1.0116,0.9981,0.9142,o,417.0,,25030.0,427.0
198561,2007,79232.0,623.0,39.0,0.9731,0.9775,0.9784,0.9807,1.0157,o,350.0,423.0,26050.0,426.0
198561,2008,79296.0,689.0,65.0,1.0919,1.1116,1.1158,1.1262,1.0638,o,441.0,397.0,27071.0,447.0
198561,2009,77307.0,680.0,57.0,1.0998,1.1329,1.1399,1.1576,1.1078,o,448.0,413.0,29006.0,460.0
198561,2010,77643.0,631.0,51.0,1.0146,1.0562,1.065,1.0874,1.1486,o,466.0,501.0,30262.0,449.0
198561,2011,82815.0,613.0,47.0,0.9223,0.9704,0.9807,1.0068,1.1917,o,486.0,412.0,31283.0,449.0
198561,2012,82171.0,736.0,51.0,1.1121,1.1735,1.1866,1.22,1.2035,o,493.0,470.0,31988.0,435.0
198561,2013,76372.0,644.0,44.0,1.0465,1.0761,1.0824,1.0982,1.1012,o,434.0,378.0,32685.0,443.0
198561,2014,80668.0,608.0,44.0,0.9372,0.941,0.9418,0.9438,1.0142,o,494.0,438.0,34007.0,401.0
198561,2015,76076.0,608.0,41.0,0.9914,0.9841,0.9826,0.9788,0.9748,o,460.0,336.0,35352.0,492.0
198561,2016,73000.0,639.0,47.0,1.089,1.0809,1.0792,1.075,0.9745,o,444.0,307.0,36663.0,492.0
198561,2017,68974.0,560.0,28.0,0.9986,0.9914,0.9899,0.9862,0.9752,o,381.0,311.0,38001.0,552.0
198561,2018,61164.0,556.0,21.0,1.1114,1.0742,1.0666,1.0479,0.889,o,409.0,237.0,38261.0,495.0
198561,2019,56611.0,437.0,44.0,0.973,0.9212,0.9108,0.8854,0.8281,o,402.0,274.0,39047.0,496.0
198561,2020,57530.0,435.0,33.0,0.9418,0.9126,0.9067,0.892,0.8971,o,471.0,257.0,38751.0,486.0
198561,2021,59048.0,484.0,12.0,0.9958,1.0123,1.0157,1.0244,1.0582,o,447.0,224.0,37562.0,476.0
198561,2022,54801.0,501.0,19.0,1.1179,1.1676,1.1782,1.205,1.162,o,403.0,241.0,35325.0,450.0
198561,2023,48851.0,427.0,13.0,1.0649,1.0795,1.0825,1.0902,1.0481,o,411.0,243.0,33332.0,449.0
198561,2024,49271.0,429.0,10.0,1.057,1.0358,1.0314,1.0207,0.9324,o,450.0,236.0,33450.0,440.0
198570,1999,82095.0,0.0,363.0,0.2653,0.2696,0.281,0.2862,1.2578,o,,,,
198570,2000,93741.0,0.0,437.0,0.2797,0.2807,0.2832,0.2843,1.0506,o,,,,
198570,2001,84604.0,0.0,354.0,0.2511,0.2542,0.2626,0.2664,1.1968,o,,,,
198570,2002,95124.0,0.0,458.0,0.2889,0.2923,0.3013,0.3054,1.183,o,888.0,,1718.0,
198570,2003,118139.0,0.0,451.0,0.2291,0.2297,0.2314,0.2322,1.0423,o,989.0,,1863.0,47.0
198570,2004,128357.0,0.0,465.0,0.2174,0.219,0.2232,0.2251,1.1112,o,933.0,,1562.0,47.0
198570,2005,109271.0,0.0,480.0,0.2636,0.2635,0.2632,0.2631,0.9941,o,956.0,,1468.0,52.0
198570,2006,110917.0,0.0,546.0,0.2954,0.2952,0.295,0.2948,0.9948,o,1105.0,1432.0,1723.0,54.0
198570,2007,86206.0,0.0,627.0,0.4364,0.4412,0.4539,0.4596,1.1699,o,861.0,913.0,2329.0,60.0
198570,2008,129353.0,0.0,497.0,0.2305,0.2277,0.2204,0.2173,0.8355,o,813.0,204.0,2224.0,43.0
198570,2009,129929.0,0.0,537.0,0.248,0.2447,0.2365,0.2329,0.8271,o,1158.0,980.0,2187.0,39.0
198570,2010,127935.0,0.0,526.0,0.2467,0.2524,0.2675,0.2746,1.3835,o,997.0,960.0,2539.0,73.0
198570,2011,120442.0,0.0,655.0,0.3263,0.3266,0.3272,0.3275,1.0117,o,936.0,941.0,2770.0,66.0
198570,2012,137561.0,0.0,550.0,0.2399,0.2375,0.2316,0.229,0.8687,o,1183.0,871.0,3265.0,53.0
198570,2013,131538.0,0.0,668.0,0.3047,0.309,0.3205,0.3257,1.224,o,1008.0,798.0,3315.0,53.0
198570,2014,125786.0,0.0,675.0,0.322,0.3209,0.318,0.3167,0.9514,o,1268.0,800.0,3370.0,51.0
198570,2015,118517.0,0.0,717.0,0.363,0.3667,0.3765,0.3809,1.1575,o,1214.0,860.0,3342.0,51.0
198570,2016,115153.0,0.0,729.0,0.3798,0.3816,0.386,0.388,1.0668,o,1219.0,851.0,3321.0,51.0
198570,2017,111356.0,0.0,808.0,0.4354,0.4348,0.4334,0.4328,0.9823,o,1235.0,714.0,3266.0,58.0
198570,2018,110431.0,0.0,806.0,0.4379,0.4384,0.4396,0.4401,1.0152,o,1477.0,631.0,3370.0,58.0
198570,2019,107090.0,0.0,741.0,0.4152,0.4206,0.4349,0.4414,1.2037,o,1737.0,616.0,3299.0,52.0
198570,2020,109221.0,0.0,808.0,0.4439,0.4516,0.4722,0.4817,1.281,o,536.0,104.0,3250.0,51.0
198570,2021,110308.0,0.0,755.0,0.4107,0.3803,0.3121,0.2858,0.3335,o,747.0,205.0,3156.0,54.0
198570,2022,120450.0,0.0,751.0,0.3741,0.3633,0.3368,0.3257,0.6573,o,869.0,37.0,3140.0,39.0
198570,2023,130110.0,0.0,740.0,0.3412,0.3486,0.3682,0.3772,1.3546,o,811.0,164.0,3298.0,39.0
198570,2024,161280.0,0.0,816.0,0.3036,0.3037,0.3039,0.3039,1.0037,o,1049.0,360.0,3186.0,34.0
198598,1998,28270.0,183.0,0.0,0.7768,0.7973,0.8016,0.8124,1.0939,o,,,,
198598,1999,27556.0,191.0,0.0,0.8318,0.8345,0.8351,0.8365,1.0114,o,,,,
198598,2000,27043.0,191.0,0.0,0.8475,0.8517,0.8525,0.8546,1.0168,o,,,,
198598,2001,27750.0,134.0,0.0,0.5795,0.5721,0.5706,0.5669,0.9571,o,,,,
198598,2002,28109.0,159.0,0.0,0.6788,0.6871,0.6888,0.6932,1.0428,o,242.0,,23731.0,
198598,2003,28410.0,170.0,0.0,0.7181,0.7484,0.7549,0.7713,1.1537,o,229.0,,24896.0,518.0
198598,2004,30772.0,167.0,0.0,0.6512,0.6616,0.6638,0.6692,1.0561,o,249.0,,26069.0,524.0
198598,2005,30238.0,148.0,0.0,0.5873,0.5928,0.5939,0.5968,1.0324,o,213.0,,27073.0,557.0
198598,2007,32425.0,178.0,0.0,0.6588,0.6223,0.615,0.5971,0.8217,o,217.0,138.0,29445.0,554.0
198598,2008,29642.0,151.0,0.0,0.6113,0.5767,0.5698,0.5529,0.818,o,212.0,,30452.0,523.0
198598,2009,31761.0,220.0,0.0,0.8312,0.8135,0.8099,0.801,0.9286,o,241.0,117.0,32011.0,527.0
198598,2010,30697.0,185.0,0.0,0.7232,0.757,0.7642,0.7824,1.1705,o,192.0,101.0,33379.0,543.0
198598,2011,29152.0,159.0,0.0,0.6545,0.6742,0.6783,0.6888,1.1074,o,226.0,104.0,33600.0,504.0
198598,2012,28816.0,205.0,0.0,0.8537,0.8473,0.846,0.8427,0.9744,o,243.0,104.0,33975.0,545.0
198598,2013,28527.0,209.0,0.0,0.8792,0.8881,0.8899,0.8946,1.0353,o,201.0,81.0,34222.0,569.0
198598,2014,25719.0,200.0,0.0,0.9332,0.94,0.9414,0.9449,1.0254,o,183.0,68.0,34634.0,597.0
198598,2015,23780.0,142.0,0.0,0.7166,0.6992,0.6956,0.6868,0.9187,o,227.0,85.0,35052.0,611.0
198598,2016,25098.0,157.0,0.0,0.7507,0.722,0.7162,0.7019,0.8742,o,249.0,98.0,34874.0,551.0
198598,2017,24467.0,111.0,0.0,0.5444,0.5555,0.5578,0.5637,1.0721,o,223.0,46.0,35694.0,564.0
198598,2018,25240.0,126.0,0.0,0.599,0.636,0.6439,0.6642,1.2292,o,181.0,68.0,36291.0,483.0
198598,2019,24907.0,140.0,0.0,0.6745,0.6716,0.671,0.6696,0.9854,o,181.0,68.0,35557.0,472.0
198598,2020,24492.0,159.0,0.0,0.779,0.7196,0.7078,0.6794,0.7605,o,133.0,35.0,22236.0,421.0
198598,2021,23430.0,154.0,0.0,0.7887,0.7008,0.6839,0.6433,0.6653,o,162.0,49.0,22131.0,401.0
198598,2022,18826.0,137.0,0.0,0.8733,0.7972,0.7823,0.7462,0.7302,o,183.0,41.0,20800.0,419.0
198598,2023,23006.0,116.0,0.0,0.6051,0.5967,0.595,0.5907,0.953,o,208.0,51.0,20310.0,378.0
198598,2024,23355.0,95.0,0.0,0.4881,0.5202,0.5271,0.5447,1.2452,o,198.0,75.0,20400.0,409.0
198613,1998,44070.0,288.0,0.0,0.7842,0.7523,0.7458,0.7299,0.8664,o,,,,
198613,1999,41645.0,317.0,1.0,0.9149,0.9039,0.9016,0.896,0.9592,o,,,,
198613,2000,37155.0,313.0,0.0,1.0109,0.9877,0.983,0.9712,0.9231,o,,,,
198613,2001,37854.0,263.0,0.0,0.8337,0.8174,0.8141,0.8058,0.9341,o,,,,
198613,2002,44363.0,286.0,0.0,0.7736,0.788,0.791,0.7985,1.0654,o,337.0,,30565.0,
198613,2003,48725.0,253.0,0.0,0.6231,0.6642,0.673,0.6956,1.2463,o,334.0,,30419.0,377.0
198613,2004,57275.0,353.0,0.0,0.7396,0.7881,0.7985,0.8252,1.2449,o,479.0,,31011.0,510.0
198613,2005,73342.0,414.0,0.0,0.6774,0.7221,0.7318,0.7564,1.2469,o,460.0,,32095.0,465.0
198613,2006,77543.0,469.0,0.0,0.7258,0.7994,0.8155,0.8573,1.3952,o,466.0,,33203.0,482.0
198613,2007,76891.0,457.0,0.0,0.7132,0.783,0.7983,0.8379,1.38,o,473.0,295.0,33710.0,506.0
198613,2008,78163.0,521.0,0.0,0.7999,0.834,0.8412,0.8596,1.155,o,436.0,338.0,35807.0,519.0
198613,2009,77920.0,505.0,0.0,0.7777,0.7704,0.7689,0.7652,0.9681,o,499.0,373.0,37452.0,546.0
198613,2010,84003.0,505.0,0.0,0.7214,0.7234,0.7238,0.7249,1.0097,o,385.0,289.0,39811.0,553.0
198613,2011,82808.0,538.0,0.0,0.7796,0.7661,0.7633,0.7565,0.9414,o,382.0,321.0,40203.0,562.0
198613,2012,80604.0,539.0,0.0,0.8024,0.7639,0.7561,0.7371,0.8438,o,322.0,256.0,41404.0,548.0
198613,2013,66341.0,526.0,0.0,0.9514,0.8763,0.8615,0.8256,0.7529,o,406.0,196.0,41949.0,591.0
198613,2014,67721.0,485.0,0.0,0.8594,0.8124,0.8029,0.7799,0.8235,o,359.0,156.0,42750.0,540.0
198613,2015,61830.0,482.0,0.0,0.9355,0.9348,0.9346,0.9342,0.9974,o,325.0,131.0,43642.0,541.0
198613,2016,54568.0,430.0,0.0,0.9456,0.9377,0.9361,0.9321,0.9716,o,428.0,77.0,44196.0,556.0
198613,2017,53576.0,411.0,0.0,0.9206,0.9296,0.9315,0.9362,1.0343,o,343.0,91.0,43458.0,553.0
198613,2018,47931.0,269.0,0.0,0.6735,0.675,0.6753,0.6761,1.0078,o,360.0,71.0,44321.0,529.0
198613,2019,47519.0,286.0,0.0,0.7222,0.728,0.7292,0.7322,1.0278,o,380.0,70.0,45294.0,487.0
198613,2020,47056.0,298.0,0.0,0.7599,0.7561,0.7553,0.7534,0.9827,o,372.0,34.0,46311.0,482.0
198613,2021,43966.0,265.0,0.0,0.7233,0.7181,0.717,0.7143,0.9754,o,247.0,34.0,46829.0,465.0
198613,2022,37443.0,234.0,0.0,0.7499,0.7228,0.7173,0.7037,0.8805,o,369.0,43.0,45132.0,438.0
198613,2023,35704.0,224.0,0.0,0.7529,0.7139,0.706,0.6869,0.8324,o,365.0,57.0,42586.0,404.0
198613,2024,35865.0,195.0,0.0,0.6524,0.6479,0.6469,0.6446,0.9761,o,340.0,45.0,41140.0,393.0
198622,1999,158396.0,0.0,617.0,0.2337,0.2349,0.2379,0.2392,1.0729,o,,,,
198622,2000,140089.0,0.0,672.0,0.2878,0.2887,0.2911,0.2922,1.0469,o,,,,
198622,2002,165381.0,0.0,527.0,0.1912,0.1928,0.1968,0.1986,1.1229,o,4072.0,,1793.0,
198622,2004,215480.0,0.0,612.0,0.1704,0.1599,0.1357,0.1262,0.4024,o,1942.0,,2010.0,46.0
198622,2005,225390.0,0.0,634.0,0.1688,0.1649,0.1553,0.1512,0.7169,o,2111.0,,2078.0,42.0
198622,2006,233760.0,0.0,653.0,0.1676,0.1706,0.1784,0.182,1.2841,o,2167.0,760.0,2086.0,39.0
198622,2007,244650.0,0.0,724.0,0.1776,0.1784,0.1806,0.1815,1.0693,o,2291.0,922.0,2070.0,42.0
198622,2008,266670.0,0.0,732.0,0.1647,0.1655,0.1675,0.1685,1.0711,o,2499.0,993.0,2167.0,38.0
198622,2009,299070.0,0.0,857.0,0.1719,0.1733,0.1769,0.1785,1.1211,o,3141.0,1090.0,2167.0,31.0
198622,2010,371790.0,0.0,889.0,0.1435,0.1462,0.1535,0.1569,1.3115,o,3044.0,1080.0,2534.0,21.0
198622,2011,412290.0,0.0,1025.0,0.1492,0.15,0.152,0.153,1.0794,o,2770.0,1151.0,2765.0,
198622,2012,404185.0,0.0,1122.0,0.1666,0.1653,0.162,0.1606,0.8957,o,2921.0,1288.0,3148.0,24.0
198622,2013,392033.0,0.0,1197.0,0.1832,0.1833,0.1834,0.1835,1.0048,o,2507.0,1198.0,3184.0,22.0
198622,2014,298293.0,0.0,1194.0,0.2402,0.238,0.2327,0.2303,0.881,o,1947.0,1354.0,3241.0,30.0
198622,2015,266599.0,0.0,1342.0,0.302,0.2951,0.278,0.2707,0.7174,o,1979.0,1287.0,3249.0,31.0
198622,2016,249127.0,0.0,1334.0,0.3213,0.3186,0.3119,0.309,0.8886,o,1984.0,1299.0,2676.0,38.0
198622,2017,237021.0,0.0,1447.0,0.3663,0.3666,0.3673,0.3676,1.0107,o,1695.0,1013.0,2774.0,40.0
198622,2018,213405.0,0.0,1453.0,0.4085,0.4041,0.3929,0.388,0.8554,o,2052.0,1288.0,2701.0,40.0
198622,2019,220108.0,0.0,1382.0,0.3767,0.3796,0.3872,0.3906,1.1155,o,1828.0,1464.0,2830.0,43.0
198622,2020,241482.0,0.0,1249.0,0.3103,0.3098,0.3084,0.3078,0.9757,o,1533.0,1035.0,2787.0,38.0
198622,2021,229576.0,0.0,1500.0,0.392,0.3856,0.3696,0.3627,0.7902,o,1365.0,1225.0,2707.0,36.0
198622,2022,218113.0,0.0,1431.0,0.3936,0.388,0.3737,0.3675,0.8123,o,1291.0,1008.0,2511.0,37.0
198622,2023,220825.0,0.0,1476.0,0.401,0.3978,0.3896,0.386,0.891,o,1798.0,1128.0,2401.0,33.0
198622,2024,237676.0,0.0,1367.0,0.3451,0.3525,0.3722,0.3814,1.3539,o,1901.0,1397.0,2319.0,31.0
198640,1999,34616.0,0.0,113.0,0.1959,0.1994,0.2089,0.2132,1.2938,o,,,,
198640,2001,27695.0,0.0,73.0,0.1582,0.1538,0.1432,0.1387,0.6715,o,,,,
198640,2002,36790.0,0.0,124.0,0.2022,0.2065,0.218,0.2233,1.3503,o,288.0,,1718.0,
198640,2003,39947.0,0.0,112.0,0.1682,0.1698,0.1738,0.1757,1.1406,o,285.0,,1863.0,72.0
198640,2004,48455.0,0.0,158.0,0.1956,0.1948,0.1927,0.1917,0.9406,o,263.0,,1983.0,25.0
198640,2005,46506.0,0.0,143.0,0.1845,0.1834,0.1806,0.1794,0.918,o,267.0,,2086.0,26.0
198640,2006,42413.0,0.0,177.0,0.2504,0.2499,0.2488,0.2483,0.9745,o,249.0,,2094.0,28.0
198640,2007,38972.0,0.0,128.0,0.1971,0.1962,0.194,0.1931,0.9396,o,202.0,115.0,1794.0,22.0
198640,2008,38906.0,0.0,120.0,0.1851,0.1819,0.1741,0.1707,0.7829,o,239.0,102.0,2110.0,
198640,2009,41400.0,0.0,103.0,0.1493,0.1499,0.1515,0.1522,1.0599,o,288.0,418.0,2104.0,
198640,2010,45488.0,0.0,137.0,0.1807,0.1841,0.1932,0.1974,1.3061,o,376.0,410.0,2456.0,
198640,2011,45664.0,0.0,140.0,0.184,0.1886,0.2011,0.2069,1.4269,o,285.0,62.0,2694.0,
198640,2012,44130.0,0.0,136.0,0.1849,0.1829,0.178,0.1758,0.8584,o,342.0,301.0,3061.0,
198640,2013,42750.0,0.0,138.0,0.1937,0.1941,0.1953,0.1959,1.0348,o,299.0,247.0,3108.0,19.0
198640,2014,37230.0,0.0,140.0,0.2256,0.2249,0.223,0.2221,0.9537,o,281.0,62.0,3087.0,23.0
198640,2015,35556.0,0.0,150.0,0.2531,0.2508,0.2449,0.2424,0.8768,o,241.0,52.0,3167.0,21.0
198640,2016,33870.0,0.0,155.0,0.2746,0.271,0.2622,0.2583,0.831,o,226.0,60.0,3158.0,22.0
198640,2017,30450.0,0.0,138.0,0.2719,0.2692,0.2623,0.2593,0.8659,o,184.0,42.0,3269.0,29.0
198640,2018,26010.0,0.0,132.0,0.3045,0.2995,0.2869,0.2815,0.788,o,193.0,33.0,3195.0,26.0
198640,2019,24450.0,0.0,129.0,0.3166,0.3152,0.3118,0.3103,0.9415,o,161.0,63.0,3182.0,27.0
198640,2020,26000.0,0.0,134.0,0.3092,0.3058,0.2973,0.2936,0.8541,o,109.0,54.0,3135.0,22.0
198640,2021,20970.0,0.0,152.0,0.4349,0.4204,0.3853,0.3706,0.6158,o,85.0,38.0,3044.0,23.0
198640,2022,23070.0,0.0,177.0,0.4603,0.4457,0.4101,0.3952,0.6296,o,59.0,47.0,2861.0,25.0
198640,2023,24285.0,0.0,191.0,0.4719,0.4558,0.4167,0.4005,0.6082,o,93.0,52.0,2700.0,22.0
198640,2024,25640.0,0.0,198.0,0.4633,0.4717,0.494,0.5042,1.2917,o,110.0,143.0,2608.0,21.0
198668,1998,22631.0,0.0,171.0,0.4534,0.47,0.5158,0.5376,1.6757,o,,,,
198668,1999,36243.0,0.0,166.0,0.2748,0.2773,0.2836,0.2865,1.1346,o,,,,
198668,2000,32720.0,0.0,143.0,0.2622,0.2607,0.2569,0.2552,0.9215,o,,,,
198668,2001,33655.0,0.0,157.0,0.2799,0.2795,0.2785,0.2781,0.9804,o,,,,
198668,2002,37827.0,0.0,176.0,0.2792,0.2793,0.2798,0.28,1.0089,o,537.0,,1718.0,
198668,2003,41609.0,0.0,169.0,0.2437,0.259,0.3027,0.3245,2.3814,o,296.0,,1863.0,73.0
198668,2004,41993.0,0.0,232.0,0.3315,0.3256,0.3111,0.3049,0.7759,o,337.0,,1930.0,45.0
198668,2005,41060.0,0.0,234.0,0.3419,0.3369,0.3243,0.3189,0.8091,o,276.0,,1957.0,47.0
198668,2006,50123.0,0.0,229.0,0.2741,0.2715,0.2649,0.262,0.872,o,272.0,,1969.0,36.0
198668,2007,64351.0,0.0,232.0,0.2163,0.2145,0.21,0.208,0.8874,o,291.0,15.0,1912.0,24.0
198668,2008,56430.0,0.0,193.0,0.2052,0.2061,0.2083,0.2093,1.062,o,415.0,,2019.0,34.0
198668,2009,60898.0,0.0,195.0,0.1921,0.1974,0.2117,0.2184,1.4742,o,503.0,456.0,2079.0,28.0
198668,2010,78075.0,0.0,227.0,0.1744,0.1788,0.1906,0.1961,1.4249,o,418.0,561.0,2432.0,24.0
198668,2011,64096.0,0.0,254.0,0.2378,0.2362,0.2323,0.2305,0.9107,o,355.0,514.0,2665.0,29.0
198668,2012,59857.0,0.0,304.0,0.3047,0.2992,0.2855,0.2797,0.7709,o,404.0,532.0,3040.0,36.0
198668,2013,55021.0,0.0,299.0,0.3261,0.3271,0.3297,0.3309,1.0453,o,416.0,524.0,2986.0,36.0
198668,2014,51772.0,0.0,307.0,0.3558,0.3581,0.3641,0.3667,1.0962,o,582.0,342.0,3152.0,29.0
198668,2015,42651.0,0.0,277.0,0.3897,0.3993,0.4253,0.4374,1.4195,o,458.0,301.0,3146.0,43.0
198668,2016,40382.0,0.0,278.0,0.4131,0.4106,0.4043,0.4015,0.9178,o,223.0,292.0,3124.0,41.0
198668,2017,35241.0,0.0,309.0,0.5261,0.4958,0.4257,0.3979,0.4288,o,271.0,209.0,3235.0,48.0
198668,2018,33297.0,0.0,341.0,0.6145,0.6047,0.5804,0.5699,0.7959,o,237.0,159.0,3208.0,50.0
198668,2019,31975.0,0.0,296.0,0.5554,0.5538,0.5497,0.5479,0.9595,o,279.0,144.0,3148.0,50.0
198668,2020,32442.0,0.0,262.0,0.4846,0.4878,0.4961,0.4998,1.0984,o,237.0,112.0,3101.0,42.0
198668,2021,28918.0,0.0,234.0,0.4855,0.4826,0.4753,0.4721,0.9186,o,175.0,98.0,3011.0,36.0
198668,2022,25860.0,0.0,221.0,0.5128,0.499,0.4653,0.4511,0.6783,o,198.0,101.0,2830.0,32.0
198668,2023,24293.0,0.0,206.0,0.5088,0.5074,0.5038,0.5022,0.9612,o,181.0,113.0,2671.0,25.0
198668,2024,25098.0,0.0,193.0,0.4614,0.4604,0.458,0.4569,0.9705,o,191.0,138.0,2612.0,27.0
198677,1998,2693.0,1.0,1.0,0.0668,0.0847,0.089,0.1006,2.2647,o,,,,
198677,1999,1443.0,9.0,2.0,0.8316,0.9498,0.9763,1.0458,1.5814,o,,,,
198677,2005,3657.0,9.0,6.0,0.3938,0.431,0.4392,0.4602,1.3659,o,22.0,,6760.0,105.0
198677,2006,2681.0,16.0,13.0,1.0071,1.2313,1.2836,1.4242,2.0,o,25.0,19.0,6544.0,112.0
198677,2007,2700.0,18.0,14.0,1.1111,1.1181,1.1195,1.1231,1.0217,o,11.0,13.0,6352.0,134.0
198677,2009,1436.0,6.0,7.0,0.7939,0.6223,0.5917,0.5217,0.4318,o,12.0,7.0,9496.0,319.0
198677,2010,1596.0,6.0,4.0,0.6015,0.4695,0.446,0.3924,0.4255,o,10.0,15.0,9778.0,231.0
198677,2011,1544.0,7.0,4.0,0.6995,0.6064,0.5887,0.5468,0.6111,o,10.0,9.0,9883.0,207.0
198677,2012,1620.0,5.0,1.0,0.4074,0.4135,0.4148,0.418,1.0526,o,5.0,7.0,9715.0,220.0
198677,2013,1152.0,7.0,1.0,0.7812,0.7187,0.7064,0.6766,0.75,o,10.0,5.0,9946.0,317.0
198677,2015,1502.0,10.0,2.0,0.8788,0.8524,0.847,0.8337,0.9,o,9.0,5.0,10402.0,243.0
198677,2016,1542.0,8.0,1.0,0.6615,0.6859,0.6911,0.7042,1.1333,o,4.0,3.0,11886.0,233.0
198677,2017,1207.0,11.0,3.0,1.2428,1.1922,1.182,1.1569,0.8667,o,8.0,1.0,11690.0,252.0
198677,2018,832.0,7.0,3.0,1.226,1.09,1.0638,1.001,0.6667,o,1.0,4.0,10379.0,241.0
198677,2019,951.0,4.0,1.0,0.5678,0.4722,0.4545,0.4132,0.5294,o,,37.0,10162.0,196.0
198677,2020,1221.0,9.0,2.0,0.9828,0.5711,0.5104,0.3855,0.1538,i,1.0,3.0,10010.0,307.0
198677,2021,753.0,9.0,1.0,1.5139,0.9004,0.8086,0.6181,0.1667,i,5.0,9.0,9721.0,393.0
198677,2022,663.0,11.0,0.0,1.991,1.7701,1.7275,1.6256,0.6667,o,5.0,11.0,9136.0,383.0
198677,2023,663.0,5.0,4.0,1.267,2.0205,2.2254,2.833,5.0,i,2.0,3.0,8621.0,360.0
198677,2024,480.0,10.0,0.0,2.5,3.5952,3.8758,4.6771,3.5,i,3.0,5.0,8688.0,344.0
198695,1998,99330.0,519.0,0.0,0.627,0.713,0.7322,0.7825,1.5576,o,,,,
198695,1999,79740.0,550.0,0.0,0.8277,0.9668,0.9983,1.0819,1.7085,o,,,,
198695,2000,70512.0,569.0,0.0,0.9683,1.0223,1.0338,1.0632,1.2056,o,,,,
198695,2001,69435.0,579.0,0.0,1.0006,0.9329,0.9194,0.8867,0.7852,o,,,,
198695,2002,71326.0,603.0,0.0,1.0145,0.9109,0.8908,0.8425,0.6897,o,465.0,,20648.0,
198695,2003,70250.0,547.0,0.0,0.9344,0.8713,0.8588,0.8283,0.7858,o,550.0,,23621.0,375.0
198695,2004,73444.0,529.0,0.0,0.8643,0.8742,0.8763,0.8814,1.04,o,429.0,,24394.0,391.0
198695,2005,74453.0,539.0,0.0,0.8687,0.8742,0.8754,0.8782,1.0219,o,454.0,,25270.0,419.0
198695,2006,74543.0,595.0,0.0,0.9578,0.9366,0.9323,0.9215,0.9256,o,575.0,,26113.0,468.0
198695,2007,73216.0,581.0,0.0,0.9523,0.956,0.9568,0.9588,1.0138,o,890.0,,27419.0,505.0
198695,2008,76909.0,479.0,0.0,0.7474,0.8401,0.8606,0.9143,1.4964,o,952.0,,29157.0,590.0
198695,2009,85363.0,513.0,0.0,0.7212,0.8926,0.9328,1.0416,2.0861,o,1077.0,,,790.0
198695,2010,93800.0,538.0,0.0,0.6883,0.8381,0.8729,0.9665,1.9718,o,1264.0,81.0,,902.0
198695,2011,111382.0,659.0,0.0,0.71,0.8134,0.8366,0.8975,1.598,o,1292.0,70.0,,849.0
198695,2012,121691.0,693.0,0.0,0.6834,0.7515,0.7664,0.805,1.3876,o,1257.0,58.0,,924.0
198695,2013,123448.0,817.0,0.0,0.7942,0.8485,0.8602,0.8902,1.2563,o,1162.0,84.0,,985.0
198695,2014,119908.0,789.0,0.0,0.7896,0.7971,0.7987,0.8027,1.0333,o,1386.0,58.0,40439.0,1041.0
198695,2015,125610.0,896.0,0.0,0.856,0.8552,0.855,0.8546,0.9969,o,1362.0,64.0,41096.0,1045.0
198695,2016,136986.0,859.0,0.0,0.7525,0.7691,0.7725,0.7813,1.0781,o,1382.0,59.0,42043.0,1014.0
198695,2017,142685.0,902.0,0.0,0.7586,0.7868,0.7928,0.8079,1.1344,o,1111.0,56.0,42584.0,1003.0
198695,2018,142242.0,997.0,0.0,0.8411,0.8358,0.8347,0.832,0.9784,o,1423.0,62.0,42379.0,1000.0
198695,2019,148981.0,1043.0,0.0,0.8401,0.8206,0.8166,0.8067,0.9221,o,1400.0,56.0,42851.0,978.0
198695,2020,151549.0,982.0,0.0,0.7776,0.784,0.7853,0.7887,1.0288,o,1387.0,64.0,43592.0,1002.0
198695,2021,153546.0,887.0,0.0,0.6932,0.716,0.7208,0.7329,1.1179,o,1441.0,71.0,44448.0,934.0
198695,2022,161854.0,1081.0,0.0,0.8015,0.8274,0.8329,0.8467,1.116,o,1501.0,70.0,43609.0,884.0
198695,2023,164165.0,1062.0,0.0,0.7763,0.7856,0.7876,0.7925,1.0422,o,1468.0,71.0,43389.0,882.0
198695,2024,162873.0,1020.0,0.0,0.7515,0.7654,0.7683,0.7757,1.0653,o,1528.0,92.0,44208.0,902.0
198710,1999,37782.0,0.0,112.0,0.1779,0.1797,0.1845,0.1867,1.1584,o,,,,
198710,2000,44074.0,0.0,139.0,0.1892,0.1926,0.2016,0.2057,1.2884,o,,,,
198710,2001,39995.0,0.0,170.0,0.255,0.2501,0.2377,0.2324,0.755,o,,,,
198710,2002,41298.0,0.0,161.0,0.2339,0.2339,0.2339,0.2339,1.0,o,246.0,,1767.0,
198710,2003,44889.0,0.0,148.0,0.1978,0.1986,0.2006,0.2015,1.0581,o,274.0,,1910.0,39.0
198710,2004,59603.0,0.0,198.0,0.1993,0.2005,0.2036,0.205,1.0895,o,265.0,,1930.0,35.0
198710,2005,58410.0,0.0,183.0,0.188,0.1882,0.1889,0.1892,1.0192,o,351.0,,1957.0,36.0
198710,2006,60150.0,0.0,229.0,0.2284,0.2327,0.244,0.2492,1.3024,o,70.0,,1969.0,59.0
198710,2007,57870.0,0.0,188.0,0.1949,0.1757,0.1346,0.1195,0.2273,o,241.0,,1912.0,47.0
198710,2008,55710.0,0.0,201.0,0.2165,0.2185,0.2239,0.2264,1.1449,o,274.0,,2022.0,45.0
198710,2009,67560.0,0.0,176.0,0.1563,0.1626,0.1801,0.1884,1.7621,o,415.0,327.0,1988.0,37.0
198710,2010,81960.0,0.0,211.0,0.1545,0.1597,0.174,0.1808,1.6116,o,340.0,330.0,2342.0,34.0
198710,2011,79680.0,0.0,319.0,0.2402,0.24,0.2394,0.2392,0.9869,o,349.0,265.0,2577.0,35.0
198710,2012,67890.0,0.0,284.0,0.251,0.2496,0.2461,0.2446,0.9245,o,828.0,221.0,2947.0,36.0
198710,2013,64956.0,0.0,237.0,0.2189,0.2328,0.2726,0.2924,2.4035,o,264.0,185.0,3024.0,27.0
198710,2014,55585.0,0.0,255.0,0.2753,0.2602,0.2253,0.2113,0.4486,o,249.0,163.0,3083.0,23.0
198710,2015,49262.0,0.0,225.0,0.274,0.2594,0.2252,0.2115,0.456,o,291.0,45.0,3078.0,26.0
198710,2016,48660.0,0.0,203.0,0.2503,0.2525,0.2583,0.261,1.1345,o,346.0,62.0,3057.0,23.0
198710,2017,42194.0,0.0,263.0,0.374,0.3805,0.3979,0.4059,1.2815,o,337.0,55.0,3241.0,26.0
198710,2018,43344.0,0.0,302.0,0.4181,0.4197,0.424,0.4259,1.0581,o,321.0,57.0,3168.0,26.0
198710,2019,42443.0,0.0,288.0,0.4071,0.4054,0.4009,0.3989,0.94,o,313.0,107.0,3102.0,26.0
198710,2020,45178.0,0.0,360.0,0.4781,0.4764,0.4722,0.4703,0.9514,o,303.0,116.0,2325.0,23.0
198710,2021,43866.0,0.0,379.0,0.5184,0.5168,0.5126,0.5107,0.9558,o,264.0,87.0,2327.0,19.0
198710,2022,41179.0,0.0,363.0,0.5289,0.5232,0.5089,0.5027,0.8571,o,264.0,183.0,2187.0,19.0
198710,2023,40085.0,0.0,356.0,0.5329,0.5302,0.5235,0.5205,0.9312,o,230.0,82.0,2101.0,
198710,2024,43314.0,0.0,362.0,0.5015,0.4966,0.4845,0.4792,0.8712,o,273.0,95.0,2030.0,
198729,1999,30195.0,0.0,101.0,0.2007,0.2062,0.2212,0.2282,1.4756,o,,,,
198729,2000,25341.0,0.0,115.0,0.2723,0.2635,0.2421,0.2331,0.6246,o,,,,
198729,2001,26343.0,0.0,111.0,0.2528,0.27,0.3197,0.3447,2.5585,o,,,,
198729,2002,30950.0,0.0,138.0,0.2675,0.2656,0.2609,0.2588,0.9041,o,199.0,,1718.0,
198729,2003,32892.0,0.0,134.0,0.2444,0.2394,0.2268,0.2214,0.7412,o,202.0,,1927.0,23.0
198729,2004,39179.0,0.0,167.0,0.2557,0.2561,0.2569,0.2572,1.0176,o,178.0,,2000.0,30.0
198729,2005,29073.0,0.0,185.0,0.3818,0.3786,0.3706,0.3671,0.8878,o,151.0,,2070.0,43.0
198729,2006,29414.0,0.0,184.0,0.3753,0.3693,0.3544,0.3479,0.7947,o,354.0,,2078.0,47.0
198729,2007,32349.0,0.0,199.0,0.3691,0.3894,0.447,0.4753,2.152,o,218.0,235.0,2017.0,34.0
198729,2008,31770.0,0.0,161.0,0.3041,0.3009,0.2931,0.2897,0.8634,o,209.0,272.0,2069.0,45.0
198729,2009,31160.0,0.0,123.0,0.2368,0.2317,0.219,0.2136,0.7308,o,266.0,307.0,2034.0,23.0
198729,2010,37653.0,0.0,140.0,0.2231,0.2265,0.2357,0.2399,1.2459,o,222.0,301.0,2387.0,32.0
198729,2011,36574.0,0.0,155.0,0.2543,0.2531,0.25,0.2487,0.9347,o,211.0,293.0,2622.0,30.0
198729,2012,35456.0,0.0,145.0,0.2454,0.2429,0.2366,0.2339,0.8648,o,230.0,348.0,2991.0,32.0
198729,2013,38128.0,0.0,214.0,0.3368,0.3382,0.3419,0.3436,1.0624,o,182.0,248.0,3045.0,28.0
198729,2014,31145.0,0.0,186.0,0.3583,0.3535,0.3415,0.3363,0.8254,o,137.0,194.0,3105.0,27.0
198729,2015,26076.0,0.0,172.0,0.3958,0.3846,0.3574,0.3459,0.665,o,151.0,65.0,3099.0,30.0
198729,2016,26312.0,0.0,178.0,0.4059,0.4043,0.4004,0.3986,0.9467,o,190.0,52.0,3078.0,29.0
198729,2017,25088.0,0.0,168.0,0.4018,0.4097,0.4306,0.4403,1.3194,o,202.0,73.0,3190.0,32.0
198729,2018,27456.0,0.0,161.0,0.3518,0.356,0.3671,0.3721,1.1848,o,71.0,61.0,3168.0,26.0
198729,2019,27387.0,0.0,175.0,0.3834,0.3571,0.2974,0.2742,0.3622,o,128.0,50.0,3136.0,27.0
198729,2020,29095.0,0.0,228.0,0.4702,0.4681,0.4627,0.4603,0.9377,o,135.0,63.0,3089.0,21.0
198729,2021,29820.0,0.0,174.0,0.3501,0.3577,0.3779,0.3872,1.3568,o,183.0,77.0,3000.0,24.0
198729,2022,34230.0,0.0,180.0,0.3155,0.3229,0.3427,0.3519,1.3916,o,126.0,66.0,2819.0,
198729,2023,29190.0,0.0,188.0,0.3864,0.3802,0.3646,0.3579,0.7925,o,156.0,68.0,2660.0,24.0
198729,2024,29995.0,0.0,247.0,0.4941,0.4944,0.4953,0.4957,1.0097,o,142.0,97.0,2592.0,19.0
198747,1998,5400.0,53.0,0.0,1.1778,1.3574,1.3979,1.5044,1.6316,o,,,,
198747,2000,4850.0,41.0,0.0,1.0144,1.2009,1.2436,1.357,1.7895,o,,,,
198747,2001,4498.0,32.0,1.0,0.8671,1.0551,1.0988,1.2163,1.9677,o,,,,
198747,2002,4101.0,48.0,0.0,1.4045,1.6451,1.6998,1.8447,1.725,o,12.0,,11744.0,
198747,2003,3544.0,29.0,1.0,0.9989,0.9633,0.9561,0.9383,0.8824,o,16.0,,12032.0,426.0
198747,2004,3573.0,29.0,0.0,0.974,0.7771,0.7416,0.6599,0.459,o,12.0,,11884.0,393.0
198747,2005,3443.0,38.0,2.0,1.3593,1.0464,0.9913,0.8659,0.4058,o,12.0,,13340.0,510.0
198747,2006,3462.0,26.0,1.0,0.9185,0.861,0.8495,0.8216,0.8,o,14.0,7.0,14269.0,483.0
198747,2007,3484.0,34.0,0.0,1.1711,1.1462,1.1411,1.1285,0.9286,o,6.0,,16536.0,512.0
198747,2008,2560.0,39.0,1.0,1.8516,1.6794,1.6459,1.5649,0.7143,o,8.0,13.0,16000.0,522.0
198747,2009,2526.0,24.0,2.0,1.1876,1.0158,0.9835,0.9071,0.5833,o,10.0,19.0,15467.0,448.0
198747,2010,2539.0,30.0,0.0,1.4179,1.2745,1.2466,1.1797,0.6923,o,14.0,30.0,15338.0,536.0
198747,2012,6585.0,83.0,24.0,1.7312,2.1594,2.2605,2.5342,2.1429,o,42.0,30.0,12096.0,193.0
198747,2013,7735.0,91.0,4.0,1.4428,2.0257,2.173,2.5899,3.2222,o,9.0,22.0,11884.0,190.0
198747,2015,3666.0,33.0,1.0,1.0966,1.3073,1.3557,1.4848,1.8333,o,26.0,16.0,12859.0,467.0
198747,2016,3024.0,21.0,1.0,0.8532,0.9084,0.9202,0.9506,1.2414,o,33.0,12.0,13703.0,466.0
198747,2017,3102.0,12.0,0.0,0.4642,0.4843,0.4885,0.4993,1.1569,o,32.0,13.0,14316.0,433.0
198756,1998,42165.0,201.0,0.0,0.572,0.5583,0.5555,0.5486,0.9198,o,,,,
198756,1999,44120.0,225.0,0.0,0.612,0.6291,0.6328,0.6419,1.1001,o,,,,
198756,2001,42841.0,183.0,0.0,0.5126,0.5653,0.5768,0.6068,1.4013,o,,,,
198756,2003,55649.0,243.0,0.0,0.524,0.5031,0.4989,0.4885,0.8691,o,472.0,,21147.0,496.0
198756,2004,45516.0,255.0,0.0,0.6723,0.6427,0.6368,0.6221,0.8564,o,431.0,,21661.0,617.0
198756,2005,42632.0,248.0,0.0,0.6981,0.6837,0.6808,0.6735,0.9309,o,444.0,,22071.0,646.0
198756,2006,44790.0,231.0,0.0,0.6189,0.6069,0.6045,0.5984,0.9348,o,507.0,29.0,22435.0,625.0
198756,2007,46193.0,228.0,0.0,0.5923,0.595,0.5956,0.597,1.016,o,502.0,33.0,22691.0,637.0
198756,2008,45230.0,213.0,0.0,0.5651,0.5836,0.5875,0.5974,1.1174,o,557.0,50.0,23053.0,648.0
198756,2009,45797.0,208.0,0.0,0.545,0.576,0.5827,0.5996,1.2103,o,282.0,51.0,22667.0,680.0
198756,2010,42694.0,218.0,0.0,0.6127,0.5909,0.5864,0.5755,0.8822,o,223.0,52.0,22520.0,659.0
198756,2011,45722.0,258.0,0.0,0.6771,0.554,0.5315,0.479,0.5005,o,373.0,134.0,23092.0,536.0
198756,2012,49361.0,275.0,0.0,0.6685,0.5659,0.5467,0.5015,0.5628,o,386.0,135.0,23631.0,535.0
198756,2013,50040.0,252.0,0.0,0.6043,0.587,0.5835,0.5748,0.9046,o,232.0,84.0,24378.0,482.0
198756,2014,42889.0,248.0,0.0,0.6939,0.7357,0.7447,0.7676,1.2238,o,268.0,79.0,24009.0,449.0
198756,2015,43090.0,253.0,0.0,0.7046,0.6696,0.6626,0.6453,0.8389,o,334.0,89.0,23807.0,438.0
198756,2016,41125.0,268.0,0.0,0.782,0.7312,0.7211,0.6964,0.7931,o,302.0,87.0,23642.0,463.0
198756,2017,40976.0,224.0,0.0,0.656,0.6615,0.6626,0.6655,1.0291,o,339.0,62.0,23247.0,492.0
198756,2018,43408.0,206.0,0.0,0.5695,0.612,0.6212,0.6448,1.282,o,350.0,112.0,22727.0,483.0
198756,2019,44478.0,220.0,0.0,0.5936,0.6172,0.6223,0.635,1.1445,o,328.0,64.0,22252.0,474.0
198756,2020,43051.0,228.0,0.0,0.6355,0.6474,0.6499,0.6562,1.066,o,237.0,38.0,22577.0,480.0
198756,2021,34518.0,220.0,0.0,0.7648,0.7373,0.7318,0.718,0.8814,o,245.0,75.0,21925.0,466.0
198756,2022,33154.0,214.0,0.0,0.7746,0.6983,0.6835,0.6478,0.6996,o,266.0,56.0,20782.0,425.0
198756,2023,30391.0,180.0,0.0,0.7107,0.6548,0.6438,0.617,0.7537,o,283.0,72.0,20190.0,432.0
198756,2024,32188.0,207.0,0.0,0.7717,0.7653,0.764,0.7607,0.9717,o,396.0,116.0,20480.0,393.0
198774,1999,62235.0,0.0,202.0,0.1947,0.1998,0.2135,0.2199,1.4448,o,,,,
198774,2000,60417.0,0.0,220.0,0.2185,0.2215,0.2294,0.233,1.2158,o,,,,
198774,2001,63115.0,0.0,215.0,0.2044,0.2078,0.2169,0.221,1.2673,o,,,,
198774,2002,66369.0,0.0,243.0,0.2197,0.2244,0.2372,0.2431,1.3591,o,1377.0,,1784.0,
198774,2003,73384.0,0.0,258.0,0.2109,0.2165,0.2315,0.2384,1.4495,o,1610.0,,1927.0,58.0
198774,2004,100451.0,0.0,257.0,0.1535,0.1565,0.1646,0.1684,1.3235,o,1368.0,,2000.0,25.0
198774,2005,78274.0,0.0,293.0,0.2246,0.2232,0.2197,0.2182,0.916,o,1565.0,,2070.0,56.0
198774,2006,93060.0,0.0,313.0,0.2018,0.2025,0.2043,0.2051,1.051,o,1833.0,,2078.0,39.0
198774,2007,100763.0,0.0,290.0,0.1727,0.1754,0.1826,0.1859,1.2499,o,953.0,1572.0,2017.0,31.0
198774,2008,108545.0,0.0,329.0,0.1819,0.1746,0.1574,0.1503,0.5609,o,909.0,805.0,2069.0,32.0
198774,2009,113070.0,0.0,326.0,0.173,0.1679,0.1555,0.1503,0.6525,o,1048.0,920.0,2073.0,30.0
198774,2010,121290.0,0.0,400.0,0.1979,0.1995,0.2038,0.2058,1.1257,o,868.0,1014.0,2426.0,56.0
198774,2011,111870.0,0.0,415.0,0.2226,0.2207,0.216,0.2139,0.8871,o,660.0,984.0,2659.0,38.0
198774,2012,114720.0,0.0,507.0,0.2652,0.2583,0.2416,0.2345,0.6889,o,683.0,899.0,3027.0,38.0
198774,2013,109710.0,0.0,520.0,0.2844,0.2822,0.2765,0.2741,0.894,o,738.0,808.0,3081.0,33.0
198774,2014,109620.0,0.0,532.0,0.2912,0.2931,0.2981,0.3004,1.099,o,568.0,248.0,3140.0,33.0
198774,2015,101550.0,0.0,565.0,0.3338,0.3286,0.3157,0.3101,0.7994,o,613.0,695.0,3134.0,35.0
198774,2016,90128.0,0.0,602.0,0.4008,0.399,0.3945,0.3925,0.9387,o,524.0,211.0,3113.0,48.0
198774,2017,100740.0,0.0,667.0,0.3973,0.394,0.3856,0.3819,0.8874,o,589.0,214.0,3224.0,44.0
198774,2018,101040.0,0.0,582.0,0.3456,0.3465,0.3487,0.3497,1.0361,o,623.0,208.0,3311.0,46.0
198774,2019,98010.0,0.0,592.0,0.3624,0.3653,0.3728,0.3762,1.1195,o,746.0,164.0,3242.0,46.0
198774,2020,104640.0,0.0,627.0,0.3595,0.3648,0.3787,0.385,1.231,o,762.0,215.0,3194.0,43.0
198774,2021,102030.0,0.0,719.0,0.4228,0.426,0.4343,0.4381,1.1132,o,546.0,250.0,3101.0,42.0
198774,2022,98550.0,0.0,671.0,0.4085,0.3994,0.3769,0.3672,0.7241,o,502.0,198.0,2915.0,43.0
198774,2023,102900.0,0.0,640.0,0.3732,0.3663,0.3493,0.342,0.7676,o,951.0,231.0,2750.0,37.0
198774,2024,117900.0,0.0,682.0,0.3471,0.3619,0.4028,0.4225,1.8149,o,1295.0,269.0,2657.0,30.0
198808,1998,13591.0,49.0,0.0,0.4326,0.3822,0.3725,0.3494,0.6521,o,,,,
198808,1999,18060.0,100.0,0.0,0.6645,0.6584,0.6572,0.6541,0.9691,o,,,,
198808,2000,16316.0,127.0,0.0,0.9341,1.0128,1.0299,1.0739,1.322,o,,,,
198808,2001,18932.0,102.0,0.0,0.6465,0.7371,0.7573,0.8105,1.5714,o,,,,
198808,2002,21993.0,151.0,0.0,0.8239,0.9051,0.9229,0.9689,1.383,o,267.0,,21552.0,
198808,2003,24320.0,149.0,0.0,0.7352,0.7995,0.8135,0.8495,1.3352,o,286.0,,22666.0,384.0
198808,2004,23834.0,147.0,0.0,0.7401,0.829,0.8487,0.9,1.4786,o,273.0,,24046.0,398.0
198808,2005,23151.0,150.0,0.0,0.7775,0.8631,0.8819,0.9308,1.4333,o,213.0,,24237.0,1085.0
198808,2006,25774.0,134.0,0.0,0.6239,0.6315,0.6331,0.6371,1.0429,o,244.0,134.0,26487.0,1024.0
198808,2007,25835.0,181.0,0.0,0.8407,0.7955,0.7864,0.7643,0.8264,o,203.0,110.0,27222.0,1071.0
198808,2008,25633.0,211.0,0.0,0.9878,0.9258,0.9134,0.8833,0.7996,o,229.0,158.0,28535.0,555.0
198808,2009,27805.0,194.0,0.0,0.8373,0.8091,0.8034,0.7894,0.8889,o,163.0,110.0,29496.0,566.0
198808,2010,27120.0,232.0,0.0,1.0265,0.9819,0.9729,0.9507,0.8578,o,231.0,127.0,31270.0,559.0
198808,2011,25751.0,228.0,0.0,1.0625,1.0243,1.0166,0.9975,0.8814,o,207.0,140.0,31289.0,404.0
198808,2012,25394.0,209.0,0.0,0.9876,0.9916,0.9924,0.9945,1.0139,o,182.0,171.0,30701.0,432.0
198808,2013,24387.0,185.0,0.0,0.9103,0.9083,0.9079,0.9068,0.9923,o,226.0,167.0,32016.0,455.0
198808,2014,26473.0,221.0,0.0,1.0018,1.012,1.0141,1.0194,1.0355,o,216.0,184.0,31796.0,430.0
198808,2015,28506.0,201.0,0.0,0.8461,0.8484,0.8488,0.85,1.0091,o,198.0,207.0,31527.0,416.0
198808,2016,30569.0,243.0,0.0,0.9539,0.9713,0.9749,0.9841,1.0643,o,187.0,137.0,32935.0,424.0
198808,2017,29507.0,326.0,0.0,1.3258,1.3037,1.2991,1.2879,0.9436,o,208.0,154.0,32696.0,409.0
198808,2018,28331.0,238.0,0.0,1.0081,0.9757,0.9692,0.953,0.8937,o,222.0,160.0,32251.0,377.0
198808,2019,27602.0,229.0,0.0,0.9956,1.0066,1.0089,1.0146,1.0386,o,174.0,118.0,31576.0,368.0
198808,2020,25749.0,222.0,0.0,1.0346,1.0431,1.0449,1.0493,1.0286,o,195.0,124.0,32002.0,329.0
198808,2021,24738.0,206.0,0.0,0.9993,0.9797,0.9757,0.9658,0.9342,o,247.0,116.0,31971.0,339.0
198808,2022,25858.0,230.0,0.0,1.0674,1.0759,1.0777,1.0822,1.0279,o,212.0,105.0,31035.0,332.0
198808,2023,25592.0,211.0,0.0,0.9894,1.0327,1.0418,1.0652,1.1591,o,199.0,114.0,29854.0,305.0
198808,2024,25053.0,194.0,0.0,0.9292,0.9587,0.965,0.9807,1.1138,o,223.0,107.0,31140.0,336.0
198817,1998,31996.0,0.0,139.0,0.2607,0.2594,0.2562,0.2548,0.934,o,,,,
198817,1999,61350.0,0.0,185.0,0.1809,0.1835,0.1902,0.1932,1.2205,o,,,,
198817,2000,45145.0,0.0,167.0,0.222,0.2264,0.2383,0.2438,1.3291,o,,,,
198817,2001,43850.0,0.0,165.0,0.2258,0.2223,0.2136,0.2098,0.801,o,,,,
198817,2002,51358.0,0.0,173.0,0.2021,0.2015,0.2,0.1993,0.9586,o,353.0,,1718.0,
198817,2003,55246.0,0.0,222.0,0.2411,0.2424,0.2459,0.2474,1.0812,o,370.0,,1863.0,
198817,2004,69707.0,0.0,234.0,0.2014,0.2022,0.2042,0.2051,1.0571,o,365.0,,1884.0,
198817,2006,59780.0,0.0,311.0,0.3121,0.314,0.3188,0.321,1.0884,o,1319.0,,2086.0,
198817,2007,46588.0,0.0,276.0,0.3555,0.3876,0.4844,0.5348,3.4484,o,333.0,326.0,2025.0,52.0
198817,2008,54967.0,0.0,265.0,0.2893,0.2707,0.2282,0.2115,0.3874,o,450.0,467.0,2076.0,42.0
198817,2009,65681.0,0.0,295.0,0.2695,0.2583,0.2315,0.2205,0.5448,o,560.0,564.0,2082.0,33.0
198817,2010,76809.0,0.0,373.0,0.2914,0.2988,0.3186,0.3279,1.4304,o,512.0,618.0,2434.0,33.0
198817,2011,96523.0,0.0,329.0,0.2045,0.2047,0.2052,0.2054,1.0139,o,491.0,600.0,2377.0,29.0
198817,2012,86025.0,0.0,175.0,0.1221,0.1213,0.1194,0.1186,0.916,o,530.0,570.0,2747.0,36.0
198817,2013,76635.0,0.0,302.0,0.2364,0.2374,0.2397,0.2408,1.0568,o,540.0,561.0,3111.0,36.0
198817,2014,75269.0,0.0,314.0,0.2503,0.2513,0.2538,0.255,1.0578,o,457.0,597.0,3169.0,39.0
198817,2015,73701.0,0.0,318.0,0.2589,0.256,0.2489,0.2458,0.8542,o,336.0,546.0,3163.0,40.0
198817,2016,66628.0,0.0,385.0,0.3467,0.3373,0.3141,0.3044,0.674,o,345.0,204.0,3141.0,48.0
198817,2017,57101.0,0.0,403.0,0.4235,0.4194,0.409,0.4045,0.8701,o,322.0,182.0,3252.0,52.0
198817,2018,56049.0,0.0,417.0,0.4464,0.4447,0.4402,0.4382,0.9457,o,230.0,153.0,3179.0,54.0
198817,2019,54111.0,0.0,476.0,0.5278,0.5143,0.481,0.4669,0.6897,o,279.0,143.0,3121.0,54.0
198817,2020,53626.0,0.0,429.0,0.48,0.4804,0.4813,0.4817,1.0109,o,195.0,137.0,3087.0,49.0
198817,2021,49390.0,0.0,441.0,0.5357,0.5258,0.5012,0.4907,0.7662,o,334.0,164.0,2997.0,51.0
198817,2022,48876.0,0.0,392.0,0.4812,0.4929,0.5243,0.5389,1.4093,o,209.0,335.0,2817.0,30.0
198817,2023,44711.0,0.0,359.0,0.4818,0.4739,0.4542,0.4457,0.7902,o,331.0,383.0,2658.0,33.0
198817,2024,46369.0,0.0,357.0,0.4619,0.4684,0.4854,0.4932,1.2192,o,318.0,153.0,2568.0,26.0
198835,1998,40615.0,267.0,0.0,0.7889,0.8394,0.8502,0.8779,1.2385,o,,,,
198835,1999,41082.0,275.0,0.0,0.8033,0.8533,0.864,0.8914,1.2314,o,,,,
198835,2001,38960.0,236.0,0.0,0.7269,0.7451,0.7489,0.7585,1.0889,o,,,,
198835,2002,40606.0,286.0,0.0,0.8452,0.8422,0.8416,0.8401,0.9879,o,319.0,,24400.0,
198835,2003,40631.0,255.0,0.0,0.7531,0.7658,0.7684,0.775,1.059,o,309.0,,25467.0,397.0
198835,2004,41882.0,253.0,0.0,0.7249,0.7389,0.7418,0.7491,1.068,o,322.0,,27280.0,430.0
198835,2005,43494.0,243.0,0.0,0.6704,0.6894,0.6934,0.7036,1.1012,o,330.0,,28731.0,434.0
198835,2006,44108.0,282.0,0.0,0.7672,0.789,0.7936,0.8051,1.1014,o,347.0,118.0,29432.0,463.0
198835,2007,43741.0,316.0,0.0,0.8669,0.886,0.89,0.9001,1.078,o,367.0,121.0,30519.0,466.0
198835,2008,48994.0,284.0,0.0,0.6956,0.721,0.7263,0.7399,1.1315,o,346.0,307.0,31578.0,415.0
198835,2009,51054.0,262.0,0.0,0.6158,0.632,0.6354,0.644,1.0936,o,355.0,191.0,33193.0,384.0
198835,2010,53660.0,252.0,0.0,0.5635,0.5693,0.5705,0.5735,1.0355,o,423.0,91.0,34594.0,393.0
198835,2011,47636.0,279.0,0.0,0.7028,0.7205,0.7243,0.7337,1.0896,o,400.0,137.0,35303.0,486.0
198835,2012,47258.0,281.0,0.0,0.7135,0.7438,0.7503,0.7666,1.1543,o,330.0,163.0,36089.0,490.0
198835,2013,45220.0,308.0,0.0,0.8173,0.827,0.829,0.8341,1.0414,o,311.0,108.0,37053.0,523.0
198835,2014,43589.0,321.0,0.0,0.8837,0.8354,0.8258,0.8021,0.8239,o,347.0,117.0,38589.0,541.0
198835,2015,43129.0,296.0,0.0,0.8236,0.7718,0.7615,0.7364,0.7995,o,448.0,98.0,40368.0,528.0
198835,2016,44882.0,277.0,0.0,0.7406,0.7592,0.7631,0.7729,1.089,o,491.0,111.0,41667.0,521.0
198835,2017,48427.0,249.0,0.0,0.617,0.6893,0.7052,0.7468,1.4649,o,408.0,102.0,42999.0,521.0
198835,2018,47327.0,285.0,0.0,0.7226,0.7911,0.806,0.8447,1.3663,o,538.0,110.0,44056.0,523.0
198835,2019,51495.0,292.0,0.0,0.6805,0.7157,0.7232,0.7423,1.1899,o,481.0,93.0,44415.0,505.0
198835,2020,51899.0,322.0,0.0,0.7445,0.7624,0.7661,0.7756,1.0852,o,457.0,79.0,45674.0,498.0
198835,2021,50416.0,325.0,0.0,0.7736,0.7831,0.7851,0.7902,1.0434,o,383.0,70.0,46573.0,526.0
198835,2022,42537.0,299.0,0.0,0.8435,0.8149,0.8091,0.7948,0.8879,o,395.0,55.0,45527.0,529.0
198835,2023,41750.0,334.0,0.0,0.96,0.8877,0.8735,0.8388,0.7635,o,377.0,92.0,44512.0,496.0
198835,2024,42080.0,337.0,0.0,0.961,0.9083,0.8977,0.8719,0.823,o,348.0,134.0,30900.0,458.0
198862,1998,25512.0,100.0,0.0,0.4704,0.4828,0.4855,0.4921,1.0944,o,,,,
198862,1999,26174.0,126.0,0.0,0.5777,0.6303,0.6417,0.6713,1.3505,o,,,,
198862,2000,26592.0,116.0,0.0,0.5235,0.6233,0.6462,0.7073,1.8255,o,,,,
198862,2002,32373.0,121.0,0.0,0.4485,0.4476,0.4474,0.447,0.9931,o,300.0,,24008.0,
198862,2003,29745.0,125.0,0.0,0.5043,0.509,0.51,0.5124,1.0324,o,287.0,,18333.0,190.0
198862,2004,30346.0,144.0,0.0,0.5694,0.5656,0.5648,0.5628,0.9767,o,269.0,,20394.0,252.0
198862,2005,29110.0,118.0,0.0,0.4864,0.482,0.481,0.4787,0.9686,o,189.0,,21773.0,231.0
198862,2006,26467.0,124.0,0.0,0.5622,0.5186,0.51,0.4892,0.757,o,257.0,51.0,18968.0,483.0
198862,2007,26645.0,122.0,0.0,0.5494,0.5074,0.4991,0.4789,0.7598,o,331.0,70.0,18411.0,523.0
198862,2008,29443.0,118.0,0.0,0.4809,0.4888,0.4904,0.4946,1.0576,o,336.0,63.0,17814.0,535.0
198862,2009,29510.0,145.0,0.0,0.5896,0.6575,0.6725,0.7116,1.4563,o,423.0,57.0,17516.0,571.0
198862,2010,32688.0,111.0,0.0,0.4075,0.4754,0.4908,0.5316,1.7018,o,397.0,76.0,19524.0,457.0
198862,2011,35871.0,108.0,0.0,0.3613,0.3979,0.4059,0.4267,1.3946,o,339.0,76.0,20043.0,528.0
198862,2012,34436.0,110.0,0.0,0.3833,0.3944,0.3968,0.4027,1.1034,o,355.0,60.0,20964.0,540.0
198862,2013,34034.0,136.0,0.0,0.4795,0.4672,0.4647,0.4585,0.9144,o,395.0,62.0,20597.0,500.0
198862,2014,37640.0,154.0,0.0,0.491,0.4784,0.4759,0.4695,0.9146,o,453.0,59.0,21097.0,559.0
198862,2015,41543.0,149.0,0.0,0.4304,0.4484,0.4523,0.462,1.1522,o,421.0,65.0,21964.0,562.0
198862,2016,39516.0,149.0,2.0,0.4555,0.487,0.4938,0.5112,1.2594,o,380.0,63.0,22356.0,567.0
198862,2017,35693.0,151.0,2.0,0.511,0.5209,0.5229,0.5281,1.068,o,366.0,83.0,22645.0,603.0
198862,2018,37138.0,157.0,10.0,0.5235,0.5044,0.5005,0.491,0.8797,o,377.0,65.0,22138.0,515.0
198862,2019,36711.0,143.0,5.0,0.4756,0.4537,0.4493,0.4385,0.8501,o,344.0,47.0,22325.0,527.0
198862,2020,33492.0,171.0,8.0,0.627,0.6082,0.6043,0.5949,0.9001,o,208.0,57.0,21991.0,544.0
198862,2021,27848.0,113.0,3.0,0.4934,0.4521,0.444,0.4244,0.7399,o,204.0,45.0,21356.0,497.0
198862,2022,27420.0,137.0,10.0,0.6214,0.5238,0.5056,0.4628,0.5545,o,217.0,36.0,20071.0,422.0
198862,2023,24555.0,113.0,3.0,0.5596,0.4787,0.4635,0.4276,0.5839,o,269.0,39.0,18939.0,396.0
198862,2024,23892.0,88.0,1.0,0.4445,0.4284,0.4251,0.4171,0.8804,o,343.0,61.0,18296.0,344.0
198871,1998,13973.0,0.0,82.0,0.3521,0.3521,0.3521,0.3521,,-,,,,
198871,1999,14092.0,0.0,92.0,0.3917,0.3917,0.3917,0.3917,,-,,,,
198871,2000,14332.0,0.0,96.0,0.4019,0.4019,0.4019,0.4019,,-,,,,
198871,2001,22799.0,0.0,54.0,0.1421,0.1421,0.1421,0.1421,,-,,,,
198871,2002,14394.0,0.0,82.0,0.3418,0.3418,0.3418,0.3418,,-,222.0,,17547.0,
198871,2003,12548.0,0.0,60.0,0.2869,0.2869,0.2869,0.2869,,-,319.0,,17954.0,560.0
198871,2004,16007.0,0.0,68.0,0.2549,0.2549,0.2549,0.2549,,-,337.0,,17910.0,564.0
198871,2005,18151.0,0.0,64.0,0.2116,0.2116,0.2116,0.2116,,-,416.0,,17907.0,567.0
198871,2006,20956.0,0.0,82.0,0.2348,0.2348,0.2348,0.2348,,-,370.0,27.0,17863.0,622.0
198871,2007,22462.0,0.0,89.0,0.2377,0.2377,0.2377,0.2377,,-,438.0,50.0,17619.0,421.0
198871,2008,20475.0,0.0,56.0,0.1641,0.1641,0.1641,0.1641,,-,287.0,16.0,18182.0,463.0
198871,2009,17250.0,0.0,83.0,0.2887,0.2887,0.2887,0.2887,,-,328.0,30.0,19043.0,474.0
198871,2010,18221.0,0.0,66.0,0.2173,0.2173,0.2173,0.2173,,-,410.0,35.0,19891.0,401.0
198871,2011,20410.0,0.0,76.0,0.2234,0.2234,0.2234,0.2234,,-,361.0,48.0,20012.0,379.0
198871,2012,20470.0,0.0,92.0,0.2697,0.2697,0.2697,0.2697,,-,354.0,45.0,20031.0,381.0
198871,2013,20389.0,0.0,105.0,0.309,0.309,0.309,0.309,,-,345.0,60.0,19977.0,417.0
198871,2014,19245.0,0.0,110.0,0.3429,0.3429,0.3429,0.3429,,-,366.0,56.0,20460.0,433.0
198871,2015,20088.0,0.0,120.0,0.3584,0.3584,0.3584,0.3584,,-,351.0,50.0,21773.0,408.0
198871,2016,21118.0,0.0,119.0,0.3381,0.3381,0.3381,0.3381,,-,340.0,56.0,22488.0,437.0
198871,2017,20242.0,0.0,142.0,0.4209,0.4209,0.4209,0.4209,,-,361.0,44.0,22955.0,466.0
198871,2018,18793.0,0.0,125.0,0.3991,0.3991,0.3991,0.3991,,-,327.0,56.0,23157.0,478.0
198871,2019,18381.0,0.0,90.0,0.2938,0.2938,0.2938,0.2938,,-,269.0,98.0,22673.0,484.0
198871,2020,15778.0,0.0,69.0,0.2624,0.2624,0.2624,0.2624,,-,250.0,38.0,22981.0,465.0
198871,2021,15621.0,0.0,90.0,0.3457,0.3457,0.3457,0.3457,,-,402.0,37.0,23105.0,400.0
198871,2022,16245.0,0.0,117.0,0.4321,0.4321,0.4321,0.4321,,-,235.0,40.0,22904.0,454.0
198871,2023,13110.0,0.0,107.0,0.4897,0.4897,0.4897,0.4897,,-,266.0,19.0,22649.0,396.0
198871,2024,12354.0,0.0,97.0,0.4711,0.4711,0.4711,0.4711,,-,267.0,11.0,22974.0,426.0
198899,1998,35913.0,194.0,0.0,0.6482,0.6489,0.649,0.6493,1.0034,o,,,,
198899,1999,35606.0,241.0,0.0,0.8122,0.7995,0.7969,0.7904,0.947,o,,,,
198899,2000,35056.0,190.0,0.0,0.6504,0.6566,0.6578,0.6611,1.0331,o,,,,
198899,2001,31974.0,191.0,0.0,0.7168,0.7268,0.7289,0.7341,1.0487,o,,,,
198899,2002,36834.0,220.0,0.0,0.7167,0.7064,0.7042,0.699,0.951,o,289.0,,23905.0,
198899,2003,36857.0,220.0,0.0,0.7163,0.6827,0.676,0.6594,0.8476,o,324.0,,24641.0,481.0
198899,2004,37622.0,241.0,0.0,0.7687,0.7647,0.7639,0.7619,0.9824,o,348.0,,25635.0,474.0
198899,2005,39423.0,216.0,0.0,0.6575,0.699,0.708,0.7308,1.2353,o,286.0,,25628.0,455.0
198899,2006,38436.0,209.0,0.0,0.6525,0.6778,0.6832,0.6968,1.1403,o,264.0,97.0,26260.0,442.0
198899,2007,37516.0,233.0,0.0,0.7453,0.7222,0.7175,0.7059,0.8972,o,304.0,93.0,27147.0,480.0
198899,2008,37380.0,214.0,0.0,0.687,0.6543,0.6477,0.6316,0.8452,o,302.0,106.0,27528.0,481.0
198899,2009,37584.0,231.0,0.0,0.7375,0.7279,0.726,0.7211,0.9558,o,299.0,104.0,28624.0,495.0
198899,2010,36572.0,222.0,0.0,0.7284,0.7474,0.7514,0.7615,1.0927,o,279.0,115.0,29804.0,535.0
198899,2011,35519.0,192.0,0.0,0.6487,0.652,0.6526,0.6544,1.0176,o,394.0,105.0,30706.0,409.0
198899,2012,37723.0,222.0,0.0,0.7062,0.728,0.7326,0.7442,1.1106,o,437.0,98.0,31727.0,409.0
198899,2013,40074.0,201.0,0.0,0.6019,0.6612,0.6742,0.7077,1.3827,o,419.0,114.0,32800.0,409.0
198899,2014,41601.0,214.0,0.0,0.6173,0.6918,0.7082,0.7512,1.481,o,405.0,100.0,33752.0,411.0
198899,2015,40786.0,235.0,0.0,0.6914,0.7332,0.7422,0.7651,1.2244,o,387.0,92.0,36018.0,454.0
198899,2016,39806.0,266.0,0.0,0.8019,0.7908,0.7885,0.7828,0.9531,o,396.0,115.0,38092.0,440.0
198899,2017,39445.0,224.0,0.0,0.6815,0.6641,0.6605,0.6518,0.9147,o,353.0,86.0,38924.0,401.0
198899,2018,37278.0,249.0,0.0,0.8015,0.7797,0.7752,0.7642,0.909,o,264.0,56.0,39636.0,451.0
198899,2019,32945.0,235.0,0.0,0.856,0.7962,0.7843,0.7555,0.779,o,278.0,57.0,40228.0,449.0
198899,2020,31169.0,221.0,0.0,0.8508,0.7648,0.7481,0.7079,0.6922,o,288.0,56.0,41008.0,454.0
198899,2021,30743.0,252.0,0.0,0.9836,0.9069,0.8918,0.8551,0.7557,o,301.0,50.0,40914.0,483.0
198899,2022,29057.0,205.0,0.0,0.8466,0.8353,0.833,0.8272,0.9546,o,255.0,82.0,39115.0,428.0
198899,2023,27719.0,193.0,0.0,0.8355,0.8417,0.843,0.8463,1.0258,o,318.0,67.0,37842.0,377.0
198899,2024,28955.0,213.0,0.0,0.8827,0.8859,0.8866,0.8882,1.0124,o,347.0,85.0,37270.0,313.0
198905,1998,9520.0,0.0,103.0,0.6492,0.6674,0.7165,0.7395,1.4843,o,,,,
198905,1999,18060.0,0.0,71.0,0.2359,0.2383,0.2448,0.2477,1.16,o,,,,
198905,2001,16704.0,0.0,67.0,0.2407,0.242,0.2454,0.2469,1.0805,o,,,,
198905,2002,18835.0,0.0,89.0,0.2835,0.287,0.296,0.3002,1.1888,o,154.0,,1718.0,
198905,2003,19520.0,0.0,89.0,0.2736,0.2734,0.2729,0.2727,0.9904,o,203.0,,1863.0,39.0
198905,2004,24519.0,0.0,70.0,0.1713,0.174,0.1812,0.1845,1.2531,o,178.0,,1884.0,19.0
198905,2005,21509.0,0.0,53.0,0.1478,0.1478,0.1477,0.1477,0.9972,o,228.0,,2018.0,24.0
198905,2006,25560.0,0.0,73.0,0.1714,0.1735,0.1792,0.1818,1.1968,o,249.0,66.0,1969.0,
198905,2007,19785.0,0.0,73.0,0.2214,0.2246,0.233,0.2368,1.2266,o,270.0,242.0,1912.0,36.0
198905,2008,17084.0,0.0,55.0,0.1932,0.1948,0.1992,0.2012,1.1321,o,102.0,158.0,2028.0,26.0
198905,2009,12294.0,0.0,55.0,0.2684,0.2514,0.2125,0.1972,0.3931,o,298.0,200.0,1994.0,35.0
198905,2010,17899.0,0.0,43.0,0.1441,0.149,0.1622,0.1684,1.6022,o,208.0,184.0,2413.0,34.0
198905,2011,19070.0,0.0,67.0,0.2108,0.2114,0.2129,0.2135,1.04,o,135.0,185.0,2419.0,28.0
198905,2012,21000.0,0.0,79.0,0.2257,0.216,0.1929,0.1835,0.5336,o,97.0,182.0,1897.0,31.0
198905,2013,14935.0,0.0,81.0,0.3254,0.3127,0.2822,0.2696,0.5656,o,95.0,181.0,1863.0,38.0
198905,2015,16530.0,0.0,72.0,0.2613,0.26,0.2564,0.2549,0.9271,o,53.0,52.0,2922.0,38.0
198905,2016,16288.0,0.0,76.0,0.28,0.2694,0.2439,0.2334,0.5761,o,79.0,50.0,2383.0,43.0
198905,2017,16014.0,0.0,76.0,0.2848,0.2869,0.2925,0.295,1.1127,o,64.0,37.0,2374.0,38.0
198905,2018,18600.0,0.0,119.0,0.3839,0.383,0.3809,0.38,0.9697,o,65.0,39.0,2350.0,19.0
198905,2019,14997.0,0.0,168.0,0.6721,0.6677,0.6563,0.6513,0.9091,o,71.0,22.0,2301.0,21.0
198905,2020,18626.0,0.0,109.0,0.3511,0.3535,0.3597,0.3624,1.1008,o,41.0,56.0,2302.0,19.0
198905,2022,14014.0,0.0,127.0,0.5437,0.5424,0.5388,0.5373,0.9643,o,49.0,,2101.0,20.0
198905,2023,14840.0,0.0,113.0,0.4569,0.4579,0.4604,0.4616,1.0316,o,68.0,42.0,1982.0,
198905,2024,15073.0,0.0,93.0,0.3702,0.3775,0.3968,0.4058,1.3204,o,56.0,40.0,2523.0,
198914,1998,15780.0,0.0,89.0,0.3384,0.3444,0.3602,0.3675,1.2838,o,,,,
198914,1999,17584.0,0.0,77.0,0.2627,0.2673,0.2792,0.2847,1.2759,o,,,,
198914,2001,19637.0,0.0,99.0,0.3025,0.3066,0.3175,0.3225,1.214,o,,,,
198914,2002,35565.0,0.0,75.0,0.1265,0.1295,0.1377,0.1414,1.4008,o,322.0,,1824.0,
198914,2003,36505.0,0.0,124.0,0.2038,0.2141,0.2429,0.257,2.0188,o,37.0,,1863.0,39.0
198914,2004,33262.0,0.0,113.0,0.2038,0.1783,0.1263,0.1084,0.1474,o,39.0,,1884.0,43.0
198914,2005,28284.0,0.0,78.0,0.1655,0.1487,0.113,0.1,0.2173,o,345.0,,1978.0,58.0
198914,2006,29316.0,0.0,121.0,0.2476,0.289,0.4299,0.5128,9.0789,o,54.0,,2016.0,64.0
198914,2007,39740.0,0.0,120.0,0.1812,0.1658,0.1319,0.1192,0.2812,o,324.0,31.0,1957.0,
198914,2008,40085.0,0.0,111.0,0.1661,0.1719,0.1876,0.195,1.6241,o,305.0,22.0,2087.0,21.0
198914,2009,40647.0,0.0,103.0,0.152,0.1572,0.1714,0.1781,1.6138,o,375.0,56.0,2052.0,19.0
198914,2010,36597.0,0.0,95.0,0.1558,0.1577,0.1628,0.1651,1.1924,o,321.0,84.0,2424.0,26.0
198914,2011,31680.0,0.0,91.0,0.1723,0.1717,0.1699,0.1691,0.9441,o,235.0,73.0,2658.0,29.0
198914,2012,31380.0,0.0,104.0,0.1989,0.1935,0.1803,0.1747,0.6753,o,272.0,61.0,3052.0,30.0
198914,2013,27817.0,0.0,111.0,0.2394,0.2391,0.2381,0.2377,0.9784,o,146.0,29.0,3124.0,30.0
198914,2014,25330.0,0.0,109.0,0.2582,0.2484,0.2249,0.2152,0.5759,o,166.0,18.0,3326.0,35.0
198914,2015,22657.0,0.0,134.0,0.3549,0.3492,0.335,0.3289,0.7943,o,132.0,59.0,3313.0,35.0
198914,2016,24600.0,0.0,131.0,0.3195,0.3158,0.3064,0.3024,0.8462,o,132.0,51.0,3150.0,32.0
198914,2017,22528.0,0.0,122.0,0.3249,0.3222,0.3152,0.3122,0.8859,o,87.0,6.0,3098.0,33.0
198914,2018,22688.0,0.0,128.0,0.3385,0.3288,0.305,0.295,0.6591,o,86.0,9.0,3188.0,28.0
198914,2020,22260.0,0.0,131.0,0.3531,0.3368,0.2982,0.2825,0.5087,o,134.0,30.0,3075.0,22.0
198914,2021,20310.0,0.0,123.0,0.3634,0.3822,0.4354,0.4613,2.0615,o,95.0,4.0,2986.0,22.0
198914,2022,18720.0,0.0,106.0,0.3397,0.3413,0.3453,0.3471,1.0674,o,133.0,7.0,2810.0,20.0
198914,2023,19200.0,0.0,92.0,0.2875,0.2905,0.2985,0.3021,1.1616,o,86.0,19.0,2650.0,
198914,2024,20400.0,0.0,113.0,0.3324,0.3259,0.3097,0.3028,0.7544,o,79.0,32.0,2560.0,19.0
198923,1998,19400.0,0.0,105.0,0.3247,0.3278,0.3358,0.3394,1.1429,o,,,,
198923,1999,19350.0,0.0,120.0,0.3721,0.3755,0.3844,0.3884,1.139,o,,,,
198923,2000,23369.0,0.0,88.0,0.2259,0.2311,0.2448,0.2512,1.3782,o,,,,
198923,2001,24090.0,0.0,101.0,0.2516,0.2567,0.2705,0.2768,1.3368,o,,,,
198923,2002,31540.0,0.0,109.0,0.2074,0.2106,0.2192,0.2231,1.2484,o,234.0,,1817.0,
198923,2003,29012.0,0.0,111.0,0.2296,0.227,0.2205,0.2176,0.8509,o,231.0,,1893.0,40.0
198923,2004,28596.0,0.0,108.0,0.2266,0.2245,0.2192,0.2168,0.875,o,252.0,,2041.0,36.0
198923,2005,28784.0,0.0,97.0,0.2022,0.2033,0.2063,0.2076,1.0839,o,247.0,,2113.0,36.0
198923,2006,28808.0,0.0,118.0,0.2458,0.2462,0.2472,0.2476,1.0228,o,267.0,51.0,2125.0,38.0
198923,2007,29850.0,0.0,126.0,0.2533,0.2545,0.2576,0.259,1.0701,o,223.0,70.0,2063.0,38.0
198923,2008,30960.0,0.0,118.0,0.2287,0.2264,0.2207,0.2182,0.8677,o,219.0,165.0,2113.0,30.0
198923,2009,40500.0,0.0,69.0,0.1022,0.1014,0.0994,0.0985,0.8939,o,289.0,187.0,2006.0,30.0
198923,2010,45564.0,0.0,113.0,0.1488,0.1516,0.1591,0.1626,1.3077,o,242.0,202.0,2384.0,35.0
198923,2011,38816.0,0.0,160.0,0.2473,0.2465,0.2443,0.2434,0.9528,o,196.0,197.0,2619.0,39.0
198923,2012,34807.0,0.0,149.0,0.2568,0.2514,0.2381,0.2324,0.7382,o,175.0,207.0,2346.0,33.0
198923,2013,32380.0,0.0,149.0,0.2761,0.2718,0.261,0.2564,0.7991,o,142.0,165.0,2294.0,32.0
198923,2014,29065.0,0.0,121.0,0.2498,0.2452,0.2336,0.2287,0.7655,o,106.0,168.0,2338.0,34.0
198923,2015,25590.0,0.0,124.0,0.2907,0.2827,0.2629,0.2546,0.6688,o,132.0,77.0,2319.0,34.0
198923,2016,24974.0,0.0,116.0,0.2787,0.2799,0.2831,0.2845,1.0645,o,123.0,55.0,2302.0,42.0
198923,2017,25227.0,0.0,150.0,0.3568,0.3576,0.3597,0.3607,1.0336,o,132.0,63.0,2422.0,38.0
198923,2018,20649.0,0.0,162.0,0.4707,0.4719,0.4748,0.4761,1.0353,o,142.0,48.0,2368.0,41.0
198923,2019,20463.0,0.0,137.0,0.4017,0.4047,0.4127,0.4162,1.1137,o,143.0,46.0,2350.0,41.0
198923,2020,19020.0,0.0,137.0,0.4322,0.4335,0.4368,0.4383,1.0438,o,75.0,47.0,2315.0,45.0
198923,2021,17130.0,0.0,151.0,0.5289,0.5057,0.4505,0.4279,0.5263,o,92.0,41.0,2248.0,51.0
198923,2022,22218.0,0.0,163.0,0.4402,0.435,0.4219,0.4162,0.844,o,114.0,36.0,2113.0,24.0
198923,2023,21863.0,0.0,183.0,0.5022,0.5133,0.5429,0.5566,1.3653,o,163.0,37.0,2027.0,25.0
198923,2024,23125.0,0.0,253.0,0.6564,0.6779,0.7363,0.7638,1.5825,o,103.0,38.0,1958.0,33.0
198941,1999,3737.0,0.0,0.0,0.0,0.0,0.0,0.0,0.0684,o,,,,
198941,2000,3612.0,0.0,0.0,0.0,0.0,0.0,0.0,0.8889,o,,,,
198941,2001,3240.0,0.0,0.0,0.0,0.0,0.0,0.0,0.75,o,,,,
198941,2002,2906.0,0.0,0.0,0.0,0.0,0.0,0.0,0.8571,o,,,6063.0,
198941,2003,3050.0,0.0,0.0,0.0,0.0,0.0,0.0,0.6934,i,,,,179.0
198941,2004,4150.0,0.0,0.0,0.0,0.0,0.0,0.0,0.5678,i,1.0,,,153.0
198941,2005,3780.0,0.0,0.0,0.0,0.0,0.0,0.0,0.5678,i,1.0,,6559.0,195.0
198941,2006,3550.0,0.0,0.0,0.0,0.0,0.0,0.0,0.8189,i,1.0,,6349.0,221.0
198941,2008,6401.0,0.0,0.0,0.0,0.0,0.0,0.0,1.0,o,,41.0,6475.0,170.0
198941,2009,5880.0,0.0,0.0,0.0,0.0,0.0,0.0,1.1041,i,,42.0,7187.0,188.0
198941,2010,3873.0,0.0,0.0,0.0,0.0,0.0,0.0,1.1587,i,,,7062.0,326.0
198941,2011,3901.0,0.0,0.0,0.0,0.0,0.0,0.0,1.1587,i,,,6980.0,312.0
198941,2012,3976.0,0.0,0.0,0.0,0.0,0.0,0.0,,n,,,7415.0,326.0
198941,2013,4000.0,0.0,0.0,0.0,0.0,0.0,0.0,,n,,,7586.0,316.0
198941,2014,3757.0,0.0,0.0,0.0,0.0,0.0,0.0,,n,2.0,,,360.0
198941,2016,1419.0,0.0,0.0,0.0,0.0,0.0,0.0,,n,,,8556.0,624.0
198950,1998,64840.0,434.0,0.0,0.8032,0.8154,0.8179,0.8243,1.0532,o,,,,
198950,1999,64516.0,502.0,0.0,0.9337,0.9396,0.9409,0.944,1.022,o,,,,
198950,2000,65188.0,426.0,0.0,0.7842,0.801,0.8045,0.8134,1.0758,o,,,,
198950,2001,64382.0,464.0,0.0,0.8648,0.8902,0.8955,0.909,1.1047,o,,,,
198950,2002,64483.0,469.0,0.0,0.8728,0.87,0.8695,0.8681,0.9892,o,394.0,,25056.0,
198950,2003,58733.0,491.0,0.0,1.0032,0.9743,0.9684,0.9539,0.9042,o,344.0,,27980.0,731.0
198950,2004,54574.0,427.0,0.0,0.9389,0.8873,0.8769,0.8516,0.8227,o,407.0,,29958.0,796.0
198950,2005,53872.0,423.0,0.0,0.9422,0.9166,0.9114,0.8984,0.9092,o,459.0,,30582.0,818.0
198950,2006,56272.0,394.0,0.0,0.8402,0.8651,0.8704,0.8836,1.106,o,455.0,149.0,31162.0,804.0
198950,2007,56363.0,345.0,0.0,0.7345,0.7815,0.7916,0.8174,1.2385,o,464.0,135.0,31986.0,810.0
198950,2008,58907.0,349.0,0.0,0.711,0.7538,0.763,0.7865,1.2237,o,398.0,93.0,32778.0,806.0
198950,2009,55201.0,413.0,0.0,0.8978,0.8966,0.8964,0.8957,0.9954,o,481.0,98.0,33884.0,839.0
198950,2010,55639.0,397.0,0.0,0.8562,0.8466,0.8446,0.8397,0.9617,o,366.0,110.0,35008.0,807.0
198950,2011,54201.0,392.0,0.0,0.8679,0.8476,0.8434,0.8332,0.9217,o,398.0,104.0,36574.0,809.0
198950,2012,50989.0,357.0,0.0,0.8402,0.8113,0.8054,0.791,0.8863,o,408.0,82.0,37784.0,834.0
198950,2013,50967.0,424.0,0.0,0.9983,0.9735,0.9685,0.9559,0.917,o,415.0,73.0,39016.0,818.0
198950,2014,48337.0,344.0,0.0,0.854,0.8469,0.8455,0.8418,0.9717,o,471.0,86.0,40237.0,819.0
198950,2015,50907.0,349.0,0.0,0.8227,0.8588,0.8665,0.8859,1.1597,o,438.0,87.0,41958.0,838.0
198950,2016,51762.0,377.0,0.0,0.874,0.905,0.9116,0.9282,1.1278,o,423.0,85.0,43729.0,828.0
198950,2017,51667.0,369.0,0.0,0.857,0.8683,0.8707,0.8766,1.0462,o,395.0,83.0,44499.0,822.0
198950,2018,53496.0,404.0,0.0,0.9062,0.8855,0.8813,0.8708,0.9233,o,401.0,74.0,44761.0,768.0
198950,2019,46687.0,393.0,0.0,1.0101,0.972,0.9643,0.9453,0.8757,o,376.0,52.0,45362.0,824.0
198950,2020,47255.0,384.0,0.0,0.9751,0.9465,0.9407,0.9263,0.9024,o,372.0,63.0,46419.0,760.0
198950,2021,47210.0,350.0,0.0,0.8896,0.8669,0.8622,0.8507,0.9144,o,344.0,45.0,46633.0,734.0
198950,2022,46367.0,360.0,0.0,0.9317,0.9035,0.8978,0.8836,0.8995,o,332.0,49.0,45224.0,642.0
198950,2023,37753.0,322.0,0.0,1.0235,0.983,0.9748,0.9547,0.87,o,325.0,64.0,44035.0,702.0
198950,2024,39931.0,332.0,0.0,0.9977,0.9609,0.9534,0.9351,0.8783,o,272.0,48.0,43936.0,626.0
198969,1998,50432.0,231.0,17.0,0.5699,0.5657,0.5648,0.5626,0.9747,o,,,,
198969,1999,52380.0,268.0,32.0,0.6506,0.668,0.6716,0.6808,1.095,o,,,,
198969,2000,55049.0,263.0,13.0,0.5875,0.6742,0.6936,0.7448,1.6073,o,,,,
198969,2001,58122.0,265.0,32.0,0.5802,0.6491,0.6644,0.7041,1.4728,o,,,,
198969,2002,58335.0,294.0,21.0,0.6264,0.6095,0.6061,0.5975,0.9101,o,469.0,,24372.0,
198969,2003,58452.0,271.0,9.0,0.5656,0.5112,0.5006,0.4751,0.7057,o,452.0,,25219.0,498.0
198969,2004,58380.0,270.0,14.0,0.5694,0.5282,0.5201,0.5003,0.772,o,518.0,,25953.0,524.0
198969,2005,58570.0,273.0,20.0,0.5798,0.6004,0.6048,0.6158,1.1279,o,439.0,,26880.0,526.0
198969,2006,57549.0,268.0,14.0,0.5734,0.583,0.585,0.59,1.0586,o,485.0,195.0,27718.0,537.0
198969,2007,55455.0,274.0,13.0,0.607,0.6076,0.6077,0.608,1.0033,o,437.0,193.0,28853.0,577.0
198969,2008,54855.0,324.0,15.0,0.7252,0.7146,0.7124,0.707,0.9505,o,468.0,208.0,29384.0,541.0
198969,2009,53217.0,293.0,12.0,0.6742,0.6634,0.6612,0.6556,0.9457,o,490.0,205.0,30963.0,549.0
198969,2010,57426.0,270.0,7.0,0.5715,0.5775,0.5788,0.5819,1.0368,o,551.0,270.0,32836.0,562.0
198969,2011,63163.0,303.0,8.0,0.5833,0.6042,0.6086,0.6198,1.1291,o,488.0,292.0,33709.0,577.0
198969,2012,64463.0,282.0,10.0,0.5343,0.5561,0.5607,0.5724,1.1481,o,452.0,244.0,34764.0,601.0
198969,2013,61385.0,308.0,6.0,0.608,0.6046,0.6039,0.6022,0.9812,o,558.0,263.0,36187.0,619.0
198969,2014,63475.0,349.0,8.0,0.6673,0.6615,0.6603,0.6573,0.9702,o,532.0,234.0,36641.0,611.0
198969,2015,63135.0,328.0,7.0,0.6301,0.6389,0.6407,0.6454,1.0491,o,520.0,234.0,37963.0,644.0
198969,2016,63248.0,325.0,2.0,0.6185,0.639,0.6434,0.6543,1.1191,o,485.0,231.0,39580.0,651.0
198969,2017,61769.0,368.0,2.0,0.7169,0.7158,0.7156,0.7151,0.995,o,412.0,176.0,40768.0,686.0
198969,2018,54680.0,378.0,4.0,0.8339,0.7881,0.779,0.7565,0.8229,o,385.0,174.0,40952.0,658.0
198969,2019,49539.0,348.0,2.0,0.8454,0.78,0.7671,0.7358,0.7576,o,378.0,140.0,41306.0,723.0
198969,2020,46843.0,358.0,0.0,0.9171,0.8467,0.8328,0.7991,0.7592,o,352.0,73.0,41493.0,703.0
198969,2021,40983.0,315.0,5.0,0.9297,0.8757,0.865,0.8387,0.8138,o,416.0,145.0,42109.0,782.0
198969,2022,42417.0,271.0,4.0,0.7723,0.7641,0.7624,0.7582,0.9636,o,326.0,170.0,40547.0,705.0
198969,2023,40975.0,245.0,8.0,0.7292,0.7233,0.7221,0.7191,0.9725,o,344.0,131.0,39479.0,644.0
198969,2024,42175.0,253.0,2.0,0.7227,0.7049,0.7013,0.6924,0.9178,o,316.0,145.0,39664.0,635.0
198978,1998,6499.0,0.0,63.0,0.5816,0.5816,0.5816,0.5816,,-,,,,
198978,1999,17472.0,0.0,50.0,0.1717,0.1717,0.1717,0.1717,,-,,,,
198978,2002,14400.0,0.0,55.0,0.2292,0.2292,0.2292,0.2292,,-,112.0,,12228.0,
198978,2003,14400.0,0.0,96.0,0.4,0.4,0.4,0.4,,-,133.0,,12592.0,575.0
198978,2004,14400.0,0.0,119.0,0.4958,0.4958,0.4958,0.4958,,-,227.0,,18363.0,678.0
198978,2005,17667.0,0.0,112.0,0.3804,0.3804,0.3804,0.3804,,-,196.0,,20603.0,682.0
198978,2006,17667.0,0.0,189.0,0.6419,0.6419,0.6419,0.6419,,-,261.0,,20941.0,677.0
198978,2007,22295.0,6.0,168.0,0.4844,0.4844,0.4844,0.4844,,-,248.0,4.0,21294.0,495.0
198978,2009,22666.0,18.0,112.0,0.3918,0.3918,0.3918,0.3918,,-,72.0,117.0,24863.0,562.0
198978,2010,30968.0,18.0,154.0,0.3681,0.3681,0.3681,0.3681,,-,164.0,84.0,26594.0,571.0
198978,2011,38552.0,24.0,151.0,0.3097,0.3097,0.3097,0.3097,,-,458.0,311.0,20252.0,577.0
198978,2012,46516.0,40.0,174.0,0.3276,0.3276,0.3276,0.3276,,-,537.0,415.0,14266.0,628.0
198978,2013,66811.0,49.0,239.0,0.3026,0.3026,0.3026,0.3026,,-,466.0,523.0,14016.0,607.0
198978,2014,88829.0,53.0,389.0,0.3343,0.3343,0.3343,0.3343,,-,565.0,762.0,13804.0,571.0
198978,2015,95401.0,85.0,556.0,0.4566,0.4566,0.4566,0.4566,,-,660.0,365.0,13688.0,552.0
198978,2016,95283.0,91.0,568.0,0.4723,0.4723,0.4723,0.4723,,-,772.0,449.0,13593.0,521.0
198978,2017,80908.0,126.0,478.0,0.5414,0.5414,0.5414,0.5414,,-,443.0,211.0,13506.0,527.0
198978,2018,53548.0,139.0,425.0,0.7877,0.7877,0.7877,0.7877,,-,514.0,68.0,13840.0,654.0
198978,2019,72834.0,60.0,210.0,0.2719,0.2719,0.2719,0.2719,,-,788.0,61.0,,367.0
198978,2020,110280.0,15.0,94.0,0.0675,0.0675,0.0675,0.0675,,-,748.0,20.0,,323.0
198987,1998,27571.0,0.0,169.0,0.3678,0.3909,0.4573,0.4903,2.3894,o,,,,
198987,1999,29632.0,0.0,144.0,0.2916,0.2994,0.3206,0.3305,1.4625,o,,,,
198987,2001,37362.0,0.0,147.0,0.2361,0.2353,0.2332,0.2323,0.9521,o,,,,
198987,2002,61926.0,0.0,185.0,0.1792,0.1807,0.1846,0.1863,1.1243,o,393.0,,1718.0,
198987,2003,57747.0,0.0,195.0,0.2026,0.2028,0.2034,0.2036,1.0155,o,610.0,,1863.0,48.0
198987,2004,49577.0,0.0,205.0,0.2481,0.2553,0.2749,0.2841,1.508,o,433.0,,1987.0,56.0
198987,2005,52555.0,0.0,210.0,0.2397,0.2373,0.2311,0.2284,0.8634,o,511.0,,2057.0,55.0
198987,2006,64921.0,0.0,223.0,0.2061,0.2058,0.2051,0.2047,0.9799,o,480.0,122.0,2066.0,41.0
198987,2007,57919.0,0.0,202.0,0.2093,0.2095,0.2101,0.2104,1.0169,o,456.0,144.0,2017.0,49.0
198987,2008,62232.0,0.0,210.0,0.2025,0.2013,0.1983,0.197,0.9203,o,493.0,168.0,2069.0,47.0
198987,2009,71667.0,0.0,255.0,0.2135,0.2143,0.2163,0.2172,1.0534,o,613.0,193.0,2034.0,42.0
198987,2010,79800.0,0.0,272.0,0.2045,0.2082,0.218,0.2225,1.2919,o,514.0,184.0,2387.0,45.0
198987,2011,82441.0,0.0,280.0,0.2038,0.2027,0.2001,0.1989,0.9295,o,529.0,163.0,2622.0,44.0
198987,2012,79298.0,0.0,337.0,0.255,0.2539,0.251,0.2497,0.9388,o,552.0,136.0,2995.0,45.0
198987,2013,73739.0,0.0,332.0,0.2701,0.2712,0.274,0.2753,1.0585,o,582.0,118.0,3049.0,47.0
198987,2014,57833.0,0.0,395.0,0.4098,0.4119,0.4174,0.4199,1.0768,o,467.0,137.0,3148.0,60.0
198987,2015,61248.0,0.0,417.0,0.4085,0.403,0.3892,0.3832,0.8236,o,474.0,103.0,3138.0,50.0
198987,2016,59696.0,0.0,433.0,0.4352,0.4321,0.4243,0.4209,0.9037,o,459.0,158.0,3121.0,61.0
198987,2017,60168.0,0.0,429.0,0.4278,0.4271,0.4252,0.4243,0.9756,o,388.0,134.0,3354.0,62.0
198987,2018,59467.0,0.0,475.0,0.4793,0.4731,0.4577,0.451,0.8317,o,398.0,191.0,3304.0,62.0
198987,2019,56917.0,0.0,431.0,0.4543,0.4524,0.4473,0.4451,0.9398,o,401.0,160.0,3235.0,59.0
198987,2020,60153.0,0.0,445.0,0.4439,0.4445,0.4461,0.4468,1.0204,o,349.0,186.0,3186.0,54.0
198987,2021,58100.0,0.0,428.0,0.442,0.4378,0.4273,0.4227,0.8736,o,422.0,68.0,3094.0,53.0
198987,2022,67239.0,0.0,418.0,0.373,0.3761,0.3842,0.3878,1.1253,o,347.0,102.0,2908.0,45.0
198987,2023,72210.0,0.0,407.0,0.3382,0.3357,0.3294,0.3266,0.9001,o,343.0,60.0,2744.0,39.0
198987,2024,78240.0,0.0,426.0,0.3267,0.3241,0.3175,0.3146,0.8921,o,360.0,166.0,2651.0,37.0
199023,1998,8809.0,0.0,93.0,0.6334,0.6601,0.7338,0.7692,1.8014,o,,,,
199023,1999,13574.0,0.0,58.0,0.2564,0.2637,0.2835,0.2928,1.4951,o,,,,
199023,2000,13837.0,0.0,67.0,0.2905,0.285,0.2714,0.2656,0.7616,o,,,,
199023,2001,14099.0,0.0,66.0,0.2809,0.2836,0.2908,0.2941,1.1494,o,,,,
199023,2002,15626.0,0.0,41.0,0.1574,0.1612,0.1713,0.1759,1.4008,o,201.0,,1762.0,
199023,2003,19339.0,0.0,57.0,0.1768,0.1793,0.1858,0.1887,1.2182,o,213.0,,1958.0,60.0
199023,2004,23564.0,0.0,94.0,0.2393,0.2412,0.2461,0.2483,1.1181,o,190.0,,1884.0,
199023,2005,19080.0,0.0,86.0,0.2704,0.2688,0.2647,0.2629,0.9179,o,152.0,,2138.0,32.0
199023,2006,20520.0,0.0,71.0,0.2076,0.2035,0.1935,0.1892,0.7543,o,205.0,,2057.0,35.0
199023,2007,25655.0,0.0,99.0,0.2315,0.2345,0.2423,0.2458,1.1988,o,168.0,232.0,1996.0,35.0
199023,2008,25847.0,0.0,102.0,0.2368,0.2358,0.2332,0.2321,0.9412,o,137.0,251.0,2062.0,31.0
199023,2009,31238.0,0.0,112.0,0.2151,0.2105,0.1992,0.1943,0.7346,o,122.0,289.0,2027.0,20.0
199023,2010,30938.0,0.0,87.0,0.1687,0.1661,0.1596,0.1567,0.8,o,97.0,265.0,2380.0,34.0
199023,2011,23219.0,0.0,77.0,0.199,0.195,0.1851,0.1809,0.749,o,90.0,232.0,2615.0,39.0
199023,2012,21857.0,0.0,75.0,0.2059,0.2031,0.196,0.193,0.8219,o,112.0,233.0,2997.0,45.0
199023,2013,20242.0,0.0,73.0,0.2164,0.2191,0.2264,0.2297,1.1979,o,120.0,244.0,3052.0,47.0
199023,2014,20950.0,0.0,75.0,0.2148,0.2174,0.2243,0.2274,1.1881,o,135.0,194.0,3111.0,45.0
199023,2015,19591.0,0.0,74.0,0.2266,0.2291,0.2354,0.2383,1.1638,o,124.0,240.0,3145.0,45.0
199023,2016,19350.0,0.0,68.0,0.2109,0.2104,0.2094,0.2089,0.9725,o,133.0,78.0,3123.0,51.0
199023,2017,16564.0,0.0,89.0,0.3224,0.323,0.3245,0.3252,1.027,o,174.0,70.0,3234.0,65.0
199023,2018,18130.0,0.0,90.0,0.2978,0.3042,0.3213,0.3292,1.3541,o,114.0,42.0,3162.0,56.0
199023,2019,16874.0,0.0,108.0,0.384,0.3761,0.3565,0.3481,0.7427,o,127.0,53.0,3096.0,47.0
199023,2020,16890.0,0.0,126.0,0.4476,0.4437,0.4338,0.4294,0.8819,o,66.0,30.0,3049.0,54.0
199023,2021,15465.0,0.0,136.0,0.5276,0.5059,0.4539,0.4326,0.5477,o,52.0,30.0,2961.0,49.0
199023,2022,14487.0,0.0,114.0,0.4721,0.4521,0.4045,0.385,0.5389,o,70.0,25.0,2784.0,54.0
199023,2023,14790.0,0.0,112.0,0.4544,0.4598,0.4742,0.4807,1.1864,o,179.0,18.0,2627.0,43.0
199032,1998,39570.0,265.0,12.0,0.8218,0.8045,0.801,0.7922,0.9293,o,,,,
199032,1999,40640.0,213.0,32.0,0.6762,0.7152,0.7235,0.7448,1.2132,o,,,,
199032,2000,27568.0,203.0,45.0,0.9816,1.1002,1.1265,1.195,1.4822,o,,,,
199032,2001,27330.0,219.0,51.0,1.0735,1.2382,1.2754,1.3731,1.6359,o,,,,
199032,2002,27150.0,216.0,64.0,1.0961,1.1983,1.2206,1.2782,1.3598,o,162.0,,21337.0,
199032,2003,27438.0,208.0,88.0,1.1021,1.1429,1.1516,1.1734,1.1336,o,126.0,,22853.0,400.0
199032,2004,24821.0,211.0,59.0,1.1627,1.1479,1.1449,1.1373,0.9568,o,190.0,,23416.0,390.0
199032,2006,27331.0,173.0,69.0,0.9111,0.9046,0.9033,0.9,0.9758,o,236.0,,24244.0,343.0
199032,2007,25340.0,183.0,16.0,0.9045,0.9719,0.9865,1.0238,1.2812,o,181.0,37.0,24473.0,430.0
199032,2008,26901.0,157.0,45.0,0.8007,0.8678,0.8823,0.9198,1.3196,o,120.0,47.0,26422.0,421.0
199032,2010,25788.0,187.0,70.0,1.033,0.8687,0.8381,0.7662,0.5501,o,111.0,44.0,29556.0,500.0
199032,2011,23028.0,247.0,71.0,1.4721,1.1791,1.1262,1.0041,0.4652,o,83.0,38.0,31118.0,533.0
199032,2012,23595.0,162.0,53.0,0.9587,0.844,0.8221,0.7696,0.6445,o,102.0,83.0,31564.0,416.0
199032,2013,23090.0,148.0,35.0,0.8601,0.8373,0.8326,0.8211,0.9113,o,108.0,81.0,30457.0,397.0
199032,2014,23796.0,162.0,12.0,0.8472,0.8669,0.871,0.8814,1.0825,o,109.0,70.0,30966.0,409.0
199032,2015,22118.0,112.0,19.0,0.6592,0.681,0.6856,0.6972,1.1186,o,158.0,86.0,30705.0,385.0
199032,2016,21985.0,140.0,16.0,0.8078,0.8985,0.9185,0.9705,1.4432,o,165.0,76.0,31400.0,420.0
199032,2017,20360.0,153.0,14.0,0.943,1.0684,1.0964,1.1695,1.5381,o,176.0,80.0,31793.0,496.0
199032,2018,20452.0,119.0,8.0,0.7217,0.8228,0.8454,0.9047,1.5714,o,148.0,92.0,32067.0,488.0
199032,2019,21357.0,121.0,4.0,0.6911,0.731,0.7395,0.7613,1.2135,o,171.0,81.0,32848.0,470.0
199032,2020,22483.0,137.0,1.0,0.7339,0.7312,0.7307,0.7293,0.9876,o,223.0,95.0,33594.0,480.0
199032,2021,22646.0,119.0,5.0,0.6438,0.6714,0.6772,0.692,1.1554,o,220.0,59.0,33558.0,504.0
199032,2022,24713.0,157.0,1.0,0.7648,0.8374,0.8533,0.8943,1.3673,o,210.0,59.0,32321.0,443.0
199032,2023,23885.0,149.0,5.0,0.7611,0.83,0.845,0.8837,1.348,o,201.0,67.0,31598.0,404.0
199032,2024,25483.0,127.0,2.0,0.6028,0.6102,0.6117,0.6156,1.0431,o,215.0,82.0,33860.0,410.0
199069,1998,46068.0,348.0,7.0,0.9156,1.0157,1.0378,1.095,1.4302,o,,,,
199069,1999,45603.0,436.0,6.0,1.1552,1.3003,1.3325,1.4166,1.5038,o,,,,
199069,2002,64047.0,412.0,13.0,0.7841,0.7609,0.7562,0.7446,0.9018,o,252.0,,16543.0,
199069,2004,63699.0,502.0,54.0,0.9966,1.1666,1.2053,1.3076,1.7216,o,277.0,,17512.0,235.0
199069,2005,76023.0,534.0,103.0,0.9242,1.0333,1.0574,1.1202,1.4693,o,288.0,,17625.0,205.0
199069,2006,79034.0,555.0,149.0,0.9558,1.0095,1.0209,1.0502,1.2073,o,274.0,473.0,17949.0,199.0
199069,2007,88362.0,629.0,140.0,0.9493,0.9814,0.9882,1.0054,1.1218,o,357.0,548.0,18148.0,235.0
199069,2008,91330.0,627.0,206.0,0.9592,1.0111,1.0222,1.0505,1.1996,o,361.0,496.0,19208.0,232.0
199069,2009,87249.0,628.0,224.0,1.0178,1.091,1.1068,1.1473,1.2708,o,318.0,644.0,19821.0,270.0
199069,2010,116247.0,702.0,213.0,0.8346,0.8817,0.8917,0.9174,1.2082,o,369.0,808.0,20651.0,230.0
199069,2011,102872.0,756.0,200.0,0.9985,1.0235,1.0287,1.0419,1.0887,o,275.0,655.0,21637.0,237.0
199069,2012,98602.0,788.0,234.0,1.1014,1.0672,1.0603,1.0431,0.8969,o,333.0,713.0,22178.0,386.0
199069,2013,92908.0,742.0,205.0,1.0908,1.0564,1.0494,1.0322,0.8954,o,236.0,656.0,22458.0,428.0
199069,2014,98178.0,621.0,178.0,0.8678,0.8217,0.8124,0.7898,0.8282,o,286.0,596.0,22777.0,372.0
199069,2015,95671.0,575.0,195.0,0.8435,0.7937,0.7837,0.7594,0.8106,o,302.0,598.0,23237.0,387.0
199069,2016,91627.0,666.0,165.0,0.9803,0.9708,0.9689,0.964,0.9671,o,293.0,617.0,23854.0,417.0
199069,2017,89920.0,602.0,193.0,0.9322,0.9443,0.9469,0.9532,1.0457,o,329.0,509.0,24221.0,420.0
199069,2018,83227.0,673.0,196.0,1.1117,1.1696,1.182,1.2135,1.1916,o,336.0,427.0,24552.0,450.0
199069,2019,72664.0,590.0,173.0,1.1172,1.1578,1.1664,1.1881,1.131,o,296.0,304.0,25136.0,453.0
199069,2020,70052.0,603.0,160.0,1.17,1.1906,1.195,1.2058,1.0622,o,287.0,250.0,25474.0,401.0
199069,2021,62423.0,541.0,151.0,1.1851,1.1631,1.1586,1.1474,0.9373,o,239.0,247.0,25906.0,404.0
199069,2022,51276.0,496.0,69.0,1.2415,1.1599,1.1437,1.1042,0.791,o,268.0,233.0,24813.0,405.0
199069,2023,50182.0,456.0,56.0,1.1574,1.0857,1.0715,1.0366,0.8022,o,277.0,215.0,24420.0,398.0
199069,2024,58308.0,413.0,54.0,0.9055,0.888,0.8844,0.8755,0.9348,o,289.0,249.0,25950.0,356.0
199087,2000,35967.0,0.0,109.0,0.1818,0.1799,0.1749,0.1728,0.8567,o,,,,
199087,2001,38261.0,0.0,129.0,0.2023,0.2045,0.2102,0.2128,1.1651,o,,,,
199087,2002,45161.0,0.0,153.0,0.2033,0.2047,0.2086,0.2103,1.1084,o,369.0,,1774.0,
199087,2003,45056.0,0.0,138.0,0.1838,0.1838,0.1838,0.1839,1.0014,o,360.0,,1917.0,40.0
199087,2004,56268.0,0.0,156.0,0.1663,0.1662,0.1657,0.1654,0.9836,o,320.0,,1937.0,33.0
199087,2005,53970.0,0.0,157.0,0.1745,0.173,0.169,0.1672,0.8779,o,312.0,,2009.0,37.0
199087,2007,60584.0,0.0,153.0,0.1515,0.1586,0.1784,0.1879,1.9209,o,626.0,,2020.0,37.0
199087,2008,43025.0,0.0,214.0,0.2984,0.305,0.3224,0.3305,1.3624,o,514.0,283.0,2107.0,64.0
199087,2009,62609.0,0.0,183.0,0.1754,0.1732,0.1676,0.1652,0.8337,o,555.0,506.0,2118.0,43.0
199087,2010,71462.0,0.0,248.0,0.2082,0.2078,0.2068,0.2064,0.9737,o,518.0,594.0,2470.0,46.0
199087,2011,71606.0,0.0,241.0,0.2019,0.2015,0.2004,0.1999,0.9691,o,487.0,571.0,2672.0,40.0
199087,2012,77224.0,0.0,275.0,0.2137,0.2122,0.2086,0.2069,0.9077,o,543.0,533.0,3053.0,40.0
199087,2013,75592.0,0.0,293.0,0.2326,0.2338,0.2371,0.2386,1.0806,o,517.0,515.0,3112.0,41.0
199087,2014,76718.0,0.0,312.0,0.244,0.2441,0.2442,0.2443,1.0039,o,504.0,550.0,3170.0,45.0
199087,2015,79574.0,0.0,374.0,0.282,0.281,0.2785,0.2774,0.9509,o,494.0,493.0,3478.0,44.0
199087,2016,64107.0,0.0,406.0,0.38,0.3791,0.3769,0.3759,0.9677,o,516.0,145.0,3246.0,55.0
199087,2017,60685.0,0.0,387.0,0.3826,0.3835,0.3858,0.3869,1.0341,o,479.0,280.0,3355.0,55.0
199087,2018,60784.0,0.0,377.0,0.3721,0.3708,0.3673,0.3657,0.9485,o,480.0,239.0,3280.0,59.0
199087,2019,61327.0,0.0,387.0,0.3786,0.3777,0.3753,0.3742,0.9648,o,424.0,175.0,3212.0,62.0
199087,2020,60427.0,0.0,434.0,0.4309,0.4272,0.4179,0.4138,0.8843,o,457.0,51.0,3164.0,53.0
199087,2021,51844.0,0.0,345.0,0.3993,0.3996,0.4004,0.4007,1.0111,o,563.0,23.0,3112.0,53.0
199087,2022,52244.0,0.0,409.0,0.4697,0.4779,0.4994,0.5093,1.2781,o,523.0,3.0,3109.0,48.0
199087,2023,49845.0,0.0,385.0,0.4634,0.4643,0.4664,0.4673,1.0255,o,520.0,4.0,2934.0,51.0
199087,2024,49976.0,0.0,279.0,0.335,0.3339,0.3314,0.3302,0.9576,o,476.0,93.0,2883.0,44.0
199102,1998,176092.0,1036.0,0.0,0.706,0.7017,0.6997,0.6971,0.9749,o,,,,
199102,1999,194965.0,960.0,0.0,0.5909,0.592,0.5925,0.5931,1.0076,o,,,,
199102,2000,178005.0,880.0,0.0,0.5932,0.6027,0.607,0.613,1.0678,o,,,,
199102,2001,206335.0,895.0,0.0,0.5205,0.5418,0.5519,0.5659,1.1819,o,,,,
199102,2002,224895.0,908.0,0.0,0.4845,0.5105,0.5229,0.5403,1.2439,o,2043.0,,3878.0,
199102,2003,247928.0,955.0,0.0,0.4622,0.493,0.5078,0.5287,1.3084,o,2240.0,,4357.0,194.0
199102,2004,266253.0,920.0,0.0,0.4146,0.4444,0.4587,0.479,1.3343,o,2231.0,,4514.0,213.0
199102,2005,288237.0,998.0,0.0,0.4155,0.4424,0.4553,0.4735,1.2986,o,2251.0,,4935.0,215.0
199102,2006,299226.0,958.0,0.0,0.3842,0.3994,0.4065,0.4165,1.1751,o,2094.0,544.0,4852.0,227.0
199102,2007,294288.0,1321.0,0.0,0.5387,0.5405,0.5414,0.5425,1.0145,o,1597.0,316.0,5163.0,229.0
199102,2008,274911.0,1172.0,0.0,0.5116,0.4886,0.4784,0.4648,0.8255,o,1607.0,265.0,5122.0,225.0
199102,2009,264951.0,1372.0,0.0,0.6214,0.5733,0.5525,0.5254,0.7149,o,1898.0,367.0,5813.0,211.0
199102,2010,271426.0,1349.0,0.0,0.5964,0.5664,0.5532,0.5357,0.8067,o,2053.0,419.0,5283.0,164.0
199102,2011,275047.0,1306.0,0.0,0.5698,0.5792,0.5835,0.5895,1.0704,o,1875.0,475.0,6164.0,173.0
199102,2012,267284.0,1278.0,0.0,0.5738,0.6025,0.6162,0.6353,1.226,o,1849.0,410.0,6351.0,201.0
199102,2013,257341.0,1313.0,0.0,0.6123,0.6212,0.6254,0.6311,1.0625,o,1777.0,430.0,6763.0,227.0
199102,2014,256910.0,1394.0,0.0,0.6511,0.6378,0.6319,0.6238,0.9177,o,1721.0,676.0,7139.0,235.0
199102,2015,259945.0,1293.0,0.0,0.5969,0.5805,0.5732,0.5633,0.8905,o,1780.0,641.0,7365.0,252.0
199102,2016,267450.0,1503.0,0.0,0.6744,0.6644,0.66,0.6539,0.9401,o,1969.0,730.0,7742.0,262.0
199102,2017,277335.0,1516.0,0.0,0.656,0.6612,0.6637,0.667,1.0339,o,2309.0,909.0,8123.0,266.0
199102,2018,295278.0,1662.0,0.0,0.6754,0.7089,0.7247,0.747,1.223,o,2204.0,818.0,8133.0,271.0
199102,2019,304719.0,1670.0,0.0,0.6577,0.699,0.7188,0.7467,1.2891,o,2289.0,792.0,8068.0,278.0
199102,2020,318841.0,1941.0,0.0,0.7305,0.763,0.7783,0.7997,1.1985,o,2136.0,764.0,8001.0,270.0
199102,2021,323616.0,2110.0,0.0,0.7824,0.7888,0.7917,0.7957,1.0344,o,2930.0,780.0,7770.0,219.0
199102,2022,334452.0,2029.0,0.0,0.728,0.7485,0.7581,0.7713,1.1225,o,3075.0,663.0,7386.0,244.0
199102,2023,344002.0,2052.0,0.0,0.7158,0.7674,0.7923,0.8275,1.3365,o,2755.0,699.0,6970.0,250.0
199102,2024,359091.0,2244.0,0.0,0.7499,0.8012,0.8259,0.8608,1.3175,o,2736.0,696.0,6748.0,228.0
199111,1998,79142.0,492.0,0.0,0.746,0.7742,0.7875,0.806,1.1673,o,,,,
199111,1999,79981.0,471.0,0.0,0.7067,0.7381,0.753,0.7737,1.1987,o,,,,
199111,2000,80860.0,501.0,0.0,0.7435,0.7613,0.7695,0.781,1.1033,o,,,,
199111,2001,82393.0,498.0,0.0,0.7253,0.7316,0.7345,0.7385,1.0366,o,,,,
199111,2002,84511.0,500.0,0.0,0.71,0.7107,0.711,0.7115,1.0042,o,428.0,,4202.0,
199111,2003,87528.0,571.0,0.0,0.7828,0.7712,0.7659,0.7587,0.9394,o,599.0,,4901.0,154.0
199111,2004,90871.0,589.0,0.0,0.7778,0.7901,0.7958,0.8037,1.0676,o,707.0,,5026.0,231.0
199111,2005,95232.0,574.0,0.0,0.7233,0.7793,0.8064,0.8449,1.3647,o,472.0,,5349.0,242.0
199111,2006,92449.0,559.0,0.0,0.7256,0.7777,0.8028,0.8384,1.3352,o,572.0,305.0,5492.0,256.0
199111,2007,95227.0,578.0,0.0,0.7284,0.7312,0.7326,0.7344,1.0166,o,576.0,287.0,5764.0,256.0
199111,2008,95480.0,704.0,0.0,0.8848,0.8578,0.8457,0.8295,0.879,o,586.0,297.0,5919.0,252.0
199111,2009,95421.0,604.0,0.0,0.7596,0.7569,0.7557,0.7541,0.9856,o,641.0,318.0,6006.0,245.0
199111,2010,102325.0,672.0,0.0,0.7881,0.8192,0.8339,0.8544,1.1753,o,595.0,359.0,6190.0,216.0
199111,2011,103817.0,685.0,0.0,0.7918,0.8059,0.8125,0.8216,1.0767,o,540.0,330.0,6601.0,231.0
199111,2012,101116.0,713.0,0.0,0.8462,0.8414,0.8392,0.8363,0.9768,o,553.0,325.0,7338.0,260.0
199111,2013,98767.0,717.0,0.0,0.8711,0.8473,0.8366,0.8222,0.8908,o,596.0,378.0,7908.0,274.0
199111,2014,101881.0,750.0,0.0,0.8834,0.868,0.8611,0.8517,0.9296,o,633.0,367.0,8217.0,283.0
199111,2015,102153.0,746.0,0.0,0.8763,0.8932,0.9011,0.9119,1.0828,o,735.0,318.0,8345.0,289.0
199111,2016,101559.0,763.0,0.0,0.9015,0.9514,0.9752,1.0086,1.2516,o,665.0,301.0,8563.0,302.0
199111,2017,103561.0,771.0,0.0,0.8934,0.9368,0.9574,0.9862,1.2185,o,648.0,356.0,8894.0,300.0
199111,2018,104221.0,808.0,0.0,0.9303,0.9452,0.9521,0.9616,1.0683,o,788.0,320.0,8905.0,284.0
199111,2019,102697.0,827.0,0.0,0.9663,0.9777,0.9829,0.9901,1.0497,o,654.0,292.0,8718.0,272.0
199111,2020,97838.0,785.0,0.0,0.9628,0.9697,0.9728,0.9772,1.03,o,586.0,313.0,8691.0,266.0
199111,2021,93891.0,733.0,0.0,0.9368,0.9241,0.9183,0.9104,0.9444,o,605.0,297.0,8455.0,243.0
199111,2022,88747.0,757.0,0.0,1.0236,0.9786,0.9587,0.9322,0.8294,o,507.0,275.0,8029.0,235.0
199111,2023,79299.0,667.0,0.0,1.0093,0.9483,0.9216,0.8864,0.7712,o,630.0,267.0,7639.0,218.0
199111,2024,80435.0,679.0,0.0,1.013,0.9921,0.9827,0.97,0.9169,o,725.0,286.0,7461.0,226.0
199120,1998,440090.0,3669.0,0.0,1.0004,0.9956,0.9934,0.9904,0.9801,o,,,,
199120,1999,456285.0,3407.0,0.0,0.896,0.8998,0.9015,0.9039,1.0177,o,,,,
199120,2000,460630.0,3387.0,0.0,0.8824,0.8926,0.8973,0.9038,1.0491,o,,,,
199120,2001,462411.0,3407.0,0.0,0.8841,0.8879,0.8897,0.892,1.0179,o,,,,
199120,2002,475455.0,3560.0,0.0,0.8985,0.9062,0.9098,0.9146,1.0362,o,3460.0,,5676.0,
199120,2003,479490.0,3741.0,0.0,0.9362,0.9464,0.9511,0.9575,1.046,o,3516.0,,6502.0,376.0
199120,2004,483668.0,3715.0,0.0,0.9217,0.927,0.9295,0.9328,1.0242,o,3589.0,,6753.0,381.0
199120,2005,494304.0,3888.0,0.0,0.9439,0.944,0.944,0.9441,1.0004,o,3751.0,,7164.0,388.0
199120,2006,501657.0,3773.0,0.0,0.9025,0.9083,0.911,0.9146,1.027,o,3807.0,878.0,7187.0,441.0
199120,2007,513111.0,3787.0,0.0,0.8857,0.9029,0.9108,0.9219,1.0834,o,3893.0,793.0,7612.0,452.0
199120,2008,522988.0,4131.0,0.0,0.9479,0.9663,0.9749,0.9868,1.0837,o,3865.0,783.0,7814.0,450.0
199120,2009,533252.0,4236.0,0.0,0.9532,0.966,0.9719,0.98,1.0569,o,3960.0,778.0,7765.0,470.0
199120,2010,541201.0,4396.0,0.0,0.9747,0.9829,0.9866,0.9918,1.0353,o,3960.0,922.0,8041.0,414.0
199120,2011,546353.0,4654.0,0.0,1.0222,1.0291,1.0323,1.0367,1.0286,o,4026.0,791.0,9304.0,467.0
199120,2012,542350.0,4445.0,0.0,0.9835,0.9904,0.9935,0.9978,1.0294,o,3915.0,845.0,9537.0,514.0
199120,2013,549183.0,4627.0,0.0,1.011,1.0146,1.0163,1.0185,1.0148,o,3946.0,876.0,10284.0,531.0
199120,2014,547382.0,4566.0,0.0,1.001,0.9992,0.9984,0.9972,0.9926,o,3976.0,884.0,10980.0,549.0
199120,2015,543700.0,4624.0,0.0,1.0206,1.0186,1.0177,1.0165,0.992,o,4076.0,850.0,10882.0,602.0
199120,2016,543440.0,4525.0,0.0,0.9992,1.0025,1.0041,1.0061,1.014,o,4228.0,815.0,11138.0,616.0
199120,2017,543381.0,4557.0,0.0,1.0064,1.0197,1.0259,1.0343,1.0564,o,4356.0,815.0,11261.0,628.0
199120,2018,552520.0,4628.0,0.0,1.0051,1.0247,1.0338,1.0463,1.0836,o,4327.0,817.0,11223.0,623.0
199120,2019,558319.0,4662.0,0.0,1.002,1.0203,1.0288,1.0405,1.0784,o,4182.0,846.0,10966.0,590.0
199120,2020,562149.0,4828.0,0.0,1.0306,1.0367,1.0395,1.0433,1.0247,o,4445.0,952.0,10793.0,552.0
199120,2021,561263.0,4951.0,0.0,1.0585,1.0598,1.0604,1.0612,1.005,o,4690.0,1039.0,10482.0,554.0
199120,2022,566764.0,4883.0,0.0,1.0339,1.0465,1.0524,1.0604,1.0521,o,4435.0,989.0,9904.0,568.0
199120,2023,576537.0,4951.0,0.0,1.0305,1.0479,1.056,1.0671,1.0724,o,4699.0,974.0,9305.0,559.0
199120,2024,597725.0,5328.0,0.0,1.0697,1.0844,1.0912,1.1006,1.0588,o,4640.0,980.0,8989.0,545.0
199139,1998,336880.0,2511.0,0.0,0.8944,0.9167,0.927,0.9413,1.1076,o,,,,
199139,1999,373199.0,2406.0,0.0,0.7736,0.8182,0.8395,0.8695,1.2631,o,,,,
199139,2000,373293.0,2329.0,0.0,0.7487,0.7919,0.8125,0.8414,1.2631,o,,,,
199139,2001,376531.0,2367.0,0.0,0.7544,0.7845,0.7987,0.8185,1.1772,o,,,,
199139,2002,397792.0,2484.0,0.0,0.7493,0.7669,0.7751,0.7865,1.1016,o,2430.0,,4254.0,
199139,2003,409003.0,2644.0,0.0,0.7757,0.7957,0.805,0.8179,1.1116,o,2519.0,,5003.0,219.0
199139,2004,418238.0,2782.0,0.0,0.7982,0.8244,0.8368,0.8538,1.1443,o,2629.0,,5149.0,236.0
199139,2005,426707.0,2843.0,0.0,0.7995,0.8234,0.8346,0.8501,1.1304,o,2890.0,,5590.0,246.0
199139,2006,452690.0,2944.0,0.0,0.7804,0.8078,0.8206,0.8385,1.1544,o,2798.0,1906.0,5530.0,268.0
199139,2007,464765.0,3111.0,0.0,0.8032,0.8305,0.8433,0.8611,1.1493,o,2955.0,2033.0,5891.0,278.0
199139,2008,484346.0,3375.0,0.0,0.8362,0.8588,0.8693,0.8839,1.1175,o,3090.0,2157.0,6077.0,282.0
199139,2009,510327.0,3455.0,0.0,0.8124,0.8304,0.8387,0.8503,1.0953,o,3187.0,2340.0,6180.0,282.0
199139,2010,541715.0,3584.0,0.0,0.7939,0.8129,0.8218,0.834,1.1036,o,2985.0,2467.0,6328.0,252.0
199139,2011,555282.0,3795.0,0.0,0.8201,0.8341,0.8406,0.8495,1.0728,o,3169.0,2407.0,7172.0,281.0
199139,2012,565345.0,3964.0,0.0,0.8414,0.845,0.8467,0.8489,1.018,o,3541.0,2568.0,7402.0,298.0
199139,2013,587769.0,4194.0,0.0,0.8563,0.8701,0.8765,0.8853,1.069,o,3087.0,2646.0,7851.0,313.0
199139,2014,597710.0,4362.0,0.0,0.8757,0.8909,0.8979,0.9075,1.0739,o,3319.0,2794.0,8040.0,318.0
199139,2015,620659.0,4513.0,0.0,0.8726,0.881,0.8849,0.8902,1.0409,o,3452.0,2839.0,8194.0,327.0
199139,2016,642410.0,4987.0,0.0,0.9316,0.9336,0.9345,0.9358,1.0091,o,3453.0,3023.0,8468.0,341.0
199139,2017,661884.0,5086.0,0.0,0.9221,0.9312,0.9354,0.9412,1.0418,o,3373.0,2948.0,8621.0,343.0
199139,2018,672849.0,5305.0,0.0,0.9461,0.9607,0.9674,0.9766,1.0656,o,3708.0,2970.0,8515.0,343.0
199139,2019,691299.0,5792.0,0.0,1.0054,1.0163,1.0213,1.0282,1.0458,o,3653.0,2742.0,8362.0,334.0
199139,2020,712469.0,5781.0,0.0,0.9737,0.9887,0.9957,1.0053,1.066,o,3999.0,2632.0,8299.0,309.0
199139,2021,687152.0,6133.0,0.0,1.071,1.1008,1.1147,1.134,1.121,o,4256.0,2605.0,8283.0,309.0
199139,2022,664282.0,5777.0,0.0,1.0436,1.0827,1.1012,1.1268,1.1658,o,4157.0,2249.0,7886.0,320.0
199139,2023,656437.0,5534.0,0.0,1.0116,1.0446,1.0601,1.0815,1.1429,o,4501.0,2348.0,7468.0,310.0
199139,2024,678213.0,5740.0,0.0,1.0156,1.0462,1.0605,1.0803,1.1315,o,4657.0,2568.0,7214.0,310.0
199148,1998,257670.0,1436.0,0.0,0.6688,0.6799,0.685,0.6921,1.0711,o,,,,
199148,1999,267810.0,1701.0,0.0,0.7622,0.7721,0.7766,0.7829,1.0551,o,,,,
199148,2000,262506.0,1854.0,0.0,0.8475,0.8697,0.8801,0.8944,1.1136,o,,,,
199148,2001,279017.0,1794.0,0.0,0.7716,0.8081,0.8255,0.8497,1.2128,o,,,,
199148,2002,288326.0,1826.0,0.0,0.76,0.7795,0.7887,0.8013,1.1118,o,2099.0,,4505.0,
199148,2003,302688.0,1884.0,0.0,0.7469,0.7581,0.7633,0.7705,1.0641,o,2056.0,,5086.0,228.0
199148,2004,309771.0,2076.0,0.0,0.8042,0.8198,0.8271,0.8371,1.0834,o,2178.0,,5179.0,225.0
199148,2005,324207.0,1973.0,0.0,0.7303,0.749,0.7577,0.7698,1.1113,o,2425.0,,5529.0,233.0
199148,2006,343674.0,2104.0,0.0,0.7346,0.7591,0.7706,0.7866,1.1465,o,2426.0,1407.0,5360.0,232.0
199148,2007,363780.0,2195.0,0.0,0.7241,0.7515,0.7644,0.7824,1.1675,o,2446.0,1438.0,5767.0,233.0
199148,2008,389666.0,2388.0,0.0,0.7354,0.7606,0.7724,0.7889,1.1507,o,2492.0,1495.0,5896.0,219.0
199148,2009,419463.0,2441.0,0.0,0.6983,0.7102,0.7157,0.7233,1.0728,o,2511.0,1541.0,5949.0,206.0
199148,2010,435193.0,2574.0,0.0,0.7098,0.715,0.7175,0.7208,1.0313,o,2515.0,1611.0,6052.0,189.0
199148,2011,433203.0,2762.0,0.0,0.7651,0.7708,0.7735,0.7771,1.0316,o,2443.0,1521.0,6942.0,210.0
199148,2012,422661.0,2958.0,0.0,0.8398,0.8406,0.841,0.8415,1.0041,o,2516.0,1698.0,7844.0,231.0
199148,2013,413990.0,3038.0,0.0,0.8806,0.8787,0.8779,0.8767,0.9912,o,2482.0,1523.0,8203.0,249.0
199148,2014,404176.0,3037.0,0.0,0.9017,0.9005,0.8999,0.8992,0.9944,o,2593.0,1681.0,8402.0,248.0
199148,2015,416334.0,2832.0,0.0,0.8163,0.8208,0.823,0.8258,1.0236,o,2773.0,1921.0,8425.0,247.0
199148,2016,449109.0,2888.0,0.0,0.7717,0.7864,0.7933,0.8027,1.0821,o,2864.0,2167.0,8744.0,246.0
199148,2017,456325.0,3106.0,0.0,0.8168,0.8407,0.8519,0.8674,1.1279,o,2791.0,2094.0,8887.0,257.0
199148,2018,468054.0,3262.0,0.0,0.8363,0.8583,0.8686,0.8828,1.1143,o,2989.0,2182.0,9035.0,257.0
199148,2019,466576.0,3361.0,0.0,0.8644,0.88,0.8872,0.8972,1.0772,o,2746.0,2109.0,8945.0,251.0
199148,2020,461269.0,3528.0,0.0,0.9178,0.9216,0.9234,0.9258,1.0174,o,2432.0,1749.0,8898.0,257.0
199148,2021,437123.0,3554.0,0.0,0.9757,0.9552,0.946,0.9336,0.9156,o,2543.0,1571.0,8641.0,234.0
199148,2022,414778.0,3372.0,0.0,0.9756,0.9411,0.9257,0.9051,0.8607,o,2343.0,1493.0,8193.0,215.0
199148,2023,389290.0,3316.0,0.0,1.0222,0.9836,0.9664,0.9435,0.852,o,2613.0,1627.0,7762.0,204.0
199148,2024,393761.0,3195.0,0.0,0.9737,0.9635,0.9589,0.9526,0.9571,o,2433.0,1793.0,7593.0,205.0
199157,1998,121061.0,741.0,0.0,0.7345,0.7141,0.7049,0.6926,0.889,o,,,,
199157,1999,118880.0,714.0,0.0,0.7207,0.7348,0.7414,0.7504,1.0841,o,,,,
199157,2000,116982.0,635.0,0.0,0.6514,0.6621,0.6671,0.674,1.0707,o,,,,
199157,2001,116711.0,696.0,0.0,0.7156,0.7097,0.707,0.7034,0.966,o,,,,
199157,2002,124710.0,655.0,0.0,0.6303,0.6413,0.6464,0.6534,1.0748,o,843.0,,4071.0,
199157,2003,137446.0,604.0,0.0,0.5273,0.5528,0.5649,0.5818,1.2174,o,1053.0,,4544.0,154.0
199157,2004,152308.0,656.0,0.0,0.5168,0.5565,0.5757,0.603,1.3611,o,1164.0,,4647.0,155.0
199157,2005,168080.0,732.0,0.0,0.5226,0.5705,0.594,0.6275,1.4415,o,1226.0,,4896.0,205.0
199157,2006,175693.0,713.0,0.0,0.487,0.533,0.5555,0.5877,1.4564,o,1021.0,327.0,5886.0,192.0
199157,2007,174857.0,774.0,0.0,0.5312,0.5533,0.5637,0.5783,1.1851,o,1265.0,258.0,5136.0,213.0
199157,2008,179897.0,854.0,0.0,0.5697,0.5739,0.5758,0.5785,1.0311,o,1035.0,308.0,5277.0,223.0
199157,2009,175272.0,809.0,0.0,0.5539,0.5488,0.5465,0.5434,0.9623,o,1358.0,432.0,6273.0,227.0
199157,2010,191415.0,791.0,0.0,0.4959,0.5034,0.5069,0.5117,1.065,o,1235.0,447.0,5606.0,192.0
199157,2011,192005.0,901.0,0.0,0.5631,0.5804,0.5885,0.5997,1.1343,o,1258.0,446.0,6367.0,213.0
199157,2012,188551.0,918.0,0.0,0.5842,0.5957,0.601,0.6083,1.0839,o,1407.0,477.0,6532.0,225.0
199157,2013,189628.0,1010.0,0.0,0.6391,0.6559,0.6637,0.6745,1.1137,o,933.0,495.0,6951.0,222.0
199157,2014,180643.0,1054.0,0.0,0.7002,0.6831,0.6755,0.6651,0.9024,o,925.0,447.0,7275.0,229.0
199157,2015,175030.0,1065.0,0.0,0.7302,0.6804,0.6588,0.6303,0.7453,o,1108.0,547.0,7214.0,223.0
199157,2016,188365.0,1092.0,0.0,0.6957,0.6519,0.6328,0.6076,0.7629,o,1154.0,549.0,7461.0,217.0
199157,2017,180602.0,1120.0,0.0,0.7442,0.7381,0.7354,0.7317,0.9667,o,1275.0,505.0,7817.0,261.0
199157,2018,184302.0,1026.0,0.0,0.668,0.7124,0.7337,0.7638,1.3073,o,1143.0,551.0,7975.0,255.0
199157,2019,179302.0,1138.0,0.0,0.7616,0.794,0.8093,0.8306,1.1894,o,1027.0,520.0,7887.0,254.0
199157,2020,169478.0,1098.0,0.0,0.7774,0.7697,0.7662,0.7615,0.9593,o,1232.0,457.0,7853.0,262.0
199157,2021,164633.0,1030.0,0.0,0.7508,0.7378,0.7319,0.724,0.93,o,1130.0,470.0,7738.0,262.0
199157,2022,161652.0,997.0,0.0,0.7401,0.736,0.7341,0.7315,0.9768,o,1079.0,398.0,7289.0,202.0
199157,2023,154005.0,971.0,0.0,0.7566,0.7598,0.7613,0.7634,1.018,o,1465.0,473.0,6831.0,289.0
199157,2024,167049.0,923.0,0.0,0.663,0.6822,0.6912,0.7036,1.1262,o,1753.0,624.0,6542.0,232.0
199184,1998,20940.0,106.0,0.0,0.6074,0.6479,0.6674,0.6948,1.3083,o,,,,
199184,1999,18288.0,111.0,0.0,0.7283,0.7957,0.8286,0.8758,1.4457,o,,,,
199184,2000,30382.0,116.0,0.0,0.4582,0.4818,0.493,0.5087,1.233,o,,,,
199184,2001,28792.0,126.0,0.0,0.5251,0.5251,0.5251,0.5251,1.0,o,,,,
199184,2002,29402.0,109.0,0.0,0.4449,0.4408,0.439,0.4364,0.9625,o,200.0,,4984.0,
199184,2003,31720.0,124.0,0.0,0.4691,0.4826,0.4888,0.4976,1.125,o,172.0,,5863.0,379.0
199184,2004,31124.0,123.0,0.0,0.4742,0.4819,0.4854,0.4903,1.069,o,152.0,,6078.0,381.0
199184,2005,29814.0,120.0,0.0,0.483,0.4712,0.466,0.4588,0.9025,o,179.0,,6932.0,386.0
199184,2006,31653.0,129.0,0.0,0.4891,0.471,0.463,0.4523,0.8553,o,184.0,54.0,6754.0,366.0
199184,2007,28537.0,131.0,0.0,0.5509,0.5476,0.5462,0.5442,0.9758,o,186.0,57.0,7114.0,416.0
199184,2008,29389.0,119.0,0.0,0.4859,0.5016,0.509,0.5192,1.142,o,182.0,54.0,7406.0,425.0
199184,2009,28860.0,150.0,0.0,0.6237,0.6398,0.6473,0.6576,1.1118,o,179.0,52.0,8125.0,420.0
199184,2010,27792.0,141.0,0.0,0.6088,0.608,0.6076,0.6071,0.9945,o,157.0,66.0,7789.0,448.0
199184,2011,27210.0,154.0,0.0,0.6792,0.6636,0.6566,0.6472,0.9081,o,178.0,63.0,9008.0,433.0
199184,2012,24539.0,145.0,0.0,0.7091,0.6933,0.6861,0.6765,0.9103,o,172.0,46.0,9399.0,530.0
199184,2013,24621.0,162.0,0.0,0.7896,0.7837,0.7811,0.7774,0.9695,o,212.0,49.0,10103.0,511.0
199184,2014,25516.0,148.0,0.0,0.696,0.7187,0.7293,0.7441,1.1429,o,219.0,50.0,10889.0,561.0
199184,2015,27261.0,164.0,0.0,0.7219,0.7669,0.7885,0.8188,1.2866,o,199.0,50.0,10918.0,597.0
199184,2016,26849.0,168.0,0.0,0.7509,0.7836,0.799,0.8206,1.1943,o,213.0,64.0,11646.0,619.0
199184,2017,28462.0,199.0,0.0,0.839,0.8533,0.8599,0.8691,1.0729,o,173.0,48.0,11650.0,592.0
199184,2018,27593.0,213.0,0.0,0.9263,0.9021,0.8913,0.8766,0.8956,o,243.0,37.0,11638.0,606.0
199184,2019,28024.0,196.0,0.0,0.8393,0.8383,0.8379,0.8373,0.9952,o,234.0,49.0,11435.0,582.0
199184,2020,27234.0,223.0,0.0,0.9826,1.0178,1.0343,1.0573,1.1578,o,219.0,35.0,11248.0,614.0
199184,2021,26315.0,179.0,0.0,0.8163,0.8482,0.8633,0.8843,1.1736,o,208.0,35.0,10923.0,584.0
199184,2022,27118.0,221.0,0.0,0.9779,0.9841,0.9869,0.9908,1.0264,o,210.0,36.0,9809.0,582.0
199184,2023,26161.0,229.0,0.0,1.0504,1.0177,1.003,0.9833,0.8763,o,221.0,44.0,9718.0,549.0
199184,2024,26487.0,206.0,0.0,0.9333,0.9222,0.9172,0.9103,0.9514,o,239.0,43.0,9477.0,518.0
199193,1998,599495.0,3685.0,147.0,0.7523,0.7645,0.7701,0.7778,1.0688,o,,,,
199193,1999,601024.0,3686.0,157.0,0.7516,0.7578,0.7606,0.7645,1.0345,o,,,,
199193,2000,593734.0,3710.0,177.0,0.7677,0.7713,0.773,0.7753,1.0199,o,,,,
199193,2001,612339.0,3826.0,145.0,0.764,0.7653,0.7659,0.7667,1.0071,o,,,,
199193,2002,634530.0,3928.0,154.0,0.7574,0.7611,0.7628,0.7651,1.0203,o,3732.0,,5720.0,
199193,2003,637908.0,4370.0,110.0,0.8324,0.8371,0.8393,0.8422,1.0238,o,3931.0,,6503.0,238.0
199193,2004,647101.0,4555.0,127.0,0.8565,0.8608,0.8627,0.8654,1.0211,o,3957.0,,6584.0,242.0
199193,2005,641552.0,4620.0,193.0,0.8822,0.8864,0.8884,0.8911,1.0202,o,4375.0,,6892.0,254.0
199193,2006,647744.0,4415.0,124.0,0.8294,0.8472,0.8555,0.867,1.0927,o,4693.0,1108.0,6759.0,270.0
199193,2007,672014.0,4601.0,130.0,0.8332,0.8676,0.8838,0.9064,1.1833,o,4907.0,1062.0,7234.0,280.0
199193,2008,690413.0,4535.0,132.0,0.7997,0.8383,0.8566,0.8822,1.217,o,4804.0,1093.0,7488.0,289.0
199193,2009,712982.0,4623.0,182.0,0.7934,0.8231,0.8371,0.8565,1.1655,o,4772.0,1097.0,7606.0,292.0
199193,2010,727574.0,4790.0,167.0,0.8038,0.8144,0.8193,0.826,1.056,o,4705.0,1141.0,7826.0,270.0
199193,2011,732165.0,5182.0,127.0,0.8597,0.8571,0.8559,0.8542,0.9872,o,4697.0,1027.0,9114.0,298.0
199193,2012,731816.0,5464.0,154.0,0.9086,0.9016,0.8984,0.894,0.9682,o,4398.0,1209.0,9549.0,320.0
199193,2013,722203.0,5446.0,129.0,0.9156,0.9044,0.8992,0.8923,0.9498,o,4307.0,1215.0,10411.0,354.0
199193,2014,712538.0,5541.0,155.0,0.9462,0.9271,0.9185,0.9069,0.9185,o,4499.0,1253.0,10804.0,369.0
199193,2015,702527.0,5555.0,173.0,0.9636,0.9486,0.9418,0.9326,0.9366,o,4364.0,1107.0,10830.0,390.0
199193,2016,686657.0,5664.0,118.0,1.0002,0.994,0.9911,0.9873,0.9745,o,4388.0,1224.0,11125.0,421.0
199193,2017,681524.0,5630.0,157.0,1.0051,1.0064,1.007,1.0078,1.0054,o,4797.0,1275.0,11320.0,438.0
199193,2018,697613.0,5783.0,154.0,1.008,1.0183,1.023,1.0295,1.043,o,4952.0,1364.0,11289.0,449.0
199193,2019,722069.0,5952.0,143.0,1.001,1.0242,1.035,1.0499,1.1,o,4873.0,1341.0,11105.0,446.0
199193,2020,740303.0,5991.0,165.0,0.9845,1.0122,1.0252,1.0431,1.1226,o,4747.0,1467.0,10939.0,447.0
199193,2021,743410.0,6377.0,125.0,1.0395,1.0511,1.0564,1.0638,1.0474,o,5046.0,1404.0,10623.0,404.0
199193,2022,739375.0,6518.0,114.0,1.0671,1.0683,1.0688,1.0695,1.0045,o,5627.0,1284.0,10017.0,405.0
199193,2023,746912.0,6396.0,89.0,1.0347,1.0555,1.0652,1.0785,1.0863,o,5728.0,1457.0,9449.0,395.0
199193,2024,778653.0,6660.0,74.0,1.0321,1.074,1.0938,1.1213,1.1804,o,5839.0,1659.0,8895.0,387.0
199209,1998,50520.0,320.0,0.0,0.7601,0.7877,0.7935,0.8082,1.1307,o,,,,
199209,1999,46463.0,386.0,0.0,0.9969,1.1087,1.1334,1.1974,1.4427,o,,,,
199209,2000,47487.0,387.0,0.0,0.978,1.0619,1.0802,1.1272,1.3286,o,,,,
199209,2003,44367.0,409.0,0.0,1.1062,1.0415,1.0286,0.9971,0.8124,o,201.0,,,335.0
199209,2004,47250.0,430.0,0.0,1.0921,0.9732,0.9503,0.8953,0.6721,o,321.0,,20389.0,311.0
199209,2005,44068.0,390.0,0.0,1.062,1.0482,1.0454,1.0384,0.956,o,288.0,,21810.0,385.0
199209,2006,41186.0,370.0,0.0,1.078,1.2351,1.2704,1.3629,1.5984,o,275.0,,24929.0,422.0
199209,2007,40165.0,351.0,0.0,1.0487,1.1817,1.2112,1.2884,1.5094,o,244.0,212.0,26617.0,419.0
199209,2008,36803.0,386.0,0.0,1.2586,1.2565,1.2561,1.255,0.9943,o,253.0,111.0,27657.0,450.0
199209,2009,41221.0,326.0,0.0,0.949,0.8947,0.8839,0.8573,0.8161,o,270.0,189.0,29913.0,418.0
199209,2010,39068.0,318.0,0.0,0.9768,0.9561,0.9519,0.9414,0.929,o,223.0,173.0,31134.0,435.0
199209,2011,35455.0,311.0,0.0,1.0526,1.037,1.0338,1.0259,0.9499,o,193.0,36.0,32176.0,488.0
199209,2012,35117.0,315.0,0.0,1.0764,1.0223,1.0114,0.9848,0.837,o,222.0,41.0,33866.0,495.0
199209,2013,35675.0,321.0,0.0,1.0797,1.0097,0.9958,0.9618,0.7935,o,231.0,39.0,34436.0,548.0
199209,2014,39666.0,326.0,0.0,0.9862,0.9623,0.9575,0.9454,0.9189,o,322.0,201.0,35063.0,504.0
199209,2015,46616.0,357.0,0.0,0.919,0.9981,1.0153,1.0596,1.3293,o,320.0,288.0,35770.0,500.0
199209,2016,52900.0,447.0,0.0,1.014,1.1508,1.1813,1.2612,1.547,o,318.0,250.0,36495.0,480.0
199209,2017,54807.0,499.0,0.0,1.0926,1.2066,1.2317,1.2966,1.4084,o,355.0,212.0,37160.0,460.0
199209,2018,52024.0,538.0,0.0,1.241,1.3137,1.3293,1.369,1.217,o,390.0,222.0,37264.0,445.0
199209,2019,46964.0,490.0,0.0,1.252,1.3072,1.319,1.3487,1.1604,o,286.0,176.0,37521.0,434.0
199209,2020,50617.0,389.0,0.0,0.9222,0.9378,0.9411,0.9493,1.0596,o,259.0,122.0,38042.0,410.0
199209,2021,44710.0,371.0,0.0,0.9958,0.9367,0.9249,0.8961,0.8098,o,193.0,115.0,38227.0,419.0
199209,2022,39193.0,393.0,0.0,1.2033,1.041,1.0102,0.9373,0.6067,o,249.0,91.0,36609.0,384.0
199209,2023,34298.0,342.0,0.0,1.1966,1.0579,1.0312,0.9676,0.6538,o,250.0,114.0,35560.0,354.0
199209,2024,36293.0,300.0,0.0,0.9919,0.9669,0.9618,0.9491,0.9156,o,261.0,128.0,35536.0,323.0
199218,1998,249496.0,1711.0,0.0,0.8229,0.8404,0.8486,0.8598,1.0917,o,,,,
199218,1999,262692.0,1809.0,0.0,0.8264,0.8498,0.8608,0.876,1.1238,o,,,,
199218,2000,264939.0,1955.0,0.0,0.8855,0.9058,0.9153,0.9284,1.0993,o,,,,
199218,2001,266479.0,1890.0,0.0,0.8511,0.8702,0.8791,0.8913,1.0968,o,,,,
199218,2002,284006.0,1968.0,0.0,0.8315,0.8661,0.8825,0.9052,1.1851,o,1640.0,,4551.0,
199218,2003,285588.0,2116.0,0.0,0.8891,0.9043,0.9114,0.9211,1.0732,o,1772.0,,5224.0,242.0
199218,2004,291269.0,2139.0,0.0,0.8812,0.8856,0.8876,0.8903,1.0206,o,1897.0,,5575.0,250.0
199218,2005,304816.0,2206.0,0.0,0.8685,0.8685,0.8685,0.8685,1.0,o,1943.0,,5836.0,264.0
199218,2006,308123.0,2276.0,0.0,0.8864,0.8981,0.9035,0.9109,1.0561,o,1987.0,1398.0,5756.0,262.0
199218,2007,314857.0,2268.0,0.0,0.8644,0.8942,0.9082,0.9277,1.1518,o,1920.0,1294.0,6291.0,282.0
199218,2008,320703.0,2457.0,0.0,0.9194,0.9333,0.9398,0.9487,1.0649,o,2073.0,1279.0,6437.0,289.0
199218,2009,329263.0,2480.0,0.0,0.9038,0.9124,0.9163,0.9217,1.0398,o,1949.0,1354.0,6515.0,278.0
199218,2010,338180.0,2628.0,0.0,0.9325,0.9377,0.9401,0.9434,1.0234,o,1992.0,1413.0,6966.0,280.0
199218,2011,345614.0,2639.0,0.0,0.9163,0.9182,0.9191,0.9203,1.0087,o,1980.0,1522.0,7429.0,303.0
199218,2012,350691.0,2715.0,0.0,0.929,0.9278,0.9273,0.9266,0.9947,o,2053.0,1734.0,7717.0,314.0
199218,2013,366546.0,2753.0,0.0,0.9013,0.9019,0.9021,0.9025,1.0027,o,1939.0,1687.0,8287.0,316.0
199218,2014,369098.0,2878.0,0.0,0.9357,0.9386,0.9399,0.9417,1.0129,o,2159.0,1715.0,8351.0,318.0
199218,2015,383329.0,2948.0,0.0,0.9229,0.9298,0.933,0.9374,1.0317,o,2029.0,1729.0,8345.0,324.0
199218,2016,368794.0,3201.0,0.0,1.0416,1.051,1.0554,1.0614,1.0384,o,2223.0,1987.0,8674.0,343.0
199218,2017,406816.0,3369.0,0.0,0.9938,1.0089,1.016,1.0256,1.0651,o,2145.0,1939.0,8861.0,319.0
199218,2018,419877.0,3708.0,0.0,1.0597,1.0761,1.0837,1.0941,1.0659,o,2161.0,1919.0,8724.0,309.0
199218,2019,414959.0,3833.0,0.0,1.1084,1.1159,1.1193,1.124,1.0282,o,2342.0,2006.0,8652.0,304.0
199218,2020,422513.0,3826.0,0.0,1.0866,1.1017,1.1087,1.1183,1.059,o,2025.0,1953.0,8631.0,305.0
199218,2021,412558.0,3913.0,0.0,1.1382,1.1381,1.1381,1.138,0.9998,o,2435.0,1984.0,8382.0,254.0
199218,2022,403260.0,3659.0,0.0,1.0888,1.098,1.1023,1.1081,1.0358,o,2370.0,1701.0,7940.0,287.0
199218,2023,398423.0,3748.0,0.0,1.1289,1.1466,1.1548,1.1661,1.0671,o,2701.0,1629.0,7492.0,281.0
199218,2024,413427.0,3689.0,0.0,1.0708,1.1099,1.1283,1.1538,1.1612,o,2754.0,1883.0,7317.0,295.0
199263,1999,4200.0,0.0,22.0,0.3143,0.3294,0.3718,0.3923,1.9583,o,,,,
199263,2001,6297.0,0.0,11.0,0.1048,0.1088,0.1198,0.125,1.7043,o,,,,
199263,2002,7905.0,0.0,27.0,0.2049,0.2078,0.2152,0.2186,1.2169,o,82.0,,1718.0,
199263,2003,8513.0,0.0,30.0,0.2114,0.2086,0.2015,0.1984,0.8241,o,87.0,,1863.0,48.0
199263,2004,9470.0,0.0,37.0,0.2344,0.2336,0.2315,0.2306,0.9508,o,106.0,,1884.0,29.0
199263,2005,7990.0,0.0,28.0,0.2103,0.2136,0.2225,0.2266,1.2544,o,117.0,,1957.0,
199263,2006,7904.0,0.0,36.0,0.2733,0.277,0.2868,0.2912,1.2124,o,130.0,1.0,1969.0,
199263,2007,9286.0,0.0,28.0,0.1809,0.1829,0.188,0.1903,1.1659,o,71.0,22.0,1912.0,
199263,2008,7791.0,0.0,41.0,0.3157,0.3037,0.2749,0.263,0.5749,o,15.0,42.0,2003.0,
199263,2009,10164.0,0.0,30.0,0.1771,0.155,0.1101,0.0945,0.1493,o,13.0,38.0,1984.0,
199263,2010,13078.0,0.0,39.0,0.1789,0.1646,0.1327,0.1206,0.3023,o,69.0,75.0,2337.0,
199263,2011,14142.0,0.0,49.0,0.2079,0.2324,0.3098,0.3519,4.9286,o,68.0,74.0,2573.0,
199263,2012,10312.0,0.0,47.0,0.2735,0.2833,0.3103,0.3232,1.6585,o,167.0,94.0,2944.0,31.0
199263,2013,12894.0,0.0,35.0,0.1629,0.1733,0.2035,0.2185,2.438,o,101.0,100.0,3002.0,40.0
199263,2014,12445.0,0.0,54.0,0.2603,0.2576,0.2507,0.2477,0.8596,o,99.0,88.0,3062.0,44.0
199263,2015,10374.0,0.0,32.0,0.1851,0.1812,0.1716,0.1675,0.7388,o,79.0,50.0,3064.0,62.0
199263,2016,11168.0,0.0,47.0,0.2525,0.2484,0.2381,0.2336,0.79,o,83.0,55.0,3043.0,54.0
199263,2017,10888.0,0.0,62.0,0.3417,0.34,0.3358,0.3339,0.9326,o,83.0,27.0,2380.0,50.0
199263,2018,11723.0,0.0,53.0,0.2713,0.2717,0.2729,0.2735,1.0247,o,118.0,27.0,2327.0,56.0
199263,2019,11069.0,0.0,52.0,0.2819,0.2889,0.3078,0.3166,1.4217,o,71.0,35.0,2278.0,54.0
199263,2020,12615.0,0.0,47.0,0.2235,0.2182,0.2049,0.1993,0.7065,o,14.0,20.0,2244.0,59.0
199263,2021,6737.0,0.0,62.0,0.5522,0.4831,0.3426,0.294,0.1481,o,27.0,29.0,2179.0,65.0
199263,2022,5925.0,0.0,26.0,0.2633,0.2551,0.2351,0.2267,0.6353,o,23.0,32.0,2048.0,50.0
199263,2023,6976.0,0.0,43.0,0.3698,0.3728,0.3806,0.3842,1.122,o,32.0,83.0,1933.0,41.0
199263,2024,6782.0,0.0,34.0,0.3008,0.306,0.3199,0.3263,1.28,o,49.0,49.0,1867.0,27.0
199272,1998,14805.0,57.0,107.0,0.8956,0.8517,0.8429,0.8213,0.8408,o,,,,
199272,1999,16402.0,51.0,87.0,0.6914,0.7147,0.7197,0.7322,1.1214,o,,,,
199272,2002,18026.0,119.0,78.0,1.0518,0.9766,0.9617,0.9255,0.7742,o,200.0,,18431.0,
199272,2005,20384.0,92.0,37.0,0.6505,0.7094,0.7222,0.7553,1.3482,o,179.0,,27171.0,600.0
199272,2006,19612.0,101.0,0.0,0.618,0.6218,0.6226,0.6246,1.0214,o,153.0,,29457.0,650.0
199272,2007,19947.0,124.0,0.0,0.746,0.6826,0.6701,0.64,0.7361,o,185.0,43.0,31455.0,674.0
199272,2008,19722.0,125.0,0.0,0.7606,0.6986,0.6865,0.657,0.7461,o,186.0,51.0,31649.0,661.0
199272,2009,21672.0,113.0,0.0,0.6257,0.6209,0.6199,0.6174,0.9738,o,151.0,96.0,33118.0,637.0
199272,2010,22517.0,114.0,0.0,0.6075,0.6102,0.6107,0.6121,1.0151,o,163.0,65.0,34534.0,628.0
199272,2011,20967.0,136.0,0.0,0.7784,0.7619,0.7586,0.7502,0.929,o,155.0,111.0,35259.0,671.0
199272,2012,20535.0,136.0,0.0,0.7947,0.76,0.753,0.7358,0.8571,o,233.0,63.0,35221.0,551.0
199272,2013,23061.0,118.0,0.0,0.614,0.6396,0.6451,0.6588,1.1513,o,335.0,153.0,31949.0,514.0
199272,2014,29828.0,213.0,0.0,0.8569,1.0176,1.0545,1.1525,1.8089,o,216.0,129.0,31466.0,475.0
199272,2015,29652.0,163.0,0.0,0.6597,0.7737,0.7996,0.8683,1.7327,o,221.0,108.0,32180.0,517.0
199272,2016,29192.0,188.0,0.0,0.7728,0.7999,0.8057,0.8202,1.1263,o,200.0,102.0,33513.0,571.0
199272,2017,29629.0,206.0,0.0,0.8343,0.7649,0.7513,0.7183,0.7412,o,203.0,95.0,34521.0,574.0
199272,2018,27898.0,254.0,0.0,1.0926,0.9978,0.9793,0.9344,0.7314,o,212.0,100.0,35768.0,602.0
199272,2019,26988.0,213.0,0.0,0.9471,0.933,0.9301,0.9229,0.9497,o,185.0,99.0,37216.0,631.0
199272,2020,26475.0,191.0,0.0,0.8657,0.8511,0.8481,0.8407,0.943,o,144.0,78.0,38102.0,628.0
199272,2021,23686.0,215.0,0.0,1.0893,1.027,1.0146,0.9842,0.8164,o,128.0,61.0,37877.0,600.0
199272,2022,21587.0,158.0,0.0,0.8783,0.777,0.7576,0.7111,0.6554,o,136.0,68.0,35599.0,523.0
199272,2023,21046.0,180.0,0.0,1.0263,0.9118,0.8898,0.8369,0.665,o,159.0,105.0,34212.0,482.0
199272,2024,20783.0,170.0,0.0,0.9816,0.951,0.9448,0.9295,0.8967,o,168.0,67.0,33150.0,453.0
199281,1998,75419.0,461.0,0.0,0.7335,0.7502,0.758,0.7688,1.0985,o,,,,
199281,1999,72022.0,457.0,0.0,0.7614,0.7842,0.7948,0.8096,1.1304,o,,,,
199281,2000,73499.0,477.0,0.0,0.7788,0.7924,0.7987,0.8074,1.0747,o,,,,
199281,2001,80823.0,498.0,0.0,0.7394,0.7574,0.7658,0.7774,1.1053,o,,,,
199281,2002,95285.0,503.0,0.0,0.6335,0.6783,0.6999,0.7304,1.3295,o,722.0,,3584.0,
199281,2003,106499.0,536.0,0.0,0.6039,0.6655,0.6958,0.7393,1.4984,o,809.0,,4019.0,108.0
199281,2004,116227.0,612.0,0.0,0.6319,0.6902,0.7186,0.7594,1.4443,o,760.0,,4254.0,114.0
199281,2005,121089.0,581.0,0.0,0.5758,0.6047,0.6185,0.6377,1.2267,o,984.0,,4547.0,128.0
199281,2006,133797.0,619.0,0.0,0.5552,0.583,0.5963,0.6148,1.2264,o,955.0,524.0,5148.0,132.0
199281,2007,136666.0,683.0,0.0,0.5997,0.6347,0.6514,0.6749,1.2665,o,1119.0,477.0,5761.0,155.0
199281,2008,141977.0,687.0,0.0,0.5807,0.6209,0.6402,0.6676,1.3219,o,1073.0,551.0,5853.0,171.0
199281,2009,151887.0,739.0,0.0,0.5839,0.6168,0.6325,0.6546,1.2569,o,1219.0,578.0,6185.0,171.0
199281,2010,165422.0,813.0,0.0,0.5898,0.6139,0.6253,0.6412,1.1821,o,1057.0,587.0,6035.0,148.0
199281,2011,166282.0,824.0,0.0,0.5947,0.6081,0.6143,0.6229,1.0974,o,1028.0,499.0,5779.0,136.0
199281,2012,153284.0,905.0,0.0,0.7085,0.7,0.6962,0.691,0.9512,o,1020.0,490.0,6317.0,165.0
199281,2013,151454.0,984.0,0.0,0.7796,0.7589,0.7495,0.737,0.8935,o,1050.0,496.0,6493.0,165.0
199281,2014,148667.0,1011.0,0.0,0.8161,0.7977,0.7894,0.7782,0.9095,o,1074.0,591.0,6773.0,175.0
199281,2015,149926.0,907.0,0.0,0.726,0.7292,0.7307,0.7327,1.0187,o,1233.0,599.0,6902.0,170.0
199281,2016,155310.0,944.0,0.0,0.7294,0.7505,0.7604,0.7741,1.1265,o,1091.0,537.0,7213.0,182.0
199281,2017,150086.0,974.0,0.0,0.7788,0.8007,0.8109,0.8252,1.1227,o,1033.0,538.0,7414.0,190.0
199281,2018,148937.0,955.0,0.0,0.7695,0.7695,0.7695,0.7695,1.0,o,1233.0,839.0,7495.0,193.0
199281,2019,166961.0,990.0,0.0,0.7115,0.7085,0.7071,0.7052,0.9822,o,1131.0,871.0,4171.0,124.0
199281,2020,174546.0,1071.0,0.0,0.7363,0.7393,0.7407,0.7426,1.0172,o,901.0,893.0,4195.0,130.0
199281,2021,171055.0,1336.0,0.0,0.9372,0.9273,0.9228,0.9167,0.9567,o,896.0,903.0,4034.0,125.0
199281,2022,163294.0,1335.0,0.0,0.9811,0.9279,0.9046,0.8736,0.793,o,714.0,730.0,3834.0,125.0
199281,2023,147033.0,1355.0,0.0,1.1059,1.0085,0.9668,0.9126,0.681,o,908.0,784.0,3618.0,112.0
199281,2024,142840.0,1204.0,0.0,1.0115,0.9582,0.9348,0.9037,0.7982,o,801.0,803.0,3571.0,115.0
199306,1998,28748.0,207.0,0.0,0.8641,0.836,0.8303,0.8163,0.8924,o,,,,
199306,1999,27885.0,192.0,0.0,0.8263,0.8317,0.8329,0.8357,1.0231,o,,,,
199306,2000,28175.0,200.0,0.0,0.8518,0.888,0.8956,0.9151,1.1541,o,,,,
199306,2001,29465.0,178.0,0.0,0.7249,0.7679,0.7771,0.8007,1.2199,o,,,,
199306,2002,32600.0,229.0,0.0,0.8429,0.8591,0.8625,0.871,1.0677,o,168.0,,20901.0,
199306,2003,34450.0,211.0,0.0,0.735,0.7398,0.7408,0.7433,1.0228,o,170.0,,21718.0,348.0
199306,2004,35018.0,248.0,0.0,0.8498,0.8455,0.8446,0.8424,0.9826,o,191.0,,22471.0,366.0
199306,2005,35089.0,276.0,0.0,0.9439,0.9679,0.973,0.9857,1.0906,o,198.0,,23452.0,389.0
199306,2006,34666.0,242.0,0.0,0.8377,0.8914,0.9029,0.9324,1.2389,o,197.0,,24290.0,405.0
199306,2007,32948.0,261.0,0.0,0.9506,0.9945,1.0039,1.0276,1.1686,o,189.0,171.0,24878.0,409.0
199306,2008,31056.0,234.0,0.0,0.9042,0.9219,0.9256,0.935,1.0693,o,217.0,90.0,25637.0,414.0
199306,2009,30889.0,264.0,0.0,1.0256,1.0384,1.0411,1.0478,1.0437,o,240.0,124.0,26719.0,410.0
199306,2010,30426.0,210.0,0.0,0.8282,0.864,0.8716,0.8909,1.157,o,204.0,122.0,27468.0,438.0
199306,2011,30129.0,246.0,0.0,0.9798,1.0204,1.029,1.0508,1.1503,o,201.0,119.0,28724.0,452.0
199306,2012,29327.0,174.0,0.0,0.712,0.7115,0.7114,0.7111,0.9975,o,221.0,78.0,29423.0,459.0
199306,2013,28133.0,192.0,0.0,0.819,0.8003,0.7964,0.787,0.9234,o,234.0,99.0,30613.0,497.0
199306,2014,27051.0,244.0,0.0,1.0824,1.0901,1.0917,1.0957,1.0248,o,216.0,106.0,31796.0,490.0
199306,2015,27248.0,199.0,0.0,0.8764,0.9036,0.9093,0.9238,1.1111,o,160.0,131.0,33753.0,492.0
199306,2016,26313.0,189.0,0.0,0.8619,0.8336,0.8278,0.8136,0.891,o,180.0,89.0,35166.0,500.0
199306,2017,23734.0,246.0,0.0,1.2438,1.143,1.1232,1.0752,0.7473,o,277.0,81.0,36962.0,515.0
199306,2018,23102.0,183.0,0.0,0.9506,0.9548,0.9557,0.9579,1.0156,o,308.0,80.0,36857.0,507.0
199306,2019,25517.0,139.0,0.0,0.6537,0.7431,0.7631,0.8154,1.5559,o,254.0,67.0,36892.0,514.0
199306,2020,26308.0,142.0,0.0,0.6477,0.7493,0.7723,0.8327,1.6529,o,173.0,35.0,37332.0,527.0
199306,2021,23782.0,186.0,0.0,0.9385,0.9202,0.9165,0.9072,0.9344,o,189.0,44.0,37165.0,507.0
199306,2022,22565.0,161.0,0.0,0.8562,0.7449,0.7238,0.6735,0.6188,o,165.0,58.0,35632.0,474.0
199306,2023,20553.0,186.0,0.0,1.086,0.9497,0.9238,0.8619,0.6299,o,195.0,51.0,34460.0,461.0
199306,2024,19456.0,153.0,0.0,0.9437,0.8981,0.8889,0.8665,0.8431,o,203.0,66.0,33930.0,462.0
199315,1998,6696.0,43.0,12.0,0.8781,0.8617,0.8583,0.8499,0.9367,i,,,,
199315,1999,8024.0,31.0,8.0,0.5234,0.5235,0.5235,0.5236,1.0005,i,,,,
199315,2000,7994.0,31.0,6.0,0.5104,0.524,0.5268,0.534,1.0947,o,,,,
199315,2001,8349.0,41.0,7.0,0.6396,0.6822,0.6914,0.7149,1.2492,i,,,,
199315,2002,7075.0,31.0,6.0,0.5767,0.5926,0.5959,0.6044,1.0984,i,42.0,,12108.0,
199315,2003,8030.0,28.0,11.0,0.5006,0.4847,0.4814,0.4734,0.8942,o,43.0,,12473.0,289.0
199315,2004,9333.0,36.0,10.0,0.5272,0.4892,0.4817,0.4634,0.7727,o,43.0,,12902.0,276.0
199315,2005,8177.0,42.0,7.0,0.6677,0.6201,0.6107,0.5877,0.7748,o,48.0,,14277.0,313.0
199315,2006,8576.0,36.0,10.0,0.5737,0.5701,0.5693,0.5675,0.9785,o,56.0,,14568.0,314.0
199315,2007,8383.0,33.0,11.0,0.5511,0.5843,0.5914,0.6096,1.2235,o,47.0,23.0,14972.0,344.0
199315,2008,7650.0,46.0,7.0,0.7765,0.8182,0.8271,0.8498,1.1977,o,51.0,31.0,15599.0,333.0
199315,2009,7358.0,44.0,3.0,0.742,0.7582,0.7615,0.7701,1.0769,o,52.0,20.0,15467.0,336.0
199315,2010,7391.0,41.0,6.0,0.7144,0.7124,0.712,0.7109,0.9904,o,55.0,116.0,17097.0,318.0
199315,2011,8013.0,48.0,5.0,0.7563,0.7647,0.7664,0.7708,1.0388,o,39.0,41.0,15662.0,319.0
199315,2012,7256.0,52.0,5.0,0.9013,0.8905,0.8883,0.8827,0.9592,o,32.0,21.0,15266.0,316.0
199315,2013,6658.0,52.0,6.0,0.9913,0.8899,0.8703,0.823,0.6893,o,33.0,26.0,16496.0,289.0
199315,2014,5150.0,52.0,6.0,1.2816,1.1091,1.0764,0.9989,0.6075,o,25.0,26.0,16398.0,305.0
199324,1998,19427.0,0.0,101.0,0.3119,0.3474,0.4583,0.5184,4.6604,o,,,,
199324,1999,32519.0,0.0,94.0,0.1734,0.1798,0.1971,0.2053,1.6667,o,,,,
199324,2000,37009.0,0.0,104.0,0.1686,0.1684,0.1679,0.1677,0.9844,o,,,,
199324,2001,38934.0,0.0,108.0,0.1664,0.1715,0.1852,0.1916,1.5319,o,,,,
199324,2002,42287.0,0.0,119.0,0.1688,0.1719,0.1798,0.1835,1.287,o,669.0,,1776.0,
199324,2003,47392.0,0.0,121.0,0.1532,0.1586,0.1735,0.1806,1.6458,o,537.0,,1919.0,28.0
199324,2004,49796.0,0.0,145.0,0.1747,0.1746,0.1742,0.1741,0.989,o,719.0,,1937.0,31.0
199324,2005,53382.0,0.0,187.0,0.2102,0.2128,0.2196,0.2227,1.1924,o,752.0,,2010.0,34.0
199324,2006,68151.0,0.0,238.0,0.2095,0.2122,0.2192,0.2224,1.1975,o,435.0,120.0,2021.0,24.0
199324,2007,69526.0,0.0,173.0,0.1493,0.1439,0.1309,0.1255,0.5914,o,353.0,52.0,1962.0,27.0
199324,2008,71118.0,0.0,206.0,0.1738,0.1676,0.1526,0.1464,0.5948,o,414.0,205.0,2015.0,25.0
199324,2009,56000.0,0.0,227.0,0.2432,0.2441,0.2462,0.2472,1.0508,o,502.0,216.0,1996.0,28.0
199324,2010,60043.0,0.0,195.0,0.1949,0.1986,0.2084,0.213,1.309,o,389.0,203.0,2214.0,30.0
199324,2011,63180.0,0.0,191.0,0.1814,0.1793,0.1741,0.1719,0.8493,o,310.0,187.0,2592.0,27.0
199324,2012,48344.0,0.0,193.0,0.2395,0.2335,0.2188,0.2125,0.6958,o,284.0,179.0,3022.0,41.0
199324,2013,40387.0,0.0,186.0,0.2763,0.2723,0.2624,0.258,0.8126,o,214.0,170.0,3076.0,48.0
199324,2014,35022.0,0.0,177.0,0.3032,0.2964,0.2794,0.2722,0.7205,o,269.0,155.0,3174.0,51.0
199324,2015,31266.0,0.0,137.0,0.2629,0.2643,0.268,0.2697,1.0803,o,231.0,37.0,3158.0,52.0
199324,2016,28278.0,0.0,155.0,0.3289,0.3279,0.3252,0.3241,0.9565,o,206.0,36.0,3136.0,53.0
199324,2017,25428.0,0.0,132.0,0.3115,0.3073,0.2968,0.2922,0.824,o,184.0,33.0,3247.0,56.0
199324,2018,22915.0,0.0,145.0,0.3797,0.3751,0.3637,0.3587,0.8421,o,172.0,25.0,3174.0,57.0
199324,2019,21944.0,0.0,119.0,0.3254,0.3225,0.3153,0.3122,0.8821,o,218.0,34.0,3104.0,66.0
199324,2020,25620.0,0.0,107.0,0.2506,0.2542,0.2636,0.2679,1.2247,o,126.0,23.0,3060.0,47.0
199324,2021,23286.0,0.0,160.0,0.4123,0.3999,0.3696,0.3569,0.6462,o,104.0,35.0,2972.0,49.0
199324,2022,22682.0,0.0,199.0,0.5264,0.5082,0.4642,0.4459,0.6047,o,94.0,25.0,2799.0,45.0
199324,2023,24019.0,0.0,223.0,0.5571,0.5493,0.5297,0.5212,0.8174,o,117.0,39.0,2646.0,44.0
199324,2024,25898.0,0.0,233.0,0.5398,0.5462,0.5628,0.5704,1.1818,o,68.0,45.0,2556.0,41.0
199333,1999,99423.0,0.0,322.0,0.1943,0.1992,0.2124,0.2185,1.4269,o,,,,
199333,2000,80006.0,0.0,388.0,0.291,0.2955,0.3075,0.313,1.248,o,,,,
199333,2001,98427.0,0.0,394.0,0.2402,0.2383,0.2335,0.2314,0.8931,o,,,,
199333,2002,108129.0,0.0,474.0,0.263,0.2639,0.2661,0.2671,1.0477,o,875.0,,1788.0,
199333,2003,123732.0,0.0,427.0,0.2071,0.209,0.214,0.2163,1.1408,o,163.0,,1930.0,47.0
199333,2005,163040.0,0.0,513.0,0.1888,0.1962,0.2167,0.2265,1.736,o,914.0,,1957.0,42.0
199333,2006,164909.0,0.0,571.0,0.2078,0.2158,0.2378,0.2484,1.718,o,877.0,1611.0,1969.0,46.0
199333,2007,167482.0,0.0,646.0,0.2314,0.2309,0.2295,0.2288,0.9664,o,959.0,1595.0,1912.0,46.0
199333,2008,174043.0,0.0,691.0,0.2382,0.2394,0.2423,0.2437,1.0709,o,1153.0,592.0,2087.0,47.0
199333,2009,193041.0,0.0,651.0,0.2023,0.2056,0.2142,0.2181,1.256,o,1217.0,648.0,2057.0,40.0
199333,2010,218466.0,0.0,683.0,0.1876,0.1895,0.1944,0.1966,1.1525,o,1377.0,751.0,2410.0,47.0
199333,2011,256385.0,0.0,792.0,0.1853,0.1873,0.1924,0.1948,1.162,o,1196.0,616.0,2764.0,43.0
199333,2012,232691.0,0.0,1069.0,0.2756,0.2741,0.2701,0.2684,0.9221,o,1798.0,714.0,2693.0,54.0
199333,2013,210765.0,0.0,1009.0,0.2872,0.294,0.3123,0.3208,1.3976,o,1481.0,2291.0,2646.0,54.0
199333,2014,209650.0,0.0,1114.0,0.3188,0.3186,0.318,0.3177,0.9893,o,1589.0,588.0,2606.0,47.0
199333,2015,226144.0,0.0,1161.0,0.308,0.3074,0.3056,0.3049,0.9692,o,1563.0,675.0,2584.0,42.0
199333,2016,213759.0,0.0,1193.0,0.3349,0.3353,0.3364,0.3369,1.0182,o,1462.0,626.0,3004.0,43.0
199333,2017,189037.0,0.0,1252.0,0.3974,0.3953,0.39,0.3877,0.9277,o,1250.0,541.0,2459.0,47.0
199333,2018,198916.0,0.0,1123.0,0.3387,0.3342,0.323,0.3181,0.8264,o,1196.0,673.0,2405.0,41.0
199333,2019,186773.0,0.0,1228.0,0.3945,0.391,0.3823,0.3785,0.882,o,1245.0,575.0,2355.0,43.0
199333,2020,199111.0,0.0,1200.0,0.3616,0.3621,0.3632,0.3637,1.018,o,890.0,462.0,2332.0,43.0
199333,2021,154579.0,0.0,1259.0,0.4887,0.478,0.4516,0.4403,0.7292,o,931.0,838.0,2264.0,49.0
199333,2022,166424.0,0.0,1062.0,0.3829,0.3792,0.37,0.366,0.8721,o,1074.0,690.0,2128.0,44.0
199333,2023,164318.0,0.0,1112.0,0.406,0.4108,0.4232,0.4288,1.1796,o,1193.0,467.0,2008.0,37.0
199333,2024,173842.0,0.0,1059.0,0.3655,0.37,0.3818,0.3871,1.19,o,1137.0,514.0,1972.0,37.0
199351,1998,6072.0,0.0,0.0,0.0,0.0,0.0,0.0,,-,,,,
199351,1999,4842.0,0.0,0.0,0.0,0.0,0.0,0.0,,-,,,,
199351,2000,3752.0,0.0,0.0,0.0,0.0,0.0,0.0,,-,,,,
199351,2002,5461.0,0.0,0.0,0.0,0.0,0.0,0.0,,-,18.0,,8557.0,
199351,2003,6493.0,0.0,0.0,0.0,0.0,0.0,0.0,,-,30.0,,12346.0,256.0
199351,2004,7920.0,0.0,0.0,0.0,0.0,0.0,0.0,,-,,,10351.0,226.0
199412,1998,34620.0,215.0,0.0,0.7452,0.7562,0.7585,0.7643,1.0518,o,,,,
199412,1999,29576.0,208.0,0.0,0.8439,0.8413,0.8408,0.8394,0.9894,o,,,,
199412,2000,27303.0,187.0,0.0,0.8219,0.7687,0.7581,0.7323,0.7939,o,,,,
199412,2001,27313.0,220.0,0.0,0.9666,0.9087,0.8972,0.869,0.8083,o,,,,
199412,2002,29699.0,219.0,0.0,0.8849,0.9024,0.9061,0.9153,1.0699,o,195.0,,19678.0,
199412,2003,31475.0,203.0,0.0,0.7739,0.8564,0.8745,0.9215,1.4175,o,252.0,,20885.0,454.0
199412,2004,35399.0,219.0,0.0,0.7424,0.824,0.842,0.8886,1.4327,o,245.0,,25953.0,469.0
199412,2005,42456.0,259.0,41.0,0.79,0.8426,0.8539,0.8828,1.2487,o,253.0,,27376.0,474.0
199412,2006,42392.0,258.0,100.0,0.8719,0.9264,0.9381,0.968,1.2327,o,243.0,260.0,28089.0,523.0
199412,2007,42701.0,274.0,120.0,0.9386,0.9674,0.9734,0.9887,1.1096,o,303.0,115.0,29415.0,559.0
199412,2008,44543.0,255.0,124.0,0.854,0.8776,0.8826,0.8951,1.0986,o,310.0,210.0,30320.0,527.0
199412,2009,48172.0,277.0,130.0,0.8519,0.9049,0.9162,0.9452,1.2309,o,315.0,271.0,31752.0,484.0
199412,2010,51916.0,330.0,98.0,0.876,0.9368,0.9499,0.9834,1.2601,o,352.0,130.0,32492.0,530.0
199412,2011,54605.0,397.0,88.0,0.9691,1.0271,1.0395,1.0712,1.2216,o,359.0,144.0,33156.0,572.0
199412,2012,53715.0,403.0,79.0,0.9886,1.032,1.0412,1.0646,1.1599,o,359.0,169.0,34500.0,605.0
199412,2013,51769.0,397.0,49.0,0.977,1.0171,1.0256,1.0472,1.1488,o,316.0,163.0,36863.0,628.0
199412,2014,49454.0,384.0,16.0,0.9512,0.9545,0.9552,0.9569,1.012,o,287.0,174.0,39234.0,637.0
199412,2015,47388.0,396.0,0.0,1.0028,0.956,0.9466,0.9235,0.8481,o,284.0,191.0,40352.0,601.0
199412,2016,48635.0,348.0,0.0,0.8586,0.8035,0.7925,0.7657,0.7953,o,279.0,206.0,42212.0,610.0
199412,2017,48200.0,406.0,0.0,1.0108,0.959,0.9486,0.9231,0.8341,o,386.0,228.0,41507.0,549.0
199412,2018,51789.0,379.0,0.0,0.8782,0.9035,0.9088,0.9222,1.1028,o,369.0,211.0,41790.0,505.0
199412,2019,55208.0,391.0,0.0,0.8499,0.9216,0.9372,0.9773,1.3222,o,338.0,185.0,42322.0,509.0
199412,2020,53413.0,427.0,0.0,0.9593,1.0248,1.0389,1.075,1.2558,o,335.0,174.0,42933.0,520.0
199412,2021,51380.0,484.0,0.0,1.1304,1.1343,1.1351,1.1372,1.012,o,293.0,134.0,43575.0,575.0
199412,2022,44833.0,382.0,0.0,1.0225,0.9693,0.9586,0.9325,0.8318,o,303.0,117.0,42484.0,549.0
199412,2023,41021.0,381.0,0.0,1.1146,1.0607,1.0499,1.0233,0.843,o,399.0,139.0,42265.0,540.0
199412,2024,42571.0,330.0,0.0,0.9302,0.9417,0.944,0.95,1.0431,o,261.0,109.0,43285.0,511.0
199421,1999,33317.0,0.0,164.0,0.2953,0.3057,0.3342,0.3476,1.639,o,,,,
199421,2000,38023.0,0.0,183.0,0.2888,0.2865,0.2809,0.2784,0.8949,o,,,,
199421,2001,38046.0,0.0,263.0,0.4148,0.4112,0.402,0.3981,0.8829,o,,,,
199421,2002,40627.0,0.0,215.0,0.3175,0.32,0.3265,0.3294,1.1181,o,336.0,,1718.0,
199421,2003,48069.0,0.0,224.0,0.2796,0.277,0.2703,0.2674,0.8739,o,402.0,,1917.0,43.0
199421,2004,61243.0,0.0,206.0,0.2018,0.2029,0.2058,0.2071,1.0821,o,440.0,,1990.0,40.0
199421,2005,47755.0,0.0,214.0,0.2689,0.2722,0.281,0.2849,1.1924,o,539.0,,2060.0,48.0
199421,2006,49000.0,0.0,224.0,0.2743,0.2791,0.2918,0.2976,1.2803,o,1167.0,,2069.0,57.0
199421,2007,58389.0,0.0,229.0,0.2353,0.2501,0.2924,0.3135,2.3841,o,697.0,472.0,2008.0,44.0
199421,2008,58392.0,0.0,219.0,0.225,0.2219,0.214,0.2105,0.8171,o,359.0,,1569.0,43.0
199421,2009,63409.0,0.0,236.0,0.2233,0.2089,0.1759,0.163,0.3852,o,482.0,153.0,1634.0,37.0
199421,2010,77234.0,0.0,295.0,0.2292,0.2277,0.224,0.2224,0.9129,o,435.0,112.0,1810.0,40.0
199421,2011,79200.0,0.0,365.0,0.2765,0.2772,0.2789,0.2796,1.0345,o,646.0,103.0,1985.0,41.0
199421,2012,77604.0,0.0,433.0,0.3348,0.3429,0.3647,0.3749,1.4089,o,571.0,117.0,2272.0,38.0
199421,2013,75826.0,0.0,428.0,0.3387,0.34,0.3433,0.3449,1.0564,o,647.0,114.0,2313.0,37.0
199421,2014,79370.0,0.0,356.0,0.2691,0.2703,0.2733,0.2746,1.0633,o,595.0,91.0,2357.0,38.0
199421,2015,74977.0,0.0,436.0,0.3489,0.3483,0.3469,0.3462,0.977,o,557.0,90.0,2371.0,33.0
199421,2016,69825.0,0.0,471.0,0.4047,0.4017,0.3939,0.3905,0.8969,o,493.0,69.0,2479.0,36.0
199421,2017,56525.0,0.0,1123.0,1.192,1.1791,1.1466,1.1324,0.8559,o,472.0,59.0,2437.0,45.0
199421,2018,54659.0,0.0,432.0,0.4742,0.4707,0.4618,0.4578,0.899,o,420.0,95.0,2957.0,43.0
199421,2019,53393.0,0.0,466.0,0.5237,0.5186,0.5058,0.5002,0.8705,o,524.0,70.0,2896.0,26.0
199421,2020,55490.0,0.0,389.0,0.4206,0.4254,0.4379,0.4436,1.1749,o,445.0,38.0,2852.0,32.0
199421,2021,50673.0,0.0,462.0,0.547,0.5448,0.539,0.5365,0.9428,o,405.0,54.0,2785.0,40.0
199421,2022,46122.0,0.0,442.0,0.575,0.5678,0.5498,0.542,0.8359,o,415.0,64.0,2650.0,37.0
199421,2023,50784.0,0.0,400.0,0.4726,0.4718,0.4698,0.4689,0.9765,o,491.0,63.0,2501.0,26.0
199421,2024,51498.0,0.0,405.0,0.4719,0.4779,0.4936,0.5008,1.1976,o,454.0,71.0,2416.0,28.0
199449,1999,35890.0,0.0,162.0,0.2708,0.2888,0.3407,0.3667,2.5045,o,,,,
199449,2002,32618.0,0.0,161.0,0.2962,0.2951,0.2923,0.2911,0.9494,o,193.0,,1504.0,
199449,2003,38767.0,0.0,187.0,0.2894,0.2985,0.3233,0.3349,1.5565,o,154.0,,1628.0,70.0
199449,2004,46084.0,0.0,209.0,0.2721,0.2717,0.2706,0.2701,0.9778,o,144.0,,1892.0,
199449,2005,34802.0,0.0,247.0,0.4258,0.4203,0.4065,0.4004,0.83,o,123.0,,1896.0,
199449,2006,37890.0,0.0,142.0,0.2249,0.2219,0.2143,0.2111,0.8255,o,296.0,,1846.0,
199449,2007,41400.0,0.0,177.0,0.2565,0.2712,0.313,0.3336,2.2172,o,308.0,399.0,1792.0,
199449,2008,43223.0,0.0,176.0,0.2443,0.251,0.269,0.2774,1.4702,o,268.0,97.0,2022.0,27.0
199449,2009,43223.0,0.0,182.0,0.2526,0.2505,0.2452,0.2429,0.8874,o,391.0,85.0,1988.0,
199449,2010,51180.0,0.0,171.0,0.2005,0.2048,0.2164,0.2218,1.3576,o,444.0,94.0,2370.0,25.0
199449,2011,59018.0,0.0,199.0,0.2023,0.2066,0.218,0.2232,1.3475,o,499.0,138.0,2605.0,23.0
199449,2012,63702.0,0.0,247.0,0.2326,0.2356,0.2433,0.2467,1.1952,o,436.0,144.0,2974.0,24.0
199449,2013,63189.0,0.0,261.0,0.2478,0.2465,0.243,0.2415,0.9247,o,474.0,143.0,3037.0,25.0
199449,2014,60917.0,0.0,227.0,0.2236,0.2238,0.2244,0.2246,1.0139,o,397.0,152.0,3115.0,22.0
199449,2015,60960.0,0.0,298.0,0.2933,0.2905,0.2835,0.2804,0.8725,o,388.0,143.0,3110.0,20.0
199449,2016,61245.0,0.0,345.0,0.338,0.3353,0.3284,0.3253,0.8909,o,344.0,196.0,3171.0,22.0
199449,2017,62979.0,0.0,388.0,0.3696,0.3662,0.3577,0.3539,0.8764,o,329.0,154.0,3200.0,23.0
199449,2018,61073.0,0.0,416.0,0.4087,0.4057,0.3979,0.3946,0.8989,o,334.0,162.0,3136.0,
199449,2019,63103.0,0.0,437.0,0.4155,0.4153,0.4147,0.4145,0.9926,o,290.0,178.0,3070.0,20.0
199449,2020,61658.0,0.0,397.0,0.3863,0.3827,0.3736,0.3696,0.8748,o,293.0,142.0,3024.0,20.0
199449,2021,56169.0,0.0,355.0,0.3792,0.3775,0.3733,0.3714,0.9391,o,276.0,162.0,2960.0,
199449,2022,52573.0,0.0,391.0,0.4462,0.4445,0.4402,0.4383,0.9468,o,254.0,136.0,2782.0,
199449,2023,52250.0,0.0,340.0,0.3904,0.3873,0.3795,0.3761,0.8928,o,266.0,173.0,2625.0,21.0
199449,2024,54691.0,0.0,380.0,0.4169,0.417,0.4173,0.4174,1.0038,o,299.0,200.0,2552.0,19.0
199458,1998,3985.0,16.0,10.0,0.6324,0.7358,0.7593,0.8212,1.6863,o,,,,
199458,1999,3841.0,24.0,8.0,0.8748,0.885,0.8872,0.8926,1.0411,o,,,,
199458,2000,3941.0,15.0,4.0,0.5176,0.5136,0.5128,0.5108,0.9737,o,,,,
199458,2001,4411.0,22.0,5.0,0.6665,0.6574,0.6555,0.6508,0.9535,o,,,,
199458,2002,4512.0,25.0,11.0,0.8112,0.8233,0.8259,0.8322,1.0526,o,45.0,,10376.0,
199458,2003,4937.0,26.0,4.0,0.6806,0.7133,0.7202,0.7379,1.1757,o,48.0,,10917.0,232.0
199458,2004,4915.0,18.0,7.0,0.5249,0.5444,0.5486,0.559,1.1341,o,30.0,,11940.0,245.0
199458,2005,4745.0,29.0,7.0,0.8219,0.8159,0.8147,0.8116,0.975,o,32.0,,12394.0,259.0
199458,2006,3940.0,29.0,13.0,1.0812,0.98,0.9603,0.9127,0.7126,o,24.0,,12815.0,322.0
199458,2007,4110.0,36.0,10.0,1.1971,1.0333,1.0024,0.9289,0.6022,o,30.0,25.0,13505.0,289.0
199458,2008,3528.0,19.0,6.0,0.7483,0.6726,0.6579,0.6226,0.6923,o,41.0,25.0,14106.0,297.0
199458,2009,3960.0,16.0,10.0,0.6364,0.6619,0.6673,0.681,1.1452,o,34.0,24.0,14014.0,305.0
199458,2010,4177.0,13.0,7.0,0.474,0.5159,0.5251,0.5486,1.3393,o,25.0,26.0,14752.0,327.0
199458,2011,4246.0,20.0,5.0,0.6359,0.6524,0.6559,0.6647,1.0926,o,27.0,15.0,15031.0,329.0
199458,2012,5250.0,24.0,5.0,0.6057,0.5534,0.5432,0.5184,0.7324,o,37.0,25.0,15239.0,281.0
199458,2013,5010.0,31.0,1.0,0.7545,0.7206,0.7137,0.697,0.8533,o,40.0,25.0,15614.0,303.0
199458,2014,5160.0,15.0,3.0,0.3837,0.4145,0.4212,0.4384,1.3051,o,48.0,22.0,16010.0,310.0
199458,2015,4825.0,31.0,4.0,0.8207,0.956,0.9867,1.0677,1.6923,o,55.0,17.0,16710.0,383.0
199458,2016,5213.0,30.0,4.0,0.7366,0.8456,0.8701,0.9345,1.6094,o,59.0,18.0,17424.0,373.0
199458,2017,4712.0,19.0,6.0,0.5603,0.6278,0.6428,0.6817,1.4805,o,54.0,11.0,17337.0,332.0
199458,2018,5198.0,28.0,2.0,0.6695,0.7198,0.7307,0.7586,1.2841,o,66.0,16.0,17548.0,314.0
199458,2019,4845.0,31.0,4.0,0.8173,0.8544,0.8622,0.8822,1.165,o,55.0,18.0,18669.0,375.0
199458,2020,4674.0,34.0,3.0,0.9114,0.9273,0.9306,0.939,1.0614,o,35.0,10.0,19003.0,373.0
199458,2021,3909.0,31.0,1.0,0.967,0.9052,0.893,0.863,0.7965,o,42.0,16.0,19248.0,362.0
199458,2022,3495.0,14.0,0.0,0.4807,0.4227,0.4115,0.385,0.6417,o,27.0,14.0,18090.0,340.0
199458,2023,3359.0,14.0,1.0,0.518,0.4401,0.4256,0.3912,0.5702,o,46.0,14.0,17639.0,332.0
199458,2024,3703.0,18.0,6.0,0.6805,0.6404,0.6324,0.6129,0.8111,o,32.0,18.0,17280.0,334.0
199467,1999,20445.0,0.0,61.0,0.179,0.1794,0.1806,0.1811,1.035,o,,,,
199467,2000,20031.0,0.0,61.0,0.1827,0.1834,0.1851,0.1859,1.0538,o,,,,
199467,2002,21110.0,0.0,102.0,0.2899,0.312,0.3767,0.4096,2.8497,o,182.0,,1782.0,
199467,2003,23087.0,0.0,91.0,0.2365,0.2285,0.2092,0.2011,0.6118,o,174.0,,1953.0,39.0
199467,2004,26097.0,0.0,100.0,0.2299,0.2209,0.1992,0.1902,0.5631,o,159.0,,1997.0,24.0
199467,2005,26194.0,0.0,101.0,0.2314,0.2295,0.2249,0.2229,0.8933,o,172.0,,2070.0,24.0
199467,2006,23757.0,0.0,50.0,0.1263,0.1266,0.1273,0.1276,1.033,o,283.0,,2078.0,32.0
199467,2007,20002.0,0.0,63.0,0.189,0.1962,0.2161,0.2256,1.71,o,118.0,122.0,2017.0,37.0
199467,2008,22335.0,0.0,68.0,0.1827,0.1745,0.155,0.1471,0.5187,o,241.0,104.0,1967.0,21.0
199467,2009,18678.0,0.0,70.0,0.2249,0.2278,0.2354,0.2389,1.202,o,515.0,112.0,2108.0,
199467,2010,19096.0,0.0,63.0,0.1979,0.2131,0.2576,0.2803,2.8691,o,116.0,120.0,2432.0,30.0
199467,2011,20279.0,0.0,52.0,0.1539,0.1416,0.1145,0.1042,0.3069,o,96.0,132.0,2665.0,24.0
199467,2012,19507.0,0.0,67.0,0.2061,0.1896,0.1531,0.1392,0.3043,o,172.0,131.0,3033.0,29.0
199467,2013,19420.0,0.0,73.0,0.2255,0.2333,0.2546,0.2646,1.6226,o,145.0,135.0,3087.0,27.0
199467,2014,18550.0,0.0,77.0,0.2491,0.2504,0.254,0.2556,1.0821,o,102.0,125.0,3145.0,27.0
199467,2015,17141.0,0.0,77.0,0.2695,0.2613,0.2414,0.233,0.6435,o,87.0,36.0,3140.0,25.0
199467,2016,16010.0,0.0,96.0,0.3598,0.3511,0.3296,0.3205,0.7045,o,88.0,30.0,3213.0,27.0
199467,2017,16285.0,0.0,68.0,0.2505,0.2493,0.2461,0.2447,0.9312,o,87.0,37.0,3368.0,25.0
199467,2018,17400.0,0.0,115.0,0.3966,0.3964,0.396,0.3958,0.9943,o,78.0,17.0,3293.0,25.0
199467,2019,13313.0,0.0,55.0,0.2479,0.2459,0.2409,0.2387,0.8914,o,48.0,6.0,3224.0,30.0
199467,2020,13590.0,0.0,86.0,0.3797,0.3656,0.3316,0.3175,0.5818,o,42.0,2.0,3176.0,20.0
199467,2021,9871.0,0.0,90.0,0.5471,0.5317,0.4943,0.4785,0.6667,o,42.0,22.0,3084.0,22.0
199467,2022,11936.0,0.0,106.0,0.5328,0.5303,0.5237,0.5208,0.9333,o,22.0,20.0,2898.0,
199467,2023,11195.0,0.0,79.0,0.4234,0.4047,0.3602,0.342,0.5238,o,36.0,8.0,2735.0,20.0
199467,2024,12233.0,0.0,100.0,0.4905,0.4945,0.5051,0.5099,1.125,o,61.0,18.0,2642.0,28.0
199476,1998,22267.0,0.0,152.0,0.4096,0.4166,0.4354,0.444,1.2766,o,,,,
199476,1999,35603.0,0.0,124.0,0.209,0.2105,0.2144,0.2161,1.1071,o,,,,
199476,2000,37302.0,0.0,155.0,0.2493,0.2495,0.2498,0.25,1.0085,o,,,,
199476,2001,40350.0,0.0,152.0,0.226,0.2234,0.2167,0.2139,0.8456,o,,,,
199476,2002,46901.0,0.0,165.0,0.2111,0.2157,0.228,0.2336,1.3602,o,467.0,,1767.0,
199476,2003,46926.0,0.0,171.0,0.2186,0.2196,0.222,0.2231,1.0626,o,563.0,,1910.0,25.0
199476,2004,60185.0,0.0,206.0,0.2054,0.2072,0.2121,0.2143,1.1374,o,550.0,,1983.0,
199476,2005,49236.0,0.0,170.0,0.2072,0.2081,0.2106,0.2117,1.068,o,653.0,,2054.0,32.0
199476,2006,57330.0,0.0,187.0,0.1957,0.1979,0.2037,0.2063,1.1734,o,831.0,,2063.0,27.0
199476,2008,32949.0,0.0,170.0,0.3096,0.2934,0.2554,0.2402,0.4636,o,513.0,224.0,2055.0,47.0
199476,2009,65010.0,0.0,185.0,0.1707,0.1691,0.1651,0.1633,0.8732,o,572.0,278.0,2020.0,26.0
199476,2010,48877.0,0.0,198.0,0.2431,0.248,0.2613,0.2674,1.3349,o,464.0,322.0,2221.0,36.0
199476,2011,52186.0,0.0,206.0,0.2368,0.2343,0.2278,0.2249,0.8553,o,406.0,478.0,2976.0,33.0
199476,2012,48475.0,0.0,216.0,0.2674,0.2628,0.2516,0.2467,0.7838,o,574.0,224.0,2901.0,30.0
199476,2013,69663.0,0.0,213.0,0.1835,0.1871,0.1966,0.201,1.3195,o,418.0,419.0,2850.0,27.0
199476,2014,52708.0,0.0,211.0,0.2402,0.2375,0.2308,0.2279,0.8531,o,302.0,383.0,3118.0,25.0
199476,2015,42330.0,0.0,185.0,0.2622,0.2533,0.2316,0.2226,0.6089,o,318.0,235.0,3115.0,37.0
199476,2016,44880.0,0.0,211.0,0.2821,0.2796,0.2735,0.2708,0.8833,o,280.0,225.0,3113.0,29.0
199476,2017,42504.0,0.0,245.0,0.3458,0.3434,0.3372,0.3344,0.9032,o,262.0,139.0,3238.0,31.0
199476,2018,42255.0,0.0,217.0,0.3081,0.3053,0.2981,0.295,0.8763,o,206.0,104.0,3192.0,34.0
199476,2019,40387.0,0.0,252.0,0.3744,0.3673,0.3496,0.342,0.7601,o,244.0,110.0,3127.0,23.0
199476,2020,41292.0,0.0,218.0,0.3168,0.3177,0.3201,0.3212,1.0427,o,279.0,127.0,3081.0,25.0
199476,2021,40154.0,0.0,256.0,0.3825,0.3883,0.4037,0.4107,1.24,o,284.0,205.0,2992.0,34.0
199476,2022,40262.0,0.0,247.0,0.3681,0.3702,0.3758,0.3783,1.086,o,242.0,637.0,2812.0,30.0
199476,2023,41618.0,0.0,255.0,0.3676,0.3638,0.354,0.3497,0.8597,o,239.0,666.0,2653.0,28.0
199476,2024,43016.0,0.0,284.0,0.3961,0.3935,0.3868,0.3838,0.9087,o,299.0,186.0,2571.0,27.0
199485,1998,29247.0,0.0,163.0,0.3344,0.3517,0.4005,0.4243,2.0576,o,,,,
199485,1999,39906.0,0.0,176.0,0.2646,0.2731,0.2963,0.3073,1.5728,o,,,,
199485,2001,32895.0,0.0,141.0,0.2572,0.2568,0.256,0.2556,0.9816,o,,,,
199485,2002,43397.0,0.0,166.0,0.2295,0.231,0.2349,0.2366,1.0964,o,414.0,,1784.0,
199485,2003,40438.0,0.0,154.0,0.2285,0.2269,0.2228,0.221,0.9039,o,505.0,,1521.0,69.0
199485,2004,56053.0,0.0,168.0,0.1798,0.1812,0.1849,0.1866,1.1185,o,481.0,,2031.0,49.0
199485,2005,53951.0,0.0,194.0,0.2158,0.2164,0.2182,0.219,1.0468,o,421.0,,2228.0,54.0
199485,2006,52315.0,0.0,174.0,0.1996,0.1974,0.1918,0.1894,0.854,o,495.0,,2040.0,50.0
199485,2007,53123.0,0.0,190.0,0.2146,0.216,0.2196,0.2213,1.0976,o,441.0,88.0,2058.0,49.0
199485,2008,52540.0,0.0,166.0,0.1896,0.1891,0.1878,0.1872,0.9629,o,452.0,393.0,2103.0,43.0
199485,2009,56942.0,0.0,158.0,0.1665,0.1661,0.165,0.1646,0.9658,o,569.0,465.0,2268.0,40.0
199485,2010,66176.0,0.0,181.0,0.1641,0.1669,0.1744,0.1778,1.2744,o,485.0,474.0,2453.0,37.0
199485,2011,66012.0,0.0,172.0,0.1563,0.1558,0.1543,0.1537,0.95,o,478.0,406.0,2686.0,31.0
199485,2012,52602.0,0.0,234.0,0.2669,0.2651,0.2605,0.2585,0.907,o,440.0,113.0,3053.0,40.0
199485,2013,46697.0,0.0,205.0,0.2634,0.2617,0.2575,0.2557,0.9138,o,443.0,117.0,2369.0,46.0
199485,2014,43012.0,0.0,236.0,0.3292,0.3284,0.3263,0.3254,0.9651,o,409.0,78.0,2412.0,45.0
199485,2015,40043.0,0.0,202.0,0.3027,0.3011,0.2969,0.2951,0.9264,o,362.0,90.0,2407.0,39.0
199485,2016,38111.0,0.0,226.0,0.3558,0.3518,0.3416,0.3372,0.8498,o,334.0,73.0,2391.0,45.0
199485,2017,36402.0,0.0,266.0,0.4384,0.4341,0.423,0.4182,0.8664,o,343.0,90.0,2473.0,48.0
199485,2018,36822.0,0.0,271.0,0.4416,0.4411,0.44,0.4395,0.9856,o,339.0,80.0,2418.0,57.0
199485,2019,33886.0,0.0,295.0,0.5223,0.5224,0.5225,0.5226,1.0015,o,394.0,63.0,2399.0,50.0
199485,2020,38388.0,0.0,274.0,0.4283,0.4326,0.444,0.4492,1.1554,o,319.0,115.0,2363.0,45.0
199485,2021,29107.0,0.0,260.0,0.536,0.5308,0.5177,0.512,0.8704,o,370.0,78.0,2295.0,58.0
199485,2022,26654.0,0.0,227.0,0.511,0.5123,0.5158,0.5173,1.0379,o,269.0,71.0,2157.0,27.0
199485,2023,25987.0,0.0,235.0,0.5426,0.5333,0.51,0.5,0.7808,o,284.0,50.0,2035.0,42.0
199485,2024,43487.0,0.0,277.0,0.3822,0.379,0.3711,0.3676,0.8889,o,261.0,87.0,1966.0,28.0
199494,1998,58300.0,0.0,159.0,0.1636,0.171,0.1915,0.2014,1.8759,o,,,,
199494,1999,71168.0,0.0,218.0,0.1838,0.1918,0.2142,0.2249,1.8442,o,,,,
199494,2000,76332.0,0.0,268.0,0.2107,0.2121,0.2159,0.2176,1.1029,o,,,,
199494,2001,79362.0,0.0,225.0,0.1701,0.1699,0.1693,0.169,0.9809,o,,,,
199494,2002,92601.0,0.0,308.0,0.1996,0.2057,0.2225,0.2304,1.5455,o,1368.0,,1718.0,
199494,2003,96881.0,0.0,247.0,0.153,0.154,0.1568,0.1581,1.1041,o,1561.0,,1863.0,48.0
199494,2004,117708.0,0.0,323.0,0.1646,0.1656,0.1681,0.1693,1.0874,o,1452.0,,1884.0,43.0
199494,2005,122698.0,0.0,409.0,0.2,0.1999,0.1996,0.1994,0.9915,o,1343.0,,1957.0,46.0
199494,2007,103608.0,0.0,416.0,0.2409,0.2321,0.2108,0.202,0.5868,o,126.0,902.0,1912.0,47.0
199494,2008,134751.0,0.0,412.0,0.1834,0.1578,0.1072,0.0902,0.1165,o,1044.0,1010.0,2060.0,37.0
199494,2009,132276.0,0.0,424.0,0.1923,0.2033,0.2344,0.2497,2.2072,o,1075.0,1187.0,2026.0,42.0
199494,2010,192531.0,0.0,462.0,0.144,0.1502,0.1676,0.176,1.8376,o,1534.0,1173.0,2433.0,40.0
199494,2011,200326.0,0.0,616.0,0.1845,0.1893,0.2024,0.2085,1.4479,o,1653.0,1077.0,2680.0,35.0
199494,2012,136703.0,0.0,784.0,0.3441,0.3499,0.3651,0.3721,1.2672,o,1569.0,1139.0,3061.0,50.0
199494,2013,172457.0,0.0,805.0,0.2801,0.2798,0.279,0.2786,0.9846,o,3520.0,1026.0,3128.0,35.0
199494,2014,169581.0,0.0,677.0,0.2395,0.253,0.2912,0.31,2.185,o,1490.0,1019.0,3186.0,32.0
199494,2015,157855.0,0.0,828.0,0.3147,0.3031,0.2753,0.2638,0.5856,o,1170.0,316.0,3188.0,30.0
199494,2016,131624.0,0.0,710.0,0.3236,0.3069,0.2676,0.2517,0.4671,o,1563.0,382.0,3249.0,39.0
199494,2017,117050.0,0.0,821.0,0.4208,0.4256,0.4382,0.4439,1.1752,o,1099.0,265.0,3348.0,42.0
199494,2018,118936.0,0.0,942.0,0.4752,0.468,0.45,0.4422,0.8042,o,1142.0,236.0,3273.0,29.0
199494,2019,124312.0,0.0,974.0,0.4701,0.4651,0.4524,0.4469,0.858,o,916.0,174.0,3204.0,52.0
199494,2020,132293.0,0.0,922.0,0.4182,0.4123,0.3976,0.3913,0.8175,o,1242.0,227.0,3164.0,47.0
199494,2021,124695.0,0.0,915.0,0.4403,0.4461,0.4615,0.4685,1.207,o,1346.0,207.0,3072.0,36.0
199494,2022,118853.0,0.0,810.0,0.4089,0.4153,0.4321,0.4399,1.2475,o,1331.0,255.0,2881.0,38.0
199494,2023,117495.0,0.0,838.0,0.4279,0.4288,0.431,0.4319,1.0286,o,936.0,530.0,2095.0,28.0
199494,2024,117859.0,0.0,840.0,0.4276,0.4171,0.391,0.38,0.6993,o,711.0,524.0,2064.0,47.0
199582,1998,45024.0,130.0,0.0,0.3465,0.3346,0.3322,0.3263,0.887,o,,,,
199582,1999,45637.0,242.0,0.0,0.6363,0.5878,0.5783,0.555,0.7608,o,,,,
199582,2000,44516.0,255.0,0.0,0.6874,0.6274,0.6156,0.5872,0.7297,o,,,,
199582,2002,36405.0,221.0,0.0,0.7285,0.7221,0.7208,0.7175,0.9701,o,449.0,,13910.0,
199582,2003,45383.0,235.0,0.0,0.6214,0.659,0.667,0.6876,1.2245,o,548.0,,14071.0,242.0
199582,2004,46221.0,213.0,0.0,0.553,0.6155,0.6293,0.6652,1.447,o,328.0,,16000.0,277.0
199582,2005,41630.0,169.0,0.0,0.4871,0.5238,0.5318,0.5521,1.2845,o,262.0,,16720.0,322.0
199582,2006,37362.0,182.0,0.0,0.5846,0.5391,0.5301,0.5084,0.7564,o,464.0,30.0,17806.0,338.0
199582,2007,37284.0,187.0,0.0,0.6019,0.549,0.5386,0.5136,0.7282,o,417.0,41.0,18838.0,366.0
199582,2008,41487.0,168.0,0.0,0.4859,0.4867,0.4869,0.4873,1.0057,o,485.0,47.0,19325.0,343.0
199582,2009,44830.0,167.0,0.0,0.447,0.5056,0.5186,0.5527,1.5288,o,448.0,128.0,20322.0,368.0
199582,2010,45213.0,178.0,0.0,0.4724,0.5081,0.5158,0.5356,1.2851,o,440.0,51.0,22429.0,432.0
199582,2011,49807.0,249.0,0.0,0.5999,0.6013,0.6016,0.6023,1.0079,o,461.0,113.0,23954.0,409.0
199582,2012,43985.0,210.0,0.0,0.5729,0.5727,0.5727,0.5726,0.9989,o,412.0,68.0,23348.0,415.0
199582,2013,44140.0,228.0,0.0,0.6198,0.608,0.6056,0.5996,0.9357,o,327.0,48.0,22939.0,318.0
199582,2014,38342.0,226.0,0.0,0.7073,0.6706,0.6633,0.6453,0.8322,o,268.0,33.0,23554.0,324.0
199582,2015,30437.0,208.0,0.0,0.8201,0.7271,0.7092,0.6664,0.6604,o,212.0,51.0,23355.0,314.0
199582,2016,23814.0,166.0,0.0,0.8365,0.7033,0.6785,0.6203,0.5498,o,353.0,75.0,23193.0,365.0
199582,2017,27393.0,137.0,0.0,0.6002,0.5552,0.5463,0.5248,0.7645,o,332.0,69.0,22806.0,498.0
199582,2018,27320.0,121.0,0.0,0.5315,0.5536,0.5583,0.5703,1.1513,o,211.0,2.0,22296.0,584.0
199582,2019,22828.0,92.0,0.0,0.4836,0.5012,0.5049,0.5144,1.1312,o,267.0,46.0,21829.0,577.0
199582,2020,29394.0,113.0,0.0,0.4613,0.4395,0.4351,0.4243,0.846,o,384.0,17.0,21503.0,523.0
199582,2021,27584.0,108.0,0.0,0.4698,0.463,0.4615,0.458,0.9504,o,774.0,,19708.0,54.0
199582,2022,32183.0,67.0,0.0,0.2498,0.3112,0.3256,0.3648,2.1326,o,341.0,84.0,18536.0,49.0
199582,2023,29078.0,100.0,0.0,0.4127,0.5276,0.5551,0.6303,2.3326,o,162.0,139.0,17490.0,478.0
199607,1998,24199.0,149.0,0.0,0.7389,0.7568,0.7606,0.7701,1.0864,o,,,,
199607,1999,28666.0,161.0,0.0,0.674,0.7063,0.7132,0.7307,1.1755,o,,,,
199607,2000,26274.0,195.0,0.0,0.8906,0.9058,0.909,0.917,1.0602,o,,,,
199607,2001,41040.0,163.0,0.0,0.4766,0.4621,0.4592,0.4519,0.8991,o,,,,
199607,2002,26143.0,168.0,0.0,0.7711,0.7673,0.7666,0.7646,0.9831,o,148.0,,24736.0,
199607,2003,26274.0,135.0,0.0,0.6166,0.6298,0.6325,0.6395,1.0757,o,164.0,,25117.0,311.0
199607,2004,28250.0,168.0,0.0,0.7136,0.726,0.7286,0.7351,1.0612,o,155.0,,25704.0,298.0
199607,2005,28282.0,187.0,0.0,0.7934,0.773,0.7689,0.7586,0.914,o,135.0,,26196.0,312.0
199607,2006,30564.0,170.0,0.0,0.6675,0.6368,0.6307,0.6155,0.8504,o,154.0,,26448.0,276.0
199607,2007,25924.0,173.0,0.0,0.8008,0.7832,0.7796,0.7707,0.9263,o,121.0,68.0,27470.0,316.0
199607,2008,24128.0,157.0,0.0,0.7808,0.7479,0.7413,0.725,0.8621,o,122.0,59.0,28081.0,331.0
199607,2009,23515.0,165.0,0.0,0.842,0.7999,0.7915,0.7708,0.8379,o,149.0,84.0,29373.0,327.0
199607,2010,24479.0,160.0,0.0,0.7843,0.7699,0.7669,0.7595,0.9377,o,156.0,114.0,30563.0,310.0
199607,2011,25806.0,127.0,0.0,0.5906,0.6086,0.6124,0.6219,1.1091,o,183.0,114.0,30662.0,320.0
199607,2012,29412.0,142.0,0.0,0.5794,0.6381,0.651,0.6843,1.3951,o,172.0,87.0,30913.0,305.0
199607,2013,28942.0,182.0,0.0,0.7546,0.8161,0.8294,0.8637,1.31,o,181.0,81.0,31868.0,348.0
199607,2014,29761.0,193.0,0.0,0.7782,0.8119,0.819,0.8372,1.1574,o,202.0,78.0,32343.0,319.0
199607,2015,27874.0,206.0,0.0,0.8868,0.9188,0.9255,0.9426,1.1298,o,186.0,76.0,33101.0,329.0
199607,2016,29976.0,187.0,0.0,0.7486,0.7681,0.7723,0.7826,1.093,o,204.0,69.0,34013.0,308.0
199607,2017,28300.0,209.0,0.0,0.8862,0.9122,0.9177,0.9315,1.1048,o,163.0,55.0,34937.0,337.0
199607,2018,23856.0,200.0,0.0,1.006,0.9937,0.9911,0.9848,0.9582,o,103.0,43.0,35601.0,374.0
199607,2019,20300.0,187.0,0.0,1.1054,0.9908,0.9686,0.9153,0.6856,o,109.0,45.0,35589.0,360.0
199607,2020,17734.0,177.0,0.0,1.1977,1.0036,0.9676,0.883,0.5436,o,121.0,22.0,36078.0,357.0
199607,2021,12680.0,126.0,0.0,1.1924,1.0413,1.0125,0.944,0.6267,o,45.0,20.0,36203.0,509.0
199607,2022,9553.0,106.0,0.0,1.3315,1.1613,1.129,1.0519,0.6241,o,93.0,22.0,34026.0,396.0
199607,2023,9686.0,82.0,0.0,1.0159,0.897,0.8742,0.8196,0.6509,o,156.0,17.0,32106.0,388.0
199607,2024,12061.0,76.0,0.0,0.7562,0.7738,0.7775,0.7868,1.0826,o,136.0,32.0,32236.0,350.0
199625,1999,25383.0,0.0,68.0,0.1607,0.1698,0.1955,0.2081,2.1875,o,,,,
199625,2000,29036.0,0.0,90.0,0.186,0.1875,0.1915,0.1932,1.1231,o,,,,
199625,2001,22488.0,0.0,89.0,0.2375,0.2293,0.2094,0.2012,0.6052,o,,,,
199625,2002,23722.0,0.0,87.0,0.22,0.2225,0.229,0.2319,1.1727,o,306.0,,1718.0,
199625,2003,26786.0,0.0,96.0,0.215,0.2184,0.2274,0.2316,1.2515,o,272.0,,1863.0,47.0
199625,2004,35433.0,0.0,129.0,0.2184,0.217,0.2133,0.2117,0.9097,o,273.0,,1884.0,38.0
199625,2005,33324.0,0.0,113.0,0.2035,0.2026,0.2006,0.1997,0.9446,o,345.0,,2067.0,38.0
199625,2006,32317.0,0.0,105.0,0.1949,0.1982,0.2068,0.2107,1.2661,o,639.0,,2075.0,36.0
199625,2007,34500.0,0.0,116.0,0.2017,0.2123,0.2419,0.2564,2.068,o,225.0,244.0,2014.0,27.0
199625,2008,32525.0,0.0,101.0,0.1863,0.1764,0.1532,0.1439,0.4573,o,285.0,223.0,2068.0,27.0
199625,2009,32116.0,0.0,126.0,0.2354,0.2286,0.2121,0.2052,0.6597,o,349.0,161.0,2045.0,26.0
199625,2010,35077.0,0.0,120.0,0.2053,0.2098,0.222,0.2277,1.3686,o,253.0,163.0,2396.0,35.0
199625,2011,34234.0,0.0,137.0,0.2401,0.2364,0.2269,0.2229,0.7981,o,298.0,132.0,2630.0,37.0
199625,2012,32898.0,0.0,187.0,0.3411,0.3408,0.3402,0.3399,0.99,o,218.0,155.0,2999.0,37.0
199625,2013,26287.0,0.0,115.0,0.2625,0.2582,0.2476,0.243,0.7913,o,229.0,144.0,3055.0,50.0
199625,2014,28219.0,0.0,176.0,0.3742,0.3711,0.3632,0.3598,0.8876,o,175.0,161.0,3114.0,47.0
199625,2015,30058.0,0.0,192.0,0.3833,0.3768,0.3605,0.3535,0.783,o,221.0,44.0,3108.0,42.0
199625,2016,29399.0,0.0,221.0,0.451,0.4539,0.4613,0.4646,1.0941,o,206.0,40.0,3087.0,41.0
199625,2017,30634.0,0.0,188.0,0.3682,0.3692,0.3719,0.3731,1.0404,o,336.0,115.0,3198.0,38.0
199625,2018,32432.0,0.0,166.0,0.3071,0.317,0.344,0.3567,1.5738,o,344.0,131.0,3174.0,34.0
199625,2019,35093.0,0.0,273.0,0.4668,0.4746,0.4954,0.505,1.2694,o,358.0,155.0,3396.0,37.0
199625,2020,37860.0,0.0,310.0,0.4913,0.4931,0.4977,0.4997,1.0529,o,189.0,64.0,3345.0,30.0
199625,2021,37010.0,0.0,320.0,0.5188,0.4968,0.4444,0.4229,0.5385,o,213.0,38.0,3303.0,23.0
199625,2022,37528.0,0.0,354.0,0.566,0.5562,0.5317,0.5212,0.7788,o,192.0,66.0,3105.0,27.0
199625,2023,35118.0,0.0,296.0,0.5057,0.5041,0.5,0.4981,0.9552,o,235.0,65.0,2929.0,26.0
199625,2024,37010.0,0.0,348.0,0.5642,0.5701,0.5856,0.5926,1.1605,o,235.0,62.0,2830.0,24.0
199634,1998,38499.0,0.0,377.0,0.5875,0.6086,0.6662,0.6935,1.6526,o,,,,
199634,1999,63422.0,0.0,296.0,0.28,0.2839,0.294,0.2986,1.2145,o,,,,
199634,2000,66973.0,0.0,261.0,0.2338,0.2343,0.2355,0.236,1.0287,o,,,,
199634,2001,66976.0,0.0,346.0,0.31,0.3107,0.3127,0.3136,1.0355,o,,,,
199634,2002,72550.0,0.0,342.0,0.2828,0.2844,0.2884,0.2901,1.0803,o,612.0,,1587.0,
199634,2003,81008.0,0.0,335.0,0.2481,0.2498,0.2542,0.2562,1.1017,o,537.0,,1910.0,36.0
199634,2004,83911.0,0.0,470.0,0.3361,0.3338,0.328,0.3254,0.9071,o,543.0,,1670.0,32.0
199634,2005,79298.0,0.0,403.0,0.3049,0.3037,0.3007,0.2993,0.9452,o,584.0,,1696.0,31.0
199634,2006,87660.0,0.0,321.0,0.2197,0.2209,0.2241,0.2255,1.0815,o,500.0,,1767.0,37.0
199634,2007,98508.0,0.0,326.0,0.1986,0.1969,0.1927,0.1909,0.8873,o,662.0,972.0,1824.0,29.0
199634,2008,101820.0,0.0,341.0,0.2009,0.2038,0.2112,0.2147,1.2214,o,757.0,982.0,1867.0,38.0
199634,2009,109420.0,0.0,357.0,0.1958,0.1994,0.2091,0.2136,1.3029,o,781.0,997.0,2073.0,33.0
199634,2010,118151.0,0.0,412.0,0.2092,0.2106,0.2143,0.216,1.1008,o,778.0,1345.0,2426.0,36.0
199634,2011,120300.0,0.0,450.0,0.2244,0.2246,0.2251,0.2253,1.0117,o,732.0,1369.0,2369.0,44.0
199634,2012,112200.0,0.0,514.0,0.2749,0.2737,0.2706,0.2692,0.9391,o,1154.0,1265.0,2724.0,42.0
199634,2013,103025.0,0.0,491.0,0.286,0.2946,0.3179,0.3289,1.5285,o,677.0,1172.0,3104.0,52.0
199634,2014,98635.0,0.0,551.0,0.3352,0.3275,0.3085,0.3005,0.7179,o,587.0,1125.0,3140.0,55.0
199634,2015,96102.0,0.0,579.0,0.3615,0.3504,0.3235,0.3122,0.6412,o,467.0,364.0,3114.0,51.0
199634,2016,90936.0,0.0,581.0,0.3833,0.3753,0.3554,0.3469,0.7389,o,636.0,293.0,3113.0,50.0
199634,2017,77890.0,0.0,550.0,0.4237,0.4293,0.4441,0.4508,1.2068,o,719.0,294.0,3312.0,63.0
199634,2018,84258.0,0.0,560.0,0.3988,0.4062,0.4261,0.4352,1.3037,o,726.0,295.0,3238.0,62.0
199634,2019,85320.0,0.0,634.0,0.4459,0.448,0.4536,0.4561,1.0716,o,710.0,265.0,3170.0,49.0
199634,2020,86157.0,0.0,633.0,0.4408,0.4403,0.4389,0.4383,0.9827,o,703.0,267.0,3322.0,51.0
199634,2021,77266.0,0.0,614.0,0.4768,0.4761,0.4743,0.4735,0.9791,o,604.0,219.0,3226.0,51.0
199634,2022,80779.0,0.0,684.0,0.5081,0.5025,0.4885,0.4824,0.8549,o,599.0,196.0,3032.0,56.0
199634,2023,74370.0,0.0,585.0,0.472,0.4691,0.4618,0.4586,0.9166,o,533.0,247.0,2861.0,46.0
199634,2024,96612.0,0.0,589.0,0.3658,0.3627,0.3549,0.3515,0.8861,o,758.0,254.0,2040.0,40.0
199643,1998,71220.0,421.0,13.0,0.7203,0.6143,0.5944,0.5474,0.5774,o,,,,
199643,1999,73418.0,497.0,11.0,0.8213,0.7243,0.7057,0.6612,0.6482,o,,,,
199643,2000,101831.0,390.0,23.0,0.4731,0.4669,0.4656,0.4625,0.9553,o,,,,
199643,2001,75783.0,439.0,9.0,0.7023,0.7571,0.769,0.7995,1.2959,o,,,,
199643,2002,76834.0,374.0,19.0,0.599,0.6408,0.6498,0.6729,1.2623,o,564.0,,13736.0,
199643,2003,118177.0,374.0,9.0,0.3843,0.4037,0.4078,0.4183,1.1847,o,509.0,,15121.0,268.0
199643,2004,81870.0,413.0,20.0,0.62,0.6548,0.6622,0.6812,1.207,o,449.0,,15220.0,456.0
199643,2005,80400.0,411.0,7.0,0.6187,0.63,0.6323,0.6383,1.0644,o,600.0,,15191.0,439.0
199643,2006,52174.0,435.0,7.0,1.0086,1.0114,1.0119,1.0134,1.0096,o,723.0,,14705.0,659.0
199643,2007,92280.0,368.0,12.0,0.4863,0.5168,0.5233,0.54,1.233,o,606.0,187.0,15154.0,438.0
199643,2008,90390.0,421.0,10.0,0.5655,0.6219,0.6342,0.6661,1.3873,o,556.0,170.0,15862.0,429.0
199643,2009,82470.0,394.0,8.0,0.5791,0.5966,0.6002,0.6095,1.1077,o,612.0,156.0,16828.0,466.0
199643,2010,84780.0,344.0,8.0,0.4926,0.4751,0.4715,0.4628,0.8828,o,725.0,184.0,16719.0,446.0
199643,2011,70229.0,395.0,9.0,0.6826,0.6838,0.6841,0.6847,1.006,o,548.0,123.0,17561.0,504.0
199643,2012,62590.0,347.0,0.0,0.6653,0.6831,0.6869,0.6963,1.0955,o,507.0,162.0,17996.0,521.0
199643,2013,55887.0,278.0,6.0,0.6034,0.5858,0.5823,0.5734,0.9033,o,537.0,95.0,19269.0,567.0
199643,2014,49869.0,286.0,1.0,0.6894,0.6417,0.6322,0.6092,0.7809,o,469.0,104.0,21697.0,619.0
199643,2015,42852.0,231.0,0.0,0.6469,0.6042,0.5957,0.5751,0.7903,o,402.0,89.0,21514.0,604.0
199643,2016,40807.0,203.0,0.0,0.597,0.5647,0.5582,0.5424,0.8256,o,643.0,72.0,21495.0,570.0
199643,2017,48474.0,183.0,0.0,0.453,0.4532,0.4532,0.4532,1.001,o,493.0,98.0,21136.0,667.0
199643,2018,43892.0,179.0,0.0,0.4894,0.5069,0.5106,0.52,1.1292,o,391.0,74.0,20539.0,616.0
199643,2019,37278.0,168.0,0.0,0.5408,0.5431,0.5436,0.5448,1.0149,o,254.0,53.0,20109.0,627.0
199643,2020,33266.0,172.0,0.0,0.6205,0.5394,0.524,0.4875,0.6172,o,286.0,64.0,19808.0,620.0
199643,2021,33178.0,167.0,0.0,0.604,0.4868,0.4656,0.4164,0.4754,o,142.0,118.0,19236.0,615.0
199643,2022,27803.0,160.0,0.0,0.6906,0.5596,0.5357,0.4805,0.4842,o,200.0,97.0,18079.0,605.0
199643,2023,26032.0,184.0,0.0,0.8482,0.7056,0.6793,0.6176,0.5302,o,186.0,73.0,17059.0,320.0
199643,2024,23862.0,128.0,0.0,0.6437,0.584,0.5723,0.5442,0.7148,o,242.0,126.0,17176.0,307.0
199698,1998,16973.0,123.0,0.0,0.8696,0.8052,0.7924,0.7615,0.7668,o,,,,
199698,1999,18145.0,117.0,0.0,0.7738,0.7331,0.7249,0.7049,0.83,o,,,,
199698,2002,22805.0,134.0,0.0,0.7051,0.7169,0.7194,0.7256,1.059,o,119.0,,24788.0,
199698,2003,17384.0,122.0,0.0,0.8422,0.7872,0.7763,0.7497,0.7924,o,196.0,,24191.0,357.0
199698,2004,19696.0,115.0,0.0,0.7006,0.7072,0.7086,0.712,1.0328,o,203.0,,25066.0,306.0
199698,2005,21141.0,117.0,0.0,0.6641,0.7179,0.7296,0.7596,1.3082,o,191.0,,25311.0,327.0
199698,2006,22355.0,119.0,0.0,0.6388,0.712,0.7282,0.7702,1.4539,o,196.0,65.0,25848.0,401.0
199698,2007,22749.0,164.0,0.0,0.8651,0.9183,0.9297,0.9589,1.2286,o,216.0,50.0,25955.0,411.0
199698,2008,21598.0,171.0,0.0,0.9501,0.959,0.9608,0.9654,1.0326,o,138.0,42.0,26621.0,406.0
199698,2009,18007.0,135.0,0.0,0.8997,0.8721,0.8666,0.8528,0.8985,o,147.0,54.0,29316.0,465.0
199698,2010,16514.0,137.0,0.0,0.9955,0.911,0.8944,0.8543,0.7364,o,97.0,32.0,30291.0,461.0
199698,2011,12981.0,119.0,0.0,1.1001,0.945,0.9158,0.8466,0.5922,o,142.0,47.0,30172.0,380.0
199698,2012,12743.0,80.0,0.0,0.7534,0.6722,0.6566,0.619,0.6751,o,147.0,75.0,29408.0,356.0
199698,2013,13582.0,72.0,0.0,0.6361,0.6387,0.6392,0.6406,1.014,o,178.0,92.0,30310.0,418.0
199698,2014,17034.0,73.0,0.0,0.5143,0.5588,0.5685,0.5935,1.332,o,152.0,74.0,30719.0,380.0
199698,2015,16493.0,99.0,0.0,0.7203,0.791,0.8064,0.8464,1.3808,o,144.0,72.0,30916.0,401.0
199698,2016,18347.0,107.0,0.0,0.6998,0.7047,0.7057,0.7083,1.0242,o,224.0,66.0,31620.0,366.0
199698,2017,20026.0,124.0,0.0,0.743,0.7703,0.7761,0.7907,1.1323,o,190.0,56.0,32984.0,454.0
199698,2018,18632.0,109.0,0.0,0.702,0.7497,0.76,0.7863,1.2545,o,190.0,64.0,32246.0,462.0
199698,2019,19637.0,93.0,0.0,0.5683,0.611,0.6202,0.6439,1.2838,o,209.0,100.0,32516.0,428.0
199698,2020,21865.0,103.0,0.0,0.5653,0.5787,0.5815,0.5886,1.0842,o,284.0,87.0,33469.0,442.0
199698,2021,23686.0,101.0,0.0,0.5117,0.5383,0.5439,0.5584,1.1908,o,261.0,104.0,34643.0,607.0
199698,2022,25983.0,116.0,0.0,0.5357,0.5948,0.6078,0.6416,1.4342,o,180.0,90.0,31408.0,580.0
199698,2023,23100.0,120.0,0.0,0.6234,0.6417,0.6456,0.6554,1.1053,o,229.0,89.0,30641.0,513.0
199698,2024,22707.0,120.0,0.0,0.6342,0.6007,0.594,0.5776,0.8296,o,171.0,65.0,30800.0,567.0
199722,2001,46162.0,0.0,151.0,0.1963,0.1971,0.1992,0.2001,1.0611,o,,,,
199722,2003,83754.0,0.0,187.0,0.134,0.1334,0.132,0.1314,0.9434,o,350.0,,1628.0,35.0
199722,2004,47141.0,0.0,190.0,0.2418,0.237,0.2249,0.2198,0.7487,o,514.0,,1771.0,19.0
199722,2005,47968.0,0.0,194.0,0.2427,0.2475,0.2604,0.2664,1.3265,o,342.0,,1816.0,
199722,2006,44365.0,0.0,169.0,0.2286,0.2249,0.2156,0.2116,0.7917,o,464.0,,1818.0,
199722,2007,59113.0,0.0,182.0,0.1847,0.1858,0.1885,0.1897,1.0841,o,600.0,229.0,1765.0,21.0
199722,2008,56985.0,0.0,121.0,0.1274,0.131,0.1407,0.1453,1.4888,o,1390.0,251.0,1576.0,30.0
199722,2009,57852.0,0.0,125.0,0.1296,0.1387,0.1648,0.178,2.6128,o,1436.0,285.0,1587.0,37.0
199722,2010,66499.0,0.0,180.0,0.1624,0.1666,0.178,0.1833,1.4432,o,1419.0,284.0,1857.0,34.0
199722,2011,60755.0,0.0,135.0,0.1333,0.1334,0.1335,0.1335,1.0042,o,1117.0,278.0,2031.0,23.0
199722,2012,51975.0,0.0,187.0,0.2159,0.2122,0.203,0.1991,0.7825,o,273.0,265.0,3030.0,37.0
199722,2013,44514.0,0.0,156.0,0.2103,0.1888,0.1432,0.1267,0.2153,o,300.0,109.0,3230.0,43.0
199722,2014,35605.0,0.0,161.0,0.2713,0.2558,0.2199,0.2056,0.4317,o,275.0,174.0,3181.0,45.0
199722,2015,33024.0,0.0,144.0,0.2616,0.2609,0.259,0.2581,0.9599,o,279.0,45.0,3208.0,51.0
199722,2016,33748.0,0.0,184.0,0.3271,0.3264,0.3247,0.3239,0.9704,o,242.0,46.0,3185.0,46.0
199722,2017,32827.0,0.0,170.0,0.3107,0.3078,0.3004,0.2972,0.8736,o,240.0,55.0,3300.0,41.0
199722,2018,37830.0,0.0,248.0,0.3933,0.3911,0.3854,0.3828,0.9213,o,210.0,32.0,3227.0,31.0
199722,2019,39090.0,0.0,246.0,0.3776,0.374,0.3648,0.3608,0.8714,o,262.0,40.0,3166.0,33.0
199722,2020,31609.0,0.0,231.0,0.4385,0.4432,0.4555,0.4611,1.1644,o,205.0,55.0,3119.0,33.0
199722,2021,26641.0,0.0,277.0,0.6239,0.6177,0.6023,0.5955,0.8686,o,134.0,23.0,3035.0,31.0
199722,2022,26968.0,0.0,198.0,0.4405,0.4237,0.3834,0.3668,0.5739,o,95.0,37.0,2852.0,32.0
199722,2023,24099.0,0.0,215.0,0.5353,0.514,0.4632,0.4422,0.5605,o,119.0,21.0,2691.0,27.0
199722,2024,27882.0,0.0,363.0,0.7811,0.7833,0.7887,0.7911,1.0393,o,115.0,22.0,2600.0,
199731,1998,32460.0,0.0,267.0,0.4935,0.5026,0.5268,0.5379,1.298,o,,,,
199731,1999,38567.0,0.0,195.0,0.3034,0.3103,0.3289,0.3375,1.3808,o,,,,
199731,2000,38060.0,0.0,198.0,0.3121,0.3095,0.3027,0.2997,0.8839,o,,,,
199731,2001,36407.0,0.0,214.0,0.3527,0.3541,0.3577,0.3593,1.0578,o,,,,
199731,2002,38548.0,0.0,192.0,0.2988,0.3066,0.3277,0.3374,1.445,o,235.0,,1776.0,
199731,2003,42495.0,0.0,202.0,0.2852,0.282,0.2738,0.2703,0.8499,o,342.0,,1917.0,41.0
199731,2004,51789.0,0.0,225.0,0.2607,0.2647,0.2753,0.2801,1.2436,o,277.0,,1695.0,28.0
199731,2005,43393.0,0.0,239.0,0.3305,0.3295,0.3271,0.3261,0.9601,o,260.0,,1759.0,46.0
199731,2006,40773.0,0.0,236.0,0.3473,0.3431,0.3325,0.3279,0.8401,o,279.0,299.0,1810.0,46.0
199731,2007,42683.0,0.0,222.0,0.3121,0.3129,0.3151,0.316,1.0391,o,321.0,469.0,1757.0,47.0
199731,2008,54972.0,0.0,252.0,0.275,0.2784,0.2873,0.2914,1.1911,o,413.0,487.0,1816.0,40.0
199731,2009,60404.0,0.0,274.0,0.2722,0.2783,0.2948,0.3024,1.3767,o,389.0,555.0,1786.0,39.0
199731,2010,65430.0,0.0,300.0,0.2751,0.2762,0.2791,0.2804,1.0599,o,306.0,591.0,2094.0,38.0
199731,2011,69480.0,0.0,340.0,0.2936,0.2881,0.2744,0.2685,0.7631,o,275.0,546.0,2615.0,38.0
199731,2012,56644.0,0.0,348.0,0.3686,0.3626,0.3477,0.3412,0.7914,o,285.0,544.0,2648.0,53.0
199731,2013,57781.0,0.0,416.0,0.432,0.4314,0.4299,0.4293,0.9811,o,239.0,479.0,2695.0,52.0
199731,2014,55477.0,0.0,378.0,0.4088,0.4043,0.393,0.388,0.8536,o,301.0,481.0,2746.0,46.0
199731,2015,58127.0,0.0,400.0,0.4129,0.4169,0.4275,0.4322,1.1489,o,329.0,376.0,2741.0,44.0
199731,2016,55981.0,0.0,437.0,0.4684,0.4749,0.4921,0.4999,1.2185,o,332.0,115.0,2723.0,39.0
199731,2017,52032.0,0.0,405.0,0.467,0.4687,0.4732,0.4752,1.054,o,293.0,99.0,2821.0,49.0
199731,2018,49531.0,0.0,453.0,0.5487,0.5441,0.5325,0.5274,0.8865,o,240.0,173.0,2758.0,50.0
199731,2019,47428.0,0.0,449.0,0.568,0.5576,0.5317,0.5206,0.768,o,184.0,200.0,2700.0,51.0
199731,2020,45687.0,0.0,410.0,0.5384,0.5247,0.4908,0.4765,0.6904,o,171.0,150.0,2660.0,54.0
199731,2021,46036.0,0.0,395.0,0.5148,0.5071,0.4879,0.4796,0.8066,o,271.0,240.0,2728.0,47.0
199731,2022,46872.0,0.0,364.0,0.4659,0.48,0.5179,0.5358,1.5268,o,148.0,179.0,2853.0,28.0
199731,2023,44324.0,0.0,385.0,0.5212,0.5067,0.4715,0.4566,0.6697,o,185.0,170.0,2307.0,43.0
199731,2024,38005.0,0.0,329.0,0.5194,0.5149,0.5035,0.4985,0.8831,o,146.0,91.0,5806.0,44.0
199740,1998,20847.0,0.0,165.0,0.4749,0.4871,0.5201,0.5354,1.4386,o,,,,
199740,1999,29689.0,0.0,165.0,0.3335,0.3382,0.3505,0.3562,1.221,o,,,,
199740,2000,29131.0,0.0,170.0,0.3501,0.346,0.3357,0.3312,0.8451,o,,,,
199740,2001,31276.0,0.0,158.0,0.3031,0.3043,0.3074,0.3087,1.0574,o,,,,
199740,2002,36818.0,0.0,138.0,0.2249,0.2354,0.2647,0.2788,1.9184,o,300.0,,1718.0,
199740,2003,40761.0,0.0,184.0,0.2708,0.2712,0.2722,0.2727,1.0204,o,407.0,,1863.0,56.0
199740,2004,55216.0,0.0,242.0,0.263,0.2664,0.2755,0.2796,1.2041,o,350.0,,1977.0,42.0
199740,2005,52453.0,0.0,249.0,0.2848,0.2846,0.2841,0.2839,0.9901,o,484.0,,2102.0,45.0
199740,2006,61890.0,0.0,192.0,0.1861,0.1894,0.1979,0.2019,1.2787,o,569.0,6.0,2110.0,32.0
199740,2007,59723.0,0.0,268.0,0.2692,0.2752,0.291,0.2983,1.3645,o,430.0,584.0,2051.0,36.0
199740,2008,65515.0,0.0,253.0,0.2317,0.2284,0.2203,0.2167,0.8167,o,534.0,758.0,2055.0,38.0
199740,2009,67810.0,0.0,272.0,0.2407,0.2418,0.2447,0.246,1.0691,o,1108.0,764.0,2106.0,35.0
199740,2010,80765.0,0.0,266.0,0.1976,0.2095,0.2433,0.2601,2.2988,o,528.0,722.0,2459.0,36.0
199740,2011,81233.0,0.0,388.0,0.2866,0.2779,0.2566,0.2477,0.6431,o,524.0,758.0,2691.0,37.0
199740,2012,76622.0,0.0,432.0,0.3383,0.3279,0.3026,0.292,0.6406,o,515.0,680.0,3059.0,43.0
199740,2013,69212.0,0.0,444.0,0.3849,0.3843,0.3829,0.3822,0.9791,o,399.0,652.0,3112.0,44.0
199740,2014,65799.0,0.0,376.0,0.3429,0.3366,0.321,0.3143,0.768,o,379.0,647.0,3176.0,43.0
199740,2015,63914.0,0.0,443.0,0.4159,0.4105,0.3969,0.391,0.8293,o,401.0,179.0,3294.0,47.0
199740,2016,61153.0,0.0,371.0,0.364,0.3648,0.3668,0.3677,1.0308,o,427.0,137.0,3271.0,51.0
199740,2017,57839.0,0.0,360.0,0.3735,0.3758,0.382,0.3848,1.0949,o,408.0,129.0,3392.0,51.0
199740,2018,56977.0,0.0,383.0,0.4033,0.4029,0.4019,0.4014,0.9855,o,339.0,127.0,3316.0,52.0
199740,2019,49801.0,0.0,422.0,0.5084,0.5011,0.4826,0.4747,0.812,o,445.0,165.0,3262.0,53.0
199740,2020,50381.0,0.0,392.0,0.4668,0.4726,0.4877,0.4946,1.1914,o,215.0,108.0,3213.0,50.0
199740,2021,46572.0,0.0,362.0,0.4664,0.4472,0.4013,0.3825,0.5485,o,264.0,223.0,3121.0,41.0
199740,2022,43349.0,0.0,357.0,0.4941,0.4865,0.4673,0.4591,0.8,o,186.0,194.0,3065.0,41.0
199740,2023,46019.0,0.0,351.0,0.4576,0.4496,0.4296,0.421,0.7766,o,333.0,92.0,2892.0,34.0
199740,2024,45690.0,0.0,368.0,0.4833,0.4967,0.533,0.55,1.48,o,269.0,100.0,2672.0,39.0
199759,1998,5550.0,42.0,11.0,1.027,0.7468,0.6992,0.593,0.3333,o,,,,
199759,1999,7598.0,41.0,21.0,0.8134,1.1617,1.2507,1.5039,3.4186,o,,,,
199759,2000,8871.0,70.0,30.0,1.1498,2.3431,2.7149,3.9234,11.6429,o,,,,
199759,2001,9340.0,31.0,12.0,0.4754,0.7048,0.7647,0.9375,3.8889,o,,,,
199759,2002,9736.0,61.0,17.0,0.8566,0.9339,0.9507,0.9942,1.3469,o,46.0,,4746.0,
199759,2003,10841.0,75.0,7.0,0.8689,0.9326,0.9463,0.9816,1.2761,o,54.0,,5540.0,460.0
199759,2004,13077.0,78.0,10.0,0.7616,0.8446,0.8629,0.9103,1.4286,o,41.0,,6003.0,398.0
199759,2013,10204.0,61.0,1.0,0.7232,0.7232,0.7232,0.7232,,n,92.0,49.0,,256.0
199759,2014,9307.0,61.0,2.0,0.7994,0.7994,0.7994,0.7994,,n,131.0,81.0,9237.0,265.0
199759,2015,11790.0,57.0,8.0,0.6209,0.6209,0.6209,0.6209,,n,167.0,43.0,10029.0,232.0
199759,2016,11250.0,50.0,5.0,0.56,0.56,0.56,0.56,,n,32.0,39.0,10532.0,254.0
199759,2017,9224.0,64.0,6.0,0.8716,0.8716,0.8716,0.8716,,n,92.0,24.0,13385.0,309.0
199759,2018,10744.0,51.0,3.0,0.5864,0.4946,0.4775,0.4373,0.5561,o,140.0,12.0,13372.0,307.0
199759,2019,16218.0,48.0,3.0,0.3663,0.3406,0.3355,0.3232,0.7785,o,129.0,26.0,11463.0,288.0
199759,2020,18216.0,71.0,2.0,0.4743,0.5176,0.5271,0.5515,1.3518,o,156.0,100.0,12106.0,293.0
199759,2021,22004.0,90.0,9.0,0.5154,0.656,0.6896,0.7813,2.2984,o,53.0,49.0,11161.0,267.0
199759,2022,18345.0,70.0,4.0,0.471,0.4569,0.4541,0.447,0.9009,o,33.0,62.0,11192.0,266.0
199759,2023,13944.0,96.0,10.0,0.8692,0.6244,0.5831,0.4915,0.3197,o,77.0,69.0,10594.0,252.0
199759,2024,15676.0,77.0,2.0,0.5971,0.453,0.4279,0.3709,0.386,o,118.0,89.0,10646.0,264.0
199768,1998,37969.0,0.0,394.0,0.6226,0.6444,0.7039,0.732,1.6333,o,,,,
199768,1999,60549.0,0.0,324.0,0.3211,0.3259,0.3388,0.3447,1.2405,o,,,,
199768,2000,63296.0,0.0,416.0,0.3943,0.403,0.4262,0.437,1.3648,o,,,,
199768,2001,66368.0,0.0,317.0,0.2866,0.2919,0.3061,0.3126,1.301,o,,,,
199768,2002,74772.0,0.0,349.0,0.2801,0.2844,0.2959,0.3011,1.246,o,598.0,,1774.0,
199768,2003,78066.0,0.0,442.0,0.3397,0.3375,0.3319,0.3295,0.9116,o,409.0,,1925.0,51.0
199768,2004,88404.0,0.0,413.0,0.2803,0.2713,0.2493,0.2401,0.6259,o,405.0,,1990.0,47.0
199768,2005,82251.0,0.0,373.0,0.2721,0.268,0.2577,0.2532,0.8044,o,397.0,,2060.0,50.0
199768,2007,75246.0,0.0,380.0,0.303,0.3067,0.3163,0.3206,1.187,o,970.0,332.0,2008.0,41.0
199768,2008,96330.0,0.0,347.0,0.2161,0.2286,0.2639,0.2813,2.2222,o,556.0,270.0,2060.0,40.0
199768,2009,84757.0,0.0,384.0,0.2718,0.2669,0.2546,0.2493,0.769,o,564.0,319.0,2036.0,40.0
199768,2010,90680.0,0.0,443.0,0.2931,0.287,0.2718,0.2653,0.7392,o,591.0,303.0,2434.0,45.0
199768,2011,86395.0,0.0,360.0,0.25,0.251,0.2534,0.2545,1.0554,o,604.0,268.0,2670.0,48.0
199768,2012,82999.0,0.0,453.0,0.3275,0.3285,0.3312,0.3324,1.0459,o,600.0,306.0,3042.0,45.0
199768,2013,80573.0,0.0,395.0,0.2941,0.2942,0.2945,0.2945,1.0042,o,500.0,257.0,3234.0,40.0
199768,2014,80556.0,0.0,478.0,0.356,0.3514,0.3399,0.3349,0.8306,o,564.0,216.0,3161.0,40.0
199768,2015,72053.0,0.0,511.0,0.4255,0.4263,0.4282,0.4291,1.0255,o,531.0,74.0,3149.0,40.0
199768,2016,69716.0,0.0,468.0,0.4028,0.4027,0.4026,0.4025,0.9981,o,503.0,67.0,3210.0,43.0
199768,2017,65290.0,0.0,448.0,0.4117,0.4093,0.4031,0.4003,0.9187,o,482.0,46.0,3238.0,47.0
199768,2018,62877.0,0.0,430.0,0.4103,0.4083,0.4032,0.4009,0.9323,o,519.0,155.0,3166.0,43.0
199768,2019,66595.0,0.0,459.0,0.4135,0.4151,0.419,0.4208,1.0538,o,306.0,235.0,3099.0,40.0
199768,2020,70897.0,0.0,510.0,0.4316,0.417,0.3817,0.3669,0.6114,o,255.0,186.0,3201.0,36.0
199768,2021,60701.0,0.0,396.0,0.3914,0.3785,0.3471,0.334,0.6182,o,208.0,132.0,3108.0,40.0
199768,2022,54834.0,0.0,451.0,0.4935,0.4833,0.4579,0.4471,0.7415,o,446.0,71.0,2921.0,31.0
199768,2023,54023.0,0.0,392.0,0.4354,0.4558,0.5129,0.5406,1.9266,o,420.0,81.0,2757.0,24.0
199768,2024,52774.0,0.0,399.0,0.4536,0.4617,0.4829,0.4927,1.2844,o,471.0,105.0,2545.0,30.0
199786,1998,75700.0,0.0,561.0,0.4446,0.453,0.4752,0.4854,1.3043,o,,,,
199786,1999,60125.0,0.0,206.0,0.2056,0.2126,0.2316,0.2406,1.6114,o,,,,
199786,2000,77052.0,0.0,228.0,0.1775,0.1784,0.1807,0.1817,1.072,o,,,,
199786,2001,61791.0,0.0,686.0,0.6661,0.6595,0.6428,0.6355,0.8671,o,,,,
199786,2002,76644.0,0.0,186.0,0.1456,0.147,0.1507,0.1523,1.1461,o,597.0,,1718.0,
199786,2003,78144.0,0.0,254.0,0.195,0.1962,0.1992,0.2006,1.0894,o,662.0,,1863.0,51.0
199786,2004,103216.0,0.0,261.0,0.1517,0.1528,0.1556,0.1569,1.1061,o,542.0,,1884.0,45.0
199786,2005,88483.0,0.0,332.0,0.2251,0.2228,0.2169,0.2143,0.861,o,598.0,,1883.0,60.0
199786,2006,87801.0,0.0,288.0,0.1968,0.1967,0.1965,0.1964,0.9934,o,599.0,,1941.0,58.0
199786,2007,106839.0,0.0,303.0,0.1702,0.1708,0.1723,0.173,1.0509,o,719.0,828.0,2002.0,50.0
199786,2008,107340.0,0.0,394.0,0.2202,0.2231,0.2306,0.234,1.2013,o,504.0,521.0,1894.0,46.0
199786,2009,136921.0,0.0,466.0,0.2042,0.2004,0.191,0.1869,0.7648,o,1208.0,1016.0,1977.0,41.0
199786,2010,133495.0,0.0,474.0,0.213,0.2234,0.2526,0.2667,1.9755,o,948.0,1008.0,2330.0,49.0
199786,2011,133626.0,0.0,583.0,0.2618,0.2637,0.2685,0.2707,1.1075,o,849.0,907.0,2566.0,45.0
199786,2012,121232.0,0.0,554.0,0.2742,0.2696,0.2583,0.2534,0.7876,o,572.0,816.0,2936.0,52.0
199786,2013,108427.0,0.0,561.0,0.3104,0.3008,0.2773,0.2675,0.6366,o,587.0,742.0,2887.0,51.0
199786,2014,103298.0,0.0,487.0,0.2829,0.2791,0.2697,0.2656,0.8262,o,630.0,705.0,2864.0,55.0
199786,2015,103120.0,0.0,578.0,0.3363,0.3383,0.3434,0.3457,1.0871,o,785.0,147.0,2839.0,54.0
199786,2016,103998.0,0.0,493.0,0.2844,0.2895,0.3031,0.3094,1.2901,o,764.0,151.0,2839.0,56.0
199786,2017,100894.0,0.0,591.0,0.3515,0.3534,0.3583,0.3605,1.0799,o,774.0,191.0,2792.0,65.0
199786,2018,86788.0,0.0,675.0,0.4667,0.4666,0.4666,0.4666,0.9994,o,662.0,149.0,2537.0,76.0
199786,2019,84096.0,0.0,623.0,0.4445,0.4399,0.4282,0.423,0.8609,o,698.0,153.0,2484.0,77.0
199786,2020,89663.0,0.0,579.0,0.3875,0.3867,0.3847,0.3839,0.9721,o,696.0,123.0,2995.0,77.0
199786,2021,82476.0,0.0,605.0,0.4401,0.4408,0.4427,0.4435,1.0235,o,587.0,91.0,2909.0,93.0
199786,2022,79260.0,0.0,573.0,0.4338,0.4286,0.4155,0.4099,0.8422,o,632.0,132.0,2734.0,31.0
199786,2023,82860.0,0.0,836.0,0.6054,0.6047,0.6031,0.6024,0.9852,o,476.0,89.0,2617.0,41.0
199786,2024,88542.0,0.0,739.0,0.5008,0.4922,0.4708,0.4615,0.781,o,815.0,305.0,2528.0,39.0
199795,2000,24607.0,0.0,94.0,0.2292,0.2332,0.2439,0.2488,1.2824,o,,,,
199795,2001,15499.0,0.0,125.0,0.4839,0.4679,0.4292,0.4131,0.619,o,,,,
199795,2002,21541.0,0.0,156.0,0.4345,0.4335,0.431,0.4299,0.9684,o,220.0,,1755.0,
199795,2003,17200.0,0.0,135.0,0.4709,0.4738,0.4814,0.4848,1.0918,o,150.0,,1905.0,41.0
199795,2004,30450.0,0.0,170.0,0.335,0.3256,0.3027,0.293,0.6667,o,149.0,,1982.0,19.0
199795,2005,27330.0,0.0,142.0,0.3117,0.3071,0.2953,0.2903,0.8054,o,209.0,,2051.0,33.0
199795,2006,24780.0,0.0,111.0,0.2688,0.2751,0.2922,0.3002,1.398,o,161.0,251.0,1985.0,28.0
199795,2007,25193.0,0.0,114.0,0.2715,0.2695,0.2644,0.2622,0.8994,o,113.0,132.0,2001.0,28.0
199795,2008,26133.0,0.0,77.0,0.1768,0.1708,0.1563,0.1502,0.6108,o,200.0,136.0,2053.0,30.0
199795,2009,31080.0,0.0,109.0,0.2104,0.2161,0.2313,0.2384,1.4599,o,223.0,185.0,2019.0,22.0
199795,2010,29702.0,0.0,152.0,0.3071,0.3148,0.3355,0.3451,1.4249,o,207.0,182.0,2372.0,38.0
199795,2011,36120.0,0.0,146.0,0.2425,0.2422,0.2412,0.2408,0.9787,o,110.0,195.0,2606.0,32.0
199795,2012,38310.0,0.0,132.0,0.2067,0.1973,0.1748,0.1657,0.5116,o,155.0,192.0,2976.0,32.0
199795,2013,34045.0,0.0,195.0,0.3437,0.3431,0.3417,0.3411,0.9779,o,147.0,169.0,3031.0,27.0
199795,2014,34249.0,0.0,159.0,0.2785,0.2806,0.2859,0.2883,1.1094,o,178.0,142.0,3089.0,28.0
199795,2015,29521.0,0.0,188.0,0.3821,0.3865,0.3981,0.4034,1.1788,o,111.0,19.0,3085.0,28.0
199795,2016,27403.0,0.0,180.0,0.3941,0.3837,0.3583,0.3475,0.6831,o,134.0,28.0,3063.0,35.0
199795,2017,25766.0,0.0,157.0,0.3656,0.3637,0.3588,0.3566,0.9273,o,103.0,34.0,3012.0,26.0
199795,2018,26430.0,0.0,173.0,0.3927,0.388,0.3761,0.3709,0.8408,o,106.0,39.0,2945.0,25.0
199795,2019,25650.0,0.0,169.0,0.3953,0.3922,0.3845,0.381,0.8945,o,120.0,22.0,2883.0,24.0
199795,2020,24236.0,0.0,175.0,0.4332,0.4375,0.4485,0.4535,1.1483,o,115.0,16.0,2840.0,22.0
199795,2021,20401.0,0.0,217.0,0.6382,0.639,0.641,0.6419,1.0177,o,112.0,35.0,2758.0,30.0
199795,2022,21169.0,0.0,238.0,0.6746,0.6723,0.6665,0.664,0.9532,o,92.0,25.0,2592.0,25.0
199795,2023,21340.0,0.0,228.0,0.641,0.6317,0.6083,0.5981,0.8106,o,96.0,42.0,2446.0,27.0
199795,2024,20919.0,0.0,262.0,0.7515,0.7483,0.7402,0.7366,0.9412,o,104.0,28.0,2363.0,26.0
199838,2003,88758.0,0.0,295.0,0.1994,0.1983,0.1955,0.1942,0.9229,o,521.0,,1461.0,28.0
199838,2004,113746.0,0.0,284.0,0.1498,0.1491,0.1471,0.1463,0.9304,o,513.0,,1476.0,23.0
199838,2005,112626.0,0.0,345.0,0.1838,0.1834,0.1826,0.1822,0.9734,o,495.0,,1529.0,27.0
199838,2006,92826.0,0.0,376.0,0.243,0.2423,0.2404,0.2396,0.9574,o,575.0,191.0,1536.0,28.0
199838,2007,102600.0,0.0,344.0,0.2012,0.203,0.2079,0.2101,1.1409,o,614.0,1654.0,1491.0,29.0
199838,2008,105396.0,0.0,328.0,0.1867,0.1885,0.1933,0.1954,1.1477,o,529.0,149.0,1572.0,55.0
199838,2009,111422.0,0.0,304.0,0.1637,0.1624,0.159,0.1575,0.8898,o,990.0,276.0,1565.0,44.0
199838,2010,114239.0,0.0,342.0,0.1796,0.1867,0.2061,0.2153,1.7323,o,559.0,149.0,1838.0,52.0
199838,2011,105312.0,0.0,315.0,0.1795,0.1757,0.1662,0.1622,0.736,o,586.0,125.0,2030.0,45.0
199838,2012,100687.0,0.0,328.0,0.1955,0.1917,0.1823,0.1783,0.7566,o,807.0,172.0,2305.0,58.0
199838,2013,96946.0,0.0,399.0,0.2469,0.2529,0.2691,0.2766,1.4096,o,757.0,157.0,2361.0,59.0
199838,2014,81506.0,0.0,381.0,0.2805,0.2821,0.2864,0.2883,1.0869,o,440.0,690.0,2404.0,42.0
199838,2015,71842.0,0.0,505.0,0.4218,0.4051,0.3653,0.3489,0.5627,o,390.0,99.0,2399.0,42.0
199838,2016,66562.0,0.0,503.0,0.4534,0.44,0.4074,0.3937,0.6516,o,375.0,93.0,2452.0,50.0
199838,2017,63846.0,0.0,511.0,0.4802,0.4768,0.4682,0.4644,0.9036,o,330.0,86.0,2478.0,45.0
199838,2018,62751.0,0.0,427.0,0.4083,0.4041,0.3935,0.3889,0.8627,o,286.0,64.0,2428.0,42.0
199838,2019,59777.0,0.0,457.0,0.4587,0.452,0.4353,0.4281,0.8113,o,568.0,97.0,2377.0,46.0
199838,2020,64671.0,0.0,446.0,0.4138,0.4319,0.4822,0.5064,1.8442,o,232.0,106.0,2341.0,35.0
199838,2021,60655.0,0.0,461.0,0.456,0.437,0.3915,0.3729,0.5433,o,262.0,155.0,2274.0,42.0
199838,2022,60500.0,0.0,424.0,0.4205,0.4082,0.3783,0.3657,0.655,o,268.0,161.0,2133.0,45.0
199838,2023,61043.0,0.0,497.0,0.4885,0.4913,0.4986,0.5018,1.085,o,316.0,195.0,2012.0,
199838,2024,62348.0,0.0,472.0,0.4542,0.4599,0.4747,0.4814,1.1925,o,304.0,170.0,1956.0,24.0
199847,1998,117420.0,897.0,0.0,0.9167,0.925,0.9267,0.931,1.0315,o,,,,
199847,1999,141582.0,878.0,0.0,0.7442,0.7496,0.7508,0.7536,1.0257,o,,,,
199847,2000,136145.0,884.0,0.0,0.7792,0.7865,0.788,0.7918,1.0326,o,,,,
199847,2001,139496.0,901.0,0.0,0.7751,0.7858,0.788,0.7936,1.0484,o,,,,
199847,2002,129377.0,906.0,0.0,0.8403,0.8458,0.8469,0.8497,1.0225,o,1000.0,,40759.0,
199847,2003,123087.0,916.0,0.0,0.893,0.8951,0.8956,0.8967,1.0081,o,1004.0,,42059.0,1074.0
199847,2004,116696.0,1000.0,0.0,1.0283,1.0298,1.0301,1.0309,1.005,o,1119.0,,43930.0,1206.0
199847,2005,120144.0,953.0,0.0,0.9519,0.9681,0.9714,0.98,1.0599,o,1119.0,,45567.0,1163.0
199847,2006,120975.0,1003.0,0.0,0.9949,1.0309,1.0385,1.0578,1.1303,o,1122.0,,47069.0,1275.0
199847,2007,123788.0,967.0,0.0,0.9374,0.9683,0.9748,0.9913,1.1183,o,1124.0,36.0,48607.0,1304.0
199847,2008,126588.0,1028.0,0.0,0.9745,0.9905,0.9939,1.0023,1.0579,o,1201.0,36.0,50236.0,1341.0
199847,2009,129723.0,1063.0,0.0,0.9833,0.9943,0.9965,1.0023,1.0389,o,1197.0,34.0,53200.0,1412.0
199847,2010,132651.0,1047.0,0.0,0.9471,0.9659,0.9699,0.9798,1.0701,o,1219.0,50.0,55210.0,1076.0
199847,2011,134853.0,1019.0,0.0,0.9068,0.9262,0.9302,0.9405,1.0757,o,1237.0,51.0,55796.0,1148.0
199847,2012,139155.0,1112.0,0.0,0.9589,0.9743,0.9775,0.9856,1.0563,o,1234.0,33.0,56569.0,1255.0
199847,2013,138010.0,1111.0,0.0,0.966,0.9745,0.9762,0.9806,1.0304,o,1230.0,35.0,57749.0,1269.0
199847,2014,139384.0,1153.0,0.0,0.9927,0.9983,0.9995,1.0025,1.0199,o,1287.0,30.0,58907.0,1292.0
199847,2015,139680.0,1152.0,0.0,0.9897,0.9968,0.9982,1.0019,1.0248,o,1284.0,35.0,60313.0,1332.0
199847,2016,141831.0,1149.0,0.0,0.9721,0.9834,0.9857,0.9916,1.0405,o,1306.0,27.0,61817.0,1334.0
199847,2017,143714.0,1137.0,0.0,0.9494,0.9632,0.9661,0.9734,1.0511,o,1349.0,43.0,62857.0,1361.0
199847,2018,155019.0,1194.0,0.0,0.9243,0.9387,0.9417,0.9493,1.0548,o,1421.0,13.0,64058.0,1325.0
199847,2019,152751.0,1201.0,0.0,0.9435,0.9641,0.9684,0.9793,1.0774,o,1360.0,30.0,65064.0,1350.0
199847,2020,156978.0,1226.0,0.0,0.9372,0.9567,0.9608,0.9711,1.0737,o,1452.0,19.0,66636.0,1395.0
199847,2021,165103.0,1239.0,0.0,0.9005,0.9157,0.9188,0.9268,1.0591,o,1412.0,22.0,67419.0,1391.0
199847,2022,160607.0,1296.0,0.0,0.9683,0.9777,0.9797,0.9846,1.0339,o,1370.0,30.0,65570.0,1382.0
199847,2023,159981.0,1284.0,0.0,0.9631,0.9632,0.9632,0.9633,1.0004,o,1385.0,40.0,64312.0,1352.0
199847,2024,159626.0,1337.0,0.0,1.0051,0.9991,0.9979,0.9949,0.9797,o,1464.0,49.0,64758.0,1308.0
199856,1998,121683.0,0.0,595.0,0.2934,0.3089,0.3526,0.3739,2.0852,o,,,,
199856,2000,176101.0,0.0,501.0,0.1707,0.1736,0.1814,0.1849,1.2747,o,,,,
199856,2001,169500.0,0.0,554.0,0.1961,0.1983,0.2039,0.2064,1.1685,o,,,,
199856,2002,173265.0,0.0,718.0,0.2486,0.2491,0.2504,0.251,1.0288,o,1678.0,,1718.0,
199856,2003,191007.0,0.0,862.0,0.2708,0.2709,0.2713,0.2715,1.0084,o,1622.0,,1890.0,70.0
199856,2004,263950.0,0.0,840.0,0.1909,0.1906,0.1896,0.1892,0.9718,o,1599.0,,1910.0,55.0
199856,2005,270284.0,0.0,999.0,0.2218,0.2213,0.22,0.2195,0.9691,o,1651.0,,2002.0,61.0
199856,2006,282008.0,0.0,1014.0,0.2157,0.2161,0.2171,0.2175,1.0251,o,1983.0,,1969.0,60.0
199856,2007,284907.0,0.0,960.0,0.2022,0.205,0.2125,0.2159,1.2203,o,2210.0,4439.0,1912.0,65.0
199856,2008,258412.0,0.0,985.0,0.2287,0.2319,0.2402,0.244,1.2163,o,2786.0,5286.0,2057.0,79.0
199856,2009,349500.0,0.0,944.0,0.1621,0.1653,0.174,0.178,1.3289,o,3031.0,5572.0,2052.0,65.0
199856,2010,385710.0,0.0,1090.0,0.1696,0.1719,0.178,0.1807,1.2134,o,2800.0,5967.0,2404.0,66.0
199856,2011,433601.0,0.0,1292.0,0.1788,0.1783,0.1771,0.1766,0.9627,o,3076.0,6020.0,2638.0,63.0
199856,2012,449590.0,0.0,1444.0,0.1927,0.1934,0.1953,0.1961,1.0551,o,3634.0,6298.0,3007.0,65.0
199856,2013,487956.0,0.0,1730.0,0.2127,0.2159,0.2243,0.2282,1.2369,o,3723.0,5389.0,3182.0,71.0
199856,2014,502992.0,0.0,1840.0,0.2195,0.2211,0.2253,0.2272,1.1097,o,4181.0,5789.0,3272.0,71.0
199856,2015,507398.0,0.0,2171.0,0.2567,0.259,0.2651,0.2678,1.1366,o,3162.0,2221.0,3446.0,76.0
199856,2016,508207.0,0.0,2464.0,0.2909,0.2864,0.2751,0.2703,0.8001,o,3377.0,2284.0,3589.0,81.0
199856,2017,460265.0,0.0,2627.0,0.3425,0.3405,0.3354,0.3331,0.9198,o,3497.0,2494.0,3529.0,92.0
199856,2018,457290.0,0.0,2941.0,0.3859,0.3877,0.3924,0.3945,1.0696,o,3425.0,2610.0,3450.0,87.0
199856,2019,455192.0,0.0,2961.0,0.3903,0.3902,0.39,0.3898,0.9965,o,3906.0,2484.0,3378.0,89.0
199856,2020,464070.0,0.0,2837.0,0.3668,0.3699,0.3781,0.3817,1.1286,o,3382.0,2113.0,3327.0,86.0
199856,2021,454256.0,0.0,3141.0,0.4149,0.4125,0.4066,0.404,0.9227,o,3443.0,2306.0,2839.0,73.0
199856,2022,433399.0,0.0,2898.0,0.4012,0.3996,0.3955,0.3938,0.9448,o,4029.0,2147.0,3037.0,75.0
199856,2023,460947.0,0.0,2758.0,0.359,0.3632,0.3742,0.3792,1.1807,o,3606.0,2222.0,2865.0,65.0
199856,2024,495994.0,0.0,2855.0,0.3454,0.3445,0.3423,0.3414,0.9652,o,3774.0,2223.0,2336.0,67.0
199865,1998,22445.0,109.0,0.0,0.5828,0.6275,0.6372,0.6621,1.2908,o,,,,
199865,1999,22235.0,127.0,0.0,0.6854,0.7024,0.706,0.715,1.0882,o,,,,
199865,2000,22139.0,140.0,0.0,0.7588,0.7769,0.7807,0.7903,1.0847,o,,,,
199865,2001,23795.0,138.0,0.0,0.6959,0.6976,0.6979,0.6988,1.0082,o,,,,
199865,2002,21566.0,167.0,0.0,0.9292,0.923,0.9218,0.9186,0.9772,o,194.0,,26146.0,
199865,2003,23300.0,147.0,0.0,0.7571,0.762,0.763,0.7656,1.0227,o,227.0,,26932.0,625.0
199865,2004,24156.0,154.0,0.0,0.765,0.7961,0.8027,0.8194,1.1471,o,210.0,,27651.0,637.0
199865,2005,24464.0,143.0,0.0,0.7014,0.7271,0.7326,0.7463,1.1321,o,244.0,,28068.0,603.0
199865,2006,25443.0,152.0,0.0,0.7169,0.7405,0.7455,0.7581,1.1182,o,221.0,,29473.0,661.0
199865,2007,25098.0,135.0,0.0,0.6455,0.6643,0.6683,0.6784,1.1045,o,235.0,53.0,29984.0,680.0
199865,2008,26181.0,177.0,0.0,0.8113,0.8214,0.8235,0.8287,1.0435,o,249.0,74.0,31292.0,714.0
199865,2009,27010.0,153.0,0.0,0.6797,0.6925,0.6951,0.7018,1.0661,o,222.0,66.0,32612.0,741.0
199865,2010,29148.0,198.0,0.0,0.8152,0.8182,0.8188,0.8204,1.0129,o,219.0,59.0,34588.0,724.0
199865,2011,28265.0,193.0,0.0,0.8194,0.8115,0.8099,0.8058,0.9671,o,228.0,70.0,35772.0,709.0
199865,2012,28790.0,220.0,0.0,0.917,0.8961,0.8918,0.8812,0.9236,o,214.0,60.0,36294.0,674.0
199865,2013,26207.0,187.0,0.0,0.8563,0.8406,0.8374,0.8295,0.9384,o,220.0,71.0,37083.0,648.0
199865,2014,25390.0,168.0,0.0,0.794,0.7903,0.7896,0.7877,0.9841,o,234.0,54.0,38892.0,623.0
199865,2015,25126.0,163.0,0.0,0.7785,0.782,0.7827,0.7845,1.0157,o,195.0,50.0,40276.0,599.0
199865,2016,24093.0,196.0,0.0,0.9762,0.9678,0.9661,0.9618,0.9706,o,185.0,32.0,42212.0,558.0
199865,2017,19468.0,141.0,0.0,0.8691,0.8363,0.8296,0.8133,0.8756,o,146.0,25.0,43305.0,623.0
199865,2018,17961.0,136.0,0.0,0.9086,0.8291,0.8135,0.7758,0.7291,o,251.0,46.0,43924.0,596.0
199865,2019,20018.0,101.0,0.0,0.6055,0.592,0.5892,0.5824,0.9254,o,235.0,43.0,44269.0,596.0
199865,2020,21354.0,114.0,0.0,0.6406,0.688,0.6982,0.7245,1.2789,o,194.0,32.0,44909.0,556.0
199865,2021,19441.0,103.0,0.0,0.6358,0.6854,0.6962,0.7238,1.2961,o,225.0,41.0,44763.0,494.0
199865,2022,21824.0,152.0,0.0,0.8358,0.849,0.8517,0.8586,1.0554,o,192.0,39.0,42181.0,475.0
199865,2023,21563.0,116.0,0.0,0.6456,0.6175,0.6119,0.598,0.858,o,196.0,36.0,39802.0,424.0
199865,2024,21840.0,156.0,0.0,0.8571,0.8325,0.8275,0.8152,0.9044,o,174.0,43.0,40290.0,397.0
199883,1998,2887.0,0.0,0.0,0.0,0.0,0.0,0.0,2.0794,o,,,,
199883,1999,1980.0,0.0,0.0,0.0,0.0,0.0,0.0,1.2361,o,,,,
199883,2003,2658.0,0.0,0.0,0.0,0.0,0.0,0.0,0.427,o,31.0,,,204.0
199883,2004,2970.0,0.0,0.0,0.0,0.0,0.0,0.0,1.1552,o,28.0,,11940.0,40.0
199883,2005,3780.0,0.0,0.0,0.0,0.0,0.0,0.0,1.2826,o,,,13741.0,454.0
199883,2006,3171.0,0.0,0.0,0.0,0.0,0.0,0.0,1.4908,i,,32.0,13925.0,469.0
199883,2010,4187.0,0.0,0.0,0.0,0.0,0.0,0.0,,n,,,,664.0
199883,2011,4420.0,0.0,0.0,0.0,0.0,0.0,0.0,,n,,,,646.0
199883,2012,4264.0,0.0,0.0,0.0,0.0,0.0,0.0,,n,,,,621.0
199883,2013,3783.0,0.0,0.0,0.0,0.0,0.0,0.0,,n,,,,611.0
199883,2014,4316.0,0.0,0.0,0.0,0.0,0.0,0.0,,n,,,,550.0
199883,2015,5280.0,0.0,0.0,0.0,0.0,0.0,0.0,,n,,,,465.0
199883,2016,5460.0,0.0,0.0,0.0,0.0,0.0,0.0,,n,,,,485.0
199883,2017,4704.0,0.0,0.0,0.0,0.0,0.0,0.0,,n,,,,628.0
199883,2018,4344.0,0.0,0.0,0.0,0.0,0.0,0.0,,n,,,,658.0
199883,2019,3660.0,0.0,0.0,0.0,0.0,0.0,0.0,,n,,,,803.0
199883,2020,3528.0,0.0,0.0,0.0,0.0,0.0,0.0,,n,,,,740.0
199883,2021,3852.0,0.0,0.0,0.0,0.0,0.0,0.0,,n,,,,819.0
199883,2022,3930.0,48.0,0.0,1.4656,1.4656,1.4656,1.4656,,n,,40.0,,918.0
199883,2023,4183.0,75.0,0.0,2.1516,2.1516,2.1516,2.1516,,n,,40.0,,826.0
199883,2024,4770.0,71.0,0.0,1.7862,1.7862,1.7862,1.7862,,n,,41.0,,587.0
199892,1999,66283.0,0.0,263.0,0.2381,0.2475,0.2737,0.2862,1.7465,o,,,,
199892,2000,64232.0,0.0,233.0,0.2176,0.2189,0.2221,0.2236,1.0849,o,,,,
199892,2001,73897.0,0.0,232.0,0.1884,0.1893,0.1916,0.1926,1.0702,o,,,,
199892,2002,77192.0,0.0,259.0,0.2013,0.2029,0.207,0.2088,1.117,o,1123.0,,1718.0,
199892,2003,72762.0,0.0,296.0,0.2441,0.2551,0.2858,0.3006,1.8795,o,553.0,,1917.0,70.0
199892,2004,85980.0,0.0,324.0,0.2261,0.219,0.2019,0.1947,0.636,o,560.0,,1937.0,65.0
199892,2005,87326.0,0.0,302.0,0.2075,0.2017,0.1876,0.1817,0.6683,o,566.0,,2253.0,55.0
199892,2006,85074.0,0.0,336.0,0.237,0.2373,0.238,0.2383,1.0171,o,687.0,,2019.0,45.0
199892,2007,84473.0,0.0,330.0,0.2344,0.2377,0.2464,0.2503,1.2202,o,654.0,539.0,1960.0,44.0
199892,2008,87241.0,0.0,350.0,0.2407,0.2414,0.2433,0.2441,1.0439,o,696.0,536.0,2049.0,32.0
199892,2009,88620.0,0.0,363.0,0.2458,0.2464,0.2481,0.2488,1.038,o,748.0,591.0,2026.0,28.0
199892,2010,99450.0,0.0,384.0,0.2317,0.2333,0.2377,0.2397,1.1081,o,562.0,1363.0,2390.0,31.0
199892,2011,106440.0,0.0,367.0,0.2069,0.2033,0.1943,0.1905,0.7784,o,661.0,1243.0,2624.0,32.0
199892,2012,93437.0,0.0,449.0,0.2883,0.2885,0.289,0.2892,1.0092,o,646.0,1028.0,3021.0,44.0
199892,2013,95217.0,0.0,469.0,0.2955,0.2967,0.2996,0.3009,1.0564,o,655.0,1002.0,3075.0,40.0
199892,2014,101177.0,0.0,510.0,0.3024,0.3025,0.3026,0.3027,1.0023,o,575.0,908.0,3133.0,37.0
199892,2015,86174.0,0.0,557.0,0.3878,0.3845,0.376,0.3723,0.8839,o,589.0,743.0,3128.0,41.0
199892,2016,75323.0,0.0,597.0,0.4756,0.4741,0.4704,0.4688,0.9577,o,542.0,357.0,3106.0,49.0
199892,2017,70962.0,0.0,501.0,0.4236,0.4215,0.4161,0.4138,0.9313,o,597.0,165.0,3218.0,49.0
199892,2018,73300.0,0.0,643.0,0.5263,0.5283,0.5335,0.5358,1.0557,o,550.0,213.0,3146.0,49.0
199892,2019,71508.0,0.0,637.0,0.5345,0.5332,0.5299,0.5284,0.9658,o,444.0,181.0,3080.0,47.0
199892,2020,56012.0,0.0,522.0,0.5592,0.5492,0.5245,0.5139,0.7742,o,325.0,28.0,3034.0,55.0
199892,2021,64984.0,0.0,555.0,0.5124,0.4974,0.4608,0.4454,0.6539,o,349.0,163.0,2946.0,50.0
199892,2022,61081.0,0.0,499.0,0.4902,0.4869,0.4784,0.4747,0.9077,o,295.0,147.0,2769.0,48.0
199892,2023,64123.0,0.0,532.0,0.4978,0.4932,0.4815,0.4764,0.8754,o,381.0,201.0,2613.0,40.0
199892,2024,67774.0,0.0,500.0,0.4426,0.4479,0.4617,0.4679,1.1832,o,626.0,154.0,2524.0,38.0
199908,1998,29907.0,0.0,279.0,0.5597,0.5862,0.6601,0.6959,1.9343,o,,,,
199908,1999,47379.0,0.0,257.0,0.3255,0.3396,0.379,0.3979,1.8381,o,,,,
199908,2000,45487.0,0.0,236.0,0.3113,0.313,0.3175,0.3196,1.0827,o,,,,
199908,2001,45464.0,0.0,264.0,0.3484,0.35,0.3541,0.356,1.0671,o,,,,
199908,2002,52040.0,0.0,284.0,0.3274,0.331,0.3402,0.3444,1.1657,o,473.0,,1765.0,
199908,2003,62048.0,0.0,268.0,0.2592,0.2628,0.2725,0.2769,1.2222,o,441.0,,1908.0,46.0
199908,2004,76574.0,0.0,347.0,0.2719,0.2719,0.272,0.272,1.0011,o,423.0,,1929.0,39.0
199908,2005,76574.0,0.0,374.0,0.293,0.2915,0.2874,0.2857,0.9256,o,433.0,,2001.0,39.0
199908,2006,70680.0,0.0,335.0,0.2844,0.2844,0.2845,0.2846,1.0023,o,393.0,,2011.0,33.0
199908,2007,71624.0,0.0,351.0,0.294,0.2923,0.2878,0.2859,0.9182,o,388.0,583.0,1952.0,33.0
199908,2008,75120.0,0.0,357.0,0.2851,0.2839,0.2807,0.2793,0.9395,o,490.0,549.0,1889.0,30.0
199908,2009,72512.0,0.0,391.0,0.3235,0.3287,0.3424,0.3487,1.2548,o,482.0,632.0,1858.0,26.0
199908,2010,69365.0,0.0,418.0,0.3616,0.3639,0.3701,0.3729,1.098,o,537.0,710.0,2326.0,35.0
199908,2011,65407.0,0.0,412.0,0.3779,0.3806,0.3875,0.3906,1.1049,o,503.0,650.0,2616.0,36.0
199908,2012,54870.0,0.0,469.0,0.5128,0.5124,0.5112,0.5107,0.9872,o,463.0,570.0,2932.0,50.0
199908,2013,66146.0,0.0,423.0,0.3837,0.3806,0.3727,0.3693,0.8904,o,460.0,421.0,2988.0,34.0
199908,2014,58926.0,0.0,435.0,0.4429,0.4414,0.4376,0.4359,0.9524,o,361.0,408.0,3062.0,31.0
199908,2015,50320.0,0.0,322.0,0.3839,0.3774,0.3611,0.3541,0.7822,o,321.0,388.0,3155.0,37.0
199908,2016,46473.0,0.0,295.0,0.3809,0.3744,0.3582,0.3512,0.782,o,305.0,103.0,3258.0,46.0
199908,2017,44439.0,0.0,381.0,0.5144,0.5104,0.5003,0.4958,0.8944,o,314.0,90.0,3285.0,46.0
199908,2018,38978.0,0.0,311.0,0.4787,0.4788,0.4791,0.4792,1.0032,o,305.0,46.0,3212.0,46.0
199908,2019,38835.0,0.0,325.0,0.5021,0.5016,0.5003,0.4997,0.9855,o,191.0,94.0,3144.0,44.0
199908,2020,35855.0,0.0,366.0,0.6125,0.5921,0.5428,0.5223,0.6171,o,133.0,97.0,3097.0,42.0
199908,2021,33163.0,0.0,318.0,0.5753,0.5508,0.4924,0.4684,0.5363,o,147.0,294.0,3008.0,49.0
199908,2022,28932.0,0.0,303.0,0.6284,0.6241,0.6133,0.6085,0.9074,o,214.0,264.0,2885.0,45.0
199908,2023,30926.0,0.0,287.0,0.5568,0.5736,0.6191,0.6405,1.5286,o,246.0,101.0,2734.0,36.0
199908,2024,31543.0,0.0,319.0,0.6068,0.6201,0.6556,0.6721,1.3629,o,271.0,64.0,2650.0,37.0
199926,1998,26253.0,0.0,253.0,0.5782,0.5856,0.6049,0.6136,1.1974,o,,,,
199926,1999,40726.0,0.0,178.0,0.2622,0.266,0.2757,0.2802,1.2225,o,,,,
199926,2000,42322.0,0.0,184.0,0.2609,0.2608,0.2605,0.2604,0.9949,o,,,,
199926,2001,43676.0,0.0,247.0,0.3393,0.3401,0.3422,0.3431,1.0342,o,,,,
199926,2002,53135.0,0.0,265.0,0.2992,0.3061,0.3244,0.3329,1.3817,o,656.0,,1784.0,
199926,2003,61599.0,0.0,314.0,0.3058,0.3072,0.3106,0.3122,1.0641,o,672.0,,1863.0,31.0
199926,2004,62407.0,0.0,439.0,0.4221,0.4217,0.4208,0.4204,0.9882,o,665.0,,1959.0,47.0
199926,2005,57674.0,0.0,350.0,0.3641,0.3642,0.3643,0.3643,1.0015,o,707.0,,2049.0,44.0
199926,2006,58292.0,0.0,341.0,0.351,0.3524,0.3559,0.3575,1.0576,o,695.0,,1985.0,45.0
199926,2007,56533.0,0.0,318.0,0.3375,0.3378,0.3386,0.339,1.0131,o,650.0,104.0,2033.0,42.0
199926,2008,50752.0,0.0,279.0,0.3298,0.3281,0.3237,0.3217,0.9272,o,572.0,,2084.0,44.0
199926,2009,67609.0,0.0,335.0,0.2973,0.2939,0.2855,0.2818,0.8506,o,673.0,337.0,2091.0,32.0
199926,2010,76750.0,0.0,334.0,0.2611,0.2629,0.2675,0.2696,1.1015,o,516.0,369.0,2457.0,39.0
199926,2011,76059.0,0.0,352.0,0.2777,0.2741,0.265,0.261,0.8289,o,445.0,306.0,2690.0,41.0
199926,2012,68826.0,0.0,367.0,0.3199,0.3135,0.2976,0.2908,0.7485,o,548.0,307.0,3059.0,38.0
199926,2013,68768.0,0.0,395.0,0.3446,0.3478,0.3562,0.3599,1.1405,o,433.0,258.0,3112.0,37.0
199926,2014,70329.0,0.0,341.0,0.2909,0.2881,0.2811,0.2781,0.8721,o,353.0,206.0,3184.0,36.0
199926,2015,65477.0,0.0,447.0,0.4096,0.4003,0.3773,0.3675,0.7197,o,358.0,180.0,3191.0,37.0
199926,2016,58014.0,0.0,443.0,0.4582,0.4552,0.4476,0.4443,0.9109,o,298.0,80.0,3251.0,42.0
199926,2017,56808.0,0.0,429.0,0.4531,0.4475,0.4336,0.4275,0.8383,o,573.0,67.0,3279.0,42.0
199926,2018,56307.0,0.0,483.0,0.5147,0.5352,0.5917,0.6187,1.747,o,478.0,54.0,3205.0,41.0
199926,2019,53128.0,0.0,423.0,0.4777,0.4808,0.489,0.4926,1.0976,o,465.0,65.0,3138.0,41.0
199926,2020,55696.0,0.0,367.0,0.3954,0.392,0.3835,0.3797,0.8849,o,384.0,69.0,3091.0,39.0
199926,2021,48989.0,0.0,424.0,0.5193,0.5119,0.4933,0.4853,0.8144,o,404.0,54.0,3002.0,36.0
199926,2022,48244.0,0.0,393.0,0.4888,0.4871,0.4828,0.4808,0.9517,o,355.0,41.0,2822.0,32.0
199926,2023,48400.0,0.0,442.0,0.5479,0.544,0.5338,0.5294,0.901,o,482.0,39.0,2662.0,32.0
199926,2024,50687.0,0.0,367.0,0.4344,0.4418,0.4612,0.4701,1.2701,o,434.0,30.0,2572.0,24.0
199953,1999,32125.0,0.0,125.0,0.2335,0.2329,0.2315,0.2308,0.9662,o,,,,
199953,2000,31997.0,0.0,110.0,0.2063,0.2086,0.2147,0.2175,1.1746,o,,,,
199953,2001,37511.0,0.0,122.0,0.1951,0.196,0.1981,0.199,1.0615,o,,,,
199953,2002,43158.0,0.0,120.0,0.1668,0.1674,0.1687,0.1693,1.0463,o,329.0,,1540.0,
199953,2003,43208.0,0.0,127.0,0.1764,0.179,0.1862,0.1894,1.2415,o,366.0,,1903.0,20.0
199953,2004,59811.0,0.0,145.0,0.1455,0.1475,0.1529,0.1553,1.22,o,360.0,,1924.0,
199953,2005,48286.0,0.0,158.0,0.1963,0.1968,0.1981,0.1986,1.036,o,149.0,,2018.0,
199953,2006,64850.0,0.0,184.0,0.1702,0.16,0.1363,0.1269,0.4105,o,92.0,,2029.0,27.0
199953,2007,53642.0,0.0,204.0,0.2282,0.2125,0.1769,0.1631,0.3615,o,243.0,270.0,1969.0,31.0
199953,2008,52036.0,0.0,197.0,0.2272,0.2386,0.2707,0.2863,2.0166,o,281.0,311.0,2028.0,30.0
199953,2009,67044.0,0.0,173.0,0.1548,0.1605,0.1762,0.1836,1.6776,o,342.0,328.0,2026.0,21.0
199953,2010,75200.0,0.0,165.0,0.1316,0.1341,0.1407,0.1437,1.3053,o,415.0,277.0,2412.0,23.0
199953,2011,62069.0,0.0,191.0,0.1846,0.1884,0.1984,0.203,1.3323,o,262.0,330.0,2662.0,23.0
199953,2012,52116.0,0.0,224.0,0.2579,0.2513,0.2352,0.2284,0.6922,o,270.0,401.0,3038.0,31.0
199953,2013,50445.0,0.0,188.0,0.2236,0.2201,0.2113,0.2075,0.7976,o,257.0,432.0,3092.0,34.0
199953,2014,50310.0,0.0,212.0,0.2528,0.2522,0.2507,0.25,0.9662,o,244.0,438.0,3151.0,30.0
199953,2015,45265.0,0.0,237.0,0.3142,0.3125,0.3082,0.3063,0.926,o,240.0,161.0,3124.0,30.0
199953,2016,42952.0,0.0,235.0,0.3283,0.3273,0.3248,0.3237,0.9581,o,244.0,155.0,3102.0,36.0
199953,2017,40170.0,0.0,272.0,0.4063,0.4065,0.4071,0.4074,1.0083,o,200.0,191.0,3253.0,33.0
199953,2018,38735.0,0.0,230.0,0.3563,0.3515,0.3397,0.3345,0.8264,o,194.0,163.0,2827.0,30.0
199953,2019,38225.0,0.0,241.0,0.3783,0.3747,0.3657,0.3618,0.8739,o,144.0,216.0,3138.0,34.0
199953,2020,40743.0,0.0,217.0,0.3196,0.3126,0.2955,0.2882,0.731,o,146.0,206.0,3091.0,28.0
199953,2021,40398.0,0.0,221.0,0.3282,0.3249,0.3164,0.3128,0.8639,o,163.0,182.0,3084.0,30.0
199953,2022,34256.0,0.0,240.0,0.4204,0.4238,0.4328,0.4369,1.1241,o,100.0,82.0,2822.0,32.0
199953,2023,34205.0,0.0,243.0,0.4263,0.4135,0.3823,0.3693,0.6472,o,158.0,70.0,3023.0,25.0
199953,2024,29364.0,0.0,210.0,0.4291,0.4346,0.4493,0.4559,1.2015,o,157.0,70.0,2572.0,26.0
199962,1998,33478.0,188.0,0.0,0.6739,0.6479,0.6427,0.6297,0.8733,o,,,,
199962,1999,33041.0,236.0,0.0,0.8571,0.8024,0.7915,0.7649,0.7964,o,,,,
199962,2000,32250.0,222.0,0.0,0.826,0.7773,0.7675,0.7437,0.8107,o,,,,
199962,2001,34958.0,209.0,0.0,0.7174,0.7355,0.7392,0.7488,1.0893,o,,,,
199962,2002,38263.0,195.0,0.0,0.6116,0.6685,0.6809,0.7129,1.359,o,375.0,,24043.0,
199962,2003,40349.0,210.0,0.0,0.6246,0.679,0.6908,0.7213,1.3339,o,372.0,,23706.0,391.0
199962,2004,39063.0,258.0,0.0,0.7926,0.8134,0.8178,0.8289,1.0937,o,358.0,,23549.0,463.0
199962,2005,39705.0,247.0,0.0,0.7465,0.7334,0.7307,0.724,0.9407,o,372.0,,24144.0,511.0
199962,2006,40663.0,251.0,0.0,0.7407,0.7291,0.7267,0.7208,0.9468,o,385.0,92.0,26254.0,571.0
199962,2007,41940.0,245.0,0.0,0.701,0.7037,0.7043,0.7057,1.0134,o,426.0,92.0,26693.0,531.0
199962,2008,43993.0,278.0,0.0,0.7583,0.7818,0.7868,0.7993,1.111,o,432.0,89.0,27042.0,480.0
199962,2009,43824.0,270.0,0.0,0.7393,0.7748,0.7823,0.8015,1.1753,o,375.0,100.0,27841.0,455.0
199962,2010,44729.0,258.0,0.0,0.6922,0.7051,0.7078,0.7147,1.066,o,606.0,56.0,28790.0,462.0
199962,2011,49103.0,290.0,0.0,0.7087,0.7489,0.7575,0.7795,1.2096,o,536.0,81.0,29510.0,442.0
199962,2012,51229.0,260.0,0.0,0.609,0.6617,0.6731,0.7026,1.331,o,548.0,75.0,30178.0,472.0
199962,2013,51470.0,253.0,0.0,0.5899,0.6426,0.654,0.6836,1.3432,o,642.0,109.0,31876.0,551.0
199962,2014,60929.0,371.0,0.0,0.7307,0.7728,0.7818,0.8048,1.213,o,583.0,75.0,32967.0,521.0
199962,2015,59731.0,359.0,0.0,0.7212,0.7361,0.7392,0.747,1.0727,o,664.0,95.0,34334.0,527.0
199962,2016,62454.0,362.0,0.0,0.6956,0.7244,0.7305,0.746,1.1504,o,625.0,108.0,36209.0,543.0
199962,2017,65386.0,338.0,0.0,0.6203,0.6349,0.6379,0.6456,1.0832,o,1073.0,86.0,37186.0,528.0
199962,2018,80845.0,367.0,0.0,0.5447,0.5988,0.6107,0.6413,1.3861,o,933.0,77.0,38784.0,505.0
199962,2019,84683.0,506.0,0.0,0.717,0.823,0.8468,0.9094,1.6087,o,943.0,73.0,40469.0,503.0
199962,2020,84765.0,439.0,0.0,0.6215,0.6929,0.7087,0.7498,1.4554,o,825.0,70.0,42417.0,507.0
199962,2021,82242.0,536.0,0.0,0.7821,0.7913,0.7932,0.798,1.0412,o,777.0,88.0,45401.0,579.0
199962,2022,74472.0,515.0,0.0,0.8298,0.7774,0.767,0.7416,0.7986,o,828.0,116.0,44068.0,517.0
199962,2023,75935.0,500.0,0.0,0.7901,0.7552,0.7482,0.7309,0.8555,o,708.0,140.0,42240.0,438.0
199962,2024,75233.0,472.0,0.0,0.7529,0.7228,0.7167,0.7017,0.8688,o,780.0,178.0,40196.0,422.0
199971,1999,1248.0,4.0,2.0,0.4808,0.4636,0.4602,0.4516,0.8824,i,,,,
199971,2004,851.0,4.0,3.0,0.7756,0.7343,0.726,0.7058,0.8282,i,2.0,,2322.0,136.0
199971,2005,793.0,2.0,4.0,0.6053,0.5087,0.4907,0.4485,0.5491,i,2.0,,6438.0,242.0
199971,2006,1170.0,2.0,10.0,0.7179,0.4857,0.448,0.366,0.2599,i,4.0,,6232.0,258.0
199971,2007,823.0,16.0,2.0,2.4787,1.9209,1.8222,1.597,0.4151,i,,2.0,6096.0,240.0
199971,2008,718.0,7.0,2.0,1.337,1.3474,1.3495,1.3549,1.0268,i,,6.0,6270.0,307.0
199971,2010,1317.0,8.0,8.0,1.0934,1.4497,1.5368,1.7781,2.6447,i,10.0,9.0,4839.0,253.0
199971,2011,1720.0,8.0,4.0,0.6977,0.8599,0.8979,1.0004,2.0559,i,24.0,14.0,4725.0,221.0
199971,2012,1950.0,9.0,3.0,0.6462,0.8717,0.9274,1.0827,2.8077,i,16.0,3.0,5150.0,134.0
199971,2013,1224.0,16.0,2.0,1.6667,2.1792,2.3035,2.6461,2.5208,i,2.0,2.0,5548.0,192.0
199971,2014,1512.0,14.0,6.0,1.3492,1.3282,1.3239,1.3132,0.9474,o,2.0,2.0,5299.0,149.0
199971,2017,1188.0,4.0,2.0,0.5051,0.3004,0.2698,0.2062,0.1667,o,1.0,,5195.0,181.0
199971,2018,1227.0,3.0,1.0,0.3423,0.28,0.2686,0.242,0.5,o,16.0,25.0,10967.0,281.0
199971,2019,1680.0,4.0,2.0,0.3571,0.5433,0.5926,0.7363,4.25,o,13.0,6.0,10738.0,405.0
199971,2020,1800.0,2.0,3.0,0.2333,0.4505,0.5162,0.7255,9.6667,o,34.0,4.0,10685.0,219.0
199971,2021,2002.0,5.0,1.0,0.3297,0.8235,0.9953,1.5981,23.5,o,32.0,1.0,10423.0,365.0
199971,2022,1225.0,3.0,0.0,0.2939,0.4355,0.4724,0.579,3.8824,o,6.0,15.0,9797.0,363.0
199971,2023,1326.0,3.0,0.0,0.2715,0.2936,0.2984,0.3108,1.3103,o,19.0,14.0,9244.0,396.0
199971,2024,1283.0,7.0,4.0,0.8418,0.701,0.6749,0.6139,0.5319,o,24.0,19.0,9420.0,408.0
199999,1998,82404.0,502.0,0.0,0.731,0.7867,0.8136,0.8518,1.3576,o,,,,
199999,1999,92730.0,524.0,0.0,0.6781,0.7199,0.7399,0.768,1.2829,o,,,,
199999,2000,81348.0,546.0,0.0,0.8054,0.8189,0.8251,0.8337,1.0715,o,,,,
199999,2001,80698.0,514.0,0.0,0.7643,0.7654,0.766,0.7667,1.0061,o,,,,
199999,2002,86112.0,501.0,0.0,0.6982,0.7147,0.7224,0.733,1.1024,o,687.0,,3539.0,
199999,2003,97813.0,511.0,0.0,0.6269,0.666,0.6847,0.7111,1.2866,o,897.0,,3953.0,116.0
199999,2004,115587.0,538.0,0.0,0.5585,0.6248,0.6577,0.7054,1.5952,o,901.0,,3970.0,122.0
199999,2005,135553.0,543.0,0.0,0.4807,0.5374,0.5655,0.6064,1.5912,o,1083.0,,4306.0,134.0
199999,2006,151439.0,740.0,0.0,0.5864,0.6477,0.6779,0.7213,1.5133,o,992.0,376.0,4370.0,133.0
199999,2007,154948.0,747.0,0.0,0.5785,0.6172,0.6359,0.6621,1.31,o,969.0,607.0,4700.0,144.0
199999,2008,160412.0,867.0,0.0,0.6486,0.6622,0.6686,0.6773,1.0907,o,1357.0,557.0,4829.0,148.0
199999,2009,177244.0,1012.0,0.0,0.6852,0.7118,0.7244,0.7419,1.1724,o,795.0,669.0,4876.0,155.0
199999,2010,175800.0,1144.0,0.0,0.7809,0.7877,0.7909,0.7952,1.0371,o,691.0,769.0,5035.0,127.0
199999,2011,173058.0,1246.0,0.0,0.864,0.8083,0.7841,0.7521,0.7578,o,807.0,661.0,5707.0,138.0
199999,2012,163629.0,1295.0,0.0,0.9497,0.8545,0.8142,0.7622,0.644,o,685.0,606.0,6237.0,162.0
199999,2013,151441.0,1398.0,0.0,1.1078,1.0145,0.9745,0.9224,0.6933,o,728.0,620.0,6605.0,184.0
199999,2014,140312.0,1371.0,0.0,1.1725,1.1584,1.152,1.1434,0.9509,o,850.0,526.0,7199.0,187.0
199999,2015,131327.0,1291.0,0.0,1.1797,1.1945,1.2013,1.2107,1.0534,o,887.0,554.0,7288.0,204.0
199999,2016,130020.0,1121.0,0.0,1.0346,1.0731,1.0912,1.1163,1.1642,o,952.0,436.0,7399.0,200.0
199999,2017,132176.0,1131.0,0.0,1.0268,1.0938,1.126,1.1714,1.3015,o,937.0,443.0,7399.0,191.0
199999,2018,133118.0,999.0,0.0,0.9006,0.9403,0.9591,0.9853,1.1971,o,935.0,448.0,7404.0,198.0
199999,2019,134205.0,1022.0,0.0,0.9138,0.9304,0.9381,0.9487,1.0777,o,967.0,421.0,7204.0,196.0
199999,2020,134438.0,1027.0,0.0,0.9167,0.9241,0.9276,0.9323,1.0343,o,1007.0,425.0,7141.0,156.0
199999,2021,134814.0,983.0,0.0,0.875,0.8843,0.8886,0.8945,1.045,o,912.0,399.0,6935.0,164.0
199999,2022,133147.0,932.0,0.0,0.84,0.845,0.8473,0.8505,1.0251,o,855.0,372.0,6853.0,176.0
199999,2023,127830.0,914.0,0.0,0.858,0.843,0.8362,0.827,0.929,o,883.0,370.0,6497.0,215.0
199999,2024,123160.0,890.0,0.0,0.8672,0.8411,0.8294,0.8137,0.8804,o,931.0,385.0,6735.0,160.0
200004,1998,175501.0,1115.0,0.0,0.7624,0.7704,0.7741,0.7792,1.0447,o,,,,
200004,1999,164463.0,1184.0,0.0,0.8639,0.8572,0.8541,0.85,0.968,o,,,,
200004,2000,159572.0,1142.0,0.0,0.8588,0.8516,0.8483,0.8438,0.9654,o,,,,
200004,2001,159583.0,1042.0,0.0,0.7835,0.7806,0.7792,0.7773,0.9842,o,,,,
200004,2002,160273.0,1139.0,0.0,0.8528,0.8582,0.8607,0.8641,1.0266,o,1224.0,,3885.0,
200004,2003,161438.0,1093.0,0.0,0.8124,0.8244,0.8299,0.8376,1.0628,o,1495.0,,4435.0,177.0
200004,2004,173123.0,1157.0,0.0,0.802,0.8289,0.8415,0.859,1.1473,o,1578.0,,4653.0,183.0
200004,2005,191385.0,1200.0,0.0,0.7524,0.7989,0.8211,0.8525,1.2836,o,1557.0,,5268.0,191.0
200004,2006,204371.0,1305.0,0.0,0.7663,0.8167,0.8409,0.875,1.3041,o,1568.0,594.0,5313.0,184.0
200004,2007,202616.0,1255.0,0.0,0.7433,0.7685,0.7804,0.7968,1.1493,o,1259.0,774.0,5643.0,199.0
200004,2008,201366.0,1525.0,0.0,0.9088,0.8908,0.8826,0.8717,0.9199,o,1224.0,742.0,5943.0,195.0
200004,2009,193076.0,1547.0,0.0,0.9615,0.9092,0.8861,0.8557,0.792,o,1555.0,773.0,6037.0,188.0
200004,2010,209979.0,1760.0,0.0,1.0058,0.9779,0.9653,0.9485,0.8893,o,1440.0,792.0,6190.0,188.0
200004,2011,213919.0,1654.0,0.0,0.9278,0.9408,0.9468,0.955,1.0594,o,1520.0,784.0,7153.0,207.0
200004,2012,218374.0,1783.0,0.0,0.9798,1.022,1.0419,1.0698,1.1921,o,1558.0,796.0,7330.0,219.0
200004,2013,226756.0,1772.0,0.0,0.9377,0.961,0.9719,0.9869,1.1076,o,1621.0,851.0,7920.0,235.0
200004,2014,237251.0,1901.0,0.0,0.9615,0.9754,0.9818,0.9906,1.0614,o,1756.0,832.0,8248.0,246.0
200004,2015,245024.0,2077.0,0.0,1.0172,1.0499,1.0652,1.0865,1.1409,o,1639.0,826.0,8231.0,250.0
200004,2016,244387.0,1992.0,0.0,0.9781,1.0014,1.0123,1.0273,1.103,o,1924.0,831.0,8586.0,258.0
200004,2017,257923.0,2111.0,0.0,0.9822,1.0094,1.0221,1.0398,1.1208,o,1998.0,786.0,8588.0,259.0
200004,2018,263752.0,2147.0,0.0,0.9768,1.0125,1.0293,1.0527,1.1614,o,2198.0,1101.0,8596.0,258.0
200004,2019,282682.0,2140.0,0.0,0.9084,0.9558,0.9784,1.0099,1.2359,o,2107.0,1006.0,4791.0,164.0
200004,2020,292640.0,2217.0,0.0,0.9091,0.9513,0.9713,0.9993,1.2083,o,1823.0,924.0,5141.0,156.0
200004,2021,284140.0,2337.0,0.0,0.987,0.9875,0.9877,0.988,1.002,o,1729.0,1032.0,5002.0,155.0
200004,2022,272683.0,2555.0,0.0,1.1244,1.0803,1.0607,1.0345,0.8465,o,1932.0,1050.0,4791.0,144.0
200004,2023,269841.0,2582.0,0.0,1.1482,1.1044,1.0849,1.0589,0.8504,o,2103.0,1053.0,4610.0,141.0
200004,2024,276869.0,2539.0,0.0,1.1004,1.1074,1.1107,1.1151,1.0267,o,2052.0,1003.0,4532.0,147.0
233602,2019,1989.0,18.0,1.0,1.1161,1.1161,1.1161,1.1161,,n,14.0,5.0,,468.0
233602,2020,1858.0,7.0,0.0,0.4521,0.4521,0.4521,0.4521,,n,16.0,4.0,12176.0,253.0
233602,2021,1760.0,12.0,1.0,0.8523,0.8523,0.8523,0.8523,,n,18.0,4.0,12221.0,264.0
233602,2022,1946.0,10.0,1.0,0.6475,0.6475,0.6475,0.6475,,n,21.0,4.0,11475.0,231.0
233602,2023,2247.0,14.0,2.0,0.8011,0.8011,0.8011,0.8011,,n,19.0,1.0,11066.0,242.0
233602,2024,2204.0,13.0,10.0,0.98,1.0653,1.0839,1.1316,1.3333,o,17.0,2.0,11250.0,245.0
382504,1998,13080.0,0.0,0.0,0.0,0.0,0.0,0.0,,-,,,,
382504,1999,15200.0,0.0,0.0,0.0,0.0,0.0,0.0,,-,,,,
382504,2000,15968.0,0.0,0.0,0.0,0.0,0.0,0.0,,-,,,,
382504,2001,13028.0,0.0,0.0,0.0,0.0,0.0,0.0,,-,,,,
382504,2002,11793.0,0.0,0.0,0.0,0.0,0.0,0.0,,-,219.0,,15763.0,
382504,2003,17950.0,0.0,99.0,0.3309,0.3309,0.3309,0.3309,,-,249.0,,16246.0,391.0
382504,2004,19726.0,0.0,150.0,0.4563,0.4563,0.4563,0.4563,,-,242.0,,16517.0,414.0
382504,2005,19142.0,0.0,145.0,0.4545,0.4545,0.4545,0.4545,,-,244.0,,18188.0,470.0
382504,2006,19026.0,0.0,151.0,0.4762,0.4762,0.4762,0.4762,,-,261.0,,17606.0,484.0
382504,2007,22260.0,0.0,158.0,0.4259,0.4259,0.4259,0.4259,,-,279.0,,18088.0,436.0
382504,2008,23310.0,0.0,173.0,0.4453,0.4453,0.4453,0.4453,,-,299.0,75.0,18204.0,442.0
382504,2009,24955.0,0.0,183.0,0.44,0.44,0.44,0.44,,-,310.0,147.0,18302.0,462.0
382504,2010,23580.0,0.0,205.0,0.5216,0.5216,0.5216,0.5216,,-,309.0,,18469.0,531.0
382504,2011,23520.0,0.0,190.0,0.4847,0.4847,0.4847,0.4847,,-,213.0,,18510.0,510.0
382504,2012,22925.0,0.0,192.0,0.5025,0.5025,0.5025,0.5025,,-,225.0,,18423.0,415.0
382504,2013,18420.0,0.0,161.0,0.5244,0.5244,0.5244,0.5244,,-,210.0,,18314.0,479.0
382504,2014,25944.0,0.0,136.0,0.3145,0.3145,0.3145,0.3145,,-,161.0,69.0,18801.0,315.0
382504,2015,22954.0,0.0,134.0,0.3503,0.3503,0.3503,0.3503,,-,154.0,77.0,18642.0,328.0
382504,2016,14076.0,0.0,125.0,0.5328,0.5328,0.5328,0.5328,,-,174.0,61.0,18513.0,503.0
382504,2017,13993.0,0.0,107.0,0.4588,0.4588,0.4588,0.4588,,-,150.0,38.0,18255.0,478.0
382504,2018,12000.0,0.0,102.0,0.51,0.51,0.51,0.51,,-,,,17872.0,
421832,2002,7590.0,0.0,0.0,0.0,0.0,0.0,0.0,,-,116.0,,20017.0,
421832,2003,8985.0,0.0,0.0,0.0,0.0,0.0,0.0,,-,73.0,,20868.0,804.0
421832,2004,7074.0,0.0,0.0,0.0,0.0,0.0,0.0,,-,116.0,,24446.0,997.0
421832,2005,7428.0,0.0,71.0,0.5735,0.5735,0.5735,0.5735,,-,113.0,,24681.0,785.0
421832,2006,10200.0,0.0,62.0,0.3647,0.3647,0.3647,0.3647,,-,121.0,,27804.0,662.0
421832,2008,9540.0,0.0,54.0,0.3396,0.3396,0.3396,0.3396,,-,126.0,,26091.0,783.0
421832,2009,11373.0,0.0,42.0,0.2216,0.2216,0.2216,0.2216,,-,106.0,,25760.0,720.0
421832,2010,11419.0,0.0,75.0,0.3941,0.3941,0.3941,0.3941,,-,136.0,,30019.0,1040.0
421832,2011,20260.0,0.0,72.0,0.2132,0.2132,0.2132,0.2132,,-,161.0,53.0,26886.0,611.0
421832,2012,22593.0,10.0,23.0,0.1142,0.1142,0.1142,0.1142,,-,158.0,38.0,20851.0,616.0
421832,2013,21933.0,66.0,0.0,0.3611,0.3611,0.3611,0.3611,,-,95.0,13.0,20486.0,747.0
421832,2014,22167.0,62.0,0.0,0.3356,0.3356,0.3356,0.3356,,-,71.0,16.0,22092.0,602.0
421832,2015,17955.0,63.0,0.0,0.4211,0.4211,0.4211,0.4211,,-,70.0,16.0,21906.0,559.0
421832,2016,14533.0,48.0,0.0,0.3963,0.3963,0.3963,0.3963,,-,79.0,12.0,21754.0,573.0
421832,2017,13650.0,34.0,0.0,0.2989,0.2989,0.2989,0.2989,,-,48.0,3.0,21595.0,571.0
421832,2018,11484.0,37.0,0.0,0.3866,0.3866,0.3866,0.3866,,-,43.0,12.0,21316.0,504.0
421832,2019,9776.0,30.0,0.0,0.3682,0.3682,0.3682,0.3682,,-,77.0,20.0,20255.0,535.0
421832,2020,8616.0,35.0,0.0,0.4875,0.4875,0.4875,0.4875,,-,49.0,15.0,19952.0,548.0
421832,2021,8424.0,13.0,0.0,0.1852,0.1852,0.1852,0.1852,,-,27.0,11.0,19376.0,547.0
421832,2022,8097.0,25.0,0.0,0.3705,0.3705,0.3705,0.3705,,-,,,18211.0,
433174,1999,4943.0,0.0,73.0,0.8861,0.8861,0.8861,0.8861,,n,,,,
433174,2000,7949.0,0.0,80.0,0.6038,0.6038,0.6038,0.6038,,n,,,,
433174,2001,6140.0,0.0,83.0,0.8111,0.8111,0.8111,0.8111,,n,,,,
433174,2002,8461.0,0.0,73.0,0.5177,0.5177,0.5177,0.5177,,n,59.0,,6929.0,
433174,2003,8461.0,0.0,77.0,0.546,0.546,0.546,0.546,,n,24.0,,,318.0
433174,2004,10500.0,0.0,95.0,0.5429,0.4461,0.4078,0.3607,0.4415,o,28.0,,,283.0
433174,2005,9090.0,0.0,130.0,0.8581,0.5975,0.5061,0.4036,0.2213,o,41.0,,,388.0
433174,2006,10050.0,0.0,113.0,0.6746,0.5257,0.469,0.4013,0.3538,o,147.0,,,327.0
433174,2008,10611.0,0.0,105.0,0.5937,0.7833,0.8894,1.0576,3.1731,o,16.0,114.0,,292.0
433174,2009,12303.0,0.0,115.0,0.5608,0.4732,0.4378,0.3937,0.4928,o,8.0,99.0,,281.0
433174,2010,10716.0,0.0,128.0,0.7167,0.4373,0.3487,0.2561,0.1277,o,3.0,137.0,,323.0
433174,2011,9173.0,0.0,126.0,0.8242,0.4303,0.3194,0.2128,0.0667,o,8.0,,,428.0
433174,2012,9462.0,0.0,120.0,0.7609,0.5804,0.5126,0.4328,0.3235,o,11.0,119.0,,379.0
433174,2013,7203.0,0.0,133.0,1.1079,1.0475,1.0209,0.9857,0.7917,o,24.0,152.0,,571.0
433174,2014,9661.0,0.0,133.0,0.826,1.0905,1.2386,1.4734,3.1818,o,11.0,94.0,,465.0
433174,2015,10299.0,0.0,131.0,0.7632,1.0076,1.1444,1.3613,3.1818,o,16.0,155.0,17509.0,349.0
433174,2016,10058.0,0.0,147.0,0.8769,0.9541,0.9917,1.0454,1.4211,o,20.0,,18020.0,465.0
433174,2017,11437.0,0.0,125.0,0.6558,0.6602,0.6623,0.6651,1.0286,o,19.0,,15542.0,412.0
433174,2018,11908.0,0.0,134.0,0.6752,0.6929,0.7012,0.7127,1.1143,o,10.0,106.0,18216.0,447.0
433174,2019,12412.0,0.0,136.0,0.6574,0.6688,0.6741,0.6813,1.0741,o,8.0,111.0,17000.0,386.0
433174,2020,12756.0,10.0,128.0,0.6961,0.5895,0.5462,0.4922,0.5,o,15.0,95.0,17803.0,386.0
433174,2021,13568.0,40.0,113.0,0.8535,0.7519,0.7095,0.6554,0.5897,o,6.0,125.0,18003.0,418.0
433174,2023,9708.0,27.0,128.0,1.1248,1.0403,1.0038,0.9559,0.7222,o,22.0,122.0,16748.0,458.0
433174,2024,10800.0,30.0,100.0,0.8889,0.9397,0.964,0.9981,1.2609,o,72.0,143.0,19095.0,450.0
441511,2005,777.0,1.0,0.0,0.1544,0.1544,0.1544,0.1544,,n,17.0,,2656.0,
441511,2006,735.0,7.0,1.0,1.2245,1.2245,1.2245,1.2245,,n,17.0,,3194.0,
441511,2007,1299.0,1.0,1.0,0.1386,0.1533,0.1565,0.1649,1.4167,o,21.0,3.0,3554.0,
441511,2008,1551.0,1.0,4.0,0.2321,0.3325,0.3582,0.4314,3.4545,o,28.0,14.0,6804.0,
441511,2009,2449.0,8.0,6.0,0.539,0.6712,0.7023,0.7867,2.1304,o,47.0,,6690.0,
441511,2012,13155.0,24.0,10.0,0.2645,0.481,0.5443,0.7415,7.8571,o,136.0,,6667.0,
441511,2013,12052.0,27.0,6.0,0.2987,0.4618,0.5054,0.6332,4.4933,o,63.0,23.0,6550.0,
441511,2014,14489.0,20.0,10.0,0.2071,0.1983,0.1965,0.1922,0.8615,o,53.0,7.0,6451.0,
441511,2015,19974.0,34.0,7.0,0.2253,0.1591,0.148,0.1237,0.3013,o,102.0,5.0,6527.0,
441511,2019,9696.0,75.0,16.0,1.0272,0.9537,0.9392,0.9038,0.7742,o,,,6223.0,
442365,2005,2071.0,4.0,0.0,0.2318,0.2318,0.2318,0.2318,,x,18.0,,18027.0,655.0
442365,2006,2452.0,8.0,0.0,0.3915,0.3915,0.3915,0.3915,,x,37.0,,18853.0,746.0
442365,2007,4266.0,19.0,0.0,0.5345,0.5345,0.5345,0.5345,,x,46.0,87.0,18814.0,868.0
442365,2008,6773.0,23.0,0.0,0.4075,0.4075,0.4075,0.4075,,x,57.0,78.0,19052.0,778.0
442365,2009,10020.0,50.0,0.0,0.5988,0.5988,0.5988,0.5988,,x,91.0,91.0,20043.0,634.0
442365,2010,13650.0,57.0,0.0,0.5011,0.5011,0.5011,0.5011,,x,193.0,298.0,20859.0,709.0
442365,2011,19380.0,52.0,3.0,0.3313,0.3313,0.3313,0.3313,,x,131.0,258.0,20696.0,843.0
442365,2012,18120.0,70.0,4.0,0.4768,0.4768,0.4768,0.4768,,x,41.0,168.0,20665.0,942.0
442611,2004,74829.0,0.0,0.0,0.0,0.0,0.0,0.0,,-,553.0,,,637.0
442611,2005,138169.0,0.0,0.0,0.0,0.0,0.0,0.0,,-,703.0,,,372.0
442611,2006,128849.0,0.0,0.0,0.0,0.0,0.0,0.0,,-,630.0,,,368.0
442611,2007,114716.0,0.0,0.0,0.0,0.0,0.0,0.0,,-,656.0,,,343.0
442611,2008,72300.0,0.0,0.0,0.0,0.0,0.0,0.0,,-,746.0,,,539.0
442611,2009,86100.0,0.0,0.0,0.0,0.0,0.0,0.0,,-,651.0,,,386.0
442611,2010,93520.0,0.0,0.0,0.0,0.0,0.0,0.0,,-,959.0,,,369.0
442611,2011,76860.0,0.0,0.0,0.0,0.0,0.0,0.0,,-,711.0,,,437.0
442611,2012,82651.0,0.0,0.0,0.0,0.0,0.0,0.0,,-,346.0,,,453.0
442611,2013,70493.0,0.0,0.0,0.0,0.0,0.0,0.0,,-,358.0,,,479.0
442611,2014,70156.0,0.0,0.0,0.0,0.0,0.0,0.0,,-,355.0,,,504.0
442611,2015,66523.0,0.0,0.0,0.0,0.0,0.0,0.0,,-,328.0,,,525.0
442611,2016,61567.0,0.0,0.0,0.0,0.0,0.0,0.0,,-,357.0,,,542.0
442611,2017,56838.0,0.0,0.0,0.0,0.0,0.0,0.0,,-,292.0,,,544.0
442611,2018,50658.0,0.0,0.0,0.0,0.0,0.0,0.0,,-,315.0,,,515.0
442611,2019,47934.0,0.0,0.0,0.0,0.0,0.0,0.0,,-,336.0,,,560.0
442611,2020,45254.0,0.0,0.0,0.0,0.0,0.0,0.0,,-,575.0,,,544.0
442611,2021,48056.0,0.0,0.0,0.0,0.0,0.0,0.0,,-,573.0,,,580.0
442611,2022,50527.0,0.0,0.0,0.0,0.0,0.0,0.0,,-,325.0,129.0,,562.0
442611,2023,52075.0,0.0,517.0,0.5957,0.5957,0.5957,0.5957,,-,432.0,127.0,,534.0
442611,2024,54284.0,0.0,506.0,0.5593,0.5593,0.5593,0.5593,,-,421.0,90.0,,551.0
443076,2003,136.0,0.0,0.0,0.0,0.0,0.0,0.0,,n,6.0,,,963.0
443076,2004,145.0,0.0,0.0,0.0,0.0,0.0,0.0,,n,4.0,,,
443076,2005,241.0,0.0,0.0,0.0,0.0,0.0,0.0,,n,14.0,,,
443076,2006,189.0,0.0,0.0,0.0,0.0,0.0,0.0,,n,8.0,3.0,,
443076,2007,168.0,0.0,0.0,0.0,0.0,0.0,0.0,,n,4.0,,,
443076,2008,174.0,0.0,0.0,0.0,0.0,0.0,0.0,1.2,o,8.0,,,844.0
443076,2009,207.0,0.0,0.0,0.0,0.0,0.0,0.0,0.6667,o,5.0,,,435.0
443076,2012,60.0,0.0,0.0,0.0,0.0,0.0,0.0,0.5332,i,2.0,,,446.0
443076,2013,90.0,0.0,0.0,0.0,0.0,0.0,0.0,0.3626,i,1.0,,,447.0
443076,2014,60.0,0.0,0.0,0.0,0.0,0.0,0.0,0.3455,i,,,,387.0
443474,2003,1320.0,0.0,0.0,0.0,0.0,0.0,0.0,,x,2.0,,,
443474,2005,14535.0,4.0,1.0,0.0372,0.0372,0.0372,0.0372,,x,45.0,,17142.0,485.0
443474,2006,22500.0,38.0,0.0,0.2027,0.2027,0.2027,0.2027,,x,43.0,70.0,15846.0,506.0
443474,2007,35640.0,91.0,0.0,0.3064,0.3064,0.3064,0.3064,,x,61.0,79.0,18935.0,398.0
443474,2008,21449.0,138.0,0.0,0.7721,0.7721,0.7721,0.7721,,x,60.0,67.0,17340.0,522.0
443474,2009,27780.0,167.0,0.0,0.7214,0.7214,0.7214,0.7214,,x,46.0,64.0,17697.0,411.0
443474,2010,25878.0,180.0,0.0,0.8347,0.8347,0.8347,0.8347,,x,89.0,73.0,13998.0,489.0
443474,2011,24873.0,162.0,0.0,0.7816,0.7816,0.7816,0.7816,,x,67.0,86.0,14574.0,535.0
443474,2012,23556.0,93.0,0.0,0.4738,0.4738,0.4738,0.4738,,x,99.0,93.0,14774.0,542.0
443474,2013,21732.0,111.0,0.0,0.6129,0.6129,0.6129,0.6129,,x,41.0,41.0,13689.0,570.0
444778,2004,969.0,3.0,0.0,0.3715,0.3715,0.3715,0.3715,,n,2.0,,,105.0
444778,2005,817.0,3.0,0.0,0.4406,0.4406,0.4406,0.4406,,n,11.0,,6245.0,104.0
444778,2006,864.0,2.0,0.0,0.2778,0.2778,0.2778,0.2778,,n,6.0,3.0,8102.0,196.0
444778,2007,992.0,5.0,0.0,0.6048,0.6048,0.6048,0.6048,,n,14.0,5.0,8545.0,189.0
444778,2008,1149.0,5.0,0.0,0.5222,0.5222,0.5222,0.5222,,n,23.0,,8707.0,283.0
444778,2009,1440.0,0.0,0.0,0.0,0.0,0.0,0.0,2.8462,o,13.0,3.0,8849.0,215.0
444778,2010,2022.0,2.0,0.0,0.1187,0.1475,0.1543,0.1727,2.1176,o,27.0,22.0,9220.0,206.0
444778,2011,2202.0,7.0,0.0,0.3815,0.4664,0.4862,0.5395,2.0,o,16.0,16.0,9799.0,198.0
444778,2012,3357.0,4.0,0.0,0.143,0.1494,0.1507,0.1541,1.1622,o,13.0,8.0,10273.0,190.0
444778,2013,3227.0,8.0,1.0,0.3161,0.2969,0.293,0.2837,0.8056,o,4.0,3.0,10627.0,226.0
444778,2014,3276.0,5.0,5.0,0.2747,0.2144,0.2036,0.1791,0.425,o,6.0,12.0,11033.0,238.0
444778,2015,2553.0,17.0,5.0,0.9166,0.6004,0.5501,0.442,0.2326,o,8.0,17.0,11441.0,381.0
444778,2016,1986.0,6.0,4.0,0.4834,0.3914,0.3746,0.3359,0.4828,o,5.0,17.0,12083.0,300.0
444778,2017,1731.0,11.0,5.0,0.9359,0.8658,0.852,0.8184,0.7647,o,2.0,13.0,12340.0,306.0
444778,2018,1302.0,8.0,2.0,0.8295,0.748,0.7321,0.694,0.7,o,,10.0,12550.0,266.0
444778,2019,993.0,6.0,1.0,0.7855,0.5462,0.5067,0.4199,0.2857,i,,8.0,12651.0,205.0
444778,2020,1659.0,11.0,5.0,0.9765,0.6938,0.6464,0.5417,0.3077,i,,30.0,12825.0,237.0
444778,2021,1755.0,17.0,5.0,1.3333,1.1336,1.0962,1.0079,0.5714,i,2.0,5.0,,224.0
444778,2022,1272.0,10.0,3.0,1.0849,1.0849,1.0849,1.0849,1.0,i,1.0,5.0,12205.0,210.0
444778,2023,1449.0,6.0,0.0,0.4969,0.4571,0.4493,0.4303,0.75,i,2.0,6.0,14412.0,266.0
444778,2024,570.0,9.0,2.0,2.1053,1.9368,1.9036,1.8232,0.75,i,,,11960.0,272.0
445708,2006,66807.0,0.0,536.0,0.4814,0.4814,0.4814,0.4814,,n,771.0,,29915.0,
445708,2007,76707.0,172.0,586.0,0.7274,0.7274,0.7274,0.7274,,n,722.0,171.0,31496.0,
445708,2008,79803.0,365.0,547.0,0.9601,0.9601,0.9601,0.9601,,n,609.0,183.0,31779.0,
445708,2009,77743.0,312.0,678.0,1.0049,0.9467,0.935,0.9066,0.8141,o,659.0,209.0,32495.0,
445708,2010,78491.0,304.0,538.0,0.876,0.8234,0.8129,0.7873,0.8076,o,715.0,220.0,33579.0,
445708,2011,80931.0,344.0,526.0,0.9,0.8786,0.8742,0.8634,0.9203,o,640.0,204.0,34101.0,
445708,2012,80199.0,344.0,483.0,0.8761,0.8806,0.8816,0.8839,1.018,o,574.0,196.0,34569.0,
445708,2013,75552.0,319.0,472.0,0.8815,0.8705,0.8682,0.8625,0.9574,o,624.0,164.0,35307.0,
445708,2014,72457.0,389.0,465.0,1.0293,0.9892,0.9811,0.9611,0.8719,o,610.0,170.0,36148.0,
445708,2015,69759.0,394.0,428.0,1.0459,1.0179,1.0122,0.9981,0.9107,o,701.0,120.0,37257.0,
445708,2016,66441.0,322.0,422.0,0.9627,0.9844,0.9889,1.0004,1.0799,o,655.0,103.0,38343.0,
445708,2017,65131.0,334.0,363.0,0.9498,0.9845,0.9919,1.0105,1.1319,o,570.0,79.0,39195.0,
445708,2018,58470.0,323.0,294.0,0.9646,0.9626,0.9621,0.9611,0.9927,o,487.0,89.0,39268.0,
445708,2019,51771.0,244.0,324.0,0.9411,0.8841,0.8727,0.845,0.8063,o,428.0,53.0,39585.0,550.0
445708,2020,46578.0,236.0,204.0,0.8708,0.7769,0.7588,0.7153,0.6748,o,483.0,36.0,40150.0,551.0
445708,2021,40191.0,213.0,206.0,0.9435,0.8658,0.8506,0.8136,0.7437,o,421.0,38.0,40545.0,634.0
445708,2022,36129.0,152.0,217.0,0.8652,0.8269,0.8192,0.8002,0.8553,o,389.0,45.0,39794.0,604.0
445708,2023,32486.0,135.0,161.0,0.796,0.7684,0.7628,0.749,0.8852,o,432.0,40.0,39793.0,601.0
445708,2024,33239.0,136.0,157.0,0.7744,0.7514,0.7467,0.7351,0.9012,o,450.0,37.0,40408.0,575.0
446765,2007,7984.0,14.0,0.0,0.2104,0.2104,0.2104,0.2104,,x,44.0,31.0,18935.0,840.0
446765,2008,8930.0,27.0,1.0,0.3695,0.3695,0.3695,0.3695,,x,20.0,35.0,17340.0,513.0
446765,2009,10800.0,56.0,0.0,0.6222,0.6222,0.6222,0.6222,,x,23.0,49.0,17697.0,404.0
446765,2010,10657.0,75.0,0.0,0.8445,0.8445,0.8445,0.8445,,x,18.0,38.0,13998.0,503.0
446765,2011,11339.0,54.0,0.0,0.5715,0.5715,0.5715,0.5715,,x,15.0,35.0,14574.0,541.0
446765,2012,11168.0,57.0,0.0,0.6125,0.6125,0.6125,0.6125,,x,18.0,33.0,14774.0,516.0
448442,2009,21619.0,0.0,67.0,0.186,0.186,0.186,0.186,,-,147.0,14.0,23533.0,637.0
448442,2010,24715.0,8.0,118.0,0.3253,0.3253,0.3253,0.3253,,-,129.0,8.0,24513.0,884.0
448442,2011,21715.0,33.0,176.0,0.6687,0.6687,0.6687,0.6687,,-,63.0,7.0,25194.0,1047.0
448442,2012,16222.0,46.0,130.0,0.8211,0.8211,0.8211,0.8211,,-,41.0,8.0,24556.0,1110.0
448442,2013,12633.0,74.0,96.0,1.1589,1.1589,1.1589,1.1589,,-,51.0,3.0,24126.0,1031.0
448442,2014,11007.0,45.0,82.0,0.9376,0.9376,0.9376,0.9376,,-,51.0,3.0,23762.0,870.0
448442,2015,9304.0,45.0,72.0,1.0447,1.0447,1.0447,1.0447,,-,44.0,5.0,23561.0,779.0
449117,2007,13011.0,0.0,50.0,0.2306,0.2306,0.2306,0.2306,,-,105.0,,12794.0,516.0
449117,2008,13875.0,0.0,40.0,0.173,0.173,0.173,0.173,,-,118.0,,13433.0,519.0
449117,2009,17169.0,0.0,129.0,0.4508,0.4508,0.4508,0.4508,,-,45.0,74.0,16263.0,557.0
449117,2010,19571.0,0.0,136.0,0.417,0.417,0.417,0.417,,-,35.0,45.0,14479.0,584.0
449117,2011,17772.0,0.0,79.0,0.2667,0.2667,0.2667,0.2667,,-,108.0,114.0,14793.0,593.0
449117,2013,11356.0,0.0,54.0,0.2853,0.2853,0.2853,0.2853,,-,46.0,92.0,14249.0,588.0
449117,2014,10398.0,0.0,63.0,0.3635,0.3635,0.3635,0.3635,,-,85.0,37.0,14033.0,533.0
449117,2015,7560.0,0.0,43.0,0.3413,0.3413,0.3413,0.3413,,-,106.0,21.0,13915.0,719.0
449117,2016,8403.0,0.0,42.0,0.2999,0.2999,0.2999,0.2999,,-,56.0,62.0,13747.0,632.0
449117,2017,8526.0,0.0,83.0,0.5841,0.5841,0.5841,0.5841,,-,66.0,48.0,13492.0,566.0
449117,2018,10028.0,0.0,36.0,0.2154,0.2154,0.2154,0.2154,,-,64.0,61.0,14320.0,480.0
451352,2010,17196.0,0.0,0.0,0.0,0.0,0.0,0.0,,-,154.0,,,254.0
451352,2011,20675.0,0.0,0.0,0.0,0.0,0.0,0.0,,-,63.0,,,330.0
451352,2012,17441.0,0.0,0.0,0.0,0.0,0.0,0.0,,-,148.0,,,418.0
451352,2013,10813.0,0.0,0.0,0.0,0.0,0.0,0.0,,-,86.0,,,571.0
451352,2014,13130.0,0.0,0.0,0.0,0.0,0.0,0.0,,-,127.0,,,498.0
451352,2015,10298.0,0.0,0.0,0.0,0.0,0.0,0.0,,-,162.0,,,654.0
451352,2016,10622.0,0.0,0.0,0.0,0.0,0.0,0.0,,-,82.0,,,594.0
451352,2017,9346.0,0.0,0.0,0.0,0.0,0.0,0.0,,-,159.0,,,669.0
451352,2018,10950.0,0.0,0.0,0.0,0.0,0.0,0.0,,-,139.0,,,562.0
451352,2019,11880.0,0.0,0.0,0.0,0.0,0.0,0.0,,-,185.0,,,468.0
451352,2020,11460.0,0.0,0.0,0.0,0.0,0.0,0.0,,-,190.0,,,537.0
451352,2021,13080.0,0.0,0.0,0.0,0.0,0.0,0.0,,-,143.0,,,414.0
451352,2023,10500.0,0.0,23.0,0.1314,0.1314,0.1314,0.1314,,-,132.0,2.0,24144.0,472.0
451352,2024,12870.0,0.0,22.0,0.1026,0.1026,0.1026,0.1026,,-,123.0,4.0,24184.0,472.0
451936,2010,11029.0,0.0,23.0,0.1251,0.1251,0.1251,0.1251,,-,80.0,18.0,24513.0,638.0
451936,2011,12616.0,1.0,52.0,0.2568,0.2568,0.2568,0.2568,,-,55.0,9.0,25194.0,921.0
451936,2012,10170.0,11.0,77.0,0.5841,0.5841,0.5841,0.5841,,-,45.0,5.0,24556.0,1080.0
451936,2013,8775.0,21.0,59.0,0.6906,0.6906,0.6906,0.6906,,-,43.0,7.0,24126.0,962.0
451936,2014,8769.0,25.0,65.0,0.7869,0.7869,0.7869,0.7869,,-,40.0,4.0,23762.0,788.0
451990,2009,6608.0,0.0,0.0,0.0,0.0,0.0,0.0,,-,114.0,3.0,23533.0,387.0
451990,2010,12163.0,0.0,20.0,0.0987,0.0987,0.0987,0.0987,,-,90.0,4.0,24513.0,662.0
451990,2011,11957.0,0.0,65.0,0.3262,0.3262,0.3262,0.3262,,-,89.0,10.0,25194.0,1016.0
451990,2012,11709.0,6.0,61.0,0.3741,0.3741,0.3741,0.3741,,-,64.0,20.0,24556.0,898.0
451990,2013,12912.0,25.0,46.0,0.4461,0.4461,0.4461,0.4461,,-,77.0,4.0,24126.0,831.0
451990,2014,13353.0,26.0,86.0,0.6201,0.6201,0.6201,0.6201,,-,69.0,4.0,23762.0,809.0
451990,2015,11911.0,19.0,85.0,0.6196,0.6196,0.6196,0.6196,,-,51.0,12.0,23561.0,794.0
452027,2011,24144.0,10.0,44.0,0.159,0.159,0.159,0.159,,-,264.0,155.0,23639.0,735.0
452027,2012,28327.0,35.0,105.0,0.3707,0.3707,0.3707,0.3707,,-,212.0,89.0,23381.0,726.0
452027,2013,23824.0,63.0,95.0,0.5566,0.5566,0.5566,0.5566,,-,187.0,142.0,23164.0,690.0
452027,2014,23457.0,72.0,74.0,0.5576,0.5576,0.5576,0.5576,,-,165.0,57.0,22550.0,631.0
452027,2015,18771.0,66.0,60.0,0.6137,0.6137,0.6137,0.6137,,-,127.0,61.0,22360.0,514.0
452027,2016,16199.0,55.0,36.0,0.5408,0.5408,0.5408,0.5408,,-,81.0,45.0,22200.0,516.0
452027,2017,13833.0,63.0,19.0,0.6289,0.6289,0.6289,0.6289,,-,58.0,41.0,21829.0,515.0
452027,2018,11573.0,64.0,11.0,0.7207,0.7207,0.7207,0.7207,,-,,,21339.0,
453163,2010,94266.0,298.0,91.0,0.4373,0.4373,0.4373,0.4373,,x,578.0,302.0,,588.0
453163,2011,72864.0,323.0,107.0,0.6201,0.6201,0.6201,0.6201,,x,391.0,499.0,19662.0,849.0
453163,2012,68819.0,302.0,90.0,0.6051,0.6051,0.6051,0.6051,,x,173.0,288.0,20144.0,783.0
453163,2013,61482.0,263.0,139.0,0.649,0.649,0.649,0.649,,x,340.0,240.0,20032.0,738.0
453163,2014,51855.0,171.0,111.0,0.5242,0.5242,0.5242,0.5242,,x,546.0,282.0,20400.0,754.0
453163,2015,59328.0,216.0,82.0,0.5198,0.5198,0.5198,0.5198,,x,846.0,439.0,16938.0,644.0
453163,2016,73200.0,187.0,72.0,0.3656,0.3656,0.3656,0.3656,,x,279.0,1269.0,16821.0,593.0
453163,2017,87774.0,201.0,102.0,0.3445,0.3445,0.3445,0.3445,,x,360.0,1260.0,16540.0,551.0
453163,2018,101046.0,296.0,76.0,0.3967,0.3967,0.3967,0.3967,,x,465.0,1383.0,17270.0,528.0
453163,2019,107349.0,305.0,111.0,0.403,0.403,0.403,0.403,,x,482.0,1633.0,16326.0,533.0
453163,2020,124218.0,297.0,131.0,0.3502,0.3502,0.3502,0.3502,,x,301.0,909.0,16244.0,524.0
453163,2021,103299.0,322.0,111.0,0.4385,0.4385,0.4385,0.4385,,x,114.0,398.0,15775.0,
453163,2022,69351.0,376.0,127.0,0.7605,0.7605,0.7605,0.7605,,x,118.0,426.0,14826.0,
453163,2023,62553.0,326.0,165.0,0.7837,0.7837,0.7837,0.7837,,x,142.0,461.0,13990.0,
453163,2024,68172.0,298.0,130.0,0.639,0.639,0.639,0.639,,x,108.0,280.0,13920.0,
455655,2011,21389.0,0.0,52.0,0.1459,0.1459,0.1459,0.1459,,-,161.0,53.0,15209.0,582.0
455655,2012,17850.0,0.0,85.0,0.2857,0.2857,0.2857,0.2857,,-,165.0,9.0,14454.0,583.0
455655,2013,13560.0,0.0,58.0,0.2566,0.2566,0.2566,0.2566,,-,189.0,8.0,14368.0,576.0
455655,2014,13890.0,0.0,46.0,0.1987,0.1987,0.1987,0.1987,,-,117.0,38.0,14151.0,552.0
455655,2015,13742.0,0.0,45.0,0.1965,0.1965,0.1965,0.1965,,-,67.0,46.0,14031.0,518.0
455655,2016,11700.0,0.0,57.0,0.2923,0.2923,0.2923,0.2923,,-,139.0,18.0,13934.0,500.0
456205,2009,12039.0,0.0,0.0,0.0,0.0,0.0,0.0,,-,82.0,31.0,,262.0
456205,2010,16838.0,0.0,4.0,0.0143,0.0143,0.0143,0.0143,,-,72.0,22.0,13972.0,541.0
456205,2011,22143.0,0.0,30.0,0.0813,0.0813,0.0813,0.0813,,-,145.0,55.0,14326.0,568.0
456205,2012,19740.0,0.0,119.0,0.3617,0.3617,0.3617,0.3617,,-,103.0,87.0,14552.0,561.0
456205,2013,17280.0,0.0,105.0,0.3646,0.3646,0.3646,0.3646,,-,115.0,54.0,14297.0,586.0
456205,2014,14700.0,0.0,94.0,0.3837,0.3837,0.3837,0.3837,,-,67.0,94.0,14081.0,538.0
456205,2015,13260.0,0.0,89.0,0.4027,0.4027,0.4027,0.4027,,-,83.0,85.0,13962.0,545.0
456205,2016,11979.0,0.0,62.0,0.3106,0.3106,0.3106,0.3106,,-,90.0,83.0,13865.0,643.0
456205,2017,14250.0,0.0,103.0,0.4337,0.4337,0.4337,0.4337,,-,113.0,100.0,13701.0,588.0
456205,2018,11717.0,0.0,92.0,0.4711,0.4711,0.4711,0.4711,,-,43.0,130.0,13834.0,758.0
456205,2019,20446.0,0.0,96.0,0.2817,0.2817,0.2817,0.2817,,-,96.0,47.0,,378.0
456205,2020,15266.0,0.0,34.0,0.1336,0.1336,0.1336,0.1336,,-,48.0,6.0,,491.0
456205,2021,10970.0,0.0,19.0,0.1039,0.1039,0.1039,0.1039,,-,31.0,7.0,,469.0
456205,2022,8228.0,0.0,17.0,0.124,0.124,0.124,0.124,,-,47.0,9.0,,437.0
456205,2023,8059.0,0.0,15.0,0.1117,0.1117,0.1117,0.1117,,-,57.0,,,306.0
456205,2024,11873.0,0.0,10.0,0.0505,0.0505,0.0505,0.0505,,-,208.0,1.0,,268.0
456445,2010,6851.0,0.0,0.0,0.0,0.0,0.0,0.0,,-,97.0,21.0,24513.0,281.0
456445,2011,12267.0,0.0,18.0,0.088,0.088,0.088,0.088,,-,78.0,12.0,25194.0,706.0
456445,2012,11285.0,0.0,92.0,0.4892,0.4892,0.4892,0.4892,,-,51.0,6.0,24556.0,1018.0
456445,2013,11560.0,13.0,88.0,0.5917,0.5917,0.5917,0.5917,,-,78.0,5.0,24126.0,860.0
456445,2014,13089.0,23.0,73.0,0.5455,0.5455,0.5455,0.5455,,-,59.0,5.0,23762.0,727.0
456445,2015,12189.0,31.0,108.0,0.8368,0.8368,0.8368,0.8368,,-,56.0,4.0,23561.0,767.0
458405,2010,15040.0,0.0,93.0,0.371,0.371,0.371,0.371,,-,73.0,71.0,,308.0
458405,2011,24704.0,0.0,0.0,0.0,0.0,0.0,0.0,,-,192.0,123.0,14385.0,575.0
458405,2012,28710.0,0.0,120.0,0.2508,0.2508,0.2508,0.2508,,-,158.0,119.0,13776.0,490.0
458405,2013,26100.0,0.0,110.0,0.2529,0.2529,0.2529,0.2529,,-,220.0,88.0,14353.0,536.0
458405,2014,25968.0,0.0,127.0,0.2934,0.2934,0.2934,0.2934,,-,208.0,141.0,14136.0,581.0
458405,2015,29160.0,0.0,131.0,0.2695,0.2695,0.2695,0.2695,,-,194.0,69.0,14017.0,509.0
458405,2016,21120.0,0.0,110.0,0.3125,0.3125,0.3125,0.3125,,-,323.0,109.0,13920.0,590.0
458405,2017,19148.0,0.0,83.0,0.2601,0.2601,0.2601,0.2601,,-,322.0,81.0,13630.0,647.0
458405,2018,22132.0,0.0,109.0,0.2955,0.2955,0.2955,0.2955,,-,91.0,61.0,13684.0,526.0
458405,2019,17730.0,0.0,79.0,0.2673,0.2673,0.2673,0.2673,,-,94.0,55.0,,461.0
458405,2020,13320.0,0.0,16.0,0.0721,0.0721,0.0721,0.0721,,-,83.0,3.0,,523.0
458405,2021,9672.0,0.0,10.0,0.062,0.062,0.062,0.062,,-,59.0,9.0,,488.0
458405,2022,9570.0,0.0,11.0,0.069,0.069,0.069,0.069,,-,69.0,10.0,,455.0
458405,2023,7380.0,0.0,6.0,0.0488,0.0488,0.0488,0.0488,,-,52.0,,,390.0
458405,2024,9020.0,0.0,10.0,0.0665,0.0665,0.0665,0.0665,,-,138.0,2.0,,279.0
460817,2012,16380.0,0.0,0.0,0.0,0.0,0.0,0.0,,-,115.0,67.0,13715.0,562.0
460817,2013,14490.0,0.0,45.0,0.1863,0.1863,0.1863,0.1863,,-,116.0,37.0,13475.0,575.0
460817,2014,15900.0,0.0,91.0,0.3434,0.3434,0.3434,0.3434,,-,105.0,90.0,13271.0,572.0
460817,2015,19216.0,0.0,80.0,0.2498,0.2498,0.2498,0.2498,,-,100.0,50.0,13159.0,534.0
460817,2016,18164.0,0.0,86.0,0.2841,0.2841,0.2841,0.2841,,-,230.0,63.0,13068.0,510.0
460817,2017,17266.0,0.0,112.0,0.3892,0.3892,0.3892,0.3892,,-,231.0,17.0,13462.0,564.0
460817,2018,14730.0,0.0,90.0,0.3666,0.3666,0.3666,0.3666,,-,89.0,25.0,13958.0,654.0
460817,2019,14190.0,0.0,39.0,0.1649,0.1649,0.1649,0.1649,,-,92.0,33.0,,447.0
460817,2020,12420.0,0.0,10.0,0.0483,0.0483,0.0483,0.0483,,-,54.0,10.0,,515.0
460817,2021,8496.0,0.0,21.0,0.1483,0.1483,0.1483,0.1483,,-,44.0,4.0,,502.0
460817,2022,6732.0,0.0,10.0,0.0891,0.0891,0.0891,0.0891,,-,42.0,5.0,,441.0
460817,2023,7350.0,0.0,13.0,0.1061,0.1061,0.1061,0.1061,,-,60.0,6.0,,347.0
460817,2024,7122.0,0.0,9.0,0.0758,0.0758,0.0758,0.0758,,-,81.0,6.0,,351.0
461032,2011,1104.0,4.0,2.0,0.5435,0.5435,0.5435,0.5435,,n,14.0,14.0,,222.0
461032,2012,1658.0,5.0,3.0,0.4704,0.4704,0.4704,0.4704,,n,6.0,10.0,6429.0,220.0
461032,2013,2000.0,3.0,9.0,0.45,0.45,0.45,0.45,,n,13.0,16.0,6898.0,250.0
461032,2014,2376.0,6.0,8.0,0.5051,0.5051,0.5051,0.5051,,n,4.0,6.0,6221.0,330.0
461032,2015,2217.0,4.0,12.0,0.5414,0.5414,0.5414,0.5414,,n,12.0,11.0,6168.0,312.0
461032,2016,2238.0,7.0,13.0,0.7239,0.6785,0.6695,0.6474,0.8,o,10.0,7.0,6406.0,439.0
461032,2017,3818.0,15.0,15.0,0.7072,0.7379,0.7444,0.761,1.1579,o,12.0,18.0,6788.0,321.0
461032,2018,4863.0,17.0,11.0,0.5552,0.5983,0.6076,0.6316,1.2941,o,24.0,19.0,7793.0,237.0
461032,2019,3609.0,19.0,27.0,1.0806,1.3671,1.4353,1.6209,2.25,o,,14.0,7712.0,357.0
461032,2020,3648.0,18.0,32.0,1.1184,1.2791,1.3152,1.4098,1.5888,i,5.0,27.0,6370.0,306.0
461032,2021,2750.0,18.0,16.0,1.1345,1.0336,1.0139,0.9662,0.7252,i,1.0,14.0,6961.0,298.0
461032,2022,2337.0,19.0,16.0,1.3864,0.8246,0.7405,0.566,0.1667,o,2.0,16.0,6674.0,284.0
461032,2023,2433.0,18.0,10.0,1.1344,0.5566,0.4803,0.3323,0.0858,i,6.0,18.0,6497.0,274.0
461032,2024,2634.0,16.0,15.0,1.0706,0.8764,0.8408,0.7581,0.5014,i,5.0,19.0,6276.0,249.0
461485,2011,60.0,0.0,0.0,0.0,0.0,0.0,0.0,,n,,,,277.0
461485,2012,60.0,0.0,0.0,0.0,0.0,0.0,0.0,,n,2.0,,5783.0,248.0
461485,2013,55.0,0.0,1.0,1.0909,1.0909,1.0909,1.0909,,n,2.0,,8622.0,203.0
461485,2015,30.0,0.0,0.0,0.0,0.0,0.0,0.0,,n,,,,258.0
461528,2011,1360.0,2.0,0.0,0.1765,0.1765,0.1765,0.1765,,n,13.0,,,115.0
461528,2013,2037.0,6.0,0.0,0.3535,0.3535,0.3535,0.3535,,n,55.0,4.0,4605.0,168.0
461528,2014,2580.0,9.0,0.0,0.4186,0.4186,0.4186,0.4186,,n,26.0,16.0,4634.0,108.0
461528,2015,2283.0,10.0,8.0,0.7359,0.7359,0.7359,0.7359,,n,47.0,11.0,4595.0,99.0
461528,2016,2651.0,11.0,6.0,0.6337,0.6844,0.6953,0.7235,1.3036,o,5.0,15.0,5497.0,148.0
461528,2017,2460.0,8.0,10.0,0.6341,0.5277,0.508,0.4619,0.5306,o,19.0,22.0,5405.0,190.0
461528,2018,2594.0,11.0,10.0,0.7402,0.5202,0.4835,0.4029,0.2963,o,9.0,,7228.0,230.0
461528,2019,2380.0,6.0,9.0,0.5294,0.401,0.3786,0.3279,0.3836,o,16.0,38.0,7443.0,229.0
461528,2020,2850.0,19.0,14.0,1.0947,0.8853,0.8472,0.7591,0.4808,o,10.0,46.0,7332.0,271.0
461528,2021,3600.0,15.0,4.0,0.5667,0.58,0.5828,0.5898,1.0833,o,12.0,34.0,7237.0,212.0
461528,2022,3404.0,17.0,17.0,0.8989,0.8382,0.8262,0.7968,0.7857,o,24.0,26.0,6813.0,201.0
461528,2023,4074.0,23.0,12.0,0.8542,0.9495,0.9705,1.025,1.44,o,18.0,26.0,7104.0,162.0
461528,2024,4042.0,20.0,5.0,0.668,0.7677,0.7901,0.849,1.6154,o,16.0,25.0,7163.0,187.0
462363,2012,2355.0,0.0,0.0,0.0,0.0,0.0,0.0,,-,20.0,8.0,24556.0,278.0
462363,2013,4317.0,0.0,1.0,0.0139,0.0139,0.0139,0.0139,,-,40.0,3.0,24126.0,606.0
462363,2014,5547.0,0.0,30.0,0.3245,0.3245,0.3245,0.3245,,-,59.0,2.0,23762.0,677.0
462363,2015,6284.0,0.0,40.0,0.3819,0.3819,0.3819,0.3819,,-,43.0,2.0,23561.0,646.0
468398,2012,4989.0,0.0,0.0,0.0,0.0,0.0,0.0,,-,24.0,25.0,17981.0,709.0
468398,2013,8327.0,0.0,26.0,0.1873,0.1873,0.1873,0.1873,,-,20.0,30.0,21456.0,729.0
468398,2014,8325.0,0.0,61.0,0.4397,0.4397,0.4397,0.4397,,-,15.0,18.0,22040.0,769.0
468398,2015,7680.0,0.0,66.0,0.5156,0.5156,0.5156,0.5156,,-,28.0,57.0,22226.0,800.0
468398,2016,6943.0,0.0,87.0,0.7519,0.7519,0.7519,0.7519,,-,12.0,32.0,22150.0,848.0
468398,2017,4256.0,0.0,73.0,1.0291,1.0291,1.0291,1.0291,,-,7.0,10.0,21034.0,809.0
480037,2017,35046.0,0.0,0.0,0.0,0.0,0.0,0.0,,-,523.0,,,810.0
480037,2018,69408.0,0.0,0.0,0.0,0.0,0.0,0.0,,-,719.0,,,624.0
480037,2019,96378.0,0.0,0.0,0.0,0.0,0.0,0.0,,-,637.0,,,549.0
480037,2020,74110.0,0.0,0.0,0.0,0.0,0.0,0.0,,-,687.0,,,747.0
480037,2021,78811.0,0.0,0.0,0.0,0.0,0.0,0.0,,-,385.0,,,608.0
480037,2022,75930.0,0.0,0.0,0.0,0.0,0.0,0.0,,-,493.0,271.0,,504.0
480037,2023,77211.0,0.0,2.0,0.0016,0.0016,0.0016,0.0016,,-,774.0,584.0,,350.0
480037,2024,78804.0,0.0,31.0,0.0236,0.0236,0.0236,0.0236,,-,628.0,781.0,,446.0
481720,2014,6205.0,4.0,0.0,0.0774,0.0774,0.0774,0.0774,,-,20.0,133.0,21539.0,661.0
481720,2015,9398.0,51.0,1.0,0.6576,0.6576,0.6576,0.6576,,-,15.0,121.0,21357.0,679.0
481720,2016,12367.0,61.0,0.0,0.5919,0.5919,0.5919,0.5919,,-,13.0,95.0,21730.0,633.0
481720,2017,9385.0,73.0,14.0,1.0229,1.0229,1.0229,1.0229,,-,6.0,53.0,22172.0,789.0
481720,2021,699.0,0.0,0.0,0.0,0.0,0.0,0.0,,-,2.0,11.0,22591.0,258.0
481720,2022,1025.0,6.0,2.0,0.8198,0.8198,0.8198,0.8198,,-,3.0,13.0,21232.0,450.0
481720,2023,1843.0,7.0,4.0,0.5861,0.5861,0.5861,0.5861,,-,1.0,23.0,20034.0,392.0
481720,2024,2259.0,6.0,9.0,0.5577,0.5577,0.5577,0.5577,,-,1.0,12.0,20650.0,452.0
482565,2013,14400.0,68.0,13.0,0.6208,0.6208,0.6208,0.6208,,x,25.0,146.0,,756.0
482565,2014,12450.0,88.0,8.0,0.8867,0.8867,0.8867,0.8867,,x,17.0,116.0,21079.0,801.0
482565,2015,10350.0,63.0,3.0,0.7478,0.7478,0.7478,0.7478,,x,6.0,101.0,22047.0,797.0
482565,2016,7530.0,72.0,4.0,1.1793,1.1793,1.1793,1.1793,,x,5.0,46.0,25369.0,
482565,2017,5130.0,34.0,7.0,0.8772,0.8772,0.8772,0.8772,,x,1.0,21.0,25429.0,
482565,2018,2970.0,41.0,4.0,1.7374,1.7374,1.7374,1.7374,,x,,23.0,22498.0,
482565,2019,1740.0,28.0,1.0,1.9655,1.9655,1.9655,1.9655,,x,1.0,17.0,22067.0,705.0
482565,2020,1388.0,5.0,1.0,0.4755,0.4755,0.4755,0.4755,,x,,3.0,22565.0,580.0
482565,2021,615.0,4.0,0.0,0.7805,0.7805,0.7805,0.7805,,x,2.0,3.0,21197.0,756.0
482565,2023,185.0,3.0,0.0,1.9459,1.9459,1.9459,1.9459,,x,,,18103.0,
484729,2014,22247.0,204.0,0.0,1.1004,1.1004,1.1004,1.1004,,x,4.0,14.0,,471.0
484729,2015,12983.0,178.0,0.0,1.6452,1.6452,1.6452,1.6452,,x,11.0,16.0,12365.0,415.0
484729,2016,8228.0,102.0,0.0,1.4876,1.4876,1.4876,1.4876,,x,4.0,7.0,12757.0,414.0
484729,2018,2201.0,35.0,0.0,1.9082,1.9082,1.9082,1.9082,,x,,,12413.0,369.0
484729,2019,1179.0,27.0,0.0,2.7481,2.7481,2.7481,2.7481,,x,,,,
489344,2017,2670.0,0.0,0.0,0.0,0.0,0.0,0.0,,-,1.0,42.0,24514.0,1053.0
489344,2018,4080.0,9.0,0.0,0.2647,0.2647,0.2647,0.2647,,-,1.0,57.0,24147.0,1020.0
489344,2019,4980.0,52.0,0.0,1.253,1.253,1.253,1.253,,-,2.0,69.0,23641.0,1001.0
489344,2020,5460.0,51.0,0.0,1.1209,1.1209,1.1209,1.1209,,-,,63.0,23288.0,997.0
489344,2021,6660.0,47.0,0.0,0.8468,0.8468,0.8468,0.8468,,-,1.0,39.0,22725.0,986.0
489344,2022,6810.0,38.0,0.0,0.6696,0.6696,0.6696,0.6696,,-,3.0,46.0,21358.0,927.0
489344,2023,6360.0,64.0,0.0,1.2075,1.2075,1.2075,1.2075,,-,2.0,47.0,20319.0,895.0
489344,2024,5610.0,102.0,0.0,2.1818,2.1818,2.1818,2.1818,,-,4.0,51.0,19686.0,886.0
489937,2016,8165.0,72.0,12.0,1.1464,1.1464,1.1464,1.1464,,n,29.0,40.0,,271.0
489937,2017,6984.0,57.0,6.0,1.0309,1.0309,1.0309,1.0309,,n,65.0,78.0,12302.0,257.0
489937,2019,12181.0,61.0,5.0,0.6256,0.6256,0.6256,0.6256,,n,60.0,75.0,12104.0,292.0
489937,2020,12197.0,66.0,6.0,0.6789,0.6789,0.6789,0.6789,,n,75.0,99.0,14303.0,282.0
489937,2021,15149.0,88.0,4.0,0.7129,0.7918,0.8092,0.8544,1.4362,o,95.0,90.0,17018.0,243.0
489937,2022,12090.0,103.0,3.0,1.0372,1.0137,1.0089,0.997,0.9239,o,84.0,31.0,15797.0,318.0
489937,2023,10270.0,69.0,2.0,0.8179,0.8179,0.8179,0.8179,1.0,o,119.0,6.0,15579.0,304.0
489937,2024,12913.0,62.0,1.0,0.5808,0.6537,0.6699,0.7122,1.5037,o,84.0,75.0,16000.0,302.0
494764,2021,8190.0,0.0,0.0,0.0,0.0,0.0,0.0,,-,21.0,,19443.0,489.0
494764,2022,9630.0,0.0,0.0,0.0,0.0,0.0,0.0,,-,30.0,,18273.0,596.0
494764,2023,9102.0,0.0,0.0,0.0,0.0,0.0,0.0,,-,48.0,,17243.0,513.0
494764,2024,10894.0,0.0,0.0,0.0,0.0,0.0,0.0,,-,65.0,,16657.0,499.0
498119,2023,2410.0,0.0,0.0,0.0,0.0,0.0,0.0,,-,26.0,146.0,68444.0,
498119,2024,5373.0,0.0,6.0,0.067,0.067,0.067,0.067,,-,31.0,110.0,16400.0,
