unitid,year,credits,BA,AA,ER_m,ER_l,ER_c,ER_h,G,G_source,first_time_n,transfer_in_n,sticker_real,rev_per_credit_real
183488,2003,6750.0,0.0,0.0,0.0,0.0,0.0,0.0,,-,329.0,,14402.0,552.0
183488,2004,7800.0,0.0,0.0,0.0,0.0,0.0,0.0,,-,327.0,,14867.0,419.0
183488,2005,8167.0,0.0,0.0,0.0,0.0,0.0,0.0,,-,126.0,,14533.0,513.0
183488,2006,5440.0,0.0,0.0,0.0,0.0,0.0,0.0,,-,246.0,,12142.0,697.0
183488,2007,16400.0,0.0,0.0,0.0,0.0,0.0,0.0,,-,383.0,,12137.0,384.0
183488,2008,16400.0,0.0,0.0,0.0,0.0,0.0,0.0,,-,739.0,,14092.0,459.0
183488,2009,24600.0,0.0,0.0,0.0,0.0,0.0,0.0,,-,295.0,,14388.0,468.0
183488,2010,37375.0,0.0,0.0,0.0,0.0,0.0,0.0,,-,331.0,,,303.0
183488,2011,24600.0,0.0,0.0,0.0,0.0,0.0,0.0,,-,168.0,,,466.0
183488,2014,15396.0,0.0,2.0,0.0078,0.0078,0.0078,0.0078,,-,124.0,23.0,19300.0,574.0
183488,2015,18063.0,0.0,40.0,0.1329,0.1329,0.1329,0.1329,,-,90.0,26.0,20002.0,547.0
183488,2017,14339.0,0.0,88.0,0.3682,0.3682,0.3682,0.3682,,-,110.0,21.0,19667.0,688.0
183488,2018,13050.0,0.0,81.0,0.3724,0.3724,0.3724,0.3724,,-,160.0,28.0,18485.0,614.0
183488,2019,14093.0,0.0,71.0,0.3023,0.3023,0.3023,0.3023,,-,130.0,62.0,18098.0,536.0
183488,2020,17655.0,0.0,42.0,0.1427,0.1427,0.1427,0.1427,,-,113.0,78.0,17827.0,479.0
183488,2021,20950.0,0.0,97.0,0.2778,0.2778,0.2778,0.2778,,-,93.0,44.0,19606.0,465.0
183488,2022,18759.0,0.0,216.0,0.6909,0.6909,0.6909,0.6909,,-,111.0,92.0,19115.0,551.0
183488,2023,22559.0,0.0,183.0,0.4867,0.4867,0.4867,0.4867,,-,115.0,209.0,18036.0,463.0
183488,2024,25128.0,1.0,312.0,0.7498,0.7498,0.7498,0.7498,,-,165.0,305.0,16913.0,522.0
183600,1998,792.0,0.0,0.0,0.0,0.0,0.0,0.0,,-,,,,
183600,1999,510.0,0.0,0.0,0.0,0.0,0.0,0.0,,-,,,,
183600,2000,800.0,0.0,5.0,0.375,0.375,0.375,0.375,,-,,,,
183600,2001,900.0,0.0,0.0,0.0,0.0,0.0,0.0,,-,,,,
183600,2002,600.0,0.0,3.0,0.3,0.3,0.3,0.3,,-,5.0,,4157.0,
183600,2003,600.0,0.0,3.0,0.3,0.3,0.3,0.3,,-,9.0,,4078.0,
183600,2004,750.0,0.0,2.0,0.16,0.16,0.16,0.16,,-,18.0,,3980.0,137.0
183600,2005,750.0,0.0,6.0,0.48,0.48,0.48,0.48,,-,16.0,,5312.0,147.0
183600,2006,900.0,0.0,8.0,0.5333,0.5333,0.5333,0.5333,,-,5.0,,5142.0,168.0
183600,2007,800.0,0.0,7.0,0.525,0.525,0.525,0.525,,-,11.0,1.0,4991.0,195.0
183600,2008,915.0,0.0,14.0,0.918,0.918,0.918,0.918,,-,8.0,,7170.0,223.0
183600,2009,1033.0,0.0,9.0,0.5227,0.5227,0.5227,0.5227,,-,15.0,1.0,7050.0,179.0
183600,2010,1140.0,0.0,9.0,0.4737,0.4737,0.4737,0.4737,,-,19.0,,7005.0,160.0
183600,2011,1518.0,0.0,10.0,0.3953,0.3953,0.3953,0.3953,,-,12.0,,6840.0,35.0
183600,2012,1008.0,0.0,9.0,0.5357,0.5357,0.5357,0.5357,,-,17.0,,6667.0,50.0
183600,2013,923.0,0.0,9.0,0.585,0.585,0.585,0.585,,-,10.0,,6764.0,68.0
183600,2014,1020.0,0.0,5.0,0.2941,0.2941,0.2941,0.2941,,-,9.0,,6873.0,56.0
183600,2015,1000.0,0.0,9.0,0.54,0.54,0.54,0.54,,-,11.0,,7027.0,58.0
183600,2016,790.0,0.0,9.0,0.6835,0.6835,0.6835,0.6835,,-,9.0,1.0,6979.0,42.0
183600,2017,720.0,0.0,7.0,0.5833,0.5833,0.5833,0.5833,,-,19.0,,7067.0,71.0
183600,2018,792.0,0.0,7.0,0.5303,0.5303,0.5303,0.5303,,-,10.0,,6909.0,78.0
183600,2019,893.0,0.0,7.0,0.4703,0.4703,0.4703,0.4703,,-,14.0,,6975.0,70.0
183600,2020,902.0,0.0,8.0,0.5322,0.5322,0.5322,0.5322,,-,11.0,,6939.0,66.0
183600,2021,894.0,0.0,10.0,0.6711,0.6711,0.6711,0.6711,,-,11.0,,6738.0,68.0
183600,2022,730.0,0.0,7.0,0.5753,0.5753,0.5753,0.5753,,-,12.0,,6333.0,39.0
183600,2023,791.0,0.0,6.0,0.4551,0.4551,0.4551,0.4551,,-,13.0,,5976.0,48.0
183600,2024,800.0,0.0,7.0,0.525,0.525,0.525,0.525,,-,11.0,,5773.0,57.0
183655,1998,96518.0,0.0,492.0,0.3058,0.3061,0.3066,0.3069,1.0104,o,,,,
183655,1999,92194.0,0.0,418.0,0.272,0.2703,0.266,0.2642,0.9147,o,,,,
183655,2000,94303.0,0.0,473.0,0.3009,0.309,0.3306,0.3407,1.4561,o,,,,
183655,2001,97225.0,0.0,470.0,0.29,0.2973,0.3168,0.3259,1.4239,o,,,,
183655,2002,126000.0,0.0,499.0,0.2376,0.2393,0.2436,0.2455,1.104,o,2135.0,,3601.0,
183655,2003,123535.0,0.0,522.0,0.2535,0.2566,0.2648,0.2685,1.1901,o,2072.0,,3815.0,84.0
183655,2004,126611.0,0.0,779.0,0.3692,0.3704,0.3736,0.375,1.0488,o,2175.0,,4046.0,93.0
183655,2005,140220.0,0.0,634.0,0.2713,0.2719,0.2736,0.2743,1.034,o,2252.0,,4161.0,90.0
183655,2006,140978.0,0.0,757.0,0.3222,0.3235,0.3269,0.3285,1.0605,o,2245.0,,4074.0,85.0
183655,2007,144183.0,0.0,724.0,0.3013,0.3016,0.3024,0.3027,1.0142,o,1562.0,1309.0,4401.0,106.0
183655,2008,154380.0,0.0,719.0,0.2794,0.2724,0.2551,0.2478,0.6947,o,1463.0,1263.0,4434.0,95.0
183655,2009,161618.0,0.0,726.0,0.2695,0.2646,0.2524,0.2471,0.7686,o,1810.0,1212.0,4593.0,121.0
183655,2010,177046.0,0.0,779.0,0.264,0.2673,0.2761,0.2801,1.1967,o,1927.0,1100.0,4867.0,119.0
183655,2011,171709.0,0.0,815.0,0.2848,0.2881,0.2967,0.3006,1.1775,o,1628.0,318.0,4845.0,114.0
183655,2012,164561.0,0.0,827.0,0.3015,0.2986,0.2913,0.2881,0.8713,o,1740.0,493.0,4841.0,118.0
183655,2013,161773.0,0.0,751.0,0.2785,0.2781,0.2771,0.2766,0.9789,o,1886.0,109.0,4993.0,114.0
183655,2014,156414.0,0.0,833.0,0.3195,0.3221,0.3287,0.3317,1.12,o,1651.0,63.0,5207.0,116.0
183655,2015,146235.0,0.0,812.0,0.3332,0.331,0.3255,0.323,0.9106,o,1252.0,159.0,5420.0,114.0
183655,2016,132522.0,0.0,890.0,0.403,0.3933,0.3696,0.3595,0.7079,o,1320.0,163.0,5531.0,127.0
183655,2017,119298.0,0.0,773.0,0.3888,0.3862,0.3797,0.3768,0.9094,o,1241.0,155.0,5618.0,133.0
183655,2018,112859.0,0.0,727.0,0.3865,0.3855,0.3831,0.382,0.965,o,1197.0,182.0,5672.0,122.0
183655,2019,108265.0,0.0,644.0,0.3569,0.3552,0.3509,0.349,0.9348,o,1227.0,151.0,5879.0,123.0
183655,2020,106829.0,0.0,689.0,0.387,0.3872,0.3876,0.3878,1.0066,o,987.0,138.0,6296.0,110.0
183655,2021,94834.0,0.0,599.0,0.379,0.3736,0.36,0.3541,0.8144,o,964.0,181.0,6233.0,118.0
183655,2022,93492.0,0.0,808.0,0.5185,0.5136,0.5009,0.4954,0.8708,o,1004.0,174.0,5858.0,77.0
183655,2023,97017.0,0.0,643.0,0.3977,0.3985,0.4005,0.4015,1.0292,o,997.0,208.0,4422.0,104.0
183655,2024,96926.0,0.0,802.0,0.4965,0.4969,0.4981,0.4986,1.0132,o,932.0,229.0,4863.0,106.0
183743,1998,224747.0,0.0,1028.0,0.2744,0.2747,0.2753,0.2756,1.0129,o,,,,
183743,1999,234435.0,0.0,975.0,0.2495,0.2508,0.2541,0.2556,1.0751,o,,,,
183743,2000,235029.0,0.0,874.0,0.2231,0.2232,0.2234,0.2235,1.0057,o,,,,
183743,2001,242527.0,0.0,919.0,0.2274,0.2272,0.2267,0.2265,0.9892,o,,,,
183743,2002,261144.0,0.0,1023.0,0.235,0.2351,0.2354,0.2355,1.0054,o,2362.0,,3548.0,
183743,2003,285472.0,0.0,1027.0,0.2159,0.2181,0.2241,0.2268,1.1624,o,2554.0,,3679.0,159.0
183743,2004,301300.0,0.0,1042.0,0.2075,0.2097,0.2153,0.2179,1.1599,o,2634.0,,3769.0,167.0
183743,2005,308515.0,0.0,1228.0,0.2388,0.24,0.243,0.2443,1.0716,o,2790.0,,3855.0,165.0
183743,2006,311145.0,0.0,1264.0,0.2437,0.245,0.2482,0.2497,1.0756,o,2966.0,,3979.0,169.0
183743,2007,283271.0,0.0,1324.0,0.2804,0.2822,0.2868,0.2888,1.0937,o,3097.0,883.0,4236.0,205.0
183743,2008,296626.0,0.0,1378.0,0.2787,0.2802,0.2839,0.2856,1.0761,o,3316.0,975.0,4364.0,204.0
183743,2009,320687.0,0.0,1481.0,0.2771,0.2788,0.2834,0.2854,1.0938,o,3510.0,1165.0,4554.0,203.0
183743,2010,353921.0,0.0,1867.0,0.3165,0.3185,0.3237,0.3261,1.0947,o,3537.0,1105.0,5029.0,210.0
183743,2011,354905.0,0.0,1953.0,0.3302,0.331,0.3331,0.3341,1.0363,o,3618.0,1024.0,5211.0,215.0
183743,2012,352976.0,0.0,1972.0,0.3352,0.3358,0.3374,0.3381,1.0268,o,3423.0,1045.0,5357.0,210.0
183743,2013,354785.0,0.0,2222.0,0.3758,0.3746,0.3717,0.3703,0.9568,o,3214.0,906.0,5480.0,215.0
183743,2014,355064.0,0.0,2519.0,0.4257,0.423,0.4161,0.4131,0.9129,o,3386.0,880.0,5460.0,213.0
183743,2015,329578.0,0.0,2438.0,0.4438,0.4445,0.4461,0.4468,1.0203,o,2987.0,875.0,5506.0,231.0
183743,2016,313747.0,0.0,2332.0,0.446,0.4429,0.435,0.4315,0.9052,o,3510.0,298.0,5546.0,234.0
183743,2017,305792.0,0.0,2231.0,0.4377,0.4407,0.4485,0.4519,1.1015,o,2845.0,763.0,5561.0,234.0
183743,2018,311203.0,0.0,2175.0,0.4193,0.4155,0.4057,0.4014,0.8758,o,2699.0,870.0,5541.0,222.0
183743,2019,296527.0,0.0,2110.0,0.4269,0.4221,0.4099,0.4046,0.8494,o,2544.0,841.0,5491.0,206.0
183743,2020,282818.0,0.0,2080.0,0.4413,0.4386,0.4319,0.4289,0.9177,o,1954.0,733.0,5496.0,196.0
183743,2021,253677.0,0.0,2272.0,0.5374,0.5264,0.4993,0.4877,0.7454,o,2184.0,593.0,5338.0,208.0
183743,2022,242787.0,0.0,2011.0,0.497,0.496,0.4933,0.4922,0.9711,o,2775.0,767.0,5017.0,217.0
183743,2023,257082.0,0.0,1607.0,0.3751,0.3828,0.4036,0.4132,1.3412,o,2630.0,777.0,4822.0,179.0
183743,2024,263180.0,0.0,1735.0,0.3955,0.3972,0.4014,0.4033,1.0607,o,2695.0,807.0,4757.0,164.0
183789,1998,90104.0,0.0,489.0,0.3256,0.3256,0.3256,0.3256,,-,,,,
183789,1999,58886.0,0.0,570.0,0.5808,0.5808,0.5808,0.5808,,-,,,,
183789,2000,57996.0,0.0,543.0,0.5618,0.5618,0.5618,0.5618,,-,,,,
183789,2001,55354.0,0.0,533.0,0.5777,0.5777,0.5777,0.5777,,-,,,,
183789,2002,65277.0,0.0,557.0,0.512,0.512,0.512,0.512,,-,754.0,,23463.0,
183789,2003,69277.0,71.0,414.0,0.4815,0.4815,0.4815,0.4815,,-,744.0,,24369.0,627.0
183789,2004,66156.0,178.0,337.0,0.6285,0.6285,0.6285,0.6285,,-,745.0,,25099.0,696.0
183789,2005,68994.0,185.0,326.0,0.6053,0.6053,0.6053,0.6053,,-,781.0,,25592.0,730.0
183789,2006,67741.0,251.0,287.0,0.6988,0.6988,0.6988,0.6988,,-,844.0,257.0,26409.0,782.0
183789,2007,82225.0,242.0,227.0,0.5188,0.5188,0.5188,0.5188,,-,894.0,306.0,26769.0,727.0
183789,2008,91717.0,302.0,272.0,0.5731,0.5731,0.5731,0.5731,,-,982.0,325.0,26559.0,742.0
183789,2009,105783.0,331.0,262.0,0.5241,0.5241,0.5241,0.5241,,-,937.0,285.0,27409.0,750.0
183789,2010,116278.0,380.0,258.0,0.5253,0.5253,0.5253,0.5253,,-,772.0,330.0,28518.0,776.0
183789,2011,116492.0,314.0,193.0,0.4229,0.4229,0.4229,0.4229,,-,301.0,167.0,28896.0,776.0
183789,2012,102514.0,570.0,255.0,0.8165,0.8165,0.8165,0.8165,,-,447.0,119.0,29593.0,787.0
183789,2013,88149.0,496.0,239.0,0.8379,0.8379,0.8379,0.8379,,-,860.0,844.0,30880.0,806.0
183789,2014,112705.0,535.0,193.0,0.6724,0.6724,0.6724,0.6724,,-,796.0,552.0,30413.0,731.0
183789,2015,112739.0,494.0,285.0,0.6775,0.6775,0.6775,0.6775,,-,642.0,691.0,30940.0,745.0
183789,2016,133357.0,494.0,317.0,0.5871,0.5871,0.5871,0.5871,,-,678.0,585.0,31503.0,701.0
183789,2017,116769.0,534.0,325.0,0.7158,0.7158,0.7158,0.7158,,-,551.0,462.0,30659.0,805.0
183789,2018,106600.0,462.0,400.0,0.7452,0.7452,0.7452,0.7452,,-,461.0,481.0,31531.0,821.0
183789,2019,99923.0,485.0,396.0,0.8202,0.8202,0.8202,0.8202,,-,372.0,264.0,31603.0,800.0
183789,2020,84534.0,474.0,491.0,1.0214,1.0214,1.0214,1.0214,,-,368.0,288.0,31852.0,801.0
183789,2021,73990.0,448.0,384.0,1.038,1.038,1.038,1.038,,-,264.0,243.0,31515.0,691.0
183789,2022,63222.0,387.0,251.0,0.9728,0.9728,0.9728,0.9728,,-,135.0,256.0,30278.0,688.0
183789,2023,55252.0,332.0,231.0,0.9719,0.9719,0.9719,0.9719,,-,200.0,264.0,29605.0,670.0
183789,2024,55812.0,317.0,177.0,0.8719,0.8719,0.8719,0.8719,,-,262.0,290.0,28600.0,663.0
183804,1998,22098.0,41.0,0.0,0.2226,0.2226,0.2226,0.2226,,n,,,,
183804,1999,31084.0,97.0,0.0,0.3745,0.3745,0.3745,0.3745,,n,,,,
183804,2000,36992.0,270.0,0.0,0.8759,0.8759,0.8759,0.8759,,n,,,,
183804,2001,41390.0,252.0,0.0,0.7306,0.7306,0.7306,0.7306,,n,,,,
183804,2002,44253.0,236.0,0.0,0.64,0.64,0.64,0.64,,n,,,,
183804,2003,50801.0,320.0,0.0,0.7559,0.7559,0.7559,0.7559,,n,,,,71.0
183804,2004,54419.0,259.0,0.0,0.5711,0.5711,0.5711,0.5711,,n,,,,74.0
183804,2005,56143.0,399.0,0.0,0.8528,0.8528,0.8528,0.8528,,n,,,15285.0,83.0
183804,2006,59039.0,334.0,0.0,0.6789,0.6789,0.6789,0.6789,,n,,428.0,,92.0
183804,2007,65124.0,447.0,0.0,0.8237,0.8237,0.8237,0.8237,,n,,434.0,,77.0
183804,2008,67811.0,419.0,0.0,0.7415,0.7415,0.7415,0.7415,,n,,464.0,,83.0
183804,2009,76971.0,420.0,0.0,0.6548,0.6548,0.6548,0.6548,,n,,440.0,,83.0
183804,2010,82749.0,478.0,0.0,0.6932,0.6932,0.6932,0.6932,,n,,422.0,,110.0
183804,2011,83143.0,530.0,0.0,0.7649,0.7649,0.7649,0.7649,,n,,398.0,,127.0
183804,2012,78592.0,527.0,0.0,0.8047,0.8047,0.8047,0.8047,,n,,437.0,,121.0
183804,2013,76973.0,478.0,0.0,0.7452,0.7452,0.7452,0.7452,,n,,523.0,,112.0
183804,2014,77887.0,496.0,0.0,0.7642,0.7642,0.7642,0.7642,,n,,470.0,,113.0
183804,2015,80423.0,472.0,0.0,0.7043,0.7043,0.7043,0.7043,,n,,492.0,,118.0
183804,2016,79511.0,465.0,0.0,0.7018,0.7018,0.7018,0.7018,,n,,421.0,,125.0
183804,2017,76709.0,447.0,0.0,0.6993,0.6993,0.6993,0.6993,,n,,427.0,,118.0
183804,2018,77483.0,471.0,0.0,0.7295,0.7295,0.7295,0.7295,,n,,476.0,,112.0
183804,2019,79379.0,465.0,0.0,0.703,0.703,0.703,0.703,,n,,438.0,,116.0
183804,2020,74155.0,472.0,0.0,0.7638,0.7638,0.7638,0.7638,,n,,486.0,,122.0
183804,2021,87547.0,395.0,0.0,0.5414,0.5414,0.5414,0.5414,,n,,515.0,,108.0
183804,2022,94486.0,463.0,0.0,0.588,0.588,0.588,0.588,,n,,539.0,,107.0
183804,2023,100895.0,524.0,0.0,0.6232,0.6232,0.6232,0.6232,,n,,682.0,,111.0
183804,2024,96837.0,635.0,0.0,0.7869,0.7869,0.7869,0.7869,,n,,642.0,,119.0
183822,1998,41242.0,205.0,0.0,0.5965,0.584,0.5815,0.5751,0.9298,o,,,,
183822,1999,55110.0,278.0,0.0,0.6053,0.5747,0.5685,0.5534,0.8359,o,,,,
183822,2000,44400.0,241.0,0.0,0.6514,0.612,0.6041,0.5849,0.8065,o,,,,
183822,2001,45234.0,232.0,0.0,0.6155,0.5845,0.5783,0.5631,0.837,o,,,,
183822,2002,46440.0,219.0,0.0,0.5659,0.5489,0.5455,0.5369,0.9003,o,379.0,,19574.0,
183822,2003,50479.0,240.0,0.0,0.5705,0.599,0.605,0.6204,1.1826,o,391.0,,20562.0,735.0
183822,2004,56107.0,225.0,0.0,0.4812,0.5264,0.5363,0.5618,1.3628,o,418.0,,21724.0,728.0
183822,2005,58911.0,242.0,0.0,0.4929,0.541,0.5515,0.5787,1.3782,o,410.0,,22051.0,621.0
183822,2006,58800.0,265.0,0.0,0.5408,0.5726,0.5794,0.5968,1.2176,o,324.0,,23137.0,691.0
183822,2007,57347.0,267.0,0.0,0.5587,0.551,0.5494,0.5455,0.9532,o,310.0,201.0,24349.0,673.0
183822,2008,55693.0,277.0,0.0,0.5968,0.5561,0.548,0.5284,0.7837,o,428.0,183.0,26340.0,674.0
183822,2009,55195.0,283.0,0.0,0.6153,0.5951,0.591,0.5809,0.8913,o,474.0,214.0,28891.0,753.0
183822,2010,59213.0,287.0,0.0,0.5816,0.6175,0.6251,0.6448,1.2289,o,423.0,180.0,30019.0,756.0
183822,2011,60528.0,270.0,0.0,0.5353,0.592,0.6044,0.6367,1.4148,o,392.0,204.0,31269.0,742.0
183822,2012,59595.0,273.0,0.0,0.5497,0.5658,0.5691,0.5777,1.1043,o,383.0,184.0,32247.0,797.0
183822,2013,58576.0,293.0,0.0,0.6002,0.5744,0.5692,0.5564,0.8592,o,425.0,171.0,33487.0,805.0
183822,2014,57486.0,305.0,0.0,0.6367,0.6177,0.6138,0.6043,0.9008,o,447.0,168.0,34073.0,790.0
183822,2015,56347.0,288.0,0.0,0.6133,0.6255,0.628,0.6344,1.0699,o,435.0,188.0,34921.0,814.0
183822,2016,55596.0,285.0,0.0,0.6152,0.6387,0.6436,0.6562,1.1381,o,507.0,162.0,36041.0,811.0
183822,2017,56867.0,331.0,0.0,0.6985,0.7303,0.737,0.7542,1.1658,o,415.0,172.0,36459.0,772.0
183822,2018,52808.0,298.0,0.0,0.6772,0.6882,0.6905,0.6963,1.0573,o,394.0,131.0,36516.0,745.0
183822,2019,49132.0,283.0,0.0,0.6912,0.6741,0.6706,0.662,0.9172,o,400.0,111.0,36545.0,693.0
183822,2020,47951.0,305.0,0.0,0.7633,0.7264,0.719,0.7008,0.8429,o,376.0,100.0,36431.0,691.0
183822,2021,43785.0,279.0,0.0,0.7646,0.7274,0.7199,0.7015,0.8416,o,277.0,93.0,35811.0,658.0
183822,2022,36767.0,264.0,0.0,0.8616,0.8097,0.7994,0.7741,0.8072,o,235.0,96.0,33657.0,621.0
183822,2023,33665.0,262.0,0.0,0.9339,0.8223,0.801,0.7499,0.6448,o,182.0,49.0,31758.0,538.0
183822,2024,25483.0,270.0,0.0,1.2714,1.0619,1.023,0.932,0.5374,o,175.0,73.0,30680.0,189.0
183859,1998,218724.0,0.0,1221.0,0.3349,0.3348,0.3344,0.3343,0.994,o,,,,
183859,1999,218562.0,0.0,1150.0,0.3157,0.3179,0.3235,0.3261,1.1027,o,,,,
183859,2000,224337.0,0.0,1172.0,0.3135,0.3178,0.3291,0.3343,1.2151,o,,,,
183859,2001,229674.0,0.0,1152.0,0.3009,0.3021,0.3049,0.3062,1.0536,o,,,,
183859,2002,246030.0,0.0,1241.0,0.3026,0.3044,0.3091,0.3112,1.0878,o,2576.0,,3891.0,
183859,2003,263580.0,0.0,1295.0,0.2948,0.2954,0.2971,0.2979,1.0323,o,2806.0,,3948.0,160.0
183859,2004,273360.0,0.0,1436.0,0.3152,0.3169,0.3214,0.3234,1.0815,o,3020.0,,4033.0,160.0
183859,2005,284280.0,0.0,1487.0,0.3138,0.3164,0.323,0.326,1.1223,o,3210.0,,4101.0,165.0
183859,2006,289530.0,0.0,1536.0,0.3183,0.3205,0.3261,0.3287,1.102,o,3236.0,,4151.0,168.0
183859,2007,301584.0,0.0,1632.0,0.3247,0.3256,0.3278,0.3288,1.0388,o,3374.0,238.0,4339.0,170.0
183859,2008,315424.0,0.0,1768.0,0.3363,0.3374,0.3402,0.3414,1.0469,o,3592.0,280.0,4413.0,159.0
183859,2009,333877.0,0.0,1588.0,0.2854,0.287,0.2914,0.2933,1.0868,o,3596.0,392.0,4711.0,141.0
183859,2010,360877.0,0.0,1718.0,0.2856,0.2863,0.2879,0.2887,1.0324,o,3573.0,256.0,4892.0,138.0
183859,2011,360784.0,0.0,1946.0,0.3236,0.3235,0.3232,0.323,0.9942,o,3114.0,324.0,4923.0,129.0
183859,2012,336999.0,0.0,2032.0,0.3618,0.3582,0.3493,0.3454,0.8687,o,3240.0,291.0,4799.0,125.0
183859,2013,326367.0,0.0,1979.0,0.3638,0.363,0.361,0.3601,0.969,o,3052.0,270.0,4595.0,123.0
183859,2014,320833.0,0.0,1921.0,0.3593,0.3582,0.3557,0.3545,0.9607,o,2727.0,339.0,4525.0,124.0
183859,2015,309777.0,0.0,2054.0,0.3978,0.3939,0.3839,0.3795,0.8668,o,2587.0,355.0,4614.0,126.0
183859,2016,299178.0,0.0,2024.0,0.4059,0.4028,0.3948,0.3914,0.8953,o,2459.0,273.0,4736.0,135.0
183859,2017,282411.0,0.0,2042.0,0.4338,0.4315,0.4255,0.4229,0.9255,o,2456.0,271.0,4922.0,144.0
183859,2018,272867.0,0.0,1939.0,0.4264,0.4256,0.4235,0.4226,0.9734,o,2240.0,274.0,5469.0,133.0
183859,2019,256473.0,0.0,1797.0,0.4204,0.4177,0.4108,0.4077,0.9115,o,2132.0,281.0,5941.0,151.0
183859,2020,247457.0,0.0,1720.0,0.417,0.4142,0.4071,0.404,0.908,o,1814.0,279.0,6641.0,148.0
183859,2021,222222.0,0.0,1703.0,0.4598,0.4538,0.4389,0.4324,0.8298,o,1707.0,265.0,6582.0,155.0
183859,2022,204349.0,0.0,1611.0,0.473,0.4682,0.4562,0.4509,0.8652,o,1853.0,262.0,6142.0,157.0
183859,2023,210231.0,0.0,1426.0,0.407,0.4084,0.4122,0.4139,1.0525,o,1774.0,284.0,5986.0,142.0
183859,2024,214208.0,0.0,1373.0,0.3846,0.3845,0.3843,0.3842,0.9966,o,1648.0,419.0,5921.0,139.0
183877,1998,107428.0,0.0,585.0,0.3267,0.3254,0.3219,0.3204,0.9425,o,,,,
183877,1999,109791.0,0.0,507.0,0.2771,0.2788,0.2832,0.2851,1.0907,o,,,,
183877,2000,112583.0,0.0,510.0,0.2718,0.2728,0.2756,0.2768,1.0565,o,,,,
183877,2001,119436.0,0.0,528.0,0.2652,0.2605,0.2486,0.2435,0.7713,o,,,,
183877,2002,124459.0,0.0,532.0,0.2565,0.2534,0.2456,0.2422,0.8406,o,1453.0,,3151.0,
183877,2003,144822.0,0.0,598.0,0.2478,0.2569,0.2821,0.2941,1.6807,o,1498.0,,3181.0,119.0
183877,2004,155433.0,0.0,583.0,0.225,0.2292,0.2404,0.2455,1.3015,o,1690.0,,3428.0,124.0
183877,2005,160027.0,0.0,694.0,0.2602,0.2627,0.2692,0.2721,1.1454,o,1895.0,,3366.0,119.0
183877,2006,166592.0,0.0,679.0,0.2445,0.2475,0.2554,0.2589,1.1888,o,1901.0,,3258.0,115.0
183877,2007,176697.0,0.0,795.0,0.27,0.2711,0.2739,0.2752,1.0605,o,1970.0,109.0,3362.0,111.0
183877,2008,188318.0,0.0,903.0,0.2877,0.2885,0.2904,0.2913,1.0379,o,2049.0,310.0,3929.0,110.0
183877,2009,209584.0,0.0,1030.0,0.2949,0.296,0.2991,0.3005,1.0586,o,2351.0,590.0,4165.0,116.0
183877,2010,237766.0,0.0,1201.0,0.3031,0.3064,0.3152,0.3192,1.1699,o,2305.0,723.0,4739.0,109.0
183877,2011,250240.0,0.0,1262.0,0.3026,0.3036,0.3061,0.3073,1.0477,o,2312.0,756.0,5046.0,113.0
183877,2012,249812.0,0.0,1286.0,0.3089,0.3087,0.3083,0.3082,0.9931,o,2304.0,687.0,4919.0,113.0
183877,2013,237852.0,0.0,1367.0,0.3448,0.3448,0.3447,0.3446,0.9981,o,2296.0,568.0,4833.0,110.0
183877,2014,228840.0,0.0,1291.0,0.3385,0.3384,0.338,0.3379,0.9948,o,2166.0,610.0,4957.0,111.0
183877,2015,222413.0,0.0,1326.0,0.3577,0.3562,0.3524,0.3507,0.9417,o,1876.0,620.0,5072.0,111.0
183877,2016,209883.0,0.0,1360.0,0.3888,0.3841,0.3723,0.3672,0.8409,o,1940.0,640.0,5270.0,125.0
183877,2017,210635.0,0.0,1407.0,0.4008,0.3996,0.3967,0.3954,0.9599,o,1945.0,674.0,5182.0,123.0
183877,2018,179567.0,0.0,1347.0,0.4501,0.4507,0.4522,0.4529,1.0194,o,2036.0,522.0,5066.0,152.0
183877,2019,172325.0,0.0,1522.0,0.5299,0.5317,0.5362,0.5382,1.0481,o,1917.0,482.0,5765.0,168.0
183877,2020,163887.0,0.0,2110.0,0.7725,0.7705,0.7653,0.763,0.9631,o,1661.0,382.0,5685.0,175.0
183877,2021,174379.0,0.0,1416.0,0.4872,0.4813,0.4665,0.46,0.8404,o,1438.0,293.0,5521.0,165.0
183877,2022,152745.0,0.0,1619.0,0.636,0.6263,0.6022,0.5917,0.8038,o,1605.0,355.0,5189.0,136.0
183877,2023,155915.0,0.0,1426.0,0.5488,0.5501,0.5536,0.5552,1.0358,o,1802.0,363.0,5031.0,147.0
183877,2024,166093.0,0.0,1770.0,0.6394,0.647,0.667,0.6761,1.1844,o,1664.0,458.0,4968.0,127.0
183910,1998,37127.0,228.0,0.0,0.7369,0.7463,0.7482,0.7531,1.0444,o,,,,
183910,1999,38309.0,232.0,0.0,0.7267,0.8073,0.8251,0.8712,1.4372,o,,,,
183910,2000,39861.0,267.0,0.0,0.8038,0.8825,0.8997,0.9442,1.38,o,,,,
183910,2001,41460.0,216.0,0.0,0.6252,0.6627,0.6708,0.6913,1.2227,o,,,,
183910,2002,42754.0,306.0,0.0,0.8589,0.8716,0.8743,0.881,1.0521,o,322.0,,24407.0,
183910,2003,42431.0,272.0,0.0,0.7692,0.7778,0.7796,0.7841,1.0389,o,283.0,,27360.0,572.0
183910,2004,41310.0,308.0,0.0,0.8947,0.8951,0.8952,0.8954,1.0017,o,390.0,,28292.0,607.0
183910,2005,38712.0,281.0,0.0,0.871,0.8895,0.8934,0.9032,1.0751,o,310.0,,28667.0,602.0
183910,2006,39262.0,249.0,0.0,0.761,0.7902,0.7963,0.8119,1.1382,o,284.0,,29136.0,631.0
183910,2007,35000.0,263.0,0.0,0.9017,0.8969,0.8959,0.8935,0.9818,o,300.0,113.0,30852.0,726.0
183910,2008,35400.0,249.0,0.0,0.8441,0.8101,0.8032,0.7863,0.8678,o,257.0,131.0,32193.0,761.0
183910,2009,37000.0,315.0,0.0,1.0216,0.9561,0.9431,0.9113,0.7957,o,272.0,133.0,33956.0,772.0
183910,2010,37890.0,290.0,0.0,0.9184,0.8881,0.8819,0.8667,0.8906,o,284.0,204.0,35166.0,744.0
183910,2011,43150.0,290.0,0.0,0.8065,0.7951,0.7927,0.7869,0.9521,o,306.0,143.0,35739.0,698.0
183910,2012,42366.0,360.0,0.0,1.0197,1.0368,1.0404,1.0495,1.0592,o,292.0,149.0,36587.0,716.0
183910,2013,39598.0,306.0,0.0,0.9273,0.9609,0.968,0.9859,1.1304,o,373.0,94.0,37283.0,749.0
183910,2014,43144.0,321.0,0.0,0.8928,0.9404,0.9506,0.9764,1.196,o,386.0,59.0,38181.0,727.0
183910,2015,46632.0,285.0,0.0,0.7334,0.789,0.801,0.8318,1.2864,o,353.0,69.0,39229.0,693.0
183910,2016,42577.0,314.0,0.0,0.885,0.941,0.9531,0.9838,1.2358,o,404.0,114.0,40449.0,756.0
183910,2017,46602.0,337.0,0.0,0.8678,0.901,0.908,0.9259,1.1383,o,361.0,75.0,41622.0,717.0
183910,2018,45489.0,353.0,0.0,0.9312,0.9333,0.9338,0.9349,1.0079,o,497.0,72.0,42311.0,740.0
183910,2019,48116.0,311.0,0.0,0.7756,0.8099,0.8172,0.8357,1.161,o,445.0,69.0,42359.0,672.0
183910,2020,50377.0,335.0,0.0,0.798,0.8502,0.8614,0.8902,1.2444,o,445.0,73.0,42957.0,669.0
183910,2021,51145.0,302.0,0.0,0.7086,0.7404,0.7471,0.7643,1.1634,o,349.0,80.0,42837.0,632.0
183910,2022,48218.0,336.0,0.0,0.8362,0.8176,0.8138,0.8044,0.9254,o,445.0,62.0,40481.0,564.0
183910,2023,45224.0,333.0,0.0,0.8836,0.8409,0.8323,0.8112,0.8429,o,345.0,62.0,39388.0,599.0
183910,2024,42403.0,297.0,0.0,0.8405,0.812,0.8062,0.7919,0.8876,o,568.0,63.0,39450.0,568.0
183938,1998,216083.0,0.0,1027.0,0.2852,0.2856,0.2867,0.2872,1.0216,o,,,,
183938,1999,218038.0,0.0,936.0,0.2576,0.2587,0.2617,0.2631,1.0661,o,,,,
183938,2000,216822.0,0.0,840.0,0.2324,0.2331,0.2348,0.2355,1.0408,o,,,,
183938,2002,248083.0,0.0,858.0,0.2075,0.2095,0.2146,0.2169,1.1433,o,2003.0,,3641.0,
183938,2003,281153.0,0.0,998.0,0.213,0.2152,0.2211,0.2237,1.1608,o,2127.0,,3671.0,130.0
183938,2004,302755.0,0.0,1161.0,0.2301,0.2311,0.2339,0.2351,1.0672,o,2298.0,,3831.0,134.0
183938,2005,306290.0,0.0,1189.0,0.2329,0.2347,0.2392,0.2413,1.1128,o,2663.0,,3718.0,133.0
183938,2006,310253.0,0.0,1277.0,0.247,0.2502,0.2587,0.2625,1.2036,o,2484.0,,4020.0,128.0
183938,2007,306342.0,0.0,1257.0,0.2462,0.2462,0.2463,0.2463,1.0014,o,2551.0,782.0,4310.0,139.0
183938,2008,311594.0,0.0,1317.0,0.2536,0.2534,0.253,0.2529,0.9913,o,2646.0,710.0,4390.0,142.0
183938,2009,328616.0,0.0,1371.0,0.2503,0.2512,0.2535,0.2545,1.051,o,2203.0,1054.0,4532.0,144.0
183938,2010,311216.0,0.0,1528.0,0.2946,0.2912,0.2827,0.279,0.8478,o,2609.0,894.0,5146.0,159.0
183938,2011,325743.0,0.0,1727.0,0.3181,0.3197,0.324,0.3259,1.0761,o,2689.0,992.0,5193.0,139.0
183938,2012,307438.0,0.0,1517.0,0.2961,0.2984,0.3044,0.3071,1.1176,o,2597.0,928.0,5347.0,150.0
183938,2013,297033.0,0.0,1386.0,0.28,0.2796,0.2786,0.2781,0.9804,o,2635.0,990.0,5254.0,141.0
183938,2014,283070.0,0.0,1404.0,0.2976,0.2975,0.2974,0.2973,0.997,o,2248.0,938.0,5451.0,129.0
183938,2015,257096.0,0.0,1354.0,0.316,0.3127,0.3042,0.3006,0.8593,o,2073.0,901.0,5640.0,138.0
183938,2016,238048.0,0.0,1361.0,0.343,0.3391,0.3293,0.325,0.8491,o,1967.0,754.0,5601.0,138.0
183938,2017,230202.0,0.0,1357.0,0.3537,0.3514,0.3455,0.3429,0.9104,o,1859.0,813.0,5507.0,141.0
183938,2018,219784.0,0.0,1267.0,0.3459,0.3439,0.3388,0.3365,0.9203,o,1425.0,723.0,5384.0,134.0
183938,2019,206214.0,0.0,1172.0,0.341,0.334,0.3168,0.3094,0.7449,o,1580.0,778.0,5271.0,129.0
183938,2020,209186.0,0.0,1090.0,0.3126,0.3118,0.3096,0.3087,0.9622,o,1085.0,496.0,5192.0,114.0
183938,2021,192752.0,0.0,1232.0,0.3835,0.3749,0.3535,0.3444,0.7221,o,992.0,440.0,5323.0,102.0
183938,2022,182500.0,0.0,1132.0,0.3722,0.3646,0.3457,0.3376,0.7445,o,1244.0,452.0,4002.0,100.0
183938,2023,182526.0,0.0,983.0,0.3231,0.3272,0.3381,0.343,1.1979,o,1289.0,482.0,3776.0,88.0
183938,2024,189186.0,0.0,1089.0,0.3454,0.3488,0.3579,0.362,1.153,o,1301.0,512.0,3960.0,86.0
183974,1998,17711.0,148.0,17.0,1.0604,0.9288,0.9037,0.8439,0.6333,o,,,,
183974,1999,18418.0,126.0,8.0,0.847,0.9403,0.9609,1.0143,1.434,o,,,,
183974,2000,21252.0,150.0,10.0,0.8752,1.0161,1.0479,1.132,1.673,o,,,,
183974,2002,35222.0,176.0,9.0,0.615,0.7077,0.7285,0.7834,1.6228,o,251.0,,27334.0,
183974,2003,38560.0,246.0,41.0,0.8294,0.974,1.0069,1.0942,1.7406,o,316.0,,28006.0,581.0
183974,2004,31751.0,324.0,59.0,1.336,1.6069,1.6695,1.8367,1.89,o,312.0,,29827.0,841.0
183974,2005,36110.0,322.0,51.0,1.1548,1.3463,1.3897,1.5045,1.6973,o,247.0,,29697.0,878.0
183974,2006,39084.0,369.0,32.0,1.1821,1.2485,1.2627,1.2988,1.2073,o,353.0,,30912.0,831.0
183974,2007,54150.0,409.0,68.0,0.9817,0.998,1.0013,1.0099,1.0582,o,333.0,202.0,33899.0,623.0
183974,2008,61247.0,371.0,80.0,0.8053,0.8262,0.8306,0.8416,1.0924,o,343.0,228.0,35047.0,574.0
183974,2009,64800.0,481.0,77.0,0.962,1.0165,1.0282,1.0579,1.2093,o,287.0,233.0,35870.0,616.0
183974,2010,60660.0,524.0,74.0,1.1098,1.1256,1.1289,1.1372,1.05,o,281.0,154.0,37930.0,678.0
183974,2011,58183.0,453.0,55.0,0.991,0.9382,0.9277,0.9018,0.828,o,306.0,145.0,39162.0,728.0
183974,2012,58972.0,507.0,63.0,1.0958,1.0518,1.0429,1.0211,0.8683,o,292.0,157.0,39308.0,694.0
183974,2013,54430.0,482.0,64.0,1.1332,1.1162,1.1127,1.104,0.9492,o,217.0,145.0,39609.0,696.0
183974,2014,50175.0,348.0,40.0,0.8801,0.8526,0.847,0.8332,0.8961,o,244.0,100.0,40209.0,683.0
183974,2015,47192.0,426.0,39.0,1.1328,1.0562,1.041,1.0039,0.7853,o,227.0,100.0,40394.0,664.0
183974,2016,43091.0,396.0,32.0,1.1473,1.0706,1.0554,1.0182,0.7876,o,243.0,161.0,41167.0,729.0
183974,2017,42337.0,359.0,37.0,1.07,1.0455,1.0405,1.0282,0.9234,o,219.0,122.0,40918.0,664.0
183974,2018,40188.0,345.0,36.0,1.0839,1.0846,1.0847,1.0851,1.0022,o,234.0,152.0,40604.0,653.0
183974,2019,38516.0,351.0,24.0,1.131,1.1182,1.1156,1.1091,0.9618,o,205.0,118.0,40264.0,604.0
183974,2020,36076.0,366.0,11.0,1.2357,1.2115,1.2066,1.1943,0.934,o,234.0,121.0,40255.0,626.0
183974,2021,31625.0,335.0,5.0,1.2806,1.2618,1.2579,1.2483,0.9502,o,247.0,82.0,40267.0,649.0
183974,2022,33422.0,301.0,9.0,1.0969,1.1161,1.1202,1.1303,1.0618,o,190.0,81.0,37846.0,560.0
183974,2023,30028.0,245.0,4.0,0.9871,0.9858,0.9855,0.9848,0.9954,o,178.0,37.0,37197.0,580.0
183974,2024,28974.0,239.0,5.0,1.0002,0.9503,0.9403,0.9158,0.8383,o,182.0,105.0,37732.0,605.0
184010,2000,390.0,0.0,0.0,0.0,0.0,0.0,0.0,,-,,,,
184010,2002,2760.0,0.0,0.0,0.0,0.0,0.0,0.0,,-,49.0,,11147.0,
184010,2003,2760.0,0.0,0.0,0.0,0.0,0.0,0.0,,-,16.0,,11206.0,286.0
184010,2004,2760.0,0.0,0.0,0.0,0.0,0.0,0.0,,-,14.0,,12053.0,350.0
184010,2005,2760.0,0.0,0.0,0.0,0.0,0.0,0.0,,-,9.0,,13331.0,408.0
184010,2006,2760.0,0.0,0.0,0.0,0.0,0.0,0.0,,-,7.0,79.0,13703.0,588.0
184010,2007,2760.0,0.0,0.0,0.0,0.0,0.0,0.0,,-,,,14845.0,588.0
184038,1998,3180.0,0.0,0.0,0.0,0.0,0.0,0.0,,-,,,,
184038,1999,3150.0,0.0,0.0,0.0,0.0,0.0,0.0,,-,,,,
184153,1998,1980.0,0.0,0.0,0.0,0.0,0.0,0.0,,n,,,,
184180,1998,159037.0,0.0,1204.0,0.4542,0.4526,0.4484,0.4466,0.9498,o,,,,
184180,1999,148835.0,0.0,945.0,0.381,0.3787,0.373,0.3705,0.9187,o,,,,
184180,2000,156217.0,0.0,973.0,0.3737,0.3741,0.3751,0.3755,1.0149,o,,,,
184180,2001,158197.0,0.0,897.0,0.3402,0.3434,0.3517,0.3554,1.1416,o,,,,
184180,2002,173963.0,0.0,957.0,0.3301,0.3282,0.3234,0.3214,0.9221,o,1473.0,,3482.0,
184180,2003,174703.0,0.0,980.0,0.3366,0.3348,0.3302,0.3282,0.9267,o,1424.0,,3569.0,183.0
184180,2004,174426.0,0.0,984.0,0.3385,0.3376,0.3353,0.3342,0.9625,o,1365.0,,4088.0,192.0
184180,2005,172637.0,0.0,1043.0,0.3625,0.361,0.3572,0.3555,0.9424,o,1421.0,,4644.0,202.0
184180,2006,171467.0,0.0,1047.0,0.3664,0.3669,0.3681,0.3687,1.019,o,1501.0,,4916.0,213.0
184180,2007,174107.0,0.0,1090.0,0.3756,0.3776,0.3827,0.385,1.0775,o,1700.0,263.0,4764.0,210.0
184180,2008,183658.0,0.0,1124.0,0.3672,0.3711,0.3814,0.386,1.1636,o,1775.0,272.0,5012.0,208.0
184180,2009,181627.0,0.0,1116.0,0.3687,0.3713,0.3783,0.3815,1.109,o,1830.0,357.0,5079.0,217.0
184180,2010,196780.0,0.0,1149.0,0.3503,0.3516,0.3549,0.3564,1.0532,o,1914.0,370.0,5361.0,206.0
184180,2011,196740.0,0.0,1144.0,0.3489,0.3504,0.3542,0.3559,1.0619,o,1870.0,311.0,5507.0,210.0
184180,2012,191582.0,0.0,1111.0,0.3479,0.3479,0.3479,0.3478,0.9989,o,1778.0,387.0,5562.0,207.0
184180,2013,192800.0,0.0,1155.0,0.3594,0.3579,0.3539,0.3521,0.9397,o,1831.0,422.0,5354.0,198.0
184180,2014,185465.0,0.0,1357.0,0.439,0.4391,0.4394,0.4396,1.0038,o,1785.0,411.0,5510.0,203.0
184180,2015,183066.0,0.0,1176.0,0.3854,0.3851,0.3844,0.3841,0.9892,o,1751.0,436.0,5653.0,205.0
184180,2016,177108.0,0.0,1270.0,0.4302,0.4293,0.4268,0.4257,0.9685,o,1703.0,461.0,5925.0,210.0
184180,2017,175798.0,0.0,1319.0,0.4502,0.449,0.446,0.4446,0.9632,o,1624.0,436.0,5979.0,218.0
184180,2018,174125.0,0.0,1269.0,0.4373,0.4354,0.4306,0.4285,0.9404,o,1501.0,407.0,6019.0,218.0
184180,2019,165749.0,0.0,1268.0,0.459,0.4557,0.4474,0.4437,0.9023,o,1542.0,442.0,6003.0,213.0
184180,2020,163671.0,0.0,1258.0,0.4612,0.4607,0.4596,0.4592,0.9869,o,1361.0,383.0,6238.0,220.0
184180,2021,143002.0,0.0,1203.0,0.5047,0.5008,0.4909,0.4865,0.8945,o,1315.0,355.0,6303.0,224.0
184180,2022,131146.0,0.0,1107.0,0.5065,0.503,0.4941,0.4902,0.906,o,1239.0,381.0,6056.0,217.0
184180,2023,128041.0,0.0,1038.0,0.4864,0.4838,0.4771,0.4742,0.926,o,1367.0,398.0,6149.0,209.0
184180,2024,133955.0,0.0,997.0,0.4466,0.4487,0.4542,0.4567,1.0705,o,1262.0,415.0,6210.0,201.0
184205,1998,84840.0,0.0,272.0,0.1924,0.1934,0.1961,0.1973,1.0794,o,,,,
184205,1999,51976.0,0.0,275.0,0.3175,0.3179,0.3192,0.3198,1.0224,o,,,,
184205,2000,55775.0,0.0,296.0,0.3184,0.3212,0.3285,0.3317,1.1323,o,,,,
184205,2001,55538.0,0.0,304.0,0.3284,0.3282,0.3277,0.3275,0.9913,o,,,,
184205,2002,59348.0,0.0,329.0,0.3326,0.3331,0.3344,0.335,1.0222,o,469.0,,4365.0,
184205,2003,61745.0,0.0,325.0,0.3158,0.3158,0.3156,0.3156,0.9979,o,515.0,,4384.0,100.0
184205,2004,62308.0,0.0,389.0,0.3746,0.3767,0.382,0.3845,1.0819,o,544.0,,4378.0,108.0
184205,2005,64574.0,0.0,380.0,0.3531,0.3556,0.3621,0.365,1.1057,o,618.0,,4491.0,109.0
184205,2006,65737.0,0.0,415.0,0.3788,0.3829,0.3937,0.3986,1.1671,o,647.0,,4768.0,116.0
184205,2007,73608.0,0.0,410.0,0.3342,0.3367,0.3433,0.3463,1.1136,o,737.0,330.0,4855.0,110.0
184205,2008,78785.0,0.0,473.0,0.3602,0.3641,0.3743,0.3789,1.1652,o,756.0,336.0,4873.0,109.0
184205,2009,86838.0,0.0,554.0,0.3828,0.3852,0.3913,0.3941,1.0925,o,987.0,396.0,5007.0,105.0
184205,2010,93701.0,0.0,555.0,0.3554,0.3624,0.3811,0.3897,1.3222,o,1038.0,496.0,5026.0,128.0
184205,2011,94371.0,0.0,555.0,0.3529,0.3572,0.3686,0.3738,1.191,o,814.0,467.0,5360.0,104.0
184205,2012,90966.0,0.0,570.0,0.376,0.3703,0.356,0.3498,0.804,o,1030.0,66.0,5470.0,102.0
184205,2013,86949.0,0.0,487.0,0.3361,0.3386,0.3451,0.3481,1.1123,o,1013.0,64.0,5574.0,99.0
184205,2014,88483.0,0.0,582.0,0.3947,0.3973,0.404,0.4071,1.0987,o,999.0,107.0,5530.0,102.0
184205,2015,85423.0,0.0,573.0,0.4025,0.4018,0.4002,0.3995,0.978,o,936.0,101.0,5600.0,97.0
184205,2016,74847.0,0.0,691.0,0.5539,0.5511,0.544,0.5409,0.9304,o,854.0,129.0,5562.0,101.0
184205,2017,69978.0,0.0,607.0,0.5204,0.5159,0.5045,0.4995,0.8827,o,914.0,108.0,5660.0,108.0
184205,2018,69110.0,0.0,621.0,0.5391,0.5399,0.542,0.5429,1.0212,o,731.0,95.0,5533.0,121.0
184205,2019,64279.0,0.0,568.0,0.5302,0.5232,0.5056,0.498,0.8269,o,765.0,121.0,5491.0,111.0
184205,2020,63463.0,0.0,515.0,0.4869,0.4844,0.4782,0.4754,0.9301,o,453.0,80.0,5481.0,112.0
184205,2021,54515.0,0.0,488.0,0.5371,0.5186,0.4738,0.4552,0.6056,o,497.0,96.0,5323.0,117.0
184205,2022,48466.0,0.0,693.0,0.8579,0.8458,0.8154,0.8023,0.8161,o,523.0,90.0,5167.0,115.0
184205,2023,51741.0,0.0,469.0,0.5439,0.5475,0.5571,0.5614,1.1011,o,625.0,119.0,4969.0,94.0
184205,2024,58096.0,0.0,411.0,0.4245,0.4306,0.4466,0.4539,1.2255,o,474.0,146.0,4980.0,97.0
184269,1998,104040.0,0.0,519.0,0.2993,0.2993,0.2993,0.2993,,x,,,,
184269,1999,113867.0,0.0,619.0,0.3262,0.3262,0.3262,0.3262,,x,,,,
184269,2000,121378.0,8.0,799.0,0.4029,0.4029,0.4029,0.4029,,x,,,,
184269,2001,129394.0,86.0,585.0,0.351,0.351,0.351,0.351,,x,,,,
184269,2002,133100.0,107.0,602.0,0.3678,0.3678,0.3678,0.3678,,x,881.0,,15140.0,
184269,2003,110724.0,259.0,541.0,0.5739,0.5739,0.5739,0.5739,,x,708.0,,16144.0,561.0
184269,2004,84356.0,387.0,386.0,0.8251,0.8251,0.8251,0.8251,,x,376.0,,16749.0,611.0
184269,2005,63025.0,277.0,326.0,0.8378,0.8378,0.8378,0.8378,,x,315.0,,18237.0,630.0
184269,2006,52455.0,234.0,350.0,0.9357,0.9357,0.9357,0.9357,,x,324.0,,19009.0,643.0
184269,2007,48712.0,187.0,196.0,0.7021,0.7021,0.7021,0.7021,,x,348.0,155.0,19131.0,647.0
184269,2008,34037.0,202.0,205.0,1.0735,1.0735,1.0735,1.0735,,x,290.0,160.0,19345.0,952.0
184269,2009,42780.0,176.0,178.0,0.7433,0.7433,0.7433,0.7433,,x,412.0,270.0,21294.0,815.0
184269,2010,50640.0,185.0,214.0,0.6919,0.6919,0.6919,0.6919,,x,591.0,403.0,20859.0,862.0
184269,2011,53730.0,171.0,131.0,0.5282,0.5282,0.5282,0.5282,,x,358.0,352.0,20696.0,860.0
184269,2012,48450.0,177.0,163.0,0.6402,0.6402,0.6402,0.6402,,x,171.0,276.0,20665.0,899.0
184348,1998,48818.0,323.0,0.0,0.794,0.8432,0.8538,0.8807,1.2305,o,,,,
184348,1999,47778.0,360.0,0.0,0.9042,0.9066,0.9071,0.9084,1.0093,o,,,,
184348,2000,48212.0,323.0,0.0,0.8039,0.7873,0.7839,0.7755,0.9304,o,,,,
184348,2001,49571.0,350.0,0.0,0.8473,0.8586,0.861,0.8669,1.0468,o,,,,
184348,2002,49443.0,285.0,0.0,0.6917,0.7064,0.7094,0.7172,1.075,o,399.0,,43517.0,
184348,2003,51264.0,349.0,0.0,0.8169,0.8315,0.8345,0.8422,1.0628,o,421.0,,44772.0,879.0
184348,2004,51764.0,359.0,0.0,0.8322,0.8302,0.8298,0.8287,0.9915,o,418.0,,46278.0,911.0
184348,2005,52612.0,323.0,0.0,0.7367,0.7424,0.7436,0.7466,1.0269,o,391.0,,47557.0,940.0
184348,2006,52037.0,355.0,0.0,0.8186,0.8225,0.8233,0.8253,1.0163,o,481.0,,48746.0,998.0
184348,2007,53474.0,357.0,0.0,0.8011,0.8156,0.8186,0.8261,1.0634,o,456.0,41.0,50827.0,923.0
184348,2008,53463.0,334.0,0.0,0.7497,0.7741,0.7792,0.7923,1.1168,o,390.0,31.0,50909.0,910.0
184348,2009,53061.0,335.0,0.0,0.7576,0.7675,0.7696,0.7747,1.0457,o,506.0,54.0,52833.0,811.0
184348,2010,56682.0,388.0,0.0,0.8214,0.8279,0.8293,0.8327,1.0275,o,495.0,50.0,54703.0,875.0
184348,2011,58462.0,350.0,0.0,0.7184,0.7323,0.7352,0.7425,1.0683,o,454.0,46.0,55660.0,845.0
184348,2012,56647.0,298.0,0.0,0.6313,0.6527,0.6572,0.6686,1.1217,o,363.0,37.0,56199.0,839.0
184348,2013,52508.0,380.0,0.0,0.8684,0.8455,0.8408,0.8293,0.9118,o,400.0,32.0,57375.0,794.0
184348,2014,48466.0,349.0,0.0,0.8641,0.7987,0.7858,0.7544,0.7622,o,302.0,49.0,58019.0,770.0
184348,2015,46828.0,325.0,0.0,0.8328,0.7631,0.7494,0.7163,0.7397,o,357.0,57.0,59221.0,734.0
184348,2016,46843.0,266.0,0.0,0.6814,0.6403,0.632,0.612,0.8066,o,350.0,69.0,60523.0,709.0
184348,2017,48863.0,353.0,0.0,0.8669,0.848,0.8441,0.8345,0.9266,o,371.0,81.0,61256.0,674.0
184348,2018,50184.0,304.0,0.0,0.7269,0.7326,0.7338,0.7367,1.0271,o,420.0,103.0,61651.0,663.0
184348,2019,54566.0,345.0,0.0,0.7587,0.8,0.8088,0.8312,1.2003,o,400.0,107.0,48564.0,599.0
184348,2020,58209.0,362.0,0.0,0.7463,0.7791,0.786,0.8037,1.1598,o,343.0,95.0,49232.0,562.0
184348,2021,51480.0,400.0,0.0,0.9324,0.9406,0.9423,0.9465,1.0305,o,359.0,83.0,47810.0,613.0
184348,2022,50523.0,373.0,0.0,0.8859,0.8558,0.8497,0.8346,0.8875,o,309.0,65.0,47120.0,628.0
184348,2023,51976.0,380.0,0.0,0.8773,0.8267,0.8166,0.7919,0.8146,o,404.0,66.0,45727.0,571.0
184348,2024,52650.0,372.0,0.0,0.8479,0.8378,0.8357,0.8306,0.9596,o,366.0,62.0,45360.0,512.0
184357,2004,1920.0,0.0,0.0,0.0,0.0,0.0,0.0,,-,11.0,,11774.0,398.0
184357,2005,1469.0,0.0,0.0,0.0,0.0,0.0,0.0,,-,10.0,,11428.0,499.0
184357,2006,1020.0,0.0,0.0,0.0,0.0,0.0,0.0,,-,8.0,,11062.0,696.0
184357,2007,960.0,0.0,0.0,0.0,0.0,0.0,0.0,,-,10.0,,11343.0,640.0
184357,2008,960.0,0.0,0.0,0.0,0.0,0.0,0.0,,-,18.0,,11238.0,621.0
184357,2009,1223.0,0.0,0.0,0.0,0.0,0.0,0.0,,-,19.0,,11482.0,507.0
184357,2010,1665.0,0.0,0.0,0.0,0.0,0.0,0.0,,-,11.0,,11407.0,389.0
184357,2011,1380.0,0.0,0.0,0.0,0.0,0.0,0.0,,-,7.0,,11468.0,469.0
184357,2012,995.0,0.0,0.0,0.0,0.0,0.0,0.0,,-,13.0,,11586.0,599.0
184357,2013,900.0,0.0,0.0,0.0,0.0,0.0,0.0,,-,10.0,,11831.0,610.0
184357,2015,482.0,0.0,0.0,0.0,0.0,0.0,0.0,,-,3.0,,11945.0,968.0
184427,2015,11474.0,0.0,0.0,0.0,0.0,0.0,0.0,,-,108.0,,,436.0
184427,2016,12163.0,0.0,0.0,0.0,0.0,0.0,0.0,,-,111.0,,,477.0
184427,2017,12559.0,0.0,0.0,0.0,0.0,0.0,0.0,,-,93.0,,,493.0
184427,2018,11471.0,0.0,0.0,0.0,0.0,0.0,0.0,,-,119.0,,,503.0
184427,2019,11239.0,0.0,0.0,0.0,0.0,0.0,0.0,,-,104.0,,,480.0
184427,2020,10039.0,0.0,0.0,0.0,0.0,0.0,0.0,,-,108.0,,,588.0
184427,2021,11370.0,0.0,0.0,0.0,0.0,0.0,0.0,,-,131.0,,,427.0
184427,2022,11967.0,0.0,0.0,0.0,0.0,0.0,0.0,,-,121.0,,,476.0
184427,2023,11175.0,0.0,0.0,0.0,0.0,0.0,0.0,,-,136.0,,,557.0
184427,2024,11833.0,0.0,0.0,0.0,0.0,0.0,0.0,,-,135.0,,,504.0
184445,1998,264.0,0.0,0.0,0.0,0.0,0.0,0.0,,-,,,,
184445,1999,330.0,0.0,0.0,0.0,0.0,0.0,0.0,,-,,,,
184481,1998,195582.0,0.0,613.0,0.1881,0.1882,0.1886,0.1888,1.0119,o,,,,
184481,1999,186155.0,0.0,580.0,0.1869,0.1863,0.1846,0.1839,0.9512,o,,,,
184481,2000,188420.0,0.0,666.0,0.2121,0.213,0.2155,0.2166,1.0658,o,,,,
184481,2001,210525.0,0.0,560.0,0.1596,0.1601,0.1614,0.162,1.0458,o,,,,
184481,2002,226463.0,0.0,640.0,0.1696,0.1701,0.1714,0.172,1.0435,o,1620.0,,4729.0,
184481,2003,216895.0,0.0,713.0,0.1972,0.1937,0.1848,0.181,0.7711,o,1810.0,,4639.0,157.0
184481,2004,274200.0,0.0,759.0,0.1661,0.1657,0.1646,0.1641,0.964,o,2301.0,,4623.0,137.0
184481,2005,296688.0,0.0,713.0,0.1442,0.1472,0.1552,0.1589,1.3417,o,2314.0,,3989.0,130.0
184481,2006,292758.0,0.0,773.0,0.1584,0.1597,0.1632,0.1647,1.1258,o,2838.0,,3945.0,142.0
184481,2007,253638.0,0.0,865.0,0.2046,0.2076,0.2155,0.2191,1.2299,o,2648.0,154.0,3920.0,165.0
184481,2008,251279.0,0.0,907.0,0.2166,0.217,0.2181,0.2186,1.028,o,3118.0,260.0,4144.0,160.0
184481,2009,279280.0,0.0,922.0,0.1981,0.1999,0.2045,0.2066,1.1367,o,3122.0,245.0,4334.0,164.0
184481,2010,324872.0,0.0,1004.0,0.1854,0.1865,0.1892,0.1904,1.0829,o,3009.0,183.0,4666.0,170.0
184481,2011,320018.0,0.0,1172.0,0.2197,0.2192,0.2178,0.2171,0.9644,o,2551.0,157.0,4724.0,175.0
184481,2012,299789.0,0.0,1270.0,0.2542,0.2509,0.2428,0.2392,0.8322,o,2568.0,268.0,4604.0,188.0
184481,2013,287847.0,0.0,1307.0,0.2724,0.2709,0.2671,0.2654,0.9237,o,2632.0,212.0,4572.0,189.0
184481,2014,290829.0,0.0,1376.0,0.2839,0.2844,0.2859,0.2865,1.0283,o,2287.0,277.0,4455.0,188.0
184481,2015,265665.0,0.0,1311.0,0.2961,0.2934,0.2867,0.2838,0.8796,o,2276.0,260.0,4637.0,198.0
184481,2016,244190.0,0.0,1362.0,0.3347,0.3328,0.3282,0.3262,0.9254,o,1830.0,147.0,5462.0,214.0
184481,2017,217712.0,0.0,1191.0,0.3282,0.3232,0.3106,0.3052,0.8021,o,1647.0,114.0,5795.0,206.0
184481,2018,197947.0,0.0,1229.0,0.3725,0.3668,0.3526,0.3464,0.8022,o,1434.0,124.0,6225.0,219.0
184481,2019,176415.0,0.0,1073.0,0.3649,0.36,0.3478,0.3425,0.8248,o,1765.0,208.0,6095.0,209.0
184481,2020,165472.0,0.0,916.0,0.3321,0.3353,0.3436,0.3474,1.1457,o,953.0,176.0,6004.0,214.0
184481,2021,140438.0,0.0,1071.0,0.4576,0.4413,0.402,0.3857,0.5958,o,1111.0,209.0,5830.0,202.0
184481,2022,141992.0,0.0,1102.0,0.4657,0.4591,0.4428,0.4357,0.8175,o,1447.0,209.0,5589.0,191.0
184481,2023,146646.0,0.0,1018.0,0.4165,0.4265,0.4532,0.4657,1.4021,o,1378.0,232.0,5375.0,179.0
184481,2024,147019.0,0.0,1043.0,0.4257,0.4279,0.4337,0.4363,1.0774,o,1405.0,305.0,5346.0,175.0
184603,1998,114366.0,726.0,112.0,0.8205,0.8519,0.8586,0.8754,1.1382,o,,,,
184603,1999,170490.0,795.0,129.0,0.605,0.6532,0.6636,0.6905,1.3026,o,,,,
184603,2000,126398.0,931.0,84.0,0.9237,0.9753,0.9863,1.0144,1.2058,o,,,,
184603,2001,139050.0,932.0,85.0,0.841,0.8743,0.8814,0.8993,1.1434,o,,,,
184603,2002,144781.0,923.0,79.0,0.7978,0.8046,0.806,0.8096,1.03,o,1148.0,,30996.0,
184603,2003,75432.0,471.0,50.0,0.7891,0.7842,0.7832,0.7807,0.979,o,637.0,,31700.0,1405.0
184603,2004,80609.0,495.0,54.0,0.7771,0.7231,0.7124,0.6864,0.7802,o,571.0,,32925.0,1403.0
184603,2005,91404.0,545.0,46.0,0.7457,0.6268,0.6047,0.5527,0.5493,o,497.0,,34983.0,1304.0
184603,2006,94261.0,542.0,35.0,0.7123,0.5819,0.558,0.5026,0.4979,o,498.0,,35219.0,1301.0
184603,2007,98287.0,638.0,62.0,0.8168,0.6895,0.6657,0.6098,0.5574,o,453.0,483.0,36405.0,1327.0
184603,2008,99658.0,802.0,45.0,0.9928,0.9263,0.9131,0.8809,0.7873,o,515.0,467.0,37514.0,1321.0
184603,2009,96523.0,784.0,41.0,1.0002,0.9721,0.9663,0.9522,0.9064,o,710.0,495.0,41033.0,1369.0
184603,2010,105211.0,804.0,52.0,0.9467,1.0055,1.0181,1.0504,1.2312,o,781.0,536.0,41421.0,1349.0
184603,2011,113163.0,828.0,64.0,0.912,1.039,1.0674,1.1419,1.5678,o,713.0,453.0,43358.0,1360.0
184603,2012,115718.0,874.0,76.0,0.9457,1.0726,1.1009,1.1749,1.5434,o,756.0,407.0,44272.0,1353.0
184603,2013,116372.0,848.0,72.0,0.9116,0.9609,0.9714,0.9982,1.1992,o,651.0,380.0,45173.0,1407.0
184603,2014,110042.0,848.0,63.0,0.9591,0.9431,0.9398,0.9317,0.9437,o,650.0,354.0,45925.0,1442.0
184603,2015,108009.0,861.0,45.0,0.9816,0.943,0.9352,0.916,0.8708,o,573.0,354.0,46840.0,1482.0
184603,2016,102731.0,940.0,62.0,1.1342,1.0755,1.0638,1.0349,0.8325,o,545.0,364.0,47851.0,
184603,2017,96055.0,918.0,76.0,1.1943,1.1173,1.102,1.0646,0.7946,o,709.0,277.0,48427.0,
184603,2018,95631.0,842.0,55.0,1.0911,1.0795,1.0771,1.0712,0.9639,o,605.0,304.0,49160.0,
184603,2019,96217.0,732.0,72.0,0.9578,0.978,0.9822,0.9928,1.0744,o,555.0,264.0,49701.0,
184603,2020,93931.0,685.0,53.0,0.909,0.9187,0.9208,0.9259,1.0376,o,551.0,150.0,50746.0,
184603,2021,92904.0,734.0,63.0,0.9888,0.9534,0.9462,0.9286,0.882,o,463.0,142.0,49304.0,1348.0
184603,2022,83291.0,632.0,53.0,0.9487,0.88,0.8665,0.8334,0.7717,o,531.0,201.0,36327.0,1150.0
184603,2023,79354.0,547.0,64.0,0.8756,0.8372,0.8295,0.8105,0.8569,o,606.0,229.0,35613.0,1285.0
184603,2024,84145.0,544.0,51.0,0.8122,0.8187,0.8201,0.8235,1.028,o,623.0,156.0,35822.0,1255.0
184612,1998,27180.0,101.0,50.0,0.5563,0.5926,0.6004,0.6203,1.2434,o,,,,
184612,1999,28500.0,92.0,53.0,0.4989,0.5714,0.5877,0.6304,1.5962,o,,,,
184612,2001,36392.0,128.0,34.0,0.4781,0.5406,0.5545,0.5909,1.5271,o,,,,
184612,2003,36022.0,171.0,42.0,0.6396,0.714,0.7305,0.7732,1.4615,o,240.0,,21157.0,442.0
184612,2004,32037.0,188.0,43.0,0.7847,0.7975,0.8001,0.8068,1.0572,o,245.0,,24046.0,744.0
184612,2006,36173.0,289.0,23.0,0.9969,0.9368,0.9248,0.8955,0.807,o,269.0,168.0,26955.0,851.0
184612,2007,40904.0,134.0,19.0,0.421,0.4196,0.4193,0.4186,0.9888,o,322.0,193.0,30171.0,918.0
184612,2008,46916.0,293.0,17.0,0.7712,0.8167,0.8264,0.8513,1.2186,o,252.0,141.0,31754.0,880.0
184612,2009,48160.0,317.0,19.0,0.8135,0.8438,0.8502,0.8665,1.1344,o,254.0,126.0,33812.0,953.0
184612,2010,47001.0,390.0,13.0,1.0123,0.9988,0.996,0.9891,0.9547,o,326.0,168.0,35809.0,1000.0
184612,2011,47875.0,351.0,15.0,0.8986,0.8937,0.8927,0.8902,0.9814,o,344.0,118.0,36888.0,945.0
184612,2012,50404.0,353.0,27.0,0.8725,0.9126,0.9211,0.9427,1.1672,o,229.0,83.0,38206.0,921.0
184612,2013,47053.0,357.0,11.0,0.9245,0.9584,0.9656,0.9838,1.1324,o,153.0,227.0,39302.0,921.0
184612,2014,45982.0,441.0,4.0,1.1561,1.0242,0.9989,0.9382,0.6586,o,270.0,222.0,39484.0,831.0
184612,2015,48172.0,438.0,7.0,1.0998,0.9625,0.9363,0.8739,0.6313,o,298.0,185.0,39954.0,795.0
184612,2016,47585.0,414.0,1.0,1.0453,1.0426,1.0421,1.0407,0.9913,o,316.0,196.0,40494.0,803.0
184612,2017,48351.0,355.0,3.0,0.8848,1.0153,1.0447,1.1217,1.6073,o,308.0,164.0,42055.0,783.0
184612,2018,47986.0,370.0,1.0,0.9265,1.0371,1.0616,1.1253,1.4752,o,288.0,160.0,41937.0,753.0
184612,2019,48130.0,314.0,4.0,0.7879,0.7989,0.8012,0.8071,1.0493,o,382.0,213.0,41877.0,764.0
184612,2020,57416.0,364.0,1.0,0.7618,0.7813,0.7854,0.7958,1.0912,o,419.0,176.0,42068.0,708.0
184612,2021,62471.0,411.0,1.0,0.7904,0.8498,0.8626,0.8956,1.2837,o,306.0,171.0,40853.0,602.0
184612,2022,60090.0,464.0,3.0,0.9296,0.984,0.9956,1.0253,1.2164,o,265.0,168.0,39164.0,560.0
184612,2023,51771.0,420.0,16.0,0.9921,0.9471,0.9381,0.9158,0.8522,o,350.0,233.0,37690.0,548.0
184612,2024,56999.0,415.0,2.0,0.8758,0.8112,0.7984,0.7674,0.7678,o,335.0,285.0,37830.0,526.0
184694,2003,68878.0,402.0,1.0,0.7012,0.7012,0.7012,0.7012,,n,617.0,,,
184694,2004,70917.0,479.0,0.0,0.8105,0.8105,0.8105,0.8105,,n,614.0,,35489.0,
184694,2005,71651.0,461.0,1.0,0.7729,0.7729,0.7729,0.7729,,n,613.0,,37642.0,
184694,2006,73570.0,460.0,0.0,0.7503,0.7503,0.7503,0.7503,,n,663.0,,37961.0,
184694,2007,75356.0,507.0,0.0,0.8074,0.8074,0.8074,0.8074,,n,488.0,137.0,39239.0,
184694,2008,72778.0,494.0,1.0,0.8154,0.7996,0.7964,0.7884,0.935,o,604.0,137.0,42111.0,
184694,2009,70988.0,522.0,0.0,0.8824,0.8531,0.8471,0.8324,0.89,o,646.0,131.0,44075.0,
184694,2010,70892.0,531.0,0.0,0.8988,0.8935,0.8924,0.8896,0.9796,o,650.0,153.0,44563.0,
184694,2011,71148.0,458.0,0.0,0.7725,0.7995,0.8052,0.8197,1.126,o,586.0,113.0,46638.0,
184694,2012,69761.0,437.0,0.0,0.7517,0.7792,0.785,0.7997,1.1319,o,585.0,129.0,47624.0,
184694,2013,69348.0,455.0,0.0,0.7873,0.7726,0.7695,0.762,0.9368,o,512.0,121.0,48595.0,
184694,2014,66065.0,469.0,0.0,0.8519,0.8117,0.8036,0.7838,0.8465,o,702.0,91.0,49172.0,
184694,2015,69334.0,448.0,0.0,0.7754,0.7713,0.7705,0.7684,0.9822,o,696.0,118.0,49916.0,
184694,2016,73730.0,463.0,0.0,0.7536,0.7933,0.8018,0.8234,1.1939,o,588.0,123.0,50680.0,
184694,2017,73951.0,465.0,0.0,0.7546,0.7898,0.7973,0.8163,1.1705,o,802.0,121.0,51290.0,
184694,2018,81621.0,593.0,0.0,0.8718,0.9067,0.9141,0.9329,1.145,o,673.0,122.0,52069.0,
184694,2019,81220.0,573.0,0.0,0.8466,0.8599,0.8626,0.8696,1.0551,o,579.0,118.0,52642.0,
184694,2020,78847.0,506.0,2.0,0.7716,0.766,0.7648,0.7619,0.9751,o,561.0,100.0,53751.0,
184694,2021,80766.0,704.0,0.0,1.046,0.9875,0.9759,0.9473,0.8201,o,488.0,86.0,52222.0,
184694,2022,69456.0,583.0,1.0,1.0081,0.9132,0.8948,0.8502,0.7112,o,467.0,95.0,36327.0,
184694,2023,60124.0,503.0,2.0,1.0059,0.9299,0.915,0.8785,0.7628,o,512.0,96.0,35613.0,
184694,2024,59642.0,431.0,2.0,0.8692,0.8316,0.8241,0.8055,0.8588,o,565.0,82.0,35822.0,
184773,1998,37018.0,356.0,0.0,1.154,1.1247,1.1188,1.104,0.9151,o,,,,
184773,1999,38008.0,344.0,0.0,1.0861,1.0076,0.9921,0.9543,0.772,o,,,,
184773,2000,31435.0,340.0,0.0,1.2979,1.3047,1.3061,1.3097,1.0182,o,,,,
184773,2001,39381.0,317.0,0.0,0.9659,1.0315,1.0456,1.0817,1.254,o,,,,
184773,2002,43541.0,323.0,0.0,0.8902,0.9912,1.0135,1.0715,1.4488,o,182.0,,23627.0,
184773,2003,46250.0,335.0,0.0,0.8692,0.9504,0.9681,1.0139,1.3607,o,138.0,,24564.0,639.0
184773,2004,46250.0,372.0,0.0,0.9652,0.9732,0.9749,0.9791,1.0289,o,187.0,,26985.0,689.0
184773,2005,50141.0,382.0,0.0,0.9142,0.8819,0.8753,0.8592,0.8832,o,188.0,,28850.0,746.0
184773,2006,48748.0,406.0,0.0,0.9994,0.9948,0.9939,0.9915,0.9843,o,209.0,,29759.0,775.0
184773,2007,48693.0,378.0,0.0,0.9316,0.9917,1.0046,1.0376,1.2406,o,226.0,217.0,30749.0,775.0
184773,2008,48559.0,408.0,0.0,1.0083,1.0972,1.1166,1.1665,1.3385,o,251.0,277.0,32307.0,767.0
184773,2009,50163.0,438.0,0.0,1.0478,1.1235,1.1398,1.1817,1.272,o,253.0,237.0,33611.0,787.0
184773,2010,49938.0,381.0,0.0,0.9155,0.9811,0.9953,1.0316,1.2695,o,224.0,225.0,35008.0,789.0
184773,2011,47923.0,391.0,0.0,0.9791,1.0056,1.0112,1.0252,1.0966,o,244.0,226.0,36540.0,795.0
184773,2012,45061.0,380.0,0.0,1.012,1.0064,1.0052,1.0024,0.9811,o,161.0,213.0,38075.0,811.0
184773,2013,40563.0,391.0,0.0,1.1567,1.0856,1.0715,1.0369,0.8036,o,275.0,218.0,37484.0,810.0
184773,2014,40422.0,310.0,0.0,0.9203,0.8966,0.8918,0.8799,0.914,o,230.0,222.0,38979.0,796.0
184773,2015,41449.0,348.0,0.0,1.0075,1.03,1.0347,1.0466,1.0791,o,151.0,205.0,40467.0,801.0
184773,2016,40292.0,292.0,0.0,0.8697,0.8544,0.8513,0.8435,0.9407,o,221.0,209.0,40991.0,811.0
184773,2017,42371.0,401.0,0.0,1.1357,1.0846,1.0743,1.049,0.8532,o,216.0,314.0,40306.0,747.0
184773,2018,42499.0,390.0,0.0,1.1012,1.056,1.0468,1.0244,0.8653,o,283.0,296.0,40205.0,725.0
184773,2019,45437.0,337.0,0.0,0.89,0.9625,0.9782,1.0186,1.3097,o,197.0,221.0,40237.0,708.0
184773,2020,45702.0,410.0,0.0,1.0765,1.1591,1.177,1.2229,1.2903,o,201.0,164.0,40397.0,721.0
184773,2021,41718.0,393.0,0.0,1.1304,1.1002,1.0941,1.0788,0.9108,o,208.0,152.0,39266.0,707.0
184773,2022,38318.0,441.0,0.0,1.3811,1.3037,1.2882,1.2503,0.8196,o,204.0,157.0,37827.0,687.0
184773,2023,36001.0,357.0,0.0,1.19,1.1384,1.128,1.1025,0.8583,o,232.0,185.0,36764.0,654.0
184773,2024,36852.0,298.0,0.0,0.9704,0.9964,1.0018,1.0156,1.0955,o,223.0,159.0,37110.0,648.0
184782,1998,247710.0,1324.0,0.0,0.6414,0.7074,0.7398,0.7865,1.5038,o,,,,
184782,1999,256290.0,1441.0,0.0,0.6747,0.7197,0.7414,0.7719,1.309,o,,,,
184782,2000,220256.0,1639.0,0.0,0.893,0.9109,0.9192,0.9307,1.0862,o,,,,
184782,2001,207580.0,1658.0,0.0,0.9585,0.9584,0.9583,0.9583,0.9995,o,,,,
184782,2002,210127.0,1665.0,0.0,0.9509,0.968,0.976,0.987,1.0775,o,1259.0,,10010.0,
184782,2003,214161.0,1743.0,0.0,0.9766,1.0051,1.0185,1.0369,1.1273,o,1246.0,,11314.0,296.0
184782,2004,214161.0,1633.0,0.0,0.915,0.9459,0.9605,0.9806,1.1486,o,1256.0,,12036.0,335.0
184782,2005,220106.0,1679.0,0.0,0.9154,0.9305,0.9375,0.9471,1.0706,o,1238.0,,12836.0,367.0
184782,2006,233086.0,1902.0,0.0,0.9792,0.9747,0.9727,0.9699,0.9811,o,1226.0,,13410.0,372.0
184782,2007,236142.0,1822.0,0.0,0.9259,0.9222,0.9206,0.9183,0.9836,o,1246.0,897.0,14110.0,379.0
184782,2008,241000.0,2034.0,0.0,1.0128,1.0099,1.0085,1.0067,0.988,o,1351.0,948.0,14733.0,404.0
184782,2009,246053.0,2075.0,0.0,1.012,1.0219,1.0264,1.0327,1.0413,o,1438.0,1032.0,15695.0,400.0
184782,2010,264237.0,2190.0,0.0,0.9946,1.0246,1.0386,1.0581,1.1319,o,1474.0,1141.0,16059.0,409.0
184782,2011,267711.0,2051.0,0.0,0.9193,0.9562,0.9736,0.9978,1.178,o,1573.0,1237.0,16299.0,428.0
184782,2012,280268.0,2173.0,0.0,0.9304,0.9668,0.9839,1.0078,1.1733,o,1507.0,1265.0,16353.0,430.0
184782,2013,289160.0,2552.0,0.0,1.0591,1.0846,1.0965,1.1129,1.1043,o,1520.0,1364.0,16549.0,428.0
184782,2014,302844.0,2650.0,0.0,1.05,1.0599,1.0644,1.0706,1.0395,o,2287.0,1473.0,16299.0,480.0
184782,2015,336478.0,2764.0,0.0,0.9857,1.0399,1.0656,1.1018,1.2494,o,2237.0,1666.0,16470.0,491.0
184782,2016,369584.0,2671.0,0.0,0.8672,0.9511,0.9922,1.0511,1.4688,o,2408.0,1821.0,16677.0,495.0
184782,2017,405449.0,2973.0,0.0,0.8799,0.9752,1.0222,1.09,1.5345,o,2466.0,2050.0,16710.0,493.0
184782,2018,437735.0,3597.0,0.0,0.9861,1.0463,1.0751,1.1157,1.2803,o,2688.0,2025.0,16727.0,505.0
184782,2019,450250.0,3684.0,0.0,0.9819,1.0131,1.0277,1.048,1.1393,o,2695.0,1775.0,16713.0,498.0
184782,2020,453226.0,4091.0,0.0,1.0832,1.1222,1.1405,1.166,1.1589,o,2238.0,1719.0,16827.0,524.0
184782,2021,445612.0,4303.0,0.0,1.1588,1.1621,1.1637,1.1658,1.0121,o,2191.0,1614.0,15103.0,501.0
184782,2022,423616.0,4242.0,0.0,1.2017,1.1587,1.1396,1.1139,0.8593,o,2585.0,1915.0,15771.0,489.0
184782,2023,424680.0,4283.0,0.0,1.2102,1.176,1.1606,1.14,0.8872,o,2555.0,1803.0,15478.0,444.0
184782,2024,422155.0,4131.0,0.0,1.1743,1.1859,1.1913,1.1986,1.042,o,3506.0,1881.0,15700.0,465.0
184791,1998,89600.0,0.0,560.0,0.375,0.377,0.3821,0.3843,1.0774,o,,,,
184791,1999,90732.0,0.0,497.0,0.3287,0.3347,0.3507,0.358,1.2961,o,,,,
184791,2000,92558.0,0.0,497.0,0.3222,0.3261,0.3364,0.3411,1.189,o,,,,
184791,2001,100673.0,0.0,450.0,0.2682,0.2688,0.2704,0.2711,1.0329,o,,,,
184791,2002,97175.0,0.0,439.0,0.2711,0.2715,0.2727,0.2732,1.024,o,1709.0,,4379.0,
184791,2003,108250.0,0.0,447.0,0.2478,0.2503,0.257,0.26,1.1575,o,1702.0,,4514.0,126.0
184791,2004,112126.0,0.0,532.0,0.2847,0.2859,0.2891,0.2905,1.0638,o,1731.0,,4537.0,132.0
184791,2005,115273.0,0.0,482.0,0.2509,0.2511,0.2518,0.2521,1.015,o,1828.0,,4404.0,135.0
184791,2006,120191.0,0.0,574.0,0.2865,0.2878,0.2911,0.2926,1.065,o,1696.0,,4587.0,150.0
184791,2007,127112.0,0.0,598.0,0.2823,0.2813,0.2789,0.2778,0.9531,o,2073.0,6.0,4646.0,150.0
184791,2008,134215.0,0.0,668.0,0.2986,0.302,0.311,0.3151,1.1765,o,1991.0,32.0,4495.0,154.0
184791,2009,136313.0,0.0,715.0,0.3147,0.3159,0.3191,0.3205,1.0565,o,2074.0,526.0,4512.0,152.0
184791,2010,152617.0,0.0,819.0,0.322,0.3224,0.3236,0.3242,1.0207,o,1892.0,689.0,4757.0,135.0
184791,2011,157093.0,0.0,862.0,0.3292,0.3276,0.3234,0.3215,0.9309,o,2104.0,580.0,4824.0,143.0
184791,2012,160451.0,0.0,863.0,0.3227,0.3241,0.3275,0.3291,1.061,o,2101.0,522.0,4885.0,152.0
184791,2013,164699.0,0.0,843.0,0.3071,0.3082,0.311,0.3122,1.0516,o,1918.0,299.0,5040.0,148.0
184791,2014,159246.0,0.0,942.0,0.3549,0.3526,0.3469,0.3443,0.9122,o,2238.0,305.0,5260.0,148.0
184791,2015,159582.0,0.0,870.0,0.3271,0.3296,0.336,0.3389,1.1137,o,2326.0,42.0,5411.0,155.0
184791,2016,156876.0,0.0,1087.0,0.4157,0.419,0.4276,0.4315,1.1193,o,2442.0,124.0,5607.0,165.0
184791,2017,164681.0,0.0,963.0,0.3509,0.3525,0.3569,0.3588,1.0701,o,2199.0,124.0,5666.0,163.0
184791,2018,165397.0,0.0,1066.0,0.3867,0.3845,0.379,0.3765,0.9224,o,2065.0,217.0,5708.0,163.0
184791,2019,164152.0,0.0,1178.0,0.4306,0.4271,0.4182,0.4143,0.8899,o,1866.0,362.0,5454.0,165.0
184791,2020,157433.0,0.0,1086.0,0.4139,0.41,0.4003,0.3961,0.8752,o,1482.0,455.0,5481.0,152.0
184791,2021,143071.0,0.0,1105.0,0.4634,0.4543,0.4318,0.4222,0.754,o,1211.0,388.0,5323.0,156.0
184791,2022,123955.0,0.0,1016.0,0.4918,0.4808,0.4536,0.442,0.7234,o,1276.0,454.0,5167.0,131.0
184791,2023,120743.0,0.0,919.0,0.4567,0.455,0.4506,0.4486,0.9476,o,1217.0,496.0,4969.0,147.0
184791,2024,124008.0,0.0,970.0,0.4693,0.4686,0.4668,0.466,0.9787,o,1174.0,424.0,4980.0,151.0
184904,1998,224.0,0.0,0.0,0.0,0.0,0.0,0.0,,-,,,,
184922,1998,3192.0,0.0,0.0,0.0,0.0,0.0,0.0,,-,,,,
184959,2000,8587.0,0.0,0.0,0.0,0.0,0.0,0.0,,-,,,,
184959,2001,10400.0,0.0,0.0,0.0,0.0,0.0,0.0,,-,,,,
184959,2002,8523.0,0.0,0.0,0.0,0.0,0.0,0.0,,-,381.0,,11779.0,
184959,2003,10567.0,0.0,0.0,0.0,0.0,0.0,0.0,,-,221.0,,11896.0,550.0
184959,2004,16667.0,0.0,0.0,0.0,0.0,0.0,0.0,,-,398.0,,12023.0,437.0
184959,2005,14783.0,0.0,0.0,0.0,0.0,0.0,0.0,,-,449.0,,12072.0,567.0
184959,2006,15960.0,0.0,0.0,0.0,0.0,0.0,0.0,,-,263.0,,12153.0,521.0
184959,2007,18000.0,0.0,0.0,0.0,0.0,0.0,0.0,,-,184.0,,11796.0,584.0
184959,2008,24000.0,0.0,0.0,0.0,0.0,0.0,0.0,,-,170.0,,13697.0,433.0
184959,2009,25167.0,0.0,0.0,0.0,0.0,0.0,0.0,,-,273.0,,16942.0,500.0
184959,2010,31209.0,0.0,48.0,0.0923,0.0923,0.0923,0.0923,,-,453.0,,18083.0,484.0
184959,2011,32841.0,0.0,403.0,0.7363,0.7363,0.7363,0.7363,,-,89.0,147.0,20241.0,626.0
184959,2012,31544.0,0.0,355.0,0.6752,0.6752,0.6752,0.6752,,-,189.0,252.0,23979.0,649.0
184959,2013,31386.0,0.0,355.0,0.6786,0.6786,0.6786,0.6786,,-,86.0,121.0,24566.0,682.0
184959,2014,30093.0,0.0,392.0,0.7816,0.7816,0.7816,0.7816,,-,36.0,144.0,22620.0,707.0
184959,2015,28509.0,0.0,346.0,0.7282,0.7282,0.7282,0.7282,,-,73.0,80.0,22244.0,692.0
184959,2016,24896.0,0.0,359.0,0.8652,0.8652,0.8652,0.8652,,-,47.0,85.0,21771.0,687.0
184959,2017,22163.0,10.0,318.0,0.915,0.915,0.915,0.915,,-,31.0,193.0,22018.0,667.0
184959,2018,19393.0,15.0,244.0,0.8477,0.8477,0.8477,0.8477,,-,79.0,164.0,20254.0,630.0
184959,2019,21331.0,17.0,264.0,0.8382,0.8382,0.8382,0.8382,,-,95.0,192.0,19378.0,575.0
184959,2020,23044.0,15.0,270.0,0.7811,0.7811,0.7811,0.7811,,-,101.0,149.0,19219.0,553.0
184959,2021,23347.0,13.0,240.0,0.6836,0.6836,0.6836,0.6836,,-,85.0,170.0,19705.0,533.0
184959,2022,20245.0,17.0,291.0,0.9632,0.9632,0.9632,0.9632,,-,96.0,176.0,18832.0,569.0
184959,2023,21446.0,10.0,211.0,0.6463,0.6463,0.6463,0.6463,,-,123.0,252.0,17769.0,512.0
184959,2024,23117.0,7.0,227.0,0.6255,0.6255,0.6255,0.6255,,-,206.0,317.0,17028.0,503.0
184968,1998,3960.0,0.0,0.0,0.0,0.0,0.0,0.0,,-,,,,
184968,1999,2940.0,0.0,0.0,0.0,0.0,0.0,0.0,,-,,,,
184968,2001,3445.0,0.0,0.0,0.0,0.0,0.0,0.0,,-,,,,
184968,2002,3848.0,0.0,0.0,0.0,0.0,0.0,0.0,,-,6.0,,16491.0,
184968,2003,4682.0,0.0,0.0,0.0,0.0,0.0,0.0,,-,13.0,,16345.0,419.0
184968,2007,4877.0,0.0,0.0,0.0,0.0,0.0,0.0,,-,15.0,,19391.0,480.0
184968,2008,4877.0,0.0,0.0,0.0,0.0,0.0,0.0,,-,19.0,,19869.0,534.0
184968,2009,4877.0,0.0,0.0,0.0,0.0,0.0,0.0,,-,9.0,,20443.0,497.0
184968,2010,4428.0,0.0,0.0,0.0,0.0,0.0,0.0,,-,12.0,,21284.0,589.0
184968,2011,4398.0,0.0,0.0,0.0,0.0,0.0,0.0,,-,11.0,,23718.0,523.0
184968,2012,4728.0,0.0,0.0,0.0,0.0,0.0,0.0,,-,9.0,,23750.0,533.0
184968,2013,4863.0,0.0,0.0,0.0,0.0,0.0,0.0,,-,21.0,,24649.0,616.0
184968,2014,6146.0,0.0,0.0,0.0,0.0,0.0,0.0,,-,,,25929.0,475.0
184968,2015,5944.0,0.0,0.0,0.0,0.0,0.0,0.0,,-,,,27289.0,483.0
184968,2016,6542.0,0.0,0.0,0.0,0.0,0.0,0.0,,-,3.0,,28624.0,468.0
184968,2017,6854.0,0.0,0.0,0.0,0.0,0.0,0.0,,-,2.0,,28395.0,447.0
184968,2018,7881.0,0.0,0.0,0.0,0.0,0.0,0.0,,-,2.0,,27803.0,427.0
184968,2020,6096.0,0.0,0.0,0.0,0.0,0.0,0.0,,-,5.0,,29123.0,370.0
184968,2021,7434.0,0.0,0.0,0.0,0.0,0.0,0.0,,-,4.0,,28051.0,359.0
184968,2022,4250.0,0.0,0.0,0.0,0.0,0.0,0.0,,-,3.0,,23956.0,624.0
184968,2023,3974.0,0.0,0.0,0.0,0.0,0.0,0.0,,-,1.0,,23700.0,620.0
184995,1998,94549.0,0.0,237.0,0.1504,0.1503,0.1502,0.1501,0.9944,o,,,,
184995,1999,95083.0,0.0,211.0,0.1331,0.1323,0.1303,0.1294,0.9161,o,,,,
184995,2000,105495.0,0.0,225.0,0.128,0.1282,0.1287,0.1289,1.0227,o,,,,
184995,2001,113273.0,0.0,225.0,0.1192,0.121,0.1259,0.1282,1.247,o,,,,
184995,2002,122150.0,0.0,298.0,0.1464,0.1478,0.1514,0.1531,1.1453,o,1607.0,,4850.0,
184995,2003,96485.0,0.0,335.0,0.2083,0.2093,0.2118,0.213,1.0692,o,1705.0,,5001.0,73.0
184995,2004,175500.0,0.0,413.0,0.1412,0.142,0.1441,0.145,1.0846,o,2000.0,,5030.0,53.0
184995,2005,146735.0,0.0,443.0,0.1811,0.1836,0.1899,0.1928,1.2077,o,1921.0,,4882.0,68.0
184995,2006,141649.0,0.0,502.0,0.2126,0.2132,0.2146,0.2152,1.037,o,1800.0,,5006.0,71.0
184995,2007,152138.0,0.0,531.0,0.2094,0.2082,0.205,0.2036,0.9181,o,1734.0,308.0,5177.0,79.0
184995,2008,161511.0,0.0,534.0,0.1984,0.1974,0.1949,0.1938,0.932,o,1905.0,364.0,5009.0,79.0
184995,2009,172035.0,0.0,637.0,0.2222,0.2233,0.2264,0.2277,1.0781,o,2218.0,436.0,5400.0,76.0
184995,2010,208410.0,0.0,688.0,0.1981,0.2008,0.2081,0.2114,1.219,o,3298.0,961.0,5565.0,53.0
184995,2011,217951.0,0.0,739.0,0.2034,0.2102,0.2288,0.2376,1.5998,o,2517.0,210.0,5919.0,36.0
184995,2012,213352.0,0.0,852.0,0.2396,0.2381,0.2342,0.2325,0.9126,o,2581.0,381.0,5984.0,50.0
184995,2013,199783.0,0.0,841.0,0.2526,0.2505,0.2452,0.2428,0.8877,o,2582.0,450.0,6030.0,47.0
184995,2014,208460.0,0.0,875.0,0.2518,0.2521,0.2527,0.2529,1.0129,o,2419.0,412.0,6027.0,56.0
184995,2015,213589.0,0.0,952.0,0.2674,0.2662,0.2631,0.2618,0.9371,o,2283.0,393.0,6114.0,54.0
184995,2016,199449.0,0.0,1002.0,0.3014,0.2995,0.2947,0.2925,0.913,o,2001.0,379.0,6590.0,67.0
184995,2017,184836.0,0.0,1011.0,0.3282,0.3245,0.3152,0.3112,0.8511,o,2115.0,389.0,6824.0,47.0
184995,2018,187827.0,0.0,1151.0,0.3677,0.3674,0.3665,0.3661,0.9874,o,1956.0,382.0,6864.0,63.0
184995,2019,180964.0,0.0,864.0,0.2865,0.2854,0.2828,0.2817,0.9504,o,1955.0,358.0,6977.0,61.0
184995,2020,178465.0,0.0,1046.0,0.3517,0.3507,0.3481,0.347,0.9605,o,1418.0,268.0,5786.0,55.0
184995,2021,156076.0,0.0,1066.0,0.4098,0.4007,0.3782,0.3686,0.7251,o,1470.0,208.0,5619.0,57.0
184995,2022,150595.0,0.0,1186.0,0.4725,0.468,0.4566,0.4516,0.8716,o,1604.0,201.0,5281.0,35.0
184995,2023,152813.0,0.0,1082.0,0.4248,0.428,0.4361,0.4398,1.1108,o,1793.0,386.0,4983.0,47.0
184995,2024,160440.0,0.0,1135.0,0.4245,0.4291,0.4411,0.4466,1.1666,o,1801.0,301.0,5020.0,29.0
185129,1998,156703.0,916.0,0.0,0.7015,0.7031,0.7039,0.7049,1.0098,o,,,,
185129,2000,147235.0,901.0,0.0,0.7343,0.7644,0.7786,0.7983,1.1819,o,,,,
185129,2001,150962.0,869.0,0.0,0.6908,0.7408,0.765,0.7992,1.3384,o,,,,
185129,2002,174110.0,871.0,0.0,0.6003,0.6395,0.6583,0.6849,1.3017,o,662.0,,8770.0,
185129,2003,156059.0,868.0,0.0,0.6674,0.6563,0.6513,0.6445,0.9326,o,754.0,,9442.0,288.0
185129,2004,156438.0,837.0,0.0,0.642,0.5964,0.5765,0.5505,0.7352,o,635.0,,10033.0,314.0
185129,2005,145994.0,879.0,0.0,0.7225,0.6674,0.6436,0.6124,0.7186,o,692.0,,10543.0,282.0
185129,2006,146392.0,985.0,0.0,0.8074,0.7814,0.7698,0.7542,0.8725,o,818.0,,10969.0,321.0
185129,2007,136343.0,970.0,0.0,0.8537,0.867,0.8732,0.8816,1.0664,o,804.0,809.0,11439.0,366.0
185129,2008,137673.0,1023.0,0.0,0.8917,0.9255,0.9414,0.9636,1.1677,o,678.0,803.0,11933.0,378.0
185129,2009,155695.0,1002.0,0.0,0.7723,0.793,0.8027,0.8161,1.1168,o,764.0,909.0,12555.0,359.0
185129,2010,158206.0,1069.0,0.0,0.8108,0.8019,0.7979,0.7924,0.955,o,790.0,923.0,12848.0,339.0
185129,2011,176656.0,1137.0,0.0,0.7723,0.7645,0.7609,0.756,0.9581,o,772.0,999.0,12912.0,317.0
185129,2012,174136.0,1208.0,0.0,0.8325,0.843,0.8479,0.8546,1.054,o,798.0,994.0,13635.0,328.0
185129,2013,171058.0,1211.0,0.0,0.8495,0.8671,0.8752,0.8864,1.0888,o,650.0,971.0,13932.0,353.0
185129,2014,165829.0,1266.0,0.0,0.9161,0.9007,0.8937,0.8843,0.9318,o,691.0,911.0,14026.0,354.0
185129,2015,162108.0,1482.0,0.0,1.097,1.0576,1.04,1.0165,0.8585,o,819.0,960.0,14167.0,355.0
185129,2016,162516.0,1355.0,0.0,1.0005,0.9912,0.987,0.9812,0.9618,o,988.0,971.0,14494.0,360.0
185129,2017,170844.0,1331.0,0.0,0.9349,0.9859,1.0102,1.0444,1.2479,o,991.0,816.0,14571.0,342.0
185129,2018,169783.0,1392.0,0.0,0.9838,1.0802,1.1274,1.1952,1.4758,o,968.0,753.0,14657.0,314.0
185129,2019,164073.0,1295.0,0.0,0.9471,1.0082,1.0375,1.0788,1.2974,o,1008.0,692.0,14706.0,335.0
185129,2020,160898.0,1249.0,0.0,0.9315,0.9517,0.9611,0.9741,1.0935,o,1077.0,613.0,14921.0,347.0
185129,2021,156654.0,1274.0,0.0,0.9759,0.9882,0.9939,1.0017,1.0536,o,761.0,534.0,17203.0,331.0
185129,2022,139598.0,1215.0,0.0,1.0444,1.0286,1.0214,1.0117,0.9382,o,768.0,478.0,16535.0,316.0
185129,2023,127115.0,993.0,0.0,0.9374,0.8815,0.8569,0.8246,0.7738,o,576.0,358.0,14041.0,288.0
185129,2024,114072.0,1051.0,0.0,1.1056,0.995,0.9481,0.8877,0.6446,o,549.0,458.0,13971.0,309.0
185244,1998,25350.0,0.0,54.0,0.1278,0.1278,0.1278,0.1278,,-,,,,
185244,1999,17369.0,0.0,57.0,0.1969,0.1969,0.1969,0.1969,,-,,,,
185244,2000,53700.0,0.0,162.0,0.181,0.181,0.181,0.181,,-,,,,
185244,2001,58000.0,0.0,201.0,0.2079,0.2079,0.2079,0.2079,,-,,,,
185244,2007,35604.0,0.0,401.0,0.6758,0.6758,0.6758,0.6758,,-,399.0,116.0,30469.0,559.0
185244,2009,12901.0,0.0,283.0,1.3161,1.3161,1.3161,1.3161,,-,,,39815.0,1085.0
185262,1998,247395.0,1533.0,0.0,0.7436,0.727,0.7195,0.7094,0.9101,o,,,,
185262,1999,274170.0,1551.0,0.0,0.6788,0.6569,0.6471,0.634,0.8721,o,,,,
185262,2000,214948.0,1621.0,0.0,0.905,0.8808,0.87,0.8554,0.8935,o,,,,
185262,2001,217349.0,1633.0,0.0,0.9016,0.9305,0.944,0.9628,1.1404,o,,,,
185262,2002,240452.0,1625.0,0.0,0.811,0.8474,0.8646,0.8887,1.2009,o,1396.0,,8871.0,
185262,2003,261775.0,1721.0,0.0,0.7889,0.8267,0.8446,0.8697,1.2153,o,1376.0,,9926.0,282.0
185262,2004,267630.0,1688.0,0.0,0.7569,0.7937,0.8112,0.8356,1.219,o,1310.0,,11149.0,323.0
185262,2005,266831.0,1802.0,0.0,0.8104,0.8299,0.839,0.8515,1.104,o,1432.0,,11510.0,327.0
185262,2006,270618.0,1860.0,0.0,0.8248,0.8361,0.8413,0.8485,1.0583,o,1422.0,,11695.0,334.0
185262,2007,276002.0,1912.0,0.0,0.8313,0.8371,0.8398,0.8435,1.0296,o,1479.0,1278.0,12153.0,342.0
185262,2008,289978.0,1908.0,0.0,0.7896,0.8043,0.8111,0.8206,1.08,o,1469.0,1497.0,12446.0,363.0
185262,2009,304900.0,2082.0,0.0,0.8194,0.8338,0.8405,0.8496,1.0751,o,1548.0,1733.0,13205.0,367.0
185262,2010,324261.0,2374.0,0.0,0.8786,0.8903,0.8958,0.9033,1.0571,o,1765.0,1914.0,13503.0,355.0
185262,2011,349996.0,2519.0,0.0,0.8637,0.8916,0.9048,0.923,1.142,o,1837.0,1691.0,13701.0,342.0
185262,2012,353410.0,2569.0,0.0,0.8723,0.9153,0.9357,0.9642,1.2218,o,1410.0,1505.0,13878.0,368.0
185262,2013,332284.0,2704.0,0.0,0.9765,0.9939,1.0019,1.0131,1.0762,o,1525.0,1438.0,14171.0,365.0
185262,2014,313470.0,2582.0,0.0,0.9884,0.9601,0.9474,0.9303,0.8859,o,1502.0,1630.0,14374.0,374.0
185262,2015,313675.0,2712.0,0.0,1.0375,0.9951,0.9762,0.9511,0.8404,o,1518.0,1525.0,14679.0,380.0
185262,2016,313205.0,2549.0,0.0,0.9766,0.9598,0.9522,0.9419,0.9301,o,1526.0,1442.0,15014.0,391.0
185262,2017,312314.0,2624.0,0.0,1.0082,1.0171,1.0212,1.0268,1.0371,o,1784.0,1471.0,15132.0,399.0
185262,2018,315745.0,2578.0,0.0,0.9798,1.001,1.0109,1.0246,1.0935,o,1815.0,1460.0,15089.0,386.0
185262,2019,320839.0,2493.0,0.0,0.9324,0.9725,0.9915,1.0179,1.1917,o,1770.0,1525.0,15067.0,383.0
185262,2020,326815.0,2731.0,0.0,1.0028,1.0429,1.0619,1.0882,1.1777,o,1702.0,1384.0,15138.0,387.0
185262,2021,312946.0,2562.0,0.0,0.9824,0.9937,0.999,1.0062,1.0489,o,1502.0,1195.0,14526.0,391.0
185262,2022,283250.0,2434.0,0.0,1.0312,1.0028,0.9901,0.9729,0.8902,o,1968.0,1250.0,13817.0,333.0
185262,2023,290347.0,2313.0,0.0,0.956,0.9485,0.9451,0.9405,0.9679,o,1968.0,1291.0,13428.0,320.0
185262,2024,309684.0,2492.0,0.0,0.9656,0.9951,1.009,1.0281,1.1336,o,1975.0,1466.0,13426.0,278.0
185509,1998,144802.0,0.0,744.0,0.3083,0.3097,0.3135,0.3152,1.0696,o,,,,
185509,1999,140900.0,0.0,664.0,0.2828,0.285,0.2908,0.2934,1.1184,o,,,,
185509,2000,140496.0,0.0,623.0,0.2661,0.2876,0.3514,0.3841,3.0419,o,,,,
185509,2001,140982.0,0.0,638.0,0.2715,0.2634,0.2435,0.2352,0.647,o,,,,
185509,2002,148126.0,0.0,680.0,0.2754,0.2646,0.2387,0.2281,0.5644,o,1874.0,,3253.0,
185509,2003,149001.0,0.0,679.0,0.2734,0.2746,0.2777,0.2791,1.0642,o,2020.0,,3273.0,182.0
185509,2004,146917.0,0.0,662.0,0.2704,0.2727,0.2787,0.2815,1.1301,o,1889.0,,3303.0,189.0
185509,2005,173329.0,0.0,773.0,0.2676,0.267,0.2656,0.2649,0.9702,o,2049.0,,3399.0,156.0
185509,2006,173878.0,0.0,794.0,0.274,0.2749,0.2772,0.2783,1.0483,o,2066.0,,3403.0,149.0
185509,2007,176306.0,0.0,745.0,0.2535,0.2544,0.2566,0.2576,1.0493,o,1993.0,238.0,3557.0,148.0
185509,2008,180267.0,0.0,806.0,0.2683,0.2677,0.2661,0.2655,0.9687,o,2106.0,296.0,3582.0,155.0
185509,2009,186718.0,0.0,852.0,0.2738,0.2745,0.2763,0.2771,1.0377,o,2282.0,315.0,3868.0,160.0
185509,2010,192614.0,0.0,863.0,0.2688,0.2709,0.2761,0.2785,1.1134,o,2189.0,323.0,4083.0,165.0
185509,2011,216238.0,0.0,963.0,0.2672,0.2672,0.2671,0.267,0.9977,o,2174.0,309.0,4255.0,132.0
185509,2012,204793.0,0.0,943.0,0.2763,0.2757,0.2744,0.2737,0.9725,o,2003.0,324.0,4343.0,128.0
185509,2013,171839.0,0.0,947.0,0.3307,0.3287,0.3237,0.3215,0.9182,o,2151.0,271.0,4427.0,154.0
185509,2014,146129.0,0.0,786.0,0.3227,0.3234,0.3251,0.3259,1.0299,o,1802.0,249.0,4487.0,182.0
185509,2015,145589.0,0.0,861.0,0.3548,0.3513,0.3425,0.3386,0.8676,o,1748.0,252.0,4606.0,176.0
185509,2016,143997.0,0.0,935.0,0.3896,0.3863,0.3778,0.3741,0.8844,o,1750.0,,4729.0,185.0
185509,2017,151932.0,0.0,942.0,0.372,0.3716,0.3707,0.3703,0.9859,o,1611.0,136.0,4803.0,176.0
185509,2018,145612.0,0.0,923.0,0.3803,0.3781,0.3726,0.3701,0.9211,o,1629.0,192.0,4860.0,207.0
185509,2019,145056.0,0.0,881.0,0.3644,0.3636,0.3616,0.3607,0.9694,o,1490.0,296.0,5132.0,229.0
185509,2020,136766.0,0.0,808.0,0.3545,0.3524,0.3471,0.3448,0.9198,o,1199.0,102.0,5612.0,242.0
185509,2021,119331.0,0.0,784.0,0.3942,0.387,0.3691,0.3614,0.7688,o,1392.0,89.0,5344.0,197.0
185509,2022,113849.0,0.0,827.0,0.4358,0.4369,0.4396,0.4409,1.0353,o,1254.0,162.0,5187.0,216.0
185509,2023,113102.0,0.0,713.0,0.3782,0.3774,0.3752,0.3742,0.968,o,1176.0,353.0,5025.0,246.0
185509,2024,121310.0,0.0,794.0,0.3927,0.3895,0.3813,0.3777,0.8889,o,1403.0,267.0,5082.0,223.0
185527,1998,7620.0,0.0,0.0,0.0,0.0,0.0,0.0,,-,,,,
185536,1998,207396.0,0.0,807.0,0.2335,0.233,0.2318,0.2313,0.972,o,,,,
185536,1999,212627.0,0.0,775.0,0.2187,0.2192,0.2206,0.2213,1.0361,o,,,,
185536,2000,218620.0,0.0,719.0,0.1973,0.197,0.1961,0.1957,0.9753,o,,,,
185536,2001,216501.0,0.0,762.0,0.2112,0.2094,0.205,0.2031,0.8883,o,,,,
185536,2002,233575.0,0.0,765.0,0.1965,0.1984,0.2034,0.2057,1.1486,o,2518.0,,3534.0,
185536,2003,211389.0,0.0,798.0,0.2265,0.2296,0.2378,0.2415,1.2141,o,1988.0,,3467.0,207.0
185536,2004,254919.0,0.0,880.0,0.2071,0.2045,0.1977,0.1948,0.8308,o,2100.0,,4167.0,183.0
185536,2005,267058.0,0.0,1012.0,0.2274,0.2262,0.2234,0.2222,0.9321,o,2123.0,,4309.0,183.0
185536,2006,263946.0,0.0,984.0,0.2237,0.2243,0.2258,0.2265,1.0386,o,2202.0,,4352.0,187.0
185536,2007,267898.0,0.0,1033.0,0.2314,0.232,0.2338,0.2346,1.0429,o,2492.0,349.0,4247.0,191.0
185536,2008,280114.0,0.0,1083.0,0.232,0.2343,0.2403,0.2431,1.1524,o,2660.0,328.0,4516.0,194.0
185536,2009,277117.0,0.0,1103.0,0.2388,0.2409,0.2464,0.2489,1.1334,o,2817.0,438.0,4765.0,210.0
185536,2010,302546.0,0.0,1394.0,0.2765,0.2782,0.2827,0.2847,1.0936,o,2601.0,400.0,5032.0,220.0
185536,2011,296398.0,0.0,1479.0,0.2994,0.2983,0.2956,0.2943,0.9498,o,2564.0,465.0,5023.0,213.0
185536,2012,291157.0,0.0,1467.0,0.3023,0.3011,0.2982,0.2969,0.9465,o,2665.0,463.0,4826.0,213.0
185536,2013,295469.0,0.0,1369.0,0.278,0.2786,0.2802,0.2809,1.0319,o,2573.0,388.0,4540.0,214.0
185536,2014,285631.0,0.0,1474.0,0.3096,0.3093,0.3084,0.308,0.9841,o,2468.0,389.0,4411.0,213.0
185536,2015,272252.0,0.0,1558.0,0.3434,0.3419,0.3383,0.3367,0.9423,o,2491.0,366.0,4405.0,213.0
185536,2016,264479.0,0.0,1552.0,0.3521,0.3518,0.3511,0.3507,0.9883,o,2531.0,363.0,4372.0,213.0
185536,2017,257086.0,0.0,1511.0,0.3526,0.3532,0.3545,0.355,1.0208,o,2740.0,335.0,4360.0,214.0
185536,2018,254493.0,0.0,1518.0,0.3579,0.3601,0.3658,0.3683,1.0912,o,2571.0,343.0,4322.0,135.0
185536,2019,245394.0,0.0,1437.0,0.3514,0.3507,0.3492,0.3485,0.9755,o,2684.0,339.0,4290.0,131.0
185536,2020,245596.0,0.0,1586.0,0.3875,0.3878,0.3885,0.3888,1.0107,o,2156.0,278.0,4284.0,126.0
185536,2021,226714.0,0.0,1826.0,0.4833,0.4766,0.4599,0.4527,0.8206,o,2277.0,250.0,4328.0,105.0
185536,2022,205242.0,0.0,1616.0,0.4724,0.4704,0.4653,0.463,0.9409,o,2499.0,269.0,4384.0,107.0
185536,2023,214822.0,0.0,1483.0,0.4142,0.4177,0.4268,0.4309,1.1275,o,2621.0,304.0,4435.0,108.0
185536,2024,233403.0,0.0,1437.0,0.3694,0.3718,0.3781,0.3809,1.0976,o,2569.0,311.0,4524.0,100.0
185572,1998,113105.0,747.0,1.0,0.7931,0.865,0.8807,0.9211,1.349,o,,,,
185572,1999,114462.0,757.0,4.0,0.7957,0.8154,0.8196,0.83,1.088,o,,,,
185572,2000,114055.0,791.0,2.0,0.8333,0.8484,0.8516,0.8596,1.064,o,,,,
185572,2001,119765.0,819.0,2.0,0.8216,0.8588,0.8667,0.8867,1.1648,o,,,,
185572,2002,120621.0,782.0,2.0,0.779,0.8152,0.8229,0.8424,1.1696,o,950.0,,29576.0,
185572,2003,126118.0,920.0,1.0,0.8758,0.8991,0.904,0.9164,1.0948,o,906.0,,29453.0,724.0
185572,2004,129581.0,876.0,5.0,0.8135,0.8114,0.811,0.8098,0.9909,o,951.0,,31124.0,750.0
185572,2005,132447.0,904.0,6.0,0.8218,0.8134,0.8116,0.8073,0.9652,o,944.0,,31715.0,767.0
185572,2006,136131.0,917.0,11.0,0.8132,0.8206,0.8221,0.8259,1.0316,o,960.0,375.0,32193.0,763.0
185572,2007,139344.0,962.0,7.0,0.8315,0.8376,0.8389,0.8422,1.0259,o,946.0,356.0,33072.0,785.0
185572,2008,142196.0,960.0,10.0,0.8144,0.8205,0.8218,0.825,1.0264,o,961.0,320.0,33706.0,792.0
185572,2009,141769.0,1061.0,4.0,0.8998,0.9014,0.9018,0.9026,1.0063,o,998.0,296.0,34672.0,800.0
185572,2010,142429.0,1069.0,8.0,0.904,0.9115,0.9131,0.917,1.0289,o,966.0,328.0,35757.0,815.0
185572,2011,140924.0,986.0,2.0,0.8405,0.8478,0.8493,0.8531,1.0304,o,944.0,350.0,36791.0,819.0
185572,2012,142970.0,1063.0,3.0,0.8935,0.8939,0.894,0.8942,1.0016,o,1006.0,323.0,38097.0,855.0
185572,2013,144607.0,1118.0,7.0,0.9307,0.9294,0.9292,0.9285,0.9954,o,906.0,324.0,39716.0,897.0
185572,2014,140460.0,1147.0,5.0,0.9821,0.9744,0.9729,0.969,0.9735,o,1056.0,287.0,40838.0,903.0
185572,2015,141640.0,1107.0,1.0,0.9383,0.9456,0.9472,0.951,1.0272,o,1128.0,262.0,42180.0,927.0
185572,2016,143026.0,1095.0,1.0,0.9191,0.9498,0.9563,0.9727,1.12,o,1089.0,265.0,43727.0,964.0
185572,2017,144579.0,1051.0,0.0,0.8723,0.9106,0.9187,0.9393,1.1595,o,1083.0,275.0,45082.0,974.0
185572,2018,144947.0,1138.0,1.0,0.9426,0.9708,0.9767,0.9917,1.107,o,1050.0,242.0,45778.0,956.0
185572,2019,145241.0,1106.0,1.0,0.9142,0.908,0.9067,0.9035,0.9766,o,994.0,227.0,46536.0,946.0
185572,2020,143777.0,1073.0,0.0,0.8956,0.8747,0.8704,0.8599,0.922,o,921.0,205.0,47587.0,921.0
185572,2021,128742.0,1150.0,0.0,1.0719,1.0335,1.0257,1.0065,0.8817,o,954.0,203.0,47483.0,929.0
185572,2022,122283.0,1064.0,0.0,1.0441,1.0058,0.9981,0.979,0.879,o,896.0,182.0,45725.0,847.0
185572,2023,113409.0,934.0,0.0,0.9883,0.9601,0.9544,0.9402,0.9051,o,975.0,201.0,44735.0,862.0
185572,2024,119321.0,937.0,0.0,0.9423,0.936,0.9347,0.9314,0.977,o,828.0,188.0,44850.0,814.0
185590,1998,227079.0,1585.0,0.0,0.8376,0.8975,0.9263,0.9672,1.3333,o,,,,
185590,1999,253787.0,1707.0,0.0,0.8071,0.8333,0.8455,0.8626,1.1421,o,,,,
185590,2000,266180.0,1747.0,0.0,0.7876,0.7984,0.8033,0.8102,1.0582,o,,,,
185590,2001,279482.0,1843.0,0.0,0.7913,0.8144,0.8252,0.8402,1.1273,o,,,,
185590,2003,312885.0,2033.0,0.0,0.7797,0.8009,0.8109,0.8246,1.1184,o,1654.0,,9843.0,237.0
185590,2004,326742.0,2176.0,0.0,0.7992,0.8136,0.8203,0.8296,1.0776,o,1785.0,,10713.0,280.0
185590,2005,336162.0,2211.0,0.0,0.7893,0.8169,0.8299,0.848,1.1544,o,1944.0,,11307.0,324.0
185590,2006,338196.0,2492.0,0.0,0.8842,0.9278,0.9486,0.9775,1.2222,o,2043.0,,12013.0,353.0
185590,2007,350837.0,2482.0,0.0,0.8489,0.8945,0.9162,0.9466,1.2432,o,2099.0,1298.0,12710.0,372.0
185590,2008,371714.0,2632.0,0.0,0.8497,0.8885,0.9068,0.9325,1.2044,o,2272.0,1360.0,13016.0,369.0
185590,2009,391847.0,2675.0,0.0,0.8192,0.851,0.866,0.8869,1.1722,o,2117.0,1315.0,13565.0,383.0
185590,2010,403690.0,2784.0,0.0,0.8276,0.8469,0.8559,0.8683,1.1008,o,2190.0,1498.0,13829.0,365.0
185590,2011,413720.0,2851.0,0.0,0.8269,0.8347,0.8383,0.8432,1.0398,o,2356.0,1379.0,13982.0,359.0
185590,2012,420189.0,3144.0,0.0,0.8979,0.9064,0.9103,0.9157,1.04,o,2216.0,1457.0,14485.0,389.0
185590,2013,415712.0,3201.0,0.0,0.924,0.9331,0.9373,0.9431,1.0417,o,3040.0,1478.0,14782.0,398.0
185590,2014,442855.0,3197.0,0.0,0.8663,0.9087,0.9288,0.957,1.2203,o,2908.0,1536.0,14901.0,396.0
185590,2015,458226.0,3392.0,0.0,0.8883,0.9475,0.9759,1.0161,1.3084,o,3115.0,1343.0,15065.0,394.0
185590,2016,474265.0,3399.0,0.0,0.86,0.9188,0.9471,0.9871,1.3174,o,2997.0,1511.0,15263.0,386.0
185590,2017,480999.0,3707.0,0.0,0.9248,0.9589,0.975,0.9973,1.1629,o,3017.0,1528.0,15445.0,398.0
185590,2018,481513.0,3685.0,0.0,0.9184,0.9208,0.9219,0.9234,1.0111,o,3199.0,1624.0,15522.0,382.0
185590,2019,481938.0,4013.0,0.0,0.9992,1.0068,1.0103,1.0151,1.032,o,3101.0,1477.0,15606.0,396.0
185590,2020,475601.0,3760.0,0.0,0.9487,0.9556,0.9588,0.9632,1.0308,o,3136.0,1352.0,15713.0,399.0
185590,2021,474292.0,3771.0,0.0,0.9541,0.9625,0.9663,0.9716,1.0371,o,3491.0,1173.0,15259.0,372.0
185590,2022,464045.0,3712.0,0.0,0.9599,0.9748,0.9817,0.9911,1.0661,o,3946.0,1313.0,14588.0,359.0
185590,2023,499925.0,3788.0,0.0,0.9093,0.9462,0.9636,0.9879,1.1805,o,4039.0,1378.0,14246.0,322.0
185590,2024,526710.0,3777.0,0.0,0.8605,0.9131,0.9382,0.9737,1.2803,o,4192.0,1478.0,14766.0,329.0
185606,1998,432.0,0.0,0.0,0.0,0.0,0.0,0.0,,-,,,,
185624,1998,3568.0,0.0,0.0,0.0,0.0,0.0,0.0,,-,,,,
185624,1999,2752.0,0.0,0.0,0.0,0.0,0.0,0.0,,-,,,,
185624,2003,2494.0,0.0,0.0,0.0,0.0,0.0,0.0,,-,1.0,,12201.0,632.0
185624,2004,2528.0,0.0,0.0,0.0,0.0,0.0,0.0,,-,,,12793.0,564.0
185624,2007,3458.0,0.0,0.0,0.0,0.0,0.0,0.0,,-,,79.0,15196.0,541.0
185624,2008,3292.0,0.0,0.0,0.0,0.0,0.0,0.0,,-,,75.0,14706.0,577.0
185624,2009,3423.0,0.0,0.0,0.0,0.0,0.0,0.0,,-,1.0,59.0,14604.0,524.0
185624,2013,1652.0,0.0,0.0,0.0,0.0,0.0,0.0,,-,,,16670.0,891.0
185624,2014,2534.0,0.0,0.0,0.0,0.0,0.0,0.0,,-,,,,696.0
185651,2001,654.0,0.0,0.0,0.0,0.0,0.0,0.0,,-,,,,
185651,2002,1027.0,0.0,0.0,0.0,0.0,0.0,0.0,,-,8.0,,6929.0,
185651,2003,1222.0,0.0,0.0,0.0,0.0,0.0,0.0,,-,5.0,,21392.0,1369.0
185651,2006,1417.0,0.0,0.0,0.0,0.0,0.0,0.0,,-,2.0,,21293.0,1045.0
185651,2007,2028.0,0.0,0.0,0.0,0.0,0.0,0.0,,-,6.0,29.0,21799.0,822.0
185651,2008,1812.0,0.0,0.0,0.0,0.0,0.0,0.0,,-,7.0,30.0,30538.0,1008.0
185651,2009,2148.0,0.0,0.0,0.0,0.0,0.0,0.0,,-,5.0,28.0,32726.0,927.0
185651,2010,2124.0,0.0,0.0,0.0,0.0,0.0,0.0,,-,4.0,,32986.0,812.0
185651,2011,1968.0,0.0,0.0,0.0,0.0,0.0,0.0,,-,3.0,,34556.0,886.0
185651,2012,1680.0,0.0,0.0,0.0,0.0,0.0,0.0,,-,2.0,,34530.0,1012.0
185651,2013,1728.0,0.0,0.0,0.0,0.0,0.0,0.0,,-,2.0,,35398.0,950.0
185651,2014,1512.0,0.0,0.0,0.0,0.0,0.0,0.0,,-,1.0,,35653.0,952.0
185651,2015,1545.0,0.0,0.0,0.0,0.0,0.0,0.0,,-,1.0,,34528.0,861.0
185651,2016,767.0,0.0,0.0,0.0,0.0,0.0,0.0,,-,1.0,,37973.0,1277.0
185651,2017,804.0,0.0,0.0,0.0,0.0,0.0,0.0,,-,1.0,,40480.0,1214.0
185651,2018,1000.0,0.0,0.0,0.0,0.0,0.0,0.0,,-,1.0,,32413.0,916.0
185679,1998,3660.0,0.0,0.0,0.0,0.0,0.0,0.0,,-,,,,
185679,1999,4629.0,0.0,0.0,0.0,0.0,0.0,0.0,,-,,,,
185679,2001,2757.0,0.0,0.0,0.0,0.0,0.0,0.0,,-,,,,
185679,2002,2729.0,0.0,0.0,0.0,0.0,0.0,0.0,,-,22.0,,7223.0,
185679,2003,3797.0,0.0,0.0,0.0,0.0,0.0,0.0,,-,28.0,,23499.0,960.0
185679,2004,8040.0,0.0,0.0,0.0,0.0,0.0,0.0,,-,17.0,,22381.0,547.0
185679,2005,3862.0,0.0,0.0,0.0,0.0,0.0,0.0,,-,21.0,,21383.0,1120.0
185679,2006,4025.0,0.0,0.0,0.0,0.0,0.0,0.0,,-,6.0,,21575.0,1044.0
185679,2007,6024.0,0.0,0.0,0.0,0.0,0.0,0.0,,-,10.0,78.0,20942.0,698.0
185679,2008,6612.0,0.0,0.0,0.0,0.0,0.0,0.0,,-,3.0,94.0,24533.0,683.0
185679,2009,6420.0,0.0,0.0,0.0,0.0,0.0,0.0,,-,9.0,200.0,25244.0,920.0
185679,2010,7020.0,0.0,0.0,0.0,0.0,0.0,0.0,,-,12.0,,25452.0,874.0
185679,2011,7000.0,0.0,0.0,0.0,0.0,0.0,0.0,,-,3.0,,25957.0,907.0
185679,2012,6636.0,0.0,0.0,0.0,0.0,0.0,0.0,,-,6.0,,26148.0,992.0
185679,2013,6612.0,0.0,0.0,0.0,0.0,0.0,0.0,,-,4.0,,26574.0,903.0
185679,2014,5508.0,0.0,0.0,0.0,0.0,0.0,0.0,,-,2.0,,26962.0,1059.0
185679,2015,5664.0,0.0,0.0,0.0,0.0,0.0,0.0,,-,1.0,,28551.0,1143.0
185679,2016,5837.0,0.0,0.0,0.0,0.0,0.0,0.0,,-,4.0,,29356.0,1134.0
185679,2017,6110.0,0.0,0.0,0.0,0.0,0.0,0.0,,-,5.0,,29791.0,1071.0
185679,2018,8145.0,0.0,0.0,0.0,0.0,0.0,0.0,,-,9.0,,24575.0,809.0
185679,2019,5831.0,0.0,0.0,0.0,0.0,0.0,0.0,,-,4.0,,26120.0,
185679,2020,6009.0,0.0,0.0,0.0,0.0,0.0,0.0,,-,7.0,,28975.0,
185679,2021,6672.0,0.0,0.0,0.0,0.0,0.0,0.0,,-,9.0,,28138.0,
185679,2022,9564.0,0.0,0.0,0.0,0.0,0.0,0.0,,-,6.0,,26446.0,1092.0
185679,2023,7284.0,0.0,0.0,0.0,0.0,0.0,0.0,,-,31.0,,25792.0,1198.0
185721,2000,12280.0,0.0,0.0,0.0,0.0,0.0,0.0,,-,,,,
185721,2006,17632.0,0.0,0.0,0.0,0.0,0.0,0.0,,-,124.0,,13773.0,269.0
185721,2007,20631.0,0.0,0.0,0.0,0.0,0.0,0.0,,-,180.0,,13369.0,219.0
185721,2008,16633.0,0.0,0.0,0.0,0.0,0.0,0.0,,-,216.0,,13840.0,309.0
185721,2009,18824.0,0.0,0.0,0.0,0.0,0.0,0.0,,-,284.0,,13929.0,350.0
185721,2010,22410.0,0.0,0.0,0.0,0.0,0.0,0.0,,-,319.0,,,418.0
185721,2011,22505.0,0.0,0.0,0.0,0.0,0.0,0.0,,-,259.0,,,483.0
185721,2012,24133.0,0.0,0.0,0.0,0.0,0.0,0.0,,-,163.0,,,270.0
185721,2013,22412.0,0.0,0.0,0.0,0.0,0.0,0.0,,-,234.0,,,288.0
185721,2015,14412.0,0.0,2.0,0.0083,0.0083,0.0083,0.0083,,-,75.0,30.0,20121.0,511.0
185721,2016,16007.0,0.0,52.0,0.1949,0.1949,0.1949,0.1949,,-,91.0,13.0,19692.0,482.0
185721,2017,16257.0,0.0,97.0,0.358,0.358,0.358,0.358,,-,139.0,76.0,19404.0,522.0
185721,2018,16536.0,0.0,124.0,0.4499,0.4499,0.4499,0.4499,,-,182.0,58.0,19074.0,519.0
185721,2019,17919.0,0.0,116.0,0.3884,0.3884,0.3884,0.3884,,-,159.0,73.0,18675.0,515.0
185721,2020,17655.0,0.0,136.0,0.4622,0.4622,0.4622,0.4622,,-,156.0,33.0,18396.0,520.0
185721,2021,16341.0,0.0,99.0,0.3635,0.3635,0.3635,0.3635,,-,152.0,55.0,18449.0,497.0
185721,2022,16570.0,0.0,120.0,0.4345,0.4345,0.4345,0.4345,,-,106.0,79.0,16814.0,455.0
185721,2023,15437.0,0.0,125.0,0.4858,0.4858,0.4858,0.4858,,-,114.0,82.0,15866.0,475.0
185721,2024,17257.0,0.0,129.0,0.4485,0.4485,0.4485,0.4485,,-,190.0,153.0,14846.0,410.0
185828,1998,122300.0,665.0,0.0,0.6525,0.6825,0.6968,0.7167,1.2064,o,,,,
185828,1999,136189.0,678.0,0.0,0.5974,0.615,0.6232,0.6346,1.1283,o,,,,
185828,2001,153606.0,812.0,0.0,0.6344,0.6503,0.6578,0.6681,1.1092,o,,,,
185828,2002,155726.0,834.0,0.0,0.6427,0.6623,0.6715,0.6843,1.1337,o,664.0,,12472.0,
185828,2003,156860.0,894.0,0.0,0.6839,0.6929,0.6971,0.7028,1.0559,o,709.0,,13435.0,410.0
185828,2004,153786.0,997.0,0.0,0.778,0.7769,0.7764,0.7757,0.9942,o,673.0,,14096.0,438.0
185828,2005,145772.0,925.0,0.0,0.7615,0.757,0.755,0.7523,0.976,o,762.0,,14776.0,444.0
185828,2006,146430.0,870.0,0.0,0.713,0.7197,0.7228,0.727,1.0399,o,840.0,,15303.0,458.0
185828,2007,184590.0,949.0,0.0,0.6169,0.6402,0.6512,0.6664,1.1668,o,786.0,416.0,15889.0,389.0
185828,2008,145923.0,880.0,0.0,0.7237,0.7525,0.766,0.785,1.1766,o,907.0,455.0,16609.0,521.0
185828,2009,153991.0,858.0,0.0,0.6686,0.6957,0.7084,0.7262,1.1798,o,994.0,472.0,17959.0,546.0
185828,2010,166122.0,905.0,0.0,0.6537,0.6811,0.6941,0.7121,1.1866,o,951.0,517.0,18378.0,521.0
185828,2011,163794.0,997.0,0.0,0.7304,0.7625,0.7777,0.7989,1.1962,o,1006.0,614.0,18664.0,570.0
185828,2012,228810.0,1007.0,0.0,0.5281,0.5468,0.5556,0.5678,1.1559,o,1020.0,645.0,19013.0,426.0
185828,2013,241140.0,1142.0,0.0,0.5683,0.5771,0.5811,0.5867,1.0658,o,1029.0,629.0,19704.0,443.0
185828,2014,248610.0,1119.0,0.0,0.5401,0.5469,0.5501,0.5544,1.0535,o,1050.0,647.0,20036.0,459.0
185828,2015,202443.0,1352.0,0.0,0.8014,0.8131,0.8186,0.826,1.0623,o,1108.0,717.0,20428.0,610.0
185828,2016,215380.0,1415.0,0.0,0.7884,0.8004,0.806,0.8137,1.0652,o,1098.0,781.0,20883.0,627.0
185828,2017,217505.0,1512.0,0.0,0.8342,0.8491,0.856,0.8656,1.0766,o,1114.0,861.0,20945.0,618.0
185828,2018,218113.0,1631.0,0.0,0.8973,0.9108,0.917,0.9256,1.064,o,1286.0,875.0,21059.0,606.0
185828,2019,227626.0,1646.0,0.0,0.8677,0.8902,0.9006,0.9151,1.1121,o,1343.0,813.0,21156.0,599.0
185828,2020,239203.0,1753.0,0.0,0.8794,0.9172,0.9351,0.96,1.1918,o,1190.0,796.0,21243.0,585.0
185828,2021,250222.0,1863.0,0.0,0.8934,0.923,0.9368,0.9561,1.1451,o,1374.0,700.0,20630.0,533.0
185828,2022,240196.0,1869.0,0.0,0.9337,0.9487,0.9556,0.9651,1.0683,o,1575.0,629.0,19764.0,558.0
185828,2023,246059.0,1815.0,0.0,0.8852,0.9099,0.9215,0.9375,1.1217,o,1762.0,676.0,19163.0,526.0
185828,2024,263239.0,1726.0,0.0,0.7868,0.8406,0.8665,0.9031,1.3174,o,1556.0,716.0,19022.0,508.0
185873,1998,143713.0,0.0,878.0,0.3666,0.3665,0.3664,0.3664,0.9987,o,,,,
185873,1999,139662.0,0.0,828.0,0.3557,0.3498,0.3351,0.3287,0.7874,o,,,,
185873,2000,140998.0,0.0,802.0,0.3413,0.3419,0.3433,0.344,1.0241,o,,,,
185873,2001,144338.0,0.0,757.0,0.3147,0.3241,0.3498,0.3619,1.5273,o,,,,
185873,2002,150791.0,0.0,876.0,0.3486,0.3557,0.3747,0.3835,1.3361,o,1917.0,,3686.0,
185873,2003,165445.0,0.0,764.0,0.2771,0.2796,0.2861,0.289,1.1367,o,1911.0,,4282.0,151.0
185873,2004,170444.0,0.0,859.0,0.3024,0.303,0.3046,0.3054,1.0302,o,1632.0,,4186.0,160.0
185873,2005,170238.0,0.0,877.0,0.3091,0.3057,0.297,0.2933,0.8527,o,1876.0,,4302.0,168.0
185873,2006,176639.0,0.0,873.0,0.2965,0.2977,0.3008,0.3022,1.059,o,2345.0,,4459.0,175.0
185873,2007,189780.0,0.0,982.0,0.3105,0.3168,0.3338,0.3417,1.3369,o,2487.0,291.0,5127.0,176.0
185873,2008,224319.0,0.0,1063.0,0.2843,0.2876,0.2962,0.3002,1.1784,o,2540.0,311.0,6234.0,153.0
185873,2009,247714.0,0.0,1235.0,0.2991,0.3002,0.3029,0.3041,1.0513,o,2706.0,329.0,5180.0,151.0
185873,2010,261832.0,0.0,1431.0,0.3279,0.3296,0.334,0.336,1.0766,o,2385.0,333.0,4429.0,146.0
185873,2011,237630.0,0.0,1566.0,0.3954,0.3928,0.3861,0.3832,0.9093,o,2444.0,334.0,4392.0,150.0
185873,2012,234843.0,0.0,1461.0,0.3733,0.3722,0.3695,0.3683,0.9601,o,2305.0,343.0,4280.0,140.0
185873,2013,224129.0,0.0,1446.0,0.3871,0.3858,0.3826,0.3812,0.9546,o,2216.0,345.0,4427.0,149.0
185873,2014,217581.0,0.0,1504.0,0.4147,0.4127,0.4076,0.4054,0.9332,o,2049.0,342.0,4455.0,150.0
185873,2015,208253.0,0.0,1555.0,0.448,0.4449,0.4371,0.4337,0.9064,o,1842.0,388.0,4316.0,153.0
185873,2016,196183.0,0.0,1607.0,0.4915,0.4865,0.4738,0.4683,0.8638,o,1995.0,328.0,5516.0,159.0
185873,2017,197622.0,0.0,1523.0,0.4624,0.4632,0.4653,0.4662,1.0254,o,1950.0,301.0,5539.0,173.0
185873,2018,200109.0,0.0,1476.0,0.4426,0.4431,0.4444,0.4449,1.0164,o,1974.0,282.0,5565.0,178.0
185873,2019,202243.0,0.0,1486.0,0.4409,0.4409,0.4409,0.441,1.0008,o,2019.0,277.0,5558.0,173.0
185873,2020,199708.0,0.0,1673.0,0.5026,0.5036,0.5062,0.5074,1.0291,o,1993.0,198.0,5499.0,163.0
185873,2021,178382.0,0.0,1545.0,0.5197,0.5196,0.5194,0.5194,0.9982,o,1823.0,178.0,6128.0,164.0
185873,2022,167289.0,0.0,1444.0,0.5179,0.5144,0.5057,0.5018,0.9088,o,1844.0,162.0,5759.0,150.0
185873,2023,163455.0,0.0,1346.0,0.4941,0.4929,0.4899,0.4885,0.9665,o,1741.0,186.0,5435.0,156.0
185873,2024,167047.0,0.0,1454.0,0.5222,0.5204,0.5155,0.5134,0.9496,o,1644.0,195.0,4690.0,142.0
185934,1998,2088.0,0.0,0.0,0.0,0.0,0.0,0.0,,-,,,,
185934,1999,1444.0,0.0,0.0,0.0,0.0,0.0,0.0,,-,,,,
186034,1998,68440.0,0.0,251.0,0.22,0.2202,0.2207,0.2209,1.0121,o,,,,
186034,1999,94740.0,0.0,238.0,0.1507,0.1511,0.1521,0.1525,1.0364,o,,,,
186034,2000,77008.0,0.0,228.0,0.1776,0.1797,0.1851,0.1876,1.1788,o,,,,
186034,2003,109603.0,0.0,286.0,0.1566,0.1592,0.1662,0.1694,1.2699,o,1312.0,,4220.0,62.0
186034,2004,124847.0,0.0,358.0,0.1721,0.1712,0.1691,0.1681,0.9321,o,1294.0,,4118.0,63.0
186034,2005,127270.0,0.0,381.0,0.1796,0.1783,0.1748,0.1733,0.8967,o,1353.0,,4177.0,74.0
186034,2006,115946.0,0.0,388.0,0.2008,0.2013,0.2027,0.2033,1.0384,o,1426.0,,4282.0,88.0
186034,2007,132169.0,0.0,424.0,0.1925,0.1935,0.1961,0.1973,1.0774,o,1426.0,167.0,4598.0,83.0
186034,2008,140510.0,0.0,373.0,0.1593,0.1596,0.1603,0.1606,1.0263,o,1518.0,182.0,4579.0,87.0
186034,2009,147009.0,0.0,441.0,0.18,0.1808,0.1828,0.1837,1.0645,o,1611.0,282.0,4906.0,87.0
186034,2010,174938.0,0.0,479.0,0.1643,0.1653,0.168,0.1693,1.0944,o,1597.0,196.0,5123.0,74.0
186034,2011,186772.0,0.0,557.0,0.1789,0.1792,0.1799,0.1802,1.0208,o,1628.0,208.0,5204.0,69.0
186034,2012,190244.0,0.0,579.0,0.1826,0.1828,0.1833,0.1835,1.015,o,1692.0,220.0,5380.0,73.0
186034,2013,190521.0,0.0,750.0,0.2362,0.237,0.2391,0.24,1.0493,o,1552.0,242.0,5393.0,70.0
186034,2014,183610.0,0.0,687.0,0.2245,0.2234,0.2208,0.2196,0.9349,o,1360.0,220.0,5485.0,68.0
186034,2015,181268.0,0.0,746.0,0.2469,0.2439,0.2363,0.233,0.8385,o,1290.0,183.0,5591.0,67.0
186034,2016,169598.0,0.0,750.0,0.2653,0.2631,0.2574,0.2549,0.886,o,1032.0,169.0,5717.0,72.0
186034,2017,158075.0,0.0,790.0,0.2999,0.2947,0.2817,0.2761,0.7789,o,932.0,133.0,5804.0,83.0
186034,2018,145819.0,0.0,694.0,0.2856,0.2812,0.2703,0.2656,0.8028,o,801.0,111.0,6132.0,84.0
186034,2019,139190.0,0.0,734.0,0.3164,0.3119,0.3007,0.2958,0.8157,o,980.0,142.0,6186.0,81.0
186034,2020,130625.0,0.0,635.0,0.2917,0.2942,0.3008,0.3038,1.131,o,387.0,116.0,6490.0,68.0
186034,2021,112119.0,0.0,515.0,0.2756,0.26,0.2238,0.2093,0.4346,o,561.0,60.0,6303.0,83.0
186034,2022,99688.0,0.0,554.0,0.3334,0.3289,0.3174,0.3124,0.8208,o,769.0,141.0,5924.0,58.0
186034,2023,106458.0,0.0,553.0,0.3117,0.3224,0.3518,0.3656,1.6224,o,759.0,140.0,5590.0,69.0
186034,2024,108802.0,0.0,599.0,0.3303,0.3334,0.3414,0.3451,1.1414,o,609.0,149.0,5580.0,66.0
186131,1998,126815.0,1131.0,0.0,1.0702,1.065,1.0639,1.0612,0.9832,o,,,,
186131,1999,129024.0,1186.0,0.0,1.1031,1.0972,1.096,1.093,0.9818,o,,,,
186131,2000,142592.0,1122.0,0.0,0.9442,0.9455,0.9458,0.9465,1.0048,o,,,,
186131,2001,145828.0,1086.0,0.0,0.8937,0.9036,0.9056,0.9108,1.0387,o,,,,
186131,2002,151784.0,1106.0,0.0,0.8744,0.8822,0.8839,0.888,1.0312,o,1164.0,,45315.0,
186131,2003,148772.0,1108.0,0.0,0.8937,0.8984,0.8994,0.9018,1.0182,o,1168.0,,46274.0,687.0
186131,2004,148908.0,1114.0,0.0,0.8977,0.9007,0.9013,0.9028,1.0113,o,1172.0,,47329.0,675.0
186131,2005,148268.0,1145.0,0.0,0.9267,0.9264,0.9263,0.9261,0.9987,o,1221.0,,48142.0,676.0
186131,2006,148900.0,1125.0,0.0,0.9066,0.9115,0.9126,0.9151,1.0187,o,1228.0,,49001.0,683.0
186131,2007,150204.0,1144.0,0.0,0.914,0.927,0.9298,0.9366,1.0502,o,1242.0,,49908.0,650.0
186131,2008,152788.0,1137.0,0.0,0.893,0.9071,0.9101,0.9175,1.0556,o,1243.0,,48290.0,584.0
186131,2009,167056.0,1136.0,0.0,0.816,0.825,0.8269,0.8316,1.0384,o,1315.0,,49337.0,602.0
186131,2010,158840.0,1188.0,0.0,0.8975,0.9089,0.9113,0.9173,1.0445,o,1312.0,,50518.0,535.0
186131,2011,163152.0,1219.0,0.0,0.8966,0.9128,0.9161,0.9246,1.0636,o,1298.0,,51147.0,549.0
186131,2012,161772.0,1248.0,0.0,0.9257,0.939,0.9418,0.9487,1.0503,o,1357.0,,51520.0,534.0
186131,2013,167296.0,1271.0,0.0,0.9117,0.9216,0.9236,0.9288,1.0379,o,1284.0,,52853.0,557.0
186131,2014,166040.0,1267.0,0.0,0.9157,0.9171,0.9174,0.9181,1.0053,o,1310.0,,52887.0,565.0
186131,2015,168040.0,1282.0,0.0,0.9155,0.9139,0.9135,0.9127,0.9939,o,1317.0,,54595.0,568.0
186131,2016,170000.0,1307.0,0.0,0.9226,0.9198,0.9192,0.9177,0.9895,o,1305.0,,56330.0,559.0
186131,2017,162030.0,1280.0,0.0,0.948,0.946,0.9456,0.9446,0.9928,o,1305.0,,57773.0,562.0
186131,2018,169468.0,1299.0,0.0,0.9198,0.9215,0.9218,0.9227,1.0062,o,1338.0,9.0,58749.0,517.0
186131,2019,170924.0,1297.0,0.0,0.9106,0.9122,0.9125,0.9133,1.0061,o,1335.0,9.0,61425.0,605.0
186131,2020,173044.0,1268.0,0.0,0.8793,0.8842,0.8853,0.8878,1.0195,o,1146.0,12.0,63463.0,595.0
186131,2021,155190.0,1175.0,0.0,0.9086,0.8953,0.8926,0.8858,0.9506,o,1288.0,13.0,56613.0,478.0
186131,2022,171632.0,1257.0,0.0,0.8789,0.8581,0.8539,0.8434,0.9209,o,1497.0,27.0,61445.0,582.0
186131,2023,177436.0,1284.0,0.0,0.8684,0.8788,0.8809,0.8864,1.0419,o,1364.0,33.0,59428.0,572.0
186131,2024,185718.0,1324.0,0.0,0.8555,0.8916,0.8992,0.9187,1.1532,o,1407.0,34.0,59710.0,467.0
186186,1998,4935.0,25.0,0.0,0.6079,0.5473,0.5355,0.5072,0.6962,o,,,,
186186,1999,4395.0,28.0,0.0,0.7645,0.6726,0.655,0.613,0.6429,o,,,,
186186,2000,5670.0,24.0,0.0,0.5079,0.4066,0.3883,0.3461,0.4643,o,,,,
186186,2001,7368.0,23.0,0.0,0.3746,0.3685,0.3673,0.3642,0.9455,o,,,,
186186,2002,8745.0,59.0,0.0,0.8096,0.9694,1.0062,1.1045,1.8611,o,15.0,,12125.0,
186186,2003,7100.0,33.0,0.0,0.5577,0.6622,0.6862,0.7499,1.8077,o,12.0,,12745.0,39.0
186186,2004,6855.0,27.0,0.0,0.4726,0.3908,0.3758,0.3406,0.5192,o,22.0,,12438.0,389.0
186186,2005,8250.0,25.0,0.0,0.3636,0.2987,0.2868,0.259,0.5075,o,31.0,,12877.0,410.0
186186,2006,9210.0,26.0,0.0,0.3388,0.3508,0.3533,0.3597,1.1277,o,19.0,,13555.0,395.0
186186,2007,6975.0,9.0,0.0,0.1548,0.1851,0.1921,0.2107,1.8519,o,25.0,126.0,13157.0,416.0
186186,2008,6525.0,84.0,0.0,1.5448,1.6648,1.6907,1.7574,1.2941,o,26.0,,14194.0,476.0
186186,2009,6720.0,9.0,0.0,0.1607,0.1589,0.1586,0.1577,0.9623,o,26.0,160.0,13956.0,437.0
186186,2010,7260.0,9.0,0.0,0.1488,0.1505,0.1508,0.1517,1.04,o,42.0,148.0,13866.0,438.0
186186,2011,8520.0,44.0,0.0,0.6197,0.7031,0.7217,0.7704,1.5455,o,29.0,99.0,14239.0,383.0
186186,2012,8370.0,10.0,0.0,0.1434,0.1578,0.161,0.1692,1.3922,o,25.0,103.0,13878.0,344.0
186186,2013,6930.0,16.0,0.0,0.2771,0.2801,0.2807,0.2823,1.0385,o,19.0,152.0,14304.0,393.0
186186,2014,7290.0,41.0,0.0,0.6749,0.5949,0.5795,0.5429,0.6471,o,37.0,106.0,14087.0,453.0
186186,2015,6510.0,24.0,0.0,0.4424,0.413,0.4071,0.3929,0.7887,o,42.0,121.0,13969.0,278.0
186186,2016,7140.0,0.0,0.0,0.0,0.0,0.0,0.0,1.463,o,40.0,80.0,14261.0,341.0
186186,2017,11340.0,41.0,0.0,0.4339,0.5197,0.5395,0.5923,1.8636,o,61.0,72.0,14150.0,285.0
186186,2018,10140.0,17.0,0.0,0.2012,0.2387,0.2473,0.2702,1.8036,o,54.0,70.0,13834.0,292.0
186186,2019,10560.0,23.0,0.0,0.2614,0.2914,0.2981,0.3153,1.4557,o,46.0,61.0,14032.0,274.0
186186,2020,10260.0,25.0,0.0,0.2924,0.3097,0.3134,0.3229,1.2195,o,60.0,76.0,13822.0,291.0
186186,2021,11040.0,19.0,0.0,0.2065,0.2094,0.21,0.2116,1.0495,o,58.0,57.0,14007.0,282.0
186186,2023,6840.0,28.0,0.0,0.4912,0.5141,0.519,0.5313,1.17,o,53.0,51.0,13457.0,341.0
186186,2024,9210.0,31.0,0.0,0.4039,0.4104,0.4118,0.4152,1.0566,o,94.0,23.0,13000.0,271.0
186201,1998,141480.0,715.0,0.0,0.6064,0.6334,0.6461,0.6639,1.1984,o,,,,
186201,1999,140520.0,712.0,0.0,0.608,0.6546,0.6772,0.7091,1.3603,o,,,,
186201,2000,123256.0,732.0,0.0,0.7127,0.7631,0.7874,0.8218,1.3299,o,,,,
186201,2001,131802.0,770.0,0.0,0.7011,0.7477,0.7701,0.8017,1.3078,o,,,,
186201,2002,135340.0,833.0,0.0,0.7386,0.7908,0.816,0.8516,1.3295,o,684.0,,10702.0,
186201,2004,148751.0,1010.0,0.0,0.8148,0.8499,0.8664,0.8896,1.192,o,746.0,,12292.0,290.0
186201,2005,151010.0,1046.0,0.0,0.8312,0.8594,0.8726,0.891,1.149,o,746.0,,13005.0,304.0
186201,2006,152201.0,1103.0,0.0,0.8696,0.8961,0.9085,0.9256,1.1329,o,813.0,,13699.0,321.0
186201,2007,154635.0,1207.0,0.0,0.9367,0.9607,0.9719,0.9874,1.1112,o,902.0,606.0,14361.0,339.0
186201,2008,162141.0,1234.0,0.0,0.9133,0.9485,0.9651,0.9881,1.1706,o,880.0,621.0,14582.0,352.0
186201,2009,168883.0,1142.0,0.0,0.8114,0.8468,0.8635,0.8868,1.1944,o,937.0,608.0,15489.0,365.0
186201,2010,177958.0,1258.0,0.0,0.8483,0.88,0.895,0.9158,1.1655,o,897.0,589.0,15850.0,376.0
186201,2011,179092.0,1325.0,0.0,0.8878,0.9022,0.9089,0.9181,1.0694,o,895.0,596.0,16575.0,384.0
186201,2012,176285.0,1356.0,0.0,0.9231,0.9243,0.9249,0.9256,1.0056,o,871.0,595.0,17359.0,407.0
186201,2013,172594.0,1384.0,0.0,0.9623,0.9557,0.9527,0.9487,0.9719,o,901.0,599.0,17571.0,413.0
186201,2014,168323.0,1344.0,0.0,0.9582,0.9503,0.9467,0.9418,0.9662,o,978.0,603.0,17626.0,420.0
186201,2015,169982.0,1250.0,0.0,0.8824,0.8925,0.8972,0.9036,1.0485,o,931.0,555.0,17478.0,413.0
186201,2016,168957.0,1288.0,0.0,0.9148,0.932,0.9401,0.9511,1.081,o,944.0,559.0,17759.0,425.0
186201,2017,169928.0,1393.0,0.0,0.9837,0.9971,1.0034,1.0119,1.0581,o,919.0,529.0,17681.0,432.0
186201,2018,167903.0,1333.0,0.0,0.9527,0.9507,0.9498,0.9486,0.9915,o,946.0,577.0,17548.0,416.0
186201,2019,165835.0,1307.0,0.0,0.9458,0.9405,0.9381,0.9348,0.977,o,1030.0,472.0,17539.0,412.0
186201,2020,168567.0,1273.0,0.0,0.9062,0.9177,0.923,0.9303,1.0539,o,997.0,420.0,17642.0,414.0
186201,2021,163328.0,1268.0,0.0,0.9316,0.9507,0.9595,0.9718,1.088,o,900.0,356.0,17452.0,371.0
186201,2022,151197.0,1156.0,0.0,0.9175,0.9212,0.923,0.9253,1.0172,o,850.0,366.0,16403.0,356.0
186201,2023,149062.0,1157.0,0.0,0.9314,0.9047,0.8927,0.8765,0.8856,o,1012.0,368.0,15903.0,357.0
186201,2024,153130.0,1127.0,0.0,0.8832,0.8654,0.8573,0.8465,0.9186,o,1126.0,388.0,15978.0,364.0
186283,1998,91504.0,663.0,10.0,0.876,0.8632,0.8605,0.854,0.9502,o,,,,
186283,1999,107585.0,742.0,7.0,0.8315,0.8596,0.8655,0.8805,1.1213,o,,,,
186283,2000,114153.0,780.0,11.0,0.8257,0.8799,0.8916,0.9214,1.2451,o,,,,
186283,2001,110203.0,759.0,13.0,0.8336,0.8634,0.8697,0.8857,1.1289,o,,,,
186283,2002,114518.0,852.0,6.0,0.8959,0.908,0.9105,0.9168,1.0471,o,964.0,,31163.0,
186283,2003,108373.0,778.0,6.0,0.8648,0.8783,0.8812,0.8883,1.0551,o,950.0,,33478.0,751.0
186283,2004,117012.0,851.0,4.0,0.8748,0.9016,0.9072,0.9215,1.1096,o,902.0,,34908.0,740.0
186283,2005,114048.0,834.0,17.0,0.8865,0.9037,0.9073,0.9164,1.0687,o,950.0,,36216.0,773.0
186283,2006,118992.0,845.0,7.0,0.8557,0.8626,0.8641,0.8677,1.0283,o,1015.0,,35696.0,788.0
186283,2007,127151.0,865.0,10.0,0.8211,0.8274,0.8287,0.8319,1.0266,o,997.0,303.0,37491.0,806.0
186283,2008,132297.0,895.0,5.0,0.8141,0.8339,0.838,0.8485,1.0864,o,881.0,369.0,38383.0,824.0
186283,2009,136138.0,993.0,4.0,0.8771,0.8806,0.8813,0.8832,1.014,o,1034.0,329.0,39898.0,846.0
186283,2010,137635.0,1139.0,11.0,0.9979,0.9904,0.9889,0.9851,0.9746,o,1014.0,291.0,41541.0,884.0
186283,2011,134163.0,1106.0,15.0,0.996,1.0011,1.0022,1.0048,1.0179,o,941.0,336.0,42534.0,896.0
186283,2012,131705.0,969.0,10.0,0.8874,0.8978,0.9,0.9054,1.041,o,754.0,335.0,43444.0,911.0
186283,2013,126392.0,1036.0,12.0,0.9893,0.9549,0.9479,0.9307,0.8851,o,911.0,307.0,44676.0,931.0
186283,2014,124595.0,1079.0,5.0,1.0416,0.9809,0.9688,0.9392,0.813,o,1008.0,284.0,46436.0,921.0
186283,2015,125217.0,1006.0,7.0,0.9674,0.9622,0.9612,0.9585,0.9816,o,865.0,300.0,48080.0,917.0
186283,2016,117345.0,983.0,7.0,1.0088,1.0385,1.0447,1.0605,1.105,o,871.0,244.0,49731.0,919.0
186283,2017,115270.0,946.0,8.0,0.989,1.001,1.0035,1.0098,1.0426,o,1011.0,209.0,50762.0,930.0
186283,2018,117290.0,981.0,6.0,1.0067,1.0011,0.9999,0.997,0.9807,o,926.0,203.0,51483.0,894.0
186283,2019,110783.0,854.0,6.0,0.9283,0.9374,0.9393,0.944,1.0342,o,863.0,188.0,52298.0,864.0
186283,2020,109713.0,923.0,5.0,1.0123,1.0211,1.023,1.0276,1.0305,o,837.0,215.0,53438.0,855.0
186283,2021,102639.0,1010.0,4.0,1.1832,1.1488,1.1418,1.1245,0.9033,o,637.0,194.0,53529.0,787.0
186283,2022,92171.0,800.0,1.0,1.0422,0.9628,0.9472,0.9091,0.761,o,779.0,221.0,39329.0,743.0
186283,2023,91717.0,765.0,5.0,1.0042,0.9383,0.9253,0.8934,0.7915,o,806.0,271.0,38508.0,662.0
186283,2024,92411.0,728.0,1.0,0.946,0.927,0.9231,0.9134,0.9324,o,720.0,239.0,38900.0,623.0
186371,1998,74628.0,664.0,0.0,1.0677,1.0673,1.0671,1.0668,0.9984,o,,,,
186371,1999,79821.0,668.0,0.0,1.0042,1.0463,1.0662,1.0939,1.1865,o,,,,
186371,2000,90592.0,691.0,0.0,0.9153,0.9822,1.0144,1.0601,1.3415,o,,,,
186371,2001,95577.0,736.0,0.0,0.9241,0.9862,1.016,1.0582,1.3114,o,,,,
186371,2002,95245.0,799.0,0.0,1.0067,1.0381,1.0529,1.0733,1.1369,o,455.0,,11232.0,
186371,2003,101514.0,812.0,0.0,0.9599,0.9926,1.008,1.0294,1.1501,o,499.0,,12110.0,
186371,2004,106685.0,804.0,0.0,0.9043,0.9445,0.9635,0.99,1.1985,o,456.0,,12862.0,
186371,2005,104332.0,831.0,0.0,0.9558,0.986,1.0001,1.0197,1.1383,o,353.0,,13503.0,
186371,2006,100648.0,905.0,0.0,1.079,1.0572,1.0473,1.034,0.9183,o,398.0,,14066.0,
186371,2007,102228.0,881.0,0.0,1.0342,0.9764,0.9511,0.9176,0.7872,o,380.0,581.0,14758.0,
186371,2008,102162.0,903.0,0.0,1.0607,1.0097,0.9872,0.9573,0.8147,o,480.0,719.0,15412.0,
186371,2009,107912.0,862.0,0.0,0.9586,0.9727,0.9793,0.9883,1.063,o,435.0,702.0,16342.0,
186371,2010,116908.0,904.0,0.0,0.9279,0.973,0.9943,1.0242,1.2184,o,500.0,788.0,16722.0,
186371,2011,125343.0,1007.0,0.0,0.9641,1.0076,1.0281,1.0569,1.2018,o,536.0,806.0,17259.0,
186371,2012,128874.0,1021.0,0.0,0.9507,0.9941,1.0147,1.0435,1.2047,o,485.0,839.0,17164.0,
186371,2013,129645.0,1005.0,0.0,0.9302,0.955,0.9666,0.9826,1.1158,o,496.0,837.0,17275.0,
186371,2014,132041.0,1123.0,0.0,1.0206,1.0324,1.0379,1.0454,1.0492,o,431.0,866.0,17574.0,552.0
186371,2015,135240.0,1275.0,0.0,1.1313,1.1015,1.0881,1.0702,0.8948,o,424.0,927.0,17863.0,550.0
186371,2016,140161.0,1398.0,0.0,1.1969,1.147,1.1248,1.0953,0.8374,o,658.0,823.0,18150.0,570.0
186371,2017,142966.0,1309.0,0.0,1.0987,1.1249,1.1371,1.1539,1.103,o,758.0,866.0,18150.0,569.0
186371,2018,153207.0,1381.0,0.0,1.0817,1.1974,1.2546,1.3369,1.5275,o,821.0,870.0,18072.0,574.0
186371,2019,163313.0,1368.0,0.0,1.0052,1.1646,1.2459,1.366,1.8468,o,749.0,805.0,18102.0,578.0
186371,2020,162212.0,1402.0,0.0,1.0372,1.1341,1.1815,1.2493,1.451,o,598.0,728.0,18346.0,593.0
186371,2021,154526.0,1499.0,0.0,1.1641,1.1502,1.1439,1.1354,0.9513,o,604.0,625.0,17365.0,567.0
186371,2022,135214.0,1519.0,0.0,1.3481,1.2626,1.2253,1.1762,0.7612,o,528.0,498.0,17176.0,596.0
186371,2023,119385.0,1302.0,0.0,1.3087,1.2099,1.1671,1.1113,0.721,o,580.0,512.0,16678.0,568.0
186371,2024,111941.0,1095.0,0.0,1.1738,1.1201,1.0963,1.0646,0.8226,o,531.0,566.0,17079.0,585.0
186380,1998,727525.0,5286.0,0.0,0.8719,0.9001,0.9133,0.9317,1.1418,o,,,,
186380,1999,737890.0,5263.0,0.0,0.8559,0.8834,0.8963,0.9142,1.1408,o,,,,
186380,2000,814613.0,5601.0,0.0,0.8251,0.8419,0.8498,0.8606,1.0878,o,,,,
186380,2001,824832.0,5493.0,0.0,0.7991,0.8082,0.8123,0.8181,1.0479,o,,,,
186380,2002,850259.0,5778.0,0.0,0.8155,0.8221,0.8252,0.8294,1.0345,o,5086.0,,11526.0,
186380,2003,835153.0,5841.0,0.0,0.8393,0.8383,0.8379,0.8373,0.9953,o,4717.0,,12419.0,
186380,2004,824108.0,5734.0,0.0,0.8349,0.8171,0.8091,0.7983,0.9141,o,4847.0,,13146.0,
186380,2005,796900.0,5948.0,0.0,0.8957,0.8702,0.8588,0.8434,0.8867,o,5245.0,,13784.0,619.0
186380,2006,799601.0,5774.0,0.0,0.8665,0.8573,0.8531,0.8475,0.9565,o,5274.0,,14367.0,644.0
186380,2007,819680.0,5569.0,0.0,0.8153,0.8292,0.8357,0.8445,1.073,o,5519.0,1476.0,15060.0,660.0
186380,2008,836163.0,5454.0,0.0,0.7827,0.8058,0.8165,0.8315,1.1285,o,5840.0,1694.0,15637.0,696.0
186380,2009,876042.0,5752.0,0.0,0.7879,0.8106,0.8212,0.8359,1.1255,o,5835.0,1909.0,16604.0,730.0
186380,2010,918320.0,5905.0,0.0,0.7716,0.7912,0.8003,0.8129,1.1099,o,6033.0,1936.0,16991.0,709.0
186380,2011,956635.0,6179.0,0.0,0.7751,0.793,0.8013,0.8128,1.0996,o,6075.0,2116.0,17564.0,741.0
186380,2012,980291.0,6843.0,0.0,0.8377,0.8506,0.8566,0.8648,1.0659,o,6170.0,2089.0,17353.0,744.0
186380,2013,991681.0,6924.0,0.0,0.8379,0.8475,0.8519,0.8581,1.0488,o,6403.0,2581.0,17476.0,751.0
186380,2014,1060304.0,7629.0,72.0,0.8675,0.8796,0.8852,0.8929,1.0594,o,6412.0,2768.0,17773.0,587.0
186380,2015,1080230.0,7569.0,105.0,0.8467,0.8583,0.8636,0.871,1.0584,o,6607.0,2755.0,18032.0,600.0
186380,2016,1118866.0,7838.0,101.0,0.8461,0.8586,0.8644,0.8724,1.0632,o,6465.0,2902.0,18320.0,581.0
186380,2017,1136868.0,8377.0,106.0,0.8898,0.8982,0.902,0.9073,1.0397,o,6268.0,2705.0,18321.0,573.0
186380,2018,1130266.0,8577.0,109.0,0.9164,0.915,0.9143,0.9135,0.9936,o,7036.0,2619.0,18243.0,585.0
186380,2019,1130588.0,8719.0,32.0,0.9271,0.932,0.9342,0.9372,1.0219,o,7315.0,2463.0,18271.0,581.0
186380,2020,1138228.0,8885.0,39.0,0.9388,0.96,0.97,0.9836,1.0978,o,6551.0,2414.0,18518.0,594.0
186380,2021,1145411.0,8803.0,37.0,0.9242,0.9433,0.9522,0.9644,1.089,o,7105.0,2411.0,17512.0,554.0
186380,2022,1125059.0,8485.0,35.0,0.9069,0.9126,0.9152,0.9188,1.0265,o,7780.0,2144.0,17338.0,557.0
186380,2023,1141578.0,8741.0,32.0,0.9205,0.9286,0.9324,0.9375,1.0372,o,7681.0,2139.0,16835.0,521.0
186380,2024,1161202.0,8442.0,27.0,0.8738,0.8969,0.9077,0.9227,1.115,o,8191.0,2361.0,17239.0,501.0
186399,1998,135296.0,957.0,0.0,0.8488,0.8569,0.8607,0.8658,1.0405,o,,,,
186399,1999,134968.0,974.0,0.0,0.866,0.8752,0.8795,0.8854,1.0453,o,,,,
186399,2000,149265.0,995.0,0.0,0.7999,0.8218,0.832,0.8462,1.1191,o,,,,
186399,2001,153043.0,953.0,0.0,0.7472,0.781,0.7969,0.8192,1.2019,o,,,,
186399,2002,164947.0,962.0,0.0,0.6999,0.7448,0.7664,0.7968,1.2962,o,1019.0,,11076.0,
186399,2003,181682.0,1076.0,0.0,0.7107,0.7698,0.7985,0.8394,1.395,o,987.0,,11907.0,
186399,2004,188839.0,1171.0,0.0,0.7441,0.7964,0.8215,0.8571,1.3267,o,794.0,,12590.0,
186399,2005,180654.0,1164.0,0.0,0.7732,0.7845,0.7898,0.797,1.0626,o,704.0,,13213.0,
186399,2006,175252.0,1265.0,0.0,0.8662,0.8167,0.795,0.7663,0.7827,o,911.0,,13730.0,
186399,2007,182152.0,1295.0,0.0,0.8531,0.8099,0.7908,0.7655,0.8051,o,989.0,692.0,14419.0,
186399,2008,190821.0,1188.0,0.0,0.7471,0.7588,0.7642,0.7716,1.0668,o,955.0,763.0,15024.0,
186399,2009,200489.0,1357.0,0.0,0.8122,0.8646,0.8898,0.9253,1.2977,o,914.0,737.0,15946.0,
186399,2010,209099.0,1361.0,0.0,0.7811,0.8089,0.822,0.8402,1.1573,o,943.0,836.0,16316.0,
186399,2011,213511.0,1476.0,0.0,0.8296,0.825,0.8229,0.8201,0.9774,o,986.0,860.0,16848.0,
186399,2012,213248.0,1587.0,0.0,0.893,0.8914,0.8906,0.8896,0.9923,o,1052.0,923.0,16727.0,
186399,2013,218757.0,1609.0,0.0,0.8826,0.9012,0.9098,0.9217,1.0904,o,988.0,779.0,16830.0,
186399,2014,201492.0,1493.0,0.0,0.8892,0.9095,0.9189,0.9319,1.0985,o,1017.0,910.0,17113.0,557.0
186399,2015,205009.0,1544.0,0.0,0.9038,0.9122,0.9161,0.9214,1.0394,o,1200.0,920.0,17359.0,617.0
186399,2016,218242.0,1588.0,0.0,0.8732,0.891,0.8993,0.9107,1.0878,o,1344.0,1088.0,17628.0,770.0
186399,2017,232112.0,1559.0,0.0,0.806,0.8499,0.8707,0.9001,1.2471,o,1325.0,1145.0,17629.0,764.0
186399,2018,242408.0,1606.0,0.0,0.795,0.8515,0.8787,0.9173,1.3312,o,1326.0,1248.0,17554.0,778.0
186399,2019,259984.0,1775.0,0.0,0.8193,0.8552,0.8722,0.8959,1.1958,o,1402.0,1217.0,17582.0,790.0
186399,2020,264047.0,2234.0,0.0,1.0153,1.0324,1.0404,1.0513,1.0723,o,1321.0,1215.0,17820.0,827.0
186399,2021,269194.0,2346.0,0.0,1.0458,1.0508,1.0531,1.0563,1.0202,o,1300.0,851.0,16927.0,758.0
186399,2022,236657.0,2348.0,0.0,1.1906,1.1873,1.1859,1.1838,0.9887,o,1239.0,714.0,16684.0,800.0
186399,2023,212559.0,1796.0,0.0,1.0139,0.9966,0.9888,0.9782,0.9307,o,1408.0,770.0,16198.0,768.0
186399,2024,215818.0,1606.0,0.0,0.893,0.8869,0.8842,0.8804,0.9721,o,1857.0,722.0,16586.0,804.0
186414,1998,1920.0,0.0,0.0,0.0,0.0,0.0,0.0,,-,,,,
186414,1999,1697.0,0.0,0.0,0.0,0.0,0.0,0.0,,-,,,,
186423,2000,791.0,0.0,0.0,0.0,0.0,0.0,0.0,,-,,,,
186423,2003,1224.0,0.0,0.0,0.0,0.0,0.0,0.0,,-,84.0,,,
186423,2004,2520.0,0.0,0.0,0.0,0.0,0.0,0.0,,-,2.0,,12371.0,166.0
186423,2005,1214.0,0.0,0.0,0.0,0.0,0.0,0.0,,-,,,12233.0,386.0
186423,2006,1214.0,0.0,0.0,0.0,0.0,0.0,0.0,,-,,,12465.0,233.0
186423,2007,1161.0,0.0,0.0,0.0,0.0,0.0,0.0,,-,26.0,1.0,12099.0,215.0
186423,2008,1116.0,0.0,0.0,0.0,0.0,0.0,0.0,,-,5.0,51.0,12438.0,198.0
186423,2009,1214.0,0.0,0.0,0.0,0.0,0.0,0.0,,-,2.0,54.0,12949.0,194.0
186423,2010,1974.0,0.0,0.0,0.0,0.0,0.0,0.0,,-,1.0,,15153.0,161.0
186423,2011,2130.0,0.0,0.0,0.0,0.0,0.0,0.0,,-,1.0,,15704.0,160.0
186423,2012,2150.0,0.0,0.0,0.0,0.0,0.0,0.0,,-,1.0,,16576.0,141.0
186423,2013,1720.0,0.0,0.0,0.0,0.0,0.0,0.0,,-,,,16646.0,156.0
186423,2014,1227.0,0.0,0.0,0.0,0.0,0.0,0.0,,-,,,17379.0,206.0
186423,2015,1530.0,0.0,0.0,0.0,0.0,0.0,0.0,,-,,,18231.0,188.0
186423,2016,1188.0,0.0,0.0,0.0,0.0,0.0,0.0,,-,,,,331.0
186423,2017,1255.0,0.0,0.0,0.0,0.0,0.0,0.0,,-,,,,313.0
186423,2018,1152.0,0.0,0.0,0.0,0.0,0.0,0.0,,-,,,,339.0
186423,2019,1674.0,0.0,0.0,0.0,0.0,0.0,0.0,,-,,,,279.0
186423,2020,1636.0,0.0,0.0,0.0,0.0,0.0,0.0,,-,,,,270.0
186423,2021,1571.0,0.0,0.0,0.0,0.0,0.0,0.0,,-,,,,294.0
186423,2022,1249.0,0.0,0.0,0.0,0.0,0.0,0.0,,-,,,,401.0
186423,2023,976.0,0.0,0.0,0.0,0.0,0.0,0.0,,-,,,,610.0
186423,2024,972.0,0.0,0.0,0.0,0.0,0.0,0.0,,-,,,,523.0
186432,1998,77387.0,406.0,76.0,0.6885,0.7452,0.7575,0.7891,1.3137,o,,,,
186432,1999,77442.0,392.0,46.0,0.6431,0.6722,0.6784,0.6942,1.1653,o,,,,
186432,2000,73367.0,416.0,33.0,0.7074,0.7,0.6984,0.6946,0.9643,o,,,,
186432,2001,76993.0,379.0,6.0,0.5954,0.5688,0.5635,0.5504,0.8545,o,,,,
186432,2002,72701.0,425.0,25.0,0.7221,0.6809,0.6726,0.6524,0.8163,o,462.0,,28672.0,
186432,2003,67106.0,478.0,19.0,0.8718,0.8119,0.8,0.7711,0.7824,o,482.0,,29498.0,578.0
186432,2004,64600.0,401.0,9.0,0.7533,0.7122,0.704,0.6839,0.8245,o,555.0,,30832.0,594.0
186432,2005,63768.0,383.0,31.0,0.7499,0.7466,0.7459,0.7442,0.9848,o,511.0,,31789.0,605.0
186432,2006,63328.0,372.0,23.0,0.7267,0.7466,0.7508,0.7614,1.0978,o,569.0,,33016.0,638.0
186432,2007,84270.0,374.0,38.0,0.5596,0.5819,0.5866,0.5986,1.1441,o,565.0,132.0,34255.0,507.0
186432,2008,67413.0,457.0,21.0,0.8322,0.854,0.8586,0.8702,1.0935,o,581.0,125.0,35158.0,660.0
186432,2010,70578.0,411.0,25.0,0.7201,0.7277,0.7293,0.7333,1.037,o,509.0,132.0,38411.0,735.0
186432,2011,70204.0,412.0,26.0,0.7265,0.71,0.7067,0.6984,0.9242,o,423.0,146.0,39550.0,733.0
186432,2012,67331.0,489.0,12.0,0.8822,0.8309,0.8206,0.7956,0.8133,o,396.0,201.0,40546.0,734.0
186432,2013,63990.0,485.0,15.0,0.9236,0.8434,0.8277,0.7898,0.7312,o,610.0,127.0,41735.0,759.0
186432,2014,68922.0,446.0,17.0,0.7913,0.782,0.7801,0.7753,0.9599,o,584.0,144.0,42505.0,719.0
186432,2015,70751.0,486.0,20.0,0.8413,0.9039,0.9175,0.9522,1.2811,o,569.0,139.0,43383.0,733.0
186432,2016,71457.0,381.0,7.0,0.6457,0.713,0.7278,0.7661,1.4078,o,626.0,160.0,44336.0,728.0
186432,2017,76077.0,556.0,4.0,0.8802,0.9252,0.9348,0.9593,1.1879,o,651.0,115.0,44862.0,731.0
186432,2018,76397.0,476.0,11.0,0.7563,0.7712,0.7743,0.7822,1.0695,o,563.0,121.0,45367.0,721.0
186432,2019,76125.0,535.0,5.0,0.8473,0.8601,0.8627,0.8694,1.0529,o,431.0,110.0,45741.0,698.0
186432,2020,71165.0,518.0,8.0,0.8802,0.8344,0.8253,0.8028,0.8318,o,425.0,112.0,46587.0,708.0
186432,2021,65105.0,550.0,14.0,1.0266,0.9142,0.8925,0.8405,0.6703,o,404.0,204.0,45242.0,650.0
186432,2022,60984.0,511.0,21.0,1.0262,0.9187,0.8979,0.848,0.6829,o,401.0,225.0,42521.0,606.0
186432,2023,59634.0,510.0,20.0,1.0464,0.9843,0.9719,0.9417,0.8099,o,453.0,314.0,41292.0,607.0
186432,2024,66221.0,451.0,11.0,0.8272,0.8267,0.8266,0.8263,0.9977,o,535.0,325.0,41054.0,564.0
186469,1998,21893.0,0.0,101.0,0.2768,0.275,0.2704,0.2683,0.9102,o,,,,
186469,1999,20904.0,0.0,93.0,0.2669,0.2621,0.2501,0.245,0.7712,o,,,,
186469,2000,21749.0,0.0,85.0,0.2345,0.2351,0.2368,0.2375,1.04,o,,,,
186469,2001,20658.0,0.0,56.0,0.1626,0.1642,0.1682,0.17,1.1429,o,,,,
186469,2002,22705.0,0.0,83.0,0.2193,0.2248,0.2393,0.2461,1.4169,o,283.0,,4305.0,
186469,2003,24160.0,0.0,75.0,0.1863,0.1922,0.2084,0.2161,1.5679,o,250.0,,4733.0,
186469,2004,23122.0,0.0,86.0,0.2232,0.2234,0.2241,0.2244,1.0163,o,245.0,,4934.0,119.0
186469,2005,23608.0,0.0,80.0,0.2033,0.2021,0.1991,0.1978,0.9193,o,279.0,,4933.0,121.0
186469,2006,27038.0,0.0,103.0,0.2286,0.2305,0.2355,0.2378,1.1273,o,191.0,,5149.0,138.0
186469,2007,29165.0,0.0,119.0,0.2448,0.2395,0.2262,0.2206,0.729,o,248.0,17.0,4998.0,135.0
186469,2008,27839.0,0.0,144.0,0.3104,0.3115,0.3146,0.3159,1.0553,o,296.0,4.0,4968.0,145.0
186469,2009,29525.0,0.0,139.0,0.2825,0.2884,0.3044,0.3118,1.3485,o,332.0,,5057.0,147.0
186469,2010,36112.0,0.0,157.0,0.2609,0.2645,0.2742,0.2786,1.2206,o,351.0,21.0,5395.0,205.0
186469,2011,35466.0,0.0,181.0,0.3062,0.3086,0.3149,0.3177,1.1178,o,348.0,54.0,5478.0,203.0
186469,2012,31903.0,0.0,185.0,0.3479,0.3484,0.3496,0.3501,1.019,o,301.0,37.0,5339.0,202.0
186469,2013,30424.0,0.0,193.0,0.3806,0.3767,0.3667,0.3623,0.8612,o,304.0,49.0,5326.0,208.0
186469,2014,29299.0,0.0,201.0,0.4116,0.4097,0.405,0.4028,0.9368,o,323.0,71.0,5245.0,199.0
186469,2015,26660.0,0.0,197.0,0.4434,0.4454,0.4507,0.4531,1.0678,o,359.0,74.0,5201.0,195.0
186469,2016,25969.0,0.0,225.0,0.5199,0.5248,0.5378,0.5436,1.1451,o,261.0,87.0,5321.0,199.0
186469,2017,25045.0,0.0,213.0,0.5103,0.5008,0.4773,0.4672,0.7654,o,240.0,91.0,5232.0,197.0
186469,2018,23200.0,0.0,227.0,0.5871,0.5766,0.5507,0.5395,0.7742,o,228.0,71.0,6169.0,216.0
186469,2019,24278.0,0.0,190.0,0.4696,0.4665,0.4586,0.4552,0.9102,o,290.0,50.0,6186.0,206.0
186469,2020,26801.0,0.0,194.0,0.4343,0.4409,0.4582,0.4662,1.2393,o,231.0,87.0,6490.0,207.0
186469,2021,24225.0,0.0,180.0,0.4458,0.4423,0.4332,0.4293,0.8919,o,284.0,93.0,6478.0,227.0
186469,2022,28528.0,0.0,212.0,0.4459,0.4486,0.4556,0.4588,1.0902,o,255.0,114.0,6253.0,189.0
186469,2023,28693.0,0.0,199.0,0.4161,0.4158,0.4151,0.4148,0.9903,o,256.0,123.0,6180.0,160.0
186469,2024,29383.0,0.0,214.0,0.437,0.4354,0.4314,0.4296,0.9499,o,258.0,128.0,6150.0,149.0
186584,1998,143783.0,965.0,0.0,0.8054,0.8173,0.8198,0.826,1.0519,o,,,,
186584,1999,149152.0,884.0,0.0,0.7112,0.7514,0.7599,0.7818,1.2084,o,,,,
186584,2000,144965.0,886.0,0.0,0.7334,0.7714,0.7795,0.8001,1.1901,o,,,,
186584,2001,147850.0,930.0,0.0,0.7548,0.7725,0.7762,0.7855,1.083,o,,,,
186584,2002,152567.0,949.0,0.0,0.7464,0.7494,0.75,0.7516,1.0139,o,1164.0,,33605.0,
186584,2003,152187.0,969.0,0.0,0.7641,0.7685,0.7695,0.7718,1.0203,o,1248.0,,35398.0,1077.0
186584,2004,161420.0,972.0,0.0,0.7226,0.7404,0.7441,0.7535,1.0875,o,1238.0,,36243.0,1054.0
186584,2005,167317.0,1027.0,0.0,0.7366,0.7502,0.753,0.7602,1.0651,o,1120.0,,36199.0,1042.0
186584,2006,164347.0,1031.0,0.0,0.7528,0.7523,0.7522,0.752,0.9979,o,1060.0,,36552.0,1023.0
186584,2007,160936.0,1098.0,0.0,0.8187,0.795,0.7902,0.7783,0.9038,o,1260.0,206.0,38397.0,1037.0
186584,2008,149688.0,1033.0,0.0,0.8281,0.8117,0.8083,0.8,0.9332,o,1219.0,258.0,40754.0,1133.0
186584,2009,152135.0,1017.0,0.0,0.8022,0.8139,0.8164,0.8225,1.0513,o,1139.0,338.0,43481.0,1168.0
186584,2010,151494.0,967.0,0.0,0.766,0.7836,0.7873,0.7966,1.0817,o,1313.0,293.0,43557.0,1033.0
186584,2011,156483.0,993.0,0.0,0.7615,0.7738,0.7764,0.7829,1.0569,o,993.0,323.0,44516.0,986.0
186584,2012,149216.0,1241.0,0.0,0.998,0.9773,0.9731,0.9626,0.9302,o,1461.0,440.0,45567.0,1001.0
186584,2013,162550.0,1052.0,0.0,0.7766,0.7857,0.7875,0.7923,1.0407,o,1342.0,432.0,46454.0,1001.0
186584,2014,171820.0,1179.0,0.0,0.8234,0.856,0.8629,0.8804,1.1431,o,1265.0,310.0,47160.0,994.0
186584,2015,171577.0,1101.0,0.0,0.77,0.7979,0.8038,0.8187,1.1305,o,1406.0,306.0,48206.0,989.0
186584,2016,179422.0,1340.0,0.0,0.8962,0.9185,0.9232,0.935,1.0884,o,1243.0,371.0,49358.0,971.0
186584,2017,177101.0,1410.0,0.0,0.9554,0.9399,0.9367,0.9288,0.9451,o,1459.0,299.0,50046.0,981.0
186584,2018,179900.0,1259.0,0.0,0.8398,0.8486,0.8504,0.855,1.0364,o,1525.0,292.0,50584.0,974.0
186584,2019,184735.0,1375.0,0.0,0.8932,0.9223,0.9285,0.9441,1.1172,o,1631.0,200.0,51456.0,986.0
186584,2020,185267.0,1231.0,0.0,0.7973,0.8389,0.8477,0.8703,1.1914,o,1336.0,172.0,52621.0,1008.0
186584,2021,182033.0,1322.0,0.0,0.8715,0.8955,0.9005,0.9132,1.0981,o,1684.0,144.0,52864.0,973.0
186584,2022,185310.0,1291.0,0.0,0.836,0.8389,0.8395,0.841,1.0121,o,1512.0,180.0,51429.0,934.0
186584,2023,194849.0,1336.0,0.0,0.8228,0.8258,0.8264,0.828,1.0127,o,1572.0,177.0,50681.0,884.0
186584,2024,197122.0,1193.0,0.0,0.7263,0.7344,0.7361,0.7404,1.0394,o,1601.0,171.0,51370.0,884.0
186618,1998,27207.0,210.0,0.0,0.9262,0.9375,0.9399,0.9458,1.0426,o,,,,
186618,1999,28505.0,234.0,0.0,0.9851,1.0108,1.0162,1.0299,1.093,o,,,,
186618,2000,28237.0,251.0,0.0,1.0667,1.071,1.0719,1.0742,1.0141,o,,,,
186618,2002,26380.0,226.0,0.0,1.0281,1.0457,1.0493,1.0586,1.0603,o,148.0,,26780.0,
186618,2003,26620.0,181.0,0.0,0.8159,0.8249,0.8267,0.8314,1.0383,o,151.0,,27827.0,576.0
186618,2004,28927.0,212.0,0.0,0.8795,0.8927,0.8954,0.9024,1.0528,o,164.0,,27280.0,585.0
186618,2005,29377.0,263.0,0.0,1.0743,1.0907,1.0941,1.1027,1.0535,o,138.0,,28066.0,622.0
186618,2006,27637.0,216.0,0.0,0.9379,0.9415,0.9423,0.9441,1.0134,o,158.0,,29043.0,637.0
186618,2007,27608.0,281.0,0.0,1.2214,1.2178,1.2171,1.2152,0.99,o,160.0,165.0,32516.0,653.0
186618,2008,25919.0,251.0,0.0,1.1621,1.1653,1.1659,1.1676,1.0095,o,159.0,215.0,32994.0,703.0
186618,2009,25323.0,253.0,0.0,1.1989,1.2181,1.2221,1.2322,1.0563,o,179.0,176.0,34770.0,751.0
186618,2010,25995.0,212.0,0.0,0.9786,1.017,1.0252,1.0458,1.1419,o,117.0,169.0,35820.0,748.0
186618,2011,24337.0,233.0,0.0,1.1489,1.1252,1.1204,1.1084,0.9308,o,180.0,43.0,37533.0,809.0
186618,2012,23623.0,257.0,0.0,1.3055,1.2787,1.2733,1.2597,0.931,o,146.0,127.0,38398.0,801.0
186618,2013,22244.0,262.0,0.0,1.4134,1.3987,1.3956,1.3881,0.9645,o,124.0,99.0,39979.0,813.0
186618,2014,20035.0,240.0,0.0,1.4375,1.3997,1.392,1.3729,0.9122,o,141.0,79.0,40939.0,827.0
186618,2015,19719.0,252.0,0.0,1.5335,1.4837,1.4736,1.4486,0.8923,o,101.0,102.0,40594.0,791.0
186618,2016,17829.0,259.0,0.0,1.7432,1.5989,1.5706,1.5019,0.7423,o,167.0,125.0,41081.0,776.0
186618,2017,17618.0,227.0,0.0,1.5461,1.5428,1.5421,1.5404,0.9926,o,164.0,124.0,41153.0,774.0
186618,2018,18543.0,236.0,0.0,1.5273,1.629,1.6509,1.7069,1.2491,o,182.0,126.0,41290.0,733.0
186618,2019,18861.0,171.0,0.0,1.088,1.2068,1.233,1.3009,1.4298,o,170.0,122.0,40994.0,720.0
186618,2020,21488.0,213.0,0.0,1.1895,1.2874,1.3086,1.3632,1.3134,o,142.0,98.0,41138.0,664.0
186618,2021,21205.0,191.0,0.0,1.0809,1.0625,1.0587,1.0494,0.9426,o,107.0,86.0,40708.0,727.0
186618,2022,19337.0,188.0,0.0,1.1667,1.0605,1.0398,0.9897,0.7197,o,164.0,57.0,38260.0,629.0
186618,2023,19281.0,169.0,0.0,1.0518,0.975,0.9598,0.9229,0.7699,o,140.0,57.0,36158.0,576.0
186618,2024,19155.0,149.0,0.0,0.9334,0.9264,0.925,0.9214,0.9744,o,117.0,47.0,35942.0,644.0
186645,1998,91717.0,0.0,479.0,0.3134,0.3151,0.3196,0.3216,1.0823,o,,,,
186645,1999,92113.0,0.0,424.0,0.2762,0.278,0.2827,0.2848,1.0977,o,,,,
186645,2000,84537.0,0.0,387.0,0.2747,0.2754,0.2772,0.278,1.0376,o,,,,
186645,2001,99708.0,0.0,379.0,0.2281,0.2277,0.2266,0.2262,0.9754,o,,,,
186645,2002,104592.0,0.0,369.0,0.2117,0.2102,0.2066,0.205,0.9077,o,931.0,,4114.0,
186645,2003,117427.0,0.0,493.0,0.2519,0.2542,0.2601,0.2627,1.1361,o,1049.0,,4112.0,126.0
186645,2004,120009.0,0.0,509.0,0.2545,0.2581,0.2675,0.2718,1.2212,o,1055.0,,4096.0,125.0
186645,2005,118948.0,0.0,507.0,0.2557,0.2569,0.2598,0.2612,1.0657,o,1018.0,,4603.0,148.0
186645,2006,120172.0,0.0,520.0,0.2596,0.259,0.2575,0.2568,0.9677,o,1173.0,,4924.0,145.0
186645,2007,115379.0,0.0,544.0,0.2829,0.2854,0.2918,0.2947,1.1317,o,1275.0,500.0,5097.0,175.0
186645,2008,143970.0,0.0,617.0,0.2571,0.2599,0.2671,0.2703,1.1639,o,1458.0,487.0,5107.0,149.0
186645,2009,143047.0,0.0,701.0,0.294,0.2977,0.3072,0.3115,1.1912,o,1595.0,621.0,5194.0,168.0
186645,2010,156486.0,0.0,839.0,0.3217,0.3252,0.3344,0.3385,1.1672,o,1634.0,706.0,5436.0,155.0
186645,2011,189873.0,0.0,961.0,0.3037,0.3051,0.3089,0.3106,1.0704,o,1588.0,622.0,5360.0,127.0
186645,2012,187695.0,0.0,936.0,0.2992,0.2989,0.298,0.2976,0.9836,o,1499.0,486.0,5347.0,121.0
186645,2013,172056.0,0.0,953.0,0.3323,0.3307,0.3264,0.3245,0.9305,o,1586.0,447.0,5860.0,149.0
186645,2014,169946.0,0.0,991.0,0.3499,0.3505,0.3523,0.353,1.0275,o,1526.0,388.0,4927.0,158.0
186645,2015,167339.0,0.0,1043.0,0.374,0.3737,0.373,0.3726,0.9893,o,1405.0,345.0,5034.0,162.0
186645,2016,167349.0,0.0,1035.0,0.3711,0.3684,0.3617,0.3588,0.903,o,1664.0,401.0,5248.0,169.0
186645,2017,165288.0,0.0,1193.0,0.4331,0.4369,0.447,0.4516,1.1354,o,1676.0,379.0,5385.0,175.0
186645,2018,163879.0,0.0,1055.0,0.3863,0.3887,0.3949,0.3977,1.0922,o,1524.0,369.0,5504.0,172.0
186645,2019,157184.0,0.0,1132.0,0.4321,0.4293,0.4223,0.4193,0.9126,o,1548.0,369.0,5628.0,170.0
186645,2020,153359.0,0.0,1100.0,0.4304,0.4294,0.4268,0.4257,0.9675,o,1435.0,247.0,5832.0,165.0
186645,2021,138798.0,0.0,1160.0,0.5014,0.4991,0.493,0.4903,0.9342,o,1346.0,255.0,6107.0,152.0
186645,2022,124528.0,0.0,1068.0,0.5146,0.5109,0.5015,0.4974,0.9024,o,1381.0,252.0,5740.0,146.0
186645,2023,128487.0,0.0,912.0,0.4259,0.4257,0.4252,0.4249,0.9932,o,1447.0,302.0,5565.0,148.0
186645,2024,135578.0,0.0,931.0,0.412,0.4137,0.4182,0.4202,1.0612,o,1471.0,358.0,5520.0,149.0
186867,1998,47753.0,249.0,0.0,0.6257,0.6381,0.6407,0.6472,1.07,o,,,,
186867,1999,51251.0,291.0,0.0,0.6814,0.6884,0.6899,0.6936,1.0364,o,,,,
186867,2000,54627.0,287.0,0.0,0.6305,0.6432,0.6458,0.6526,1.0713,o,,,,
186867,2001,56946.0,288.0,0.0,0.6069,0.626,0.63,0.6402,1.1129,o,,,,
186867,2002,59224.0,305.0,0.0,0.618,0.6417,0.6468,0.6595,1.1389,o,351.0,,41383.0,
186867,2003,60511.0,382.0,0.0,0.7575,0.7674,0.7695,0.7747,1.0458,o,395.0,,43589.0,757.0
186867,2004,59181.0,352.0,0.0,0.7137,0.7129,0.7127,0.7123,0.996,o,438.0,,43117.0,755.0
186867,2005,59282.0,365.0,0.0,0.7388,0.7533,0.7564,0.764,1.0693,o,480.0,,46356.0,754.0
186867,2006,59512.0,354.0,0.0,0.7138,0.7557,0.7647,0.7876,1.2175,o,483.0,,47116.0,775.0
186867,2007,62911.0,298.0,0.0,0.5684,0.6121,0.6216,0.6458,1.2909,o,523.0,50.0,48017.0,784.0
186867,2008,61200.0,370.0,0.0,0.7255,0.7663,0.775,0.7973,1.2077,o,546.0,46.0,51363.0,862.0
186867,2009,71176.0,419.0,0.0,0.7064,0.7383,0.7451,0.7623,1.1645,o,566.0,54.0,52200.0,1036.0
186867,2010,75149.0,414.0,0.0,0.6611,0.6893,0.6952,0.7104,1.1547,o,568.0,52.0,54578.0,908.0
186867,2011,78940.0,484.0,0.0,0.7357,0.7618,0.7672,0.7812,1.1272,o,559.0,63.0,55581.0,1049.0
186867,2012,75764.0,472.0,0.0,0.7476,0.7591,0.7615,0.7676,1.0543,o,614.0,49.0,56849.0,1255.0
186867,2013,80818.0,507.0,0.0,0.7528,0.7646,0.767,0.7732,1.0549,o,622.0,,57744.0,1262.0
186867,2014,87988.0,555.0,0.0,0.7569,0.7761,0.7801,0.7902,1.0899,o,734.0,40.0,58575.0,1193.0
186867,2015,94441.0,532.0,0.0,0.676,0.7132,0.7212,0.7415,1.2032,o,686.0,36.0,59224.0,1154.0
186867,2016,98152.0,563.0,0.0,0.6883,0.7275,0.7359,0.7573,1.2106,o,737.0,22.0,61179.0,1045.0
186867,2017,100160.0,638.0,0.0,0.7644,0.7963,0.803,0.8202,1.1513,o,762.0,25.0,62258.0,1065.0
186867,2018,102694.0,689.0,0.0,0.8051,0.8289,0.8339,0.8465,1.1055,o,1009.0,21.0,63004.0,1064.0
186867,2019,111893.0,766.0,0.0,0.8215,0.8758,0.8875,0.9174,1.2472,o,969.0,23.0,63697.0,1090.0
186867,2020,119295.0,724.0,0.0,0.7283,0.8013,0.8173,0.8586,1.39,o,918.0,46.0,64922.0,1089.0
186867,2021,124125.0,768.0,0.0,0.7425,0.7937,0.8048,0.833,1.2588,o,1091.0,27.0,65309.0,1044.0
186867,2022,129861.0,929.0,0.0,0.8585,0.8904,0.8972,0.9143,1.1344,o,1010.0,35.0,62443.0,1015.0
186867,2023,132280.0,948.0,0.0,0.86,0.8752,0.8783,0.8863,1.0622,o,1024.0,32.0,60685.0,998.0
186867,2024,133324.0,871.0,0.0,0.784,0.8012,0.8048,0.8139,1.0779,o,1055.0,47.0,60952.0,1008.0
186876,1998,169994.0,1357.0,0.0,0.9579,0.9576,0.9575,0.9573,0.9987,o,,,,
186876,1999,169288.0,1371.0,0.0,0.9718,0.9699,0.969,0.9677,0.9916,o,,,,
186876,2000,170408.0,1456.0,0.0,1.0253,1.0263,1.0267,1.0273,1.004,o,,,,
186876,2001,173843.0,1339.0,0.0,0.9243,0.9237,0.9234,0.923,0.9973,o,,,,
186876,2002,178112.0,1437.0,0.0,0.9682,0.9698,0.9706,0.9716,1.0072,o,803.0,,8897.0,
186876,2003,184072.0,1402.0,0.0,0.914,0.9248,0.9298,0.9367,1.0503,o,825.0,,9516.0,192.0
186876,2004,191824.0,1586.0,0.0,0.9922,1.014,1.0241,1.0381,1.0948,o,826.0,,10322.0,224.0
186876,2005,193656.0,1638.0,0.0,1.015,1.0324,1.0405,1.0516,1.0735,o,812.0,,11594.0,239.0
186876,2006,193852.0,1629.0,0.0,1.0084,1.0162,1.0198,1.0248,1.0328,o,812.0,,13078.0,279.0
186876,2007,202232.0,1654.0,0.0,0.9814,0.9809,0.9806,0.9802,0.9975,o,798.0,987.0,13699.0,309.0
186876,2008,202201.0,1723.0,0.0,1.0225,1.0164,1.0136,1.0098,0.9752,o,844.0,846.0,14190.0,324.0
186876,2009,200570.0,1757.0,0.0,1.0512,1.0518,1.0521,1.0525,1.0024,o,872.0,1009.0,15207.0,317.0
186876,2010,211608.0,1729.0,0.0,0.9805,0.9935,0.9996,1.0079,1.0566,o,861.0,1061.0,15639.0,296.0
186876,2011,221016.0,1863.0,0.0,1.0115,1.0295,1.0379,1.0494,1.0764,o,973.0,1072.0,16099.0,300.0
186876,2012,229585.0,1902.0,0.0,0.9941,1.0209,1.0334,1.0507,1.1169,o,1003.0,1062.0,16277.0,312.0
186876,2013,236404.0,1934.0,0.0,0.9817,1.0155,1.0314,1.0535,1.1515,o,1069.0,1036.0,16472.0,310.0
186876,2014,242371.0,1913.0,0.0,0.9471,0.9886,1.0083,1.0356,1.1956,o,1186.0,1064.0,16223.0,302.0
186876,2015,250231.0,1989.0,0.0,0.9538,1.0023,1.0254,1.0577,1.2296,o,1151.0,1032.0,16407.0,313.0
186876,2016,254329.0,2095.0,0.0,0.9885,1.0291,1.0483,1.075,1.1827,o,1190.0,971.0,16620.0,378.0
186876,2017,254832.0,1997.0,0.0,0.9404,0.9683,0.9814,0.9996,1.1298,o,1569.0,988.0,16670.0,381.0
186876,2018,270209.0,2033.0,0.0,0.9029,0.9476,0.9689,0.9987,1.2235,o,1595.0,1017.0,16705.0,369.0
186876,2019,279675.0,2018.0,0.0,0.8659,0.9312,0.9627,1.0075,1.3539,o,1537.0,1119.0,16764.0,365.0
186876,2020,294350.0,2020.0,0.0,0.8235,0.8831,0.9118,0.9525,1.3379,o,1411.0,904.0,16885.0,370.0
186876,2021,292081.0,2269.0,0.0,0.9322,0.9471,0.9541,0.9636,1.0685,o,1358.0,943.0,16725.0,379.0
186876,2022,275351.0,2146.0,0.0,0.9352,0.9058,0.8926,0.8749,0.8752,o,1562.0,808.0,16329.0,340.0
186876,2023,272041.0,2124.0,0.0,0.9369,0.9213,0.9142,0.9047,0.9323,o,1530.0,728.0,15722.0,287.0
186876,2024,270632.0,2046.0,0.0,0.9072,0.9177,0.9225,0.9291,1.0488,o,1453.0,736.0,15532.0,265.0
186900,1998,465.0,1.0,0.0,0.2581,0.2768,0.2808,0.2911,1.2727,o,,,,
186900,1999,435.0,1.0,0.0,0.2759,0.272,0.2712,0.2692,0.9524,o,,,,
186900,2000,600.0,0.0,0.0,0.0,0.0,0.0,0.0,0.6923,o,,,,
186900,2001,774.0,2.0,0.0,0.3101,0.2891,0.285,0.2749,0.7857,o,,,,
186900,2002,930.0,1.0,0.0,0.129,0.1164,0.1139,0.108,0.7,o,14.0,,7968.0,
186900,2003,1050.0,0.0,0.0,0.0,0.0,0.0,0.0,1.0,o,10.0,,8497.0,121.0
186900,2004,1050.0,0.0,0.0,0.0,0.0,0.0,0.0,1.0909,o,12.0,,11608.0,78.0
186900,2005,1440.0,1.0,0.0,0.0833,0.095,0.0976,0.1045,1.5714,o,21.0,,12313.0,55.0
186900,2006,1545.0,3.0,0.0,0.233,0.2778,0.2881,0.3155,1.8333,o,4.0,,12465.0,377.0
186900,2007,1425.0,5.0,0.0,0.4211,0.4261,0.4271,0.4297,1.0417,o,,8.0,12704.0,532.0
186900,2008,1365.0,8.0,0.0,0.7033,0.4825,0.4463,0.3673,0.2727,i,1.0,19.0,13463.0,325.0
186900,2009,1620.0,1.0,0.0,0.0741,0.037,0.032,0.0223,0.0909,i,5.0,36.0,13813.0,369.0
186900,2010,1770.0,4.0,0.0,0.2712,0.1793,0.1646,0.1329,0.24,o,22.0,9.0,14295.0,357.0
186900,2011,2088.0,6.0,0.0,0.3448,0.5334,0.5837,0.7315,4.5,i,8.0,32.0,14657.0,491.0
186900,2012,2496.0,7.0,0.0,0.3365,0.6562,0.7534,1.0642,10.0,i,12.0,21.0,14627.0,295.0
186900,2013,2325.0,5.0,0.0,0.2581,0.3659,0.3933,0.4712,3.3333,o,18.0,32.0,14705.0,340.0
186900,2014,2340.0,7.0,0.0,0.359,0.3701,0.3725,0.3784,1.1111,o,6.0,30.0,14482.0,348.0
186900,2016,2550.0,9.0,0.0,0.4235,0.441,0.4448,0.4542,1.15,o,10.0,12.0,15557.0,399.0
186900,2017,3270.0,11.0,0.0,0.4037,0.3915,0.3891,0.383,0.9,o,10.0,27.0,16572.0,230.0
186900,2018,3030.0,4.0,0.0,0.1584,0.1503,0.1486,0.1446,0.8333,o,4.0,24.0,16575.0,251.0
186900,2019,2700.0,14.0,0.0,0.6222,0.5388,0.523,0.4855,0.6087,o,6.0,10.0,16717.0,264.0
186900,2020,2250.0,15.0,0.0,0.8,0.5998,0.5651,0.4869,0.3704,o,7.0,22.0,16467.0,436.0
186900,2021,2970.0,2.0,0.0,0.0808,0.0713,0.0695,0.0651,0.65,o,8.0,21.0,16225.0,328.0
186900,2022,2820.0,1.0,0.0,0.0426,0.0434,0.0436,0.044,1.0714,o,12.0,11.0,15688.0,325.0
186900,2023,2760.0,5.0,0.0,0.2174,0.2658,0.2771,0.3074,2.0,o,10.0,9.0,14803.0,320.0
186900,2024,2550.0,9.0,4.0,0.5176,0.603,0.6223,0.6734,1.6923,o,10.0,16.0,15800.0,408.0
187000,2020,10192.0,0.0,0.0,0.0,0.0,0.0,0.0,,-,38.0,,,806.0
187000,2021,13078.0,0.0,0.0,0.0,0.0,0.0,0.0,,-,47.0,,19536.0,415.0
187000,2022,14668.0,0.0,0.0,0.0,0.0,0.0,0.0,,-,53.0,,18383.0,591.0
187000,2023,19261.0,0.0,0.0,0.0,0.0,0.0,0.0,,-,89.0,,17346.0,534.0
187000,2024,22230.0,0.0,0.0,0.0,0.0,0.0,0.0,,-,150.0,,16757.0,578.0
187046,1998,84390.0,857.0,177.0,1.3445,1.3445,1.3445,1.3445,,x,,,,
187046,1999,84360.0,853.0,159.0,1.3265,1.3265,1.3265,1.3265,,x,,,,
187046,2006,88608.0,1602.0,271.0,2.3531,2.3531,2.3531,2.3531,,x,,,,355.0
187046,2007,99414.0,1734.0,398.0,2.3333,2.3333,2.3333,2.3333,,x,,7247.0,,361.0
187046,2008,102486.0,1915.0,492.0,2.5303,2.5303,2.5303,2.5303,,x,,6384.0,6434.0,379.0
187046,2009,103098.0,1970.0,454.0,2.5572,2.5572,2.5572,2.5572,,x,,6955.0,6554.0,416.0
187046,2010,117099.0,2108.0,501.0,2.4169,2.4169,2.4169,2.4169,,x,,6724.0,6711.0,388.0
187046,2011,118527.0,2200.0,525.0,2.4931,2.4931,2.4931,2.4931,,x,,7808.0,6816.0,402.0
187046,2012,125568.0,2393.0,677.0,2.6104,2.6104,2.6104,2.6104,,x,,7840.0,7241.0,421.0
187046,2013,133473.0,2506.0,705.0,2.57,2.57,2.57,2.57,,x,,7846.0,7363.0,431.0
187046,2014,136995.0,2654.0,581.0,2.5792,2.5792,2.5792,2.5792,,x,,7355.0,7505.0,430.0
187046,2015,115153.0,2445.0,587.0,2.8538,2.8538,2.8538,2.8538,,x,,2748.0,7664.0,512.0
187046,2016,117729.0,2334.0,526.0,2.6471,2.6471,2.6471,2.6471,,x,,2536.0,7954.0,480.0
187046,2017,113523.0,2167.0,404.0,2.5042,2.5042,2.5042,2.5042,,x,,2633.0,8095.0,474.0
187046,2018,110270.0,1900.0,403.0,2.2869,2.2869,2.2869,2.2869,,x,,2452.0,9098.0,476.0
187046,2019,100751.0,1917.0,419.0,2.5328,2.5328,2.5328,2.5328,,x,,2209.0,9175.0,465.0
187046,2020,98710.0,1782.0,384.0,2.3998,2.3998,2.3998,2.3998,,x,,2735.0,9527.0,457.0
187134,1998,174151.0,1272.0,0.0,0.8765,0.9018,0.9136,0.93,1.1258,o,,,,
187134,1999,169588.0,1200.0,0.0,0.8491,0.8887,0.9074,0.9336,1.209,o,,,,
187134,2000,176899.0,1250.0,0.0,0.8479,0.8771,0.8907,0.9097,1.1511,o,,,,
187134,2001,179745.0,1308.0,0.0,0.8732,0.8741,0.8745,0.875,1.0042,o,,,,
187134,2002,180004.0,1363.0,0.0,0.9086,0.8975,0.8924,0.8855,0.9497,o,1232.0,,11850.0,
187134,2003,175837.0,1298.0,0.0,0.8858,0.8928,0.896,0.9004,1.0331,o,1178.0,,12648.0,363.0
187134,2004,174878.0,1356.0,0.0,0.9305,0.9298,0.9295,0.9291,0.9971,o,1231.0,,13608.0,388.0
187134,2005,180373.0,1415.0,0.0,0.9414,0.9356,0.9329,0.9293,0.9745,o,1236.0,,14467.0,381.0
187134,2006,178859.0,1339.0,0.0,0.8984,0.8959,0.8948,0.8933,0.9888,o,1270.0,,15358.0,397.0
187134,2007,185441.0,1349.0,0.0,0.8729,0.8812,0.885,0.8902,1.0398,o,1297.0,273.0,15960.0,432.0
187134,2008,198335.0,1418.0,0.0,0.8579,0.8711,0.8772,0.8856,1.0656,o,1295.0,262.0,16546.0,433.0
187134,2009,199564.0,1487.0,0.0,0.8941,0.9048,0.9098,0.9165,1.0507,o,1284.0,324.0,17709.0,484.0
187134,2010,200408.0,1444.0,0.0,0.8646,0.8706,0.8734,0.8771,1.0291,o,1421.0,341.0,18186.0,477.0
187134,2011,222553.0,1479.0,0.0,0.7975,0.8076,0.8122,0.8186,1.0538,o,1371.0,263.0,18556.0,464.0
187134,2012,212155.0,1513.0,0.0,0.8558,0.8712,0.8783,0.8882,1.0772,o,1363.0,249.0,18895.0,504.0
187134,2013,210604.0,1490.0,0.0,0.849,0.861,0.8665,0.8741,1.0601,o,1404.0,254.0,19220.0,520.0
187134,2014,212243.0,1582.0,0.0,0.8944,0.8993,0.9016,0.9046,1.0229,o,1417.0,268.0,19393.0,523.0
187134,2015,215364.0,1538.0,0.0,0.857,0.8591,0.8601,0.8614,1.0104,o,1453.0,249.0,19613.0,535.0
187134,2016,215494.0,1647.0,0.0,0.9171,0.9279,0.9329,0.9397,1.0497,o,1457.0,266.0,20051.0,540.0
187134,2017,216701.0,1586.0,0.0,0.8783,0.8889,0.8939,0.9007,1.0517,o,1542.0,241.0,20134.0,548.0
187134,2018,223982.0,1623.0,0.0,0.8695,0.8824,0.8884,0.8965,1.0631,o,1551.0,234.0,20126.0,546.0
187134,2019,225545.0,1685.0,0.0,0.8965,0.9127,0.9203,0.9307,1.0777,o,1605.0,263.0,20196.0,543.0
187134,2020,236273.0,1649.0,0.0,0.8375,0.854,0.8616,0.8722,1.0845,o,1428.0,269.0,20340.0,518.0
187134,2021,234192.0,1719.0,0.0,0.8808,0.8832,0.8843,0.8858,1.0113,o,1476.0,208.0,18710.0,480.0
187134,2022,225987.0,1721.0,0.0,0.9139,0.9001,0.8939,0.8855,0.9389,o,1583.0,272.0,18964.0,497.0
187134,2023,227456.0,1725.0,0.0,0.9101,0.9033,0.9002,0.896,0.9693,o,1547.0,301.0,18610.0,459.0
187134,2024,230493.0,1589.0,0.0,0.8273,0.8335,0.8364,0.8404,1.032,o,1563.0,334.0,18685.0,451.0
187161,2001,23514.0,0.0,0.0,0.0,0.0,0.0,0.0,,-,,,,
187161,2005,28384.0,0.0,0.0,0.0,0.0,0.0,0.0,,-,172.0,,,440.0
187161,2008,31357.0,0.0,0.0,0.0,0.0,0.0,0.0,,-,200.0,,,424.0
187161,2011,60333.0,0.0,0.0,0.0,0.0,0.0,0.0,,-,160.0,,,363.0
187161,2012,41805.0,0.0,0.0,0.0,0.0,0.0,0.0,,-,123.0,,,432.0
187161,2013,38234.0,0.0,0.0,0.0,0.0,0.0,0.0,,-,156.0,,,373.0
187161,2014,35629.0,0.0,0.0,0.0,0.0,0.0,0.0,,-,52.0,,,343.0
187161,2016,4197.0,0.0,0.0,0.0,0.0,0.0,0.0,,-,,,,
187198,1998,161064.0,0.0,746.0,0.2779,0.2808,0.2885,0.292,1.1618,o,,,,
187198,1999,155936.0,0.0,688.0,0.2647,0.2669,0.2727,0.2753,1.1265,o,,,,
187198,2000,156816.0,0.0,617.0,0.2361,0.2378,0.2424,0.2445,1.1118,o,,,,
187198,2001,171791.0,0.0,575.0,0.2008,0.2017,0.204,0.205,1.0641,o,,,,
187198,2002,168053.0,0.0,591.0,0.211,0.2113,0.2122,0.2126,1.0232,o,1849.0,,3698.0,
187198,2003,181493.0,0.0,613.0,0.2027,0.2038,0.2068,0.2081,1.0835,o,2155.0,,3771.0,154.0
187198,2004,195081.0,0.0,608.0,0.187,0.1895,0.196,0.199,1.208,o,2011.0,,3720.0,145.0
187198,2005,201191.0,0.0,616.0,0.1837,0.1838,0.1839,0.184,1.0045,o,1134.0,,3610.0,146.0
187198,2006,202582.0,0.0,632.0,0.1872,0.1794,0.1608,0.1532,0.5444,o,2071.0,,3750.0,162.0
187198,2007,223942.0,0.0,705.0,0.1889,0.1926,0.2023,0.2069,1.317,o,2382.0,757.0,3920.0,148.0
187198,2008,233576.0,0.0,771.0,0.1981,0.2036,0.2187,0.2257,1.4864,o,2403.0,645.0,3969.0,143.0
187198,2009,245387.0,0.0,839.0,0.2051,0.2062,0.2091,0.2104,1.0793,o,2664.0,760.0,4040.0,132.0
187198,2010,275425.0,0.0,837.0,0.1823,0.1837,0.1873,0.1889,1.1135,o,2692.0,667.0,4151.0,130.0
187198,2011,228102.0,0.0,1002.0,0.2636,0.2647,0.2676,0.2689,1.0626,o,2114.0,480.0,4355.0,166.0
187198,2012,272861.0,0.0,1095.0,0.2408,0.2368,0.227,0.2227,0.7894,o,2444.0,631.0,4629.0,138.0
187198,2013,274425.0,0.0,1054.0,0.2304,0.2307,0.2314,0.2317,1.0171,o,2316.0,657.0,4820.0,139.0
187198,2014,261487.0,0.0,1222.0,0.2804,0.2807,0.2815,0.2819,1.0162,o,2309.0,880.0,6580.0,138.0
187198,2015,253182.0,0.0,1423.0,0.3372,0.3365,0.3347,0.3339,0.9702,o,2168.0,693.0,5483.0,144.0
187198,2016,241297.0,0.0,1505.0,0.3742,0.3725,0.3682,0.3663,0.9375,o,1858.0,721.0,5769.0,150.0
187198,2017,217185.0,0.0,1581.0,0.4368,0.4311,0.4169,0.4107,0.83,o,1823.0,638.0,5890.0,160.0
187198,2018,212732.0,0.0,1588.0,0.4479,0.4448,0.4369,0.4335,0.9056,o,1866.0,724.0,5987.0,156.0
187198,2019,205433.0,0.0,1623.0,0.474,0.4745,0.4757,0.4762,1.0139,o,1835.0,667.0,6272.0,163.0
187198,2020,200315.0,0.0,1598.0,0.4786,0.4785,0.478,0.4778,0.9948,o,1580.0,518.0,6347.0,157.0
187198,2021,183274.0,0.0,1652.0,0.5408,0.5349,0.5199,0.5133,0.8538,o,1739.0,531.0,6164.0,168.0
187198,2022,176030.0,0.0,1519.0,0.5178,0.5184,0.5201,0.5209,1.0184,o,1867.0,559.0,5793.0,143.0
187198,2023,175973.0,0.0,1404.0,0.4787,0.4827,0.493,0.4977,1.125,o,1858.0,841.0,5467.0,132.0
187198,2024,183123.0,0.0,1402.0,0.4594,0.4603,0.4628,0.4639,1.0305,o,1815.0,790.0,5280.0,121.0
187222,1998,22675.0,63.0,113.0,0.6324,0.4116,0.338,0.2584,0.167,o,,,,
187222,1999,27930.0,80.0,81.0,0.5177,0.4103,0.3688,0.3189,0.3795,o,,,,
187222,2004,18528.0,101.0,98.0,0.9715,0.9715,0.9715,0.9715,,n,,,,1223.0
187222,2005,33240.0,164.0,137.0,0.8394,0.8394,0.8394,0.8394,,n,,,,567.0
187222,2006,28096.0,218.0,148.0,1.2472,1.2472,1.2472,1.2472,,n,,,,1202.0
187222,2007,26820.0,322.0,128.0,1.7271,1.7271,1.7271,1.7271,,n,,151.0,,1266.0
187222,2008,28147.0,358.0,108.0,1.7565,1.7565,1.7565,1.7565,,n,,203.0,,1421.0
187222,2009,20609.0,290.0,73.0,1.9011,1.9011,1.9011,1.9011,,n,,192.0,,
187222,2010,18572.0,299.0,77.0,2.1807,2.1807,2.1807,2.1807,,n,,271.0,,810.0
187222,2011,28401.0,335.0,70.0,1.5633,1.5633,1.5633,1.5633,,n,,269.0,,859.0
187222,2012,31081.0,441.0,83.0,1.8629,1.8629,1.8629,1.8629,,n,,337.0,,992.0
187222,2013,27678.0,349.0,73.0,1.6714,1.6714,1.6714,1.6714,,n,,,,
187444,1998,204381.0,1337.0,0.0,0.785,0.7865,0.7872,0.7881,1.008,o,,,,
187444,1999,214975.0,1301.0,0.0,0.7262,0.7719,0.7939,0.8247,1.2897,o,,,,
187444,2000,217730.0,1281.0,0.0,0.706,0.753,0.7755,0.8074,1.3079,o,,,,
187444,2001,223255.0,1270.0,0.0,0.6826,0.7021,0.7112,0.7238,1.1242,o,,,,
187444,2002,235765.0,1355.0,0.0,0.6897,0.7026,0.7087,0.717,1.0807,o,1396.0,,9874.0,
187444,2003,245385.0,1449.0,0.0,0.7086,0.7293,0.739,0.7524,1.1274,o,1365.0,,10876.0,288.0
187444,2004,253118.0,1558.0,0.0,0.7386,0.7626,0.7738,0.7894,1.1423,o,1520.0,,11807.0,327.0
187444,2005,259089.0,1609.0,0.0,0.7452,0.7642,0.7731,0.7853,1.1105,o,1412.0,,12799.0,354.0
187444,2006,252980.0,1662.0,0.0,0.7884,0.7973,0.8015,0.8072,1.0483,o,1390.0,,13618.0,386.0
187444,2007,248190.0,1684.0,0.0,0.8142,0.8171,0.8184,0.8202,1.0148,o,1438.0,901.0,14249.0,408.0
187444,2008,247778.0,1597.0,0.0,0.7734,0.7697,0.7681,0.7658,0.9802,o,1345.0,863.0,14627.0,432.0
187444,2009,240579.0,1534.0,0.0,0.7652,0.7556,0.7513,0.7455,0.9492,o,1455.0,1030.0,15096.0,447.0
187444,2010,279980.0,1539.0,0.0,0.6596,0.6595,0.6595,0.6594,0.9993,o,1524.0,1233.0,15493.0,404.0
187444,2011,275661.0,1615.0,0.0,0.703,0.7119,0.716,0.7216,1.0534,o,1402.0,1344.0,15688.0,441.0
187444,2012,278147.0,1987.0,0.0,0.8572,0.8676,0.8724,0.879,1.0514,o,1240.0,1445.0,15598.0,446.0
187444,2013,281088.0,1996.0,0.0,0.8521,0.8403,0.835,0.8277,0.9436,o,1295.0,1442.0,15632.0,433.0
187444,2014,272460.0,2043.0,0.0,0.8998,0.8656,0.8504,0.83,0.851,o,1171.0,1276.0,15691.0,440.0
187444,2015,260752.0,2134.0,0.0,0.9821,0.9426,0.925,0.9016,0.8428,o,1334.0,1189.0,15984.0,441.0
187444,2016,260209.0,2215.0,0.0,1.0215,1.0085,1.0026,0.9947,0.9481,o,1376.0,1133.0,16030.0,427.0
187444,2017,251972.0,2108.0,0.0,1.0039,1.0201,1.0277,1.038,1.069,o,1317.0,1010.0,16029.0,422.0
187444,2018,243547.0,2032.0,0.0,1.0012,1.0226,1.0325,1.0463,1.0921,o,1704.0,900.0,15768.0,400.0
187444,2019,238215.0,1785.0,0.0,0.8992,0.9405,0.9601,0.9875,1.206,o,1537.0,807.0,15936.0,390.0
187444,2020,233544.0,1938.0,0.0,0.9958,1.0395,1.0601,1.089,1.1959,o,1265.0,680.0,16070.0,395.0
187444,2021,213078.0,1755.0,0.0,0.9884,0.9978,1.0022,1.0082,1.0405,o,1000.0,739.0,16073.0,393.0
187444,2022,188843.0,1849.0,0.0,1.1749,1.0965,1.0623,1.0174,0.7498,o,806.0,790.0,15589.0,407.0
187444,2023,171994.0,1847.0,0.0,1.2886,1.1199,1.0501,0.962,0.5572,o,883.0,952.0,15138.0,325.0
187444,2024,165356.0,1895.0,0.0,1.3752,1.2179,1.1519,1.0677,0.6028,o,1037.0,929.0,15150.0,335.0
194718,2021,1020.0,3.0,0.0,0.3529,0.3529,0.3529,0.3529,,n,30.0,,9688.0,697.0
194718,2022,1680.0,2.0,0.0,0.1429,0.1429,0.1429,0.1429,,n,27.0,,9270.0,675.0
194718,2023,2550.0,0.0,0.0,0.0,0.0,0.0,0.0,,n,31.0,1.0,8747.0,496.0
194718,2024,2550.0,2.0,0.0,0.0941,0.0941,0.0941,0.0941,,n,29.0,,8450.0,555.0
245625,2000,21722.0,0.0,57.0,0.1574,0.1571,0.1563,0.1559,0.9712,o,,,,
245625,2001,16093.0,0.0,67.0,0.2498,0.2492,0.2475,0.2468,0.9641,o,,,,
245625,2002,19264.0,0.0,79.0,0.2461,0.2488,0.2559,0.2591,1.1693,o,217.0,,3222.0,
245625,2003,18729.0,0.0,68.0,0.2178,0.2142,0.2051,0.2012,0.7862,o,206.0,,3263.0,189.0
245625,2004,21168.0,0.0,77.0,0.2183,0.2149,0.2065,0.2029,0.8016,o,216.0,,3423.0,197.0
245625,2005,32500.0,0.0,93.0,0.1717,0.1719,0.1726,0.1729,1.0213,o,508.0,,3438.0,106.0
245625,2006,25247.0,0.0,111.0,0.2638,0.2805,0.3286,0.3525,2.4076,o,742.0,,3646.0,158.0
245625,2007,32125.0,0.0,148.0,0.2764,0.2907,0.3307,0.3503,2.0497,o,685.0,186.0,3702.0,114.0
245625,2008,30830.0,0.0,159.0,0.3094,0.3114,0.3166,0.3189,1.096,o,800.0,151.0,3851.0,148.0
245625,2009,33819.0,0.0,207.0,0.3672,0.3702,0.3779,0.3814,1.1212,o,866.0,213.0,3962.0,154.0
245625,2010,41632.0,0.0,238.0,0.343,0.3467,0.3565,0.3609,1.1663,o,818.0,227.0,4151.0,148.0
245625,2011,43288.0,0.0,234.0,0.3243,0.3239,0.3229,0.3224,0.982,o,748.0,238.0,4221.0,187.0
245625,2012,42539.0,0.0,282.0,0.3978,0.3945,0.3862,0.3825,0.8884,o,597.0,93.0,4245.0,178.0
245625,2013,41029.0,0.0,241.0,0.3524,0.3458,0.3293,0.3223,0.7625,o,576.0,152.0,4267.0,183.0
245625,2014,38974.0,0.0,247.0,0.3803,0.3762,0.3658,0.3613,0.8565,o,407.0,201.0,4329.0,176.0
245625,2015,40656.0,0.0,248.0,0.366,0.3568,0.334,0.3244,0.6939,o,299.0,65.0,5561.0,155.0
245625,2016,37592.0,0.0,273.0,0.4357,0.4208,0.3848,0.3698,0.6083,o,302.0,77.0,5717.0,143.0
245625,2017,38077.0,0.0,237.0,0.3735,0.3694,0.3592,0.3547,0.8555,o,339.0,225.0,5851.0,117.0
245625,2018,35064.0,0.0,258.0,0.4415,0.4452,0.455,0.4594,1.1281,o,306.0,173.0,5720.0,118.0
245625,2019,35837.0,0.0,232.0,0.3884,0.3872,0.384,0.3825,0.9548,o,251.0,29.0,6077.0,109.0
245625,2020,34016.0,0.0,190.0,0.3351,0.3293,0.3148,0.3085,0.7783,o,275.0,22.0,6238.0,93.0
245625,2022,31737.0,0.0,185.0,0.3497,0.3464,0.3379,0.3341,0.8707,o,238.0,76.0,5694.0,42.0
247603,1998,40391.0,0.0,201.0,0.2986,0.29,0.2692,0.2604,0.6606,o,,,,
247603,1999,46736.0,0.0,181.0,0.2324,0.228,0.2172,0.2126,0.7635,o,,,,
247603,2000,51362.0,0.0,149.0,0.1741,0.1755,0.1793,0.181,1.1256,o,,,,
247603,2001,48955.0,0.0,213.0,0.2611,0.2627,0.2669,0.2688,1.0927,o,,,,
247603,2002,36214.0,0.0,212.0,0.3512,0.3572,0.3731,0.3804,1.2733,o,433.0,,4452.0,
247603,2003,45801.0,0.0,244.0,0.3196,0.3228,0.3309,0.3346,1.1485,o,467.0,,3273.0,162.0
247603,2004,55241.0,0.0,292.0,0.3172,0.3191,0.3241,0.3263,1.0898,o,566.0,,4169.0,155.0
247603,2005,58968.0,0.0,254.0,0.2584,0.2626,0.2737,0.2788,1.2578,o,654.0,,4153.0,152.0
247603,2006,60110.0,0.0,284.0,0.2835,0.2882,0.3007,0.3064,1.2662,o,632.0,,4160.0,180.0
247603,2007,65039.0,0.0,353.0,0.3257,0.3265,0.3285,0.3295,1.0361,o,739.0,185.0,4265.0,180.0
247603,2008,69139.0,0.0,400.0,0.3471,0.3505,0.3594,0.3634,1.1493,o,968.0,193.0,4456.0,186.0
247603,2009,72670.0,0.0,433.0,0.3575,0.3662,0.3897,0.4006,1.4121,o,989.0,215.0,4726.0,200.0
247603,2010,79882.0,0.0,438.0,0.329,0.3324,0.3413,0.3454,1.1588,o,833.0,214.0,5275.0,234.0
247603,2011,77032.0,0.0,504.0,0.3926,0.3882,0.3771,0.3723,0.8513,o,819.0,170.0,5486.0,229.0
247603,2012,77409.0,0.0,496.0,0.3845,0.3816,0.3744,0.3712,0.899,o,689.0,168.0,6082.0,227.0
247603,2013,72066.0,0.0,495.0,0.4121,0.4069,0.3939,0.3882,0.8341,o,690.0,171.0,6697.0,256.0
247603,2014,67054.0,0.0,512.0,0.4581,0.4553,0.4481,0.4449,0.9151,o,649.0,153.0,6596.0,257.0
247603,2015,62848.0,0.0,503.0,0.4802,0.4782,0.473,0.4707,0.9413,o,623.0,108.0,6540.0,271.0
247603,2016,57795.0,0.0,466.0,0.4838,0.4813,0.4752,0.4724,0.9305,o,629.0,109.0,7779.0,306.0
247603,2017,54976.0,0.0,450.0,0.4911,0.4907,0.4898,0.4893,0.989,o,482.0,136.0,8605.0,328.0
247603,2018,54180.0,0.0,408.0,0.4518,0.4436,0.4232,0.4145,0.77,o,377.0,134.0,8412.0,313.0
247603,2019,51121.0,0.0,411.0,0.4824,0.4695,0.4378,0.4245,0.6787,o,516.0,133.0,8236.0,299.0
247603,2020,50598.0,0.0,400.0,0.4743,0.4805,0.4966,0.5039,1.2014,o,398.0,117.0,6490.0,295.0
247603,2021,47573.0,0.0,463.0,0.5839,0.5793,0.5674,0.5622,0.8914,o,566.0,136.0,5953.0,286.0
247603,2022,46216.0,0.0,374.0,0.4855,0.4929,0.5122,0.5211,1.2385,o,668.0,128.0,5924.0,274.0
247603,2023,49722.0,0.0,371.0,0.4477,0.458,0.4857,0.4986,1.3859,o,554.0,179.0,5590.0,254.0
247603,2024,50785.0,0.0,393.0,0.4643,0.4608,0.452,0.4481,0.8979,o,630.0,194.0,5544.0,248.0
384421,1999,1380.0,5.0,0.0,0.4348,0.4547,0.4589,0.4696,1.1667,o,,,,
384421,2000,1305.0,0.0,0.0,0.0,0.0,0.0,0.0,1.5,o,,,,
384421,2001,1920.0,0.0,0.0,0.0,0.0,0.0,0.0,1.8667,o,,,,
384421,2002,1665.0,0.0,0.0,0.0,0.0,0.0,0.0,1.4,o,29.0,,10220.0,
384421,2003,1860.0,0.0,0.0,0.0,0.0,0.0,0.0,1.0444,o,13.0,,10706.0,384.0
384421,2004,1590.0,0.0,0.0,0.0,0.0,0.0,0.0,0.75,o,12.0,,12272.0,236.0
384421,2005,1260.0,0.0,0.0,0.0,0.0,0.0,0.0,0.5102,o,21.0,,12474.0,537.0
384421,2006,1125.0,0.0,0.0,0.0,0.0,0.0,0.0,0.7021,o,14.0,,12698.0,572.0
384421,2007,930.0,0.0,0.0,0.0,0.0,0.0,0.0,0.8333,o,17.0,1.0,12779.0,452.0
384421,2008,1230.0,0.0,0.0,0.0,0.0,0.0,0.0,1.24,o,19.0,5.0,12804.0,311.0
384421,2009,1560.0,0.0,0.0,0.0,0.0,0.0,0.0,1.0909,o,22.0,2.0,13237.0,455.0
384421,2010,2391.0,4.0,0.0,0.2008,0.2102,0.2122,0.2173,1.1714,o,17.0,4.0,14009.0,252.0
384421,2011,2476.0,0.0,0.0,0.0,0.0,0.0,0.0,1.2581,o,22.0,,14518.0,274.0
384421,2012,2664.0,3.0,0.0,0.1351,0.1383,0.139,0.1407,1.0833,o,29.0,4.0,14831.0,358.0
384421,2013,1740.0,3.0,0.0,0.2069,0.2204,0.2233,0.2308,1.2439,o,32.0,1.0,14571.0,477.0
384421,2014,3060.0,2.0,0.0,0.0784,0.0893,0.0917,0.0981,1.5641,o,19.0,6.0,14351.0,362.0
384421,2015,2832.0,1.0,0.0,0.0424,0.0458,0.0465,0.0485,1.3077,o,25.0,3.0,14230.0,418.0
384421,2016,3060.0,5.0,0.0,0.1961,0.1879,0.1862,0.1821,0.8627,o,24.0,3.0,14779.0,430.0
384421,2017,3120.0,8.0,0.0,0.3077,0.2888,0.285,0.2758,0.8033,o,28.0,7.0,15170.0,382.0
384421,2018,2820.0,6.0,0.0,0.2553,0.2568,0.2571,0.2578,1.0196,o,6.0,3.0,14831.0,471.0
384421,2019,2220.0,3.0,0.0,0.1622,0.1505,0.1482,0.1425,0.7727,o,23.0,1.0,14520.0,580.0
384421,2020,2520.0,8.0,0.0,0.381,0.3272,0.3171,0.2931,0.5918,o,20.0,3.0,14363.0,461.0
384421,2021,2760.0,5.0,0.0,0.2174,0.2057,0.2034,0.1977,0.8269,o,28.0,,13948.0,508.0
384421,2022,3180.0,2.0,0.0,0.0755,0.0834,0.0852,0.0897,1.4118,o,32.0,,13384.0,565.0
384421,2023,3090.0,5.0,0.0,0.1942,0.2398,0.2504,0.2793,2.069,o,31.0,1.0,13146.0,470.0
384421,2024,2970.0,1.0,0.0,0.0404,0.0451,0.0462,0.0489,1.4651,o,32.0,1.0,12700.0,524.0
417822,1998,12480.0,0.0,0.0,0.0,0.0,0.0,0.0,,n,,,,
417822,1999,9207.0,0.0,0.0,0.0,0.0,0.0,0.0,2.7938,o,,,,
417822,2000,10643.0,0.0,0.0,0.0,0.0,0.0,0.0,1.5851,o,,,,
417822,2001,9294.0,0.0,0.0,0.0,0.0,0.0,0.0,0.7317,o,,,,
417822,2002,8374.0,0.0,0.0,0.0,0.0,0.0,0.0,0.6379,o,330.0,,3464.0,
417822,2003,10885.0,0.0,0.0,0.0,0.0,0.0,0.0,1.0802,o,244.0,,3399.0,208.0
417822,2004,8172.0,0.0,0.0,0.0,0.0,0.0,0.0,0.8188,o,320.0,,3483.0,299.0
417822,2005,9660.0,0.0,0.0,0.0,0.0,0.0,0.0,1.115,o,350.0,,3380.0,172.0
417822,2006,10192.0,0.0,0.0,0.0,0.0,0.0,0.0,1.2411,o,266.0,,4674.0,292.0
417822,2007,11197.0,0.0,0.0,0.0,0.0,0.0,0.0,0.794,o,266.0,,5293.0,250.0
417822,2008,8970.0,0.0,0.0,0.0,0.0,0.0,0.0,0.8636,o,257.0,,5122.0,310.0
417822,2009,9030.0,0.0,0.0,0.0,0.0,0.0,0.0,0.9662,o,201.0,,5252.0,80.0
421878,2006,11414.0,0.0,0.0,0.0,0.0,0.0,0.0,,-,107.0,,,
421878,2014,4500.0,0.0,41.0,0.5467,0.5467,0.5467,0.5467,,-,70.0,,,
421878,2015,4700.0,0.0,66.0,0.8426,0.8426,0.8426,0.8426,,-,62.0,,27709.0,
421878,2016,5220.0,6.0,53.0,0.7471,0.7471,0.7471,0.7471,,-,70.0,2.0,27517.0,
421878,2017,5760.0,7.0,60.0,0.7708,0.7708,0.7708,0.7708,,-,78.0,,27057.0,
421878,2018,6578.0,8.0,57.0,0.6659,0.6659,0.6659,0.6659,,-,92.0,6.0,26452.0,
421878,2019,6450.0,10.0,73.0,0.8651,0.8651,0.8651,0.8651,,-,100.0,7.0,25899.0,
421878,2020,5250.0,10.0,108.0,1.4629,1.4629,1.4629,1.4629,,-,71.0,71.0,25511.0,
421878,2021,5455.0,16.0,137.0,1.8588,1.8588,1.8588,1.8588,,-,24.0,55.0,19192.0,
421878,2022,5460.0,19.0,67.0,1.1538,1.1538,1.1538,1.1538,,-,15.0,70.0,19797.0,
421878,2023,14880.0,12.0,120.0,0.5806,0.5806,0.5806,0.5806,,-,36.0,64.0,18680.0,902.0
421878,2024,16996.0,92.0,38.0,0.7837,0.7837,0.7837,0.7837,,-,42.0,67.0,18947.0,716.0
440794,2004,1762.0,0.0,10.0,0.3405,0.3405,0.3405,0.3405,,n,49.0,,7214.0,241.0
440794,2005,2023.0,0.0,22.0,0.6525,0.6525,0.6525,0.6525,,n,19.0,,7147.0,270.0
440794,2006,2099.0,0.0,24.0,0.686,0.489,0.456,0.3827,0.3112,i,10.0,,7229.0,289.0
440794,2007,2009.0,0.0,15.0,0.448,0.2491,0.2206,0.1628,0.1321,i,7.0,21.0,7259.0,357.0
440794,2008,2291.0,6.0,14.0,0.6809,0.3561,0.3114,0.2227,0.1069,o,20.0,41.0,10155.0,404.0
440794,2009,4649.0,10.0,8.0,0.3614,0.2765,0.2615,0.2277,0.3971,o,30.0,22.0,12949.0,498.0
440794,2010,6584.0,20.0,3.0,0.3919,0.4589,0.4742,0.5145,1.7241,o,30.0,69.0,16145.0,551.0
440794,2011,6978.0,55.0,3.0,0.9716,1.4007,1.5108,1.8254,3.5294,o,18.0,41.0,18817.0,721.0
440794,2012,6596.0,51.0,4.0,0.9642,1.1393,1.1793,1.2856,1.7778,o,57.0,82.0,21022.0,765.0
440794,2013,8673.0,35.0,3.0,0.505,0.568,0.582,0.6185,1.5,o,61.0,81.0,21939.0,727.0
440794,2014,10682.0,56.0,4.0,0.6516,0.7928,0.8256,0.9137,1.9667,o,161.0,74.0,22651.0,729.0
440794,2015,11160.0,47.0,24.0,0.6344,0.9891,1.0843,1.3643,4.625,o,42.0,55.0,24250.0,784.0
440794,2016,11182.0,60.0,21.0,0.7566,1.0099,1.072,1.2447,2.7067,o,45.0,44.0,25203.0,854.0
440794,2017,11653.0,68.0,29.0,0.8496,0.7777,0.7636,0.7295,0.7373,o,51.0,46.0,26006.0,851.0
440794,2018,11288.0,58.0,45.0,0.8558,0.6711,0.6382,0.5628,0.4324,o,70.0,42.0,26266.0,760.0
440794,2019,9355.0,56.0,27.0,0.8915,0.7673,0.7438,0.6883,0.5961,o,53.0,52.0,26478.0,786.0
440794,2020,8435.0,59.0,29.0,1.0456,1.1561,1.1804,1.2433,1.4138,o,32.0,42.0,27351.0,778.0
440794,2021,6936.0,64.0,42.0,1.4706,1.4196,1.4093,1.3838,0.8854,o,54.0,42.0,26562.0,799.0
440794,2022,7787.0,47.0,34.0,0.9863,0.8933,0.8752,0.8315,0.7107,o,120.0,40.0,24964.0,678.0
445300,2006,7954.0,2.0,0.0,0.0302,0.0302,0.0302,0.0302,,x,42.0,26.0,19865.0,623.0
445300,2007,15060.0,32.0,0.0,0.255,0.255,0.255,0.255,,x,30.0,12.0,21324.0,518.0
445300,2008,7393.0,23.0,1.0,0.3814,0.3814,0.3814,0.3814,,x,64.0,33.0,19974.0,611.0
445300,2009,10620.0,46.0,0.0,0.5198,0.5198,0.5198,0.5198,,x,55.0,35.0,20503.0,422.0
445300,2010,13860.0,47.0,0.0,0.4069,0.4069,0.4069,0.4069,,x,44.0,39.0,16296.0,469.0
445300,2011,13553.0,48.0,0.0,0.425,0.425,0.425,0.425,,x,60.0,30.0,13233.0,516.0
445300,2012,12928.0,19.0,0.0,0.1764,0.1764,0.1764,0.1764,,x,45.0,24.0,13414.0,519.0
445300,2013,10098.0,29.0,0.0,0.3446,0.3446,0.3446,0.3446,,x,40.0,23.0,13689.0,577.0
445300,2014,10609.0,69.0,0.0,0.7805,0.7805,0.7805,0.7805,,x,13.0,11.0,13461.0,458.0
445300,2015,7475.0,66.0,0.0,1.0595,1.0595,1.0595,1.0595,,x,4.0,4.0,12376.0,383.0
445300,2016,4696.0,42.0,0.0,1.0733,1.0733,1.0733,1.0733,,x,4.0,3.0,12757.0,465.0
445300,2017,3395.0,36.0,0.0,1.2725,1.2725,1.2725,1.2725,,x,4.0,3.0,12544.0,391.0
445300,2018,1729.0,39.0,0.0,2.7068,2.7068,2.7068,2.7068,,x,,,12413.0,377.0
445300,2019,973.0,11.0,0.0,1.3566,1.3566,1.3566,1.3566,,x,,,,
446224,2008,1632.0,0.0,0.0,0.0,0.0,0.0,0.0,,-,,,,846.0
446224,2009,1632.0,0.0,0.0,0.0,0.0,0.0,0.0,,-,,,,826.0
446224,2010,2065.0,0.0,0.0,0.0,0.0,0.0,0.0,,-,,,,563.0
446224,2011,2085.0,0.0,0.0,0.0,0.0,0.0,0.0,,-,,,,543.0
446224,2012,2200.0,0.0,0.0,0.0,0.0,0.0,0.0,,-,,,,500.0
446224,2013,2202.0,0.0,0.0,0.0,0.0,0.0,0.0,,-,,,,604.0
446224,2019,330.0,0.0,0.0,0.0,0.0,0.0,0.0,,-,,,,788.0
446224,2020,390.0,0.0,0.0,0.0,0.0,0.0,0.0,,-,,,,619.0
446224,2021,240.0,0.0,0.0,0.0,0.0,0.0,0.0,,-,,,,686.0
446224,2022,330.0,0.0,0.0,0.0,0.0,0.0,0.0,,-,,,,487.0
446224,2023,240.0,0.0,0.0,0.0,0.0,0.0,0.0,,-,,,,619.0
446303,2018,379.0,0.0,0.0,0.0,0.0,0.0,0.0,,-,17.0,,,
446303,2019,253.0,0.0,0.0,0.0,0.0,0.0,0.0,,-,4.0,,,
446303,2023,708.0,0.0,0.0,0.0,0.0,0.0,0.0,,-,40.0,,,
446303,2024,569.0,0.0,0.0,0.0,0.0,0.0,0.0,,-,5.0,,,
448354,2014,3800.0,0.0,50.0,0.7895,0.7895,0.7895,0.7895,,-,83.0,,,795.0
448354,2015,3600.0,0.0,44.0,0.7333,0.7333,0.7333,0.7333,,-,51.0,,27709.0,
448354,2016,3860.0,3.0,58.0,0.9948,0.9948,0.9948,0.9948,,-,60.0,,27517.0,
448354,2017,4050.0,9.0,41.0,0.8741,0.8741,0.8741,0.8741,,-,74.0,,27057.0,
448354,2018,5976.0,4.0,44.0,0.5221,0.5221,0.5221,0.5221,,-,68.0,2.0,26452.0,
448354,2019,3520.0,18.0,41.0,1.3125,1.3125,1.3125,1.3125,,-,79.0,3.0,25899.0,
449658,2007,2765.0,0.0,0.0,0.0,0.0,0.0,0.0,,n,28.0,7.0,,179.0
449658,2008,3251.0,1.0,0.0,0.0369,0.0369,0.0369,0.0369,,n,24.0,,9482.0,172.0
449658,2009,2870.0,1.0,0.0,0.0418,0.0418,0.0418,0.0418,,n,24.0,,11798.0,185.0
449658,2010,2901.0,2.0,0.0,0.0827,0.0827,0.0827,0.0827,,n,27.0,6.0,11722.0,232.0
449658,2011,3240.0,3.0,0.0,0.1111,0.1111,0.1111,0.1111,,n,28.0,2.0,11447.0,183.0
449658,2012,5093.0,5.0,0.0,0.1178,0.1197,0.1201,0.1212,1.0577,o,28.0,,11837.0,130.0
449658,2013,3611.0,14.0,0.0,0.4652,0.4865,0.491,0.5025,1.1667,o,29.0,3.0,11630.0,194.0
449658,2014,3632.0,12.0,0.0,0.3965,0.4095,0.4122,0.4191,1.1176,o,26.0,4.0,11586.0,220.0
449658,2015,3283.0,14.0,0.0,0.5117,0.5117,0.5117,0.5117,1.0,o,28.0,4.0,11488.0,194.0
449658,2016,3725.0,9.0,0.0,0.2899,0.2869,0.2863,0.2847,0.9643,o,26.0,,11798.0,196.0
449658,2017,3325.0,11.0,0.0,0.397,0.3908,0.3896,0.3864,0.9474,o,28.0,2.0,11919.0,222.0
449658,2018,2366.0,14.0,0.0,0.7101,0.7063,0.7055,0.7036,0.9818,o,24.0,9.0,11840.0,357.0
449658,2019,3560.0,20.0,0.0,0.6742,0.6668,0.6653,0.6616,0.963,o,27.0,3.0,7809.0,248.0
449658,2020,3914.0,18.0,0.0,0.5519,0.5428,0.5409,0.5363,0.9444,o,28.0,11.0,8293.0,180.0
449658,2021,4464.0,17.0,0.0,0.457,0.4594,0.4599,0.4612,1.0185,o,30.0,6.0,8404.0,251.0
449658,2022,4160.0,19.0,0.0,0.5481,0.5657,0.5694,0.5788,1.1154,o,33.0,11.0,7899.0,281.0
449658,2023,3570.0,14.0,0.0,0.4706,0.5003,0.5067,0.523,1.2353,o,33.0,6.0,8074.0,276.0
449658,2024,4339.0,15.0,0.0,0.4148,0.4374,0.4422,0.4544,1.2,o,32.0,14.0,8100.0,196.0
451370,2008,1035.0,2.0,0.0,0.2319,0.2319,0.2319,0.2319,,n,,11.0,,231.0
451370,2009,1260.0,5.0,0.0,0.4762,0.4762,0.4762,0.4762,,n,,18.0,12949.0,229.0
451370,2010,1267.0,7.0,0.0,0.663,0.663,0.663,0.663,,n,,25.0,12865.0,339.0
451370,2011,1611.0,10.0,0.0,0.7449,0.7449,0.7449,0.7449,,n,,8.0,,462.0
451370,2012,1489.0,10.0,0.0,0.8059,0.8059,0.8059,0.8059,,n,3.0,19.0,13878.0,390.0
451370,2013,1906.0,26.0,0.0,1.6369,1.6369,1.6369,1.6369,,n,8.0,11.0,13635.0,378.0
451370,2014,2670.0,30.0,0.0,1.3483,1.3483,1.3483,1.3483,,n,10.0,5.0,13429.0,217.0
451370,2015,1535.0,10.0,0.0,0.7818,0.7818,0.7818,0.7818,,n,9.0,11.0,13316.0,354.0
451370,2016,1980.0,12.0,0.0,0.7273,0.7273,0.7273,0.7273,,n,5.0,12.0,13224.0,262.0
451370,2017,2100.0,8.0,0.0,0.4571,0.4903,0.4974,0.5157,1.2727,o,7.0,14.0,13258.0,255.0
451370,2018,2160.0,9.0,0.0,0.5,0.4445,0.4338,0.4082,0.6667,o,7.0,16.0,13273.0,285.0
451370,2019,2370.0,20.0,0.0,1.0127,0.9268,0.91,0.8693,0.7368,o,8.0,20.0,13300.0,346.0
451370,2020,2400.0,13.0,0.0,0.65,0.6631,0.6659,0.6728,1.0714,o,5.0,11.0,13101.0,300.0
451370,2021,3084.0,18.0,0.0,0.7004,0.7168,0.7203,0.729,1.0833,o,10.0,10.0,12723.0,375.0
451370,2022,2700.0,11.0,0.0,0.4889,0.4988,0.5008,0.506,1.0714,o,10.0,6.0,11958.0,276.0
451370,2023,2550.0,21.0,0.0,0.9882,1.0742,1.0929,1.1411,1.3333,o,5.0,7.0,11852.0,231.0
451370,2024,2424.0,18.0,0.0,0.8911,0.9288,0.9369,0.9572,1.1538,o,23.0,27.0,11450.0,246.0
451398,2008,3285.0,0.0,0.0,0.0,0.0,0.0,0.0,,n,57.0,2.0,,512.0
451398,2009,4410.0,10.0,0.0,0.2721,0.2721,0.2721,0.2721,,n,66.0,3.0,14388.0,516.0
451398,2010,5066.0,1.0,0.0,0.0237,0.0237,0.0237,0.0237,,n,66.0,43.0,15939.0,626.0
451398,2011,7128.0,0.0,0.0,0.0,0.0,0.0,0.0,,n,39.0,46.0,16472.0,603.0
451398,2012,5808.0,1.0,0.0,0.0207,0.0207,0.0207,0.0207,,n,60.0,5.0,16055.0,628.0
451398,2014,6090.0,2.0,0.0,0.0394,0.0378,0.0374,0.0366,0.8636,o,57.0,11.0,15536.0,637.0
451398,2015,8430.0,3.0,0.0,0.0427,0.0434,0.0435,0.0439,1.0571,o,59.0,9.0,15405.0,414.0
451398,2016,7020.0,8.0,0.0,0.1368,0.1432,0.1446,0.148,1.1717,o,56.0,7.0,15492.0,500.0
451398,2017,7110.0,19.0,0.0,0.3207,0.3215,0.3217,0.3221,1.0088,o,57.0,9.0,15425.0,547.0
451398,2018,7290.0,11.0,0.0,0.1811,0.182,0.1822,0.1827,1.018,o,52.0,5.0,15267.0,586.0
451398,2019,7800.0,18.0,0.0,0.2769,0.272,0.271,0.2684,0.9397,o,53.0,6.0,14948.0,557.0
451398,2020,7590.0,9.0,0.0,0.1423,0.1386,0.1378,0.136,0.913,o,44.0,2.0,14724.0,494.0
451398,2021,7320.0,17.0,0.0,0.2787,0.2666,0.2642,0.2582,0.8584,o,48.0,10.0,14299.0,532.0
451398,2022,7410.0,28.0,0.0,0.4534,0.4317,0.4273,0.4166,0.844,o,59.0,3.0,13439.0,422.0
451398,2023,6780.0,16.0,0.0,0.2832,0.2847,0.2851,0.2859,1.019,o,62.0,10.0,13198.0,464.0
451398,2024,7740.0,33.0,0.0,0.5116,0.5455,0.5528,0.5714,1.2474,o,50.0,11.0,12750.0,418.0
453215,2010,14454.0,24.0,0.0,0.1993,0.1993,0.1993,0.1993,,x,86.0,75.0,,360.0
453215,2011,13071.0,48.0,0.0,0.4407,0.4407,0.4407,0.4407,,x,65.0,128.0,19662.0,719.0
453215,2012,15718.0,47.0,0.0,0.3588,0.3588,0.3588,0.3588,,x,54.0,84.0,20144.0,670.0
453215,2013,15528.0,75.0,2.0,0.5873,0.5873,0.5873,0.5873,,x,62.0,65.0,20032.0,702.0
453215,2014,14274.0,53.0,1.0,0.4498,0.4498,0.4498,0.4498,,x,93.0,56.0,20400.0,712.0
453215,2015,15456.0,74.0,0.0,0.5745,0.5745,0.5745,0.5745,,x,132.0,70.0,16938.0,445.0
453215,2016,16197.0,66.0,1.0,0.4927,0.4927,0.4927,0.4927,,x,59.0,212.0,16821.0,597.0
453215,2017,17877.0,73.0,1.0,0.4934,0.4934,0.4934,0.4934,,x,77.0,185.0,16540.0,566.0
453215,2018,18645.0,77.0,2.0,0.502,0.502,0.502,0.502,,x,75.0,196.0,17270.0,543.0
453215,2019,19449.0,78.0,18.0,0.5368,0.5368,0.5368,0.5368,,x,67.0,195.0,16326.0,534.0
453215,2020,20580.0,91.0,27.0,0.6093,0.6093,0.6093,0.6093,,x,77.0,218.0,16244.0,538.0
453215,2021,18504.0,90.0,21.0,0.6518,0.6518,0.6518,0.6518,,x,20.0,81.0,15775.0,
453215,2022,11451.0,84.0,35.0,1.0636,1.0636,1.0636,1.0636,,x,31.0,81.0,14826.0,
453215,2023,10854.0,73.0,27.0,0.9563,0.9563,0.9563,0.9563,,x,32.0,92.0,13990.0,
453215,2024,18075.0,101.0,23.0,0.7469,0.7469,0.7469,0.7469,,x,19.0,37.0,13920.0,
455196,2012,26496.0,0.0,123.0,0.2785,0.2785,0.2785,0.2785,,-,79.0,248.0,,1014.0
455196,2013,40281.0,0.0,205.0,0.3054,0.3054,0.3054,0.3054,,-,119.0,294.0,,812.0
455196,2014,65160.0,0.0,194.0,0.1786,0.1786,0.1786,0.1786,,-,101.0,300.0,,643.0
455196,2015,59969.0,0.0,363.0,0.3632,0.3632,0.3632,0.3632,,-,79.0,274.0,,709.0
455196,2016,64315.0,0.0,393.0,0.3666,0.3666,0.3666,0.3666,,-,113.0,401.0,,657.0
455196,2017,79161.0,0.0,432.0,0.3274,0.3274,0.3274,0.3274,,-,130.0,417.0,,657.0
455196,2018,93502.0,0.0,577.0,0.3703,0.3703,0.3703,0.3703,,-,62.0,400.0,,644.0
455196,2019,103003.0,0.0,640.0,0.3728,0.3728,0.3728,0.3728,,-,94.0,494.0,,637.0
455196,2020,106590.0,0.0,644.0,0.3625,0.3625,0.3625,0.3625,,-,91.0,507.0,,599.0
455196,2021,90840.0,0.0,618.0,0.4082,0.4082,0.4082,0.4082,,-,165.0,701.0,,650.0
455196,2022,97650.0,0.0,646.0,0.3969,0.3969,0.3969,0.3969,,-,216.0,944.0,,574.0
455196,2023,108195.0,0.0,729.0,0.4043,0.4043,0.4043,0.4043,,-,259.0,634.0,,567.0
455196,2024,119548.0,0.0,632.0,0.3172,0.3172,0.3172,0.3172,,-,389.0,667.0,,631.0
461847,2011,1365.0,0.0,0.0,0.0,0.0,0.0,0.0,,n,12.0,4.0,,633.0
461847,2012,1695.0,1.0,0.0,0.0708,0.0708,0.0708,0.0708,,n,10.0,18.0,18368.0,390.0
461847,2014,1860.0,3.0,0.0,0.1935,0.1935,0.1935,0.1935,,n,3.0,33.0,17642.0,157.0
461847,2015,1350.0,12.0,0.0,1.0667,1.0667,1.0667,1.0667,,n,2.0,12.0,17493.0,265.0
461847,2019,4530.0,19.0,0.0,0.5033,0.5941,0.6149,0.67,1.7719,i,7.0,24.0,,257.0
461847,2020,3750.0,22.0,0.0,0.704,0.9245,0.9781,1.1262,2.5589,i,8.0,18.0,12200.0,256.0
461847,2021,3420.0,16.0,0.0,0.5614,0.7162,0.7532,0.8543,2.3158,i,15.0,6.0,11847.0,290.0
461847,2022,2940.0,21.0,0.0,0.8571,1.1303,1.1969,1.3811,2.5961,i,13.0,5.0,12133.0,317.0
461847,2023,3150.0,11.0,0.0,0.419,0.5343,0.5618,0.637,2.3107,i,5.0,12.0,11449.0,215.0
461847,2024,2730.0,4.0,0.0,0.1758,0.1854,0.1874,0.1926,1.2,o,4.0,4.0,11060.0,349.0
476692,2012,1096.0,11.0,0.0,1.2044,1.2044,1.2044,1.2044,,n,3.0,4.0,,296.0
476692,2013,1233.0,12.0,0.0,1.1679,1.1679,1.1679,1.1679,,n,3.0,3.0,14705.0,192.0
476692,2014,1483.0,11.0,0.0,0.8901,0.8901,0.8901,0.8901,,n,6.0,1.0,15141.0,87.0
476692,2015,1050.0,5.0,0.0,0.5714,0.5714,0.5714,0.5714,,n,7.0,4.0,15013.0,102.0
476692,2016,750.0,3.0,0.0,0.48,0.48,0.48,0.48,,n,,6.0,14909.0,141.0
476692,2017,630.0,2.0,0.0,0.381,0.4758,0.4982,0.5589,2.1527,i,5.0,6.0,11473.0,239.0
476692,2018,810.0,2.0,0.0,0.2963,0.3134,0.317,0.3263,1.2129,i,6.0,1.0,11216.0,329.0
476692,2019,840.0,6.0,0.0,0.8571,0.8166,0.8085,0.7885,0.8462,o,4.0,4.0,13117.0,363.0
476692,2020,810.0,5.0,0.0,0.7407,0.6878,0.6773,0.6518,0.7742,i,17.0,1.0,12921.0,281.0
476692,2021,1176.0,2.0,0.0,0.2041,0.2467,0.2566,0.2831,1.9238,i,17.0,3.0,12548.0,307.0
476692,2022,1230.0,2.0,0.0,0.1951,0.2707,0.2896,0.343,3.0909,o,14.0,,11793.0,363.0
476692,2023,1410.0,2.0,0.0,0.1702,0.2363,0.2529,0.2997,3.1,o,16.0,4.0,11749.0,297.0
476692,2024,1590.0,9.0,0.0,0.6792,0.7533,0.7696,0.8119,1.4286,o,10.0,5.0,11350.0,308.0
479558,2012,1736.0,0.0,0.0,0.0,0.0,0.0,0.0,,-,39.0,16.0,,
479558,2013,5408.0,0.0,0.0,0.0,0.0,0.0,0.0,,-,79.0,19.0,24126.0,496.0
479558,2014,10432.0,0.0,36.0,0.2071,0.2071,0.2071,0.2071,,-,69.0,5.0,23762.0,561.0
479558,2015,11709.0,0.0,96.0,0.4919,0.4919,0.4919,0.4919,,-,52.0,,23561.0,709.0
479965,2018,5910.0,0.0,0.0,0.0,0.0,0.0,0.0,,-,7.0,,,132.0
479965,2019,5951.0,0.0,0.0,0.0,0.0,0.0,0.0,,-,4.0,,,453.0
479965,2020,6805.0,0.0,0.0,0.0,0.0,0.0,0.0,,-,5.0,,,416.0
479965,2021,7080.0,0.0,0.0,0.0,0.0,0.0,0.0,,-,1.0,,,311.0
479965,2022,6300.0,0.0,0.0,0.0,0.0,0.0,0.0,,-,25.0,,,304.0
479965,2023,6506.0,0.0,0.0,0.0,0.0,0.0,0.0,,-,,,,353.0
479965,2024,7613.0,0.0,0.0,0.0,0.0,0.0,0.0,,-,4.0,,,343.0
481438,2013,2145.0,13.0,0.0,0.7273,0.7273,0.7273,0.7273,,n,23.0,,,430.0
481438,2014,2520.0,1.0,0.0,0.0476,0.0476,0.0476,0.0476,,n,23.0,1.0,14482.0,443.0
481438,2015,2370.0,2.0,0.0,0.1013,0.1013,0.1013,0.1013,,n,17.0,2.0,14360.0,542.0
481438,2016,2220.0,8.0,0.0,0.4324,0.4324,0.4324,0.4324,,n,19.0,1.0,14261.0,561.0
481438,2017,2250.0,7.0,0.0,0.3733,0.3733,0.3733,0.3733,,n,27.0,2.0,14023.0,512.0
481438,2018,2460.0,8.0,0.0,0.3902,0.3902,0.3902,0.3902,1.0,o,23.0,,13709.0,478.0
481438,2019,2400.0,7.0,0.0,0.35,0.3734,0.3784,0.3913,1.25,o,28.0,,15863.0,500.0
481438,2020,2280.0,3.0,0.0,0.1579,0.1747,0.1784,0.1879,1.4167,o,17.0,1.0,15024.0,490.0
481438,2021,2400.0,1.0,0.0,0.05,0.0497,0.0496,0.0495,0.9783,o,26.0,1.0,14590.0,461.0
481438,2022,2340.0,2.0,0.0,0.1026,0.0982,0.0973,0.0951,0.86,o,23.0,1.0,13713.0,528.0
481438,2023,2550.0,7.0,0.0,0.3294,0.3256,0.3248,0.3229,0.9608,o,20.0,3.0,12939.0,532.0
481438,2024,2580.0,7.0,0.0,0.3256,0.3213,0.3204,0.3183,0.9556,o,22.0,1.0,12500.0,528.0
482556,2013,41370.0,191.0,115.0,0.7208,0.7208,0.7208,0.7208,,x,170.0,265.0,,843.0
482556,2014,37230.0,177.0,86.0,0.7091,0.7091,0.7091,0.7091,,x,154.0,264.0,21079.0,816.0
482556,2015,33420.0,160.0,77.0,0.7127,0.7127,0.7127,0.7127,,x,92.0,184.0,22047.0,820.0
482556,2016,27330.0,179.0,65.0,0.9286,0.9286,0.9286,0.9286,,x,48.0,147.0,25369.0,1159.0
482556,2017,21300.0,147.0,51.0,0.9718,0.9718,0.9718,0.9718,,x,14.0,71.0,25429.0,1224.0
482556,2018,13170.0,149.0,32.0,1.5034,1.5034,1.5034,1.5034,,x,16.0,48.0,21620.0,1478.0
482556,2019,9060.0,110.0,14.0,1.5497,1.5497,1.5497,1.5497,,x,6.0,28.0,21499.0,708.0
482556,2020,6864.0,72.0,8.0,1.3287,1.3287,1.3287,1.3287,,x,5.0,15.0,21802.0,603.0
482556,2021,5203.0,48.0,5.0,1.1647,1.1647,1.1647,1.1647,,x,8.0,20.0,21122.0,566.0
482556,2022,3594.0,33.0,1.0,1.1185,1.1185,1.1185,1.1185,,x,2.0,17.0,19185.0,526.0
482556,2023,2689.0,18.0,1.0,0.8256,0.8256,0.8256,0.8256,,x,2.0,19.0,18103.0,471.0
482556,2024,2431.0,21.0,1.0,1.0613,1.0613,1.0613,1.0613,,x,1.0,24.0,17488.0,403.0
482963,2014,7181.0,0.0,0.0,0.0,0.0,0.0,0.0,,-,50.0,,,248.0
482963,2015,9280.0,0.0,0.0,0.0,0.0,0.0,0.0,,-,54.0,,,506.0
482963,2016,11946.0,0.0,0.0,0.0,0.0,0.0,0.0,,-,40.0,,,431.0
482963,2017,12036.0,0.0,0.0,0.0,0.0,0.0,0.0,,-,59.0,,,421.0
482963,2018,11613.0,0.0,0.0,0.0,0.0,0.0,0.0,,-,43.0,,,438.0
482963,2019,10559.0,0.0,0.0,0.0,0.0,0.0,0.0,,-,46.0,,,458.0
482963,2020,9068.0,0.0,0.0,0.0,0.0,0.0,0.0,,-,41.0,,,482.0
482963,2021,8922.0,0.0,0.0,0.0,0.0,0.0,0.0,,-,52.0,,,412.0
482963,2022,9929.0,0.0,0.0,0.0,0.0,0.0,0.0,,-,82.0,,,384.0
482963,2023,12432.0,0.0,0.0,0.0,0.0,0.0,0.0,,-,71.0,,,345.0
482963,2024,13343.0,0.0,0.0,0.0,0.0,0.0,0.0,,-,78.0,,,410.0
486956,2016,4800.0,0.0,0.0,0.0,0.0,0.0,0.0,,-,1.0,164.0,23336.0,1032.0
486956,2017,9390.0,0.0,0.0,0.0,0.0,0.0,0.0,,-,3.0,189.0,24514.0,1069.0
486956,2018,14160.0,41.0,0.0,0.3475,0.3475,0.3475,0.3475,,-,3.0,217.0,24147.0,1044.0
486956,2019,17880.0,199.0,0.0,1.3356,1.3356,1.3356,1.3356,,-,5.0,290.0,23641.0,1018.0
486956,2020,21300.0,189.0,0.0,1.0648,1.0648,1.0648,1.0648,,-,13.0,243.0,23288.0,1005.0
486956,2021,27690.0,212.0,0.0,0.9187,0.9187,0.9187,0.9187,,-,7.0,224.0,23072.0,995.0
486956,2022,32670.0,297.0,0.0,1.0909,1.0909,1.0909,1.0909,,-,9.0,188.0,21921.0,934.0
486956,2023,32310.0,299.0,0.0,1.1105,1.1105,1.1105,1.1105,,-,7.0,225.0,20850.0,898.0
486956,2024,33180.0,452.0,0.0,1.6347,1.6347,1.6347,1.6347,,-,12.0,169.0,20462.0,896.0
488314,2016,1710.0,5.0,0.0,0.3509,0.3509,0.3509,0.3509,,n,3.0,17.0,,209.0
488314,2017,1980.0,8.0,0.0,0.4848,0.4848,0.4848,0.4848,,n,23.0,18.0,11919.0,195.0
488314,2018,2550.0,8.0,0.0,0.3765,0.3765,0.3765,0.3765,,n,22.0,8.0,11653.0,149.0
488314,2019,2670.0,4.0,0.0,0.1798,0.1798,0.1798,0.1798,,n,23.0,17.0,15070.0,244.0
488314,2020,2700.0,2.0,0.0,0.0889,0.0889,0.0889,0.0889,,n,10.0,4.0,14844.0,265.0
488314,2021,2238.0,2.0,0.0,0.1072,0.1149,0.1166,0.1208,1.2692,o,11.0,1.0,14415.0,362.0
488314,2022,2550.0,5.0,0.0,0.2353,0.1886,0.1802,0.1607,0.4667,o,23.0,24.0,13548.0,302.0
488314,2023,3960.0,3.0,0.0,0.0909,0.0838,0.0824,0.079,0.7556,o,18.0,12.0,12432.0,245.0
488314,2024,3900.0,1.0,0.0,0.0308,0.0328,0.0332,0.0343,1.2424,o,21.0,20.0,12010.0,301.0
488350,2016,2490.0,0.0,0.0,0.0,0.0,0.0,0.0,,n,19.0,13.0,,287.0
488350,2017,3060.0,1.0,0.0,0.0392,0.0392,0.0392,0.0392,,n,23.0,9.0,9816.0,282.0
488350,2018,3000.0,5.0,18.0,0.56,0.56,0.56,0.56,,n,18.0,3.0,9596.0,286.0
488350,2019,2790.0,7.0,0.0,0.3011,0.3011,0.3011,0.3011,,n,18.0,10.0,10738.0,436.0
488350,2020,2970.0,11.0,0.0,0.4444,0.4444,0.4444,0.4444,,n,9.0,6.0,10577.0,483.0
488350,2021,3168.0,4.0,26.0,0.6439,0.5665,0.5517,0.5163,0.6429,o,44.0,2.0,10272.0,466.0
488350,2022,3270.0,3.0,24.0,0.5505,0.593,0.6022,0.6259,1.2927,o,59.0,9.0,10433.0,506.0
488350,2023,4530.0,0.0,17.0,0.2252,0.3054,0.3253,0.3809,2.8611,o,44.0,,10062.0,456.0
488350,2024,4890.0,2.0,36.0,0.4908,0.7237,0.7842,0.9586,3.8148,o,58.0,2.0,9720.0,432.0
490319,2017,1620.0,2.0,0.0,0.1481,0.1481,0.1481,0.1481,,n,13.0,,,378.0
490319,2018,1470.0,2.0,0.0,0.1633,0.1633,0.1633,0.1633,,n,6.0,2.0,9260.0,530.0
490319,2019,1475.0,2.0,0.0,0.1627,0.1627,0.1627,0.1627,,n,7.0,,11073.0,478.0
490319,2020,1020.0,1.0,0.0,0.1176,0.1176,0.1176,0.1176,,n,11.0,1.0,10908.0,538.0
490319,2021,1194.0,4.0,0.0,0.402,0.402,0.402,0.402,,n,11.0,,10797.0,373.0
490319,2022,660.0,0.0,0.0,0.0,0.0,0.0,0.0,1.1579,o,2.0,,10510.0,703.0
490319,2023,480.0,0.0,0.0,0.0,0.0,0.0,0.0,1.0,o,6.0,,10300.0,629.0
490319,2024,960.0,0.0,0.0,0.0,0.0,0.0,0.0,0.4444,o,8.0,1.0,10350.0,281.0
490513,2017,2670.0,1.0,0.0,0.0449,0.0449,0.0449,0.0449,,n,21.0,7.0,,211.0
490513,2018,2550.0,5.0,0.0,0.2353,0.2353,0.2353,0.2353,,n,19.0,3.0,11777.0,308.0
490513,2019,2700.0,11.0,0.0,0.4889,0.4889,0.4889,0.4889,,n,9.0,1.0,12995.0,290.0
490513,2020,1740.0,7.0,18.0,1.1034,1.1034,1.1034,1.1034,,n,13.0,3.0,12801.0,323.0
490513,2021,1800.0,11.0,12.0,1.1333,1.1333,1.1333,1.1333,,n,14.0,1.0,12431.0,299.0
490513,2022,1560.0,4.0,14.0,0.8462,0.755,0.7374,0.6952,0.675,o,13.0,1.0,12780.0,320.0
490513,2023,1398.0,1.0,11.0,0.5579,0.5521,0.5509,0.5479,0.9643,o,16.0,2.0,12422.0,334.0
490513,2024,1590.0,1.0,2.0,0.1509,0.1635,0.1663,0.1733,1.3182,o,12.0,1.0,12000.0,225.0
490869,2018,3910.0,0.0,0.0,0.0,0.0,0.0,0.0,,-,39.0,,,161.0
490869,2019,7682.0,0.0,0.0,0.0,0.0,0.0,0.0,,-,37.0,,,339.0
490869,2020,9170.0,0.0,0.0,0.0,0.0,0.0,0.0,,-,54.0,,,364.0
490869,2021,11367.0,0.0,0.0,0.0,0.0,0.0,0.0,,-,63.0,,,355.0
490869,2022,11572.0,0.0,0.0,0.0,0.0,0.0,0.0,,-,38.0,,,393.0
490869,2023,9157.0,0.0,0.0,0.0,0.0,0.0,0.0,,-,38.0,,,359.0
490869,2024,8942.0,0.0,0.0,0.0,0.0,0.0,0.0,,-,80.0,,,339.0
491613,2018,2040.0,1.0,0.0,0.0588,0.0588,0.0588,0.0588,,n,17.0,7.0,,342.0
491613,2019,1980.0,0.0,0.0,0.0,0.0,0.0,0.0,,n,18.0,1.0,12019.0,351.0
491613,2020,1975.0,0.0,0.0,0.0,0.0,0.0,0.0,,n,23.0,5.0,11839.0,343.0
491613,2021,2688.0,1.0,0.0,0.0446,0.0446,0.0446,0.0446,,n,19.0,,11497.0,324.0
491613,2022,2460.0,0.0,0.0,0.0,0.0,0.0,0.0,,n,19.0,,10806.0,323.0
491613,2023,2310.0,2.0,0.0,0.1039,0.1064,0.1069,0.1083,1.0857,o,19.0,2.0,10196.0,272.0
491613,2024,2250.0,0.0,0.0,0.0,0.0,0.0,0.0,0.9268,o,25.0,,9850.0,311.0
491622,2018,2490.0,0.0,16.0,0.3855,0.3855,0.3855,0.3855,,n,20.0,1.0,,504.0
491622,2019,2370.0,0.0,15.0,0.3797,0.3797,0.3797,0.3797,,n,23.0,,14825.0,512.0
491622,2020,2280.0,8.0,12.0,0.7368,0.7368,0.7368,0.7368,,n,30.0,3.0,14604.0,593.0
491622,2021,2760.0,1.0,16.0,0.3913,0.3913,0.3913,0.3913,,n,25.0,,14182.0,533.0
491622,2022,2790.0,3.0,21.0,0.5806,0.5806,0.5806,0.5806,,n,15.0,1.0,13329.0,506.0
491622,2023,2640.0,1.0,20.0,0.5,0.4896,0.4875,0.4822,0.9302,o,21.0,2.0,12577.0,477.0
491622,2024,2550.0,6.0,19.0,0.7294,0.652,0.6371,0.6012,0.6792,o,21.0,2.0,12150.0,497.0
491640,2018,4890.0,0.0,26.0,0.319,0.319,0.319,0.319,,n,39.0,5.0,,270.0
491640,2019,4860.0,2.0,21.0,0.3086,0.3086,0.3086,0.3086,,n,34.0,7.0,10555.0,308.0
491640,2020,4770.0,0.0,27.0,0.3396,0.3396,0.3396,0.3396,,n,38.0,2.0,10397.0,320.0
491640,2021,5130.0,0.0,40.0,0.4678,0.4678,0.4678,0.4678,,n,40.0,5.0,10097.0,357.0
491640,2022,5340.0,0.0,31.0,0.3483,0.3483,0.3483,0.3483,,n,41.0,5.0,9928.0,299.0
491640,2023,5730.0,0.0,39.0,0.4084,0.4209,0.4235,0.4302,1.1096,o,39.0,6.0,9886.0,282.0
491640,2024,5880.0,1.0,34.0,0.3673,0.3787,0.3811,0.3872,1.1111,o,42.0,4.0,9950.0,322.0
491710,2018,3330.0,14.0,0.0,0.5045,0.5045,0.5045,0.5045,,n,21.0,12.0,,240.0
491710,2019,3390.0,21.0,0.0,0.7434,0.7434,0.7434,0.7434,,n,22.0,13.0,9579.0,287.0
491710,2020,3480.0,7.0,0.0,0.2414,0.2414,0.2414,0.2414,,n,18.0,8.0,9435.0,338.0
491710,2021,4224.0,13.0,0.0,0.3693,0.3693,0.3693,0.3693,,n,11.0,6.0,9163.0,225.0
491710,2022,3090.0,9.0,0.0,0.3495,0.3495,0.3495,0.3495,,n,11.0,3.0,9380.0,259.0
491710,2023,2220.0,6.0,0.0,0.3243,0.267,0.2565,0.232,0.5116,o,12.0,5.0,8851.0,307.0
491765,2018,2250.0,0.0,22.0,0.5867,0.5867,0.5867,0.5867,,n,,,,589.0
491765,2019,2310.0,1.0,0.0,0.0519,0.0519,0.0519,0.0519,,n,26.0,,13361.0,634.0
491765,2020,2760.0,0.0,0.0,0.0,0.0,0.0,0.0,,n,19.0,1.0,13161.0,577.0
491765,2021,3090.0,7.0,0.0,0.2718,0.2718,0.2718,0.2718,,n,27.0,,11847.0,558.0
491765,2022,3060.0,2.0,0.0,0.0784,0.0784,0.0784,0.0784,,n,23.0,,10257.0,551.0
491765,2023,3030.0,1.0,0.0,0.0396,0.0396,0.0396,0.0396,,n,29.0,,10093.0,546.0
491765,2024,2910.0,4.0,0.0,0.1649,0.172,0.1735,0.1773,1.1556,o,21.0,,9750.0,608.0
491817,2018,3816.0,0.0,50.0,0.7862,0.7862,0.7862,0.7862,,-,105.0,11.0,,250.0
491817,2019,4800.0,0.0,0.0,0.0,0.0,0.0,0.0,,-,133.0,39.0,14234.0,325.0
491817,2020,4896.0,0.0,13.0,0.1593,0.1593,0.1593,0.1593,,-,149.0,20.0,14021.0,379.0
491817,2021,7890.0,0.0,26.0,0.1977,0.1977,0.1977,0.1977,,-,126.0,57.0,13890.0,265.0
491817,2022,6522.0,0.0,25.0,0.23,0.23,0.23,0.23,,-,135.0,36.0,13055.0,258.0
491817,2023,6210.0,0.0,89.0,0.8599,0.8599,0.8599,0.8599,,-,108.0,41.0,12784.0,305.0
491817,2024,4560.0,0.0,19.0,0.25,0.25,0.25,0.25,,-,98.0,64.0,12600.0,388.0
491914,2018,4440.0,0.0,38.0,0.5135,0.5135,0.5135,0.5135,,n,23.0,22.0,,229.0
491914,2019,3900.0,0.0,33.0,0.5077,0.5077,0.5077,0.5077,,n,19.0,27.0,11043.0,365.0
491914,2020,4410.0,0.0,38.0,0.517,0.517,0.517,0.517,,n,25.0,25.0,10878.0,314.0
491914,2021,5400.0,1.0,39.0,0.4556,0.4556,0.4556,0.4556,,n,25.0,15.0,10563.0,342.0
491914,2022,5520.0,0.0,33.0,0.3587,0.3587,0.3587,0.3587,,n,23.0,20.0,9928.0,288.0
491914,2023,5790.0,1.0,59.0,0.6321,0.6571,0.6624,0.6758,1.1429,o,22.0,18.0,9730.0,297.0
491914,2024,5820.0,3.0,43.0,0.5052,0.5085,0.5091,0.5109,1.0227,o,31.0,11.0,9400.0,297.0
493132,2019,14463.0,0.0,0.0,0.0,0.0,0.0,0.0,,-,270.0,,,903.0
493132,2020,26259.0,0.0,0.0,0.0,0.0,0.0,0.0,,-,402.0,,,655.0
493132,2021,33179.0,0.0,0.0,0.0,0.0,0.0,0.0,,-,420.0,,,645.0
493132,2022,41189.0,0.0,0.0,0.0,0.0,0.0,0.0,,-,397.0,,,599.0
493132,2023,42200.0,0.0,0.0,0.0,0.0,0.0,0.0,,-,394.0,,,591.0
493132,2024,48079.0,0.0,0.0,0.0,0.0,0.0,0.0,,-,511.0,,,600.0
493707,2019,2190.0,0.0,12.0,0.3288,0.3288,0.3288,0.3288,,n,28.0,,,580.0
493707,2020,2400.0,1.0,10.0,0.3,0.3,0.3,0.3,,n,33.0,2.0,10397.0,529.0
493707,2021,2670.0,2.0,14.0,0.4045,0.4045,0.4045,0.4045,,n,32.0,1.0,10097.0,522.0
493707,2022,3030.0,4.0,17.0,0.495,0.495,0.495,0.495,,n,30.0,1.0,9544.0,435.0
493707,2023,3060.0,8.0,23.0,0.7647,0.7647,0.7647,0.7647,,n,21.0,4.0,9161.0,413.0
493707,2024,2820.0,6.0,19.0,0.6596,0.6262,0.6195,0.6031,0.8361,o,32.0,1.0,9030.0,438.0
493716,2019,2280.0,8.0,21.0,0.9737,0.9737,0.9737,0.9737,,n,12.0,4.0,,359.0
493716,2020,2250.0,15.0,15.0,1.2,1.2,1.2,1.2,,n,14.0,,15625.0,401.0
493716,2021,2844.0,16.0,22.0,1.1392,1.1392,1.1392,1.1392,,n,13.0,2.0,15174.0,324.0
493716,2022,2160.0,11.0,16.0,1.0556,1.0556,1.0556,1.0556,,n,20.0,,14261.0,405.0
493716,2023,2079.0,14.0,15.0,1.241,1.241,1.241,1.241,,n,19.0,3.0,14182.0,438.0
493716,2024,2160.0,7.0,19.0,0.9167,1.031,1.0564,1.1227,1.5,o,22.0,,13700.0,426.0
499875,2024,18510.0,15.0,98.0,0.4149,0.4149,0.4149,0.4149,,n,259.0,33.0,,190.0
