unitid,year,credits,BA,AA,ER_m,ER_l,ER_c,ER_h,G,G_source,first_time_n,transfer_in_n,sticker_real,rev_per_credit_real
217615,1998,46835.0,0.0,149.0,0.1909,0.1927,0.1973,0.1994,1.1411,o,,,,
217615,1999,47524.0,0.0,153.0,0.1932,0.193,0.1927,0.1926,0.9906,o,,,,
217615,2000,50699.0,0.0,140.0,0.1657,0.1663,0.168,0.1687,1.0559,o,,,,
217615,2001,49530.0,0.0,175.0,0.212,0.2114,0.2099,0.2092,0.9609,o,,,,
217615,2002,52235.0,0.0,191.0,0.2194,0.2158,0.2069,0.2031,0.791,o,603.0,,3118.0,
217615,2003,55061.0,0.0,176.0,0.1918,0.1948,0.2027,0.2064,1.2484,o,565.0,,3725.0,94.0
217615,2004,56875.0,0.0,167.0,0.1762,0.1772,0.1799,0.1811,1.0865,o,512.0,,4312.0,104.0
217615,2005,58565.0,0.0,206.0,0.211,0.2091,0.2042,0.2021,0.8767,o,430.0,,4565.0,112.0
217615,2006,54122.0,0.0,220.0,0.2439,0.2401,0.2306,0.2264,0.7985,o,547.0,259.0,4543.0,143.0
217615,2007,56138.0,0.0,202.0,0.2159,0.2182,0.2241,0.2268,1.1614,o,524.0,252.0,4824.0,134.0
217615,2008,60525.0,0.0,224.0,0.2221,0.2232,0.226,0.2273,1.0727,o,560.0,269.0,4826.0,131.0
217615,2009,67514.0,0.0,260.0,0.2311,0.2318,0.2337,0.2345,1.0458,o,708.0,286.0,5044.0,117.0
217615,2010,76273.0,0.0,221.0,0.1738,0.1771,0.1859,0.1899,1.3063,o,698.0,291.0,5183.0,100.0
217615,2011,70648.0,0.0,283.0,0.2403,0.242,0.2462,0.2481,1.1009,o,654.0,327.0,5173.0,94.0
217615,2012,68129.0,0.0,279.0,0.2457,0.2445,0.2413,0.2399,0.9303,o,651.0,276.0,5064.0,125.0
217615,2013,63199.0,0.0,305.0,0.2896,0.2888,0.2868,0.286,0.963,o,514.0,252.0,5236.0,129.0
217615,2014,55580.0,0.0,324.0,0.3498,0.344,0.3295,0.3233,0.7877,o,529.0,216.0,5027.0,135.0
217615,2015,50798.0,0.0,249.0,0.2941,0.2921,0.2871,0.2849,0.9082,o,571.0,208.0,4944.0,144.0
217615,2016,50707.0,0.0,253.0,0.2994,0.3013,0.3062,0.3085,1.0949,o,660.0,233.0,5642.0,136.0
217615,2017,52931.0,0.0,216.0,0.2448,0.248,0.2563,0.26,1.2,o,571.0,221.0,5543.0,150.0
217615,2018,50729.0,0.0,258.0,0.3052,0.3036,0.2995,0.2977,0.9277,o,568.0,194.0,5568.0,142.0
217615,2019,46751.0,0.0,270.0,0.3465,0.3446,0.3396,0.3375,0.9228,o,600.0,202.0,5681.0,148.0
217615,2020,43831.0,0.0,246.0,0.3367,0.338,0.3412,0.3426,1.0536,o,392.0,111.0,5801.0,130.0
217615,2021,39696.0,0.0,245.0,0.3703,0.3601,0.3352,0.3247,0.6712,o,445.0,123.0,5773.0,166.0
217615,2022,40113.0,0.0,215.0,0.3216,0.3192,0.313,0.3103,0.8972,o,556.0,178.0,5426.0,189.0
217615,2023,48046.0,0.0,287.0,0.3584,0.3656,0.3848,0.3936,1.3286,o,562.0,159.0,5120.0,100.0
217615,2024,46017.0,0.0,274.0,0.3573,0.3602,0.3678,0.3712,1.1229,o,501.0,166.0,5044.0,72.0
217624,1998,13290.0,23.0,0.0,0.2077,0.2031,0.2021,0.1998,0.9256,o,,,,
217624,1999,10260.0,23.0,0.0,0.269,0.3008,0.3079,0.3262,1.4706,o,,,,
217624,2003,13755.0,46.0,0.0,0.4013,0.517,0.5448,0.6211,2.3952,o,145.0,,12266.0,462.0
217624,2004,17507.0,67.0,0.0,0.4592,0.4148,0.4062,0.3854,0.7043,o,149.0,,11970.0,399.0
217624,2005,18187.0,85.0,0.0,0.5608,0.4121,0.3866,0.3296,0.3455,o,206.0,,11618.0,434.0
217624,2007,15192.0,61.0,0.0,0.4818,0.4803,0.48,0.4792,0.989,o,247.0,29.0,14948.0,495.0
217624,2008,18373.0,45.0,0.0,0.2939,0.3211,0.3271,0.3424,1.3571,o,326.0,,14463.0,498.0
217624,2009,28058.0,49.0,0.0,0.2096,0.2408,0.2478,0.2662,1.6141,o,242.0,54.0,14221.0,157.0
217624,2010,33482.0,52.0,0.0,0.1864,0.2131,0.219,0.2348,1.5866,o,333.0,48.0,15559.0,345.0
217624,2012,19816.0,79.0,0.0,0.4784,0.463,0.4599,0.4522,0.8935,o,125.0,39.0,16246.0,536.0
217624,2013,20435.0,81.0,0.0,0.4757,0.3968,0.3822,0.348,0.5352,o,180.0,53.0,16229.0,456.0
217624,2014,21120.0,81.0,0.0,0.4602,0.3829,0.3686,0.3352,0.5304,o,189.0,61.0,15720.0,410.0
217624,2015,23616.0,77.0,0.0,0.3913,0.3558,0.3489,0.3322,0.7207,o,176.0,39.0,17154.0,427.0
217624,2016,19806.0,72.0,0.0,0.4362,0.46,0.4651,0.478,1.2007,o,138.0,30.0,17035.0,455.0
217624,2017,16947.0,66.0,0.0,0.4673,0.4713,0.4721,0.4742,1.0295,o,189.0,48.0,16751.0,486.0
217624,2018,17771.0,59.0,0.0,0.3984,0.3847,0.3819,0.375,0.8862,o,271.0,37.0,16376.0,447.0
217624,2019,18632.0,61.0,0.0,0.3929,0.4201,0.426,0.441,1.2603,o,241.0,60.0,15789.0,473.0
217624,2020,20792.0,40.0,0.0,0.2309,0.266,0.2739,0.2948,1.6306,o,173.0,28.0,16034.0,442.0
217624,2021,17698.0,51.0,0.0,0.3458,0.3703,0.3756,0.3891,1.2661,o,129.0,37.0,15571.0,382.0
217624,2022,16094.0,62.0,0.0,0.4623,0.4092,0.399,0.3746,0.6565,o,174.0,33.0,14634.0,299.0
217624,2023,17815.0,83.0,0.0,0.5591,0.4802,0.4653,0.4301,0.5918,o,170.0,56.0,13894.0,323.0
217624,2024,19561.0,85.0,2.0,0.5276,0.5,0.4945,0.4809,0.8309,o,156.0,79.0,14304.0,301.0
217633,1998,23588.0,96.0,5.0,0.5011,0.5133,0.5159,0.5223,1.0864,o,,,,
217633,1999,29733.0,111.0,9.0,0.4661,0.513,0.5232,0.5498,1.391,o,,,,
217633,2000,33210.0,152.0,4.0,0.5565,0.6244,0.6395,0.6787,1.4878,o,,,,
217633,2001,35178.0,200.0,9.0,0.6976,0.7923,0.8135,0.8688,1.5511,o,,,,
217633,2002,37893.0,201.0,12.0,0.6555,0.7025,0.7127,0.7387,1.2698,o,375.0,,19739.0,
217633,2003,40412.0,200.0,18.0,0.6206,0.6309,0.6331,0.6385,1.0584,o,343.0,,20817.0,370.0
217633,2004,41720.0,222.0,10.0,0.6529,0.6285,0.6235,0.6113,0.8767,o,327.0,,21981.0,458.0
217633,2005,41560.0,265.0,0.0,0.7652,0.7305,0.7236,0.7064,0.8524,o,371.0,,21230.0,487.0
217633,2006,41928.0,259.0,0.0,0.7413,0.7385,0.738,0.7365,0.9873,o,399.0,116.0,21969.0,506.0
217633,2007,36450.0,284.0,0.0,0.935,0.9541,0.9581,0.9682,1.0724,o,444.0,115.0,23290.0,637.0
217633,2008,46610.0,220.0,0.0,0.5664,0.6054,0.6138,0.6353,1.2582,o,418.0,125.0,26120.0,557.0
217633,2009,48918.0,313.0,0.0,0.7678,0.8163,0.8267,0.8533,1.235,o,452.0,131.0,26906.0,549.0
217633,2010,54868.0,235.0,0.0,0.514,0.5325,0.5364,0.5463,1.1299,o,501.0,115.0,27463.0,533.0
217633,2011,60677.0,278.0,0.0,0.5498,0.5697,0.5739,0.5846,1.1305,o,514.0,125.0,27849.0,535.0
217633,2012,64388.0,249.0,0.0,0.4641,0.4866,0.4914,0.5036,1.1775,o,542.0,151.0,28450.0,535.0
217633,2013,68727.0,351.0,0.0,0.6129,0.6483,0.6559,0.6752,1.2138,o,505.0,162.0,29048.0,547.0
217633,2014,69259.0,451.0,0.0,0.7814,0.803,0.8076,0.819,1.0986,o,648.0,128.0,30005.0,565.0
217633,2015,75261.0,478.0,0.0,0.7621,0.7909,0.7969,0.8123,1.136,o,666.0,233.0,31005.0,567.0
217633,2016,78734.0,495.0,0.0,0.7544,0.8038,0.8144,0.8416,1.2443,o,670.0,188.0,32229.0,609.0
217633,2017,84319.0,578.0,0.0,0.8226,0.8828,0.8958,0.9292,1.276,o,681.0,151.0,32992.0,603.0
217633,2018,84788.0,598.0,0.0,0.8463,0.8862,0.8946,0.9161,1.1717,o,643.0,145.0,33612.0,620.0
217633,2019,82516.0,612.0,0.0,0.89,0.892,0.8924,0.8934,1.0076,o,639.0,142.0,34166.0,608.0
217633,2020,84491.0,583.0,0.0,0.828,0.8182,0.8161,0.8111,0.9596,o,698.0,150.0,35133.0,549.0
217633,2021,87059.0,661.0,0.0,0.9111,0.9084,0.9078,0.9064,0.9896,o,776.0,146.0,34994.0,554.0
217633,2022,89025.0,642.0,0.0,0.8654,0.8927,0.8985,0.9131,1.1133,o,798.0,130.0,33701.0,576.0
217633,2023,93300.0,634.0,0.0,0.8154,0.8654,0.8762,0.9035,1.2278,o,849.0,155.0,32835.0,521.0
217633,2024,93988.0,651.0,0.0,0.8312,0.883,0.8941,0.9225,1.2319,o,809.0,175.0,33580.0,578.0
217688,1998,99930.0,288.0,1.0,0.3464,0.3575,0.3599,0.3658,1.1148,o,,,,
217688,2000,60852.0,299.0,4.0,0.5936,0.5937,0.5937,0.5938,1.0008,o,,,,
217688,2001,71098.0,275.0,3.0,0.4667,0.4529,0.4501,0.4431,0.9017,o,,,,
217688,2002,62428.0,308.0,2.0,0.594,0.5626,0.5563,0.5409,0.8292,o,507.0,,21770.0,
217688,2003,66591.0,379.0,3.0,0.6857,0.6345,0.6244,0.5999,0.7654,o,441.0,,22911.0,458.0
217688,2004,68835.0,327.0,0.0,0.5701,0.5675,0.5669,0.5656,0.9844,o,518.0,,23923.0,486.0
217688,2005,67378.0,316.0,1.0,0.5637,0.5848,0.5892,0.6005,1.1349,o,616.0,,24614.0,472.0
217688,2006,73470.0,386.0,3.0,0.6329,0.6671,0.6744,0.693,1.1987,o,593.0,208.0,24898.0,460.0
217688,2007,76043.0,410.0,0.0,0.647,0.6943,0.7045,0.7307,1.2753,o,678.0,304.0,25377.0,464.0
217688,2008,79801.0,437.0,1.0,0.6579,0.7139,0.726,0.7574,1.3253,o,612.0,278.0,26040.0,469.0
217688,2009,97927.0,475.0,0.0,0.5821,0.6042,0.6089,0.6208,1.1376,o,658.0,264.0,26917.0,387.0
217688,2010,100056.0,464.0,0.0,0.5565,0.5645,0.5662,0.5704,1.0505,o,637.0,220.0,27558.0,386.0
217688,2011,81894.0,469.0,0.0,0.6872,0.691,0.6917,0.6937,1.0189,o,694.0,329.0,27715.0,493.0
217688,2012,87027.0,412.0,0.0,0.5681,0.5733,0.5744,0.5771,1.0318,o,626.0,281.0,28355.0,495.0
217688,2013,83312.0,467.0,0.0,0.6727,0.6802,0.6818,0.6858,1.0394,o,656.0,347.0,28661.0,520.0
217688,2014,86986.0,481.0,0.0,0.6636,0.6616,0.6612,0.6602,0.99,o,652.0,312.0,29083.0,526.0
217688,2015,87987.0,478.0,0.0,0.6519,0.6486,0.6479,0.6463,0.9827,o,756.0,344.0,29817.0,523.0
217688,2016,93438.0,516.0,0.0,0.6627,0.6752,0.6778,0.6844,1.0667,o,723.0,252.0,30388.0,525.0
217688,2017,94781.0,529.0,0.0,0.6698,0.6981,0.7041,0.7194,1.1537,o,642.0,270.0,30773.0,519.0
217688,2018,91715.0,538.0,0.0,0.7039,0.7127,0.7145,0.7191,1.0436,o,585.0,285.0,30957.0,506.0
217688,2019,87325.0,636.0,0.0,0.874,0.8398,0.8329,0.8159,0.8714,o,579.0,279.0,31164.0,526.0
217688,2020,87075.0,566.0,0.0,0.78,0.7277,0.7173,0.692,0.787,o,604.0,231.0,31251.0,478.0
217688,2021,81245.0,526.0,0.0,0.7769,0.7453,0.739,0.7233,0.8667,o,690.0,290.0,32799.0,500.0
217688,2022,81200.0,499.0,0.0,0.7374,0.7489,0.7513,0.7573,1.0546,o,727.0,279.0,31737.0,476.0
217688,2023,83846.0,483.0,0.0,0.6913,0.7318,0.7405,0.7627,1.2174,o,725.0,238.0,31044.0,477.0
217688,2024,82849.0,499.0,0.0,0.7228,0.767,0.7765,0.8007,1.2274,o,796.0,293.0,31030.0,469.0
217712,1998,34168.0,0.0,101.0,0.1774,0.1803,0.188,0.1915,1.2624,o,,,,
217712,1999,32007.0,0.0,119.0,0.2231,0.2256,0.2322,0.2352,1.1737,o,,,,
217712,2000,31751.0,0.0,122.0,0.2305,0.2314,0.2335,0.2345,1.0529,o,,,,
217712,2001,33670.0,0.0,116.0,0.2067,0.21,0.2187,0.2226,1.2521,o,,,,
217712,2002,33905.0,0.0,106.0,0.1876,0.1873,0.1864,0.186,0.975,o,406.0,,2945.0,
217712,2003,36277.0,0.0,112.0,0.1852,0.1849,0.1841,0.1838,0.976,o,397.0,,3640.0,76.0
217712,2004,37905.0,0.0,128.0,0.2026,0.2026,0.2025,0.2024,0.9975,o,346.0,,4312.0,76.0
217712,2005,36991.0,0.0,149.0,0.2417,0.2392,0.2329,0.2301,0.8618,o,281.0,,4668.0,73.0
217712,2006,35925.0,0.0,140.0,0.2338,0.2293,0.2181,0.2132,0.7564,o,405.0,220.0,4674.0,89.0
217712,2007,38802.0,0.0,122.0,0.1887,0.1921,0.2011,0.2053,1.2919,o,427.0,261.0,4537.0,92.0
217712,2008,40443.0,0.0,148.0,0.2196,0.223,0.2319,0.236,1.2449,o,451.0,278.0,4609.0,118.0
217712,2009,46604.0,0.0,183.0,0.2356,0.2369,0.2404,0.242,1.0841,o,601.0,334.0,4705.0,108.0
217712,2010,59133.0,0.0,175.0,0.1776,0.1815,0.1921,0.197,1.369,o,571.0,328.0,4835.0,92.0
217712,2011,60768.0,0.0,173.0,0.1708,0.1718,0.1744,0.1755,1.0856,o,503.0,231.0,4894.0,101.0
217712,2012,54967.0,0.0,210.0,0.2292,0.2268,0.2206,0.218,0.8584,o,469.0,270.0,4904.0,108.0
217712,2013,49468.0,0.0,188.0,0.228,0.2259,0.2204,0.2181,0.8734,o,435.0,315.0,5042.0,108.0
217712,2014,49417.0,0.0,197.0,0.2392,0.2373,0.2327,0.2306,0.8951,o,475.0,286.0,5187.0,119.0
217712,2015,50472.0,0.0,231.0,0.2746,0.2756,0.278,0.2791,1.0509,o,428.0,197.0,5300.0,127.0
217712,2016,48287.0,0.0,256.0,0.3181,0.3167,0.3133,0.3117,0.9407,o,408.0,181.0,5419.0,138.0
217712,2017,45597.0,0.0,235.0,0.3092,0.307,0.3015,0.2991,0.9037,o,508.0,194.0,5451.0,147.0
217712,2018,46441.0,0.0,220.0,0.2842,0.2881,0.2984,0.3031,1.2153,o,422.0,216.0,5509.0,148.0
217712,2019,44231.0,0.0,177.0,0.2401,0.2387,0.2352,0.2337,0.9214,o,426.0,222.0,5715.0,166.0
217712,2020,43531.0,0.0,231.0,0.3184,0.3164,0.3115,0.3093,0.9161,o,375.0,180.0,5832.0,162.0
217712,2021,39936.0,0.0,190.0,0.2855,0.283,0.2768,0.2741,0.8844,o,363.0,144.0,6000.0,152.0
217712,2022,39087.0,0.0,201.0,0.3085,0.3064,0.3011,0.2987,0.9064,o,436.0,124.0,5639.0,143.0
217712,2023,43214.0,0.0,192.0,0.2666,0.2697,0.2779,0.2817,1.1816,o,426.0,122.0,5668.0,136.0
217712,2024,44798.0,0.0,207.0,0.2772,0.2785,0.2817,0.2832,1.0663,o,488.0,117.0,5500.0,114.0
217721,1998,63414.0,193.0,0.0,0.3652,0.4351,0.4511,0.4939,1.8286,o,,,,
217721,1999,83806.0,199.0,0.0,0.2849,0.2588,0.2537,0.2414,0.7179,o,,,,
217721,2001,97398.0,252.0,0.0,0.3105,0.2638,0.255,0.2344,0.57,o,,,,
217721,2002,87801.0,277.0,0.0,0.3786,0.4409,0.455,0.4923,1.6907,o,643.0,,16913.0,
217721,2003,89672.0,357.0,0.0,0.4777,0.8444,0.9501,1.2756,7.129,o,620.0,,17769.0,520.0
217721,2004,88864.0,385.0,0.0,0.5199,0.5758,0.5881,0.62,1.4223,o,704.0,,17409.0,536.0
217721,2005,78933.0,312.0,0.0,0.4743,0.4596,0.4566,0.4492,0.897,o,539.0,,19727.0,579.0
217721,2006,73650.0,336.0,0.0,0.5475,0.5373,0.5352,0.53,0.9374,o,638.0,81.0,20186.0,506.0
217721,2007,77328.0,303.0,0.0,0.4702,0.4607,0.4587,0.4539,0.9319,o,897.0,94.0,20571.0,479.0
217721,2008,85095.0,343.0,0.0,0.4837,0.5049,0.5094,0.5208,1.1594,o,888.0,113.0,20501.0,447.0
217721,2009,133367.0,296.0,0.0,0.2663,0.2958,0.3023,0.3192,1.436,o,837.0,141.0,20963.0,315.0
217721,2010,142096.0,285.0,0.0,0.2407,0.2689,0.2751,0.2914,1.4656,o,882.0,125.0,22286.0,326.0
217721,2011,95751.0,339.0,0.0,0.4249,0.439,0.442,0.4496,1.1199,o,986.0,124.0,22851.0,523.0
217721,2012,99074.0,382.0,0.0,0.4627,0.4688,0.4701,0.4733,1.0465,o,736.0,101.0,23389.0,500.0
217721,2013,91171.0,377.0,0.0,0.4962,0.496,0.4959,0.4958,0.9983,o,555.0,109.0,24402.0,471.0
217721,2014,78257.0,309.0,0.0,0.4738,0.4361,0.4286,0.4106,0.751,o,548.0,105.0,24033.0,468.0
217721,2015,77820.0,354.0,0.0,0.5459,0.4685,0.454,0.4195,0.5905,o,657.0,113.0,23874.0,461.0
217721,2016,77907.0,385.0,0.0,0.593,0.5347,0.5234,0.4961,0.6998,o,604.0,126.0,23709.0,435.0
217721,2017,73409.0,318.0,0.0,0.5198,0.5163,0.5156,0.5138,0.9768,o,563.0,94.0,24943.0,450.0
217721,2018,63646.0,248.0,0.0,0.4676,0.4753,0.4769,0.481,1.058,o,711.0,96.0,24873.0,469.0
217721,2019,65170.0,287.0,0.0,0.5285,0.5371,0.5389,0.5434,1.0573,o,729.0,79.0,20255.0,408.0
217721,2020,61724.0,231.0,0.0,0.4491,0.4667,0.4705,0.4799,1.142,o,356.0,42.0,19952.0,395.0
217721,2021,53757.0,154.0,0.0,0.3438,0.3366,0.3351,0.3315,0.9297,o,582.0,50.0,20076.0,393.0
217721,2022,58825.0,258.0,0.0,0.5263,0.4816,0.4728,0.4516,0.7363,o,384.0,86.0,18869.0,370.0
217721,2023,55437.0,331.0,0.0,0.7165,0.6382,0.6231,0.5868,0.6708,o,339.0,103.0,17805.0,385.0
217721,2024,49796.0,257.0,0.0,0.6193,0.5505,0.5373,0.5056,0.6664,o,390.0,147.0,18000.0,326.0
217749,1998,69120.0,627.0,45.0,1.1276,1.1201,1.1185,1.1147,0.9772,i,,,,
217749,1999,105962.0,580.0,53.0,0.6869,0.6715,0.6684,0.6607,0.9252,i,,,,
217749,2000,106120.0,629.0,61.0,0.7458,0.7297,0.7265,0.7183,0.9278,o,,,,
217749,2001,106020.0,503.0,0.0,0.5693,0.5623,0.5609,0.5573,0.9583,i,,,,
217749,2002,109308.0,538.0,59.0,0.623,0.6262,0.6268,0.6285,1.0176,i,887.0,,11952.0,
217749,2003,109873.0,648.0,39.0,0.729,0.7337,0.7347,0.7371,1.0224,o,859.0,,12371.0,
217749,2004,109718.0,622.0,63.0,0.7147,0.7087,0.7074,0.7043,0.9711,o,920.0,,13084.0,
217749,2005,114418.0,646.0,50.0,0.7037,0.6975,0.6963,0.6931,0.97,o,927.0,,12844.0,
217749,2006,114766.0,679.0,76.0,0.7497,0.7521,0.7526,0.7538,1.0109,o,862.0,142.0,14163.0,
217749,2007,110494.0,635.0,50.0,0.7168,0.7219,0.7229,0.7256,1.0246,o,950.0,188.0,14776.0,439.0
217749,2008,113738.0,649.0,59.0,0.7159,0.7197,0.7205,0.7225,1.0186,o,857.0,220.0,15526.0,470.0
217749,2009,110072.0,704.0,59.0,0.7997,0.7946,0.7936,0.791,0.9783,o,810.0,145.0,16848.0,489.0
217749,2010,109130.0,647.0,49.0,0.7384,0.7234,0.7204,0.7128,0.9318,o,642.0,249.0,17340.0,487.0
217749,2011,106887.0,750.0,59.0,0.8751,0.8207,0.8099,0.7834,0.8013,o,701.0,117.0,17491.0,480.0
217749,2012,95865.0,637.0,79.0,0.8468,0.777,0.7633,0.73,0.7432,o,699.0,86.0,17321.0,448.0
217749,2013,89557.0,628.0,74.0,0.8911,0.8471,0.8382,0.8166,0.8398,o,678.0,86.0,17499.0,465.0
217749,2014,85818.0,599.0,64.0,0.8823,0.8689,0.8661,0.8592,0.9483,o,614.0,84.0,17721.0,447.0
217749,2015,80453.0,532.0,45.0,0.8271,0.8178,0.8159,0.8112,0.962,o,608.0,90.0,18564.0,484.0
217749,2016,82875.0,509.0,46.0,0.7703,0.7405,0.7345,0.7197,0.8729,o,582.0,80.0,19317.0,500.0
217749,2017,78612.0,496.0,54.0,0.7984,0.7653,0.7586,0.7422,0.8642,o,595.0,94.0,19823.0,493.0
217749,2018,78306.0,443.0,46.0,0.7141,0.6951,0.6912,0.6816,0.911,o,605.0,95.0,20563.0,421.0
217749,2019,78736.0,500.0,36.0,0.7895,0.7853,0.7845,0.7823,0.982,o,655.0,77.0,22147.0,437.0
217749,2020,78116.0,535.0,37.0,0.8503,0.8645,0.8675,0.8749,1.0588,o,597.0,66.0,22957.0,440.0
217749,2021,77382.0,490.0,32.0,0.7847,0.7989,0.8018,0.8093,1.0637,o,590.0,88.0,24383.0,432.0
217749,2022,76836.0,480.0,54.0,0.7918,0.7893,0.7888,0.7875,0.9892,o,583.0,88.0,22983.0,383.0
217749,2023,76473.0,544.0,45.0,0.8889,0.8707,0.867,0.8577,0.931,o,549.0,68.0,22659.0,407.0
217749,2024,71424.0,524.0,50.0,0.9224,0.8958,0.8904,0.8771,0.9042,o,446.0,57.0,23400.0,418.0
217776,1998,50944.0,173.0,35.0,0.4487,0.4396,0.4378,0.4332,0.9319,o,,,,
217776,1999,62016.0,258.0,30.0,0.5283,0.5564,0.5625,0.5778,1.1963,o,,,,
217776,2000,45991.0,262.0,49.0,0.7475,0.809,0.8224,0.8567,1.3133,o,,,,
217776,2001,44497.0,243.0,57.0,0.7322,0.7703,0.7784,0.7991,1.191,o,,,,
217776,2002,55623.0,315.0,82.0,0.768,0.7879,0.7921,0.8027,1.0923,o,113.0,,22172.0,
217776,2003,41051.0,357.0,105.0,1.197,1.2294,1.2363,1.2534,1.0964,o,129.0,,22856.0,409.0
217776,2004,51036.0,402.0,113.0,1.0781,1.1202,1.1292,1.1518,1.1415,o,123.0,,23383.0,352.0
217776,2005,48533.0,381.0,87.0,1.0496,1.102,1.1132,1.1416,1.1831,o,139.0,,23741.0,378.0
217776,2006,46895.0,355.0,91.0,1.0248,1.0839,1.0965,1.1287,1.213,o,135.0,54.0,23371.0,387.0
217776,2007,44272.0,339.0,125.0,1.0883,1.1282,1.1366,1.158,1.1322,o,158.0,93.0,23744.0,389.0
217776,2008,44476.0,376.0,73.0,1.113,1.1627,1.1733,1.2001,1.1627,o,142.0,53.0,25169.0,398.0
217776,2009,43594.0,322.0,103.0,1.0281,1.0693,1.078,1.1002,1.145,o,168.0,67.0,25899.0,405.0
217776,2010,42330.0,323.0,102.0,1.0602,1.0989,1.1071,1.1277,1.1314,o,153.0,71.0,26732.0,430.0
217776,2011,38502.0,328.0,68.0,1.1283,1.1585,1.1649,1.1809,1.0956,o,136.0,135.0,27221.0,492.0
217776,2012,37141.0,310.0,68.0,1.1114,1.0995,1.097,1.0909,0.9633,o,159.0,122.0,27961.0,523.0
217776,2013,34880.0,357.0,48.0,1.3108,1.2921,1.2882,1.2787,0.9516,o,162.0,134.0,28674.0,535.0
217776,2014,34486.0,276.0,72.0,1.0857,1.0857,1.0857,1.0857,1.0,o,191.0,138.0,29228.0,536.0
217776,2015,34901.0,282.0,59.0,1.071,1.135,1.1487,1.1837,1.2215,o,188.0,70.0,29960.0,533.0
217776,2016,35461.0,297.0,65.0,1.115,1.1991,1.2172,1.2638,1.2847,o,203.0,153.0,30622.0,487.0
217776,2017,50560.0,314.0,42.0,0.7951,0.8419,0.8519,0.8775,1.2181,o,201.0,70.0,30735.0,313.0
217776,2018,33574.0,312.0,46.0,1.1974,1.2451,1.2553,1.2809,1.1445,o,215.0,152.0,30783.0,506.0
217776,2019,32078.0,286.0,32.0,1.1297,1.1607,1.1672,1.1836,1.0976,o,199.0,116.0,31086.0,516.0
217776,2020,30257.0,274.0,27.0,1.1402,1.1593,1.1633,1.1733,1.0588,o,194.0,108.0,30669.0,479.0
217776,2021,28751.0,247.0,28.0,1.0894,1.0807,1.0789,1.0744,0.9728,o,163.0,90.0,29970.0,490.0
217776,2022,25584.0,261.0,19.0,1.2688,1.2137,1.2026,1.1754,0.8582,o,148.0,108.0,29069.0,475.0
217776,2023,22911.0,205.0,12.0,1.1051,1.0172,0.9999,0.9579,0.7512,o,159.0,84.0,28798.0,463.0
217776,2024,22666.0,189.0,8.0,1.0218,0.9512,0.9372,0.9031,0.7812,o,142.0,85.0,27870.0,437.0
217819,1998,269239.0,1597.0,0.0,0.7118,0.7266,0.7334,0.7429,1.0893,o,,,,
217819,1999,271437.0,1742.0,0.0,0.7701,0.7766,0.7796,0.7837,1.0357,o,,,,
217819,2000,277196.0,1830.0,0.0,0.7922,0.8112,0.8201,0.8323,1.1037,o,,,,
217819,2001,280734.0,1748.0,0.0,0.7472,0.7776,0.7919,0.8119,1.1808,o,,,,
217819,2002,290214.0,1807.0,0.0,0.7472,0.7697,0.7803,0.7949,1.1318,o,2003.0,,6548.0,
217819,2003,294537.0,2107.0,0.0,0.8584,0.8566,0.8557,0.8546,0.991,o,1874.0,,8256.0,286.0
217819,2004,288390.0,2059.0,0.0,0.8568,0.8466,0.842,0.8357,0.9514,o,1944.0,,9569.0,346.0
217819,2005,289190.0,2007.0,0.0,0.8328,0.8248,0.8211,0.8162,0.9605,o,1993.0,,9983.0,364.0
217819,2006,288447.0,2066.0,0.0,0.8595,0.8574,0.8565,0.8552,0.9899,o,1968.0,635.0,10389.0,387.0
217819,2007,284576.0,2016.0,0.0,0.8501,0.8545,0.8565,0.8593,1.0217,o,2064.0,685.0,10940.0,407.0
217819,2008,286373.0,2140.0,0.0,0.8967,0.9085,0.914,0.9215,1.056,o,1956.0,707.0,11382.0,428.0
217819,2009,283836.0,2058.0,0.0,0.8701,0.8744,0.8765,0.8792,1.0211,o,2143.0,724.0,12086.0,460.0
217819,2010,295025.0,2220.0,0.0,0.903,0.9104,0.9139,0.9186,1.0348,o,2010.0,805.0,12848.0,487.0
217819,2011,293987.0,2025.0,0.0,0.8266,0.8325,0.8352,0.8389,1.03,o,2334.0,756.0,14398.0,522.0
217819,2012,306589.0,2114.0,0.0,0.8274,0.843,0.8502,0.8601,1.0806,o,2138.0,731.0,13084.0,529.0
217819,2013,307438.0,2220.0,0.0,0.8665,0.8848,0.8933,0.9051,1.091,o,2116.0,747.0,13258.0,544.0
217819,2014,307878.0,2204.0,0.0,0.859,0.864,0.8663,0.8694,1.0243,o,2166.0,690.0,13990.0,560.0
217819,2015,305325.0,2311.0,0.0,0.9083,0.9051,0.9037,0.9018,0.9857,o,2237.0,712.0,14335.0,571.0
217819,2016,302713.0,2410.0,0.0,0.9554,0.9518,0.9502,0.948,0.9846,o,2349.0,756.0,14678.0,580.0
217819,2017,304445.0,2135.0,0.0,0.8415,0.8568,0.864,0.8738,1.078,o,1840.0,633.0,15049.0,579.0
217819,2018,293136.0,2222.0,0.0,0.9096,0.9048,0.9026,0.8997,0.9783,o,2199.0,524.0,15481.0,585.0
217819,2019,291524.0,2245.0,0.0,0.9241,0.9052,0.8966,0.8851,0.9173,o,2051.0,506.0,15665.0,596.0
217819,2020,283491.0,2228.0,0.0,0.9431,0.926,0.9183,0.9079,0.9267,o,2052.0,502.0,15552.0,605.0
217819,2021,275328.0,2040.0,0.0,0.8891,0.8847,0.8827,0.8799,0.9795,o,2473.0,638.0,15148.0,592.0
217819,2022,291301.0,2028.0,0.0,0.8354,0.8585,0.8693,0.8843,1.1203,o,2210.0,546.0,14237.0,597.0
217819,2023,292208.0,2020.0,0.0,0.8295,0.8491,0.8582,0.8708,1.1019,o,2637.0,640.0,13434.0,602.0
217819,2024,315451.0,2074.0,0.0,0.789,0.8212,0.8364,0.8575,1.1813,o,2265.0,634.0,12978.0,612.0
217837,1998,22004.0,0.0,75.0,0.2045,0.2041,0.2031,0.2026,0.972,o,,,,
217837,1999,23498.0,0.0,94.0,0.24,0.2435,0.2528,0.257,1.2304,o,,,,
217837,2000,21633.0,0.0,90.0,0.2496,0.2495,0.2492,0.2491,0.9936,o,,,,
217837,2001,20822.0,0.0,101.0,0.291,0.2893,0.2848,0.2828,0.9165,o,,,,
217837,2002,21522.0,0.0,79.0,0.2202,0.2199,0.2191,0.2188,0.9803,o,241.0,,3118.0,
217837,2003,25935.0,0.0,76.0,0.1758,0.1767,0.179,0.18,1.0735,o,291.0,,3555.0,65.0
217837,2004,26852.0,0.0,106.0,0.2369,0.2406,0.2505,0.2551,1.2516,o,265.0,,3890.0,60.0
217837,2005,26387.0,0.0,106.0,0.241,0.241,0.2408,0.2407,0.9962,o,266.0,,3776.0,50.0
217837,2006,24909.0,0.0,118.0,0.2842,0.2834,0.2811,0.2801,0.9568,o,223.0,53.0,3889.0,47.0
217837,2007,23570.0,0.0,132.0,0.336,0.3319,0.3217,0.3172,0.8399,o,249.0,59.0,4002.0,53.0
217837,2008,21924.0,0.0,119.0,0.3257,0.3261,0.3272,0.3276,1.0184,o,259.0,59.0,4364.0,67.0
217837,2009,23406.0,0.0,113.0,0.2897,0.2916,0.2965,0.2987,1.0975,o,230.0,67.0,4705.0,80.0
217837,2010,27001.0,0.0,153.0,0.34,0.3376,0.3317,0.329,0.9055,o,305.0,74.0,4674.0,55.0
217837,2011,29905.0,0.0,124.0,0.2488,0.2527,0.2629,0.2676,1.2474,o,291.0,93.0,4665.0,
217837,2012,28050.0,0.0,128.0,0.2738,0.2754,0.2796,0.2815,1.0878,o,270.0,95.0,4678.0,
217837,2013,28129.0,0.0,137.0,0.2922,0.2902,0.2851,0.2829,0.906,o,272.0,79.0,4724.0,28.0
217837,2014,26215.0,0.0,144.0,0.3296,0.3289,0.3271,0.3263,0.9697,o,263.0,72.0,4779.0,30.0
217837,2015,24277.0,0.0,120.0,0.2966,0.296,0.2944,0.2937,0.9705,o,234.0,64.0,4864.0,45.0
217837,2016,23091.0,0.0,127.0,0.33,0.3269,0.3191,0.3157,0.8748,o,246.0,77.0,4986.0,63.0
217837,2017,21290.0,0.0,124.0,0.3495,0.3492,0.3486,0.3483,0.9899,o,248.0,53.0,5214.0,69.0
217837,2018,20495.0,0.0,127.0,0.3718,0.3727,0.3749,0.3758,1.0333,o,260.0,94.0,5085.0,75.0
217837,2019,27144.0,0.0,101.0,0.2233,0.2241,0.2261,0.2271,1.0526,o,240.0,160.0,5366.0,39.0
217837,2020,28840.0,0.0,140.0,0.2913,0.2901,0.2872,0.2859,0.9449,o,273.0,136.0,5430.0,28.0
217837,2021,28924.0,0.0,142.0,0.2946,0.2964,0.3011,0.3032,1.092,o,247.0,104.0,5806.0,80.0
217837,2022,30993.0,0.0,77.0,0.1491,0.1487,0.1477,0.1472,0.963,o,317.0,43.0,5457.0,103.0
217837,2023,27113.0,0.0,118.0,0.2611,0.2648,0.2744,0.2788,1.2192,o,288.0,25.0,5863.0,111.0
217837,2024,26126.0,0.0,164.0,0.3766,0.3772,0.3786,0.3793,1.0213,o,276.0,50.0,5664.0,107.0
217864,1998,68915.0,432.0,0.0,0.7522,0.7364,0.7292,0.7196,0.9151,o,,,,
217864,1999,68806.0,433.0,0.0,0.7552,0.7442,0.7393,0.7325,0.941,o,,,,
217864,2000,69163.0,385.0,0.0,0.668,0.6721,0.6739,0.6765,1.0256,o,,,,
217864,2001,72005.0,387.0,0.0,0.645,0.6695,0.681,0.6971,1.1681,o,,,,
217864,2002,74982.0,411.0,0.0,0.6578,0.6891,0.704,0.7247,1.2141,o,520.0,,6456.0,
217864,2003,75859.0,416.0,0.0,0.6581,0.6717,0.678,0.6867,1.0889,o,553.0,,6911.0,252.0
217864,2004,78349.0,462.0,0.0,0.7076,0.7081,0.7083,0.7086,1.0028,o,569.0,,8290.0,277.0
217864,2005,79204.0,471.0,0.0,0.7136,0.7134,0.7134,0.7133,0.9991,o,585.0,,9497.0,309.0
217864,2006,79827.0,433.0,0.0,0.6509,0.6599,0.664,0.6697,1.0587,o,538.0,76.0,10162.0,327.0
217864,2007,80525.0,510.0,0.0,0.76,0.7684,0.7722,0.7775,1.0466,o,621.0,63.0,10841.0,353.0
217864,2008,81044.0,467.0,0.0,0.6915,0.6969,0.6994,0.7028,1.033,o,607.0,73.0,11319.0,375.0
217864,2009,82143.0,483.0,0.0,0.7056,0.7162,0.7211,0.7279,1.0641,o,591.0,101.0,12126.0,397.0
217864,2010,84674.0,456.0,0.0,0.6462,0.6563,0.661,0.6675,1.0668,o,626.0,84.0,12487.0,420.0
217864,2011,84075.0,522.0,0.0,0.745,0.7538,0.7579,0.7635,1.05,o,631.0,102.0,13779.0,475.0
217864,2012,87510.0,495.0,0.0,0.6788,0.6826,0.6843,0.6867,1.0236,o,676.0,108.0,13900.0,455.0
217864,2013,93143.0,523.0,0.0,0.6738,0.688,0.6947,0.7038,1.091,o,645.0,117.0,14067.0,471.0
217864,2014,96082.0,558.0,0.0,0.6969,0.7108,0.7172,0.7261,1.0855,o,618.0,87.0,14269.0,482.0
217864,2015,97341.0,597.0,0.0,0.736,0.7368,0.7372,0.7377,1.0048,o,602.0,103.0,14488.0,481.0
217864,2016,94400.0,651.0,0.0,0.8275,0.814,0.8078,0.7995,0.9334,o,734.0,98.0,14733.0,489.0
217864,2017,95430.0,637.0,0.0,0.801,0.8032,0.8042,0.8055,1.0114,o,687.0,142.0,14958.0,500.0
217864,2018,98807.0,613.0,0.0,0.7445,0.7658,0.7758,0.7897,1.1251,o,703.0,138.0,15025.0,487.0
217864,2019,102099.0,612.0,0.0,0.7193,0.7422,0.7529,0.7678,1.1393,o,646.0,121.0,15272.0,486.0
217864,2020,100749.0,650.0,0.0,0.7742,0.776,0.7768,0.778,1.0097,o,582.0,116.0,15169.0,505.0
217864,2021,95777.0,702.0,0.0,0.8795,0.8493,0.8357,0.8176,0.8642,o,566.0,99.0,14730.0,482.0
217864,2022,92072.0,715.0,0.0,0.9319,0.8901,0.8715,0.8469,0.8259,o,678.0,110.0,13790.0,441.0
217864,2023,90289.0,685.0,0.0,0.9104,0.8929,0.885,0.8743,0.9222,o,661.0,108.0,13012.0,410.0
217864,2024,89016.0,580.0,0.0,0.7819,0.7983,0.8059,0.8165,1.0904,o,672.0,92.0,12570.0,399.0
217873,1998,31500.0,140.0,0.0,0.5333,0.5052,0.4996,0.4858,0.8298,o,,,,
217873,1999,35240.0,142.0,0.0,0.4835,0.4765,0.4751,0.4715,0.9509,o,,,,
217873,2001,42783.0,195.0,0.0,0.5469,0.5658,0.5698,0.5799,1.1241,o,,,,
217873,2002,45489.0,221.0,0.0,0.583,0.6116,0.6177,0.6332,1.1797,o,350.0,,14100.0,
217873,2004,51068.0,250.0,0.0,0.5875,0.6017,0.6046,0.6122,1.0859,o,374.0,,16010.0,443.0
217873,2005,55193.0,287.0,0.0,0.624,0.6422,0.646,0.6557,1.1041,o,385.0,,16823.0,390.0
217873,2006,51144.0,270.0,0.0,0.6335,0.6507,0.6543,0.6635,1.0968,o,400.0,43.0,16971.0,473.0
217873,2007,51766.0,273.0,0.0,0.6328,0.6521,0.6561,0.6664,1.1088,o,390.0,112.0,17791.0,438.0
217873,2008,49637.0,280.0,0.0,0.6769,0.6921,0.6952,0.7032,1.0792,o,465.0,97.0,18084.0,432.0
217873,2009,51513.0,267.0,0.0,0.622,0.6438,0.6485,0.6601,1.1265,o,468.0,99.0,18597.0,468.0
217873,2010,53995.0,280.0,0.0,0.6223,0.6542,0.6611,0.6784,1.1885,o,423.0,104.0,18106.0,450.0
217873,2011,54945.0,319.0,0.0,0.6967,0.7214,0.7267,0.7399,1.1278,o,408.0,125.0,18382.0,462.0
217873,2012,57458.0,333.0,0.0,0.6955,0.6897,0.6886,0.6856,0.9719,o,442.0,110.0,18191.0,444.0
217873,2013,57290.0,311.0,0.0,0.6514,0.6341,0.6305,0.6218,0.911,o,385.0,99.0,19421.0,441.0
217873,2014,57273.0,371.0,0.0,0.7773,0.7607,0.7573,0.7489,0.9282,o,389.0,105.0,19762.0,458.0
217873,2015,56521.0,330.0,0.0,0.7006,0.6863,0.6834,0.6762,0.9314,o,450.0,106.0,19595.0,468.0
217873,2016,59206.0,360.0,0.0,0.7297,0.7269,0.7263,0.7249,0.9871,o,490.0,115.0,20121.0,459.0
217873,2017,59909.0,339.0,0.0,0.679,0.7047,0.7102,0.7239,1.1366,o,519.0,82.0,20598.0,489.0
217873,2018,63062.0,310.0,0.0,0.5899,0.637,0.6473,0.6735,1.3036,o,572.0,82.0,20539.0,479.0
217873,2019,62286.0,337.0,0.0,0.6493,0.7006,0.7118,0.7404,1.3004,o,460.0,93.0,20565.0,493.0
217873,2020,61286.0,315.0,0.0,0.6168,0.6337,0.6373,0.6463,1.0979,o,501.0,112.0,20664.0,514.0
217873,2021,59175.0,425.0,0.0,0.8619,0.8498,0.8473,0.8411,0.9524,o,305.0,73.0,19897.0,567.0
217873,2022,53980.0,417.0,0.0,0.927,0.8491,0.8338,0.7968,0.7388,o,384.0,86.0,18700.0,558.0
217873,2023,53115.0,334.0,0.0,0.7546,0.6712,0.6551,0.6166,0.6676,o,457.0,77.0,17645.0,535.0
217873,2024,52192.0,307.0,0.0,0.7059,0.6791,0.6737,0.6603,0.8751,o,387.0,82.0,17046.0,428.0
217882,1998,400170.0,2474.0,0.0,0.7419,0.7591,0.7672,0.7783,1.1006,o,,,,
217882,1999,372982.0,2528.0,0.0,0.8133,0.8274,0.834,0.843,1.0742,o,,,,
217882,2000,425657.0,2554.0,0.0,0.72,0.736,0.7435,0.7538,1.0961,o,,,,
217882,2001,438411.0,2726.0,0.0,0.7461,0.7723,0.7846,0.8016,1.1543,o,,,,
217882,2002,432449.0,2809.0,0.0,0.7795,0.7891,0.7936,0.7997,1.0527,o,2474.0,,8817.0,
217882,2003,422202.0,3004.0,0.0,0.8538,0.8316,0.8216,0.8081,0.8959,o,2767.0,,9914.0,380.0
217882,2004,420502.0,3020.0,0.0,0.8618,0.8368,0.8256,0.8106,0.8846,o,3018.0,,11499.0,438.0
217882,2005,420347.0,3005.0,0.0,0.8579,0.8654,0.8689,0.8737,1.0373,o,2903.0,,12619.0,485.0
217882,2006,422185.0,2957.0,0.0,0.8405,0.8746,0.8907,0.9131,1.1802,o,2812.0,785.0,13736.0,523.0
217882,2007,427516.0,2946.0,0.0,0.8269,0.8443,0.8524,0.8635,1.0904,o,2762.0,827.0,14216.0,536.0
217882,2008,434210.0,3075.0,0.0,0.8498,0.8423,0.8388,0.8342,0.9635,o,2923.0,960.0,15175.0,547.0
217882,2009,449095.0,3198.0,0.0,0.8545,0.8462,0.8424,0.8373,0.9601,o,3383.0,968.0,14933.0,554.0
217882,2010,467097.0,3450.0,0.0,0.8863,0.9075,0.9174,0.931,1.1034,o,3016.0,1065.0,15836.0,572.0
217882,2011,469280.0,3318.0,0.0,0.8484,0.877,0.8904,0.9091,1.148,o,2933.0,1149.0,16623.0,626.0
217882,2012,481037.0,3441.0,0.0,0.8584,0.8678,0.8721,0.8781,1.0464,o,3463.0,1158.0,16741.0,633.0
217882,2013,503732.0,3720.0,0.0,0.8862,0.8892,0.8906,0.8925,1.0143,o,3289.0,1144.0,16943.0,639.0
217882,2014,523342.0,3708.0,0.0,0.8502,0.8613,0.8664,0.8734,1.0552,o,3475.0,1293.0,17187.0,619.0
217882,2015,529586.0,3808.0,0.0,0.8629,0.8899,0.9025,0.9201,1.137,o,3447.0,1357.0,17553.0,646.0
217882,2016,551733.0,3981.0,0.0,0.8659,0.8824,0.8901,0.9008,1.0822,o,3684.0,1426.0,18503.0,664.0
217882,2017,556937.0,4166.0,0.0,0.8976,0.9095,0.9149,0.9225,1.0561,o,3649.0,1570.0,18750.0,711.0
217882,2018,594392.0,4545.0,0.0,0.9176,0.9355,0.9439,0.9554,1.0841,o,3789.0,1523.0,18839.0,695.0
217882,2019,602671.0,4648.0,0.0,0.9255,0.9416,0.9491,0.9594,1.0745,o,3932.0,1529.0,18759.0,714.0
217882,2020,617501.0,4929.0,0.0,0.9579,0.9763,0.9849,0.9967,1.0827,o,4199.0,1595.0,18700.0,749.0
217882,2021,639248.0,5070.0,0.0,0.9517,0.9756,0.9868,1.0022,1.1088,o,4593.0,1509.0,18160.0,726.0
217882,2022,659665.0,5060.0,0.0,0.9205,0.9582,0.976,1.0007,1.182,o,4588.0,1621.0,17068.0,708.0
217882,2023,683672.0,5311.0,0.0,0.9322,0.9718,0.9905,1.0165,1.1891,o,4494.0,1513.0,16105.0,716.0
217882,2024,700516.0,5666.0,0.0,0.9706,0.9967,1.0089,1.0258,1.117,o,4880.0,1580.0,15554.0,682.0
217891,2002,1378.0,0.0,27.0,1.1756,0.9306,0.8867,0.7857,0.4467,i,75.0,,,
217891,2003,1720.0,0.0,19.0,0.6628,0.6596,0.6589,0.6573,0.9834,i,56.0,,3059.0,144.0
217891,2005,4590.0,0.0,14.0,0.183,0.2279,0.2385,0.2672,2.1324,o,85.0,,4346.0,170.0
217891,2007,4185.0,0.0,18.0,0.2581,0.254,0.2532,0.2511,0.9466,o,56.0,3.0,5497.0,124.0
217891,2008,3456.0,0.0,16.0,0.2778,0.2457,0.2396,0.2248,0.6552,o,49.0,10.0,5319.0,165.0
217891,2009,3440.0,0.0,24.0,0.4186,0.3616,0.3508,0.3252,0.6034,o,69.0,13.0,5230.0,172.0
217891,2010,4880.0,0.0,33.0,0.4057,0.3999,0.3988,0.3958,0.9516,o,82.0,9.0,5196.0,140.0
217891,2011,4976.0,0.0,23.0,0.2773,0.3172,0.3262,0.3496,1.5895,o,66.0,22.0,6331.0,167.0
217891,2012,5220.0,0.0,55.0,0.6322,0.6984,0.7129,0.7506,1.4095,o,54.0,14.0,6170.0,129.0
217891,2013,4289.0,0.0,33.0,0.4616,0.4639,0.4644,0.4655,1.0169,o,78.0,12.0,6196.0,191.0
217891,2014,5600.0,5.0,26.0,0.3857,0.371,0.368,0.3606,0.8742,o,105.0,26.0,6451.0,181.0
217891,2015,5196.0,2.0,22.0,0.3002,0.3193,0.3234,0.3338,1.2365,o,75.0,7.0,6945.0,277.0
217891,2016,4895.0,11.0,33.0,0.6742,0.7583,0.777,0.8257,1.5,o,109.0,13.0,9400.0,235.0
217891,2017,5052.0,7.0,22.0,0.4276,0.4708,0.4803,0.5048,1.3939,o,30.0,27.0,10063.0,282.0
217891,2019,5508.0,8.0,13.0,0.3159,0.3058,0.3038,0.2988,0.8944,o,64.0,22.0,12226.0,413.0
217891,2020,4672.0,9.0,19.0,0.4752,0.4832,0.4849,0.4892,1.0598,o,30.0,32.0,12043.0,335.0
217891,2021,2924.0,11.0,16.0,0.7798,0.6961,0.68,0.6412,0.6763,o,33.0,25.0,11696.0,320.0
217891,2022,4621.0,4.0,9.0,0.2207,0.1681,0.1589,0.1381,0.3913,o,55.0,13.0,10992.0,166.0
217891,2023,4512.0,12.0,4.0,0.3723,0.2956,0.2818,0.2501,0.4513,o,48.0,,10886.0,360.0
217891,2024,4033.0,11.0,9.0,0.4612,0.4736,0.4762,0.4828,1.0957,o,79.0,32.0,10516.0,253.0
217907,1998,28800.0,126.0,0.0,0.525,0.549,0.5541,0.5671,1.1667,o,,,,
217907,1999,25155.0,171.0,0.0,0.8157,0.8751,0.8879,0.9207,1.2739,o,,,,
217907,2000,23227.0,199.0,0.0,1.0281,1.0598,1.0665,1.0833,1.1103,o,,,,
217907,2001,26707.0,176.0,0.0,0.7908,0.817,0.8226,0.8366,1.119,o,,,,
217907,2002,18450.0,197.0,0.0,1.2813,1.2499,1.2435,1.2277,0.9181,o,129.0,,26628.0,
217907,2003,26413.0,205.0,0.0,0.9314,0.8488,0.8326,0.7936,0.726,o,182.0,,25898.0,710.0
217907,2004,32529.0,198.0,0.0,0.7304,0.7186,0.7162,0.7102,0.9453,o,151.0,,26807.0,425.0
217907,2005,30066.0,218.0,0.0,0.8701,0.9256,0.9376,0.9681,1.2379,o,157.0,,26500.0,476.0
217907,2006,28842.0,252.0,0.0,1.0485,1.1684,1.1949,1.2638,1.4528,o,194.0,45.0,26437.0,470.0
217907,2007,28300.0,221.0,0.0,0.9371,0.9706,0.9776,0.9955,1.1286,o,200.0,46.0,26424.0,488.0
217907,2008,31546.0,240.0,0.0,0.913,0.9586,0.9683,0.9931,1.1832,o,152.0,38.0,27221.0,470.0
217907,2009,31546.0,195.0,0.0,0.7418,0.7711,0.7773,0.793,1.1429,o,196.0,40.0,27801.0,459.0
217907,2010,31378.0,232.0,0.0,0.8872,0.885,0.8846,0.8834,0.9915,o,189.0,51.0,28001.0,497.0
217907,2011,29783.0,233.0,0.0,0.9388,0.9325,0.9312,0.928,0.9772,o,213.0,110.0,28684.0,519.0
217907,2012,27423.0,206.0,0.0,0.9014,0.9368,0.9443,0.9633,1.142,o,198.0,109.0,30206.0,576.0
217907,2013,33423.0,231.0,0.0,0.8294,0.8704,0.8791,0.9013,1.181,o,251.0,121.0,31602.0,491.0
217907,2014,32436.0,236.0,0.0,0.8731,0.9129,0.9214,0.9429,1.1662,o,239.0,129.0,32360.0,509.0
217907,2015,30792.0,224.0,0.0,0.873,0.9245,0.9356,0.9638,1.2189,o,226.0,136.0,33336.0,534.0
217907,2016,31835.0,202.0,0.0,0.7614,0.7892,0.795,0.8099,1.1314,o,259.0,105.0,34444.0,499.0
217907,2017,31517.0,229.0,0.0,0.8719,0.8916,0.8958,0.9062,1.0802,o,210.0,101.0,35215.0,504.0
217907,2018,28449.0,226.0,0.0,0.9533,0.9413,0.9388,0.9326,0.9571,o,294.0,112.0,35748.0,511.0
217907,2019,27396.0,190.0,0.0,0.8322,0.8519,0.856,0.8664,1.0839,o,266.0,87.0,36055.0,489.0
217907,2020,27332.0,218.0,0.0,0.9571,0.9979,1.0065,1.0285,1.1546,o,244.0,97.0,36294.0,436.0
217907,2021,29759.0,174.0,0.0,0.7016,0.7189,0.7225,0.7317,1.0874,o,213.0,58.0,36796.0,380.0
217907,2022,26312.0,203.0,0.0,0.9258,0.8999,0.8946,0.8816,0.9067,o,188.0,93.0,34583.0,351.0
217907,2023,25920.0,191.0,0.0,0.8843,0.8026,0.7867,0.7483,0.7161,o,172.0,72.0,32881.0,351.0
217907,2024,27819.0,171.0,0.0,0.7376,0.6668,0.653,0.6197,0.7059,o,212.0,132.0,31854.0,358.0
217925,1998,12096.0,116.0,11.0,1.2054,1.231,1.2364,1.2499,1.0753,o,,,,
217925,1999,12616.0,89.0,4.0,0.8656,0.8608,0.8598,0.8573,0.981,o,,,,
217925,2000,15468.0,90.0,5.0,0.7176,0.7716,0.7832,0.8132,1.284,o,,,,
217925,2001,16712.0,108.0,7.0,0.8006,0.9077,0.9315,0.994,1.5414,o,,,,
217925,2002,18782.0,123.0,4.0,0.7986,0.9044,0.928,0.9896,1.5355,o,112.0,,16369.0,
217925,2003,18618.0,152.0,4.0,0.9926,1.0208,1.0267,1.0417,1.1014,o,108.0,,17673.0,481.0
217925,2004,18384.0,134.0,3.0,0.8845,0.8604,0.8554,0.8433,0.9091,o,91.0,,19552.0,500.0
217925,2005,17443.0,125.0,5.0,0.8771,0.8328,0.8239,0.8021,0.8361,o,93.0,,20635.0,566.0
217925,2006,16192.0,164.0,1.0,1.2191,1.1301,1.1125,1.0697,0.7699,o,91.0,43.0,21269.0,579.0
217925,2007,14370.0,130.0,4.0,1.1023,1.0466,1.0355,1.0081,0.8364,o,95.0,67.0,22421.0,562.0
217925,2008,14545.0,118.0,0.0,0.9735,0.9546,0.9508,0.9412,0.9347,o,86.0,58.0,22886.0,525.0
217925,2009,14661.0,104.0,17.0,0.9208,0.9164,0.9155,0.9133,0.9837,o,107.0,65.0,23409.0,462.0
217925,2010,16573.0,110.0,4.0,0.811,0.8223,0.8246,0.8306,1.0489,o,107.0,62.0,24123.0,490.0
217925,2011,17467.0,102.0,17.0,0.7591,0.7907,0.7973,0.8143,1.1505,o,84.0,78.0,24282.0,455.0
217925,2012,17174.0,137.0,14.0,1.0062,1.022,1.0253,1.0336,1.0552,o,108.0,36.0,24580.0,445.0
217925,2013,16811.0,115.0,15.0,0.8744,0.8731,0.8728,0.8722,0.9948,o,103.0,61.0,25058.0,447.0
217925,2014,16779.0,136.0,13.0,1.0191,1.015,1.0141,1.012,0.986,o,104.0,68.0,24923.0,454.0
217925,2015,16077.0,130.0,30.0,1.0823,1.1078,1.1132,1.1267,1.0838,o,95.0,65.0,25431.0,455.0
217925,2016,15931.0,114.0,16.0,0.919,0.9286,0.9306,0.9356,1.0365,o,81.0,48.0,26486.0,466.0
217925,2017,14360.0,95.0,12.0,0.844,0.8008,0.7921,0.7708,0.8341,o,88.0,48.0,27395.0,465.0
217925,2018,14175.0,134.0,12.0,1.1852,1.1175,1.104,1.0709,0.8164,o,109.0,77.0,27904.0,461.0
217925,2019,16441.0,112.0,14.0,0.8686,0.866,0.8655,0.8642,0.99,o,132.0,75.0,28907.0,476.0
217925,2020,20017.0,115.0,16.0,0.7374,0.8077,0.8231,0.8629,1.3693,o,154.0,80.0,28847.0,438.0
217925,2021,20728.0,139.0,16.0,0.851,0.9913,1.0231,1.1071,1.6923,o,215.0,40.0,28772.0,389.0
217925,2022,21185.0,146.0,29.0,0.9091,1.0906,1.1325,1.2443,1.8731,o,179.0,49.0,28073.0,335.0
217925,2023,22227.0,177.0,24.0,1.0204,1.1767,1.2119,1.3047,1.6349,o,116.0,93.0,27783.0,358.0
217925,2024,20891.0,139.0,14.0,0.8386,0.8462,0.8478,0.8517,1.0315,o,170.0,82.0,27900.0,406.0
217934,1998,37307.0,253.0,0.0,0.8138,0.8287,0.8318,0.8396,1.0645,o,,,,
217934,1999,38924.0,270.0,0.0,0.8324,0.843,0.8452,0.8508,1.0447,o,,,,
217934,2000,36232.0,149.0,0.0,0.4935,0.4929,0.4928,0.4926,0.9962,o,,,,
217934,2001,34848.0,225.0,0.0,0.7748,0.7696,0.7686,0.7659,0.9773,o,,,,
217934,2002,34876.0,252.0,0.0,0.8671,0.8503,0.8469,0.8384,0.9349,o,251.0,,27490.0,
217934,2003,35488.0,208.0,0.0,0.7033,0.6916,0.6892,0.6832,0.9435,o,180.0,,28243.0,429.0
217934,2004,32596.0,235.0,0.0,0.8651,0.8211,0.8123,0.7907,0.8353,o,268.0,,28656.0,473.0
217934,2005,31753.0,220.0,0.0,0.8314,0.804,0.7984,0.7846,0.8907,o,211.0,,29037.0,443.0
217934,2006,29409.0,211.0,0.0,0.861,0.8498,0.8475,0.8418,0.9561,o,259.0,112.0,29937.0,470.0
217934,2007,32460.0,164.0,0.0,0.6063,0.6217,0.6249,0.6331,1.0905,o,273.0,122.0,30704.0,452.0
217934,2008,33859.0,220.0,0.0,0.7797,0.8195,0.828,0.8497,1.1875,o,280.0,118.0,31681.0,485.0
217934,2009,34369.0,204.0,0.0,0.7123,0.7426,0.749,0.7653,1.1545,o,219.0,112.0,33136.0,494.0
217934,2010,33150.0,224.0,0.0,0.8109,0.8251,0.828,0.8355,1.0617,o,213.0,143.0,33565.0,506.0
217934,2011,32664.0,209.0,0.0,0.7678,0.7228,0.7139,0.6919,0.812,o,193.0,124.0,33586.0,502.0
217934,2012,30916.0,233.0,0.0,0.9044,0.8269,0.8117,0.7749,0.7342,o,188.0,148.0,34083.0,516.0
217934,2013,30567.0,225.0,0.0,0.8833,0.8168,0.8037,0.7718,0.7635,o,128.0,143.0,34797.0,538.0
217934,2014,28256.0,226.0,0.0,0.9598,0.8766,0.8603,0.8209,0.7315,o,136.0,154.0,35284.0,523.0
217934,2015,34010.0,251.0,0.0,0.8856,0.7817,0.7618,0.7141,0.6502,o,185.0,176.0,35705.0,508.0
217934,2016,39971.0,258.0,0.0,0.7746,0.737,0.7295,0.711,0.8425,o,146.0,337.0,36430.0,511.0
217934,2017,40802.0,317.0,0.0,0.9323,0.9449,0.9476,0.9542,1.0475,o,160.0,200.0,36841.0,505.0
217934,2018,35918.0,429.0,0.0,1.4333,1.496,1.5093,1.5431,1.1591,o,161.0,180.0,24302.0,453.0
217934,2019,31948.0,414.0,1.0,1.5569,1.5569,1.5569,1.5569,1.0,o,176.0,216.0,23794.0,500.0
217934,2020,30284.0,295.0,5.0,1.1788,1.185,1.1863,1.1895,1.0181,o,132.0,185.0,23907.0,485.0
217934,2021,26911.0,266.0,25.0,1.2419,1.2442,1.2447,1.2459,1.0065,o,207.0,231.0,24150.0,467.0
217934,2022,30270.0,206.0,0.0,0.8167,0.8297,0.8324,0.8392,1.0561,o,190.0,185.0,22906.0,455.0
217934,2023,31361.0,225.0,0.0,0.8609,0.9028,0.9118,0.9344,1.178,o,204.0,275.0,22825.0,430.0
217934,2024,34921.0,245.0,0.0,0.8419,0.9042,0.9177,0.9522,1.2792,o,211.0,292.0,21450.0,439.0
217961,1998,26535.0,201.0,0.0,0.909,0.9545,0.9642,0.9889,1.1837,o,,,,
217961,1999,24468.0,156.0,0.0,0.7651,0.7738,0.7756,0.7801,1.0397,o,,,,
217961,2002,21969.0,151.0,0.0,0.8248,0.806,0.8022,0.7927,0.9237,o,124.0,,29188.0,
217961,2003,19258.0,158.0,0.0,0.9845,0.9359,0.9261,0.9021,0.8396,o,181.0,,30351.0,349.0
217961,2004,21698.0,161.0,0.0,0.8904,0.8606,0.8546,0.8396,0.8892,o,198.0,,31368.0,318.0
217961,2005,18382.0,153.0,0.0,0.9988,1.0114,1.014,1.0206,1.0441,o,213.0,,32127.0,369.0
217961,2006,21249.0,116.0,0.0,0.6551,0.7263,0.7419,0.7826,1.4271,o,162.0,15.0,32994.0,370.0
217961,2007,23629.0,167.0,0.0,0.8481,0.9005,0.9117,0.9404,1.2295,o,157.0,13.0,33626.0,330.0
217961,2008,22785.0,171.0,0.0,0.9006,0.8567,0.8479,0.8262,0.8417,o,161.0,19.0,34160.0,362.0
217961,2009,22593.0,159.0,0.0,0.8445,0.784,0.772,0.7428,0.7737,o,172.0,15.0,35251.0,391.0
217961,2010,22505.0,131.0,0.0,0.6985,0.6749,0.6701,0.6582,0.888,o,164.0,22.0,36066.0,387.0
217961,2011,21571.0,161.0,0.0,0.8956,0.9092,0.9121,0.9192,1.0533,o,194.0,18.0,36487.0,363.0
217961,2012,21866.0,152.0,0.0,0.8342,0.8633,0.8695,0.8851,1.1258,o,189.0,33.0,37172.0,359.0
217961,2013,22583.0,158.0,0.0,0.8396,0.8743,0.8817,0.9004,1.1502,o,232.0,39.0,37799.0,357.0
217961,2014,22689.0,128.0,0.0,0.677,0.7227,0.7326,0.7578,1.253,o,234.0,41.0,38344.0,373.0
217961,2015,24295.0,150.0,0.0,0.7409,0.7998,0.8125,0.8453,1.3017,o,212.0,46.0,21540.0,392.0
217961,2016,25657.0,143.0,0.0,0.6688,0.699,0.7054,0.7217,1.1645,o,242.0,68.0,21391.0,384.0
217961,2017,27143.0,194.0,0.0,0.8577,0.8767,0.8806,0.8907,1.0784,o,272.0,76.0,21671.0,384.0
217961,2018,29811.0,169.0,0.0,0.6803,0.6999,0.704,0.7145,1.103,o,209.0,26.0,22034.0,365.0
217961,2019,27030.0,190.0,0.0,0.8435,0.8622,0.8661,0.876,1.0785,o,188.0,51.0,22379.0,391.0
217961,2020,22422.0,193.0,0.0,1.0329,0.9935,0.9855,0.9659,0.8744,o,173.0,30.0,23907.0,418.0
217961,2021,21521.0,211.0,0.0,1.1765,1.0619,1.0397,0.986,0.7023,o,296.0,79.0,23928.0,411.0
217961,2022,25644.0,172.0,0.0,0.8049,0.799,0.7978,0.7948,0.9751,o,225.0,70.0,21776.0,340.0
217961,2023,25764.0,130.0,0.0,0.6055,0.6552,0.6659,0.6936,1.3123,o,225.0,66.0,22163.0,268.0
217961,2024,25458.0,156.0,0.0,0.7353,0.7839,0.7943,0.821,1.2465,o,238.0,67.0,23096.0,316.0
217989,1998,23161.0,0.0,84.0,0.2176,0.2245,0.2433,0.2521,1.5628,o,,,,
217989,1999,25865.0,0.0,96.0,0.2227,0.2255,0.2329,0.2362,1.1955,o,,,,
217989,2000,28638.0,0.0,98.0,0.2053,0.1987,0.1825,0.1757,0.6241,o,,,,
217989,2001,32296.0,0.0,111.0,0.2062,0.2034,0.1962,0.1931,0.8194,o,,,,
217989,2002,35338.0,0.0,138.0,0.2343,0.2412,0.2597,0.2684,1.5087,o,451.0,,2945.0,
217989,2003,39536.0,0.0,162.0,0.2459,0.245,0.2427,0.2417,0.9495,o,479.0,,3555.0,
217989,2004,38787.0,0.0,186.0,0.2877,0.2866,0.2837,0.2825,0.9457,o,385.0,,3628.0,41.0
217989,2005,37114.0,0.0,142.0,0.2296,0.2265,0.219,0.2157,0.828,o,498.0,,3522.0,45.0
217989,2006,37972.0,0.0,141.0,0.2228,0.225,0.2309,0.2335,1.1528,o,555.0,38.0,3565.0,43.0
217989,2007,35489.0,0.0,106.0,0.1792,0.1821,0.1898,0.1933,1.2571,o,709.0,31.0,3445.0,38.0
217989,2009,39642.0,0.0,104.0,0.1574,0.1593,0.1643,0.1666,1.1883,o,431.0,14.0,3292.0,43.0
217989,2010,35210.0,0.0,74.0,0.1261,0.1215,0.1105,0.106,0.5904,o,386.0,17.0,3428.0,44.0
217989,2011,27444.0,0.0,66.0,0.1443,0.1401,0.1297,0.1254,0.6531,o,660.0,45.0,3621.0,20.0
217989,2012,57034.0,0.0,107.0,0.1126,0.1164,0.1269,0.1319,1.6157,o,701.0,45.0,3529.0,40.0
217989,2013,61506.0,0.0,107.0,0.1044,0.1065,0.1123,0.115,1.3403,o,449.0,28.0,3559.0,35.0
217989,2014,55427.0,0.0,82.0,0.0888,0.0862,0.08,0.0774,0.6598,o,351.0,25.0,3505.0,48.0
217989,2016,25141.0,0.0,62.0,0.148,0.1471,0.1449,0.1439,0.92,o,152.0,15.0,3793.0,43.0
217989,2017,16337.0,0.0,46.0,0.1689,0.1591,0.1362,0.1272,0.4228,o,119.0,17.0,5680.0,69.0
217989,2018,14214.0,0.0,52.0,0.2195,0.2078,0.1805,0.1696,0.4577,o,104.0,7.0,7104.0,96.0
217989,2019,12360.0,0.0,37.0,0.1796,0.1763,0.1681,0.1646,0.7675,o,87.0,9.0,6794.0,76.0
217989,2020,12774.0,0.0,17.0,0.0798,0.0785,0.075,0.0736,0.7803,o,70.0,6.0,6787.0,97.0
217989,2021,11817.0,0.0,16.0,0.0812,0.0795,0.0752,0.0733,0.733,o,106.0,13.0,6593.0,151.0
217989,2022,14808.0,0.0,32.0,0.1297,0.1324,0.1398,0.1432,1.3503,o,181.0,,6545.0,258.0
217989,2023,17510.0,0.0,6.0,0.0206,0.0216,0.0246,0.0261,2.0568,o,172.0,16.0,6331.0,257.0
217989,2024,16250.0,0.0,55.0,0.2031,0.2057,0.2125,0.2156,1.1986,o,206.0,7.0,6301.0,134.0
217998,1998,15501.0,110.0,0.0,0.8516,0.7965,0.7856,0.7589,0.7941,o,,,,
217998,1999,14930.0,105.0,0.0,0.8439,0.8112,0.8046,0.7883,0.8725,o,,,,
217998,2000,15326.0,118.0,0.0,0.9239,0.9389,0.9421,0.95,1.0571,o,,,,
217998,2001,14894.0,96.0,0.0,0.7735,0.8058,0.8127,0.8301,1.1519,o,,,,
217998,2002,17526.0,108.0,0.0,0.7395,0.8103,0.8258,0.8658,1.3708,o,165.0,,27980.0,
217998,2003,17596.0,115.0,0.0,0.7843,0.8445,0.8575,0.8909,1.2905,o,176.0,,28405.0,391.0
217998,2004,18398.0,99.0,0.0,0.6457,0.6632,0.6669,0.6761,1.0965,o,179.0,,28801.0,399.0
217998,2005,18597.0,145.0,0.0,0.9356,0.9274,0.9257,0.9215,0.9699,o,181.0,,29178.0,405.0
217998,2006,17842.0,104.0,0.0,0.6995,0.6875,0.6851,0.679,0.9424,o,178.0,11.0,29669.0,425.0
217998,2007,18623.0,134.0,0.0,0.8634,0.8764,0.8791,0.8859,1.0528,o,165.0,10.0,30663.0,438.0
217998,2008,17597.0,117.0,0.0,0.7979,0.7899,0.7883,0.7843,0.9662,o,163.0,17.0,31725.0,457.0
217998,2009,18039.0,107.0,0.0,0.7118,0.6928,0.689,0.6794,0.9111,o,182.0,25.0,33330.0,465.0
217998,2010,17814.0,130.0,0.0,0.8757,0.8657,0.8636,0.8585,0.961,o,144.0,17.0,35230.0,457.0
217998,2011,16971.0,118.0,0.0,0.8344,0.8222,0.8197,0.8134,0.9504,o,174.0,12.0,37376.0,442.0
217998,2012,16886.0,96.0,0.0,0.6822,0.6761,0.6749,0.6717,0.9695,o,145.0,23.0,38723.0,428.0
217998,2013,16237.0,121.0,0.0,0.8943,0.8742,0.8701,0.8599,0.9246,o,212.0,8.0,39823.0,455.0
217998,2014,17191.0,104.0,0.0,0.726,0.7453,0.7494,0.7597,1.0951,o,188.0,11.0,41578.0,399.0
217998,2015,18323.0,89.0,0.0,0.5829,0.623,0.6316,0.6537,1.2579,o,218.0,27.0,41227.0,405.0
217998,2016,18992.0,105.0,0.0,0.6634,0.7115,0.7219,0.7485,1.2727,o,210.0,20.0,43191.0,415.0
217998,2017,19116.0,101.0,0.0,0.634,0.6683,0.6756,0.6942,1.1989,o,179.0,15.0,44057.0,396.0
217998,2018,18182.0,96.0,0.0,0.6336,0.6285,0.6274,0.6248,0.9725,o,171.0,28.0,43071.0,363.0
217998,2019,16988.0,91.0,0.0,0.6428,0.6157,0.6103,0.5968,0.8621,o,434.0,43.0,44110.0,353.0
217998,2020,21721.0,97.0,0.0,0.5359,0.5925,0.6049,0.6371,1.4136,o,302.0,41.0,43883.0,390.0
217998,2021,22145.0,98.0,0.0,0.531,0.6389,0.6638,0.7305,1.892,o,307.0,112.0,42616.0,310.0
217998,2022,23420.0,82.0,0.0,0.4202,0.4934,0.51,0.5542,1.74,o,273.0,62.0,40053.0,293.0
217998,2023,25043.0,123.0,0.0,0.5894,0.5822,0.5807,0.5771,0.9587,o,301.0,16.0,38000.0,268.0
217998,2024,24125.0,139.0,0.0,0.6914,0.6433,0.6338,0.6106,0.7799,o,264.0,73.0,36710.0,289.0
218025,1998,79539.0,0.0,352.0,0.2655,0.2683,0.2755,0.2788,1.1593,o,,,,
218025,1999,93300.0,0.0,342.0,0.2199,0.2268,0.2456,0.2544,1.5552,o,,,,
218025,2001,90690.0,0.0,355.0,0.2349,0.2338,0.2309,0.2297,0.9348,o,,,,
218025,2002,90290.0,0.0,425.0,0.2824,0.282,0.2809,0.2804,0.9787,o,800.0,,3031.0,
218025,2003,98227.0,0.0,404.0,0.2468,0.248,0.2513,0.2527,1.0745,o,788.0,,3589.0,81.0
218025,2004,99965.0,0.0,422.0,0.2533,0.2537,0.2549,0.2554,1.026,o,932.0,,4433.0,91.0
218025,2005,100383.0,0.0,405.0,0.2421,0.2448,0.252,0.2552,1.1738,o,902.0,,4806.0,97.0
218025,2006,99106.0,0.0,403.0,0.244,0.2448,0.2469,0.2479,1.0488,o,951.0,339.0,4652.0,103.0
218025,2007,91522.0,0.0,395.0,0.259,0.2596,0.2613,0.2621,1.0371,o,1021.0,376.0,4649.0,107.0
218025,2008,95055.0,0.0,376.0,0.2373,0.239,0.2432,0.2451,1.102,o,1136.0,404.0,4668.0,113.0
218025,2009,109862.0,0.0,435.0,0.2376,0.2399,0.2461,0.2489,1.1521,o,1369.0,533.0,4590.0,120.0
218025,2010,136647.0,0.0,488.0,0.2143,0.2179,0.2274,0.2318,1.2694,o,1432.0,480.0,4720.0,101.0
218025,2011,141957.0,0.0,525.0,0.2219,0.224,0.2295,0.2319,1.1433,o,1523.0,518.0,4777.0,121.0
218025,2012,140237.0,0.0,534.0,0.2285,0.2298,0.2333,0.2349,1.0875,o,1522.0,530.0,4798.0,115.0
218025,2013,134051.0,0.0,517.0,0.2314,0.2319,0.2331,0.2337,1.0301,o,1447.0,500.0,5034.0,118.0
218025,2014,137267.0,0.0,506.0,0.2212,0.2204,0.2184,0.2175,0.9504,o,1757.0,393.0,5053.0,113.0
218025,2015,130021.0,0.0,499.0,0.2303,0.233,0.2402,0.2434,1.1836,o,1206.0,329.0,5136.0,137.0
218025,2016,124291.0,0.0,549.0,0.265,0.2598,0.2469,0.2413,0.7528,o,1006.0,302.0,5287.0,128.0
218025,2017,119774.0,0.0,519.0,0.26,0.253,0.236,0.2288,0.679,o,1365.0,265.0,5321.0,114.0
218025,2018,108095.0,0.0,459.0,0.2548,0.2586,0.2685,0.2731,1.2342,o,855.0,255.0,5322.0,115.0
218025,2019,83932.0,0.0,443.0,0.3167,0.3095,0.2918,0.2843,0.7212,o,699.0,200.0,5445.0,118.0
218025,2020,71298.0,0.0,455.0,0.3829,0.3707,0.3411,0.3287,0.6297,o,585.0,205.0,5736.0,140.0
218025,2021,63617.0,0.0,383.0,0.3612,0.3541,0.3365,0.3289,0.7529,o,554.0,184.0,5563.0,146.0
218025,2022,59002.0,0.0,315.0,0.3203,0.317,0.3087,0.3051,0.8629,o,655.0,197.0,5053.0,155.0
218025,2023,64094.0,0.0,397.0,0.3716,0.3753,0.3849,0.3892,1.1501,o,828.0,201.0,4799.0,80.0
218025,2024,70565.0,0.0,387.0,0.3291,0.3364,0.356,0.3651,1.3697,o,857.0,206.0,4636.0,98.0
218043,1998,7704.0,0.0,13.0,0.1012,0.1012,0.1012,0.1012,,-,,,,
218043,1999,6720.0,0.0,13.0,0.1161,0.1161,0.1161,0.1161,,-,,,,
218043,2002,5390.0,0.0,38.0,0.423,0.423,0.423,0.423,,-,157.0,,10133.0,
218043,2003,9813.0,0.0,23.0,0.1406,0.1406,0.1406,0.1406,,-,180.0,,9941.0,255.0
218043,2004,7896.0,0.0,16.0,0.1216,0.1216,0.1216,0.1216,,-,42.0,,10945.0,251.0
218043,2006,3280.0,0.0,21.0,0.3841,0.3841,0.3841,0.3841,,-,99.0,,12776.0,378.0
218043,2007,6432.0,0.0,22.0,0.2052,0.2052,0.2052,0.2052,,-,75.0,22.0,12825.0,241.0
218043,2010,3128.0,0.0,21.0,0.4028,0.4028,0.4028,0.4028,,-,32.0,4.0,13466.0,401.0
218043,2011,3323.0,0.0,42.0,0.7583,0.7583,0.7583,0.7583,,-,35.0,19.0,13150.0,552.0
218043,2012,4320.0,0.0,26.0,0.3611,0.3611,0.3611,0.3611,,-,36.0,39.0,12817.0,412.0
218043,2013,4269.0,0.0,39.0,0.5481,0.5481,0.5481,0.5481,,-,36.0,25.0,12593.0,508.0
218043,2014,4000.0,0.0,33.0,0.495,0.495,0.495,0.495,,-,18.0,19.0,12402.0,412.0
218043,2015,3933.0,0.0,33.0,0.5034,0.5034,0.5034,0.5034,,-,20.0,22.0,12298.0,470.0
218043,2016,4500.0,0.0,39.0,0.52,0.52,0.52,0.52,,-,19.0,19.0,12212.0,442.0
218043,2017,3145.0,0.0,31.0,0.5914,0.5914,0.5914,0.5914,,-,16.0,10.0,10744.0,509.0
218043,2018,2329.0,0.0,15.0,0.3864,0.3864,0.3864,0.3864,,-,13.0,5.0,13117.0,542.0
218043,2019,1417.0,0.0,15.0,0.6353,0.6353,0.6353,0.6353,,-,4.0,5.0,12843.0,543.0
218043,2020,903.0,0.0,13.0,0.8635,0.8635,0.8635,0.8635,,-,,,12801.0,690.0
218061,1998,86246.0,484.0,0.0,0.6734,0.6349,0.618,0.5957,0.7824,o,,,,
218061,1999,86569.0,493.0,0.0,0.6834,0.6472,0.6313,0.6102,0.7972,o,,,,
218061,2000,85690.0,479.0,0.0,0.6708,0.6475,0.6371,0.6231,0.863,o,,,,
218061,2001,79193.0,428.0,0.0,0.6485,0.6395,0.6354,0.6299,0.9432,o,,,,
218061,2002,80788.0,425.0,0.0,0.6313,0.6298,0.6292,0.6283,0.9905,o,745.0,,6565.0,
218061,2003,86372.0,434.0,0.0,0.603,0.6203,0.6284,0.6397,1.1254,o,768.0,,7120.0,167.0
218061,2004,89455.0,421.0,0.0,0.5648,0.5995,0.6161,0.6395,1.2822,o,746.0,,8204.0,189.0
218061,2005,89260.0,493.0,0.0,0.6628,0.6945,0.7096,0.7306,1.2151,o,803.0,,8700.0,203.0
218061,2006,94375.0,482.0,0.0,0.6129,0.6299,0.6378,0.6488,1.1208,o,797.0,211.0,9113.0,205.0
218061,2007,94912.0,536.0,0.0,0.6777,0.6868,0.6911,0.6969,1.0575,o,779.0,201.0,9569.0,223.0
218061,2008,95211.0,501.0,0.0,0.6314,0.6376,0.6404,0.6442,1.041,o,681.0,279.0,10299.0,225.0
218061,2009,96174.0,496.0,0.0,0.6189,0.6102,0.6062,0.6008,0.9425,o,794.0,283.0,10981.0,242.0
218061,2010,101861.0,524.0,0.0,0.6173,0.6054,0.6,0.5927,0.9219,o,738.0,298.0,11379.0,237.0
218061,2011,104599.0,553.0,0.0,0.6344,0.6301,0.6282,0.6255,0.9721,o,743.0,297.0,11838.0,247.0
218061,2012,103569.0,566.0,0.0,0.6558,0.658,0.6591,0.6605,1.0144,o,814.0,289.0,11976.0,261.0
218061,2013,101950.0,586.0,0.0,0.6897,0.6988,0.7029,0.7087,1.0556,o,744.0,240.0,12119.0,250.0
218061,2014,98955.0,590.0,0.0,0.7155,0.7184,0.7197,0.7215,1.017,o,758.0,230.0,12357.0,254.0
218061,2015,96335.0,569.0,0.0,0.7088,0.7112,0.7123,0.7138,1.0142,o,739.0,269.0,12713.0,251.0
218061,2016,96026.0,572.0,0.0,0.7148,0.7081,0.705,0.7009,0.9615,o,729.0,229.0,13094.0,261.0
218061,2017,93272.0,628.0,0.0,0.808,0.7965,0.7913,0.7843,0.9422,o,690.0,232.0,13293.0,272.0
218061,2018,90251.0,569.0,0.0,0.7566,0.7463,0.7417,0.7354,0.9447,o,731.0,214.0,13387.0,281.0
218061,2019,74063.0,527.0,0.0,0.8539,0.8433,0.8384,0.8319,0.9492,o,716.0,216.0,14613.0,332.0
218061,2020,91750.0,543.0,0.0,0.7102,0.7077,0.7066,0.7051,0.9857,o,727.0,186.0,13414.0,306.0
218061,2021,88943.0,571.0,0.0,0.7704,0.7735,0.7749,0.7769,1.0169,o,699.0,194.0,13026.0,298.0
218061,2022,85507.0,487.0,0.0,0.6835,0.684,0.6843,0.6847,1.0035,o,612.0,174.0,12243.0,245.0
218061,2023,84747.0,491.0,0.0,0.6952,0.679,0.6716,0.6618,0.906,o,632.0,183.0,11552.0,207.0
218061,2024,84023.0,485.0,0.0,0.6927,0.6684,0.6576,0.6431,0.8621,o,702.0,161.0,11160.0,180.0
218070,1998,77125.0,558.0,0.0,0.8682,0.8864,0.8902,0.8999,1.0743,o,,,,
218070,1999,81328.0,690.0,0.0,1.0181,1.0413,1.0462,1.0584,1.0808,o,,,,
218070,2000,85470.0,644.0,0.0,0.9042,0.9055,0.9058,0.9065,1.005,o,,,,
218070,2001,84475.0,678.0,0.0,0.9631,0.9522,0.95,0.9444,0.9616,o,,,,
218070,2002,84395.0,638.0,0.0,0.9072,0.9017,0.9006,0.8978,0.9794,o,739.0,,34776.0,
218070,2003,86239.0,634.0,0.0,0.8822,0.8966,0.8996,0.9072,1.0574,o,687.0,,36135.0,673.0
218070,2004,86221.0,643.0,0.0,0.8949,0.904,0.9059,0.9107,1.0356,o,734.0,,37665.0,706.0
218070,2005,85855.0,661.0,0.0,0.9239,0.9226,0.9223,0.9216,0.9951,o,689.0,,39287.0,757.0
218070,2006,86158.0,675.0,0.0,0.9401,0.9306,0.9286,0.9237,0.9654,o,687.0,48.0,41058.0,796.0
218070,2007,85153.0,651.0,0.0,0.9174,0.908,0.906,0.9012,0.9649,o,700.0,34.0,43616.0,838.0
218070,2008,79500.0,651.0,0.0,0.9826,0.9758,0.9743,0.9708,0.9761,o,761.0,51.0,46182.0,962.0
218070,2009,86296.0,647.0,0.0,0.8997,0.9066,0.908,0.9116,1.0267,o,655.0,47.0,49766.0,930.0
218070,2010,84947.0,612.0,0.0,0.8645,0.8718,0.8733,0.877,1.0291,o,688.0,41.0,52400.0,944.0
218070,2011,84744.0,628.0,0.0,0.8893,0.881,0.8793,0.875,0.9683,o,785.0,42.0,53168.0,934.0
218070,2012,87828.0,671.0,0.0,0.9168,0.919,0.9194,0.9205,1.0082,o,695.0,39.0,53826.0,958.0
218070,2013,85957.0,605.0,0.0,0.8446,0.8555,0.8578,0.8635,1.0452,o,756.0,46.0,55520.0,1000.0
218070,2014,89465.0,612.0,0.0,0.8209,0.8395,0.8434,0.8532,1.0804,o,726.0,36.0,56829.0,972.0
218070,2015,88815.0,660.0,0.0,0.8917,0.8933,0.8936,0.8945,1.0061,o,669.0,36.0,58313.0,983.0
218070,2016,84180.0,614.0,0.0,0.8753,0.8604,0.8573,0.8498,0.9426,o,748.0,35.0,59652.0,967.0
218070,2017,85545.0,684.0,0.0,0.9595,0.9529,0.9516,0.9482,0.9766,o,702.0,31.0,60124.0,907.0
218070,2018,83803.0,623.0,0.0,0.8921,0.8865,0.8853,0.8824,0.9784,o,713.0,33.0,60255.0,936.0
218070,2019,83942.0,600.0,0.0,0.8577,0.8613,0.862,0.8639,1.0143,o,648.0,28.0,60439.0,942.0
218070,2020,82685.0,671.0,0.0,0.9738,0.9625,0.9602,0.9544,0.9605,o,514.0,22.0,61112.0,1006.0
218070,2021,74854.0,621.0,0.0,0.9955,0.9336,0.9213,0.8912,0.8014,o,653.0,19.0,60803.0,870.0
218070,2022,69975.0,608.0,0.0,1.0427,0.986,0.9747,0.9469,0.8247,o,647.0,36.0,58551.0,840.0
218070,2023,71426.0,509.0,0.0,0.8552,0.8439,0.8415,0.8358,0.9552,o,620.0,,57733.0,765.0
218070,2024,73754.0,481.0,0.0,0.7826,0.8025,0.8067,0.8172,1.0904,o,608.0,,58312.0,708.0
218089,1998,4212.0,2.0,4.0,0.114,0.1349,0.1397,0.1524,1.7876,i,,,,
218089,2000,2458.0,10.0,11.0,0.7567,0.7809,0.7859,0.7988,1.1144,i,,,,
218089,2001,2606.0,8.0,18.0,0.7828,0.8457,0.8593,0.8943,1.3053,i,,,,
218089,2002,2778.0,12.0,19.0,0.9287,0.9478,0.9518,0.9619,1.0727,i,24.0,,3161.0,
218089,2003,2979.0,16.0,10.0,0.8459,0.7652,0.7495,0.7116,0.7077,o,23.0,,3101.0,
218089,2004,3941.0,10.0,23.0,0.6547,0.5673,0.5508,0.5115,0.6104,o,20.0,,4104.0,
218089,2005,3663.0,4.0,21.0,0.475,0.4233,0.4133,0.3894,0.6719,o,26.0,,4346.0,
218089,2006,3626.0,3.0,21.0,0.4468,0.4468,0.4468,0.4468,1.0,o,4.0,,4441.0,
218089,2008,2940.0,17.0,20.0,1.102,0.7002,0.6375,0.5042,0.2093,o,20.0,29.0,3073.0,
218089,2009,2900.0,13.0,21.0,0.9724,0.8148,0.7855,0.7169,0.5435,o,8.0,38.0,3021.0,
218089,2010,3733.0,20.0,29.0,1.109,1.0871,1.0826,1.0714,0.9333,o,49.0,43.0,3431.0,
218089,2011,4999.0,22.0,33.0,0.9242,1.5785,1.7633,2.3258,6.3333,o,22.0,32.0,3629.0,
218089,2014,4269.0,5.0,11.0,0.2952,0.2604,0.2537,0.2378,0.6491,o,,,3423.0,
218113,1998,254742.0,0.0,667.0,0.1571,0.1609,0.1712,0.176,1.4114,o,,,,
218113,1999,196797.0,0.0,730.0,0.2226,0.2257,0.234,0.2378,1.2216,o,,,,
218113,2000,206778.0,0.0,721.0,0.2092,0.2075,0.2031,0.2012,0.8887,o,,,,
218113,2001,210115.0,0.0,691.0,0.1973,0.1958,0.1919,0.1902,0.8947,o,,,,
218113,2002,232301.0,0.0,831.0,0.2146,0.2204,0.2361,0.2434,1.4631,o,2046.0,,2945.0,
218113,2003,249247.0,0.0,801.0,0.1928,0.191,0.1865,0.1845,0.8745,o,2206.0,,3640.0,128.0
218113,2004,259180.0,0.0,881.0,0.204,0.2027,0.1993,0.1979,0.9127,o,2426.0,,4312.0,126.0
218113,2005,274347.0,0.0,939.0,0.2054,0.2073,0.2123,0.2145,1.1411,o,2365.0,,4668.0,125.0
218113,2006,266407.0,0.0,886.0,0.1995,0.1998,0.2006,0.2009,1.0212,o,2567.0,585.0,4674.0,135.0
218113,2007,277682.0,0.0,974.0,0.2105,0.2115,0.2141,0.2153,1.0716,o,3018.0,927.0,4824.0,129.0
218113,2008,291993.0,0.0,1034.0,0.2125,0.2155,0.2235,0.2271,1.2238,o,2669.0,862.0,4814.0,138.0
218113,2009,311583.0,0.0,965.0,0.1858,0.1852,0.1837,0.1831,0.9558,o,2614.0,1091.0,4886.0,127.0
218113,2010,345095.0,0.0,1050.0,0.1826,0.1815,0.1788,0.1776,0.9193,o,2391.0,694.0,4992.0,126.0
218113,2011,332958.0,0.0,1194.0,0.2152,0.2137,0.2099,0.2082,0.9052,o,2320.0,806.0,5076.0,122.0
218113,2012,315671.0,0.0,1223.0,0.2325,0.2312,0.2281,0.2267,0.9271,o,2397.0,851.0,5100.0,135.0
218113,2013,295779.0,0.0,1157.0,0.2347,0.235,0.2357,0.2361,1.0176,o,2275.0,557.0,5168.0,136.0
218113,2014,276747.0,0.0,1209.0,0.2621,0.2615,0.2598,0.259,0.9646,o,2145.0,694.0,5232.0,135.0
218113,2015,257345.0,0.0,1214.0,0.283,0.2814,0.2771,0.2752,0.9182,o,2241.0,681.0,5345.0,144.0
218113,2016,244218.0,0.0,1374.0,0.3376,0.3379,0.3387,0.3391,1.014,o,2103.0,448.0,5476.0,140.0
218113,2017,241713.0,0.0,1236.0,0.3068,0.3059,0.3036,0.3026,0.959,o,2240.0,531.0,5515.0,141.0
218113,2018,239768.0,0.0,1335.0,0.3341,0.3348,0.3367,0.3375,1.0313,o,2019.0,472.0,5511.0,128.0
218113,2019,224181.0,0.0,1326.0,0.3549,0.3531,0.3485,0.3465,0.9298,o,1955.0,574.0,5571.0,129.0
218113,2020,227867.0,0.0,1254.0,0.3302,0.3282,0.3232,0.321,0.9181,o,1601.0,432.0,5743.0,122.0
218113,2021,215221.0,0.0,1277.0,0.356,0.3507,0.3373,0.3315,0.8057,o,1709.0,463.0,5577.0,110.0
218113,2022,207339.0,5.0,1217.0,0.3551,0.3541,0.3516,0.3505,0.9612,o,1988.0,682.0,5242.0,105.0
218113,2023,227317.0,8.0,1193.0,0.3191,0.3232,0.3341,0.339,1.2012,o,1380.0,494.0,5592.0,66.0
218113,2024,219017.0,6.0,1177.0,0.3257,0.3191,0.3028,0.2958,0.7466,o,1855.0,638.0,5639.0,92.0
218140,1998,73356.0,0.0,332.0,0.2716,0.2726,0.2753,0.2766,1.0568,o,,,,
218140,1999,75653.0,0.0,346.0,0.2744,0.2746,0.2752,0.2755,1.0122,o,,,,
218140,2000,77412.0,0.0,359.0,0.2783,0.2803,0.2857,0.2881,1.1109,o,,,,
218140,2001,79059.0,0.0,389.0,0.2952,0.2942,0.2917,0.2906,0.9536,o,,,,
218140,2002,90964.0,0.0,393.0,0.2592,0.2651,0.2808,0.288,1.3761,o,815.0,,2945.0,
218140,2003,105970.0,0.0,440.0,0.2491,0.2491,0.249,0.2489,0.9976,o,1051.0,,3630.0,101.0
218140,2004,115406.0,0.0,435.0,0.2262,0.2288,0.2357,0.2389,1.1802,o,959.0,,3970.0,93.0
218140,2005,114379.0,0.0,507.0,0.266,0.2665,0.2678,0.2684,1.0279,o,1037.0,,4314.0,93.0
218140,2006,118531.0,0.0,562.0,0.2845,0.2851,0.2867,0.2874,1.0318,o,1177.0,361.0,4363.0,123.0
218140,2007,116743.0,0.0,508.0,0.2611,0.2641,0.2721,0.2757,1.1794,o,1158.0,342.0,4452.0,132.0
218140,2008,123956.0,0.0,498.0,0.2411,0.2418,0.2438,0.2447,1.0461,o,1053.0,381.0,4484.0,141.0
218140,2009,138679.0,0.0,514.0,0.2224,0.2208,0.2167,0.2149,0.9019,o,1393.0,423.0,4596.0,135.0
218140,2010,168826.0,0.0,591.0,0.21,0.2135,0.2225,0.2267,1.2601,o,1191.0,451.0,4583.0,146.0
218140,2011,174041.0,0.0,735.0,0.2534,0.2529,0.2517,0.2512,0.9738,o,1208.0,463.0,4810.0,147.0
218140,2012,172496.0,0.0,867.0,0.3016,0.3002,0.2965,0.295,0.935,o,1075.0,596.0,4803.0,152.0
218140,2013,173151.0,0.0,1063.0,0.3683,0.3655,0.3584,0.3553,0.8962,o,1105.0,548.0,4719.0,148.0
218140,2014,167777.0,0.0,981.0,0.3508,0.35,0.348,0.3471,0.968,o,1047.0,541.0,4727.0,147.0
218140,2015,163636.0,0.0,1141.0,0.4184,0.4172,0.4142,0.4128,0.9606,o,1035.0,546.0,5031.0,155.0
218140,2016,156959.0,0.0,1060.0,0.4052,0.4041,0.4013,0.4,0.9619,o,1212.0,505.0,5134.0,169.0
218140,2017,152751.0,0.0,1058.0,0.4156,0.42,0.4317,0.437,1.1643,o,1261.0,504.0,6346.0,159.0
218140,2018,156956.0,0.0,969.0,0.3704,0.3734,0.3813,0.3848,1.1224,o,1230.0,491.0,5120.0,165.0
218140,2019,155762.0,0.0,984.0,0.379,0.3789,0.3785,0.3784,0.9947,o,1244.0,494.0,5188.0,163.0
218140,2020,151732.0,0.0,1033.0,0.4085,0.4084,0.4084,0.4083,0.9988,o,1189.0,393.0,5255.0,158.0
218140,2021,145417.0,0.0,1008.0,0.4159,0.4148,0.4118,0.4105,0.9612,o,968.0,442.0,5103.0,165.0
218140,2022,150638.0,0.0,925.0,0.3684,0.3626,0.348,0.3417,0.7957,o,1290.0,590.0,4796.0,131.0
218140,2023,169654.0,0.0,874.0,0.3091,0.313,0.3233,0.3279,1.1961,o,1235.0,415.0,4526.0,111.0
218140,2024,166014.0,0.0,993.0,0.3589,0.3611,0.367,0.3697,1.0939,o,1123.0,528.0,4468.0,113.0
218168,1998,45166.0,140.0,437.0,0.9525,0.986,0.9931,1.0111,1.1268,o,,,,
218168,1999,47204.0,148.0,388.0,0.8694,0.8996,0.9059,0.9221,1.1248,o,,,,
218168,2000,47027.0,136.0,444.0,0.9135,0.9273,0.9302,0.9374,1.053,o,,,,
218168,2001,45340.0,141.0,470.0,0.9951,0.9938,0.9935,0.9927,0.9952,o,,,,
218168,2002,43425.0,123.0,411.0,0.9078,0.9062,0.9059,0.9051,0.9941,o,363.0,,26997.0,
218168,2003,43909.0,156.0,454.0,1.0467,1.0695,1.0743,1.0863,1.077,o,358.0,,28865.0,
218168,2004,22527.0,152.0,437.0,1.9737,2.0629,2.0819,2.1301,1.1648,o,,,30587.0,
218229,1998,66580.0,431.0,0.0,0.7768,0.7582,0.7499,0.7386,0.9041,o,,,,
218229,1999,64732.0,410.0,0.0,0.7601,0.752,0.7483,0.7433,0.9565,o,,,,
218229,2000,64636.0,383.0,0.0,0.7111,0.7187,0.7222,0.7271,1.0455,o,,,,
218229,2001,65095.0,386.0,0.0,0.7116,0.7309,0.74,0.7525,1.1182,o,,,,
218229,2002,67730.0,392.0,0.0,0.6945,0.7047,0.7094,0.7159,1.0624,o,529.0,,6984.0,
218229,2003,72460.0,394.0,0.0,0.6525,0.6572,0.6594,0.6623,1.0304,o,547.0,,8164.0,162.0
218229,2004,73445.0,431.0,0.0,0.7042,0.7146,0.7195,0.7261,1.0632,o,655.0,,9204.0,188.0
218229,2005,75554.0,463.0,0.0,0.7354,0.7678,0.7832,0.8046,1.1972,o,577.0,,9442.0,192.0
218229,2006,73284.0,423.0,0.0,0.6926,0.7251,0.7405,0.762,1.2102,o,580.0,201.0,10265.0,229.0
218229,2007,70916.0,469.0,0.0,0.7936,0.8076,0.814,0.8229,1.0753,o,433.0,180.0,10816.0,239.0
218229,2008,66522.0,404.0,0.0,0.7288,0.6995,0.6864,0.669,0.8428,o,555.0,215.0,11309.0,247.0
218229,2009,71898.0,449.0,0.0,0.7494,0.7107,0.6937,0.6711,0.8019,o,582.0,248.0,14244.0,247.0
218229,2010,79980.0,444.0,0.0,0.6662,0.6634,0.6621,0.6604,0.9827,o,686.0,216.0,12522.0,234.0
218229,2011,85124.0,430.0,0.0,0.6062,0.6397,0.6557,0.6782,1.2517,o,595.0,201.0,12778.0,233.0
218229,2012,86381.0,445.0,0.0,0.6182,0.658,0.677,0.7039,1.2966,o,569.0,202.0,12931.0,246.0
218229,2013,83950.0,475.0,0.0,0.679,0.6828,0.6846,0.687,1.0237,o,517.0,194.0,13090.0,249.0
218229,2014,78972.0,553.0,0.0,0.8403,0.8096,0.7959,0.7777,0.8565,o,554.0,203.0,13298.0,247.0
218229,2015,76941.0,461.0,0.0,0.719,0.6888,0.6753,0.6574,0.8361,o,559.0,166.0,13600.0,252.0
218229,2016,75372.0,441.0,0.0,0.7021,0.6946,0.6912,0.6866,0.9562,o,608.0,176.0,13939.0,255.0
218229,2017,77582.0,459.0,0.0,0.71,0.7223,0.7281,0.736,1.0746,o,765.0,173.0,14278.0,256.0
218229,2018,80219.0,498.0,0.0,0.745,0.7907,0.8126,0.8435,1.282,o,870.0,192.0,14581.0,236.0
218229,2019,84789.0,514.0,0.0,0.7275,0.7978,0.8323,0.8817,1.469,o,943.0,153.0,14276.0,200.0
218229,2020,90824.0,500.0,0.0,0.6606,0.7343,0.7708,0.8234,1.5536,o,861.0,183.0,14063.0,176.0
218229,2021,98097.0,536.0,0.0,0.6557,0.7001,0.7214,0.7516,1.3139,o,899.0,256.0,13657.0,171.0
218229,2022,102084.0,616.0,0.0,0.7241,0.737,0.743,0.7513,1.0765,o,842.0,236.0,12835.0,145.0
218229,2023,101360.0,679.0,0.0,0.8039,0.7961,0.7925,0.7877,0.9603,o,846.0,264.0,12111.0,131.0
218229,2024,97270.0,733.0,0.0,0.9043,0.89,0.8835,0.8747,0.9357,o,843.0,301.0,11700.0,120.0
218238,1998,53940.0,346.0,35.0,0.8087,0.8401,0.8467,0.8636,1.1405,o,,,,
218238,1999,54900.0,319.0,25.0,0.7246,0.8231,0.8451,0.9028,1.5523,o,,,,
218238,2000,56000.0,374.0,26.0,0.8293,0.8108,0.8071,0.7977,0.9254,o,,,,
218238,2002,50679.0,395.0,24.0,0.9637,0.7774,0.7436,0.6654,0.4767,o,206.0,,18708.0,
218238,2003,66684.0,444.0,41.0,0.8359,0.7956,0.7875,0.7676,0.8433,o,222.0,,19543.0,318.0
218238,2004,61736.0,446.0,49.0,0.9145,0.9923,1.0092,1.0527,1.3251,o,352.0,,20398.0,282.0
218238,2005,75073.0,622.0,56.0,1.039,1.2848,1.3425,1.4983,2.0797,o,391.0,,21246.0,254.0
218238,2006,77998.0,647.0,88.0,1.0631,1.3054,1.3621,1.5147,2.0301,o,295.0,413.0,21875.0,323.0
218238,2007,79336.0,693.0,93.0,1.1185,1.2825,1.3193,1.4161,1.6028,o,341.0,503.0,22685.0,296.0
218238,2008,80551.0,692.0,94.0,1.1009,1.1342,1.1412,1.1588,1.108,o,309.0,421.0,23267.0,297.0
218238,2009,80028.0,683.0,79.0,1.0834,1.0422,1.0338,1.0133,0.8748,o,327.0,361.0,24891.0,392.0
218238,2010,83010.0,648.0,104.0,1.0119,0.99,0.9855,0.9744,0.9271,o,316.0,421.0,26160.0,453.0
218238,2011,81728.0,671.0,91.0,1.052,1.0554,1.0561,1.0578,1.011,o,294.0,377.0,26802.0,467.0
218238,2012,84429.0,626.0,100.0,0.9608,0.9433,0.9397,0.9308,0.9385,o,314.0,507.0,27212.0,445.0
218238,2013,82071.0,686.0,104.0,1.0791,1.0651,1.0622,1.055,0.956,o,470.0,406.0,28073.0,455.0
218238,2014,83103.0,582.0,92.0,0.9068,0.9605,0.972,1.0013,1.2193,o,477.0,312.0,29070.0,501.0
218238,2015,80602.0,565.0,61.0,0.8866,1.0072,1.0341,1.1047,1.5525,o,455.0,390.0,30026.0,505.0
218238,2016,78473.0,469.0,61.0,0.7638,0.8646,0.887,0.9457,1.5329,o,404.0,306.0,30985.0,528.0
218238,2017,74429.0,535.0,71.0,0.9198,0.9445,0.9497,0.9628,1.0957,o,382.0,234.0,30467.0,523.0
218238,2018,65811.0,561.0,32.0,1.0521,0.9968,0.9857,0.9585,0.83,o,387.0,248.0,31188.0,546.0
218238,2019,61812.0,469.0,32.0,0.9416,0.8905,0.8803,0.8553,0.8251,o,353.0,194.0,30536.0,519.0
218238,2020,56802.0,400.0,28.0,0.8746,0.8376,0.8301,0.8118,0.8615,o,324.0,131.0,31611.0,503.0
218238,2021,50253.0,378.0,33.0,0.942,0.9021,0.8941,0.8743,0.8613,o,286.0,155.0,30698.0,475.0
218238,2022,45781.0,378.0,21.0,1.0183,0.9522,0.939,0.907,0.7932,o,334.0,171.0,28852.0,440.0
218238,2023,42672.0,358.0,29.0,1.0475,0.9951,0.9846,0.9588,0.8378,o,348.0,166.0,27225.0,437.0
218238,2024,43362.0,375.0,32.0,1.0821,1.0844,1.0848,1.086,1.0074,o,326.0,159.0,27500.0,408.0
218317,2007,120.0,0.0,0.0,0.0,0.0,0.0,0.0,,n,,,,
218335,1999,13650.0,295.0,0.0,2.5934,2.5934,2.5934,2.5934,,n,,,,
218335,2000,11901.0,197.0,0.0,1.9864,1.9864,1.9864,1.9864,,n,,,,
218335,2001,11228.0,195.0,0.0,2.0841,2.0841,2.0841,2.0841,,n,,,,
218335,2002,12278.0,206.0,0.0,2.0134,2.0134,2.0134,2.0134,,n,,,,
218335,2003,11459.0,170.0,0.0,1.7803,1.7803,1.7803,1.7803,,n,,,,713.0
218335,2004,11034.0,166.0,0.0,1.8053,1.8053,1.8053,1.8053,,n,,,,871.0
218335,2005,9139.0,205.0,0.0,2.6918,2.6918,2.6918,2.6918,,n,,,,1414.0
218335,2006,9609.0,200.0,0.0,2.4977,2.4977,2.4977,2.4977,,n,,107.0,,1057.0
218335,2007,9716.0,177.0,0.0,2.1861,2.1861,2.1861,2.1861,,n,,109.0,,1138.0
218335,2008,9605.0,182.0,0.0,2.2738,2.2738,2.2738,2.2738,,n,,140.0,,1177.0
218335,2009,10830.0,194.0,0.0,2.1496,2.1496,2.1496,2.1496,,n,,97.0,,1336.0
218335,2010,9587.0,194.0,0.0,2.4283,2.4283,2.4283,2.4283,,n,,66.0,,912.0
218335,2011,8609.0,189.0,0.0,2.6345,2.6345,2.6345,2.6345,,n,,73.0,,652.0
218335,2012,8083.0,124.0,0.0,1.8409,1.8409,1.8409,1.8409,,n,,71.0,,666.0
218335,2013,8348.0,124.0,0.0,1.7825,1.7825,1.7825,1.7825,,n,,72.0,,714.0
218335,2014,8612.0,126.0,0.0,1.7557,1.7557,1.7557,1.7557,,n,,145.0,,717.0
218335,2015,12104.0,136.0,0.0,1.3483,1.3483,1.3483,1.3483,,n,,147.0,,919.0
218335,2016,12613.0,226.0,0.0,2.1502,2.1502,2.1502,2.1502,,n,,128.0,,948.0
218335,2017,11698.0,222.0,0.0,2.2773,2.2773,2.2773,2.2773,,n,,145.0,,1085.0
218335,2018,12273.0,200.0,0.0,1.9555,1.9555,1.9555,1.9555,,n,,134.0,,1144.0
218335,2019,13433.0,223.0,0.0,1.9921,1.9921,1.9921,1.9921,,n,,131.0,,1112.0
218335,2020,12282.0,213.0,0.0,2.0811,2.0811,2.0811,2.0811,,n,,127.0,,1186.0
218335,2021,12107.0,205.0,0.0,2.0319,2.0319,2.0319,2.0319,,n,,143.0,,1192.0
218335,2022,12444.0,198.0,0.0,1.9094,1.9094,1.9094,1.9094,,n,,102.0,,1072.0
218335,2023,10923.0,203.0,0.0,2.2302,2.2302,2.2302,2.2302,,n,,107.0,,1054.0
218335,2024,10243.0,167.0,0.0,1.9565,1.9565,1.9565,1.9565,,n,,122.0,,975.0
218353,1998,199564.0,0.0,733.0,0.2204,0.2209,0.2224,0.2231,1.0373,o,,,,
218353,1999,208766.0,0.0,800.0,0.2299,0.2311,0.2341,0.2354,1.0739,o,,,,
218353,2000,206327.0,0.0,841.0,0.2446,0.2445,0.2444,0.2444,0.9979,o,,,,
218353,2001,206082.0,0.0,796.0,0.2318,0.2309,0.2286,0.2276,0.9464,o,,,,
218353,2002,215173.0,0.0,831.0,0.2317,0.2314,0.2304,0.23,0.9779,o,1895.0,,3161.0,
218353,2003,228131.0,0.0,827.0,0.2175,0.2182,0.22,0.2208,1.0467,o,2070.0,,3725.0,88.0
218353,2004,232408.0,0.0,828.0,0.2138,0.2154,0.2197,0.2217,1.1168,o,2229.0,,4537.0,153.0
218353,2005,234258.0,0.0,844.0,0.2162,0.218,0.2226,0.2247,1.1243,o,2189.0,,4721.0,152.0
218353,2006,233113.0,0.0,872.0,0.2244,0.2247,0.2255,0.2258,1.0184,o,2263.0,1045.0,4525.0,147.0
218353,2007,234658.0,0.0,824.0,0.2107,0.211,0.212,0.2124,1.0244,o,2225.0,1026.0,4688.0,151.0
218353,2008,240160.0,0.0,905.0,0.2261,0.2261,0.2261,0.2261,0.9996,o,2301.0,1115.0,4747.0,154.0
218353,2009,255609.0,0.0,922.0,0.2164,0.2168,0.2178,0.2182,1.0254,o,2478.0,1214.0,4834.0,155.0
218353,2010,279191.0,0.0,917.0,0.1971,0.1983,0.2016,0.2031,1.095,o,2282.0,1141.0,5050.0,154.0
218353,2011,278234.0,0.0,1006.0,0.2169,0.2162,0.2145,0.2137,0.955,o,2374.0,1239.0,5204.0,169.0
218353,2012,276280.0,0.0,1144.0,0.2484,0.2484,0.2483,0.2482,0.9975,o,2303.0,1156.0,5124.0,168.0
218353,2013,267487.0,0.0,1089.0,0.2443,0.2441,0.2436,0.2434,0.9893,o,2361.0,1224.0,5064.0,169.0
218353,2014,257550.0,0.0,1067.0,0.2486,0.2487,0.2492,0.2494,1.0096,o,2508.0,1088.0,5053.0,173.0
218353,2015,251502.0,0.0,993.0,0.2369,0.2381,0.2412,0.2427,1.0755,o,2354.0,1121.0,5073.0,165.0
218353,2016,242247.0,0.0,1056.0,0.2616,0.2609,0.2594,0.2587,0.9669,o,2345.0,1115.0,5170.0,170.0
218353,2017,231379.0,0.0,1215.0,0.3151,0.3143,0.3122,0.3113,0.9646,o,2390.0,1150.0,5181.0,178.0
218353,2018,222857.0,0.0,1095.0,0.2948,0.2952,0.2961,0.2965,1.0172,o,2331.0,1116.0,5252.0,180.0
218353,2019,208277.0,0.0,1209.0,0.3483,0.3479,0.3469,0.3465,0.9846,o,2203.0,953.0,5528.0,191.0
218353,2020,202249.0,0.0,1248.0,0.3702,0.3685,0.3639,0.3619,0.9333,o,1849.0,879.0,5755.0,187.0
218353,2021,189824.0,0.0,1015.0,0.3208,0.3163,0.3049,0.3,0.8156,o,1849.0,910.0,5589.0,193.0
218353,2022,197003.0,0.0,888.0,0.2705,0.2687,0.2643,0.2624,0.9126,o,2099.0,839.0,5253.0,208.0
218353,2023,198176.0,0.0,873.0,0.2643,0.2667,0.2728,0.2756,1.1352,o,2130.0,791.0,4956.0,161.0
218353,2024,195603.0,0.0,935.0,0.2868,0.2883,0.2923,0.2941,1.079,o,2059.0,790.0,4788.0,136.0
218399,1998,30523.0,138.0,0.0,0.5425,0.5244,0.5207,0.5117,0.8895,o,,,,
218399,1999,29701.0,186.0,0.0,0.7515,0.7429,0.7412,0.7368,0.9612,o,,,,
218399,2000,29666.0,170.0,0.0,0.6877,0.679,0.6772,0.6727,0.9571,o,,,,
218399,2001,31803.0,147.0,0.0,0.5547,0.5605,0.5617,0.5648,1.0369,o,,,,
218399,2002,32803.0,146.0,0.0,0.5341,0.5566,0.5614,0.5735,1.1529,o,290.0,,11580.0,
218399,2003,34791.0,158.0,0.0,0.545,0.575,0.5814,0.5977,1.203,o,276.0,,11884.0,397.0
218399,2004,32710.0,168.0,0.0,0.6163,0.6268,0.629,0.6345,1.0599,o,234.0,,12288.0,412.0
218399,2005,29662.0,163.0,0.0,0.6594,0.6475,0.6451,0.6391,0.9392,o,208.0,,12531.0,420.0
218399,2006,27797.0,158.0,0.0,0.6821,0.6359,0.6267,0.6044,0.7851,o,250.0,47.0,12719.0,429.0
218399,2007,26821.0,140.0,0.0,0.6264,0.5891,0.5816,0.5635,0.8092,o,295.0,40.0,13327.0,454.0
218399,2008,27626.0,106.0,0.0,0.4604,0.4694,0.4713,0.476,1.0686,o,293.0,39.0,13536.0,436.0
218399,2009,33368.0,134.0,0.0,0.4819,0.5235,0.5325,0.5558,1.3303,o,300.0,46.0,13453.0,382.0
218399,2010,36150.0,129.0,0.0,0.4282,0.4615,0.4687,0.4873,1.2948,o,321.0,56.0,14153.0,414.0
218399,2011,38049.0,130.0,0.0,0.41,0.4258,0.4292,0.4377,1.1394,o,284.0,53.0,14364.0,433.0
218399,2012,34202.0,131.0,0.0,0.4596,0.4634,0.4642,0.4662,1.0289,o,264.0,50.0,14327.0,404.0
218399,2013,28315.0,133.0,0.0,0.5637,0.5509,0.5483,0.5419,0.9241,o,250.0,48.0,14491.0,472.0
218399,2014,25908.0,152.0,0.0,0.704,0.6665,0.6589,0.6405,0.8277,o,225.0,43.0,14597.0,476.0
218399,2015,24719.0,126.0,0.0,0.6117,0.5702,0.562,0.542,0.7851,o,213.0,66.0,16079.0,496.0
218399,2016,24292.0,102.0,0.0,0.5039,0.4722,0.4659,0.4505,0.7993,o,219.0,45.0,16399.0,508.0
218399,2017,22772.0,111.0,0.0,0.5849,0.5562,0.5504,0.5362,0.8405,o,236.0,33.0,16630.0,529.0
218399,2018,22206.0,117.0,0.0,0.6323,0.6244,0.6228,0.6188,0.9579,o,196.0,39.0,16772.0,534.0
218399,2019,21436.0,99.0,0.0,0.5542,0.552,0.5515,0.5504,0.9863,o,200.0,28.0,16944.0,503.0
218399,2020,19076.0,108.0,0.0,0.6794,0.6625,0.659,0.6505,0.9167,o,67.0,30.0,17219.0,517.0
218399,2021,12713.0,90.0,0.0,0.8495,0.7278,0.7049,0.6508,0.5868,o,90.0,38.0,17485.0,490.0
218399,2022,13062.0,76.0,0.0,0.6982,0.5206,0.4899,0.4209,0.3634,o,118.0,45.0,16949.0,500.0
218399,2023,14850.0,76.0,0.0,0.6141,0.5095,0.4902,0.4451,0.5253,o,126.0,50.0,16312.0,375.0
218399,2024,15120.0,75.0,0.0,0.5952,0.5799,0.5768,0.569,0.9139,o,85.0,43.0,16224.0,404.0
218414,1998,22234.0,123.0,0.0,0.6638,0.7024,0.7106,0.7317,1.2147,o,,,,
218414,1999,22517.0,118.0,0.0,0.6289,0.6435,0.6466,0.6544,1.0828,o,,,,
218414,2000,23131.0,151.0,0.0,0.7834,0.773,0.7709,0.7656,0.9552,o,,,,
218414,2001,20779.0,115.0,0.0,0.6641,0.6465,0.643,0.6341,0.9116,o,,,,
218414,2002,22331.0,149.0,0.0,0.8007,0.7988,0.7984,0.7974,0.9918,o,250.0,,26676.0,
218414,2003,23083.0,124.0,0.0,0.6446,0.6666,0.6712,0.6829,1.1224,o,204.0,,27769.0,503.0
218414,2004,23554.0,113.0,0.0,0.5757,0.6153,0.6238,0.6456,1.2576,o,231.0,,28608.0,488.0
218414,2005,24131.0,138.0,0.0,0.6863,0.7232,0.7311,0.7512,1.1983,o,276.0,,29135.0,455.0
218414,2006,26041.0,139.0,0.0,0.6405,0.6714,0.678,0.6947,1.1763,o,264.0,57.0,29418.0,422.0
218414,2007,26667.0,132.0,0.0,0.594,0.6246,0.6312,0.6478,1.1894,o,323.0,51.0,29689.0,397.0
218414,2008,28465.0,134.0,0.0,0.5649,0.6162,0.6274,0.6562,1.3494,o,299.0,62.0,30570.0,448.0
218414,2009,30506.0,147.0,0.0,0.5782,0.6136,0.6211,0.6405,1.2268,o,342.0,103.0,31021.0,489.0
218414,2010,33963.0,141.0,0.0,0.4982,0.5236,0.529,0.5428,1.187,o,288.0,109.0,30691.0,474.0
218414,2011,34899.0,191.0,0.0,0.6568,0.6704,0.6732,0.6804,1.0733,o,282.0,53.0,31434.0,486.0
218414,2012,34265.0,204.0,0.0,0.7144,0.6966,0.6929,0.6839,0.9164,o,220.0,87.0,31192.0,457.0
218414,2013,32166.0,202.0,0.0,0.7536,0.702,0.6918,0.6669,0.7832,o,237.0,73.0,31515.0,479.0
218414,2014,31819.0,197.0,0.0,0.743,0.6769,0.664,0.6328,0.7254,o,277.0,84.0,31335.0,484.0
218414,2015,33228.0,211.0,0.0,0.762,0.7395,0.7349,0.7236,0.9018,o,267.0,67.0,31723.0,450.0
218414,2016,32673.0,197.0,0.0,0.7235,0.7406,0.7442,0.7532,1.0837,o,285.0,80.0,32411.0,475.0
218414,2017,33440.0,181.0,0.0,0.6495,0.6861,0.6939,0.7138,1.2079,o,353.0,86.0,32635.0,455.0
218414,2018,36590.0,217.0,0.0,0.7117,0.7577,0.7676,0.7929,1.2412,o,374.0,80.0,32278.0,450.0
218414,2019,38091.0,231.0,0.0,0.7277,0.7916,0.8055,0.8413,1.3364,o,340.0,109.0,32243.0,452.0
218414,2020,38758.0,231.0,0.0,0.7152,0.7706,0.7826,0.8134,1.2935,o,309.0,86.0,32933.0,459.0
218414,2021,38811.0,265.0,0.0,0.8194,0.8234,0.8243,0.8264,1.0172,o,328.0,67.0,32858.0,461.0
218414,2022,37208.0,262.0,0.0,0.845,0.8132,0.8068,0.7909,0.8762,o,415.0,90.0,30991.0,408.0
218414,2023,37899.0,204.0,0.0,0.6459,0.6534,0.655,0.6589,1.0406,o,470.0,74.0,30123.0,404.0
218414,2024,42285.0,233.0,0.0,0.6612,0.7235,0.737,0.7721,1.3636,o,426.0,89.0,30050.0,400.0
218423,1998,16827.0,0.0,39.0,0.1391,0.1391,0.1391,0.1391,,-,,,,
218423,1999,34890.0,0.0,32.0,0.055,0.055,0.055,0.055,,-,,,,
218441,1998,31839.0,93.0,35.0,0.4165,0.4294,0.4321,0.439,1.1113,o,,,,
218441,1999,33673.0,118.0,33.0,0.4793,0.4856,0.4869,0.4902,1.0461,o,,,,
218441,2000,37292.0,140.0,24.0,0.4891,0.4866,0.486,0.4847,0.9822,o,,,,
218441,2002,39154.0,194.0,44.0,0.662,0.6485,0.6458,0.639,0.9316,o,414.0,,14637.0,
218441,2003,47541.0,185.0,15.0,0.4859,0.4827,0.482,0.4804,0.9773,o,410.0,,15141.0,257.0
218441,2004,33313.0,234.0,14.0,0.8681,0.8999,0.9066,0.9236,1.1319,o,474.0,,15423.0,400.0
218441,2005,53201.0,247.0,18.0,0.5774,0.6421,0.6564,0.6934,1.4421,o,438.0,,15709.0,270.0
218441,2006,59000.0,276.0,16.0,0.5776,0.6381,0.6514,0.6858,1.4096,o,522.0,88.0,16126.0,248.0
218441,2007,55070.0,304.0,14.0,0.6777,0.7084,0.7149,0.7315,1.165,o,512.0,102.0,16273.0,283.0
218441,2008,58594.0,319.0,6.0,0.6595,0.6901,0.6966,0.7132,1.1697,o,508.0,108.0,16360.0,274.0
218441,2009,60697.0,304.0,7.0,0.6079,0.628,0.6322,0.6429,1.1184,o,494.0,116.0,16805.0,261.0
218441,2010,63186.0,345.0,2.0,0.6571,0.6653,0.667,0.6713,1.0438,o,483.0,148.0,17531.0,281.0
218441,2011,64062.0,395.0,0.0,0.7399,0.7278,0.7254,0.7192,0.9449,o,540.0,99.0,17896.0,289.0
218441,2012,64701.0,389.0,0.0,0.7215,0.7221,0.7222,0.7225,1.0029,o,527.0,155.0,18227.0,288.0
218441,2013,66441.0,388.0,0.0,0.7008,0.7137,0.7164,0.7231,1.0649,o,504.0,125.0,18630.0,283.0
218441,2014,65638.0,404.0,0.0,0.7386,0.7502,0.7526,0.7587,1.0553,o,584.0,141.0,19449.0,304.0
218441,2015,70749.0,378.0,0.0,0.6411,0.6527,0.6551,0.6612,1.0635,o,542.0,183.0,20248.0,309.0
218441,2016,72394.0,418.0,0.0,0.6929,0.7038,0.7061,0.7118,1.0553,o,485.0,125.0,21119.0,321.0
218441,2017,68175.0,446.0,0.0,0.785,0.7842,0.784,0.7835,0.9961,o,536.0,144.0,22429.0,379.0
218441,2018,66805.0,466.0,0.0,0.8371,0.8218,0.8186,0.8109,0.9384,o,504.0,91.0,23866.0,418.0
218441,2019,64272.0,484.0,0.0,0.9037,0.8831,0.8789,0.8685,0.9236,o,404.0,130.0,24099.0,413.0
218441,2020,60230.0,400.0,0.0,0.7969,0.769,0.7633,0.7494,0.8841,o,387.0,105.0,25385.0,416.0
218441,2021,55165.0,403.0,0.0,0.8766,0.8141,0.8017,0.7716,0.7747,o,431.0,122.0,25737.0,412.0
218441,2022,52069.0,381.0,0.0,0.8781,0.819,0.8073,0.7787,0.7865,o,495.0,147.0,24650.0,402.0
218441,2023,52529.0,328.0,0.0,0.7493,0.7536,0.7545,0.7567,1.0198,o,438.0,154.0,24419.0,378.0
218441,2024,53036.0,305.0,0.0,0.6901,0.7239,0.7312,0.7495,1.1795,o,484.0,159.0,24650.0,394.0
218487,1998,39816.0,0.0,147.0,0.2215,0.2199,0.2157,0.2139,0.8989,o,,,,
218487,1999,46352.0,0.0,209.0,0.2705,0.2701,0.2689,0.2684,0.9758,o,,,,
218487,2000,45634.0,0.0,195.0,0.2564,0.2551,0.2517,0.2502,0.9292,o,,,,
218487,2001,46262.0,0.0,192.0,0.249,0.2474,0.2434,0.2416,0.9125,o,,,,
218487,2002,53356.0,0.0,199.0,0.2238,0.2281,0.2394,0.2447,1.3104,o,580.0,,2945.0,
218487,2003,60617.0,0.0,217.0,0.2148,0.2192,0.2311,0.2365,1.3395,o,640.0,,3385.0,60.0
218487,2004,64835.0,0.0,218.0,0.2017,0.2042,0.2107,0.2136,1.1896,o,565.0,,4139.0,65.0
218487,2005,61953.0,0.0,239.0,0.2315,0.2302,0.2271,0.2257,0.9262,o,605.0,,4249.0,87.0
218487,2006,59662.0,0.0,260.0,0.2615,0.2615,0.2617,0.2618,1.0041,o,449.0,240.0,4113.0,95.0
218487,2007,57032.0,0.0,258.0,0.2714,0.2664,0.2541,0.2487,0.7675,o,514.0,233.0,4283.0,105.0
218487,2008,55741.0,0.0,224.0,0.2411,0.2407,0.2396,0.2391,0.9753,o,553.0,284.0,4144.0,111.0
218487,2009,64261.0,0.0,214.0,0.1998,0.2018,0.2068,0.2092,1.1485,o,606.0,306.0,4351.0,100.0
218487,2010,73131.0,0.0,205.0,0.1682,0.1697,0.1736,0.1754,1.1359,o,569.0,270.0,4600.0,92.0
218487,2011,71833.0,0.0,217.0,0.1813,0.181,0.1804,0.1802,0.9819,o,526.0,222.0,4675.0,87.0
218487,2012,63633.0,0.0,225.0,0.2122,0.2105,0.2064,0.2046,0.8953,o,528.0,299.0,4720.0,101.0
218487,2013,63381.0,0.0,279.0,0.2641,0.2634,0.2617,0.261,0.9644,o,609.0,268.0,4637.0,102.0
218487,2014,60466.0,0.0,223.0,0.2213,0.2235,0.2294,0.2321,1.1556,o,533.0,280.0,5010.0,98.0
218487,2015,63391.0,0.0,195.0,0.1846,0.1837,0.1816,0.1807,0.9376,o,450.0,252.0,5124.0,102.0
218487,2016,57673.0,0.0,252.0,0.2622,0.2578,0.247,0.2424,0.7881,o,364.0,274.0,5244.0,101.0
218487,2017,54517.0,0.0,282.0,0.3104,0.3039,0.2879,0.2811,0.7406,o,374.0,234.0,5265.0,109.0
218487,2018,50862.0,0.0,222.0,0.2619,0.2603,0.2564,0.2547,0.9189,o,344.0,269.0,5297.0,95.0
218487,2019,51747.0,0.0,225.0,0.2609,0.2596,0.2563,0.2549,0.9322,o,299.0,257.0,5449.0,93.0
218487,2020,49059.0,0.0,227.0,0.2776,0.2741,0.2652,0.2614,0.8329,o,249.0,239.0,5493.0,89.0
218487,2021,47254.0,0.0,249.0,0.3162,0.3106,0.2966,0.2906,0.7745,o,211.0,228.0,5521.0,79.0
218487,2022,44380.0,0.0,258.0,0.3488,0.3425,0.3268,0.32,0.7701,o,234.0,167.0,5189.0,66.0
218487,2023,42037.0,0.0,220.0,0.314,0.3144,0.3154,0.3158,1.0174,o,379.0,196.0,5145.0,51.0
218487,2024,47728.0,0.0,269.0,0.3382,0.351,0.3863,0.4031,1.7034,o,322.0,188.0,4970.0,64.0
218520,1998,75078.0,0.0,309.0,0.2469,0.2467,0.246,0.2456,0.9841,o,,,,
218520,1999,78309.0,0.0,377.0,0.2889,0.2892,0.2901,0.2905,1.0176,o,,,,
218520,2000,76210.0,0.0,376.0,0.296,0.2959,0.2957,0.2956,0.9957,o,,,,
218520,2001,84395.0,0.0,380.0,0.2702,0.2737,0.2829,0.2871,1.2024,o,,,,
218520,2002,102369.0,0.0,397.0,0.2327,0.2403,0.2609,0.2706,1.5805,o,1020.0,,4343.0,
218520,2003,112800.0,0.0,473.0,0.2516,0.2545,0.262,0.2655,1.1765,o,1278.0,,3555.0,101.0
218520,2004,107554.0,0.0,551.0,0.3074,0.3123,0.3252,0.3311,1.2523,o,807.0,,4305.0,98.0
218520,2005,101058.0,0.0,491.0,0.2915,0.2844,0.2669,0.2594,0.7024,o,854.0,,4410.0,107.0
218520,2006,102658.0,0.0,459.0,0.2683,0.2646,0.2552,0.2512,0.8192,o,754.0,285.0,4269.0,90.0
218520,2007,104867.0,0.0,490.0,0.2804,0.2785,0.2737,0.2716,0.9079,o,1010.0,258.0,4471.0,87.0
218520,2008,110402.0,0.0,508.0,0.2761,0.2805,0.2923,0.2977,1.2562,o,995.0,276.0,4697.0,92.0
218520,2009,120205.0,0.0,593.0,0.296,0.2985,0.3051,0.308,1.1281,o,1173.0,361.0,4774.0,84.0
218520,2010,137923.0,0.0,515.0,0.224,0.2265,0.233,0.236,1.1701,o,1013.0,340.0,4917.0,92.0
218520,2011,137267.0,0.0,582.0,0.2544,0.2532,0.2501,0.2488,0.9345,o,1242.0,418.0,5070.0,103.0
218520,2012,140664.0,0.0,580.0,0.2474,0.2496,0.2554,0.2581,1.1363,o,1276.0,390.0,4793.0,84.0
218520,2013,144944.0,0.0,589.0,0.2438,0.2459,0.2515,0.254,1.1317,o,1170.0,303.0,4898.0,84.0
218520,2014,138277.0,0.0,623.0,0.2703,0.2689,0.2654,0.2639,0.9293,o,1007.0,289.0,5003.0,94.0
218520,2015,123633.0,0.0,648.0,0.3145,0.3102,0.2996,0.2949,0.8234,o,925.0,304.0,5102.0,107.0
218520,2016,111426.0,0.0,619.0,0.3333,0.3295,0.32,0.3159,0.8498,o,955.0,292.0,5249.0,131.0
218520,2017,103443.0,0.0,580.0,0.3364,0.3361,0.3355,0.3351,0.9886,o,911.0,319.0,5345.0,145.0
218520,2018,99251.0,0.0,603.0,0.3645,0.3637,0.3617,0.3608,0.9691,o,922.0,325.0,5315.0,134.0
218520,2019,100436.0,0.0,638.0,0.3811,0.3808,0.38,0.3796,0.9882,o,953.0,336.0,5395.0,131.0
218520,2020,107697.0,0.0,675.0,0.3761,0.3771,0.3797,0.3809,1.0398,o,810.0,334.0,5465.0,126.0
218520,2021,101436.0,0.0,629.0,0.3721,0.3683,0.3587,0.3545,0.864,o,798.0,299.0,5307.0,103.0
218520,2022,104413.0,0.0,631.0,0.3626,0.3601,0.3537,0.3509,0.9053,o,1022.0,387.0,4988.0,93.0
218520,2023,110453.0,0.0,643.0,0.3493,0.3552,0.3709,0.3781,1.2711,o,953.0,293.0,4707.0,72.0
218520,2024,108212.0,0.0,657.0,0.3643,0.3655,0.3685,0.3699,1.0473,o,891.0,334.0,4775.0,70.0
218539,1998,33891.0,221.0,0.0,0.7825,0.7802,0.7797,0.7785,0.9897,o,,,,
218539,1999,30291.0,256.0,0.0,1.0142,0.9798,0.9728,0.9556,0.8878,o,,,,
218539,2001,32199.0,208.0,0.0,0.7752,0.8071,0.8139,0.831,1.1493,o,,,,
218539,2002,34236.0,222.0,0.0,0.7781,0.8124,0.8197,0.8381,1.1601,o,319.0,,28852.0,
218539,2003,34725.0,256.0,0.0,0.8847,0.9009,0.9043,0.9128,1.0647,o,312.0,,29722.0,500.0
218539,2004,35162.0,268.0,0.0,0.9146,0.902,0.8994,0.893,0.9532,o,344.0,,30447.0,512.0
218539,2005,34940.0,225.0,0.0,0.7728,0.7741,0.7744,0.7751,1.0061,o,313.0,,31773.0,509.0
218539,2006,35805.0,266.0,0.0,0.8915,0.8975,0.8987,0.9019,1.0234,o,362.0,32.0,33065.0,510.0
218539,2007,36563.0,226.0,0.0,0.7417,0.7564,0.7594,0.7672,1.0697,o,290.0,22.0,37243.0,489.0
218539,2008,35818.0,247.0,0.0,0.8275,0.8261,0.8257,0.825,0.9939,o,324.0,23.0,38515.0,498.0
218539,2009,35717.0,236.0,0.0,0.7929,0.7775,0.7743,0.7665,0.9346,o,364.0,16.0,40146.0,488.0
218539,2010,36853.0,277.0,0.0,0.902,0.907,0.908,0.9106,1.0193,o,304.0,22.0,41284.0,473.0
218539,2011,34580.0,266.0,0.0,0.9231,0.9296,0.9309,0.9343,1.0245,o,359.0,13.0,42129.0,532.0
218539,2012,35861.0,236.0,0.0,0.7897,0.8075,0.8112,0.8206,1.0798,o,282.0,13.0,42560.0,571.0
218539,2013,35354.0,266.0,0.0,0.9029,0.8845,0.8808,0.8715,0.9317,o,296.0,12.0,43686.0,693.0
218539,2014,33252.0,235.0,0.0,0.8481,0.8132,0.8062,0.7889,0.8653,o,275.0,25.0,44303.0,688.0
218539,2015,32830.0,249.0,0.0,0.9101,0.8716,0.8638,0.8446,0.8612,o,262.0,26.0,45467.0,707.0
218539,2016,30900.0,226.0,0.0,0.8777,0.8337,0.8249,0.8033,0.8378,o,287.0,29.0,46840.0,734.0
218539,2017,30873.0,221.0,0.0,0.859,0.8463,0.8437,0.8372,0.9498,o,276.0,24.0,47348.0,709.0
218539,2018,29646.0,193.0,0.0,0.7812,0.778,0.7774,0.7757,0.986,o,310.0,28.0,47161.0,707.0
218539,2019,30389.0,212.0,0.0,0.8371,0.8586,0.8631,0.8745,1.0912,o,342.0,38.0,47173.0,676.0
218539,2020,31469.0,210.0,0.0,0.8008,0.8417,0.8505,0.8727,1.1876,o,313.0,31.0,47429.0,692.0
218539,2021,29624.0,168.0,0.0,0.6805,0.7111,0.7176,0.734,1.1634,o,215.0,34.0,46993.0,705.0
218539,2022,28339.0,191.0,0.0,0.8088,0.7847,0.7798,0.7677,0.901,o,269.0,34.0,45066.0,652.0
218539,2023,26719.0,224.0,0.0,1.006,0.9227,0.9064,0.8668,0.7423,o,265.0,42.0,43373.0,574.0
218539,2024,26644.0,211.0,0.0,0.9503,0.8957,0.8847,0.8581,0.8153,o,259.0,34.0,43300.0,559.0
218645,1998,72522.0,411.0,79.0,0.7454,0.7748,0.7886,0.8079,1.1747,o,,,,
218645,1999,76119.0,430.0,71.0,0.7339,0.7722,0.7904,0.8159,1.2362,o,,,,
218645,2000,77616.0,395.0,61.0,0.6579,0.6791,0.689,0.7028,1.1414,o,,,,
218645,2001,78585.0,453.0,67.0,0.7429,0.7553,0.7611,0.7691,1.0717,o,,,,
218645,2002,79392.0,481.0,56.0,0.7693,0.7639,0.7614,0.7581,0.9709,o,498.0,,6475.0,
218645,2003,81139.0,471.0,47.0,0.7313,0.7219,0.7177,0.7119,0.9475,o,565.0,,7433.0,213.0
218645,2004,82525.0,488.0,56.0,0.7503,0.7585,0.7623,0.7675,1.0463,o,620.0,,8335.0,237.0
218645,2005,81718.0,517.0,49.0,0.7952,0.828,0.8436,0.8652,1.1838,o,610.0,,9049.0,253.0
218645,2006,79014.0,458.0,25.0,0.7146,0.7591,0.7804,0.8105,1.2866,o,674.0,243.0,9236.0,266.0
218645,2007,81262.0,467.0,0.0,0.6896,0.7216,0.7368,0.7579,1.2079,o,626.0,242.0,10133.0,284.0
218645,2008,81443.0,502.0,0.0,0.7397,0.7563,0.764,0.7747,1.097,o,594.0,267.0,10296.0,279.0
218645,2009,81126.0,461.0,0.0,0.6819,0.6806,0.68,0.6791,0.9919,o,632.0,318.0,10909.0,208.0
218645,2010,84087.0,486.0,0.0,0.6936,0.6859,0.6824,0.6777,0.9548,o,630.0,288.0,11364.0,205.0
218645,2011,84920.0,498.0,0.0,0.7037,0.6987,0.6965,0.6934,0.9708,o,607.0,311.0,11759.0,215.0
218645,2012,84050.0,524.0,0.0,0.7481,0.7506,0.7518,0.7533,1.0139,o,526.0,311.0,11905.0,232.0
218645,2013,82300.0,536.0,0.0,0.7815,0.7669,0.7602,0.7513,0.9241,o,643.0,223.0,12063.0,232.0
218645,2014,86747.0,517.0,0.0,0.7152,0.7022,0.6963,0.6883,0.9263,o,643.0,309.0,12255.0,241.0
218645,2015,86818.0,483.0,0.0,0.6676,0.6739,0.6767,0.6807,1.0396,o,603.0,382.0,12535.0,264.0
218645,2016,87442.0,511.0,0.0,0.7013,0.7174,0.725,0.7354,1.0997,o,623.0,300.0,12806.0,276.0
218645,2017,90118.0,495.0,0.0,0.6591,0.6667,0.6702,0.675,1.0488,o,573.0,338.0,12998.0,273.0
218645,2018,89373.0,538.0,0.0,0.7224,0.7099,0.7043,0.6966,0.93,o,549.0,404.0,13088.0,257.0
218645,2019,87421.0,540.0,0.0,0.7412,0.7228,0.7145,0.7034,0.9005,o,558.0,357.0,13129.0,255.0
218645,2020,84569.0,571.0,0.0,0.8102,0.7906,0.7818,0.7699,0.9029,o,542.0,396.0,12933.0,240.0
218645,2021,84354.0,602.0,0.0,0.8564,0.8394,0.8317,0.8213,0.9197,o,526.0,354.0,12559.0,263.0
218645,2022,81239.0,548.0,0.0,0.8095,0.7999,0.7956,0.7897,0.9519,o,552.0,406.0,11804.0,223.0
218645,2023,81399.0,570.0,0.0,0.8403,0.835,0.8325,0.8292,0.9738,o,616.0,329.0,11138.0,206.0
218645,2024,82183.0,607.0,0.0,0.8863,0.8992,0.9051,0.9133,1.0618,o,666.0,366.0,10760.0,194.0
218654,1998,17496.0,0.0,75.0,0.2572,0.2579,0.2582,0.2586,1.0108,o,,,,
218654,1999,18108.0,0.0,61.0,0.2021,0.2096,0.2132,0.2181,1.1646,o,,,,
218654,2000,19499.0,0.0,87.0,0.2677,0.2827,0.2898,0.2999,1.2548,o,,,,
218654,2001,20635.0,0.0,63.0,0.1832,0.1963,0.2026,0.2115,1.3333,o,,,,
218654,2002,20750.0,0.0,72.0,0.2082,0.2195,0.2249,0.2324,1.2464,o,175.0,,4001.0,
218654,2003,22145.0,0.0,79.0,0.214,0.2136,0.2134,0.2131,0.9909,o,164.0,,5234.0,188.0
218654,2004,23713.0,0.0,73.0,0.1847,0.1802,0.1781,0.1754,0.9016,o,178.0,,6978.0,219.0
218654,2005,25814.0,96.0,56.0,0.5764,0.5756,0.5753,0.5748,0.9942,o,246.0,,7517.0,236.0
218654,2006,29709.0,88.0,39.0,0.4342,0.4621,0.4755,0.4944,1.2966,o,233.0,116.0,7719.0,243.0
218654,2007,31324.0,113.0,23.0,0.477,0.5182,0.5383,0.5669,1.413,o,288.0,168.0,8763.0,263.0
218654,2008,34336.0,138.0,24.0,0.5242,0.58,0.6074,0.647,1.5234,o,303.0,206.0,9160.0,281.0
218654,2009,37784.0,116.0,5.0,0.3763,0.4076,0.4227,0.4443,1.3939,o,374.0,254.0,10072.0,292.0
218654,2010,44600.0,183.0,5.0,0.4991,0.5423,0.5634,0.5934,1.4134,o,420.0,166.0,10478.0,273.0
218654,2011,46929.0,216.0,3.0,0.5562,0.6153,0.6445,0.6866,1.524,o,432.0,246.0,11195.0,279.0
218654,2012,48283.0,258.0,3.0,0.6449,0.7041,0.733,0.7744,1.4416,o,410.0,217.0,11100.0,276.0
218654,2013,47262.0,274.0,4.0,0.7008,0.7384,0.7564,0.7815,1.2437,o,400.0,150.0,11440.0,286.0
218654,2014,45411.0,241.0,3.0,0.6408,0.6439,0.6453,0.6472,1.0202,o,402.0,243.0,11812.0,297.0
218654,2015,48870.0,265.0,0.0,0.6507,0.6413,0.6371,0.6313,0.9413,o,493.0,231.0,12277.0,292.0
218654,2016,53099.0,296.0,2.0,0.6712,0.6811,0.6857,0.692,1.0629,o,487.0,197.0,12767.0,298.0
218654,2017,55716.0,345.0,3.0,0.7463,0.7812,0.7977,0.8209,1.2099,o,487.0,246.0,12960.0,289.0
218654,2018,58782.0,321.0,1.0,0.6563,0.6877,0.7025,0.7233,1.2145,o,413.0,261.0,13269.0,272.0
218654,2019,59987.0,353.0,1.0,0.7072,0.7081,0.7085,0.7091,1.0056,o,449.0,235.0,13093.0,271.0
218654,2020,59260.0,409.0,0.0,0.8282,0.8031,0.7918,0.7768,0.8796,o,358.0,207.0,12897.0,264.0
218654,2021,55681.0,403.0,0.0,0.8685,0.8302,0.8132,0.7906,0.8285,o,424.0,246.0,12524.0,247.0
218654,2022,55119.0,360.0,0.0,0.7838,0.7578,0.7461,0.7306,0.8689,o,476.0,205.0,11771.0,219.0
218654,2023,55249.0,375.0,2.0,0.8167,0.8252,0.8291,0.8345,1.0441,o,503.0,244.0,11107.0,199.0
218654,2024,57397.0,377.0,1.0,0.7892,0.8267,0.8445,0.8693,1.2131,o,547.0,234.0,10730.0,195.0
218663,1998,444065.0,2932.0,17.0,0.7946,0.8286,0.8447,0.8671,1.1908,o,,,,
218663,1999,443548.0,2865.0,17.0,0.7774,0.8015,0.8128,0.8284,1.1355,o,,,,
218663,2000,455247.0,2973.0,12.0,0.7852,0.7887,0.7902,0.7924,1.0182,o,,,,
218663,2001,433288.0,3181.0,14.0,0.8829,0.8644,0.8561,0.8448,0.9155,o,,,,
218663,2002,446608.0,3164.0,19.0,0.8527,0.8538,0.8542,0.8549,1.0052,o,3561.0,,6866.0,
218663,2003,479734.0,3054.0,14.0,0.7657,0.8078,0.8278,0.856,1.2499,o,3491.0,,8470.0,374.0
218663,2004,500121.0,2991.0,12.0,0.7191,0.7733,0.7995,0.8366,1.3536,o,3403.0,,9582.0,391.0
218663,2005,519852.0,3260.0,4.0,0.753,0.7839,0.7985,0.8189,1.1827,o,3734.0,,10327.0,419.0
218663,2006,542122.0,3571.0,8.0,0.7913,0.7992,0.8029,0.8079,1.0422,o,3697.0,1234.0,11396.0,463.0
218663,2007,547586.0,3725.0,11.0,0.8175,0.8279,0.8326,0.8392,1.0537,o,3719.0,1225.0,11808.0,500.0
218663,2008,565239.0,3823.0,11.0,0.8128,0.8272,0.8338,0.843,1.0757,o,3859.0,1571.0,12213.0,530.0
218663,2009,595763.0,4092.0,5.0,0.8247,0.8367,0.8422,0.8498,1.0618,o,3917.0,1602.0,12716.0,440.0
218663,2010,614258.0,4135.0,8.0,0.8086,0.8174,0.8215,0.8271,1.0464,o,4469.0,1672.0,13088.0,438.0
218663,2011,645785.0,4462.0,6.0,0.8297,0.8545,0.8662,0.8823,1.1308,o,4636.0,1960.0,13661.0,434.0
218663,2012,678571.0,4556.0,7.0,0.8063,0.8426,0.8598,0.8838,1.2015,o,4625.0,1770.0,13835.0,446.0
218663,2013,694948.0,4622.0,4.0,0.7984,0.8327,0.8488,0.8714,1.191,o,5046.0,1353.0,14020.0,465.0
218663,2014,733843.0,4928.0,4.0,0.8062,0.8342,0.8474,0.8657,1.1532,o,4980.0,1587.0,14240.0,464.0
218663,2015,742324.0,5412.0,4.0,0.8752,0.8957,0.9052,0.9184,1.1012,o,5199.0,2027.0,14566.0,499.0
218663,2016,739512.0,5417.0,3.0,0.8793,0.8994,0.9088,0.9218,1.0991,o,5110.0,1963.0,14886.0,534.0
218663,2017,770321.0,5658.0,6.0,0.8819,0.8955,0.9018,0.9105,1.066,o,5880.0,1982.0,14601.0,560.0
218663,2018,796244.0,5857.0,2.0,0.8828,0.9025,0.9117,0.9243,1.0962,o,5854.0,1906.0,14783.0,563.0
218663,2019,809818.0,6022.0,0.0,0.8923,0.9233,0.9379,0.9581,1.1528,o,6286.0,1757.0,15397.0,569.0
218663,2020,837808.0,6145.0,4.0,0.8804,0.9157,0.9323,0.9554,1.1776,o,5742.0,1572.0,15250.0,554.0
218663,2021,836236.0,6512.0,0.0,0.9345,0.9549,0.9645,0.9776,1.0944,o,6174.0,1399.0,14810.0,528.0
218663,2022,814240.0,6340.0,1.0,0.9344,0.9379,0.9395,0.9417,1.0155,o,6574.0,1315.0,13919.0,495.0
218663,2023,831893.0,6529.0,0.0,0.9418,0.9529,0.9581,0.9651,1.0501,o,7319.0,1393.0,13134.0,466.0
218663,2024,872907.0,5954.0,0.0,0.8185,0.8473,0.8609,0.8797,1.1551,o,7272.0,1414.0,12688.0,459.0
218672,1998,17848.0,0.0,104.0,0.3496,0.3472,0.3412,0.3386,0.9074,o,,,,
218672,1999,16877.0,0.0,106.0,0.3768,0.3767,0.3764,0.3762,0.9951,o,,,,
218672,2000,17369.0,0.0,114.0,0.3938,0.3952,0.3987,0.4003,1.0508,o,,,,
218672,2001,17373.0,0.0,121.0,0.4179,0.4144,0.4056,0.4018,0.8878,o,,,,
218672,2002,18443.0,0.0,136.0,0.4424,0.4477,0.4614,0.4676,1.1825,o,238.0,,4001.0,
218672,2003,19587.0,0.0,121.0,0.3707,0.3744,0.3843,0.3887,1.1553,o,214.0,,5234.0,121.0
218672,2004,19516.0,0.0,115.0,0.3536,0.3514,0.3457,0.3433,0.9145,o,258.0,,6063.0,131.0
218672,2005,21661.0,0.0,121.0,0.3352,0.3383,0.3464,0.3501,1.1416,o,258.0,,6532.0,142.0
218672,2006,23448.0,0.0,152.0,0.3889,0.3914,0.3977,0.4006,1.0932,o,284.0,54.0,6737.0,145.0
218672,2007,26055.0,0.0,153.0,0.3523,0.3547,0.3609,0.3637,1.1008,o,360.0,69.0,7035.0,148.0
218672,2008,29730.0,0.0,143.0,0.2886,0.2944,0.3098,0.317,1.3284,o,358.0,89.0,7123.0,157.0
218672,2009,32215.0,0.0,160.0,0.298,0.3002,0.306,0.3086,1.1118,o,368.0,76.0,7574.0,91.0
218672,2010,33999.0,0.0,151.0,0.2665,0.2669,0.2681,0.2687,1.0251,o,388.0,108.0,7902.0,90.0
218672,2011,34913.0,0.0,129.0,0.2217,0.2227,0.2254,0.2266,1.0689,o,427.0,100.0,8219.0,93.0
218672,2012,37202.0,0.0,132.0,0.2129,0.2147,0.2195,0.2216,1.1296,o,383.0,120.0,8289.0,97.0
218672,2013,36771.0,0.0,160.0,0.2611,0.2599,0.2571,0.2558,0.9399,o,374.0,77.0,8400.0,101.0
218672,2014,36084.0,0.0,134.0,0.2228,0.2216,0.2184,0.217,0.9235,o,336.0,69.0,8534.0,107.0
218672,2015,33034.0,0.0,134.0,0.2434,0.2414,0.2362,0.234,0.8877,o,359.0,92.0,8728.0,111.0
218672,2016,34726.0,0.0,108.0,0.1866,0.1868,0.1871,0.1873,1.0113,o,287.0,97.0,8917.0,117.0
218672,2017,34171.0,0.0,168.0,0.295,0.2911,0.2812,0.2769,0.8259,o,320.0,95.0,8544.0,116.0
218672,2018,33557.0,0.0,144.0,0.2575,0.2573,0.2569,0.2567,0.9907,o,325.0,81.0,8659.0,116.0
218672,2019,31271.0,0.0,137.0,0.2629,0.2641,0.2674,0.2689,1.0708,o,334.0,90.0,9222.0,119.0
218672,2020,32909.0,0.0,152.0,0.2771,0.2778,0.2796,0.2804,1.0357,o,337.0,66.0,9084.0,90.0
218672,2021,38028.0,0.0,135.0,0.213,0.2133,0.2142,0.2146,1.0228,o,367.0,75.0,8822.0,80.0
218672,2022,36302.0,0.0,182.0,0.3008,0.3027,0.3076,0.3099,1.0939,o,341.0,49.0,8291.0,67.0
218672,2023,36495.0,0.0,154.0,0.2532,0.2526,0.2512,0.2505,0.9688,o,341.0,57.0,7824.0,52.0
218672,2024,43416.0,0.0,182.0,0.2515,0.2509,0.2492,0.2484,0.9633,o,347.0,59.0,7558.0,51.0
218681,1998,14515.0,0.0,89.0,0.3679,0.3675,0.3663,0.3658,0.9831,o,,,,
218681,1999,14330.0,0.0,94.0,0.3936,0.3902,0.3816,0.3778,0.8837,o,,,,
218681,2000,14060.0,0.0,93.0,0.3969,0.3999,0.408,0.4116,1.1166,o,,,,
218681,2001,14196.0,0.0,83.0,0.3508,0.3514,0.3529,0.3536,1.024,o,,,,
218681,2002,14034.0,0.0,90.0,0.3848,0.3813,0.3725,0.3686,0.8782,o,173.0,,4001.0,
218681,2003,13868.0,0.0,80.0,0.3461,0.3476,0.3513,0.353,1.0614,o,177.0,,5234.0,130.0
218681,2004,13561.0,0.0,86.0,0.3805,0.3825,0.3878,0.3902,1.0793,o,150.0,,6063.0,135.0
218681,2005,12052.0,0.0,94.0,0.468,0.4629,0.4503,0.4448,0.8571,o,168.0,,6532.0,153.0
218681,2006,13705.0,0.0,78.0,0.3415,0.3421,0.3438,0.3446,1.0275,o,224.0,36.0,6737.0,177.0
218681,2007,15553.0,0.0,62.0,0.2392,0.245,0.2606,0.2678,1.4088,o,254.0,48.0,7035.0,167.0
218681,2008,17908.0,0.0,55.0,0.1843,0.1876,0.1966,0.2007,1.2959,o,264.0,94.0,7123.0,187.0
218681,2009,18400.0,0.0,90.0,0.2935,0.2955,0.3009,0.3033,1.1046,o,286.0,67.0,7574.0,88.0
218681,2010,20208.0,0.0,121.0,0.3593,0.3618,0.3683,0.3712,1.1042,o,284.0,99.0,7902.0,70.0
218681,2011,24137.0,0.0,146.0,0.3629,0.3637,0.3659,0.3668,1.0327,o,327.0,108.0,8219.0,70.0
218681,2012,23304.0,0.0,147.0,0.3785,0.3821,0.3917,0.396,1.1474,o,336.0,114.0,8289.0,72.0
218681,2013,23085.0,0.0,172.0,0.447,0.45,0.4578,0.4613,1.0998,o,306.0,56.0,8400.0,72.0
218681,2014,22075.0,0.0,211.0,0.5735,0.5703,0.5621,0.5585,0.9231,o,269.0,100.0,8534.0,91.0
218681,2015,21129.0,0.0,222.0,0.6304,0.6227,0.6032,0.5947,0.838,o,258.0,73.0,8728.0,86.0
218681,2016,20886.0,0.0,150.0,0.4309,0.4277,0.4194,0.4158,0.8974,o,304.0,65.0,8917.0,84.0
218681,2017,21522.0,0.0,157.0,0.4377,0.4421,0.4536,0.4588,1.1537,o,241.0,56.0,8544.0,97.0
218681,2018,21071.0,0.0,189.0,0.5382,0.5324,0.5179,0.5116,0.8577,o,271.0,62.0,8659.0,89.0
218681,2019,20586.0,0.0,164.0,0.478,0.4778,0.4773,0.4771,0.9945,o,220.0,40.0,9222.0,90.0
218681,2020,18952.0,0.0,134.0,0.4242,0.4198,0.4085,0.4035,0.8594,o,215.0,49.0,9084.0,70.0
218681,2021,19502.0,0.0,91.0,0.28,0.2774,0.2708,0.268,0.8758,o,132.0,49.0,8822.0,87.0
218681,2022,15831.0,0.0,110.0,0.4169,0.4026,0.368,0.3536,0.6069,o,135.0,27.0,8291.0,87.0
218681,2023,13537.0,0.0,86.0,0.3812,0.3745,0.358,0.3509,0.7781,o,157.0,30.0,7824.0,74.0
218681,2024,13759.0,0.0,99.0,0.4317,0.4366,0.4496,0.4554,1.176,o,119.0,36.0,7558.0,73.0
218690,1998,27303.0,0.0,155.0,0.3406,0.3408,0.3413,0.3415,1.0075,o,,,,
218690,1999,24666.0,0.0,157.0,0.3819,0.3822,0.3831,0.3835,1.0129,o,,,,
218690,2000,24793.0,0.0,152.0,0.3678,0.3693,0.3731,0.3747,1.0579,o,,,,
218690,2001,24989.0,0.0,163.0,0.3914,0.3938,0.4002,0.4031,1.0936,o,,,,
218690,2002,24669.0,0.0,161.0,0.3916,0.3908,0.3888,0.388,0.9722,o,216.0,,4001.0,
218690,2003,24916.0,0.0,119.0,0.2866,0.2866,0.2866,0.2866,1.0,o,199.0,,5234.0,136.0
218690,2004,23656.0,0.0,70.0,0.1775,0.1767,0.1746,0.1736,0.9343,o,238.0,,6063.0,145.0
218690,2005,22570.0,0.0,74.0,0.1967,0.1986,0.2036,0.2058,1.147,o,216.0,,6532.0,159.0
218690,2006,22636.0,0.0,63.0,0.167,0.1669,0.1665,0.1664,0.9886,o,255.0,83.0,6737.0,161.0
218690,2007,22984.0,0.0,54.0,0.141,0.1421,0.1451,0.1465,1.1233,o,285.0,98.0,7035.0,161.0
218690,2008,25986.0,0.0,91.0,0.2101,0.2129,0.2204,0.2238,1.2102,o,245.0,111.0,7123.0,162.0
218690,2009,25863.0,0.0,56.0,0.1299,0.129,0.1268,0.1258,0.9074,o,319.0,108.0,7574.0,108.0
218690,2010,26527.0,0.0,71.0,0.1606,0.1627,0.1682,0.1707,1.2038,o,260.0,93.0,7902.0,95.0
218690,2011,26405.0,0.0,91.0,0.2068,0.2056,0.2026,0.2013,0.922,o,229.0,115.0,8219.0,108.0
218690,2012,22547.0,0.0,78.0,0.2076,0.2042,0.1958,0.1921,0.791,o,216.0,115.0,8289.0,106.0
218690,2013,20840.0,0.0,93.0,0.2678,0.2654,0.2596,0.257,0.8834,o,227.0,77.0,8400.0,110.0
218690,2014,21113.0,0.0,92.0,0.2615,0.2618,0.2628,0.2632,1.0202,o,216.0,106.0,8534.0,107.0
218690,2015,20556.0,0.0,103.0,0.3006,0.3001,0.2988,0.2982,0.9752,o,194.0,123.0,8728.0,120.0
218690,2016,19327.0,0.0,120.0,0.3725,0.3691,0.3604,0.3566,0.8758,o,219.0,116.0,8917.0,123.0
218690,2017,18392.0,0.0,112.0,0.3654,0.3671,0.3715,0.3734,1.0683,o,270.0,107.0,8544.0,143.0
218690,2018,22371.0,0.0,145.0,0.3889,0.3963,0.4159,0.4249,1.3075,o,255.0,113.0,8659.0,122.0
218690,2019,23404.0,0.0,133.0,0.341,0.342,0.3446,0.3457,1.0429,o,258.0,105.0,9222.0,128.0
218690,2020,25822.0,0.0,164.0,0.3811,0.3806,0.3794,0.3789,0.9829,o,240.0,49.0,9084.0,98.0
218690,2021,25480.0,0.0,159.0,0.3744,0.3727,0.3682,0.3663,0.9357,o,265.0,56.0,8822.0,91.0
218690,2022,25681.0,0.0,175.0,0.4089,0.4106,0.4153,0.4174,1.0643,o,207.0,78.0,8291.0,86.0
218690,2023,27565.0,0.0,175.0,0.3809,0.3757,0.3625,0.3567,0.8198,o,278.0,87.0,7824.0,75.0
218690,2024,29847.0,0.0,187.0,0.3759,0.3803,0.3916,0.3968,1.178,o,287.0,128.0,7558.0,69.0
218706,1998,6047.0,0.0,39.0,0.387,0.3865,0.3853,0.3847,0.9825,o,,,,
218706,1999,5057.0,0.0,25.0,0.2966,0.2991,0.3056,0.3085,1.126,o,,,,
218706,2000,5902.0,0.0,51.0,0.5185,0.5272,0.5502,0.5608,1.2683,o,,,,
218706,2001,5299.0,0.0,35.0,0.3963,0.3861,0.3611,0.3506,0.6897,o,,,,
218706,2002,5814.0,0.0,52.0,0.5366,0.5405,0.5507,0.5553,1.1094,o,83.0,,4001.0,
218706,2003,5929.0,0.0,45.0,0.4554,0.4656,0.4928,0.5055,1.3719,o,67.0,,5234.0,121.0
218706,2004,5941.0,0.0,59.0,0.5959,0.5901,0.5755,0.5691,0.8701,o,90.0,,6063.0,143.0
218706,2005,7660.0,0.0,56.0,0.4386,0.4443,0.4591,0.4658,1.2,o,72.0,,6532.0,142.0
218706,2006,6970.0,0.0,57.0,0.4907,0.4877,0.4802,0.4769,0.9172,o,82.0,26.0,6737.0,115.0
218706,2007,7942.0,0.0,48.0,0.3626,0.3629,0.3637,0.3641,1.0123,o,92.0,8.0,7035.0,123.0
218706,2008,8315.0,0.0,70.0,0.5051,0.5114,0.5281,0.5357,1.1948,o,87.0,23.0,7123.0,122.0
218706,2009,8141.0,0.0,54.0,0.398,0.398,0.398,0.398,1.0,o,119.0,28.0,7574.0,51.0
218706,2010,10265.0,0.0,47.0,0.2747,0.2803,0.295,0.3018,1.3296,o,88.0,32.0,7902.0,48.0
218706,2011,11890.0,0.0,49.0,0.2473,0.2446,0.2377,0.2348,0.8544,o,99.0,25.0,8219.0,44.0
218706,2012,11053.0,0.0,69.0,0.3746,0.3734,0.3704,0.3691,0.9565,o,102.0,25.0,8289.0,50.0
218706,2013,10527.0,0.0,72.0,0.4104,0.4129,0.4194,0.4223,1.0909,o,116.0,28.0,8400.0,66.0
218706,2014,11139.0,0.0,53.0,0.2855,0.2884,0.2959,0.2993,1.1542,o,141.0,17.0,8534.0,98.0
218706,2015,11719.0,0.0,50.0,0.256,0.2606,0.273,0.2787,1.2936,o,98.0,22.0,8728.0,84.0
218706,2016,11652.0,0.0,50.0,0.2575,0.2526,0.2406,0.2354,0.7626,o,102.0,14.0,8917.0,62.0
218706,2017,14271.0,0.0,62.0,0.2607,0.2578,0.2506,0.2474,0.8536,o,181.0,19.0,8544.0,65.0
218706,2018,16807.0,0.0,63.0,0.2249,0.2344,0.2609,0.2735,1.81,o,177.0,16.0,8659.0,67.0
218706,2019,19119.0,0.0,91.0,0.2856,0.2901,0.302,0.3075,1.2509,o,148.0,20.0,9222.0,76.0
218706,2020,21237.0,0.0,52.0,0.1469,0.145,0.1401,0.138,0.8268,o,132.0,10.0,9084.0,75.0
218706,2021,20761.0,0.0,117.0,0.3381,0.3332,0.321,0.3157,0.8123,o,147.0,19.0,8822.0,99.0
218706,2022,22473.0,0.0,97.0,0.259,0.2599,0.2622,0.2632,1.05,o,110.0,25.0,8291.0,73.0
218706,2023,18963.0,0.0,118.0,0.3734,0.3672,0.3518,0.3452,0.7885,o,124.0,33.0,7824.0,74.0
218706,2024,23452.0,0.0,121.0,0.3096,0.3088,0.3068,0.3059,0.965,o,129.0,16.0,7558.0,60.0
218724,1998,119230.0,527.0,0.0,0.5304,0.541,0.546,0.5528,1.0863,o,,,,
218724,1999,121523.0,636.0,0.0,0.628,0.6453,0.6534,0.6646,1.1199,o,,,,
218724,2000,122324.0,619.0,0.0,0.6072,0.6106,0.6121,0.6142,1.023,o,,,,
218724,2001,130814.0,657.0,0.0,0.6027,0.5924,0.5877,0.5814,0.9307,o,,,,
218724,2002,139409.0,691.0,0.0,0.5948,0.596,0.5966,0.5974,1.0087,o,1078.0,,6530.0,
218724,2003,149687.0,801.0,0.0,0.6421,0.6747,0.6902,0.7118,1.2288,o,1272.0,,7528.0,299.0
218724,2004,166980.0,768.0,0.0,0.5519,0.6091,0.6373,0.6778,1.5083,o,1323.0,,8740.0,329.0
218724,2005,176244.0,887.0,0.0,0.6039,0.6654,0.6956,0.739,1.4974,o,1498.0,,9947.0,366.0
218724,2006,184191.0,931.0,0.0,0.6065,0.6572,0.6819,0.717,1.3972,o,1474.0,615.0,10688.0,399.0
218724,2007,193766.0,1008.0,0.0,0.6243,0.6604,0.6777,0.702,1.2647,o,1652.0,658.0,11343.0,432.0
218724,2008,206342.0,1076.0,0.0,0.6258,0.6543,0.6679,0.6868,1.2046,o,1655.0,721.0,11121.0,437.0
218724,2009,218667.0,1223.0,0.0,0.6712,0.6973,0.7096,0.7267,1.1723,o,1775.0,754.0,12446.0,477.0
218724,2010,230385.0,1289.0,0.0,0.6714,0.6949,0.7059,0.7213,1.1541,o,2006.0,840.0,12794.0,465.0
218724,2011,241307.0,1379.0,0.0,0.6858,0.7178,0.733,0.7542,1.2095,o,2137.0,779.0,13108.0,489.0
218724,2012,252834.0,1399.0,0.0,0.664,0.7009,0.7185,0.7432,1.2528,o,2206.0,801.0,13280.0,507.0
218724,2013,252958.0,1510.0,0.0,0.7163,0.7581,0.778,0.806,1.2662,o,2095.0,779.0,13047.0,506.0
218724,2014,255531.0,1553.0,0.0,0.7293,0.7522,0.7629,0.7778,1.1375,o,2375.0,834.0,12850.0,511.0
218724,2015,270938.0,1648.0,0.0,0.7299,0.7433,0.7496,0.7582,1.0789,o,2368.0,791.0,13472.0,536.0
218724,2016,284300.0,1581.0,0.0,0.6673,0.6816,0.6882,0.6974,1.0921,o,2249.0,761.0,13651.0,555.0
218724,2017,287754.0,1821.0,0.0,0.7594,0.7724,0.7785,0.7868,1.0735,o,2390.0,787.0,13865.0,556.0
218724,2018,294319.0,1809.0,0.0,0.7376,0.7442,0.7472,0.7514,1.0378,o,2329.0,677.0,13958.0,545.0
218724,2019,291589.0,1892.0,0.0,0.7786,0.7777,0.7772,0.7767,0.9949,o,2304.0,717.0,14296.0,538.0
218724,2020,289705.0,1986.0,0.0,0.8226,0.8233,0.8236,0.8241,1.0035,o,2056.0,652.0,13991.0,542.0
218724,2021,278099.0,1920.0,0.0,0.8285,0.8162,0.8107,0.8032,0.9399,o,2519.0,744.0,13587.0,525.0
218724,2022,286738.0,1859.0,0.0,0.778,0.7722,0.7696,0.766,0.9695,o,2662.0,586.0,12770.0,499.0
218724,2023,290774.0,1852.0,0.0,0.7643,0.7851,0.7948,0.8082,1.1183,o,2775.0,681.0,12049.0,509.0
218724,2024,309505.0,1831.0,0.0,0.7099,0.7485,0.7669,0.7928,1.247,o,2677.0,711.0,11640.0,512.0
218733,1998,136050.0,563.0,0.0,0.4966,0.5143,0.5226,0.5341,1.157,o,,,,
218733,1999,137160.0,573.0,0.0,0.5013,0.4903,0.4853,0.4786,0.9116,o,,,,
218733,2000,117370.0,679.0,0.0,0.6942,0.6671,0.6551,0.639,0.8472,o,,,,
218733,2001,108405.0,583.0,0.0,0.6454,0.6263,0.6178,0.6063,0.8827,o,,,,
218733,2002,107590.0,619.0,0.0,0.6904,0.6701,0.661,0.6487,0.8829,o,716.0,,7095.0,
218733,2003,105893.0,631.0,0.0,0.7151,0.7042,0.6992,0.6925,0.938,o,810.0,,7742.0,208.0
218733,2004,107939.0,563.0,0.0,0.6259,0.6567,0.6714,0.6918,1.2218,o,960.0,,9237.0,257.0
218733,2005,111851.0,499.0,0.0,0.5354,0.5896,0.6163,0.6546,1.4949,o,1013.0,,9931.0,315.0
218733,2006,118964.0,515.0,0.0,0.5195,0.571,0.5962,0.6325,1.4823,o,881.0,222.0,10096.0,296.0
218733,2007,117625.0,474.0,0.0,0.4836,0.5093,0.5216,0.5387,1.2412,o,1318.0,201.0,11007.0,330.0
218733,2008,130205.0,554.0,0.0,0.5106,0.5379,0.5509,0.5691,1.2424,o,966.0,209.0,10709.0,320.0
218733,2009,121756.0,521.0,0.0,0.5135,0.5318,0.5405,0.5525,1.1576,o,723.0,218.0,11231.0,363.0
218733,2010,107526.0,565.0,0.0,0.6305,0.6134,0.6058,0.5954,0.8918,o,826.0,196.0,12096.0,416.0
218733,2011,112264.0,548.0,0.0,0.5858,0.5385,0.5182,0.4916,0.7044,o,829.0,206.0,12840.0,399.0
218733,2012,109192.0,583.0,0.0,0.6407,0.593,0.5724,0.5454,0.7246,o,664.0,183.0,12597.0,432.0
218733,2013,92532.0,546.0,0.0,0.7081,0.6874,0.6782,0.6657,0.884,o,566.0,143.0,12376.0,414.0
218733,2014,84273.0,567.0,0.0,0.8074,0.7639,0.7448,0.7195,0.7941,o,641.0,141.0,12871.0,415.0
218733,2015,80303.0,486.0,0.0,0.7262,0.6733,0.6503,0.6202,0.7293,o,494.0,103.0,13064.0,416.0
218733,2016,70932.0,427.0,0.0,0.7224,0.6764,0.6563,0.6298,0.7602,o,628.0,132.0,13078.0,410.0
218733,2017,70426.0,357.0,0.0,0.6083,0.595,0.589,0.581,0.9122,o,591.0,159.0,13283.0,416.0
218733,2018,68854.0,310.0,0.0,0.5403,0.5416,0.5421,0.543,1.0099,o,541.0,170.0,13385.0,410.0
218733,2019,67366.0,333.0,0.0,0.5932,0.5928,0.5926,0.5924,0.9974,o,371.0,168.0,13495.0,392.0
218733,2020,61720.0,330.0,0.0,0.6416,0.6105,0.5967,0.5785,0.8128,o,479.0,112.0,13293.0,391.0
218733,2021,54299.0,309.0,0.0,0.6829,0.6263,0.6019,0.5702,0.6973,o,586.0,96.0,12910.0,375.0
218733,2022,57685.0,319.0,0.0,0.6636,0.654,0.6496,0.6437,0.9408,o,902.0,118.0,12133.0,348.0
218733,2023,67490.0,232.0,0.0,0.4125,0.4639,0.4896,0.5269,1.6316,o,1079.0,126.0,11449.0,302.0
218733,2024,79602.0,268.0,0.0,0.404,0.495,0.5433,0.6168,2.3306,o,1042.0,125.0,11060.0,281.0
218742,1998,87181.0,508.0,55.0,0.7371,0.7758,0.7942,0.8201,1.2379,o,,,,
218742,1999,88138.0,524.0,52.0,0.7488,0.7799,0.7946,0.815,1.1847,o,,,,
218742,2000,92881.0,570.0,43.0,0.7642,0.7961,0.8112,0.8322,1.1858,o,,,,
218742,2001,97529.0,581.0,44.0,0.7419,0.7577,0.765,0.7751,1.0914,o,,,,
218742,2002,106931.0,632.0,44.0,0.7339,0.7356,0.7363,0.7374,1.0094,o,687.0,,6700.0,
218742,2003,116359.0,706.0,71.0,0.7647,0.782,0.7901,0.8012,1.0977,o,701.0,,8069.0,235.0
218742,2004,118852.0,722.0,61.0,0.7598,0.7916,0.8066,0.8275,1.1863,o,668.0,,8806.0,264.0
218742,2005,117276.0,839.0,41.0,0.8795,0.9105,0.925,0.9453,1.1553,o,749.0,,9754.0,275.0
218742,2006,122492.0,867.0,33.0,0.8655,0.8831,0.8913,0.9026,1.0875,o,798.0,604.0,10383.0,289.0
218742,2007,130342.0,910.0,0.0,0.8378,0.8599,0.8702,0.8845,1.1146,o,832.0,644.0,11061.0,298.0
218742,2008,135866.0,927.0,0.0,0.8187,0.8538,0.8703,0.8934,1.1906,o,728.0,780.0,11560.0,307.0
218742,2009,138571.0,997.0,0.0,0.8634,0.8835,0.8929,0.9059,1.1009,o,887.0,819.0,12247.0,262.0
218742,2010,146800.0,1026.0,0.0,0.8387,0.8474,0.8514,0.8569,1.044,o,894.0,827.0,12597.0,247.0
218742,2011,150761.0,1078.0,0.0,0.858,0.8765,0.8851,0.8969,1.0926,o,811.0,844.0,12901.0,245.0
218742,2012,147912.0,1092.0,0.0,0.8859,0.905,0.9139,0.9262,1.0929,o,806.0,808.0,13056.0,261.0
218742,2013,147707.0,1120.0,0.0,0.9099,0.9102,0.9103,0.9105,1.0012,o,782.0,690.0,13224.0,254.0
218742,2014,152595.0,1168.0,0.0,0.9185,0.8936,0.8824,0.8673,0.8916,o,801.0,848.0,13427.0,245.0
218742,2015,147536.0,1097.0,0.0,0.8923,0.8765,0.8694,0.8597,0.9284,o,830.0,928.0,13731.0,261.0
218742,2016,148795.0,1160.0,0.0,0.9355,0.9375,0.9383,0.9396,1.0087,o,762.0,757.0,14025.0,274.0
218742,2017,147406.0,1201.0,0.0,0.9777,0.9783,0.9786,0.9789,1.0025,o,879.0,861.0,14265.0,285.0
218742,2018,155572.0,1269.0,0.0,0.9788,0.9873,0.9912,0.9966,1.0366,o,1011.0,895.0,14357.0,271.0
218742,2019,158226.0,1274.0,0.0,0.9662,1.001,1.0174,1.0401,1.1588,o,881.0,796.0,14462.0,261.0
218742,2020,153647.0,1269.0,0.0,0.9911,1.033,1.0528,1.0805,1.1884,o,754.0,680.0,13892.0,242.0
218742,2021,145862.0,1138.0,0.0,0.9362,0.9354,0.935,0.9345,0.9963,o,597.0,682.0,13520.0,250.0
218742,2022,132322.0,1178.0,0.0,1.0683,0.9856,0.9499,0.9032,0.7148,o,688.0,552.0,12707.0,212.0
218742,2023,119836.0,1058.0,0.0,1.0594,0.9655,0.9253,0.8731,0.6792,o,674.0,655.0,11990.0,187.0
218742,2024,116813.0,1002.0,0.0,1.0293,0.9852,0.9656,0.9395,0.833,o,757.0,694.0,11583.0,179.0
218821,1998,20790.0,0.0,148.0,0.4271,0.4025,0.3975,0.3855,0.8146,o,,,,
218821,1999,18397.0,0.0,138.0,0.4501,0.4332,0.4297,0.4213,0.8763,o,,,,
218821,2000,14872.0,0.0,118.0,0.4761,0.444,0.4376,0.4221,0.7861,o,,,,
218821,2001,17252.0,0.0,89.0,0.3095,0.2923,0.2889,0.2805,0.8211,o,,,,
218821,2002,18344.0,0.0,0.0,0.0,0.0,0.0,0.0,1.1141,o,343.0,,13581.0,
218821,2003,19943.0,0.0,0.0,0.0,0.0,0.0,0.0,1.2775,o,414.0,,14054.0,318.0
218821,2004,22322.0,0.0,140.0,0.3763,0.398,0.4026,0.4145,1.2131,o,441.0,,14710.0,316.0
218821,2005,22838.0,0.0,159.0,0.4177,0.4353,0.439,0.4484,1.1523,o,415.0,,15004.0,328.0
218821,2006,22171.0,0.0,159.0,0.4303,0.4545,0.4596,0.4728,1.2073,o,458.0,22.0,15294.0,299.0
218821,2007,23966.0,0.0,163.0,0.4081,0.4253,0.429,0.4382,1.1532,o,440.0,23.0,15502.0,287.0
218821,2008,23407.0,0.0,195.0,0.4999,0.507,0.5085,0.5123,1.0503,o,445.0,25.0,16155.0,309.0
218821,2009,23283.0,0.0,167.0,0.4304,0.4345,0.4354,0.4376,1.0339,o,452.0,34.0,16965.0,310.0
218821,2010,24494.0,0.0,174.0,0.4262,0.4296,0.4303,0.432,1.0275,o,470.0,38.0,18509.0,347.0
218821,2011,23718.0,0.0,174.0,0.4402,0.4436,0.4443,0.446,1.0267,o,475.0,32.0,18962.0,337.0
218821,2012,24626.0,0.0,192.0,0.4678,0.4768,0.4787,0.4834,1.0678,o,460.0,35.0,19209.0,326.0
218821,2013,24634.0,0.0,202.0,0.492,0.498,0.4992,0.5023,1.0424,o,469.0,45.0,20203.0,369.0
218821,2014,24044.0,0.0,204.0,0.5091,0.5102,0.5104,0.511,1.0076,o,464.0,36.0,20730.0,371.0
218821,2015,23725.0,0.0,191.0,0.483,0.4812,0.4809,0.48,0.9873,o,440.0,27.0,20796.0,391.0
218821,2016,23342.0,0.0,206.0,0.5295,0.5244,0.5233,0.5207,0.9668,o,424.0,30.0,21650.0,394.0
218821,2017,22491.0,0.0,183.0,0.4882,0.478,0.476,0.4708,0.93,o,490.0,42.0,21289.0,381.0
218821,2018,23915.0,0.0,171.0,0.429,0.4265,0.4259,0.4246,0.9796,o,503.0,41.0,21012.0,374.0
218821,2019,26686.0,0.0,198.0,0.4452,0.4575,0.4601,0.4666,1.0985,o,513.0,50.0,20786.0,368.0
218821,2020,29420.0,0.0,209.0,0.4262,0.4468,0.4511,0.4622,1.1759,o,521.0,45.0,20806.0,381.0
218821,2021,34260.0,24.0,239.0,0.5026,0.5209,0.5248,0.5346,1.1313,o,507.0,58.0,20473.0,352.0
218821,2022,33687.0,26.0,235.0,0.5112,0.5163,0.5174,0.5201,1.0352,o,504.0,54.0,19747.0,347.0
218821,2023,30831.0,38.0,197.0,0.5313,0.5305,0.5304,0.53,0.9951,o,445.0,53.0,20030.0,398.0
218821,2024,29142.0,67.0,249.0,0.7886,0.7692,0.7652,0.7554,0.9178,o,479.0,105.0,19350.0,399.0
218830,1998,49448.0,0.0,265.0,0.3215,0.3261,0.3381,0.3436,1.2226,o,,,,
218830,1999,67533.0,0.0,228.0,0.2026,0.2034,0.2054,0.2064,1.0577,o,,,,
218830,2000,68134.0,0.0,273.0,0.2404,0.2385,0.2336,0.2314,0.891,o,,,,
218830,2001,71034.0,0.0,328.0,0.2771,0.2766,0.2756,0.2751,0.9793,o,,,,
218830,2002,79372.0,0.0,285.0,0.2154,0.2177,0.2235,0.2261,1.1577,o,931.0,,3014.0,
218830,2003,90606.0,0.0,347.0,0.2298,0.2326,0.24,0.2433,1.1898,o,860.0,,3623.0,117.0
218830,2004,96564.0,0.0,377.0,0.2342,0.2338,0.2328,0.2323,0.9751,o,917.0,,4411.0,112.0
218830,2005,96369.0,0.0,370.0,0.2304,0.2307,0.2317,0.2322,1.024,o,1124.0,,4516.0,131.0
218830,2006,104120.0,0.0,400.0,0.2305,0.2343,0.2445,0.2491,1.2651,o,979.0,324.0,4459.0,133.0
218830,2007,97222.0,0.0,345.0,0.2129,0.2123,0.2107,0.21,0.9593,o,1065.0,394.0,4679.0,133.0
218830,2008,105522.0,0.0,383.0,0.2178,0.218,0.2185,0.2187,1.0128,o,1067.0,367.0,4674.0,167.0
218830,2009,113283.0,0.0,415.0,0.2198,0.2205,0.2222,0.223,1.044,o,1295.0,518.0,4768.0,135.0
218830,2010,138525.0,0.0,386.0,0.1672,0.1695,0.1755,0.1783,1.2148,o,1277.0,473.0,4909.0,155.0
218830,2011,137704.0,0.0,433.0,0.1887,0.1897,0.1924,0.1936,1.0813,o,1205.0,394.0,4992.0,139.0
218830,2012,132320.0,0.0,509.0,0.2308,0.2298,0.2271,0.2259,0.937,o,1179.0,446.0,4947.0,143.0
218830,2013,129259.0,0.0,477.0,0.2214,0.2206,0.2186,0.2177,0.95,o,1251.0,493.0,4993.0,128.0
218830,2014,123298.0,0.0,546.0,0.2657,0.2666,0.2689,0.27,1.0495,o,1169.0,447.0,5108.0,133.0
218830,2015,115454.0,0.0,532.0,0.2765,0.2757,0.2738,0.273,0.9621,o,961.0,403.0,5144.0,139.0
218830,2016,104164.0,0.0,612.0,0.3525,0.3469,0.3328,0.3267,0.7942,o,909.0,362.0,5435.0,141.0
218830,2017,100603.0,0.0,548.0,0.3268,0.3232,0.3141,0.3102,0.8535,o,834.0,388.0,5482.0,143.0
218830,2018,96717.0,0.0,583.0,0.3617,0.3588,0.3515,0.3483,0.892,o,899.0,419.0,5601.0,163.0
218830,2019,96318.0,0.0,523.0,0.3258,0.3265,0.3283,0.3292,1.0316,o,933.0,405.0,5689.0,151.0
218830,2020,95352.0,0.0,552.0,0.3473,0.3491,0.3538,0.3559,1.0767,o,749.0,295.0,5748.0,147.0
218830,2021,88997.0,0.0,595.0,0.4011,0.3955,0.3815,0.3754,0.8177,o,1318.0,788.0,5722.0,144.0
218830,2022,130754.0,0.0,617.0,0.2831,0.2922,0.3168,0.3284,1.5672,o,1165.0,632.0,5378.0,74.0
218830,2023,135008.0,0.0,675.0,0.3,0.3025,0.3091,0.3121,1.1272,o,1211.0,558.0,5074.0,91.0
218830,2024,132771.0,0.0,793.0,0.3584,0.3577,0.3561,0.3554,0.9754,o,1245.0,658.0,5046.0,106.0
218858,1998,51507.0,0.0,198.0,0.2306,0.2305,0.2302,0.23,0.9921,o,,,,
218858,1999,49972.0,0.0,232.0,0.2786,0.2777,0.2755,0.2745,0.9568,o,,,,
218858,2000,43983.0,0.0,193.0,0.2633,0.2611,0.2556,0.2532,0.8886,o,,,,
218858,2001,52909.0,0.0,176.0,0.1996,0.2024,0.2097,0.213,1.2186,o,,,,
218858,2002,58032.0,0.0,186.0,0.1923,0.1984,0.2148,0.2226,1.5576,o,713.0,,2945.0,
218858,2003,64248.0,0.0,204.0,0.1905,0.193,0.1994,0.2023,1.1993,o,653.0,,3555.0,82.0
218858,2004,61881.0,0.0,236.0,0.2288,0.2277,0.2248,0.2235,0.9309,o,657.0,,4022.0,80.0
218858,2005,63128.0,0.0,239.0,0.2272,0.2265,0.225,0.2243,0.9619,o,567.0,,4024.0,84.0
218858,2006,61203.0,0.0,196.0,0.1921,0.1902,0.1853,0.1832,0.8656,o,439.0,208.0,4207.0,90.0
218858,2007,57323.0,0.0,220.0,0.2303,0.225,0.2119,0.2064,0.7173,o,548.0,251.0,4386.0,115.0
218858,2008,65896.0,0.0,216.0,0.1967,0.1979,0.2009,0.2023,1.0895,o,569.0,244.0,4244.0,108.0
218858,2009,68349.0,0.0,251.0,0.2203,0.2225,0.2283,0.2309,1.153,o,809.0,283.0,4316.0,87.0
218858,2010,89821.0,0.0,228.0,0.1523,0.1563,0.1671,0.1721,1.4485,o,867.0,296.0,4746.0,75.0
218858,2011,92407.0,0.0,206.0,0.1338,0.1359,0.1417,0.1443,1.2583,o,901.0,331.0,4718.0,88.0
218858,2012,93559.0,0.0,308.0,0.1975,0.1985,0.2011,0.2023,1.0752,o,914.0,340.0,4730.0,85.0
218858,2013,93246.0,0.0,302.0,0.1943,0.1948,0.196,0.1965,1.0339,o,786.0,283.0,4802.0,97.0
218858,2014,85778.0,0.0,317.0,0.2217,0.2195,0.2139,0.2115,0.8661,o,659.0,224.0,5021.0,107.0
218858,2015,78407.0,0.0,351.0,0.2686,0.2639,0.252,0.247,0.7753,o,728.0,81.0,5672.0,114.0
218858,2016,74786.0,0.0,326.0,0.2615,0.2617,0.262,0.2622,1.0076,o,713.0,70.0,5809.0,116.0
218858,2017,75895.0,0.0,325.0,0.2569,0.2574,0.2587,0.2593,1.0281,o,789.0,113.0,5914.0,109.0
218858,2018,77946.0,0.0,369.0,0.284,0.2859,0.2906,0.2927,1.0951,o,733.0,97.0,6229.0,92.0
218858,2019,75646.0,0.0,353.0,0.28,0.2795,0.2783,0.2778,0.976,o,652.0,97.0,6304.0,98.0
218858,2020,70102.0,0.0,320.0,0.2739,0.2709,0.2635,0.2603,0.8568,o,505.0,61.0,6670.0,96.0
218858,2021,60027.0,0.0,335.0,0.3348,0.3275,0.3094,0.3017,0.7292,o,445.0,54.0,6671.0,85.0
218858,2022,58944.0,0.0,359.0,0.3654,0.3588,0.3422,0.3351,0.7692,o,696.0,135.0,6270.0,80.0
218858,2023,64873.0,0.0,374.0,0.3459,0.3553,0.3806,0.3924,1.4653,o,652.0,83.0,5916.0,52.0
218858,2024,60322.0,0.0,352.0,0.3501,0.3534,0.362,0.3659,1.1429,o,528.0,49.0,5715.0,39.0
218885,1998,74095.0,0.0,384.0,0.311,0.3106,0.3096,0.3092,0.9831,o,,,,
218885,1999,78644.0,0.0,346.0,0.264,0.2667,0.2739,0.2772,1.1595,o,,,,
218885,2000,77975.0,0.0,390.0,0.3001,0.2995,0.2981,0.2974,0.9733,o,,,,
218885,2001,80102.0,0.0,385.0,0.2884,0.2888,0.2898,0.2903,1.0202,o,,,,
218885,2002,85451.0,0.0,403.0,0.283,0.2862,0.2946,0.2984,1.1745,o,1130.0,,2945.0,
218885,2003,96702.0,0.0,430.0,0.2668,0.272,0.2857,0.292,1.3147,o,1226.0,,3436.0,84.0
218885,2004,105204.0,0.0,486.0,0.2772,0.2807,0.2901,0.2944,1.2008,o,1249.0,,4063.0,85.0
218885,2005,106861.0,0.0,470.0,0.2639,0.265,0.2678,0.269,1.0603,o,1314.0,,4098.0,89.0
218885,2006,105992.0,0.0,460.0,0.2604,0.2615,0.2643,0.2656,1.0618,o,1312.0,344.0,4266.0,99.0
218885,2007,113905.0,0.0,414.0,0.2181,0.2184,0.2194,0.2198,1.0238,o,1297.0,344.0,4319.0,99.0
218885,2008,121723.0,0.0,511.0,0.2519,0.2517,0.2511,0.2509,0.9878,o,1451.0,475.0,4352.0,115.0
218885,2009,139965.0,0.0,485.0,0.2079,0.2095,0.2135,0.2153,1.1123,o,1846.0,501.0,4403.0,113.0
218885,2010,168965.0,0.0,554.0,0.1967,0.2008,0.2118,0.2169,1.3435,o,1899.0,458.0,4529.0,122.0
218885,2011,170937.0,0.0,598.0,0.2099,0.212,0.2175,0.2199,1.152,o,1980.0,492.0,4697.0,160.0
218885,2012,158942.0,0.0,597.0,0.2254,0.2262,0.2285,0.2296,1.0574,o,1975.0,412.0,4857.0,162.0
218885,2013,155216.0,0.0,650.0,0.2513,0.2516,0.2524,0.2528,1.0183,o,2034.0,430.0,4877.0,153.0
218885,2014,156253.0,0.0,993.0,0.3813,0.3821,0.384,0.3849,1.0286,o,2042.0,358.0,4929.0,142.0
218885,2015,151204.0,0.0,867.0,0.344,0.3445,0.3456,0.3461,1.0187,o,2038.0,339.0,5029.0,145.0
218885,2016,145861.0,0.0,799.0,0.3287,0.3287,0.3287,0.3287,1.0,o,1952.0,312.0,5143.0,145.0
218885,2017,145253.0,0.0,791.0,0.3267,0.3257,0.3232,0.322,0.9569,o,1982.0,353.0,5163.0,155.0
218885,2018,143773.0,0.0,936.0,0.3906,0.3904,0.39,0.3898,0.9935,o,2098.0,288.0,5199.0,144.0
218885,2019,143922.0,0.0,845.0,0.3523,0.3539,0.358,0.3598,1.0666,o,2192.0,352.0,5279.0,140.0
218885,2020,147320.0,0.0,831.0,0.3384,0.3402,0.3446,0.3466,1.0745,o,1987.0,248.0,5346.0,139.0
218885,2021,137817.0,0.0,883.0,0.3844,0.3824,0.3771,0.3748,0.9263,o,2046.0,280.0,5192.0,118.0
218885,2022,140675.0,0.0,820.0,0.3497,0.3492,0.3479,0.3473,0.9792,o,2059.0,264.0,4880.0,77.0
218885,2023,142263.0,0.0,894.0,0.377,0.3776,0.379,0.3797,1.0211,o,2009.0,324.0,4604.0,74.0
218885,2024,143131.0,0.0,856.0,0.3588,0.3583,0.3569,0.3563,0.9788,o,2242.0,308.0,4448.0,99.0
218894,1998,184954.0,0.0,745.0,0.2417,0.2406,0.2378,0.2365,0.9369,o,,,,
218894,1999,189562.0,0.0,713.0,0.2257,0.2265,0.2287,0.2297,1.0553,o,,,,
218894,2000,199183.0,0.0,789.0,0.2377,0.2415,0.2515,0.2561,1.2539,o,,,,
218894,2001,216671.0,0.0,848.0,0.2348,0.2348,0.2347,0.2347,0.9987,o,,,,
218894,2002,236401.0,0.0,884.0,0.2244,0.2233,0.2205,0.2193,0.9327,o,3309.0,,4244.0,
218894,2003,256413.0,0.0,982.0,0.2298,0.2431,0.2809,0.2996,2.2335,o,2099.0,,3555.0,77.0
218894,2004,259588.0,0.0,956.0,0.221,0.219,0.2141,0.2119,0.881,o,2094.0,,4056.0,92.0
218894,2005,254622.0,0.0,920.0,0.2168,0.2129,0.2034,0.1993,0.7744,o,1901.0,,4327.0,135.0
218894,2006,245596.0,0.0,996.0,0.2433,0.2417,0.2374,0.2356,0.9067,o,2194.0,809.0,4596.0,153.0
218894,2007,250054.0,0.0,998.0,0.2395,0.241,0.2452,0.247,1.0984,o,2229.0,751.0,4709.0,161.0
218894,2008,260828.0,0.0,914.0,0.2103,0.2115,0.2148,0.2162,1.0886,o,2255.0,845.0,4712.0,167.0
218894,2009,290366.0,0.0,1075.0,0.2221,0.2224,0.2232,0.2236,1.0197,o,2850.0,1130.0,4791.0,155.0
218894,2010,347305.0,0.0,1064.0,0.1838,0.1869,0.1952,0.199,1.2712,o,2900.0,1449.0,4932.0,159.0
218894,2011,372062.0,0.0,1203.0,0.194,0.1957,0.2003,0.2023,1.1361,o,3133.0,1482.0,4928.0,150.0
218894,2012,390077.0,0.0,1250.0,0.1923,0.1934,0.1964,0.1978,1.0897,o,2958.0,1623.0,4898.0,160.0
218894,2013,393755.0,0.0,1648.0,0.2511,0.2508,0.2499,0.2495,0.9806,o,2768.0,144.0,4959.0,155.0
218894,2014,383564.0,0.0,1612.0,0.2522,0.2505,0.2462,0.2443,0.9089,o,2403.0,98.0,5032.0,158.0
218894,2015,356312.0,0.0,1717.0,0.2891,0.2856,0.2767,0.2729,0.8393,o,2440.0,825.0,5146.0,156.0
218894,2016,319721.0,0.0,1667.0,0.3128,0.3116,0.3083,0.3069,0.9437,o,1956.0,1126.0,5236.0,172.0
218894,2017,279982.0,0.0,1727.0,0.3701,0.3646,0.3509,0.3449,0.8078,o,2203.0,991.0,5297.0,174.0
218894,2018,268515.0,0.0,1541.0,0.3443,0.3444,0.3445,0.3446,1.0023,o,2198.0,1442.0,5476.0,166.0
218894,2019,251755.0,0.0,1327.0,0.3163,0.3175,0.3207,0.3221,1.057,o,1918.0,1035.0,5553.0,158.0
218894,2020,253070.0,0.0,1323.0,0.3137,0.3107,0.3031,0.2998,0.8716,o,1806.0,1044.0,5587.0,135.0
218894,2021,237418.0,0.0,1346.0,0.3402,0.3371,0.3292,0.3258,0.8776,o,1866.0,1032.0,5425.0,113.0
218894,2022,234998.0,0.0,1438.0,0.3672,0.3672,0.3673,0.3674,1.0021,o,1954.0,1068.0,5099.0,106.0
218894,2023,253919.0,0.0,1410.0,0.3332,0.3346,0.3384,0.3401,1.0643,o,2464.0,1004.0,4724.0,82.0
218894,2024,287386.0,0.0,1637.0,0.3418,0.3479,0.3642,0.3717,1.2901,o,2184.0,1162.0,4564.0,73.0
218919,1998,21518.0,152.0,0.0,0.8477,0.8652,0.8689,0.8782,1.0734,o,,,,
218919,1999,20392.0,210.0,0.0,1.2358,1.2594,1.2644,1.2769,1.0676,o,,,,
218919,2004,25344.0,143.0,0.0,0.6771,0.7841,0.8082,0.8719,1.6583,o,189.0,,11784.0,305.0
218919,2005,22588.0,154.0,0.0,0.8181,0.9486,0.978,1.0558,1.6654,o,122.0,,11438.0,317.0
218919,2006,19820.0,169.0,0.0,1.0232,1.0421,1.046,1.056,1.0651,o,137.0,27.0,11072.0,270.0
218919,2007,10595.0,170.0,0.0,1.9254,1.6999,1.6566,1.5532,0.6508,o,111.0,35.0,11282.0,529.0
218919,2008,18551.0,124.0,0.0,0.8021,0.6801,0.6573,0.6036,0.5662,o,146.0,28.0,10916.0,294.0
218919,2009,17509.0,131.0,0.0,0.8978,0.8495,0.8398,0.8162,0.8264,o,279.0,35.0,12998.0,323.0
218919,2010,21134.0,110.0,0.0,0.6246,0.7211,0.7428,0.8001,1.6409,o,241.0,34.0,14529.0,373.0
218919,2011,22090.0,108.0,0.0,0.5867,0.7272,0.7602,0.8495,2.0968,o,137.0,57.0,15048.0,365.0
218919,2012,20142.0,92.0,0.0,0.5481,0.613,0.6274,0.6647,1.4708,o,188.0,52.0,14667.0,350.0
218919,2013,19728.0,131.0,0.0,0.7968,0.7372,0.7254,0.6968,0.7647,o,141.0,84.0,14411.0,355.0
218919,2014,15362.0,117.0,0.0,0.9139,0.8003,0.7786,0.727,0.6327,o,138.0,23.0,14193.0,360.0
218919,2015,14396.0,73.0,0.0,0.6085,0.5572,0.5471,0.5228,0.7381,o,105.0,29.0,14073.0,328.0
218919,2016,12938.0,70.0,0.0,0.6493,0.5967,0.5864,0.5614,0.7477,o,150.0,21.0,16374.0,408.0
218919,2017,12755.0,84.0,0.0,0.7903,0.734,0.7229,0.6957,0.7751,o,176.0,41.0,16101.0,400.0
218919,2018,15087.0,65.0,0.0,0.517,0.5409,0.546,0.5589,1.1685,o,149.0,29.0,15740.0,401.0
218919,2019,15222.0,79.0,0.0,0.6228,0.6776,0.6895,0.7202,1.3374,o,163.0,16.0,15411.0,407.0
218919,2020,15219.0,87.0,0.0,0.686,0.7273,0.7362,0.7588,1.2235,o,56.0,22.0,15181.0,386.0
218919,2021,12705.0,75.0,0.0,0.7084,0.6312,0.6163,0.5806,0.6718,o,81.0,30.0,14742.0,329.0
218919,2022,12923.0,97.0,0.0,0.9007,0.7011,0.6657,0.5848,0.4215,o,137.0,107.0,13856.0,322.0
218919,2023,11288.0,70.0,0.0,0.7442,0.6707,0.6564,0.622,0.6987,o,129.0,41.0,13074.0,349.0
218955,1998,13568.0,0.0,30.0,0.1327,0.1319,0.13,0.1292,0.9226,o,,,,
218955,1999,20280.0,0.0,50.0,0.1479,0.1453,0.1386,0.1358,0.7712,o,,,,
218955,2000,15380.0,0.0,36.0,0.1404,0.143,0.1498,0.1529,1.295,o,,,,
218955,2001,14148.0,0.0,16.0,0.0679,0.0675,0.0665,0.066,0.9199,o,,,,
218955,2002,12386.0,0.0,38.0,0.1841,0.1777,0.1623,0.1559,0.6047,o,112.0,,2979.0,
218955,2003,13918.0,0.0,32.0,0.138,0.138,0.1381,0.1382,1.0045,o,138.0,,3555.0,30.0
218955,2004,14109.0,0.0,38.0,0.1616,0.1651,0.1745,0.1788,1.3596,o,129.0,,4428.0,40.0
218955,2005,13341.0,0.0,42.0,0.1889,0.1893,0.1904,0.1909,1.032,o,158.0,,4333.0,82.0
218955,2006,13474.0,0.0,57.0,0.2538,0.2568,0.2647,0.2683,1.1835,o,151.0,28.0,4194.0,49.0
218955,2007,14200.0,0.0,59.0,0.2493,0.2502,0.2525,0.2535,1.0523,o,226.0,44.0,4280.0,74.0
218955,2008,13363.0,0.0,56.0,0.2514,0.2582,0.2765,0.2851,1.4628,o,196.0,39.0,4141.0,56.0
218955,2009,15181.0,0.0,50.0,0.1976,0.1982,0.1996,0.2002,1.0398,o,232.0,38.0,4233.0,44.0
218955,2010,18875.0,0.0,62.0,0.1971,0.1984,0.2018,0.2034,1.0995,o,208.0,45.0,4349.0,39.0
218955,2011,17205.0,0.0,69.0,0.2406,0.2401,0.2389,0.2384,0.972,o,195.0,51.0,4556.0,22.0
218955,2012,14407.0,0.0,93.0,0.3873,0.3841,0.3758,0.3722,0.8864,o,228.0,53.0,4678.0,33.0
218955,2013,14945.0,0.0,61.0,0.2449,0.247,0.2526,0.2551,1.1315,o,277.0,42.0,4732.0,38.0
218955,2014,15180.0,0.0,64.0,0.253,0.2578,0.2706,0.2765,1.3097,o,257.0,39.0,4806.0,37.0
218955,2015,14609.0,0.0,53.0,0.2177,0.2179,0.2186,0.2189,1.0178,o,254.0,26.0,4903.0,43.0
218955,2016,13713.0,0.0,64.0,0.28,0.279,0.2766,0.2755,0.9513,o,210.0,26.0,5196.0,51.0
218955,2017,13115.0,0.0,50.0,0.2287,0.2256,0.2178,0.2144,0.8219,o,103.0,31.0,5201.0,42.0
218955,2018,14982.0,0.0,48.0,0.1922,0.1816,0.1569,0.147,0.444,o,89.0,54.0,5264.0,27.0
218955,2019,15230.0,0.0,39.0,0.1536,0.1477,0.1334,0.1275,0.5687,o,103.0,70.0,5330.0,
218955,2020,14740.0,0.0,54.0,0.2198,0.2209,0.2237,0.225,1.0729,o,64.0,50.0,5394.0,
218955,2021,12024.0,0.0,37.0,0.1846,0.1795,0.1668,0.1615,0.6667,o,86.0,48.0,5463.0,23.0
218955,2022,10162.0,0.0,64.0,0.3779,0.3787,0.3807,0.3816,1.0299,o,109.0,40.0,4924.0,52.0
218955,2023,13102.0,0.0,56.0,0.2564,0.2632,0.2816,0.2901,1.4533,o,77.0,50.0,4646.0,27.0
218955,2024,12560.0,0.0,50.0,0.2389,0.2349,0.2252,0.221,0.7897,o,113.0,56.0,4488.0,
218964,1998,119084.0,717.0,0.0,0.7225,0.7459,0.7568,0.7721,1.1418,o,,,,
218964,1999,120634.0,671.0,0.0,0.6675,0.6796,0.6852,0.6929,1.0777,o,,,,
218964,2000,131587.0,769.0,0.0,0.7013,0.7119,0.7169,0.7237,1.0648,o,,,,
218964,2001,131825.0,734.0,0.0,0.6682,0.6813,0.6874,0.6958,1.0843,o,,,,
218964,2002,137064.0,754.0,0.0,0.6601,0.6599,0.6599,0.6598,0.9989,o,1086.0,,8086.0,
218964,2003,145046.0,845.0,0.0,0.6991,0.7099,0.7149,0.7217,1.0659,o,1074.0,,9516.0,195.0
218964,2004,149083.0,881.0,0.0,0.7091,0.7334,0.7449,0.7607,1.1508,o,1001.0,,11031.0,239.0
218964,2005,147726.0,872.0,0.0,0.7083,0.7383,0.7525,0.7722,1.1884,o,1017.0,,12580.0,283.0
218964,2006,146347.0,997.0,0.0,0.8175,0.8267,0.831,0.8368,1.0478,o,1183.0,308.0,13643.0,305.0
218964,2007,147401.0,994.0,0.0,0.8092,0.8128,0.8144,0.8167,1.0185,o,1074.0,292.0,14367.0,322.0
218964,2008,144389.0,930.0,0.0,0.7729,0.7887,0.796,0.8061,1.0877,o,1075.0,330.0,14941.0,336.0
218964,2009,145101.0,879.0,0.0,0.7269,0.738,0.7431,0.7502,1.0649,o,1060.0,314.0,15913.0,364.0
218964,2010,145013.0,908.0,0.0,0.7514,0.746,0.7435,0.7402,0.9705,o,961.0,330.0,16591.0,364.0
218964,2011,142365.0,937.0,0.0,0.7898,0.7691,0.7599,0.7474,0.8954,o,983.0,359.0,16997.0,373.0
218964,2012,142599.0,969.0,0.0,0.8154,0.796,0.7873,0.7756,0.9046,o,1143.0,394.0,17220.0,376.0
218964,2013,144182.0,964.0,0.0,0.8023,0.8015,0.8011,0.8006,0.9958,o,1096.0,367.0,17734.0,373.0
218964,2014,143293.0,934.0,0.0,0.7822,0.8016,0.8107,0.8233,1.1079,o,1019.0,333.0,17998.0,371.0
218964,2015,142662.0,894.0,0.0,0.752,0.7674,0.7745,0.7844,1.088,o,1090.0,357.0,18384.0,374.0
218964,2016,144951.0,959.0,0.0,0.7939,0.7924,0.7917,0.7907,0.992,o,1072.0,357.0,18741.0,366.0
218964,2017,145485.0,1006.0,0.0,0.8298,0.8228,0.8197,0.8154,0.9656,o,1050.0,322.0,18880.0,362.0
218964,2018,143247.0,1008.0,0.0,0.8444,0.8451,0.8454,0.8458,1.0033,o,991.0,295.0,18968.0,351.0
218964,2019,137330.0,995.0,0.0,0.8694,0.8626,0.8595,0.8553,0.9678,o,1073.0,293.0,19194.0,357.0
218964,2020,135824.0,998.0,0.0,0.8817,0.872,0.8675,0.8615,0.9547,o,964.0,241.0,18998.0,379.0
218964,2021,127531.0,998.0,0.0,0.9391,0.9299,0.9257,0.9201,0.9599,o,818.0,245.0,18484.0,367.0
218964,2022,114370.0,881.0,0.0,0.9244,0.8947,0.8815,0.8637,0.8731,o,709.0,230.0,17384.0,319.0
218964,2023,102924.0,821.0,0.0,0.9572,0.8904,0.8614,0.8233,0.7398,o,867.0,268.0,16424.0,300.0
218964,2024,102717.0,812.0,0.0,0.9486,0.892,0.8671,0.8344,0.7737,o,900.0,320.0,15956.0,252.0
218973,1998,34118.0,268.0,0.0,0.9426,0.9473,0.9482,0.9507,1.0172,o,,,,
218973,1999,34176.0,252.0,0.0,0.8848,0.887,0.8874,0.8885,1.0084,o,,,,
218973,2000,34176.0,253.0,0.0,0.8883,0.9011,0.9037,0.9104,1.0503,o,,,,
218973,2001,35154.0,245.0,0.0,0.8363,0.8456,0.8476,0.8524,1.0389,o,,,,
218973,2002,33734.0,265.0,0.0,0.9427,0.9476,0.9487,0.9513,1.0183,o,297.0,,32332.0,
218973,2003,32409.0,253.0,0.0,0.9368,0.9341,0.9335,0.9321,0.9901,o,330.0,,32993.0,568.0
218973,2004,36321.0,247.0,0.0,0.8161,0.8206,0.8216,0.824,1.0195,o,323.0,,34179.0,589.0
218973,2005,33845.0,263.0,0.0,0.9325,0.9506,0.9544,0.964,1.0687,o,321.0,,35894.0,907.0
218973,2006,34288.0,279.0,0.0,0.9764,0.9967,1.0009,1.0116,1.0733,o,378.0,19.0,37596.0,931.0
218973,2007,40706.0,278.0,0.0,0.8195,0.8458,0.8513,0.8653,1.1148,o,385.0,16.0,39487.0,652.0
218973,2008,43388.0,296.0,0.0,0.8187,0.8565,0.8645,0.8849,1.1685,o,415.0,17.0,40724.0,692.0
218973,2009,47117.0,297.0,0.0,0.7564,0.8055,0.8161,0.8431,1.2422,o,392.0,18.0,42394.0,683.0
218973,2010,49001.0,318.0,0.0,0.7788,0.8119,0.8189,0.8368,1.1545,o,431.0,20.0,43285.0,660.0
218973,2011,49813.0,367.0,0.0,0.8841,0.9037,0.9078,0.9182,1.0786,o,446.0,19.0,44265.0,670.0
218973,2012,51309.0,332.0,0.0,0.7765,0.7974,0.8019,0.813,1.0962,o,438.0,27.0,45159.0,671.0
218973,2013,52485.0,391.0,0.0,0.894,0.9179,0.9229,0.9356,1.0954,o,415.0,19.0,46193.0,694.0
218973,2014,51579.0,411.0,0.0,0.9562,0.9662,0.9683,0.9735,1.0365,o,487.0,9.0,46759.0,693.0
218973,2015,53363.0,427.0,0.0,0.9602,0.9681,0.9697,0.9738,1.0285,o,442.0,21.0,48459.0,692.0
218973,2016,52307.0,386.0,0.0,0.8855,0.8984,0.9011,0.9078,1.0509,o,440.0,19.0,50179.0,721.0
218973,2017,53156.0,405.0,0.0,0.9143,0.9232,0.9251,0.9297,1.034,o,452.0,17.0,51304.0,693.0
218973,2018,53340.0,432.0,0.0,0.9719,0.9687,0.9681,0.9665,0.9889,o,465.0,21.0,52287.0,697.0
218973,2019,53333.0,396.0,0.0,0.891,0.8877,0.887,0.8852,0.9871,o,474.0,16.0,53671.0,689.0
218973,2020,52986.0,409.0,0.0,0.9263,0.9433,0.9468,0.9557,1.0646,o,496.0,21.0,54941.0,711.0
218973,2021,53794.0,401.0,0.0,0.8945,0.9165,0.9212,0.9328,1.0874,o,459.0,22.0,55619.0,781.0
218973,2022,54174.0,421.0,0.0,0.9326,0.9436,0.9459,0.9517,1.0414,o,507.0,31.0,54358.0,690.0
218973,2023,56494.0,425.0,0.0,0.9028,0.9102,0.9118,0.9156,1.0288,o,510.0,30.0,53341.0,638.0
218973,2024,58191.0,452.0,0.0,0.9321,0.945,0.9477,0.9544,1.0485,o,427.0,22.0,54100.0,605.0
218991,1998,71858.0,0.0,294.0,0.2455,0.2452,0.2445,0.2442,0.9838,o,,,,
218991,1999,69355.0,0.0,307.0,0.2656,0.264,0.2598,0.258,0.9162,o,,,,
218991,2000,73500.0,0.0,252.0,0.2057,0.207,0.2104,0.2119,1.0936,o,,,,
218991,2001,74776.0,0.0,248.0,0.199,0.199,0.1991,0.1991,1.002,o,,,,
218991,2002,79350.0,0.0,251.0,0.1898,0.1889,0.1866,0.1856,0.934,o,810.0,,2966.0,
218991,2003,84592.0,0.0,261.0,0.1851,0.1866,0.1905,0.1923,1.1219,o,827.0,,3582.0,83.0
218991,2004,88530.0,0.0,282.0,0.1911,0.1923,0.1953,0.1967,1.0903,o,754.0,,4537.0,110.0
218991,2005,87755.0,0.0,262.0,0.1791,0.1781,0.1755,0.1743,0.9212,o,786.0,,4645.0,118.0
218991,2006,92318.0,0.0,325.0,0.2112,0.2111,0.2109,0.2108,0.9943,o,1032.0,433.0,4668.0,111.0
218991,2007,96962.0,0.0,394.0,0.2438,0.2489,0.2623,0.2685,1.3403,o,984.0,443.0,4664.0,108.0
218991,2008,108240.0,0.0,360.0,0.1996,0.2007,0.2036,0.2048,1.0825,o,1072.0,473.0,4571.0,96.0
218991,2009,117438.0,0.0,402.0,0.2054,0.2063,0.2086,0.2096,1.0635,o,1382.0,590.0,4667.0,95.0
218991,2010,140897.0,0.0,442.0,0.1882,0.1922,0.2027,0.2075,1.3444,o,1210.0,536.0,4792.0,72.0
218991,2011,134283.0,0.0,503.0,0.2247,0.2245,0.224,0.2237,0.9861,o,1201.0,468.0,4880.0,57.0
218991,2012,120126.0,0.0,463.0,0.2313,0.23,0.2269,0.2255,0.9267,o,1049.0,384.0,4936.0,87.0
218991,2013,107156.0,0.0,442.0,0.2475,0.2451,0.239,0.2364,0.8702,o,1266.0,466.0,5411.0,112.0
218991,2014,115166.0,0.0,470.0,0.2449,0.2469,0.2522,0.2546,1.1253,o,1101.0,427.0,5457.0,117.0
218991,2015,111530.0,0.0,517.0,0.2781,0.2772,0.2747,0.2736,0.9512,o,1083.0,414.0,5536.0,134.0
218991,2016,103710.0,0.0,541.0,0.313,0.311,0.3061,0.304,0.9151,o,1045.0,398.0,5625.0,142.0
218991,2017,102552.0,0.0,494.0,0.289,0.2881,0.2859,0.2849,0.957,o,1091.0,365.0,5691.0,136.0
218991,2018,101336.0,0.0,605.0,0.3582,0.3588,0.3605,0.3612,1.0254,o,964.0,327.0,5555.0,144.0
218991,2019,95128.0,0.0,666.0,0.4201,0.4171,0.4094,0.4061,0.9026,o,997.0,363.0,5878.0,160.0
218991,2020,100783.0,0.0,694.0,0.4132,0.4123,0.4101,0.4091,0.9703,o,862.0,323.0,6016.0,129.0
218991,2021,91407.0,0.0,666.0,0.4372,0.4332,0.4233,0.419,0.8791,o,799.0,311.0,5877.0,134.0
218991,2022,89162.0,0.0,673.0,0.4529,0.4481,0.4361,0.4308,0.8596,o,1005.0,283.0,5540.0,110.0
218991,2023,96760.0,0.0,594.0,0.3683,0.3733,0.3863,0.3923,1.2101,o,1060.0,311.0,5706.0,73.0
218991,2024,101755.0,0.0,650.0,0.3833,0.3876,0.3991,0.4042,1.1752,o,1116.0,306.0,5512.0,35.0
251312,1998,10320.0,0.0,37.0,0.2151,0.2151,0.2151,0.2151,,-,,,,
251312,1999,10488.0,0.0,40.0,0.2288,0.2288,0.2288,0.2288,,-,,,,
251312,2000,7492.0,0.0,41.0,0.3284,0.3284,0.3284,0.3284,,-,,,,
251312,2001,7611.0,0.0,46.0,0.3626,0.3626,0.3626,0.3626,,-,,,,
251312,2002,9243.0,0.0,42.0,0.2726,0.2726,0.2726,0.2726,,-,28.0,,15044.0,
251312,2003,9376.0,0.0,48.0,0.3072,0.3072,0.3072,0.3072,,-,32.0,,16288.0,551.0
251312,2004,10049.0,0.0,45.0,0.2687,0.2687,0.2687,0.2687,,-,13.0,,16890.0,664.0
251312,2005,11477.0,19.0,53.0,0.4757,0.4757,0.4757,0.4757,,-,30.0,,17842.0,688.0
251312,2006,12424.0,26.0,57.0,0.5264,0.5264,0.5264,0.5264,,-,38.0,66.0,17879.0,776.0
251312,2008,20546.0,39.0,50.0,0.3738,0.3738,0.3738,0.3738,,-,45.0,126.0,18208.0,718.0
251312,2009,25659.0,49.0,43.0,0.3297,0.3297,0.3297,0.3297,,-,46.0,142.0,20445.0,669.0
251312,2010,33537.0,63.0,38.0,0.2934,0.2934,0.2934,0.2934,,-,57.0,154.0,21171.0,659.0
251312,2011,35440.0,119.0,31.0,0.4554,0.4554,0.4554,0.4554,,-,53.0,169.0,21337.0,627.0
251312,2012,34225.0,121.0,37.0,0.4891,0.4891,0.4891,0.4891,,-,24.0,357.0,21647.0,653.0
251312,2013,31406.0,141.0,41.0,0.6171,0.6171,0.6171,0.6171,,-,35.0,277.0,21870.0,789.0
251312,2014,30149.0,175.0,25.0,0.7463,0.7463,0.7463,0.7463,,-,29.0,225.0,21539.0,754.0
251312,2015,26852.0,186.0,44.0,0.9295,0.9295,0.9295,0.9295,,-,28.0,192.0,21357.0,738.0
251312,2016,30042.0,201.0,24.0,0.8508,0.8508,0.8508,0.8508,,-,22.0,189.0,21730.0,700.0
251312,2017,23990.0,194.0,44.0,1.0805,1.0805,1.0805,1.0805,,-,17.0,136.0,22061.0,781.0
251312,2018,23109.0,156.0,43.0,0.9217,0.9217,0.9217,0.9217,,-,20.0,117.0,21204.0,548.0
251312,2019,19514.0,120.0,37.0,0.8517,0.8517,0.8517,0.8517,,-,11.0,105.0,20761.0,635.0
251312,2020,16562.0,86.0,40.0,0.768,0.768,0.768,0.768,,-,11.0,47.0,20450.0,576.0
251312,2021,13385.0,73.0,39.0,0.8293,0.8293,0.8293,0.8293,,-,29.0,118.0,19859.0,517.0
251312,2022,12217.0,57.0,29.0,0.7023,0.7023,0.7023,0.7023,,-,19.0,94.0,18665.0,577.0
251312,2023,13435.0,67.0,21.0,0.6922,0.6922,0.6922,0.6922,,-,24.0,77.0,17612.0,419.0
251312,2024,14093.0,76.0,16.0,0.7153,0.7153,0.7153,0.7153,,-,22.0,77.0,18238.0,476.0
407665,1998,846.0,0.0,1.0,0.0709,0.0709,0.0709,0.0709,,n,,,,
407665,1999,1256.0,9.0,6.0,1.1465,1.4322,1.4997,1.6826,2.1538,i,,,,
407665,2001,2208.0,2.0,1.0,0.1359,0.1214,0.1186,0.1119,0.6786,i,,,,
407665,2002,2578.0,7.0,1.0,0.3491,0.3338,0.3308,0.3232,0.8571,i,5.0,,7275.0,
407665,2003,2556.0,10.0,3.0,0.5399,0.5108,0.505,0.4907,0.8261,o,7.0,,7647.0,200.0
407665,2004,2272.0,18.0,7.0,1.1356,0.9939,0.9669,0.9025,0.6316,o,5.0,,7960.0,272.0
407665,2005,1624.0,13.0,2.0,1.0345,0.8461,0.8116,0.7315,0.5,o,3.0,,8370.0,275.0
407665,2006,1380.0,19.0,11.0,2.1304,1.6578,1.5739,1.3824,0.4211,o,7.0,4.0,8102.0,129.0
407665,2007,818.0,10.0,2.0,1.6137,1.5306,1.5139,1.4731,0.8333,o,1.0,,8772.0,171.0
407665,2008,630.0,6.0,0.0,1.1429,1.0161,0.9917,0.9331,0.6667,o,,,9681.0,
413866,1998,9000.0,0.0,123.0,0.82,0.82,0.82,0.82,,-,,,,
413866,1999,15087.0,0.0,119.0,0.4733,0.4733,0.4733,0.4733,,-,,,,
413866,2000,8199.0,0.0,109.0,0.7977,0.7977,0.7977,0.7977,,-,,,,
413866,2001,7161.0,0.0,107.0,0.8966,0.8966,0.8966,0.8966,,-,,,,
413866,2002,8901.0,0.0,75.0,0.5056,0.5056,0.5056,0.5056,,-,72.0,,18964.0,
413866,2003,9849.0,0.0,76.0,0.463,0.463,0.463,0.463,,-,90.0,,20188.0,663.0
413866,2004,14339.0,0.0,92.0,0.385,0.385,0.385,0.385,,-,132.0,,20716.0,661.0
413866,2005,20877.0,5.0,96.0,0.3046,0.3046,0.3046,0.3046,,-,145.0,,21807.0,441.0
413866,2006,11015.0,7.0,81.0,0.5175,0.5175,0.5175,0.5175,,-,120.0,19.0,22118.0,1031.0
413866,2007,13827.0,14.0,103.0,0.5685,0.5685,0.5685,0.5685,,-,95.0,17.0,22504.0,861.0
413866,2008,15125.0,9.0,150.0,0.6664,0.6664,0.6664,0.6664,,-,128.0,8.0,22828.0,857.0
413866,2009,16685.0,30.0,124.0,0.6617,0.6617,0.6617,0.6617,,-,161.0,24.0,23533.0,853.0
413866,2010,20008.0,15.0,152.0,0.5458,0.5458,0.5458,0.5458,,-,111.0,15.0,24513.0,848.0
413866,2011,18869.0,42.0,168.0,0.8013,0.8013,0.8013,0.8013,,-,70.0,14.0,25194.0,1007.0
413866,2012,13255.0,21.0,151.0,0.8736,0.8736,0.8736,0.8736,,-,57.0,5.0,24556.0,1163.0
413866,2013,11037.0,37.0,118.0,1.0437,1.0437,1.0437,1.0437,,-,60.0,,24126.0,973.0
413866,2014,9524.0,25.0,88.0,0.8694,0.8694,0.8694,0.8694,,-,57.0,2.0,23762.0,906.0
413866,2015,7371.0,20.0,76.0,0.9442,0.9442,0.9442,0.9442,,-,32.0,1.0,23561.0,789.0
434690,2000,7590.0,0.0,66.0,0.5217,0.5217,0.5217,0.5217,,-,,,,
434690,2001,15700.0,0.0,97.0,0.3707,0.3707,0.3707,0.3707,,-,,,,
434690,2002,14900.0,0.0,102.0,0.4107,0.4107,0.4107,0.4107,,-,35.0,,14486.0,
434690,2003,16350.0,0.0,129.0,0.4734,0.4734,0.4734,0.4734,,-,52.0,,15061.0,261.0
434690,2004,11616.0,0.0,147.0,0.7593,0.7593,0.7593,0.7593,,-,46.0,,14698.0,397.0
434690,2005,13728.0,0.0,154.0,0.6731,0.6731,0.6731,0.6731,,-,39.0,,15070.0,365.0
434690,2006,19899.0,0.0,165.0,0.4975,0.4975,0.4975,0.4975,,-,42.0,107.0,14900.0,295.0
434690,2007,13708.0,0.0,186.0,0.8141,0.8141,0.8141,0.8141,,-,68.0,102.0,14841.0,486.0
434690,2008,18425.0,0.0,186.0,0.6057,0.6057,0.6057,0.6057,,-,92.0,36.0,14970.0,402.0
434690,2009,15355.0,0.0,226.0,0.8831,0.8831,0.8831,0.8831,,-,114.0,32.0,19374.0,495.0
434690,2010,15241.0,0.0,163.0,0.6417,0.6417,0.6417,0.6417,,-,91.0,33.0,21514.0,558.0
434690,2011,15617.0,0.0,224.0,0.8606,0.8606,0.8606,0.8606,,-,140.0,8.0,21961.0,635.0
434690,2012,14789.0,0.0,191.0,0.7749,0.7749,0.7749,0.7749,,-,157.0,13.0,22673.0,650.0
434690,2013,9328.0,0.0,196.0,1.2607,1.2607,1.2607,1.2607,,-,126.0,,22284.0,1034.0
434690,2014,12150.0,0.0,180.0,0.8889,0.8889,0.8889,0.8889,,-,77.0,,21947.0,747.0
434690,2015,9562.0,0.0,153.0,0.9601,0.9601,0.9601,0.9601,,-,44.0,45.0,22389.0,800.0
434690,2016,7387.0,0.0,111.0,0.9016,0.9016,0.9016,0.9016,,-,29.0,34.0,22234.0,790.0
434690,2017,6666.0,0.0,90.0,0.8101,0.8101,0.8101,0.8101,,-,23.0,23.0,21863.0,733.0
434690,2018,6579.0,0.0,91.0,0.8299,0.8299,0.8299,0.8299,,-,,,,
441025,2002,10988.0,0.0,1.0,0.0055,0.0055,0.0055,0.0055,,-,217.0,,,
441025,2003,20547.0,0.0,68.0,0.1986,0.1986,0.1986,0.1986,,-,96.0,,12235.0,331.0
441025,2004,17810.0,0.0,108.0,0.3638,0.3638,0.3638,0.3638,,-,90.0,,12537.0,458.0
441025,2005,20165.0,0.0,163.0,0.485,0.485,0.485,0.485,,-,82.0,,13907.0,457.0
441025,2006,18364.0,0.0,193.0,0.6306,0.6306,0.6306,0.6306,,-,94.0,1.0,14135.0,522.0
441025,2007,21512.0,0.0,197.0,0.5495,0.5495,0.5495,0.5495,,-,218.0,23.0,13641.0,468.0
441025,2008,22075.0,0.0,103.0,0.28,0.28,0.28,0.28,,-,88.0,,15919.0,513.0
441025,2009,25033.0,0.0,168.0,0.4027,0.4027,0.4027,0.4027,,-,107.0,32.0,17749.0,537.0
441025,2010,28333.0,0.0,183.0,0.3875,0.3875,0.3875,0.3875,,-,82.0,16.0,18905.0,582.0
441025,2011,23443.0,0.0,199.0,0.5093,0.5093,0.5093,0.5093,,-,162.0,93.0,21400.0,614.0
441025,2012,21720.0,0.0,227.0,0.6271,0.6271,0.6271,0.6271,,-,130.0,96.0,13470.0,607.0
441025,2013,21960.0,0.0,185.0,0.5055,0.5055,0.5055,0.5055,,-,117.0,116.0,14571.0,566.0
441025,2014,22260.0,0.0,179.0,0.4825,0.4825,0.4825,0.4825,,-,107.0,127.0,13640.0,547.0
441025,2015,19470.0,0.0,167.0,0.5146,0.5146,0.5146,0.5146,,-,90.0,89.0,13525.0,556.0
441025,2016,16020.0,0.0,148.0,0.5543,0.5543,0.5543,0.5543,,-,171.0,133.0,13400.0,535.0
441025,2017,14439.0,0.0,176.0,0.7314,0.7314,0.7314,0.7314,,-,144.0,153.0,13380.0,629.0
441025,2018,15708.0,0.0,102.0,0.3896,0.3896,0.3896,0.3896,,-,44.0,79.0,13634.0,666.0
441025,2019,22682.0,0.0,70.0,0.1852,0.1852,0.1852,0.1852,,-,44.0,48.0,,426.0
441025,2020,16872.0,0.0,36.0,0.128,0.128,0.128,0.128,,-,51.0,10.0,,450.0
441025,2021,11100.0,0.0,44.0,0.2378,0.2378,0.2378,0.2378,,-,49.0,16.0,,471.0
441025,2022,8068.0,0.0,11.0,0.0818,0.0818,0.0818,0.0818,,-,52.0,8.0,,489.0
443261,2010,8539.0,0.0,0.0,0.0,0.0,0.0,0.0,,-,101.0,,,415.0
443261,2011,9152.0,0.0,0.0,0.0,0.0,0.0,0.0,,-,56.0,,,509.0
443261,2012,8311.0,0.0,0.0,0.0,0.0,0.0,0.0,,-,64.0,,,635.0
443261,2013,10736.0,0.0,0.0,0.0,0.0,0.0,0.0,,-,68.0,,,425.0
443261,2014,7708.0,0.0,0.0,0.0,0.0,0.0,0.0,,-,63.0,,,618.0
443261,2015,6923.0,0.0,0.0,0.0,0.0,0.0,0.0,,-,97.0,,,399.0
443261,2017,3766.0,0.0,0.0,0.0,0.0,0.0,0.0,,-,47.0,,,676.0
443261,2018,6780.0,0.0,0.0,0.0,0.0,0.0,0.0,,-,56.0,21.0,,468.0
443261,2019,9480.0,0.0,13.0,0.0823,0.0823,0.0823,0.0823,,-,42.0,41.0,,417.0
443261,2020,9540.0,0.0,9.0,0.0566,0.0566,0.0566,0.0566,,-,43.0,6.0,,529.0
443261,2021,10650.0,0.0,9.0,0.0507,0.0507,0.0507,0.0507,,-,78.0,3.0,,450.0
443261,2022,12990.0,0.0,3.0,0.0139,0.0139,0.0139,0.0139,,-,65.0,,23389.0,452.0
443261,2023,13350.0,0.0,46.0,0.2067,0.2067,0.2067,0.2067,,-,72.0,28.0,24144.0,511.0
443261,2024,11281.0,0.0,43.0,0.2287,0.2287,0.2287,0.2287,,-,57.0,75.0,24184.0,656.0
444866,2010,7193.0,0.0,0.0,0.0,0.0,0.0,0.0,,-,63.0,,,386.0
444866,2011,5330.0,0.0,0.0,0.0,0.0,0.0,0.0,,-,19.0,,,771.0
444866,2012,4355.0,0.0,0.0,0.0,0.0,0.0,0.0,,-,53.0,,,584.0
444866,2013,6229.0,0.0,0.0,0.0,0.0,0.0,0.0,,-,26.0,,,428.0
444866,2014,7215.0,0.0,0.0,0.0,0.0,0.0,0.0,,-,52.0,,,476.0
444866,2015,6828.0,0.0,0.0,0.0,0.0,0.0,0.0,,-,52.0,,,522.0
444866,2016,5765.0,0.0,0.0,0.0,0.0,0.0,0.0,,-,47.0,,,615.0
444866,2017,3881.0,0.0,0.0,0.0,0.0,0.0,0.0,,-,59.0,,,631.0
444866,2018,6120.0,0.0,0.0,0.0,0.0,0.0,0.0,,-,53.0,37.0,,486.0
444866,2019,6360.0,0.0,2.0,0.0189,0.0189,0.0189,0.0189,,-,41.0,76.0,,475.0
444866,2020,7170.0,0.0,6.0,0.0502,0.0502,0.0502,0.0502,,-,110.0,4.0,,508.0
444866,2021,9180.0,0.0,7.0,0.0458,0.0458,0.0458,0.0458,,-,87.0,,,366.0
444866,2023,11220.0,0.0,33.0,0.1765,0.1765,0.1765,0.1765,,-,90.0,37.0,24144.0,476.0
444866,2024,13410.0,0.0,43.0,0.1924,0.1924,0.1924,0.1924,,-,63.0,4.0,24184.0,486.0
444972,2005,9720.0,0.0,0.0,0.0,0.0,0.0,0.0,,-,246.0,,,
444972,2006,10290.0,0.0,0.0,0.0,0.0,0.0,0.0,,-,139.0,,,
444972,2008,7470.0,0.0,0.0,0.0,0.0,0.0,0.0,,-,42.0,,,
444972,2011,7062.0,0.0,0.0,0.0,0.0,0.0,0.0,,-,57.0,,17962.0,731.0
444972,2012,9196.0,0.0,0.0,0.0,0.0,0.0,0.0,,-,61.0,,17507.0,429.0
444972,2014,3476.0,0.0,4.0,0.069,0.069,0.069,0.069,,-,23.0,,20469.0,850.0
444972,2015,4818.0,0.0,0.0,0.0,0.0,0.0,0.0,,-,52.0,,20740.0,296.0
444972,2016,8514.0,0.0,3.0,0.0211,0.0211,0.0211,0.0211,,-,75.0,,20596.0,352.0
444972,2017,10296.0,0.0,23.0,0.134,0.134,0.134,0.134,,-,13.0,,20253.0,402.0
446613,2006,1653.0,5.0,1.0,0.3993,0.3993,0.3993,0.3993,,n,71.0,,7404.0,182.0
446613,2008,819.0,4.0,1.0,0.6593,0.6593,0.6593,0.6593,,n,17.0,,10987.0,114.0
446613,2009,1154.0,6.0,2.0,0.7279,0.7279,0.7279,0.7279,,n,7.0,11.0,11108.0,249.0
446613,2010,1191.0,4.0,0.0,0.403,0.2599,0.2373,0.1891,0.2202,o,6.0,1.0,11036.0,217.0
446613,2011,927.0,6.0,0.0,0.7767,0.4336,0.3844,0.2843,0.134,o,12.0,,12379.0,411.0
446613,2012,652.0,5.0,0.0,0.9202,0.7149,0.6785,0.5954,0.4186,o,4.0,7.0,9731.0,409.0
446613,2013,655.0,1.0,2.0,0.3664,0.3258,0.3179,0.2992,0.6667,o,,,9561.0,
446613,2015,357.0,3.0,2.0,1.3445,0.7997,0.7182,0.5489,0.1667,i,9.0,1.0,7097.0,67.0
446613,2018,186.0,0.0,0.0,0.0,0.0,0.0,0.0,3.3333,i,,,6775.0,
446613,2019,363.0,2.0,1.0,0.8264,0.8264,0.8264,0.8264,,n,,,6645.0,
446613,2020,357.0,0.0,2.0,0.3361,0.3361,0.3361,0.3361,,n,,2.0,6546.0,
446613,2021,247.0,0.0,3.0,0.7287,0.7287,0.7287,0.7287,,n,,,,
448567,2007,4890.0,0.0,0.0,0.0,0.0,0.0,0.0,,x,33.0,48.0,15086.0,567.0
448567,2008,7980.0,2.0,0.0,0.0301,0.0301,0.0301,0.0301,,x,37.0,60.0,15760.0,427.0
448567,2009,12150.0,32.0,0.0,0.316,0.316,0.316,0.316,,x,47.0,79.0,15539.0,341.0
448567,2010,17412.0,44.0,0.0,0.3032,0.3032,0.3032,0.3032,,x,59.0,66.0,12248.0,437.0
448567,2011,19634.0,66.0,0.0,0.4034,0.4034,0.4034,0.4034,,x,93.0,104.0,13233.0,517.0
448567,2012,23265.0,33.0,0.0,0.1702,0.1702,0.1702,0.1702,,x,67.0,86.0,13414.0,503.0
448567,2013,18932.0,106.0,0.0,0.6719,0.6719,0.6719,0.6719,,x,28.0,34.0,13689.0,540.0
448567,2014,16938.0,119.0,0.0,0.8431,0.8431,0.8431,0.8431,,x,1.0,14.0,13470.0,416.0
448567,2015,10221.0,129.0,0.0,1.5145,1.5145,1.5145,1.5145,,x,,,12376.0,355.0
450085,2009,16717.0,0.0,10.0,0.0359,0.0359,0.0359,0.0359,,-,186.0,86.0,41714.0,852.0
450085,2010,24073.0,21.0,27.0,0.172,0.172,0.172,0.172,,-,230.0,102.0,43255.0,819.0
450085,2011,29945.0,80.0,52.0,0.4248,0.4248,0.4248,0.4248,,-,187.0,98.0,24563.0,722.0
450085,2012,26353.0,114.0,85.0,0.7126,0.7126,0.7126,0.7126,,-,143.0,85.0,24214.0,693.0
450085,2013,20515.0,93.0,52.0,0.6961,0.6961,0.6961,0.6961,,-,175.0,90.0,23790.0,647.0
450085,2014,20867.0,92.0,44.0,0.6556,0.6556,0.6556,0.6556,,-,116.0,88.0,23167.0,622.0
450085,2015,18438.0,87.0,44.0,0.7094,0.7094,0.7094,0.7094,,-,78.0,78.0,22971.0,555.0
450085,2016,15465.0,72.0,35.0,0.6945,0.6945,0.6945,0.6945,,-,98.0,46.0,22807.0,519.0
450085,2017,12725.0,70.0,23.0,0.7685,0.7685,0.7685,0.7685,,-,69.0,35.0,22426.0,512.0
450085,2018,10258.0,61.0,15.0,0.8013,0.8013,0.8013,0.8013,,-,,,21922.0,
450225,2009,9059.0,0.0,9.0,0.0596,0.0596,0.0596,0.0596,,-,125.0,21.0,23533.0,563.0
450225,2010,14405.0,0.0,60.0,0.2499,0.2499,0.2499,0.2499,,-,128.0,25.0,24513.0,699.0
450225,2011,17365.0,0.0,120.0,0.4146,0.4146,0.4146,0.4146,,-,25.0,16.0,25194.0,866.0
450225,2012,15361.0,6.0,157.0,0.6601,0.6601,0.6601,0.6601,,-,54.0,12.0,24556.0,998.0
450225,2013,11325.0,7.0,159.0,0.9166,0.9166,0.9166,0.9166,,-,85.0,4.0,24126.0,1084.0
450225,2014,11012.0,10.0,93.0,0.6157,0.6157,0.6157,0.6157,,-,72.0,9.0,23762.0,785.0
450225,2015,9210.0,3.0,68.0,0.4821,0.4821,0.4821,0.4821,,-,56.0,,23561.0,831.0
454625,2010,26061.0,0.0,1.0,0.0023,0.0023,0.0023,0.0023,,-,126.0,,16885.0,653.0
454625,2011,28293.0,0.0,53.0,0.1124,0.1124,0.1124,0.1124,,-,21.0,,17310.0,718.0
454625,2014,13860.0,0.0,77.0,0.3333,0.3333,0.3333,0.3333,,-,106.0,,15661.0,662.0
454625,2015,12900.0,0.0,48.0,0.2233,0.2233,0.2233,0.2233,,-,46.0,26.0,18188.0,723.0
454625,2016,10170.0,0.0,48.0,0.2832,0.2832,0.2832,0.2832,,-,28.0,28.0,18062.0,796.0
454625,2017,13380.0,0.0,37.0,0.1659,0.1659,0.1659,0.1659,,-,35.0,26.0,18653.0,504.0
454625,2018,12995.0,0.0,32.0,0.1477,0.1477,0.1477,0.1477,,-,,,,
456056,2012,23520.0,0.0,67.0,0.1709,0.1709,0.1709,0.1709,,-,159.0,11.0,23483.0,516.0
456056,2014,13890.0,2.0,63.0,0.2894,0.2894,0.2894,0.2894,,-,100.0,,17550.0,665.0
456056,2015,13770.0,3.0,74.0,0.3486,0.3486,0.3486,0.3486,,-,74.0,9.0,18188.0,692.0
456056,2016,12390.0,8.0,61.0,0.3729,0.3729,0.3729,0.3729,,-,58.0,8.0,18062.0,743.0
456056,2017,15670.0,4.0,45.0,0.2029,0.2029,0.2029,0.2029,,-,43.0,26.0,18653.0,516.0
456056,2018,14159.0,4.0,24.0,0.1356,0.1356,0.1356,0.1356,,-,,,,
456791,2011,22088.0,0.0,9.0,0.0244,0.0244,0.0244,0.0244,,-,138.0,149.0,15089.0,333.0
456791,2012,26693.0,0.0,141.0,0.3169,0.3169,0.3169,0.3169,,-,112.0,135.0,15114.0,390.0
456791,2013,25129.0,1.0,230.0,0.5539,0.5539,0.5539,0.5539,,-,112.0,145.0,16074.0,423.0
456791,2014,21827.0,16.0,222.0,0.6982,0.6982,0.6982,0.6982,,-,78.0,105.0,15949.0,438.0
456791,2015,18421.0,15.0,176.0,0.671,0.671,0.671,0.671,,-,55.0,93.0,15826.0,434.0
456791,2017,6119.0,8.0,118.0,1.314,1.314,1.314,1.314,,-,65.0,,,1427.0
458593,2011,18144.0,0.0,0.0,0.0,0.0,0.0,0.0,,-,224.0,,23396.0,228.0
458593,2012,21888.0,0.0,16.0,0.0439,0.0439,0.0439,0.0439,,-,221.0,19.0,23974.0,616.0
458593,2014,17640.0,0.0,113.0,0.3844,0.3844,0.3844,0.3844,,-,130.0,,23198.0,633.0
458593,2015,18450.0,0.0,81.0,0.2634,0.2634,0.2634,0.2634,,-,90.0,17.0,18188.0,676.0
458593,2016,15810.0,0.0,90.0,0.3416,0.3416,0.3416,0.3416,,-,50.0,11.0,18062.0,783.0
458593,2017,17490.0,0.0,67.0,0.2298,0.2298,0.2298,0.2298,,-,27.0,33.0,18653.0,580.0
458593,2018,13800.0,0.0,62.0,0.2696,0.2696,0.2696,0.2696,,-,,,,
458964,2010,53304.0,185.0,86.0,0.5133,0.5133,0.5133,0.5133,,x,256.0,193.0,,564.0
458964,2011,45627.0,211.0,70.0,0.647,0.647,0.647,0.647,,x,184.0,241.0,19662.0,792.0
458964,2012,40255.0,200.0,54.0,0.6767,0.6767,0.6767,0.6767,,x,100.0,165.0,20144.0,819.0
458964,2013,34869.0,175.0,57.0,0.7003,0.7003,0.7003,0.7003,,x,201.0,142.0,20032.0,744.0
458964,2014,29754.0,152.0,48.0,0.7098,0.7098,0.7098,0.7098,,x,250.0,122.0,20400.0,756.0
458964,2015,30157.0,142.0,45.0,0.6546,0.6546,0.6546,0.6546,,x,314.0,230.0,16938.0,649.0
458964,2016,35079.0,123.0,41.0,0.4909,0.4909,0.4909,0.4909,,x,151.0,609.0,16821.0,605.0
458964,2017,39765.0,117.0,46.0,0.4225,0.4225,0.4225,0.4225,,x,160.0,588.0,16540.0,559.0
458964,2018,47166.0,131.0,33.0,0.3753,0.3753,0.3753,0.3753,,x,195.0,740.0,17270.0,518.0
458964,2019,53622.0,162.0,77.0,0.4487,0.4487,0.4487,0.4487,,x,226.0,759.0,16326.0,502.0
458964,2020,63174.0,158.0,76.0,0.3723,0.3723,0.3723,0.3723,,x,169.0,468.0,16244.0,510.0
458964,2021,55020.0,210.0,77.0,0.542,0.542,0.542,0.542,,x,75.0,232.0,15775.0,
458964,2022,39885.0,223.0,89.0,0.8048,0.8048,0.8048,0.8048,,x,85.0,264.0,14826.0,
458964,2023,38619.0,200.0,114.0,0.7986,0.7986,0.7986,0.7986,,x,85.0,313.0,13990.0,
458964,2024,46404.0,195.0,80.0,0.6077,0.6077,0.6077,0.6077,,x,76.0,182.0,13920.0,
459666,2011,4549.0,0.0,0.0,0.0,0.0,0.0,0.0,,-,22.0,4.0,25194.0,286.0
459666,2012,6669.0,0.0,12.0,0.108,0.108,0.108,0.108,,-,54.0,3.0,24556.0,730.0
459666,2013,7670.0,0.0,45.0,0.352,0.352,0.352,0.352,,-,64.0,6.0,24126.0,762.0
459666,2014,8400.0,0.0,41.0,0.2929,0.2929,0.2929,0.2929,,-,64.0,3.0,23762.0,746.0
459666,2015,8662.0,4.0,57.0,0.4502,0.4502,0.4502,0.4502,,-,71.0,4.0,23561.0,699.0
460020,2012,18600.0,0.0,10.0,0.0323,0.0323,0.0323,0.0323,,-,61.0,45.0,21756.0,
460020,2013,22050.0,0.0,16.0,0.0435,0.0435,0.0435,0.0435,,-,47.0,76.0,22092.0,
460020,2014,24510.0,0.0,81.0,0.1983,0.1983,0.1983,0.1983,,-,52.0,49.0,20765.0,384.0
460020,2015,22950.0,0.0,76.0,0.1987,0.1987,0.1987,0.1987,,-,42.0,49.0,20609.0,386.0
460020,2016,17940.0,0.0,48.0,0.1605,0.1605,0.1605,0.1605,,-,55.0,69.0,20587.0,378.0
460020,2017,16650.0,0.0,26.0,0.0937,0.0937,0.0937,0.0937,,-,26.0,60.0,20631.0,349.0
460020,2018,17220.0,0.0,8.0,0.0279,0.0279,0.0279,0.0279,,-,24.0,68.0,20233.0,381.0
460020,2019,19830.0,0.0,14.0,0.0424,0.0424,0.0424,0.0424,,-,73.0,97.0,19871.0,376.0
460020,2020,22560.0,0.0,30.0,0.0798,0.0798,0.0798,0.0798,,-,55.0,72.0,17933.0,382.0
460020,2021,25560.0,0.0,27.0,0.0634,0.0634,0.0634,0.0634,,-,49.0,61.0,16468.0,337.0
460020,2022,20100.0,0.0,43.0,0.1284,0.1284,0.1284,0.1284,,-,71.0,52.0,15595.0,362.0
460020,2023,21690.0,0.0,48.0,0.1328,0.1328,0.1328,0.1328,,-,52.0,75.0,15395.0,334.0
460020,2024,25410.0,0.0,36.0,0.085,0.085,0.085,0.085,,-,83.0,74.0,14576.0,327.0
460835,2011,15633.0,0.0,0.0,0.0,0.0,0.0,0.0,,-,157.0,144.0,,568.0
460835,2012,22050.0,0.0,44.0,0.1197,0.1197,0.1197,0.1197,,-,211.0,131.0,14180.0,577.0
460835,2013,24300.0,0.0,133.0,0.3284,0.3284,0.3284,0.3284,,-,142.0,141.0,13932.0,567.0
460835,2014,23070.0,0.0,143.0,0.3719,0.3719,0.3719,0.3719,,-,126.0,123.0,13721.0,555.0
460835,2015,21030.0,0.0,102.0,0.291,0.291,0.291,0.291,,-,100.0,91.0,13606.0,554.0
460835,2016,22830.0,0.0,119.0,0.3127,0.3127,0.3127,0.3127,,-,213.0,144.0,13626.0,481.0
460835,2017,29730.0,0.0,94.0,0.1897,0.1897,0.1897,0.1897,,-,344.0,264.0,12850.0,578.0
460835,2018,33844.0,0.0,80.0,0.1418,0.1418,0.1418,0.1418,,-,191.0,47.0,13559.0,319.0
460835,2019,33816.0,0.0,76.0,0.1348,0.1348,0.1348,0.1348,,-,77.0,63.0,,496.0
460835,2020,16872.0,0.0,33.0,0.1174,0.1174,0.1174,0.1174,,-,86.0,5.0,,661.0
460835,2021,13796.0,0.0,46.0,0.2001,0.2001,0.2001,0.2001,,-,71.0,7.0,,445.0
460835,2022,10800.0,0.0,39.0,0.2167,0.2167,0.2167,0.2167,,-,87.0,14.0,,494.0
460835,2023,9630.0,0.0,16.0,0.0997,0.0997,0.0997,0.0997,,-,9.0,7.0,,338.0
460853,2011,12523.0,0.0,0.0,0.0,0.0,0.0,0.0,,-,16.0,,,
460853,2012,18267.0,0.0,0.0,0.0,0.0,0.0,0.0,,-,276.0,42.0,18015.0,491.0
460853,2014,15090.0,0.0,68.0,0.2704,0.2704,0.2704,0.2704,,-,96.0,,16128.0,721.0
460853,2015,12300.0,0.0,82.0,0.4,0.4,0.4,0.4,,-,30.0,6.0,18188.0,787.0
460853,2016,8790.0,0.0,51.0,0.3481,0.3481,0.3481,0.3481,,-,39.0,3.0,18062.0,885.0
460853,2017,10860.0,0.0,36.0,0.1989,0.1989,0.1989,0.1989,,-,35.0,27.0,18653.0,537.0
460853,2018,9640.0,0.0,18.0,0.112,0.112,0.112,0.112,,-,,,,
470904,2012,3005.0,0.0,0.0,0.0,0.0,0.0,0.0,,-,34.0,3.0,24556.0,382.0
470904,2013,5231.0,0.0,17.0,0.195,0.195,0.195,0.195,,-,58.0,,24126.0,615.0
470904,2015,4608.0,1.0,43.0,0.5859,0.5859,0.5859,0.5859,,-,21.0,1.0,23561.0,854.0
480107,2013,12501.0,0.0,0.0,0.0,0.0,0.0,0.0,,-,158.0,,17699.0,239.0
480107,2014,13260.0,0.0,8.0,0.0362,0.0362,0.0362,0.0362,,-,102.0,,17680.0,692.0
480107,2015,13140.0,0.0,60.0,0.274,0.274,0.274,0.274,,-,44.0,16.0,18188.0,685.0
480107,2016,11670.0,0.0,56.0,0.2879,0.2879,0.2879,0.2879,,-,32.0,21.0,18062.0,750.0
480107,2017,13080.0,0.0,65.0,0.2982,0.2982,0.2982,0.2982,,-,24.0,28.0,18653.0,571.0
480107,2018,12736.0,0.0,42.0,0.1979,0.1979,0.1979,0.1979,,-,,,,
485698,2019,2290.0,7.0,3.0,0.4454,0.4454,0.4454,0.4454,,n,21.0,20.0,,593.0
485698,2020,2975.0,9.0,5.0,0.4639,0.4639,0.4639,0.4639,,n,11.0,18.0,24726.0,573.0
485698,2021,2969.0,9.0,4.0,0.4446,0.4446,0.4446,0.4446,,n,58.0,,24012.0,629.0
485698,2022,3931.0,18.0,0.0,0.5495,0.5495,0.5495,0.5495,,n,23.0,4.0,22568.0,605.0
485698,2023,4442.0,20.0,5.0,0.6078,0.6078,0.6078,0.6078,,n,36.0,,21295.0,596.0
485698,2024,4195.0,18.0,4.0,0.5721,0.6832,0.7087,0.7768,1.8438,o,53.0,,20572.0,595.0
498100,2023,4604.0,0.0,0.0,0.0,0.0,0.0,0.0,,-,108.0,391.0,40609.0,
498100,2024,18135.0,0.0,119.0,0.3937,0.3937,0.3937,0.3937,,-,132.0,329.0,15860.0,
