unitid,year,credits,BA,AA,ER_m,ER_l,ER_c,ER_h,G,G_source,first_time_n,transfer_in_n,sticker_real,rev_per_credit_real
151494,1998,10280.0,35.0,122.0,1.1206,1.1206,1.1206,1.1206,,-,,,,
151494,1999,21880.0,28.0,149.0,0.5622,0.5622,0.5622,0.5622,,-,,,,
151494,2000,14043.0,30.0,220.0,1.1963,1.1963,1.1963,1.1963,,-,,,,
151494,2001,20787.0,45.0,147.0,0.6841,0.6841,0.6841,0.6841,,-,,,,
151494,2002,20786.0,19.0,156.0,0.56,0.56,0.56,0.56,,-,168.0,,18964.0,
151494,2003,22865.0,24.0,185.0,0.6114,0.6114,0.6114,0.6114,,-,143.0,,20188.0,653.0
151494,2004,21504.0,26.0,210.0,0.731,0.731,0.731,0.731,,-,188.0,,20716.0,869.0
151494,2005,23459.0,19.0,166.0,0.5218,0.5218,0.5218,0.5218,,-,166.0,,21807.0,773.0
151494,2006,21091.0,13.0,152.0,0.5064,0.5064,0.5064,0.5064,,-,84.0,96.0,22118.0,991.0
151494,2007,19832.0,10.0,133.0,0.4629,0.4629,0.4629,0.4629,,-,127.0,36.0,22504.0,1053.0
151494,2008,25968.0,43.0,151.0,0.5476,0.5476,0.5476,0.5476,,-,185.0,29.0,22828.0,834.0
151494,2009,27451.0,72.0,175.0,0.6973,0.6973,0.6973,0.6973,,-,182.0,23.0,23533.0,865.0
151494,2010,30733.0,67.0,175.0,0.6033,0.6033,0.6033,0.6033,,-,106.0,27.0,24513.0,876.0
151494,2011,27157.0,93.0,212.0,0.8793,0.8793,0.8793,0.8793,,-,75.0,13.0,25194.0,1015.0
151494,2012,19711.0,66.0,242.0,1.1384,1.1384,1.1384,1.1384,,-,63.0,27.0,24556.0,1116.0
151494,2013,16709.0,49.0,153.0,0.9013,0.9013,0.9013,0.9013,,-,55.0,9.0,24126.0,962.0
151494,2014,16447.0,32.0,127.0,0.6968,0.6968,0.6968,0.6968,,-,74.0,4.0,23762.0,820.0
151494,2015,17083.0,32.0,122.0,0.6533,0.6533,0.6533,0.6533,,-,45.0,4.0,23561.0,714.0
219505,1999,3216.0,23.0,13.0,1.1007,1.0126,0.9953,0.9533,0.75,o,,,,
219505,2004,2064.0,19.0,1.0,1.1337,1.1387,1.1397,1.1423,1.0152,o,9.0,,5924.0,419.0
219505,2005,2124.0,21.0,3.0,1.2712,1.1387,1.1131,1.0515,0.6842,o,16.0,,5749.0,339.0
219505,2006,2680.0,23.0,4.0,1.1194,0.8078,0.7551,0.6378,0.3247,o,54.0,22.0,6656.0,245.0
219505,2007,2582.0,14.0,1.0,0.6739,0.6825,0.6843,0.6888,1.0448,o,20.0,4.0,6461.0,283.0
219505,2008,2621.0,22.0,0.0,1.0072,1.2128,1.2604,1.3875,1.8974,o,13.0,15.0,7024.0,305.0
219505,2009,2588.0,16.0,2.0,0.7883,0.8543,0.8687,0.9056,1.32,o,17.0,6.0,6906.0,260.0
219505,2010,2722.0,21.0,1.0,0.9478,0.7413,0.7046,0.6205,0.4286,o,25.0,7.0,6862.0,232.0
219505,2011,2115.0,14.0,0.0,0.7943,0.674,0.6515,0.5984,0.5676,o,25.0,7.0,8646.0,403.0
219505,2012,2217.0,7.0,1.0,0.406,0.4579,0.4695,0.4997,1.5152,o,9.0,14.0,11693.0,488.0
219505,2013,2774.0,11.0,1.0,0.4975,0.5159,0.5198,0.5296,1.1333,o,10.0,13.0,12528.0,504.0
219505,2014,3438.0,22.0,2.0,0.8028,0.6378,0.6082,0.54,0.4524,o,14.0,24.0,12310.0,486.0
219505,2015,3603.0,21.0,4.0,0.766,0.6192,0.5925,0.5307,0.48,o,14.0,24.0,12546.0,514.0
219505,2016,3264.0,20.0,2.0,0.7721,0.7298,0.7213,0.7006,0.8235,o,20.0,5.0,13060.0,617.0
219505,2017,3108.0,15.0,4.0,0.6564,0.777,0.8046,0.878,1.7895,o,8.0,4.0,12842.0,602.0
219505,2018,2763.0,32.0,2.0,1.4332,1.4987,1.5127,1.5481,1.1667,o,19.0,,12555.0,484.0
219505,2019,2308.0,15.0,5.0,0.9099,0.9003,0.8984,0.8935,0.9643,o,23.0,,12292.0,500.0
219505,2020,1884.0,16.0,1.0,1.051,1.1174,1.1316,1.1681,1.2353,o,4.0,1.0,14993.0,552.0
219505,2021,1440.0,2.0,0.0,0.1667,0.1649,0.1646,0.1637,0.9643,o,7.0,10.0,14560.0,564.0
219578,1998,8752.0,11.0,64.0,0.5896,0.6025,0.6052,0.612,1.0776,o,,,,
219578,1999,8820.0,12.0,59.0,0.5646,0.5482,0.5449,0.5366,0.9032,o,,,,
219578,2001,13372.0,8.0,53.0,0.3096,0.3206,0.3229,0.3288,1.128,o,,,,
219578,2005,19560.0,79.0,91.0,0.7638,0.9428,0.9848,1.0982,2.0672,o,61.0,,16437.0,436.0
219578,2006,11900.0,60.0,131.0,1.2655,0.9092,0.8491,0.7156,0.3197,o,36.0,124.0,13909.0,720.0
219578,2007,17234.0,68.0,121.0,0.8947,0.5581,0.5061,0.3965,0.1964,o,41.0,193.0,16890.0,507.0
219578,2008,17246.0,32.0,101.0,0.574,0.396,0.3667,0.3027,0.278,o,54.0,171.0,17390.0,501.0
219578,2009,17768.0,53.0,116.0,0.7497,0.7344,0.7312,0.7235,0.9314,o,31.0,140.0,23165.0,556.0
219578,2010,16654.0,102.0,124.0,1.1817,1.1373,1.1283,1.1062,0.8763,o,25.0,130.0,24845.0,584.0
219578,2011,15292.0,101.0,134.0,1.3183,1.202,1.1793,1.1243,0.7273,o,26.0,148.0,25588.0,604.0
219578,2012,14262.0,52.0,135.0,1.0055,0.8395,0.8088,0.7367,0.5368,o,20.0,101.0,25920.0,649.0
219578,2013,12576.0,33.0,136.0,0.9637,0.8065,0.7774,0.709,0.5412,o,37.0,87.0,26468.0,638.0
219578,2014,11111.0,33.0,122.0,1.0152,1.0204,1.0215,1.0242,1.0179,o,30.0,96.0,27056.0,600.0
219578,2015,10131.0,32.0,96.0,0.9476,1.0256,1.0425,1.0861,1.3137,o,29.0,56.0,26827.0,583.0
219578,2016,8202.0,25.0,81.0,0.9583,1.03,1.0455,1.0853,1.2826,o,33.0,80.0,26642.0,589.0
219602,1998,171000.0,806.0,93.0,0.5982,0.6258,0.6389,0.6572,1.2067,o,,,,
219602,1999,200430.0,761.0,136.0,0.4963,0.5127,0.5204,0.5311,1.1451,o,,,,
219602,2000,279913.0,844.0,110.0,0.3854,0.3862,0.3865,0.387,1.0082,o,,,,
219602,2001,274377.0,800.0,99.0,0.3715,0.3765,0.3788,0.3819,1.0566,o,,,,
219602,2002,174923.0,783.0,132.0,0.5824,0.5962,0.6026,0.6115,1.1022,o,1244.0,,5557.0,
219602,2003,187236.0,801.0,96.0,0.5441,0.5645,0.5741,0.5875,1.1656,o,1191.0,,5870.0,162.0
219602,2004,205613.0,835.0,135.0,0.5267,0.5511,0.5626,0.5787,1.2072,o,1606.0,,6640.0,173.0
219602,2005,215316.0,914.0,128.0,0.5451,0.5801,0.597,0.6207,1.2967,o,1408.0,,6799.0,167.0
219602,2006,217848.0,1004.0,138.0,0.5911,0.632,0.6517,0.6796,1.3219,o,1408.0,862.0,7222.0,192.0
219602,2007,217845.0,1059.0,133.0,0.62,0.642,0.6523,0.6667,1.1565,o,1356.0,1006.0,7315.0,207.0
219602,2008,212636.0,1159.0,108.0,0.6846,0.6826,0.6817,0.6805,0.9882,o,1471.0,724.0,7665.0,212.0
219602,2009,218420.0,1177.0,158.0,0.69,0.6795,0.6747,0.6683,0.938,o,1647.0,986.0,7951.0,223.0
219602,2010,228825.0,1153.0,133.0,0.6395,0.6554,0.6627,0.6729,1.1072,o,1718.0,896.0,8303.0,230.0
219602,2011,241978.0,1252.0,226.0,0.6769,0.7097,0.7252,0.7469,1.2174,o,1551.0,967.0,8443.0,229.0
219602,2012,243926.0,1323.0,242.0,0.7104,0.7356,0.7474,0.7639,1.1563,o,1522.0,879.0,8751.0,243.0
219602,2013,240382.0,1422.0,312.0,0.7877,0.785,0.7837,0.782,0.9856,o,1582.0,899.0,8887.0,245.0
219602,2014,235059.0,1546.0,256.0,0.8546,0.8382,0.8308,0.8208,0.9224,o,1494.0,823.0,9053.0,257.0
219602,2015,222306.0,1467.0,298.0,0.8723,0.8597,0.8539,0.8462,0.941,o,1555.0,878.0,9358.0,272.0
219602,2016,224537.0,1558.0,316.0,0.9171,0.9154,0.9146,0.9135,0.9922,o,1963.0,913.0,9725.0,271.0
219602,2017,228664.0,1562.0,321.0,0.9039,0.9315,0.9444,0.9623,1.1334,o,1983.0,914.0,9802.0,268.0
219602,2018,246589.0,1613.0,380.0,0.8774,0.9315,0.9573,0.9938,1.2828,o,2009.0,892.0,9862.0,244.0
219602,2019,252681.0,1517.0,407.0,0.8171,0.8717,0.8979,0.9349,1.3093,o,1716.0,953.0,9956.0,240.0
219602,2020,247002.0,1672.0,1061.0,1.07,1.0848,1.0917,1.1011,1.0588,o,1438.0,725.0,9980.0,244.0
219602,2021,226111.0,1588.0,1301.0,1.188,1.1258,1.0984,1.0621,0.7993,o,1429.0,677.0,9692.0,237.0
219602,2022,208700.0,1568.0,387.0,1.0128,0.9355,0.902,0.8583,0.7182,o,1465.0,723.0,9249.0,212.0
219602,2023,200836.0,1408.0,1120.0,1.1759,1.1068,1.0765,1.0365,0.7769,o,1645.0,736.0,8727.0,197.0
219602,2024,211702.0,1316.0,772.0,0.9648,0.9615,0.96,0.958,0.986,o,1677.0,695.0,8675.0,199.0
219639,1998,7455.0,0.0,0.0,0.0,0.0,0.0,0.0,0.0549,o,,,,
219639,1999,14616.0,86.0,0.0,0.7061,0.3538,0.3066,0.2145,0.0923,o,,,,
219639,2000,12830.0,126.0,0.0,1.1785,0.8517,0.7964,0.6732,0.3264,o,,,,
219639,2001,12810.0,100.0,0.0,0.9368,0.8441,0.826,0.7827,0.6981,o,,,,
219639,2002,14088.0,110.0,0.0,0.937,0.8679,0.8542,0.821,0.7679,o,33.0,,5820.0,
219639,2003,19517.0,105.0,0.0,0.6456,0.6012,0.5924,0.5709,0.7821,o,84.0,,5710.0,268.0
219639,2004,24249.0,104.0,0.0,0.5147,0.7186,0.77,0.9152,3.1622,o,35.0,,5970.0,272.0
219639,2005,23689.0,135.0,0.0,0.6839,0.9187,0.9766,1.1376,2.7674,o,43.0,,8048.0,287.0
219639,2006,23672.0,211.0,0.0,1.0696,1.1487,1.1657,1.2095,1.2787,o,42.0,177.0,10127.0,355.0
219639,2007,24150.0,161.0,0.0,0.8,0.7292,0.7154,0.6819,0.7265,o,49.0,229.0,11191.0,403.0
219639,2008,25999.0,201.0,0.0,0.9277,0.8583,0.8446,0.8113,0.7647,o,51.0,192.0,11926.0,424.0
219639,2009,26292.0,166.0,0.0,0.7576,0.8143,0.8265,0.8579,1.2821,o,55.0,213.0,12978.0,461.0
219639,2010,26580.0,200.0,0.0,0.9029,0.9626,0.9755,1.0083,1.2471,o,53.0,168.0,13909.0,490.0
219639,2011,25920.0,178.0,0.0,0.8241,0.866,0.875,0.8978,1.1868,o,35.0,154.0,14336.0,497.0
219639,2012,24391.0,207.0,0.0,1.0184,0.9813,0.9738,0.9554,0.88,o,67.0,262.0,14504.0,549.0
219639,2013,27720.0,207.0,0.0,0.8961,0.8862,0.8841,0.879,0.9623,o,88.0,203.0,15814.0,552.0
219639,2014,28337.0,214.0,0.0,0.9062,1.0063,1.0284,1.0857,1.4352,o,73.0,234.0,16431.0,563.0
219639,2015,30317.0,184.0,1.0,0.7303,0.8701,0.9022,0.9878,1.8295,o,59.0,161.0,13593.0,596.0
219639,2016,28375.0,266.0,1.0,1.127,1.2145,1.2335,1.2821,1.2941,o,66.0,207.0,14121.0,601.0
219639,2017,27979.0,253.0,9.0,1.1044,1.0376,1.0243,0.9918,0.8065,o,86.0,225.0,14283.0,627.0
219639,2018,28006.0,239.0,8.0,1.0412,1.024,1.0205,1.0117,0.9441,o,105.0,186.0,14384.0,638.0
219639,2019,26561.0,235.0,5.0,1.073,1.1944,1.2211,1.2907,1.447,o,94.0,185.0,14520.0,633.0
219639,2020,24910.0,218.0,4.0,1.0598,1.2128,1.2471,1.3372,1.592,o,70.0,177.0,14822.0,628.0
219639,2021,25189.0,144.0,7.0,0.7027,0.7183,0.7216,0.7299,1.0789,o,68.0,160.0,14674.0,596.0
219639,2022,22905.0,183.0,11.0,0.9876,0.8987,0.8814,0.8394,0.7225,o,38.0,115.0,13792.0,612.0
219639,2023,20367.0,199.0,25.0,1.2461,1.0381,0.9996,0.9095,0.5327,o,43.0,113.0,13538.0,549.0
219639,2024,18094.0,145.0,16.0,1.0147,0.827,0.7927,0.7131,0.4939,o,105.0,169.0,13846.0,679.0
219709,1998,72318.0,528.0,1.0,0.877,0.9152,0.9234,0.944,1.1588,o,,,,
219709,1999,69771.0,492.0,0.0,0.8462,0.7704,0.7556,0.7198,0.7236,o,,,,
219709,2000,66934.0,533.0,0.0,0.9556,0.8801,0.8653,0.8293,0.7531,o,,,,
219709,2001,71315.0,543.0,0.0,0.9137,0.9339,0.9382,0.9489,1.0785,o,,,,
219709,2002,75242.0,528.0,0.0,0.8421,0.8859,0.8952,0.919,1.191,o,528.0,,23212.0,
219709,2003,79912.0,526.0,0.0,0.7899,0.8209,0.8274,0.8441,1.1419,o,603.0,,24556.0,656.0
219709,2004,93941.0,582.0,0.0,0.7434,0.7759,0.7828,0.8003,1.1588,o,731.0,,26457.0,657.0
219709,2005,84438.0,649.0,0.0,0.9223,1.0089,1.0278,1.0767,1.3626,o,797.0,,26107.0,831.0
219709,2006,106372.0,748.0,0.0,0.8438,0.944,0.9661,1.0238,1.4721,o,767.0,440.0,26955.0,734.0
219709,2007,111049.0,794.0,0.0,0.858,0.9426,0.9611,1.009,1.3828,o,804.0,529.0,27857.0,784.0
219709,2008,113778.0,915.0,0.0,0.965,1.0119,1.0219,1.0473,1.1777,o,934.0,393.0,28945.0,865.0
219709,2009,126297.0,973.0,0.0,0.9245,0.9597,0.9671,0.986,1.1374,o,990.0,393.0,30373.0,835.0
219709,2010,131899.0,1019.0,0.0,0.9271,0.9845,0.9968,1.0282,1.2302,o,1020.0,428.0,31964.0,862.0
219709,2011,139792.0,986.0,0.0,0.8464,0.9091,0.9226,0.9574,1.2794,o,1163.0,634.0,33056.0,889.0
219709,2012,143716.0,1077.0,0.0,0.8993,0.9607,0.974,1.0078,1.256,o,1267.0,537.0,33961.0,1010.0
219709,2013,159318.0,1145.0,0.0,0.8624,0.9228,0.9359,0.9692,1.263,o,1248.0,466.0,34930.0,970.0
219709,2014,164773.0,1194.0,0.0,0.8696,0.928,0.9405,0.9727,1.2512,o,1396.0,466.0,36048.0,1004.0
219709,2015,174438.0,1286.0,0.0,0.8847,0.9352,0.946,0.9736,1.2112,o,1388.0,401.0,37415.0,1022.0
219709,2016,181300.0,1373.0,0.0,0.9088,0.9453,0.9531,0.9727,1.1457,o,1571.0,402.0,38893.0,1039.0
219709,2017,189600.0,1374.0,0.0,0.8696,0.9116,0.9205,0.9433,1.1765,o,1568.0,395.0,40016.0,1047.0
219709,2018,197280.0,1482.0,0.0,0.9015,0.9475,0.9573,0.9822,1.1872,o,1568.0,449.0,40903.0,1047.0
219709,2019,202894.0,1528.0,0.0,0.9037,0.9355,0.9422,0.9592,1.1264,o,1684.0,420.0,41865.0,1075.0
219709,2020,208870.0,1684.0,0.0,0.9675,0.9943,1.0,1.0143,1.099,o,1595.0,390.0,42849.0,1047.0
219709,2021,205538.0,1552.0,0.0,0.9061,0.9176,0.9201,0.9261,1.0446,o,1834.0,464.0,43223.0,1000.0
219709,2022,215581.0,1496.0,0.0,0.8327,0.8546,0.8592,0.8708,1.0934,o,1917.0,393.0,42159.0,916.0
219709,2023,224447.0,1522.0,0.0,0.8137,0.8481,0.8554,0.8739,1.1534,o,1669.0,321.0,41251.0,891.0
219709,2024,223469.0,1610.0,0.0,0.8645,0.8873,0.8921,0.9041,1.0936,o,1547.0,341.0,41320.0,855.0
219718,1998,20370.0,68.0,0.0,0.4006,0.4019,0.4022,0.4029,1.0117,o,,,,
219718,1999,20377.0,142.0,0.0,0.8362,0.713,0.6899,0.6352,0.5771,o,,,,
219718,2000,20552.0,160.0,0.0,0.9342,0.8373,0.8185,0.7735,0.6855,o,,,,
219718,2001,25117.0,156.0,0.0,0.7453,0.767,0.7715,0.7831,1.1038,o,,,,
219718,2002,27772.0,193.0,0.0,0.8339,0.9821,1.0159,1.1056,1.7578,o,140.0,,14170.0,
219718,2003,34888.0,234.0,0.0,0.8049,0.8537,0.8641,0.8909,1.2251,o,132.0,,13901.0,495.0
219718,2004,44229.0,259.0,0.0,0.7027,0.6919,0.6896,0.6841,0.9477,o,260.0,,15522.0,377.0
219718,2005,51173.0,301.0,0.0,0.7058,0.7758,0.7911,0.8307,1.3852,o,236.0,,15500.0,328.0
219718,2006,55044.0,279.0,0.0,0.6082,0.7157,0.7402,0.8052,1.7526,o,245.0,,15606.0,381.0
219718,2007,55582.0,388.0,0.0,0.8377,0.9883,1.0227,1.114,1.7684,o,254.0,58.0,16826.0,373.0
219718,2008,70683.0,372.0,0.0,0.6316,0.6773,0.6872,0.7126,1.273,o,260.0,56.0,17106.0,334.0
219718,2009,62718.0,421.0,0.0,0.8055,0.8139,0.8156,0.82,1.0363,o,352.0,72.0,17614.0,408.0
219718,2010,77432.0,456.0,0.0,0.7067,0.7578,0.7688,0.7971,1.2723,o,432.0,232.0,17500.0,375.0
219718,2011,117407.0,433.0,0.0,0.4426,0.5045,0.5184,0.5547,1.5711,o,832.0,994.0,17089.0,359.0
219718,2013,140556.0,725.0,6.0,0.6215,0.8539,0.9119,1.0748,2.9902,o,613.0,526.0,19410.0,400.0
219718,2014,145552.0,822.0,21.0,0.6864,0.8458,0.8831,0.9839,2.0548,o,515.0,504.0,20689.0,381.0
219718,2015,122810.0,800.0,39.0,0.8007,0.7747,0.7695,0.7564,0.8924,o,517.0,391.0,20514.0,421.0
219718,2016,110841.0,747.0,45.0,0.8331,0.7056,0.6817,0.6256,0.5639,o,407.0,632.0,20372.0,414.0
219718,2017,103364.0,755.0,53.0,0.9073,0.7722,0.7469,0.6871,0.5736,o,456.0,510.0,20096.0,418.0
219718,2018,83353.0,675.0,39.0,0.9998,0.9251,0.9104,0.8745,0.7651,o,412.0,355.0,20628.0,475.0
219718,2019,87266.0,614.0,60.0,0.8856,0.8422,0.8335,0.8122,0.8411,o,569.0,428.0,20197.0,378.0
219718,2022,68202.0,411.0,115.0,0.8243,0.8584,0.8656,0.8839,1.1498,o,339.0,580.0,19178.0,293.0
219718,2023,61481.0,793.0,291.0,1.8318,1.7638,1.75,1.7161,0.8777,o,402.0,277.0,18097.0,275.0
219718,2024,61218.0,391.0,78.0,0.8429,0.7629,0.7473,0.7098,0.7091,o,288.0,262.0,18168.0,246.0
219790,1998,14620.0,96.0,0.0,0.788,0.7846,0.7839,0.7821,0.9852,o,,,,
219790,1999,16082.0,81.0,1.0,0.6081,0.5972,0.595,0.5894,0.9394,o,,,,
219790,2000,16087.0,107.0,0.0,0.7982,0.8345,0.8422,0.8619,1.166,o,,,,
219790,2001,18768.0,106.0,1.0,0.6809,0.7157,0.7231,0.742,1.1873,o,,,,
219790,2002,18861.0,124.0,0.0,0.7889,0.8073,0.8111,0.8208,1.0824,o,151.0,,21133.0,
219790,2003,18875.0,149.0,1.0,0.9505,0.9467,0.9459,0.944,0.9864,o,134.0,,21582.0,453.0
219790,2004,19173.0,127.0,0.0,0.7949,0.7707,0.7658,0.7537,0.8991,o,133.0,,22388.0,462.0
219790,2005,21237.0,132.0,0.0,0.7459,0.7197,0.7144,0.7013,0.8841,o,184.0,,22695.0,447.0
219790,2006,23326.0,175.0,0.0,0.9003,0.9229,0.9277,0.9396,1.0893,o,197.0,,23060.0,462.0
219790,2007,27604.0,213.0,0.0,0.926,1.0073,1.025,1.0706,1.3368,o,234.0,40.0,23366.0,442.0
219790,2008,29934.0,247.0,0.0,0.9902,1.1377,1.1709,1.258,1.6142,o,213.0,32.0,23881.0,454.0
219790,2009,32305.0,286.0,0.0,1.0624,1.1737,1.1982,1.2615,1.4101,o,191.0,52.0,24489.0,458.0
219790,2010,34893.0,303.0,1.0,1.0438,1.0617,1.0654,1.0748,1.0604,o,233.0,36.0,25531.0,455.0
219790,2011,37525.0,353.0,0.0,1.1288,1.1235,1.1224,1.1196,0.9838,o,236.0,47.0,25992.0,449.0
219790,2012,37838.0,300.0,0.0,0.9514,0.9648,0.9676,0.9746,1.0492,o,198.0,49.0,26600.0,432.0
219790,2013,38701.0,286.0,1.0,0.8883,0.907,0.9109,0.9207,1.0743,o,187.0,31.0,26936.0,386.0
219790,2014,40288.0,293.0,4.0,0.8787,0.8544,0.8495,0.8373,0.908,o,188.0,32.0,27846.0,382.0
219790,2015,39770.0,323.0,9.0,0.9882,0.9261,0.9138,0.8836,0.7996,o,164.0,80.0,28981.0,345.0
219790,2016,31991.0,267.0,8.0,1.0165,0.9566,0.9447,0.9155,0.8111,o,208.0,44.0,30207.0,398.0
219790,2017,32766.0,230.0,7.0,0.8552,0.8467,0.8449,0.8406,0.9662,o,177.0,60.0,31169.0,381.0
219790,2018,28245.0,201.0,7.0,0.8688,0.8755,0.8769,0.8803,1.0267,o,192.0,52.0,31905.0,442.0
219790,2019,29938.0,212.0,14.0,0.8778,0.8899,0.8924,0.8988,1.0483,o,195.0,34.0,32701.0,385.0
219790,2020,30362.0,221.0,9.0,0.8912,0.9015,0.9037,0.909,1.0403,o,216.0,30.0,33534.0,370.0
219790,2021,28591.0,189.0,4.0,0.8017,0.817,0.8202,0.8283,1.0675,o,232.0,40.0,19901.0,369.0
219790,2022,30920.0,201.0,4.0,0.7878,0.8334,0.8432,0.8681,1.2141,o,218.0,70.0,19045.0,330.0
219790,2023,31405.0,141.0,4.0,0.5464,0.5708,0.576,0.5892,1.1628,o,194.0,53.0,18529.0,325.0
219790,2024,30460.0,183.0,4.0,0.7288,0.7293,0.7294,0.7297,1.0024,o,202.0,47.0,18900.0,337.0
219806,1998,59610.0,426.0,0.0,0.8576,0.8544,0.8538,0.8522,0.9874,o,,,,
219806,1999,61952.0,420.0,0.0,0.8135,0.8179,0.8188,0.8211,1.0188,o,,,,
219806,2000,56169.0,444.0,0.0,0.9486,0.9314,0.9278,0.9191,0.9388,o,,,,
219806,2001,59808.0,445.0,0.0,0.8929,0.8794,0.8767,0.8698,0.949,o,,,,
219806,2002,59736.0,380.0,0.0,0.7634,0.7572,0.7559,0.7527,0.9724,o,431.0,,21445.0,
219806,2003,59808.0,397.0,0.0,0.7965,0.8044,0.806,0.8101,1.0344,o,367.0,,21905.0,655.0
219806,2004,57140.0,394.0,0.0,0.8274,0.8212,0.82,0.8168,0.9744,o,451.0,,22587.0,705.0
219806,2005,53989.0,390.0,0.0,0.8668,0.8587,0.857,0.8529,0.968,o,449.0,,22051.0,760.0
219806,2006,56520.0,403.0,0.0,0.8556,0.8726,0.8762,0.8851,1.0702,o,438.0,,23745.0,719.0
219806,2007,54213.0,368.0,0.0,0.8146,0.8399,0.8453,0.8588,1.1115,o,436.0,,23139.0,750.0
219806,2008,56098.0,347.0,0.0,0.7423,0.7567,0.7597,0.7673,1.0685,o,444.0,123.0,24847.0,469.0
219806,2009,55068.0,331.0,0.0,0.7213,0.7166,0.7156,0.7132,0.9778,o,513.0,114.0,25611.0,497.0
219806,2010,56960.0,326.0,0.0,0.6868,0.7021,0.7053,0.7134,1.0789,o,428.0,141.0,26734.0,514.0
219806,2011,52278.0,326.0,0.0,0.7483,0.7645,0.7679,0.7765,1.0767,o,446.0,105.0,28703.0,555.0
219806,2012,50384.0,333.0,0.0,0.7931,0.7915,0.7912,0.7904,0.9932,o,453.0,105.0,29631.0,548.0
219806,2013,49063.0,328.0,1.0,0.8035,0.789,0.7861,0.7787,0.9394,o,480.0,116.0,30281.0,529.0
219806,2014,45674.0,328.0,3.0,0.8657,0.8636,0.8631,0.862,0.9915,o,491.0,104.0,31198.0,581.0
219806,2015,53167.0,308.0,0.0,0.6952,0.7167,0.7213,0.7327,1.111,o,497.0,90.0,31932.0,446.0
219806,2016,54676.0,341.0,2.0,0.7506,0.7714,0.7758,0.7869,1.099,o,505.0,88.0,32878.0,431.0
219806,2017,54528.0,380.0,12.0,0.8495,0.8672,0.871,0.8803,1.074,o,395.0,84.0,33603.0,438.0
219806,2018,51817.0,356.0,19.0,0.8464,0.828,0.8242,0.8149,0.9269,o,483.0,107.0,34148.0,439.0
219806,2019,54056.0,389.0,26.0,0.8924,0.8624,0.8563,0.8413,0.8887,o,557.0,100.0,34044.0,423.0
219806,2020,54453.0,429.0,21.0,0.9685,0.9791,0.9812,0.9867,1.0379,o,383.0,64.0,34736.0,434.0
219806,2021,50123.0,324.0,57.0,0.8439,0.8546,0.8569,0.8625,1.0444,o,395.0,92.0,34433.0,406.0
219806,2022,49419.0,357.0,45.0,0.9215,0.8898,0.8833,0.8674,0.8861,o,301.0,104.0,34359.0,395.0
219806,2023,44345.0,372.0,36.0,1.0554,0.9393,0.917,0.8634,0.6692,o,367.0,100.0,34160.0,393.0
219806,2024,44811.0,302.0,28.0,0.8462,0.7664,0.7509,0.7134,0.7106,o,373.0,95.0,34700.0,367.0
219824,1998,231180.0,0.0,510.0,0.1324,0.1328,0.1339,0.1344,1.0472,o,,,,
219824,1999,158215.0,0.0,546.0,0.2071,0.2064,0.2046,0.2039,0.9539,o,,,,
219824,2000,154893.0,0.0,557.0,0.2158,0.2147,0.212,0.2108,0.9322,o,,,,
219824,2001,150023.0,0.0,531.0,0.2124,0.2123,0.2123,0.2123,0.9987,o,,,,
219824,2002,162153.0,0.0,555.0,0.2054,0.2078,0.214,0.2169,1.1799,o,1390.0,,2856.0,
219824,2003,160668.0,0.0,594.0,0.2218,0.2234,0.2277,0.2296,1.1098,o,1385.0,,3010.0,103.0
219824,2004,162058.0,0.0,655.0,0.2425,0.2427,0.2432,0.2434,1.0117,o,1343.0,,3473.0,122.0
219824,2005,123957.0,0.0,624.0,0.302,0.3014,0.2996,0.2988,0.9679,o,1271.0,,3578.0,160.0
219824,2007,157355.0,0.0,693.0,0.2642,0.2648,0.2663,0.267,1.0314,o,1354.0,646.0,3791.0,131.0
219824,2008,156685.0,0.0,651.0,0.2493,0.2499,0.2514,0.2521,1.034,o,1415.0,560.0,4170.0,137.0
219824,2009,170812.0,0.0,617.0,0.2167,0.2174,0.2193,0.2201,1.0474,o,1665.0,692.0,4024.0,148.0
219824,2010,192205.0,0.0,745.0,0.2326,0.2356,0.2435,0.2472,1.2026,o,1843.0,706.0,4277.0,144.0
219824,2011,214135.0,0.0,844.0,0.2365,0.2395,0.2473,0.2509,1.1968,o,1758.0,808.0,4593.0,139.0
219824,2012,208902.0,0.0,897.0,0.2576,0.2577,0.2578,0.2578,1.0023,o,1589.0,750.0,4641.0,153.0
219824,2013,204795.0,0.0,1004.0,0.2941,0.2916,0.2851,0.2823,0.8825,o,1638.0,658.0,4752.0,158.0
219824,2014,189345.0,0.0,1046.0,0.3315,0.331,0.3297,0.3291,0.9788,o,1558.0,673.0,4807.0,158.0
219824,2015,173634.0,0.0,935.0,0.3231,0.3223,0.3203,0.3194,0.9656,o,2010.0,584.0,5030.0,166.0
219824,2016,179790.0,0.0,1129.0,0.3768,0.3829,0.399,0.4064,1.2578,o,1765.0,544.0,5151.0,139.0
219824,2017,167644.0,0.0,1077.0,0.3855,0.3852,0.3844,0.3841,0.9894,o,1732.0,570.0,5179.0,141.0
219824,2018,161445.0,0.0,1132.0,0.4207,0.4182,0.4118,0.4089,0.9176,o,1842.0,683.0,5064.0,133.0
219824,2019,163003.0,0.0,1128.0,0.4152,0.4167,0.4207,0.4224,1.0535,o,1690.0,597.0,4958.0,116.0
219824,2020,158757.0,0.0,1161.0,0.4388,0.4371,0.4327,0.4308,0.9457,o,1440.0,490.0,4883.0,110.0
219824,2021,140190.0,0.0,1147.0,0.4909,0.4839,0.4665,0.4589,0.8154,o,1294.0,418.0,4742.0,118.0
219824,2022,136053.0,0.0,1163.0,0.5129,0.5061,0.4891,0.4817,0.8268,o,1308.0,324.0,4860.0,107.0
219824,2023,133540.0,0.0,991.0,0.4453,0.4439,0.4404,0.4388,0.9568,o,1291.0,317.0,4586.0,77.0
219824,2024,136182.0,0.0,898.0,0.3956,0.3954,0.3949,0.3946,0.9923,o,1355.0,501.0,4550.0,71.0
219833,1998,47262.0,260.0,0.0,0.6601,0.6369,0.6323,0.6207,0.8839,o,,,,
219833,1999,48087.0,298.0,0.0,0.7437,0.7369,0.7355,0.7321,0.9691,o,,,,
219833,2000,45612.0,275.0,0.0,0.7235,0.6847,0.677,0.658,0.8271,o,,,,
219833,2001,47689.0,288.0,0.0,0.7247,0.6638,0.6519,0.623,0.7389,o,,,,
219833,2002,45745.0,323.0,0.0,0.8473,0.8084,0.8006,0.7813,0.8503,o,235.0,,26503.0,
219833,2003,43365.0,322.0,0.0,0.891,0.8815,0.8796,0.8747,0.9636,o,281.0,,27598.0,520.0
219833,2004,42243.0,267.0,0.0,0.7585,0.7727,0.7757,0.7831,1.0661,o,249.0,,28424.0,537.0
219833,2005,43265.0,313.0,0.0,0.8681,0.8662,0.8659,0.8649,0.9925,o,258.0,,28506.0,552.0
219833,2006,41518.0,258.0,0.0,0.7457,0.7362,0.7342,0.7293,0.9566,o,282.0,,29027.0,534.0
219833,2007,42090.0,252.0,0.0,0.7185,0.728,0.73,0.735,1.0465,o,321.0,101.0,29582.0,504.0
219833,2008,42244.0,260.0,0.0,0.7386,0.7667,0.7727,0.7878,1.1377,o,308.0,83.0,31257.0,513.0
219833,2009,42117.0,233.0,0.0,0.6639,0.7067,0.7159,0.7394,1.2406,o,301.0,83.0,32517.0,515.0
219833,2010,42637.0,257.0,0.0,0.7233,0.749,0.7544,0.7681,1.1278,o,289.0,57.0,33922.0,558.0
219833,2011,43568.0,245.0,0.0,0.6748,0.6706,0.6697,0.6675,0.9784,o,307.0,82.0,34717.0,514.0
219833,2012,52502.0,309.0,0.0,0.7063,0.6953,0.6931,0.6875,0.9475,o,254.0,68.0,35526.0,442.0
219833,2013,36284.0,259.0,0.0,0.8566,0.8364,0.8323,0.8221,0.9212,o,263.0,69.0,36481.0,559.0
219833,2014,34754.0,245.0,0.0,0.8459,0.8142,0.8077,0.7919,0.8763,o,351.0,119.0,37141.0,562.0
219833,2015,39691.0,236.0,0.0,0.7135,0.7197,0.721,0.7242,1.0302,o,312.0,94.0,38107.0,567.0
219833,2016,44268.0,235.0,2.0,0.6397,0.6715,0.6783,0.6955,1.1818,o,337.0,92.0,39108.0,571.0
219833,2017,46346.0,261.0,4.0,0.681,0.7274,0.7374,0.763,1.2553,o,385.0,93.0,39340.0,547.0
219833,2018,47022.0,308.0,6.0,0.7937,0.8319,0.84,0.8606,1.1759,o,395.0,59.0,39719.0,550.0
219833,2019,46850.0,283.0,9.0,0.7364,0.7719,0.7795,0.7987,1.1765,o,340.0,67.0,40047.0,546.0
219833,2020,45637.0,284.0,10.0,0.7599,0.7878,0.7937,0.8087,1.1325,o,283.0,90.0,40674.0,548.0
219833,2021,43021.0,288.0,7.0,0.8131,0.779,0.7722,0.7553,0.8629,o,271.0,78.0,40713.0,479.0
219833,2022,39806.0,332.0,7.0,1.0114,0.9159,0.8973,0.8524,0.7103,o,175.0,48.0,38199.0,464.0
219833,2023,33678.0,292.0,2.0,1.044,0.9032,0.8765,0.8133,0.6068,o,200.0,78.0,36769.0,460.0
219833,2024,31975.0,259.0,2.0,0.9758,0.8422,0.8169,0.757,0.6019,o,175.0,106.0,37300.0,427.0
219842,2016,2732.0,0.0,0.0,0.0,0.0,0.0,0.0,,n,,,,325.0
219842,2017,2956.0,0.0,0.0,0.0,0.0,0.0,0.0,,n,,,,213.0
219842,2018,2657.0,0.0,0.0,0.0,0.0,0.0,0.0,,n,,,,285.0
219842,2020,2378.0,0.0,0.0,0.0,0.0,0.0,0.0,,n,,,,288.0
219842,2021,1589.0,0.0,0.0,0.0,0.0,0.0,0.0,,n,,,,286.0
219842,2022,1736.0,0.0,0.0,0.0,0.0,0.0,0.0,,n,,,,291.0
219842,2023,1702.0,0.0,0.0,0.0,0.0,0.0,0.0,,n,,,,273.0
219842,2024,1238.0,0.0,0.0,0.0,0.0,0.0,0.0,,n,,,,283.0
219879,1998,68722.0,0.0,257.0,0.2244,0.2243,0.2242,0.2241,0.9964,o,,,,
219879,1999,63374.0,0.0,263.0,0.249,0.2479,0.245,0.2437,0.9366,o,,,,
219879,2000,64171.0,0.0,301.0,0.2814,0.2785,0.2712,0.268,0.8627,o,,,,
219879,2001,62442.0,0.0,314.0,0.3017,0.3021,0.3032,0.3037,1.02,o,,,,
219879,2002,66596.0,0.0,266.0,0.2397,0.2431,0.2522,0.2564,1.227,o,580.0,,2832.0,
219879,2003,67247.0,0.0,287.0,0.2561,0.2569,0.2589,0.2598,1.045,o,624.0,,2969.0,67.0
219879,2004,66555.0,0.0,254.0,0.229,0.2299,0.2322,0.2333,1.0576,o,657.0,,3461.0,88.0
219879,2005,63125.0,0.0,291.0,0.2766,0.2783,0.2827,0.2847,1.0914,o,591.0,,3549.0,70.0
219879,2006,62881.0,0.0,291.0,0.2777,0.2761,0.2721,0.2704,0.9227,o,604.0,163.0,3747.0,75.0
219879,2007,60511.0,0.0,252.0,0.2499,0.2493,0.2478,0.2472,0.9679,o,572.0,160.0,3637.0,84.0
219879,2008,62580.0,0.0,277.0,0.2656,0.2648,0.2627,0.2618,0.9573,o,665.0,202.0,3859.0,87.0
219879,2009,69070.0,0.0,291.0,0.2528,0.255,0.2607,0.2633,1.131,o,753.0,210.0,3998.0,105.0
219879,2010,77804.0,0.0,322.0,0.2483,0.2518,0.2608,0.265,1.2175,o,716.0,217.0,4164.0,101.0
219879,2011,80583.0,0.0,354.0,0.2636,0.2638,0.2642,0.2644,1.0099,o,764.0,180.0,4329.0,108.0
219879,2012,79369.0,0.0,372.0,0.2812,0.282,0.284,0.2849,1.0402,o,731.0,185.0,4578.0,111.0
219879,2013,75000.0,0.0,372.0,0.2976,0.2973,0.2967,0.2964,0.9878,o,743.0,197.0,4691.0,112.0
219879,2014,72856.0,0.0,447.0,0.3681,0.368,0.3676,0.3674,0.994,o,756.0,182.0,4746.0,108.0
219879,2015,68626.0,0.0,369.0,0.3226,0.3232,0.3247,0.3253,1.0258,o,835.0,163.0,4975.0,102.0
219879,2016,69407.0,0.0,396.0,0.3423,0.3449,0.3517,0.3548,1.1141,o,807.0,127.0,5117.0,103.0
219879,2017,67681.0,0.0,392.0,0.3475,0.3479,0.3488,0.3492,1.0145,o,720.0,137.0,5154.0,94.0
219879,2018,60642.0,0.0,509.0,0.5036,0.499,0.4874,0.4823,0.877,o,749.0,205.0,5158.0,90.0
219879,2019,65366.0,0.0,387.0,0.3552,0.3548,0.3535,0.353,0.981,o,844.0,161.0,5168.0,76.0
219879,2020,68745.0,0.0,462.0,0.4032,0.4072,0.4175,0.4222,1.1491,o,728.0,107.0,5214.0,72.0
219879,2021,62180.0,0.0,453.0,0.4371,0.4344,0.4274,0.4243,0.914,o,707.0,122.0,5063.0,77.0
219879,2022,60329.0,0.0,449.0,0.4466,0.4433,0.4349,0.4312,0.8995,o,736.0,103.0,4827.0,85.0
219879,2023,61185.0,0.0,475.0,0.4658,0.4666,0.4688,0.4697,1.0258,o,701.0,100.0,4555.0,42.0
219879,2024,61143.0,0.0,454.0,0.4455,0.4446,0.4423,0.4413,0.9716,o,694.0,122.0,4530.0,41.0
219888,1998,85560.0,0.0,394.0,0.2763,0.2783,0.2836,0.286,1.1098,o,,,,
219888,1999,92725.0,0.0,459.0,0.297,0.2978,0.2997,0.3006,1.0366,o,,,,
219888,2000,91256.0,0.0,418.0,0.2748,0.2748,0.2746,0.2746,0.997,o,,,,
219888,2001,89284.0,0.0,476.0,0.3199,0.3189,0.3163,0.3151,0.9557,o,,,,
219888,2003,101155.0,0.0,475.0,0.2817,0.2824,0.284,0.2847,1.0319,o,837.0,,2959.0,84.0
219888,2004,99737.0,0.0,467.0,0.2809,0.2799,0.2772,0.276,0.9479,o,902.0,,3408.0,100.0
219888,2005,99484.0,0.0,534.0,0.3221,0.3233,0.3264,0.3278,1.055,o,821.0,,3530.0,95.0
219888,2006,96776.0,0.0,517.0,0.3205,0.3192,0.316,0.3145,0.9442,o,974.0,359.0,3713.0,113.0
219888,2007,91888.0,0.0,497.0,0.3245,0.3273,0.3346,0.3379,1.1306,o,1041.0,433.0,3855.0,122.0
219888,2008,94202.0,0.0,472.0,0.3006,0.3038,0.312,0.3157,1.1599,o,984.0,377.0,3812.0,116.0
219888,2009,97387.0,0.0,483.0,0.2976,0.2971,0.2958,0.2953,0.9767,o,1310.0,437.0,3952.0,123.0
219888,2010,111471.0,0.0,543.0,0.2923,0.2976,0.3117,0.3182,1.2938,o,1350.0,543.0,4153.0,113.0
219888,2011,112226.0,0.0,540.0,0.2887,0.292,0.3007,0.3047,1.177,o,1406.0,499.0,4290.0,108.0
219888,2012,105767.0,0.0,611.0,0.3466,0.348,0.3515,0.353,1.0571,o,1170.0,479.0,4581.0,121.0
219888,2013,101498.0,0.0,599.0,0.3541,0.3501,0.3399,0.3355,0.8491,o,982.0,311.0,4693.0,128.0
219888,2014,100545.0,0.0,626.0,0.3736,0.3665,0.3491,0.3416,0.7624,o,1010.0,334.0,4749.0,128.0
219888,2015,97349.0,0.0,687.0,0.4234,0.4216,0.4168,0.4147,0.9387,o,1485.0,367.0,4959.0,138.0
219888,2016,104813.0,0.0,662.0,0.379,0.3897,0.4188,0.4324,1.491,o,1507.0,299.0,5081.0,118.0
219888,2017,109156.0,0.0,661.0,0.3633,0.3682,0.3809,0.3867,1.208,o,1637.0,356.0,5118.0,112.0
219888,2018,119487.0,0.0,767.0,0.3851,0.3876,0.3939,0.3968,1.0943,o,1775.0,463.0,5178.0,104.0
219888,2019,119593.0,0.0,779.0,0.3908,0.3942,0.4029,0.4068,1.1291,o,1745.0,341.0,5209.0,111.0
219888,2020,129510.0,0.0,881.0,0.4082,0.4088,0.4105,0.4112,1.0229,o,1577.0,268.0,5507.0,101.0
219888,2021,122105.0,0.0,915.0,0.4496,0.4462,0.4374,0.4336,0.896,o,1453.0,272.0,5348.0,105.0
219888,2022,110017.0,0.0,934.0,0.5094,0.5046,0.4926,0.4874,0.8748,o,1233.0,241.0,5119.0,106.0
219888,2023,100357.0,0.0,812.0,0.4855,0.4785,0.4611,0.4536,0.8139,o,1248.0,277.0,4830.0,79.0
219888,2024,107771.0,0.0,888.0,0.4944,0.4918,0.4854,0.4826,0.9293,o,1382.0,320.0,4904.0,68.0
219903,2000,15507.0,0.0,0.0,0.0,0.0,0.0,0.0,,-,,,,
219903,2017,18157.0,0.0,188.0,0.6212,0.6212,0.6212,0.6212,,-,394.0,,,997.0
219903,2018,19389.0,0.0,195.0,0.6034,0.6034,0.6034,0.6034,,-,391.0,,,895.0
219903,2019,21330.0,0.0,203.0,0.571,0.571,0.571,0.571,,-,350.0,,,797.0
219903,2022,33658.0,0.0,131.0,0.2335,0.2335,0.2335,0.2335,,-,371.0,,,459.0
219949,1998,26324.0,174.0,6.0,0.8069,0.7855,0.7811,0.7703,0.9115,o,,,,
219949,1999,28109.0,145.0,3.0,0.6254,0.6523,0.6579,0.6724,1.1559,o,,,,
219949,2000,34266.0,161.0,10.0,0.5813,0.6332,0.6445,0.6736,1.3427,o,,,,
219949,2002,27062.0,168.0,3.0,0.7516,0.7415,0.7394,0.7343,0.9544,o,188.0,,18968.0,
219949,2003,26240.0,168.0,2.0,0.7729,0.7413,0.7349,0.7193,0.8661,o,210.0,,19815.0,311.0
219949,2004,25901.0,175.0,5.0,0.8224,0.7972,0.7921,0.7795,0.8984,o,373.0,,20116.0,331.0
219949,2005,26614.0,170.0,2.0,0.771,0.8259,0.8377,0.868,1.2674,o,250.0,,19766.0,351.0
219949,2006,30715.0,203.0,0.0,0.7931,0.8929,0.9151,0.9729,1.5048,o,211.0,115.0,20791.0,403.0
219949,2007,28657.0,195.0,2.0,0.8207,0.8565,0.8641,0.8833,1.1583,o,212.0,158.0,21188.0,425.0
219949,2008,29558.0,193.0,2.0,0.7876,0.7176,0.704,0.6709,0.7256,o,196.0,166.0,22755.0,396.0
219949,2009,31068.0,213.0,1.0,0.8246,0.7294,0.7111,0.6673,0.6549,o,201.0,171.0,24057.0,423.0
219949,2010,30646.0,203.0,2.0,0.7988,0.7649,0.7581,0.7413,0.8612,o,164.0,197.0,24916.0,478.0
219949,2011,32977.0,198.0,1.0,0.7223,0.6921,0.686,0.671,0.8629,o,191.0,226.0,25484.0,490.0
219949,2012,37449.0,292.0,0.0,0.9357,0.8987,0.8912,0.8728,0.8701,o,213.0,201.0,26124.0,478.0
219949,2013,37122.0,296.0,0.0,0.9568,0.9617,0.9627,0.9652,1.0176,o,212.0,210.0,27003.0,434.0
219949,2014,39569.0,340.0,0.0,1.0311,1.0776,1.0875,1.1126,1.1644,o,178.0,220.0,26595.0,403.0
219949,2015,38692.0,347.0,0.0,1.0762,1.1059,1.1122,1.128,1.0986,o,200.0,207.0,26370.0,386.0
219949,2016,37580.0,348.0,3.0,1.116,1.0947,1.0903,1.0795,0.9356,o,447.0,200.0,27497.0,395.0
219949,2017,42927.0,333.0,29.0,0.9714,1.0973,1.1253,1.1986,1.5224,o,562.0,218.0,27038.0,348.0
219949,2018,52752.0,287.0,107.0,0.7746,1.0204,1.0803,1.2459,2.5872,o,602.0,174.0,27181.0,316.0
219949,2019,54510.0,274.0,164.0,0.7837,1.0859,1.1618,1.3753,3.0794,o,698.0,140.0,27930.0,314.0
219949,2020,58736.0,261.0,203.0,0.7406,0.9067,0.9455,1.0498,2.0093,o,633.0,111.0,28847.0,292.0
219949,2021,60058.0,271.0,228.0,0.7693,0.8336,0.8476,0.8835,1.3191,o,590.0,136.0,29631.0,294.0
219949,2022,57622.0,276.0,237.0,0.8216,0.8334,0.8359,0.8421,1.0507,o,630.0,124.0,27878.0,294.0
219949,2023,59868.0,313.0,266.0,0.894,0.8777,0.8743,0.866,0.9385,o,672.0,178.0,27328.0,315.0
219949,2024,65690.0,293.0,236.0,0.7508,0.746,0.745,0.7426,0.9782,o,681.0,176.0,27840.0,289.0
219976,1998,67875.0,389.0,0.0,0.6877,0.6586,0.6527,0.6383,0.8613,o,,,,
219976,1999,65235.0,403.0,0.0,0.7413,0.7134,0.7077,0.6938,0.8759,o,,,,
219976,2000,65235.0,431.0,0.0,0.7928,0.787,0.7858,0.7828,0.9749,o,,,,
219976,2002,67463.0,373.0,0.0,0.6635,0.6857,0.6904,0.7023,1.1206,o,520.0,,18084.0,
219976,2003,64693.0,389.0,0.0,0.7216,0.7242,0.7248,0.7262,1.0129,o,594.0,,18608.0,669.0
219976,2004,72315.0,412.0,0.0,0.6837,0.6714,0.6689,0.6626,0.9393,o,477.0,,20192.0,627.0
219976,2005,69428.0,469.0,0.0,0.8106,0.7899,0.7857,0.7752,0.9146,o,532.0,,20960.0,685.0
219976,2006,67381.0,482.0,0.0,0.8584,0.8365,0.8321,0.821,0.9148,o,574.0,118.0,21701.0,714.0
219976,2007,68687.0,477.0,0.0,0.8333,0.8316,0.8312,0.8303,0.9928,o,576.0,120.0,22528.0,728.0
219976,2008,69843.0,443.0,0.0,0.7611,0.777,0.7803,0.7887,1.0738,o,658.0,106.0,24600.0,559.0
219976,2009,73746.0,443.0,0.0,0.7209,0.7642,0.7735,0.7972,1.223,o,600.0,152.0,26733.0,579.0
219976,2010,77952.0,462.0,0.0,0.7112,0.7383,0.744,0.7585,1.1374,o,668.0,154.0,29147.0,652.0
219976,2011,81887.0,455.0,0.0,0.6668,0.6859,0.69,0.7001,1.1026,o,629.0,155.0,30711.0,728.0
219976,2012,83272.0,564.0,0.0,0.8128,0.8246,0.827,0.8332,1.0511,o,675.0,168.0,31966.0,787.0
219976,2013,84211.0,525.0,0.0,0.7481,0.756,0.7576,0.7617,1.0366,o,684.0,176.0,33091.0,792.0
219976,2014,87339.0,615.0,9.0,0.8512,0.8684,0.8721,0.8812,1.0718,o,629.0,206.0,34355.0,792.0
219976,2015,88711.0,565.0,0.0,0.7643,0.767,0.7676,0.769,1.0123,o,669.0,223.0,35757.0,818.0
219976,2016,91934.0,658.0,7.0,0.8634,0.8623,0.8621,0.8615,0.9954,o,637.0,222.0,37109.0,827.0
219976,2017,92086.0,687.0,0.0,0.8953,0.885,0.8829,0.8776,0.961,o,641.0,220.0,37933.0,812.0
219976,2018,91673.0,662.0,3.0,0.8685,0.8617,0.8603,0.8569,0.9733,o,671.0,171.0,38550.0,807.0
219976,2019,90039.0,741.0,0.0,0.9876,0.9906,0.9913,0.9929,1.0108,o,615.0,256.0,39222.0,802.0
219976,2020,90102.0,670.0,3.0,0.8943,0.8903,0.8895,0.8874,0.9847,o,692.0,187.0,40174.0,762.0
219976,2021,90058.0,692.0,0.0,0.9221,0.9281,0.9293,0.9325,1.0227,o,663.0,218.0,40554.0,733.0
219976,2022,89834.0,685.0,1.0,0.9157,0.9243,0.9261,0.9306,1.0328,o,699.0,200.0,39221.0,696.0
219976,2023,92380.0,663.0,0.0,0.8612,0.8757,0.8787,0.8863,1.0591,o,707.0,181.0,38458.0,659.0
219976,2024,94360.0,725.0,4.0,0.9245,0.9443,0.9485,0.9589,1.0757,o,719.0,169.0,38824.0,646.0
220002,1998,8200.0,0.0,94.0,0.6878,0.6878,0.6878,0.6878,,-,,,,
220002,1999,11067.0,0.0,64.0,0.347,0.347,0.347,0.347,,-,,,,
220002,2001,22077.0,0.0,61.0,0.1658,0.1658,0.1658,0.1658,,-,,,,
220002,2002,26730.0,0.0,69.0,0.1549,0.1549,0.1549,0.1549,,-,311.0,,11086.0,
220002,2003,53850.0,0.0,88.0,0.0981,0.0981,0.0981,0.0981,,-,459.0,,12235.0,409.0
220002,2005,26820.0,0.0,196.0,0.4385,0.4385,0.4385,0.4385,,-,402.0,,16096.0,441.0
220002,2006,18232.0,0.0,170.0,0.5595,0.5595,0.5595,0.5595,,-,279.0,,11218.0,437.0
220002,2007,16213.0,0.0,149.0,0.5514,0.5514,0.5514,0.5514,,-,92.0,9.0,14382.0,414.0
220002,2009,26220.0,0.0,86.0,0.1968,0.1968,0.1968,0.1968,,-,99.0,,18860.0,239.0
220002,2010,29220.0,0.0,78.0,0.1602,0.1602,0.1602,0.1602,,-,139.0,,20227.0,256.0
220002,2011,17717.0,62.0,282.0,1.3749,1.3749,1.3749,1.3749,,-,66.0,,20981.0,410.0
220002,2013,5544.0,20.0,70.0,1.1905,1.1905,1.1905,1.1905,,-,13.0,25.0,24062.0,1052.0
220002,2014,4352.0,9.0,51.0,0.9513,0.9513,0.9513,0.9513,,-,4.0,14.0,23699.0,878.0
220002,2015,4453.0,9.0,31.0,0.6602,0.6602,0.6602,0.6602,,-,46.0,48.0,22193.0,543.0
220002,2017,6952.0,4.0,13.0,0.1812,0.1812,0.1812,0.1812,,-,124.0,26.0,19122.0,551.0
220002,2018,5624.0,3.0,24.0,0.3201,0.3201,0.3201,0.3201,,-,53.0,27.0,18694.0,901.0
220002,2021,2450.0,2.0,14.0,0.4408,0.4408,0.4408,0.4408,,-,10.0,12.0,24190.0,538.0
220002,2022,1443.0,0.0,6.0,0.2494,0.2494,0.2494,0.2494,,-,4.0,1.0,24517.0,473.0
220057,1998,61950.0,0.0,178.0,0.1724,0.1736,0.1768,0.1783,1.1069,o,,,,
220057,1999,45522.0,0.0,188.0,0.2478,0.2476,0.2473,0.2471,0.9918,o,,,,
220057,2000,43828.0,0.0,184.0,0.2519,0.2502,0.2459,0.2441,0.9087,o,,,,
220057,2001,46151.0,0.0,186.0,0.2418,0.2431,0.2465,0.248,1.0794,o,,,,
220057,2002,49330.0,0.0,181.0,0.2202,0.2227,0.2292,0.2322,1.1756,o,557.0,,2822.0,
220057,2003,50279.0,0.0,172.0,0.2053,0.2059,0.2077,0.2085,1.049,o,676.0,,2959.0,72.0
220057,2004,55361.0,0.0,170.0,0.1842,0.1867,0.1933,0.1963,1.2115,o,594.0,,3424.0,79.0
220057,2005,53509.0,0.0,235.0,0.2635,0.2628,0.2611,0.2603,0.9635,o,585.0,,3546.0,77.0
220057,2006,52068.0,0.0,227.0,0.2616,0.2601,0.2563,0.2546,0.9213,o,547.0,,3728.0,89.0
220057,2007,51746.0,0.0,215.0,0.2493,0.248,0.2447,0.2432,0.9279,o,585.0,,3752.0,88.0
220057,2008,50425.0,0.0,187.0,0.2225,0.223,0.2244,0.2249,1.0336,o,634.0,165.0,3856.0,87.0
220057,2009,54334.0,0.0,213.0,0.2352,0.2371,0.242,0.2442,1.1201,o,878.0,239.0,3996.0,98.0
220057,2010,68560.0,0.0,215.0,0.1882,0.193,0.2061,0.2122,1.4405,o,945.0,221.0,4194.0,84.0
220057,2011,72950.0,0.0,260.0,0.2138,0.2172,0.2261,0.2302,1.25,o,900.0,228.0,4332.0,79.0
220057,2012,69845.0,0.0,280.0,0.2405,0.2403,0.2398,0.2395,0.9874,o,774.0,208.0,4608.0,88.0
220057,2013,66335.0,0.0,300.0,0.2713,0.268,0.2597,0.2561,0.839,o,628.0,167.0,4720.0,97.0
220057,2014,56521.0,0.0,326.0,0.3461,0.3392,0.3221,0.3148,0.7503,o,539.0,170.0,4775.0,103.0
220057,2015,49844.0,0.0,308.0,0.3708,0.364,0.3472,0.34,0.7689,o,622.0,176.0,4996.0,114.0
220057,2016,49881.0,0.0,287.0,0.3452,0.3468,0.3508,0.3526,1.066,o,609.0,139.0,5117.0,102.0
220057,2017,50166.0,0.0,299.0,0.3576,0.3588,0.3619,0.3633,1.0491,o,584.0,151.0,5391.0,102.0
220057,2018,49834.0,0.0,359.0,0.4322,0.4306,0.4266,0.4248,0.9488,o,636.0,230.0,5398.0,95.0
220057,2019,52235.0,0.0,360.0,0.4135,0.4154,0.4202,0.4224,1.0662,o,594.0,194.0,5168.0,87.0
220057,2020,53230.0,0.0,366.0,0.4125,0.4118,0.4098,0.4089,0.9738,o,545.0,178.0,5214.0,74.0
220057,2021,49241.0,0.0,370.0,0.4508,0.447,0.4374,0.4332,0.8862,o,556.0,154.0,5063.0,70.0
220057,2022,51472.0,0.0,407.0,0.4744,0.4736,0.4716,0.4707,0.9763,o,513.0,174.0,4838.0,82.0
220057,2023,54491.0,0.0,369.0,0.4063,0.4043,0.3992,0.397,0.9319,o,523.0,178.0,4565.0,39.0
220057,2024,59249.0,0.0,432.0,0.4375,0.4368,0.4351,0.4343,0.9785,o,601.0,209.0,4540.0,40.0
220066,1998,224.0,0.0,0.0,0.0,0.0,0.0,0.0,,-,,,,
220075,1998,260035.0,1296.0,116.0,0.6248,0.7158,0.7618,0.8293,1.7616,o,,,,
220075,1999,211590.0,1301.0,109.0,0.7688,0.804,0.8207,0.844,1.2054,o,,,,
220075,2000,256769.0,1397.0,88.0,0.6734,0.6613,0.6558,0.6484,0.927,o,,,,
220075,2001,252576.0,1359.0,61.0,0.6602,0.6527,0.6493,0.6447,0.9537,o,,,,
220075,2002,259011.0,1364.0,64.0,0.6468,0.6466,0.6465,0.6463,0.9987,o,1514.0,,5403.0,
220075,2003,263453.0,1499.0,27.0,0.6889,0.6902,0.6908,0.6917,1.008,o,1615.0,,5627.0,200.0
220075,2004,267416.0,1585.0,9.0,0.7133,0.7176,0.7196,0.7223,1.0256,o,1509.0,,6366.0,223.0
220075,2005,270532.0,1623.0,4.0,0.7208,0.7244,0.726,0.7283,1.0209,o,1595.0,,6533.0,221.0
220075,2006,270807.0,1715.0,0.0,0.76,0.7641,0.766,0.7687,1.0231,o,1740.0,,6991.0,228.0
220075,2007,280326.0,1698.0,0.0,0.7269,0.7381,0.7433,0.7504,1.0658,o,1939.0,1026.0,7013.0,225.0
220075,2008,291137.0,1694.0,0.0,0.6982,0.7262,0.7394,0.7577,1.1777,o,1968.0,1010.0,7151.0,232.0
220075,2009,301365.0,1878.0,0.0,0.7478,0.7903,0.8105,0.839,1.2587,o,2099.0,1173.0,7483.0,242.0
220075,2010,318341.0,1873.0,0.0,0.706,0.7405,0.7568,0.7797,1.2195,o,2099.0,1111.0,7909.0,236.0
220075,2011,331169.0,2028.0,0.0,0.7349,0.7585,0.7696,0.785,1.1411,o,2140.0,1253.0,8129.0,241.0
220075,2012,338971.0,2146.0,0.0,0.7597,0.7747,0.7817,0.7913,1.085,o,2082.0,1189.0,8532.0,269.0
220075,2013,328344.0,2314.0,0.0,0.8457,0.8533,0.8568,0.8617,1.0381,o,1881.0,1132.0,8977.0,309.0
220075,2014,311524.0,2320.0,0.0,0.8937,0.8814,0.8758,0.8683,0.944,o,2055.0,1057.0,9544.0,337.0
220075,2015,305637.0,2229.0,0.0,0.8752,0.8597,0.8527,0.8433,0.9285,o,1999.0,950.0,10009.0,347.0
220075,2016,307065.0,2320.0,0.0,0.9066,0.8979,0.8939,0.8884,0.9602,o,1886.0,1027.0,10570.0,360.0
220075,2017,303631.0,2326.0,0.0,0.9193,0.9149,0.9129,0.9102,0.9803,o,2050.0,1046.0,10633.0,367.0
220075,2018,309941.0,2442.0,0.0,0.9455,0.9455,0.9455,0.9455,1.0,o,1976.0,1139.0,10816.0,366.0
220075,2019,310863.0,2449.0,0.0,0.9454,0.9438,0.9431,0.9421,0.9931,o,1786.0,1104.0,10903.0,362.0
220075,2020,307302.0,2567.0,0.0,1.0024,0.9947,0.9912,0.9864,0.9683,o,1651.0,1231.0,11129.0,370.0
220075,2021,291745.0,2613.0,0.0,1.0748,1.0404,1.025,1.0043,0.8732,o,1856.0,1137.0,10807.0,362.0
220075,2022,281544.0,2470.0,0.0,1.0528,1.0185,1.0031,0.9826,0.8711,o,2056.0,1049.0,10354.0,346.0
220075,2023,283485.0,2440.0,0.0,1.0329,1.0426,1.0471,1.0532,1.0399,o,2141.0,926.0,10014.0,318.0
220075,2024,286066.0,2193.0,0.0,0.9199,0.9651,0.9866,1.0166,1.2211,o,2138.0,929.0,9950.0,295.0
220118,2002,4587.0,0.0,59.0,0.7718,0.7718,0.7718,0.7718,,-,43.0,,7951.0,
220118,2003,4693.0,0.0,30.0,0.3835,0.3835,0.3835,0.3835,,-,68.0,,8565.0,404.0
220118,2004,5376.0,0.0,29.0,0.3237,0.3237,0.3237,0.3237,,-,38.0,,8358.0,326.0
220118,2005,5400.0,0.0,34.0,0.3778,0.3778,0.3778,0.3778,,-,54.0,,8692.0,359.0
220118,2006,4896.0,0.0,19.0,0.2328,0.2328,0.2328,0.2328,,-,49.0,,8414.0,409.0
220118,2007,4549.0,0.0,14.0,0.1846,0.1846,0.1846,0.1846,,-,31.0,,8167.0,372.0
220118,2008,5152.0,0.0,2.0,0.0233,0.0233,0.0233,0.0233,,-,46.0,,8670.0,304.0
220118,2011,9791.0,0.0,20.0,0.1226,0.1226,0.1226,0.1226,,-,63.0,,12787.0,653.0
220118,2012,8973.0,0.0,24.0,0.1605,0.1605,0.1605,0.1605,,-,56.0,,12463.0,602.0
220118,2013,10500.0,0.0,44.0,0.2514,0.2514,0.2514,0.2514,,-,28.0,,12385.0,521.0
220118,2014,11200.0,0.0,58.0,0.3107,0.3107,0.3107,0.3107,,-,82.0,,12198.0,502.0
220118,2015,6640.0,0.0,68.0,0.6145,0.6145,0.6145,0.6145,,-,50.0,,13168.0,704.0
220118,2017,5150.0,0.0,64.0,0.7456,0.7456,0.7456,0.7456,,-,79.0,,13627.0,966.0
220118,2018,5880.0,0.0,48.0,0.4898,0.4898,0.4898,0.4898,,-,3.0,,13323.0,742.0
220118,2020,6270.0,0.0,39.0,0.3732,0.3732,0.3732,0.3732,,-,87.0,164.0,12849.0,674.0
220118,2021,5876.0,0.0,33.0,0.337,0.337,0.337,0.337,,-,26.0,150.0,12478.0,607.0
220118,2022,6060.0,0.0,33.0,0.3267,0.3267,0.3267,0.3267,,-,72.0,111.0,11727.0,567.0
220118,2023,6000.0,0.0,14.0,0.14,0.14,0.14,0.14,,-,105.0,141.0,11066.0,606.0
220118,2024,11160.0,0.0,0.0,0.0,0.0,0.0,0.0,,-,123.0,90.0,10690.0,494.0
220127,1999,19500.0,0.0,0.0,0.0,0.0,0.0,0.0,,-,,,,
220181,1998,20758.0,129.0,0.0,0.7457,0.6855,0.6736,0.6449,0.7478,o,,,,
220181,1999,23670.0,168.0,0.0,0.8517,0.8125,0.8047,0.7853,0.8501,o,,,,
220181,2001,24817.0,125.0,0.0,0.6044,0.6919,0.7116,0.7631,1.594,o,,,,
220181,2002,24583.0,174.0,0.0,0.8494,0.8821,0.8891,0.9067,1.1395,o,220.0,,16958.0,
220181,2003,22915.0,149.0,0.0,0.7803,0.7271,0.7166,0.6909,0.784,o,229.0,,17673.0,504.0
220181,2004,25757.0,172.0,0.0,0.8013,0.762,0.7542,0.7348,0.8408,o,176.0,,19129.0,436.0
220181,2005,24084.0,140.0,0.0,0.6976,0.6842,0.6814,0.6746,0.9353,o,214.0,,19975.0,472.0
220181,2006,29552.0,132.0,0.0,0.536,0.5396,0.5404,0.5423,1.0236,o,268.0,30.0,19445.0,400.0
220181,2007,26650.0,148.0,0.0,0.6664,0.6803,0.6832,0.6905,1.0735,o,172.0,18.0,21128.0,388.0
220181,2008,23867.0,107.0,0.0,0.538,0.5511,0.5538,0.5607,1.0864,o,102.0,20.0,22857.0,452.0
220181,2009,20820.0,115.0,0.0,0.6628,0.5983,0.5858,0.5556,0.7026,o,95.0,22.0,23366.0,466.0
220181,2010,18186.0,163.0,0.0,1.0756,0.8297,0.7864,0.6876,0.4087,o,197.0,,24387.0,471.0
220181,2011,14758.0,103.0,0.0,0.8375,0.7436,0.7255,0.6823,0.6636,o,125.0,17.0,25627.0,518.0
220181,2012,14308.0,55.0,0.0,0.4613,0.4834,0.4881,0.5001,1.1752,o,183.0,36.0,26480.0,476.0
220181,2013,16047.0,72.0,0.0,0.5384,0.6129,0.6296,0.6732,1.5635,o,232.0,49.0,26739.0,511.0
220181,2014,17961.0,80.0,0.0,0.5345,0.5919,0.6045,0.6372,1.4212,o,227.0,87.0,26923.0,487.0
220181,2015,21556.0,88.0,0.0,0.4899,0.5429,0.5546,0.5849,1.4255,o,216.0,42.0,27229.0,230.0
220181,2016,24294.0,105.0,0.0,0.5186,0.5763,0.589,0.622,1.4383,o,124.0,37.0,27847.0,287.0
220181,2017,21660.0,115.0,0.0,0.6371,0.6013,0.5942,0.5767,0.8193,o,135.0,27.0,27382.0,307.0
220181,2018,17918.0,132.0,0.0,0.884,0.7489,0.7236,0.6641,0.5643,o,278.0,10.0,26770.0,353.0
220181,2019,21780.0,89.0,0.0,0.4904,0.4805,0.4785,0.4735,0.9323,o,327.0,21.0,26210.0,343.0
220181,2020,24810.0,70.0,0.0,0.3386,0.4002,0.4142,0.4516,1.7794,o,251.0,9.0,26601.0,376.0
220181,2021,25336.0,103.0,0.0,0.4878,0.6157,0.6461,0.7288,2.2317,o,295.0,15.0,25833.0,395.0
220181,2022,27020.0,139.0,0.0,0.6173,0.6694,0.6807,0.7098,1.322,o,304.0,44.0,25129.0,322.0
220181,2023,29345.0,129.0,0.0,0.5275,0.526,0.5257,0.5249,0.9901,o,320.0,,24407.0,255.0
220181,2024,29225.0,112.0,0.0,0.4599,0.4702,0.4724,0.4778,1.0796,o,374.0,,24298.0,336.0
220206,1998,8841.0,55.0,5.0,0.7805,0.7056,0.6911,0.656,0.7065,o,,,,
220206,1999,9690.0,61.0,3.0,0.774,0.7222,0.712,0.6869,0.7877,o,,,,
220206,2000,8389.0,36.0,1.0,0.5221,0.5458,0.5509,0.5637,1.1655,o,,,,
220206,2001,7956.0,33.0,5.0,0.5354,0.5641,0.5703,0.5859,1.1972,o,,,,
220206,2002,7474.0,31.0,2.0,0.5138,0.5063,0.5047,0.5009,0.9504,o,82.0,,12759.0,
220206,2003,8265.0,42.0,10.0,0.6824,0.6488,0.6421,0.6255,0.8402,o,91.0,,14577.0,394.0
220206,2004,9384.0,30.0,15.0,0.4795,0.482,0.4825,0.4838,1.0176,o,85.0,,14275.0,391.0
220206,2005,9805.0,43.0,8.0,0.5752,0.6225,0.6328,0.6592,1.3134,o,66.0,,16431.0,437.0
220206,2006,9674.0,49.0,8.0,0.6574,0.6693,0.6717,0.6779,1.0634,o,75.0,15.0,16949.0,470.0
220206,2007,9550.0,69.0,9.0,0.9236,0.8704,0.8598,0.8338,0.815,o,62.0,11.0,16887.0,477.0
220206,2008,7571.0,66.0,4.0,1.0778,1.0023,0.9873,0.9509,0.7784,o,72.0,24.0,18777.0,488.0
220206,2009,7077.0,41.0,3.0,0.7206,0.6961,0.6911,0.6789,0.8874,o,62.0,28.0,18828.0,477.0
220206,2010,7066.0,40.0,10.0,0.7642,0.753,0.7507,0.745,0.9504,o,49.0,16.0,15719.0,479.0
220206,2011,6512.0,22.0,7.0,0.4699,0.4421,0.4365,0.423,0.8102,o,57.0,16.0,16257.0,483.0
220206,2012,6237.0,46.0,11.0,0.9909,0.9257,0.9128,0.8813,0.791,o,62.0,23.0,15846.0,441.0
220206,2013,6264.0,26.0,11.0,0.6034,0.583,0.5789,0.5687,0.8881,o,63.0,30.0,16507.0,418.0
220206,2014,7323.0,22.0,12.0,0.4588,0.4749,0.4783,0.4869,1.1261,o,56.0,34.0,16908.0,423.0
220206,2015,8066.0,38.0,11.0,0.6472,0.6692,0.6739,0.6857,1.1226,o,45.0,17.0,22049.0,430.0
220206,2016,7412.0,46.0,5.0,0.7852,0.7487,0.7414,0.7234,0.8487,o,58.0,11.0,22555.0,435.0
220206,2017,7247.0,43.0,10.0,0.7948,0.7514,0.7427,0.7215,0.824,o,78.0,21.0,22844.0,424.0
220206,2018,7532.0,53.0,3.0,0.8683,0.9026,0.9098,0.9282,1.1429,o,109.0,23.0,23004.0,402.0
220206,2019,8235.0,29.0,17.0,0.5464,0.6533,0.6779,0.7435,1.8515,o,80.0,29.0,23199.0,383.0
220206,2020,9420.0,38.0,3.0,0.5032,0.6,0.6223,0.6816,1.835,o,65.0,25.0,23536.0,366.0
220206,2021,7953.0,54.0,16.0,0.9355,0.953,0.9567,0.966,1.0662,o,61.0,8.0,22857.0,364.0
220206,2022,6944.0,33.0,6.0,0.6221,0.5548,0.5418,0.5107,0.6738,o,53.0,17.0,21482.0,327.0
220206,2023,6736.0,47.0,13.0,0.9531,0.8231,0.7985,0.7402,0.6032,o,87.0,14.0,20879.0,311.0
220206,2024,6715.0,41.0,7.0,0.7952,0.7872,0.7855,0.7814,0.9655,o,52.0,18.0,20796.0,288.0
220215,1998,40670.0,237.0,0.0,0.6993,0.7082,0.7101,0.7147,1.0447,o,,,,
220215,1999,41188.0,244.0,0.0,0.7109,0.737,0.7425,0.7565,1.1325,o,,,,
220215,2000,43856.0,279.0,0.0,0.7634,0.7909,0.7967,0.8114,1.1297,o,,,,
220215,2001,44206.0,276.0,0.0,0.7492,0.7753,0.7808,0.7947,1.125,o,,,,
220215,2002,44166.0,268.0,0.0,0.7282,0.7438,0.7471,0.7553,1.076,o,414.0,,16595.0,
220215,2003,46029.0,280.0,0.0,0.73,0.7519,0.7565,0.7682,1.1076,o,375.0,,17262.0,342.0
220215,2004,45495.0,267.0,0.0,0.7043,0.734,0.7403,0.7564,1.1535,o,373.0,,18318.0,397.0
220215,2005,44843.0,256.0,0.0,0.6851,0.6961,0.6984,0.7041,1.0565,o,374.0,,19251.0,416.0
220215,2006,45834.0,301.0,0.0,0.7881,0.7835,0.7826,0.7803,0.9803,o,358.0,107.0,19382.0,406.0
220215,2007,44154.0,294.0,0.0,0.799,0.7818,0.7783,0.7696,0.9278,o,386.0,61.0,19951.0,308.0
220215,2008,44323.0,286.0,18.0,0.7987,0.7974,0.7972,0.7965,0.9947,o,405.0,74.0,19304.0,297.0
220215,2009,44967.0,265.0,17.0,0.7299,0.7421,0.7446,0.7511,1.0589,o,408.0,95.0,20946.0,296.0
220215,2010,45030.0,235.0,12.0,0.6422,0.6621,0.6663,0.6768,1.1107,o,373.0,80.0,21440.0,361.0
220215,2011,44683.0,261.0,17.0,0.7238,0.734,0.7362,0.7415,1.0497,o,387.0,83.0,22226.0,414.0
220215,2012,44823.0,279.0,0.0,0.7469,0.7383,0.7366,0.7322,0.9608,o,321.0,58.0,23241.0,458.0
220215,2013,43094.0,300.0,0.0,0.8354,0.8025,0.7959,0.7796,0.8708,o,356.0,65.0,27361.0,484.0
220215,2014,42043.0,273.0,0.0,0.7792,0.7476,0.7412,0.7255,0.8668,o,344.0,73.0,26948.0,453.0
220215,2015,41579.0,280.0,0.0,0.8081,0.7891,0.7852,0.7755,0.9211,o,294.0,53.0,26720.0,432.0
220215,2016,40243.0,280.0,0.0,0.8349,0.8101,0.8051,0.7926,0.9011,o,325.0,103.0,27873.0,430.0
220215,2017,41810.0,280.0,0.0,0.8036,0.783,0.7788,0.7684,0.9143,o,315.0,139.0,27408.0,392.0
220215,2018,43783.0,304.0,0.0,0.8332,0.8118,0.8075,0.7967,0.9143,o,308.0,108.0,27356.0,371.0
220215,2019,43168.0,276.0,0.0,0.7672,0.762,0.7609,0.7582,0.9765,o,327.0,91.0,26784.0,360.0
220215,2020,44577.0,325.0,3.0,0.8789,0.8855,0.8868,0.8902,1.0258,o,350.0,76.0,27585.0,376.0
220215,2021,45578.0,325.0,2.0,0.8583,0.8724,0.8754,0.8828,1.0578,o,371.0,78.0,26788.0,363.0
220215,2022,47328.0,287.0,16.0,0.748,0.7803,0.7872,0.8047,1.1573,o,331.0,59.0,25561.0,328.0
220215,2023,47338.0,282.0,20.0,0.7402,0.7621,0.7667,0.7783,1.1055,o,269.0,38.0,25154.0,333.0
220215,2024,45618.0,410.0,22.0,1.1075,1.0694,1.0616,1.0426,0.8863,o,283.0,54.0,25000.0,328.0
220312,1998,11394.0,0.0,55.0,0.2896,0.2585,0.2525,0.2381,0.6759,o,,,,
220312,1999,9896.0,0.0,81.0,0.4911,0.5077,0.5111,0.52,1.1211,o,,,,
220312,2000,10088.0,0.0,75.0,0.4461,0.5086,0.5226,0.5593,1.5723,o,,,,
220312,2001,10524.0,0.0,75.0,0.4276,0.4645,0.4725,0.4932,1.3304,o,,,,
220312,2002,11666.0,0.0,70.0,0.36,0.3588,0.3585,0.3579,0.9883,o,193.0,,11814.0,
220312,2003,11415.0,0.0,71.0,0.3732,0.3553,0.3517,0.3429,0.844,o,185.0,,11896.0,177.0
220312,2004,11754.0,0.0,62.0,0.3165,0.2999,0.2966,0.2885,0.8308,o,129.0,,12935.0,198.0
220312,2005,5768.0,0.0,83.0,0.8634,0.793,0.7792,0.7456,0.7458,o,142.0,,14261.0,406.0
220312,2006,8314.0,0.0,63.0,0.4547,0.3999,0.3894,0.3643,0.6422,o,173.0,24.0,15238.0,264.0
220312,2007,9324.0,0.0,43.0,0.2767,0.2625,0.2596,0.2526,0.8333,o,176.0,26.0,15335.0,247.0
220312,2009,2543.0,0.0,23.0,0.5427,0.5161,0.5108,0.4978,0.8413,o,63.0,18.0,17251.0,140.0
220312,2010,3269.0,5.0,20.0,0.5506,0.4111,0.387,0.3327,0.3651,o,58.0,37.0,19198.0,141.0
220312,2011,4513.0,5.0,18.0,0.3723,0.2738,0.2569,0.2192,0.3467,o,80.0,39.0,21358.0,448.0
220312,2012,6850.0,12.0,37.0,0.5343,0.4619,0.4482,0.4157,0.6053,o,98.0,30.0,23539.0,429.0
220312,2013,7183.0,5.0,40.0,0.4177,0.4741,0.4867,0.5196,1.5478,o,83.0,30.0,24517.0,442.0
220312,2014,7315.0,8.0,33.0,0.4019,0.4517,0.4627,0.4916,1.4959,o,84.0,40.0,17537.0,351.0
220312,2015,8319.0,18.0,41.0,0.5554,0.5869,0.5937,0.6109,1.2101,o,103.0,38.0,17585.0,391.0
220312,2016,7759.0,14.0,64.0,0.7114,0.7217,0.7238,0.7292,1.0506,o,92.0,41.0,20151.0,466.0
220312,2017,8411.0,30.0,28.0,0.6277,0.6415,0.6443,0.6516,1.0773,o,86.0,35.0,19814.0,398.0
220312,2018,9246.0,41.0,39.0,0.7852,0.7999,0.8029,0.8107,1.0659,o,73.0,,20525.0,417.0
220400,1998,79137.0,0.0,330.0,0.2502,0.2524,0.2582,0.2608,1.1341,o,,,,
220400,1999,77841.0,0.0,345.0,0.2659,0.268,0.2734,0.2758,1.1165,o,,,,
220400,2000,80660.0,0.0,356.0,0.2648,0.2684,0.2778,0.282,1.2103,o,,,,
220400,2002,82039.0,0.0,363.0,0.2655,0.2675,0.2729,0.2753,1.116,o,845.0,,2830.0,
220400,2003,85494.0,0.0,388.0,0.2723,0.2745,0.2801,0.2827,1.1199,o,854.0,,2976.0,86.0
220400,2004,89391.0,0.0,455.0,0.3054,0.3063,0.3086,0.3096,1.0421,o,791.0,,3444.0,94.0
220400,2005,87650.0,0.0,449.0,0.3074,0.3058,0.3019,0.3002,0.9311,o,777.0,,3549.0,93.0
220400,2006,85158.0,0.0,438.0,0.3086,0.3074,0.3042,0.3029,0.9447,o,927.0,278.0,3732.0,98.0
220400,2007,90724.0,0.0,419.0,0.2771,0.2804,0.289,0.2929,1.1824,o,1014.0,260.0,3755.0,95.0
220400,2008,93323.0,0.0,470.0,0.3022,0.3059,0.3156,0.32,1.1901,o,917.0,231.0,3830.0,99.0
220400,2009,94714.0,0.0,461.0,0.292,0.2909,0.2879,0.2866,0.9449,o,1176.0,331.0,3970.0,106.0
220400,2010,108151.0,0.0,534.0,0.2963,0.3004,0.3112,0.3162,1.218,o,1189.0,312.0,4221.0,92.0
220400,2011,108649.0,0.0,576.0,0.3181,0.3209,0.3284,0.3318,1.1362,o,1047.0,268.0,4457.0,96.0
220400,2012,101212.0,0.0,554.0,0.3284,0.3256,0.3186,0.3155,0.8854,o,820.0,230.0,4577.0,111.0
220400,2013,88727.0,0.0,509.0,0.3442,0.3368,0.3185,0.3107,0.7335,o,874.0,249.0,4689.0,120.0
220400,2014,83872.0,0.0,470.0,0.3362,0.3347,0.3307,0.329,0.9363,o,933.0,223.0,4745.0,117.0
220400,2015,85274.0,0.0,468.0,0.3293,0.3315,0.3373,0.34,1.1015,o,1099.0,178.0,4966.0,117.0
220400,2016,87073.0,0.0,457.0,0.3149,0.3193,0.3307,0.3359,1.2164,o,1090.0,176.0,5099.0,111.0
220400,2017,83393.0,0.0,487.0,0.3504,0.3521,0.3566,0.3586,1.0728,o,1041.0,173.0,5136.0,102.0
220400,2018,88590.0,0.0,542.0,0.3671,0.3658,0.3625,0.3611,0.9511,o,1092.0,287.0,5141.0,88.0
220400,2019,93184.0,0.0,500.0,0.3219,0.3225,0.3239,0.3246,1.0249,o,1134.0,285.0,5150.0,72.0
220400,2020,82564.0,0.0,620.0,0.4506,0.4525,0.4575,0.4598,1.0633,o,889.0,167.0,5197.0,49.0
220400,2021,77340.0,0.0,557.0,0.4321,0.4254,0.4085,0.4012,0.7987,o,825.0,225.0,5047.0,74.0
220400,2022,71632.0,0.0,532.0,0.4456,0.4393,0.4235,0.4166,0.8156,o,747.0,160.0,5066.0,61.0
220400,2023,63420.0,0.0,541.0,0.5118,0.5069,0.4945,0.4891,0.8716,o,675.0,150.0,4780.0,51.0
220400,2024,65632.0,0.0,494.0,0.4516,0.4468,0.4347,0.4295,0.8588,o,836.0,222.0,4516.0,46.0
220464,1998,2577.0,0.0,19.0,0.4424,0.4424,0.4424,0.4424,,-,,,,
220464,2001,1491.0,0.0,28.0,1.1268,1.1268,1.1268,1.1268,,-,,,,
220464,2003,2916.0,0.0,35.0,0.7202,0.7202,0.7202,0.7202,,-,46.0,,9214.0,391.0
220464,2004,2778.0,0.0,32.0,0.6911,0.6911,0.6911,0.6911,,-,50.0,,9658.0,384.0
220464,2005,3187.0,0.0,25.0,0.4707,0.4707,0.4707,0.4707,,-,42.0,,10868.0,339.0
220464,2006,1710.0,0.0,30.0,1.0526,1.0526,1.0526,1.0526,,-,57.0,,10720.0,612.0
220464,2007,3468.0,0.0,32.0,0.5536,0.5536,0.5536,0.5536,,-,51.0,12.0,10889.0,357.0
220464,2008,3551.0,0.0,26.0,0.4393,0.4393,0.4393,0.4393,,-,44.0,18.0,11464.0,363.0
220464,2009,3512.0,0.0,28.0,0.4784,0.4784,0.4784,0.4784,,-,30.0,21.0,11640.0,426.0
220464,2010,3911.0,0.0,30.0,0.4602,0.4602,0.4602,0.4602,,-,24.0,38.0,12751.0,378.0
220464,2011,3841.0,0.0,34.0,0.5311,0.5311,0.5311,0.5311,,-,32.0,29.0,12968.0,387.0
220464,2012,3817.0,0.0,32.0,0.503,0.503,0.503,0.503,,-,32.0,19.0,12988.0,412.0
220464,2013,3132.0,0.0,46.0,0.8812,0.8812,0.8812,0.8812,,-,23.0,63.0,13060.0,402.0
220464,2014,3115.0,0.0,27.0,0.5201,0.5201,0.5201,0.5201,,-,17.0,33.0,13179.0,411.0
220464,2015,3216.0,0.0,36.0,0.6716,0.6716,0.6716,0.6716,,-,15.0,22.0,13407.0,388.0
220464,2016,1802.0,0.0,36.0,1.1987,1.1987,1.1987,1.1987,,-,13.0,27.0,13729.0,632.0
220464,2018,3461.0,0.0,23.0,0.3987,0.3987,0.3987,0.3987,,-,18.0,39.0,13796.0,365.0
220464,2019,3294.0,0.0,39.0,0.7104,0.7104,0.7104,0.7104,,-,18.0,38.0,13615.0,499.0
220464,2020,3521.0,0.0,34.0,0.5794,0.5794,0.5794,0.5794,,-,13.0,45.0,13411.0,445.0
220464,2021,4018.0,0.0,35.0,0.5226,0.5226,0.5226,0.5226,,-,18.0,48.0,13520.0,406.0
220464,2022,4273.0,0.0,38.0,0.5336,0.5336,0.5336,0.5336,,-,14.0,60.0,12707.0,428.0
220464,2023,4094.0,0.0,55.0,0.8061,0.8061,0.8061,0.8061,,-,18.0,51.0,12148.0,455.0
220464,2024,3381.0,0.0,51.0,0.9051,0.9051,0.9051,0.9051,,-,30.0,48.0,12040.0,449.0
220473,1998,12747.0,66.0,3.0,0.6354,0.6437,0.6455,0.6498,1.0457,o,,,,
220473,1999,14479.0,60.0,9.0,0.5346,0.5707,0.5784,0.5983,1.2528,o,,,,
220473,2000,13799.0,81.0,12.0,0.7566,0.8118,0.8237,0.8542,1.2747,o,,,,
220473,2001,15783.0,86.0,20.0,0.7299,0.8063,0.8231,0.8667,1.4098,o,,,,
220473,2003,15179.0,80.0,14.0,0.6878,0.7432,0.7552,0.786,1.306,o,173.0,,9635.0,317.0
220473,2004,23391.0,125.0,20.0,0.6926,0.7585,0.7729,0.8101,1.3682,o,148.0,,9701.0,226.0
220473,2005,22254.0,127.0,9.0,0.7091,0.7416,0.7485,0.7661,1.1673,o,184.0,,9915.0,240.0
220473,2006,23789.0,139.0,18.0,0.7466,0.7666,0.7708,0.7815,1.0957,o,143.0,59.0,9644.0,243.0
220473,2007,22606.0,146.0,23.0,0.8361,0.8177,0.814,0.8047,0.9263,o,166.0,64.0,10329.0,255.0
220473,2008,22652.0,105.0,21.0,0.6119,0.6051,0.6038,0.6003,0.9626,o,118.0,40.0,10507.0,254.0
220473,2009,19276.0,167.0,16.0,1.0894,1.0412,1.0315,1.0076,0.8554,o,127.0,75.0,11194.0,294.0
220473,2010,18445.0,165.0,14.0,1.119,1.0291,1.0115,0.9686,0.7492,o,158.0,69.0,12308.0,323.0
220473,2011,20638.0,135.0,13.0,0.8228,0.8037,0.7998,0.7902,0.9223,o,156.0,87.0,12703.0,315.0
220473,2012,21621.0,134.0,8.0,0.7659,0.7886,0.7933,0.8054,1.1056,o,180.0,81.0,13103.0,318.0
220473,2013,23669.0,133.0,8.0,0.6946,0.7612,0.7758,0.8134,1.3714,o,162.0,76.0,13702.0,332.0
220473,2014,28004.0,153.0,6.0,0.6685,0.7048,0.7125,0.7323,1.2,o,192.0,56.0,14219.0,322.0
220473,2015,26793.0,163.0,12.0,0.7569,0.7837,0.7894,0.8037,1.1274,o,167.0,70.0,15731.0,389.0
220473,2016,26206.0,221.0,7.0,1.028,1.0479,1.0521,1.0626,1.0685,o,138.0,75.0,16400.0,398.0
220473,2017,23529.0,190.0,9.0,0.992,0.9596,0.953,0.9368,0.8918,o,153.0,54.0,17783.0,458.0
220473,2018,23135.0,192.0,13.0,1.0296,0.9727,0.9614,0.9335,0.822,o,170.0,43.0,18594.0,463.0
220473,2019,22983.0,175.0,22.0,0.9712,0.9418,0.9359,0.9212,0.8997,o,145.0,78.0,19596.0,450.0
220473,2020,20908.0,148.0,15.0,0.8925,0.9009,0.9026,0.907,1.0328,o,160.0,45.0,20337.0,500.0
220473,2021,21835.0,142.0,19.0,0.8326,0.844,0.8464,0.8524,1.0481,o,149.0,48.0,21349.0,486.0
220473,2022,19110.0,157.0,23.0,1.0581,1.0446,1.0418,1.0349,0.9567,o,163.0,68.0,21144.0,490.0
220473,2023,20095.0,133.0,18.0,0.848,0.8456,0.8451,0.8439,0.9905,o,181.0,57.0,19952.0,454.0
220473,2024,20011.0,141.0,24.0,0.9175,0.9501,0.957,0.9744,1.1279,o,167.0,77.0,20318.0,463.0
220516,1998,16023.0,91.0,0.0,0.6815,0.6699,0.6675,0.6616,0.9424,o,,,,
220516,1999,16676.0,117.0,0.0,0.8419,0.8157,0.8103,0.7971,0.8964,o,,,,
220516,2000,16915.0,112.0,0.0,0.7946,0.7826,0.7802,0.7741,0.9492,o,,,,
220516,2001,16915.0,91.0,0.0,0.6456,0.6533,0.6549,0.659,1.042,o,,,,
220516,2002,19315.0,130.0,0.0,0.8077,0.816,0.8178,0.8221,1.0361,o,135.0,,23108.0,
220516,2003,18662.0,115.0,0.0,0.7395,0.741,0.7413,0.7421,1.0071,o,98.0,,23757.0,388.0
220516,2004,20101.0,152.0,0.0,0.9074,0.8667,0.8585,0.8383,0.8535,o,172.0,,26510.0,395.0
220516,2005,20940.0,151.0,0.0,0.8653,0.8501,0.847,0.8393,0.9408,o,209.0,,25731.0,379.0
220516,2006,26497.0,167.0,0.0,0.7563,0.8253,0.8403,0.8791,1.3511,o,207.0,238.0,25905.0,379.0
220516,2007,34151.0,247.0,0.0,0.8679,1.0268,1.0631,1.1597,1.7854,o,184.0,302.0,27743.0,391.0
220516,2008,37663.0,368.0,0.0,1.1725,1.3054,1.3347,1.411,1.4481,o,184.0,337.0,28187.0,392.0
220516,2009,40048.0,437.0,0.0,1.3094,1.2963,1.2936,1.2869,0.9659,o,207.0,281.0,29614.0,418.0
220516,2010,43092.0,455.0,0.0,1.2671,1.2445,1.2399,1.2284,0.9399,o,228.0,432.0,31277.0,427.0
220516,2011,51087.0,466.0,0.0,1.0946,1.129,1.1362,1.1546,1.1125,o,174.0,376.0,31978.0,371.0
220516,2012,55646.0,601.0,0.0,1.2961,1.3297,1.3368,1.3546,1.0924,o,226.0,471.0,32726.0,406.0
220516,2013,63189.0,659.0,0.0,1.2515,1.2598,1.2615,1.2658,1.023,o,237.0,523.0,33366.0,412.0
220516,2014,69324.0,739.0,2.0,1.2809,1.3043,1.3092,1.3215,1.0644,o,189.0,548.0,32862.0,424.0
220516,2015,73078.0,837.0,13.0,1.3851,1.4086,1.4135,1.4258,1.0597,o,170.0,581.0,33561.0,448.0
220516,2016,78466.0,925.0,29.0,1.4368,1.3924,1.3834,1.3612,0.8975,o,159.0,444.0,34330.0,417.0
220516,2017,69006.0,945.0,33.0,1.672,1.5143,1.4836,1.4095,0.7106,o,197.0,294.0,34771.0,443.0
220516,2018,56723.0,746.0,12.0,1.5909,1.5102,1.494,1.4543,0.8357,o,188.0,257.0,35608.0,433.0
220516,2019,52133.0,519.0,12.0,1.2084,1.2332,1.2384,1.2514,1.0724,o,202.0,305.0,36257.0,419.0
220516,2020,51876.0,559.0,9.0,1.3035,1.3694,1.3834,1.4192,1.1854,o,158.0,215.0,36799.0,428.0
220516,2021,46219.0,529.0,13.0,1.3903,1.3949,1.3958,1.3981,1.0112,o,185.0,235.0,37165.0,424.0
220516,2022,39745.0,461.0,3.0,1.3964,1.3504,1.3411,1.318,0.8909,o,152.0,163.0,36025.0,409.0
220516,2023,33626.0,369.0,4.0,1.324,1.2691,1.258,1.2307,0.8641,o,166.0,187.0,34972.0,395.0
220516,2024,31291.0,327.0,4.0,1.2617,1.2171,1.2081,1.1858,0.8833,o,147.0,163.0,34800.0,371.0
220552,1998,21210.0,0.0,87.0,0.2461,0.2461,0.2461,0.2461,,-,,,,
220552,2001,11173.0,0.0,78.0,0.4189,0.4189,0.4189,0.4189,,-,,,,
220552,2002,16471.0,0.0,63.0,0.2295,0.2295,0.2295,0.2295,,-,53.0,,16110.0,
220552,2003,11793.0,6.0,85.0,0.4935,0.4935,0.4935,0.4935,,-,22.0,,15804.0,673.0
220552,2004,14602.0,6.0,69.0,0.3328,0.3328,0.3328,0.3328,,-,40.0,,16915.0,786.0
220552,2005,15000.0,10.0,94.0,0.456,0.456,0.456,0.456,,-,35.0,,17866.0,884.0
220552,2006,17522.0,36.0,77.0,0.5102,0.5102,0.5102,0.5102,,-,35.0,,18697.0,776.0
220552,2007,20532.0,28.0,54.0,0.3214,0.3214,0.3214,0.3214,,-,46.0,,19282.0,776.0
220552,2008,21957.0,23.0,54.0,0.2733,0.2733,0.2733,0.2733,,-,45.0,,20194.0,742.0
220552,2009,24859.0,44.0,70.0,0.3814,0.3814,0.3814,0.3814,,-,65.0,,21043.0,804.0
220552,2010,29462.0,59.0,72.0,0.3869,0.3869,0.3869,0.3869,,-,299.0,,22193.0,788.0
220552,2011,28759.0,44.0,76.0,0.3422,0.3422,0.3422,0.3422,,-,256.0,,23033.0,817.0
220552,2012,28818.0,85.0,85.0,0.5309,0.5309,0.5309,0.5309,,-,198.0,,23947.0,890.0
220552,2013,26751.0,86.0,65.0,0.5316,0.5316,0.5316,0.5316,,-,183.0,,24564.0,907.0
220552,2014,24713.0,76.0,69.0,0.5366,0.5366,0.5366,0.5366,,-,149.0,,24851.0,1019.0
220552,2015,23551.0,93.0,68.0,0.6471,0.6471,0.6471,0.6471,,-,197.0,100.0,25424.0,1082.0
220552,2016,34432.0,90.0,156.0,0.5855,0.5855,0.5855,0.5855,,-,302.0,162.0,25183.0,950.0
220552,2017,37903.0,101.0,173.0,0.5936,0.5936,0.5936,0.5936,,-,358.0,213.0,23424.0,1044.0
220552,2018,48195.0,93.0,173.0,0.4469,0.4469,0.4469,0.4469,,-,433.0,295.0,22433.0,1050.0
220552,2019,75084.0,156.0,272.0,0.4667,0.4667,0.4667,0.4667,,-,259.0,542.0,20225.0,989.0
220552,2020,128597.0,275.0,555.0,0.5156,0.5156,0.5156,0.5156,,-,581.0,999.0,20463.0,903.0
220552,2021,180018.0,365.0,945.0,0.5583,0.5583,0.5583,0.5583,,-,599.0,1201.0,19814.0,770.0
220552,2022,235470.0,484.0,1104.0,0.528,0.528,0.528,0.528,,-,694.0,1338.0,19017.0,583.0
220552,2023,296190.0,471.0,1227.0,0.4394,0.4394,0.4394,0.4394,,-,726.0,2196.0,17944.0,541.0
220552,2024,441186.0,499.0,1222.0,0.3019,0.3019,0.3019,0.3019,,-,814.0,1839.0,17935.0,525.0
220589,1998,29138.0,189.0,0.0,0.7784,0.7574,0.7532,0.7426,0.9102,o,,,,
220589,1999,28079.0,178.0,0.0,0.7607,0.6978,0.6854,0.6555,0.7425,o,,,,
220589,2000,28545.0,177.0,0.0,0.7441,0.7003,0.6916,0.6702,0.8112,o,,,,
220589,2001,28378.0,174.0,0.0,0.7358,0.7498,0.7527,0.7601,1.0673,o,,,,
220589,2002,26127.0,162.0,0.0,0.7441,0.7769,0.7839,0.8017,1.1608,o,196.0,,16539.0,
220589,2003,25174.0,163.0,0.0,0.777,0.7781,0.7783,0.7789,1.005,o,181.0,,17843.0,360.0
220589,2004,23987.0,157.0,0.0,0.7854,0.7341,0.7239,0.699,0.792,o,217.0,,19220.0,387.0
220589,2005,23771.0,142.0,0.0,0.7168,0.6865,0.6804,0.6653,0.8615,o,234.0,,20104.0,359.0
220589,2006,24046.0,152.0,0.0,0.7585,0.782,0.787,0.7995,1.1108,o,166.0,80.0,23994.0,296.0
220589,2007,22221.0,153.0,0.0,0.8262,0.8406,0.8435,0.8511,1.061,o,172.0,98.0,24772.0,289.0
220589,2008,22020.0,123.0,0.0,0.6703,0.6393,0.633,0.6177,0.8492,o,204.0,86.0,25462.0,267.0
220589,2009,23661.0,163.0,0.0,0.8267,0.7842,0.7757,0.7548,0.8337,o,155.0,58.0,25107.0,300.0
220589,2010,18916.0,137.0,0.0,0.8691,0.8423,0.8368,0.8234,0.8975,o,81.0,40.0,26546.0,356.0
220598,1998,19070.0,86.0,0.0,0.5412,0.5178,0.5131,0.5015,0.8588,o,,,,
220598,1999,18649.0,74.0,0.0,0.4762,0.5015,0.507,0.5208,1.1961,o,,,,
220598,2001,20684.0,89.0,0.0,0.5163,0.5371,0.5415,0.5527,1.1459,o,,,,
220598,2002,20875.0,88.0,0.0,0.5059,0.5371,0.5438,0.5609,1.2295,o,299.0,,11034.0,
220598,2003,23086.0,91.0,0.0,0.473,0.5234,0.5345,0.5632,1.4177,o,296.0,,11165.0,221.0
220598,2004,26079.0,79.0,0.0,0.3635,0.3989,0.4066,0.4266,1.3773,o,359.0,,11297.0,238.0
220598,2005,32745.0,116.0,0.0,0.4251,0.4533,0.4593,0.4748,1.2476,o,504.0,,11550.0,216.0
220598,2007,44333.0,156.0,0.0,0.4223,0.4835,0.4972,0.5333,1.595,o,602.0,103.0,11524.0,230.0
220598,2008,56572.0,175.0,0.0,0.3712,0.4253,0.4374,0.4693,1.5985,o,625.0,120.0,11151.0,206.0
220598,2009,62811.0,189.0,0.0,0.3611,0.3999,0.4084,0.4306,1.4218,o,691.0,87.0,11180.0,193.0
220598,2010,66825.0,262.0,0.0,0.4705,0.5173,0.5275,0.554,1.3867,o,696.0,127.0,11436.0,250.0
220598,2011,68631.0,307.0,0.0,0.5368,0.5824,0.5923,0.6178,1.3247,o,599.0,130.0,11167.0,236.0
220598,2012,62449.0,288.0,0.0,0.5534,0.5621,0.564,0.5685,1.0554,o,325.0,86.0,11184.0,361.0
220598,2013,46305.0,281.0,0.0,0.7282,0.6572,0.6434,0.6102,0.7021,o,405.0,144.0,11443.0,377.0
220598,2014,44230.0,239.0,0.0,0.6484,0.5383,0.518,0.4704,0.5263,o,312.0,85.0,12086.0,403.0
220598,2015,37115.0,182.0,0.0,0.5884,0.4957,0.4785,0.4379,0.5537,o,444.0,133.0,12767.0,422.0
220598,2016,41489.0,121.0,1.0,0.3514,0.3316,0.3276,0.3179,0.8182,o,403.0,73.0,12874.0,406.0
220598,2017,42739.0,163.0,1.0,0.4591,0.4793,0.4836,0.4945,1.1603,o,428.0,92.0,13105.0,359.0
220598,2018,39768.0,171.0,0.0,0.516,0.5386,0.5433,0.5555,1.159,o,349.0,59.0,13323.0,386.0
220598,2019,37969.0,176.0,0.0,0.5562,0.5607,0.5616,0.5639,1.0278,o,405.0,71.0,14032.0,363.0
220598,2020,36831.0,157.0,1.0,0.5132,0.4961,0.4927,0.4842,0.8902,o,301.0,47.0,14171.0,354.0
220598,2021,33642.0,126.0,2.0,0.453,0.4321,0.4279,0.4175,0.8496,o,299.0,72.0,13762.0,344.0
220598,2022,32087.0,105.0,1.0,0.3946,0.3661,0.3604,0.3467,0.7722,o,314.0,74.0,12934.0,348.0
220598,2023,33110.0,143.0,3.0,0.5237,0.4932,0.4871,0.4722,0.813,o,236.0,71.0,12204.0,262.0
220598,2024,25054.0,99.0,2.0,0.479,0.4455,0.4389,0.4227,0.779,o,250.0,60.0,11790.0,280.0
220604,1998,31410.0,136.0,0.0,0.5196,0.441,0.4263,0.3917,0.5683,o,,,,
220604,1999,30930.0,103.0,0.0,0.3996,0.3781,0.3738,0.3633,0.8263,o,,,,
220604,2001,23329.0,101.0,0.0,0.5195,0.6585,0.6916,0.7819,2.265,o,,,,
220604,2002,19320.0,89.0,0.0,0.5528,0.6312,0.6487,0.6948,1.5796,o,107.0,,14291.0,
220604,2003,19476.0,120.0,0.0,0.7394,0.6369,0.6175,0.5716,0.5977,o,128.0,,14020.0,437.0
220604,2004,33897.0,106.0,0.0,0.3753,0.2805,0.2641,0.2272,0.3666,o,144.0,,14013.0,247.0
220604,2005,22772.0,98.0,0.0,0.5164,0.4265,0.41,0.3714,0.5171,o,112.0,,14744.0,453.0
220604,2006,19500.0,133.0,0.0,0.8185,0.7728,0.7637,0.7414,0.8205,o,89.0,60.0,14986.0,517.0
220604,2007,16843.0,127.0,0.0,0.9048,0.8647,0.8567,0.8368,0.8553,o,82.0,59.0,15574.0,382.0
220604,2008,17000.0,100.0,0.0,0.7059,0.617,0.6,0.5597,0.6287,o,94.0,84.0,15069.0,328.0
220604,2009,20652.0,58.0,0.0,0.337,0.3023,0.2956,0.2794,0.6875,o,223.0,110.0,14817.0,300.0
220604,2010,26162.0,65.0,0.0,0.2981,0.3403,0.3497,0.3744,1.5771,o,246.0,107.0,14721.0,350.0
220604,2011,31348.0,90.0,0.0,0.3445,0.4616,0.4904,0.5706,2.7427,o,186.0,90.0,14375.0,432.0
220604,2012,31961.0,129.0,0.0,0.4843,0.6284,0.6632,0.7588,2.4545,o,184.0,147.0,14012.0,411.0
220604,2013,30281.0,125.0,0.0,0.4954,0.5181,0.5229,0.5352,1.1672,o,159.0,125.0,14277.0,437.0
220604,2014,27388.0,127.0,0.0,0.5564,0.5082,0.4987,0.4759,0.7313,o,162.0,112.0,14061.0,439.0
220604,2015,27201.0,148.0,0.0,0.6529,0.599,0.5885,0.5628,0.7431,o,191.0,102.0,13942.0,440.0
220604,2016,26197.0,116.0,0.0,0.5314,0.5242,0.5227,0.519,0.9541,o,193.0,109.0,13846.0,436.0
220604,2017,26046.0,144.0,0.0,0.6634,0.6855,0.6902,0.702,1.1195,o,170.0,96.0,13870.0,462.0
220604,2018,24700.0,106.0,0.0,0.515,0.5337,0.5376,0.5476,1.1308,o,156.0,113.0,13953.0,418.0
220604,2019,24195.0,137.0,4.0,0.6894,0.6737,0.6705,0.6625,0.9235,o,150.0,83.0,13661.0,439.0
220604,2020,23328.0,114.0,3.0,0.5941,0.5563,0.5487,0.5304,0.7969,o,58.0,57.0,13457.0,402.0
220604,2021,18495.0,113.0,1.0,0.7364,0.6266,0.606,0.5574,0.573,o,75.0,63.0,14096.0,330.0
220604,2022,17081.0,118.0,3.0,0.8395,0.6473,0.6134,0.5362,0.408,o,121.0,81.0,13248.0,393.0
220604,2023,17767.0,114.0,4.0,0.7835,0.6885,0.6704,0.627,0.6405,o,159.0,58.0,12500.0,393.0
220604,2024,16690.0,93.0,3.0,0.6794,0.7406,0.7539,0.7883,1.3462,o,133.0,120.0,12076.0,312.0
220613,1998,87246.0,392.0,0.0,0.5392,0.6981,0.7364,0.8416,2.4368,o,,,,
220613,1999,91286.0,449.0,0.0,0.5902,0.6277,0.6357,0.6562,1.2361,o,,,,
220613,2000,95829.0,501.0,0.0,0.6274,0.6151,0.6126,0.6064,0.9344,o,,,,
220613,2001,106317.0,522.0,0.0,0.5892,0.5858,0.5851,0.5834,0.9803,o,,,,
220613,2002,106185.0,532.0,0.0,0.6012,0.5648,0.5576,0.5399,0.8064,o,641.0,,12985.0,
220613,2003,114123.0,612.0,0.0,0.6435,0.6195,0.6146,0.6027,0.8771,o,654.0,,13935.0,346.0
220613,2004,105934.0,642.0,0.0,0.7272,0.7353,0.7369,0.7411,1.0385,o,733.0,,14477.0,380.0
220613,2005,105808.0,613.0,0.0,0.6952,0.7187,0.7236,0.7362,1.1213,o,761.0,,14905.0,394.0
220613,2006,104680.0,616.0,0.0,0.7062,0.7438,0.7518,0.7723,1.1962,o,812.0,,15129.0,422.0
220613,2007,108206.0,656.0,0.0,0.7275,0.7697,0.7787,0.8018,1.2147,o,792.0,268.0,15514.0,416.0
220613,2008,108565.0,577.0,0.0,0.6378,0.6652,0.6711,0.6859,1.1565,o,860.0,266.0,15778.0,425.0
220613,2009,110949.0,596.0,0.0,0.6446,0.6637,0.6677,0.6779,1.1058,o,832.0,266.0,16279.0,406.0
220613,2010,111320.0,635.0,0.0,0.6845,0.6991,0.7022,0.7099,1.0757,o,853.0,292.0,16668.0,435.0
220613,2011,107364.0,658.0,0.0,0.7354,0.746,0.7482,0.7538,1.0505,o,875.0,278.0,17058.0,482.0
220613,2012,102810.0,717.0,0.0,0.8369,0.8479,0.8502,0.8559,1.046,o,853.0,240.0,17253.0,503.0
220613,2013,123215.0,765.0,0.0,0.745,0.7496,0.7505,0.7529,1.0213,o,812.0,272.0,17873.0,426.0
220613,2014,124668.0,738.0,0.0,0.7104,0.7079,0.7074,0.7061,0.9881,o,756.0,345.0,18103.0,432.0
220613,2015,119892.0,784.0,0.0,0.7847,0.7629,0.7585,0.7475,0.9074,o,835.0,306.0,18642.0,443.0
220613,2016,119188.0,815.0,0.0,0.8206,0.8011,0.7972,0.7874,0.9207,o,889.0,354.0,19447.0,455.0
220613,2017,122172.0,865.0,0.0,0.8496,0.8582,0.86,0.8645,1.0354,o,901.0,318.0,20103.0,465.0
220613,2018,122011.0,879.0,0.0,0.8645,0.8984,0.9055,0.9237,1.1416,o,880.0,282.0,20850.0,468.0
220613,2019,122071.0,825.0,0.0,0.811,0.838,0.8437,0.8581,1.1194,o,792.0,274.0,21585.0,475.0
220613,2020,117065.0,876.0,0.0,0.898,0.89,0.8884,0.8843,0.9698,o,685.0,252.0,22560.0,466.0
220613,2021,110665.0,830.0,0.0,0.9,0.8512,0.8415,0.8175,0.8251,o,620.0,221.0,22808.0,489.0
220613,2022,98046.0,898.0,13.0,1.107,1.0116,0.9929,0.9476,0.7327,o,517.0,155.0,22489.0,498.0
220613,2023,84964.0,794.0,23.0,1.1377,1.0173,0.994,0.9382,0.68,o,553.0,163.0,22494.0,496.0
220613,2024,79017.0,688.0,12.0,1.054,0.9599,0.9415,0.8971,0.7244,o,589.0,149.0,22690.0,474.0
220631,1998,26585.0,176.0,82.0,0.9795,0.9395,0.9314,0.9116,0.8661,o,,,,
220631,1999,26653.0,172.0,74.0,0.941,0.8412,0.8219,0.7756,0.6794,o,,,,
220631,2000,21371.0,184.0,60.0,1.2016,1.036,1.0047,0.9305,0.5996,o,,,,
220631,2001,21953.0,171.0,67.0,1.1178,1.0197,1.0005,0.954,0.7283,o,,,,
220631,2002,23788.0,145.0,67.0,0.9005,0.8997,0.8995,0.8991,0.997,o,170.0,,18708.0,
220631,2003,23178.0,145.0,86.0,0.9733,0.9733,0.9733,0.9733,1.0,o,279.0,,19985.0,463.0
220631,2004,29204.0,142.0,112.0,0.8136,0.905,0.9252,0.9776,1.4437,o,194.0,,19502.0,397.0
220631,2005,33269.0,146.0,153.0,0.8025,0.8862,0.9046,0.9522,1.4077,o,184.0,,20281.0,428.0
220631,2006,33206.0,140.0,163.0,0.8005,0.8276,0.8333,0.8478,1.1217,o,227.0,247.0,20417.0,407.0
220631,2007,35547.0,182.0,165.0,0.8929,0.8703,0.8657,0.8543,0.9154,o,216.0,224.0,20798.0,425.0
220631,2008,27215.0,172.0,139.0,1.0649,1.0448,1.0407,1.0305,0.9366,o,287.0,194.0,21072.0,493.0
220631,2009,41020.0,171.0,125.0,0.6831,0.7421,0.7549,0.788,1.3307,o,318.0,254.0,21755.0,467.0
220631,2010,41683.0,171.0,127.0,0.6751,0.7552,0.7729,0.8191,1.472,o,355.0,305.0,21614.0,490.0
220631,2011,47186.0,202.0,148.0,0.7019,0.7924,0.8125,0.8651,1.5192,o,319.0,244.0,22614.0,501.0
220631,2012,47684.0,255.0,167.0,0.8519,0.9273,0.9437,0.9861,1.34,o,253.0,301.0,24110.0,630.0
220631,2013,46675.0,281.0,189.0,0.9654,0.9498,0.9466,0.9387,0.9455,o,191.0,271.0,25051.0,692.0
220631,2014,43689.0,306.0,176.0,1.0822,0.9592,0.9356,0.879,0.6597,o,260.0,248.0,25660.0,847.0
220631,2015,44354.0,326.0,158.0,1.0957,0.9752,0.952,0.8963,0.6691,o,264.0,206.0,26070.0,867.0
220631,2016,40578.0,307.0,151.0,1.1312,1.1028,1.097,1.0827,0.9161,o,305.0,285.0,26637.0,964.0
220631,2017,42252.0,234.0,164.0,0.8975,0.9644,0.9789,1.016,1.2815,o,344.0,264.0,26834.0,949.0
220631,2018,47023.0,315.0,167.0,1.0169,1.1302,1.1551,1.2199,1.439,o,292.0,405.0,26683.0,1103.0
220631,2019,49220.0,315.0,184.0,0.9923,1.0496,1.0619,1.0932,1.2137,o,267.0,331.0,26857.0,1049.0
220631,2020,51193.0,367.0,199.0,1.0935,1.0879,1.0867,1.0839,0.9824,o,229.0,236.0,27332.0,1040.0
220631,2021,46004.0,358.0,182.0,1.1712,1.0834,1.066,1.0239,0.7643,o,289.0,236.0,27418.0,1100.0
220631,2022,42096.0,330.0,146.0,1.1488,1.0824,1.0692,1.0368,0.8145,o,327.0,222.0,26559.0,1110.0
220631,2023,39925.0,286.0,110.0,1.0249,1.0542,1.0604,1.0759,1.102,o,335.0,206.0,26065.0,1157.0
220631,2024,42732.0,261.0,107.0,0.8832,0.9603,0.9771,1.0203,1.3347,o,357.0,214.0,26150.0,1198.0
220701,1998,13808.0,54.0,35.0,0.6214,0.5958,0.5844,0.5692,0.8391,o,,,,
220701,1999,13005.0,55.0,35.0,0.669,0.7011,0.7163,0.7376,1.2157,o,,,,
220701,2000,13432.0,65.0,44.0,0.7772,0.7869,0.7913,0.7974,1.0526,o,,,,
220701,2001,13328.0,62.0,42.0,0.7473,0.7497,0.7509,0.7524,1.0137,o,,,,
220701,2002,19315.0,60.0,32.0,0.4722,0.4765,0.4785,0.4812,1.0387,o,185.0,,18708.0,
220701,2003,17522.0,117.0,39.0,0.9348,0.9815,1.0036,1.0347,1.225,o,128.0,,20562.0,621.0
220701,2004,17355.0,114.0,25.0,0.8747,0.8865,0.8919,0.8994,1.0574,o,180.0,,21227.0,640.0
220701,2005,19392.0,124.0,31.0,0.8632,0.8541,0.8499,0.8443,0.9565,o,222.0,,21971.0,251.0
220701,2006,21063.0,129.0,28.0,0.8147,0.8463,0.8612,0.882,1.172,o,211.0,75.0,22467.0,253.0
220701,2007,23020.0,107.0,15.0,0.5969,0.6452,0.6687,0.702,1.3834,o,244.0,41.0,22747.0,284.0
220701,2008,22063.0,105.0,15.0,0.6119,0.672,0.7014,0.7437,1.4773,o,211.0,61.0,24224.0,316.0
220701,2009,25951.0,133.0,13.0,0.6451,0.6645,0.6736,0.6863,1.1318,o,261.0,77.0,25360.0,316.0
220701,2010,27753.0,120.0,8.0,0.5362,0.5474,0.5526,0.5598,1.0901,o,280.0,133.0,26643.0,295.0
220701,2011,30601.0,146.0,12.0,0.5961,0.6213,0.6333,0.65,1.189,o,366.0,103.0,27246.0,414.0
220701,2012,29529.0,153.0,5.0,0.6319,0.6874,0.7144,0.753,1.4198,o,281.0,174.0,28004.0,437.0
220701,2013,31354.0,169.0,11.0,0.6679,0.7204,0.7458,0.7819,1.3708,o,338.0,104.0,28565.0,417.0
220701,2014,32084.0,161.0,5.0,0.6115,0.6316,0.641,0.6541,1.1442,o,454.0,184.0,29323.0,431.0
220701,2015,32433.0,181.0,8.0,0.6845,0.7188,0.7351,0.7579,1.226,o,275.0,155.0,30156.0,418.0
220701,2016,30612.0,179.0,5.0,0.7115,0.7322,0.7418,0.7552,1.1267,o,262.0,73.0,30077.0,433.0
220701,2017,27155.0,216.0,9.0,0.9744,0.9417,0.9271,0.9076,0.8675,o,246.0,88.0,30223.0,444.0
220701,2018,25147.0,141.0,4.0,0.6824,0.6134,0.5842,0.5465,0.6414,o,276.0,60.0,29661.0,412.0
220701,2019,24032.0,148.0,9.0,0.7615,0.7028,0.6775,0.6444,0.716,o,233.0,75.0,29585.0,407.0
220701,2020,23419.0,133.0,9.0,0.7046,0.6956,0.6915,0.6859,0.9479,o,186.0,52.0,29928.0,419.0
220701,2021,20982.0,133.0,13.0,0.7978,0.7618,0.7458,0.7246,0.8248,o,215.0,81.0,30173.0,440.0
220701,2022,22361.0,127.0,8.0,0.703,0.6599,0.641,0.6162,0.7682,o,209.0,104.0,11190.0,122.0
220701,2023,24136.0,118.0,9.0,0.609,0.5829,0.5713,0.5559,0.833,o,185.0,115.0,10559.0,122.0
220701,2024,26045.0,149.0,5.0,0.698,0.6878,0.6832,0.6769,0.9403,o,172.0,113.0,10506.0,106.0
220710,1998,29104.0,175.0,0.0,0.7216,0.7715,0.7822,0.8097,1.2594,o,,,,
220710,1999,29021.0,152.0,0.0,0.6285,0.6414,0.6441,0.6509,1.0724,o,,,,
220710,2000,30767.0,204.0,0.0,0.7957,0.8257,0.8321,0.8482,1.1366,o,,,,
220710,2001,30485.0,189.0,0.0,0.744,0.7752,0.7819,0.7987,1.1525,o,,,,
220710,2002,31767.0,166.0,0.0,0.6271,0.6571,0.6635,0.6798,1.1751,o,247.0,,30418.0,
220710,2003,32068.0,186.0,0.0,0.696,0.6938,0.6933,0.6922,0.9889,o,292.0,,32008.0,507.0
220710,2004,32842.0,216.0,0.0,0.7892,0.7719,0.7683,0.7595,0.9261,o,317.0,,32802.0,487.0
220710,2005,34141.0,166.0,0.0,0.5835,0.5988,0.602,0.6101,1.0934,o,333.0,,33906.0,480.0
220710,2006,36042.0,190.0,0.0,0.6326,0.6693,0.6772,0.6973,1.215,o,297.0,54.0,33692.0,499.0
220710,2007,34095.0,192.0,0.0,0.6758,0.707,0.7137,0.7306,1.1688,o,317.0,65.0,34973.0,557.0
220710,2008,38536.0,214.0,0.0,0.6664,0.668,0.6683,0.6691,1.0082,o,297.0,48.0,37095.0,532.0
220710,2009,35412.0,240.0,0.0,0.8133,0.8,0.7972,0.7904,0.9446,o,303.0,76.0,38774.0,554.0
220710,2010,34026.0,198.0,0.0,0.6983,0.6885,0.6865,0.6815,0.9524,o,277.0,73.0,39984.0,565.0
220710,2011,33939.0,225.0,0.0,0.7955,0.7825,0.7798,0.7732,0.9446,o,293.0,83.0,41142.0,575.0
220710,2012,33071.0,202.0,0.0,0.733,0.7173,0.7141,0.7062,0.9283,o,313.0,98.0,40715.0,549.0
220710,2013,34280.0,209.0,0.0,0.7316,0.7337,0.7342,0.7353,1.01,o,349.0,60.0,40802.0,529.0
220710,2014,36231.0,206.0,0.0,0.6823,0.709,0.7146,0.7289,1.1414,o,334.0,103.0,40988.0,540.0
220710,2015,37470.0,209.0,0.0,0.6693,0.7054,0.7131,0.7327,1.1982,o,338.0,83.0,41454.0,503.0
220710,2016,36943.0,223.0,0.0,0.7244,0.7464,0.751,0.7628,1.1089,o,323.0,65.0,42609.0,394.0
220710,2017,37844.0,230.0,0.0,0.7293,0.729,0.7289,0.7288,0.9985,o,301.0,70.0,42736.0,407.0
220710,2018,37204.0,207.0,0.0,0.6677,0.6504,0.6469,0.6382,0.9136,o,282.0,65.0,42618.0,410.0
220710,2019,34915.0,247.0,0.0,0.8489,0.8147,0.8077,0.7907,0.8676,o,272.0,71.0,42561.0,452.0
220710,2020,32529.0,234.0,0.0,0.8632,0.8201,0.8115,0.7903,0.8381,o,271.0,52.0,42763.0,571.0
220710,2021,29784.0,210.0,0.0,0.8461,0.8127,0.8059,0.7893,0.8702,o,274.0,75.0,42361.0,562.0
220710,2022,32147.0,182.0,0.0,0.6794,0.6662,0.6635,0.6569,0.9348,o,279.0,58.0,40608.0,495.0
220710,2023,29688.0,175.0,0.0,0.7074,0.707,0.7069,0.7067,0.9982,o,317.0,46.0,39085.0,505.0
220710,2024,31081.0,209.0,0.0,0.8069,0.829,0.8337,0.8454,1.0976,o,281.0,53.0,38514.0,475.0
220756,1998,16770.0,0.0,0.0,0.0,0.0,0.0,0.0,,-,,,,
220756,1999,13620.0,0.0,0.0,0.0,0.0,0.0,0.0,,-,,,,
220792,2000,6014.0,0.0,0.0,0.0,0.0,0.0,0.0,,n,,,,
220808,1998,5800.0,27.0,0.0,0.5586,0.6283,0.6438,0.6842,1.5,o,,,,
220808,1999,5800.0,29.0,0.0,0.6,0.684,0.7028,0.7521,1.5714,o,,,,
220808,2001,6698.0,41.0,0.0,0.7345,0.7087,0.7034,0.6905,0.8837,o,,,,
220808,2003,8947.0,55.0,0.0,0.7377,0.7377,0.7377,0.7377,1.0,o,88.0,,23451.0,520.0
220808,2004,8056.0,48.0,0.0,0.715,0.7845,0.7997,0.8391,1.3772,o,60.0,,24477.0,631.0
220808,2005,8237.0,47.0,0.0,0.6847,0.6973,0.6999,0.7065,1.0647,o,64.0,,25109.0,667.0
220808,2006,8160.0,53.0,0.0,0.7794,0.7478,0.7415,0.7258,0.8671,o,61.0,44.0,27204.0,740.0
220808,2007,7393.0,53.0,0.0,0.8603,0.8052,0.7943,0.7676,0.7962,o,74.0,32.0,29884.0,838.0
220808,2008,9420.0,46.0,0.0,0.586,0.5706,0.5674,0.5597,0.9122,o,101.0,33.0,30232.0,620.0
220808,2009,8464.0,28.0,0.0,0.397,0.4387,0.4478,0.4716,1.4113,o,100.0,40.0,31021.0,678.0
220808,2010,9747.0,42.0,0.0,0.5171,0.5934,0.6106,0.6557,1.608,o,76.0,38.0,32307.0,670.0
220808,2011,10385.0,60.0,0.0,0.6933,0.7487,0.7607,0.7916,1.3037,o,94.0,22.0,33433.0,687.0
220808,2012,9670.0,68.0,0.0,0.8438,0.8368,0.8353,0.8317,0.9714,o,69.0,39.0,34083.0,725.0
220808,2013,9770.0,71.0,0.0,0.8721,0.8206,0.8104,0.7853,0.8109,o,115.0,25.0,35091.0,703.0
220808,2014,9419.0,65.0,0.0,0.8281,0.8389,0.8411,0.8467,1.0455,o,100.0,27.0,36206.0,698.0
220808,2015,9834.0,54.0,0.0,0.6589,0.7054,0.7154,0.741,1.2647,o,88.0,23.0,37689.0,734.0
220808,2016,9111.0,62.0,0.0,0.8166,0.8511,0.8584,0.877,1.1534,o,77.0,24.0,39217.0,794.0
220808,2017,8600.0,66.0,0.0,0.9209,0.8923,0.8865,0.8721,0.8967,o,47.0,15.0,40411.0,808.0
220853,1998,31500.0,0.0,0.0,0.0,0.0,0.0,0.0,,-,,,,
220853,1999,26160.0,0.0,0.0,0.0,0.0,0.0,0.0,,-,,,,
220862,1998,367968.0,1789.0,0.0,0.5834,0.578,0.5755,0.5721,0.9616,o,,,,
220862,1999,403867.0,1844.0,0.0,0.5479,0.5404,0.537,0.5325,0.9444,o,,,,
220862,2000,405106.0,1953.0,0.0,0.5785,0.5853,0.5885,0.5928,1.0501,o,,,,
220862,2002,414120.0,1998.0,0.0,0.579,0.592,0.598,0.6064,1.0969,o,1852.0,,6011.0,
220862,2003,404480.0,1978.0,0.0,0.5868,0.5901,0.5916,0.5936,1.0232,o,2055.0,,6294.0,253.0
220862,2004,405763.0,1860.0,0.0,0.5501,0.5539,0.5557,0.5581,1.0295,o,2062.0,,7021.0,280.0
220862,2005,412614.0,2293.0,0.0,0.6669,0.6797,0.6857,0.6939,1.0829,o,2074.0,,7211.0,269.0
220862,2006,405268.0,2218.0,0.0,0.6568,0.6703,0.6766,0.6854,1.089,o,2163.0,1339.0,7921.0,302.0
220862,2007,405025.0,2442.0,0.0,0.7235,0.7377,0.7443,0.7534,1.0845,o,2078.0,1230.0,7949.0,283.0
220862,2008,401417.0,2432.0,0.0,0.727,0.7322,0.7346,0.7379,1.0301,o,2028.0,1207.0,8490.0,276.0
220862,2009,407572.0,2590.0,0.0,0.7626,0.7612,0.7606,0.7598,0.9927,o,2269.0,1452.0,8817.0,290.0
220862,2010,422138.0,2562.0,0.0,0.7283,0.7308,0.7319,0.7334,1.0142,o,2437.0,1556.0,9232.0,292.0
220862,2011,438576.0,2678.0,0.0,0.7327,0.7513,0.7599,0.7719,1.1096,o,2577.0,1682.0,9464.0,289.0
220862,2012,447539.0,2724.0,0.0,0.7304,0.7663,0.7833,0.8071,1.2211,o,2181.0,1554.0,10055.0,308.0
220862,2013,435732.0,2887.0,0.0,0.7951,0.8148,0.8239,0.8366,1.1073,o,2078.0,1441.0,10566.0,330.0
220862,2014,419961.0,2991.0,0.0,0.8547,0.8344,0.8253,0.813,0.905,o,2319.0,1454.0,10943.0,349.0
220862,2015,419495.0,2898.0,0.0,0.829,0.8033,0.7918,0.7763,0.8769,o,2105.0,1353.0,11252.0,323.0
220862,2016,410464.0,3037.0,0.0,0.8879,0.8725,0.8655,0.8561,0.9298,o,2743.0,1395.0,11542.0,339.0
220862,2017,420590.0,3101.0,0.0,0.8848,0.9127,0.9258,0.944,1.1383,o,2669.0,1380.0,11632.0,344.0
220862,2018,423447.0,3139.0,0.0,0.8896,0.935,0.9566,0.9869,1.2308,o,2480.0,1419.0,11612.0,332.0
220862,2019,415686.0,2978.0,0.0,0.8597,0.8916,0.9066,0.9275,1.1639,o,2683.0,1455.0,11369.0,328.0
220862,2020,419266.0,3076.0,0.0,0.8804,0.8938,0.9,0.9085,1.065,o,2540.0,1221.0,11914.0,325.0
220862,2021,417423.0,3172.0,0.0,0.9119,0.9041,0.9006,0.8958,0.9651,o,2593.0,1160.0,11570.0,293.0
220862,2022,397129.0,3034.0,0.0,0.9168,0.9161,0.9158,0.9154,0.9969,o,2414.0,1120.0,11032.0,305.0
220862,2023,389653.0,2948.0,0.0,0.9079,0.9012,0.8982,0.8941,0.9698,o,2591.0,1053.0,10409.0,288.0
220862,2024,398232.0,2967.0,0.0,0.8941,0.885,0.8808,0.8752,0.9583,o,1962.0,962.0,10344.0,263.0
220899,1998,3166.0,0.0,0.0,0.0,0.0,0.0,0.0,,-,,,,
220899,1999,2431.0,0.0,0.0,0.0,0.0,0.0,0.0,,-,,,,
220899,2004,1132.0,0.0,0.0,0.0,0.0,0.0,0.0,,-,,,3449.0,551.0
220914,1998,864.0,0.0,9.0,0.625,0.625,0.625,0.625,,n,,,,
220941,1998,24510.0,181.0,0.0,0.8862,0.8862,0.8862,0.8862,,-,,,,
220941,1999,21905.0,133.0,0.0,0.7286,0.7286,0.7286,0.7286,,-,,,,
220941,2000,26622.0,172.0,0.0,0.7753,0.7753,0.7753,0.7753,,-,,,,
220941,2001,29517.0,143.0,0.0,0.5814,0.5814,0.5814,0.5814,,-,,,,
220941,2003,36120.0,184.0,0.0,0.6113,0.6113,0.6113,0.6113,,-,99.0,,18557.0,342.0
220941,2004,26509.0,174.0,0.0,0.7877,0.7877,0.7877,0.7877,,-,94.0,,18905.0,471.0
220941,2005,22622.0,217.0,0.0,1.1511,1.1511,1.1511,1.1511,,-,257.0,,19500.0,433.0
220941,2006,22876.0,167.0,0.0,0.876,0.876,0.876,0.876,,-,177.0,192.0,15967.0,384.0
220941,2007,28680.0,150.0,0.0,0.6276,0.6276,0.6276,0.6276,,-,138.0,153.0,15934.0,335.0
220941,2008,25350.0,124.0,0.0,0.587,0.587,0.587,0.587,,-,103.0,224.0,16296.0,327.0
220941,2009,22285.0,118.0,0.0,0.6354,0.6354,0.6354,0.6354,,-,19.0,91.0,17430.0,444.0
220941,2010,21750.0,125.0,0.0,0.6897,0.6897,0.6897,0.6897,,-,33.0,88.0,11965.0,335.0
220941,2011,15860.0,125.0,0.0,0.9458,0.9458,0.9458,0.9458,,-,88.0,623.0,11860.0,271.0
220941,2013,41398.0,120.0,5.0,0.3551,0.3551,0.3551,0.3551,,-,531.0,304.0,12379.0,363.0
220978,1998,457013.0,2389.0,9.0,0.6285,0.6576,0.6715,0.6908,1.2081,o,,,,
220978,1999,463962.0,2270.0,4.0,0.5876,0.6223,0.6389,0.6622,1.2699,o,,,,
220978,2000,477617.0,2427.0,4.0,0.6103,0.6331,0.6438,0.6587,1.1651,o,,,,
220978,2001,485949.0,2517.0,5.0,0.6222,0.6395,0.6476,0.6588,1.1214,o,,,,
220978,2002,514397.0,2615.0,7.0,0.6109,0.6273,0.635,0.6456,1.1171,o,3214.0,,5533.0,
220978,2003,541963.0,2771.0,6.0,0.6142,0.639,0.6507,0.6671,1.1795,o,3089.0,,5849.0,190.0
220978,2004,556802.0,3044.0,5.0,0.6566,0.6801,0.6912,0.7066,1.1582,o,3143.0,,6484.0,211.0
220978,2005,558696.0,3476.0,2.0,0.7468,0.7619,0.7689,0.7786,1.0869,o,3285.0,,6809.0,204.0
220978,2006,560605.0,3561.0,3.0,0.7626,0.7717,0.7759,0.7817,1.0507,o,3430.0,1992.0,7167.0,213.0
220978,2007,566990.0,3635.0,0.0,0.7693,0.7811,0.7866,0.7941,1.0654,o,3664.0,1950.0,7208.0,204.0
220978,2008,571665.0,3547.0,0.0,0.7446,0.7681,0.7791,0.7944,1.1383,o,3518.0,1935.0,7723.0,211.0
220978,2009,579985.0,3786.0,0.0,0.7833,0.8045,0.8143,0.828,1.1173,o,3683.0,2137.0,8201.0,217.0
220978,2010,603572.0,3628.0,0.0,0.7213,0.7335,0.7392,0.747,1.0724,o,3878.0,2254.0,8560.0,217.0
220978,2011,628873.0,3868.0,0.0,0.7381,0.7495,0.7547,0.762,1.0658,o,3548.0,2182.0,8792.0,224.0
220978,2012,619056.0,3911.0,0.0,0.7581,0.7642,0.767,0.7709,1.034,o,3120.0,2048.0,9190.0,244.0
220978,2013,587297.0,4159.0,0.0,0.8498,0.8343,0.8272,0.8177,0.926,o,3179.0,1907.0,9638.0,251.0
220978,2014,552730.0,4012.0,0.0,0.871,0.8337,0.8171,0.795,0.8331,o,3095.0,1809.0,9935.0,271.0
220978,2015,537477.0,4051.0,0.0,0.9044,0.8686,0.8526,0.8313,0.8449,o,2839.0,2018.0,10282.0,285.0
220978,2016,525408.0,4034.0,0.0,0.9213,0.8959,0.8845,0.8692,0.8899,o,2893.0,1865.0,10475.0,291.0
220978,2017,515753.0,4137.0,0.0,0.9626,0.941,0.9313,0.9182,0.91,o,3016.0,1958.0,10555.0,294.0
220978,2018,509334.0,4002.0,0.0,0.9429,0.9294,0.9233,0.915,0.9418,o,2897.0,1967.0,10733.0,294.0
220978,2019,501509.0,4047.0,0.0,0.9684,0.9675,0.9672,0.9666,0.9965,o,3312.0,2048.0,10809.0,294.0
220978,2020,505139.0,4039.0,0.0,0.9595,0.9781,0.9867,0.9986,1.0832,o,3093.0,1879.0,10902.0,291.0
220978,2021,497030.0,3916.0,0.0,0.9455,0.9639,0.9725,0.9843,1.0839,o,2752.0,1752.0,10587.0,290.0
220978,2022,465263.0,3709.0,0.0,0.9566,0.954,0.9528,0.9511,0.9885,o,2805.0,1604.0,10128.0,291.0
220978,2023,451651.0,3847.0,0.0,1.0221,0.9953,0.9832,0.967,0.895,o,3126.0,1573.0,9557.0,262.0
220978,2024,451935.0,4888.0,0.0,1.2979,1.2742,1.2634,1.2489,0.926,o,3149.0,1624.0,9506.0,252.0
221014,1998,25739.0,148.0,0.0,0.69,0.6855,0.6846,0.6823,0.9777,o,,,,
221014,1999,24925.0,191.0,0.0,0.9196,0.926,0.9273,0.9307,1.0244,o,,,,
221014,2000,26805.0,163.0,0.0,0.7297,0.7544,0.7596,0.7727,1.1214,o,,,,
221014,2001,25100.0,134.0,0.0,0.6406,0.6485,0.6502,0.6543,1.043,o,,,,
221014,2002,24604.0,173.0,0.0,0.8438,0.8258,0.8222,0.8131,0.9286,o,165.0,,22865.0,
221014,2003,21919.0,213.0,0.0,1.1661,1.1086,1.0971,1.0688,0.84,o,179.0,,24369.0,485.0
221014,2004,22041.0,179.0,0.0,0.9745,0.9249,0.9149,0.8905,0.835,o,191.0,,25340.0,489.0
221014,2005,23331.0,177.0,0.0,0.9104,0.8966,0.8938,0.8867,0.9487,o,168.0,,26365.0,482.0
221014,2006,22954.0,168.0,0.0,0.8783,0.8797,0.88,0.8807,1.0056,o,166.0,76.0,26861.0,507.0
221014,2007,22362.0,204.0,0.0,1.0947,1.0854,1.0835,1.0787,0.9709,o,197.0,88.0,27706.0,519.0
221014,2008,23237.0,170.0,0.0,0.8779,0.8731,0.8721,0.8696,0.9811,o,176.0,85.0,28549.0,511.0
221014,2009,24306.0,185.0,0.0,0.9134,0.9235,0.9257,0.931,1.039,o,214.0,149.0,29582.0,512.0
221014,2010,25909.0,179.0,0.0,0.8291,0.8672,0.8753,0.8959,1.1677,o,177.0,134.0,31249.0,528.0
221014,2011,25814.0,197.0,0.0,0.9158,0.9357,0.9399,0.9504,1.0771,o,204.0,131.0,32832.0,584.0
221014,2012,28269.0,216.0,0.0,0.9169,0.9226,0.9237,0.9267,1.0214,o,174.0,112.0,34369.0,601.0
221014,2013,27460.0,228.0,0.0,0.9964,0.9874,0.9855,0.9809,0.9692,o,206.0,81.0,35773.0,616.0
221014,2014,27667.0,218.0,0.0,0.9455,0.9377,0.9361,0.9321,0.9719,o,181.0,83.0,36754.0,597.0
221096,1998,69012.0,0.0,292.0,0.2539,0.256,0.2617,0.2643,1.1298,o,,,,
221096,1999,68929.0,0.0,309.0,0.269,0.2701,0.2731,0.2745,1.0636,o,,,,
221096,2000,67679.0,0.0,320.0,0.2837,0.2831,0.2816,0.281,0.9715,o,,,,
221096,2001,67207.0,0.0,314.0,0.2803,0.2805,0.281,0.2812,1.0094,o,,,,
221096,2002,75379.0,0.0,355.0,0.2826,0.2848,0.2907,0.2934,1.1206,o,937.0,,2832.0,
221096,2003,77326.0,0.0,437.0,0.3391,0.3414,0.3474,0.3501,1.1017,o,912.0,,2969.0,89.0
221096,2004,73352.0,0.0,385.0,0.3149,0.3149,0.3147,0.3146,0.9973,o,988.0,,3434.0,102.0
221096,2005,73308.0,0.0,426.0,0.3487,0.3503,0.3545,0.3564,1.0687,o,956.0,,3539.0,104.0
221096,2006,72041.0,0.0,395.0,0.329,0.3291,0.3295,0.3297,1.0063,o,1011.0,337.0,3722.0,117.0
221096,2007,78751.0,0.0,409.0,0.3116,0.3125,0.3147,0.3157,1.0401,o,1077.0,318.0,3749.0,114.0
221096,2008,85556.0,0.0,404.0,0.2833,0.2851,0.2898,0.2919,1.0951,o,1141.0,363.0,3827.0,116.0
221096,2009,91856.0,0.0,460.0,0.3005,0.3023,0.3072,0.3094,1.0929,o,1358.0,426.0,3978.0,120.0
221096,2010,105229.0,0.0,496.0,0.2828,0.2869,0.2975,0.3024,1.2245,o,1250.0,346.0,4178.0,115.0
221096,2011,102502.0,0.0,526.0,0.3079,0.3079,0.3079,0.3079,1.0004,o,1259.0,325.0,4334.0,120.0
221096,2012,95826.0,0.0,627.0,0.3926,0.3916,0.3892,0.3881,0.9655,o,1013.0,335.0,4588.0,129.0
221096,2013,87441.0,0.0,568.0,0.3897,0.384,0.3695,0.3632,0.8075,o,1143.0,349.0,4700.0,141.0
221096,2014,88558.0,0.0,602.0,0.4079,0.408,0.4085,0.4087,1.0062,o,1107.0,324.0,5119.0,141.0
221096,2015,89876.0,0.0,597.0,0.3985,0.3993,0.4012,0.4021,1.0269,o,1959.0,268.0,4966.0,144.0
221096,2016,106023.0,0.0,715.0,0.4046,0.4206,0.4648,0.4859,1.7413,o,1822.0,263.0,5120.0,105.0
221096,2017,121653.0,0.0,829.0,0.4089,0.4138,0.4269,0.4328,1.1885,o,1838.0,271.0,5164.0,90.0
221096,2018,130195.0,0.0,986.0,0.4544,0.4535,0.4512,0.4502,0.9722,o,1719.0,510.0,5168.0,88.0
221096,2019,136750.0,0.0,1070.0,0.4695,0.4674,0.4622,0.4599,0.9393,o,1848.0,344.0,5175.0,71.0
221096,2020,141989.0,0.0,1125.0,0.4754,0.4767,0.48,0.4814,1.0391,o,1617.0,269.0,5221.0,67.0
221096,2021,124954.0,0.0,1113.0,0.5344,0.5308,0.5215,0.5174,0.9066,o,1599.0,404.0,5054.0,77.0
221096,2022,114284.0,0.0,967.0,0.5077,0.5048,0.4976,0.4944,0.9229,o,1576.0,344.0,4845.0,70.0
221096,2023,112822.0,0.0,926.0,0.4925,0.4918,0.49,0.4892,0.9801,o,1576.0,308.0,4571.0,67.0
221096,2024,121711.0,0.0,997.0,0.4915,0.4912,0.4906,0.4903,0.9928,o,1466.0,271.0,4536.0,72.0
221148,1999,50280.0,0.0,44.0,0.0525,0.0525,0.0525,0.0525,,-,,,,
221148,2004,97636.0,0.0,67.0,0.0412,0.0412,0.0412,0.0412,,-,987.0,,,372.0
221148,2005,108400.0,0.0,61.0,0.0338,0.0338,0.0338,0.0338,,-,911.0,,,94.0
221148,2015,65886.0,0.0,60.0,0.0546,0.0546,0.0546,0.0546,,-,153.0,9.0,,544.0
221148,2016,58681.0,0.0,42.0,0.0429,0.0429,0.0429,0.0429,,-,308.0,4.0,,594.0
221148,2017,56992.0,0.0,69.0,0.0726,0.0726,0.0726,0.0726,,-,453.0,9.0,,557.0
221148,2018,59997.0,0.0,50.0,0.05,0.05,0.05,0.05,,-,423.0,7.0,,519.0
221148,2019,50240.0,0.0,47.0,0.0561,0.0561,0.0561,0.0561,,-,438.0,12.0,,586.0
221148,2020,47940.0,0.0,23.0,0.0288,0.0288,0.0288,0.0288,,-,473.0,7.0,,566.0
221148,2021,51469.0,0.0,17.0,0.0198,0.0198,0.0198,0.0198,,-,292.0,8.0,,491.0
221148,2022,45025.0,0.0,27.0,0.036,0.036,0.036,0.036,,-,258.0,6.0,,571.0
221148,2023,39807.0,0.0,36.0,0.0543,0.0543,0.0543,0.0543,,-,260.0,,,560.0
221148,2024,39731.0,0.0,49.0,0.074,0.074,0.074,0.074,,-,261.0,,,513.0
221184,1998,108895.0,0.0,264.0,0.1455,0.148,0.1546,0.1576,1.2758,o,,,,
221184,1999,113502.0,0.0,287.0,0.1517,0.1528,0.1556,0.1569,1.1077,o,,,,
221184,2000,115738.0,0.0,294.0,0.1524,0.1519,0.1505,0.1499,0.9502,o,,,,
221184,2001,120672.0,0.0,277.0,0.1377,0.1369,0.1347,0.1338,0.9157,o,,,,
221184,2002,106208.0,0.0,357.0,0.2017,0.2037,0.2092,0.2116,1.1567,o,846.0,,2794.0,
221184,2003,110419.0,0.0,326.0,0.1771,0.1801,0.188,0.1916,1.2674,o,758.0,,2931.0,92.0
221184,2004,114000.0,0.0,403.0,0.2121,0.2116,0.2102,0.2095,0.9638,o,908.0,,3398.0,104.0
221184,2005,131085.0,0.0,495.0,0.2266,0.2285,0.2337,0.236,1.1322,o,1026.0,,3504.0,91.0
221184,2006,133245.0,0.0,501.0,0.2256,0.2289,0.2377,0.2417,1.2317,o,1065.0,590.0,3688.0,94.0
221184,2007,134186.0,0.0,527.0,0.2356,0.2372,0.2414,0.2433,1.1013,o,1058.0,609.0,3713.0,96.0
221184,2008,134042.0,0.0,498.0,0.2229,0.2231,0.2236,0.2238,1.012,o,1205.0,610.0,4118.0,97.0
221184,2009,149400.0,0.0,529.0,0.2124,0.2143,0.2193,0.2215,1.1352,o,1535.0,771.0,3929.0,89.0
221184,2010,178993.0,0.0,478.0,0.1602,0.1637,0.1729,0.1772,1.3566,o,1518.0,704.0,4130.0,118.0
221184,2011,191010.0,0.0,531.0,0.1668,0.168,0.1711,0.1725,1.108,o,1755.0,811.0,4267.0,116.0
221184,2012,196346.0,0.0,719.0,0.2197,0.2219,0.2275,0.2301,1.1497,o,1433.0,895.0,4519.0,139.0
221184,2013,193090.0,0.0,625.0,0.1942,0.1924,0.1879,0.1859,0.8756,o,1507.0,875.0,4632.0,127.0
221184,2014,189447.0,0.0,646.0,0.2046,0.2038,0.2017,0.2008,0.9454,o,1644.0,832.0,4688.0,125.0
221184,2015,190354.0,0.0,669.0,0.2109,0.2125,0.2169,0.2188,1.1184,o,2153.0,648.0,4899.0,123.0
221184,2016,193695.0,0.0,783.0,0.2425,0.2479,0.2622,0.2689,1.3666,o,1852.0,517.0,5021.0,122.0
221184,2017,169951.0,0.0,800.0,0.2824,0.2819,0.2807,0.2801,0.9755,o,1590.0,619.0,5060.0,121.0
221184,2018,157023.0,0.0,866.0,0.3309,0.3256,0.3124,0.3067,0.794,o,1708.0,825.0,5066.0,92.0
221184,2019,158433.0,0.0,902.0,0.3416,0.3414,0.3409,0.3407,0.9924,o,1577.0,652.0,5114.0,83.0
221184,2020,153593.0,0.0,934.0,0.3649,0.3637,0.3608,0.3595,0.9563,o,1370.0,609.0,5161.0,85.0
221184,2021,138382.0,0.0,1028.0,0.4457,0.4401,0.426,0.4198,0.8341,o,1372.0,508.0,5012.0,89.0
221184,2022,128882.0,0.0,951.0,0.4427,0.4405,0.4349,0.4324,0.9311,o,1415.0,499.0,4796.0,50.0
221184,2023,124512.0,0.0,829.0,0.3995,0.4004,0.4026,0.4037,1.0321,o,1296.0,504.0,4526.0,66.0
221184,2024,134638.0,0.0,834.0,0.3717,0.3698,0.365,0.3629,0.93,o,1507.0,733.0,4498.0,65.0
221236,1999,10230.0,0.0,0.0,0.0,0.0,0.0,0.0,,-,,,,
221254,1998,3576.0,17.0,0.0,0.5705,0.7515,0.7955,0.9174,2.5862,o,,,,
221254,1999,3360.0,25.0,0.0,0.8929,0.8743,0.8705,0.8611,0.9302,o,,,,
221254,2000,3665.0,24.0,0.0,0.7858,0.6086,0.5773,0.5058,0.4143,o,,,,
221254,2001,3259.0,27.0,0.0,0.9942,0.8461,0.8183,0.7528,0.5733,o,,,,
221254,2002,3410.0,17.0,0.0,0.5982,0.7123,0.7384,0.8082,1.825,o,40.0,,16837.0,
221254,2003,3199.0,18.0,0.0,0.6752,0.9377,1.0037,1.1895,3.1034,o,39.0,,17741.0,670.0
221254,2004,3839.0,21.0,0.0,0.6564,0.783,0.8122,0.8897,1.8372,o,52.0,,17313.0,638.0
221254,2005,4936.0,30.0,0.0,0.7293,0.7775,0.7878,0.8143,1.2466,o,71.0,,18581.0,595.0
221254,2006,5867.0,21.0,0.0,0.4295,0.4702,0.4791,0.5021,1.3667,o,62.0,,19071.0,625.0
221254,2007,5387.0,36.0,0.0,0.8019,0.9327,0.9623,1.0405,1.6835,o,54.0,52.0,20362.0,816.0
221254,2008,5577.0,48.0,0.0,1.0328,1.1081,1.1244,1.1661,1.2747,o,57.0,90.0,21729.0,828.0
221254,2009,5695.0,34.0,0.0,0.7164,0.6954,0.6911,0.6806,0.9024,o,40.0,22.0,24690.0,860.0
221254,2010,5453.0,39.0,0.0,0.8582,0.7832,0.7685,0.7329,0.7293,o,34.0,15.0,28211.0,975.0
221254,2011,5696.0,44.0,0.0,0.927,0.8137,0.792,0.7404,0.6379,o,23.0,13.0,30571.0,1081.0
221254,2012,5314.0,42.0,0.0,0.9484,0.7818,0.7511,0.6796,0.5135,o,32.0,29.0,32589.0,1154.0
221254,2013,5867.0,35.0,0.0,0.7159,0.6073,0.5869,0.539,0.567,o,27.0,7.0,33420.0,1121.0
221254,2014,5670.0,52.0,0.0,1.1005,1.0306,1.0166,0.9827,0.7973,o,33.0,16.0,34442.0,773.0
221254,2015,4625.0,31.0,0.0,0.8043,0.8164,0.8189,0.8252,1.0526,o,33.0,16.0,34840.0,849.0
221254,2016,4777.0,35.0,0.0,0.8792,0.927,0.9371,0.9631,1.2,o,28.0,21.0,35470.0,884.0
221254,2017,4805.0,26.0,0.0,0.6493,0.6556,0.6569,0.6602,1.0339,o,16.0,11.0,35918.0,854.0
221281,1999,22200.0,0.0,0.0,0.0,0.0,0.0,0.0,,-,,,,
221351,1998,39250.0,303.0,0.0,0.9264,0.9237,0.9231,0.9217,0.99,o,,,,
221351,1999,39648.0,307.0,0.0,0.9292,0.9395,0.9416,0.947,1.0387,o,,,,
221351,2000,40747.0,305.0,0.0,0.8982,0.9289,0.9354,0.9518,1.1229,o,,,,
221351,2001,40366.0,340.0,0.0,1.0108,1.0252,1.0283,1.0359,1.0503,o,,,,
221351,2002,43546.0,337.0,0.0,0.9287,0.9225,0.9212,0.918,0.9772,o,439.0,,35625.0,
221351,2003,42787.0,391.0,0.0,1.0966,1.0988,1.0993,1.1005,1.0071,o,457.0,,36309.0,863.0
221351,2004,40562.0,334.0,0.0,0.9881,1.0085,1.0128,1.0236,1.0731,o,475.0,,37525.0,918.0
221351,2005,44684.0,314.0,0.0,0.8433,0.8773,0.8846,0.9029,1.1464,o,440.0,,39071.0,895.0
221351,2006,46565.0,323.0,0.0,0.8324,0.8486,0.852,0.8606,1.0689,o,452.0,16.0,43430.0,930.0
221351,2007,51309.0,385.0,0.0,0.9004,0.8993,0.899,0.8984,0.9955,o,454.0,15.0,43559.0,858.0
221351,2008,53934.0,407.0,0.0,0.9056,0.8982,0.8966,0.8928,0.9721,o,477.0,8.0,44854.0,844.0
221351,2009,53802.0,368.0,0.0,0.8208,0.8249,0.8258,0.8279,1.0175,o,428.0,20.0,46684.0,848.0
221351,2010,53472.0,389.0,0.0,0.873,0.8767,0.8774,0.8793,1.0146,o,502.0,12.0,48188.0,824.0
221351,2011,54908.0,363.0,0.0,0.7933,0.7994,0.8006,0.8038,1.0265,o,558.0,15.0,48271.0,783.0
221351,2012,58425.0,400.0,0.0,0.8216,0.8531,0.8597,0.8766,1.1386,o,554.0,11.0,49614.0,777.0
221351,2013,60959.0,362.0,0.0,0.7126,0.7565,0.7659,0.7899,1.2287,o,545.0,17.0,50921.0,782.0
221351,2014,64487.0,433.0,0.0,0.8057,0.8457,0.8542,0.8759,1.1817,o,507.0,17.0,52392.0,802.0
221351,2015,63980.0,469.0,0.0,0.8796,0.8777,0.8773,0.8763,0.9925,o,562.0,15.0,54271.0,832.0
221351,2016,65414.0,517.0,0.0,0.9484,0.9376,0.9354,0.9299,0.9613,o,507.0,11.0,56037.0,824.0
221351,2017,64039.0,457.0,0.0,0.8564,0.8495,0.8481,0.8446,0.9727,o,512.0,18.0,57292.0,806.0
221351,2018,63572.0,455.0,0.0,0.8589,0.851,0.8493,0.8453,0.9686,o,543.0,7.0,57957.0,787.0
221351,2019,63479.0,513.0,0.0,0.9698,0.9661,0.9653,0.9634,0.9869,o,517.0,16.0,58436.0,756.0
221351,2020,62711.0,448.0,0.0,0.8573,0.8552,0.8547,0.8536,0.9916,o,442.0,9.0,59133.0,732.0
221351,2021,60342.0,428.0,0.0,0.8511,0.8363,0.8333,0.8257,0.9411,o,592.0,6.0,59424.0,614.0
221351,2022,65814.0,484.0,0.0,0.8825,0.8774,0.8763,0.8737,0.9801,o,478.0,5.0,55850.0,617.0
221351,2023,64140.0,477.0,0.0,0.8924,0.8949,0.8954,0.8966,1.0094,o,483.0,10.0,54149.0,592.0
221351,2024,61231.0,429.0,0.0,0.8408,0.8413,0.8414,0.8416,1.0021,o,388.0,7.0,54892.0,618.0
221397,1999,109515.0,0.0,469.0,0.257,0.2572,0.2578,0.2581,1.0133,o,,,,
221397,2000,111259.0,0.0,514.0,0.2772,0.2785,0.282,0.2835,1.0711,o,,,,
221397,2001,110540.0,0.0,537.0,0.2915,0.2912,0.2906,0.2903,0.9879,o,,,,
221397,2002,118067.0,0.0,555.0,0.282,0.2829,0.2851,0.286,1.0435,o,1076.0,,2830.0,
221397,2003,120010.0,0.0,604.0,0.302,0.3051,0.3133,0.317,1.1582,o,1037.0,,2982.0,80.0
221397,2004,113851.0,0.0,579.0,0.3051,0.3055,0.3065,0.307,1.0187,o,1314.0,,3464.0,97.0
221397,2005,112409.0,0.0,676.0,0.3608,0.3664,0.381,0.3878,1.2437,o,1153.0,,3552.0,100.0
221397,2006,105764.0,0.0,659.0,0.3739,0.3733,0.372,0.3715,0.9809,o,1310.0,342.0,3744.0,113.0
221397,2007,112274.0,0.0,672.0,0.3591,0.3606,0.3646,0.3663,1.062,o,1293.0,389.0,3090.0,106.0
221397,2008,108521.0,0.0,619.0,0.3422,0.3434,0.3464,0.3478,1.0499,o,1341.0,337.0,3870.0,114.0
221397,2009,112603.0,0.0,615.0,0.3277,0.3284,0.3302,0.3309,1.0304,o,1720.0,348.0,4010.0,113.0
221397,2010,132447.0,0.0,671.0,0.304,0.3097,0.325,0.332,1.306,o,1567.0,380.0,4210.0,98.0
221397,2011,135944.0,0.0,774.0,0.3416,0.3422,0.3436,0.3443,1.0238,o,1407.0,352.0,4346.0,101.0
221397,2012,135454.0,0.0,809.0,0.3584,0.3545,0.3447,0.3404,0.8561,o,1417.0,286.0,4608.0,110.0
221397,2013,129073.0,0.0,789.0,0.3668,0.3655,0.3624,0.361,0.9529,o,1304.0,326.0,4712.0,109.0
221397,2014,112747.0,0.0,798.0,0.4247,0.4223,0.4163,0.4137,0.9235,o,1213.0,310.0,4767.0,122.0
221397,2015,106134.0,0.0,817.0,0.4619,0.4582,0.4488,0.4447,0.8916,o,1382.0,257.0,5001.0,130.0
221397,2016,108228.0,0.0,940.0,0.5211,0.5245,0.5335,0.5375,1.0981,o,1334.0,261.0,5064.0,119.0
221397,2017,109116.0,0.0,896.0,0.4927,0.4936,0.4961,0.4972,1.0281,o,1345.0,255.0,5159.0,109.0
221397,2018,105424.0,0.0,947.0,0.539,0.5386,0.5377,0.5373,0.9904,o,1273.0,319.0,5163.0,93.0
221397,2019,107089.0,0.0,962.0,0.539,0.5371,0.5322,0.53,0.9504,o,1223.0,314.0,5421.0,83.0
221397,2020,105254.0,0.0,983.0,0.5604,0.5577,0.5509,0.5479,0.9343,o,1087.0,189.0,5591.0,79.0
221397,2021,95468.0,0.0,940.0,0.5908,0.5851,0.5707,0.5645,0.871,o,1007.0,199.0,5313.0,74.0
221397,2022,83884.0,0.0,850.0,0.608,0.6022,0.5875,0.5811,0.8719,o,967.0,177.0,5086.0,53.0
221397,2023,82132.0,0.0,778.0,0.5684,0.5652,0.5572,0.5536,0.9236,o,1002.0,156.0,4890.0,96.0
221397,2024,98605.0,0.0,809.0,0.4923,0.4928,0.4941,0.4947,1.0152,o,1010.0,247.0,4762.0,84.0
221485,1998,107760.0,0.0,379.0,0.211,0.2092,0.2046,0.2026,0.8839,o,,,,
221485,1999,100226.0,0.0,323.0,0.1934,0.19,0.1816,0.178,0.7784,o,,,,
221485,2001,251143.0,0.0,819.0,0.1957,0.2068,0.2385,0.2541,2.2083,o,,,,
221485,2002,246717.0,0.0,736.0,0.179,0.1864,0.207,0.2169,1.79,o,1797.0,,2837.0,
221485,2003,253412.0,0.0,762.0,0.1804,0.181,0.1824,0.1831,1.0454,o,1885.0,,2976.0,79.0
221485,2004,252343.0,0.0,706.0,0.1679,0.168,0.1682,0.1683,1.008,o,1998.0,,3441.0,94.0
221485,2005,255348.0,0.0,724.0,0.1701,0.1711,0.1736,0.1748,1.0853,o,1901.0,,3546.0,90.0
221485,2006,250268.0,0.0,808.0,0.1937,0.1934,0.1927,0.1924,0.9791,o,2195.0,606.0,3735.0,93.0
221485,2007,245120.0,0.0,778.0,0.1904,0.192,0.1962,0.198,1.1259,o,2024.0,682.0,3758.0,96.0
221485,2008,232112.0,0.0,730.0,0.1887,0.1885,0.1881,0.188,0.9883,o,2353.0,765.0,3876.0,107.0
221485,2009,244413.0,0.0,609.0,0.1495,0.1506,0.1536,0.155,1.1154,o,2882.0,890.0,4016.0,107.0
221485,2010,282328.0,0.0,657.0,0.1396,0.1423,0.1496,0.1529,1.3169,o,2789.0,868.0,4216.0,97.0
221485,2011,284594.0,0.0,829.0,0.1748,0.1756,0.1776,0.1785,1.0655,o,3351.0,919.0,4351.0,93.0
221485,2012,281403.0,0.0,816.0,0.174,0.176,0.1814,0.1838,1.1818,o,2352.0,976.0,4600.0,97.0
221485,2013,241304.0,0.0,898.0,0.2233,0.2192,0.2089,0.2045,0.7661,o,2212.0,679.0,4738.0,113.0
221485,2014,214820.0,0.0,839.0,0.2343,0.2302,0.2199,0.2155,0.7757,o,2208.0,612.0,4794.0,125.0
221485,2015,201417.0,0.0,741.0,0.2207,0.2202,0.2189,0.2183,0.9676,o,2507.0,506.0,5017.0,125.0
221485,2016,184843.0,0.0,764.0,0.248,0.2502,0.2559,0.2585,1.1344,o,2265.0,478.0,5138.0,127.0
221485,2017,173488.0,0.0,966.0,0.3341,0.3332,0.3308,0.3297,0.9608,o,2467.0,469.0,5174.0,109.0
221485,2018,183350.0,0.0,1024.0,0.3351,0.3359,0.3379,0.3388,1.0339,o,2377.0,562.0,5178.0,91.0
221485,2019,186316.0,0.0,841.0,0.2708,0.2709,0.2711,0.2712,1.0046,o,1976.0,546.0,5192.0,107.0
221485,2020,183903.0,0.0,960.0,0.3132,0.3088,0.2977,0.2929,0.8159,o,1476.0,327.0,5231.0,75.0
221485,2021,144693.0,0.0,963.0,0.3993,0.3886,0.3624,0.3513,0.6782,o,1396.0,383.0,5069.0,70.0
221485,2022,129971.0,0.0,926.0,0.4275,0.4212,0.4054,0.3986,0.8088,o,1240.0,322.0,4860.0,60.0
221485,2023,112853.0,0.0,838.0,0.4455,0.441,0.4295,0.4245,0.8635,o,1303.0,393.0,4586.0,78.0
221485,2024,125658.0,0.0,792.0,0.3782,0.3779,0.3771,0.3767,0.9886,o,1317.0,488.0,4550.0,73.0
221519,1998,41126.0,297.0,0.0,0.8666,0.8783,0.8807,0.8869,1.0473,o,,,,
221519,1999,42917.0,309.0,0.0,0.864,0.8684,0.8693,0.8715,1.0175,o,,,,
221519,2000,43648.0,294.0,0.0,0.8083,0.8223,0.8252,0.8326,1.0611,o,,,,
221519,2001,44214.0,309.0,0.0,0.8386,0.8533,0.8564,0.8641,1.0616,o,,,,
221519,2002,42012.0,311.0,0.0,0.8883,0.8832,0.8821,0.8794,0.9801,o,367.0,,36965.0,
221519,2003,42430.0,338.0,0.0,0.9559,0.9344,0.93,0.9191,0.9245,o,427.0,,38355.0,1029.0
221519,2004,43909.0,313.0,0.0,0.8554,0.8611,0.8623,0.8653,1.0232,o,398.0,,40024.0,1021.0
221519,2005,44383.0,292.0,0.0,0.7895,0.8151,0.8205,0.8342,1.1164,o,421.0,,41173.0,1020.0
221519,2006,46564.0,291.0,0.0,0.7499,0.7779,0.7838,0.7987,1.1343,o,412.0,12.0,42216.0,1047.0
221519,2007,49028.0,354.0,0.0,0.8664,0.8786,0.8811,0.8875,1.0491,o,402.0,10.0,43480.0,1050.0
221519,2008,48117.0,346.0,0.0,0.8629,0.8595,0.8589,0.8571,0.9867,o,410.0,11.0,44865.0,1082.0
221519,2009,48120.0,361.0,0.0,0.9002,0.898,0.8975,0.8964,0.9915,o,402.0,17.0,47135.0,1037.0
221519,2010,47524.0,341.0,0.0,0.861,0.8547,0.8534,0.8501,0.9748,o,401.0,21.0,48849.0,1057.0
221519,2011,47083.0,335.0,0.0,0.8538,0.8504,0.8498,0.848,0.9865,o,433.0,11.0,50061.0,1023.0
221519,2012,48337.0,341.0,0.0,0.8466,0.8531,0.8545,0.8579,1.0271,o,453.0,20.0,43937.0,925.0
221519,2013,49759.0,331.0,0.0,0.7982,0.8187,0.823,0.8338,1.0911,o,488.0,21.0,46405.0,937.0
221519,2014,52080.0,347.0,0.0,0.7995,0.8372,0.8452,0.8655,1.1719,o,466.0,21.0,47076.0,943.0
221519,2015,53707.0,347.0,0.0,0.7753,0.8061,0.8127,0.8292,1.1439,o,469.0,16.0,48433.0,988.0
221519,2016,55192.0,397.0,0.0,0.8632,0.8767,0.8796,0.8867,1.0553,o,514.0,12.0,50172.0,1005.0
221519,2017,56130.0,400.0,0.0,0.8552,0.8661,0.8683,0.874,1.0446,o,448.0,16.0,54051.0,999.0
221519,2018,54918.0,407.0,0.0,0.8893,0.8915,0.8919,0.893,1.0084,o,477.0,19.0,56232.0,984.0
221519,2019,55133.0,389.0,0.0,0.8467,0.844,0.8435,0.8421,0.9893,o,438.0,15.0,55056.0,951.0
221519,2020,54985.0,423.0,0.0,0.9232,0.9042,0.9003,0.8907,0.9308,o,490.0,15.0,55857.0,958.0
221519,2021,54467.0,386.0,0.0,0.8504,0.8416,0.8398,0.8353,0.9647,o,474.0,15.0,56004.0,882.0
221519,2022,55082.0,399.0,0.0,0.8692,0.8797,0.8819,0.8874,1.0422,o,416.0,15.0,54213.0,811.0
221519,2023,51798.0,376.0,0.0,0.8711,0.8641,0.8627,0.8591,0.9727,o,449.0,22.0,52944.0,776.0
221519,2024,52158.0,401.0,0.0,0.9226,0.904,0.9002,0.8907,0.9321,o,478.0,20.0,53698.0,743.0
221537,1998,2897.0,0.0,0.0,0.0,0.0,0.0,0.0,,-,,,,
221607,1999,8130.0,0.0,0.0,0.0,0.0,0.0,0.0,,-,,,,
221616,1999,13050.0,0.0,0.0,0.0,0.0,0.0,0.0,,-,,,,
221643,1998,166882.0,0.0,452.0,0.1625,0.1635,0.1661,0.1673,1.0923,o,,,,
221643,1999,167950.0,0.0,531.0,0.1897,0.1894,0.1887,0.1883,0.9783,o,,,,
221643,2000,157308.0,0.0,583.0,0.2224,0.2205,0.2158,0.2137,0.8866,o,,,,
221643,2001,155916.0,0.0,587.0,0.2259,0.226,0.2263,0.2265,1.0076,o,,,,
221643,2002,170220.0,0.0,533.0,0.1879,0.1877,0.1871,0.1869,0.9844,o,1381.0,,2870.0,
221643,2003,168795.0,0.0,575.0,0.2044,0.2061,0.2105,0.2125,1.1246,o,1152.0,,3006.0,109.0
221643,2004,168178.0,0.0,537.0,0.1916,0.1901,0.1862,0.1845,0.8923,o,1263.0,,3474.0,120.0
221643,2005,143481.0,0.0,654.0,0.2735,0.2734,0.2733,0.2732,0.9972,o,1471.0,,3578.0,128.0
221643,2006,158171.0,0.0,657.0,0.2492,0.2527,0.2618,0.266,1.2182,o,1471.0,571.0,3760.0,126.0
221643,2007,166113.0,0.0,652.0,0.2355,0.2367,0.2399,0.2413,1.0761,o,1605.0,590.0,3785.0,127.0
221643,2008,176761.0,0.0,683.0,0.2318,0.2333,0.2369,0.2386,1.0911,o,1619.0,542.0,3890.0,129.0
221643,2009,186539.0,0.0,673.0,0.2165,0.2172,0.2193,0.2202,1.0527,o,2051.0,808.0,4029.0,135.0
221643,2010,215299.0,0.0,793.0,0.221,0.2248,0.2347,0.2393,1.2723,o,2206.0,784.0,4228.0,122.0
221643,2011,230333.0,0.0,932.0,0.2428,0.2459,0.2542,0.258,1.2022,o,2146.0,710.0,4369.0,131.0
221643,2012,229580.0,0.0,1103.0,0.2883,0.2884,0.2889,0.289,1.0082,o,2037.0,761.0,4645.0,132.0
221643,2013,218130.0,0.0,1270.0,0.3493,0.3477,0.3436,0.3418,0.9361,o,2142.0,699.0,4756.0,138.0
221643,2014,213269.0,0.0,1286.0,0.3618,0.3624,0.364,0.3647,1.0241,o,2143.0,613.0,4819.0,136.0
221643,2015,203070.0,0.0,1366.0,0.4036,0.4043,0.4062,0.407,1.0256,o,2544.0,604.0,5050.0,146.0
221643,2016,203697.0,0.0,1432.0,0.4218,0.4269,0.4403,0.4464,1.1874,o,2438.0,624.0,5170.0,122.0
221643,2017,197003.0,0.0,1453.0,0.4425,0.4438,0.4469,0.4483,1.0403,o,2766.0,930.0,5206.0,122.0
221643,2018,213627.0,0.0,1458.0,0.4095,0.4125,0.4204,0.4239,1.1104,o,2624.0,702.0,5209.0,99.0
221643,2019,201359.0,0.0,1462.0,0.4356,0.4359,0.4366,0.4369,1.0085,o,2473.0,613.0,5218.0,100.0
221643,2020,205647.0,0.0,1651.0,0.4817,0.4788,0.4715,0.4682,0.9176,o,2177.0,476.0,5262.0,90.0
221643,2021,179674.0,0.0,1608.0,0.537,0.5311,0.5162,0.5098,0.8542,o,2218.0,441.0,5040.0,83.0
221643,2022,165352.0,0.0,1415.0,0.5135,0.5118,0.5074,0.5055,0.954,o,2064.0,387.0,4888.0,83.0
221643,2023,161741.0,0.0,1377.0,0.5108,0.5086,0.5029,0.5004,0.9392,o,2067.0,440.0,4613.0,58.0
221643,2024,170561.0,0.0,1350.0,0.4749,0.4737,0.4707,0.4694,0.9654,o,2215.0,493.0,4576.0,53.0
221652,1998,157731.0,0.0,505.0,0.1921,0.1921,0.1921,0.1921,,-,,,,
221652,1999,151411.0,0.0,550.0,0.2179,0.2179,0.2179,0.2179,,-,,,,
221652,2000,155054.0,0.0,564.0,0.2182,0.2182,0.2182,0.2182,,-,,,,
221661,1998,45603.0,285.0,87.0,0.8644,0.8695,0.8706,0.8732,1.0205,o,,,,
221661,1999,59580.0,276.0,97.0,0.6536,0.6766,0.6815,0.6938,1.1269,o,,,,
221661,2000,49542.0,283.0,75.0,0.7763,0.8034,0.8091,0.8235,1.1253,o,,,,
221661,2001,52503.0,311.0,59.0,0.7782,0.8298,0.8409,0.8693,1.2478,o,,,,
221661,2002,56202.0,299.0,62.0,0.7046,0.7716,0.7863,0.8241,1.368,o,485.0,,20111.0,
221661,2003,56926.0,300.0,79.0,0.7157,0.7589,0.7681,0.7917,1.2239,o,458.0,,20766.0,583.0
221661,2004,57076.0,334.0,108.0,0.8158,0.8039,0.8014,0.7954,0.9506,o,511.0,,21227.0,591.0
221661,2005,56858.0,359.0,105.0,0.8685,0.8306,0.823,0.8042,0.8575,o,605.0,,21584.0,569.0
221661,2006,63747.0,311.0,110.0,0.689,0.7024,0.7052,0.7123,1.069,o,567.0,152.0,21844.0,549.0
221661,2007,64152.0,323.0,118.0,0.7146,0.7611,0.771,0.7966,1.2428,o,535.0,181.0,22359.0,581.0
221661,2008,63470.0,302.0,131.0,0.6948,0.7212,0.7268,0.741,1.1373,o,540.0,178.0,22822.0,619.0
221661,2009,65275.0,359.0,144.0,0.7923,0.7838,0.782,0.7776,0.9633,o,603.0,166.0,23827.0,634.0
221661,2010,70541.0,385.0,136.0,0.7706,0.765,0.7639,0.761,0.9753,o,630.0,193.0,24462.0,622.0
221661,2011,73406.0,373.0,145.0,0.7283,0.7524,0.7575,0.7704,1.1189,o,652.0,193.0,24725.0,641.0
221661,2012,75410.0,332.0,166.0,0.6604,0.695,0.7024,0.7212,1.1926,o,569.0,193.0,24932.0,634.0
221661,2013,76390.0,391.0,166.0,0.7446,0.759,0.762,0.7696,1.0682,o,490.0,221.0,25565.0,655.0
221661,2014,74239.0,413.0,201.0,0.83,0.7942,0.787,0.7692,0.8589,o,559.0,144.0,26055.0,670.0
221661,2015,73086.0,399.0,164.0,0.7898,0.7451,0.7362,0.7144,0.8183,o,539.0,184.0,26423.0,650.0
221661,2016,71721.0,433.0,184.0,0.8784,0.8518,0.8464,0.833,0.8993,o,502.0,133.0,26771.0,645.0
221661,2017,67548.0,385.0,176.0,0.8403,0.8361,0.8353,0.8331,0.983,o,567.0,180.0,26962.0,628.0
221661,2018,69442.0,446.0,155.0,0.9046,0.9096,0.9106,0.9132,1.0191,o,502.0,148.0,26857.0,614.0
221661,2019,66217.0,494.0,156.0,1.0366,1.0286,1.0269,1.0228,0.9736,o,512.0,140.0,26784.0,603.0
221661,2020,65555.0,352.0,116.0,0.7505,0.7448,0.7436,0.7407,0.9741,o,493.0,116.0,27068.0,588.0
221661,2021,64951.0,423.0,142.0,0.9127,0.8965,0.8932,0.8849,0.9401,o,571.0,127.0,26765.0,584.0
221661,2022,66513.0,372.0,136.0,0.7938,0.7928,0.7925,0.792,0.9953,o,628.0,152.0,25462.0,520.0
221661,2023,68985.0,353.0,142.0,0.7376,0.7743,0.7821,0.802,1.1824,o,758.0,130.0,24709.0,500.0
221661,2024,75728.0,395.0,143.0,0.7392,0.8114,0.8272,0.8681,1.3791,o,703.0,107.0,25590.0,537.0
221704,1998,9180.0,167.0,0.0,2.183,2.183,2.183,2.183,,n,,,,
221731,1998,22470.0,195.0,0.0,1.0414,1.1997,1.2353,1.3291,1.6289,o,,,,
221731,1999,22890.0,183.0,0.0,0.9594,1.026,1.0404,1.0771,1.2606,o,,,,
221731,2000,22757.0,213.0,0.0,1.1232,1.1082,1.1052,1.0975,0.9549,o,,,,
221731,2001,21313.0,185.0,0.0,1.0416,1.0643,1.0691,1.0811,1.0772,o,,,,
221731,2002,21503.0,194.0,0.0,1.0826,1.1524,1.1674,1.2058,1.2404,o,132.0,,15140.0,
221731,2003,22642.0,168.0,0.0,0.8904,0.8924,0.8928,0.8939,1.0079,o,106.0,,17402.0,332.0
221731,2004,21986.0,199.0,0.0,1.0861,1.0372,1.0274,1.0032,0.853,o,166.0,,18806.0,368.0
221731,2005,22465.0,195.0,0.0,1.0416,1.0577,1.0611,1.0695,1.0543,o,169.0,,19862.0,391.0
221731,2006,25190.0,192.0,0.0,0.9146,0.9888,1.0049,1.0463,1.3086,o,161.0,126.0,21112.0,392.0
221731,2007,25364.0,194.0,0.0,0.9178,1.0091,1.0291,1.0808,1.3866,o,153.0,146.0,22005.0,404.0
221731,2008,25594.0,216.0,0.0,1.0127,1.0558,1.0649,1.0881,1.1544,o,264.0,175.0,22755.0,412.0
221731,2009,29206.0,212.0,0.0,0.8711,0.9282,0.9404,0.9718,1.2448,o,249.0,148.0,24532.0,428.0
221731,2010,32365.0,196.0,0.0,0.7267,0.8259,0.8481,0.9061,1.5545,o,218.0,144.0,26589.0,433.0
221731,2011,33016.0,235.0,0.0,0.8541,0.9583,0.9814,1.0416,1.4873,o,208.0,131.0,26662.0,450.0
221731,2012,33293.0,272.0,0.0,0.9804,0.9865,0.9877,0.9909,1.0216,o,220.0,189.0,26804.0,453.0
221731,2013,34154.0,285.0,0.0,1.0013,0.9501,0.9398,0.9146,0.8343,o,211.0,178.0,28340.0,449.0
221731,2014,32360.0,286.0,0.0,1.0606,1.0362,1.0312,1.0189,0.9229,o,198.0,188.0,28702.0,461.0
221731,2015,30210.0,284.0,0.0,1.1281,1.1149,1.1121,1.1054,0.9601,o,213.0,175.0,29112.0,448.0
221731,2016,30211.0,235.0,0.0,0.9334,0.9225,0.9203,0.9147,0.9603,o,199.0,120.0,29688.0,413.0
221731,2017,29734.0,274.0,0.0,1.1058,1.0914,1.0885,1.0812,0.9559,o,208.0,122.0,29320.0,411.0
221731,2018,28979.0,233.0,0.0,0.9648,0.9635,0.9632,0.9625,0.9951,o,188.0,148.0,29661.0,392.0
221731,2019,28571.0,263.0,0.0,1.1046,1.0928,1.0903,1.0843,0.9635,o,206.0,238.0,29651.0,417.0
221731,2020,31401.0,278.0,0.0,1.0624,1.0487,1.0459,1.0389,0.9563,o,189.0,145.0,30229.0,445.0
221731,2021,33368.0,283.0,0.0,1.0177,1.0089,1.0071,1.0026,0.9705,o,183.0,125.0,30173.0,432.0
221731,2022,29336.0,275.0,0.0,1.1249,1.1047,1.1006,1.0903,0.9394,o,197.0,126.0,29170.0,432.0
221731,2023,27744.0,275.0,0.0,1.1894,1.177,1.1745,1.1681,0.9645,o,168.0,138.0,28311.0,407.0
221731,2024,25911.0,249.0,0.0,1.1532,1.1271,1.1217,1.1085,0.9241,o,183.0,134.0,29264.0,424.0
221740,1998,200456.0,1183.0,0.0,0.7082,0.7284,0.7379,0.751,1.1246,o,,,,
221740,1999,202257.0,1219.0,0.0,0.7232,0.7522,0.7659,0.7849,1.1779,o,,,,
221740,2000,197909.0,1224.0,0.0,0.7422,0.7621,0.7714,0.7843,1.1169,o,,,,
221740,2001,195098.0,1233.0,0.0,0.7584,0.7594,0.7598,0.7605,1.0055,o,,,,
221740,2002,199493.0,1199.0,0.0,0.7212,0.7027,0.6943,0.6831,0.8971,o,1201.0,,5605.0,
221740,2003,200725.0,1197.0,0.0,0.7156,0.7091,0.7062,0.7022,0.9629,o,1412.0,,6033.0,
221740,2004,203981.0,1174.0,0.0,0.6907,0.7194,0.7329,0.7518,1.185,o,1503.0,,6388.0,260.0
221740,2005,205317.0,1204.0,0.0,0.7037,0.7545,0.779,0.8137,1.3372,o,1456.0,,6590.0,270.0
221740,2006,204199.0,1122.0,0.0,0.6594,0.7018,0.7221,0.7508,1.2967,o,1784.0,742.0,7011.0,199.0
221740,2007,207798.0,1134.0,0.0,0.6549,0.6896,0.7061,0.7292,1.24,o,1948.0,763.0,7105.0,203.0
221740,2008,224151.0,1258.0,0.0,0.6735,0.7146,0.7343,0.762,1.2803,o,2083.0,667.0,7407.0,202.0
221740,2009,232486.0,1256.0,0.0,0.6483,0.6982,0.7224,0.7567,1.3623,o,2209.0,695.0,7640.0,223.0
221740,2010,253236.0,1282.0,0.0,0.6075,0.6499,0.6703,0.6992,1.3247,o,1946.0,706.0,8085.0,185.0
221740,2011,257876.0,1320.0,0.0,0.6142,0.6303,0.6378,0.6481,1.1133,o,2186.0,833.0,8462.0,190.0
221740,2012,270612.0,1514.0,0.0,0.6714,0.6754,0.6772,0.6797,1.0251,o,2290.0,913.0,9141.0,211.0
221740,2013,275963.0,1638.0,0.0,0.7123,0.7195,0.7228,0.7274,1.0429,o,2342.0,829.0,9641.0,217.0
221740,2014,283702.0,1757.0,0.0,0.7432,0.7628,0.772,0.7847,1.1148,o,2160.0,804.0,9945.0,234.0
221740,2015,279895.0,1825.0,0.0,0.7824,0.7987,0.8063,0.8167,1.0895,o,1864.0,901.0,10624.0,256.0
221740,2016,278000.0,2022.0,0.0,0.8728,0.8508,0.8409,0.8276,0.899,o,2077.0,816.0,10833.0,269.0
221740,2017,280012.0,1997.0,0.0,0.8558,0.8233,0.8088,0.7894,0.8508,o,2147.0,944.0,10892.0,270.0
221740,2018,282307.0,2009.0,0.0,0.854,0.841,0.8351,0.8272,0.9382,o,2268.0,1107.0,10798.0,261.0
221740,2019,284208.0,2036.0,0.0,0.8597,0.879,0.888,0.9004,1.0972,o,2310.0,947.0,10572.0,262.0
221740,2020,286753.0,2008.0,0.0,0.8403,0.8711,0.8855,0.9057,1.1616,o,2222.0,854.0,11606.0,266.0
221740,2021,285459.0,2088.0,0.0,0.8777,0.8927,0.8996,0.9092,1.0729,o,2074.0,814.0,11271.0,236.0
221740,2022,277266.0,1995.0,0.0,0.8634,0.8578,0.8552,0.8517,0.973,o,2246.0,704.0,10804.0,236.0
221740,2023,274605.0,2116.0,0.0,0.9247,0.9119,0.9061,0.8982,0.9436,o,2381.0,739.0,10194.0,227.0
221740,2024,280913.0,2154.0,0.0,0.9201,0.9247,0.9268,0.9297,1.021,o,2489.0,699.0,10144.0,223.0
221759,1998,523560.0,3339.0,0.0,0.7653,0.8117,0.8339,0.8652,1.2781,o,,,,
221759,1999,548653.0,3442.0,0.0,0.7528,0.7868,0.8029,0.8253,1.2018,o,,,,
221759,2000,575650.0,3681.0,0.0,0.7673,0.7865,0.7955,0.8079,1.1084,o,,,,
221759,2001,571718.0,3722.0,0.0,0.7812,0.7912,0.7958,0.8021,1.0541,o,,,,
221759,2002,579931.0,3955.0,0.0,0.8184,0.8231,0.8253,0.8283,1.0245,o,3682.0,,6555.0,
221759,2003,573488.0,4022.0,0.0,0.8416,0.8355,0.8327,0.829,0.9703,o,3579.0,,6893.0,
221759,2004,561389.0,4035.0,0.0,0.8625,0.843,0.8342,0.8223,0.909,o,4423.0,,7247.0,337.0
221759,2005,567751.0,3844.0,0.0,0.8125,0.8177,0.8201,0.8234,1.0271,o,4265.0,,7642.0,320.0
221759,2006,582094.0,3763.0,0.0,0.7758,0.8001,0.8114,0.8272,1.1372,o,4244.0,1364.0,8242.0,372.0
221759,2007,598144.0,3670.0,0.0,0.7363,0.7648,0.7783,0.797,1.1719,o,4351.0,1229.0,8502.0,358.0
221759,2008,615685.0,3655.0,0.0,0.7124,0.7247,0.7304,0.7383,1.0741,o,4215.0,1320.0,8680.0,293.0
221759,2009,631865.0,4205.0,0.0,0.7986,0.7959,0.7946,0.793,0.986,o,3717.0,1326.0,8993.0,294.0
221759,2010,614981.0,4221.0,0.0,0.8236,0.8099,0.8036,0.7952,0.9322,o,4214.0,18.0,9792.0,341.0
221759,2011,599262.0,4377.0,0.0,0.8765,0.8597,0.8522,0.8419,0.9227,o,4188.0,1214.0,10305.0,366.0
221759,2012,590029.0,4578.0,0.0,0.9311,0.9268,0.9248,0.9221,0.9809,o,4207.0,1227.0,11424.0,450.0
221759,2013,607692.0,4445.0,0.0,0.8777,0.8898,0.8953,0.903,1.0584,o,4276.0,1528.0,12154.0,459.0
221759,2014,616870.0,4410.0,0.0,0.8579,0.8718,0.8783,0.8872,1.0696,o,4701.0,1423.0,14738.0,473.0
221759,2015,622700.0,4445.0,0.0,0.8566,0.8703,0.8767,0.8854,1.0684,o,4719.0,1460.0,15504.0,446.0
221759,2016,633359.0,4528.0,0.0,0.8579,0.882,0.8932,0.9088,1.1221,o,4851.0,1367.0,16122.0,478.0
221759,2017,641423.0,4651.0,0.0,0.8701,0.8957,0.9076,0.9242,1.1281,o,4895.0,1368.0,16220.0,492.0
221759,2018,648302.0,4723.0,0.0,0.8742,0.8916,0.8997,0.9109,1.0857,o,5215.0,1333.0,16164.0,497.0
221759,2019,663649.0,4919.0,0.0,0.8894,0.9047,0.9117,0.9214,1.0732,o,5254.0,1376.0,15870.0,491.0
221759,2020,681046.0,5080.0,0.0,0.8951,0.9146,0.9237,0.9362,1.0939,o,5512.0,1479.0,15943.0,494.0
221759,2021,715961.0,5187.0,0.0,0.8694,0.8904,0.9002,0.9137,1.1047,o,5948.0,1483.0,15482.0,473.0
221759,2022,741078.0,5343.0,0.0,0.8652,0.8916,0.904,0.9211,1.1335,o,6846.0,1616.0,14529.0,470.0
221759,2023,803529.0,5568.0,0.0,0.8315,0.8725,0.892,0.9192,1.2221,o,6694.0,1559.0,13710.0,485.0
221759,2024,859946.0,6048.0,0.0,0.844,0.8917,0.9145,0.9465,1.2577,o,6804.0,1602.0,13484.0,474.0
221768,1998,165182.0,812.0,0.0,0.5899,0.5807,0.5765,0.5709,0.9365,o,,,,
221768,1999,163998.0,821.0,0.0,0.6007,0.6101,0.6144,0.6204,1.0665,o,,,,
221768,2000,154821.0,840.0,0.0,0.6511,0.6577,0.6608,0.6651,1.0434,o,,,,
221768,2001,155069.0,788.0,0.0,0.6098,0.6017,0.598,0.593,0.9456,o,,,,
221768,2002,159330.0,886.0,0.0,0.6673,0.6532,0.6468,0.6382,0.9148,o,1106.0,,5682.0,
221768,2003,159577.0,865.0,0.0,0.6505,0.653,0.6542,0.6557,1.0163,o,993.0,,6033.0,
221768,2004,159199.0,868.0,0.0,0.6543,0.6579,0.6596,0.6619,1.0234,o,1201.0,,6351.0,244.0
221768,2005,166080.0,835.0,0.0,0.6033,0.6,0.5985,0.5964,0.9773,o,1250.0,,6681.0,256.0
221768,2006,171946.0,891.0,0.0,0.6218,0.6349,0.6409,0.6493,1.0903,o,1231.0,431.0,7000.0,214.0
221768,2007,177004.0,961.0,0.0,0.6515,0.6782,0.6908,0.7083,1.182,o,1311.0,351.0,7055.0,164.0
221768,2008,182936.0,998.0,0.0,0.6547,0.6782,0.6893,0.7047,1.1586,o,1392.0,427.0,7324.0,159.0
221768,2009,188314.0,1018.0,0.0,0.6487,0.6641,0.6713,0.6812,1.1028,o,1394.0,555.0,7561.0,170.0
221768,2010,200089.0,1017.0,0.0,0.6099,0.6271,0.6352,0.6463,1.1229,o,1285.0,509.0,8247.0,176.0
221768,2011,206259.0,1038.0,0.0,0.6039,0.6116,0.6151,0.62,1.0539,o,1304.0,491.0,8641.0,191.0
221768,2012,204971.0,1118.0,0.0,0.6545,0.6478,0.6447,0.6406,0.9578,o,1320.0,408.0,9138.0,193.0
221768,2013,201825.0,1245.0,0.0,0.7402,0.7297,0.7249,0.7184,0.9419,o,1308.0,421.0,9423.0,213.0
221768,2014,193487.0,1223.0,0.0,0.7585,0.755,0.7534,0.7512,0.981,o,1181.0,438.0,9884.0,211.0
221768,2015,186926.0,1165.0,0.0,0.7479,0.7409,0.7376,0.7333,0.9614,o,1024.0,405.0,10475.0,222.0
221768,2016,177318.0,1255.0,0.0,0.8493,0.8146,0.7991,0.7786,0.8403,o,946.0,416.0,10794.0,227.0
221768,2017,166805.0,1231.0,0.0,0.8856,0.8264,0.8006,0.7667,0.7496,o,1052.0,557.0,11585.0,232.0
221768,2018,167307.0,1156.0,0.0,0.8291,0.7865,0.7678,0.7429,0.8027,o,1143.0,474.0,11511.0,214.0
221768,2019,165344.0,1167.0,0.0,0.847,0.846,0.8456,0.845,0.9955,o,1160.0,453.0,11607.0,204.0
221768,2020,162716.0,1096.0,0.0,0.8083,0.8392,0.8537,0.8739,1.169,o,1110.0,374.0,11717.0,218.0
221768,2021,157115.0,1057.0,0.0,0.8073,0.8324,0.8442,0.8605,1.1361,o,1042.0,353.0,11378.0,204.0
221768,2022,144729.0,1048.0,0.0,0.8689,0.8648,0.8629,0.8604,0.9804,o,1107.0,373.0,10874.0,195.0
221768,2023,146133.0,1018.0,0.0,0.836,0.8222,0.8159,0.8075,0.9331,o,1118.0,332.0,10260.0,182.0
221768,2024,148015.0,996.0,0.0,0.8075,0.8036,0.8018,0.7994,0.9802,o,1220.0,385.0,10208.0,149.0
221795,1999,2130.0,0.0,26.0,0.7324,0.7324,0.7324,0.7324,,-,,,,
221795,2000,4158.0,0.0,33.0,0.4762,0.4762,0.4762,0.4762,,-,,,,
221795,2001,8505.0,0.0,51.0,0.3598,0.3598,0.3598,0.3598,,-,,,,
221795,2002,9506.0,0.0,70.0,0.4418,0.4418,0.4418,0.4418,,-,60.0,,29664.0,
221795,2005,3800.0,23.0,54.0,1.5789,1.5789,1.5789,1.5789,,-,35.0,,17866.0,930.0
221795,2007,5280.0,21.0,48.0,1.0227,1.0227,1.0227,1.0227,,-,32.0,4.0,17694.0,519.0
221795,2008,5280.0,19.0,48.0,0.9773,0.9773,0.9773,0.9773,,-,37.0,27.0,21730.0,508.0
221795,2009,5280.0,20.0,39.0,0.8977,0.8977,0.8977,0.8977,,-,44.0,24.0,19568.0,512.0
221795,2010,6270.0,20.0,56.0,0.9187,0.9187,0.9187,0.9187,,-,76.0,,22086.0,622.0
221795,2011,7050.0,27.0,98.0,1.2936,1.2936,1.2936,1.2936,,-,55.0,35.0,23731.0,787.0
221795,2012,7980.0,36.0,111.0,1.3759,1.3759,1.3759,1.3759,,-,37.0,71.0,23130.0,760.0
221795,2013,8010.0,51.0,75.0,1.3258,1.3258,1.3258,1.3258,,-,51.0,47.0,22725.0,764.0
221795,2016,3974.0,20.0,45.0,1.2833,1.2833,1.2833,1.2833,,-,29.0,49.0,19122.0,712.0
221795,2017,4148.0,27.0,31.0,1.2295,1.2295,1.2295,1.2295,,-,20.0,39.0,18803.0,623.0
221795,2018,3415.0,19.0,40.0,1.3704,1.3704,1.3704,1.3704,,-,,,18383.0,
221838,1998,198952.0,822.0,90.0,0.5229,0.561,0.5793,0.6053,1.3397,o,,,,
221838,1999,197589.0,936.0,109.0,0.6016,0.63,0.6435,0.6624,1.2126,o,,,,
221838,2000,202869.0,950.0,105.0,0.593,0.6196,0.6321,0.6497,1.2003,o,,,,
221838,2001,193377.0,1052.0,98.0,0.6832,0.7098,0.7223,0.7398,1.1723,o,,,,
221838,2002,200762.0,1033.0,77.0,0.6405,0.6486,0.6524,0.6576,1.0543,o,1304.0,,5126.0,
221838,2004,182228.0,1013.0,75.0,0.6918,0.6835,0.6798,0.6747,0.9513,o,1033.0,,6282.0,316.0
221838,2005,201999.0,982.0,132.0,0.6226,0.604,0.5957,0.5846,0.8816,o,1016.0,,6097.0,282.0
221838,2006,189682.0,1013.0,89.0,0.669,0.6335,0.6178,0.5971,0.7967,o,988.0,669.0,6877.0,306.0
221838,2007,196306.0,982.0,114.0,0.6351,0.6024,0.588,0.5689,0.8022,o,1228.0,687.0,7412.0,288.0
221838,2008,194380.0,942.0,149.0,0.6275,0.6268,0.6264,0.626,0.9951,o,1040.0,498.0,7150.0,270.0
221838,2009,174542.0,948.0,112.0,0.6903,0.7073,0.7152,0.7262,1.1069,o,1338.0,580.0,7384.0,281.0
221838,2010,181976.0,977.0,114.0,0.6818,0.7104,0.7239,0.7428,1.1866,o,1337.0,563.0,7739.0,267.0
221838,2011,181763.0,966.0,115.0,0.6757,0.7069,0.7217,0.7424,1.2071,o,1231.0,638.0,7962.0,274.0
221838,2012,186196.0,963.0,139.0,0.6654,0.6856,0.695,0.7081,1.1323,o,1058.0,673.0,8283.0,291.0
221838,2013,176056.0,943.0,128.0,0.6864,0.6801,0.6773,0.6734,0.9626,o,1363.0,657.0,8590.0,310.0
221838,2014,180224.0,807.0,104.0,0.572,0.5584,0.5523,0.5441,0.905,o,1377.0,610.0,8555.0,306.0
221838,2015,187545.0,872.0,116.0,0.5951,0.6044,0.6087,0.6147,1.067,o,1406.0,554.0,9047.0,334.0
221838,2016,193269.0,925.0,101.0,0.6057,0.6348,0.6486,0.6679,1.2158,o,1307.0,524.0,9220.0,334.0
221838,2017,185825.0,1063.0,101.0,0.7191,0.739,0.7483,0.7612,1.1206,o,1497.0,424.0,9250.0,292.0
221838,2018,180390.0,1085.0,67.0,0.7441,0.7482,0.7501,0.7527,1.0234,o,1225.0,501.0,9691.0,300.0
221838,2019,161097.0,1081.0,41.0,0.8205,0.8161,0.8142,0.8115,0.9781,o,1268.0,502.0,10728.0,324.0
221838,2020,159460.0,969.0,9.0,0.7326,0.7179,0.7112,0.7023,0.9189,o,1703.0,327.0,10832.0,300.0
221838,2021,168090.0,985.0,43.0,0.7185,0.7286,0.7332,0.7396,1.0596,o,1637.0,493.0,10519.0,170.0
221838,2022,158486.0,795.0,19.0,0.6091,0.6398,0.6544,0.6748,1.227,o,3568.0,288.0,9145.0,226.0
221838,2023,203617.0,756.0,20.0,0.4514,0.5387,0.5841,0.6523,2.0878,o,1770.0,218.0,8629.0,187.0
221838,2024,181154.0,710.0,21.0,0.4773,0.5493,0.5859,0.6397,1.7967,o,880.0,257.0,8568.0,180.0
221847,1998,203146.0,1233.0,27.0,0.7363,0.7116,0.7005,0.6857,0.8672,o,,,,
221847,1999,195383.0,1190.0,32.0,0.7407,0.7223,0.714,0.7029,0.9005,o,,,,
221847,2000,198670.0,1150.0,34.0,0.7049,0.702,0.7006,0.6988,0.9828,o,,,,
221847,2001,198222.0,1162.0,21.0,0.7098,0.7306,0.7404,0.7539,1.1281,o,,,,
221847,2002,203183.0,1150.0,13.0,0.683,0.7192,0.7365,0.7607,1.2402,o,1398.0,,5311.0,
221847,2003,208148.0,1232.0,0.0,0.7103,0.7452,0.7619,0.7851,1.2218,o,1388.0,,5550.0,163.0
221847,2004,201131.0,1342.0,0.0,0.8007,0.8203,0.8294,0.842,1.106,o,1485.0,,6219.0,182.0
221847,2005,200274.0,1270.0,0.0,0.761,0.7752,0.7819,0.791,1.0805,o,1424.0,,6390.0,165.0
221847,2006,200756.0,1294.0,0.0,0.7735,0.786,0.7918,0.7998,1.0691,o,1527.0,672.0,6849.0,172.0
221847,2007,210348.0,1355.0,0.0,0.773,0.7838,0.7887,0.7956,1.0592,o,1661.0,,6899.0,161.0
221847,2008,221512.0,1450.0,0.0,0.7855,0.8054,0.8146,0.8275,1.1096,o,1677.0,700.0,7246.0,167.0
221847,2009,228284.0,1532.0,0.0,0.8053,0.8323,0.845,0.8627,1.1475,o,1893.0,725.0,7505.0,163.0
221847,2010,242365.0,1536.0,0.0,0.7605,0.7961,0.8129,0.8365,1.2098,o,1909.0,737.0,7859.0,153.0
221847,2011,255930.0,1626.0,0.0,0.7624,0.7953,0.8109,0.8326,1.1926,o,1968.0,803.0,8136.0,153.0
221847,2012,267307.0,1704.0,0.0,0.765,0.7929,0.8061,0.8244,1.1615,o,2058.0,734.0,8716.0,186.0
221847,2013,270632.0,1840.0,0.0,0.8159,0.8397,0.8509,0.8664,1.1277,o,2175.0,652.0,8946.0,218.0
221847,2014,276885.0,1804.0,0.0,0.7818,0.8023,0.8118,0.825,1.1134,o,1879.0,725.0,9299.0,249.0
221847,2015,282542.0,1857.0,0.0,0.7887,0.7972,0.8011,0.8065,1.0457,o,1589.0,637.0,10025.0,265.0
221847,2016,267991.0,1929.0,0.0,0.8638,0.8334,0.8198,0.8017,0.8614,o,1608.0,716.0,10386.0,265.0
221847,2017,258414.0,2115.0,0.0,0.9821,0.9182,0.8902,0.8535,0.7553,o,1761.0,794.0,10457.0,252.0
221847,2018,259955.0,2173.0,0.0,1.0031,0.9595,0.9402,0.9144,0.831,o,1890.0,671.0,10610.0,237.0
221847,2019,245082.0,1966.0,0.0,0.9626,0.9746,0.9801,0.9877,1.0528,o,1705.0,766.0,10654.0,244.0
221847,2020,244956.0,1992.0,0.0,0.9758,1.0037,1.0168,1.0348,1.1245,o,1720.0,681.0,10738.0,263.0
221847,2021,239764.0,1904.0,0.0,0.9529,0.9567,0.9585,0.9608,1.0166,o,1661.0,726.0,11247.0,250.0
221847,2022,230201.0,1970.0,0.0,1.0269,1.0082,0.9997,0.9882,0.926,o,2050.0,559.0,10753.0,248.0
221847,2023,240542.0,1824.0,0.0,0.9099,0.9169,0.9201,0.9245,1.0323,o,1988.0,571.0,10147.0,211.0
221847,2024,244079.0,1834.0,0.0,0.9017,0.938,0.9552,0.979,1.179,o,2006.0,586.0,10084.0,202.0
221856,1998,18407.0,78.0,8.0,0.5346,0.5804,0.5903,0.616,1.3277,o,,,,
221856,1999,20214.0,122.0,12.0,0.7599,0.81,0.8207,0.8483,1.2463,o,,,,
221856,2000,22527.0,107.0,17.0,0.6153,0.6496,0.6569,0.6757,1.206,o,,,,
221856,2001,23852.0,117.0,18.0,0.6339,0.6604,0.6661,0.6804,1.1519,o,,,,
221856,2003,16898.0,117.0,10.0,0.8664,0.758,0.7374,0.6881,0.6309,o,118.0,,11437.0,281.0
221856,2004,14504.0,96.0,5.0,0.8149,0.7178,0.6992,0.6548,0.6456,o,107.0,,11244.0,277.0
221856,2005,12295.0,95.0,9.0,0.9711,0.9077,0.8951,0.8644,0.7923,o,112.0,,11557.0,286.0
221856,2006,12781.0,67.0,7.0,0.6619,0.6534,0.6517,0.6473,0.9563,o,123.0,65.0,12543.0,281.0
221856,2007,13195.0,67.0,5.0,0.6321,0.6321,0.6321,0.6321,1.0,o,127.0,70.0,13452.0,248.0
221856,2008,12808.0,74.0,4.0,0.7121,0.7341,0.7388,0.7506,1.1111,o,136.0,75.0,14421.0,314.0
221856,2009,14621.0,67.0,5.0,0.5704,0.6015,0.6082,0.6251,1.2009,o,117.0,109.0,16074.0,267.0
221856,2010,17557.0,74.0,6.0,0.5263,0.5377,0.5401,0.5461,1.0766,o,190.0,103.0,15739.0,305.0
221856,2011,16133.0,58.0,9.0,0.4649,0.4934,0.4995,0.5152,1.228,o,114.0,88.0,16416.0,377.0
221856,2012,15297.0,75.0,10.0,0.6276,0.6545,0.6602,0.6747,1.1559,o,113.0,101.0,16219.0,345.0
221856,2013,14778.0,53.0,10.0,0.471,0.4564,0.4534,0.4461,0.8972,o,186.0,89.0,16202.0,340.0
221856,2014,16700.0,46.0,15.0,0.3844,0.3815,0.3809,0.3794,0.9739,o,78.0,59.0,15957.0,329.0
221856,2015,9961.0,77.0,6.0,0.9638,0.9251,0.9173,0.8981,0.8684,o,,,16266.0,
221892,1998,31871.0,246.0,5.0,0.9356,0.8881,0.8786,0.8552,0.8355,o,,,,
221892,1999,29724.0,310.0,5.0,1.2616,1.2358,1.2305,1.2174,0.9311,o,,,,
221892,2001,28800.0,243.0,3.0,1.0188,1.0501,1.0567,1.0734,1.1102,o,,,,
221892,2002,34107.0,263.0,2.0,0.9288,0.9729,0.9823,1.0062,1.1735,o,200.0,,18791.0,
221892,2003,36093.0,340.0,3.0,1.1354,1.1607,1.166,1.1794,1.079,o,224.0,,19356.0,418.0
221892,2004,35956.0,354.0,2.0,1.1848,1.1856,1.1858,1.1862,1.0024,o,237.0,,19834.0,438.0
221892,2005,35884.0,459.0,0.0,1.5349,1.5359,1.5361,1.5366,1.0022,o,241.0,,20590.0,464.0
221892,2006,35473.0,351.0,2.0,1.1908,1.2221,1.2287,1.2454,1.0938,o,244.0,73.0,20928.0,484.0
221892,2007,34831.0,350.0,1.0,1.2075,1.2555,1.2657,1.2915,1.1439,o,239.0,82.0,22343.0,507.0
221892,2008,36568.0,334.0,0.0,1.096,1.111,1.1141,1.1219,1.0477,o,218.0,108.0,22699.0,510.0
221892,2009,37265.0,352.0,1.0,1.1351,1.1204,1.1174,1.1099,0.9561,o,240.0,76.0,23435.0,504.0
221892,2010,37878.0,345.0,4.0,1.0993,1.0812,1.0775,1.0683,0.9443,o,235.0,82.0,24267.0,519.0
221892,2011,38204.0,375.0,3.0,1.1826,1.1769,1.1757,1.1728,0.9834,o,262.0,84.0,25850.0,523.0
221892,2012,38937.0,339.0,0.0,1.0448,1.0705,1.0759,1.0895,1.0875,o,239.0,62.0,27879.0,558.0
221892,2013,39456.0,378.0,2.0,1.1527,1.1831,1.1895,1.2056,1.0939,o,246.0,73.0,28460.0,559.0
221892,2014,38636.0,353.0,1.0,1.0979,1.1046,1.106,1.1094,1.0211,o,320.0,87.0,29399.0,546.0
221892,2015,42550.0,342.0,3.0,0.9687,1.006,1.0138,1.0338,1.1388,o,373.0,92.0,30190.0,538.0
221892,2016,45833.0,370.0,4.0,0.974,1.0701,1.0911,1.1455,1.3832,o,414.0,77.0,30788.0,548.0
221892,2017,51828.0,413.0,12.0,0.9701,1.1163,1.1492,1.2358,1.6227,o,421.0,81.0,31390.0,538.0
221892,2018,54429.0,391.0,18.0,0.8819,0.9872,1.0105,1.0711,1.4753,o,380.0,94.0,31281.0,536.0
221892,2019,55682.0,428.0,28.0,0.9526,0.9934,1.0021,1.0241,1.1558,o,392.0,215.0,31235.0,523.0
221892,2020,57081.0,506.0,35.0,1.1005,1.0944,1.0932,1.09,0.9809,o,350.0,66.0,31368.0,522.0
221892,2021,50898.0,553.0,46.0,1.358,1.3123,1.303,1.2802,0.8886,o,425.0,76.0,31396.0,514.0
221892,2022,40345.0,413.0,36.0,1.2819,1.2697,1.2672,1.261,0.9675,o,378.0,67.0,29508.0,545.0
221892,2023,47649.0,380.0,25.0,0.9885,0.9998,1.0022,1.0081,1.0402,o,375.0,70.0,29191.0,427.0
221892,2024,48581.0,380.0,23.0,0.967,0.9712,0.972,0.9742,1.0148,o,456.0,66.0,29790.0,467.0
221908,1998,76732.0,0.0,315.0,0.2463,0.2452,0.2424,0.2411,0.9377,o,,,,
221908,1999,79005.0,0.0,278.0,0.2111,0.2095,0.2055,0.2038,0.8983,o,,,,
221908,2000,83175.0,0.0,299.0,0.2157,0.2164,0.2184,0.2192,1.0505,o,,,,
221908,2001,84615.0,0.0,305.0,0.2163,0.2171,0.2192,0.2201,1.0545,o,,,,
221908,2002,91665.0,0.0,382.0,0.25,0.2521,0.2576,0.2601,1.1265,o,814.0,,2858.0,
221908,2003,95145.0,0.0,403.0,0.2541,0.2559,0.2604,0.2625,1.103,o,886.0,,2994.0,80.0
221908,2004,104149.0,0.0,395.0,0.2276,0.2293,0.2337,0.2357,1.1124,o,925.0,,3458.0,88.0
221908,2005,105190.0,0.0,479.0,0.2732,0.2748,0.2791,0.281,1.0882,o,964.0,,3562.0,91.0
221908,2006,100512.0,0.0,492.0,0.2937,0.295,0.2983,0.2998,1.0646,o,1000.0,289.0,3744.0,98.0
221908,2007,106822.0,0.0,535.0,0.3005,0.3017,0.3048,0.3062,1.0588,o,1014.0,364.0,3767.0,103.0
221908,2008,107843.0,0.0,537.0,0.2988,0.2994,0.3012,0.3019,1.0326,o,1119.0,350.0,3841.0,104.0
221908,2009,116466.0,0.0,634.0,0.3266,0.329,0.3353,0.3382,1.1112,o,1412.0,452.0,4102.0,107.0
221908,2010,135302.0,0.0,678.0,0.3007,0.3066,0.3225,0.3298,1.324,o,1421.0,459.0,4211.0,89.0
221908,2011,147658.0,0.0,696.0,0.2828,0.2851,0.2911,0.2938,1.1229,o,1299.0,374.0,4347.0,90.0
221908,2012,140371.0,0.0,774.0,0.3308,0.3288,0.3238,0.3215,0.917,o,1068.0,414.0,4623.0,111.0
221908,2013,134392.0,0.0,729.0,0.3255,0.32,0.3064,0.3005,0.7853,o,1019.0,336.0,4735.0,102.0
221908,2014,120577.0,0.0,780.0,0.3881,0.3841,0.3739,0.3694,0.861,o,1274.0,275.0,4790.0,90.0
221908,2015,117698.0,0.0,828.0,0.4221,0.428,0.4437,0.4508,1.2209,o,1537.0,283.0,4982.0,93.0
221908,2016,123541.0,0.0,825.0,0.4007,0.409,0.4311,0.4414,1.3406,o,1458.0,258.0,5103.0,84.0
221908,2017,121891.0,0.0,901.0,0.4435,0.4447,0.4476,0.4489,1.0374,o,1585.0,257.0,5171.0,65.0
221908,2018,121993.0,0.0,946.0,0.4653,0.4671,0.4719,0.4741,1.0584,o,1438.0,329.0,5175.0,69.0
221908,2019,123264.0,0.0,974.0,0.4741,0.4722,0.4675,0.4654,0.9451,o,1346.0,301.0,5183.0,65.0
221908,2020,122011.0,0.0,991.0,0.4873,0.4834,0.4734,0.469,0.8905,o,1170.0,209.0,5228.0,57.0
221908,2021,107082.0,0.0,899.0,0.5037,0.4976,0.4823,0.4757,0.8405,o,1231.0,266.0,5049.0,63.0
221908,2022,105738.0,0.0,868.0,0.4925,0.4918,0.4899,0.489,0.9785,o,1073.0,255.0,4851.0,53.0
221908,2023,100701.0,0.0,822.0,0.4898,0.4859,0.4762,0.472,0.8938,o,1084.0,218.0,4577.0,45.0
221908,2024,108728.0,0.0,818.0,0.4514,0.4495,0.4446,0.4424,0.941,o,1240.0,233.0,4542.0,48.0
221953,1998,41661.0,325.0,0.0,0.9361,0.9818,0.9916,1.0163,1.1787,o,,,,
221953,1999,31426.0,404.0,0.0,1.5427,1.6,1.6121,1.6428,1.1341,o,,,,
221953,2000,35980.0,406.0,0.0,1.3541,1.3871,1.3941,1.4116,1.0867,o,,,,
221953,2001,47782.0,419.0,0.0,1.0523,1.1051,1.1163,1.1449,1.1839,o,,,,
221953,2002,54067.0,465.0,0.0,1.032,1.1481,1.1737,1.2402,1.4441,o,290.0,,23212.0,
221953,2003,52518.0,404.0,0.0,0.9231,1.0559,1.0857,1.1639,1.5897,o,303.0,,23281.0,299.0
221953,2005,61200.0,391.0,0.0,0.7667,0.8556,0.8753,0.9264,1.4602,o,307.0,,23838.0,387.0
221953,2006,67419.0,520.0,0.0,0.9256,0.9734,0.9836,1.0096,1.19,o,332.0,,23527.0,340.0
221953,2007,69852.0,601.0,0.0,1.0325,1.0551,1.0598,1.0718,1.0776,o,360.0,50.0,23978.0,326.0
221953,2008,54405.0,592.0,0.0,1.3058,1.3238,1.3276,1.337,1.0485,o,308.0,48.0,25440.0,412.0
221953,2009,57169.0,535.0,0.0,1.123,1.1249,1.1253,1.1264,1.006,o,371.0,36.0,27150.0,377.0
221953,2010,58038.0,461.0,0.0,0.9532,0.9701,0.9736,0.9825,1.0626,o,366.0,36.0,27918.0,386.0
221953,2011,58295.0,419.0,0.0,0.8625,0.8784,0.8817,0.8901,1.065,o,306.0,55.0,27807.0,395.0
221953,2012,56855.0,365.0,0.0,0.7704,0.7717,0.772,0.7727,1.006,o,334.0,51.0,28450.0,405.0
221953,2013,56709.0,458.0,0.0,0.9692,0.9527,0.9493,0.9409,0.9426,o,318.0,74.0,28901.0,413.0
221953,2014,53373.0,442.0,0.0,0.9938,0.9591,0.952,0.9347,0.8847,o,299.0,67.0,29294.0,403.0
221953,2015,53137.0,384.0,0.0,0.8672,0.846,0.8417,0.8309,0.9182,o,295.0,92.0,29595.0,399.0
221953,2016,51038.0,394.0,0.0,0.9264,0.9065,0.9025,0.8925,0.9281,o,325.0,151.0,29390.0,358.0
221953,2017,45549.0,453.0,3.0,1.1974,1.18,1.1765,1.1676,0.9509,o,337.0,184.0,29479.0,370.0
221953,2018,44152.0,323.0,11.0,0.8928,0.9112,0.9151,0.9248,1.0729,o,285.0,178.0,29537.0,351.0
221953,2019,39679.0,309.0,14.0,0.9557,0.9685,0.9712,0.9779,1.0471,o,292.0,169.0,30334.0,353.0
221953,2020,41186.0,274.0,32.0,0.8449,0.8275,0.824,0.8151,0.9306,o,278.0,127.0,29880.0,295.0
221953,2021,33878.0,243.0,41.0,0.9333,0.8937,0.8857,0.8661,0.861,o,200.0,104.0,29764.0,369.0
221953,2022,29436.0,228.0,57.0,1.0457,0.9688,0.9536,0.9167,0.7685,o,141.0,52.0,29082.0,389.0
221953,2023,27222.0,238.0,38.0,1.1329,0.9726,0.9424,0.8709,0.591,o,216.0,109.0,28164.0,342.0
221953,2024,25761.0,217.0,22.0,1.0621,0.9273,0.9016,0.8405,0.6263,o,207.0,64.0,28500.0,362.0
221971,1998,53406.0,347.0,0.0,0.7797,0.6965,0.6804,0.6418,0.6776,o,,,,
221971,1999,55548.0,362.0,0.0,0.782,0.775,0.7735,0.7699,0.9692,o,,,,
221971,2002,54693.0,459.0,3.0,1.0104,1.0341,1.039,1.0516,1.0832,o,427.0,,21947.0,
221971,2003,52582.0,396.0,2.0,0.906,0.8958,0.8938,0.8886,0.9618,o,450.0,,23281.0,425.0
221971,2004,54861.0,433.0,1.0,0.9482,0.9476,0.9475,0.9471,0.9977,o,439.0,,23963.0,423.0
221971,2005,55920.0,480.0,2.0,1.0322,1.0335,1.0338,1.0345,1.0045,o,412.0,,24739.0,437.0
221971,2006,79779.0,399.0,7.0,0.6054,0.6042,0.6039,0.6033,0.993,o,424.0,,25630.0,370.0
221971,2007,85112.0,411.0,2.0,0.5809,0.5729,0.5712,0.5671,0.9532,o,467.0,284.0,26905.0,378.0
221971,2008,65014.0,459.0,2.0,0.849,0.8496,0.8497,0.85,1.0022,o,462.0,676.0,27584.0,476.0
221971,2009,72905.0,488.0,0.0,0.8032,0.8239,0.8283,0.8392,1.0917,o,491.0,711.0,28215.0,505.0
221971,2010,78683.0,562.0,1.0,0.8579,0.8911,0.8981,0.9159,1.14,o,508.0,724.0,30077.0,522.0
221971,2011,81021.0,644.0,4.0,0.9568,0.9891,0.9959,1.0131,1.1212,o,482.0,696.0,31255.0,492.0
221971,2012,82578.0,644.0,1.0,0.9366,0.954,0.9576,0.9668,1.0657,o,457.0,730.0,32696.0,497.0
221971,2013,82257.0,640.0,12.0,0.9424,0.9384,0.9375,0.9355,0.9853,o,550.0,747.0,34289.0,493.0
221971,2014,82483.0,640.0,4.0,0.934,0.9362,0.9366,0.9377,1.008,o,395.0,719.0,35390.0,489.0
221971,2015,78796.0,663.0,8.0,1.0158,1.0022,0.9994,0.9924,0.9545,o,349.0,682.0,36749.0,518.0
221971,2016,72891.0,610.0,5.0,1.0084,0.9425,0.9295,0.8976,0.7923,o,336.0,220.0,37843.0,562.0
221971,2017,63927.0,568.0,6.0,1.0718,0.9585,0.9366,0.884,0.6802,o,348.0,292.0,38664.0,619.0
221971,2018,60689.0,561.0,5.0,1.1142,1.0145,0.995,0.9479,0.7238,o,376.0,267.0,39270.0,616.0
221971,2019,61921.0,523.0,25.0,1.0378,1.0296,1.0279,1.0237,0.9731,o,326.0,335.0,39791.0,592.0
221971,2020,60754.0,494.0,32.0,1.0073,1.0145,1.016,1.0198,1.0248,o,331.0,202.0,40566.0,625.0
221971,2021,57740.0,495.0,53.0,1.0838,1.0712,1.0687,1.0622,0.9605,o,360.0,49.0,40421.0,612.0
221971,2022,56653.0,510.0,31.0,1.1131,1.0981,1.0951,1.0874,0.9544,o,334.0,157.0,38956.0,576.0
221971,2023,53112.0,404.0,22.0,0.9376,0.9345,0.9339,0.9323,0.9886,o,329.0,111.0,38176.0,567.0
221971,2024,50931.0,408.0,38.0,1.0061,1.0087,1.0093,1.0107,1.0091,o,359.0,164.0,38450.0,567.0
221999,1998,177639.0,1400.0,0.0,0.9457,0.9528,0.9542,0.9579,1.0258,o,,,,
221999,1999,174423.0,1407.0,0.0,0.968,0.9668,0.9665,0.9659,0.9957,o,,,,
221999,2000,177375.0,1369.0,0.0,0.9262,0.93,0.9308,0.9328,1.0143,o,,,,
221999,2001,182199.0,1302.0,0.0,0.8575,0.8747,0.8783,0.8874,1.0709,o,,,,
221999,2002,185286.0,1393.0,0.0,0.9022,0.9184,0.9218,0.9304,1.0635,o,1579.0,,43634.0,
221999,2003,187654.0,1552.0,0.0,0.9925,0.9932,0.9934,0.9937,1.0026,o,1546.0,,44863.0,1046.0
221999,2004,186589.0,1514.0,0.0,0.9737,0.9605,0.9577,0.951,0.9539,o,1602.0,,45970.0,1030.0
221999,2005,184140.0,1519.0,0.0,0.9899,0.9852,0.9842,0.9818,0.9838,o,1620.0,,47064.0,1093.0
221999,2006,185363.0,1499.0,0.0,0.9704,0.9781,0.9797,0.9836,1.0274,o,1590.0,,49391.0,1087.0
221999,2007,185133.0,1468.0,0.0,0.9515,0.959,0.9605,0.9644,1.0272,o,1673.0,122.0,50573.0,1108.0
221999,2008,187792.0,1542.0,0.0,0.9853,0.9957,0.9978,1.0032,1.0365,o,1569.0,172.0,51623.0,1135.0
221999,2009,194088.0,1568.0,0.0,0.9695,0.9712,0.9716,0.9725,1.0062,o,1599.0,236.0,53243.0,984.0
221999,2010,197627.0,1583.0,0.0,0.9612,0.9575,0.9568,0.9549,0.9869,o,1600.0,208.0,55147.0,985.0
221999,2011,200806.0,1735.0,0.0,1.0368,1.0309,1.0297,1.0266,0.9804,o,1601.0,198.0,55740.0,963.0
221999,2012,204431.0,1673.0,0.0,0.982,0.9784,0.9777,0.9758,0.9874,o,1608.0,195.0,56237.0,967.0
221999,2013,202640.0,1675.0,0.0,0.9919,0.9956,0.9964,0.9983,1.0129,o,1613.0,206.0,56303.0,1016.0
221999,2014,203272.0,1663.0,0.0,0.9817,0.9837,0.9841,0.9851,1.0069,o,1605.0,207.0,56584.0,997.0
221999,2015,202584.0,1644.0,0.0,0.9738,0.9753,0.9756,0.9764,1.0053,o,1607.0,210.0,57229.0,1022.0
221999,2016,204127.0,1723.0,0.0,1.0129,1.0132,1.0132,1.0134,1.0009,o,1601.0,218.0,57966.0,1051.0
221999,2017,203901.0,1716.0,0.0,1.0099,1.0087,1.0085,1.0079,0.996,o,1607.0,197.0,58143.0,1028.0
221999,2018,203079.0,1716.0,0.0,1.014,1.0131,1.0129,1.0124,0.9969,o,1602.0,221.0,59402.0,1067.0
221999,2019,201884.0,1700.0,0.0,1.0105,1.0102,1.0102,1.01,0.9991,o,1604.0,223.0,60786.0,1095.0
221999,2020,203305.0,1692.0,0.0,0.9987,0.9985,0.9985,0.9984,0.9994,o,1698.0,311.0,62585.0,1159.0
221999,2021,213519.0,1712.0,0.0,0.9622,0.9703,0.9719,0.9762,1.0293,o,1626.0,240.0,63215.0,1119.0
221999,2022,207627.0,1715.0,0.0,0.9912,1.0014,1.0035,1.0088,1.0358,o,1619.0,243.0,62494.0,1131.0
221999,2023,210855.0,1820.0,0.0,1.0358,1.0394,1.0402,1.0421,1.0122,o,1622.0,280.0,62469.0,1095.0
221999,2024,212867.0,1855.0,0.0,1.0457,1.0401,1.0389,1.036,0.9815,o,1630.0,359.0,63946.0,1064.0
222053,1998,134081.0,0.0,425.0,0.1902,0.1909,0.1926,0.1934,1.0517,o,,,,
222053,1999,131968.0,0.0,444.0,0.2019,0.2012,0.1995,0.1988,0.9542,o,,,,
222053,2000,128360.0,0.0,447.0,0.2089,0.2092,0.21,0.2103,1.0199,o,,,,
222053,2001,130530.0,0.0,484.0,0.2225,0.2226,0.2228,0.2229,1.0062,o,,,,
222053,2002,139393.0,0.0,499.0,0.2148,0.2152,0.2164,0.2169,1.0305,o,1238.0,,2822.0,
222053,2003,147406.0,0.0,501.0,0.2039,0.2049,0.2073,0.2084,1.0682,o,1308.0,,2959.0,79.0
222053,2004,144357.0,0.0,543.0,0.2257,0.2269,0.2302,0.2316,1.0814,o,1342.0,,3424.0,108.0
222053,2005,143595.0,0.0,570.0,0.2382,0.2391,0.2413,0.2424,1.0542,o,1319.0,,3530.0,109.0
222053,2006,144791.0,0.0,633.0,0.2623,0.2622,0.262,0.2619,0.9955,o,1389.0,465.0,3713.0,112.0
222053,2007,146745.0,0.0,663.0,0.2711,0.2719,0.274,0.275,1.044,o,1322.0,611.0,3737.0,108.0
222053,2008,141310.0,0.0,591.0,0.2509,0.2505,0.2494,0.249,0.9764,o,1518.0,474.0,3841.0,116.0
222053,2009,148571.0,0.0,616.0,0.2488,0.2507,0.2559,0.2582,1.1199,o,1805.0,636.0,3981.0,119.0
222053,2010,177321.0,0.0,629.0,0.2128,0.2164,0.226,0.2304,1.2711,o,1792.0,645.0,4187.0,106.0
222053,2011,187309.0,0.0,723.0,0.2316,0.2328,0.236,0.2374,1.0785,o,1732.0,661.0,4329.0,104.0
222053,2012,173183.0,0.0,763.0,0.2643,0.2636,0.2619,0.2611,0.963,o,1556.0,533.0,4581.0,127.0
222053,2013,159340.0,0.0,788.0,0.2967,0.2942,0.2876,0.2848,0.8831,o,1563.0,532.0,4693.0,134.0
222053,2014,155983.0,0.0,766.0,0.2946,0.2936,0.2909,0.2898,0.9507,o,1602.0,441.0,4749.0,140.0
222053,2015,149407.0,0.0,885.0,0.3554,0.3561,0.3578,0.3586,1.0273,o,2430.0,384.0,4962.0,146.0
222053,2016,162237.0,0.0,991.0,0.3665,0.3777,0.408,0.4222,1.5355,o,2239.0,717.0,5089.0,114.0
222053,2017,176835.0,0.0,1078.0,0.3658,0.3685,0.3755,0.3786,1.1106,o,2397.0,468.0,5146.0,107.0
222053,2018,177682.0,0.0,1155.0,0.39,0.3907,0.3926,0.3934,1.0268,o,2385.0,630.0,5151.0,99.0
222053,2019,182674.0,0.0,1198.0,0.3935,0.3943,0.3963,0.3972,1.0289,o,2320.0,558.0,5518.0,85.0
222053,2020,183307.0,0.0,1229.0,0.4023,0.4014,0.3993,0.3983,0.9703,o,2025.0,466.0,5207.0,85.0
222053,2021,166530.0,0.0,1250.0,0.4504,0.4457,0.4338,0.4286,0.8608,o,1733.0,391.0,5033.0,82.0
222053,2022,144270.0,0.0,1201.0,0.4995,0.4916,0.472,0.4636,0.7977,o,1602.0,373.0,4809.0,98.0
222053,2023,138074.0,0.0,1150.0,0.4997,0.4942,0.4802,0.4741,0.8526,o,1728.0,424.0,4559.0,107.0
222053,2024,132335.0,0.0,1041.0,0.472,0.4732,0.4762,0.4776,1.0363,o,1674.0,510.0,4524.0,54.0
222062,1998,98720.0,0.0,536.0,0.3258,0.3254,0.3246,0.3242,0.9856,o,,,,
222062,1999,115333.0,0.0,460.0,0.2393,0.2368,0.2304,0.2276,0.8596,o,,,,
222062,2000,114535.0,0.0,518.0,0.2714,0.2707,0.269,0.2683,0.9661,o,,,,
222062,2001,100799.0,0.0,524.0,0.3119,0.3164,0.3283,0.3338,1.2277,o,,,,
222062,2002,106220.0,0.0,569.0,0.3214,0.3259,0.3376,0.343,1.2178,o,1062.0,,2818.0,
222062,2003,122113.0,0.0,594.0,0.2919,0.2928,0.2954,0.2965,1.0489,o,1301.0,,2955.0,66.0
222062,2004,125202.0,0.0,589.0,0.2823,0.2862,0.2967,0.3015,1.2216,o,1045.0,,3420.0,75.0
222062,2005,120376.0,0.0,569.0,0.2836,0.2812,0.275,0.2724,0.8845,o,1228.0,,3525.0,77.0
222062,2006,117340.0,0.0,574.0,0.2935,0.2944,0.2969,0.298,1.0469,o,1233.0,257.0,3710.0,100.0
222062,2007,119389.0,0.0,592.0,0.2975,0.2992,0.3036,0.3056,1.0849,o,1209.0,243.0,3734.0,92.0
222062,2008,121693.0,0.0,622.0,0.3067,0.3063,0.3053,0.3049,0.9825,o,1303.0,281.0,3844.0,101.0
222062,2009,129482.0,0.0,557.0,0.2581,0.2593,0.2623,0.2637,1.0672,o,1804.0,337.0,3993.0,110.0
222062,2010,147671.0,0.0,715.0,0.2905,0.298,0.318,0.3274,1.4363,o,1602.0,291.0,4193.0,101.0
222062,2011,147873.0,0.0,721.0,0.2925,0.2932,0.2948,0.2955,1.0312,o,1503.0,268.0,4329.0,94.0
222062,2012,138361.0,0.0,791.0,0.343,0.34,0.3325,0.3292,0.8826,o,1448.0,239.0,4592.0,120.0
222062,2013,130773.0,0.0,838.0,0.3845,0.3826,0.3778,0.3757,0.9327,o,1363.0,178.0,4704.0,126.0
222062,2014,121926.0,0.0,866.0,0.4262,0.4238,0.4178,0.4152,0.9238,o,1409.0,211.0,4759.0,122.0
222062,2015,116390.0,0.0,812.0,0.4186,0.4187,0.4189,0.4189,1.0025,o,1643.0,175.0,4982.0,125.0
222062,2016,116424.0,0.0,905.0,0.4664,0.472,0.4867,0.4933,1.1854,o,1552.0,188.0,5103.0,114.0
222062,2017,114949.0,0.0,842.0,0.4395,0.44,0.4414,0.442,1.017,o,1705.0,217.0,5140.0,112.0
222062,2018,118972.0,0.0,859.0,0.4332,0.4352,0.4403,0.4426,1.0673,o,1618.0,257.0,5145.0,99.0
222062,2019,117558.0,0.0,938.0,0.4787,0.4785,0.478,0.4777,0.9936,o,1618.0,230.0,5154.0,101.0
222062,2020,120675.0,0.0,964.0,0.4793,0.4784,0.4761,0.4751,0.9738,o,1355.0,171.0,5201.0,85.0
222062,2021,111321.0,0.0,945.0,0.5093,0.5031,0.4872,0.4804,0.8375,o,1272.0,182.0,5052.0,94.0
222062,2022,103063.0,0.0,932.0,0.5426,0.5367,0.5218,0.5154,0.8557,o,1297.0,167.0,4826.0,93.0
222062,2023,101923.0,0.0,907.0,0.5339,0.5335,0.5322,0.5317,0.9874,o,1443.0,186.0,4554.0,72.0
222062,2024,109346.0,0.0,884.0,0.4851,0.489,0.4994,0.5041,1.1234,o,1271.0,175.0,4519.0,67.0
246202,2004,11311.0,0.0,0.0,0.0,0.0,0.0,0.0,,-,233.0,,,91.0
246202,2005,15091.0,0.0,34.0,0.1352,0.1352,0.1352,0.1352,,-,184.0,,,100.0
246202,2006,13221.0,0.0,0.0,0.0,0.0,0.0,0.0,,-,105.0,,,111.0
246202,2009,35165.0,0.0,55.0,0.0938,0.0938,0.0938,0.0938,,-,225.0,47.0,,67.0
246202,2010,36856.0,0.0,75.0,0.1221,0.1221,0.1221,0.1221,,-,129.0,42.0,,452.0
246202,2011,28162.0,0.0,61.0,0.13,0.13,0.13,0.13,,-,80.0,50.0,,563.0
246202,2012,21693.0,0.0,36.0,0.0996,0.0996,0.0996,0.0996,,-,44.0,43.0,,442.0
246202,2013,16265.0,0.0,25.0,0.0922,0.0922,0.0922,0.0922,,-,40.0,44.0,,403.0
246202,2014,16492.0,0.0,21.0,0.0764,0.0764,0.0764,0.0764,,-,55.0,77.0,,382.0
246202,2015,19996.0,0.0,9.0,0.027,0.027,0.027,0.027,,-,79.0,20.0,,439.0
246202,2016,16241.0,0.0,11.0,0.0406,0.0406,0.0406,0.0406,,-,66.0,12.0,,414.0
246202,2017,13889.0,0.0,9.0,0.0389,0.0389,0.0389,0.0389,,-,33.0,30.0,,416.0
246202,2018,11666.0,0.0,14.0,0.072,0.072,0.072,0.072,,-,,,,
248925,1998,22380.0,0.0,0.0,0.0,0.0,0.0,0.0,,-,,,,
366650,2000,14673.0,31.0,166.0,0.9323,0.9323,0.9323,0.9323,,-,,,,
366650,2001,16718.0,21.0,116.0,0.5671,0.5671,0.5671,0.5671,,-,,,,
366650,2002,14619.0,19.0,160.0,0.8126,0.8126,0.8126,0.8126,,-,131.0,,18964.0,
366650,2003,15259.0,12.0,134.0,0.6213,0.6213,0.6213,0.6213,,-,103.0,,20188.0,755.0
366650,2004,18705.0,18.0,169.0,0.6576,0.6576,0.6576,0.6576,,-,116.0,,20716.0,879.0
366650,2005,18912.0,16.0,163.0,0.6187,0.6187,0.6187,0.6187,,-,145.0,,21807.0,844.0
366650,2006,20529.0,22.0,122.0,0.4852,0.4852,0.4852,0.4852,,-,108.0,98.0,22118.0,836.0
366650,2007,19739.0,31.0,122.0,0.5593,0.5593,0.5593,0.5593,,-,121.0,41.0,22504.0,939.0
366650,2008,24027.0,40.0,138.0,0.5444,0.5444,0.5444,0.5444,,-,170.0,28.0,22828.0,883.0
366650,2009,26419.0,49.0,147.0,0.5564,0.5564,0.5564,0.5564,,-,159.0,35.0,23533.0,825.0
366650,2010,28669.0,76.0,145.0,0.6216,0.6216,0.6216,0.6216,,-,130.0,17.0,24513.0,912.0
366650,2011,25875.0,75.0,224.0,0.8673,0.8673,0.8673,0.8673,,-,73.0,20.0,25194.0,1018.0
366650,2012,18699.0,79.0,200.0,1.1487,1.1487,1.1487,1.1487,,-,74.0,9.0,24556.0,1159.0
366650,2013,14499.0,27.0,163.0,0.898,0.898,0.898,0.898,,-,67.0,5.0,24126.0,1059.0
366650,2014,10731.0,32.0,122.0,1.04,1.04,1.04,1.04,,-,45.0,8.0,23762.0,973.0
366650,2015,8846.0,26.0,57.0,0.7393,0.7393,0.7393,0.7393,,-,27.0,1.0,23561.0,792.0
366784,2001,70.0,0.0,0.0,0.0,0.0,0.0,0.0,,n,,,,
366784,2002,55.0,0.0,0.0,0.0,0.0,0.0,0.0,,n,,,,
366784,2004,30.0,0.0,0.0,0.0,0.0,0.0,0.0,,n,,,,448.0
366784,2005,30.0,0.0,0.0,0.0,0.0,0.0,0.0,,n,,,,326.0
368443,1998,10020.0,0.0,54.0,0.3234,0.3234,0.3234,0.3234,,-,,,,
368443,1999,8664.0,0.0,47.0,0.3255,0.3255,0.3255,0.3255,,-,,,,
368443,2000,10080.0,0.0,53.0,0.3155,0.3155,0.3155,0.3155,,-,,,,
368443,2001,14290.0,0.0,33.0,0.1386,0.1386,0.1386,0.1386,,-,,,,
368443,2002,12750.0,0.0,45.0,0.2118,0.2118,0.2118,0.2118,,-,195.0,,11086.0,
368443,2003,12356.0,0.0,71.0,0.3448,0.3448,0.3448,0.3448,,-,278.0,,12235.0,
368443,2004,17640.0,0.0,95.0,0.3231,0.3231,0.3231,0.3231,,-,198.0,,11940.0,
368443,2005,17400.0,0.0,162.0,0.5586,0.5586,0.5586,0.5586,,-,89.0,,11589.0,588.0
368443,2006,19709.0,0.0,146.0,0.4445,0.4445,0.4445,0.4445,,-,74.0,7.0,12881.0,413.0
368443,2007,15212.0,0.0,138.0,0.5443,0.5443,0.5443,0.5443,,-,112.0,,22345.0,502.0
368443,2008,15211.0,0.0,87.0,0.3432,0.3432,0.3432,0.3432,,-,235.0,253.0,17692.0,419.0
368443,2009,17376.0,0.0,127.0,0.4385,0.4385,0.4385,0.4385,,-,326.0,262.0,18992.0,488.0
368443,2010,18989.0,0.0,150.0,0.474,0.474,0.474,0.474,,-,243.0,254.0,19899.0,588.0
368443,2011,23213.0,0.0,161.0,0.4161,0.4161,0.4161,0.4161,,-,149.0,148.0,20772.0,595.0
368443,2012,18068.0,10.0,205.0,0.7472,0.7472,0.7472,0.7472,,-,20.0,62.0,22532.0,767.0
368443,2013,16405.0,17.0,142.0,0.6437,0.6437,0.6437,0.6437,,-,50.0,105.0,24062.0,728.0
368443,2014,17459.0,26.0,173.0,0.7733,0.7733,0.7733,0.7733,,-,28.0,44.0,23699.0,674.0
368443,2015,19373.0,17.0,143.0,0.5482,0.5482,0.5482,0.5482,,-,42.0,244.0,22193.0,645.0
368443,2016,22133.0,28.0,122.0,0.4825,0.4825,0.4825,0.4825,,-,293.0,453.0,22039.0,634.0
368443,2017,31925.0,34.0,147.0,0.4041,0.4041,0.4041,0.4041,,-,382.0,478.0,19122.0,533.0
368443,2018,31139.0,40.0,143.0,0.4297,0.4297,0.4297,0.4297,,-,266.0,192.0,18694.0,644.0
368443,2019,27287.0,19.0,145.0,0.4024,0.4024,0.4024,0.4024,,-,173.0,219.0,18303.0,626.0
368443,2020,29384.0,29.0,128.0,0.3798,0.3798,0.3798,0.3798,,-,346.0,,22717.0,344.0
368452,1998,4920.0,0.0,45.0,0.5488,0.5488,0.5488,0.5488,,-,,,,
368452,1999,4770.0,0.0,28.0,0.3522,0.3522,0.3522,0.3522,,-,,,,
368452,2004,8136.0,0.0,80.0,0.59,0.59,0.59,0.59,,-,100.0,,15647.0,378.0
368452,2006,13800.0,4.0,83.0,0.3957,0.3957,0.3957,0.3957,,-,139.0,,14700.0,300.0
368452,2007,17734.0,8.0,70.0,0.291,0.291,0.291,0.291,,-,160.0,,14269.0,256.0
368452,2008,17750.0,12.0,98.0,0.4124,0.4124,0.4124,0.4124,,-,178.0,,15716.0,288.0
368452,2009,17650.0,11.0,80.0,0.3467,0.3467,0.3467,0.3467,,-,175.0,,15453.0,339.0
368452,2010,17900.0,28.0,101.0,0.5263,0.5263,0.5263,0.5263,,-,115.0,,17225.0,363.0
368452,2011,16300.0,21.0,84.0,0.4638,0.4638,0.4638,0.4638,,-,90.0,15.0,17310.0,343.0
368452,2012,12432.0,25.0,59.0,0.5261,0.5261,0.5261,0.5261,,-,84.0,42.0,19321.0,433.0
368452,2013,11496.0,35.0,55.0,0.6524,0.6524,0.6524,0.6524,,-,83.0,19.0,18982.0,294.0
368452,2014,11435.0,32.0,40.0,0.5457,0.5457,0.5457,0.5457,,-,56.0,20.0,20275.0,293.0
368452,2015,10490.0,23.0,36.0,0.469,0.469,0.469,0.469,,-,57.0,20.0,23237.0,468.0
368452,2016,10230.0,24.0,22.0,0.4106,0.4106,0.4106,0.4106,,-,90.0,17.0,23077.0,487.0
368452,2017,10500.0,34.0,28.0,0.5486,0.5486,0.5486,0.5486,,-,62.0,16.0,22691.0,458.0
368452,2018,10100.0,25.0,12.0,0.3683,0.3683,0.3683,0.3683,,-,124.0,22.0,22184.0,470.0
368452,2019,12294.0,32.0,12.0,0.3709,0.3709,0.3709,0.3709,,-,56.0,23.0,21720.0,455.0
368452,2020,11500.0,43.0,19.0,0.5478,0.5478,0.5478,0.5478,,-,66.0,18.0,21395.0,441.0
368452,2021,8401.0,45.0,1.0,0.6499,0.6499,0.6499,0.6499,,-,82.0,44.0,22353.0,611.0
368452,2022,8930.0,47.0,0.0,0.6316,0.6316,0.6316,0.6316,,-,68.0,23.0,21008.0,568.0
368452,2023,9199.0,34.0,1.0,0.45,0.45,0.45,0.45,,-,50.0,17.0,19823.0,593.0
368452,2024,9676.0,40.0,18.0,0.6077,0.6077,0.6077,0.6077,,-,69.0,16.0,20350.0,567.0
382771,1998,13800.0,0.0,84.0,0.3652,0.3652,0.3652,0.3652,,-,,,,
382771,1999,10095.0,0.0,45.0,0.2675,0.2675,0.2675,0.2675,,-,,,,
382771,2004,8053.0,0.0,55.0,0.4098,0.4098,0.4098,0.4098,,-,51.0,,12537.0,746.0
382771,2005,11610.0,0.0,81.0,0.4186,0.4186,0.4186,0.4186,,-,235.0,,11589.0,516.0
382771,2006,11613.0,0.0,77.0,0.3978,0.3978,0.3978,0.3978,,-,148.0,,15705.0,607.0
382771,2007,11627.0,0.0,87.0,0.449,0.449,0.449,0.449,,-,136.0,,12129.0,673.0
382771,2009,17443.0,0.0,112.0,0.3853,0.3853,0.3853,0.3853,,-,117.0,,12316.0,530.0
382771,2010,17436.0,0.0,89.0,0.3063,0.3063,0.3063,0.3063,,-,111.0,48.0,13008.0,676.0
382771,2011,21813.0,0.0,89.0,0.2448,0.2448,0.2448,0.2448,,-,118.0,67.0,13557.0,562.0
382771,2012,18330.0,0.0,124.0,0.4059,0.4059,0.4059,0.4059,,-,143.0,87.0,13470.0,547.0
382771,2013,16680.0,0.0,112.0,0.4029,0.4029,0.4029,0.4029,,-,151.0,101.0,13234.0,564.0
382771,2014,17476.0,0.0,87.0,0.2987,0.2987,0.2987,0.2987,,-,125.0,54.0,13034.0,497.0
382771,2015,13986.0,0.0,83.0,0.3561,0.3561,0.3561,0.3561,,-,112.0,31.0,12924.0,544.0
382771,2016,11894.0,0.0,57.0,0.2875,0.2875,0.2875,0.2875,,-,157.0,79.0,12705.0,545.0
382771,2017,10738.0,0.0,70.0,0.3911,0.3911,0.3911,0.3911,,-,56.0,12.0,12493.0,609.0
388043,2002,8000.0,0.0,17.0,0.1275,0.1275,0.1275,0.1275,,-,94.0,,12306.0,
388043,2004,12493.0,0.0,35.0,0.1681,0.1681,0.1681,0.1681,,-,314.0,,12895.0,164.0
388043,2005,15158.0,0.0,50.0,0.1979,0.1979,0.1979,0.1979,,-,343.0,,13134.0,180.0
388043,2006,17078.0,0.0,65.0,0.2284,0.2284,0.2284,0.2284,,-,344.0,,9984.0,177.0
388043,2007,18933.0,0.0,84.0,0.2662,0.2662,0.2662,0.2662,,-,476.0,,10181.0,119.0
388043,2010,42420.0,0.0,274.0,0.3876,0.3876,0.3876,0.3876,,-,41.0,52.0,11649.0,322.0
388043,2011,48704.0,0.0,389.0,0.4792,0.4792,0.4792,0.4792,,-,78.0,168.0,12632.0,253.0
388043,2012,26059.0,0.0,369.0,0.8496,0.8496,0.8496,0.8496,,-,37.0,98.0,15104.0,237.0
388043,2013,21629.0,0.0,131.0,0.3634,0.3634,0.3634,0.3634,,-,46.0,151.0,15288.0,276.0
388043,2014,21928.0,0.0,156.0,0.4269,0.4269,0.4269,0.4269,,-,19.0,79.0,15064.0,305.0
388043,2015,17216.0,0.0,151.0,0.5263,0.5263,0.5263,0.5263,,-,28.0,78.0,15078.0,599.0
388043,2016,16173.0,0.0,152.0,0.5639,0.5639,0.5639,0.5639,,-,31.0,65.0,14865.0,504.0
388043,2018,6683.0,0.0,20.0,0.1796,0.1796,0.1796,0.1796,,-,31.0,28.0,18552.0,728.0
392840,1998,5786.0,0.0,14.0,0.1452,0.2395,0.2657,0.3442,5.6227,i,,,,
392840,1999,6139.0,0.0,19.0,0.1857,0.0926,0.0802,0.0559,0.0907,o,,,,
392840,2000,5457.0,3.0,21.0,0.2969,0.1335,0.1132,0.0749,0.0636,i,,,,
392840,2001,6137.0,3.0,31.0,0.3617,0.2619,0.245,0.2073,0.3283,i,,,,
392840,2002,6396.0,17.0,19.0,0.4972,0.5618,0.5762,0.6137,1.5238,o,41.0,,14758.0,
392840,2003,7190.0,11.0,21.0,0.3588,0.454,0.4766,0.5382,2.25,o,18.0,,14771.0,581.0
392840,2004,6627.0,27.0,14.0,0.6157,0.6536,0.6618,0.6826,1.2292,o,24.0,,16285.0,666.0
392840,2005,7278.0,43.0,12.0,0.8079,0.715,0.6972,0.6545,0.6562,o,40.0,,17094.0,707.0
392840,2006,8177.0,34.0,11.0,0.5797,0.5414,0.5338,0.5153,0.7901,o,96.0,,18884.0,678.0
392840,2007,9330.0,42.0,7.0,0.5852,0.7456,0.7839,0.8885,2.3051,o,74.0,56.0,19237.0,635.0
392840,2008,8326.0,56.0,5.0,0.8431,1.2647,1.3754,1.6963,4.0476,o,39.0,49.0,18613.0,755.0
392840,2009,8343.0,52.0,1.0,0.7551,0.8905,0.9214,1.0034,1.7656,o,62.0,51.0,20374.0,809.0
392840,2010,8501.0,47.0,5.0,0.6987,0.641,0.6296,0.6022,0.7426,o,53.0,36.0,21271.0,848.0
392840,2011,8546.0,57.0,2.0,0.8144,0.7271,0.7103,0.6698,0.6765,o,75.0,34.0,21777.0,801.0
392840,2012,8325.0,51.0,0.0,0.7351,0.7622,0.7679,0.7824,1.1327,o,51.0,39.0,25054.0,814.0
392840,2013,8000.0,50.0,0.0,0.75,0.7997,0.8104,0.8377,1.2475,o,58.0,25.0,25626.0,813.0
392840,2014,7275.0,51.0,0.0,0.8412,0.8283,0.8256,0.819,0.9478,o,50.0,34.0,25950.0,845.0
392840,2015,6609.0,40.0,0.0,0.7263,0.6914,0.6844,0.6671,0.8438,o,44.0,28.0,26436.0,836.0
392840,2016,6330.0,42.0,0.0,0.7962,0.7314,0.7186,0.6877,0.746,o,44.0,24.0,26953.0,845.0
392840,2017,3201.0,41.0,0.0,1.537,1.4445,1.4261,1.381,0.8073,o,30.0,13.0,30212.0,
392840,2018,2631.0,41.0,0.0,1.87,1.6758,1.6382,1.5479,0.6852,o,29.0,23.0,29537.0,
392840,2019,4220.0,42.0,0.0,1.1943,1.0434,1.0147,0.9462,0.6277,o,35.0,11.0,29834.0,882.0
412599,1998,15082.0,0.0,145.0,0.5768,0.5768,0.5768,0.5768,,-,,,,
412599,2000,21760.0,14.0,269.0,0.8189,0.8189,0.8189,0.8189,,-,,,,
412599,2001,34432.0,8.0,247.0,0.4583,0.4583,0.4583,0.4583,,-,,,,
412599,2003,17995.0,51.0,246.0,1.1603,1.1603,1.1603,1.1603,,-,166.0,,20885.0,783.0
412599,2004,21325.0,41.0,62.0,0.4052,0.4052,0.4052,0.4052,,-,145.0,,17313.0,704.0
412599,2005,49147.0,21.0,127.0,0.2063,0.2063,0.2063,0.2063,,-,594.0,,18397.0,336.0
412599,2006,29441.0,3.0,101.0,0.2181,0.2181,0.2181,0.2181,,-,258.0,,18276.0,632.0
412599,2007,32989.0,2.0,136.0,0.2546,0.2546,0.2546,0.2546,,-,261.0,,19472.0,582.0
412599,2008,34412.0,4.0,110.0,0.2057,0.2057,0.2057,0.2057,,-,235.0,2.0,20121.0,536.0
412599,2009,37893.0,11.0,102.0,0.1963,0.1963,0.1963,0.1963,,-,362.0,3.0,20071.0,533.0
412599,2010,55177.0,0.0,97.0,0.1055,0.1055,0.1055,0.1055,,-,299.0,1.0,19941.0,463.0
412599,2011,51721.0,0.0,126.0,0.1462,0.1462,0.1462,0.1462,,-,331.0,2.0,20583.0,466.0
412599,2012,41192.0,0.0,124.0,0.1806,0.1806,0.1806,0.1806,,-,283.0,2.0,21083.0,512.0
412599,2013,44010.0,0.0,72.0,0.0982,0.0982,0.0982,0.0982,,-,264.0,4.0,21382.0,432.0
412599,2014,31180.0,0.0,79.0,0.152,0.152,0.152,0.152,,-,250.0,1.0,21059.0,527.0
412599,2015,28326.0,10.0,61.0,0.1716,0.1716,0.1716,0.1716,,-,173.0,2.0,20881.0,456.0
412599,2016,24686.0,11.0,69.0,0.2212,0.2212,0.2212,0.2212,,-,168.0,5.0,18884.0,506.0
412599,2017,25844.0,13.0,57.0,0.1927,0.1927,0.1927,0.1927,,-,151.0,28.0,19062.0,419.0
412599,2018,23896.0,11.0,87.0,0.2737,0.2737,0.2737,0.2737,,-,181.0,19.0,20805.0,458.0
412599,2019,26724.0,4.0,80.0,0.1976,0.1976,0.1976,0.1976,,-,190.0,15.0,19592.0,381.0
412599,2020,24477.0,5.0,106.0,0.2843,0.2843,0.2843,0.2843,,-,161.0,7.0,18509.0,447.0
412599,2021,20546.0,2.0,81.0,0.2482,0.2482,0.2482,0.2482,,-,130.0,3.0,18090.0,448.0
412599,2022,11680.0,2.0,41.0,0.2312,0.2312,0.2312,0.2312,,-,151.0,7.0,19163.0,467.0
412599,2023,13431.0,0.0,9.0,0.0402,0.0402,0.0402,0.0402,,-,165.0,11.0,20666.0,352.0
412599,2024,16042.0,0.0,9.0,0.0337,0.0337,0.0337,0.0337,,-,82.0,8.0,20047.0,317.0
413884,1998,8620.0,0.0,115.0,0.8005,0.8005,0.8005,0.8005,,-,,,,
413884,2000,9167.0,0.0,79.0,0.5171,0.5171,0.5171,0.5171,,-,,,,
413884,2003,10915.0,0.0,99.0,0.5442,0.5442,0.5442,0.5442,,-,145.0,,20188.0,714.0
413884,2004,16226.0,0.0,100.0,0.3698,0.3698,0.3698,0.3698,,-,179.0,,20716.0,1047.0
413884,2005,16317.0,39.0,116.0,0.7134,0.7134,0.7134,0.7134,,-,200.0,,21807.0,1010.0
413884,2006,16339.0,22.0,111.0,0.5692,0.5692,0.5692,0.5692,,-,106.0,73.0,22118.0,1091.0
413884,2007,22117.0,8.0,114.0,0.3527,0.3527,0.3527,0.3527,,-,125.0,13.0,22504.0,819.0
413884,2008,21773.0,22.0,123.0,0.4602,0.4602,0.4602,0.4602,,-,198.0,17.0,22828.0,867.0
413884,2009,25560.0,31.0,156.0,0.5117,0.5117,0.5117,0.5117,,-,190.0,15.0,23533.0,821.0
413884,2010,28544.0,59.0,187.0,0.6411,0.6411,0.6411,0.6411,,-,156.0,30.0,24513.0,879.0
413884,2011,23643.0,80.0,173.0,0.8451,0.8451,0.8451,0.8451,,-,108.0,16.0,25194.0,1056.0
413884,2012,19703.0,59.0,161.0,0.8496,0.8496,0.8496,0.8496,,-,74.0,17.0,24556.0,993.0
413884,2013,16497.0,40.0,160.0,0.8729,0.8729,0.8729,0.8729,,-,107.0,4.0,24126.0,1003.0
413884,2014,16301.0,20.0,121.0,0.5926,0.5926,0.5926,0.5926,,-,113.0,9.0,23762.0,800.0
413884,2015,16953.0,22.0,120.0,0.5804,0.5804,0.5804,0.5804,,-,101.0,6.0,23561.0,680.0
418870,1998,3160.0,0.0,27.0,0.5127,0.5127,0.5127,0.5127,,-,,,,
418870,1999,1800.0,0.0,14.0,0.4667,0.4667,0.4667,0.4667,,-,,,,
418870,2002,10585.0,0.0,22.0,0.1247,0.1247,0.1247,0.1247,,-,105.0,,,
418870,2005,18404.0,0.0,43.0,0.1402,0.1402,0.1402,0.1402,,-,65.0,,,171.0
418870,2007,19046.0,0.0,32.0,0.1008,0.1008,0.1008,0.1008,,-,114.0,4.0,,272.0
418870,2008,18618.0,0.0,29.0,0.0935,0.0935,0.0935,0.0935,,-,137.0,,,263.0
418870,2010,24952.0,0.0,39.0,0.0938,0.0938,0.0938,0.0938,,-,70.0,,,274.0
418870,2012,13170.0,0.0,24.0,0.1093,0.1093,0.1093,0.1093,,-,20.0,23.0,18504.0,391.0
418870,2013,13530.0,0.0,26.0,0.1153,0.1153,0.1153,0.1153,,-,39.0,24.0,19370.0,352.0
418870,2014,13320.0,0.0,30.0,0.1351,0.1351,0.1351,0.1351,,-,34.0,9.0,18983.0,387.0
418870,2015,12540.0,0.0,45.0,0.2153,0.2153,0.2153,0.2153,,-,49.0,1.0,17904.0,360.0
418870,2016,11820.0,0.0,18.0,0.0914,0.0914,0.0914,0.0914,,-,28.0,40.0,17781.0,358.0
418870,2017,9360.0,0.0,26.0,0.1667,0.1667,0.1667,0.1667,,-,19.0,39.0,18506.0,387.0
418870,2018,9660.0,0.0,28.0,0.1739,0.1739,0.1739,0.1739,,-,19.0,42.0,18385.0,374.0
440110,2003,59178.0,0.0,682.0,0.6915,0.6915,0.6915,0.6915,,-,890.0,,18693.0,347.0
440110,2009,35700.0,0.0,138.0,0.2319,0.2319,0.2319,0.2319,,-,206.0,,,244.0
440110,2010,31260.0,0.0,3.0,0.0058,0.0058,0.0058,0.0058,,-,136.0,51.0,,339.0
440110,2011,27810.0,0.0,2.0,0.0043,0.0043,0.0043,0.0043,,-,126.0,20.0,,301.0
440110,2012,21690.0,0.0,31.0,0.0858,0.0858,0.0858,0.0858,,-,174.0,4.0,,305.0
440110,2013,20070.0,0.0,62.0,0.1854,0.1854,0.1854,0.1854,,-,164.0,,17015.0,395.0
440873,2003,9312.0,0.0,0.0,0.0,0.0,0.0,0.0,,-,77.0,,12830.0,
440873,2004,12312.0,0.0,23.0,0.1121,0.1121,0.1121,0.1121,,-,76.0,,12521.0,
440873,2005,18024.0,0.0,31.0,0.1032,0.1032,0.1032,0.1032,,-,130.0,,13374.0,266.0
440873,2007,13776.0,0.0,71.0,0.3092,0.3092,0.3092,0.3092,,-,414.0,,14271.0,476.0
440873,2008,25219.0,0.0,94.0,0.2236,0.2236,0.2236,0.2236,,-,409.0,,13662.0,325.0
440873,2009,24840.0,0.0,94.0,0.2271,0.2271,0.2271,0.2271,,-,142.0,28.0,14280.0,367.0
440873,2010,27330.0,0.0,99.0,0.2173,0.2173,0.2173,0.2173,,-,92.0,57.0,16433.0,413.0
440873,2012,44460.0,0.0,160.0,0.2159,0.2159,0.2159,0.2159,,-,94.0,62.0,14857.0,395.0
440873,2013,43230.0,0.0,135.0,0.1874,0.1874,0.1874,0.1874,,-,74.0,54.0,15771.0,419.0
440873,2014,35527.0,0.0,194.0,0.3276,0.3276,0.3276,0.3276,,-,89.0,39.0,16203.0,557.0
440873,2015,36163.0,0.0,208.0,0.3451,0.3451,0.3451,0.3451,,-,98.0,52.0,15638.0,432.0
440873,2016,32231.0,0.0,178.0,0.3314,0.3314,0.3314,0.3314,,-,137.0,74.0,15724.0,473.0
440873,2017,31717.0,0.0,181.0,0.3424,0.3424,0.3424,0.3424,,-,115.0,52.0,15893.0,467.0
440873,2018,26573.0,0.0,178.0,0.4019,0.4019,0.4019,0.4019,,-,,,13794.0,
442170,2004,12954.0,1.0,0.0,0.0093,0.0093,0.0093,0.0093,,x,39.0,,14776.0,473.0
442170,2005,18678.0,49.0,0.0,0.3148,0.3148,0.3148,0.3148,,x,67.0,,16756.0,493.0
442170,2006,20166.0,83.0,0.0,0.4939,0.4939,0.4939,0.4939,,x,47.0,97.0,15846.0,515.0
442170,2008,20146.0,98.0,0.0,0.5837,0.5837,0.5837,0.5837,,x,58.0,68.0,16462.0,517.0
442170,2009,25620.0,177.0,0.0,0.829,0.829,0.829,0.829,,x,63.0,70.0,17179.0,391.0
442170,2010,31399.0,178.0,0.0,0.6803,0.6803,0.6803,0.6803,,x,145.0,94.0,13792.0,464.0
442170,2011,34456.0,118.0,0.0,0.411,0.411,0.411,0.411,,x,204.0,159.0,13233.0,530.0
442170,2012,41628.0,100.0,0.0,0.2883,0.2883,0.2883,0.2883,,x,148.0,153.0,13414.0,524.0
442170,2013,37820.0,112.0,0.0,0.3554,0.3554,0.3554,0.3554,,x,70.0,86.0,13689.0,548.0
443340,2004,1770.0,8.0,1.0,0.5763,0.5763,0.5763,0.5763,,n,2.0,,10448.0,180.0
443340,2006,1740.0,10.0,1.0,0.7241,0.7241,0.7241,0.7241,,n,3.0,13.0,11203.0,263.0
443340,2007,2160.0,11.0,1.0,0.6389,0.6389,0.6389,0.6389,,n,1.0,11.0,11464.0,233.0
443340,2008,1500.0,9.0,0.0,0.72,0.6121,0.5919,0.5443,0.5714,o,6.0,21.0,11853.0,352.0
443340,2009,1624.0,9.0,0.0,0.665,0.6954,0.7019,0.7183,1.1667,o,4.0,25.0,12367.0,303.0
443340,2012,2831.0,12.0,0.0,0.5087,1.1062,1.2991,1.9417,14.5714,o,4.0,10.0,12293.0,361.0
443340,2013,2023.0,17.0,1.0,1.0381,1.1676,1.1963,1.2714,1.5,o,9.0,13.0,12258.0,387.0
443340,2014,2082.0,8.0,3.0,0.5476,0.3076,0.273,0.2026,0.1368,o,4.0,8.0,12784.0,394.0
443340,2015,1821.0,15.0,0.0,0.9885,0.5439,0.4807,0.3529,0.1275,o,2.0,1.0,13609.0,439.0
443340,2016,1578.0,13.0,0.0,0.9886,0.7579,0.7174,0.6252,0.4,o,3.0,6.0,14650.0,465.0
443340,2017,990.0,9.0,1.0,1.1515,0.8728,0.8242,0.7141,0.3846,o,6.0,4.0,15393.0,567.0
443340,2018,935.0,13.0,0.0,1.6684,1.4997,1.467,1.3882,0.6923,o,3.0,4.0,16015.0,672.0
443340,2019,860.0,6.0,0.0,0.8372,0.9417,0.9649,1.0254,1.5,o,8.0,12.0,16503.0,783.0
443340,2020,1139.0,5.0,1.0,0.5795,0.7283,0.7636,0.8595,2.2,o,6.0,3.0,17248.0,616.0
443340,2021,1133.0,12.0,1.0,1.3239,1.5049,1.5453,1.6512,1.5556,o,3.0,5.0,16750.0,354.0
443340,2022,1121.0,8.0,2.0,0.9634,0.9634,0.9634,0.9634,1.0,o,4.0,1.0,16187.0,503.0
443340,2023,1539.0,11.0,1.0,0.8967,0.7865,0.7655,0.7153,0.6364,o,4.0,3.0,14430.0,354.0
443340,2024,1416.0,10.0,4.0,1.0169,0.8646,0.8361,0.7687,0.5714,o,8.0,11.0,15010.0,390.0
443650,2004,6937.0,0.0,0.0,0.0,0.0,0.0,0.0,,-,111.0,,16716.0,540.0
443650,2005,13537.0,0.0,17.0,0.0754,0.0754,0.0754,0.0754,,-,211.0,,18542.0,457.0
443650,2006,16504.0,0.0,122.0,0.4435,0.4435,0.4435,0.4435,,-,80.0,67.0,24448.0,447.0
443650,2008,17933.0,0.0,99.0,0.3312,0.3312,0.3312,0.3312,,-,104.0,91.0,13433.0,488.0
443650,2009,19781.0,0.0,118.0,0.3579,0.3579,0.3579,0.3579,,-,61.0,46.0,13791.0,512.0
443650,2010,20721.0,0.0,160.0,0.4633,0.4633,0.4633,0.4633,,-,37.0,49.0,13843.0,550.0
443650,2011,19409.0,0.0,172.0,0.5317,0.5317,0.5317,0.5317,,-,85.0,76.0,14071.0,582.0
443650,2012,14220.0,0.0,145.0,0.6118,0.6118,0.6118,0.6118,,-,124.0,89.0,14956.0,606.0
443650,2013,13778.0,0.0,116.0,0.5052,0.5052,0.5052,0.5052,,-,117.0,53.0,14293.0,590.0
443650,2014,13890.0,0.0,80.0,0.3456,0.3456,0.3456,0.3456,,-,97.0,74.0,14077.0,566.0
443650,2015,11872.0,0.0,72.0,0.3639,0.3639,0.3639,0.3639,,-,89.0,58.0,13958.0,529.0
443650,2016,12570.0,0.0,52.0,0.2482,0.2482,0.2482,0.2482,,-,247.0,28.0,13861.0,525.0
443650,2017,13972.0,0.0,77.0,0.3307,0.3307,0.3307,0.3307,,-,235.0,31.0,13630.0,556.0
443650,2018,13830.0,0.0,79.0,0.3427,0.3427,0.3427,0.3427,,-,110.0,55.0,14207.0,590.0
443650,2019,17640.0,0.0,40.0,0.1361,0.1361,0.1361,0.1361,,-,119.0,22.0,,390.0
443650,2020,16560.0,0.0,30.0,0.1087,0.1087,0.1087,0.1087,,-,100.0,8.0,,446.0
443650,2022,69720.0,0.0,66.0,0.0568,0.0568,0.0568,0.0568,,-,856.0,13.0,,186.0
443650,2023,127735.0,0.0,260.0,0.1221,0.1221,0.1221,0.1221,,-,907.0,5.0,,251.0
443650,2024,170246.0,33.0,834.0,0.3172,0.3172,0.3172,0.3172,,-,804.0,15.0,,279.0
443766,2010,51678.0,148.0,45.0,0.3959,0.3959,0.3959,0.3959,,x,378.0,146.0,,560.0
443766,2011,40521.0,151.0,47.0,0.5168,0.5168,0.5168,0.5168,,x,255.0,260.0,19976.0,826.0
443766,2012,37203.0,115.0,37.0,0.4306,0.4306,0.4306,0.4306,,x,107.0,174.0,21062.0,791.0
443766,2013,35709.0,119.0,47.0,0.4789,0.4789,0.4789,0.4789,,x,209.0,146.0,20032.0,684.0
443766,2014,29613.0,85.0,47.0,0.4397,0.4397,0.4397,0.4397,,x,251.0,166.0,20400.0,734.0
443766,2015,30838.0,83.0,37.0,0.395,0.395,0.395,0.395,,x,369.0,238.0,16938.0,643.0
443766,2016,35862.0,106.0,27.0,0.3999,0.3999,0.3999,0.3999,,x,165.0,563.0,16821.0,575.0
443766,2017,41091.0,95.0,40.0,0.3358,0.3358,0.3358,0.3358,,x,245.0,644.0,16540.0,540.0
443766,2018,50799.0,128.0,36.0,0.3449,0.3449,0.3449,0.3449,,x,328.0,762.0,17270.0,492.0
443766,2019,60876.0,137.0,78.0,0.3469,0.3469,0.3469,0.3469,,x,532.0,1117.0,16326.0,485.0
443766,2020,85259.0,148.0,65.0,0.254,0.254,0.254,0.254,,x,450.0,809.0,16244.0,464.0
443766,2021,80382.0,187.0,71.0,0.3322,0.3322,0.3322,0.3322,,x,153.0,420.0,15775.0,
443766,2022,59709.0,169.0,92.0,0.4321,0.4321,0.4321,0.4321,,x,187.0,425.0,14826.0,
443766,2023,60657.0,185.0,128.0,0.4926,0.4926,0.4926,0.4926,,x,210.0,406.0,13990.0,
443766,2024,43965.0,170.0,57.0,0.5418,0.5418,0.5418,0.5418,,x,106.0,189.0,13920.0,
443890,2005,9573.0,2.0,0.0,0.0251,0.0251,0.0251,0.0251,,x,51.0,,16756.0,444.0
443890,2006,11721.0,5.0,0.0,0.0512,0.0512,0.0512,0.0512,,x,30.0,39.0,15846.0,511.0
443890,2007,18240.0,49.0,0.0,0.3224,0.3224,0.3224,0.3224,,x,55.0,56.0,16969.0,380.0
443890,2008,13518.0,63.0,0.0,0.5593,0.5593,0.5593,0.5593,,x,87.0,110.0,16199.0,511.0
443890,2009,25830.0,87.0,0.0,0.4042,0.4042,0.4042,0.4042,,x,95.0,90.0,17050.0,410.0
443890,2010,29421.0,96.0,0.0,0.3916,0.3916,0.3916,0.3916,,x,126.0,89.0,13792.0,500.0
443890,2011,28396.0,94.0,0.0,0.3972,0.3972,0.3972,0.3972,,x,113.0,127.0,14574.0,579.0
443890,2012,30386.0,90.0,0.0,0.3554,0.3554,0.3554,0.3554,,x,125.0,99.0,14774.0,545.0
443890,2013,28106.0,112.0,0.0,0.4782,0.4782,0.4782,0.4782,,x,68.0,64.0,14491.0,577.0
444255,2005,9158.0,0.0,0.0,0.0,0.0,0.0,0.0,,-,229.0,,16176.0,433.0
444255,2006,17229.0,0.0,74.0,0.2577,0.2577,0.2577,0.2577,,-,199.0,,15659.0,340.0
444255,2007,18249.0,0.0,121.0,0.3978,0.3978,0.3978,0.3978,,-,91.0,37.0,20054.0,412.0
444255,2008,15885.0,0.0,127.0,0.4797,0.4797,0.4797,0.4797,,-,90.0,27.0,16723.0,451.0
444255,2009,15579.0,0.0,116.0,0.4468,0.4468,0.4468,0.4468,,-,113.0,71.0,18719.0,515.0
444255,2010,18061.0,0.0,125.0,0.4153,0.4153,0.4153,0.4153,,-,100.0,38.0,20242.0,519.0
444255,2012,11016.0,14.0,137.0,0.8987,0.8987,0.8987,0.8987,,-,17.0,42.0,24627.0,891.0
444255,2013,9387.0,12.0,93.0,0.7479,0.7479,0.7479,0.7479,,-,23.0,18.0,24062.0,766.0
444255,2014,6475.0,14.0,90.0,1.0935,1.0935,1.0935,1.0935,,-,8.0,14.0,23699.0,840.0
444255,2015,5272.0,8.0,44.0,0.6829,0.6829,0.6829,0.6829,,-,39.0,48.0,22193.0,557.0
444255,2016,4851.0,0.0,18.0,0.2226,0.2226,0.2226,0.2226,,-,107.0,67.0,22039.0,696.0
444255,2017,6448.0,0.0,25.0,0.2326,0.2326,0.2326,0.2326,,-,141.0,58.0,19122.0,566.0
444255,2018,6152.0,5.0,19.0,0.2828,0.2828,0.2828,0.2828,,-,72.0,54.0,18694.0,677.0
444255,2020,3179.0,0.0,25.0,0.4719,0.4719,0.4719,0.4719,,-,22.0,12.0,22837.0,546.0
444255,2021,3245.0,2.0,10.0,0.2588,0.2588,0.2588,0.2588,,-,23.0,11.0,24517.0,555.0
444255,2022,2551.0,0.0,3.0,0.0706,0.0706,0.0706,0.0706,,-,4.0,,24517.0,403.0
445249,2006,18323.0,0.0,2.0,0.0065,0.0065,0.0065,0.0065,,-,131.0,,,410.0
445249,2007,18545.0,0.0,11.0,0.0356,0.0356,0.0356,0.0356,,-,130.0,,,397.0
445249,2008,14857.0,0.0,13.0,0.0525,0.0525,0.0525,0.0525,,-,165.0,1.0,,473.0
445249,2009,18777.0,0.0,23.0,0.0735,0.0735,0.0735,0.0735,,-,160.0,2.0,20071.0,480.0
445249,2010,24239.0,0.0,6.0,0.0149,0.0149,0.0149,0.0149,,-,137.0,20.0,19941.0,444.0
445249,2011,20820.0,0.0,20.0,0.0576,0.0576,0.0576,0.0576,,-,137.0,12.0,20583.0,461.0
445249,2012,15098.0,0.0,41.0,0.1629,0.1629,0.1629,0.1629,,-,110.0,22.0,21083.0,552.0
445249,2013,16320.0,0.0,50.0,0.1838,0.1838,0.1838,0.1838,,-,82.0,23.0,21382.0,473.0
445249,2014,13412.0,0.0,42.0,0.1879,0.1879,0.1879,0.1879,,-,138.0,23.0,21059.0,559.0
445249,2015,15115.0,0.0,54.0,0.2144,0.2144,0.2144,0.2144,,-,58.0,3.0,20881.0,523.0
445249,2016,12755.0,0.0,56.0,0.2634,0.2634,0.2634,0.2634,,-,54.0,2.0,20736.0,539.0
445249,2017,12465.0,0.0,62.0,0.2984,0.2984,0.2984,0.2984,,-,69.0,9.0,20390.0,440.0
445249,2018,11229.0,0.0,42.0,0.2244,0.2244,0.2244,0.2244,,-,71.0,3.0,18721.0,477.0
445249,2019,11478.0,0.0,49.0,0.2561,0.2561,0.2561,0.2561,,-,69.0,1.0,18188.0,482.0
445249,2020,12094.0,0.0,27.0,0.134,0.134,0.134,0.134,,-,85.0,,17810.0,501.0
445249,2021,14179.0,0.0,30.0,0.1269,0.1269,0.1269,0.1269,,-,69.0,12.0,19335.0,465.0
445249,2022,9262.0,0.0,74.0,0.4794,0.4794,0.4794,0.4794,,-,77.0,10.0,18857.0,536.0
445249,2023,9899.0,0.0,41.0,0.2485,0.2485,0.2485,0.2485,,-,78.0,3.0,21890.0,421.0
445249,2024,12230.0,0.0,32.0,0.157,0.157,0.157,0.157,,-,82.0,2.0,21230.0,386.0
445601,2009,53430.0,0.0,85.0,0.0955,0.0955,0.0955,0.0955,,-,202.0,,,238.0
445601,2010,40920.0,0.0,2.0,0.0029,0.0029,0.0029,0.0029,,-,216.0,94.0,,311.0
445601,2011,39960.0,0.0,7.0,0.0105,0.0105,0.0105,0.0105,,-,214.0,38.0,,306.0
445601,2012,34410.0,0.0,53.0,0.0924,0.0924,0.0924,0.0924,,-,244.0,5.0,,334.0
445601,2013,38550.0,0.0,90.0,0.1401,0.1401,0.1401,0.1401,,-,404.0,,17592.0,321.0
446525,2014,4355.0,0.0,2.0,0.0276,0.0276,0.0276,0.0276,,-,64.0,,24399.0,539.0
446525,2015,5050.0,0.0,34.0,0.404,0.404,0.404,0.404,,-,60.0,,23172.0,579.0
446525,2016,5330.0,0.0,78.0,0.878,0.878,0.878,0.878,,-,43.0,18.0,24284.0,641.0
446525,2017,6949.0,0.0,62.0,0.5353,0.5353,0.5353,0.5353,,-,74.0,3.0,31947.0,589.0
446525,2018,7534.0,0.0,91.0,0.7247,0.7247,0.7247,0.7247,,-,48.0,5.0,31233.0,651.0
446525,2019,9450.0,0.0,115.0,0.7302,0.7302,0.7302,0.7302,,-,74.0,,38333.0,577.0
446525,2020,4560.0,8.0,85.0,1.3289,1.3289,1.3289,1.3289,,-,51.0,,39903.0,1017.0
446525,2021,5234.0,6.0,73.0,0.9744,0.9744,0.9744,0.9744,,-,69.0,2.0,38751.0,906.0
446525,2022,44190.0,11.0,205.0,0.3082,0.3082,0.3082,0.3082,,-,362.0,45.0,36421.0,584.0
446525,2023,40260.0,14.0,211.0,0.3562,0.3562,0.3562,0.3562,,-,286.0,169.0,17626.0,560.0
446525,2024,47310.0,13.0,204.0,0.2917,0.2917,0.2917,0.2917,,-,324.0,68.0,17027.0,553.0
446817,2005,6383.0,0.0,0.0,0.0,0.0,0.0,0.0,,-,123.0,,,130.0
446817,2006,10611.0,0.0,61.0,0.3449,0.3449,0.3449,0.3449,,-,106.0,,23067.0,657.0
446817,2007,13723.0,0.0,101.0,0.4416,0.4416,0.4416,0.4416,,-,163.0,93.0,22867.0,527.0
446817,2008,17457.0,19.0,69.0,0.3678,0.3678,0.3678,0.3678,,-,153.0,70.0,22848.0,437.0
446817,2009,18088.0,15.0,87.0,0.3881,0.3881,0.3881,0.3881,,-,144.0,71.0,22466.0,582.0
446817,2010,18885.0,21.0,110.0,0.4829,0.4829,0.4829,0.4829,,-,142.0,71.0,18548.0,687.0
446817,2011,22781.0,28.0,129.0,0.4872,0.4872,0.4872,0.4872,,-,71.0,33.0,18112.0,624.0
446817,2012,12933.0,17.0,126.0,0.7423,0.7423,0.7423,0.7423,,-,28.0,23.0,17654.0,1025.0
448664,2007,6133.0,0.0,0.0,0.0,0.0,0.0,0.0,,-,64.0,11.0,18239.0,542.0
448664,2008,6400.0,0.0,0.0,0.0,0.0,0.0,0.0,,-,65.0,,14750.0,548.0
448664,2010,11957.0,0.0,7.0,0.0351,0.0351,0.0351,0.0351,,-,92.0,40.0,15624.0,627.0
448664,2011,15577.0,0.0,22.0,0.0847,0.0847,0.0847,0.0847,,-,161.0,44.0,15258.0,636.0
448664,2012,14310.0,0.0,32.0,0.1342,0.1342,0.1342,0.1342,,-,127.0,54.0,14695.0,577.0
448664,2013,13230.0,0.0,37.0,0.1678,0.1678,0.1678,0.1678,,-,147.0,41.0,14437.0,582.0
448664,2014,11786.0,0.0,20.0,0.1018,0.1018,0.1018,0.1018,,-,102.0,49.0,14219.0,583.0
448664,2015,10680.0,0.0,28.0,0.1573,0.1573,0.1573,0.1573,,-,84.0,12.0,14099.0,545.0
448664,2016,8790.0,0.0,22.0,0.1502,0.1502,0.1502,0.1502,,-,35.0,5.0,14002.0,562.0
449010,2008,10435.0,0.0,0.0,0.0,0.0,0.0,0.0,,-,225.0,4.0,31571.0,901.0
449010,2009,17905.0,2.0,50.0,0.181,0.181,0.181,0.181,,-,228.0,76.0,30871.0,871.0
449010,2010,26584.0,29.0,58.0,0.2618,0.2618,0.2618,0.2618,,-,304.0,107.0,32458.0,834.0
449010,2011,34500.0,74.0,69.0,0.3774,0.3774,0.3774,0.3774,,-,280.0,170.0,24493.0,737.0
449010,2012,35211.0,86.0,113.0,0.4856,0.4856,0.4856,0.4856,,-,261.0,159.0,24214.0,681.0
449010,2013,32536.0,127.0,93.0,0.6399,0.6399,0.6399,0.6399,,-,308.0,157.0,23790.0,616.0
449010,2014,31191.0,111.0,81.0,0.5829,0.5829,0.5829,0.5829,,-,197.0,117.0,23167.0,549.0
449010,2015,25731.0,97.0,78.0,0.6342,0.6342,0.6342,0.6342,,-,228.0,81.0,22971.0,454.0
449010,2016,22879.0,94.0,51.0,0.6268,0.6268,0.6268,0.6268,,-,93.0,73.0,22807.0,456.0
449010,2017,17425.0,88.0,51.0,0.7816,0.7816,0.7816,0.7816,,-,52.0,53.0,22426.0,452.0
449010,2018,12130.0,78.0,47.0,1.0041,1.0041,1.0041,1.0041,,-,,,21922.0,
449764,2007,2178.0,14.0,0.0,0.7713,0.7713,0.7713,0.7713,,n,14.0,11.0,,743.0
449764,2008,2240.0,10.0,0.0,0.5357,0.5357,0.5357,0.5357,,n,39.0,8.0,21913.0,569.0
449764,2009,2929.0,14.0,0.0,0.5736,0.5736,0.5736,0.5736,,n,31.0,14.0,24028.0,744.0
449764,2010,3134.0,15.0,0.0,0.5743,0.5743,0.5743,0.5743,,n,44.0,49.0,25445.0,630.0
449764,2011,3511.0,15.0,0.0,0.5127,0.5127,0.5127,0.5127,,n,33.0,15.0,24289.0,622.0
449764,2012,3914.0,19.0,0.0,0.5825,0.6492,0.6639,0.7021,1.4528,o,25.0,22.0,27212.0,570.0
449764,2014,3666.0,23.0,0.0,0.7529,0.6917,0.6797,0.6505,0.7467,o,22.0,26.0,28965.0,717.0
449764,2015,3318.0,17.0,0.0,0.6148,0.5517,0.5395,0.5101,0.6883,o,18.0,16.0,25587.0,802.0
449764,2016,2841.0,16.0,0.0,0.6758,0.6068,0.5934,0.5612,0.6897,o,28.0,20.0,25281.0,919.0
449764,2017,3192.0,13.0,0.0,0.4887,0.4616,0.4562,0.4429,0.8214,o,30.0,17.0,24858.0,827.0
449764,2018,3264.0,22.0,0.0,0.8088,0.8302,0.8348,0.8461,1.0943,o,38.0,46.0,24302.0,642.0
449764,2019,4689.0,13.0,0.0,0.3327,0.388,0.4006,0.4338,1.7,o,34.0,85.0,23794.0,655.0
449764,2020,6338.0,6.0,0.0,0.1136,0.1294,0.1329,0.1421,1.5652,o,61.0,93.0,24339.0,519.0
449764,2021,10680.0,23.0,0.0,0.2584,0.2982,0.3071,0.3307,1.6379,o,46.0,24.0,23345.0,337.0
449764,2022,5146.0,30.0,0.0,0.6996,0.7979,0.8199,0.8775,1.5735,o,44.0,14.0,21941.0,803.0
449764,2023,6552.0,22.0,0.0,0.4029,0.4299,0.4357,0.4505,1.25,o,31.0,16.0,20703.0,511.0
450261,2010,8459.0,0.0,13.0,0.0922,0.0922,0.0922,0.0922,,-,69.0,9.0,24513.0,647.0
450261,2011,9125.0,0.0,48.0,0.3156,0.3156,0.3156,0.3156,,-,16.0,1.0,25194.0,938.0
450261,2012,7041.0,4.0,82.0,0.7669,0.7669,0.7669,0.7669,,-,24.0,3.0,24556.0,1102.0
450261,2013,5869.0,0.0,75.0,0.7668,0.7668,0.7668,0.7668,,-,56.0,,24126.0,998.0
450261,2014,7009.0,4.0,50.0,0.4965,0.4965,0.4965,0.4965,,-,62.0,,23762.0,698.0
450261,2015,6314.0,7.0,52.0,0.6272,0.6272,0.6272,0.6272,,-,18.0,1.0,23561.0,800.0
450289,2008,12891.0,0.0,0.0,0.0,0.0,0.0,0.0,,-,336.0,206.0,43022.0,335.0
450289,2009,21029.0,0.0,27.0,0.077,0.077,0.077,0.077,,-,170.0,81.0,40397.0,401.0
450289,2010,22732.0,0.0,40.0,0.1056,0.1056,0.1056,0.1056,,-,106.0,4.0,22466.0,481.0
450289,2011,18124.0,2.0,22.0,0.0861,0.0861,0.0861,0.0861,,-,90.0,24.0,23033.0,583.0
450289,2012,9657.0,0.0,63.0,0.3914,0.3914,0.3914,0.3914,,-,108.0,27.0,18015.0,902.0
450289,2014,12360.0,0.0,39.0,0.1893,0.1893,0.1893,0.1893,,-,107.0,,22629.0,623.0
450289,2015,11550.0,0.0,41.0,0.213,0.213,0.213,0.213,,-,50.0,27.0,17671.0,692.0
450289,2016,10560.0,0.0,19.0,0.108,0.108,0.108,0.108,,-,36.0,15.0,17549.0,698.0
450289,2017,11574.0,0.0,22.0,0.114,0.114,0.114,0.114,,-,33.0,17.0,18148.0,580.0
450289,2018,12057.0,0.0,9.0,0.0448,0.0448,0.0448,0.0448,,-,,,,
450492,2009,5970.0,1.0,0.0,0.0201,0.0201,0.0201,0.0201,,x,25.0,26.0,17050.0,384.0
450492,2010,10200.0,6.0,0.0,0.0706,0.0706,0.0706,0.0706,,x,52.0,32.0,13757.0,477.0
450492,2011,12449.0,16.0,0.0,0.1542,0.1542,0.1542,0.1542,,x,42.0,46.0,14574.0,540.0
450492,2012,13035.0,11.0,0.0,0.1013,0.1013,0.1013,0.1013,,x,53.0,36.0,14774.0,569.0
450492,2013,11861.0,53.0,0.0,0.5362,0.5362,0.5362,0.5362,,x,,,14491.0,568.0
450517,2008,1456.0,1.0,0.0,0.0824,0.0824,0.0824,0.0824,,x,18.0,29.0,19052.0,754.0
450517,2009,2970.0,12.0,1.0,0.5051,0.5051,0.5051,0.5051,,x,20.0,44.0,20043.0,572.0
450517,2010,4860.0,11.0,0.0,0.2716,0.2716,0.2716,0.2716,,x,69.0,145.0,20859.0,678.0
450517,2011,8400.0,23.0,5.0,0.3643,0.3643,0.3643,0.3643,,x,42.0,109.0,20696.0,824.0
450517,2012,7860.0,29.0,4.0,0.4733,0.4733,0.4733,0.4733,,x,24.0,66.0,20665.0,930.0
450535,2009,1317.0,6.0,0.0,0.5467,0.5467,0.5467,0.5467,,-,5.0,,25398.0,703.0
450535,2010,2103.0,11.0,0.0,0.6277,0.6277,0.6277,0.6277,,-,18.0,19.0,26469.0,709.0
450535,2011,3225.0,11.0,0.0,0.4093,0.4093,0.4093,0.4093,,-,24.0,88.0,18242.0,631.0
450535,2012,4242.0,7.0,0.0,0.198,0.198,0.198,0.198,,-,17.0,53.0,17160.0,672.0
450535,2013,4614.0,15.0,0.0,0.3901,0.3901,0.3901,0.3901,,-,25.0,45.0,16957.0,688.0
450535,2014,5363.0,11.0,2.0,0.2685,0.2685,0.2685,0.2685,,-,16.0,49.0,17989.0,557.0
450535,2015,5314.0,20.0,4.0,0.4968,0.4968,0.4968,0.4968,,-,4.0,19.0,17837.0,588.0
450535,2016,4004.0,18.0,7.0,0.6444,0.6444,0.6444,0.6444,,-,12.0,23.0,17580.0,569.0
450535,2017,3685.0,8.0,7.0,0.3745,0.3745,0.3745,0.3745,,-,8.0,17.0,16766.0,534.0
450535,2018,3130.0,21.0,5.0,0.901,0.901,0.901,0.901,,-,,,16747.0,
452124,2008,22350.0,0.0,0.0,0.0,0.0,0.0,0.0,,-,150.0,44.0,,296.0
452124,2009,25119.0,0.0,0.0,0.0,0.0,0.0,0.0,,-,213.0,83.0,,272.0
452124,2010,24982.0,0.0,0.0,0.0,0.0,0.0,0.0,,-,184.0,,,477.0
452124,2012,28740.0,0.0,68.0,0.142,0.142,0.142,0.142,,-,59.0,38.0,18059.0,395.0
452124,2013,20490.0,0.0,47.0,0.1376,0.1376,0.1376,0.1376,,-,69.0,19.0,19874.0,426.0
452124,2014,17070.0,0.0,41.0,0.1441,0.1441,0.1441,0.1441,,-,68.0,48.0,19949.0,406.0
452124,2015,16440.0,0.0,42.0,0.1533,0.1533,0.1533,0.1533,,-,45.0,54.0,20102.0,394.0
452124,2016,17070.0,0.0,40.0,0.1406,0.1406,0.1406,0.1406,,-,39.0,64.0,21370.0,393.0
452124,2017,15780.0,0.0,45.0,0.1711,0.1711,0.1711,0.1711,,-,32.0,52.0,21257.0,414.0
452124,2018,16080.0,0.0,72.0,0.2687,0.2687,0.2687,0.2687,,-,48.0,47.0,21747.0,423.0
452124,2019,17790.0,0.0,70.0,0.2361,0.2361,0.2361,0.2361,,-,48.0,81.0,18589.0,444.0
452124,2020,19530.0,0.0,88.0,0.2704,0.2704,0.2704,0.2704,,-,42.0,63.0,19693.0,415.0
452124,2021,22440.0,0.0,75.0,0.2005,0.2005,0.2005,0.2005,,-,50.0,47.0,18400.0,422.0
452124,2022,20280.0,0.0,91.0,0.2692,0.2692,0.2692,0.2692,,-,43.0,64.0,17338.0,403.0
452124,2023,18060.0,0.0,80.0,0.2658,0.2658,0.2658,0.2658,,-,40.0,58.0,16599.0,358.0
452124,2024,17610.0,0.0,65.0,0.2215,0.2215,0.2215,0.2215,,-,49.0,67.0,15237.0,373.0
455567,2010,12726.0,0.0,40.0,0.1886,0.1886,0.1886,0.1886,,-,46.0,29.0,16940.0,276.0
455567,2011,14486.0,0.0,94.0,0.3893,0.3893,0.3893,0.3893,,-,77.0,56.0,13750.0,504.0
455567,2012,15300.0,0.0,93.0,0.3647,0.3647,0.3647,0.3647,,-,41.0,28.0,13359.0,498.0
455567,2013,15870.0,0.0,64.0,0.242,0.242,0.242,0.242,,-,48.0,27.0,14729.0,407.0
455567,2014,14820.0,0.0,87.0,0.3522,0.3522,0.3522,0.3522,,-,44.0,40.0,15422.0,496.0
455567,2015,15808.0,0.0,77.0,0.2923,0.2923,0.2923,0.2923,,-,52.0,28.0,15530.0,421.0
455567,2016,14808.0,0.0,85.0,0.3444,0.3444,0.3444,0.3444,,-,55.0,33.0,16262.0,482.0
455567,2017,12129.0,0.0,97.0,0.4798,0.4798,0.4798,0.4798,,-,73.0,30.0,16816.0,513.0
455567,2018,11549.0,0.0,84.0,0.4364,0.4364,0.4364,0.4364,,-,,,13825.0,
456940,2010,21779.0,0.0,0.0,0.0,0.0,0.0,0.0,,-,56.0,39.0,18083.0,226.0
456940,2011,20250.0,0.0,113.0,0.3348,0.3348,0.3348,0.3348,,-,98.0,70.0,17728.0,558.0
456940,2012,28751.0,0.0,150.0,0.313,0.313,0.313,0.313,,-,47.0,37.0,17484.0,399.0
456940,2013,27610.0,0.0,105.0,0.2282,0.2282,0.2282,0.2282,,-,43.0,46.0,18178.0,385.0
456940,2014,23596.0,0.0,179.0,0.4552,0.4552,0.4552,0.4552,,-,68.0,45.0,18893.0,452.0
456940,2015,26103.0,0.0,132.0,0.3034,0.3034,0.3034,0.3034,,-,60.0,26.0,18733.0,408.0
456940,2016,19835.0,0.0,128.0,0.3872,0.3872,0.3872,0.3872,,-,69.0,28.0,18604.0,490.0
456940,2017,15073.0,0.0,95.0,0.3782,0.3782,0.3782,0.3782,,-,58.0,31.0,17210.0,503.0
456940,2018,12844.0,0.0,84.0,0.3924,0.3924,0.3924,0.3924,,-,,,17130.0,
459648,2011,5309.0,0.0,0.0,0.0,0.0,0.0,0.0,,-,8.0,1.0,25194.0,583.0
459648,2012,4573.0,0.0,17.0,0.2231,0.2231,0.2231,0.2231,,-,21.0,2.0,24556.0,1028.0
459648,2013,3784.0,0.0,44.0,0.6977,0.6977,0.6977,0.6977,,-,50.0,1.0,24126.0,1041.0
459648,2014,4335.0,0.0,28.0,0.3876,0.3876,0.3876,0.3876,,-,23.0,4.0,23762.0,658.0
459648,2015,3918.0,0.0,18.0,0.2757,0.2757,0.2757,0.2757,,-,34.0,2.0,23561.0,723.0
474702,2012,1896.0,0.0,0.0,0.0,0.0,0.0,0.0,,x,17.0,22.0,13428.0,589.0
474702,2013,3264.0,0.0,0.0,0.0,0.0,0.0,0.0,,x,,,13689.0,496.0
475617,2014,17040.0,0.0,15.0,0.0528,0.0528,0.0528,0.0528,,-,187.0,,17300.0,724.0
475617,2016,13640.0,0.0,53.0,0.2331,0.2331,0.2331,0.2331,,-,60.0,13.0,18062.0,848.0
475617,2017,16412.0,0.0,48.0,0.1755,0.1755,0.1755,0.1755,,-,37.0,19.0,18653.0,618.0
475617,2018,16637.0,0.0,33.0,0.119,0.119,0.119,0.119,,-,,,,
481225,2013,713.0,1.0,0.0,0.1683,0.1683,0.1683,0.1683,,n,7.0,1.0,,33.0
481225,2014,714.0,7.0,0.0,1.1765,1.1765,1.1765,1.1765,,n,3.0,2.0,6200.0,97.0
481225,2015,782.0,7.0,0.0,1.0742,1.0742,1.0742,1.0742,,n,1.0,3.0,5465.0,105.0
481225,2016,666.0,6.0,0.0,1.0811,1.0811,1.0811,1.0811,,n,,1.0,6506.0,126.0
481225,2017,435.0,6.0,0.0,1.6552,1.6552,1.6552,1.6552,,n,5.0,4.0,6397.0,171.0
481225,2018,627.0,4.0,0.0,0.7656,0.697,0.6836,0.6512,0.7236,i,5.0,7.0,8754.0,157.0
481225,2019,846.0,1.0,0.0,0.1418,0.185,0.1955,0.2243,2.5,o,1.0,2.0,9642.0,126.0
481225,2020,697.0,2.0,0.0,0.3443,0.4118,0.4274,0.4689,1.8541,i,2.0,1.0,9498.0,81.0
481225,2021,692.0,9.0,1.0,1.6474,1.2762,1.2105,1.0607,0.4146,i,3.0,4.0,10756.0,77.0
481225,2022,552.0,5.0,0.0,1.087,0.889,0.8528,0.7686,0.5,o,5.0,1.0,13060.0,96.0
481225,2023,569.0,4.0,2.0,1.0545,1.1462,1.1662,1.2176,1.3333,o,6.0,4.0,12323.0,60.0
481225,2024,653.0,2.0,1.0,0.4594,0.6696,0.7239,0.8797,3.6667,o,3.0,,11905.0,132.0
482617,2014,6930.0,32.0,3.0,0.5801,0.5801,0.5801,0.5801,,x,15.0,96.0,21079.0,796.0
482617,2015,6750.0,31.0,3.0,0.5778,0.5778,0.5778,0.5778,,x,12.0,53.0,22047.0,768.0
482617,2016,4230.0,30.0,1.0,0.8652,0.8652,0.8652,0.8652,,x,1.0,36.0,25369.0,1178.0
482617,2017,3000.0,23.0,1.0,0.94,0.94,0.94,0.94,,x,1.0,23.0,25429.0,1395.0
482617,2018,1560.0,24.0,0.0,1.8462,1.8462,1.8462,1.8462,,x,2.0,7.0,22219.0,
482617,2020,1098.0,3.0,0.0,0.3279,0.3279,0.3279,0.3279,,x,1.0,1.0,21933.0,608.0
482617,2021,746.0,2.0,1.0,0.4021,0.4021,0.4021,0.4021,,x,,4.0,20786.0,535.0
482617,2022,382.0,3.0,0.0,0.9424,0.9424,0.9424,0.9424,,x,,,19185.0,472.0
484747,2014,73132.0,529.0,0.0,0.868,0.868,0.868,0.868,,x,23.0,59.0,,442.0
484747,2015,46396.0,504.0,0.0,1.3036,1.3036,1.3036,1.3036,,x,1.0,12.0,12818.0,375.0
484747,2016,22899.0,407.0,0.0,2.1328,2.1328,2.1328,2.1328,,x,,,,311.0
486901,2015,25874.0,250.0,0.0,1.1595,1.1595,1.1595,1.1595,,n,187.0,66.0,,605.0
486901,2016,24732.0,204.0,0.0,0.9898,0.9898,0.9898,0.9898,,n,196.0,72.0,38673.0,583.0
486901,2017,24720.0,213.0,0.0,1.034,1.034,1.034,1.034,,n,204.0,66.0,40092.0,560.0
486901,2018,24184.0,172.0,0.0,0.8535,0.8535,0.8535,0.8535,,n,175.0,58.0,40504.0,567.0
486901,2019,23578.0,202.0,0.0,1.0281,1.0281,1.0281,1.0281,,n,226.0,61.0,41121.0,573.0
486901,2020,24728.0,183.0,0.0,0.8881,0.9,0.9025,0.9087,1.047,o,198.0,49.0,41647.0,524.0
486901,2021,24697.0,181.0,0.0,0.8795,0.8944,0.8976,0.9055,1.06,o,176.0,40.0,41553.0,553.0
486901,2022,23788.0,181.0,0.0,0.9131,0.9096,0.9088,0.907,0.9868,o,175.0,53.0,39647.0,489.0
486901,2023,22323.0,198.0,0.0,1.0644,1.024,1.0159,0.9958,0.8753,o,238.0,58.0,38870.0,479.0
486901,2024,24670.0,160.0,0.0,0.7783,0.7724,0.7711,0.7681,0.9741,o,215.0,64.0,39350.0,472.0
487010,2015,6888.0,78.0,0.0,1.3589,1.3589,1.3589,1.3589,,n,,138.0,,990.0
487010,2016,7374.0,129.0,0.0,2.0993,2.0993,2.0993,2.0993,,n,,184.0,,1046.0
487010,2017,9429.0,147.0,0.0,1.8708,1.8708,1.8708,1.8708,,n,,187.0,,1034.0
487010,2018,11010.0,202.0,0.0,2.2016,2.2016,2.2016,2.2016,,n,,209.0,,987.0
487010,2019,10557.0,228.0,0.0,2.5916,2.5916,2.5916,2.5916,,n,,190.0,,1013.0
487010,2020,8190.0,182.0,0.0,2.6667,2.6667,2.6667,2.6667,,n,,174.0,,1020.0
487010,2024,13170.0,327.0,0.0,2.9795,2.9795,2.9795,2.9795,,n,,221.0,,848.0
488068,2017,1885.0,2.0,3.0,0.2228,0.2228,0.2228,0.2228,,-,3.0,11.0,7846.0,345.0
488068,2018,1810.0,2.0,6.0,0.3315,0.3315,0.3315,0.3315,,-,3.0,33.0,7671.0,366.0
488068,2019,1798.0,6.0,9.0,0.7008,0.7008,0.7008,0.7008,,-,5.0,18.0,8157.0,347.0
488068,2020,1836.0,6.0,9.0,0.6863,0.6863,0.6863,0.6863,,-,4.0,13.0,8035.0,325.0
488068,2021,1801.0,9.0,6.0,0.7996,0.7996,0.7996,0.7996,,-,2.0,8.0,7715.0,325.0
488068,2022,1164.0,9.0,7.0,1.2887,1.2887,1.2887,1.2887,,-,,4.0,7251.0,394.0
490115,2024,1170.0,0.0,0.0,0.0,0.0,0.0,0.0,,-,13.0,12.0,,717.0
494436,2019,10770.0,0.0,16.0,0.0891,0.0891,0.0891,0.0891,,-,30.0,49.0,,378.0
494436,2020,11940.0,0.0,22.0,0.1106,0.1106,0.1106,0.1106,,-,20.0,45.0,18395.0,381.0
494436,2021,13470.0,0.0,23.0,0.1024,0.1024,0.1024,0.1024,,-,29.0,53.0,17888.0,440.0
494436,2022,13110.0,0.0,53.0,0.2426,0.2426,0.2426,0.2426,,-,23.0,60.0,16958.0,404.0
494436,2023,13560.0,0.0,70.0,0.3097,0.3097,0.3097,0.3097,,-,18.0,23.0,16808.0,394.0
494436,2024,14610.0,0.0,67.0,0.2752,0.2752,0.2752,0.2752,,-,30.0,30.0,14644.0,398.0
496292,2021,60.0,0.0,0.0,0.0,0.0,0.0,0.0,,-,,,,
497000,2021,15327.0,36.0,30.0,0.3993,0.3993,0.3993,0.3993,,n,70.0,13.0,,359.0
497000,2022,8974.0,41.0,31.0,0.7555,0.7555,0.7555,0.7555,,n,51.0,22.0,17049.0,369.0
497000,2023,7187.0,26.0,36.0,0.7347,0.7347,0.7347,0.7347,,n,24.0,9.0,16111.0,336.0
497125,2022,1641.0,0.0,0.0,0.0,0.0,0.0,0.0,,-,41.0,298.0,19418.0,
497125,2023,11565.0,0.0,5.0,0.0259,0.0259,0.0259,0.0259,,-,92.0,493.0,18322.0,
497125,2024,23113.0,3.0,99.0,0.2726,0.2726,0.2726,0.2726,,-,156.0,469.0,16400.0,
499149,2023,369.0,0.0,0.0,0.0,0.0,0.0,0.0,,n,21.0,11.0,,
499149,2024,3455.0,0.0,2.0,0.0347,0.0347,0.0347,0.0347,,n,35.0,21.0,13420.0,208.0
