unitid,year,credits,BA,AA,ER_m,ER_l,ER_c,ER_h,G,G_source,first_time_n,transfer_in_n,sticker_real,rev_per_credit_real
222178,1998,112076.0,623.0,0.0,0.667,0.7075,0.7162,0.7383,1.2252,o,,,,
222178,1999,115641.0,676.0,2.0,0.7025,0.7156,0.7184,0.7253,1.0658,o,,,,
222178,2000,115918.0,751.0,0.0,0.7774,0.7804,0.781,0.7826,1.0132,o,,,,
222178,2001,120450.0,694.0,0.0,0.6914,0.6954,0.6962,0.6982,1.0198,o,,,,
222178,2002,121082.0,755.0,3.0,0.7497,0.759,0.7609,0.7657,1.043,o,936.0,,20180.0,
222178,2003,119151.0,792.0,0.0,0.7976,0.8031,0.8043,0.8071,1.0239,o,949.0,,21123.0,483.0
222178,2004,115877.0,817.0,1.0,0.8466,0.8379,0.8362,0.8317,0.9652,o,1020.0,,22040.0,519.0
222178,2005,120208.0,812.0,0.0,0.8106,0.8,0.7979,0.7925,0.9558,o,1031.0,,22856.0,534.0
222178,2006,118662.0,790.0,2.0,0.7999,0.8097,0.8117,0.8168,1.0427,o,964.0,,22763.0,543.0
222178,2007,118541.0,729.0,3.0,0.7395,0.7518,0.7543,0.7608,1.0584,o,890.0,184.0,24697.0,549.0
222178,2008,115664.0,850.0,3.0,0.8834,0.8681,0.865,0.8572,0.9416,o,971.0,173.0,25476.0,506.0
222178,2009,111885.0,828.0,1.0,0.8886,0.8639,0.8589,0.8464,0.9074,o,983.0,184.0,27237.0,506.0
222178,2010,109786.0,818.0,4.0,0.8963,0.8909,0.8898,0.887,0.9794,o,980.0,195.0,29004.0,521.0
222178,2011,105248.0,685.0,2.0,0.7822,0.7952,0.7979,0.8048,1.0588,o,864.0,148.0,31772.0,592.0
222178,2012,102447.0,805.0,4.0,0.9453,0.9428,0.9422,0.9409,0.9909,o,957.0,89.0,34383.0,654.0
222178,2013,103547.0,698.0,3.0,0.8106,0.7942,0.7909,0.7826,0.9319,o,1030.0,116.0,35786.0,643.0
222178,2014,108155.0,792.0,1.0,0.8793,0.8824,0.883,0.8847,1.0122,o,974.0,122.0,37325.0,613.0
222178,2015,104240.0,732.0,3.0,0.8444,0.865,0.8694,0.8803,1.0868,o,1072.0,113.0,38446.0,618.0
222178,2016,106403.0,757.0,1.0,0.8543,0.8837,0.8899,0.9055,1.1236,o,1047.0,115.0,39969.0,633.0
222178,2017,105597.0,746.0,3.0,0.8495,0.8654,0.8688,0.8772,1.0664,o,972.0,106.0,40882.0,635.0
222178,2018,104342.0,710.0,5.0,0.8194,0.8212,0.8216,0.8225,1.0075,o,924.0,93.0,41538.0,672.0
222178,2019,105926.0,783.0,9.0,0.8921,0.8726,0.8687,0.8588,0.9267,o,932.0,123.0,42524.0,650.0
222178,2020,106660.0,771.0,4.0,0.8697,0.8369,0.8303,0.8139,0.8759,o,859.0,143.0,43631.0,658.0
222178,2021,108524.0,768.0,7.0,0.8531,0.8239,0.818,0.8035,0.8871,o,833.0,110.0,44121.0,625.0
222178,2022,93957.0,624.0,3.0,0.7989,0.7729,0.7677,0.7547,0.8924,o,894.0,117.0,43168.0,615.0
222178,2023,95020.0,701.0,6.0,0.8891,0.8707,0.8669,0.8576,0.9305,o,862.0,103.0,41924.0,628.0
222178,2024,95877.0,736.0,4.0,0.9237,0.9184,0.9173,0.9146,0.9805,o,906.0,108.0,42380.0,652.0
222567,1999,108330.0,0.0,332.0,0.1839,0.1807,0.1727,0.1693,0.7786,o,,,,
222567,2000,60147.0,0.0,274.0,0.2733,0.2886,0.3317,0.3529,2.1689,o,,,,
222567,2001,90601.0,0.0,300.0,0.1987,0.2014,0.2086,0.2119,1.2155,o,,,,
222567,2002,95314.0,0.0,273.0,0.1719,0.1702,0.1661,0.1643,0.8728,o,852.0,,1136.0,
222567,2003,117501.0,0.0,379.0,0.1935,0.1943,0.1963,0.1971,1.0577,o,660.0,,1203.0,59.0
222567,2004,112857.0,0.0,384.0,0.2042,0.2011,0.1935,0.1903,0.8078,o,590.0,,1493.0,73.0
222567,2005,94290.0,0.0,386.0,0.2456,0.2414,0.2309,0.2263,0.7804,o,711.0,,1449.0,76.0
222567,2006,90435.0,0.0,386.0,0.2561,0.2584,0.2645,0.2672,1.1376,o,962.0,,1477.0,86.0
222567,2007,86524.0,0.0,423.0,0.2933,0.3015,0.3235,0.3338,1.4789,o,995.0,,1434.0,88.0
222567,2008,93916.0,0.0,418.0,0.267,0.2703,0.2789,0.2828,1.1895,o,1026.0,,1457.0,91.0
222567,2009,93565.0,0.0,431.0,0.2764,0.2773,0.2797,0.2807,1.0485,o,779.0,1432.0,1447.0,106.0
222567,2010,107137.0,0.0,435.0,0.2436,0.2392,0.2283,0.2236,0.7709,o,1097.0,1736.0,1592.0,105.0
222567,2011,132067.0,0.0,491.0,0.2231,0.2261,0.2342,0.2379,1.2155,o,855.0,1601.0,1703.0,90.0
222567,2012,122523.0,0.0,564.0,0.2762,0.2744,0.2699,0.2679,0.9115,o,900.0,1592.0,1948.0,105.0
222567,2013,118581.0,0.0,691.0,0.3496,0.3477,0.3426,0.3404,0.9221,o,1106.0,1511.0,1914.0,103.0
222567,2014,120352.0,0.0,724.0,0.3609,0.3668,0.3824,0.3896,1.2604,o,1263.0,1555.0,1988.0,112.0
222567,2015,115801.0,0.0,820.0,0.4249,0.4318,0.4501,0.4584,1.2592,o,582.0,1193.0,1971.0,114.0
222567,2016,115972.0,0.0,832.0,0.4304,0.4096,0.3604,0.3405,0.4913,o,707.0,365.0,1963.0,111.0
222567,2017,125097.0,0.0,868.0,0.4163,0.4086,0.3895,0.3813,0.7664,o,1022.0,120.0,1991.0,112.0
222567,2018,117400.0,0.0,841.0,0.4298,0.4439,0.4823,0.5004,1.5857,o,965.0,1007.0,2021.0,100.0
222567,2019,114225.0,0.0,937.0,0.4922,0.496,0.5059,0.5104,1.1163,o,714.0,1012.0,2050.0,95.0
222567,2020,119298.0,0.0,985.0,0.4954,0.4841,0.4561,0.4442,0.7187,o,542.0,371.0,2022.0,92.0
222567,2021,105405.0,0.0,805.0,0.4582,0.4444,0.4108,0.3966,0.6456,o,577.0,180.0,1991.0,90.0
222567,2022,98207.0,0.0,778.0,0.4753,0.4725,0.4654,0.4622,0.9188,o,563.0,927.0,1872.0,91.0
222567,2023,104268.0,0.0,833.0,0.4793,0.4796,0.4801,0.4803,1.0063,o,590.0,1127.0,1766.0,69.0
222567,2024,107505.0,0.0,798.0,0.4454,0.4465,0.4492,0.4505,1.0351,o,692.0,315.0,1834.0,69.0
222576,1998,136615.0,0.0,479.0,0.2104,0.209,0.2055,0.204,0.911,o,,,,
222576,1999,190380.0,0.0,522.0,0.1645,0.1647,0.1653,0.1656,1.0204,o,,,,
222576,2000,162128.0,0.0,544.0,0.2013,0.2015,0.202,0.2022,1.0129,o,,,,
222576,2001,157705.0,0.0,541.0,0.2058,0.2056,0.2051,0.2049,0.9861,o,,,,
222576,2002,165936.0,0.0,543.0,0.1963,0.1975,0.2005,0.2019,1.088,o,1216.0,,1336.0,
222576,2003,179476.0,0.0,565.0,0.1889,0.1901,0.1932,0.1946,1.095,o,1351.0,,1412.0,56.0
222576,2004,192615.0,0.0,631.0,0.1966,0.1984,0.2031,0.2052,1.1391,o,1618.0,,1630.0,67.0
222576,2005,198483.0,0.0,624.0,0.1886,0.1917,0.1999,0.2036,1.2606,o,1439.0,,1371.0,71.0
222576,2006,191053.0,0.0,668.0,0.2098,0.2093,0.2082,0.2076,0.9694,o,1188.0,444.0,1458.0,77.0
222576,2007,185651.0,0.0,693.0,0.224,0.2201,0.2103,0.2061,0.7772,o,1194.0,434.0,1788.0,81.0
222576,2008,183182.0,0.0,744.0,0.2437,0.2421,0.2379,0.2361,0.909,o,1031.0,374.0,1888.0,85.0
222576,2009,186854.0,0.0,678.0,0.2177,0.2155,0.21,0.2076,0.8657,o,1317.0,402.0,2029.0,90.0
222576,2010,211818.0,0.0,781.0,0.2212,0.2239,0.2308,0.2339,1.1838,o,1388.0,413.0,2016.0,86.0
222576,2011,218825.0,0.0,904.0,0.2479,0.2508,0.2585,0.262,1.1823,o,1530.0,389.0,2102.0,84.0
222576,2012,194161.0,0.0,948.0,0.293,0.2955,0.3021,0.3051,1.1312,o,1431.0,388.0,2278.0,106.0
222576,2013,198645.0,0.0,1056.0,0.319,0.3185,0.3174,0.3169,0.9808,o,1485.0,305.0,2462.0,104.0
222576,2014,187487.0,0.0,1098.0,0.3514,0.3515,0.3517,0.3517,1.003,o,1274.0,282.0,2520.0,105.0
222576,2015,178787.0,0.0,1014.0,0.3403,0.3371,0.329,0.3255,0.8738,o,1223.0,295.0,2499.0,105.0
222576,2016,177485.0,0.0,1030.0,0.3482,0.3453,0.3379,0.3346,0.8866,o,1397.0,318.0,2606.0,112.0
222576,2017,178217.0,0.0,1114.0,0.375,0.378,0.3857,0.3892,1.1189,o,1190.0,336.0,2562.0,102.0
222576,2018,180473.0,0.0,1238.0,0.4116,0.4088,0.4018,0.3987,0.9084,o,1278.0,243.0,2662.0,100.0
222576,2019,173400.0,0.0,1462.0,0.5059,0.5055,0.5044,0.5039,0.988,o,1656.0,169.0,2606.0,102.0
222576,2020,175383.0,0.0,1252.0,0.4283,0.4372,0.461,0.472,1.342,o,1222.0,173.0,2567.0,89.0
222576,2021,165416.0,0.0,1290.0,0.4679,0.462,0.447,0.4405,0.833,o,1362.0,231.0,2493.0,93.0
222576,2022,163091.0,0.0,1411.0,0.5191,0.5171,0.512,0.5098,0.9465,o,1443.0,196.0,2343.0,82.0
222576,2023,166110.0,0.0,1229.0,0.4439,0.4474,0.4564,0.4604,1.1169,o,1491.0,186.0,2211.0,82.0
222576,2024,172048.0,0.0,1281.0,0.4467,0.4487,0.4536,0.4558,1.0631,o,1391.0,143.0,2136.0,76.0
222628,1998,12162.0,115.0,0.0,1.1347,1.1848,1.1954,1.2225,1.1607,o,,,,
222628,1999,13107.0,69.0,0.0,0.6317,0.5191,0.4984,0.4502,0.5079,o,,,,
222628,2000,13530.0,60.0,0.0,0.5322,0.5322,0.5322,0.5322,,n,,,,
222628,2001,14206.0,69.0,0.0,0.5829,0.5829,0.5829,0.5829,,n,,,,
222628,2002,13491.0,69.0,0.0,0.6137,0.6137,0.6137,0.6137,,n,,,,
222628,2003,13491.0,110.0,0.0,0.9784,0.9784,0.9784,0.9784,,n,,,,248.0
222628,2004,11826.0,42.0,0.0,0.4262,0.4262,0.4262,0.4262,,n,,,,295.0
222628,2005,11571.0,40.0,0.0,0.4148,0.4148,0.4148,0.4148,,n,,,,285.0
222628,2006,10233.0,49.0,0.0,0.5746,0.5746,0.5746,0.5746,,n,,,,279.0
222628,2007,10206.0,35.0,0.0,0.4115,0.4115,0.4115,0.4115,,n,,,,269.0
222628,2008,9768.0,55.0,0.0,0.6757,0.6757,0.6757,0.6757,,n,,88.0,,290.0
222628,2009,9228.0,49.0,0.0,0.6372,0.6372,0.6372,0.6372,,n,,86.0,,283.0
222628,2010,8262.0,110.0,0.0,1.5977,1.5977,1.5977,1.5977,,n,,64.0,,280.0
222628,2011,7077.0,93.0,0.0,1.5769,1.5769,1.5769,1.5769,,n,,75.0,,282.0
222628,2012,9024.0,75.0,0.0,0.9973,0.9973,0.9973,0.9973,,n,,55.0,,283.0
222628,2013,5823.0,70.0,0.0,1.4426,1.4426,1.4426,1.4426,,n,,67.0,,271.0
222628,2014,5688.0,78.0,0.0,1.6456,1.6456,1.6456,1.6456,,n,,66.0,,274.0
222628,2015,7101.0,78.0,0.0,1.3181,1.3181,1.3181,1.3181,,n,,55.0,,223.0
222628,2016,6861.0,52.0,0.0,0.9095,0.9095,0.9095,0.9095,,n,,60.0,,227.0
222628,2017,7107.0,52.0,0.0,0.878,0.878,0.878,0.878,,n,,42.0,,225.0
222628,2018,6954.0,50.0,0.0,0.8628,0.8628,0.8628,0.8628,,n,,43.0,,235.0
222628,2019,6264.0,48.0,0.0,0.9195,0.9195,0.9195,0.9195,,n,,47.0,,236.0
222628,2020,6534.0,50.0,0.0,0.9183,0.9183,0.9183,0.9183,,n,,30.0,,224.0
222628,2021,5829.0,56.0,0.0,1.1529,1.1529,1.1529,1.1529,,n,,16.0,,317.0
222628,2023,2937.0,51.0,0.0,2.0838,2.0838,2.0838,2.0838,,n,,27.0,,266.0
222628,2024,2370.0,44.0,0.0,2.2278,2.2278,2.2278,2.2278,,n,,31.0,,270.0
222752,1998,17360.0,226.0,0.0,1.5622,1.5622,1.5622,1.5622,,n,,,,
222752,1999,19498.0,221.0,0.0,1.3601,1.3601,1.3601,1.3601,,n,,,,
222822,1998,94830.0,0.0,234.0,0.1481,0.149,0.1516,0.1528,1.1,o,,,,
222822,1999,85073.0,0.0,200.0,0.1411,0.1442,0.1525,0.1564,1.3661,o,,,,
222822,2001,55750.0,0.0,279.0,0.3003,0.3024,0.3079,0.3104,1.1058,o,,,,
222822,2002,75551.0,0.0,277.0,0.22,0.2207,0.2224,0.2232,1.0449,o,911.0,,1275.0,
222822,2003,104992.0,0.0,266.0,0.152,0.1451,0.1286,0.1219,0.5121,o,919.0,,1220.0,41.0
222822,2007,96788.0,0.0,319.0,0.1978,0.1935,0.1831,0.1787,0.7354,o,865.0,1745.0,1815.0,73.0
222822,2008,95958.0,0.0,307.0,0.192,0.1834,0.163,0.1547,0.5195,o,1387.0,312.0,1756.0,74.0
222822,2009,96724.0,0.0,278.0,0.1724,0.1747,0.1805,0.1832,1.2009,o,1611.0,355.0,1856.0,63.0
222822,2010,111979.0,0.0,300.0,0.1607,0.1648,0.1758,0.1809,1.4307,o,1756.0,376.0,2016.0,51.0
222822,2011,121340.0,0.0,342.0,0.1691,0.171,0.1759,0.1782,1.1714,o,1855.0,891.0,2178.0,50.0
222822,2012,112078.0,0.0,314.0,0.1681,0.1692,0.1722,0.1736,1.1019,o,1501.0,317.0,2449.0,55.0
222822,2013,104335.0,0.0,258.0,0.1484,0.1465,0.1417,0.1396,0.8313,o,1208.0,275.0,2486.0,59.0
222822,2014,104059.0,0.0,345.0,0.1989,0.1944,0.1832,0.1785,0.7199,o,994.0,213.0,2686.0,65.0
222822,2015,97306.0,0.0,340.0,0.2096,0.2052,0.194,0.1893,0.7338,o,866.0,247.0,2781.0,67.0
222822,2016,96736.0,0.0,342.0,0.2121,0.2086,0.1998,0.196,0.7866,o,840.0,218.0,2995.0,80.0
222822,2017,95717.0,0.0,350.0,0.2194,0.2178,0.2139,0.2122,0.9032,o,1123.0,215.0,3021.0,82.0
222822,2018,92838.0,0.0,380.0,0.2456,0.2504,0.2631,0.2689,1.3165,o,636.0,738.0,3141.0,83.0
222822,2019,86480.0,0.0,396.0,0.2747,0.2665,0.2465,0.2381,0.648,o,431.0,106.0,3221.0,88.0
222822,2020,80961.0,0.0,433.0,0.3209,0.3053,0.2685,0.2536,0.4901,o,531.0,144.0,3389.0,89.0
222822,2021,76735.0,0.0,423.0,0.3307,0.3306,0.3304,0.3302,0.9953,o,665.0,116.0,3292.0,95.0
222822,2022,77919.0,0.0,439.0,0.338,0.3458,0.3666,0.3762,1.3825,o,760.0,149.0,3258.0,67.0
222822,2023,76035.0,0.0,428.0,0.3377,0.3435,0.3586,0.3655,1.2709,o,720.0,166.0,3230.0,43.0
222822,2024,73519.0,0.0,490.0,0.3999,0.4002,0.4009,0.4013,1.0105,o,775.0,154.0,3150.0,43.0
222831,1998,159580.0,778.0,129.0,0.6335,0.6608,0.6736,0.6916,1.1917,o,,,,
222831,1999,160578.0,827.0,73.0,0.6453,0.673,0.6861,0.7043,1.1913,o,,,,
222831,2000,158769.0,815.0,57.0,0.6375,0.6483,0.6533,0.6602,1.0723,o,,,,
222831,2002,150027.0,884.0,41.0,0.7235,0.7292,0.7318,0.7354,1.0332,o,1251.0,,3759.0,
222831,2003,144233.0,860.0,44.0,0.7338,0.7449,0.75,0.7571,1.0644,o,1148.0,,4259.0,168.0
222831,2004,153881.0,821.0,79.0,0.671,0.6722,0.6727,0.6734,1.0071,o,1239.0,,4859.0,169.0
222831,2005,156885.0,856.0,71.0,0.6819,0.6771,0.6749,0.672,0.9711,o,1304.0,,5032.0,188.0
222831,2006,156692.0,797.0,90.0,0.6448,0.6468,0.6477,0.6489,1.0127,o,1453.0,447.0,5525.0,175.0
222831,2007,155519.0,782.0,72.0,0.6312,0.6526,0.6627,0.6766,1.1492,o,1475.0,425.0,5753.0,207.0
222831,2008,152658.0,780.0,61.0,0.6371,0.6691,0.6843,0.7056,1.2266,o,1467.0,377.0,6355.0,234.0
222831,2009,150613.0,778.0,98.0,0.6589,0.6824,0.6934,0.7087,1.1569,o,1474.0,472.0,6613.0,245.0
222831,2010,157359.0,800.0,115.0,0.6539,0.6641,0.6689,0.6754,1.0667,o,1475.0,539.0,7436.0,238.0
222831,2011,162331.0,880.0,168.0,0.7126,0.7138,0.7144,0.7152,1.0072,o,1455.0,524.0,7918.0,283.0
222831,2012,164957.0,937.0,144.0,0.734,0.7333,0.733,0.7325,0.9959,o,1403.0,627.0,8451.0,294.0
222831,2013,158351.0,919.0,155.0,0.7552,0.75,0.7476,0.7444,0.9718,o,1220.0,537.0,8458.0,288.0
222831,2014,148477.0,1049.0,7.0,0.8506,0.8271,0.8165,0.8022,0.8895,o,1316.0,396.0,8635.0,279.0
222831,2015,146626.0,1003.0,0.0,0.8209,0.7929,0.7804,0.7637,0.8655,o,1351.0,463.0,8950.0,284.0
222831,2016,167929.0,903.0,0.0,0.6453,0.6346,0.6298,0.6233,0.9332,o,1584.0,435.0,8935.0,286.0
222831,2017,186572.0,995.0,0.0,0.64,0.6575,0.6656,0.677,1.1189,o,1575.0,439.0,8983.0,268.0
222831,2018,198427.0,985.0,0.0,0.5957,0.6279,0.6433,0.6648,1.2457,o,1536.0,437.0,8974.0,259.0
222831,2019,199327.0,1070.0,0.0,0.6442,0.6684,0.6798,0.6957,1.1665,o,1436.0,422.0,9073.0,256.0
222831,2020,203992.0,1162.0,0.0,0.6836,0.6856,0.6866,0.6879,1.0126,o,1279.0,404.0,9179.0,245.0
222831,2021,199091.0,1144.0,0.0,0.6895,0.6649,0.6539,0.6392,0.8594,o,1286.0,379.0,9229.0,218.0
222831,2022,195490.0,1147.0,0.0,0.7041,0.6722,0.6581,0.6393,0.8245,o,1236.0,386.0,8980.0,220.0
222831,2023,187831.0,1128.0,0.0,0.7206,0.6928,0.6804,0.6639,0.8486,o,1442.0,410.0,8474.0,208.0
222831,2024,195468.0,1085.0,0.0,0.6661,0.6639,0.6629,0.6615,0.9864,o,1494.0,428.0,8319.0,199.0
222877,1998,5038.0,25.0,0.0,0.5955,0.6061,0.6084,0.614,1.0632,o,,,,
222877,1999,6141.0,36.0,0.0,0.7035,0.7664,0.7801,0.8155,1.3438,o,,,,
222877,2000,6367.0,18.0,0.0,0.3392,0.3854,0.3958,0.4228,1.5529,o,,,,
222877,2001,5790.0,16.0,0.0,0.3316,0.3277,0.3269,0.325,0.9604,o,,,,
222877,2002,5945.0,35.0,0.0,0.7065,0.6323,0.618,0.5835,0.6822,o,43.0,,8592.0,
222877,2003,4864.0,29.0,0.0,0.7155,0.6504,0.6377,0.607,0.7197,o,40.0,,8803.0,91.0
222877,2004,4921.0,17.0,0.0,0.4145,0.3962,0.3925,0.3835,0.8557,o,45.0,,9071.0,123.0
222877,2005,5220.0,19.0,0.0,0.4368,0.4324,0.4315,0.4293,0.9659,o,35.0,,9078.0,133.0
222877,2006,4910.0,20.0,0.0,0.4888,0.465,0.4603,0.4486,0.8421,o,27.0,13.0,9582.0,130.0
222877,2007,4102.0,28.0,0.0,0.8191,0.7527,0.7396,0.7079,0.747,o,19.0,21.0,8757.0,154.0
222877,2008,4111.0,33.0,0.0,0.9633,0.8062,0.777,0.7086,0.5412,o,11.0,19.0,9994.0,215.0
222877,2009,3757.0,20.0,0.0,0.6388,0.4807,0.4532,0.3912,0.375,o,23.0,25.0,10561.0,195.0
222877,2010,4262.0,53.0,0.0,1.4923,1.2537,1.2093,1.1051,0.5484,o,51.0,51.0,10493.0,185.0
222877,2011,5853.0,27.0,0.0,0.5536,0.6354,0.6538,0.7021,1.6087,o,54.0,39.0,10246.0,234.0
222877,2012,6351.0,36.0,0.0,0.6802,0.9782,1.0545,1.2726,3.5,o,57.0,38.0,10259.0,247.0
222877,2013,6171.0,26.0,0.0,0.5056,0.7125,0.765,0.9135,3.2647,o,44.0,28.0,10213.0,260.0
222877,2014,6369.0,34.0,0.0,0.6406,0.7011,0.7143,0.7484,1.3649,o,40.0,35.0,11639.0,387.0
222877,2015,5518.0,36.0,0.0,0.7829,0.7338,0.7241,0.7002,0.8,o,34.0,20.0,11749.0,431.0
222877,2016,5218.0,26.0,0.0,0.5979,0.5316,0.5188,0.4882,0.6667,o,25.0,35.0,14261.0,450.0
222877,2017,4828.0,32.0,0.0,0.7954,0.6805,0.6589,0.6079,0.5842,o,21.0,20.0,14660.0,511.0
222877,2018,4453.0,31.0,0.0,0.8354,0.7015,0.6766,0.6182,0.5476,o,39.0,15.0,16949.0,575.0
222877,2019,4028.0,40.0,0.0,1.1917,1.1213,1.1073,1.073,0.8108,o,38.0,21.0,16705.0,560.0
222877,2020,4059.0,30.0,0.0,0.8869,0.9581,0.9735,1.0132,1.3051,o,54.0,21.0,17272.0,530.0
222877,2021,4401.0,23.0,0.0,0.6271,0.7668,0.7993,0.8869,2.0,o,86.0,41.0,17567.0,508.0
222877,2022,5128.0,25.0,0.0,0.585,0.748,0.787,0.8936,2.3333,o,101.0,28.0,16727.0,496.0
222877,2023,6246.0,20.0,0.0,0.3842,0.497,0.5242,0.5988,2.4286,o,97.0,47.0,18094.0,438.0
222877,2024,7704.0,26.0,0.0,0.405,0.5058,0.5296,0.5941,2.1522,o,101.0,38.0,19290.0,424.0
222938,1998,49170.0,0.0,380.0,0.4637,0.4637,0.4637,0.4637,,-,,,,
222938,1999,55772.0,0.0,440.0,0.4734,0.4734,0.4734,0.4734,,-,,,,
222938,2001,45547.0,0.0,415.0,0.5467,0.5467,0.5467,0.5467,,-,,,,
222938,2002,45551.0,0.0,351.0,0.4623,0.4623,0.4623,0.4623,,-,255.0,,20937.0,
222938,2003,45569.0,0.0,283.0,0.3726,0.3726,0.3726,0.3726,,-,211.0,,22080.0,701.0
222938,2004,47723.0,10.0,380.0,0.5029,0.5029,0.5029,0.5029,,-,189.0,,24850.0,740.0
222938,2005,48935.0,31.0,379.0,0.5407,0.5407,0.5407,0.5407,,-,336.0,,27017.0,775.0
222938,2006,46738.0,46.0,320.0,0.5289,0.5289,0.5289,0.5289,,-,281.0,21.0,28644.0,872.0
222938,2007,49523.0,105.0,254.0,0.5622,0.5622,0.5622,0.5622,,-,423.0,,30477.0,819.0
222938,2008,56783.0,202.0,165.0,0.6012,0.6012,0.6012,0.6012,,-,645.0,34.0,30583.0,840.0
222938,2009,60461.0,200.0,152.0,0.5478,0.5478,0.5478,0.5478,,-,427.0,277.0,32517.0,833.0
222938,2010,69896.0,223.0,164.0,0.5236,0.5236,0.5236,0.5236,,-,471.0,309.0,32598.0,856.0
222938,2011,78019.0,229.0,179.0,0.4899,0.4899,0.4899,0.4899,,-,518.0,432.0,24594.0,758.0
222938,2012,79408.0,277.0,217.0,0.5826,0.5826,0.5826,0.5826,,-,443.0,385.0,24311.0,747.0
222938,2013,72882.0,279.0,192.0,0.6174,0.6174,0.6174,0.6174,,-,464.0,359.0,23886.0,709.0
222938,2014,67913.0,240.0,144.0,0.5513,0.5513,0.5513,0.5513,,-,319.0,292.0,23261.0,634.0
222938,2015,56704.0,249.0,150.0,0.6857,0.6857,0.6857,0.6857,,-,283.0,222.0,23065.0,632.0
222938,2016,47877.0,188.0,105.0,0.6028,0.6028,0.6028,0.6028,,-,214.0,217.0,22900.0,568.0
222938,2017,40584.0,200.0,87.0,0.72,0.72,0.72,0.72,,-,148.0,142.0,22518.0,555.0
222938,2018,33393.0,187.0,96.0,0.8445,0.8445,0.8445,0.8445,,-,128.0,145.0,22012.0,416.0
222938,2019,25956.0,151.0,65.0,0.8484,0.8484,0.8484,0.8484,,-,145.0,2.0,21437.0,875.0
222938,2020,18885.0,116.0,52.0,0.9023,0.9023,0.9023,0.9023,,-,123.0,26.0,23262.0,976.0
222938,2021,13406.0,67.0,22.0,0.6982,0.6982,0.6982,0.6982,,-,56.0,63.0,22591.0,966.0
222938,2022,11377.0,54.0,17.0,0.6592,0.6592,0.6592,0.6592,,-,47.0,41.0,21232.0,820.0
222983,1998,40323.0,234.0,0.0,0.6964,0.7292,0.7362,0.7539,1.172,o,,,,
222983,1999,42365.0,252.0,0.0,0.7138,0.7484,0.7558,0.7745,1.1773,o,,,,
222983,2000,43567.0,334.0,0.0,0.92,0.9339,0.9369,0.9442,1.0534,o,,,,
222983,2001,42632.0,265.0,0.0,0.7459,0.7492,0.7498,0.7515,1.0151,o,,,,
222983,2002,35644.0,306.0,0.0,1.0302,1.0284,1.028,1.0271,0.994,o,348.0,,27435.0,
222983,2003,36456.0,289.0,0.0,0.9513,0.9472,0.9463,0.9442,0.9851,o,338.0,,28102.0,581.0
222983,2004,37740.0,310.0,0.0,0.9857,0.992,0.9933,0.9966,1.0224,o,370.0,,29726.0,619.0
222983,2005,38130.0,290.0,0.0,0.9127,0.9314,0.9354,0.9453,1.0727,o,348.0,,30807.0,671.0
222983,2006,38850.0,316.0,0.0,0.9761,0.9998,1.0047,1.0173,1.0862,o,340.0,38.0,31894.0,722.0
222983,2007,37440.0,279.0,0.0,0.8942,0.895,0.8951,0.8955,1.0029,o,334.0,121.0,35321.0,780.0
222983,2008,37560.0,335.0,0.0,1.0703,1.0551,1.052,1.0443,0.952,o,319.0,41.0,36466.0,822.0
222983,2009,38760.0,306.0,0.0,0.9474,0.9217,0.9164,0.9035,0.9095,o,413.0,33.0,38172.0,789.0
222983,2010,38400.0,302.0,0.0,0.9438,0.9609,0.9645,0.9735,1.064,o,319.0,37.0,39811.0,815.0
222983,2011,39360.0,274.0,0.0,0.8354,0.8556,0.8599,0.8706,1.0861,o,359.0,28.0,40810.0,739.0
222983,2012,36900.0,276.0,0.0,0.8976,0.9074,0.9094,0.9146,1.0383,o,308.0,32.0,42546.0,802.0
222983,2013,36270.0,356.0,0.0,1.1778,1.1465,1.1401,1.1243,0.9112,o,364.0,25.0,43914.0,770.0
222983,2014,37140.0,247.0,0.0,0.7981,0.7785,0.7745,0.7647,0.918,o,357.0,46.0,44540.0,696.0
222983,2015,39120.0,272.0,0.0,0.8344,0.8494,0.8525,0.8604,1.0634,o,355.0,18.0,44177.0,657.0
222983,2016,38280.0,260.0,0.0,0.815,0.8306,0.8339,0.8421,1.0675,o,345.0,32.0,46970.0,616.0
222983,2017,43699.0,285.0,0.0,0.7826,0.7919,0.7939,0.7988,1.0417,o,332.0,31.0,47569.0,512.0
222983,2018,34080.0,290.0,0.0,1.0211,1.0026,0.9989,0.9895,0.939,o,435.0,19.0,48355.0,610.0
222983,2019,36840.0,270.0,0.0,0.8795,0.8987,0.9027,0.9128,1.0772,o,378.0,29.0,48759.0,572.0
222983,2020,37020.0,274.0,0.0,0.8882,0.9276,0.9359,0.9572,1.1614,o,340.0,33.0,49466.0,566.0
222983,2021,37020.0,244.0,0.0,0.7909,0.8045,0.8074,0.8145,1.0606,o,284.0,30.0,49712.0,588.0
222983,2022,35790.0,310.0,0.0,1.0394,0.979,0.967,0.9375,0.8136,o,330.0,34.0,47749.0,550.0
222983,2023,34500.0,285.0,0.0,0.9913,0.9138,0.8985,0.8615,0.7552,o,296.0,42.0,46530.0,485.0
222983,2024,33330.0,258.0,0.0,0.9289,0.8927,0.8854,0.8673,0.8719,o,357.0,47.0,46500.0,469.0
222992,1999,505988.0,0.0,837.0,0.0993,0.1005,0.1039,0.1054,1.2012,o,,,,
222992,2000,507326.0,0.0,768.0,0.0908,0.0903,0.0891,0.0886,0.9271,o,,,,
222992,2001,517221.0,0.0,797.0,0.0925,0.0972,0.1106,0.1171,2.0458,o,,,,
222992,2002,496934.0,0.0,820.0,0.099,0.1014,0.1079,0.1109,1.4114,o,4701.0,,1798.0,
222992,2003,521940.0,0.0,797.0,0.0916,0.092,0.0931,0.0936,1.0677,o,4417.0,,1805.0,108.0
222992,2004,490694.0,0.0,917.0,0.1121,0.1118,0.1111,0.1107,0.9627,o,5078.0,,2020.0,121.0
222992,2005,591944.0,0.0,906.0,0.0918,0.0925,0.0943,0.0952,1.1138,o,5718.0,,2244.0,103.0
222992,2006,609564.0,0.0,1063.0,0.1046,0.106,0.1096,0.1113,1.2044,o,6236.0,,2477.0,104.0
222992,2007,633455.0,0.0,1021.0,0.0967,0.0977,0.1003,0.1014,1.1552,o,3462.0,3499.0,2432.0,109.0
222992,2008,652228.0,0.0,1121.0,0.1031,0.0993,0.09,0.0861,0.5792,o,3798.0,3502.0,2441.0,103.0
222992,2009,716392.0,0.0,1263.0,0.1058,0.104,0.0995,0.0976,0.7833,o,4365.0,4183.0,2314.0,96.0
222992,2010,807064.0,0.0,1369.0,0.1018,0.1031,0.1066,0.1082,1.2025,o,4841.0,4443.0,2320.0,90.0
222992,2011,893512.0,0.0,1507.0,0.1012,0.1024,0.1056,0.1071,1.1861,o,5951.0,4081.0,2429.0,82.0
222992,2012,791751.0,0.0,1789.0,0.1356,0.138,0.1446,0.1476,1.2929,o,5637.0,3776.0,2878.0,101.0
222992,2013,778708.0,0.0,1792.0,0.1381,0.1385,0.1396,0.1401,1.0447,o,5650.0,4531.0,3128.0,102.0
222992,2014,747177.0,0.0,2049.0,0.1645,0.1642,0.1635,0.1632,0.9751,o,5640.0,4477.0,3278.0,104.0
222992,2015,745029.0,0.0,2154.0,0.1735,0.1735,0.1734,0.1734,0.9994,o,5382.0,4802.0,3329.0,113.0
222992,2016,736533.0,0.0,2632.0,0.2144,0.2137,0.2119,0.2111,0.9534,o,5370.0,4133.0,3306.0,113.0
222992,2017,730833.0,0.0,3591.0,0.2948,0.2943,0.2929,0.2923,0.9744,o,5146.0,4096.0,3251.0,121.0
222992,2018,722058.0,0.0,3366.0,0.2797,0.2788,0.2767,0.2757,0.9572,o,5331.0,4006.0,3178.0,111.0
222992,2019,724656.0,0.0,3799.0,0.3145,0.3149,0.3156,0.316,1.0139,o,5505.0,3941.0,3112.0,113.0
222992,2020,742045.0,23.0,4328.0,0.3537,0.3549,0.3581,0.3595,1.0509,o,4720.0,3813.0,3065.0,110.0
222992,2021,726711.0,50.0,4578.0,0.3862,0.3825,0.3731,0.369,0.8712,o,4191.0,3344.0,2976.0,95.0
222992,2022,645112.0,48.0,4621.0,0.4387,0.4327,0.4174,0.4109,0.8198,o,4533.0,3121.0,2797.0,94.0
222992,2023,645635.0,77.0,4382.0,0.4215,0.422,0.4234,0.4239,1.0174,o,4710.0,3603.0,2640.0,97.0
222992,2024,688047.0,90.0,4864.0,0.4399,0.4422,0.4484,0.4511,1.0798,o,6618.0,4199.0,2550.0,91.0
223083,1999,7890.0,0.0,0.0,0.0,0.0,0.0,0.0,,-,,,,
223083,2002,4607.0,0.0,0.0,0.0,0.0,0.0,0.0,,-,198.0,,,
223083,2009,16805.0,0.0,418.0,1.4924,1.4924,1.4924,1.4924,,-,19.0,320.0,,351.0
223083,2010,13444.0,0.0,151.0,0.6739,0.6739,0.6739,0.6739,,-,24.0,175.0,10687.0,485.0
223083,2011,16306.0,0.0,169.0,0.6219,0.6219,0.6219,0.6219,,-,,,9342.0,455.0
223083,2012,11778.0,0.0,159.0,0.81,0.81,0.81,0.81,,-,,88.0,,612.0
223083,2013,11596.0,0.0,175.0,0.9055,0.9055,0.9055,0.9055,,-,,78.0,,606.0
223083,2014,12662.0,0.0,198.0,0.9382,0.9382,0.9382,0.9382,,-,,160.0,,549.0
223083,2015,11502.0,39.0,167.0,1.278,1.278,1.278,1.278,,-,,30.0,,657.0
223083,2016,19905.0,110.0,219.0,1.3233,1.3233,1.3233,1.3233,,-,,196.0,1929.0,516.0
223083,2017,17584.0,197.0,238.0,2.1565,2.1565,2.1565,2.1565,,-,,232.0,,599.0
223083,2018,16020.0,90.0,273.0,1.6966,1.6966,1.6966,1.6966,,-,,209.0,,614.0
223083,2019,19320.0,50.0,291.0,1.2143,1.2143,1.2143,1.2143,,-,,172.0,,537.0
223083,2020,20160.0,35.0,293.0,1.0804,1.0804,1.0804,1.0804,,-,,196.0,,506.0
223083,2021,22156.0,35.0,297.0,0.9939,0.9939,0.9939,0.9939,,-,,141.0,,440.0
223083,2022,19644.0,24.0,276.0,0.9896,0.9896,0.9896,0.9896,,-,,144.0,,433.0
223083,2023,13237.0,9.0,245.0,1.1921,1.1921,1.1921,1.1921,,-,,192.0,,567.0
223083,2024,14428.0,15.0,252.0,1.1727,1.1727,1.1727,1.1727,,-,4.0,190.0,14675.0,523.0
223117,1998,393.0,2.0,0.0,0.6107,0.8189,0.8701,1.0127,2.75,o,,,,
223117,1999,300.0,5.0,0.0,2.0,2.1512,2.1839,2.2678,1.2857,o,,,,
223117,2000,327.0,4.0,2.0,1.8349,1.9678,1.9965,2.07,1.2727,o,,,,
223117,2002,1186.0,2.0,1.0,0.253,0.3551,0.381,0.4541,3.2222,o,16.0,,3846.0,
223117,2003,915.0,5.0,2.0,0.7869,0.8971,0.9218,0.9864,1.5714,o,15.0,,4095.0,143.0
223117,2004,660.0,10.0,0.0,1.8182,1.7855,1.7788,1.7622,0.9394,o,10.0,,3997.0,163.0
223117,2006,1212.0,5.0,1.0,0.5446,0.5373,0.5358,0.532,0.9545,o,7.0,15.0,3989.0,183.0
223117,2007,1176.0,13.0,2.0,1.4286,1.2202,1.1811,1.0886,0.5806,o,8.0,13.0,4325.0,184.0
223117,2008,1033.0,11.0,1.0,1.3359,1.152,1.1172,1.0348,0.6,o,6.0,11.0,4185.0,142.0
223117,2009,1218.0,8.0,4.0,0.9852,0.8759,0.8549,0.8044,0.6667,o,9.0,7.0,4762.0,151.0
223117,2010,1080.0,5.0,2.0,0.6667,0.6323,0.6255,0.6086,0.8333,o,4.0,7.0,4732.0,153.0
223117,2011,1040.0,14.0,1.0,1.6731,1.6051,1.5913,1.5575,0.8667,o,27.0,13.0,5305.0,154.0
223117,2012,1101.0,10.0,4.0,1.3079,1.647,1.7275,1.9462,2.2143,o,16.0,9.0,5170.0,167.0
223117,2013,969.0,4.0,1.0,0.5573,0.7563,0.8057,0.9435,2.8667,o,5.0,12.0,6016.0,189.0
223117,2014,960.0,7.0,2.0,1.0,1.1492,1.1828,1.271,1.6154,o,5.0,8.0,5925.0,181.0
223117,2015,807.0,5.0,0.0,0.7435,0.5355,0.5004,0.4223,0.3226,o,10.0,10.0,6658.0,249.0
223117,2016,1200.0,6.0,2.0,0.7,0.5158,0.4842,0.4134,0.3488,o,26.0,10.0,7390.0,225.0
223117,2017,1248.0,11.0,2.0,1.1538,1.3491,1.3934,1.5107,1.7143,o,4.0,9.0,7394.0,246.0
223117,2018,1011.0,4.0,3.0,0.6528,0.8978,0.9589,1.1307,3.0,o,3.0,14.0,7478.0,247.0
223117,2019,924.0,5.0,2.0,0.7792,0.6247,0.5968,0.5323,0.4667,o,13.0,8.0,8419.0,243.0
223117,2020,921.0,4.0,3.0,0.7166,0.5664,0.5395,0.4777,0.4444,o,4.0,4.0,8293.0,259.0
223117,2021,534.0,8.0,0.0,1.7978,1.5247,1.4737,1.3533,0.5667,o,15.0,4.0,8054.0,267.0
223117,2022,576.0,2.0,1.0,0.5208,0.6958,0.7387,0.8581,2.7143,o,14.0,3.0,8392.0,277.0
223117,2023,646.0,3.0,0.0,0.5573,0.6622,0.6862,0.7503,1.8125,o,3.0,3.0,9161.0,347.0
223117,2024,585.0,3.0,3.0,0.9231,0.9231,0.9231,0.9231,1.0,o,1.0,1.0,10050.0,380.0
223214,1998,1740.0,30.0,0.0,2.069,2.069,2.069,2.069,,n,,,,
223214,1999,1326.0,27.0,0.0,2.4434,2.4434,2.4434,2.4434,,n,,,,
223214,2000,2175.0,26.0,0.0,1.4345,1.4345,1.4345,1.4345,,n,,,,
223214,2001,1778.0,26.0,0.0,1.7548,1.7548,1.7548,1.7548,,n,,,,
223214,2002,2551.0,31.0,0.0,1.4583,1.4583,1.4583,1.4583,,n,,,,
223214,2003,1912.0,32.0,0.0,2.0084,2.0084,2.0084,2.0084,,n,,,,1019.0
223214,2004,1960.0,27.0,0.0,1.6531,1.6531,1.6531,1.6531,,n,,,,839.0
223214,2005,1770.0,27.0,0.0,1.8305,1.8305,1.8305,1.8305,,n,,,,942.0
223214,2006,2114.0,28.0,0.0,1.5894,1.5894,1.5894,1.5894,,n,,30.0,,1090.0
223214,2007,1740.0,28.0,0.0,1.931,1.931,1.931,1.931,,n,,,,1317.0
223214,2008,2135.0,30.0,0.0,1.6862,1.6862,1.6862,1.6862,,n,,48.0,,706.0
223214,2009,3698.0,30.0,0.0,0.9735,0.9735,0.9735,0.9735,,n,,30.0,,966.0
223214,2010,4742.0,74.0,0.0,1.8726,1.8726,1.8726,1.8726,,n,,34.0,,995.0
223214,2011,5063.0,108.0,0.0,2.5597,2.5597,2.5597,2.5597,,n,,27.0,,1023.0
223214,2012,4583.0,96.0,0.0,2.5136,2.5136,2.5136,2.5136,,n,,,,596.0
223214,2013,4743.0,116.0,0.0,2.9349,2.9349,2.9349,2.9349,,n,,30.0,,593.0
223232,1998,309453.0,2211.0,0.0,0.8574,0.8626,0.8637,0.8665,1.0213,o,,,,
223232,1999,324566.0,2115.0,0.0,0.782,0.8124,0.8188,0.8351,1.1405,o,,,,
223232,2000,336583.0,2315.0,0.0,0.8254,0.8672,0.8762,0.8989,1.1861,o,,,,
223232,2001,345347.0,2249.0,0.0,0.7815,0.8132,0.8199,0.8369,1.147,o,,,,
223232,2002,357182.0,2487.0,0.0,0.8355,0.8482,0.8509,0.8575,1.0533,o,2620.0,,22179.0,
223232,2003,353950.0,2615.0,0.0,0.8866,0.8733,0.8706,0.8638,0.9494,o,2678.0,,29253.0,629.0
223232,2004,343688.0,2296.0,0.0,0.8017,0.7887,0.7861,0.7795,0.9454,o,2785.0,,30680.0,690.0
223232,2005,343560.0,2218.0,0.0,0.7747,0.7679,0.7664,0.7629,0.9698,o,3168.0,,31998.0,714.0
223232,2006,354802.0,2209.0,0.0,0.7471,0.7677,0.772,0.7829,1.0981,o,2783.0,494.0,33070.0,750.0
223232,2007,357872.0,2377.0,0.0,0.797,0.8244,0.8301,0.8447,1.1233,o,2732.0,452.0,34586.0,834.0
223232,2008,362814.0,2445.0,0.0,0.8087,0.8109,0.8114,0.8125,1.0095,o,3062.0,404.0,36064.0,805.0
223232,2009,370727.0,2626.0,0.0,0.85,0.8434,0.842,0.8386,0.9733,o,3098.0,422.0,37753.0,778.0
223232,2010,369340.0,2709.0,0.0,0.8802,0.889,0.8909,0.8955,1.0351,o,3259.0,417.0,40126.0,802.0
223232,2011,378547.0,2605.0,0.0,0.8258,0.8605,0.8679,0.8866,1.1527,o,3033.0,449.0,41716.0,803.0
223232,2012,383202.0,2623.0,0.0,0.8214,0.8413,0.8454,0.856,1.086,o,3254.0,451.0,43074.0,825.0
223232,2013,392793.0,2709.0,0.0,0.8276,0.8325,0.8335,0.8361,1.0206,o,3190.0,487.0,45071.0,851.0
223232,2014,404841.0,2848.0,0.0,0.8442,0.8475,0.8482,0.8499,1.0137,o,3625.0,454.0,47360.0,891.0
223232,2015,422035.0,2931.0,0.0,0.8334,0.8529,0.857,0.8673,1.0831,o,3394.0,433.0,49764.0,944.0
223232,2016,432917.0,3062.0,0.0,0.8488,0.8763,0.8821,0.8968,1.1164,o,3503.0,430.0,52114.0,982.0
223232,2017,437937.0,3127.0,0.0,0.8568,0.8739,0.8775,0.8864,1.0703,o,3320.0,366.0,53549.0,994.0
223232,2018,436821.0,3367.0,0.0,0.925,0.9253,0.9253,0.9255,1.0012,o,3366.0,352.0,54574.0,976.0
223232,2019,431124.0,3419.0,0.0,0.9517,0.9383,0.9356,0.9288,0.9526,o,3307.0,353.0,55571.0,991.0
223232,2020,426078.0,3395.0,0.0,0.9562,0.9471,0.9452,0.9405,0.9675,o,3731.0,357.0,56929.0,999.0
223232,2021,450026.0,3315.0,0.0,0.8839,0.8919,0.8936,0.8978,1.0315,o,4271.0,364.0,57482.0,1032.0
223232,2022,467088.0,3263.0,0.0,0.8383,0.8831,0.8927,0.9171,1.1968,o,3296.0,367.0,55106.0,982.0
223232,2023,468713.0,3411.0,0.0,0.8733,0.9057,0.9126,0.9299,1.134,o,3317.0,314.0,53557.0,955.0
223232,2024,466206.0,3706.0,0.0,0.9539,0.9368,0.9333,0.9247,0.9396,o,3427.0,346.0,54844.0,967.0
223320,1999,94710.0,0.0,226.0,0.1432,0.1446,0.1483,0.15,1.151,o,,,,
223320,2000,43054.0,0.0,233.0,0.3247,0.3242,0.3228,0.3222,0.9769,o,,,,
223320,2001,45302.0,0.0,238.0,0.3152,0.3171,0.3222,0.3244,1.091,o,,,,
223320,2002,47355.0,0.0,208.0,0.2635,0.2632,0.2622,0.2618,0.9805,o,1087.0,,1490.0,
223320,2003,51550.0,0.0,262.0,0.3049,0.3082,0.3169,0.3208,1.1657,o,1002.0,,1676.0,85.0
223320,2004,86916.0,0.0,274.0,0.1891,0.1892,0.1894,0.1895,1.0055,o,1250.0,,1798.0,56.0
223320,2005,86798.0,0.0,253.0,0.1749,0.1771,0.1829,0.1856,1.1967,o,1193.0,,1983.0,65.0
223320,2006,65725.0,0.0,230.0,0.21,0.2108,0.213,0.214,1.0595,o,1123.0,,3163.0,76.0
223320,2007,62404.0,0.0,229.0,0.2202,0.2189,0.2156,0.2142,0.9194,o,1048.0,54.0,3070.0,89.0
223320,2008,64378.0,0.0,210.0,0.1957,0.1944,0.1909,0.1894,0.905,o,1194.0,,3117.0,87.0
223320,2009,73149.0,0.0,224.0,0.1837,0.185,0.1882,0.1896,1.1,o,618.0,225.0,3194.0,66.0
223320,2010,84613.0,0.0,256.0,0.1815,0.1741,0.1564,0.1491,0.5513,o,572.0,208.0,3302.0,60.0
223320,2011,85479.0,0.0,274.0,0.1923,0.1862,0.1714,0.1652,0.6313,o,491.0,677.0,3350.0,77.0
223320,2012,71698.0,0.0,291.0,0.2435,0.2403,0.2321,0.2286,0.8252,o,619.0,646.0,3538.0,90.0
223320,2013,86391.0,0.0,296.0,0.2056,0.2078,0.2136,0.2162,1.1646,o,463.0,195.0,3604.0,47.0
223320,2014,69154.0,0.0,279.0,0.2421,0.239,0.2313,0.228,0.8342,o,1300.0,499.0,3623.0,78.0
223320,2015,77400.0,0.0,311.0,0.2411,0.2563,0.3002,0.322,2.403,o,518.0,382.0,3454.0,80.0
223320,2016,79950.0,0.0,384.0,0.2882,0.2777,0.2523,0.2418,0.5876,o,462.0,449.0,4636.0,83.0
223320,2017,95970.0,0.0,351.0,0.2194,0.2093,0.1853,0.1755,0.5083,o,480.0,353.0,3373.0,70.0
223320,2018,77021.0,0.0,402.0,0.3132,0.3127,0.3116,0.311,0.9796,o,782.0,111.0,3298.0,64.0
223320,2019,80645.0,0.0,368.0,0.2738,0.2837,0.3108,0.3237,1.6603,o,1089.0,414.0,3229.0,42.0
223320,2020,81606.0,0.0,423.0,0.311,0.3231,0.3565,0.3724,1.7258,o,333.0,140.0,3165.0,
223320,2021,67692.0,0.0,417.0,0.3696,0.3438,0.2855,0.2629,0.356,o,208.0,416.0,3073.0,
223320,2022,48599.0,0.0,465.0,0.5741,0.5268,0.4222,0.3827,0.2925,o,517.0,191.0,2916.0,40.0
223320,2023,46813.0,0.0,448.0,0.5742,0.6008,0.6751,0.711,1.9113,o,661.0,247.0,2751.0,31.0
223427,1998,244453.0,0.0,429.0,0.1053,0.1034,0.0987,0.0967,0.7721,o,,,,
223427,1999,257419.0,0.0,476.0,0.1109,0.1128,0.1178,0.1201,1.2716,o,,,,
223427,2000,237036.0,0.0,476.0,0.1205,0.1227,0.1288,0.1315,1.3042,o,,,,
223427,2001,285255.0,0.0,487.0,0.1024,0.103,0.1044,0.105,1.0779,o,,,,
223427,2002,296351.0,0.0,481.0,0.0974,0.0972,0.0968,0.0966,0.9755,o,3966.0,,1760.0,
223427,2003,305203.0,0.0,641.0,0.126,0.1277,0.1323,0.1343,1.2136,o,5588.0,,1835.0,97.0
223427,2004,313931.0,0.0,503.0,0.0961,0.0991,0.1073,0.1112,1.5535,o,753.0,,2454.0,106.0
223427,2005,312450.0,0.0,692.0,0.1329,0.1168,0.0837,0.0722,0.1576,o,965.0,,2463.0,111.0
223427,2007,291004.0,0.0,748.0,0.1542,0.1546,0.1554,0.1558,1.0314,o,856.0,385.0,3684.0,137.0
223427,2008,328992.0,0.0,832.0,0.1517,0.1509,0.1488,0.1479,0.9249,o,961.0,416.0,4487.0,131.0
223427,2009,364775.0,0.0,864.0,0.1421,0.1431,0.1457,0.1468,1.1033,o,3410.0,2634.0,2719.0,124.0
223427,2010,400472.0,0.0,827.0,0.1239,0.1359,0.1725,0.1917,3.7534,o,3135.0,3089.0,2161.0,115.0
223427,2011,407619.0,0.0,800.0,0.1178,0.1208,0.1289,0.1326,1.4345,o,4094.0,7224.0,2178.0,110.0
223427,2012,416980.0,0.0,804.0,0.1157,0.1175,0.1224,0.1246,1.251,o,7424.0,909.0,2351.0,128.0
223427,2014,435218.0,0.0,1221.0,0.1683,0.1738,0.1888,0.1959,1.5834,o,8086.0,938.0,3244.0,137.0
223427,2015,451922.0,0.0,1437.0,0.1908,0.1905,0.1897,0.1894,0.9776,o,8378.0,1285.0,2788.0,141.0
223427,2016,424269.0,0.0,1014.0,0.1434,0.1431,0.1425,0.1422,0.9739,o,6265.0,1897.0,2925.0,168.0
223427,2017,413466.0,0.0,1775.0,0.2576,0.2527,0.2406,0.2354,0.7611,o,7185.0,1570.0,3090.0,172.0
223427,2018,651150.0,0.0,2233.0,0.2058,0.2055,0.2048,0.2045,0.9814,o,7055.0,1769.0,3350.0,109.0
223427,2019,469202.0,0.0,1355.0,0.1733,0.1739,0.1754,0.176,1.0491,o,6171.0,2889.0,3456.0,158.0
223427,2020,453735.0,0.0,2331.0,0.3082,0.3052,0.2974,0.294,0.8667,o,4594.0,2980.0,3519.0,164.0
223427,2021,380524.0,0.0,2980.0,0.4699,0.458,0.429,0.4167,0.6947,o,4457.0,3057.0,4622.0,186.0
223427,2022,311948.0,0.0,2401.0,0.4618,0.4557,0.4405,0.4339,0.8281,o,4933.0,2707.0,4410.0,215.0
223427,2023,365373.0,0.0,1956.0,0.3212,0.3232,0.3282,0.3305,1.09,o,5736.0,1385.0,4617.0,183.0
223427,2024,379178.0,0.0,1897.0,0.3002,0.3044,0.3156,0.3207,1.2217,o,5795.0,1194.0,4580.0,171.0
223463,2000,25760.0,0.0,346.0,0.8059,0.9761,1.0156,1.1215,1.9364,o,,,,
223463,2001,25133.0,0.0,179.0,0.4273,0.662,0.7248,0.9089,4.5241,o,,,,
223463,2002,27307.0,0.0,158.0,0.3472,0.5478,0.602,0.7621,4.819,o,580.0,,43106.0,
223463,2003,50701.0,0.0,155.0,0.1834,0.2631,0.2835,0.3416,3.4687,o,764.0,,44051.0,353.0
223463,2007,42377.0,0.0,136.0,0.1926,0.1874,0.1864,0.1838,0.9107,o,346.0,,19472.0,612.0
223463,2008,51345.0,0.0,176.0,0.2057,0.1633,0.1557,0.1382,0.4517,o,344.0,18.0,19755.0,512.0
223463,2009,60101.0,0.0,205.0,0.2047,0.1575,0.1492,0.1303,0.4054,o,524.0,10.0,20071.0,503.0
223463,2010,73946.0,0.0,190.0,0.1542,0.1395,0.1367,0.1298,0.7091,o,443.0,9.0,19941.0,450.0
223463,2011,63240.0,0.0,183.0,0.1736,0.1878,0.1908,0.1987,1.3103,o,477.0,19.0,20583.0,467.0
223463,2012,57898.0,0.0,281.0,0.2912,0.3165,0.322,0.3363,1.3333,o,352.0,9.0,20402.0,457.0
223463,2013,47852.0,0.0,137.0,0.1718,0.1695,0.169,0.1679,0.9551,o,330.0,13.0,21382.0,451.0
223463,2014,39176.0,8.0,103.0,0.1823,0.1647,0.1613,0.1531,0.7053,o,291.0,23.0,21059.0,486.0
223463,2015,36262.0,6.0,97.0,0.1804,0.1609,0.1572,0.1482,0.675,o,205.0,5.0,20881.0,445.0
223463,2016,32132.0,10.0,68.0,0.1643,0.1416,0.1373,0.1271,0.5983,o,258.0,14.0,18884.0,510.0
223463,2017,39488.0,12.0,67.0,0.1383,0.1236,0.1207,0.1139,0.6789,o,219.0,20.0,19062.0,436.0
223463,2018,39179.0,5.0,86.0,0.147,0.1362,0.1341,0.1288,0.7681,o,156.0,5.0,18780.0,432.0
223463,2019,34289.0,4.0,78.0,0.1505,0.1388,0.1365,0.1308,0.756,o,162.0,13.0,19399.0,372.0
223463,2020,24542.0,5.0,72.0,0.2005,0.1798,0.1758,0.1661,0.6868,o,171.0,7.0,18790.0,438.0
223463,2021,23776.0,2.0,62.0,0.1666,0.1501,0.1469,0.1392,0.6981,o,160.0,15.0,18763.0,416.0
223463,2022,15049.0,4.0,36.0,0.1754,0.1692,0.1679,0.1648,0.8827,o,111.0,4.0,20585.0,449.0
223463,2023,12210.0,3.0,28.0,0.1671,0.1595,0.158,0.1542,0.8522,o,60.0,2.0,24186.0,332.0
223463,2024,9951.0,2.0,23.0,0.1628,0.1342,0.1289,0.1167,0.5135,o,82.0,16.0,23785.0,294.0
223472,1998,8506.0,0.0,0.0,0.0,0.0,0.0,0.0,,-,,,,
223472,2002,4503.0,0.0,0.0,0.0,0.0,0.0,0.0,,-,146.0,,20787.0,
223472,2003,6034.0,0.0,0.0,0.0,0.0,0.0,0.0,,-,145.0,,21522.0,519.0
223472,2004,5130.0,0.0,0.0,0.0,0.0,0.0,0.0,,-,124.0,,19237.0,646.0
223472,2005,9217.0,0.0,0.0,0.0,0.0,0.0,0.0,,-,102.0,,19589.0,338.0
223472,2007,3928.0,0.0,20.0,0.3055,0.3055,0.3055,0.3055,,-,60.0,38.0,19222.0,568.0
223472,2008,5022.0,0.0,11.0,0.1314,0.1314,0.1314,0.1314,,-,18.0,24.0,27816.0,510.0
223472,2009,6836.0,0.0,24.0,0.2106,0.2106,0.2106,0.2106,,-,26.0,20.0,19856.0,488.0
223472,2011,12084.0,0.0,98.0,0.4866,0.4866,0.4866,0.4866,,-,29.0,42.0,18887.0,569.0
223472,2012,10282.0,0.0,145.0,0.8461,0.8461,0.8461,0.8461,,-,55.0,51.0,18273.0,645.0
223472,2013,11579.0,0.0,119.0,0.6166,0.6166,0.6166,0.6166,,-,19.0,43.0,17953.0,515.0
223472,2014,9843.0,0.0,112.0,0.6827,0.6827,0.6827,0.6827,,-,21.0,42.0,17866.0,583.0
223472,2015,10620.0,0.0,134.0,0.7571,0.7571,0.7571,0.7571,,-,27.0,32.0,18433.0,558.0
223472,2016,10410.0,0.0,132.0,0.7608,0.7608,0.7608,0.7608,,-,110.0,171.0,18409.0,525.0
223472,2017,6384.0,0.0,129.0,1.2124,1.2124,1.2124,1.2124,,-,24.0,32.0,18255.0,923.0
223472,2018,9749.0,0.0,138.0,0.8493,0.8493,0.8493,0.8493,,-,29.0,38.0,18245.0,497.0
223472,2019,9826.0,0.0,99.0,0.6045,0.6045,0.6045,0.6045,,-,27.0,34.0,17937.0,517.0
223472,2020,9546.0,0.0,120.0,0.7542,0.7542,0.7542,0.7542,,-,20.0,36.0,17909.0,588.0
223472,2021,11613.0,0.0,129.0,0.6665,0.6665,0.6665,0.6665,,-,33.0,38.0,17532.0,476.0
223472,2022,11722.0,0.0,125.0,0.6398,0.6398,0.6398,0.6398,,-,21.0,29.0,16565.0,459.0
223472,2023,10800.0,0.0,134.0,0.7444,0.7444,0.7444,0.7444,,-,23.0,42.0,15776.0,391.0
223472,2024,9600.0,0.0,114.0,0.7125,0.7125,0.7125,0.7125,,-,34.0,25.0,16024.0,469.0
223506,1998,57210.0,0.0,182.0,0.1909,0.193,0.1985,0.201,1.169,o,,,,
223506,1999,85440.0,0.0,166.0,0.1166,0.1164,0.1159,0.1156,0.9755,o,,,,
223506,2000,63805.0,0.0,182.0,0.1711,0.1645,0.1486,0.142,0.5678,o,,,,
223506,2001,65970.0,0.0,154.0,0.1401,0.1379,0.1325,0.1302,0.8007,o,,,,
223506,2002,96728.0,0.0,213.0,0.1321,0.1304,0.1262,0.1244,0.8331,o,493.0,,960.0,
223506,2003,66661.0,0.0,230.0,0.207,0.2046,0.1985,0.1959,0.8456,o,446.0,,1064.0,112.0
223506,2004,66900.0,0.0,208.0,0.1865,0.1849,0.1808,0.1789,0.8814,o,354.0,,1363.0,137.0
223506,2005,41800.0,0.0,221.0,0.3172,0.311,0.2956,0.289,0.754,o,497.0,,1400.0,202.0
223506,2006,66918.0,0.0,161.0,0.1444,0.1466,0.1524,0.1551,1.2425,o,412.0,,1430.0,131.0
223506,2007,69864.0,8.0,179.0,0.1675,0.1671,0.1661,0.1657,0.9683,o,866.0,154.0,1570.0,131.0
223506,2008,68107.0,4.0,211.0,0.1929,0.2018,0.2267,0.2387,1.9054,o,697.0,157.0,1572.0,131.0
223506,2009,68880.0,15.0,193.0,0.1943,0.1954,0.1985,0.1999,1.0908,o,889.0,127.0,1683.0,119.0
223506,2010,76779.0,21.0,230.0,0.2126,0.2145,0.2195,0.2218,1.1376,o,893.0,149.0,2204.0,96.0
223506,2011,84381.0,24.0,269.0,0.2254,0.2273,0.2322,0.2344,1.1261,o,393.0,188.0,2362.0,121.0
223506,2012,81387.0,14.0,401.0,0.3163,0.2987,0.2577,0.2414,0.4411,o,358.0,144.0,2690.0,137.0
223506,2013,77200.0,19.0,399.0,0.3396,0.326,0.2934,0.28,0.5568,o,639.0,230.0,3068.0,152.0
223506,2014,76952.0,18.0,399.0,0.3392,0.352,0.3874,0.4042,1.7017,o,594.0,210.0,3022.0,166.0
223506,2015,76279.0,30.0,431.0,0.3862,0.391,0.4035,0.4092,1.1916,o,601.0,209.0,2996.0,164.0
223506,2016,76706.0,50.0,442.0,0.424,0.4232,0.4213,0.4204,0.9749,o,635.0,221.0,3092.0,160.0
223506,2017,76267.0,56.0,466.0,0.4547,0.4567,0.4617,0.4639,1.0628,o,651.0,230.0,3040.0,143.0
223506,2018,76358.0,58.0,596.0,0.5595,0.5615,0.5668,0.5692,1.0534,o,641.0,232.0,3384.0,154.0
223506,2019,75466.0,50.0,562.0,0.5263,0.5262,0.5259,0.5258,0.9969,o,649.0,188.0,3313.0,147.0
223506,2020,71769.0,36.0,522.0,0.4966,0.4968,0.4972,0.4974,1.0046,o,546.0,172.0,2881.0,121.0
223506,2021,66972.0,48.0,471.0,0.508,0.5021,0.4872,0.4808,0.8465,o,707.0,181.0,2803.0,129.0
223506,2022,69463.0,59.0,456.0,0.4958,0.5017,0.5171,0.5241,1.1833,o,742.0,157.0,2632.0,133.0
223506,2023,72717.0,72.0,552.0,0.5743,0.5811,0.5991,0.6073,1.1844,o,596.0,183.0,2496.0,119.0
223506,2024,71299.0,99.0,472.0,0.5638,0.5562,0.537,0.5286,0.8226,o,546.0,78.0,2388.0,113.0
223524,1998,142011.0,0.0,281.0,0.1187,0.1093,0.0884,0.0805,0.3077,o,,,,
223524,1999,141787.0,0.0,279.0,0.1181,0.1322,0.1769,0.2014,5.0435,o,,,,
223524,2000,153088.0,0.0,213.0,0.0835,0.0869,0.0965,0.101,1.7824,o,,,,
223524,2001,159239.0,0.0,220.0,0.0829,0.0858,0.0936,0.0973,1.6256,o,,,,
223524,2002,182789.0,0.0,261.0,0.0857,0.0881,0.0948,0.098,1.5019,o,1296.0,,1209.0,
223524,2003,192872.0,0.0,247.0,0.0768,0.0779,0.0806,0.0818,1.2095,o,1334.0,,1237.0,69.0
223524,2004,194086.0,0.0,365.0,0.1128,0.1134,0.115,0.1157,1.078,o,1564.0,,1393.0,70.0
223524,2005,198873.0,0.0,333.0,0.1005,0.1017,0.1049,0.1064,1.1894,o,1206.0,,1352.0,69.0
223524,2006,185532.0,0.0,394.0,0.1274,0.1258,0.1217,0.1199,0.8323,o,1230.0,,1542.0,73.0
223524,2007,193895.0,0.0,454.0,0.1405,0.1393,0.1364,0.1351,0.8881,o,976.0,2440.0,1633.0,76.0
223524,2008,196783.0,0.0,432.0,0.1317,0.1297,0.1246,0.1224,0.8013,o,1209.0,909.0,1712.0,75.0
223524,2009,204526.0,0.0,561.0,0.1646,0.1656,0.1684,0.1696,1.0961,o,1356.0,3029.0,1683.0,81.0
223524,2010,222920.0,0.0,569.0,0.1531,0.1555,0.1616,0.1645,1.2412,o,1375.0,1051.0,1758.0,71.0
223524,2011,227574.0,0.0,669.0,0.1764,0.1772,0.1795,0.1805,1.0721,o,1648.0,1012.0,1717.0,67.0
223524,2012,218255.0,0.0,634.0,0.1743,0.1766,0.1827,0.1854,1.2069,o,1514.0,1087.0,1837.0,66.0
223524,2013,206049.0,0.0,684.0,0.1992,0.1992,0.1993,0.1993,1.0017,o,1511.0,979.0,1805.0,68.0
223524,2014,198335.0,0.0,874.0,0.2644,0.2636,0.2614,0.2605,0.9557,o,1294.0,970.0,2054.0,67.0
223524,2015,181710.0,0.0,841.0,0.2777,0.2747,0.2671,0.2638,0.8555,o,1257.0,680.0,2174.0,76.0
223524,2016,200491.0,0.0,1120.0,0.3352,0.3326,0.3261,0.3233,0.8963,o,1052.0,711.0,2295.0,87.0
223524,2017,211341.0,0.0,965.0,0.274,0.2703,0.2611,0.2571,0.8248,o,1221.0,4142.0,2256.0,86.0
223524,2018,213769.0,0.0,1166.0,0.3273,0.3286,0.3319,0.3334,1.0576,o,1159.0,4136.0,2206.0,83.0
223524,2019,209171.0,0.0,1101.0,0.3158,0.3163,0.3174,0.3179,1.0198,o,1511.0,3777.0,2160.0,76.0
223667,1998,9000.0,0.0,0.0,0.0,0.0,0.0,0.0,,-,,,,
223667,1999,5929.0,0.0,0.0,0.0,0.0,0.0,0.0,,-,,,,
223667,2002,6565.0,0.0,0.0,0.0,0.0,0.0,0.0,,-,59.0,,,
223667,2003,4575.0,0.0,0.0,0.0,0.0,0.0,0.0,,-,67.0,,20861.0,103.0
223773,1998,49559.0,0.0,152.0,0.184,0.1792,0.1672,0.1622,0.6818,o,,,,
223773,1999,51983.0,0.0,165.0,0.1904,0.1896,0.1873,0.1863,0.9355,o,,,,
223773,2000,54597.0,0.0,153.0,0.1681,0.1705,0.1767,0.1795,1.2197,o,,,,
223773,2001,62591.0,0.0,130.0,0.1246,0.1245,0.1243,0.1242,0.9907,o,,,,
223773,2002,70717.0,0.0,106.0,0.0899,0.0906,0.0923,0.093,1.1075,o,633.0,,1209.0,
223773,2003,78076.0,0.0,162.0,0.1245,0.1264,0.1313,0.1335,1.2363,o,551.0,,1237.0,49.0
223773,2004,82846.0,0.0,181.0,0.1311,0.1305,0.1289,0.1282,0.9347,o,547.0,,1393.0,52.0
223773,2005,83650.0,0.0,193.0,0.1384,0.1377,0.1357,0.1349,0.924,o,647.0,,1352.0,54.0
223773,2006,86481.0,0.0,250.0,0.1734,0.1755,0.1807,0.1831,1.1785,o,550.0,,1542.0,59.0
223773,2007,92047.0,0.0,238.0,0.1551,0.1543,0.152,0.151,0.9213,o,516.0,1013.0,1633.0,58.0
223773,2008,92650.0,0.0,264.0,0.171,0.1692,0.1647,0.1628,0.8622,o,647.0,372.0,1712.0,61.0
223773,2009,100290.0,0.0,260.0,0.1555,0.1577,0.1633,0.1658,1.2139,o,787.0,1362.0,1683.0,56.0
223773,2010,115051.0,0.0,309.0,0.1611,0.1646,0.1738,0.1781,1.3534,o,741.0,473.0,1758.0,45.0
223773,2011,118608.0,0.0,324.0,0.1639,0.1643,0.1653,0.1657,1.0335,o,836.0,368.0,1717.0,40.0
223773,2012,111603.0,0.0,399.0,0.2145,0.2159,0.2194,0.221,1.0942,o,809.0,476.0,1837.0,37.0
223773,2013,108097.0,0.0,408.0,0.2265,0.2269,0.2279,0.2284,1.026,o,815.0,498.0,1805.0,37.0
223773,2014,108411.0,0.0,444.0,0.2457,0.2456,0.2452,0.245,0.9909,o,715.0,455.0,2054.0,38.0
223773,2015,103360.0,0.0,554.0,0.3216,0.3187,0.3115,0.3084,0.8805,o,666.0,406.0,2174.0,45.0
223773,2016,113903.0,0.0,558.0,0.2939,0.2911,0.2839,0.2808,0.8706,o,613.0,478.0,2295.0,57.0
223773,2017,121093.0,0.0,538.0,0.2666,0.2644,0.2588,0.2563,0.8878,o,700.0,2296.0,2256.0,58.0
223773,2018,129756.0,0.0,681.0,0.3149,0.3169,0.3221,0.3244,1.0946,o,845.0,2384.0,2206.0,49.0
223773,2019,138099.0,0.0,680.0,0.2954,0.3007,0.3147,0.3211,1.2871,o,1146.0,2354.0,2160.0,49.0
223816,1998,360818.0,0.0,1780.0,0.296,0.3099,0.3488,0.3676,1.9284,o,,,,
223816,1999,347081.0,0.0,1062.0,0.1836,0.1827,0.1805,0.1795,0.9343,o,,,,
223816,2001,346783.0,0.0,1799.0,0.3113,0.3123,0.3148,0.316,1.0467,o,,,,
223816,2002,605739.0,0.0,2005.0,0.1986,0.1988,0.1991,0.1993,1.0109,o,4240.0,,1859.0,
223816,2006,411420.0,0.0,2304.0,0.336,0.3356,0.3346,0.3342,0.9837,o,4129.0,,2197.0,74.0
223816,2007,432360.0,0.0,2241.0,0.311,0.3138,0.3213,0.3246,1.1387,o,3955.0,1639.0,2042.0,76.0
223816,2008,475300.0,0.0,2494.0,0.3148,0.3157,0.3181,0.3192,1.0422,o,4553.0,2112.0,2151.0,79.0
223816,2009,429978.0,0.0,2425.0,0.3384,0.3412,0.3486,0.3519,1.1264,o,4341.0,1751.0,2115.0,122.0
223816,2010,460268.0,0.0,2472.0,0.3222,0.3227,0.3239,0.3244,1.0205,o,4447.0,2281.0,2402.0,123.0
223816,2011,488375.0,0.0,2746.0,0.3374,0.3374,0.3374,0.3374,1.0,o,4498.0,2589.0,2680.0,134.0
223816,2012,457571.0,0.0,2929.0,0.3841,0.3847,0.3863,0.387,1.0237,o,4242.0,823.0,2408.0,134.0
223816,2013,477321.0,0.0,3137.0,0.3943,0.3929,0.3891,0.3875,0.9485,o,3515.0,1854.0,2527.0,132.0
223816,2014,395344.0,0.0,3042.0,0.4617,0.4547,0.4372,0.4297,0.8043,o,2958.0,1645.0,2488.0,135.0
223816,2015,381465.0,0.0,3186.0,0.5011,0.4917,0.4683,0.4583,0.7627,o,2625.0,1498.0,2781.0,147.0
223816,2016,350945.0,0.0,3257.0,0.5568,0.5487,0.5284,0.5197,0.8111,o,2412.0,1250.0,2956.0,148.0
223816,2017,327936.0,0.0,3118.0,0.5705,0.5647,0.55,0.5436,0.8641,o,2169.0,1043.0,2907.0,146.0
223816,2018,304286.0,0.0,2993.0,0.5902,0.584,0.5685,0.5618,0.8612,o,2136.0,1139.0,3365.0,146.0
223816,2019,303102.0,0.0,3306.0,0.6544,0.6512,0.6431,0.6395,0.9325,o,2619.0,1094.0,3295.0,153.0
223816,2020,270544.0,0.0,1545.0,0.3426,0.3474,0.3599,0.3656,1.2167,o,1124.0,503.0,3245.0,150.0
223816,2021,213863.0,0.0,1883.0,0.5283,0.5013,0.4381,0.4126,0.4728,o,1228.0,499.0,3327.0,152.0
223816,2022,192588.0,0.0,1518.0,0.4729,0.4592,0.4256,0.4115,0.6562,o,1185.0,397.0,3127.0,149.0
223816,2023,176018.0,0.0,1314.0,0.4479,0.4481,0.4488,0.449,1.0077,o,1449.0,625.0,3105.0,94.0
223816,2024,178205.0,0.0,1576.0,0.5306,0.5375,0.5555,0.5637,1.201,o,1383.0,776.0,3150.0,147.0
223898,1998,56399.0,0.0,158.0,0.1681,0.1706,0.1773,0.1803,1.2372,o,,,,
223898,1999,85020.0,0.0,137.0,0.0967,0.1016,0.1153,0.122,2.0214,o,,,,
223898,2000,48474.0,0.0,163.0,0.2018,0.1982,0.1893,0.1854,0.7744,o,,,,
223898,2001,46509.0,0.0,153.0,0.1974,0.197,0.1962,0.1958,0.9763,o,,,,
223898,2002,49224.0,0.0,153.0,0.1865,0.1921,0.2075,0.2147,1.532,o,1227.0,,1795.0,
223898,2003,65860.0,0.0,192.0,0.1749,0.1825,0.2034,0.2135,1.8286,o,1342.0,,1924.0,
223898,2004,72060.0,0.0,166.0,0.1382,0.1411,0.1489,0.1525,1.3467,o,1509.0,,2275.0,23.0
223898,2005,78726.0,0.0,190.0,0.1448,0.1464,0.1508,0.1527,1.1748,o,1341.0,,2363.0,27.0
223898,2006,48238.0,0.0,198.0,0.2463,0.2452,0.2425,0.2414,0.9407,o,1070.0,,2437.0,67.0
223898,2007,61939.0,0.0,213.0,0.2063,0.2022,0.1921,0.1877,0.7509,o,1225.0,628.0,2365.0,60.0
223898,2008,72196.0,0.0,221.0,0.1837,0.1839,0.1844,0.1846,1.0162,o,1395.0,258.0,2333.0,44.0
223898,2009,76980.0,0.0,218.0,0.1699,0.1723,0.1784,0.1812,1.2157,o,1863.0,391.0,2293.0,31.0
223898,2010,92760.0,0.0,213.0,0.1378,0.1412,0.1505,0.1548,1.4221,o,1083.0,948.0,2899.0,
223898,2011,95010.0,0.0,232.0,0.1465,0.1424,0.1323,0.128,0.6648,o,1243.0,399.0,2915.0,
223898,2012,90630.0,0.0,288.0,0.1907,0.1884,0.1827,0.1803,0.8439,o,1159.0,362.0,2841.0,
223898,2013,80601.0,0.0,251.0,0.1868,0.1868,0.1867,0.1866,0.9966,o,1026.0,304.0,3048.0,28.0
223898,2014,76809.0,0.0,278.0,0.2172,0.2148,0.2088,0.2062,0.8543,o,1058.0,328.0,4029.0,31.0
223898,2015,76007.0,0.0,335.0,0.2644,0.2639,0.2623,0.2617,0.9684,o,970.0,264.0,4386.0,34.0
223898,2016,69751.0,0.0,330.0,0.2839,0.2824,0.2788,0.2772,0.9309,o,1021.0,336.0,4550.0,51.0
223898,2017,65237.0,0.0,321.0,0.2952,0.2954,0.2957,0.2959,1.0069,o,1045.0,304.0,4857.0,62.0
223898,2018,69076.0,0.0,384.0,0.3335,0.3347,0.3376,0.3389,1.0497,o,1138.0,331.0,4748.0,54.0
223898,2019,70232.0,0.0,446.0,0.381,0.3836,0.3904,0.3934,1.1016,o,1202.0,341.0,4649.0,86.0
223898,2020,70981.0,0.0,449.0,0.3795,0.3821,0.3888,0.3918,1.1012,o,1052.0,229.0,4579.0,89.0
223898,2021,64871.0,0.0,356.0,0.3293,0.3268,0.3206,0.3179,0.8991,o,979.0,263.0,4447.0,119.0
223898,2022,61187.0,0.0,405.0,0.3971,0.3932,0.3834,0.3791,0.8687,o,883.0,201.0,4180.0,99.0
223898,2023,58300.0,0.0,406.0,0.4178,0.4138,0.4035,0.399,0.8695,o,1074.0,238.0,4254.0,95.0
223898,2024,59464.0,0.0,426.0,0.4298,0.4342,0.4455,0.4506,1.1536,o,572.0,154.0,4110.0,89.0
223922,1999,20706.0,0.0,77.0,0.2231,0.1906,0.1271,0.1062,0.1054,o,,,,
223922,2000,19047.0,0.0,69.0,0.2174,0.1951,0.1477,0.1306,0.2134,o,,,,
223922,2001,20471.0,0.0,66.0,0.1934,0.2034,0.2315,0.2451,2.0494,o,,,,
223922,2002,19346.0,0.0,57.0,0.1768,0.1838,0.2032,0.2125,1.746,o,370.0,,1455.0,
223922,2003,20064.0,0.0,78.0,0.2333,0.2563,0.3264,0.3634,3.8342,o,335.0,,1468.0,32.0
223922,2004,21107.0,0.0,75.0,0.2132,0.2182,0.2317,0.238,1.3958,o,461.0,,2030.0,52.0
223922,2005,22987.0,0.0,65.0,0.1697,0.1729,0.1814,0.1854,1.3078,o,523.0,,2125.0,57.0
223922,2006,25433.0,0.0,100.0,0.2359,0.2405,0.2526,0.2582,1.3141,o,504.0,203.0,2318.0,69.0
223922,2007,25096.0,0.0,97.0,0.2319,0.2323,0.2333,0.2338,1.0244,o,438.0,57.0,2504.0,54.0
223922,2008,25256.0,0.0,92.0,0.2186,0.2161,0.21,0.2074,0.853,o,501.0,46.0,2669.0,66.0
223922,2009,28891.0,0.0,89.0,0.1848,0.1856,0.1877,0.1886,1.0637,o,584.0,89.0,2728.0,67.0
223922,2010,29410.0,0.0,162.0,0.3305,0.3356,0.349,0.3552,1.2439,o,541.0,146.0,2710.0,54.0
223922,2011,32989.0,0.0,122.0,0.2219,0.2218,0.2217,0.2217,0.9972,o,607.0,110.0,2781.0,50.0
223922,2012,29972.0,0.0,95.0,0.1902,0.1912,0.1938,0.195,1.0791,o,281.0,159.0,2776.0,53.0
223922,2015,27002.0,0.0,136.0,0.3022,0.3099,0.3307,0.3403,1.4336,o,643.0,89.0,2851.0,60.0
223922,2016,26828.0,0.0,114.0,0.255,0.2579,0.2658,0.2693,1.1809,o,434.0,214.0,3143.0,66.0
223922,2017,36080.0,0.0,155.0,0.2578,0.2518,0.237,0.2307,0.7144,o,605.0,167.0,3090.0,62.0
223922,2018,39887.0,0.0,147.0,0.2211,0.2229,0.2277,0.2298,1.1235,o,686.0,134.0,3021.0,49.0
223922,2019,35988.0,0.0,193.0,0.3218,0.3281,0.3449,0.3527,1.3205,o,674.0,129.0,3309.0,79.0
223922,2020,34974.0,0.0,186.0,0.3191,0.3201,0.3226,0.3237,1.0442,o,962.0,100.0,4075.0,66.0
223922,2021,31359.0,0.0,185.0,0.354,0.3627,0.386,0.3969,1.4147,o,795.0,143.0,4202.0,98.0
223922,2022,32199.0,0.0,174.0,0.3242,0.3236,0.3219,0.3212,0.9719,o,475.0,150.0,3949.0,110.0
223922,2023,30081.0,0.0,138.0,0.2753,0.2637,0.236,0.2247,0.5407,o,594.0,179.0,3851.0,116.0
223922,2024,30861.0,0.0,148.0,0.2877,0.2864,0.283,0.2815,0.9354,o,593.0,184.0,3720.0,90.0
224004,1998,19551.0,111.0,0.0,0.6813,0.7149,0.722,0.7402,1.1803,o,,,,
224004,1999,18521.0,135.0,0.0,0.8747,0.9533,0.9704,1.0145,1.3453,o,,,,
224004,2000,19225.0,102.0,0.0,0.6367,0.6581,0.6626,0.674,1.1208,o,,,,
224004,2001,19881.0,123.0,0.0,0.7424,0.7294,0.7268,0.7202,0.941,o,,,,
224004,2002,22621.0,96.0,0.0,0.5093,0.5226,0.5254,0.5325,1.0933,o,183.0,,22917.0,
224004,2003,24619.0,122.0,0.0,0.5947,0.6553,0.6686,0.7031,1.3978,o,170.0,,24675.0,470.0
224004,2004,26859.0,168.0,7.0,0.7662,0.8273,0.8405,0.8745,1.3026,o,150.0,,25555.0,465.0
224004,2005,25156.0,155.0,16.0,0.7775,0.772,0.7709,0.768,0.9756,o,208.0,,26011.0,549.0
224004,2006,29436.0,157.0,22.0,0.6849,0.6752,0.6732,0.6683,0.9521,o,203.0,173.0,26254.0,503.0
224004,2007,31456.0,199.0,16.0,0.7897,0.8253,0.8329,0.8521,1.1643,o,165.0,157.0,27328.0,509.0
224004,2008,31213.0,142.0,4.0,0.5536,0.5765,0.5814,0.5937,1.15,o,241.0,154.0,27671.0,483.0
224004,2009,31804.0,215.0,10.0,0.8301,0.8609,0.8675,0.884,1.1341,o,235.0,142.0,29481.0,529.0
224004,2010,33826.0,186.0,12.0,0.6811,0.7108,0.7171,0.733,1.1582,o,252.0,221.0,30305.0,491.0
224004,2011,36769.0,186.0,12.0,0.6266,0.6797,0.6912,0.7208,1.3234,o,276.0,213.0,30292.0,548.0
224004,2012,42427.0,241.0,11.0,0.6972,0.7524,0.7644,0.7951,1.3005,o,259.0,199.0,31185.0,574.0
224004,2013,43623.0,306.0,6.0,0.85,0.8793,0.8855,0.9012,1.124,o,192.0,195.0,31548.0,570.0
224004,2014,41786.0,302.0,1.0,0.8687,0.8496,0.8457,0.836,0.9261,o,242.0,219.0,34073.0,624.0
224004,2015,44009.0,290.0,1.0,0.7921,0.7483,0.7396,0.7181,0.822,o,267.0,337.0,35195.0,602.0
224004,2016,47028.0,298.0,0.0,0.7604,0.7495,0.7473,0.7417,0.9514,o,280.0,211.0,36508.0,616.0
224004,2017,45397.0,310.0,0.0,0.8194,0.8666,0.8767,0.9024,1.2129,o,278.0,220.0,37300.0,634.0
224004,2018,46209.0,295.0,0.0,0.7661,0.824,0.8365,0.8687,1.2857,o,217.0,211.0,38136.0,639.0
224004,2019,48614.0,360.0,0.0,0.8886,0.8815,0.88,0.8763,0.9725,o,235.0,221.0,38815.0,692.0
224004,2020,51914.0,472.0,0.0,1.091,1.0323,1.0206,0.9918,0.8263,o,220.0,176.0,39496.0,747.0
224004,2021,53278.0,470.0,0.0,1.0586,0.9978,0.9856,0.9559,0.8154,o,201.0,221.0,39452.0,768.0
224004,2022,52346.0,478.0,0.0,1.0958,1.0455,1.0354,1.0106,0.8505,o,185.0,185.0,37848.0,714.0
224004,2023,47815.0,502.0,0.0,1.2599,1.2035,1.1921,1.1642,0.854,o,232.0,170.0,36872.0,669.0
224004,2024,40565.0,391.0,0.0,1.1567,1.1278,1.1219,1.1073,0.9165,o,176.0,129.0,36690.0,650.0
224110,1998,111390.0,0.0,261.0,0.1406,0.1415,0.1438,0.1448,1.0943,o,,,,
224110,1999,82962.0,0.0,278.0,0.2011,0.2046,0.214,0.2183,1.2834,o,,,,
224110,2001,62639.0,0.0,273.0,0.2615,0.2701,0.2934,0.3044,1.5841,o,,,,
224110,2002,84649.0,0.0,284.0,0.2013,0.2053,0.2159,0.2208,1.3225,o,2438.0,,1206.0,
224110,2003,104138.0,0.0,335.0,0.193,0.1958,0.203,0.2063,1.2242,o,2379.0,,1285.0,81.0
224110,2004,130637.0,0.0,393.0,0.1805,0.1812,0.183,0.1838,1.0562,o,2483.0,,1556.0,81.0
224110,2006,91166.0,0.0,363.0,0.2389,0.2414,0.2478,0.2507,1.1571,o,2270.0,,1461.0,132.0
224110,2007,109833.0,0.0,311.0,0.1699,0.1681,0.1635,0.1615,0.8573,o,1697.0,996.0,1561.0,126.0
224110,2008,148162.0,0.0,350.0,0.1417,0.1378,0.1281,0.1241,0.6677,o,831.0,866.0,1510.0,95.0
224110,2009,163481.0,0.0,442.0,0.1622,0.1526,0.1305,0.1217,0.419,o,1275.0,468.0,1554.0,94.0
224110,2010,179883.0,0.0,513.0,0.1711,0.1712,0.1715,0.1716,1.0087,o,1186.0,444.0,1544.0,83.0
224110,2011,184466.0,0.0,571.0,0.1857,0.1873,0.1913,0.1932,1.1263,o,1135.0,480.0,1541.0,86.0
224110,2012,193187.0,0.0,611.0,0.1898,0.1887,0.186,0.1848,0.9224,o,1113.0,522.0,1600.0,89.0
224110,2013,196512.0,0.0,827.0,0.2525,0.2518,0.2499,0.249,0.9591,o,2663.0,1257.0,1636.0,90.0
224110,2014,196468.0,0.0,816.0,0.2492,0.2647,0.3092,0.3313,2.3692,o,2406.0,1263.0,1769.0,92.0
224110,2015,189968.0,0.0,922.0,0.2912,0.2962,0.3094,0.3155,1.2744,o,2236.0,1073.0,1880.0,99.0
224110,2016,178012.0,0.0,854.0,0.2878,0.2853,0.279,0.2762,0.8822,o,2638.0,766.0,2178.0,115.0
224110,2017,176595.0,0.0,731.0,0.2484,0.2506,0.2564,0.2591,1.1366,o,2929.0,779.0,2325.0,115.0
224110,2018,184713.0,0.0,843.0,0.2738,0.2774,0.2867,0.291,1.2019,o,2777.0,1016.0,2542.0,125.0
224110,2019,191638.0,0.0,905.0,0.2833,0.2833,0.2832,0.2831,0.9977,o,1408.0,715.0,2665.0,126.0
224110,2020,184780.0,0.0,994.0,0.3228,0.3072,0.2705,0.2557,0.4935,o,1131.0,424.0,2885.0,140.0
224110,2021,161816.0,0.0,981.0,0.3637,0.3484,0.3119,0.2969,0.5405,o,1149.0,1456.0,2801.0,150.0
224110,2022,146382.0,0.0,1101.0,0.4513,0.4481,0.4402,0.4367,0.9051,o,1234.0,1312.0,2633.0,136.0
224110,2023,143255.0,0.0,1115.0,0.467,0.4696,0.4763,0.4794,1.0825,o,1367.0,1454.0,2609.0,131.0
224110,2024,153221.0,0.0,871.0,0.3411,0.3444,0.353,0.3569,1.1473,o,1342.0,1594.0,2520.0,133.0
224147,1998,119806.0,749.0,0.0,0.7502,0.9402,1.0427,1.2006,2.5612,o,,,,
224147,1999,129698.0,880.0,0.0,0.8142,0.8972,0.938,0.9967,1.4985,o,,,,
224147,2000,140126.0,889.0,0.0,0.7613,0.8735,0.9304,1.0138,1.7734,o,,,,
224147,2001,150776.0,897.0,0.0,0.7139,0.8249,0.8814,0.9648,1.8263,o,,,,
224147,2002,170779.0,920.0,0.0,0.6464,0.7472,0.7985,0.8742,1.8288,o,1007.0,,3994.0,
224147,2003,174271.0,1085.0,0.0,0.7471,0.8335,0.8764,0.9384,1.5777,o,1111.0,,4850.0,121.0
224147,2004,176021.0,1129.0,0.0,0.7697,0.8274,0.8553,0.8948,1.3516,o,1174.0,,5393.0,150.0
224147,2005,183307.0,1169.0,0.0,0.7653,0.8031,0.821,0.8462,1.2226,o,1258.0,,6194.0,213.0
224147,2006,187686.0,1191.0,0.0,0.7615,0.7923,0.8068,0.827,1.1794,o,1160.0,,6346.0,213.0
224147,2007,193622.0,1284.0,0.0,0.7958,0.8215,0.8335,0.8503,1.1416,o,1039.0,531.0,6759.0,225.0
224147,2008,193922.0,1324.0,0.0,0.8193,0.8118,0.8084,0.8037,0.9624,o,1278.0,856.0,7535.0,239.0
224147,2009,199248.0,1405.0,0.0,0.8462,0.8364,0.832,0.8259,0.9527,o,1375.0,906.0,7534.0,234.0
224147,2010,206806.0,1335.0,0.0,0.7746,0.7921,0.8002,0.8114,1.0972,o,1406.0,835.0,8031.0,253.0
224147,2011,220974.0,1308.0,0.0,0.7103,0.7515,0.7712,0.7988,1.2647,o,1483.0,855.0,8786.0,265.0
224147,2012,227326.0,1453.0,0.0,0.767,0.8087,0.8286,0.8565,1.2469,o,1763.0,785.0,8972.0,287.0
224147,2013,237788.0,1464.0,0.0,0.7388,0.7755,0.7929,0.8172,1.2235,o,2087.0,907.0,9470.0,298.0
224147,2014,244988.0,1484.0,0.0,0.7269,0.7859,0.8145,0.8553,1.3844,o,2029.0,956.0,9443.0,298.0
224147,2015,246506.0,1486.0,0.0,0.7234,0.7875,0.8188,0.8634,1.4247,o,2342.0,733.0,9993.0,311.0
224147,2016,253584.0,1591.0,0.0,0.7529,0.8086,0.8355,0.8737,1.3466,o,2410.0,901.0,10340.0,322.0
224147,2017,259825.0,1672.0,0.0,0.7722,0.8122,0.8313,0.8579,1.2343,o,2267.0,877.0,10739.0,328.0
224147,2018,269632.0,1747.0,0.0,0.7775,0.8017,0.8131,0.8288,1.1363,o,2050.0,754.0,10905.0,320.0
224147,2019,263068.0,1764.0,0.0,0.8047,0.8023,0.8012,0.7997,0.9876,o,1915.0,724.0,11086.0,310.0
224147,2020,250095.0,1915.0,0.0,0.9189,0.8798,0.8624,0.8393,0.8344,o,1612.0,604.0,11144.0,328.0
224147,2021,228652.0,1865.0,0.0,0.9788,0.9147,0.8867,0.85,0.7541,o,1857.0,743.0,11151.0,330.0
224147,2022,215792.0,1787.0,0.0,0.9937,0.9429,0.9205,0.8908,0.8036,o,1984.0,644.0,10694.0,345.0
224147,2023,213828.0,1696.0,0.0,0.9518,0.9446,0.9413,0.9368,0.9687,o,2064.0,577.0,10091.0,311.0
224147,2024,213812.0,1538.0,0.0,0.8632,0.8922,0.9058,0.9247,1.1477,o,2237.0,606.0,9748.0,295.0
224183,1998,19290.0,0.0,15.0,0.0467,0.0467,0.0467,0.0467,,-,,,,
224183,1999,17670.0,0.0,21.0,0.0713,0.0713,0.0713,0.0713,,-,,,,
224183,2000,18017.0,0.0,26.0,0.0866,0.0866,0.0866,0.0866,,-,,,,
224183,2001,18833.0,0.0,10.0,0.0319,0.0319,0.0319,0.0319,,-,,,,
224183,2002,20007.0,0.0,28.0,0.084,0.084,0.084,0.084,,-,174.0,,10393.0,
224183,2003,26317.0,0.0,19.0,0.0433,0.0433,0.0433,0.0433,,-,281.0,,10196.0,365.0
224183,2004,44017.0,0.0,54.0,0.0736,0.0736,0.0736,0.0736,,-,239.0,,11169.0,288.0
224183,2005,40223.0,0.0,35.0,0.0522,0.0522,0.0522,0.0522,,-,211.0,,10841.0,119.0
224183,2006,37667.0,0.0,46.0,0.0733,0.0733,0.0733,0.0733,,-,129.0,,11125.0,337.0
224183,2007,32757.0,0.0,38.0,0.0696,0.0696,0.0696,0.0696,,-,156.0,107.0,10798.0,349.0
224183,2008,31147.0,0.0,16.0,0.0308,0.0308,0.0308,0.0308,,-,235.0,,13741.0,395.0
224183,2009,28180.0,0.0,19.0,0.0405,0.0405,0.0405,0.0405,,-,308.0,,13510.0,475.0
224183,2010,18269.0,0.0,13.0,0.0427,0.0427,0.0427,0.0427,,-,32.0,28.0,14259.0,474.0
224183,2012,12191.0,0.0,4.0,0.0197,0.0197,0.0197,0.0197,,-,17.0,40.0,13708.0,440.0
224183,2013,4785.0,0.0,1.0,0.0125,0.0125,0.0125,0.0125,,-,8.0,,13468.0,814.0
224226,1998,57925.0,590.0,1.0,1.2233,1.5631,1.6445,1.8668,2.3287,o,,,,
224226,1999,63836.0,634.0,1.0,1.1927,1.1767,1.1735,1.1653,0.9545,o,,,,
224226,2000,66940.0,652.0,3.0,1.1715,0.8541,0.8001,0.6794,0.3364,o,,,,
224226,2001,67698.0,662.0,0.0,1.1734,0.8315,0.7744,0.648,0.3049,o,,,,
224226,2002,74051.0,711.0,1.0,1.153,0.9339,0.894,0.8017,0.4835,o,268.0,,16889.0,
224226,2003,78011.0,779.0,1.0,1.1991,1.1964,1.1958,1.1944,0.9923,o,298.0,,17588.0,476.0
224226,2004,81042.0,777.0,1.0,1.1513,1.1852,1.1924,1.2104,1.1055,o,325.0,,18258.0,502.0
224226,2005,82086.0,803.0,1.0,1.1746,1.2542,1.2713,1.3151,1.2535,o,362.0,,18687.0,511.0
224226,2006,84885.0,771.0,0.0,1.0899,1.1856,1.2064,1.2601,1.3366,o,360.0,,19118.0,502.0
224226,2007,85604.0,754.0,1.0,1.0577,1.135,1.1517,1.1946,1.2756,o,329.0,301.0,20644.0,538.0
224226,2008,87573.0,811.0,0.0,1.1113,1.1442,1.1512,1.1687,1.1059,o,350.0,275.0,21862.0,539.0
224226,2009,87185.0,806.0,0.0,1.1094,1.1056,1.1048,1.1029,0.9884,o,351.0,222.0,23654.0,570.0
224226,2010,86371.0,858.0,1.0,1.1928,1.1826,1.1805,1.1753,0.9709,o,376.0,270.0,25002.0,590.0
224226,2011,85742.0,793.0,0.0,1.1098,1.1273,1.1309,1.14,1.0552,o,444.0,278.0,26090.0,621.0
224226,2012,86399.0,697.0,0.0,0.9681,1.0225,1.0342,1.0638,1.2077,o,492.0,280.0,27076.0,634.0
224226,2013,87111.0,765.0,1.0,1.0545,1.1467,1.1668,1.2185,1.3352,o,492.0,285.0,28220.0,655.0
224226,2014,85343.0,728.0,6.0,1.0279,1.1222,1.1427,1.1958,1.3535,o,494.0,280.0,29426.0,674.0
224226,2015,83383.0,785.0,7.0,1.1348,1.1971,1.2104,1.2443,1.2024,o,499.0,255.0,30874.0,712.0
224226,2016,81244.0,734.0,19.0,1.0982,1.1172,1.1211,1.1311,1.0609,o,527.0,257.0,32268.0,737.0
224226,2017,80304.0,670.0,16.0,1.0132,1.0255,1.0281,1.0345,1.0427,o,540.0,246.0,33374.0,743.0
224226,2018,79037.0,688.0,22.0,1.0613,1.0859,1.091,1.104,1.0822,o,548.0,207.0,34248.0,772.0
224226,2019,76959.0,684.0,12.0,1.0759,1.1048,1.1109,1.1262,1.0957,o,572.0,181.0,35227.0,768.0
224226,2020,72578.0,639.0,15.0,1.0689,1.0964,1.1022,1.1168,1.0916,o,616.0,133.0,36443.0,744.0
224226,2021,71731.0,595.0,32.0,1.0222,1.0545,1.0613,1.0786,1.1134,o,686.0,160.0,37281.0,731.0
224226,2022,71647.0,588.0,26.0,1.0066,1.0604,1.0719,1.1012,1.1967,o,821.0,161.0,36882.0,667.0
224226,2023,73997.0,544.0,4.0,0.8854,0.965,0.9824,1.0271,1.3455,o,579.0,269.0,36551.0,661.0
224226,2024,69766.0,589.0,22.0,1.032,1.0824,1.0931,1.1203,1.1785,o,614.0,254.0,38140.0,692.0
224244,1998,7487.0,37.0,0.0,0.593,0.7002,0.7247,0.7898,1.7736,o,,,,
224244,1999,7542.0,55.0,0.0,0.8751,1.0128,1.0439,1.1258,1.6552,o,,,,
224244,2000,7083.0,44.0,0.0,0.7454,0.8123,0.8269,0.8645,1.3448,o,,,,
224244,2001,5755.0,51.0,0.0,1.0634,0.9843,0.9687,0.9307,0.766,o,,,,
224244,2002,6738.0,39.0,0.0,0.6946,0.6441,0.6341,0.6098,0.7708,o,35.0,,11398.0,
224244,2003,7722.0,60.0,0.0,0.9324,0.9324,0.9324,0.9324,1.0,o,46.0,,11726.0,345.0
224244,2004,8901.0,48.0,0.0,0.6471,0.6696,0.6744,0.6864,1.125,o,50.0,,11973.0,296.0
224244,2005,8766.0,66.0,0.0,0.9035,0.9743,0.9897,1.0291,1.2973,o,40.0,,12445.0,334.0
224244,2006,8172.0,70.0,0.0,1.0279,1.0715,1.0807,1.1041,1.1538,o,48.0,,13350.0,419.0
224244,2007,9090.0,52.0,1.0,0.6931,0.7099,0.7135,0.7224,1.0864,o,45.0,32.0,14216.0,337.0
224244,2008,5651.0,59.0,1.0,1.2635,1.2519,1.2495,1.2436,0.9688,o,31.0,40.0,15464.0,530.0
224244,2009,8364.0,51.0,1.0,0.7389,0.7035,0.6964,0.679,0.8444,o,42.0,68.0,15695.0,377.0
224244,2010,7689.0,54.0,1.0,0.8506,0.8057,0.7967,0.7747,0.8295,o,51.0,50.0,16508.0,455.0
224244,2011,7752.0,46.0,1.0,0.7198,0.7198,0.7198,0.7198,1.0,o,48.0,57.0,17014.0,473.0
224244,2012,7452.0,53.0,3.0,0.8776,0.9476,0.9627,1.0016,1.3026,o,53.0,63.0,17889.0,470.0
224244,2013,7685.0,42.0,0.0,0.6558,0.7206,0.7347,0.7714,1.3836,o,48.0,56.0,18474.0,500.0
224244,2014,7684.0,50.0,2.0,0.7965,0.8158,0.8198,0.83,1.086,o,62.0,55.0,19338.0,514.0
224244,2015,7446.0,49.0,1.0,0.7977,0.8225,0.8277,0.8409,1.1111,o,60.0,60.0,20224.0,506.0
224244,2016,6918.0,38.0,5.0,0.7025,0.7421,0.7505,0.7721,1.2079,o,32.0,46.0,21438.0,583.0
224244,2017,5662.0,33.0,5.0,0.7524,0.7323,0.7282,0.7181,0.9109,o,48.0,38.0,22250.0,581.0
224244,2018,5196.0,35.0,3.0,0.843,0.7686,0.754,0.7189,0.7273,o,49.0,36.0,23348.0,615.0
224244,2019,4875.0,36.0,0.0,0.8862,0.8291,0.8178,0.7902,0.7951,o,34.0,42.0,22859.0,607.0
224244,2020,4612.0,39.0,1.0,1.0278,0.9975,0.9914,0.9762,0.9022,o,50.0,41.0,22940.0,588.0
224244,2021,5337.0,36.0,2.0,0.8319,0.8438,0.8463,0.8525,1.05,o,111.0,40.0,22278.0,452.0
224244,2022,8940.0,32.0,3.0,0.4497,0.5208,0.5369,0.5793,1.6598,o,79.0,35.0,21103.0,310.0
224244,2023,6429.0,31.0,5.0,0.6253,0.795,0.8355,0.9461,2.2892,o,89.0,52.0,21303.0,400.0
224244,2024,6726.0,33.0,2.0,0.6066,0.7417,0.7732,0.8579,2.0,o,60.0,28.0,20260.0,421.0
224271,1998,6016.0,0.0,137.0,1.3664,1.3664,1.3664,1.3664,,-,,,,
224271,1999,5640.0,0.0,134.0,1.4255,1.4255,1.4255,1.4255,,-,,,,
224271,2001,7267.0,0.0,86.0,0.7101,0.7101,0.7101,0.7101,,-,,,,
224271,2002,6885.0,0.0,81.0,0.7059,0.7059,0.7059,0.7059,,-,49.0,,13858.0,
224271,2003,13580.0,0.0,66.0,0.2916,0.2916,0.2916,0.2916,,-,50.0,,13595.0,181.0
224271,2004,8605.0,0.0,104.0,0.7252,0.7252,0.7252,0.7252,,-,83.0,,15589.0,235.0
224271,2005,7037.0,0.0,89.0,0.7589,0.7589,0.7589,0.7589,,-,96.0,,15130.0,279.0
224271,2006,5861.0,0.0,72.0,0.737,0.737,0.737,0.737,,-,57.0,,15581.0,293.0
224271,2007,6959.0,0.0,74.0,0.6381,0.6381,0.6381,0.6381,,-,55.0,16.0,15124.0,227.0
224271,2008,6133.0,0.0,63.0,0.6163,0.6163,0.6163,0.6163,,-,45.0,,16389.0,284.0
224271,2009,5919.0,0.0,63.0,0.6387,0.6387,0.6387,0.6387,,-,34.0,7.0,17266.0,273.0
224271,2010,6014.0,0.0,60.0,0.5986,0.5986,0.5986,0.5986,,-,56.0,,17154.0,375.0
224271,2011,6624.0,0.0,78.0,0.7065,0.7065,0.7065,0.7065,,-,47.0,44.0,16751.0,335.0
224271,2012,6088.0,0.0,78.0,0.7687,0.7687,0.7687,0.7687,,-,25.0,63.0,16327.0,359.0
224271,2013,7095.0,0.0,69.0,0.5835,0.5835,0.5835,0.5835,,-,25.0,23.0,12031.0,257.0
224271,2014,8430.0,0.0,55.0,0.3915,0.3915,0.3915,0.3915,,-,34.0,85.0,13824.0,223.0
224271,2015,7410.0,0.0,45.0,0.3644,0.3644,0.3644,0.3644,,-,25.0,34.0,13707.0,276.0
224271,2018,10657.0,0.0,53.0,0.2984,0.2984,0.2984,0.2984,,-,52.0,119.0,14793.0,169.0
224271,2019,8504.0,0.0,67.0,0.4727,0.4727,0.4727,0.4727,,-,74.0,112.0,14484.0,305.0
224271,2020,10843.0,0.0,88.0,0.4869,0.4869,0.4869,0.4869,,-,88.0,174.0,14267.0,338.0
224271,2021,23584.0,0.0,82.0,0.2086,0.2086,0.2086,0.2086,,-,130.0,220.0,14929.0,211.0
224271,2022,22755.0,0.0,62.0,0.1635,0.1635,0.1635,0.1635,,-,174.0,380.0,14607.0,279.0
224271,2023,18125.0,0.0,104.0,0.3443,0.3443,0.3443,0.3443,,-,38.0,61.0,13664.0,433.0
224271,2024,18109.0,0.0,147.0,0.487,0.487,0.487,0.487,,-,196.0,140.0,13496.0,366.0
224323,1998,34433.0,232.0,0.0,0.8085,0.8183,0.8204,0.8255,1.0424,o,,,,
224323,1999,35212.0,229.0,0.0,0.7804,0.8066,0.8122,0.8262,1.1207,o,,,,
224323,2000,36185.0,233.0,0.0,0.7727,0.8157,0.825,0.8484,1.2056,o,,,,
224323,2001,37152.0,221.0,0.0,0.7138,0.7421,0.7481,0.7633,1.1434,o,,,,
224323,2002,38133.0,286.0,0.0,0.9,0.9156,0.9189,0.9271,1.061,o,308.0,,27861.0,
224323,2003,37224.0,254.0,0.0,0.8188,0.8247,0.8259,0.8289,1.0248,o,299.0,,28930.0,570.0
224323,2004,35385.0,248.0,0.0,0.841,0.848,0.8494,0.8531,1.0288,o,243.0,,30023.0,581.0
224323,2005,34547.0,244.0,0.0,0.8475,0.8265,0.8223,0.8116,0.9171,o,256.0,,30843.0,589.0
224323,2006,33988.0,224.0,0.0,0.7909,0.743,0.7334,0.7101,0.8061,o,315.0,60.0,31794.0,597.0
224323,2007,35210.0,254.0,0.0,0.8657,0.8504,0.8473,0.8396,0.9407,o,363.0,56.0,32977.0,584.0
224323,2008,37253.0,227.0,0.0,0.7312,0.7803,0.7908,0.8178,1.2509,o,342.0,55.0,34047.0,603.0
224323,2009,39430.0,255.0,0.0,0.7761,0.8579,0.8758,0.9224,1.4128,o,320.0,50.0,35639.0,615.0
224323,2010,39948.0,256.0,0.0,0.769,0.8027,0.8098,0.828,1.1594,o,376.0,41.0,37587.0,634.0
224323,2011,41522.0,271.0,0.0,0.7832,0.7892,0.7904,0.7935,1.0265,o,371.0,42.0,41222.0,647.0
224323,2012,41958.0,298.0,0.0,0.8523,0.8667,0.8697,0.8773,1.0596,o,354.0,46.0,42383.0,667.0
224323,2013,41641.0,283.0,0.0,0.8155,0.8373,0.8419,0.8535,1.0952,o,380.0,54.0,41534.0,678.0
224323,2014,43372.0,286.0,0.0,0.7913,0.8036,0.8062,0.8126,1.0546,o,342.0,36.0,43592.0,684.0
224323,2015,41244.0,299.0,0.0,0.8699,0.8614,0.8596,0.8553,0.9665,o,393.0,39.0,44947.0,769.0
224323,2016,40794.0,275.0,0.0,0.8089,0.8122,0.8128,0.8145,1.0138,o,371.0,48.0,46412.0,749.0
224323,2017,41476.0,332.0,0.0,0.9606,0.9718,0.9741,0.98,1.0409,o,419.0,40.0,47460.0,755.0
224323,2018,42922.0,260.0,0.0,0.7269,0.7461,0.7502,0.7604,1.0942,o,376.0,44.0,48251.0,777.0
224323,2019,43589.0,338.0,0.0,0.9305,0.9519,0.9564,0.9677,1.0816,o,382.0,44.0,49604.0,774.0
224323,2020,44075.0,320.0,0.0,0.8712,0.8693,0.8688,0.8678,0.9921,o,379.0,48.0,51299.0,708.0
224323,2021,43060.0,311.0,0.0,0.8667,0.8573,0.8554,0.8506,0.9633,o,476.0,26.0,52712.0,678.0
224323,2022,44572.0,307.0,0.0,0.8265,0.8442,0.8478,0.8572,1.0755,o,404.0,44.0,51412.0,656.0
224323,2023,43593.0,303.0,0.0,0.8341,0.871,0.8788,0.8987,1.161,o,348.0,24.0,49687.0,617.0
224323,2024,42703.0,286.0,0.0,0.8037,0.8009,0.8004,0.7989,0.9882,o,395.0,47.0,50880.0,603.0
224350,1998,253650.0,0.0,612.0,0.1448,0.1447,0.1444,0.1443,0.9898,o,,,,
224350,1999,202215.0,0.0,706.0,0.2095,0.2087,0.2068,0.206,0.9501,o,,,,
224350,2000,124053.0,0.0,383.0,0.1852,0.1853,0.1853,0.1853,1.0008,o,,,,
224350,2001,128039.0,0.0,724.0,0.3393,0.3404,0.3434,0.3447,1.0497,o,,,,
224350,2002,137069.0,0.0,719.0,0.3147,0.3116,0.3036,0.3001,0.8659,o,1846.0,,1663.0,
224350,2003,145581.0,0.0,825.0,0.34,0.3396,0.3386,0.3382,0.9837,o,1770.0,,1676.0,80.0
224402,1998,88710.0,238.0,137.0,0.4146,0.4146,0.4146,0.4146,,x,,,,
224402,1999,111677.0,304.0,125.0,0.3938,0.3938,0.3938,0.3938,,x,,,,
224402,2000,114469.0,387.0,157.0,0.488,0.488,0.488,0.488,,x,,,,
224402,2001,130338.0,403.0,126.0,0.429,0.429,0.429,0.429,,x,,,,
224402,2002,133877.0,519.0,85.0,0.5033,0.5033,0.5033,0.5033,,x,845.0,,15140.0,
224402,2003,111691.0,444.0,119.0,0.541,0.541,0.541,0.541,,x,922.0,,15957.0,494.0
224402,2004,99609.0,464.0,71.0,0.6018,0.6018,0.6018,0.6018,,x,575.0,,16517.0,573.0
224402,2005,91611.0,438.0,62.0,0.6143,0.6143,0.6143,0.6143,,x,454.0,,17995.0,607.0
224402,2006,67336.0,443.0,90.0,0.8697,0.8697,0.8697,0.8697,,x,523.0,,18853.0,807.0
224402,2007,74375.0,421.0,87.0,0.7494,0.7494,0.7494,0.7494,,x,629.0,633.0,19131.0,814.0
224402,2008,77857.0,404.0,90.0,0.692,0.692,0.692,0.692,,x,600.0,664.0,19345.0,877.0
224402,2009,104640.0,469.0,104.0,0.5975,0.5975,0.5975,0.5975,,x,782.0,753.0,20330.0,749.0
224402,2010,128250.0,530.0,86.0,0.5361,0.5361,0.5361,0.5361,,x,929.0,1441.0,20859.0,776.0
224402,2011,133350.0,635.0,109.0,0.6205,0.6205,0.6205,0.6205,,x,556.0,1049.0,20696.0,843.0
224402,2012,103890.0,662.0,141.0,0.8461,0.8461,0.8461,0.8461,,x,204.0,601.0,20665.0,883.0
224439,2002,23379.0,0.0,0.0,0.0,0.0,0.0,0.0,,-,474.0,,,
224439,2005,19333.0,0.0,0.0,0.0,0.0,0.0,0.0,,-,854.0,,17705.0,770.0
224439,2006,22248.0,0.0,0.0,0.0,0.0,0.0,0.0,,-,927.0,,17139.0,651.0
224439,2008,30093.0,0.0,20.0,0.0399,0.0399,0.0399,0.0399,,-,313.0,,19609.0,701.0
224439,2009,58050.0,0.0,44.0,0.0455,0.0455,0.0455,0.0455,,-,473.0,,20647.0,431.0
224439,2010,60186.0,0.0,89.0,0.0887,0.0887,0.0887,0.0887,,-,1395.0,,23372.0,596.0
224439,2011,79764.0,0.0,89.0,0.0669,0.0669,0.0669,0.0669,,-,410.0,,25012.0,487.0
224439,2013,36240.0,0.0,126.0,0.2086,0.2086,0.2086,0.2086,,-,529.0,,24998.0,785.0
224439,2014,38391.0,7.0,47.0,0.0953,0.0953,0.0953,0.0953,,-,529.0,,29360.0,789.0
224527,1998,38820.0,191.0,0.0,0.5904,0.5789,0.5766,0.5707,0.9345,o,,,,
224527,1999,32479.0,221.0,1.0,0.8184,0.7974,0.7931,0.7826,0.9144,o,,,,
224527,2000,32997.0,221.0,1.0,0.8055,0.8109,0.812,0.8148,1.0233,o,,,,
224527,2001,36967.0,186.0,0.0,0.6038,0.651,0.6613,0.6876,1.2968,o,,,,
224527,2002,39093.0,206.0,0.0,0.6323,0.704,0.7198,0.7608,1.4477,o,344.0,,15677.0,
224527,2003,38314.0,226.0,0.0,0.7078,0.7564,0.7668,0.7936,1.257,o,247.0,,16654.0,395.0
224527,2004,35263.0,207.0,4.0,0.7112,0.6714,0.6634,0.6439,0.8197,o,348.0,,17064.0,402.0
224527,2005,38956.0,265.0,0.0,0.8163,0.7522,0.7395,0.7089,0.7541,o,301.0,,19315.0,422.0
224527,2006,36742.0,221.0,0.0,0.7218,0.7007,0.6964,0.6858,0.9026,o,342.0,124.0,20006.0,433.0
224527,2007,36375.0,221.0,1.0,0.7307,0.7488,0.7526,0.7622,1.088,o,313.0,109.0,20749.0,407.0
224527,2008,34585.0,258.0,0.0,0.8952,0.9205,0.9258,0.9392,1.1008,o,296.0,114.0,21482.0,416.0
224527,2009,32888.0,216.0,0.0,0.7881,0.7737,0.7708,0.7635,0.9384,o,280.0,111.0,23222.0,407.0
224527,2010,32707.0,195.0,0.0,0.7154,0.693,0.6884,0.6771,0.8958,o,285.0,114.0,24559.0,422.0
224527,2011,31244.0,206.0,0.0,0.7912,0.758,0.7513,0.7348,0.8626,o,333.0,98.0,27291.0,458.0
224527,2012,30686.0,207.0,0.0,0.8095,0.8129,0.8137,0.8154,1.0148,o,360.0,119.0,27893.0,488.0
224527,2013,30314.0,184.0,0.0,0.7284,0.7685,0.7771,0.7989,1.2031,o,345.0,82.0,28781.0,543.0
224527,2014,29055.0,175.0,0.0,0.7228,0.7707,0.781,0.8074,1.2478,o,364.0,108.0,29742.0,594.0
224527,2015,29619.0,174.0,0.0,0.705,0.7336,0.7397,0.7551,1.1472,o,343.0,101.0,30391.0,575.0
224527,2016,30050.0,215.0,0.0,0.8586,0.8636,0.8646,0.8672,1.0202,o,351.0,120.0,31397.0,588.0
224527,2017,36322.0,227.0,0.0,0.75,0.7465,0.7458,0.7441,0.9844,o,424.0,120.0,31487.0,546.0
224527,2018,38368.0,234.0,0.0,0.7319,0.751,0.755,0.7652,1.0931,o,404.0,140.0,31743.0,508.0
224527,2019,42044.0,271.0,0.0,0.7735,0.8097,0.8174,0.8371,1.1711,o,350.0,110.0,32177.0,507.0
224527,2020,40764.0,277.0,0.0,0.8154,0.8353,0.8394,0.8499,1.0865,o,403.0,105.0,32705.0,507.0
224527,2021,40992.0,322.0,0.0,0.9426,0.9348,0.9332,0.9291,0.9716,o,405.0,116.0,32262.0,424.0
224527,2022,40648.0,284.0,0.0,0.8384,0.8325,0.8313,0.8282,0.9758,o,391.0,105.0,30695.0,408.0
224527,2023,41139.0,263.0,0.0,0.7672,0.7793,0.7818,0.7882,1.0557,o,376.0,112.0,29926.0,392.0
224527,2024,42399.0,273.0,0.0,0.7727,0.7768,0.7777,0.7798,1.0186,o,354.0,125.0,30050.0,403.0
224545,1998,16582.0,209.0,0.0,1.5125,1.5125,1.5125,1.5125,,n,,,,
224545,1999,18378.0,209.0,0.0,1.3647,1.3647,1.3647,1.3647,,n,,,,
224545,2000,18355.0,223.0,0.0,1.4579,1.4579,1.4579,1.4579,,n,,,,
224545,2001,18306.0,246.0,0.0,1.6126,1.6126,1.6126,1.6126,,n,,,,
224545,2002,18664.0,275.0,0.0,1.7681,1.7681,1.7681,1.7681,,n,,,,
224545,2003,19355.0,231.0,0.0,1.4322,1.4322,1.4322,1.4322,,n,,,,243.0
224545,2004,21517.0,264.0,0.0,1.4723,1.4723,1.4723,1.4723,,n,,,,204.0
224545,2005,21888.0,286.0,0.0,1.568,1.568,1.568,1.568,,n,,,,87.0
224545,2006,22692.0,315.0,0.0,1.6658,1.6658,1.6658,1.6658,,n,,,,92.0
224545,2007,22815.0,322.0,0.0,1.6936,1.6936,1.6936,1.6936,,n,,236.0,,143.0
224545,2008,22503.0,334.0,0.0,1.7811,1.7811,1.7811,1.7811,,n,,282.0,,135.0
224545,2009,24123.0,336.0,0.0,1.6714,1.6714,1.6714,1.6714,,n,,235.0,,159.0
224545,2010,25436.0,352.0,0.0,1.6606,1.6606,1.6606,1.6606,,n,131.0,372.0,,197.0
224545,2011,29974.0,330.0,0.0,1.3211,1.3211,1.3211,1.3211,,n,218.0,345.0,6236.0,186.0
224545,2012,35232.0,375.0,0.0,1.2772,1.2772,1.2772,1.2772,,n,204.0,277.0,6768.0,199.0
224545,2013,31009.0,350.0,0.0,1.3544,1.3544,1.3544,1.3544,,n,159.0,262.0,7122.0,242.0
224545,2014,31881.0,328.0,0.0,1.2346,1.2346,1.2346,1.2346,,n,174.0,266.0,7344.0,211.0
224545,2015,32453.0,360.0,0.0,1.3312,1.3162,1.3095,1.3003,0.9542,o,161.0,325.0,7910.0,254.0
224545,2016,34191.0,323.0,0.0,1.1336,1.0725,1.0456,1.01,0.7938,o,205.0,358.0,8311.0,243.0
224545,2017,36855.0,379.0,0.0,1.234,1.2365,1.2376,1.2391,1.0083,o,223.0,284.0,8720.0,276.0
224545,2018,41542.0,363.0,0.0,1.0486,1.1137,1.1449,1.1888,1.2853,o,231.0,317.0,8678.0,259.0
224545,2019,43766.0,371.0,0.0,1.0172,1.0942,1.1314,1.1842,1.3552,o,212.0,312.0,8984.0,255.0
224545,2020,43887.0,425.0,0.0,1.1621,1.2166,1.2424,1.2785,1.2104,o,287.0,290.0,9058.0,270.0
224545,2021,44954.0,362.0,0.0,0.9663,1.0026,1.0197,1.0434,1.1659,o,230.0,323.0,9062.0,255.0
224545,2022,43463.0,381.0,0.0,1.0519,1.0853,1.1009,1.1225,1.1388,o,302.0,322.0,8700.0,268.0
224545,2023,43763.0,367.0,0.0,1.0063,1.0515,1.0729,1.1028,1.2009,o,262.0,306.0,8209.0,227.0
224545,2024,44725.0,371.0,0.0,0.9954,1.0251,1.039,1.0583,1.1303,o,405.0,370.0,7930.0,267.0
224554,1998,141071.0,1013.0,0.0,0.8617,0.801,0.7747,0.7401,0.7377,o,,,,
224554,1999,139380.0,986.0,0.0,0.8489,0.7624,0.7258,0.6786,0.6391,o,,,,
224554,2000,131708.0,1054.0,0.0,0.9603,0.8692,0.8303,0.7801,0.66,o,,,,
224554,2001,127609.0,999.0,0.0,0.9394,0.8857,0.8621,0.831,0.7824,o,,,,
224554,2002,130981.0,934.0,0.0,0.8557,0.8319,0.8213,0.8069,0.8893,o,476.0,,4538.0,
224554,2003,140857.0,941.0,0.0,0.8017,0.7949,0.7919,0.7877,0.9655,o,461.0,,5166.0,173.0
224554,2004,148900.0,1096.0,0.0,0.8833,0.8797,0.8781,0.8758,0.9832,o,399.0,,6003.0,180.0
224554,2005,151384.0,1112.0,0.0,0.8815,0.8611,0.8519,0.8396,0.9072,o,361.0,,6171.0,181.0
224554,2006,142276.0,1189.0,0.0,1.0028,0.9501,0.9268,0.896,0.7983,o,584.0,,6444.0,221.0
224554,2007,143208.0,1302.0,0.0,1.091,1.0932,1.0943,1.0956,1.0085,o,561.0,205.0,6981.0,234.0
224554,2008,136136.0,1280.0,0.0,1.1283,1.2085,1.2472,1.3019,1.3314,o,534.0,,7501.0,255.0
224554,2009,130867.0,1208.0,0.0,1.1077,1.2092,1.2587,1.3296,1.4408,o,636.0,252.0,7381.0,241.0
224554,2010,150192.0,1148.0,0.0,0.9172,0.9655,0.9884,1.0206,1.2381,o,806.0,1120.0,7862.0,247.0
224554,2011,157724.0,1286.0,0.0,0.9784,1.0341,1.0607,1.098,1.2594,o,774.0,1067.0,8373.0,302.0
224554,2012,166076.0,1504.0,0.0,1.0867,1.1867,1.2355,1.3054,1.4429,o,824.0,1476.0,8549.0,317.0
224554,2013,170998.0,1528.0,0.0,1.0723,1.1556,1.1959,1.2532,1.3658,o,939.0,1131.0,8800.0,344.0
224554,2014,169933.0,1441.0,0.0,1.0176,1.0679,1.0917,1.1252,1.2226,o,1030.0,1272.0,8667.0,315.0
224554,2015,182104.0,1428.0,0.0,0.941,0.992,1.0164,1.0505,1.2462,o,1001.0,1235.0,7692.0,315.0
224554,2016,194254.0,1630.0,0.0,1.0069,1.0666,1.0951,1.1352,1.271,o,1004.0,1404.0,8040.0,316.0
224554,2017,200180.0,1674.0,0.0,1.0035,1.035,1.0497,1.0702,1.1373,o,1015.0,1272.0,9880.0,299.0
224554,2018,202496.0,1752.0,0.0,1.0382,1.0445,1.0474,1.0513,1.0254,o,1075.0,1260.0,10511.0,302.0
224554,2019,198811.0,1772.0,0.0,1.0696,1.0769,1.0803,1.085,1.029,o,971.0,1405.0,10674.0,297.0
224554,2020,207110.0,1779.0,0.0,1.0308,1.0358,1.0381,1.0412,1.0204,o,779.0,1266.0,10767.0,305.0
224554,2021,216999.0,2056.0,0.0,1.137,1.0986,1.0815,1.0585,0.8668,o,817.0,1103.0,11462.0,312.0
224554,2022,197422.0,1956.0,0.0,1.1889,1.1144,1.0818,1.039,0.7636,o,866.0,1075.0,10999.0,262.0
224554,2023,170970.0,1809.0,0.0,1.2697,1.2116,1.1858,1.1516,0.8226,o,1104.0,1108.0,10378.0,286.0
224554,2024,183857.0,1796.0,0.0,1.1722,1.206,1.2218,1.2437,1.1257,o,1178.0,1296.0,10026.0,253.0
224572,1998,150247.0,0.0,466.0,0.1861,0.1832,0.1761,0.173,0.8017,o,,,,
224572,1999,150660.0,0.0,483.0,0.1924,0.1806,0.1535,0.1428,0.4054,o,,,,
224572,2000,150845.0,0.0,382.0,0.1519,0.1474,0.1364,0.1317,0.6485,o,,,,
224572,2001,157444.0,0.0,361.0,0.1376,0.1404,0.1481,0.1516,1.3417,o,,,,
224572,2002,180443.0,0.0,347.0,0.1154,0.1257,0.1569,0.1731,3.4167,o,1721.0,,1209.0,
224572,2003,212381.0,0.0,327.0,0.0924,0.0962,0.1069,0.112,1.7946,o,1697.0,,1237.0,37.0
224572,2004,219960.0,0.0,347.0,0.0947,0.0951,0.0964,0.097,1.0754,o,1688.0,,1393.0,38.0
224572,2005,223512.0,0.0,328.0,0.088,0.088,0.0878,0.0877,0.9877,o,1328.0,,1352.0,39.0
224572,2006,217979.0,0.0,408.0,0.1123,0.1104,0.1057,0.1037,0.7846,o,1460.0,,1542.0,41.0
224572,2007,191571.0,0.0,401.0,0.1256,0.1253,0.1246,0.1243,0.9682,o,1181.0,1550.0,1633.0,49.0
224572,2008,196530.0,0.0,427.0,0.1304,0.1289,0.1251,0.1234,0.8472,o,1453.0,479.0,1712.0,47.0
224572,2009,198489.0,0.0,431.0,0.1303,0.1312,0.1334,0.1345,1.1003,o,1496.0,1788.0,1683.0,47.0
224572,2010,230097.0,0.0,430.0,0.1121,0.1131,0.1158,0.1169,1.1359,o,1572.0,582.0,1758.0,41.0
224572,2011,243384.0,0.0,568.0,0.14,0.1407,0.1423,0.143,1.0661,o,1903.0,439.0,1717.0,38.0
224572,2012,242675.0,0.0,710.0,0.1755,0.1782,0.1853,0.1885,1.2405,o,1998.0,788.0,1837.0,37.0
224572,2013,249690.0,0.0,610.0,0.1466,0.148,0.1518,0.1535,1.1499,o,1925.0,778.0,1805.0,38.0
224572,2014,250948.0,0.0,1072.0,0.2563,0.2561,0.2555,0.2552,0.9869,o,1754.0,729.0,2054.0,36.0
224572,2015,234698.0,0.0,944.0,0.2413,0.2394,0.2347,0.2326,0.8942,o,1579.0,358.0,2174.0,40.0
224572,2016,242416.0,0.0,1118.0,0.2767,0.2738,0.2663,0.2631,0.8584,o,1690.0,501.0,2295.0,54.0
224572,2017,247989.0,0.0,976.0,0.2361,0.2364,0.237,0.2372,1.0141,o,1752.0,2955.0,2256.0,52.0
224572,2018,262237.0,0.0,1338.0,0.3061,0.3076,0.3115,0.3132,1.0719,o,1546.0,2888.0,2206.0,50.0
224572,2019,274919.0,0.0,1324.0,0.289,0.2868,0.2813,0.2789,0.8983,o,2138.0,2671.0,2160.0,44.0
224615,1998,78178.0,0.0,416.0,0.3193,0.312,0.2941,0.2865,0.7202,o,,,,
224615,1999,75870.0,0.0,426.0,0.3369,0.3413,0.3529,0.3582,1.2043,o,,,,
224615,2000,78916.0,0.0,370.0,0.2813,0.2849,0.2944,0.2987,1.1995,o,,,,
224615,2001,85180.0,0.0,317.0,0.2233,0.2092,0.1771,0.1644,0.3953,o,,,,
224615,2002,89537.0,0.0,306.0,0.2051,0.1992,0.1849,0.1789,0.6612,o,716.0,,1209.0,
224615,2003,107114.0,0.0,312.0,0.1748,0.1897,0.2343,0.2574,3.2325,o,668.0,,1237.0,57.0
224615,2004,108231.0,0.0,365.0,0.2023,0.2071,0.22,0.226,1.3975,o,777.0,,1393.0,51.0
224615,2005,108333.0,0.0,438.0,0.2426,0.2446,0.2497,0.252,1.1228,o,689.0,,1352.0,52.0
224615,2006,111363.0,0.0,470.0,0.2532,0.2524,0.2502,0.2493,0.9536,o,704.0,,1542.0,58.0
224615,2007,112724.0,0.0,515.0,0.2741,0.2733,0.2714,0.2705,0.9604,o,615.0,1607.0,1633.0,59.0
224615,2008,127173.0,0.0,525.0,0.2477,0.2455,0.2401,0.2377,0.883,o,897.0,550.0,1712.0,52.0
224615,2009,146166.0,0.0,481.0,0.1974,0.2017,0.2132,0.2185,1.3601,o,1019.0,2424.0,1683.0,53.0
224615,2010,170308.0,0.0,570.0,0.2008,0.2051,0.2164,0.2216,1.3479,o,1060.0,706.0,1758.0,46.0
224615,2011,187257.0,0.0,651.0,0.2086,0.2101,0.2139,0.2157,1.1065,o,1509.0,566.0,1717.0,42.0
224615,2012,192196.0,0.0,769.0,0.2401,0.2464,0.2635,0.2715,1.4517,o,1410.0,708.0,1837.0,30.0
224615,2013,182579.0,0.0,743.0,0.2442,0.2458,0.2499,0.2518,1.0977,o,1206.0,653.0,1805.0,29.0
224615,2014,174301.0,0.0,791.0,0.2723,0.2687,0.2596,0.2557,0.8263,o,992.0,665.0,2054.0,37.0
224615,2015,157360.0,0.0,926.0,0.3531,0.3463,0.3295,0.3223,0.7584,o,978.0,414.0,2174.0,43.0
224615,2016,155495.0,0.0,1058.0,0.4082,0.4049,0.3965,0.3928,0.8899,o,684.0,511.0,2295.0,46.0
224615,2017,162845.0,0.0,880.0,0.3242,0.3161,0.296,0.2875,0.6944,o,860.0,3261.0,2256.0,54.0
224615,2018,168937.0,0.0,999.0,0.3548,0.3557,0.3579,0.3588,1.0349,o,871.0,3090.0,2206.0,54.0
224615,2019,177667.0,0.0,881.0,0.2975,0.3,0.3066,0.3096,1.1282,o,1239.0,3118.0,2160.0,47.0
224615,2020,1572683.0,0.0,7976.0,0.3043,0.312,0.3328,0.3425,1.4315,o,8091.0,2262.0,2127.0,50.0
224615,2021,1322035.0,0.0,9894.0,0.449,0.5179,0.7473,0.8795,7.6692,o,6694.0,2249.0,2766.0,56.0
224615,2022,1467664.0,0.0,7626.0,0.3118,0.3197,0.3412,0.3512,1.4349,o,7257.0,2652.0,2600.0,40.0
224615,2023,1358696.0,84.0,7645.0,0.345,0.3446,0.3434,0.3429,0.9817,o,8166.0,2583.0,2453.0,57.0
224615,2024,1262652.0,151.0,7822.0,0.386,0.3903,0.4016,0.4067,1.1707,o,8661.0,3232.0,2370.0,44.0
224642,1998,409521.0,0.0,688.0,0.1008,0.0789,0.0421,0.0318,0.0304,o,,,,
224642,1999,398130.0,0.0,731.0,0.1102,0.1149,0.128,0.1343,1.8238,o,,,,
224642,2000,382834.0,0.0,734.0,0.115,0.1216,0.1404,0.1497,2.2206,o,,,,
224642,2001,370937.0,0.0,957.0,0.1548,0.1571,0.1633,0.1661,1.2385,o,,,,
224642,2002,327607.0,0.0,918.0,0.1681,0.1687,0.17,0.1706,1.0453,o,3760.0,,1902.0,
224642,2003,425778.0,0.0,1019.0,0.1436,0.1434,0.143,0.1428,0.9842,o,4375.0,,2111.0,52.0
224642,2004,483861.0,0.0,1236.0,0.1533,0.1549,0.1591,0.1611,1.162,o,4840.0,,2056.0,47.0
224642,2005,512507.0,0.0,1705.0,0.1996,0.2021,0.2085,0.2114,1.1899,o,4861.0,,2089.0,48.0
224642,2006,513923.0,0.0,1834.0,0.2141,0.2149,0.217,0.2179,1.055,o,4407.0,1020.0,2125.0,48.0
224642,2007,497400.0,0.0,1839.0,0.2218,0.2203,0.2166,0.2149,0.9086,o,4611.0,923.0,2196.0,51.0
224642,2008,428705.0,0.0,1983.0,0.2775,0.2774,0.2772,0.2771,0.995,o,4805.0,791.0,2125.0,49.0
224642,2009,446528.0,0.0,2104.0,0.2827,0.284,0.2872,0.2887,1.0656,o,5583.0,1168.0,2089.0,45.0
224642,2010,565429.0,0.0,3117.0,0.3308,0.3347,0.3452,0.3499,1.1859,o,5752.0,1172.0,2416.0,39.0
224642,2011,610264.0,0.0,2945.0,0.2895,0.2916,0.297,0.2995,1.1074,o,5451.0,1647.0,2359.0,33.0
224642,2012,606179.0,0.0,3790.0,0.3751,0.3741,0.3715,0.3703,0.9618,o,5314.0,1842.0,2544.0,46.0
224642,2013,587291.0,0.0,3404.0,0.3478,0.3465,0.3432,0.3418,0.9487,o,4918.0,1668.0,2628.0,50.0
224642,2014,557630.0,0.0,3422.0,0.3682,0.3659,0.36,0.3574,0.9137,o,4948.0,1584.0,2757.0,48.0
224642,2015,534046.0,0.0,3214.0,0.3611,0.3602,0.3581,0.3571,0.9672,o,4628.0,1502.0,2734.0,48.0
224642,2016,527640.0,0.0,3624.0,0.4121,0.4103,0.4056,0.4035,0.9382,o,4796.0,1396.0,3093.0,55.0
224642,2017,532906.0,0.0,3649.0,0.4108,0.4109,0.411,0.4111,1.0017,o,4554.0,1235.0,3501.0,62.0
224642,2018,522203.0,0.0,3528.0,0.4054,0.4044,0.4019,0.4008,0.9665,o,4886.0,1508.0,3422.0,56.0
224642,2019,519479.0,0.0,3544.0,0.4093,0.4106,0.4139,0.4153,1.0451,o,4888.0,1334.0,3673.0,59.0
224642,2020,519154.0,0.0,3469.0,0.4009,0.4019,0.4044,0.4056,1.0356,o,3156.0,711.0,3618.0,54.0
224642,2021,456868.0,0.0,3506.0,0.4604,0.4466,0.4128,0.3986,0.6458,o,3872.0,954.0,3822.0,49.0
224642,2022,424016.0,0.0,3394.0,0.4803,0.479,0.4757,0.4743,0.9627,o,4258.0,905.0,3592.0,50.0
224642,2023,431834.0,0.0,3321.0,0.4614,0.4677,0.4841,0.4916,1.2117,o,3977.0,1010.0,3389.0,50.0
224642,2024,391159.0,0.0,3377.0,0.518,0.5172,0.5152,0.5143,0.9784,o,3873.0,1014.0,3274.0,49.0
224660,1998,13230.0,0.0,138.0,0.6259,0.6259,0.6259,0.6259,,-,,,,
224660,1999,10530.0,0.0,127.0,0.7236,0.7236,0.7236,0.7236,,-,,,,
224660,2006,11200.0,0.0,103.0,0.5518,0.5518,0.5518,0.5518,,-,186.0,,,756.0
224660,2015,19078.0,0.0,97.0,0.3051,0.3051,0.3051,0.3051,,-,25.0,4.0,,123.0
224660,2016,16506.0,0.0,89.0,0.3235,0.3235,0.3235,0.3235,,-,104.0,5.0,,359.0
224660,2017,20683.0,0.0,131.0,0.38,0.38,0.38,0.38,,-,106.0,1.0,,348.0
224660,2018,22013.0,0.0,143.0,0.3898,0.3898,0.3898,0.3898,,-,84.0,,,299.0
224660,2019,17856.0,0.0,100.0,0.336,0.336,0.336,0.336,,-,116.0,64.0,,400.0
224660,2020,17836.0,5.0,122.0,0.444,0.444,0.444,0.444,,-,56.0,53.0,,568.0
224660,2021,23220.0,22.0,102.0,0.3773,0.3773,0.3773,0.3773,,-,73.0,42.0,,451.0
224660,2022,24000.0,44.0,106.0,0.485,0.485,0.485,0.485,,-,94.0,45.0,,402.0
224660,2023,24330.0,41.0,93.0,0.4316,0.4316,0.4316,0.4316,,-,77.0,59.0,,395.0
224660,2024,23940.0,71.0,106.0,0.6216,0.6216,0.6216,0.6216,,-,90.0,34.0,,372.0
224679,1998,7380.0,0.0,171.0,1.3902,1.3902,1.3902,1.3902,,-,,,,
224679,1999,9030.0,0.0,113.0,0.7508,0.7508,0.7508,0.7508,,-,,,,
224679,2017,37271.0,0.0,263.0,0.4234,0.4234,0.4234,0.4234,,-,213.0,,,325.0
224679,2018,41505.0,0.0,337.0,0.4872,0.4872,0.4872,0.4872,,-,367.0,2.0,,269.0
224679,2019,42024.0,0.0,259.0,0.3698,0.3698,0.3698,0.3698,,-,339.0,39.0,,255.0
224679,2020,46176.0,9.0,249.0,0.3469,0.3469,0.3469,0.3469,,-,346.0,67.0,,307.0
224679,2021,39096.0,21.0,322.0,0.5586,0.5586,0.5586,0.5586,,-,322.0,33.0,,358.0
224679,2022,39072.0,27.0,258.0,0.4791,0.4791,0.4791,0.4791,,-,407.0,42.0,,317.0
224679,2023,46350.0,29.0,274.0,0.4298,0.4298,0.4298,0.4298,,-,304.0,34.0,,277.0
224679,2024,44400.0,19.0,274.0,0.4216,0.4216,0.4216,0.4216,,-,330.0,32.0,,270.0
224749,1998,18192.0,0.0,135.0,0.4453,0.4453,0.4453,0.4453,,-,,,,
224749,1999,22380.0,0.0,138.0,0.37,0.37,0.37,0.37,,-,,,,
224749,2000,19788.0,0.0,128.0,0.3881,0.3881,0.3881,0.3881,,-,,,,
224776,1998,39474.0,0.0,342.0,0.5198,0.5198,0.5198,0.5198,,-,,,,
224776,1999,46035.0,0.0,335.0,0.4366,0.4366,0.4366,0.4366,,-,,,,
224776,2000,47221.0,0.0,276.0,0.3507,0.3507,0.3507,0.3507,,-,,,,
224776,2001,47308.0,0.0,234.0,0.2968,0.2968,0.2968,0.2968,,-,,,,
224776,2002,45060.0,5.0,232.0,0.3222,0.3222,0.3222,0.3222,,-,334.0,,24476.0,
224776,2003,46314.0,32.0,289.0,0.4573,0.4573,0.4573,0.4573,,-,328.0,,,735.0
224776,2004,45593.0,16.0,340.0,0.4895,0.4895,0.4895,0.4895,,-,346.0,,26360.0,739.0
224776,2005,44893.0,42.0,282.0,0.4892,0.4892,0.4892,0.4892,,-,273.0,,26635.0,793.0
224776,2006,42368.0,75.0,245.0,0.5594,0.5594,0.5594,0.5594,,-,309.0,,26643.0,811.0
224776,2007,46482.0,89.0,180.0,0.4621,0.4621,0.4621,0.4621,,-,476.0,,36795.0,835.0
224776,2008,53508.0,118.0,186.0,0.4732,0.4732,0.4732,0.4732,,-,670.0,35.0,36033.0,853.0
224776,2009,56180.0,116.0,133.0,0.3898,0.3898,0.3898,0.3898,,-,475.0,239.0,35339.0,852.0
224776,2010,60124.0,190.0,108.0,0.487,0.487,0.487,0.487,,-,485.0,266.0,40905.0,803.0
224776,2011,59781.0,190.0,130.0,0.5119,0.5119,0.5119,0.5119,,-,365.0,298.0,24594.0,748.0
224776,2012,53287.0,189.0,144.0,0.5878,0.5878,0.5878,0.5878,,-,354.0,223.0,24311.0,724.0
224776,2013,45945.0,190.0,143.0,0.683,0.683,0.683,0.683,,-,343.0,186.0,23886.0,678.0
224776,2014,41389.0,167.0,124.0,0.6639,0.6639,0.6639,0.6639,,-,249.0,191.0,23261.0,611.0
224776,2015,33486.0,152.0,98.0,0.7203,0.7203,0.7203,0.7203,,-,212.0,121.0,23065.0,588.0
224776,2016,28113.0,104.0,87.0,0.6296,0.6296,0.6296,0.6296,,-,162.0,120.0,22900.0,526.0
224776,2017,25329.0,103.0,61.0,0.6325,0.6325,0.6325,0.6325,,-,119.0,108.0,22518.0,504.0
224776,2018,22251.0,121.0,52.0,0.7928,0.7928,0.7928,0.7928,,-,72.0,80.0,22012.0,415.0
224776,2019,17273.0,96.0,46.0,0.8267,0.8267,0.8267,0.8267,,-,153.0,11.0,21437.0,858.0
224776,2020,14838.0,76.0,43.0,0.7885,0.7885,0.7885,0.7885,,-,111.0,43.0,23262.0,670.0
224776,2021,13264.0,54.0,22.0,0.5881,0.5881,0.5881,0.5881,,-,50.0,60.0,22591.0,838.0
224776,2022,9911.0,32.0,20.0,0.5085,0.5085,0.5085,0.5085,,-,45.0,52.0,21232.0,900.0
224891,1998,25767.0,0.0,84.0,0.1956,0.1902,0.177,0.1714,0.6699,o,,,,
224891,1999,23470.0,0.0,57.0,0.1457,0.1458,0.1461,0.1462,1.0105,o,,,,
224891,2000,24792.0,0.0,77.0,0.1864,0.1962,0.2241,0.2377,2.0898,o,,,,
224891,2001,15547.0,0.0,93.0,0.3589,0.3598,0.3621,0.3631,1.0359,o,,,,
224891,2002,22716.0,0.0,93.0,0.2456,0.241,0.2296,0.2247,0.7636,o,308.0,,2321.0,
224891,2003,27147.0,0.0,95.0,0.21,0.2104,0.2115,0.212,1.0301,o,265.0,,2773.0,25.0
224891,2004,26580.0,0.0,96.0,0.2167,0.2151,0.2111,0.2093,0.8998,o,293.0,,3104.0,31.0
224891,2005,28860.0,0.0,104.0,0.2162,0.2166,0.2174,0.2178,1.0227,o,229.0,,3013.0,39.0
224891,2006,27090.0,0.0,112.0,0.2481,0.2447,0.2361,0.2324,0.8208,o,265.0,55.0,3241.0,75.0
224891,2007,28200.0,0.0,75.0,0.1596,0.1597,0.1602,0.1604,1.0153,o,282.0,71.0,3436.0,74.0
224891,2008,26550.0,0.0,82.0,0.1853,0.187,0.1916,0.1936,1.1417,o,196.0,63.0,3573.0,71.0
224891,2009,26070.0,0.0,67.0,0.1542,0.1506,0.1419,0.1381,0.7166,o,237.0,93.0,3433.0,72.0
224891,2010,29970.0,0.0,67.0,0.1341,0.1341,0.1339,0.1338,0.9916,o,217.0,79.0,3411.0,
224891,2011,26149.0,0.0,79.0,0.1813,0.1813,0.1814,0.1814,1.0023,o,160.0,66.0,3574.0,
224891,2012,22240.0,0.0,57.0,0.1538,0.1501,0.1409,0.137,0.7048,o,167.0,98.0,3483.0,38.0
224891,2013,24049.0,0.0,58.0,0.1447,0.1435,0.1404,0.139,0.8859,o,156.0,75.0,3422.0,45.0
224891,2014,22545.0,0.0,61.0,0.1623,0.1618,0.1604,0.1598,0.9541,o,101.0,36.0,3686.0,59.0
224891,2015,26127.0,0.0,66.0,0.1516,0.1467,0.1348,0.1298,0.6254,o,172.0,44.0,3655.0,50.0
224891,2016,27613.0,0.0,80.0,0.1738,0.1774,0.187,0.1914,1.3385,o,191.0,37.0,3957.0,72.0
224891,2017,28475.0,0.0,89.0,0.1875,0.192,0.204,0.2095,1.3993,o,213.0,49.0,3891.0,66.0
224891,2018,27694.0,0.0,80.0,0.1733,0.1753,0.1804,0.1827,1.1736,o,226.0,96.0,3804.0,64.0
224891,2019,28013.0,0.0,111.0,0.2377,0.2396,0.2445,0.2467,1.1188,o,188.0,80.0,4036.0,63.0
224891,2020,28466.0,0.0,118.0,0.2487,0.246,0.2393,0.2363,0.8565,o,255.0,76.0,3976.0,76.0
224891,2021,33099.0,0.0,145.0,0.2628,0.2667,0.2769,0.2816,1.2319,o,309.0,41.0,3861.0,60.0
224891,2022,31154.0,0.0,149.0,0.287,0.2937,0.3119,0.3203,1.395,o,324.0,36.0,3629.0,81.0
224891,2023,32772.0,0.0,136.0,0.249,0.2514,0.2578,0.2607,1.1489,o,320.0,33.0,3842.0,100.0
224891,2024,34366.0,0.0,137.0,0.2392,0.2394,0.2398,0.2401,1.0111,o,277.0,25.0,3712.0,77.0
224961,1998,39031.0,0.0,137.0,0.2106,0.2117,0.2145,0.2157,1.0756,o,,,,
224961,1999,33495.0,0.0,117.0,0.2096,0.2073,0.2016,0.1991,0.8555,o,,,,
224961,2000,35119.0,0.0,123.0,0.2101,0.2087,0.205,0.2033,0.9049,o,,,,
224961,2001,41768.0,0.0,166.0,0.2385,0.2395,0.2423,0.2436,1.0667,o,,,,
224961,2002,42083.0,0.0,154.0,0.2196,0.2207,0.2238,0.2252,1.0791,o,482.0,,1119.0,
224961,2003,42732.0,0.0,123.0,0.1727,0.1747,0.1801,0.1825,1.1814,o,477.0,,1179.0,59.0
224961,2004,44634.0,0.0,154.0,0.207,0.2079,0.2102,0.2112,1.0624,o,619.0,,2206.0,69.0
224961,2005,47475.0,0.0,159.0,0.2009,0.2046,0.2142,0.2186,1.2909,o,300.0,,2141.0,46.0
224961,2006,42237.0,0.0,177.0,0.2514,0.2411,0.2163,0.2061,0.5474,o,358.0,235.0,2072.0,47.0
224961,2007,42482.0,0.0,184.0,0.2599,0.2554,0.2442,0.2393,0.7791,o,285.0,233.0,2138.0,47.0
224961,2008,40208.0,0.0,156.0,0.2328,0.2305,0.2246,0.222,0.8663,o,319.0,252.0,2069.0,63.0
224961,2009,39172.0,0.0,169.0,0.2589,0.2587,0.2584,0.2582,0.9922,o,338.0,274.0,2034.0,51.0
224961,2010,43197.0,0.0,178.0,0.2472,0.2492,0.2543,0.2566,1.1192,o,354.0,178.0,2021.0,57.0
224961,2011,49701.0,0.0,199.0,0.2402,0.2415,0.2448,0.2462,1.0776,o,333.0,225.0,1974.0,55.0
224961,2012,46459.0,0.0,206.0,0.266,0.2653,0.2635,0.2627,0.9624,o,299.0,247.0,2585.0,74.0
224961,2013,46643.0,0.0,235.0,0.3023,0.2994,0.292,0.2888,0.8705,o,305.0,275.0,2540.0,72.0
224961,2014,44509.0,0.0,237.0,0.3195,0.3187,0.3167,0.3158,0.9652,o,234.0,285.0,2502.0,75.0
224961,2015,41484.0,0.0,212.0,0.3066,0.3012,0.2877,0.2819,0.7748,o,238.0,244.0,2480.0,81.0
224961,2016,40780.0,0.0,245.0,0.3605,0.3573,0.3494,0.346,0.8831,o,251.0,259.0,2463.0,83.0
224961,2017,42050.0,0.0,288.0,0.4109,0.4127,0.4173,0.4194,1.0636,o,251.0,274.0,2613.0,84.0
224961,2018,42281.0,0.0,281.0,0.3988,0.3995,0.4014,0.4022,1.0266,o,262.0,294.0,2555.0,86.0
224961,2019,47164.0,0.0,292.0,0.3715,0.3726,0.3755,0.3768,1.0438,o,353.0,206.0,2501.0,75.0
224961,2020,46025.0,0.0,255.0,0.3324,0.3399,0.3601,0.3694,1.3762,o,286.0,197.0,2464.0,74.0
224961,2021,46018.0,16.0,288.0,0.4172,0.4151,0.4097,0.4074,0.9301,o,267.0,163.0,2673.0,69.0
224961,2022,39687.0,7.0,349.0,0.5488,0.5419,0.5247,0.5172,0.8357,o,290.0,171.0,2512.0,64.0
224961,2023,44293.0,22.0,337.0,0.5161,0.5178,0.5223,0.5243,1.0488,o,322.0,177.0,2635.0,57.0
224961,2024,44561.0,34.0,284.0,0.474,0.4788,0.4915,0.4972,1.1562,o,351.0,191.0,2546.0,55.0
225070,1998,67353.0,0.0,231.0,0.2058,0.206,0.2065,0.2067,1.0133,o,,,,
225070,1999,68382.0,0.0,181.0,0.1588,0.1631,0.1745,0.1799,1.459,o,,,,
225070,2000,70020.0,0.0,349.0,0.2991,0.2994,0.3003,0.3007,1.0164,o,,,,
225070,2001,50946.0,0.0,351.0,0.4134,0.4159,0.4226,0.4256,1.0921,o,,,,
225070,2002,75013.0,0.0,426.0,0.3407,0.3416,0.3439,0.3449,1.0378,o,756.0,,1774.0,
225070,2003,79356.0,0.0,426.0,0.3221,0.3141,0.2944,0.2861,0.6981,o,1104.0,,1876.0,52.0
225070,2014,104264.0,0.0,628.0,0.3614,0.3524,0.3303,0.3209,0.6974,o,860.0,368.0,2149.0,61.0
225070,2015,95449.0,0.0,554.0,0.3482,0.3537,0.3683,0.375,1.2509,o,792.0,321.0,2131.0,64.0
225070,2016,94524.0,0.0,591.0,0.3751,0.3775,0.3835,0.3862,1.0924,o,934.0,279.0,2427.0,76.0
225070,2017,85843.0,0.0,580.0,0.4054,0.4089,0.418,0.4222,1.1308,o,753.0,155.0,2493.0,71.0
225070,2018,85554.0,0.0,564.0,0.3955,0.3918,0.3823,0.3781,0.8725,o,586.0,321.0,2483.0,71.0
225070,2019,82257.0,0.0,661.0,0.4821,0.47,0.4402,0.4275,0.6947,o,784.0,323.0,2489.0,69.0
225070,2020,90152.0,0.0,633.0,0.4213,0.426,0.4382,0.4438,1.171,o,514.0,521.0,3176.0,66.0
225070,2021,74448.0,83.0,593.0,0.6117,0.5995,0.5693,0.5564,0.7504,o,574.0,199.0,3154.0,81.0
225070,2022,74979.0,71.0,724.0,0.693,0.6871,0.672,0.6655,0.8844,o,540.0,297.0,3052.0,73.0
225070,2023,61109.0,50.0,555.0,0.6431,0.6428,0.6419,0.6415,0.9926,o,637.0,383.0,2973.0,83.0
225070,2024,67632.0,60.0,684.0,0.7133,0.72,0.7376,0.7456,1.1436,o,669.0,603.0,2910.0,79.0
225201,1998,22242.0,0.0,290.0,0.7823,0.8187,0.8264,0.846,1.1696,o,,,,
225201,2003,47731.0,0.0,305.0,0.3834,0.3834,0.3834,0.3834,1.0,o,196.0,,,270.0
225201,2004,57414.0,0.0,295.0,0.3083,0.2445,0.2331,0.2068,0.4498,o,231.0,,,231.0
225201,2006,54765.0,0.0,303.0,0.332,0.2754,0.265,0.2406,0.5253,o,159.0,139.0,,255.0
225201,2014,32580.0,17.0,295.0,0.6059,0.5622,0.5536,0.5326,0.7726,o,71.0,147.0,,558.0
225201,2015,30120.0,43.0,247.0,0.6633,0.6153,0.6058,0.5827,0.7716,o,79.0,150.0,,605.0
225201,2016,29160.0,60.0,241.0,0.7428,0.6482,0.6301,0.5872,0.625,o,66.0,146.0,,560.0
225201,2017,29216.0,63.0,225.0,0.7208,0.6298,0.6124,0.5711,0.6277,o,58.0,175.0,,621.0
225201,2018,34094.0,63.0,228.0,0.623,0.5873,0.5801,0.5627,0.8158,o,80.0,215.0,,514.0
225201,2019,29886.0,126.0,178.0,0.8633,0.8427,0.8385,0.828,0.92,o,124.0,171.0,,586.0
225201,2020,36893.0,149.0,140.0,0.7123,0.7865,0.8027,0.8449,1.4069,o,195.0,112.0,,487.0
225201,2021,36565.0,170.0,142.0,0.7909,1.0403,1.1009,1.2686,2.5726,o,141.0,111.0,,550.0
225201,2022,33567.0,162.0,148.0,0.8437,1.0921,1.152,1.3165,2.4348,o,146.0,189.0,,538.0
225201,2023,32727.0,153.0,128.0,0.7957,0.8785,0.8966,0.9438,1.4069,o,104.0,171.0,,499.0
225201,2024,32625.0,155.0,115.0,0.7816,0.7283,0.7177,0.6919,0.7837,o,97.0,154.0,,514.0
225247,1998,54719.0,335.0,0.0,0.7347,0.7525,0.7562,0.7657,1.0862,o,,,,
225247,1999,54008.0,362.0,0.0,0.8043,0.7838,0.7796,0.7692,0.9146,o,,,,
225247,2000,50689.0,361.0,0.0,0.8546,0.8144,0.8063,0.7865,0.8469,o,,,,
225247,2001,52874.0,365.0,0.0,0.8284,0.7971,0.7908,0.7752,0.8757,o,,,,
225247,2002,52087.0,352.0,0.0,0.811,0.7847,0.7794,0.7662,0.8927,o,444.0,,18439.0,
225247,2003,52163.0,360.0,0.0,0.8282,0.8409,0.8435,0.8502,1.0538,o,444.0,,19109.0,413.0
225247,2004,52044.0,343.0,0.0,0.7909,0.8271,0.8348,0.8543,1.1669,o,404.0,,20192.0,444.0
225247,2005,53290.0,308.0,0.0,0.6936,0.7122,0.7161,0.726,1.0956,o,436.0,,21530.0,466.0
225247,2006,55039.0,333.0,0.0,0.726,0.7306,0.7316,0.7339,1.0219,o,400.0,146.0,21268.0,492.0
225247,2007,53172.0,383.0,0.0,0.8644,0.8494,0.8463,0.8387,0.9414,o,465.0,157.0,23632.0,507.0
225247,2008,52831.0,380.0,0.0,0.8631,0.8681,0.8691,0.8717,1.02,o,471.0,155.0,24797.0,488.0
225247,2009,51642.0,347.0,0.0,0.8063,0.832,0.8374,0.8511,1.1143,o,409.0,153.0,26445.0,510.0
225247,2010,51104.0,352.0,0.0,0.8265,0.8389,0.8415,0.848,1.0526,o,403.0,149.0,28290.0,527.0
225247,2011,50757.0,367.0,0.0,0.8677,0.8519,0.8487,0.8407,0.9387,o,397.0,155.0,29301.0,536.0
225247,2012,49211.0,372.0,0.0,0.9071,0.8667,0.8586,0.8386,0.8547,o,395.0,170.0,30559.0,526.0
225247,2013,48400.0,335.0,0.0,0.8306,0.8056,0.8005,0.788,0.9,o,414.0,139.0,30158.0,527.0
225247,2014,46005.0,350.0,0.0,0.9129,0.912,0.9118,0.9113,0.9963,o,339.0,138.0,30887.0,525.0
225247,2015,44514.0,338.0,0.0,0.9112,0.8953,0.8921,0.884,0.9412,o,413.0,132.0,29177.0,480.0
225247,2016,45775.0,319.0,0.0,0.8363,0.8238,0.8212,0.8149,0.9495,o,393.0,140.0,31763.0,479.0
225247,2017,47664.0,327.0,0.0,0.8233,0.8224,0.8222,0.8217,0.9963,o,457.0,119.0,32928.0,479.0
225247,2018,49040.0,291.0,0.0,0.7121,0.7375,0.7429,0.7565,1.1288,o,484.0,112.0,34198.0,506.0
225247,2019,49576.0,342.0,0.0,0.8278,0.8834,0.8954,0.926,1.2513,o,479.0,102.0,35374.0,444.0
225247,2020,48895.0,336.0,0.0,0.8246,0.8683,0.8776,0.9014,1.1948,o,454.0,73.0,36227.0,498.0
225247,2021,45168.0,321.0,0.0,0.8528,0.8762,0.8811,0.8935,1.0976,o,388.0,79.0,36609.0,499.0
225247,2022,41749.0,334.0,0.0,0.96,0.9296,0.9234,0.9081,0.8948,o,350.0,78.0,34761.0,496.0
225247,2023,37951.0,280.0,0.0,0.8854,0.8196,0.8066,0.7751,0.7664,o,356.0,66.0,32800.0,472.0
225247,2024,36973.0,262.0,0.0,0.8504,0.7843,0.7713,0.7397,0.7567,o,383.0,66.0,31686.0,445.0
225308,1998,109558.0,0.0,371.0,0.2032,0.204,0.206,0.2069,1.0567,o,,,,
225308,1999,104681.0,0.0,426.0,0.2442,0.2411,0.2333,0.23,0.8339,o,,,,
225308,2000,104838.0,0.0,406.0,0.2324,0.2297,0.2229,0.22,0.8469,o,,,,
225308,2001,107727.0,0.0,440.0,0.2451,0.25,0.263,0.269,1.3268,o,,,,
225308,2002,112564.0,0.0,464.0,0.2473,0.2484,0.2513,0.2526,1.0667,o,1967.0,,1559.0,
225308,2003,127292.0,0.0,509.0,0.2399,0.2431,0.2514,0.2552,1.2056,o,2000.0,,1529.0,34.0
225308,2005,139087.0,0.0,530.0,0.2286,0.2202,0.1999,0.1915,0.5848,o,1286.0,,1545.0,38.0
225308,2010,160269.0,0.0,653.0,0.2445,0.25,0.2649,0.2718,1.3792,o,914.0,292.0,1921.0,43.0
225308,2011,171777.0,0.0,675.0,0.2358,0.2265,0.2043,0.1952,0.5642,o,1165.0,802.0,2233.0,52.0
225308,2012,159777.0,0.0,837.0,0.3143,0.3108,0.3018,0.2979,0.8504,o,1262.0,811.0,2612.0,57.0
225308,2013,160003.0,0.0,810.0,0.3037,0.3079,0.3188,0.3238,1.214,o,1320.0,755.0,2807.0,56.0
225308,2014,154197.0,0.0,797.0,0.3101,0.312,0.3167,0.3189,1.0878,o,1243.0,633.0,2844.0,57.0
225308,2015,146444.0,0.0,798.0,0.327,0.3261,0.3239,0.3229,0.9628,o,1105.0,641.0,2898.0,59.0
225308,2020,112465.0,0.0,884.0,0.4716,0.4642,0.4457,0.4376,0.7973,o,515.0,414.0,3173.0,53.0
225308,2021,94784.0,0.0,1035.0,0.6552,0.6325,0.5777,0.5549,0.6045,o,612.0,495.0,3081.0,97.0
225308,2022,89039.0,19.0,939.0,0.6584,0.656,0.65,0.6474,0.9503,o,592.0,568.0,2896.0,79.0
225308,2023,91732.0,30.0,921.0,0.6417,0.6439,0.6496,0.6522,1.0506,o,1907.0,553.0,2733.0,72.0
225308,2024,92848.0,36.0,927.0,0.6456,0.6998,0.8613,0.9445,3.1678,o,2201.0,610.0,2640.0,54.0
225371,1998,48751.0,0.0,101.0,0.1243,0.1261,0.1307,0.1329,1.2235,o,,,,
225371,1999,42522.0,0.0,128.0,0.1806,0.1798,0.1777,0.1767,0.9362,o,,,,
225371,2000,46277.0,0.0,106.0,0.1374,0.1302,0.1133,0.1065,0.4621,o,,,,
225371,2001,50446.0,0.0,82.0,0.0975,0.0956,0.0907,0.0886,0.7467,o,,,,
225371,2002,84577.0,0.0,109.0,0.0773,0.0777,0.0785,0.0789,1.0617,o,663.0,,2148.0,
225371,2004,67080.0,0.0,122.0,0.1091,0.1148,0.131,0.1389,2.0759,o,1316.0,,2172.0,55.0
225371,2005,63690.0,0.0,191.0,0.1799,0.1834,0.1926,0.1969,1.314,o,1190.0,,2109.0,51.0
225371,2006,65580.0,0.0,183.0,0.1674,0.1661,0.1629,0.1615,0.8961,o,1383.0,91.0,2041.0,51.0
225371,2007,71460.0,0.0,252.0,0.2116,0.2131,0.2169,0.2186,1.1038,o,680.0,275.0,2405.0,58.0
225371,2009,80850.0,0.0,208.0,0.1544,0.1525,0.1478,0.1458,0.8405,o,1773.0,75.0,2331.0,50.0
225371,2010,89448.0,0.0,246.0,0.165,0.1749,0.203,0.217,2.2922,o,1626.0,,2402.0,50.0
225371,2011,91481.0,0.0,282.0,0.185,0.1877,0.1949,0.1981,1.2318,o,1383.0,940.0,2555.0,50.0
225371,2012,87515.0,0.0,382.0,0.2619,0.2581,0.2487,0.2447,0.8138,o,677.0,1033.0,2694.0,54.0
225371,2013,89049.0,0.0,316.0,0.2129,0.2013,0.1744,0.1636,0.45,o,730.0,427.0,2647.0,53.0
225371,2014,85382.0,0.0,354.0,0.2488,0.2428,0.2282,0.222,0.7087,o,660.0,311.0,2725.0,54.0
225371,2015,76973.0,0.0,310.0,0.2416,0.2406,0.2378,0.2366,0.9382,o,644.0,267.0,2807.0,59.0
225371,2019,87528.0,0.0,457.0,0.3133,0.3148,0.3189,0.3207,1.0734,o,672.0,292.0,2907.0,65.0
225371,2020,86188.0,0.0,474.0,0.33,0.33,0.3299,0.3299,0.9993,o,568.0,214.0,2863.0,81.0
225371,2021,77384.0,0.0,447.0,0.3466,0.3421,0.3309,0.326,0.831,o,527.0,196.0,2780.0,63.0
225371,2022,71704.0,0.0,392.0,0.328,0.3243,0.315,0.3109,0.85,o,306.0,118.0,2613.0,49.0
225371,2023,66568.0,0.0,376.0,0.3389,0.3254,0.293,0.2797,0.5589,o,503.0,179.0,3695.0,101.0
225371,2024,73710.0,0.0,417.0,0.3394,0.344,0.3558,0.3612,1.2077,o,460.0,154.0,3570.0,54.0
225399,1998,50550.0,272.0,19.0,0.6682,0.7213,0.7328,0.7623,1.3014,o,,,,
225399,1999,59760.0,243.0,24.0,0.512,0.5333,0.5378,0.5492,1.1505,o,,,,
225399,2000,36446.0,293.0,14.0,0.9878,1.1212,1.151,1.229,1.5482,o,,,,
225399,2001,36381.0,275.0,15.0,0.9318,1.064,1.0936,1.1712,1.5799,o,,,,
225399,2002,37689.0,281.0,18.0,0.9234,0.9156,0.914,0.91,0.9713,o,254.0,,14987.0,
225399,2003,37656.0,354.0,10.0,1.144,0.998,0.9702,0.9041,0.6245,o,280.0,,15728.0,812.0
225399,2004,35754.0,334.0,27.0,1.1663,1.009,0.9792,0.9085,0.6068,o,272.0,,16517.0,866.0
225399,2005,34305.0,349.0,6.0,1.2313,1.1967,1.1897,1.1723,0.9064,o,313.0,,20305.0,873.0
225399,2006,34599.0,289.0,6.0,1.0127,1.0142,1.0146,1.0153,1.0052,o,229.0,321.0,21735.0,819.0
225399,2007,48606.0,290.0,4.0,0.7209,0.724,0.7247,0.7263,1.015,o,456.0,273.0,24954.0,575.0
225399,2008,57370.0,333.0,5.0,0.7018,0.7471,0.7568,0.7817,1.2409,o,560.0,252.0,25953.0,543.0
225399,2009,62473.0,295.0,6.0,0.5724,0.6718,0.6944,0.7544,1.7368,o,554.0,236.0,27899.0,539.0
225399,2010,63999.0,294.0,5.0,0.5559,0.6851,0.7154,0.797,2.0554,o,516.0,206.0,29776.0,550.0
225399,2011,60401.0,329.0,5.0,0.6586,0.7495,0.7699,0.8231,1.562,o,500.0,163.0,32358.0,586.0
225399,2012,58362.0,373.0,2.0,0.769,0.769,0.769,0.769,1.0,o,518.0,185.0,34621.0,574.0
225399,2013,57924.0,370.0,0.0,0.7665,0.7467,0.7427,0.7327,0.9138,o,568.0,226.0,35819.0,596.0
225399,2014,62090.0,357.0,0.0,0.69,0.6929,0.6936,0.6951,1.015,o,615.0,195.0,36772.0,595.0
225399,2015,65283.0,387.0,0.0,0.7114,0.7435,0.7503,0.7676,1.1644,o,545.0,200.0,37597.0,578.0
225399,2016,64333.0,421.0,0.0,0.7853,0.8156,0.822,0.8383,1.1395,o,577.0,236.0,38634.0,556.0
225399,2017,65783.0,403.0,0.0,0.7351,0.7421,0.7436,0.7472,1.0331,o,519.0,235.0,39263.0,559.0
225399,2018,65708.0,462.0,0.0,0.8437,0.8252,0.8215,0.8121,0.9265,o,531.0,263.0,39544.0,550.0
225399,2019,68109.0,457.0,0.0,0.8052,0.7822,0.7776,0.7661,0.9052,o,727.0,268.0,39693.0,524.0
225399,2020,76983.0,545.0,0.0,0.8495,0.8782,0.8842,0.8996,1.1212,o,668.0,254.0,40205.0,534.0
225399,2021,78449.0,561.0,0.0,0.8581,0.9203,0.9337,0.9681,1.2728,o,802.0,241.0,40270.0,498.0
225399,2022,78824.0,556.0,0.0,0.8464,0.9332,0.9522,1.0015,1.4,o,732.0,273.0,38945.0,483.0
225399,2023,81010.0,520.0,0.0,0.7703,0.8159,0.8257,0.8506,1.2194,o,729.0,239.0,38042.0,454.0
225399,2024,81552.0,533.0,0.0,0.7843,0.7949,0.7971,0.8026,1.0473,o,751.0,291.0,38100.0,434.0
225414,1998,83728.0,993.0,0.0,1.4232,1.4232,1.4232,1.4232,,n,,,,
225414,1999,78972.0,964.0,0.0,1.4648,1.4648,1.4648,1.4648,,n,,,,
225414,2000,91959.0,1032.0,0.0,1.3467,1.3467,1.3467,1.3467,,n,,,,
225414,2001,100294.0,1024.0,0.0,1.2252,1.2252,1.2252,1.2252,,n,,,,
225414,2002,56515.0,1110.0,0.0,2.3569,2.3569,2.3569,2.3569,,n,,,,
225414,2003,93587.0,1129.0,0.0,1.4476,1.4476,1.4476,1.4476,,n,,,,216.0
225414,2004,94756.0,1059.0,0.0,1.3411,1.3411,1.3411,1.3411,,n,,,,250.0
225414,2005,95211.0,1232.0,0.0,1.5528,1.5528,1.5528,1.5528,,n,,,,274.0
225414,2006,97461.0,1154.0,0.0,1.4209,1.4209,1.4209,1.4209,,n,,858.0,,284.0
225414,2007,95543.0,1117.0,0.0,1.4029,1.4029,1.4029,1.4029,,n,,806.0,,296.0
225414,2008,94246.0,1188.0,0.0,1.5126,1.5126,1.5126,1.5126,,n,,906.0,,308.0
225414,2009,93601.0,1217.0,0.0,1.5602,1.5602,1.5602,1.5602,,n,,1065.0,,337.0
225414,2010,101459.0,1103.0,0.0,1.3046,1.3046,1.3046,1.3046,,n,,1153.0,,323.0
225414,2011,107163.0,1198.0,0.0,1.3415,1.3415,1.3415,1.3415,,n,,1060.0,,327.0
225414,2012,107515.0,1262.0,0.0,1.4085,1.4085,1.4085,1.4085,,n,,1039.0,,337.0
225414,2013,102165.0,1203.0,0.0,1.413,1.413,1.413,1.413,,n,,1036.0,,336.0
225414,2014,108478.0,1259.0,0.0,1.3927,1.3927,1.3927,1.3927,,n,234.0,1256.0,,398.0
225414,2015,118222.0,1287.0,0.0,1.3064,1.3064,1.3064,1.3064,,n,250.0,1176.0,7574.0,409.0
225414,2016,127546.0,1298.0,0.0,1.2212,1.2212,1.2212,1.2212,,n,266.0,1103.0,7522.0,420.0
225414,2017,131971.0,1337.0,0.0,1.2157,1.2157,1.2157,1.2157,,n,280.0,1173.0,8289.0,408.0
225414,2018,135991.0,1387.0,0.0,1.2239,1.2239,1.2239,1.2239,,n,305.0,1351.0,8372.0,378.0
225414,2019,147052.0,1488.0,0.0,1.2143,1.2708,1.2975,1.335,1.2087,o,336.0,1250.0,8544.0,368.0
225414,2020,156429.0,1545.0,0.0,1.1852,1.2485,1.2787,1.321,1.2422,o,363.0,1129.0,8786.0,369.0
225414,2021,154883.0,1603.0,0.0,1.242,1.3178,1.3541,1.4052,1.2802,o,335.0,1316.0,8759.0,314.0
225414,2022,152954.0,1517.0,0.0,1.1902,1.2417,1.2661,1.3,1.1932,o,353.0,1046.0,8445.0,320.0
225414,2023,143502.0,1549.0,0.0,1.2953,1.3175,1.3278,1.342,1.0733,o,438.0,1009.0,7969.0,314.0
225414,2024,146820.0,1554.0,0.0,1.2701,1.3084,1.3263,1.3511,1.1316,o,473.0,942.0,7746.0,271.0
225423,1998,930567.0,0.0,1040.0,0.0671,0.0671,0.0673,0.0674,1.0174,o,,,,
225423,1999,700004.0,0.0,1072.0,0.0919,0.0928,0.0953,0.0964,1.1573,o,,,,
225423,2000,696108.0,0.0,1003.0,0.0865,0.085,0.0814,0.0798,0.7842,o,,,,
225423,2001,720507.0,0.0,1098.0,0.0914,0.0944,0.1025,0.1064,1.5811,o,,,,
225423,2002,771758.0,0.0,1201.0,0.0934,0.0932,0.0928,0.0926,0.974,o,4855.0,,1621.0,
225423,2003,778912.0,0.0,1458.0,0.1123,0.1116,0.1097,0.1088,0.9093,o,5095.0,,1754.0,102.0
225423,2004,825692.0,0.0,1503.0,0.1092,0.1098,0.1113,0.112,1.0789,o,6636.0,,1871.0,102.0
225423,2005,790239.0,0.0,1923.0,0.146,0.149,0.1569,0.1606,1.3339,o,6379.0,,1893.0,102.0
225423,2006,787166.0,0.0,2048.0,0.1561,0.157,0.1594,0.1605,1.0875,o,7301.0,2014.0,1832.0,99.0
225423,2007,830056.0,0.0,2190.0,0.1583,0.1596,0.1629,0.1644,1.1219,o,7175.0,2160.0,1969.0,99.0
225423,2008,866446.0,0.0,2352.0,0.1629,0.1634,0.1648,0.1655,1.049,o,8126.0,2592.0,1958.0,100.0
225423,2009,970874.0,0.0,2720.0,0.1681,0.1695,0.173,0.1746,1.1227,o,10124.0,2744.0,1925.0,96.0
225423,2010,1141050.0,0.0,3285.0,0.1727,0.1762,0.1853,0.1895,1.3233,o,9672.0,3922.0,1990.0,82.0
225423,2011,1196405.0,0.0,3606.0,0.1808,0.1816,0.1835,0.1843,1.0599,o,10450.0,4318.0,1946.0,79.0
225423,2012,1214871.0,0.0,4276.0,0.2112,0.212,0.2141,0.215,1.0558,o,8726.0,4090.0,2211.0,80.0
225423,2013,1149084.0,0.0,4410.0,0.2303,0.228,0.2222,0.2197,0.8673,o,8621.0,4364.0,2175.0,83.0
225423,2014,1126846.0,0.0,4672.0,0.2488,0.2469,0.2422,0.2402,0.8991,o,8260.0,4750.0,2146.0,83.0
225423,2015,1115859.0,0.0,5953.0,0.3201,0.319,0.3162,0.315,0.9523,o,7967.0,4369.0,2128.0,88.0
225423,2016,1082948.0,0.0,6795.0,0.3765,0.375,0.3711,0.3694,0.9439,o,7559.0,4257.0,2116.0,95.0
225423,2017,1053992.0,0.0,6213.0,0.3537,0.3519,0.3475,0.3455,0.9317,o,8246.0,4002.0,2080.0,95.0
225423,2018,1051047.0,0.0,5706.0,0.3257,0.3271,0.3307,0.3323,1.0622,o,8097.0,4547.0,2034.0,90.0
225423,2019,1027195.0,0.0,5703.0,0.3331,0.3337,0.3352,0.3358,1.0246,o,8342.0,4485.0,1991.0,91.0
225423,2020,1032928.0,0.0,5725.0,0.3325,0.333,0.3343,0.3348,1.0209,o,5933.0,3206.0,2221.0,98.0
225423,2021,931379.0,0.0,5462.0,0.3519,0.3439,0.3243,0.316,0.7218,o,7023.0,3747.0,2381.0,92.0
225423,2022,863061.0,0.0,5387.0,0.3745,0.3741,0.373,0.3725,0.984,o,7883.0,4026.0,2238.0,92.0
225423,2023,888743.0,0.0,5238.0,0.3536,0.3585,0.3714,0.3773,1.2169,o,8159.0,3762.0,2112.0,90.0
225423,2024,949495.0,0.0,5110.0,0.3229,0.325,0.3303,0.3327,1.0947,o,9413.0,3518.0,2040.0,84.0
225432,1998,171466.0,901.0,0.0,0.6306,0.6093,0.5998,0.5871,0.867,o,,,,
225432,1999,187804.0,1030.0,0.0,0.6581,0.6482,0.6437,0.6376,0.9386,o,,,,
225432,2000,194814.0,1155.0,0.0,0.7114,0.7235,0.7291,0.7368,1.0724,o,,,,
225432,2001,203058.0,1305.0,0.0,0.7712,0.78,0.7841,0.7896,1.0484,o,,,,
225432,2002,218657.0,1276.0,0.0,0.7003,0.7144,0.7209,0.7299,1.0865,o,1099.0,,3475.0,
225432,2003,229937.0,1421.0,0.0,0.7416,0.7632,0.7734,0.7874,1.1274,o,1201.0,,3776.0,149.0
225432,2004,244018.0,1458.0,0.0,0.717,0.75,0.7656,0.7874,1.2061,o,1113.0,,3463.0,175.0
225432,2005,250961.0,1619.0,0.0,0.7741,0.7961,0.8064,0.8207,1.1238,o,1029.0,,5102.0,186.0
225432,2006,254046.0,1877.0,0.0,0.8866,0.8789,0.8754,0.8707,0.9644,o,980.0,1887.0,5182.0,179.0
225432,2007,252373.0,1949.0,0.0,0.9267,0.8971,0.8839,0.8661,0.8735,o,1014.0,2139.0,5529.0,210.0
225432,2008,264263.0,2002.0,0.0,0.9091,0.8772,0.8629,0.8439,0.8617,o,990.0,2068.0,5885.0,218.0
225432,2009,268987.0,2213.0,0.0,0.9873,0.9716,0.9645,0.9549,0.9356,o,1071.0,2201.0,6029.0,216.0
225432,2010,277199.0,2336.0,0.0,1.0113,1.0175,1.0203,1.0243,1.0259,o,1114.0,2084.0,6278.0,216.0
225432,2011,282702.0,2516.0,0.0,1.068,1.0917,1.1027,1.118,1.0958,o,1138.0,1972.0,6427.0,245.0
225432,2012,285777.0,2318.0,0.0,0.9733,1.001,1.0139,1.0318,1.1238,o,1442.0,2306.0,6512.0,266.0
225432,2013,299492.0,2388.0,0.0,0.9568,1.0098,1.0351,1.0705,1.2518,o,1130.0,2287.0,6713.0,271.0
225432,2014,301586.0,2386.0,0.0,0.9494,0.9873,1.0051,1.03,1.1771,o,993.0,2424.0,6896.0,259.0
225432,2015,307082.0,2338.0,0.0,0.9136,0.9008,0.895,0.8871,0.9427,o,877.0,2103.0,7201.0,287.0
225432,2016,293325.0,2578.0,0.0,1.0547,0.9763,0.9423,0.8979,0.7248,o,939.0,1987.0,7493.0,297.0
225432,2017,284935.0,2823.0,0.0,1.1889,1.0936,1.0525,0.999,0.7061,o,967.0,1875.0,7621.0,316.0
225432,2018,278340.0,2786.0,0.0,1.2011,1.1704,1.1566,1.1381,0.8978,o,1068.0,2152.0,8063.0,286.0
225432,2019,281768.0,3027.0,0.0,1.2891,1.3156,1.3279,1.3448,1.0882,o,1467.0,2244.0,7931.0,270.0
225432,2020,296186.0,2658.0,0.0,1.0769,1.1666,1.2102,1.2723,1.3959,o,1491.0,2580.0,8159.0,277.0
225432,2021,316637.0,2884.0,0.0,1.093,1.2146,1.2747,1.3616,1.5519,o,1360.0,2017.0,8430.0,240.0
225432,2022,306224.0,3266.0,0.0,1.2798,1.3877,1.4402,1.5149,1.401,o,1373.0,1994.0,8456.0,244.0
225432,2023,285958.0,2824.0,0.0,1.1851,1.2067,1.2167,1.2305,1.0781,o,1491.0,2200.0,7979.0,266.0
225432,2024,297095.0,2901.0,0.0,1.1717,1.1627,1.1586,1.153,0.9682,o,1181.0,2156.0,7708.0,231.0
225502,1998,16419.0,185.0,0.0,1.3521,1.3521,1.3521,1.3521,,n,,,,
225502,1999,17644.0,201.0,0.0,1.367,1.367,1.367,1.367,,n,,,,
225502,2000,17523.0,205.0,0.0,1.4039,1.4039,1.4039,1.4039,,n,,,,
225502,2001,18618.0,211.0,0.0,1.36,1.36,1.36,1.36,,n,,,,
225502,2002,20918.0,283.0,0.0,1.6235,1.6235,1.6235,1.6235,,n,,,,
225502,2003,23332.0,253.0,0.0,1.3012,1.3012,1.3012,1.3012,,n,,,,224.0
225502,2004,25590.0,267.0,0.0,1.2521,1.2521,1.2521,1.2521,,n,,,,224.0
225502,2005,27182.0,324.0,0.0,1.4304,1.4304,1.4304,1.4304,,n,,,,224.0
225502,2006,27259.0,347.0,0.0,1.5276,1.5276,1.5276,1.5276,,n,,,,230.0
225502,2007,30030.0,333.0,0.0,1.3307,1.3307,1.3307,1.3307,,n,,398.0,,250.0
225502,2008,32879.0,405.0,0.0,1.4781,1.4781,1.4781,1.4781,,n,,329.0,,273.0
225502,2009,38648.0,456.0,0.0,1.4159,1.4159,1.4159,1.4159,,n,,405.0,,271.0
225502,2010,43753.0,555.0,0.0,1.5222,1.5222,1.5222,1.5222,,n,186.0,507.0,,254.0
225502,2011,54420.0,578.0,0.0,1.2745,1.2745,1.2745,1.2745,,n,156.0,479.0,7823.0,236.0
225502,2012,58450.0,624.0,0.0,1.2811,1.2811,1.2811,1.2811,,n,261.0,415.0,7932.0,250.0
225502,2013,62265.0,686.0,0.0,1.3221,1.3221,1.3221,1.3221,,n,288.0,485.0,8176.0,233.0
225502,2014,67232.0,663.0,0.0,1.1834,1.1834,1.1834,1.1834,,n,340.0,445.0,8226.0,249.0
225502,2015,70104.0,645.0,0.0,1.1041,1.2774,1.3658,1.4961,1.8363,o,294.0,416.0,8809.0,259.0
225502,2016,69690.0,646.0,0.0,1.1124,1.23,1.288,1.3716,1.5204,o,319.0,478.0,9187.0,255.0
225502,2017,69331.0,626.0,0.0,1.0835,1.1126,1.1261,1.1449,1.1166,o,296.0,555.0,9394.0,296.0
225502,2018,73092.0,665.0,0.0,1.0918,1.0863,1.0838,1.0804,0.9793,o,358.0,465.0,8481.0,256.0
225502,2019,73964.0,665.0,0.0,1.0789,1.087,1.0907,1.0958,1.0315,o,367.0,525.0,7920.0,279.0
225502,2020,74964.0,681.0,0.0,1.0901,1.1349,1.1561,1.1855,1.1827,o,266.0,640.0,8150.0,303.0
225502,2021,76859.0,922.0,0.0,1.4395,1.4495,1.4541,1.4604,1.0293,o,149.0,437.0,8536.0,299.0
225502,2022,77239.0,842.0,0.0,1.3081,1.1729,1.1156,1.0421,0.6346,o,211.0,424.0,8227.0,249.0
225502,2023,63673.0,742.0,0.0,1.3984,1.1821,1.0945,0.9854,0.4966,o,173.0,444.0,7400.0,281.0
225502,2024,61770.0,766.0,0.0,1.4881,1.3199,1.2493,1.159,0.6066,o,221.0,409.0,7499.0,250.0
225511,1998,591224.0,3395.0,0.0,0.6891,0.7319,0.7524,0.7813,1.2855,o,,,,
225511,1999,609633.0,3343.0,0.0,0.658,0.724,0.7564,0.803,1.4891,o,,,,
225511,2000,499502.0,3551.0,0.0,0.8531,0.931,0.969,1.0234,1.4393,o,,,,
225511,2002,651906.0,3800.0,0.0,0.6995,0.7063,0.7095,0.7138,1.0413,o,3457.0,,4531.0,
225511,2003,672793.0,4116.0,0.0,0.7341,0.7403,0.7432,0.7471,1.0356,o,3325.0,,4690.0,262.0
225511,2004,680133.0,4367.0,0.0,0.7705,0.7802,0.7847,0.7908,1.0534,o,3367.0,,5403.0,315.0
225511,2005,675604.0,4528.0,0.0,0.8043,0.8066,0.8077,0.8092,1.0124,o,3445.0,,6570.0,358.0
225511,2006,675022.0,4632.0,0.0,0.8234,0.82,0.8184,0.8163,0.9827,o,3435.0,,8252.0,338.0
225511,2007,681336.0,4810.0,0.0,0.8472,0.8501,0.8514,0.8533,1.0144,o,3503.0,2596.0,8542.0,396.0
225511,2008,682850.0,4759.0,0.0,0.8363,0.8436,0.847,0.8516,1.0368,o,3797.0,3312.0,8903.0,405.0
225511,2009,709559.0,4874.0,0.0,0.8243,0.8381,0.8445,0.8533,1.0716,o,3295.0,3006.0,9580.0,399.0
225511,2010,736471.0,4764.0,0.0,0.7762,0.7819,0.7845,0.7881,1.0308,o,3637.0,4171.0,9894.0,361.0
225511,2011,772499.0,5128.0,0.0,0.7966,0.7964,0.7963,0.7962,0.9991,o,3719.0,4074.0,10249.0,395.0
225511,2012,796662.0,5414.0,0.0,0.8155,0.817,0.8177,0.8186,1.0077,o,3492.0,4264.0,10222.0,441.0
225511,2013,807150.0,5730.0,0.0,0.8519,0.8553,0.8569,0.859,1.0168,o,3434.0,3394.0,10820.0,415.0
225511,2014,789727.0,6372.0,0.0,0.9682,0.968,0.9679,0.9678,0.9991,o,4048.0,4672.0,11061.0,434.0
225511,2015,832271.0,6425.0,0.0,0.9264,0.9302,0.9319,0.9343,1.0171,o,4187.0,4827.0,11234.0,439.0
225511,2016,874587.0,6802.0,0.0,0.9333,0.9635,0.9777,0.9974,1.142,o,4463.0,5001.0,11355.0,448.0
225511,2017,910541.0,6726.0,0.0,0.8864,0.935,0.9581,0.9906,1.2489,o,4959.0,5200.0,12135.0,443.0
225511,2018,948710.0,7367.0,0.0,0.9318,0.9848,1.0101,1.0457,1.2593,o,5198.0,5275.0,12096.0,425.0
225511,2019,975205.0,7631.0,0.0,0.939,0.9875,1.0105,1.0428,1.2334,o,5680.0,4597.0,10876.0,413.0
225511,2020,984864.0,8072.0,0.0,0.9835,1.0391,1.0657,1.1029,1.2576,o,5225.0,4565.0,11083.0,410.0
225511,2021,1024543.0,8890.0,0.0,1.0412,1.0784,1.0959,1.1202,1.1574,o,5437.0,4490.0,11039.0,380.0
225511,2022,968879.0,8140.0,0.0,1.0082,1.02,1.0254,1.0329,1.0497,o,5555.0,4434.0,10640.0,382.0
225511,2023,944544.0,8022.0,0.0,1.0192,1.0217,1.0229,1.0245,1.0105,o,5652.0,4442.0,10040.0,382.0
225511,2024,957509.0,8124.0,0.0,1.0181,1.0248,1.0279,1.0321,1.0277,o,6218.0,4584.0,9711.0,360.0
225520,1998,38633.0,0.0,144.0,0.2236,0.2202,0.2117,0.208,0.803,o,,,,
225520,2000,42177.0,0.0,164.0,0.2333,0.2397,0.2568,0.2648,1.4675,o,,,,
225520,2001,36446.0,0.0,160.0,0.2634,0.2627,0.2608,0.26,0.961,o,,,,
225520,2002,53874.0,0.0,173.0,0.1927,0.1906,0.1855,0.1832,0.8587,o,542.0,,1549.0,
225520,2003,55890.0,0.0,238.0,0.2555,0.2549,0.2535,0.2528,0.9687,o,515.0,,1655.0,62.0
225520,2009,65109.0,0.0,240.0,0.2212,0.21,0.1838,0.1733,0.4773,o,474.0,106.0,2377.0,68.0
225520,2010,80345.0,0.0,373.0,0.2785,0.2787,0.2791,0.2793,1.0085,o,697.0,1146.0,2447.0,60.0
225520,2011,84423.0,0.0,290.0,0.2061,0.213,0.2317,0.2405,1.5968,o,677.0,1074.0,2390.0,59.0
225520,2012,83642.0,0.0,309.0,0.2217,0.2239,0.2299,0.2325,1.1563,o,654.0,258.0,2738.0,68.0
225520,2013,77620.0,0.0,305.0,0.2358,0.235,0.2329,0.232,0.952,o,574.0,257.0,2970.0,72.0
225520,2014,67974.0,0.0,319.0,0.2816,0.2787,0.2714,0.2682,0.8625,o,479.0,86.0,2925.0,81.0
225520,2015,60868.0,0.0,301.0,0.2967,0.2916,0.2788,0.2734,0.7801,o,470.0,183.0,2979.0,81.0
225520,2016,61867.0,0.0,331.0,0.321,0.3185,0.312,0.3092,0.8927,o,540.0,239.0,3296.0,90.0
225520,2017,66013.0,0.0,379.0,0.3445,0.3476,0.3558,0.3595,1.138,o,539.0,245.0,3263.0,88.0
225520,2018,64423.0,0.0,504.0,0.4694,0.4715,0.4771,0.4796,1.0673,o,568.0,194.0,3190.0,87.0
225520,2019,66507.0,0.0,475.0,0.4285,0.4301,0.4341,0.4359,1.0528,o,491.0,162.0,3124.0,82.0
225520,2020,63251.0,0.0,414.0,0.3927,0.3894,0.3811,0.3775,0.8871,o,440.0,125.0,3077.0,84.0
225520,2021,59150.0,0.0,500.0,0.5072,0.5007,0.4842,0.4771,0.831,o,484.0,137.0,2988.0,79.0
225520,2022,57542.0,0.0,416.0,0.4338,0.435,0.438,0.4394,1.0397,o,452.0,116.0,2819.0,77.0
225520,2023,62166.0,0.0,446.0,0.4305,0.4298,0.4281,0.4274,0.9784,o,408.0,127.0,2816.0,68.0
225520,2024,62227.0,0.0,469.0,0.4522,0.4479,0.437,0.4322,0.8718,o,443.0,166.0,2766.0,62.0
225548,1998,38078.0,203.0,0.0,0.6397,0.6317,0.63,0.6259,0.9572,o,,,,
225548,1999,36879.0,262.0,0.0,0.8525,0.8306,0.8261,0.815,0.914,o,,,,
225548,2000,36535.0,211.0,0.0,0.693,0.6811,0.6786,0.6725,0.9417,o,,,,
225548,2001,38054.0,222.0,0.0,0.7001,0.7023,0.7028,0.704,1.0112,o,,,,
225548,2002,37702.0,227.0,0.0,0.7225,0.7374,0.7405,0.7484,1.0728,o,353.0,,17322.0,
225548,2003,36342.0,216.0,3.0,0.7182,0.7248,0.7262,0.7297,1.0324,o,332.0,,17843.0,496.0
225548,2004,35432.0,232.0,3.0,0.7908,0.7785,0.776,0.7697,0.9474,o,302.0,,18491.0,513.0
225548,2005,33593.0,226.0,2.0,0.8109,0.7857,0.7805,0.7679,0.8967,o,297.0,,19315.0,531.0
225548,2006,33927.0,238.0,5.0,0.8506,0.8127,0.8051,0.7863,0.8545,o,323.0,112.0,19476.0,530.0
225548,2007,34507.0,217.0,3.0,0.7598,0.7382,0.7338,0.7229,0.9051,o,276.0,105.0,21884.0,456.0
225548,2008,33765.0,201.0,4.0,0.7215,0.7097,0.7073,0.7013,0.9448,o,323.0,92.0,23457.0,458.0
225548,2009,34125.0,242.0,4.0,0.858,0.858,0.858,0.858,1.0,o,217.0,89.0,25035.0,468.0
225548,2010,29815.0,234.0,1.0,0.9438,0.9068,0.8993,0.8808,0.871,o,329.0,99.0,26660.0,493.0
225548,2011,32502.0,200.0,3.0,0.744,0.7242,0.7202,0.7103,0.9115,o,282.0,76.0,27849.0,510.0
225548,2012,30476.0,217.0,1.0,0.8564,0.8614,0.8624,0.8649,1.02,o,299.0,56.0,29525.0,540.0
225548,2013,28492.0,203.0,3.0,0.8613,0.8798,0.8836,0.8934,1.0759,o,347.0,61.0,30158.0,528.0
225548,2014,33587.0,180.0,0.0,0.6431,0.6752,0.6821,0.6995,1.1832,o,302.0,76.0,30545.0,463.0
225548,2015,29160.0,194.0,0.0,0.7984,0.8124,0.8154,0.8228,1.0622,o,281.0,101.0,32115.0,494.0
225548,2016,29347.0,153.0,1.0,0.6277,0.6283,0.6284,0.6287,1.0034,o,330.0,78.0,33189.0,518.0
225548,2017,27932.0,195.0,0.0,0.8377,0.8243,0.8216,0.8147,0.9458,o,253.0,91.0,33948.0,544.0
225548,2018,25601.0,166.0,0.0,0.7781,0.7543,0.7494,0.7375,0.8983,o,251.0,74.0,34509.0,532.0
225548,2019,23813.0,184.0,1.0,0.9297,0.8913,0.8835,0.8645,0.8645,o,249.0,58.0,34276.0,537.0
225548,2020,23066.0,157.0,0.0,0.8168,0.7707,0.7614,0.7389,0.8183,o,213.0,71.0,35094.0,517.0
225548,2021,22781.0,184.0,0.0,0.9692,0.906,0.8934,0.8628,0.7925,o,235.0,81.0,34081.0,447.0
225548,2022,21133.0,122.0,0.0,0.6928,0.6695,0.6648,0.6531,0.8889,o,216.0,56.0,33106.0,449.0
225548,2023,20034.0,117.0,1.0,0.7038,0.6831,0.6789,0.6684,0.902,o,209.0,63.0,32763.0,430.0
225548,2024,20393.0,121.0,0.0,0.712,0.695,0.6915,0.6829,0.9199,o,216.0,63.0,33322.0,432.0
225575,1998,19710.0,69.0,0.0,0.4201,0.4438,0.4489,0.4618,1.2085,o,,,,
225575,2000,14762.0,95.0,0.0,0.7723,0.6216,0.5943,0.5312,0.4732,o,,,,
225575,2002,15655.0,73.0,0.0,0.5596,0.6301,0.6457,0.6866,1.5056,o,131.0,,13771.0,
225575,2003,16098.0,64.0,0.0,0.4771,0.571,0.5926,0.6503,1.8582,o,175.0,,13789.0,397.0
225575,2004,16286.0,58.0,0.0,0.4274,0.4506,0.4555,0.4682,1.2,o,182.0,,13449.0,376.0
225575,2005,16009.0,69.0,0.0,0.5172,0.5621,0.5718,0.5969,1.3321,o,168.0,,13182.0,370.0
225575,2006,18088.0,80.0,0.0,0.5307,0.5772,0.5874,0.6134,1.3359,o,186.0,,12761.0,395.0
225575,2007,19146.0,94.0,0.0,0.5892,0.6146,0.62,0.6337,1.1569,o,194.0,79.0,13021.0,376.0
225575,2008,17911.0,93.0,0.0,0.6231,0.6345,0.6368,0.6428,1.0644,o,179.0,90.0,14692.0,432.0
225575,2009,19664.0,94.0,0.0,0.5736,0.5843,0.5866,0.5922,1.0657,o,250.0,89.0,16092.0,425.0
225575,2010,22673.0,93.0,0.0,0.4922,0.5204,0.5265,0.5419,1.2119,o,270.0,56.0,16345.0,454.0
225575,2011,23244.0,120.0,0.0,0.6195,0.6785,0.6914,0.7247,1.3684,o,182.0,104.0,17351.0,505.0
225575,2012,22576.0,130.0,0.0,0.691,0.7306,0.7391,0.7607,1.2118,o,209.0,90.0,16912.0,516.0
225575,2013,19411.0,121.0,0.0,0.748,0.7282,0.7241,0.7141,0.9114,o,228.0,135.0,17450.0,614.0
225575,2014,24132.0,125.0,0.0,0.6216,0.591,0.5849,0.5698,0.8404,o,206.0,74.0,17766.0,533.0
225575,2015,26803.0,140.0,17.0,0.6649,0.6571,0.6555,0.6515,0.9602,o,146.0,85.0,17681.0,502.0
225575,2016,26746.0,149.0,25.0,0.7246,0.7028,0.6984,0.6875,0.9003,o,145.0,115.0,18599.0,540.0
225575,2017,25803.0,135.0,47.0,0.7371,0.6551,0.6393,0.6015,0.6659,o,183.0,126.0,18288.0,541.0
225575,2018,27769.0,210.0,33.0,0.9788,0.9024,0.8874,0.8509,0.7558,o,223.0,98.0,17879.0,525.0
225575,2019,28741.0,209.0,4.0,0.881,0.9182,0.9261,0.9461,1.1534,o,204.0,122.0,17505.0,525.0
225575,2020,29422.0,171.0,33.0,0.7647,0.8547,0.8746,0.9264,1.4674,o,169.0,104.0,17243.0,554.0
225575,2021,30480.0,182.0,36.0,0.7874,0.8173,0.8236,0.8397,1.1372,o,150.0,109.0,17162.0,491.0
225575,2022,29096.0,201.0,35.0,0.9012,0.8403,0.8282,0.7988,0.7857,o,186.0,95.0,16130.0,535.0
225575,2023,18848.0,145.0,39.0,1.0473,0.977,0.9631,0.929,0.7869,o,180.0,80.0,15220.0,624.0
225575,2024,18977.0,165.0,11.0,1.0781,1.0722,1.071,1.068,0.9812,o,290.0,64.0,14703.0,638.0
225627,1998,66942.0,457.0,0.0,0.8192,0.8095,0.8075,0.8025,0.9596,o,,,,
225627,1999,80582.0,559.0,0.0,0.8324,0.8192,0.8165,0.8098,0.9463,o,,,,
225627,2000,77263.0,554.0,0.0,0.8604,0.8355,0.8305,0.8179,0.9037,o,,,,
225627,2001,81269.0,583.0,0.0,0.8608,0.8691,0.8709,0.8752,1.0337,o,,,,
225627,2002,89761.0,602.0,0.0,0.8048,0.8665,0.8799,0.9142,1.2902,o,412.0,,22900.0,
225627,2003,91726.0,634.0,0.0,0.8294,0.8662,0.874,0.8938,1.1612,o,406.0,,23791.0,581.0
225627,2004,97893.0,702.0,1.0,0.8611,0.8487,0.8462,0.8399,0.9512,o,486.0,,25287.0,560.0
225627,2005,105610.0,645.0,2.0,0.734,0.7147,0.7108,0.701,0.9121,o,578.0,,25885.0,559.0
225627,2006,113956.0,695.0,5.0,0.7345,0.7673,0.7743,0.792,1.1628,o,621.0,559.0,26599.0,579.0
225627,2007,122367.0,681.0,7.0,0.6713,0.75,0.7674,0.8127,1.4658,o,718.0,522.0,26315.0,574.0
225627,2008,131781.0,802.0,10.0,0.7349,0.8267,0.8471,0.9003,1.5011,o,888.0,539.0,27891.0,634.0
225627,2009,139796.0,893.0,7.0,0.7695,0.8671,0.8888,0.9455,1.5094,o,744.0,607.0,29150.0,678.0
225627,2010,145872.0,997.0,7.0,0.8231,0.9,0.9168,0.9602,1.3611,o,886.0,585.0,30434.0,631.0
225627,2011,154414.0,998.0,6.0,0.7779,0.8236,0.8333,0.8583,1.2173,o,1050.0,770.0,30557.0,630.0
225627,2012,167540.0,1065.0,6.0,0.765,0.8076,0.8167,0.8399,1.2055,o,1064.0,805.0,31008.0,659.0
225627,2013,178030.0,1201.0,9.0,0.8126,0.8759,0.8896,0.9248,1.2953,o,1045.0,744.0,31669.0,667.0
225627,2014,182886.0,1203.0,12.0,0.7933,0.8548,0.8681,0.9023,1.2939,o,946.0,769.0,32638.0,659.0
225627,2015,186313.0,1332.0,20.0,0.8644,0.8714,0.8729,0.8765,1.0284,o,906.0,697.0,34582.0,689.0
225627,2016,187588.0,1357.0,24.0,0.8757,0.8428,0.8361,0.8197,0.8761,o,788.0,812.0,36038.0,679.0
225627,2017,178989.0,1397.0,187.0,0.9993,0.9378,0.9255,0.8956,0.8032,o,808.0,568.0,36839.0,715.0
225627,2018,166160.0,1402.0,137.0,1.062,0.996,0.9829,0.9508,0.8016,o,822.0,525.0,37376.0,733.0
225627,2019,151957.0,1350.0,115.0,1.1115,1.0711,1.0629,1.0428,0.8801,o,1012.0,467.0,38417.0,764.0
225627,2020,146297.0,1163.0,160.0,1.0196,1.0433,1.0483,1.0609,1.0826,o,922.0,440.0,39155.0,805.0
225627,2021,137730.0,1040.0,127.0,0.9614,1.0165,1.0283,1.0584,1.2118,o,966.0,358.0,37685.0,812.0
225627,2022,133128.0,1016.0,24.0,0.9266,0.967,0.9755,0.9973,1.1583,o,977.0,369.0,36312.0,742.0
225627,2023,129095.0,1069.0,10.0,0.9983,1.0152,1.0187,1.0276,1.0594,o,1067.0,321.0,35609.0,753.0
225627,2024,134153.0,992.0,11.0,0.8923,0.9067,0.9097,0.9173,1.0569,o,1016.0,364.0,35660.0,705.0
225742,1998,1548.0,0.0,0.0,0.0,0.0,0.0,0.0,0.9215,i,,,,
225760,1999,10380.0,0.0,0.0,0.0,0.0,0.0,0.0,,-,,,,
225779,2000,6625.0,0.0,0.0,0.0,0.0,0.0,0.0,,-,,,,
225779,2003,33309.0,0.0,0.0,0.0,0.0,0.0,0.0,,-,555.0,,,
225779,2009,5460.0,0.0,0.0,0.0,0.0,0.0,0.0,,-,211.0,,,
225788,2000,7581.0,0.0,0.0,0.0,0.0,0.0,0.0,,-,,,,
225788,2001,5951.0,0.0,0.0,0.0,0.0,0.0,0.0,,-,,,,
225788,2010,10238.0,0.0,15.0,0.0879,0.0879,0.0879,0.0879,,-,243.0,,,
225849,1999,20804.0,0.0,146.0,0.4211,0.4211,0.4211,0.4211,,-,,,,
225849,2000,15136.0,0.0,132.0,0.5233,0.5233,0.5233,0.5233,,-,,,,
225849,2001,24451.0,0.0,157.0,0.3853,0.3853,0.3853,0.3853,,-,,,,
225849,2002,14780.0,0.0,169.0,0.6861,0.6861,0.6861,0.6861,,-,130.0,,18964.0,
225849,2003,13566.0,0.0,126.0,0.5573,0.5573,0.5573,0.5573,,-,144.0,,20188.0,839.0
225849,2004,15691.0,0.0,180.0,0.6883,0.6883,0.6883,0.6883,,-,144.0,,20716.0,1057.0
225849,2005,20797.0,0.0,152.0,0.4385,0.4385,0.4385,0.4385,,-,146.0,,21807.0,774.0
225849,2006,20296.0,0.0,216.0,0.6385,0.6385,0.6385,0.6385,,-,184.0,9.0,22118.0,828.0
225849,2007,16320.0,0.0,184.0,0.6765,0.6765,0.6765,0.6765,,-,128.0,,22504.0,1106.0
225849,2008,17528.0,0.0,157.0,0.5374,0.5374,0.5374,0.5374,,-,147.0,3.0,22828.0,917.0
225849,2009,19499.0,0.0,169.0,0.52,0.52,0.52,0.52,,-,161.0,21.0,23533.0,857.0
225849,2010,24315.0,0.0,152.0,0.3751,0.3751,0.3751,0.3751,,-,119.0,14.0,24513.0,830.0
225849,2011,23133.0,36.0,199.0,0.7029,0.7029,0.7029,0.7029,,-,61.0,13.0,25194.0,1008.0
225849,2012,21915.0,32.0,190.0,0.6954,0.6954,0.6954,0.6954,,-,82.0,9.0,24556.0,947.0
225849,2013,19502.0,45.0,182.0,0.8368,0.8368,0.8368,0.8368,,-,93.0,17.0,24126.0,889.0
225849,2014,18830.0,37.0,125.0,0.6341,0.6341,0.6341,0.6341,,-,143.0,9.0,23762.0,731.0
225849,2015,18023.0,50.0,107.0,0.6891,0.6891,0.6891,0.6891,,-,98.0,5.0,23561.0,672.0
225858,1999,21131.0,0.0,227.0,0.6446,0.6446,0.6446,0.6446,,-,,,,
225858,2000,18912.0,0.0,166.0,0.5266,0.5266,0.5266,0.5266,,-,,,,
225858,2001,20035.0,0.0,188.0,0.563,0.563,0.563,0.563,,-,,,,
225858,2002,18200.0,0.0,147.0,0.4846,0.4846,0.4846,0.4846,,-,159.0,,20274.0,
225858,2003,16019.0,0.0,119.0,0.4457,0.4457,0.4457,0.4457,,-,145.0,,20188.0,849.0
225858,2004,15712.0,0.0,191.0,0.7294,0.7294,0.7294,0.7294,,-,90.0,,20716.0,902.0
225858,2005,11828.0,0.0,182.0,0.9232,0.9232,0.9232,0.9232,,-,89.0,,21807.0,1163.0
225858,2006,10560.0,0.0,155.0,0.8807,0.8807,0.8807,0.8807,,-,95.0,19.0,22118.0,1065.0
225858,2007,11811.0,0.0,139.0,0.7061,0.7061,0.7061,0.7061,,-,86.0,26.0,22504.0,939.0
225858,2008,14005.0,0.0,131.0,0.5612,0.5612,0.5612,0.5612,,-,95.0,20.0,22828.0,846.0
225858,2009,16851.0,0.0,177.0,0.6302,0.6302,0.6302,0.6302,,-,92.0,15.0,23533.0,830.0
225858,2010,21013.0,0.0,222.0,0.6339,0.6339,0.6339,0.6339,,-,79.0,10.0,24513.0,842.0
225858,2011,20512.0,28.0,249.0,0.8922,0.8922,0.8922,0.8922,,-,39.0,16.0,25194.0,1009.0
225858,2012,19024.0,56.0,255.0,1.1575,1.1575,1.1575,1.1575,,-,80.0,8.0,24556.0,981.0
225858,2013,20233.0,40.0,247.0,0.9697,0.9697,0.9697,0.9697,,-,98.0,8.0,24126.0,833.0
225858,2014,20702.0,49.0,218.0,0.9159,0.9159,0.9159,0.9159,,-,86.0,4.0,23762.0,746.0
225858,2015,19952.0,58.0,217.0,1.0014,1.0014,1.0014,1.0014,,-,91.0,4.0,23561.0,713.0
225867,1998,5310.0,0.0,1.0,0.0113,0.0113,0.0113,0.0113,,-,,,,
225867,1999,11970.0,0.0,7.0,0.0351,0.0351,0.0351,0.0351,,-,,,,
225867,2001,10656.0,0.0,76.0,0.4279,0.4279,0.4279,0.4279,,-,,,,
225867,2002,6505.0,0.0,14.0,0.1291,0.1291,0.1291,0.1291,,-,238.0,,27585.0,
225867,2003,10167.0,0.0,16.0,0.0944,0.0944,0.0944,0.0944,,-,282.0,,28040.0,
225867,2004,10251.0,0.0,26.0,0.1522,0.1522,0.1522,0.1522,,-,346.0,,32006.0,130.0
225867,2007,3728.0,0.0,75.0,1.2071,1.2071,1.2071,1.2071,,-,,,27458.0,
225876,1998,6482.0,0.0,42.0,0.3888,0.3888,0.3888,0.3888,,-,,,,
225876,1999,7504.0,0.0,22.0,0.1759,0.1759,0.1759,0.1759,,-,,,,
225876,2000,5239.0,0.0,29.0,0.3321,0.3321,0.3321,0.3321,,-,,,,
225876,2001,5404.0,0.0,30.0,0.3331,0.3331,0.3331,0.3331,,-,,,,
225876,2002,6273.0,0.0,24.0,0.2296,0.2296,0.2296,0.2296,,-,70.0,,7708.0,
225876,2003,5201.0,0.0,27.0,0.3115,0.3115,0.3115,0.3115,,-,107.0,,8922.0,275.0
225876,2004,7307.0,0.0,34.0,0.2792,0.2792,0.2792,0.2792,,-,81.0,,8706.0,266.0
225876,2005,7076.0,0.0,54.0,0.4579,0.4579,0.4579,0.4579,,-,91.0,,8772.0,255.0
225876,2006,6837.0,0.0,44.0,0.3861,0.3861,0.3861,0.3861,,-,91.0,,8501.0,250.0
225876,2007,7978.0,0.0,31.0,0.2331,0.2331,0.2331,0.2331,,-,68.0,14.0,8841.0,228.0
225876,2008,6734.0,0.0,39.0,0.3475,0.3475,0.3475,0.3475,,-,102.0,29.0,8994.0,340.0
225876,2009,6756.0,0.0,37.0,0.3286,0.3286,0.3286,0.3286,,-,92.0,32.0,9490.0,104.0
225876,2010,7812.0,0.0,32.0,0.2458,0.2458,0.2458,0.2458,,-,102.0,34.0,9858.0,77.0
225876,2011,8712.0,0.0,36.0,0.2479,0.2479,0.2479,0.2479,,-,95.0,53.0,9822.0,63.0
225876,2012,8405.0,0.0,37.0,0.2641,0.2641,0.2641,0.2641,,-,132.0,61.0,9573.0,84.0
225876,2013,10312.0,0.0,25.0,0.1455,0.1455,0.1455,0.1455,,-,147.0,26.0,9625.0,97.0
225876,2014,10560.0,0.0,59.0,0.3352,0.3352,0.3352,0.3352,,-,137.0,38.0,9578.0,98.0
225876,2015,11488.0,0.0,75.0,0.3917,0.3917,0.3917,0.3917,,-,103.0,34.0,9497.0,120.0
225876,2016,11985.0,0.0,85.0,0.4255,0.4255,0.4255,0.4255,,-,144.0,19.0,9432.0,115.0
225876,2017,13865.0,0.0,59.0,0.2553,0.2553,0.2553,0.2553,,-,94.0,28.0,10071.0,239.0
225876,2018,14014.0,0.0,84.0,0.3596,0.3596,0.3596,0.3596,,-,125.0,27.0,9970.0,300.0
225876,2019,11639.0,0.0,95.0,0.4897,0.4897,0.4897,0.4897,,-,119.0,38.0,9762.0,381.0
225876,2020,11888.0,0.0,63.0,0.318,0.318,0.318,0.318,,-,125.0,24.0,9616.0,269.0
225876,2021,11234.0,0.0,76.0,0.4059,0.4059,0.4059,0.4059,,-,99.0,26.0,9338.0,323.0
225876,2022,10734.0,0.0,74.0,0.4136,0.4136,0.4136,0.4136,,-,120.0,13.0,6516.0,339.0
225876,2023,10566.0,0.0,52.0,0.2953,0.2953,0.2953,0.2953,,-,98.0,19.0,7401.0,217.0
225876,2024,10948.0,0.0,50.0,0.274,0.274,0.274,0.274,,-,98.0,10.0,8220.0,206.0
225885,1998,14828.0,35.0,0.0,0.2832,0.2673,0.2641,0.2563,0.8188,o,,,,
225885,1999,16087.0,54.0,0.0,0.4028,0.3504,0.3404,0.3167,0.6182,o,,,,
225885,2000,16685.0,105.0,0.0,0.7552,0.6398,0.6183,0.5675,0.5646,o,,,,
225885,2001,17223.0,88.0,0.0,0.6131,0.6214,0.6232,0.6275,1.0474,o,,,,
225885,2002,17257.0,75.0,0.0,0.5215,0.5954,0.612,0.6554,1.5792,o,115.0,,9614.0,
225885,2004,18053.0,102.0,0.0,0.678,0.6311,0.6219,0.5992,0.7811,o,84.0,,9917.0,212.0
225885,2005,17667.0,59.0,0.0,0.4007,0.3471,0.3369,0.3127,0.609,o,98.0,,10189.0,220.0
225885,2006,18075.0,88.0,0.0,0.5842,0.5304,0.5199,0.4945,0.7165,o,113.0,48.0,10875.0,201.0
225885,2007,18827.0,86.0,0.0,0.5481,0.5512,0.5518,0.5534,1.0193,o,133.0,109.0,12053.0,271.0
225885,2008,21929.0,66.0,0.0,0.3612,0.398,0.4061,0.427,1.3977,o,148.0,66.0,12011.0,275.0
225885,2009,21630.0,66.0,0.0,0.3662,0.4153,0.4263,0.455,1.544,o,119.0,44.0,11810.0,279.0
225885,2010,18612.0,72.0,0.0,0.4642,0.497,0.5041,0.5222,1.2654,o,82.0,40.0,13735.0,437.0
225885,2015,23340.0,65.0,0.0,0.3342,0.4114,0.4294,0.4781,2.0471,o,251.0,148.0,14842.0,371.0
225885,2016,27232.0,81.0,3.0,0.3635,0.4214,0.4345,0.469,1.6642,o,270.0,95.0,15194.0,432.0
225885,2017,24669.0,76.0,8.0,0.3892,0.4423,0.4542,0.4853,1.5552,o,258.0,86.0,14941.0,426.0
225885,2018,28361.0,77.0,11.0,0.3491,0.3939,0.4039,0.43,1.5172,o,350.0,56.0,14606.0,358.0
225885,2019,28094.0,92.0,1.0,0.3951,0.4337,0.4421,0.4639,1.3787,o,202.0,83.0,14301.0,366.0
225885,2020,24957.0,70.0,0.0,0.3366,0.3423,0.3435,0.3464,1.0595,o,104.0,45.0,14087.0,389.0
225885,2021,22394.0,90.0,0.0,0.4823,0.4117,0.3984,0.3671,0.5795,o,119.0,55.0,13680.0,344.0
225885,2022,22405.0,94.0,0.0,0.5035,0.3764,0.3544,0.3049,0.3668,o,168.0,51.0,12857.0,355.0
225885,2023,21826.0,132.0,0.0,0.7257,0.6004,0.5772,0.5233,0.5199,o,151.0,62.0,12132.0,333.0
225885,2024,22446.0,131.0,0.0,0.7003,0.7088,0.7106,0.7151,1.0425,o,118.0,42.0,11720.0,278.0
225991,1998,6853.0,0.0,71.0,0.6216,0.6216,0.6216,0.6216,,-,,,,
225991,1999,7059.0,0.0,67.0,0.5695,0.5695,0.5695,0.5695,,-,,,,
225991,2001,7645.0,0.0,54.0,0.4238,0.4238,0.4238,0.4238,,-,,,,
225991,2002,7454.0,0.0,59.0,0.4749,0.4749,0.4749,0.4749,,-,62.0,,13944.0,
225991,2003,4300.0,0.0,69.0,0.9628,0.9628,0.9628,0.9628,,-,65.0,,14288.0,807.0
225991,2004,3491.0,0.0,57.0,0.9797,0.9797,0.9797,0.9797,,-,20.0,,15257.0,891.0
225991,2005,5039.0,0.0,69.0,0.8216,0.8216,0.8216,0.8216,,-,61.0,,15613.0,571.0
225991,2006,5642.0,0.0,60.0,0.6381,0.6381,0.6381,0.6381,,-,24.0,,16087.0,431.0
225991,2009,4920.0,0.0,55.0,0.6707,0.6707,0.6707,0.6707,,-,64.0,,16906.0,605.0
225991,2010,5452.0,0.0,67.0,0.7373,0.7373,0.7373,0.7373,,-,32.0,40.0,18012.0,534.0
225991,2011,5312.0,0.0,73.0,0.8245,0.8245,0.8245,0.8245,,-,22.0,42.0,21239.0,498.0
225991,2012,5391.0,0.0,70.0,0.7791,0.7791,0.7791,0.7791,,-,24.0,43.0,20681.0,559.0
225991,2013,6051.0,0.0,81.0,0.8032,0.8032,0.8032,0.8032,,-,24.0,42.0,20482.0,638.0
225991,2014,7211.0,0.0,58.0,0.4826,0.4826,0.4826,0.4826,,-,37.0,39.0,21575.0,495.0
225991,2015,5830.0,0.0,69.0,0.7101,0.7101,0.7101,0.7101,,-,29.0,44.0,21326.0,603.0
225991,2016,4748.0,0.0,74.0,0.9351,0.9351,0.9351,0.9351,,-,25.0,26.0,21553.0,647.0
225991,2017,3630.0,0.0,52.0,0.8595,0.8595,0.8595,0.8595,,-,25.0,26.0,21193.0,719.0
225991,2018,4710.0,0.0,54.0,0.6879,0.6879,0.6879,0.6879,,-,26.0,25.0,20719.0,464.0
225991,2019,4147.0,0.0,56.0,0.8102,0.8102,0.8102,0.8102,,-,45.0,26.0,20735.0,611.0
225991,2020,4600.0,0.0,45.0,0.587,0.587,0.587,0.587,,-,40.0,26.0,21065.0,419.0
225991,2021,3752.0,0.0,47.0,0.7516,0.7516,0.7516,0.7516,,-,31.0,6.0,20061.0,480.0
225991,2022,4050.0,0.0,59.0,0.8741,0.8741,0.8741,0.8741,,-,20.0,37.0,18521.0,475.0
225991,2023,4500.0,0.0,54.0,0.72,0.72,0.72,0.72,,-,26.0,26.0,17442.0,350.0
225991,2024,3245.0,0.0,48.0,0.8875,0.8875,0.8875,0.8875,,-,19.0,14.0,18080.0,373.0
226019,1998,91875.0,0.0,349.0,0.2279,0.2297,0.2343,0.2364,1.1172,o,,,,
226019,2000,90862.0,0.0,341.0,0.2252,0.225,0.2247,0.2245,0.9915,o,,,,
226019,2001,68652.0,0.0,282.0,0.2465,0.2465,0.2466,0.2467,1.0026,o,,,,
226019,2002,75219.0,0.0,367.0,0.2927,0.2925,0.292,0.2918,0.9898,o,1236.0,,1289.0,
226019,2003,83414.0,0.0,394.0,0.2834,0.2846,0.2875,0.2889,1.0596,o,1216.0,,1264.0,82.0
226019,2004,87619.0,0.0,434.0,0.2972,0.2975,0.2983,0.2987,1.0154,o,1078.0,,1313.0,90.0
226019,2006,110260.0,0.0,463.0,0.2519,0.2553,0.2641,0.2681,1.2066,o,956.0,284.0,1309.0,75.0
226019,2007,106659.0,0.0,502.0,0.2824,0.2774,0.2651,0.2598,0.7766,o,1188.0,411.0,1524.0,88.0
226019,2008,116727.0,0.0,516.0,0.2652,0.2655,0.2662,0.2666,1.0154,o,1173.0,404.0,1510.0,87.0
226019,2016,107934.0,0.0,788.0,0.438,0.4333,0.4213,0.4161,0.856,o,1091.0,337.0,1898.0,83.0
226019,2017,116272.0,0.0,691.0,0.3566,0.3574,0.3594,0.3603,1.0322,o,1034.0,290.0,2080.0,88.0
226019,2018,112418.0,0.0,661.0,0.3528,0.3527,0.3524,0.3522,0.9952,o,1039.0,252.0,2183.0,89.0
226019,2019,108524.0,0.0,767.0,0.4241,0.4234,0.4217,0.4209,0.9779,o,1050.0,340.0,2314.0,96.0
226019,2020,110116.0,0.0,835.0,0.455,0.4554,0.4564,0.4569,1.013,o,931.0,251.0,2481.0,105.0
226019,2021,100594.0,0.0,700.0,0.4175,0.4142,0.4057,0.402,0.8913,o,919.0,304.0,2521.0,112.0
226019,2022,98804.0,0.0,722.0,0.4384,0.4362,0.4303,0.4277,0.9278,o,918.0,255.0,2370.0,106.0
226019,2023,98181.0,0.0,671.0,0.4101,0.4098,0.4093,0.409,0.9924,o,951.0,269.0,2236.0,93.0
226019,2024,108771.0,0.0,708.0,0.3905,0.3915,0.394,0.3951,1.0354,o,1053.0,291.0,2160.0,87.0
226091,1998,188574.0,903.0,320.0,0.6764,0.808,0.8765,0.9794,2.0964,o,,,,
226091,1999,191744.0,875.0,375.0,0.6649,0.7063,0.726,0.7539,1.2855,o,,,,
226091,2000,201222.0,983.0,426.0,0.7132,0.7243,0.7294,0.7364,1.066,o,,,,
226091,2001,206324.0,964.0,474.0,0.6985,0.7257,0.7385,0.7563,1.1724,o,,,,
226091,2002,201396.0,1033.0,22.0,0.6221,0.6517,0.6657,0.6853,1.2137,o,1312.0,,4531.0,
226091,2003,217802.0,1072.0,50.0,0.6044,0.6072,0.6084,0.6102,1.0191,o,1410.0,,5193.0,197.0
226091,2004,228887.0,1153.0,55.0,0.6189,0.5937,0.5825,0.5675,0.8409,o,1645.0,,5662.0,212.0
226091,2005,238416.0,1205.0,38.0,0.6161,0.5964,0.5875,0.5757,0.8734,o,1678.0,,6525.0,234.0
226091,2006,232413.0,1178.0,27.0,0.6152,0.6235,0.6274,0.6327,1.0576,o,1491.0,514.0,,247.0
226091,2007,220438.0,1251.0,32.0,0.6897,0.7154,0.7274,0.7442,1.1642,o,1443.0,504.0,7622.0,288.0
226091,2008,216332.0,1191.0,39.0,0.6715,0.665,0.662,0.658,0.9604,o,1461.0,560.0,8136.0,300.0
226091,2009,219610.0,1221.0,55.0,0.6822,0.6605,0.6508,0.6378,0.8739,o,1485.0,631.0,8653.0,266.0
226091,2010,232990.0,1189.0,61.0,0.6281,0.6172,0.6123,0.6056,0.9296,o,1600.0,978.0,8363.0,335.0
226091,2011,234580.0,1341.0,36.0,0.6952,0.7036,0.7075,0.7129,1.0515,o,1682.0,750.0,9665.0,339.0
226091,2012,249568.0,1374.0,35.0,0.6691,0.689,0.6984,0.7113,1.1302,o,1720.0,706.0,10988.0,319.0
226091,2013,267914.0,1339.0,30.0,0.6065,0.6278,0.6378,0.6517,1.1548,o,1451.0,742.0,11422.0,302.0
226091,2014,263046.0,1472.0,26.0,0.6774,0.6819,0.684,0.6868,1.0279,o,1479.0,690.0,9781.0,292.0
226091,2015,252292.0,1538.0,7.0,0.7332,0.7135,0.7047,0.6928,0.8927,o,1557.0,757.0,9999.0,338.0
226091,2016,252474.0,1635.0,0.0,0.7771,0.7562,0.7468,0.7341,0.8924,o,1547.0,831.0,10374.0,336.0
226091,2017,254070.0,1666.0,0.0,0.7869,0.7828,0.781,0.7785,0.9789,o,1510.0,816.0,10384.0,286.0
226091,2018,235639.0,1678.0,0.0,0.8545,0.8633,0.8673,0.8729,1.0433,o,1535.0,719.0,10362.0,283.0
226091,2019,245249.0,1662.0,0.0,0.8132,0.8138,0.8141,0.8144,1.003,o,1297.0,817.0,10217.0,280.0
226091,2020,225533.0,1683.0,0.0,0.8955,0.876,0.8672,0.8553,0.9124,o,1472.0,606.0,10209.0,278.0
226091,2021,215595.0,1787.0,0.0,0.9946,0.9713,0.9608,0.9466,0.9058,o,1569.0,620.0,10028.0,319.0
226091,2022,203148.0,1577.0,0.0,0.9315,0.9312,0.9311,0.9309,0.9987,o,1482.0,760.0,9533.0,316.0
226091,2023,201768.0,1555.0,0.0,0.9248,0.9415,0.9493,0.9599,1.0773,o,1555.0,869.0,8995.0,279.0
226091,2024,202964.0,1627.0,0.0,0.9619,0.9835,0.9936,1.0074,1.0968,o,1703.0,776.0,8690.0,265.0
226107,1998,30761.0,0.0,99.0,0.1931,0.1977,0.2101,0.2159,1.402,o,,,,
226107,1999,28647.0,0.0,98.0,0.2053,0.2045,0.2025,0.2016,0.9475,o,,,,
226107,2000,25731.0,0.0,124.0,0.2891,0.3005,0.3319,0.3469,1.7364,o,,,,
226107,2001,36846.0,0.0,101.0,0.1645,0.1682,0.1783,0.1829,1.38,o,,,,
226107,2002,27038.0,0.0,106.0,0.2352,0.2288,0.2132,0.2066,0.6753,o,321.0,,3561.0,
226107,2003,25742.0,0.0,92.0,0.2144,0.2082,0.1929,0.1864,0.6544,o,362.0,,3575.0,126.0
226107,2004,39678.0,0.0,107.0,0.1618,0.162,0.1626,0.1628,1.0197,o,364.0,,3894.0,116.0
226107,2006,40543.0,0.0,101.0,0.1495,0.148,0.1443,0.1426,0.8678,o,305.0,152.0,3989.0,89.0
226107,2007,42840.0,0.0,130.0,0.1821,0.1807,0.1773,0.1757,0.8984,o,396.0,135.0,4053.0,141.0
226107,2008,43020.0,0.0,144.0,0.2008,0.2043,0.2135,0.2177,1.2774,o,391.0,104.0,4062.0,141.0
226107,2009,44220.0,0.0,139.0,0.1886,0.1901,0.1938,0.1955,1.1155,o,462.0,197.0,4063.0,136.0
226107,2010,50970.0,0.0,179.0,0.2107,0.2131,0.2193,0.2222,1.1741,o,611.0,303.0,4106.0,139.0
226107,2011,57480.0,0.0,184.0,0.1921,0.197,0.2101,0.2163,1.4326,o,485.0,199.0,4244.0,136.0
226107,2012,54513.0,0.0,196.0,0.2157,0.2142,0.2104,0.2087,0.904,o,389.0,301.0,4365.0,129.0
226107,2013,52524.0,0.0,207.0,0.2365,0.2309,0.217,0.2112,0.7099,o,434.0,145.0,4481.0,132.0
226107,2014,48311.0,0.0,224.0,0.2782,0.2781,0.2777,0.2776,0.9931,o,407.0,141.0,4603.0,136.0
226107,2015,46246.0,0.0,189.0,0.2452,0.245,0.2445,0.2443,0.9891,o,416.0,158.0,4940.0,146.0
226107,2016,46350.0,0.0,195.0,0.2524,0.2522,0.2517,0.2515,0.9893,o,342.0,154.0,5121.0,142.0
226107,2017,47865.0,0.0,197.0,0.2469,0.2438,0.2358,0.2323,0.8311,o,347.0,158.0,5252.0,149.0
226107,2018,44330.0,0.0,201.0,0.2721,0.2704,0.2661,0.2642,0.9156,o,352.0,180.0,5344.0,149.0
226107,2019,42751.0,0.0,213.0,0.2989,0.2994,0.3006,0.3011,1.0218,o,368.0,170.0,5332.0,148.0
226107,2020,48982.0,0.0,228.0,0.2793,0.2803,0.2829,0.2841,1.0529,o,336.0,173.0,3837.0,100.0
226107,2021,46557.0,0.0,226.0,0.2913,0.2899,0.2863,0.2847,0.9333,o,254.0,136.0,3726.0,102.0
226107,2022,51466.0,0.0,248.0,0.2891,0.2826,0.2665,0.2596,0.7216,o,345.0,116.0,3502.0,91.0
226107,2023,52055.0,0.0,289.0,0.3331,0.3368,0.3464,0.3508,1.1695,o,312.0,151.0,2932.0,79.0
226107,2024,58622.0,0.0,293.0,0.2999,0.3007,0.303,0.304,1.0417,o,309.0,171.0,2832.0,59.0
226116,1998,55103.0,0.0,155.0,0.1688,0.1639,0.152,0.147,0.6574,o,,,,
226116,1999,55033.0,0.0,193.0,0.2104,0.2044,0.1898,0.1836,0.6618,o,,,,
226116,2001,55690.0,0.0,246.0,0.265,0.2708,0.2863,0.2935,1.3616,o,,,,
226116,2003,51627.0,0.0,227.0,0.2638,0.265,0.2682,0.2696,1.0681,o,531.0,,4306.0,127.0
226134,1998,157887.0,0.0,419.0,0.1592,0.1574,0.1528,0.1508,0.8474,o,,,,
226134,1999,157615.0,0.0,414.0,0.1576,0.1563,0.1532,0.1518,0.8921,o,,,,
226134,2000,152832.0,0.0,488.0,0.1916,0.1887,0.1815,0.1783,0.8047,o,,,,
226134,2001,112513.0,0.0,490.0,0.2613,0.2613,0.2614,0.2615,1.0021,o,,,,
226134,2002,119003.0,0.0,784.0,0.3953,0.3895,0.3751,0.3689,0.811,o,1003.0,,1476.0,
226134,2003,123113.0,0.0,786.0,0.3831,0.3821,0.3797,0.3787,0.9658,o,1017.0,,1529.0,53.0
226134,2004,161328.0,0.0,912.0,0.3392,0.3407,0.3447,0.3465,1.0672,o,1482.0,,1692.0,46.0
226134,2005,212040.0,0.0,794.0,0.2247,0.2308,0.2473,0.255,1.4673,o,1195.0,,1912.0,39.0
226134,2006,169205.0,0.0,875.0,0.3103,0.3093,0.3068,0.3057,0.9564,o,832.0,114.0,2038.0,54.0
226134,2007,165690.0,0.0,643.0,0.2328,0.2252,0.2067,0.199,0.6216,o,1087.0,128.0,2087.0,53.0
226134,2008,160920.0,0.0,636.0,0.2371,0.2383,0.2413,0.2427,1.0725,o,1490.0,120.0,2511.0,59.0
226134,2009,172350.0,0.0,626.0,0.2179,0.2247,0.2433,0.252,1.5529,o,1804.0,239.0,2469.0,58.0
226134,2010,238590.0,0.0,623.0,0.1567,0.1604,0.1704,0.1751,1.4001,o,1806.0,164.0,2324.0,43.0
226134,2011,323670.0,0.0,742.0,0.1375,0.1384,0.1408,0.1418,1.0965,o,1919.0,223.0,2898.0,36.0
226134,2012,313560.0,0.0,749.0,0.1433,0.1439,0.1455,0.1462,1.0632,o,1784.0,137.0,3151.0,36.0
226134,2013,292290.0,0.0,778.0,0.1597,0.1592,0.158,0.1575,0.9579,o,1691.0,138.0,3609.0,40.0
226134,2014,271350.0,0.0,778.0,0.172,0.1709,0.1682,0.167,0.9133,o,1698.0,132.0,3555.0,42.0
226134,2015,260850.0,0.0,938.0,0.2158,0.2154,0.2145,0.2141,0.9773,o,1536.0,117.0,4308.0,44.0
226134,2016,257010.0,0.0,952.0,0.2222,0.2207,0.2169,0.2152,0.9065,o,1539.0,112.0,4421.0,44.0
226134,2017,262800.0,0.0,936.0,0.2137,0.213,0.2111,0.2102,0.9518,o,1800.0,127.0,4819.0,40.0
226134,2018,287940.0,0.0,1066.0,0.2221,0.2246,0.2311,0.234,1.1707,o,1604.0,140.0,4113.0,28.0
226134,2019,276300.0,0.0,977.0,0.2122,0.2116,0.21,0.2094,0.9608,o,1775.0,129.0,4027.0,33.0
226134,2020,292200.0,21.0,939.0,0.2014,0.202,0.2036,0.2042,1.0429,o,1185.0,91.0,3966.0,27.0
226134,2021,263070.0,9.0,1128.0,0.2614,0.255,0.2392,0.2325,0.7014,o,1265.0,121.0,3829.0,22.0
226134,2022,218340.0,12.0,1238.0,0.3468,0.343,0.3335,0.3293,0.8547,o,1391.0,139.0,3620.0,22.0
226134,2023,214140.0,63.0,1118.0,0.3486,0.3517,0.3598,0.3635,1.1355,o,1596.0,173.0,3416.0,25.0
226134,2024,316920.0,71.0,1298.0,0.2726,0.2762,0.2854,0.2897,1.2018,o,1640.0,204.0,3300.0,
226152,1998,50809.0,338.0,0.0,0.7983,0.7983,0.7983,0.7983,,n,,,,
226152,1999,56423.0,396.0,0.0,0.8422,0.961,1.0209,1.1086,1.7326,o,,,,
226152,2000,62708.0,369.0,0.0,0.7061,0.7186,0.7244,0.7324,1.0757,o,,,,
226152,2001,62484.0,411.0,0.0,0.7893,0.8332,0.8541,0.8835,1.2529,o,,,,
226152,2002,72763.0,431.0,0.0,0.7108,0.779,0.8125,0.8604,1.4651,o,480.0,,3686.0,
226152,2003,80261.0,488.0,0.0,0.7296,0.8302,0.8809,0.9549,1.7129,o,497.0,,4084.0,139.0
226152,2004,83545.0,583.0,0.0,0.8374,0.9654,1.0305,1.1264,1.8093,o,522.0,,4574.0,75.0
226152,2005,84912.0,633.0,0.0,0.8946,0.9813,1.0238,1.0848,1.4704,o,485.0,,5160.0,97.0
226152,2006,89972.0,642.0,0.0,0.8563,0.8794,0.8903,0.9052,1.1176,o,629.0,528.0,5478.0,114.0
226152,2007,97864.0,693.0,0.0,0.8498,0.8769,0.8897,0.9074,1.1402,o,623.0,416.0,5886.0,139.0
226152,2008,105086.0,684.0,0.0,0.7811,0.8206,0.8394,0.8658,1.2287,o,637.0,378.0,6117.0,170.0
226152,2009,115379.0,723.0,0.0,0.752,0.7935,0.8133,0.8411,1.2512,o,721.0,439.0,6470.0,182.0
226152,2010,128420.0,817.0,0.0,0.7634,0.8006,0.8182,0.8429,1.219,o,866.0,445.0,6774.0,160.0
226152,2011,138084.0,777.0,0.0,0.6752,0.7148,0.7337,0.7602,1.2676,o,693.0,501.0,7126.0,160.0
226152,2012,141178.0,778.0,0.0,0.6613,0.696,0.7125,0.7356,1.2373,o,837.0,415.0,7360.0,152.0
226152,2013,142211.0,783.0,0.0,0.6607,0.6799,0.6889,0.7013,1.1267,o,831.0,467.0,7638.0,165.0
226152,2014,146723.0,950.0,0.0,0.777,0.7863,0.7906,0.7966,1.051,o,1010.0,494.0,7660.0,167.0
226152,2015,152087.0,998.0,0.0,0.7874,0.8195,0.8346,0.8557,1.1809,o,983.0,510.0,8424.0,178.0
226152,2016,157758.0,1066.0,0.0,0.8109,0.864,0.8895,0.9255,1.3026,o,1113.0,581.0,8602.0,176.0
226152,2017,156963.0,1105.0,0.0,0.8448,0.8924,0.9151,0.947,1.2566,o,1148.0,517.0,8944.0,186.0
226152,2018,172885.0,1194.0,0.0,0.8288,0.8707,0.8906,0.9184,1.2281,o,1356.0,520.0,8902.0,174.0
226152,2019,190417.0,1211.0,0.0,0.7632,0.8061,0.8266,0.8554,1.2564,o,1379.0,470.0,8756.0,162.0
226152,2020,186139.0,1262.0,0.0,0.8136,0.8672,0.893,0.9294,1.3049,o,1263.0,513.0,8832.0,181.0
226152,2021,190655.0,1289.0,0.0,0.8113,0.8422,0.8568,0.877,1.1685,o,1139.0,487.0,8968.0,188.0
226152,2022,181186.0,1223.0,0.0,0.81,0.802,0.7983,0.7933,0.9593,o,1307.0,479.0,8606.0,205.0
226152,2023,183072.0,1288.0,0.0,0.8443,0.8219,0.8119,0.7984,0.8943,o,1382.0,529.0,8122.0,151.0
226152,2024,186664.0,1362.0,0.0,0.8756,0.8793,0.881,0.8833,1.0178,o,1363.0,544.0,7846.0,158.0
226170,1998,1944.0,0.0,0.0,0.0,0.0,0.0,0.0,,-,,,,
226204,1998,123884.0,0.0,450.0,0.2179,0.2192,0.2226,0.2242,1.0889,o,,,,
226204,1999,121720.0,0.0,424.0,0.209,0.2089,0.2086,0.2085,0.992,o,,,,
226204,2000,123420.0,0.0,454.0,0.2207,0.2178,0.2104,0.2072,0.8253,o,,,,
226204,2001,124246.0,0.0,415.0,0.2004,0.1952,0.1825,0.1771,0.6878,o,,,,
226204,2002,194789.0,0.0,420.0,0.1294,0.1295,0.1298,0.1299,1.0123,o,337.0,,1015.0,
226204,2003,198735.0,0.0,475.0,0.1434,0.1365,0.1201,0.1135,0.4927,o,983.0,,1003.0,35.0
226204,2004,128880.0,0.0,472.0,0.2197,0.2292,0.2554,0.268,1.8254,o,654.0,,1310.0,55.0
226204,2005,125580.0,0.0,599.0,0.2862,0.286,0.2855,0.2853,0.9909,o,680.0,,1465.0,53.0
226204,2006,108060.0,0.0,524.0,0.2909,0.2872,0.2778,0.2737,0.8308,o,890.0,164.0,1642.0,64.0
226204,2008,125927.0,0.0,618.0,0.2945,0.2952,0.297,0.2979,1.0357,o,1008.0,153.0,1542.0,62.0
226204,2009,119550.0,0.0,615.0,0.3087,0.3123,0.322,0.3263,1.1838,o,1067.0,227.0,1517.0,66.0
226204,2010,143085.0,0.0,785.0,0.3292,0.3329,0.3425,0.3469,1.1719,o,1040.0,180.0,1552.0,61.0
226204,2011,143437.0,0.0,729.0,0.3049,0.305,0.3051,0.3052,1.0024,o,961.0,218.0,1516.0,65.0
226204,2012,132883.0,0.0,654.0,0.2953,0.2934,0.2886,0.2865,0.9122,o,987.0,376.0,2041.0,67.0
226204,2013,128347.0,0.0,740.0,0.3459,0.3456,0.3448,0.3444,0.9865,o,1040.0,269.0,1965.0,65.0
226204,2014,121844.0,0.0,800.0,0.3939,0.3958,0.4005,0.4026,1.0678,o,1132.0,348.0,1999.0,69.0
226204,2015,134322.0,0.0,736.0,0.3288,0.3313,0.338,0.341,1.1169,o,949.0,251.0,2044.0,68.0
226204,2016,143222.0,0.0,867.0,0.3632,0.3598,0.3512,0.3474,0.8738,o,1150.0,293.0,2168.0,90.0
226204,2017,150041.0,0.0,996.0,0.3983,0.4011,0.4084,0.4117,1.1052,o,1301.0,264.0,2131.0,80.0
226204,2018,148654.0,0.0,1132.0,0.4569,0.4638,0.4821,0.4905,1.2396,o,1207.0,252.0,2084.0,72.0
226204,2019,151564.0,0.0,1244.0,0.4925,0.4919,0.4906,0.49,0.9849,o,1220.0,254.0,2493.0,85.0
226204,2020,163699.0,0.0,1119.0,0.4101,0.4094,0.4073,0.4064,0.9729,o,1080.0,200.0,2603.0,58.0
226204,2021,140749.0,0.0,1223.0,0.5214,0.5171,0.5064,0.5017,0.89,o,1062.0,200.0,2528.0,78.0
226204,2022,109848.0,0.0,1267.0,0.692,0.6882,0.6784,0.6741,0.9235,o,1578.0,242.0,2376.0,71.0
226204,2023,142595.0,0.0,1142.0,0.4805,0.4937,0.5294,0.5461,1.4734,o,1519.0,293.0,2242.0,61.0
226204,2024,145901.0,0.0,1129.0,0.4643,0.4689,0.4809,0.4863,1.1508,o,1358.0,245.0,2166.0,42.0
226231,1998,52917.0,609.0,5.0,1.3867,1.368,1.3641,1.3546,0.9542,o,,,,
226231,1999,60342.0,522.0,8.0,1.046,1.0885,1.0975,1.1203,1.1471,o,,,,
226231,2000,70101.0,543.0,4.0,0.9329,1.0192,1.0381,1.0867,1.3568,o,,,,
226231,2001,73333.0,657.0,6.0,1.08,1.2062,1.2341,1.3068,1.464,o,,,,
226231,2002,73101.0,632.0,4.0,1.0408,1.079,1.0871,1.1075,1.1325,o,245.0,,21947.0,
226231,2003,74564.0,719.0,3.0,1.1595,1.1384,1.1341,1.1234,0.9386,o,340.0,,22500.0,586.0
226231,2004,79683.0,697.0,3.0,1.0519,1.0715,1.0756,1.0859,1.0656,o,328.0,,23234.0,580.0
226231,2005,82342.0,526.0,1.0,0.7673,0.8205,0.832,0.8614,1.2604,o,352.0,,24192.0,591.0
226231,2006,77968.0,528.0,0.0,0.8126,0.8942,0.9121,0.9583,1.3906,o,334.0,,24758.0,666.0
226231,2007,86327.0,585.0,5.0,0.8167,0.8553,0.8635,0.8844,1.1726,o,323.0,382.0,25589.0,598.0
226231,2008,83656.0,637.0,3.0,0.9159,0.9115,0.9106,0.9083,0.9835,o,341.0,117.0,26208.0,647.0
226231,2009,79421.0,719.0,5.0,1.0901,1.0826,1.0811,1.0772,0.9765,o,346.0,285.0,27539.0,661.0
226231,2010,81397.0,798.0,9.0,1.1831,1.1836,1.1837,1.184,1.0015,o,429.0,282.0,29162.0,600.0
226231,2011,74604.0,683.0,20.0,1.1147,1.1694,1.181,1.2107,1.1796,o,307.0,202.0,30683.0,669.0
226231,2012,65461.0,624.0,28.0,1.1696,1.205,1.2125,1.2313,1.1084,o,362.0,256.0,32097.0,684.0
226231,2013,62309.0,557.0,44.0,1.1151,1.1065,1.1048,1.1004,0.9738,o,339.0,274.0,32805.0,662.0
226231,2014,58628.0,570.0,53.0,1.2209,1.1859,1.1788,1.1612,0.9045,o,367.0,279.0,33889.0,665.0
226231,2015,56891.0,452.0,11.0,0.965,0.9534,0.951,0.9451,0.9592,o,302.0,182.0,35130.0,675.0
226231,2016,54752.0,428.0,6.0,0.9446,0.9446,0.9446,0.9446,1.0,o,280.0,199.0,36171.0,674.0
226231,2017,53991.0,423.0,7.0,0.9479,0.8981,0.8882,0.8637,0.8302,o,321.0,172.0,36306.0,661.0
226231,2018,57184.0,430.0,8.0,0.9107,0.8692,0.8608,0.8403,0.8513,o,335.0,159.0,36541.0,640.0
226231,2019,58229.0,410.0,11.0,0.8563,0.8514,0.8504,0.8479,0.9806,o,362.0,165.0,36862.0,611.0
226231,2020,60464.0,408.0,16.0,0.8256,0.8699,0.8794,0.9035,1.1976,o,355.0,89.0,37585.0,597.0
226231,2021,57215.0,349.0,5.0,0.7372,0.7759,0.7842,0.8052,1.193,o,328.0,113.0,37923.0,625.0
226231,2022,59820.0,355.0,12.0,0.7242,0.7327,0.7345,0.7389,1.0412,o,314.0,90.0,36740.0,586.0
226231,2023,60405.0,381.0,16.0,0.7728,0.7546,0.7509,0.7417,0.9211,o,343.0,87.0,35682.0,543.0
226231,2024,58731.0,397.0,16.0,0.8275,0.8068,0.8026,0.7921,0.9163,o,311.0,87.0,35500.0,521.0
226277,2015,35676.0,0.0,8.0,0.0135,0.0135,0.0135,0.0135,,-,237.0,6.0,,480.0
226277,2016,33850.0,0.0,10.0,0.0177,0.0177,0.0177,0.0177,,-,232.0,6.0,,507.0
226277,2017,34719.0,0.0,17.0,0.0294,0.0294,0.0294,0.0294,,-,288.0,5.0,,476.0
226277,2018,34011.0,0.0,10.0,0.0176,0.0176,0.0176,0.0176,,-,336.0,11.0,,488.0
226277,2019,34761.0,0.0,5.0,0.0086,0.0086,0.0086,0.0086,,-,348.0,17.0,,485.0
226277,2020,39661.0,0.0,4.0,0.0061,0.0061,0.0061,0.0061,,-,376.0,8.0,,484.0
226277,2021,41860.0,0.0,1.0,0.0014,0.0014,0.0014,0.0014,,-,378.0,12.0,,483.0
226277,2022,40797.0,0.0,8.0,0.0118,0.0118,0.0118,0.0118,,-,338.0,4.0,,505.0
226277,2023,43623.0,0.0,2.0,0.0028,0.0028,0.0028,0.0028,,-,466.0,,,517.0
226277,2024,47554.0,0.0,30.0,0.0379,0.0379,0.0379,0.0379,,-,576.0,,,490.0
226329,1998,10194.0,0.0,45.0,0.2649,0.2649,0.2649,0.2649,,-,,,,
226329,1999,7916.0,0.0,47.0,0.3562,0.3562,0.3562,0.3562,,-,,,,
226329,2000,9676.0,0.0,49.0,0.3038,0.3038,0.3038,0.3038,,-,,,,
226329,2002,8762.0,0.0,44.0,0.3013,0.3013,0.3013,0.3013,,-,253.0,,10740.0,
226329,2003,12094.0,0.0,77.0,0.382,0.382,0.382,0.382,,-,221.0,,10536.0,423.0
226329,2004,12204.0,0.0,89.0,0.4376,0.4376,0.4376,0.4376,,-,183.0,,10779.0,421.0
226329,2005,11201.0,0.0,76.0,0.4071,0.4071,0.4071,0.4071,,-,229.0,,10945.0,405.0
226329,2006,12215.0,0.0,75.0,0.3684,0.3684,0.3684,0.3684,,-,181.0,26.0,14646.0,356.0
226329,2007,10971.0,0.0,61.0,0.3336,0.3336,0.3336,0.3336,,-,193.0,18.0,15728.0,405.0
226329,2008,10790.0,0.0,64.0,0.3559,0.3559,0.3559,0.3559,,-,157.0,3.0,16023.0,471.0
226329,2010,26140.0,0.0,46.0,0.1056,0.1056,0.1056,0.1056,,-,641.0,16.0,19401.0,551.0
226383,1998,29782.0,183.0,1.0,0.7394,0.704,0.6969,0.6795,0.8446,o,,,,
226383,1999,35016.0,176.0,0.0,0.6032,0.5954,0.5938,0.5898,0.9561,o,,,,
226383,2000,38250.0,201.0,0.0,0.6306,0.6787,0.6891,0.7159,1.2888,o,,,,
226383,2001,42933.0,210.0,0.0,0.587,0.6606,0.677,0.7197,1.5033,o,,,,
226383,2002,50019.0,259.0,0.0,0.6214,0.6723,0.6833,0.7117,1.3119,o,294.0,,17887.0,
226383,2003,48595.0,273.0,3.0,0.6778,0.6831,0.6842,0.687,1.0271,o,298.0,,18679.0,244.0
226383,2004,48438.0,338.0,1.0,0.8386,0.8063,0.7997,0.7836,0.8732,o,305.0,,18991.0,323.0
226383,2005,50144.0,379.0,1.0,0.9082,0.8644,0.8556,0.834,0.8434,o,320.0,,19305.0,341.0
226383,2006,50096.0,363.0,0.0,0.8695,0.8474,0.8429,0.8318,0.9151,o,317.0,245.0,19803.0,336.0
226383,2007,48129.0,421.0,0.0,1.0497,1.0722,1.0769,1.0888,1.076,o,305.0,251.0,20635.0,359.0
226383,2008,46555.0,350.0,1.0,0.9034,0.9116,0.9133,0.9176,1.0315,o,273.0,183.0,20911.0,432.0
226383,2009,44255.0,384.0,1.0,1.0426,1.0192,1.0145,1.0026,0.9248,o,252.0,256.0,21150.0,404.0
226383,2010,43789.0,345.0,0.0,0.9454,0.8939,0.8836,0.8583,0.8242,o,343.0,254.0,21843.0,421.0
226383,2011,48859.0,392.0,0.0,0.9628,0.9505,0.9479,0.9416,0.9566,o,322.0,255.0,22586.0,399.0
226383,2012,47199.0,350.0,0.0,0.8898,0.9268,0.9346,0.9545,1.1505,o,314.0,221.0,22954.0,404.0
226383,2013,43045.0,369.0,0.0,1.0287,1.0875,1.1001,1.1322,1.2114,o,255.0,176.0,23741.0,443.0
226383,2014,40736.0,367.0,0.0,1.0811,1.0672,1.0643,1.0572,0.9563,o,264.0,191.0,24673.0,516.0
226383,2015,38307.0,365.0,0.0,1.1434,1.0641,1.0484,1.0101,0.7805,o,275.0,226.0,25587.0,531.0
226383,2016,38971.0,371.0,0.0,1.1424,1.0889,1.0781,1.0517,0.8475,o,320.0,184.0,26395.0,563.0
226383,2017,38359.0,335.0,0.0,1.048,1.0617,1.0645,1.0717,1.0457,o,310.0,192.0,26982.0,590.0
226383,2018,38971.0,356.0,0.0,1.0962,1.1596,1.1731,1.2077,1.2139,o,294.0,149.0,27161.0,581.0
226383,2019,37581.0,328.0,0.0,1.0473,1.0825,1.0899,1.1087,1.1206,o,282.0,156.0,27381.0,571.0
226383,2020,37493.0,348.0,0.0,1.1138,1.1034,1.1012,1.0959,0.9681,o,280.0,123.0,28041.0,518.0
226383,2021,34984.0,258.0,0.0,0.885,0.8561,0.8503,0.8359,0.8921,o,310.0,133.0,28317.0,441.0
226383,2022,34798.0,305.0,0.0,1.0518,1.0447,1.0432,1.0395,0.9768,o,279.0,140.0,27316.0,448.0
226383,2023,34453.0,264.0,0.0,0.9195,0.9255,0.9267,0.9298,1.0226,o,284.0,131.0,27225.0,522.0
226383,2024,34641.0,288.0,0.0,0.9977,0.9982,0.9983,0.9985,1.0018,o,316.0,144.0,27298.0,489.0
226408,1998,87030.0,0.0,225.0,0.1551,0.1559,0.1578,0.1586,1.0704,o,,,,
226408,1999,89370.0,0.0,233.0,0.1564,0.1416,0.1095,0.0977,0.2401,o,,,,
226408,2000,67760.0,0.0,266.0,0.2355,0.2399,0.2516,0.2569,1.3013,o,,,,
226408,2001,63473.0,0.0,235.0,0.2221,0.229,0.2476,0.2563,1.5429,o,,,,
226408,2002,88617.0,0.0,224.0,0.1517,0.1507,0.1483,0.1473,0.9153,o,427.0,,939.0,
226408,2003,78976.0,0.0,200.0,0.1519,0.1505,0.1467,0.1451,0.8688,o,631.0,,902.0,54.0
226408,2004,82260.0,0.0,261.0,0.1904,0.195,0.2073,0.2131,1.4069,o,599.0,,1113.0,72.0
226408,2005,84210.0,0.0,266.0,0.1895,0.1912,0.1955,0.1975,1.1323,o,517.0,,1196.0,83.0
226408,2006,79410.0,0.0,291.0,0.2199,0.2172,0.2105,0.2076,0.8406,o,413.0,321.0,1232.0,75.0
226408,2007,75780.0,0.0,259.0,0.2051,0.2008,0.1902,0.1857,0.7401,o,640.0,502.0,1305.0,74.0
226408,2008,71520.0,0.0,249.0,0.2089,0.2136,0.2263,0.2321,1.3763,o,904.0,582.0,1333.0,88.0
226408,2009,69870.0,0.0,290.0,0.249,0.2586,0.2851,0.2977,1.717,o,557.0,225.0,1311.0,83.0
226408,2010,84570.0,0.0,295.0,0.2093,0.2046,0.1929,0.1879,0.7215,o,573.0,265.0,1371.0,64.0
226408,2011,89100.0,0.0,351.0,0.2364,0.2324,0.2224,0.2182,0.7844,o,500.0,227.0,1406.0,54.0
226408,2012,84270.0,0.0,396.0,0.282,0.2795,0.2735,0.2708,0.885,o,494.0,202.0,1869.0,60.0
226408,2013,82170.0,0.0,443.0,0.3235,0.3216,0.3169,0.3148,0.9208,o,561.0,203.0,1997.0,54.0
226408,2014,81870.0,0.0,400.0,0.2931,0.2956,0.3022,0.3051,1.1288,o,313.0,315.0,1967.0,65.0
226408,2015,75990.0,0.0,357.0,0.2819,0.2718,0.2474,0.2373,0.5934,o,471.0,329.0,2315.0,69.0
226408,2016,77160.0,0.0,450.0,0.3499,0.3518,0.3565,0.3587,1.0778,o,455.0,351.0,2299.0,77.0
226408,2017,76620.0,0.0,498.0,0.39,0.3941,0.4048,0.4096,1.1607,o,575.0,413.0,2260.0,78.0
226408,2018,74836.0,0.0,569.0,0.4562,0.4632,0.4816,0.49,1.2419,o,666.0,438.0,2210.0,75.0
226408,2019,78624.0,0.0,561.0,0.4281,0.4359,0.4565,0.466,1.2932,o,627.0,356.0,2163.0,112.0
226408,2020,88947.0,0.0,601.0,0.4054,0.4057,0.4065,0.4068,1.0105,o,540.0,301.0,2131.0,91.0
226408,2021,81119.0,0.0,666.0,0.4926,0.4864,0.4709,0.4642,0.8353,o,652.0,324.0,2070.0,91.0
226408,2022,78991.0,0.0,583.0,0.4428,0.4463,0.4553,0.4594,1.1174,o,881.0,295.0,1945.0,91.0
226408,2023,83979.0,8.0,535.0,0.3937,0.4046,0.4341,0.4479,1.4782,o,813.0,343.0,1835.0,86.0
226408,2024,93899.0,16.0,617.0,0.4147,0.4164,0.4209,0.4228,1.0607,o,932.0,347.0,1773.0,78.0
226471,1998,53252.0,389.0,0.0,0.8766,0.9502,0.9662,1.0074,1.3208,o,,,,
226471,1999,58396.0,405.0,0.0,0.8322,0.9437,0.9685,1.0335,1.5423,o,,,,
226471,2000,60053.0,423.0,0.0,0.8453,0.9697,0.9977,1.0711,1.6059,o,,,,
226471,2001,63159.0,433.0,0.0,0.8227,0.9171,0.9379,0.9921,1.4543,o,,,,
226471,2002,63846.0,486.0,0.0,0.9134,0.9369,0.9418,0.9542,1.0913,o,483.0,,17132.0,
226471,2003,65294.0,494.0,0.0,0.9079,0.896,0.8935,0.8874,0.9554,o,506.0,,18081.0,500.0
226471,2004,67808.0,496.0,0.0,0.8778,0.8827,0.8838,0.8863,1.0196,o,473.0,,19137.0,512.0
226471,2005,67312.0,486.0,0.0,0.8664,0.8724,0.8737,0.8768,1.0241,o,501.0,,19927.0,550.0
226471,2006,67199.0,478.0,0.0,0.8536,0.8619,0.8636,0.868,1.034,o,482.0,,21361.0,575.0
226471,2007,66631.0,507.0,0.0,0.9131,0.9115,0.9111,0.9103,0.9939,o,481.0,284.0,23774.0,634.0
226471,2008,65135.0,500.0,0.0,0.9212,0.9168,0.9159,0.9136,0.9837,o,479.0,274.0,25901.0,676.0
226471,2009,63838.0,486.0,0.0,0.9136,0.9097,0.9089,0.907,0.9856,o,598.0,263.0,26388.0,717.0
226471,2010,69118.0,474.0,0.0,0.8229,0.845,0.8497,0.8614,1.0956,o,608.0,301.0,29519.0,678.0
226471,2011,70452.0,494.0,0.0,0.8414,0.8982,0.9104,0.9416,1.2523,o,630.0,272.0,30152.0,744.0
226471,2012,74617.0,478.0,0.0,0.7687,0.8276,0.8403,0.873,1.2896,o,631.0,282.0,31226.0,754.0
226471,2013,77722.0,499.0,0.0,0.7704,0.8065,0.8142,0.8337,1.1708,o,675.0,301.0,32284.0,767.0
226471,2014,78019.0,592.0,0.0,0.9105,0.9318,0.9363,0.9475,1.0829,o,711.0,245.0,33178.0,820.0
226471,2015,79045.0,552.0,0.0,0.838,0.8659,0.8718,0.8867,1.1195,o,726.0,272.0,33485.0,815.0
226471,2016,85711.0,622.0,0.0,0.8708,0.9045,0.9116,0.9296,1.1396,o,750.0,256.0,33837.0,799.0
226471,2017,86077.0,580.0,0.0,0.8086,0.8378,0.844,0.8596,1.1302,o,754.0,259.0,33846.0,793.0
226471,2018,88440.0,636.0,0.0,0.863,0.8836,0.888,0.8989,1.0851,o,875.0,261.0,34397.0,788.0
226471,2019,89557.0,646.0,0.0,0.8656,0.8977,0.9044,0.9216,1.1336,o,868.0,222.0,34959.0,798.0
226471,2020,87756.0,644.0,0.0,0.8806,0.9241,0.9334,0.957,1.1809,o,741.0,214.0,35698.0,785.0
226471,2021,87032.0,670.0,0.0,0.9238,0.9421,0.9459,0.9555,1.0698,o,861.0,178.0,35892.0,797.0
226471,2022,82437.0,674.0,0.0,0.9811,0.9764,0.9754,0.9729,0.9834,o,744.0,190.0,34557.0,784.0
226471,2023,79508.0,628.0,0.0,0.9478,0.9254,0.9209,0.9095,0.9208,o,825.0,153.0,33073.0,740.0
226471,2024,79433.0,598.0,0.0,0.9034,0.8968,0.8955,0.8921,0.9751,o,687.0,166.0,33150.0,696.0
226578,1998,126579.0,0.0,484.0,0.2294,0.2306,0.2336,0.2349,1.0748,o,,,,
226578,1999,144936.0,0.0,412.0,0.1706,0.1843,0.2248,0.2455,3.0154,o,,,,
226578,2000,90598.0,0.0,448.0,0.2967,0.2999,0.3084,0.3123,1.168,o,,,,
226578,2001,93887.0,0.0,385.0,0.246,0.2443,0.2397,0.2377,0.901,o,,,,
226578,2002,139748.0,0.0,423.0,0.1816,0.1785,0.1708,0.1674,0.7817,o,1067.0,,1746.0,
226578,2003,147663.0,0.0,444.0,0.1804,0.1776,0.1707,0.1677,0.802,o,1093.0,,1917.0,60.0
226578,2004,159120.0,0.0,499.0,0.1882,0.1879,0.1873,0.187,0.9816,o,1089.0,,2070.0,64.0
226578,2005,169860.0,0.0,492.0,0.1738,0.1739,0.1742,0.1743,1.0083,o,1052.0,,2395.0,75.0
226578,2006,167850.0,0.0,571.0,0.2041,0.2036,0.2023,0.2017,0.9643,o,1105.0,551.0,2318.0,75.0
226578,2007,168840.0,0.0,536.0,0.1905,0.1909,0.192,0.1925,1.0322,o,1381.0,534.0,2359.0,85.0
226578,2008,173160.0,0.0,574.0,0.1989,0.2024,0.2116,0.2158,1.2805,o,1210.0,465.0,2283.0,83.0
226578,2009,176550.0,0.0,513.0,0.1743,0.174,0.1732,0.1728,0.9735,o,1519.0,648.0,2417.0,86.0
226578,2010,207390.0,0.0,585.0,0.1692,0.1711,0.1761,0.1784,1.1725,o,1632.0,641.0,2504.0,83.0
226578,2011,221970.0,0.0,712.0,0.1925,0.1949,0.2013,0.2042,1.196,o,1673.0,607.0,2934.0,100.0
226578,2012,216810.0,0.0,713.0,0.1973,0.1981,0.2003,0.2013,1.0619,o,1563.0,640.0,3494.0,118.0
226578,2013,200190.0,0.0,1022.0,0.3063,0.3051,0.3021,0.3007,0.9458,o,1399.0,502.0,3690.0,130.0
226578,2014,185190.0,0.0,853.0,0.2764,0.2736,0.2665,0.2634,0.8646,o,1311.0,531.0,3634.0,121.0
226578,2015,175500.0,0.0,1081.0,0.3696,0.3664,0.3585,0.355,0.8852,o,1221.0,509.0,3603.0,117.0
226578,2016,174900.0,0.0,1272.0,0.4364,0.4332,0.4252,0.4216,0.9011,o,1340.0,491.0,3578.0,119.0
226578,2017,181470.0,0.0,1373.0,0.454,0.4558,0.4605,0.4625,1.0585,o,1445.0,451.0,3518.0,100.0
226578,2018,186718.0,0.0,1314.0,0.4222,0.4258,0.4352,0.4394,1.1285,o,1409.0,609.0,4300.0,90.0
226578,2019,186133.0,0.0,1401.0,0.4516,0.452,0.4529,0.4534,1.0118,o,1437.0,501.0,4210.0,88.0
226578,2020,182100.0,0.0,1281.0,0.4221,0.4223,0.4228,0.423,1.007,o,1108.0,288.0,4147.0,84.0
226578,2021,163649.0,0.0,1351.0,0.4953,0.4867,0.4653,0.4561,0.7786,o,1134.0,314.0,4249.0,92.0
226578,2022,145265.0,0.0,1278.0,0.5279,0.5236,0.5129,0.5082,0.8912,o,1056.0,302.0,3993.0,88.0
226578,2023,139287.0,0.0,1185.0,0.5105,0.5083,0.5029,0.5005,0.942,o,1098.0,288.0,3789.0,86.0
226578,2024,144282.0,0.0,1214.0,0.5048,0.5049,0.5052,0.5053,1.0027,o,1271.0,386.0,3660.0,82.0
226587,1998,35761.0,183.0,0.0,0.6141,0.6567,0.6658,0.6893,1.26,o,,,,
226587,1999,41760.0,195.0,3.0,0.5647,0.5793,0.5824,0.5902,1.0926,o,,,,
226587,2000,35820.0,211.0,0.0,0.7069,0.7227,0.7261,0.7344,1.0795,o,,,,
226587,2001,35443.0,222.0,0.0,0.7516,0.7846,0.7916,0.8093,1.1595,o,,,,
226587,2002,38330.0,206.0,0.0,0.6449,0.6768,0.6835,0.7008,1.1808,o,326.0,,18890.0,
226587,2003,39206.0,228.0,0.0,0.6979,0.722,0.7271,0.74,1.1246,o,258.0,,20644.0,463.0
226587,2004,37897.0,235.0,0.0,0.7441,0.732,0.7295,0.7234,0.945,o,282.0,,21443.0,524.0
226587,2005,38567.0,248.0,0.0,0.7716,0.7389,0.7323,0.7161,0.8612,o,292.0,,22019.0,522.0
226587,2006,39316.0,223.0,0.0,0.6806,0.6592,0.6548,0.6441,0.8955,o,307.0,171.0,22592.0,530.0
226587,2007,38173.0,251.0,0.0,0.789,0.7949,0.7961,0.7991,1.0257,o,311.0,169.0,23169.0,539.0
226587,2008,38839.0,226.0,0.0,0.6983,0.7261,0.732,0.747,1.1444,o,332.0,181.0,24803.0,531.0
226587,2009,39276.0,257.0,0.0,0.7852,0.8115,0.817,0.8311,1.1202,o,320.0,199.0,26093.0,572.0
226587,2010,39144.0,232.0,0.0,0.7112,0.7289,0.7326,0.742,1.0885,o,280.0,148.0,27668.0,627.0
226587,2011,38492.0,232.0,0.0,0.7233,0.7171,0.7158,0.7127,0.9709,o,330.0,130.0,29077.0,653.0
226587,2012,38191.0,265.0,0.0,0.8327,0.82,0.8174,0.811,0.9487,o,303.0,179.0,29995.0,642.0
226587,2013,36658.0,243.0,0.0,0.7955,0.7887,0.7873,0.7838,0.9709,o,250.0,138.0,31388.0,553.0
226587,2014,32769.0,223.0,0.0,0.8166,0.7975,0.7936,0.784,0.9217,o,208.0,72.0,31988.0,576.0
226587,2015,28077.0,195.0,0.0,0.8334,0.767,0.7539,0.7222,0.7508,o,297.0,87.0,32661.0,589.0
226587,2016,28641.0,192.0,0.0,0.8044,0.7534,0.7433,0.7185,0.7978,o,284.0,114.0,33400.0,614.0
226587,2017,29520.0,167.0,0.0,0.6789,0.6887,0.6907,0.6958,1.0506,o,246.0,127.0,33495.0,636.0
226587,2018,30733.0,151.0,0.0,0.5896,0.6151,0.6205,0.6342,1.1572,o,221.0,132.0,33509.0,611.0
226587,2019,31777.0,150.0,0.0,0.5664,0.5537,0.5511,0.5447,0.9248,o,259.0,114.0,33457.0,576.0
226587,2020,31796.0,219.0,0.0,0.8265,0.782,0.7731,0.7513,0.8262,o,227.0,87.0,33773.0,566.0
226587,2021,30085.0,228.0,0.0,0.9094,0.8869,0.8823,0.8709,0.917,o,302.0,129.0,33651.0,525.0
226587,2022,30894.0,208.0,0.0,0.8079,0.8377,0.844,0.8599,1.1328,o,276.0,119.0,32253.0,465.0
226675,2024,9270.0,0.0,0.0,0.0,0.0,0.0,0.0,,-,,,,277.0
226790,2000,18105.0,0.0,144.0,0.4772,0.4772,0.4772,0.4772,,-,,,,
226790,2001,28620.0,0.0,186.0,0.3899,0.3899,0.3899,0.3899,,-,,,,
226790,2002,21168.0,0.0,189.0,0.5357,0.5357,0.5357,0.5357,,-,521.0,,12472.0,
226790,2003,29106.0,0.0,221.0,0.4556,0.4556,0.4556,0.4556,,-,587.0,,12915.0,614.0
226790,2004,16464.0,0.0,193.0,0.7034,0.7034,0.7034,0.7034,,-,175.0,,14262.0,1086.0
226790,2005,15036.0,0.0,190.0,0.7582,0.7582,0.7582,0.7582,,-,197.0,,13846.0,1154.0
226806,1998,77497.0,0.0,284.0,0.2199,0.2339,0.2744,0.2945,2.4242,o,,,,
226806,1999,108780.0,0.0,475.0,0.262,0.2717,0.2984,0.3111,1.683,o,,,,
226806,2001,95609.0,0.0,434.0,0.2724,0.2964,0.3686,0.406,3.3532,o,,,,
226806,2003,85918.0,0.0,805.0,0.5622,0.5328,0.4641,0.4365,0.4646,o,1025.0,,1761.0,70.0
226806,2005,112203.0,0.0,733.0,0.392,0.4362,0.5744,0.6491,4.6103,o,1189.0,,1771.0,77.0
226806,2008,111546.0,0.0,344.0,0.185,0.1808,0.1703,0.1658,0.7175,o,770.0,267.0,2327.0,99.0
226806,2009,112925.0,2.0,491.0,0.263,0.2643,0.2678,0.2694,1.0754,o,924.0,292.0,2460.0,102.0
226806,2010,123756.0,11.0,383.0,0.1964,0.1996,0.2082,0.2121,1.264,o,847.0,277.0,3045.0,108.0
226806,2011,130011.0,13.0,380.0,0.1874,0.1874,0.1874,0.1874,1.0,o,893.0,288.0,3099.0,103.0
226806,2012,121508.0,11.0,424.0,0.2202,0.2204,0.2207,0.2208,1.0085,o,754.0,239.0,3388.0,117.0
226806,2013,109493.0,21.0,449.0,0.2691,0.2664,0.2596,0.2566,0.8667,o,758.0,249.0,3329.0,125.0
226806,2014,106890.0,21.0,417.0,0.2576,0.2562,0.2524,0.2507,0.9205,o,810.0,283.0,3419.0,120.0
226806,2015,105288.0,16.0,367.0,0.2274,0.2285,0.2313,0.2326,1.0714,o,850.0,505.0,3877.0,114.0
226806,2016,113789.0,15.0,513.0,0.2863,0.2879,0.2922,0.2941,1.0842,o,870.0,421.0,2551.0,107.0
226806,2017,110476.0,9.0,515.0,0.2895,0.2904,0.2929,0.294,1.0482,o,780.0,385.0,3289.0,114.0
226806,2018,107011.0,24.0,579.0,0.3516,0.3492,0.3431,0.3404,0.907,o,575.0,13.0,3328.0,112.0
226806,2019,104976.0,25.0,376.0,0.2435,0.2374,0.2225,0.2161,0.697,o,790.0,175.0,3258.0,107.0
226806,2020,104169.0,21.0,440.0,0.2776,0.2806,0.2885,0.2921,1.1661,o,631.0,212.0,3209.0,96.0
226806,2021,93915.0,18.0,391.0,0.2728,0.2713,0.2675,0.2658,0.9245,o,788.0,216.0,3187.0,95.0
226806,2022,95048.0,24.0,468.0,0.3257,0.3281,0.3343,0.3371,1.1091,o,789.0,218.0,3225.0,78.0
226806,2023,96099.0,13.0,503.0,0.3303,0.3327,0.3392,0.3421,1.1121,o,878.0,206.0,3074.0,91.0
226806,2024,96305.0,31.0,486.0,0.3414,0.344,0.3507,0.3537,1.1135,o,972.0,267.0,3030.0,86.0
226833,1998,115878.0,706.0,56.0,0.7601,0.7728,0.7787,0.7868,1.0714,o,,,,
226833,1999,151320.0,737.0,22.0,0.5932,0.6126,0.6216,0.6343,1.1433,o,,,,
226833,2000,135864.0,584.0,8.0,0.5193,0.5361,0.544,0.5549,1.1416,o,,,,
226833,2001,138295.0,728.0,24.0,0.6421,0.6421,0.6421,0.6421,1.0,o,,,,
226833,2003,147106.0,831.0,39.0,0.6938,0.6761,0.6681,0.6574,0.8978,o,702.0,,5547.0,168.0
226833,2004,151843.0,852.0,45.0,0.6911,0.6716,0.6628,0.651,0.8873,o,691.0,,5662.0,185.0
226833,2005,149453.0,934.0,42.0,0.7668,0.7416,0.7303,0.7153,0.8701,o,875.0,,4854.0,190.0
226833,2006,148807.0,953.0,46.0,0.7871,0.7874,0.7876,0.7878,1.0019,o,681.0,539.0,5597.0,214.0
226833,2007,142167.0,958.0,49.0,0.8293,0.8415,0.8472,0.855,1.0628,o,762.0,558.0,5559.0,211.0
226833,2008,141197.0,974.0,38.0,0.8439,0.8511,0.8544,0.8589,1.0359,o,701.0,718.0,6398.0,236.0
226833,2009,143470.0,1015.0,44.0,0.8674,0.8533,0.8469,0.8383,0.9342,o,715.0,668.0,6915.0,245.0
226833,2010,149139.0,1003.0,41.0,0.8235,0.8051,0.7968,0.7856,0.91,o,756.0,646.0,7222.0,241.0
226833,2011,146735.0,994.0,48.0,0.8325,0.8364,0.8381,0.8406,1.0194,o,646.0,561.0,7636.0,264.0
226833,2012,144748.0,1092.0,41.0,0.9223,0.9129,0.9086,0.9029,0.9583,o,623.0,583.0,7685.0,255.0
226833,2013,135200.0,1108.0,48.0,1.0047,0.9786,0.9669,0.9512,0.8962,o,818.0,576.0,10202.0,285.0
226833,2014,136220.0,1020.0,41.0,0.9166,0.9121,0.91,0.9072,0.9796,o,843.0,525.0,10092.0,277.0
226833,2015,135347.0,993.0,38.0,0.8972,0.9345,0.9521,0.9766,1.1847,o,826.0,553.0,10121.0,284.0
226833,2016,138130.0,1013.0,2.0,0.8809,0.9408,0.9696,1.0102,1.3152,o,740.0,627.0,10378.0,289.0
226833,2017,138330.0,1077.0,0.0,0.9343,0.9531,0.9619,0.974,1.0867,o,821.0,630.0,10989.0,282.0
226833,2018,139150.0,1138.0,0.0,0.9814,0.9669,0.9603,0.9514,0.9398,o,897.0,668.0,10835.0,287.0
226833,2019,140936.0,1201.0,0.0,1.0226,1.0297,1.033,1.0375,1.0294,o,866.0,546.0,11266.0,278.0
226833,2020,137356.0,1193.0,0.0,1.0423,1.0723,1.0864,1.1059,1.1258,o,800.0,511.0,11540.0,294.0
226833,2021,129878.0,1141.0,0.0,1.0542,1.0708,1.0785,1.0891,1.0673,o,755.0,531.0,11434.0,273.0
226833,2022,122702.0,1164.0,0.0,1.1384,1.1115,1.0993,1.083,0.9051,o,785.0,467.0,10920.0,266.0
226833,2023,115590.0,1165.0,0.0,1.2094,1.1708,1.1535,1.1304,0.8735,o,804.0,398.0,10593.0,254.0
226833,2024,108729.0,1016.0,0.0,1.1213,1.1087,1.1029,1.0951,0.9538,o,944.0,409.0,10310.0,236.0
226879,1998,8920.0,0.0,43.0,0.2892,0.2892,0.2892,0.2892,,-,,,,
226879,1999,6672.0,0.0,69.0,0.6205,0.6205,0.6205,0.6205,,-,,,,
226879,2000,6006.0,0.0,77.0,0.7692,0.7692,0.7692,0.7692,,-,,,,
226879,2001,6105.0,0.0,92.0,0.9042,0.9042,0.9042,0.9042,,-,,,,
226879,2002,7686.0,0.0,63.0,0.4918,0.4918,0.4918,0.4918,,-,73.0,,12905.0,
226879,2003,8055.0,0.0,68.0,0.5065,0.5065,0.5065,0.5065,,-,65.0,,13490.0,323.0
226879,2004,9795.0,0.0,78.0,0.4778,0.4778,0.4778,0.4778,,-,74.0,,14275.0,372.0
226879,2005,6238.0,0.0,100.0,0.9618,0.9618,0.9618,0.9618,,-,51.0,,13549.0,611.0
226879,2006,5910.0,0.0,88.0,0.8934,0.8934,0.8934,0.8934,,-,69.0,,14051.0,659.0
226879,2007,6390.0,0.0,83.0,0.7793,0.7793,0.7793,0.7793,,-,85.0,52.0,14027.0,612.0
226879,2008,10988.0,0.0,105.0,0.5734,0.5734,0.5734,0.5734,,-,57.0,68.0,13967.0,372.0
226879,2009,6940.0,0.0,112.0,0.9683,0.9683,0.9683,0.9683,,-,64.0,55.0,13920.0,648.0
226879,2010,6109.0,0.0,98.0,0.9625,0.9625,0.9625,0.9625,,-,72.0,79.0,14717.0,725.0
226879,2011,7740.0,0.0,91.0,0.7054,0.7054,0.7054,0.7054,,-,88.0,44.0,16046.0,596.0
226879,2012,7770.0,0.0,99.0,0.7645,0.7645,0.7645,0.7645,,-,49.0,35.0,17021.0,683.0
226879,2013,10026.0,29.0,88.0,0.8737,0.8737,0.8737,0.8737,,-,44.0,46.0,16259.0,521.0
226879,2014,9174.0,34.0,61.0,0.8437,0.8437,0.8437,0.8437,,-,68.0,10.0,16714.0,551.0
226879,2015,6732.0,21.0,82.0,1.1052,1.1052,1.1052,1.1052,,-,71.0,2.0,17043.0,668.0
226879,2016,6351.0,34.0,62.0,1.2282,1.2282,1.2282,1.2282,,-,17.0,37.0,17256.0,692.0
226879,2017,5241.0,30.0,52.0,1.2822,1.2822,1.2822,1.2822,,-,10.0,15.0,17433.0,762.0
226879,2018,5439.0,18.0,31.0,0.7391,0.7391,0.7391,0.7391,,-,22.0,28.0,17017.0,632.0
226879,2019,5067.0,22.0,25.0,0.8171,0.8171,0.8171,0.8171,,-,31.0,57.0,17069.0,702.0
226879,2020,5919.0,28.0,24.0,0.8109,0.8109,0.8109,0.8109,,-,37.0,24.0,17446.0,527.0
226879,2021,6096.0,25.0,29.0,0.7776,0.7776,0.7776,0.7776,,-,24.0,43.0,17456.0,547.0
226879,2022,4302.0,16.0,18.0,0.6974,0.6974,0.6974,0.6974,,-,63.0,5.0,17194.0,735.0
226879,2023,5499.0,20.0,24.0,0.6983,0.6983,0.6983,0.6983,,-,38.0,44.0,17734.0,513.0
226879,2024,6246.0,33.0,31.0,0.9318,0.9318,0.9318,0.9318,,-,47.0,21.0,17692.0,488.0
226903,2011,17730.0,0.0,0.0,0.0,0.0,0.0,0.0,,-,128.0,,,367.0
226930,1998,97791.0,0.0,211.0,0.1295,0.1245,0.1125,0.1076,0.571,o,,,,
226930,1999,94979.0,0.0,276.0,0.1744,0.1744,0.1744,0.1744,1.0013,o,,,,
226930,2000,101272.0,0.0,235.0,0.1392,0.1408,0.1449,0.1468,1.1741,o,,,,
226930,2001,103392.0,0.0,189.0,0.1097,0.1066,0.0992,0.096,0.6684,o,,,,
226930,2002,118929.0,0.0,273.0,0.1377,0.1381,0.139,0.1394,1.0374,o,833.0,,1209.0,
226930,2003,121106.0,0.0,314.0,0.1556,0.1592,0.1689,0.1734,1.3895,o,774.0,,1237.0,45.0
226930,2004,119498.0,0.0,336.0,0.1687,0.169,0.1697,0.17,1.0238,o,965.0,,1393.0,46.0
226930,2005,120702.0,0.0,335.0,0.1665,0.1687,0.1743,0.1769,1.201,o,973.0,,1352.0,48.0
226930,2006,118812.0,0.0,350.0,0.1767,0.1781,0.1818,0.1834,1.119,o,955.0,,1542.0,52.0
226930,2007,126088.0,0.0,316.0,0.1504,0.1502,0.1498,0.1497,0.9856,o,834.0,1146.0,1633.0,53.0
226930,2008,125721.0,0.0,292.0,0.1394,0.138,0.1344,0.1329,0.8651,o,1108.0,389.0,1712.0,52.0
226930,2009,134172.0,0.0,355.0,0.1588,0.1611,0.1675,0.1704,1.2387,o,1209.0,1630.0,1683.0,53.0
226930,2010,151732.0,0.0,390.0,0.1542,0.1566,0.1629,0.1658,1.2451,o,1225.0,417.0,1758.0,45.0
226930,2011,152653.0,0.0,584.0,0.2295,0.2304,0.2328,0.2338,1.0574,o,1497.0,398.0,1717.0,41.0
226930,2012,152165.0,0.0,535.0,0.211,0.214,0.2222,0.2259,1.2301,o,1476.0,504.0,1837.0,38.0
226930,2013,149652.0,0.0,604.0,0.2422,0.2435,0.2471,0.2487,1.0845,o,1393.0,439.0,1805.0,41.0
226930,2014,145245.0,0.0,795.0,0.3284,0.3269,0.3231,0.3214,0.9371,o,1137.0,416.0,2054.0,41.0
226930,2015,137751.0,0.0,798.0,0.3476,0.342,0.328,0.3219,0.7926,o,1361.0,345.0,2174.0,46.0
226930,2016,155741.0,0.0,737.0,0.2839,0.2854,0.2892,0.2909,1.0759,o,1231.0,345.0,2295.0,54.0
226930,2017,161580.0,0.0,778.0,0.2889,0.2886,0.2879,0.2875,0.9856,o,1182.0,2185.0,2256.0,57.0
226930,2018,170040.0,0.0,997.0,0.3518,0.3495,0.3438,0.3413,0.912,o,1321.0,2244.0,2206.0,56.0
226930,2019,186823.0,0.0,1217.0,0.3909,0.3933,0.3998,0.4027,1.0949,o,1934.0,2112.0,2160.0,47.0
227146,1998,83453.0,0.0,320.0,0.2301,0.2294,0.2278,0.2271,0.9616,o,,,,
227146,1999,79226.0,0.0,305.0,0.231,0.2303,0.2285,0.2277,0.9575,o,,,,
227146,2000,88663.0,0.0,315.0,0.2132,0.2117,0.2081,0.2065,0.9081,o,,,,
227146,2001,96982.0,0.0,297.0,0.1837,0.1875,0.1977,0.2023,1.3391,o,,,,
227146,2002,88691.0,0.0,321.0,0.2172,0.2222,0.2357,0.242,1.3885,o,1191.0,,1344.0,
227146,2003,121731.0,0.0,371.0,0.1829,0.1784,0.1674,0.1627,0.7024,o,1356.0,,1353.0,44.0
227146,2004,134832.0,0.0,430.0,0.1913,0.1899,0.1861,0.1845,0.8956,o,1484.0,,1668.0,50.0
227146,2006,149374.0,0.0,468.0,0.188,0.1909,0.1987,0.2023,1.2493,o,1412.0,506.0,1839.0,58.0
227146,2007,157357.0,0.0,552.0,0.2105,0.2084,0.2031,0.2008,0.8668,o,1316.0,490.0,1966.0,66.0
227146,2008,168128.0,0.0,512.0,0.1827,0.1803,0.1742,0.1716,0.8261,o,1677.0,584.0,2122.0,53.0
227146,2009,189130.0,0.0,553.0,0.1754,0.178,0.1847,0.1878,1.2295,o,1930.0,629.0,2129.0,87.0
227146,2010,226490.0,0.0,667.0,0.1767,0.1799,0.1883,0.1922,1.2897,o,2143.0,772.0,2119.0,84.0
227146,2011,248209.0,0.0,627.0,0.1516,0.1534,0.1582,0.1604,1.1882,o,2072.0,665.0,2111.0,77.0
227146,2012,241424.0,0.0,786.0,0.1953,0.1956,0.1962,0.1965,1.0174,o,1843.0,673.0,2221.0,85.0
227146,2013,231340.0,0.0,959.0,0.2487,0.2464,0.2405,0.238,0.8745,o,2032.0,654.0,2222.0,82.0
227146,2014,222457.0,0.0,1204.0,0.3247,0.3256,0.3278,0.3288,1.0381,o,1865.0,855.0,2241.0,83.0
227146,2015,211879.0,0.0,865.0,0.245,0.2443,0.2426,0.2419,0.9626,o,1841.0,797.0,2465.0,108.0
227146,2016,188722.0,0.0,844.0,0.2683,0.2673,0.2646,0.2634,0.9448,o,1721.0,757.0,2875.0,111.0
227146,2017,184295.0,0.0,963.0,0.3135,0.3119,0.3078,0.306,0.9288,o,1709.0,673.0,3059.0,117.0
227146,2018,180741.0,0.0,935.0,0.3104,0.3095,0.3072,0.3062,0.9596,o,1591.0,546.0,2991.0,105.0
227146,2019,176608.0,0.0,1007.0,0.3421,0.3403,0.3358,0.3337,0.9277,o,1196.0,499.0,2965.0,102.0
227146,2020,159932.0,0.0,1023.0,0.3838,0.3752,0.3541,0.3451,0.7248,o,1056.0,270.0,3296.0,112.0
227146,2021,143350.0,0.0,958.0,0.401,0.3933,0.3741,0.3659,0.7578,o,1098.0,323.0,3266.0,112.0
227146,2022,130337.0,0.0,906.0,0.4171,0.4163,0.4145,0.4136,0.9751,o,1097.0,289.0,3070.0,111.0
227146,2023,127594.0,0.0,843.0,0.3964,0.3969,0.3982,0.3988,1.0186,o,1085.0,269.0,2896.0,116.0
227146,2024,128190.0,14.0,835.0,0.4039,0.4036,0.4028,0.4024,0.9886,o,1017.0,278.0,3008.0,98.0
227182,1998,403338.0,0.0,829.0,0.1233,0.1279,0.1404,0.1463,1.6783,o,,,,
227182,1999,415554.0,0.0,797.0,0.1151,0.1179,0.1254,0.1289,1.4102,o,,,,
227182,2000,444251.0,0.0,859.0,0.116,0.122,0.139,0.1473,2.0609,o,,,,
227182,2001,490587.0,0.0,947.0,0.1158,0.1127,0.1051,0.1018,0.6774,o,,,,
227182,2002,561178.0,0.0,1073.0,0.1147,0.1123,0.1064,0.1038,0.7388,o,10210.0,,1289.0,
227182,2003,627351.0,0.0,1258.0,0.1203,0.1229,0.1299,0.1332,1.3597,o,10647.0,,1795.0,60.0
227182,2004,685292.0,0.0,1572.0,0.1376,0.1393,0.1435,0.1454,1.1816,o,10446.0,,1698.0,69.0
227182,2005,739035.0,0.0,1841.0,0.1495,0.1495,0.1495,0.1495,1.0017,o,12421.0,,1648.0,66.0
227182,2006,769335.0,0.0,1964.0,0.1532,0.1549,0.1596,0.1617,1.1777,o,12745.0,,1595.0,68.0
227182,2007,802091.0,0.0,2191.0,0.1639,0.1651,0.1684,0.1699,1.1147,o,5196.0,2216.0,1694.0,69.0
227182,2008,850952.0,0.0,2398.0,0.1691,0.1589,0.1355,0.1263,0.4129,o,5305.0,2115.0,1639.0,67.0
227182,2009,889895.0,0.0,2450.0,0.1652,0.1592,0.1449,0.1389,0.5914,o,6107.0,2637.0,1611.0,68.0
227182,2010,1075271.0,0.0,3036.0,0.1694,0.1712,0.1759,0.1781,1.1631,o,7976.0,2348.0,1715.0,62.0
227182,2011,1178792.0,0.0,3320.0,0.169,0.173,0.1837,0.1887,1.3978,o,12446.0,3631.0,1675.0,64.0
227182,2012,1333010.0,0.0,4208.0,0.1894,0.1971,0.2184,0.2286,1.7675,o,10650.0,3955.0,1916.0,60.0
227182,2013,1356158.0,0.0,4373.0,0.1935,0.194,0.1955,0.1962,1.043,o,12309.0,3675.0,1882.0,59.0
227182,2014,1370708.0,0.0,4409.0,0.193,0.1939,0.1961,0.1971,1.0659,o,12499.0,4291.0,1854.0,60.0
227182,2015,1398099.0,0.0,5569.0,0.239,0.2404,0.2441,0.2458,1.0888,o,12068.0,5026.0,1963.0,72.0
227182,2016,1429944.0,0.0,6599.0,0.2769,0.2764,0.275,0.2744,0.9729,o,13118.0,4142.0,1950.0,70.0
227182,2017,1468588.0,0.0,7223.0,0.2951,0.2965,0.3,0.3016,1.0679,o,12374.0,5304.0,1978.0,72.0
227182,2018,1468110.0,0.0,7552.0,0.3086,0.3083,0.3073,0.3069,0.9826,o,12544.0,9134.0,1994.0,69.0
227182,2019,1441883.0,0.0,7941.0,0.3304,0.3301,0.3291,0.3287,0.9842,o,12296.0,3377.0,1952.0,69.0
227182,2020,1457100.0,0.0,7681.0,0.3163,0.316,0.3152,0.3149,0.9869,o,9702.0,3008.0,2072.0,67.0
227182,2021,1427131.0,0.0,8422.0,0.3541,0.348,0.3329,0.3264,0.7812,o,11294.0,3069.0,2521.0,45.0
227182,2022,1352374.0,67.0,8774.0,0.3952,0.3959,0.3978,0.3987,1.0268,o,10339.0,3320.0,2370.0,47.0
227182,2023,1377534.0,176.0,8614.0,0.3905,0.3901,0.389,0.3886,0.9849,o,10694.0,3428.0,2981.0,40.0
227182,2024,1452845.0,227.0,9792.0,0.4231,0.4228,0.4219,0.4216,0.9887,o,10629.0,3273.0,3090.0,55.0
227191,1998,112888.0,0.0,215.0,0.1143,0.1116,0.105,0.1022,0.7123,o,,,,
227191,1999,120979.0,0.0,202.0,0.1002,0.1009,0.1027,0.1035,1.1043,o,,,,
227191,2000,137993.0,0.0,199.0,0.0865,0.0877,0.0908,0.0922,1.2124,o,,,,
227191,2001,148108.0,0.0,190.0,0.077,0.0781,0.0812,0.0826,1.2402,o,,,,
227191,2002,158241.0,0.0,211.0,0.08,0.0805,0.0818,0.0824,1.0939,o,919.0,,1209.0,
227191,2003,165796.0,0.0,289.0,0.1046,0.104,0.1025,0.1018,0.9213,o,789.0,,1237.0,69.0
227191,2004,158699.0,0.0,319.0,0.1206,0.119,0.1149,0.1131,0.824,o,1027.0,,1393.0,73.0
227191,2005,167307.0,0.0,373.0,0.1338,0.1355,0.1401,0.1422,1.2026,o,1038.0,,1352.0,70.0
227191,2006,168474.0,0.0,382.0,0.136,0.1373,0.1407,0.1422,1.1432,o,1048.0,,1542.0,73.0
227191,2007,178469.0,0.0,402.0,0.1351,0.1353,0.1357,0.1358,1.015,o,798.0,2497.0,1633.0,77.0
227191,2008,185475.0,0.0,448.0,0.1449,0.1422,0.1355,0.1327,0.7651,o,977.0,972.0,1712.0,75.0
227191,2009,194143.0,0.0,505.0,0.1561,0.1567,0.1583,0.159,1.0585,o,1196.0,3312.0,1683.0,79.0
227191,2010,211110.0,0.0,579.0,0.1646,0.168,0.1773,0.1816,1.3476,o,1080.0,782.0,1758.0,73.0
227191,2011,212062.0,0.0,951.0,0.2691,0.269,0.2687,0.2685,0.994,o,1489.0,841.0,1717.0,67.0
227191,2012,194016.0,0.0,1094.0,0.3383,0.3447,0.3618,0.3697,1.3084,o,1473.0,976.0,1837.0,64.0
227191,2013,185715.0,0.0,1114.0,0.3599,0.3634,0.3724,0.3765,1.1468,o,1572.0,947.0,1805.0,63.0
227191,2014,185045.0,0.0,967.0,0.3135,0.3149,0.3183,0.3198,1.0614,o,1177.0,813.0,2054.0,63.0
227191,2015,166156.0,0.0,897.0,0.3239,0.3181,0.3037,0.2975,0.7731,o,1268.0,649.0,2174.0,74.0
227191,2016,178517.0,0.0,1066.0,0.3583,0.3563,0.3511,0.3489,0.9225,o,1028.0,760.0,2295.0,83.0
227191,2017,182122.0,0.0,1039.0,0.3423,0.3382,0.3278,0.3233,0.8409,o,1069.0,3467.0,2256.0,85.0
227191,2018,182776.0,0.0,1194.0,0.392,0.39,0.385,0.3828,0.9312,o,918.0,3425.0,2206.0,83.0
227191,2019,183227.0,0.0,1337.0,0.4378,0.4338,0.4235,0.419,0.8755,o,1324.0,3132.0,2160.0,73.0
227216,1998,524344.0,3241.0,0.0,0.7417,0.7654,0.7765,0.792,1.14,o,,,,
227216,1999,611970.0,3313.0,0.0,0.6496,0.6767,0.6895,0.7073,1.1854,o,,,,
227216,2000,579488.0,3406.0,0.0,0.7053,0.7442,0.7627,0.7887,1.2504,o,,,,
227216,2001,595650.0,3600.0,0.0,0.7253,0.7723,0.7949,0.8268,1.2995,o,,,,
227216,2002,617821.0,3738.0,0.0,0.726,0.7544,0.7678,0.7865,1.1734,o,3029.0,,5283.0,
227216,2003,638431.0,3905.0,0.0,0.734,0.7369,0.7382,0.74,1.0165,o,3444.0,,5778.0,233.0
227216,2004,664064.0,4238.0,0.0,0.7658,0.7725,0.7756,0.7798,1.0368,o,3567.0,,6882.0,189.0
227216,2005,654265.0,4360.0,0.0,0.7997,0.8271,0.84,0.8579,1.151,o,3668.0,,8853.0,301.0
227216,2006,685975.0,4452.0,0.0,0.7788,0.8169,0.835,0.8603,1.2203,o,3701.0,,7359.0,297.0
227216,2007,707746.0,4791.0,0.0,0.8123,0.838,0.85,0.8667,1.1384,o,3575.0,3884.0,7513.0,307.0
227216,2008,740054.0,5183.0,0.0,0.8404,0.8479,0.8514,0.8562,1.0378,o,3549.0,4148.0,8739.0,310.0
227216,2009,745884.0,5728.0,0.0,0.9215,0.9181,0.9166,0.9144,0.9847,o,3368.0,3926.0,9305.0,314.0
227216,2010,763824.0,5996.0,0.0,0.942,0.9278,0.9214,0.9127,0.9387,o,3583.0,4154.0,10008.0,326.0
227216,2011,781878.0,6362.0,0.0,0.9764,0.9658,0.9609,0.9544,0.9553,o,3998.0,4349.0,10199.0,309.0
227216,2012,783286.0,6459.0,0.0,0.9895,1.0044,1.0113,1.0208,1.0641,o,4473.0,4490.0,10870.0,320.0
227216,2013,795710.0,6365.0,0.0,0.9599,1.0077,1.0305,1.0623,1.2247,o,4596.0,4521.0,11172.0,326.0
227216,2014,769445.0,6315.0,0.0,0.9849,1.0498,1.081,1.125,1.3047,o,4454.0,4002.0,11514.0,354.0
227216,2015,784445.0,6440.0,0.0,0.9852,1.0279,1.0482,1.0764,1.1938,o,4717.0,4273.0,12201.0,366.0
227216,2016,812379.0,6439.0,0.0,0.9511,0.9694,0.9779,0.9897,1.0826,o,4850.0,4264.0,12614.0,398.0
227216,2017,823183.0,6895.0,0.0,1.0051,1.0181,1.0241,1.0324,1.0549,o,4992.0,4149.0,12943.0,404.0
227216,2018,834718.0,7072.0,0.0,1.0167,1.0374,1.047,1.0602,1.0875,o,4875.0,4144.0,13141.0,398.0
227216,2019,837583.0,7480.0,0.0,1.0717,1.0906,1.0994,1.1116,1.0759,o,5613.0,4405.0,13242.0,402.0
227216,2020,869859.0,7661.0,0.0,1.0569,1.0804,1.0914,1.1066,1.0963,o,5304.0,4166.0,13274.0,404.0
227216,2021,884650.0,7956.0,0.0,1.0792,1.1064,1.1191,1.1366,1.1092,o,5563.0,4112.0,12945.0,391.0
227216,2022,862112.0,7786.0,0.0,1.0838,1.1092,1.121,1.1373,1.1013,o,6624.0,3752.0,12166.0,385.0
227216,2023,898600.0,7680.0,0.0,1.0256,1.0632,1.0809,1.1055,1.162,o,6926.0,3720.0,11532.0,393.0
227216,2024,907186.0,7544.0,0.0,0.9979,1.051,1.0763,1.1117,1.2412,o,6730.0,3539.0,11164.0,380.0
227225,1998,43393.0,0.0,144.0,0.1991,0.2028,0.2126,0.2171,1.2998,o,,,,
227225,1999,47470.0,0.0,176.0,0.2225,0.2258,0.2345,0.2385,1.2353,o,,,,
227225,2001,30119.0,0.0,153.0,0.3048,0.3053,0.3067,0.3073,1.0248,o,,,,
227225,2002,50405.0,0.0,148.0,0.1762,0.18,0.1902,0.1949,1.3584,o,748.0,,1663.0,
227225,2003,54595.0,0.0,211.0,0.2319,0.2328,0.2351,0.2362,1.0572,o,883.0,,1631.0,57.0
227225,2004,59626.0,0.0,213.0,0.2143,0.2164,0.2217,0.2241,1.1453,o,833.0,,2289.0,60.0
227225,2005,55771.0,0.0,243.0,0.2614,0.2618,0.2628,0.2633,1.0215,o,689.0,,2221.0,63.0
227225,2007,53824.0,0.0,260.0,0.2898,0.2849,0.2724,0.2671,0.7806,o,470.0,158.0,2187.0,79.0
227225,2008,53426.0,0.0,268.0,0.301,0.2945,0.2785,0.2716,0.7327,o,635.0,156.0,2116.0,75.0
227225,2009,55411.0,0.0,269.0,0.2913,0.2949,0.3045,0.3088,1.1936,o,553.0,192.0,2150.0,74.0
227225,2010,68099.0,0.0,269.0,0.237,0.237,0.2371,0.2371,1.0009,o,713.0,293.0,2239.0,69.0
227225,2011,73254.0,0.0,282.0,0.231,0.2339,0.2418,0.2453,1.2003,o,556.0,206.0,2261.0,54.0
227225,2012,66233.0,0.0,337.0,0.3053,0.3025,0.2955,0.2925,0.8784,o,469.0,278.0,2270.0,60.0
227225,2013,69611.0,0.0,348.0,0.3,0.2937,0.2781,0.2715,0.7392,o,770.0,154.0,2326.0,60.0
227225,2014,69138.0,0.0,359.0,0.3116,0.3206,0.3449,0.3563,1.5024,o,673.0,151.0,2337.0,64.0
227225,2015,65237.0,0.0,363.0,0.3339,0.3358,0.3408,0.3431,1.0864,o,461.0,34.0,3193.0,57.0
227225,2016,59920.0,0.0,349.0,0.3495,0.3387,0.3124,0.3014,0.6389,o,625.0,178.0,3249.0,70.0
227225,2024,62251.0,0.0,451.0,0.4347,0.4339,0.432,0.4312,0.9759,o,614.0,175.0,2794.0,59.0
227243,1998,21874.0,196.0,80.0,1.2947,1.2325,1.2201,1.1894,0.844,o,,,,
227243,1999,35080.0,234.0,68.0,0.9168,0.9659,0.9764,1.0032,1.1975,o,,,,
227243,2002,32793.0,306.0,84.0,1.2735,1.3501,1.3666,1.4085,1.2234,o,221.0,,21706.0,
227243,2005,26171.0,258.0,126.0,1.4718,1.3402,1.3145,1.2523,0.7239,o,129.0,,23386.0,
227243,2006,28159.0,272.0,138.0,1.4532,1.2411,1.2012,1.1071,0.5804,o,120.0,,23656.0,
227243,2007,25470.0,238.0,132.0,1.4323,1.2438,1.2081,1.123,0.6148,o,123.0,135.0,23897.0,
227243,2008,26149.0,254.0,155.0,1.5213,1.3885,1.3625,1.2996,0.7297,o,87.0,90.0,24445.0,
227243,2009,23863.0,247.0,140.0,1.5941,1.4695,1.445,1.3855,0.7554,o,141.0,133.0,25242.0,
227243,2010,23922.0,247.0,73.0,1.4221,1.3862,1.3789,1.3608,0.9157,o,95.0,89.0,26314.0,
227243,2011,18952.0,194.0,31.0,1.3265,1.3153,1.313,1.3073,0.9712,o,83.0,120.0,26902.0,
227243,2012,17641.0,169.0,5.0,1.1666,1.112,1.101,1.074,0.8476,o,164.0,134.0,27403.0,
227243,2013,19317.0,153.0,3.0,0.9598,0.9823,0.987,0.999,1.0833,o,87.0,109.0,28067.0,
227243,2015,6067.0,125.0,0.0,2.4724,2.0287,1.9474,1.758,0.5056,o,2.0,33.0,30198.0,
227304,1998,92307.0,0.0,306.0,0.1989,0.1987,0.198,0.1977,0.9825,o,,,,
227304,1999,87780.0,0.0,283.0,0.1934,0.2021,0.2263,0.238,1.8739,o,,,,
227304,2000,90753.0,0.0,283.0,0.1871,0.1886,0.1925,0.1942,1.1195,o,,,,
227304,2001,88346.0,0.0,240.0,0.163,0.1676,0.1801,0.186,1.4909,o,,,,
227304,2002,89360.0,0.0,268.0,0.1799,0.1829,0.1907,0.1943,1.2621,o,1294.0,,1531.0,
227304,2003,98021.0,0.0,302.0,0.1849,0.1853,0.1866,0.1871,1.0377,o,1182.0,,1434.0,43.0
227304,2004,94950.0,0.0,322.0,0.2035,0.2024,0.1995,0.1982,0.9242,o,842.0,,1632.0,46.0
227304,2005,94620.0,0.0,372.0,0.2359,0.2296,0.2142,0.2077,0.6801,o,835.0,,1903.0,51.0
227304,2006,93780.0,0.0,326.0,0.2086,0.2058,0.1988,0.1958,0.8251,o,743.0,,1795.0,62.0
227304,2007,85560.0,0.0,280.0,0.1964,0.1947,0.1905,0.1887,0.8861,o,700.0,197.0,1924.0,69.0
227304,2008,84780.0,0.0,285.0,0.2017,0.2,0.1958,0.1939,0.8872,o,488.0,186.0,1861.0,62.0
227304,2009,86850.0,0.0,317.0,0.219,0.2131,0.1986,0.1925,0.6764,o,674.0,276.0,1830.0,63.0
227304,2010,97890.0,0.0,322.0,0.1974,0.1991,0.2037,0.2058,1.1347,o,619.0,195.0,2076.0,68.0
227304,2011,99150.0,0.0,345.0,0.2088,0.2097,0.2121,0.2132,1.0654,o,770.0,592.0,2638.0,78.0
227304,2012,92250.0,0.0,382.0,0.2485,0.2515,0.2596,0.2632,1.191,o,732.0,616.0,3102.0,128.0
227304,2013,90852.0,0.0,401.0,0.2648,0.2658,0.2683,0.2695,1.054,o,850.0,797.0,3208.0,112.0
227304,2014,92011.0,0.0,387.0,0.2524,0.2546,0.2603,0.2629,1.1318,o,797.0,822.0,3239.0,99.0
227304,2015,94221.0,0.0,536.0,0.3413,0.3415,0.342,0.3422,1.0076,o,975.0,855.0,3368.0,115.0
227304,2016,102904.0,0.0,683.0,0.3982,0.403,0.4154,0.4211,1.184,o,1314.0,913.0,3345.0,97.0
227304,2017,118507.0,0.0,782.0,0.3959,0.407,0.4369,0.4509,1.4831,o,1130.0,985.0,3580.0,95.0
227304,2018,122212.0,0.0,750.0,0.3682,0.3679,0.367,0.3667,0.9873,o,969.0,747.0,3462.0,95.0
227304,2019,125679.0,0.0,918.0,0.4383,0.4312,0.4136,0.406,0.793,o,1059.0,689.0,3390.0,109.0
227304,2020,132634.0,0.0,946.0,0.4279,0.4282,0.4289,0.4292,1.0091,o,1001.0,731.0,2625.0,99.0
227304,2021,132212.0,70.0,1095.0,0.5605,0.56,0.5587,0.5581,0.9872,o,1054.0,520.0,2661.0,99.0
227304,2022,130612.0,79.0,1130.0,0.5917,0.5926,0.5951,0.5962,1.0233,o,1152.0,509.0,2501.0,106.0
227304,2023,132617.0,60.0,1188.0,0.5918,0.5965,0.6089,0.6145,1.1212,o,1040.0,425.0,2484.0,104.0
227304,2024,149593.0,74.0,1121.0,0.509,0.5069,0.5016,0.4992,0.9429,o,1518.0,255.0,2640.0,94.0
227331,1998,54247.0,412.0,0.0,0.9114,0.983,0.9985,1.0384,1.2981,o,,,,
227331,1999,53964.0,416.0,0.0,0.9251,0.9934,1.0082,1.0461,1.2788,o,,,,
227331,2000,52528.0,429.0,0.0,0.98,0.9773,0.9767,0.9753,0.9904,o,,,,
227331,2001,49155.0,428.0,0.0,1.0449,0.9756,0.9619,0.9283,0.7894,o,,,,
227331,2003,47189.0,368.0,0.0,0.9358,0.9864,0.9972,1.0247,1.199,o,330.0,,23251.0,673.0
227331,2004,49533.0,379.0,0.0,0.9182,0.954,0.9616,0.9808,1.1411,o,222.0,,24295.0,641.0
227331,2005,46435.0,341.0,0.0,0.8812,0.8292,0.8188,0.7934,0.8106,o,271.0,,26445.0,658.0
227331,2006,41769.0,377.0,0.0,1.0831,0.9624,0.9391,0.8835,0.6653,o,264.0,209.0,26562.0,671.0
227331,2007,40252.0,338.0,0.0,1.0077,0.9469,0.9348,0.9052,0.8069,o,285.0,186.0,27071.0,692.0
227331,2008,36990.0,318.0,0.0,1.0316,1.03,1.0297,1.0288,0.9946,o,306.0,140.0,27973.0,713.0
227331,2009,38013.0,282.0,0.0,0.8902,0.9383,0.9485,0.9747,1.1988,o,252.0,234.0,29110.0,701.0
227331,2010,38680.0,287.0,0.0,0.8904,0.9013,0.9036,0.9093,1.043,o,300.0,234.0,29768.0,661.0
227331,2011,39714.0,304.0,0.0,0.9186,0.92,0.9203,0.9211,1.0055,o,246.0,178.0,30571.0,655.0
227331,2012,37191.0,327.0,0.0,1.0551,1.0311,1.0262,1.0141,0.9239,o,321.0,185.0,30962.0,688.0
227331,2013,37497.0,308.0,0.0,0.9857,0.9903,0.9912,0.9936,1.0161,o,338.0,185.0,31308.0,696.0
227331,2014,39436.0,325.0,0.0,0.9889,1.0411,1.0522,1.0806,1.1938,o,357.0,219.0,31516.0,700.0
227331,2015,40841.0,317.0,0.0,0.9314,0.9989,1.0135,1.0508,1.2729,o,308.0,186.0,32109.0,761.0
227331,2016,40184.0,293.0,0.0,0.875,0.9164,0.9252,0.9476,1.1728,o,216.0,166.0,33899.0,789.0
227331,2017,35466.0,332.0,0.0,1.1233,1.0511,1.0367,1.0017,0.7951,o,338.0,165.0,34623.0,834.0
227331,2018,36436.0,289.0,0.0,0.9518,0.8912,0.8792,0.8498,0.7971,o,374.0,152.0,35135.0,809.0
227331,2019,38572.0,279.0,0.0,0.868,0.8853,0.889,0.8981,1.0707,o,330.0,122.0,35069.0,781.0
227331,2020,36535.0,288.0,0.0,0.9459,1.0305,1.0489,1.0964,1.3435,o,295.0,102.0,35118.0,732.0
227331,2021,35081.0,262.0,0.0,0.8962,0.9281,0.9348,0.9519,1.1282,o,254.0,135.0,34931.0,757.0
227331,2022,32176.0,249.0,0.0,0.9286,0.8612,0.8479,0.8154,0.7711,o,296.0,129.0,32830.0,684.0
227331,2023,31322.0,279.0,0.0,1.0689,0.9951,0.9804,0.9448,0.7812,o,290.0,97.0,32218.0,624.0
227331,2024,30739.0,279.0,0.0,1.0892,1.069,1.0649,1.0546,0.9376,o,268.0,97.0,31728.0,573.0
227368,1998,295806.0,1283.0,31.0,0.5268,0.5017,0.4906,0.4759,0.8163,o,,,,
227368,1999,289659.0,1339.0,29.0,0.5607,0.5295,0.5158,0.4976,0.7876,o,,,,
227368,2000,293626.0,1375.0,20.0,0.566,0.536,0.5227,0.5052,0.7966,o,,,,
227368,2001,299826.0,1394.0,1.0,0.5581,0.5235,0.5083,0.4884,0.7657,o,,,,
227368,2002,329353.0,1597.0,0.0,0.5819,0.5793,0.5782,0.5766,0.982,o,1975.0,,4341.0,
227368,2003,350481.0,1584.0,0.0,0.5423,0.5784,0.5957,0.6201,1.3074,o,2679.0,,4354.0,116.0
227368,2004,379793.0,1744.0,0.0,0.551,0.618,0.6514,0.6998,1.6126,o,2824.0,,4249.0,114.0
227368,2005,409294.0,1937.0,0.0,0.5679,0.6334,0.6659,0.7129,1.5759,o,2434.0,,4420.0,114.0
227368,2006,404028.0,2198.0,0.0,0.6528,0.6952,0.7156,0.7443,1.2999,o,2807.0,,4607.0,128.0
227368,2007,415912.0,2404.0,0.0,0.6936,0.7137,0.7231,0.7361,1.1261,o,2626.0,838.0,5239.0,137.0
227368,2008,416233.0,2405.0,0.0,0.6934,0.6912,0.6903,0.6889,0.9873,o,2663.0,795.0,5705.0,156.0
227368,2009,416975.0,2660.0,0.0,0.7655,0.7666,0.7671,0.7678,1.0059,o,2882.0,923.0,6193.0,155.0
227368,2010,445635.0,2618.0,0.0,0.705,0.7146,0.719,0.7251,1.058,o,2925.0,974.0,6520.0,145.0
227368,2011,443702.0,2683.0,0.0,0.7256,0.7373,0.7427,0.7502,1.0688,o,3146.0,1102.0,6694.0,145.0
227368,2012,436044.0,2502.0,0.0,0.6886,0.7117,0.7226,0.7377,1.1479,o,3102.0,1140.0,6849.0,164.0
227368,2013,440810.0,2734.0,0.0,0.7443,0.7659,0.776,0.79,1.1268,o,3501.0,1252.0,6905.0,176.0
227368,2014,461540.0,2758.0,0.0,0.7171,0.7395,0.7501,0.7646,1.1371,o,3483.0,1189.0,6811.0,173.0
227368,2015,483499.0,2986.0,0.0,0.7411,0.7664,0.7783,0.7949,1.1504,o,4181.0,6239.0,6753.0,138.0
227368,2016,624431.0,4144.0,0.0,0.7964,0.8364,0.8554,0.882,1.2266,o,3944.0,1683.0,9454.0,184.0
227368,2017,644599.0,3975.0,0.0,0.74,0.7778,0.7957,0.8209,1.2305,o,4504.0,1683.0,9482.0,189.0
227368,2018,668555.0,4051.0,0.0,0.7271,0.7611,0.7772,0.7997,1.2096,o,4565.0,1676.0,9455.0,156.0
227368,2019,683095.0,4456.0,0.0,0.7828,0.8151,0.8303,0.8515,1.1833,o,4793.0,1790.0,9533.0,166.0
227368,2020,712890.0,4333.0,0.0,0.7294,0.7545,0.7663,0.7828,1.1518,o,5338.0,1649.0,9774.0,165.0
227368,2021,741976.0,4924.0,0.0,0.7964,0.8318,0.8486,0.8721,1.1992,o,5439.0,1389.0,10408.0,190.0
227368,2022,685370.0,4771.0,0.0,0.8353,0.8707,0.8873,0.9106,1.1883,o,5770.0,1415.0,10467.0,171.0
227368,2023,706512.0,4810.0,0.0,0.817,0.8531,0.8702,0.8941,1.1978,o,5634.0,1321.0,9873.0,144.0
227368,2024,723910.0,5006.0,0.0,0.8298,0.8537,0.8649,0.8804,1.1257,o,7013.0,1335.0,9859.0,153.0
227377,1998,35148.0,443.0,0.0,1.5125,1.5125,1.5125,1.5125,,n,,,,
227377,1999,68760.0,484.0,0.0,0.8447,0.8867,1.0045,1.0618,2.0,o,,,,
227377,2000,195354.0,493.0,0.0,0.3028,0.3028,0.3028,0.3028,,n,,,,
227377,2001,197153.0,525.0,0.0,0.3195,0.4465,1.0554,1.5469,119.0,o,,,,
227377,2002,205247.0,583.0,0.0,0.3409,0.3617,0.4214,0.451,2.3361,o,1413.0,,3662.0,
227377,2003,221888.0,647.0,0.0,0.3499,0.3521,0.358,0.3606,1.0953,o,1556.0,,3971.0,32.0
227377,2004,236427.0,661.0,0.0,0.3355,0.338,0.3444,0.3473,1.1102,o,1659.0,,4048.0,44.0
227377,2005,247554.0,697.0,0.0,0.3379,0.3405,0.3474,0.3505,1.1175,o,1415.0,,4863.0,64.0
227377,2006,261596.0,753.0,0.0,0.3454,0.3423,0.3346,0.3312,0.8802,o,1711.0,,5346.0,82.0
227377,2007,277428.0,919.0,0.0,0.3975,0.4005,0.4083,0.4118,1.1132,o,1662.0,427.0,5915.0,81.0
227377,2008,277510.0,918.0,1.0,0.3972,0.3989,0.4033,0.4053,1.0633,o,1797.0,237.0,5577.0,89.0
227377,2009,272261.0,961.0,0.0,0.4236,0.4254,0.4303,0.4325,1.0655,o,2060.0,414.0,6711.0,176.0
227377,2010,294549.0,1068.0,1021.0,0.6431,0.651,0.6718,0.6813,1.1911,o,2193.0,425.0,6965.0,169.0
227377,2011,301869.0,1063.0,823.0,0.5861,0.5914,0.6053,0.6115,1.1372,o,2161.0,413.0,7132.0,179.0
227377,2012,281129.0,1200.0,1073.0,0.7412,0.7421,0.7442,0.7452,1.0162,o,1893.0,441.0,7282.0,199.0
227377,2013,256137.0,1041.0,810.0,0.6774,0.6709,0.6542,0.6469,0.8695,o,1777.0,825.0,7336.0,214.0
227377,2014,243059.0,1039.0,519.0,0.6411,0.6352,0.6203,0.6138,0.8767,o,1642.0,491.0,7073.0,152.0
227377,2017,98162.0,0.0,445.0,0.272,0.2678,0.2572,0.2527,0.7997,o,991.0,157.0,4077.0,161.0
227377,2018,101482.0,0.0,509.0,0.3009,0.3051,0.3161,0.3211,1.2174,o,1049.0,205.0,3986.0,144.0
227377,2019,115695.0,0.0,545.0,0.2826,0.2843,0.2888,0.2908,1.0899,o,1432.0,193.0,3902.0,132.0
227377,2020,141113.0,0.0,600.0,0.2551,0.2612,0.2777,0.2853,1.4039,o,1082.0,69.0,3784.0,20.0
227377,2021,145710.0,0.0,819.0,0.3372,0.334,0.3259,0.3224,0.8722,o,966.0,138.0,3674.0,29.0
227377,2022,127888.0,0.0,1102.0,0.517,0.5076,0.4841,0.474,0.7685,o,988.0,148.0,3453.0,19.0
227377,2023,128717.0,0.0,979.0,0.4563,0.4552,0.4523,0.451,0.9648,o,953.0,139.0,3259.0,32.0
227377,2024,140380.0,0.0,1164.0,0.4975,0.4966,0.4944,0.4934,0.9754,o,858.0,187.0,3148.0,23.0
227386,1998,38635.0,0.0,129.0,0.2003,0.201,0.2026,0.2033,1.0457,o,,,,
227386,1999,24833.0,0.0,154.0,0.3721,0.3684,0.3591,0.355,0.8675,o,,,,
227386,2000,38591.0,0.0,162.0,0.2519,0.2513,0.2497,0.249,0.9656,o,,,,
227386,2001,36482.0,0.0,150.0,0.2467,0.2451,0.241,0.2393,0.9114,o,,,,
227386,2002,34855.0,0.0,151.0,0.2599,0.2587,0.2555,0.2541,0.9332,o,502.0,,1372.0,
227386,2003,38079.0,0.0,148.0,0.2332,0.2355,0.2417,0.2445,1.154,o,463.0,,1468.0,55.0
227386,2004,47958.0,0.0,155.0,0.1939,0.1938,0.1935,0.1933,0.9904,o,440.0,,1552.0,51.0
227386,2005,51630.0,0.0,180.0,0.2092,0.2078,0.2044,0.2029,0.9119,o,360.0,,1622.0,51.0
227386,2006,51840.0,0.0,159.0,0.184,0.1811,0.1739,0.1708,0.7973,o,354.0,158.0,1683.0,58.0
227386,2007,40208.0,0.0,185.0,0.2761,0.2737,0.2678,0.2652,0.885,o,349.0,187.0,1779.0,78.0
227386,2008,50910.0,0.0,188.0,0.2216,0.2212,0.2203,0.2199,0.9776,o,379.0,200.0,1826.0,65.0
227386,2009,42511.0,0.0,213.0,0.3006,0.3022,0.3063,0.3082,1.0782,o,384.0,235.0,1865.0,79.0
227386,2010,44811.0,0.0,214.0,0.2865,0.2876,0.2904,0.2916,1.0549,o,417.0,287.0,1921.0,67.0
227386,2011,46878.0,0.0,231.0,0.2957,0.2975,0.3023,0.3045,1.0931,o,474.0,300.0,2044.0,65.0
227386,2012,52948.0,0.0,223.0,0.2527,0.2557,0.2636,0.2671,1.1835,o,421.0,285.0,2188.0,85.0
227386,2013,54498.0,0.0,236.0,0.2598,0.2588,0.2562,0.255,0.945,o,455.0,329.0,2150.0,81.0
227386,2014,56636.0,0.0,287.0,0.304,0.3044,0.3053,0.3057,1.0168,o,431.0,300.0,2212.0,90.0
227386,2015,55194.0,0.0,278.0,0.3022,0.3019,0.301,0.3006,0.984,o,442.0,268.0,2193.0,83.0
227386,2016,57488.0,0.0,274.0,0.286,0.2859,0.2858,0.2858,0.9977,o,424.0,279.0,2271.0,85.0
227386,2017,56874.0,0.0,387.0,0.4083,0.4074,0.4053,0.4044,0.9714,o,451.0,275.0,2325.0,87.0
227386,2018,56767.0,0.0,353.0,0.3731,0.3742,0.3769,0.3782,1.0416,o,400.0,199.0,2333.0,95.0
227386,2019,53846.0,0.0,365.0,0.4067,0.4042,0.3977,0.3949,0.9143,o,344.0,228.0,2343.0,96.0
227386,2020,50040.0,0.0,359.0,0.4305,0.4241,0.4082,0.4013,0.8085,o,334.0,191.0,2423.0,101.0
227386,2021,49200.0,0.0,343.0,0.4183,0.4151,0.4072,0.4037,0.8978,o,347.0,164.0,2409.0,101.0
227386,2022,48667.0,0.0,348.0,0.429,0.4297,0.4315,0.4324,1.0236,o,308.0,164.0,2317.0,94.0
227386,2023,47173.0,0.0,377.0,0.4795,0.4762,0.4676,0.4639,0.9046,o,355.0,158.0,2286.0,102.0
227386,2024,48143.0,0.0,399.0,0.4973,0.5001,0.5074,0.5107,1.084,o,315.0,169.0,2280.0,73.0
227401,1998,55224.0,0.0,113.0,0.1228,0.1267,0.1373,0.1423,1.564,o,,,,
227401,1999,64177.0,0.0,118.0,0.1103,0.1122,0.1173,0.1197,1.2802,o,,,,
227401,2000,38560.0,0.0,164.0,0.2552,0.2536,0.2496,0.2478,0.9154,o,,,,
227401,2002,56332.0,0.0,232.0,0.2471,0.2498,0.2568,0.26,1.1669,o,1414.0,,1507.0,
227401,2003,63020.0,0.0,208.0,0.198,0.1989,0.2012,0.2023,1.066,o,1637.0,,1577.0,93.0
227401,2004,87113.0,0.0,207.0,0.1426,0.144,0.1479,0.1496,1.1569,o,1530.0,,1731.0,75.0
227401,2005,87463.0,0.0,213.0,0.1461,0.1461,0.1462,0.1463,1.003,o,1456.0,,1719.0,76.0
227401,2006,88672.0,0.0,245.0,0.1658,0.1648,0.1623,0.1613,0.9195,o,1508.0,,1664.0,70.0
227401,2007,87316.0,0.0,287.0,0.1972,0.1974,0.1977,0.1979,1.01,o,1566.0,338.0,1615.0,85.0
227401,2008,90733.0,0.0,322.0,0.2129,0.2138,0.2159,0.2168,1.0567,o,910.0,360.0,1563.0,78.0
227401,2009,100680.0,0.0,381.0,0.2271,0.2189,0.1992,0.191,0.5921,o,1373.0,512.0,1606.0,75.0
227401,2010,127209.0,0.0,388.0,0.183,0.1843,0.1878,0.1894,1.109,o,1376.0,543.0,1630.0,63.0
227401,2011,140722.0,0.0,443.0,0.1889,0.1914,0.1979,0.2009,1.2054,o,1328.0,501.0,1625.0,54.0
227401,2012,130401.0,0.0,486.0,0.2236,0.2231,0.2217,0.2211,0.9662,o,1197.0,300.0,1747.0,59.0
227401,2013,116245.0,0.0,537.0,0.2772,0.2748,0.2689,0.2663,0.8854,o,1221.0,294.0,1813.0,62.0
227401,2014,114979.0,0.0,529.0,0.2761,0.2754,0.2738,0.273,0.9671,o,1027.0,325.0,1880.0,68.0
227401,2015,110390.0,0.0,654.0,0.3555,0.3514,0.3413,0.3368,0.8495,o,1071.0,351.0,2021.0,75.0
227401,2016,102811.0,0.0,622.0,0.363,0.3618,0.3586,0.3573,0.9528,o,895.0,354.0,2007.0,83.0
227401,2017,95979.0,0.0,551.0,0.3445,0.3406,0.331,0.3269,0.8532,o,993.0,147.0,2868.0,91.0
227401,2018,91072.0,0.0,441.0,0.2905,0.2907,0.2913,0.2915,1.0102,o,820.0,261.0,2991.0,94.0
227401,2019,100218.0,0.0,564.0,0.3377,0.3344,0.326,0.3223,0.8686,o,815.0,264.0,2928.0,87.0
227401,2020,95091.0,0.0,500.0,0.3155,0.3131,0.3072,0.3046,0.8991,o,749.0,151.0,2921.0,88.0
227401,2021,85644.0,0.0,542.0,0.3797,0.3774,0.3715,0.3689,0.9162,o,703.0,244.0,2871.0,87.0
227401,2022,86747.0,0.0,495.0,0.3424,0.3398,0.3334,0.3306,0.899,o,682.0,226.0,2699.0,86.0
227401,2023,90066.0,0.0,616.0,0.4104,0.4086,0.404,0.402,0.9394,o,540.0,179.0,2609.0,84.0
227401,2024,88841.0,0.0,555.0,0.3748,0.3684,0.3522,0.3453,0.7798,o,746.0,436.0,2580.0,72.0
227429,1998,17710.0,95.0,0.0,0.6437,0.5476,0.5296,0.4871,0.5726,o,,,,
227429,1999,23460.0,128.0,0.0,0.6547,0.6012,0.5907,0.5652,0.7451,o,,,,
227429,2001,18445.0,101.0,0.0,0.6571,0.7152,0.7279,0.7606,1.3397,o,,,,
227429,2004,25396.0,119.0,0.0,0.5623,0.5775,0.5807,0.5888,1.0964,o,162.0,,8640.0,182.0
227429,2005,27810.0,146.0,0.0,0.63,0.6141,0.6109,0.6028,0.9157,o,96.0,,10462.0,148.0
227429,2006,21754.0,149.0,0.0,0.8219,0.7474,0.7329,0.6977,0.7207,o,160.0,111.0,10127.0,312.0
227429,2007,20499.0,105.0,0.0,0.6147,0.5831,0.5768,0.5613,0.8339,o,105.0,90.0,9830.0,252.0
227429,2008,15410.0,132.0,0.0,1.0279,0.9777,0.9676,0.9428,0.8413,o,79.0,59.0,13419.0,353.0
227429,2010,4082.0,56.0,0.0,1.6463,1.3053,1.2441,1.1034,0.4492,o,80.0,33.0,15224.0,610.0
227429,2011,5854.0,26.0,0.0,0.533,0.4194,0.3991,0.3526,0.4377,o,55.0,63.0,17240.0,722.0
227429,2012,4883.0,24.0,0.0,0.5898,0.5391,0.5292,0.5052,0.7337,o,71.0,22.0,16804.0,812.0
227429,2013,5613.0,16.0,0.0,0.3421,0.3512,0.3532,0.358,1.0957,o,70.0,42.0,16576.0,635.0
227429,2014,7653.0,21.0,0.0,0.3293,0.3485,0.3526,0.363,1.2155,o,89.0,41.0,17807.0,487.0
227429,2015,8976.0,27.0,0.0,0.361,0.3785,0.3822,0.3917,1.1778,o,167.0,79.0,17461.0,492.0
227429,2016,13364.0,22.0,0.0,0.1975,0.2426,0.2532,0.2816,2.0317,o,105.0,44.0,10728.0,319.0
227429,2017,14547.0,26.0,0.0,0.2145,0.2595,0.2699,0.2979,1.9291,o,150.0,73.0,10604.0,251.0
227429,2018,17222.0,41.0,0.0,0.2857,0.3276,0.337,0.3618,1.6038,o,141.0,36.0,10587.0,316.0
227429,2019,18106.0,62.0,0.0,0.4109,0.4265,0.4298,0.4381,1.1367,o,147.0,61.0,10884.0,298.0
227429,2020,19221.0,62.0,0.0,0.3871,0.3935,0.3949,0.3983,1.0588,o,61.0,32.0,10968.0,287.0
227429,2021,13937.0,91.0,0.0,0.7835,0.7386,0.7296,0.7076,0.8157,o,66.0,20.0,11663.0,386.0
227429,2022,17308.0,80.0,0.0,0.5547,0.4361,0.4149,0.3664,0.4364,o,111.0,161.0,11708.0,220.0
227429,2023,18019.0,62.0,0.0,0.4129,0.3585,0.3482,0.3237,0.6146,o,157.0,56.0,14283.0,233.0
227429,2024,16845.0,72.0,0.0,0.5129,0.552,0.5605,0.5822,1.2885,o,150.0,53.0,13498.0,399.0
227526,1998,144471.0,720.0,0.0,0.598,0.6307,0.6462,0.668,1.2476,o,,,,
227526,1999,169650.0,706.0,0.0,0.4994,0.4971,0.4961,0.4947,0.9815,o,,,,
227526,2000,149796.0,639.0,0.0,0.5119,0.4756,0.4598,0.4391,0.7358,o,,,,
227526,2001,159628.0,691.0,0.0,0.5195,0.4831,0.4673,0.4466,0.7391,o,,,,
227526,2002,165094.0,747.0,0.0,0.543,0.547,0.5488,0.5514,1.0312,o,1298.0,,5495.0,
227526,2003,166430.0,720.0,0.0,0.5191,0.5319,0.5378,0.546,1.1062,o,1459.0,,5492.0,136.0
227526,2004,160963.0,711.0,0.0,0.5301,0.5518,0.5621,0.5765,1.1828,o,1468.0,,5957.0,163.0
227526,2005,250783.0,778.0,0.0,0.3723,0.3862,0.3928,0.4019,1.1657,o,1109.0,,6763.0,127.0
227526,2006,167092.0,889.0,0.0,0.6385,0.6387,0.6389,0.6391,1.0019,o,1231.0,311.0,7644.0,190.0
227526,2007,169124.0,838.0,0.0,0.5946,0.5716,0.5614,0.5478,0.8487,o,1319.0,297.0,8259.0,219.0
227526,2008,176419.0,758.0,0.0,0.5156,0.4988,0.4913,0.4812,0.8712,o,1296.0,280.0,7241.0,229.0
227526,2009,176175.0,835.0,0.0,0.5688,0.5708,0.5717,0.5729,1.0147,o,1594.0,325.0,7902.0,215.0
227526,2010,186940.0,898.0,0.0,0.5764,0.6064,0.6206,0.6406,1.235,o,1736.0,377.0,9668.0,224.0
227526,2011,193335.0,899.0,0.0,0.558,0.5949,0.6126,0.6377,1.3059,o,1689.0,302.0,9571.0,215.0
227526,2012,190979.0,1026.0,0.0,0.6447,0.6878,0.7085,0.7378,1.3098,o,1597.0,431.0,8343.0,257.0
227526,2013,191569.0,1006.0,0.0,0.6302,0.6499,0.6591,0.672,1.137,o,1466.0,449.0,8561.0,229.0
227526,2014,191314.0,993.0,0.0,0.6229,0.6105,0.6049,0.5974,0.9198,o,1609.0,502.0,8905.0,234.0
227526,2015,198598.0,1159.0,0.0,0.7003,0.6824,0.6744,0.6636,0.8978,o,1627.0,398.0,12351.0,257.0
227526,2016,199485.0,1089.0,0.0,0.6551,0.6527,0.6516,0.6501,0.9848,o,1839.0,422.0,12634.0,235.0
227526,2017,212868.0,1108.0,0.0,0.6246,0.6434,0.6522,0.6644,1.1316,o,2055.0,543.0,12823.0,211.0
227526,2018,230776.0,1104.0,0.0,0.5741,0.6075,0.6235,0.646,1.2663,o,2177.0,519.0,12412.0,225.0
227526,2019,246193.0,1130.0,0.0,0.5508,0.5874,0.605,0.6299,1.3078,o,1727.0,431.0,12852.0,204.0
227526,2020,238955.0,1213.0,0.0,0.6092,0.6268,0.6351,0.6465,1.1264,o,1882.0,462.0,12964.0,227.0
227526,2021,243773.0,1456.0,0.0,0.7167,0.7038,0.6979,0.69,0.9268,o,1811.0,562.0,12955.0,257.0
227526,2022,232774.0,1421.0,0.0,0.7326,0.709,0.6984,0.6843,0.8726,o,1559.0,614.0,12395.0,266.0
227526,2023,229622.0,1425.0,0.0,0.7447,0.7189,0.7073,0.6919,0.8632,o,2112.0,591.0,11696.0,237.0
227526,2024,242901.0,1308.0,0.0,0.6462,0.6488,0.6501,0.6517,1.0172,o,1885.0,448.0,11299.0,194.0
227614,1998,6888.0,0.0,11.0,0.0958,0.0958,0.0958,0.0958,,-,,,,
227614,1999,12064.0,0.0,27.0,0.1343,0.1343,0.1343,0.1343,,-,,,,
227614,2001,8040.0,0.0,12.0,0.0896,0.0896,0.0896,0.0896,,-,,,,
227687,1998,20538.0,0.0,33.0,0.0964,0.0949,0.0911,0.0894,0.7958,o,,,,
227687,1999,20377.0,0.0,45.0,0.1325,0.1307,0.1261,0.1241,0.8194,o,,,,
227687,2000,13319.0,0.0,39.0,0.1757,0.1763,0.178,0.1788,1.0542,o,,,,
227687,2001,20152.0,0.0,41.0,0.1221,0.1232,0.1262,0.1276,1.1433,o,,,,
227687,2002,20364.0,0.0,32.0,0.0943,0.0924,0.0877,0.0857,0.7484,o,330.0,,1992.0,
227687,2003,26755.0,0.0,39.0,0.0875,0.0873,0.0867,0.0865,0.9663,o,307.0,,2056.0,32.0
227687,2004,21270.0,0.0,34.0,0.0959,0.0959,0.0959,0.0959,1.0,o,255.0,,2338.0,42.0
227687,2005,19351.0,0.0,38.0,0.1178,0.116,0.1115,0.1095,0.8006,o,296.0,,2270.0,42.0
227687,2006,18973.0,0.0,23.0,0.0727,0.073,0.0737,0.074,1.0534,o,309.0,155.0,2477.0,44.0
227687,2007,19268.0,0.0,27.0,0.0841,0.0848,0.0865,0.0873,1.1216,o,270.0,65.0,2453.0,47.0
227687,2008,18493.0,0.0,28.0,0.0908,0.0901,0.0883,0.0875,0.8926,o,527.0,84.0,2461.0,68.0
227687,2009,18574.0,0.0,33.0,0.1066,0.1112,0.1238,0.1299,1.8204,o,584.0,92.0,3165.0,62.0
227687,2011,26112.0,0.0,38.0,0.0873,0.0892,0.0942,0.0966,1.3573,o,782.0,273.0,2987.0,79.0
227687,2012,38774.0,0.0,32.0,0.0495,0.0501,0.0515,0.0521,1.1689,o,736.0,290.0,3061.0,77.0
227687,2013,42879.0,0.0,99.0,0.1385,0.1381,0.1371,0.1366,0.9583,o,748.0,212.0,3008.0,49.0
227687,2014,41675.0,0.0,111.0,0.1598,0.1596,0.1592,0.159,0.9855,o,745.0,243.0,3673.0,86.0
227687,2015,45256.0,0.0,111.0,0.1472,0.1472,0.1473,0.1474,1.004,o,816.0,195.0,3094.0,99.0
227687,2016,44568.0,0.0,146.0,0.1966,0.1978,0.201,0.2024,1.0931,o,905.0,225.0,3073.0,119.0
227687,2017,46699.0,0.0,197.0,0.2531,0.2557,0.2627,0.2658,1.1595,o,1016.0,174.0,3302.0,114.0
227687,2018,46575.0,0.0,244.0,0.3143,0.318,0.3277,0.332,1.1807,o,911.0,197.0,3820.0,87.0
227687,2019,47362.0,0.0,293.0,0.3712,0.3698,0.3663,0.3648,0.9485,o,661.0,186.0,3740.0,81.0
227687,2020,45287.0,0.0,325.0,0.4306,0.4194,0.3919,0.3802,0.686,o,749.0,144.0,3684.0,92.0
227687,2021,45377.0,0.0,350.0,0.4628,0.4612,0.4572,0.4555,0.9529,o,851.0,145.0,2988.0,106.0
227687,2022,43074.0,0.0,268.0,0.3733,0.3783,0.3913,0.3972,1.2071,o,285.0,131.0,4498.0,89.0
227687,2023,40360.0,0.0,250.0,0.3717,0.3458,0.2871,0.2644,0.3562,o,366.0,140.0,4762.0,92.0
227687,2024,45433.0,0.0,250.0,0.3302,0.3202,0.2958,0.2856,0.6444,o,340.0,122.0,4725.0,93.0
227748,1998,9091.0,0.0,0.0,0.0,0.0,0.0,0.0,,-,,,,
227748,1999,10704.0,0.0,0.0,0.0,0.0,0.0,0.0,,-,,,,
227748,2008,2820.0,0.0,0.0,0.0,0.0,0.0,0.0,,-,34.0,,,108.0
227748,2009,4560.0,0.0,0.0,0.0,0.0,0.0,0.0,,-,28.0,,,462.0
227748,2010,4914.0,0.0,0.0,0.0,0.0,0.0,0.0,,-,23.0,,,1001.0
227748,2016,10088.0,0.0,0.0,0.0,0.0,0.0,0.0,,-,47.0,,23332.0,601.0
227748,2017,12272.0,0.0,0.0,0.0,0.0,0.0,0.0,,-,24.0,,21362.0,591.0
227748,2018,12610.0,0.0,0.0,0.0,0.0,0.0,0.0,,-,28.0,,20884.0,618.0
227748,2019,11440.0,0.0,0.0,0.0,0.0,0.0,0.0,,-,15.0,,20447.0,781.0
227748,2020,10126.0,0.0,0.0,0.0,0.0,0.0,0.0,,-,27.0,,20141.0,727.0
227748,2021,10530.0,0.0,0.0,0.0,0.0,0.0,0.0,,-,27.0,,19559.0,718.0
227748,2022,11216.0,0.0,0.0,0.0,0.0,0.0,0.0,,-,39.0,,18383.0,616.0
227748,2023,11078.0,0.0,0.0,0.0,0.0,0.0,0.0,,-,34.0,,17346.0,613.0
227748,2024,12428.0,0.0,0.0,0.0,0.0,0.0,0.0,,-,50.0,,16757.0,615.0
227757,1998,80636.0,666.0,0.0,0.9911,1.0047,1.0075,1.0147,1.0481,o,,,,
227757,1999,85409.0,698.0,0.0,0.9807,0.9813,0.9815,0.9818,1.0022,o,,,,
227757,2000,80621.0,738.0,0.0,1.0985,1.0819,1.0785,1.07,0.9488,o,,,,
227757,2001,82050.0,723.0,0.0,1.0574,1.0375,1.0335,1.0234,0.9366,o,,,,
227757,2002,83576.0,764.0,0.0,1.097,1.0835,1.0807,1.0738,0.9582,o,699.0,,29681.0,
227757,2003,81000.0,693.0,0.0,1.0267,1.0402,1.043,1.0501,1.0462,o,715.0,,31127.0,661.0
227757,2004,84122.0,716.0,0.0,1.0214,1.0499,1.0559,1.071,1.0995,o,726.0,,32620.0,649.0
227757,2005,85522.0,748.0,0.0,1.0496,1.085,1.0925,1.1114,1.1214,o,722.0,,34133.0,655.0
227757,2006,87339.0,811.0,0.0,1.1143,1.1352,1.1396,1.1506,1.0663,o,713.0,,36998.0,696.0
227757,2007,90781.0,818.0,0.0,1.0813,1.0859,1.0869,1.0893,1.0149,o,742.0,57.0,40794.0,691.0
227757,2008,91625.0,792.0,0.0,1.0373,1.0402,1.0408,1.0423,1.0097,o,789.0,62.0,42297.0,718.0
227757,2009,95287.0,822.0,0.0,1.0352,1.0521,1.0556,1.0644,1.0573,o,894.0,69.0,43864.0,738.0
227757,2010,101402.0,797.0,0.0,0.9432,0.9878,0.9973,1.0214,1.1728,o,949.0,72.0,45825.0,753.0
227757,2011,104576.0,802.0,0.0,0.9203,0.9856,0.9997,1.0357,1.2667,o,998.0,56.0,47142.0,800.0
227757,2012,113208.0,881.0,0.0,0.9339,1.0013,1.0158,1.0531,1.2717,o,931.0,54.0,48371.0,855.0
227757,2013,116849.0,964.0,0.0,0.99,1.0299,1.0384,1.0599,1.1462,o,976.0,57.0,49852.0,829.0
227757,2014,118103.0,986.0,0.0,1.0018,1.0118,1.0139,1.0191,1.0347,o,949.0,30.0,51269.0,937.0
227757,2015,119771.0,1033.0,0.0,1.035,1.0316,1.0309,1.0291,0.9887,o,968.0,42.0,52958.0,889.0
227757,2016,118867.0,1015.0,0.0,1.0247,1.0228,1.0224,1.0215,0.9938,o,978.0,36.0,54778.0,963.0
227757,2017,117258.0,1008.0,0.0,1.0316,1.0376,1.0389,1.0421,1.0205,o,1046.0,29.0,55986.0,1006.0
227757,2018,119671.0,1006.0,0.0,1.0088,1.0235,1.0266,1.0344,1.0514,o,958.0,37.0,56840.0,970.0
227757,2019,119673.0,1024.0,0.0,1.0268,1.0401,1.0429,1.0498,1.0454,o,961.0,42.0,57777.0,1055.0
227757,2020,126560.0,998.0,0.0,0.9463,0.9424,0.9417,0.9397,0.9861,o,993.0,54.0,59030.0,1035.0
227757,2021,124924.0,1115.0,0.0,1.0711,1.0602,1.0579,1.0524,0.9654,o,1217.0,29.0,59654.0,1042.0
227757,2022,129947.0,1026.0,0.0,0.9475,0.9747,0.9805,0.995,1.1028,o,1201.0,34.0,58028.0,1006.0
227757,2023,136093.0,1052.0,0.0,0.9276,0.9919,1.0058,1.0412,1.26,o,1121.0,41.0,56892.0,1053.0
227757,2024,141158.0,1069.0,0.0,0.9088,0.9554,0.9653,0.9907,1.1883,o,1147.0,59.0,58128.0,1048.0
227766,1998,244817.0,0.0,536.0,0.1314,0.1287,0.1221,0.1193,0.7461,o,,,,
227766,1999,250400.0,0.0,409.0,0.098,0.0996,0.104,0.106,1.267,o,,,,
227766,2000,249656.0,0.0,542.0,0.1303,0.1316,0.1351,0.1366,1.1557,o,,,,
227766,2001,269965.0,0.0,517.0,0.1149,0.1134,0.1096,0.108,0.8285,o,,,,
227766,2002,285917.0,0.0,500.0,0.1049,0.1055,0.1071,0.1078,1.0848,o,1885.0,,1209.0,
227766,2003,276023.0,0.0,629.0,0.1367,0.1371,0.1381,0.1385,1.0409,o,1613.0,,1237.0,61.0
227766,2004,281987.0,0.0,658.0,0.14,0.1383,0.134,0.1321,0.8384,o,1738.0,,1393.0,62.0
227766,2005,280254.0,0.0,736.0,0.1576,0.1575,0.1573,0.1572,0.9937,o,1663.0,,1352.0,61.0
227766,2006,270442.0,0.0,782.0,0.1735,0.1734,0.1732,0.1731,0.9925,o,1727.0,,1542.0,62.0
227766,2007,289102.0,0.0,794.0,0.1648,0.165,0.1654,0.1656,1.0156,o,1728.0,2890.0,1633.0,63.0
227766,2008,290027.0,0.0,815.0,0.1686,0.1688,0.1694,0.1697,1.0195,o,2117.0,990.0,1712.0,63.0
227766,2009,320246.0,0.0,883.0,0.1654,0.1678,0.1741,0.1769,1.2255,o,2140.0,3671.0,1683.0,64.0
227766,2010,360266.0,0.0,951.0,0.1584,0.1596,0.1627,0.1641,1.1131,o,2092.0,1140.0,1758.0,60.0
227766,2011,367317.0,0.0,1094.0,0.1787,0.1785,0.1779,0.1777,0.9829,o,2493.0,1095.0,1717.0,59.0
227766,2012,358940.0,0.0,1227.0,0.2051,0.2075,0.2137,0.2165,1.1782,o,2543.0,1209.0,1837.0,55.0
227766,2013,348512.0,0.0,1551.0,0.267,0.269,0.274,0.2763,1.1093,o,2411.0,1106.0,1805.0,57.0
227766,2014,342664.0,0.0,1608.0,0.2816,0.2807,0.2785,0.2776,0.9575,o,2168.0,1076.0,2054.0,58.0
227766,2015,313912.0,0.0,1764.0,0.3372,0.334,0.3261,0.3227,0.8753,o,2248.0,750.0,2174.0,68.0
227766,2016,335090.0,0.0,2112.0,0.3782,0.3777,0.3764,0.3759,0.9819,o,1823.0,873.0,2295.0,73.0
227766,2017,339499.0,0.0,1886.0,0.3333,0.3289,0.3177,0.3129,0.8256,o,1951.0,4548.0,2256.0,71.0
227766,2018,341840.0,0.0,2360.0,0.4142,0.413,0.4099,0.4085,0.9585,o,1740.0,4774.0,2206.0,70.0
227766,2019,343712.0,0.0,2125.0,0.371,0.3689,0.3635,0.3612,0.9221,o,2502.0,4499.0,2160.0,63.0
227836,2005,33472.0,0.0,0.0,0.0,0.0,0.0,0.0,,-,662.0,,,
227836,2007,42489.0,0.0,0.0,0.0,0.0,0.0,0.0,,-,447.0,1.0,,58.0
227836,2008,42040.0,0.0,0.0,0.0,0.0,0.0,0.0,,-,423.0,,,70.0
227836,2009,47609.0,0.0,0.0,0.0,0.0,0.0,0.0,,-,364.0,,,60.0
227836,2010,51087.0,0.0,0.0,0.0,0.0,0.0,0.0,,-,234.0,,,476.0
227836,2011,45017.0,0.0,63.0,0.084,0.084,0.084,0.084,,-,233.0,22.0,,512.0
227836,2012,42289.0,0.0,109.0,0.1547,0.1547,0.1547,0.1547,,-,181.0,22.0,,376.0
227836,2013,28976.0,0.0,63.0,0.1305,0.1305,0.1305,0.1305,,-,152.0,14.0,,481.0
227836,2014,24252.0,0.0,25.0,0.0619,0.0619,0.0619,0.0619,,-,150.0,6.0,,426.0
227836,2015,26599.0,0.0,45.0,0.1015,0.1015,0.1015,0.1015,,-,177.0,,,367.0
227836,2017,20423.0,0.0,28.0,0.0823,0.0823,0.0823,0.0823,,-,55.0,44.0,,432.0
227836,2018,14371.0,0.0,6.0,0.0251,0.0251,0.0251,0.0251,,-,,,,
227845,1998,62343.0,491.0,0.0,0.9451,0.9404,0.9395,0.9371,0.9831,o,,,,
227845,1999,68524.0,519.0,0.0,0.9089,0.8971,0.8947,0.8887,0.9561,o,,,,
227845,2000,74758.0,537.0,0.0,0.862,0.8571,0.8561,0.8537,0.9808,o,,,,
227845,2001,80879.0,653.0,0.0,0.9689,0.9842,0.9874,0.9954,1.0556,o,,,,
227845,2002,86646.0,688.0,0.0,0.9528,0.9825,0.9887,1.0045,1.1114,o,464.0,,22048.0,
227845,2003,87202.0,779.0,0.0,1.072,1.1219,1.1325,1.1595,1.1699,o,563.0,,23145.0,659.0
227845,2004,89982.0,737.0,0.0,0.9829,1.0575,1.0736,1.115,1.287,o,606.0,,24394.0,685.0
227845,2005,95478.0,758.0,0.0,0.9527,1.0456,1.066,1.1186,1.3785,o,664.0,,25689.0,688.0
227845,2006,102016.0,734.0,0.0,0.8634,0.9556,0.9759,1.0285,1.419,o,714.0,,26986.0,713.0
227845,2007,108754.0,837.0,0.0,0.9236,1.0057,1.0236,1.0698,1.3418,o,733.0,439.0,28432.0,722.0
227845,2008,111953.0,921.0,0.0,0.9872,1.0502,1.0637,1.0983,1.2378,o,751.0,455.0,29852.0,731.0
227845,2009,114296.0,978.0,0.0,1.0268,1.0742,1.0843,1.11,1.1685,o,761.0,406.0,32445.0,790.0
227845,2010,115062.0,989.0,0.0,1.0314,1.0596,1.0655,1.0804,1.0972,o,780.0,448.0,34937.0,825.0
227845,2011,116405.0,959.0,0.0,0.9886,1.0068,1.0106,1.0202,1.065,o,786.0,432.0,36970.0,882.0
227845,2012,115856.0,988.0,0.0,1.0233,1.0394,1.0428,1.0512,1.0553,o,788.0,396.0,39050.0,907.0
227845,2013,111209.0,963.0,0.0,1.0391,1.0513,1.0538,1.0602,1.041,o,791.0,310.0,41588.0,956.0
227845,2014,107490.0,914.0,0.0,1.0204,1.0276,1.0291,1.0329,1.0247,o,811.0,333.0,44395.0,990.0
227845,2015,108079.0,845.0,0.0,0.9382,0.9444,0.9457,0.9489,1.023,o,873.0,323.0,47715.0,1004.0
227845,2016,109261.0,847.0,0.0,0.9302,0.9487,0.9525,0.9622,1.0699,o,864.0,347.0,50198.0,1025.0
227845,2017,111530.0,845.0,0.0,0.9092,0.9347,0.94,0.9536,1.1001,o,793.0,273.0,52493.0,990.0
227845,2018,107584.0,865.0,0.0,0.9648,0.9743,0.9763,0.9812,1.0343,o,804.0,243.0,53964.0,973.0
227845,2019,103810.0,982.0,0.0,1.1352,1.1178,1.1143,1.1054,0.9483,o,697.0,202.0,55431.0,853.0
227845,2020,95135.0,901.0,0.0,1.1365,1.0894,1.0799,1.0565,0.8641,o,595.0,186.0,57020.0,884.0
227845,2021,83153.0,828.0,0.0,1.1949,1.1117,1.0952,1.0551,0.7797,o,613.0,231.0,57283.0,952.0
227845,2022,78370.0,742.0,0.0,1.1361,1.0478,1.0304,0.9881,0.7564,o,640.0,216.0,54847.0,835.0
227845,2023,76352.0,659.0,0.0,1.0357,0.9829,0.9723,0.9463,0.8348,o,659.0,207.0,52551.0,808.0
227845,2024,75850.0,616.0,0.0,0.9746,0.9761,0.9764,0.9772,1.0054,o,453.0,186.0,51384.0,757.0
227854,1999,169574.0,0.0,499.0,0.1766,0.1779,0.1814,0.183,1.114,o,,,,
227854,2000,165623.0,0.0,535.0,0.1938,0.1951,0.1983,0.1998,1.0958,o,,,,
227854,2001,168277.0,0.0,501.0,0.1786,0.1838,0.1977,0.2043,1.5011,o,,,,
227854,2002,101908.0,0.0,509.0,0.2997,0.3106,0.3407,0.355,1.6707,o,1876.0,,1542.0,
227854,2003,110022.0,0.0,515.0,0.2809,0.2828,0.288,0.2904,1.1061,o,1935.0,,1512.0,103.0
227854,2008,205860.0,0.0,691.0,0.2014,0.197,0.186,0.1813,0.7269,o,1520.0,832.0,2397.0,74.0
227854,2009,210234.0,0.0,629.0,0.1795,0.1787,0.1768,0.1759,0.9406,o,1650.0,901.0,2593.0,61.0
227854,2010,224438.0,0.0,695.0,0.1858,0.1875,0.192,0.1941,1.1411,o,1451.0,1125.0,2233.0,54.0
227854,2011,213264.0,0.0,561.0,0.1578,0.1569,0.1544,0.1533,0.9155,o,1690.0,1068.0,2180.0,53.0
227854,2012,194476.0,0.0,912.0,0.2814,0.2831,0.2875,0.2895,1.09,o,1092.0,669.0,2656.0,73.0
227854,2013,179095.0,0.0,837.0,0.2804,0.2734,0.2561,0.2487,0.6953,o,1130.0,612.0,2724.0,78.0
227854,2014,177175.0,0.0,805.0,0.2726,0.2687,0.2588,0.2545,0.8124,o,1228.0,534.0,2683.0,74.0
227854,2015,210367.0,0.0,931.0,0.2655,0.2674,0.2723,0.2745,1.1053,o,1074.0,486.0,2726.0,66.0
227854,2016,213282.0,0.0,1030.0,0.2898,0.2879,0.2831,0.281,0.9109,o,968.0,461.0,2707.0,54.0
227854,2017,214443.0,0.0,998.0,0.2792,0.2759,0.2674,0.2637,0.841,o,1022.0,572.0,2789.0,55.0
227854,2018,224156.0,0.0,1242.0,0.3324,0.3325,0.3325,0.3326,1.001,o,1003.0,559.0,3440.0,53.0
227854,2019,192875.0,0.0,1253.0,0.3898,0.39,0.3906,0.3908,1.008,o,1304.0,895.0,3441.0,63.0
227854,2020,192599.0,0.0,1140.0,0.3551,0.3615,0.3783,0.3861,1.2879,o,1262.0,568.0,3642.0,61.0
227854,2021,180612.0,0.0,1216.0,0.404,0.4065,0.4131,0.4161,1.0941,o,1446.0,753.0,3632.0,55.0
227854,2022,173834.0,0.0,1256.0,0.4335,0.4372,0.4467,0.451,1.127,o,1724.0,710.0,3414.0,57.0
227854,2023,179852.0,0.0,1180.0,0.3937,0.4004,0.4182,0.4263,1.2733,o,2385.0,937.0,3377.0,55.0
227854,2024,198813.0,0.0,1137.0,0.3431,0.3531,0.38,0.3927,1.5047,o,3111.0,1251.0,3412.0,66.0
227863,1998,41217.0,275.0,0.0,0.8006,0.8188,0.8226,0.8322,1.0805,o,,,,
227863,1999,41836.0,289.0,0.0,0.829,0.831,0.8314,0.8325,1.0086,o,,,,
227863,2000,44820.0,275.0,0.0,0.7363,0.7308,0.7296,0.7268,0.9744,o,,,,
227863,2001,47268.0,306.0,0.0,0.7768,0.8101,0.8171,0.835,1.1553,o,,,,
227863,2002,45824.0,298.0,0.0,0.7804,0.8379,0.8504,0.8823,1.2781,o,284.0,,22799.0,
227863,2003,46521.0,295.0,0.0,0.7609,0.8105,0.8211,0.8483,1.2429,o,302.0,,23642.0,468.0
227863,2004,46461.0,295.0,0.0,0.7619,0.779,0.7825,0.7915,1.0792,o,303.0,,25061.0,492.0
227863,2005,46269.0,333.0,0.0,0.8636,0.8649,0.8651,0.8658,1.005,o,295.0,,26255.0,579.0
227863,2006,46667.0,339.0,0.0,0.8717,0.8848,0.8876,0.8944,1.0528,o,302.0,163.0,26659.0,606.0
227863,2007,45537.0,302.0,0.0,0.7958,0.8001,0.801,0.8033,1.0188,o,294.0,180.0,27023.0,645.0
227863,2008,43973.0,345.0,0.0,0.9415,0.9374,0.9366,0.9345,0.9851,o,298.0,171.0,27906.0,651.0
227863,2009,44041.0,305.0,0.0,0.831,0.8286,0.8281,0.8269,0.99,o,287.0,152.0,29510.0,660.0
227863,2010,44247.0,281.0,0.0,0.7621,0.7576,0.7567,0.7544,0.9799,o,194.0,146.0,31206.0,697.0
227863,2011,40843.0,299.0,0.0,0.8785,0.8255,0.815,0.7892,0.807,o,238.0,177.0,32805.0,704.0
227863,2012,40486.0,303.0,0.0,0.8981,0.8197,0.8043,0.7672,0.7297,o,271.0,139.0,34424.0,726.0
227863,2013,40651.0,330.0,0.0,0.9741,0.9356,0.9278,0.9087,0.8701,o,237.0,183.0,35946.0,739.0
227863,2014,41103.0,290.0,0.0,0.8467,0.8602,0.863,0.8701,1.0561,o,227.0,168.0,37180.0,742.0
227863,2015,41851.0,302.0,0.0,0.8659,0.8841,0.8879,0.8974,1.0741,o,243.0,175.0,38433.0,742.0
227863,2016,43550.0,307.0,0.0,0.8459,0.8266,0.8226,0.8129,0.9234,o,277.0,174.0,39295.0,736.0
227863,2017,43887.0,339.0,0.0,0.9269,0.9332,0.9345,0.9378,1.0236,o,295.0,201.0,40181.0,723.0
227863,2018,44449.0,357.0,0.0,0.9638,1.0241,1.037,1.0701,1.2328,o,355.0,204.0,40703.0,699.0
227863,2019,48156.0,316.0,0.0,0.7874,0.8651,0.8821,0.926,1.383,o,343.0,242.0,40974.0,600.0
227863,2020,55043.0,437.0,0.0,0.9527,1.0376,1.0561,1.1038,1.3423,o,401.0,261.0,37813.0,575.0
227863,2021,63390.0,465.0,0.0,0.8803,0.95,0.9651,1.0039,1.3007,o,443.0,290.0,36838.0,545.0
227863,2022,70507.0,522.0,0.0,0.8884,0.9583,0.9735,1.0124,1.2985,o,515.0,182.0,34623.0,570.0
227863,2023,72387.0,606.0,44.0,1.0411,1.1412,1.1631,1.2196,1.3725,o,672.0,242.0,33626.0,574.0
227863,2024,80328.0,609.0,55.0,0.9509,1.0888,1.1197,1.201,1.5954,o,769.0,303.0,33660.0,547.0
227881,1998,310977.0,1983.0,0.0,0.7652,0.7707,0.7733,0.7768,1.0305,o,,,,
227881,1999,309884.0,2049.0,0.0,0.7935,0.7893,0.7874,0.7848,0.9783,o,,,,
227881,2000,280173.0,2058.0,0.0,0.8815,0.8597,0.8499,0.8367,0.901,o,,,,
227881,2001,308929.0,2071.0,0.0,0.8045,0.7845,0.7755,0.7634,0.9006,o,,,,
227881,2002,318150.0,2163.0,0.0,0.8158,0.8203,0.8223,0.8251,1.0228,o,1673.0,,4164.0,
227881,2003,320232.0,2092.0,0.0,0.7839,0.7982,0.8049,0.814,1.0782,o,1810.0,,4840.0,
227881,2004,330401.0,2151.0,0.0,0.7812,0.7921,0.7971,0.8041,1.0593,o,2144.0,,5101.0,208.0
227881,2005,351180.0,2197.0,0.0,0.7507,0.7755,0.7872,0.8033,1.1451,o,2279.0,,5766.0,212.0
227881,2006,346858.0,2450.0,0.0,0.8476,0.8999,0.925,0.9603,1.2835,o,2228.0,1779.0,7155.0,255.0
227881,2007,390202.0,2543.0,0.0,0.7821,0.832,0.8559,0.8896,1.294,o,2273.0,1755.0,6198.0,235.0
227881,2008,400751.0,2695.0,0.0,0.807,0.8325,0.8444,0.861,1.1383,o,2143.0,1760.0,7925.0,236.0
227881,2009,403644.0,3018.0,0.0,0.8972,0.8969,0.8967,0.8965,0.9984,o,2170.0,1918.0,8503.0,250.0
227881,2010,405885.0,3241.0,0.0,0.9582,0.9481,0.9436,0.9374,0.957,o,2259.0,2108.0,9313.0,254.0
227881,2011,412659.0,3135.0,0.0,0.9116,0.9081,0.9065,0.9043,0.984,o,2068.0,2175.0,7962.0,251.0
227881,2012,425553.0,2978.0,0.0,0.8398,0.8357,0.8338,0.8312,0.9798,o,2415.0,2264.0,8126.0,277.0
227881,2013,425517.0,3256.0,0.0,0.9182,0.9268,0.9307,0.9361,1.0394,o,2452.0,2406.0,8834.0,318.0
227881,2014,441509.0,3310.0,0.0,0.8996,0.9202,0.9298,0.9431,1.0989,o,2542.0,2511.0,9245.0,319.0
227881,2015,454894.0,3438.0,0.0,0.9069,0.9387,0.9536,0.9743,1.1541,o,2637.0,2569.0,9522.0,335.0
227881,2016,470672.0,3470.0,0.0,0.8847,0.9159,0.9305,0.9509,1.1553,o,2758.0,2615.0,9876.0,342.0
227881,2017,482735.0,3731.0,0.0,0.9275,0.9507,0.9615,0.9765,1.1085,o,2873.0,2630.0,9895.0,364.0
227881,2018,498844.0,3836.0,0.0,0.9228,0.9497,0.9624,0.9799,1.1276,o,2883.0,2503.0,10047.0,357.0
227881,2019,501067.0,4224.0,0.0,1.0116,1.0376,1.0497,1.0665,1.1114,o,2928.0,2613.0,10123.0,365.0
227881,2020,511732.0,4164.0,0.0,0.9764,0.994,1.0022,1.0134,1.0771,o,2843.0,2328.0,10260.0,359.0
227881,2021,500244.0,4346.0,0.0,1.0425,1.0487,1.0515,1.0554,1.0249,o,2909.0,2383.0,10197.0,372.0
227881,2022,484988.0,4150.0,0.0,1.0268,1.0267,1.0266,1.0265,0.9993,o,3394.0,2048.0,9829.0,372.0
227881,2023,487006.0,4154.0,0.0,1.0236,1.0437,1.0531,1.066,1.0847,o,3601.0,1845.0,9275.0,342.0
227881,2024,489219.0,4048.0,0.0,0.9929,1.0398,1.0621,1.0932,1.2121,o,3270.0,1810.0,9228.0,317.0
227924,1998,424339.0,0.0,661.0,0.0935,0.0935,0.0936,0.0936,1.0056,o,,,,
227924,1999,410644.0,0.0,682.0,0.0996,0.1004,0.1025,0.1035,1.1206,o,,,,
227924,2000,415525.0,0.0,737.0,0.1064,0.1079,0.1117,0.1134,1.2137,o,,,,
227924,2001,403207.0,0.0,730.0,0.1086,0.1082,0.107,0.1064,0.9398,o,,,,
227924,2002,487484.0,0.0,768.0,0.0945,0.0949,0.0957,0.0961,1.0501,o,1730.0,,,
227924,2003,448470.0,0.0,769.0,0.1029,0.1027,0.1023,0.1021,0.978,o,3770.0,,,62.0
227924,2008,718290.0,0.0,1025.0,0.0856,0.0846,0.0821,0.081,0.8442,o,3121.0,1819.0,2397.0,48.0
227924,2009,744360.0,0.0,1125.0,0.0907,0.0899,0.088,0.0872,0.8885,o,3861.0,2050.0,2593.0,45.0
227924,2010,838050.0,0.0,1271.0,0.091,0.0923,0.0959,0.0975,1.2343,o,3246.0,3754.0,2233.0,49.0
227924,2011,517363.0,0.0,1030.0,0.1195,0.1188,0.1173,0.1166,0.9298,o,4182.0,2550.0,2180.0,61.0
227924,2012,499971.0,0.0,1879.0,0.2255,0.2281,0.2349,0.2379,1.1769,o,3488.0,1749.0,2656.0,75.0
227924,2013,455467.0,0.0,2034.0,0.2679,0.2668,0.2638,0.2625,0.9391,o,3337.0,1615.0,2724.0,89.0
227924,2014,430143.0,0.0,2377.0,0.3316,0.3284,0.3202,0.3167,0.8701,o,2759.0,1110.0,2683.0,83.0
227924,2015,431762.0,0.0,2672.0,0.3713,0.3658,0.3521,0.3462,0.8085,o,2623.0,1084.0,2726.0,81.0
227924,2016,401187.0,0.0,2815.0,0.421,0.4166,0.4055,0.4006,0.8606,o,2527.0,1041.0,2707.0,63.0
227924,2017,381213.0,0.0,3831.0,0.603,0.6003,0.5936,0.5906,0.9391,o,2868.0,1160.0,2789.0,43.0
227924,2018,384715.0,0.0,4293.0,0.6695,0.6746,0.6878,0.6938,1.1138,o,2606.0,1015.0,3440.0,48.0
227924,2019,313718.0,0.0,3018.0,0.5772,0.5758,0.5722,0.5707,0.9661,o,3300.0,1597.0,3441.0,64.0
227924,2020,317630.0,0.0,2966.0,0.5603,0.5677,0.5871,0.596,1.2057,o,2999.0,1090.0,3642.0,59.0
227924,2021,288116.0,0.0,3384.0,0.7047,0.7055,0.7074,0.7083,1.0156,o,3065.0,1266.0,3632.0,52.0
227924,2022,274199.0,0.0,2828.0,0.6188,0.6176,0.6146,0.6133,0.9732,o,3565.0,1286.0,3414.0,58.0
227924,2023,290410.0,20.0,2231.0,0.4692,0.4745,0.4886,0.495,1.1758,o,3588.0,1254.0,3377.0,52.0
227924,2024,302764.0,39.0,2428.0,0.4966,0.4994,0.5065,0.5098,1.0824,o,3661.0,1505.0,3412.0,52.0
227979,1998,236858.0,0.0,680.0,0.1723,0.1716,0.1698,0.169,0.9434,o,,,,
227979,1999,193983.0,0.0,647.0,0.2001,0.2018,0.2061,0.2081,1.126,o,,,,
227979,2000,133898.0,0.0,705.0,0.3159,0.3203,0.3318,0.337,1.2165,o,,,,
227979,2002,199204.0,0.0,746.0,0.2247,0.2112,0.18,0.1677,0.4118,o,1418.0,,1569.0,
227979,2003,441516.0,0.0,1177.0,0.1599,0.1533,0.1373,0.1308,0.5432,o,4016.0,,1778.0,
227979,2004,467580.0,0.0,1413.0,0.1813,0.196,0.2393,0.2615,3.0321,o,5287.0,,1960.0,102.0
227979,2005,454020.0,0.0,1680.0,0.222,0.2326,0.2622,0.2766,1.9459,o,5856.0,,1903.0,87.0
227997,1998,74772.0,0.0,128.0,0.1027,0.1031,0.104,0.1044,1.0502,o,,,,
227997,1999,79316.0,0.0,138.0,0.1044,0.1051,0.1071,0.108,1.1088,o,,,,
227997,2002,64058.0,0.0,175.0,0.1639,0.1508,0.1217,0.1106,0.3037,o,843.0,,1569.0,
228006,1999,101743.0,0.0,251.0,0.148,0.1498,0.1545,0.1566,1.1869,o,,,,
228006,2000,79239.0,0.0,253.0,0.1916,0.1945,0.2023,0.2058,1.243,o,,,,
228006,2002,109312.0,0.0,268.0,0.1471,0.1368,0.1135,0.1045,0.3544,o,735.0,,1569.0,
228042,1998,16262.0,76.0,3.0,0.5719,0.5938,0.5984,0.6101,1.1381,o,,,,
228042,1999,18581.0,100.0,5.0,0.662,0.648,0.6452,0.6381,0.9292,o,,,,
228042,2000,18295.0,91.0,2.0,0.6034,0.5998,0.5991,0.5972,0.9795,o,,,,
228042,2001,18597.0,94.0,5.0,0.6227,0.6459,0.6508,0.6633,1.1346,o,,,,
228042,2002,19231.0,111.0,2.0,0.6989,0.7065,0.7081,0.7121,1.0381,o,178.0,,20991.0,
228042,2003,23452.0,111.0,2.0,0.5731,0.5562,0.5528,0.5443,0.9021,o,173.0,,22095.0,376.0
228042,2004,20174.0,117.0,1.0,0.6989,0.659,0.651,0.6315,0.8163,o,211.0,,22620.0,446.0
228042,2005,21768.0,120.0,0.0,0.6615,0.6495,0.6471,0.641,0.9389,o,173.0,,22598.0,470.0
228042,2006,21443.0,112.0,0.0,0.6268,0.6254,0.6251,0.6243,0.9922,o,273.0,,22969.0,461.0
228042,2007,24244.0,97.0,1.0,0.4826,0.5173,0.5248,0.544,1.2707,o,265.0,53.0,24015.0,489.0
228042,2008,25507.0,137.0,1.0,0.6469,0.7133,0.7279,0.7657,1.401,o,281.0,73.0,24888.0,534.0
228042,2009,28426.0,121.0,2.0,0.515,0.5704,0.5825,0.6141,1.4219,o,290.0,63.0,25887.0,508.0
228042,2010,30351.0,121.0,2.0,0.4824,0.5182,0.5259,0.5458,1.2803,o,253.0,61.0,26776.0,511.0
228042,2011,32110.0,170.0,1.0,0.6372,0.6389,0.6393,0.6401,1.0093,o,276.0,57.0,27288.0,510.0
228042,2012,30496.0,159.0,2.0,0.6296,0.6238,0.6227,0.6197,0.9689,o,272.0,73.0,27695.0,515.0
228042,2013,31551.0,191.0,0.0,0.7264,0.7178,0.7161,0.7117,0.9597,o,299.0,76.0,28795.0,512.0
228042,2014,31975.0,185.0,0.0,0.6943,0.7045,0.7066,0.712,1.0516,o,273.0,83.0,29602.0,563.0
228042,2015,33019.0,181.0,2.0,0.6614,0.6766,0.6798,0.6878,1.0813,o,289.0,66.0,31801.0,583.0
228042,2016,34299.0,212.0,2.0,0.7452,0.7507,0.7518,0.7547,1.0255,o,302.0,103.0,32522.0,610.0
228042,2017,34484.0,255.0,0.0,0.8874,0.8963,0.8981,0.9028,1.035,o,341.0,95.0,32826.0,588.0
228042,2018,37191.0,248.0,0.0,0.8002,0.8278,0.8336,0.8484,1.1241,o,359.0,133.0,33525.0,524.0
228042,2019,39121.0,254.0,0.0,0.7791,0.8303,0.8414,0.8695,1.2456,o,310.0,79.0,34117.0,492.0
228042,2020,34705.0,264.0,1.0,0.9146,0.948,0.9551,0.973,1.132,o,298.0,68.0,36623.0,568.0
228042,2021,32433.0,252.0,0.0,0.9324,0.9174,0.9143,0.9067,0.9456,o,251.0,59.0,37279.0,546.0
228042,2022,29718.0,230.0,1.0,0.9307,0.8674,0.8549,0.8243,0.7843,o,373.0,63.0,37219.0,536.0
228042,2023,32788.0,193.0,3.0,0.7118,0.6976,0.6947,0.6875,0.9327,o,282.0,48.0,36866.0,486.0
228042,2024,32224.0,224.0,1.0,0.836,0.8543,0.8581,0.8677,1.0773,o,326.0,62.0,37396.0,435.0
228149,1998,74363.0,468.0,0.0,0.7552,0.7561,0.7563,0.7567,1.004,o,,,,
228149,1999,74115.0,497.0,0.0,0.8047,0.8011,0.8003,0.7985,0.9846,o,,,,
228149,2000,73123.0,513.0,0.0,0.8419,0.8499,0.8515,0.8557,1.0331,o,,,,
228149,2001,74573.0,462.0,0.0,0.7434,0.7729,0.7791,0.7949,1.1433,o,,,,
228149,2002,71699.0,466.0,0.0,0.7799,0.8154,0.8229,0.8421,1.1657,o,667.0,,23350.0,
228149,2003,74223.0,470.0,0.0,0.7599,0.8019,0.8109,0.8339,1.2042,o,472.0,,25518.0,797.0
228149,2004,74545.0,473.0,0.0,0.7614,0.7595,0.7591,0.7581,0.9913,o,466.0,,26520.0,745.0
228149,2005,71435.0,509.0,0.0,0.855,0.7969,0.7853,0.7572,0.7843,o,494.0,,27775.0,802.0
228149,2006,68894.0,508.0,0.0,0.8848,0.8288,0.8176,0.7904,0.798,o,551.0,139.0,28472.0,804.0
228149,2007,68010.0,482.0,0.0,0.8505,0.8295,0.8252,0.8146,0.9175,o,566.0,134.0,29240.0,790.0
228149,2008,68928.0,434.0,0.0,0.7556,0.7948,0.8032,0.8245,1.1908,o,537.0,150.0,31461.0,806.0
228149,2009,67279.0,416.0,0.0,0.742,0.7725,0.7789,0.7953,1.149,o,531.0,125.0,30647.0,861.0
228149,2010,70043.0,443.0,0.0,0.759,0.7638,0.7648,0.7673,1.022,o,585.0,153.0,31272.0,626.0
228149,2011,71281.0,452.0,0.0,0.7609,0.7607,0.7607,0.7606,0.9991,o,641.0,136.0,31515.0,650.0
228149,2012,69671.0,493.0,0.0,0.8491,0.8756,0.8811,0.8952,1.1115,o,584.0,128.0,31874.0,681.0
228149,2013,41211.0,513.0,0.0,1.4938,1.5544,1.5672,1.5998,1.147,o,596.0,124.0,32385.0,887.0
228149,2015,96081.0,519.0,0.0,0.6482,0.6223,0.617,0.6041,0.8687,o,593.0,125.0,34185.0,517.0
228149,2016,68005.0,489.0,0.0,0.8629,0.8279,0.8208,0.8034,0.8669,o,587.0,116.0,35211.0,744.0
228149,2017,67686.0,483.0,0.0,0.8563,0.8563,0.8563,0.8563,1.0,o,643.0,117.0,35949.0,712.0
228149,2018,70603.0,463.0,0.0,0.7869,0.8205,0.8276,0.8457,1.1549,o,640.0,103.0,36516.0,681.0
228149,2019,70910.0,454.0,0.0,0.7683,0.8116,0.8209,0.8445,1.2081,o,545.0,91.0,37399.0,747.0
228149,2020,70161.0,515.0,0.0,0.8808,0.8819,0.8821,0.8827,1.0042,o,514.0,91.0,38630.0,718.0
228149,2021,62281.0,519.0,0.0,1.0,0.9575,0.9489,0.9279,0.861,o,606.0,92.0,39359.0,736.0
228149,2022,59745.0,459.0,0.0,0.9219,0.8863,0.8791,0.8614,0.873,o,529.0,88.0,37918.0,679.0
228149,2023,56514.0,421.0,0.0,0.8939,0.8828,0.8806,0.8749,0.9578,o,530.0,99.0,36464.0,603.0
228149,2024,56633.0,390.0,0.0,0.8264,0.8264,0.8264,0.8264,1.0,o,583.0,102.0,36242.0,608.0
228158,1998,145487.0,0.0,586.0,0.2417,0.2491,0.2692,0.2786,1.5386,o,,,,
228158,1999,144916.0,0.0,799.0,0.3308,0.339,0.3611,0.3714,1.4198,o,,,,
228158,2000,108727.0,0.0,366.0,0.202,0.2011,0.199,0.1981,0.943,o,,,,
228158,2001,149033.0,0.0,388.0,0.1562,0.1554,0.1532,0.1523,0.9259,o,,,,
228158,2003,150691.0,0.0,338.0,0.1346,0.1363,0.141,0.1431,1.204,o,3937.0,,1434.0,96.0
228158,2004,205633.0,0.0,468.0,0.1366,0.1371,0.1384,0.139,1.0563,o,3940.0,,1345.0,93.0
228158,2005,203460.0,0.0,222.0,0.0655,0.0655,0.0657,0.0658,1.0134,o,2213.0,,2244.0,103.0
228158,2006,195060.0,0.0,402.0,0.1237,0.1188,0.1071,0.1022,0.5619,o,1108.0,1030.0,2172.0,101.0
228158,2008,194400.0,0.0,570.0,0.1759,0.1793,0.1883,0.1924,1.3123,o,2203.0,,2040.0,95.0
228158,2009,198270.0,0.0,510.0,0.1543,0.1575,0.1661,0.17,1.3404,o,1433.0,918.0,2006.0,94.0
228158,2011,221382.0,0.0,668.0,0.181,0.1778,0.1697,0.1663,0.7728,o,1612.0,928.0,2049.0,85.0
228158,2012,217645.0,0.0,669.0,0.1844,0.1861,0.1904,0.1924,1.136,o,1384.0,853.0,2618.0,86.0
228158,2013,210219.0,0.0,763.0,0.2178,0.2165,0.2131,0.2117,0.9175,o,1485.0,808.0,2826.0,101.0
228158,2014,222731.0,0.0,612.0,0.1649,0.1648,0.1645,0.1644,0.9913,o,1769.0,964.0,3288.0,101.0
228158,2015,219859.0,0.0,850.0,0.232,0.2354,0.2444,0.2486,1.2332,o,1574.0,802.0,3373.0,96.0
228158,2016,192988.0,0.0,991.0,0.3081,0.3074,0.3056,0.3048,0.9674,o,1609.0,831.0,2904.0,112.0
228158,2017,192426.0,0.0,862.0,0.2688,0.2681,0.2662,0.2654,0.9626,o,1701.0,698.0,2856.0,111.0
228158,2018,194525.0,0.0,913.0,0.2816,0.2829,0.2863,0.2879,1.0688,o,2094.0,100.0,2792.0,104.0
228158,2019,153941.0,0.0,804.0,0.3134,0.3186,0.3324,0.3387,1.2653,o,1835.0,392.0,2733.0,129.0
228158,2020,185513.0,0.0,994.0,0.3215,0.3207,0.3188,0.318,0.9671,o,1336.0,432.0,2692.0,114.0
228158,2021,176536.0,0.0,947.0,0.3219,0.3133,0.2923,0.2834,0.6801,o,1444.0,466.0,2638.0,119.0
228158,2022,177142.0,0.0,957.0,0.3241,0.322,0.3167,0.3143,0.9108,o,1351.0,398.0,2479.0,107.0
228158,2023,175070.0,0.0,987.0,0.3383,0.3376,0.3359,0.3351,0.9719,o,1234.0,387.0,2692.0,107.0
228158,2024,177890.0,0.0,1045.0,0.3525,0.3494,0.3417,0.3383,0.883,o,1242.0,317.0,2581.0,92.0
228246,1998,168820.0,1282.0,0.0,0.9113,0.9269,0.9302,0.9385,1.0606,o,,,,
228246,1999,170987.0,1424.0,0.0,0.9994,1.0188,1.0228,1.0331,1.0685,o,,,,
228246,2000,168147.0,1246.0,0.0,0.8892,0.9087,0.9128,0.9231,1.0776,o,,,,
228246,2001,170336.0,1179.0,0.0,0.8306,0.844,0.8468,0.8538,1.0567,o,,,,
228246,2002,174276.0,1260.0,0.0,0.8676,0.8748,0.8763,0.8801,1.0289,o,1380.0,,36023.0,
228246,2003,189628.0,1430.0,0.0,0.9049,0.9144,0.9163,0.9213,1.0364,o,1383.0,,37288.0,986.0
228246,2004,192568.0,1397.0,0.0,0.8705,0.8851,0.8882,0.8959,1.059,o,1313.0,,39117.0,1016.0
228246,2005,186458.0,1491.0,0.0,0.9596,0.9664,0.9678,0.9714,1.0247,o,1402.0,,40816.0,1082.0
228246,2006,193933.0,1583.0,0.0,0.9795,0.9776,0.9773,0.9763,0.9934,o,1371.0,316.0,41881.0,1064.0
228246,2007,192440.0,1661.0,0.0,1.0358,1.0368,1.0371,1.0376,1.0036,o,1309.0,282.0,43299.0,1120.0
228246,2008,190770.0,1541.0,0.0,0.9693,0.9677,0.9673,0.9665,0.9941,o,1398.0,290.0,45187.0,1120.0
228246,2009,192681.0,1628.0,0.0,1.0139,1.013,1.0129,1.0124,0.9971,o,1329.0,306.0,47725.0,1146.0
228246,2010,189853.0,1814.0,0.0,1.1466,1.141,1.1399,1.137,0.9834,o,1479.0,280.0,50261.0,1041.0
228246,2011,190367.0,1625.0,0.0,1.0243,1.0383,1.0412,1.0485,1.0478,o,1382.0,265.0,51971.0,1038.0
228246,2012,190003.0,1716.0,0.0,1.0838,1.1013,1.105,1.1142,1.0569,o,1426.0,325.0,53649.0,1082.0
228246,2013,191928.0,1617.0,0.0,1.011,1.0196,1.0214,1.0259,1.0297,o,1431.0,337.0,55811.0,1116.0
228246,2014,194934.0,1712.0,0.0,1.0539,1.0592,1.0603,1.0631,1.0174,o,1459.0,287.0,57666.0,1128.0
228246,2015,196395.0,1785.0,0.0,1.0907,1.0939,1.0945,1.0962,1.0101,o,1374.0,295.0,59973.0,1179.0
228246,2016,193873.0,1723.0,0.0,1.0665,1.0692,1.0698,1.0712,1.0089,o,1522.0,288.0,62475.0,1218.0
228246,2017,196241.0,1778.0,0.0,1.0872,1.0915,1.0924,1.0946,1.0137,o,1423.0,279.0,64196.0,1233.0
228246,2018,199106.0,1907.0,0.0,1.1493,1.1556,1.1569,1.1602,1.019,o,1530.0,250.0,65427.0,1207.0
228246,2019,201669.0,1825.0,0.0,1.0859,1.0991,1.1018,1.1087,1.0424,o,1544.0,290.0,66491.0,1193.0
228246,2020,208472.0,1853.0,0.0,1.0666,1.0852,1.0891,1.0989,1.0615,o,1531.0,297.0,67982.0,1176.0
228246,2021,213515.0,1937.0,0.0,1.0886,1.1024,1.1052,1.1124,1.0441,o,1572.0,281.0,68330.0,1185.0
228246,2022,211835.0,1909.0,0.0,1.0814,1.0971,1.1003,1.1085,1.0508,o,1639.0,269.0,66081.0,1161.0
228246,2023,216939.0,1943.0,0.0,1.0748,1.0884,1.0913,1.0985,1.0446,o,1592.0,282.0,64159.0,1156.0
228246,2024,218257.0,1946.0,0.0,1.0699,1.0854,1.0886,1.0967,1.0507,o,1716.0,314.0,64460.0,1182.0
228291,1998,5430.0,0.0,64.0,0.7072,0.7072,0.7072,0.7072,,-,,,,
228291,2002,6560.0,0.0,44.0,0.4024,0.4024,0.4024,0.4024,,-,96.0,,40007.0,
228291,2003,3607.0,0.0,48.0,0.7984,0.7984,0.7984,0.7984,,-,78.0,,43504.0,108.0
228316,2000,76634.0,0.0,262.0,0.2051,0.2114,0.2286,0.2366,1.5415,o,,,,
228316,2001,76524.0,0.0,254.0,0.1992,0.2042,0.2176,0.2239,1.4258,o,,,,
228316,2002,79095.0,0.0,281.0,0.2132,0.2152,0.2207,0.2231,1.1482,o,1839.0,,915.0,
228316,2003,62337.0,0.0,336.0,0.3234,0.3288,0.3431,0.3496,1.2661,o,983.0,,1611.0,101.0
228316,2004,98881.0,0.0,457.0,0.2773,0.2672,0.2428,0.2327,0.5876,o,1081.0,,1572.0,40.0
228316,2005,104636.0,0.0,435.0,0.2494,0.2448,0.2334,0.2284,0.7661,o,921.0,,2068.0,47.0
228316,2006,100804.0,0.0,545.0,0.3244,0.3218,0.3153,0.3124,0.8924,o,897.0,149.0,2002.0,52.0
228316,2007,98003.0,0.0,464.0,0.2841,0.2819,0.2764,0.274,0.8961,o,886.0,115.0,1943.0,85.0
228316,2008,94771.0,0.0,432.0,0.2735,0.273,0.2718,0.2712,0.9747,o,816.0,143.0,2480.0,76.0
228316,2009,100218.0,0.0,466.0,0.279,0.2773,0.2729,0.271,0.9153,o,950.0,127.0,4598.0,59.0
228316,2010,115797.0,0.0,453.0,0.2347,0.2365,0.2413,0.2434,1.1163,o,1139.0,155.0,2387.0,46.0
228316,2011,118664.0,0.0,489.0,0.2473,0.2517,0.2635,0.2689,1.2899,o,1069.0,115.0,2331.0,70.0
228316,2012,104863.0,0.0,527.0,0.3015,0.302,0.3033,0.3039,1.0235,o,851.0,109.0,2667.0,71.0
228316,2013,107061.0,0.0,574.0,0.3217,0.3159,0.3014,0.2952,0.7708,o,781.0,106.0,2620.0,64.0
228316,2014,99486.0,0.0,551.0,0.3323,0.3275,0.3156,0.3104,0.8135,o,1079.0,93.0,2628.0,74.0
228316,2015,101115.0,0.0,568.0,0.337,0.3437,0.3614,0.3696,1.3223,o,1073.0,124.0,2637.0,72.0
228316,2016,101796.0,0.0,580.0,0.3419,0.3453,0.3543,0.3584,1.1538,o,1157.0,150.0,2743.0,118.0
228316,2017,108814.0,0.0,650.0,0.3584,0.3602,0.365,0.3671,1.0753,o,1028.0,182.0,2697.0,75.0
228316,2018,119709.0,0.0,668.0,0.3348,0.3329,0.3281,0.326,0.922,o,881.0,203.0,2849.0,67.0
228316,2019,121893.0,0.0,840.0,0.4135,0.4073,0.3918,0.3851,0.8064,o,995.0,117.0,2907.0,76.0
228316,2020,125714.0,0.0,697.0,0.3327,0.3336,0.3361,0.3373,1.0424,o,853.0,65.0,3007.0,43.0
228316,2021,118199.0,0.0,821.0,0.4168,0.414,0.407,0.4039,0.9094,o,825.0,71.0,2920.0,110.0
228316,2022,99950.0,0.0,625.0,0.3752,0.3722,0.3647,0.3614,0.8929,o,972.0,62.0,2745.0,75.0
228316,2023,109428.0,0.0,674.0,0.3696,0.3734,0.3834,0.3879,1.1585,o,1062.0,76.0,2590.0,69.0
228316,2024,112918.0,0.0,676.0,0.3592,0.3634,0.3745,0.3796,1.182,o,1073.0,80.0,2646.0,72.0
228325,1998,41163.0,185.0,30.0,0.583,0.6465,0.6605,0.6968,1.4282,o,,,,
228325,1999,44042.0,166.0,27.0,0.4891,0.5516,0.5655,0.6018,1.5142,o,,,,
228325,2000,46718.0,287.0,23.0,0.7667,0.8425,0.8591,0.902,1.3839,o,,,,
228325,2001,44964.0,252.0,30.0,0.7126,0.7603,0.7706,0.7968,1.2505,o,,,,
228325,2002,36267.0,321.0,23.0,1.1002,1.1207,1.125,1.1358,1.0657,o,285.0,,12780.0,
228325,2003,43201.0,239.0,13.0,0.6819,0.6696,0.667,0.6608,0.9389,o,250.0,,12888.0,359.0
228325,2004,42393.0,270.0,77.0,0.8733,0.822,0.8118,0.7868,0.8118,o,261.0,,12935.0,364.0
228325,2005,39432.0,292.0,66.0,0.989,0.91,0.8945,0.8567,0.7504,o,232.0,,13195.0,433.0
228325,2006,38927.0,229.0,49.0,0.7815,0.7386,0.73,0.709,0.823,o,195.0,,11779.0,307.0
228325,2007,36374.0,271.0,52.0,0.9798,0.9178,0.9055,0.8754,0.7981,o,258.0,,13157.0,457.0
228325,2008,38664.0,238.0,16.0,0.7635,0.7373,0.732,0.7189,0.8865,o,360.0,44.0,13755.0,462.0
228325,2009,38386.0,222.0,57.0,0.7831,0.8361,0.8476,0.8768,1.2536,o,332.0,229.0,15044.0,513.0
228325,2010,44015.0,226.0,69.0,0.7102,0.8169,0.841,0.9041,1.6206,o,296.0,255.0,19698.0,513.0
228325,2011,45557.0,304.0,114.0,0.9509,1.0454,1.0661,1.1196,1.3863,o,297.0,238.0,20702.0,552.0
228325,2012,42414.0,307.0,175.0,1.1161,1.1029,1.1001,1.0933,0.9595,o,298.0,267.0,21402.0,533.0
228325,2013,41918.0,318.0,207.0,1.2066,1.1549,1.1445,1.1189,0.8598,o,345.0,220.0,22231.0,529.0
228325,2014,43534.0,312.0,185.0,1.115,1.1226,1.1242,1.1282,1.0239,o,319.0,267.0,23475.0,506.0
228325,2015,43071.0,275.0,205.0,1.0518,1.0868,1.0942,1.1129,1.1197,o,286.0,227.0,24256.0,595.0
228325,2016,44749.0,284.0,215.0,1.0499,1.0549,1.056,1.0586,1.0168,o,331.0,207.0,24866.0,581.0
228325,2017,45680.0,284.0,229.0,1.0468,1.0344,1.0318,1.0255,0.9596,o,330.0,193.0,24935.0,540.0
228325,2018,45738.0,335.0,309.0,1.2843,1.2826,1.2822,1.2814,0.9955,o,303.0,221.0,24918.0,532.0
228325,2019,43227.0,282.0,247.0,1.1257,1.1406,1.1437,1.1514,1.0463,o,317.0,190.0,23894.0,518.0
228325,2020,45538.0,247.0,206.0,0.9223,0.9236,0.9239,0.9245,1.0049,o,317.0,174.0,23839.0,476.0
228325,2021,42343.0,280.0,219.0,1.1038,1.0906,1.0878,1.0811,0.9592,o,282.0,150.0,23151.0,484.0
228325,2022,39113.0,243.0,212.0,1.0707,1.0537,1.0503,1.0416,0.9463,o,300.0,145.0,19093.0,408.0
228325,2023,38549.0,261.0,231.0,1.172,1.1507,1.1464,1.1355,0.9387,o,286.0,155.0,18407.0,376.0
228325,2024,40464.0,248.0,23.0,0.7696,0.7522,0.7487,0.7399,0.9243,o,338.0,199.0,18610.0,320.0
228343,1998,35393.0,288.0,0.0,0.9765,0.9575,0.9536,0.9439,0.9345,o,,,,
228343,1999,36421.0,260.0,0.0,0.8566,0.8734,0.8769,0.8858,1.0692,o,,,,
228343,2000,37540.0,262.0,0.0,0.8375,0.8716,0.8788,0.8971,1.1473,o,,,,
228343,2001,38504.0,264.0,0.0,0.8228,0.8465,0.8514,0.864,1.1028,o,,,,
228343,2002,39071.0,304.0,0.0,0.9337,0.9217,0.9192,0.9131,0.9564,o,342.0,,28841.0,
228343,2003,36310.0,312.0,0.0,1.0311,1.0041,0.9986,0.985,0.9126,o,343.0,,29858.0,711.0
228343,2004,37882.0,311.0,0.0,0.9852,0.9758,0.9738,0.969,0.9675,o,366.0,,31293.0,690.0
228343,2005,38025.0,264.0,0.0,0.8331,0.8433,0.8454,0.8507,1.0426,o,329.0,,32546.0,735.0
228343,2006,38910.0,298.0,0.0,0.919,0.9297,0.9319,0.9374,1.0404,o,345.0,,34122.0,758.0
228343,2007,36900.0,296.0,0.0,0.9626,0.9581,0.9572,0.9548,0.9839,o,371.0,27.0,35767.0,820.0
228343,2008,38102.0,305.0,0.0,0.9606,0.9633,0.9639,0.9653,1.0099,o,349.0,28.0,37666.0,778.0
228343,2009,37697.0,267.0,0.0,0.8499,0.8587,0.8605,0.8651,1.036,o,375.0,25.0,40200.0,836.0
228343,2010,38398.0,285.0,0.0,0.8907,0.9093,0.9133,0.9231,1.0742,o,383.0,51.0,43199.0,842.0
228343,2011,42222.0,308.0,0.0,0.8754,0.89,0.893,0.9007,1.0587,o,344.0,45.0,44153.0,787.0
228343,2012,41495.0,280.0,0.0,0.8097,0.812,0.8125,0.8137,1.0097,o,357.0,37.0,45499.0,780.0
228343,2013,42125.0,338.0,0.0,0.9628,0.9539,0.952,0.9474,0.9682,o,491.0,62.0,45999.0,736.0
228343,2014,45728.0,314.0,0.0,0.824,0.8513,0.857,0.8715,1.1187,o,382.0,55.0,46396.0,721.0
228343,2015,45806.0,299.0,0.0,0.7833,0.826,0.8351,0.8584,1.2008,o,359.0,43.0,47153.0,696.0
228343,2016,45904.0,306.0,0.0,0.7999,0.8129,0.8156,0.8224,1.0571,o,381.0,30.0,48694.0,712.0
228343,2017,45617.0,427.0,0.0,1.1233,1.0798,1.071,1.0493,0.8726,o,362.0,35.0,49793.0,702.0
228343,2018,42026.0,326.0,0.0,0.9309,0.8883,0.8798,0.8588,0.8511,o,442.0,46.0,50549.0,699.0
228343,2019,44532.0,332.0,0.0,0.8946,0.9161,0.9206,0.9319,1.085,o,444.0,56.0,51249.0,682.0
228343,2020,46551.0,313.0,0.0,0.8069,0.8501,0.8593,0.8829,1.1973,o,361.0,50.0,52357.0,709.0
228343,2021,46528.0,315.0,0.0,0.8124,0.8315,0.8355,0.8456,1.0834,o,355.0,49.0,52666.0,700.0
228343,2022,46081.0,359.0,0.0,0.9349,0.904,0.8977,0.8822,0.8905,o,436.0,37.0,51561.0,689.0
228343,2023,44861.0,398.0,0.0,1.0646,1.0302,1.0232,1.0059,0.8928,o,403.0,58.0,50360.0,657.0
228343,2024,45142.0,306.0,0.0,0.8134,0.8233,0.8253,0.8304,1.0422,o,374.0,55.0,51058.0,640.0
228422,1998,3701.0,0.0,0.0,0.0,0.0,0.0,0.0,,-,,,,
228422,1999,5200.0,0.0,0.0,0.0,0.0,0.0,0.0,,-,,,,
228431,1998,315369.0,1789.0,0.0,0.6807,0.6864,0.689,0.6926,1.0353,o,,,,
228431,1999,354660.0,1808.0,0.0,0.6117,0.6455,0.6616,0.6842,1.2509,o,,,,
228431,2000,307988.0,1794.0,0.0,0.699,0.7312,0.7465,0.7678,1.2065,o,,,,
228431,2001,302442.0,1717.0,0.0,0.6813,0.6849,0.6865,0.6888,1.0222,o,,,,
228431,2002,304568.0,1833.0,0.0,0.7222,0.7132,0.709,0.7035,0.9488,o,2044.0,,4582.0,
228431,2003,292889.0,1684.0,0.0,0.69,0.6773,0.6715,0.6638,0.9256,o,1871.0,,4979.0,149.0
228431,2004,286114.0,1735.0,0.0,0.7277,0.7017,0.6901,0.6746,0.8593,o,1771.0,,5844.0,163.0
228431,2005,281737.0,1807.0,0.0,0.7697,0.7307,0.7135,0.6907,0.8054,o,2004.0,,6895.0,177.0
228431,2006,286722.0,1656.0,0.0,0.6931,0.673,0.664,0.6519,0.8847,o,2352.0,816.0,7351.0,192.0
228431,2007,293790.0,1796.0,0.0,0.7336,0.7526,0.7615,0.7738,1.1126,o,2279.0,766.0,7913.0,204.0
228431,2008,276664.0,1783.0,0.0,0.7734,0.8193,0.8412,0.8721,1.2716,o,2531.0,841.0,9017.0,263.0
228431,2009,298001.0,1797.0,0.0,0.7236,0.7669,0.7877,0.8168,1.2742,o,2570.0,929.0,9254.0,253.0
228431,2010,314066.0,1838.0,0.0,0.7023,0.7294,0.7422,0.76,1.171,o,2378.0,1014.0,9623.0,239.0
228431,2011,311655.0,1948.0,0.0,0.7501,0.7621,0.7676,0.7753,1.0685,o,2615.0,920.0,9769.0,250.0
228431,2012,314164.0,1974.0,0.0,0.754,0.7608,0.7639,0.7682,1.038,o,2354.0,1017.0,9992.0,252.0
228431,2013,309830.0,2103.0,0.0,0.8145,0.8094,0.8071,0.8039,0.9741,o,2253.0,867.0,10598.0,263.0
228431,2014,301644.0,2011.0,0.0,0.8,0.7864,0.7803,0.772,0.9311,o,2216.0,900.0,11075.0,296.0
228431,2015,298219.0,2158.0,0.0,0.8684,0.8456,0.8353,0.8215,0.8951,o,2282.0,890.0,11608.0,314.0
228431,2016,296979.0,2086.0,0.0,0.8429,0.823,0.814,0.8019,0.9052,o,2371.0,938.0,9801.0,325.0
228431,2017,300704.0,2126.0,0.0,0.8484,0.8504,0.8514,0.8526,1.01,o,2340.0,846.0,9836.0,321.0
228431,2018,299793.0,2237.0,0.0,0.8954,0.9068,0.9121,0.9193,1.0542,o,2215.0,873.0,9616.0,308.0
228431,2019,299584.0,2213.0,0.0,0.8864,0.8891,0.8903,0.892,1.0127,o,2062.0,920.0,10147.0,318.0
228431,2020,297438.0,2219.0,0.0,0.8952,0.8773,0.8692,0.8583,0.9192,o,1764.0,845.0,10630.0,321.0
228431,2021,276070.0,2417.0,0.0,1.0506,0.9994,0.9768,0.9468,0.8121,o,1713.0,867.0,12373.0,308.0
228431,2022,270110.0,2290.0,0.0,1.0174,0.9535,0.9256,0.8889,0.7633,o,1867.0,704.0,11629.0,293.0
228431,2023,257072.0,2107.0,0.0,0.9835,0.9424,0.9242,0.8998,0.837,o,2072.0,681.0,10973.0,264.0
228431,2024,250181.0,1968.0,0.0,0.944,0.9506,0.9536,0.9578,1.0295,o,2186.0,659.0,10600.0,182.0
228459,1998,483773.0,3187.0,0.0,0.7905,0.7879,0.7867,0.785,0.9861,o,,,,
228459,1999,518860.0,3346.0,0.0,0.7739,0.7764,0.7775,0.7791,1.0136,o,,,,
228459,2000,523120.0,3421.0,0.0,0.7848,0.7959,0.801,0.8081,1.0604,o,,,,
228459,2001,538261.0,3593.0,0.0,0.801,0.8154,0.822,0.8312,1.0767,o,,,,
228459,2002,564583.0,3815.0,0.0,0.8109,0.8158,0.818,0.8211,1.0254,o,2749.0,,6198.0,
228459,2003,591497.0,4061.0,0.0,0.8239,0.8252,0.8258,0.8267,1.0068,o,2898.0,,6373.0,161.0
228459,2004,610211.0,4172.0,0.0,0.8204,0.8371,0.8448,0.8555,1.0872,o,2826.0,,6468.0,225.0
228459,2005,619896.0,4314.0,0.0,0.8351,0.8547,0.8638,0.8763,1.1012,o,3097.0,,7324.0,257.0
228459,2006,633981.0,4517.0,0.0,0.855,0.8773,0.8877,0.902,1.1131,o,3049.0,2976.0,8351.0,262.0
228459,2007,640364.0,4673.0,0.0,0.8757,0.8937,0.902,0.9136,1.0884,o,3304.0,3011.0,7105.0,285.0
228459,2008,656342.0,5033.0,0.0,0.9202,0.9435,0.9544,0.9694,1.1099,o,3525.0,3190.0,9520.0,290.0
228459,2009,667261.0,5227.0,0.0,0.94,0.9727,0.988,1.0094,1.153,o,3868.0,3295.0,8311.0,299.0
228459,2010,697924.0,5293.0,0.0,0.9101,0.9513,0.9709,0.9981,1.2029,o,4105.0,3608.0,8817.0,302.0
228459,2011,734696.0,5350.0,0.0,0.8738,0.9228,0.9461,0.9789,1.255,o,4581.0,3808.0,9015.0,291.0
228459,2012,767307.0,5395.0,0.0,0.8437,0.8939,0.9178,0.9516,1.2719,o,4432.0,3757.0,9884.0,300.0
228459,2013,777343.0,5715.0,0.0,0.8822,0.9252,0.9456,0.9741,1.2191,o,5365.0,3735.0,10336.0,300.0
228459,2014,812893.0,6013.0,0.0,0.8876,0.9326,0.954,0.984,1.2288,o,5558.0,3842.0,10612.0,318.0
228459,2015,838729.0,6205.0,0.0,0.8878,0.938,0.9619,0.9955,1.2575,o,5784.0,3827.0,11684.0,335.0
228459,2016,870335.0,6448.0,0.0,0.889,0.9395,0.9635,0.9973,1.2584,o,5732.0,3792.0,12119.0,347.0
228459,2017,888882.0,7095.0,0.0,0.9578,0.9957,1.0136,1.0385,1.1755,o,5874.0,3652.0,12244.0,350.0
228459,2018,885597.0,7074.0,0.0,0.9585,0.9726,0.9791,0.9881,1.0625,o,6159.0,3516.0,12444.0,345.0
228459,2019,890580.0,7318.0,0.0,0.9861,1.0001,1.0067,1.0156,1.0609,o,6362.0,3387.0,12544.0,344.0
228459,2020,881348.0,7443.0,0.0,1.0134,1.034,1.0435,1.0567,1.0873,o,5861.0,3055.0,12718.0,351.0
228459,2021,862560.0,7710.0,0.0,1.0726,1.086,1.0922,1.1008,1.0532,o,6650.0,3112.0,12670.0,344.0
228459,2022,858980.0,7289.0,0.0,1.0183,1.0278,1.0323,1.0383,1.0397,o,7604.0,2706.0,12216.0,328.0
228459,2023,869677.0,7042.0,0.0,0.9717,1.0024,1.0168,1.0367,1.1384,o,7930.0,2682.0,11526.0,305.0
228459,2024,911735.0,6874.0,0.0,0.9047,0.9583,0.9839,1.0199,1.2709,o,8195.0,2849.0,11450.0,284.0
228468,1998,31740.0,116.0,26.0,0.4877,0.5132,0.5186,0.5325,1.1919,o,,,,
228468,1999,28349.0,135.0,33.0,0.6413,0.7045,0.7184,0.7542,1.383,o,,,,
228468,2000,27499.0,134.0,26.0,0.6415,0.6751,0.6822,0.7005,1.1924,o,,,,
228468,2001,27808.0,117.0,40.0,0.5912,0.5614,0.5554,0.5408,0.8367,o,,,,
228468,2002,27722.0,160.0,21.0,0.738,0.6707,0.6575,0.6257,0.7188,o,128.0,,17357.0,
228468,2003,22840.0,154.0,23.0,0.8695,0.7751,0.7569,0.7132,0.6727,o,155.0,,18061.0,404.0
228468,2004,23519.0,174.0,26.0,0.9541,0.8835,0.8695,0.8356,0.7669,o,184.0,,18501.0,460.0
228468,2005,23205.0,149.0,39.0,0.8714,0.8706,0.8705,0.8701,0.9971,o,190.0,,19086.0,448.0
228468,2006,23804.0,123.0,28.0,0.6906,0.7391,0.7496,0.7763,1.2635,o,156.0,,18921.0,463.0
228468,2007,21935.0,125.0,29.0,0.7632,0.809,0.8188,0.8438,1.2226,o,215.0,,20108.0,505.0
228468,2008,23202.0,103.0,31.0,0.6129,0.6291,0.6325,0.6412,1.0944,o,119.0,57.0,20902.0,485.0
228468,2009,22186.0,113.0,28.0,0.6869,0.6648,0.6603,0.6491,0.893,o,133.0,52.0,21922.0,527.0
228468,2010,21153.0,152.0,0.0,0.8623,0.7866,0.7717,0.7359,0.7283,o,143.0,100.0,23181.0,577.0
228468,2011,20987.0,150.0,4.0,0.8691,0.7977,0.7836,0.7496,0.7439,o,127.0,93.0,22972.0,577.0
228468,2012,21792.0,151.0,0.0,0.8315,0.7818,0.7718,0.7476,0.8084,o,119.0,92.0,23239.0,562.0
228468,2013,20571.0,134.0,2.0,0.7875,0.782,0.7809,0.7781,0.9762,o,167.0,60.0,23795.0,534.0
228468,2014,18477.0,129.0,3.0,0.8475,0.8563,0.8582,0.8628,1.0362,o,165.0,79.0,24541.0,630.0
228468,2015,21794.0,144.0,6.0,0.8094,0.8594,0.8701,0.8975,1.2296,o,147.0,70.0,25404.0,597.0
228468,2016,21811.0,120.0,9.0,0.685,0.7339,0.7444,0.7714,1.2683,o,134.0,65.0,25820.0,579.0
228468,2017,21843.0,125.0,4.0,0.6977,0.6941,0.6934,0.6916,0.9825,o,129.0,58.0,25848.0,580.0
228468,2018,21173.0,168.0,14.0,0.9918,0.927,0.9142,0.8828,0.7922,o,128.0,40.0,25838.0,578.0
228468,2019,19000.0,122.0,2.0,0.7768,0.7344,0.7259,0.7051,0.8237,o,107.0,48.0,26313.0,586.0
228468,2020,17708.0,140.0,4.0,0.9623,0.9137,0.9039,0.88,0.8363,o,138.0,66.0,26669.0,577.0
228468,2021,19920.0,131.0,0.0,0.7892,0.7731,0.7698,0.7617,0.9316,o,132.0,64.0,26655.0,542.0
228468,2022,21036.0,130.0,3.0,0.7501,0.761,0.7632,0.7689,1.0506,o,125.0,33.0,25789.0,566.0
228468,2023,18037.0,142.0,1.0,0.9481,0.973,0.9782,0.9914,1.0936,o,151.0,47.0,24906.0,596.0
228468,2024,18274.0,177.0,1.0,1.1656,1.2066,1.2152,1.2371,1.1265,o,123.0,45.0,24588.0,546.0
228477,1998,4560.0,37.0,35.0,1.4342,1.9723,2.1067,2.4841,3.0,o,,,,
228477,1999,4873.0,47.0,43.0,1.6868,1.9825,2.0499,2.2285,1.7453,o,,,,
228477,2000,3767.0,48.0,42.0,2.198,2.3383,2.3684,2.4454,1.2377,o,,,,
228477,2002,3615.0,0.0,0.0,0.0,0.0,0.0,0.0,0.5676,o,,,5401.0,
228477,2003,3757.0,0.0,0.0,0.0,0.0,0.0,0.0,0.7175,i,,,6114.0,98.0
228477,2004,2853.0,0.0,0.0,0.0,0.0,0.0,0.0,1.0877,i,,,,142.0
228477,2005,3485.0,0.0,0.0,0.0,0.0,0.0,0.0,1.1249,i,63.0,,,251.0
228477,2007,4870.0,0.0,0.0,0.0,0.0,0.0,0.0,0.7691,i,71.0,66.0,14640.0,300.0
228477,2008,6752.0,10.0,0.0,0.1777,0.1668,0.1647,0.1594,0.8043,i,105.0,94.0,14613.0,163.0
228477,2009,7383.0,16.0,0.0,0.2601,0.2883,0.2945,0.3107,1.427,i,,,8083.0,
228486,1998,5340.0,2.0,28.0,0.3596,0.3596,0.3596,0.3596,1.0,o,,,,
228486,1999,5334.0,1.0,35.0,0.4162,0.434,0.4378,0.4474,1.1557,o,,,,
228486,2000,5371.0,5.0,29.0,0.4357,0.445,0.447,0.4519,1.0758,o,,,,
228486,2001,5838.0,2.0,35.0,0.4008,0.4109,0.4131,0.4184,1.0897,o,,,,
228486,2002,6054.0,3.0,24.0,0.2973,0.3186,0.3232,0.335,1.2695,o,77.0,,8983.0,
228486,2003,5671.0,3.0,28.0,0.3597,0.3777,0.3815,0.3913,1.1831,o,91.0,,8813.0,172.0
228486,2004,6444.0,5.0,29.0,0.3631,0.3696,0.371,0.3744,1.0633,o,80.0,,8600.0,180.0
228486,2005,7432.0,8.0,37.0,0.4279,0.4222,0.4211,0.4182,0.9553,o,74.0,,8766.0,212.0
228486,2006,7205.0,9.0,49.0,0.5579,0.544,0.5412,0.5342,0.9167,o,82.0,,8485.0,177.0
228486,2007,6199.0,2.0,33.0,0.3581,0.3505,0.349,0.3451,0.9286,o,82.0,8.0,8903.0,208.0
228486,2008,7005.0,8.0,31.0,0.4026,0.3977,0.3967,0.3942,0.9591,o,60.0,27.0,9051.0,261.0
228486,2009,6093.0,4.0,34.0,0.4136,0.404,0.402,0.3971,0.9221,o,79.0,,8899.0,269.0
228486,2010,5961.0,3.0,30.0,0.3624,0.3504,0.348,0.342,0.891,o,97.0,,8841.0,258.0
228486,2011,6568.0,5.0,26.0,0.3289,0.3357,0.3371,0.3407,1.0732,o,70.0,25.0,8634.0,262.0
228486,2012,6198.0,5.0,40.0,0.484,0.5073,0.5123,0.5249,1.1761,o,85.0,26.0,9402.0,196.0
228486,2013,5650.0,3.0,30.0,0.3823,0.3946,0.3972,0.4037,1.1151,o,60.0,13.0,10031.0,218.0
228486,2014,4703.0,0.0,30.0,0.3827,0.3618,0.3576,0.3474,0.8239,o,63.0,13.0,10032.0,181.0
228486,2015,4672.0,3.0,30.0,0.4623,0.4231,0.4154,0.3968,0.7365,o,59.0,2.0,10136.0,211.0
228486,2016,4291.0,5.0,24.0,0.4754,0.4435,0.4372,0.4218,0.7871,o,56.0,30.0,10066.0,242.0
228486,2017,3962.0,3.0,17.0,0.3483,0.3257,0.3212,0.3102,0.7931,o,94.0,2.0,10372.0,273.0
228486,2018,3163.0,2.0,25.0,0.5501,0.5827,0.5897,0.6075,1.2195,o,35.0,,10140.0,358.0
228486,2019,3120.0,1.0,29.0,0.5962,0.6059,0.6079,0.613,1.0574,o,39.0,16.0,9921.0,307.0
228486,2020,3210.0,1.0,26.0,0.5234,0.4606,0.4485,0.4198,0.6435,o,34.0,,9773.0,254.0
228501,1998,61512.0,343.0,14.0,0.6828,0.6835,0.6838,0.6843,1.0043,o,,,,
228501,1999,59389.0,389.0,11.0,0.7971,0.7581,0.7408,0.7179,0.8112,o,,,,
228501,2000,54777.0,365.0,10.0,0.8106,0.7522,0.7269,0.6938,0.7326,o,,,,
228501,2001,53671.0,333.0,18.0,0.7647,0.7152,0.6936,0.6652,0.7568,o,,,,
228501,2002,51866.0,341.0,10.0,0.8005,0.79,0.7853,0.7788,0.9465,o,323.0,,4836.0,
228501,2003,55657.0,352.0,8.0,0.7676,0.7894,0.7996,0.8137,1.1239,o,359.0,,4327.0,99.0
228501,2004,57060.0,358.0,10.0,0.7634,0.8125,0.8361,0.8693,1.2966,o,286.0,,4716.0,121.0
228501,2005,55224.0,396.0,11.0,0.8724,0.887,0.8938,0.9031,1.0714,o,338.0,,5196.0,134.0
228501,2006,54754.0,331.0,6.0,0.732,0.7217,0.717,0.7107,0.9426,o,257.0,278.0,5341.0,136.0
228501,2007,51982.0,322.0,6.0,0.7503,0.7261,0.7153,0.7008,0.8724,o,262.0,224.0,5451.0,147.0
228501,2008,48858.0,361.0,9.0,0.8977,0.8521,0.8319,0.8053,0.8047,o,327.0,264.0,5768.0,149.0
228501,2009,49853.0,364.0,5.0,0.8822,0.8701,0.8645,0.8571,0.9439,o,379.0,352.0,6046.0,147.0
228501,2010,54517.0,342.0,5.0,0.7583,0.7901,0.8051,0.826,1.1866,o,323.0,313.0,6284.0,149.0
228501,2011,55330.0,398.0,6.0,0.8697,0.9351,0.9667,1.0115,1.3526,o,347.0,329.0,6377.0,235.0
228501,2012,54097.0,352.0,7.0,0.7886,0.8134,0.825,0.8411,1.1375,o,239.0,328.0,6482.0,246.0
228501,2013,47428.0,354.0,1.0,0.8969,0.8577,0.8403,0.8172,0.83,o,305.0,310.0,6368.0,259.0
228501,2014,47220.0,340.0,0.0,0.864,0.8128,0.7903,0.7606,0.7749,o,332.0,296.0,7157.0,180.0
228501,2015,47989.0,335.0,0.0,0.8377,0.8276,0.823,0.8168,0.9507,o,351.0,355.0,7410.0,163.0
228501,2016,54703.0,379.0,0.0,0.8314,0.8625,0.8772,0.8976,1.1655,o,351.0,311.0,7684.0,150.0
228501,2017,57887.0,349.0,0.0,0.7235,0.7691,0.791,0.8219,1.2904,o,333.0,317.0,8183.0,152.0
228501,2018,52622.0,430.0,0.0,0.9806,0.9975,1.0053,1.0161,1.0738,o,344.0,249.0,10060.0,167.0
228501,2019,49493.0,376.0,0.0,0.9116,0.9097,0.9088,0.9076,0.9912,o,279.0,263.0,8317.0,137.0
228501,2020,47373.0,334.0,0.0,0.8461,0.8222,0.8114,0.797,0.8875,o,242.0,231.0,10584.0,211.0
228501,2021,45769.0,393.0,0.0,1.0304,0.9652,0.9368,0.8993,0.7617,o,196.0,205.0,10245.0,197.0
228501,2022,38112.0,377.0,0.0,1.187,1.0692,1.0192,0.9548,0.647,o,249.0,238.0,9878.0,211.0
228501,2023,35855.0,362.0,0.0,1.2115,1.1176,1.0769,1.0239,0.7143,o,223.0,186.0,7918.0,220.0
228501,2024,37092.0,305.0,0.0,0.9867,0.9636,0.9532,0.9392,0.906,o,209.0,255.0,7592.0,226.0
228529,1998,155724.0,923.0,40.0,0.7267,0.7385,0.744,0.7515,1.0696,o,,,,
228529,1999,156637.0,919.0,33.0,0.7167,0.697,0.6882,0.6764,0.8906,o,,,,
228529,2000,171094.0,1117.0,23.0,0.7915,0.7562,0.7405,0.7197,0.8267,o,,,,
228529,2001,175304.0,1182.0,10.0,0.8125,0.7957,0.7881,0.7779,0.9166,o,,,,
228529,2002,189870.0,1189.0,0.0,0.7515,0.7781,0.7907,0.8081,1.1564,o,1161.0,,5268.0,
228529,2003,197324.0,1316.0,0.0,0.8003,0.8391,0.8575,0.8833,1.2181,o,1313.0,,5853.0,157.0
228529,2004,205612.0,1335.0,0.0,0.7791,0.8254,0.8476,0.8787,1.272,o,1220.0,,4806.0,165.0
228529,2005,201881.0,1427.0,0.0,0.8482,0.8835,0.9002,0.9235,1.1853,o,1123.0,,5089.0,191.0
228529,2006,204627.0,1448.0,4.0,0.8503,0.855,0.8572,0.8601,1.0231,o,1277.0,1029.0,5357.0,197.0
228529,2007,211747.0,1493.0,10.0,0.8489,0.8428,0.84,0.8361,0.9701,o,1216.0,958.0,6065.0,208.0
228529,2008,209982.0,1706.0,6.0,0.9767,0.9729,0.9712,0.9689,0.9842,o,1295.0,1044.0,6639.0,222.0
228529,2009,212649.0,1726.0,19.0,0.9794,0.9958,1.0034,1.0139,1.0717,o,1232.0,1255.0,6637.0,228.0
228529,2010,227653.0,1846.0,24.0,0.9794,0.9916,0.9972,1.005,1.0529,o,1468.0,1323.0,7017.0,232.0
228529,2011,242134.0,1979.0,26.0,0.9872,1.0063,1.0152,1.0274,1.083,o,1577.0,1436.0,7252.0,234.0
228529,2012,257870.0,2082.0,39.0,0.9779,1.0243,1.0462,1.0769,1.2127,o,1725.0,1575.0,7185.0,248.0
228529,2013,239632.0,1840.0,28.0,0.9284,0.99,1.0195,1.0613,1.3067,o,1827.0,1742.0,7382.0,260.0
228529,2014,256177.0,1890.0,22.0,0.8905,0.9511,0.9802,1.0214,1.3156,o,2073.0,1227.0,7710.0,268.0
228529,2015,271570.0,1651.0,24.0,0.7348,0.7798,0.8013,0.8316,1.2808,o,1955.0,1423.0,8506.0,282.0
228529,2016,284232.0,2254.0,44.0,0.9609,1.0078,1.0301,1.0613,1.2199,o,2169.0,1443.0,8595.0,301.0
228529,2017,302582.0,2416.0,34.0,0.9649,1.0001,1.0167,1.0397,1.161,o,1899.0,1347.0,9102.0,262.0
228529,2018,298521.0,2560.0,35.0,1.0361,1.0466,1.0515,1.0582,1.0431,o,2161.0,1377.0,9181.0,274.0
228529,2019,299297.0,2521.0,40.0,1.0188,1.0207,1.0216,1.0228,1.0079,o,2073.0,1372.0,8898.0,282.0
228529,2020,302611.0,2626.0,32.0,1.0477,1.0543,1.0574,1.0616,1.0267,o,2274.0,1364.0,9436.0,295.0
228529,2021,306784.0,2751.0,24.0,1.0808,1.0981,1.1061,1.1172,1.0686,o,2150.0,1339.0,9660.0,316.0
228529,2022,315498.0,2643.0,25.0,1.01,1.0311,1.0408,1.0543,1.0897,o,2448.0,1306.0,8546.0,306.0
228529,2023,329210.0,2777.0,25.0,1.0168,1.0371,1.0466,1.0596,1.086,o,2702.0,1227.0,8124.0,268.0
228529,2024,349417.0,2936.0,26.0,1.0128,1.0548,1.0747,1.1024,1.1847,o,2994.0,1268.0,7878.0,254.0
228547,1998,487124.0,0.0,1578.0,0.1944,0.1981,0.2079,0.2124,1.3088,o,,,,
228547,1999,501204.0,0.0,1754.0,0.21,0.2119,0.2168,0.2191,1.1375,o,,,,
228547,2000,709852.0,0.0,1804.0,0.1525,0.153,0.1544,0.155,1.0504,o,,,,
228547,2001,537132.0,0.0,1837.0,0.2052,0.21,0.223,0.229,1.3952,o,,,,
228547,2002,591220.0,0.0,1863.0,0.1891,0.1927,0.2023,0.2067,1.3109,o,6247.0,,1772.0,
228547,2003,637051.0,0.0,2018.0,0.1901,0.1927,0.1997,0.2029,1.2189,o,6527.0,,1789.0,71.0
228547,2004,651834.0,0.0,2029.0,0.1868,0.1882,0.192,0.1938,1.118,o,7134.0,,1791.0,72.0
228547,2005,695523.0,0.0,1870.0,0.1613,0.1626,0.1658,0.1673,1.117,o,7181.0,,1777.0,83.0
228547,2006,698381.0,0.0,2052.0,0.1763,0.1769,0.1785,0.1792,1.0513,o,7343.0,2902.0,1795.0,84.0
228547,2007,701722.0,0.0,2178.0,0.1862,0.1866,0.1874,0.1878,1.0259,o,7958.0,2740.0,1815.0,88.0
228547,2008,747497.0,0.0,2146.0,0.1723,0.1734,0.1762,0.1775,1.0958,o,9119.0,2882.0,1756.0,76.0
228547,2009,805420.0,0.0,2385.0,0.1777,0.1799,0.1856,0.1883,1.1919,o,8512.0,2927.0,1727.0,74.0
228547,2010,936589.0,0.0,3284.0,0.2104,0.2103,0.2102,0.2102,0.9969,o,9212.0,3909.0,1715.0,69.0
228547,2011,1009594.0,0.0,3298.0,0.196,0.1966,0.1982,0.1989,1.045,o,9924.0,3861.0,1675.0,66.0
228547,2012,1003862.0,0.0,3365.0,0.2011,0.2027,0.2069,0.2088,1.1198,o,9021.0,2865.0,1665.0,68.0
228547,2013,1013240.0,0.0,4059.0,0.2404,0.2394,0.2368,0.2357,0.9428,o,8384.0,2349.0,1732.0,66.0
228547,2014,1005495.0,0.0,4771.0,0.2847,0.2823,0.2761,0.2735,0.8851,o,8233.0,2199.0,1738.0,65.0
228547,2015,986956.0,0.0,5323.0,0.3236,0.3223,0.3191,0.3177,0.946,o,8054.0,2236.0,1723.0,65.0
228547,2016,965449.0,0.0,5577.0,0.3466,0.3458,0.3439,0.3431,0.9694,o,8053.0,2182.0,1711.0,70.0
228547,2017,957815.0,0.0,5771.0,0.3615,0.3612,0.3605,0.3602,0.9889,o,8565.0,2481.0,1805.0,73.0
228547,2018,973967.0,0.0,5472.0,0.3371,0.3386,0.3423,0.344,1.0635,o,7927.0,2284.0,1985.0,71.0
228547,2019,943817.0,0.0,6002.0,0.3816,0.3803,0.3771,0.3757,0.954,o,7804.0,2190.0,2027.0,72.0
228547,2020,978266.0,0.0,5931.0,0.3638,0.3624,0.3588,0.3572,0.9464,o,5284.0,405.0,2077.0,57.0
228547,2021,921476.0,0.0,6226.0,0.4054,0.3943,0.367,0.3555,0.6718,o,4986.0,1386.0,2017.0,64.0
228547,2022,802921.0,0.0,5819.0,0.4348,0.4266,0.4063,0.3975,0.7619,o,6504.0,1408.0,1896.0,57.0
228547,2023,789647.0,0.0,5564.0,0.4228,0.4298,0.4485,0.4571,1.2666,o,5894.0,1447.0,1789.0,60.0
228547,2024,823431.0,0.0,5725.0,0.4172,0.4179,0.4198,0.4207,1.0259,o,6150.0,1547.0,1728.0,53.0
228608,1998,84720.0,0.0,190.0,0.1346,0.1351,0.1363,0.1369,1.0536,o,,,,
228608,1999,66792.0,0.0,169.0,0.1518,0.1517,0.1515,0.1514,0.9919,o,,,,
228608,2000,66139.0,0.0,208.0,0.1887,0.1943,0.2096,0.2167,1.5215,o,,,,
228608,2001,67449.0,0.0,240.0,0.2135,0.2174,0.2278,0.2325,1.2951,o,,,,
228608,2002,70814.0,0.0,233.0,0.1974,0.1981,0.1997,0.2004,1.047,o,936.0,,1788.0,
228608,2003,54410.0,0.0,197.0,0.2172,0.2163,0.2138,0.2127,0.9374,o,686.0,,1917.0,113.0
228608,2004,75987.0,0.0,254.0,0.2006,0.1958,0.1839,0.1789,0.7076,o,723.0,,2189.0,89.0
228608,2005,79997.0,0.0,283.0,0.2123,0.2106,0.2062,0.2044,0.8915,o,649.0,,2241.0,84.0
228608,2006,76504.0,0.0,300.0,0.2353,0.2339,0.2305,0.229,0.9212,o,779.0,376.0,2318.0,95.0
228608,2007,86924.0,0.0,289.0,0.1995,0.2013,0.2059,0.208,1.1356,o,786.0,389.0,2432.0,107.0
228608,2008,96912.0,0.0,329.0,0.2037,0.2051,0.2086,0.2103,1.1008,o,652.0,348.0,2458.0,114.0
228608,2009,106266.0,0.0,303.0,0.1711,0.1689,0.1635,0.1611,0.8332,o,765.0,406.0,2417.0,105.0
228608,2010,114092.0,0.0,350.0,0.1841,0.1849,0.1869,0.1879,1.064,o,776.0,377.0,2573.0,114.0
228608,2011,124986.0,0.0,405.0,0.1944,0.1957,0.1989,0.2003,1.0953,o,739.0,428.0,2680.0,110.0
228608,2012,119972.0,0.0,458.0,0.2291,0.2284,0.2267,0.2259,0.9591,o,570.0,378.0,2874.0,143.0
228608,2013,113870.0,0.0,525.0,0.2766,0.2712,0.2576,0.2519,0.7525,o,671.0,344.0,2887.0,144.0
228608,2014,111295.0,0.0,492.0,0.2652,0.2657,0.2669,0.2674,1.0252,o,608.0,350.0,2844.0,136.0
228608,2015,106519.0,0.0,500.0,0.2816,0.2812,0.2802,0.2798,0.9799,o,650.0,393.0,2820.0,133.0
228608,2016,103142.0,0.0,598.0,0.3479,0.3483,0.3493,0.3497,1.0164,o,592.0,337.0,2940.0,127.0
228608,2017,91966.0,0.0,506.0,0.3301,0.3287,0.3252,0.3236,0.9412,o,669.0,388.0,2723.0,132.0
228608,2018,98687.0,0.0,544.0,0.3307,0.3325,0.337,0.339,1.0773,o,619.0,437.0,2901.0,125.0
228608,2019,96692.0,0.0,651.0,0.404,0.4034,0.4021,0.4015,0.9818,o,675.0,409.0,2899.0,143.0
228608,2020,94860.0,0.0,524.0,0.3314,0.3325,0.3354,0.3366,1.0481,o,594.0,42.0,2914.0,123.0
228608,2021,134079.0,0.0,626.0,0.2801,0.2785,0.2742,0.2723,0.9181,o,522.0,1146.0,3194.0,81.0
228608,2022,86222.0,0.0,660.0,0.4593,0.453,0.4374,0.4306,0.8227,o,718.0,1147.0,3001.0,141.0
228608,2023,92757.0,0.0,1172.0,0.7581,0.7716,0.8074,0.8239,1.2867,o,752.0,1144.0,2981.0,102.0
228608,2024,95463.0,0.0,719.0,0.4519,0.4581,0.4742,0.4816,1.2129,o,811.0,1151.0,3000.0,120.0
228635,1998,8667.0,159.0,0.0,2.2015,2.2015,2.2015,2.2015,,n,,,,
228635,1999,7530.0,149.0,0.0,2.3745,2.3745,2.3745,2.3745,,n,,,,
228635,2000,9309.0,114.0,0.0,1.4695,1.4695,1.4695,1.4695,,n,,,,
228635,2001,8417.0,100.0,0.0,1.4257,1.4257,1.4257,1.4257,,n,,,,
228635,2002,3970.0,95.0,0.0,2.8715,2.8715,2.8715,2.8715,,n,,,,
228635,2003,6145.0,71.0,0.0,1.3865,1.3865,1.3865,1.3865,,n,,,,439.0
228635,2004,5293.0,75.0,0.0,1.7004,1.7004,1.7004,1.7004,,n,,,,537.0
228635,2005,4917.0,49.0,0.0,1.1959,1.1959,1.1959,1.1959,,n,,,,463.0
228635,2006,5108.0,40.0,0.0,0.9397,0.9397,0.9397,0.9397,,n,,35.0,,516.0
228635,2007,3655.0,47.0,0.0,1.5431,1.5431,1.5431,1.5431,,n,,,,531.0
228635,2008,3676.0,47.0,0.0,1.5343,1.5343,1.5343,1.5343,,n,,13.0,,531.0
228635,2009,3365.0,43.0,0.0,1.5334,1.5334,1.5334,1.5334,,n,,17.0,,543.0
228635,2010,2746.0,43.0,0.0,1.8791,1.8791,1.8791,1.8791,,n,,5.0,,315.0
228635,2011,1995.0,33.0,0.0,1.985,1.985,1.985,1.985,,n,,,,337.0
228635,2012,1572.0,14.0,0.0,1.0687,1.0687,1.0687,1.0687,,n,,7.0,,356.0
228635,2015,185.0,0.0,0.0,0.0,0.0,0.0,0.0,,n,,,,456.0
228644,1998,27227.0,363.0,0.0,1.5999,1.1253,0.9576,0.7686,0.2308,o,,,,
228644,1999,26712.0,335.0,0.0,1.5049,0.979,0.8038,0.6144,0.1667,o,,,,
228644,2000,23526.0,416.0,0.0,2.1219,2.1219,2.1219,2.1219,,n,,,,
228644,2001,24918.0,301.0,0.0,1.4496,1.4496,1.4496,1.4496,,n,,,,
228644,2003,28589.0,300.0,0.0,1.2592,1.2592,1.2592,1.2592,,n,3.0,,,538.0
228644,2004,27742.0,318.0,0.0,1.3755,1.3755,1.3755,1.3755,,n,2.0,,,485.0
228644,2005,22120.0,352.0,0.0,1.9096,1.6169,1.4982,1.3503,0.5,o,2.0,,,732.0
228644,2006,20509.0,252.0,0.0,1.4745,1.1327,1.0038,0.8513,0.3333,o,6.0,217.0,5400.0,675.0
228644,2007,21539.0,350.0,0.0,1.95,2.1828,2.2986,2.4665,1.6,o,14.0,222.0,5242.0,729.0
228644,2008,20218.0,326.0,0.0,1.9349,2.6987,3.1433,3.8698,4.0,o,7.0,286.0,5072.0,821.0
228644,2009,23802.0,349.0,0.0,1.7595,2.6196,3.1438,4.0316,5.25,o,13.0,318.0,4489.0,654.0
228644,2010,25575.0,473.0,0.0,2.2194,2.7652,3.0585,3.5091,2.5,o,3.0,365.0,6406.0,412.0
228644,2011,27228.0,283.0,0.0,1.2472,1.1822,1.1535,1.1156,0.8,o,1.0,274.0,6950.0,317.0
228644,2012,29015.0,499.0,0.0,2.0638,1.3862,1.1551,0.9007,0.1905,o,,294.0,9448.0,444.0
228644,2013,28379.0,515.0,0.0,2.1777,2.1777,2.1777,2.1777,,n,,259.0,9684.0,466.0
228644,2014,28746.0,448.0,0.0,1.8702,1.8702,1.8702,1.8702,,n,,271.0,,467.0
228644,2015,29376.0,407.0,0.0,1.6626,1.6626,1.6626,1.6626,,n,,207.0,,501.0
228644,2016,31114.0,437.0,0.0,1.6854,1.6854,1.6854,1.6854,,n,,323.0,,508.0
228644,2017,30989.0,400.0,0.0,1.5489,1.5489,1.5489,1.5489,,n,,269.0,,525.0
228644,2018,34945.0,358.0,0.0,1.2294,1.2294,1.2294,1.2294,,n,,203.0,,512.0
228644,2019,31404.0,370.0,0.0,1.4138,1.4138,1.4138,1.4138,,n,,202.0,,502.0
228644,2020,28514.0,373.0,0.0,1.5698,1.5698,1.5698,1.5698,,n,,329.0,,547.0
228644,2021,28531.0,402.0,0.0,1.6908,1.6908,1.6908,1.6908,,n,,337.0,,537.0
228644,2022,26934.0,366.0,0.0,1.6307,1.6307,1.6307,1.6307,,n,,320.0,,530.0
228644,2023,28839.0,370.0,0.0,1.5396,1.5396,1.5396,1.5396,,n,,341.0,,510.0
228644,2024,29935.0,401.0,0.0,1.6075,1.6075,1.6075,1.6075,,n,,388.0,,528.0
228653,1998,25670.0,421.0,0.0,1.9681,1.9681,1.9681,1.9681,,n,,,,
228653,1999,23796.0,372.0,0.0,1.8759,1.8759,1.8759,1.8759,,n,,,,
228653,2000,22064.0,359.0,0.0,1.9525,1.9525,1.9525,1.9525,,n,,,,
228653,2002,16122.0,305.0,0.0,2.2702,2.2702,2.2702,2.2702,,n,,,,
228653,2003,14904.0,287.0,0.0,2.3108,2.3108,2.3108,2.3108,,n,,,,336.0
228653,2004,13696.0,210.0,0.0,1.84,1.84,1.84,1.84,,n,,,,441.0
228653,2005,18120.0,247.0,0.0,1.6358,1.6358,1.6358,1.6358,,n,,,,361.0
228653,2006,14400.0,209.0,0.0,1.7417,1.7417,1.7417,1.7417,,n,,,,445.0
228653,2007,14232.0,221.0,0.0,1.8634,1.8634,1.8634,1.8634,,n,,232.0,,521.0
228653,2008,16101.0,279.0,0.0,2.0794,2.0794,2.0794,2.0794,,n,,160.0,,558.0
228653,2009,16353.0,251.0,0.0,1.8419,1.8419,1.8419,1.8419,,n,,161.0,,394.0
228653,2010,18909.0,312.0,0.0,1.98,1.98,1.98,1.98,,n,,238.0,,409.0
228653,2011,21997.0,328.0,0.0,1.7893,1.7893,1.7893,1.7893,,n,,247.0,,402.0
228653,2012,24334.0,390.0,0.0,1.9232,1.9232,1.9232,1.9232,,n,,266.0,,435.0
228653,2013,25256.0,432.0,0.0,2.0526,2.0526,2.0526,2.0526,,n,,273.0,,411.0
228653,2014,27310.0,456.0,0.0,2.0037,2.0037,2.0037,2.0037,,n,,281.0,,396.0
228653,2015,26260.0,419.0,0.0,1.9147,1.9147,1.9147,1.9147,,n,,280.0,,390.0
228653,2016,26755.0,482.0,0.0,2.1618,2.1618,2.1618,2.1618,,n,,292.0,,462.0
228653,2017,28010.0,448.0,0.0,1.9193,1.9193,1.9193,1.9193,,n,,261.0,,459.0
228653,2018,27923.0,467.0,0.0,2.0069,2.0069,2.0069,2.0069,,n,,408.0,,482.0
228653,2019,27999.0,479.0,0.0,2.0529,2.0529,2.0529,2.0529,,n,,254.0,,480.0
228653,2020,27950.0,427.0,0.0,1.8333,1.8333,1.8333,1.8333,,n,,237.0,,486.0
228653,2021,26714.0,435.0,0.0,1.954,1.954,1.954,1.954,,n,,221.0,,508.0
228653,2022,24484.0,431.0,0.0,2.1124,2.1124,2.1124,2.1124,,n,,177.0,,546.0
228653,2023,21786.0,354.0,0.0,1.9499,1.9499,1.9499,1.9499,,n,,177.0,,497.0
228653,2024,20614.0,333.0,0.0,1.9385,1.9385,1.9385,1.9385,,n,,296.0,,464.0
228680,1998,153690.0,0.0,679.0,0.2651,0.2691,0.2799,0.2848,1.2431,o,,,,
228680,1999,168180.0,0.0,811.0,0.2893,0.2902,0.2925,0.2935,1.0447,o,,,,
228680,2000,154782.0,0.0,756.0,0.2931,0.2899,0.2818,0.2782,0.8545,o,,,,
228680,2011,157319.0,0.0,734.0,0.2799,0.2739,0.2589,0.2526,0.732,o,988.0,762.0,3870.0,108.0
228680,2012,140650.0,0.0,837.0,0.3571,0.3509,0.3355,0.3288,0.7792,o,1016.0,1425.0,4523.0,141.0
228680,2013,126302.0,0.0,856.0,0.4066,0.4068,0.4073,0.4075,1.0064,o,900.0,1268.0,4468.0,130.0
228680,2014,118111.0,0.0,757.0,0.3846,0.3817,0.3744,0.3712,0.8982,o,971.0,1240.0,4400.0,140.0
228699,1998,78009.0,0.0,204.0,0.1569,0.154,0.1468,0.1437,0.7667,o,,,,
228699,1999,78013.0,0.0,277.0,0.213,0.2133,0.214,0.2143,1.0179,o,,,,
228699,2000,75001.0,0.0,232.0,0.1856,0.1876,0.1929,0.1953,1.1665,o,,,,
228699,2001,52689.0,0.0,210.0,0.2391,0.2406,0.2446,0.2463,1.0937,o,,,,
228699,2002,78304.0,0.0,201.0,0.154,0.1534,0.152,0.1514,0.9485,o,1216.0,,1226.0,
228699,2003,77974.0,0.0,215.0,0.1654,0.1658,0.1667,0.1671,1.0309,o,1406.0,,1376.0,69.0
228699,2004,89880.0,0.0,190.0,0.1268,0.1284,0.1327,0.1346,1.1971,o,1208.0,,1551.0,59.0
228699,2005,72480.0,0.0,205.0,0.1697,0.1687,0.1663,0.1652,0.9214,o,1121.0,,1569.0,80.0
228699,2006,82119.0,0.0,191.0,0.1396,0.1381,0.1343,0.1327,0.8577,o,970.0,86.0,1714.0,75.0
228699,2011,89652.0,0.0,278.0,0.1861,0.1851,0.1826,0.1816,0.9285,o,877.0,183.0,2359.0,53.0
228699,2012,86396.0,0.0,321.0,0.2229,0.2271,0.2382,0.2433,1.3041,o,594.0,283.0,2460.0,69.0
228699,2013,78871.0,0.0,269.0,0.2046,0.2011,0.1924,0.1887,0.7816,o,676.0,369.0,3021.0,63.0
228699,2014,82388.0,0.0,324.0,0.236,0.2346,0.231,0.2295,0.9191,o,558.0,161.0,3068.0,71.0
228699,2015,77788.0,0.0,381.0,0.2939,0.2912,0.2845,0.2816,0.8787,o,545.0,137.0,2454.0,91.0
228699,2016,74848.0,0.0,453.0,0.3631,0.36,0.352,0.3486,0.8833,o,581.0,125.0,2531.0,93.0
228699,2017,78907.0,0.0,496.0,0.3772,0.3785,0.3821,0.3837,1.0535,o,574.0,105.0,2697.0,107.0
228699,2018,77522.0,0.0,497.0,0.3847,0.3852,0.3865,0.3871,1.0195,o,528.0,105.0,2637.0,94.0
228699,2019,79181.0,0.0,478.0,0.3622,0.3599,0.3542,0.3517,0.9143,o,516.0,50.0,2728.0,95.0
228699,2020,74621.0,0.0,405.0,0.3256,0.3242,0.3203,0.3187,0.9365,o,421.0,68.0,2774.0,70.0
228699,2021,67280.0,0.0,410.0,0.3656,0.3602,0.3465,0.3406,0.8065,o,381.0,101.0,2806.0,75.0
228699,2022,61828.0,0.0,404.0,0.3921,0.3864,0.3723,0.3662,0.8132,o,393.0,80.0,2637.0,60.0
228699,2023,61079.0,0.0,440.0,0.4322,0.4316,0.4301,0.4294,0.98,o,389.0,92.0,2563.0,78.0
228699,2024,63487.0,0.0,388.0,0.3667,0.3668,0.3672,0.3673,1.0052,o,325.0,135.0,2476.0,65.0
228705,1998,142580.0,669.0,0.0,0.5631,0.5582,0.556,0.5531,0.9648,o,,,,
228705,1999,140071.0,664.0,0.0,0.5689,0.5584,0.5536,0.5473,0.9255,o,,,,
228705,2000,133923.0,695.0,0.0,0.6227,0.5944,0.5819,0.5652,0.8236,o,,,,
228705,2001,136466.0,708.0,0.0,0.6226,0.6032,0.5945,0.5828,0.8764,o,,,,
228705,2002,142321.0,686.0,0.0,0.5784,0.5804,0.5813,0.5826,1.0144,o,904.0,,3988.0,
228705,2003,146983.0,729.0,0.0,0.5952,0.6192,0.6305,0.6463,1.1791,o,860.0,,4306.0,173.0
228705,2004,149155.0,788.0,0.0,0.634,0.6481,0.6547,0.6638,1.0963,o,887.0,,6378.0,173.0
228705,2005,143517.0,1005.0,0.0,0.8403,0.8384,0.8375,0.8363,0.9904,o,1179.0,,6287.0,188.0
228705,2006,134388.0,931.0,0.0,0.8313,0.8611,0.8751,0.8946,1.1581,o,799.0,,6856.0,192.0
228705,2007,136430.0,1050.0,0.0,0.9236,0.9493,0.9613,0.978,1.1213,o,788.0,571.0,6654.0,201.0
228705,2008,135311.0,916.0,0.0,0.8124,0.7938,0.7855,0.7743,0.9084,o,964.0,789.0,7024.0,210.0
228705,2009,147004.0,940.0,0.0,0.7673,0.7376,0.7243,0.7066,0.848,o,1086.0,1022.0,7194.0,214.0
228705,2010,171954.0,1247.0,0.0,0.8702,0.8777,0.8812,0.8859,1.0364,o,1303.0,1189.0,6270.0,223.0
228705,2011,196562.0,1343.0,0.0,0.8199,0.9045,0.9461,1.006,1.5054,o,1227.0,1389.0,8859.0,219.0
228705,2012,210131.0,1465.0,0.0,0.8366,0.9138,0.9514,1.0054,1.4441,o,1297.0,1411.0,9034.0,236.0
228705,2013,224135.0,1730.0,0.0,0.9262,0.9736,0.9962,1.0277,1.2312,o,1270.0,1510.0,9277.0,253.0
228705,2014,233402.0,1824.0,0.0,0.9378,0.9541,0.9617,0.9721,1.0745,o,1110.0,1337.0,9137.0,267.0
228705,2015,161541.0,985.0,0.0,0.7317,0.721,0.7162,0.7097,0.9407,o,1300.0,488.0,9862.0,304.0
228705,2016,168941.0,980.0,0.0,0.6961,0.6884,0.6849,0.6802,0.9548,o,1257.0,495.0,9983.0,315.0
228705,2017,170997.0,1034.0,0.0,0.7256,0.7249,0.7246,0.7242,0.9961,o,1114.0,483.0,10261.0,289.0
228705,2018,169941.0,1008.0,0.0,0.7118,0.7111,0.7108,0.7104,0.9962,o,1251.0,525.0,10546.0,263.0
228705,2019,172045.0,1082.0,0.0,0.7547,0.7513,0.7497,0.7476,0.9813,o,987.0,393.0,10887.0,276.0
228705,2020,154854.0,1157.0,0.0,0.8966,0.8684,0.8557,0.8388,0.8752,o,1055.0,397.0,10981.0,284.0
228705,2021,144418.0,1189.0,0.0,0.988,0.9532,0.9376,0.9169,0.8612,o,936.0,361.0,11414.0,261.0
228705,2022,130062.0,970.0,0.0,0.895,0.8587,0.8426,0.8212,0.8419,o,1099.0,307.0,10852.0,296.0
228705,2023,125490.0,895.0,0.0,0.8558,0.8365,0.8278,0.8161,0.9093,o,1203.0,278.0,10240.0,256.0
228705,2024,131371.0,890.0,0.0,0.813,0.8367,0.8478,0.8632,1.1273,o,1286.0,290.0,9892.0,227.0
228714,1998,31277.0,231.0,0.0,0.8863,0.881,0.8786,0.8754,0.9755,o,,,,
228714,1999,34062.0,191.0,0.0,0.6729,0.6804,0.6838,0.6885,1.047,o,,,,
228714,2000,38887.0,196.0,0.0,0.6048,0.6504,0.6725,0.7037,1.3537,o,,,,
228714,2001,39220.0,178.0,0.0,0.5446,0.6355,0.682,0.7511,1.9018,o,,,,
228714,2002,39517.0,152.0,0.0,0.4616,0.5173,0.5451,0.5853,1.6082,o,416.0,,5701.0,
228714,2003,43152.0,171.0,0.0,0.4755,0.4857,0.4904,0.4969,1.0918,o,414.0,,5924.0,256.0
228714,2004,45672.0,220.0,0.0,0.578,0.5775,0.5773,0.577,0.9964,o,380.0,,6133.0,262.0
228714,2005,46096.0,248.0,0.0,0.6456,0.6468,0.6473,0.6481,1.0076,o,466.0,,7538.0,274.0
228714,2006,44435.0,246.0,0.0,0.6643,0.6789,0.6857,0.695,1.0944,o,416.0,115.0,7974.0,304.0
228714,2007,44247.0,249.0,0.0,0.6753,0.6852,0.6898,0.6961,1.0627,o,444.0,108.0,8545.0,314.0
228714,2008,45196.0,257.0,0.0,0.6824,0.6956,0.7017,0.7102,1.0831,o,518.0,122.0,8860.0,321.0
228714,2009,46753.0,239.0,0.0,0.6134,0.6326,0.6417,0.6541,1.1371,o,497.0,125.0,9368.0,322.0
228714,2010,48900.0,262.0,0.0,0.6429,0.665,0.6753,0.6897,1.1508,o,588.0,137.0,9746.0,335.0
228714,2011,53073.0,250.0,0.0,0.5653,0.5977,0.6132,0.6349,1.2616,o,595.0,157.0,8468.0,343.0
228714,2012,54966.0,314.0,0.0,0.6855,0.7204,0.737,0.7602,1.2297,o,512.0,203.0,8357.0,366.0
228723,1998,982153.0,7325.0,0.0,0.895,0.8981,0.8995,0.9015,1.0146,o,,,,
228723,1999,1057226.0,7226.0,0.0,0.8202,0.843,0.8537,0.8684,1.1211,o,,,,
228723,2001,1015842.0,7493.0,0.0,0.8851,0.8976,0.9034,0.9114,1.0602,o,,,,
228723,2002,1037975.0,7698.0,0.0,0.89,0.8877,0.8867,0.8853,0.9895,o,6949.0,,6447.0,
228723,2003,1022616.0,8285.0,0.0,0.9722,0.9665,0.9639,0.9604,0.9758,o,6726.0,,8069.0,316.0
228723,2004,1006530.0,7914.0,0.0,0.9435,0.9485,0.9507,0.9539,1.022,o,7068.0,,8376.0,301.0
228723,2005,987372.0,7711.0,0.0,0.9372,0.9429,0.9456,0.9492,1.026,o,7145.0,,9585.0,315.0
228723,2006,1031786.0,8163.0,0.0,0.9494,0.9576,0.9615,0.9667,1.0368,o,7804.0,1671.0,9970.0,331.0
228723,2007,1035143.0,8132.0,0.0,0.9427,0.9631,0.9726,0.9856,1.0932,o,8094.0,1632.0,10535.0,357.0
228723,2008,1064334.0,8152.0,0.0,0.9191,0.951,0.9659,0.9867,1.1525,o,8093.0,1666.0,10733.0,369.0
228723,2009,1076793.0,8377.0,0.0,0.9335,0.9631,0.977,0.9963,1.1389,o,8071.0,1524.0,11286.0,383.0
228723,2010,1080747.0,8451.0,0.0,0.9384,0.9561,0.9644,0.9757,1.0813,o,8176.0,1632.0,11688.0,389.0
228723,2011,1090261.0,8748.0,0.0,0.9629,0.9679,0.9702,0.9734,1.022,o,8254.0,1765.0,11708.0,401.0
228723,2012,1104028.0,9073.0,0.0,0.9862,0.9897,0.9913,0.9935,1.015,o,8139.0,1910.0,11458.0,414.0
228723,2013,1161368.0,9538.0,0.0,0.9855,0.9889,0.9904,0.9925,1.0142,o,10241.0,2309.0,11371.0,401.0
228723,2014,1222937.0,9847.0,0.0,0.9662,0.9953,1.0089,1.0277,1.1313,o,10835.0,2574.0,11199.0,418.0
228723,2015,1293540.0,10164.0,0.0,0.9429,1.001,1.0288,1.0679,1.2828,o,10318.0,2620.0,12643.0,445.0
228723,2016,1339261.0,10502.0,0.0,0.941,1.0004,1.0288,1.0689,1.2904,o,10145.0,2695.0,13193.0,441.0
228723,2017,1397779.0,11378.0,0.0,0.9768,1.0023,1.0142,1.0307,1.1133,o,11639.0,2743.0,14069.0,450.0
228723,2018,1445644.0,12475.0,0.0,1.0355,1.0438,1.0476,1.0528,1.0336,o,11133.0,2587.0,14001.0,457.0
228723,2019,1454754.0,12914.0,0.0,1.0653,1.0843,1.0931,1.1053,1.0765,o,10613.0,2879.0,14484.0,472.0
228723,2020,1457713.0,12852.0,0.0,1.058,1.0735,1.0807,1.0906,1.0627,o,11110.0,3455.0,14607.0,480.0
228723,2021,1539553.0,13147.0,0.0,1.0247,1.024,1.0237,1.0233,0.9972,o,12323.0,2847.0,14921.0,467.0
228723,2022,1534569.0,13311.0,0.0,1.0409,1.0481,1.0514,1.0559,1.029,o,12490.0,2548.0,14524.0,474.0
228723,2023,1544560.0,13305.0,0.0,1.0337,1.0669,1.0825,1.1042,1.141,o,13753.0,2539.0,13704.0,456.0
228723,2024,1592211.0,13709.0,0.0,1.0332,1.0812,1.1039,1.1356,1.2081,o,12530.0,2412.0,13099.0,444.0
228769,1998,370081.0,2779.0,0.0,0.9011,0.9085,0.912,0.9167,1.0348,o,,,,
228769,1999,367772.0,2868.0,0.0,0.9358,0.9688,0.9843,1.0058,1.1553,o,,,,
228769,2000,383716.0,2863.0,0.0,0.8953,0.9683,1.0037,1.0541,1.3861,o,,,,
228769,2001,395065.0,2786.0,0.0,0.8462,0.9427,0.9905,1.0597,1.568,o,,,,
228769,2002,440080.0,2889.0,0.0,0.7878,0.8811,0.9274,0.9946,1.5941,o,2017.0,,5314.0,
228769,2003,457956.0,3152.0,0.0,0.8259,0.8987,0.9341,0.9847,1.4214,o,1996.0,,5785.0,239.0
228769,2004,489127.0,3212.0,0.0,0.788,0.834,0.8559,0.8868,1.2663,o,1797.0,,6143.0,260.0
228769,2005,485838.0,3378.0,0.0,0.8344,0.8426,0.8464,0.8516,1.0417,o,1853.0,,7262.0,290.0
228769,2006,493175.0,3480.0,0.0,0.8468,0.8299,0.8222,0.8119,0.9194,o,2109.0,2635.0,7656.0,292.0
228769,2007,490136.0,3833.0,0.0,0.9384,0.9356,0.9342,0.9325,0.9873,o,2160.0,2927.0,8968.0,319.0
228769,2008,474818.0,3835.0,0.0,0.9692,0.9971,1.0102,1.0282,1.1255,o,2341.0,3088.0,9459.0,326.0
228769,2009,482944.0,3999.0,0.0,0.9937,1.0449,1.0693,1.1034,1.2332,o,2628.0,3908.0,11194.0,332.0
228769,2010,565452.0,4159.0,0.0,0.8826,0.9319,0.9554,0.9884,1.2542,o,2751.0,4284.0,11702.0,308.0
228769,2011,642774.0,4994.0,0.0,0.9323,0.9855,1.0109,1.0465,1.26,o,2625.0,4272.0,11865.0,316.0
228769,2012,641548.0,5712.0,0.0,1.0684,1.115,1.137,1.1677,1.1944,o,2588.0,4199.0,12080.0,342.0
228769,2013,660579.0,6244.0,0.0,1.1343,1.1474,1.1535,1.1618,1.0491,o,2713.0,3812.0,11868.0,313.0
228769,2014,691716.0,6737.0,0.0,1.1687,1.1647,1.1628,1.1602,0.9855,o,2736.0,5651.0,11689.0,324.0
228769,2015,728650.0,7020.0,0.0,1.1561,1.1599,1.1616,1.1639,1.0136,o,2823.0,5750.0,11590.0,300.0
228769,2016,760505.0,7481.0,0.0,1.1804,1.1988,1.2073,1.219,1.0664,o,3054.0,6309.0,11938.0,331.0
228769,2017,838430.0,8049.0,0.0,1.152,1.1809,1.1944,1.213,1.1087,o,3368.0,5817.0,12258.0,316.0
228769,2018,822611.0,8641.0,0.0,1.2605,1.3112,1.3351,1.3684,1.1786,o,3572.0,5748.0,12403.0,322.0
228769,2019,834172.0,8906.0,0.0,1.2812,1.3512,1.3846,1.4315,1.2484,o,3707.0,5812.0,12807.0,321.0
228769,2020,872348.0,8553.0,0.0,1.1765,1.2385,1.268,1.3094,1.2386,o,3900.0,5201.0,13269.0,316.0
228769,2021,841064.0,8852.0,0.0,1.263,1.3154,1.3401,1.3746,1.1845,o,4579.0,4628.0,13281.0,333.0
228769,2022,785198.0,8415.0,0.0,1.286,1.3494,1.3794,1.4215,1.2218,o,4858.0,4044.0,12865.0,351.0
228769,2023,763949.0,7307.0,0.0,1.1478,1.2216,1.257,1.3069,1.2965,o,5233.0,3938.0,12139.0,341.0
228769,2024,793282.0,7148.0,0.0,1.0813,1.1572,1.1937,1.2454,1.3265,o,5202.0,4311.0,11728.0,306.0
228778,1998,1005140.0,7648.0,0.0,0.9131,0.9381,0.9498,0.9661,1.1194,o,,,,
228778,1999,1008173.0,7932.0,0.0,0.9441,0.9685,0.9798,0.9955,1.1118,o,,,,
228778,2000,1004226.0,7826.0,0.0,0.9352,0.9523,0.9602,0.9711,1.0784,o,,,,
228778,2001,1010514.0,7655.0,0.0,0.909,0.928,0.9368,0.9489,1.0896,o,,,,
228778,2002,1041095.0,7866.0,0.0,0.9067,0.9249,0.9333,0.945,1.0863,o,7935.0,,6524.0,
228778,2003,1080421.0,8397.0,0.0,0.9326,0.9559,0.9667,0.9817,1.108,o,6544.0,,6713.0,306.0
228778,2004,1049606.0,8917.0,0.0,1.0195,1.0153,1.0135,1.0109,0.9832,o,6795.0,,6945.0,329.0
228778,2005,1025155.0,8836.0,0.0,1.0343,1.0052,0.9921,0.9746,0.8879,o,6836.0,,9231.0,364.0
228778,2006,1011247.0,8942.0,0.0,1.0611,1.0325,1.0197,1.0025,0.8925,o,7417.0,2301.0,10863.0,390.0
228778,2007,1023476.0,8521.0,0.0,0.9991,0.9953,0.9936,0.9912,0.9844,o,7479.0,2297.0,11539.0,415.0
228778,2008,1030503.0,8669.0,0.0,1.0095,1.0366,1.0493,1.0668,1.1167,o,6718.0,2270.0,11224.0,408.0
228778,2009,1025955.0,8747.0,0.0,1.0231,1.0331,1.0378,1.0441,1.0415,o,7243.0,2457.0,12276.0,427.0
228778,2010,1046136.0,8838.0,0.0,1.0138,1.0088,1.0065,1.0033,0.9795,o,7275.0,2452.0,12774.0,448.0
228778,2011,1051844.0,9054.0,0.0,1.0329,1.0266,1.0237,1.0197,0.9746,o,7148.0,2492.0,13144.0,461.0
228778,2012,1060818.0,8821.0,0.0,0.9978,1.0016,1.0034,1.0057,1.0159,o,8092.0,2579.0,13326.0,461.0
228778,2013,1102908.0,9154.0,0.0,0.996,1.0172,1.027,1.0406,1.0916,o,7249.0,2597.0,13087.0,467.0
228778,2014,1102854.0,9398.0,0.0,1.0226,1.0362,1.0425,1.0512,1.0567,o,7285.0,2307.0,12900.0,446.0
228778,2015,1074735.0,9503.0,0.0,1.0611,1.063,1.0639,1.0651,1.0077,o,7743.0,2472.0,12833.0,446.0
228778,2016,1074375.0,10165.0,0.0,1.1354,1.1315,1.1298,1.1274,0.9861,o,8719.0,2473.0,12713.0,448.0
228778,2017,1093838.0,10105.0,0.0,1.1086,1.1275,1.1363,1.1484,1.0731,o,8381.0,2179.0,12865.0,426.0
228778,2018,1105652.0,9888.0,0.0,1.0732,1.1159,1.136,1.1641,1.1766,o,8960.0,1502.0,12959.0,452.0
228778,2019,1115734.0,10098.0,0.0,1.0861,1.124,1.1419,1.1667,1.1539,o,8170.0,1634.0,12946.0,444.0
228778,2020,1094952.0,10814.0,0.0,1.1851,1.1965,1.2018,1.209,1.0406,o,8459.0,1709.0,13010.0,445.0
228778,2021,1129409.0,10592.0,0.0,1.1254,1.1179,1.1145,1.1098,0.9725,o,9060.0,1948.0,13362.0,435.0
228778,2022,1119801.0,10374.0,0.0,1.1117,1.1144,1.1157,1.1174,1.0103,o,9109.0,2038.0,12892.0,432.0
228778,2023,1136934.0,10094.0,0.0,1.0654,1.0806,1.0876,1.0972,1.0607,o,9385.0,1995.0,12109.0,409.0
228778,2024,1176741.0,10478.0,0.0,1.0685,1.0961,1.109,1.1268,1.1122,o,9210.0,1940.0,11678.0,380.0
228787,1998,133526.0,1216.0,0.0,1.0928,1.1399,1.1621,1.1931,1.1919,o,,,,
228787,1999,134212.0,1233.0,0.0,1.1024,1.169,1.2008,1.2456,1.2765,o,,,,
228787,2000,150763.0,1254.0,0.0,0.9981,1.0622,1.0929,1.1363,1.296,o,,,,
228787,2001,167519.0,1381.0,0.0,0.9893,1.0839,1.1302,1.1966,1.4632,o,,,,
228787,2002,190878.0,1538.0,0.0,0.9669,1.1147,1.1897,1.3003,1.8085,o,945.0,,5919.0,
228787,2003,206572.0,1608.0,0.0,0.9341,1.0624,1.1269,1.2213,1.7093,o,1091.0,,6687.0,289.0
228787,2004,228664.0,1775.0,0.0,0.9315,1.0069,1.0435,1.0955,1.3832,o,1167.0,,6998.0,274.0
228787,2005,169253.0,2047.0,0.0,1.4513,1.5185,1.5503,1.5948,1.2075,o,1101.0,,8492.0,290.0
228787,2006,190855.0,2131.0,0.0,1.3399,1.3849,1.4061,1.4355,1.1478,o,1085.0,,9199.0,299.0
228787,2007,199286.0,2334.0,0.0,1.4054,1.4296,1.4408,1.4563,1.0737,o,1057.0,,11448.0,351.0
228787,2008,205995.0,2384.0,0.0,1.3888,1.3713,1.3634,1.3526,0.9486,o,1116.0,1604.0,12517.0,365.0
228787,2009,247253.0,2292.0,0.0,1.1124,1.101,1.0958,1.0888,0.9581,o,1331.0,1662.0,13021.0,408.0
228787,2010,254458.0,2340.0,0.0,1.1035,1.1338,1.148,1.1675,1.1194,o,1377.0,1827.0,13595.0,429.0
228787,2011,282619.0,2354.0,0.0,0.9995,1.0574,1.085,1.1238,1.2642,o,1789.0,1981.0,13800.0,458.0
228787,2012,316478.0,2468.0,0.0,0.9358,1.0243,1.0676,1.1296,1.457,o,1545.0,1850.0,13982.0,425.0
228787,2013,324391.0,2761.0,0.0,1.0214,1.1001,1.1381,1.1922,1.3625,o,2233.0,1886.0,14258.0,461.0
228787,2014,352807.0,2799.0,0.0,0.952,1.0312,1.0697,1.1245,1.3951,o,2520.0,2162.0,14303.0,459.0
228787,2015,386749.0,3127.0,0.0,0.9702,1.0696,1.1185,1.1888,1.5013,o,2728.0,2214.0,14183.0,495.0
228787,2016,423242.0,3082.0,0.0,0.8738,0.9743,1.0242,1.0963,1.5741,o,3229.0,2233.0,14084.0,494.0
228787,2017,468842.0,3434.0,0.0,0.8789,0.9804,1.0308,1.1037,1.5768,o,3177.0,2183.0,14267.0,488.0
228787,2018,498091.0,3907.0,0.0,0.9413,1.0112,1.0449,1.0928,1.3478,o,3862.0,2154.0,14367.0,481.0
228787,2019,540128.0,4225.0,0.0,0.9387,1.0072,1.0403,1.0871,1.3413,o,4073.0,2106.0,15904.0,425.0
228787,2020,583146.0,4637.0,0.0,0.9542,1.0222,1.0549,1.1013,1.332,o,3476.0,2068.0,16157.0,429.0
228787,2021,581452.0,4825.0,0.0,0.9958,1.0358,1.0547,1.081,1.1784,o,4042.0,1949.0,16332.0,411.0
228787,2022,569119.0,4995.0,0.0,1.0532,1.07,1.0778,1.0885,1.068,o,4218.0,1764.0,15977.0,490.0
228787,2023,571899.0,5166.0,0.0,1.084,1.0945,1.0993,1.1059,1.041,o,4160.0,1655.0,15076.0,506.0
228787,2024,580115.0,4999.0,0.0,1.0341,1.0603,1.0725,1.0894,1.1098,o,4196.0,1748.0,14564.0,463.0
228796,1998,315877.0,1589.0,0.0,0.6037,0.5649,0.548,0.5258,0.7585,o,,,,
228796,1999,310537.0,1754.0,0.0,0.6778,0.656,0.6463,0.6332,0.8729,o,,,,
228796,2000,322272.0,1744.0,0.0,0.6494,0.6608,0.6661,0.6734,1.0753,o,,,,
228796,2001,330262.0,1635.0,0.0,0.5941,0.6255,0.6405,0.6615,1.2398,o,,,,
228796,2002,357835.0,1659.0,0.0,0.5563,0.5877,0.6026,0.6236,1.2563,o,2370.0,,4428.0,
228796,2003,365068.0,1852.0,0.0,0.6088,0.6394,0.6539,0.6742,1.2267,o,2538.0,,4751.0,161.0
228796,2004,382248.0,1752.0,0.0,0.55,0.5725,0.5832,0.598,1.1821,o,2534.0,,4915.0,183.0
228796,2005,383860.0,1885.0,0.0,0.5893,0.608,0.6168,0.629,1.1395,o,2572.0,,6126.0,213.0
228796,2006,398067.0,2062.0,0.0,0.6216,0.6359,0.6426,0.6519,1.0997,o,2679.0,1290.0,6232.0,218.0
228796,2007,407992.0,2463.0,0.0,0.7244,0.7363,0.7418,0.7493,1.0699,o,2345.0,1281.0,6506.0,232.0
228796,2008,415941.0,2631.0,0.0,0.759,0.7573,0.7565,0.7554,0.9905,o,2589.0,1394.0,8209.0,236.0
228796,2009,419036.0,2969.0,0.0,0.8502,0.8433,0.8401,0.8358,0.9663,o,2525.0,1628.0,8807.0,252.0
228796,2010,436178.0,3061.0,0.0,0.8421,0.8368,0.8344,0.8311,0.9739,o,2730.0,1753.0,8896.0,249.0
228796,2011,455323.0,3059.0,0.0,0.8062,0.8149,0.819,0.8245,1.046,o,2953.0,1743.0,9396.0,250.0
228796,2012,474135.0,3047.0,0.0,0.7712,0.7978,0.8103,0.8276,1.1518,o,3029.0,1804.0,9613.0,254.0
228796,2013,468944.0,3194.0,0.0,0.8173,0.8487,0.8634,0.884,1.1697,o,3241.0,1877.0,9644.0,211.0
228796,2014,478499.0,3181.0,0.0,0.7977,0.8323,0.8486,0.8714,1.1931,o,3256.0,1915.0,9552.0,248.0
228796,2015,484277.0,3262.0,0.0,0.8083,0.8347,0.8471,0.8642,1.1432,o,3341.0,1976.0,9476.0,259.0
228796,2016,497068.0,3332.0,0.0,0.8044,0.8235,0.8324,0.8447,1.1028,o,3442.0,1883.0,9411.0,252.0
228796,2017,504544.0,3397.0,0.0,0.8079,0.8233,0.8305,0.8403,1.0818,o,3589.0,1950.0,9622.0,248.0
228796,2018,527341.0,3444.0,0.0,0.7837,0.7987,0.8057,0.8153,1.0822,o,3422.0,1916.0,9784.0,261.0
228796,2019,529014.0,3763.0,0.0,0.8536,0.8661,0.872,0.88,1.0628,o,3616.0,1702.0,10003.0,274.0
228796,2020,520935.0,3800.0,0.0,0.8753,0.8831,0.8867,0.8917,1.0376,o,3344.0,1548.0,11011.0,292.0
228796,2021,522552.0,3917.0,0.0,0.8995,0.8973,0.8963,0.895,0.9899,o,3095.0,1528.0,11030.0,284.0
228796,2022,482732.0,3944.0,0.0,0.9804,0.9606,0.9516,0.9396,0.9184,o,3782.0,1476.0,10690.0,283.0
228796,2023,493460.0,3849.0,0.0,0.936,0.9308,0.9285,0.9252,0.9771,o,3947.0,1536.0,10087.0,237.0
228796,2024,508654.0,4022.0,0.0,0.9489,0.973,0.9843,0.9999,1.1105,o,4022.0,1591.0,9744.0,227.0
228802,1998,58317.0,661.0,0.0,1.3602,1.3602,1.3602,1.3602,,n,,,,
228802,1999,63204.0,716.0,0.0,1.3594,1.3594,1.3594,1.3594,,n,,,,
228802,2000,57768.0,741.0,0.0,1.5393,1.5393,1.5393,1.5393,,n,,,,
228802,2001,66169.0,714.0,0.0,1.2949,1.2949,1.2949,1.2949,,n,,,,
228802,2002,69889.0,679.0,0.0,1.1658,1.565,1.791,2.1529,3.41,o,339.0,,4940.0,
228802,2003,83569.0,662.0,0.0,0.9506,1.1813,1.305,1.4949,2.4729,o,434.0,,4500.0,140.0
228802,2004,98183.0,711.0,0.0,0.869,1.1079,1.2383,1.4413,2.7509,o,498.0,,4763.0,153.0
228802,2005,107594.0,771.0,0.0,0.8599,1.0946,1.2226,1.4216,2.7331,o,582.0,,5318.0,165.0
228802,2006,122025.0,899.0,0.0,0.8841,1.0625,1.156,1.2967,2.1514,o,635.0,873.0,5389.0,176.0
228802,2007,127663.0,986.0,0.0,0.9268,1.0335,1.0864,1.1629,1.5744,o,624.0,855.0,6222.0,202.0
228802,2008,132462.0,1028.0,0.0,0.9313,1.001,1.0347,1.0824,1.3509,o,585.0,818.0,6550.0,203.0
228802,2009,128487.0,1187.0,0.0,1.1086,1.139,1.1533,1.1729,1.1194,o,608.0,693.0,6854.0,235.0
228802,2010,127018.0,1241.0,0.0,1.1724,1.1668,1.1643,1.1608,0.9803,o,574.0,823.0,8637.0,199.0
228802,2011,125457.0,1176.0,0.0,1.1248,1.1079,1.1003,1.0899,0.9388,o,651.0,802.0,8825.0,215.0
228802,2012,129125.0,1126.0,0.0,1.0464,1.0497,1.0513,1.0533,1.0132,o,632.0,785.0,8969.0,213.0
228802,2013,135478.0,1226.0,0.0,1.0859,1.1051,1.1139,1.1261,1.0754,o,707.0,820.0,9654.0,211.0
228802,2014,137292.0,1148.0,0.0,1.0034,1.0339,1.0482,1.068,1.1328,o,692.0,807.0,9508.0,250.0
228802,2015,146699.0,1163.0,0.0,0.9513,0.9821,0.9966,1.0167,1.142,o,780.0,983.0,9546.0,258.0
228802,2016,156514.0,1365.0,0.0,1.0466,1.0816,1.0981,1.121,1.1473,o,825.0,1031.0,9480.0,258.0
228802,2017,170072.0,1444.0,0.0,1.0189,1.0641,1.0856,1.1155,1.1987,o,716.0,1137.0,9691.0,259.0
228802,2018,175250.0,1631.0,0.0,1.1168,1.143,1.1552,1.1721,1.1015,o,907.0,1163.0,9748.0,256.0
228802,2019,175075.0,1887.0,0.0,1.2934,1.3241,1.3384,1.3581,1.1026,o,843.0,1041.0,10118.0,259.0
228802,2020,180282.0,1812.0,0.0,1.2061,1.2314,1.2432,1.2594,1.0903,o,1065.0,1096.0,10507.0,264.0
228802,2021,183070.0,2021.0,0.0,1.3247,1.3944,1.4276,1.4741,1.2382,o,1169.0,964.0,10676.0,270.0
228802,2022,180171.0,1896.0,0.0,1.2628,1.3634,1.4122,1.4816,1.3765,o,1118.0,956.0,10527.0,268.0
228802,2023,178382.0,1827.0,0.0,1.229,1.3106,1.3497,1.405,1.3069,o,1324.0,970.0,10201.0,249.0
228802,2024,192620.0,1873.0,0.0,1.1669,1.238,1.2721,1.3201,1.2799,o,1423.0,908.0,9920.0,240.0
228866,2003,2107.0,7.0,0.0,0.3987,0.3987,0.3987,0.3987,,n,,,,
228866,2004,1721.0,12.0,0.0,0.8367,0.8367,0.8367,0.8367,,n,,,,
228866,2005,1667.0,29.0,0.0,2.0876,2.0876,2.0876,2.0876,,n,,,,
228866,2008,825.0,15.0,0.0,2.1818,2.1818,2.1818,2.1818,,n,,,,
228875,1998,170898.0,1168.0,0.0,0.8201,0.8524,0.8592,0.8765,1.1421,o,,,,
228875,1999,173081.0,1196.0,0.0,0.8292,0.8623,0.8693,0.8871,1.1445,o,,,,
228875,2000,178797.0,1228.0,0.0,0.8242,0.8471,0.8519,0.8641,1.0993,o,,,,
228875,2001,182670.0,1260.0,0.0,0.8277,0.8466,0.8505,0.8605,1.0807,o,,,,
228875,2002,192263.0,1374.0,0.0,0.8576,0.8701,0.8728,0.8793,1.0514,o,1451.0,,26052.0,
228875,2003,194848.0,1437.0,0.0,0.885,0.8977,0.9003,0.907,1.0503,o,1596.0,,27768.0,917.0
228875,2004,205433.0,1445.0,0.0,0.8441,0.8546,0.8568,0.8624,1.0439,o,1607.0,,29237.0,711.0
228875,2005,205433.0,1537.0,0.0,0.8978,0.9144,0.9179,0.9266,1.0652,o,1610.0,,31773.0,807.0
228875,2006,208344.0,1506.0,0.0,0.8674,0.8882,0.8925,0.9035,1.085,o,1652.0,386.0,33218.0,845.0
228875,2007,214468.0,1624.0,0.0,0.9087,0.9268,0.9306,0.9402,1.0706,o,1644.0,414.0,34814.0,867.0
228875,2008,220005.0,1592.0,0.0,0.8683,0.8756,0.8771,0.8809,1.029,o,1630.0,409.0,36390.0,863.0
228875,2009,221076.0,1677.0,0.0,0.9103,0.9149,0.9159,0.9183,1.0177,o,1823.0,407.0,38773.0,877.0
228875,2010,226036.0,1727.0,0.0,0.9168,0.9321,0.9353,0.9433,1.0586,o,1827.0,439.0,40452.0,901.0
228875,2011,231343.0,1705.0,0.0,0.8844,0.911,0.9165,0.9307,1.1074,o,1871.0,511.0,42004.0,965.0
228875,2012,242192.0,1732.0,0.0,0.8582,0.889,0.8955,0.912,1.1295,o,1854.0,461.0,44206.0,1017.0
228875,2013,250244.0,1841.0,0.0,0.8828,0.9024,0.9066,0.9169,1.0788,o,1936.0,401.0,46240.0,1068.0
228875,2014,255593.0,1965.0,0.0,0.9226,0.9327,0.9348,0.9401,1.0384,o,1891.0,374.0,48174.0,1090.0
228875,2015,255061.0,2088.0,0.0,0.9824,0.9922,0.9942,0.9993,1.0349,o,2078.0,445.0,50391.0,1099.0
228875,2016,262895.0,2061.0,0.0,0.9408,0.9582,0.9619,0.9711,1.0655,o,1888.0,434.0,52791.0,1126.0
228875,2017,262774.0,2099.0,0.0,0.9585,0.9712,0.9739,0.9805,1.0464,o,1955.0,506.0,54395.0,1125.0
228875,2018,266773.0,2028.0,0.0,0.9122,0.9133,0.9136,0.9141,1.0042,o,2194.0,491.0,55783.0,1155.0
228875,2019,278182.0,2237.0,0.0,0.965,0.9775,0.9801,0.9866,1.0454,o,2159.0,364.0,57289.0,1160.0
228875,2020,280829.0,2157.0,0.0,0.9217,0.9469,0.9522,0.9656,1.0976,o,2287.0,444.0,59196.0,1187.0
228875,2021,289736.0,2205.0,0.0,0.9132,0.9527,0.961,0.9823,1.1569,o,2560.0,433.0,60299.0,1099.0
228875,2022,301197.0,2294.0,0.0,0.914,0.9561,0.9651,0.9878,1.1682,o,2491.0,390.0,56673.0,1030.0
228875,2023,314425.0,2398.0,0.0,0.9152,0.9555,0.9641,0.9858,1.1603,o,2488.0,431.0,55878.0,1023.0
228875,2024,326064.0,2487.0,0.0,0.9153,0.9458,0.9523,0.9686,1.1199,o,2453.0,347.0,57220.0,1039.0
228884,1998,5904.0,16.0,0.0,0.3252,0.3411,0.3444,0.353,1.1783,i,,,,
228884,1999,6919.0,20.0,0.0,0.3469,0.3133,0.3068,0.2911,0.7042,i,,,,
228884,2003,23424.0,95.0,0.0,0.4867,0.6188,0.6503,0.7363,2.2886,o,334.0,,9007.0,293.0
228884,2004,24959.0,105.0,0.0,0.5048,0.693,0.74,0.8718,2.9821,o,244.0,,12769.0,
228884,2005,22907.0,100.0,0.0,0.5239,0.6561,0.6874,0.7722,2.1729,o,252.0,,12394.0,52.0
228884,2006,24302.0,74.0,0.0,0.3654,0.4073,0.4166,0.4407,1.4545,o,166.0,,11997.0,198.0
228884,2007,29139.0,76.0,1.0,0.315,0.2989,0.2957,0.2878,0.8343,o,218.0,,13227.0,220.0
228884,2008,28385.0,82.0,1.0,0.3488,0.3098,0.3023,0.2843,0.6644,o,188.0,,12798.0,173.0
228884,2009,27325.0,93.0,3.0,0.415,0.3916,0.3869,0.3755,0.8185,o,224.0,167.0,13277.0,212.0
228884,2010,22980.0,93.0,3.0,0.4935,0.4914,0.491,0.4899,0.9856,o,199.0,151.0,13566.0,391.0
228884,2011,26708.0,91.0,9.0,0.4291,0.4413,0.4439,0.4503,1.1016,o,216.0,175.0,13236.0,316.0
228884,2012,25978.0,87.0,20.0,0.4481,0.4509,0.4515,0.453,1.0222,o,146.0,141.0,13173.0,370.0
228884,2013,23646.0,102.0,38.0,0.6141,0.5914,0.5869,0.5756,0.8786,o,242.0,172.0,12943.0,421.0
228884,2014,23447.0,80.0,21.0,0.4632,0.4517,0.4494,0.4436,0.9173,o,176.0,87.0,13176.0,462.0
228884,2015,20724.0,87.0,33.0,0.5993,0.6006,0.6008,0.6015,1.0072,o,139.0,66.0,13065.0,489.0
228884,2016,24113.0,98.0,28.0,0.5574,0.5353,0.5309,0.5199,0.8702,o,264.0,144.0,12975.0,425.0
228884,2017,28572.0,94.0,24.0,0.4452,0.4501,0.4511,0.4537,1.0387,o,266.0,132.0,12758.0,394.0
228884,2018,35070.0,84.0,21.0,0.3234,0.3464,0.3514,0.3641,1.2679,o,274.0,123.0,12473.0,322.0
228884,2019,33050.0,95.0,16.0,0.374,0.4373,0.4516,0.4897,1.7143,o,194.0,93.0,12212.0,365.0
228884,2020,28188.0,126.0,10.0,0.5577,0.5824,0.5876,0.601,1.1613,o,156.0,48.0,12019.0,360.0
228884,2021,21746.0,90.0,6.0,0.5132,0.455,0.4438,0.417,0.6604,o,181.0,75.0,11672.0,347.0
228884,2022,22454.0,83.0,6.0,0.4596,0.4009,0.3897,0.3631,0.6241,o,135.0,100.0,10979.0,321.0
228884,2023,19945.0,94.0,9.0,0.5926,0.5288,0.5165,0.487,0.6752,o,246.0,71.0,10360.0,305.0
228884,2024,19436.0,48.0,8.0,0.3211,0.3291,0.3307,0.335,1.0886,o,221.0,104.0,10008.0,291.0
228909,2023,179.0,0.0,0.0,0.0,0.0,0.0,0.0,,n,,4.0,,428.0
228909,2024,478.0,8.0,0.0,2.0084,2.0084,2.0084,2.0084,,n,,21.0,,409.0
228981,1998,38610.0,193.0,16.0,0.6247,0.6386,0.6415,0.6488,1.0785,o,,,,
228981,1999,38244.0,251.0,2.0,0.7907,0.8586,0.8734,0.9115,1.3287,o,,,,
228981,2000,39619.0,221.0,5.0,0.6769,0.7863,0.811,0.8763,1.6756,o,,,,
228981,2001,39329.0,246.0,2.0,0.7536,0.8263,0.8422,0.8833,1.3736,o,,,,
228981,2002,39934.0,271.0,2.0,0.8173,0.8284,0.8307,0.8365,1.0474,o,371.0,,23281.0,
228981,2003,38476.0,256.0,0.0,0.7984,0.7978,0.7977,0.7974,0.9973,o,380.0,,24726.0,414.0
228981,2004,39810.0,262.0,0.0,0.7898,0.8004,0.8027,0.8083,1.0474,o,399.0,,25854.0,450.0
228981,2005,39712.0,263.0,0.0,0.7947,0.8174,0.8222,0.8342,1.1018,o,380.0,,26526.0,527.0
228981,2006,38006.0,254.0,0.0,0.802,0.8118,0.8138,0.819,1.0428,o,387.0,58.0,27609.0,551.0
228981,2007,38658.0,260.0,0.0,0.8071,0.812,0.8131,0.8156,1.0213,o,365.0,61.0,28311.0,543.0
228981,2008,38527.0,250.0,0.0,0.7787,0.7707,0.7691,0.7651,0.9653,o,396.0,71.0,29354.0,559.0
228981,2009,37054.0,246.0,0.0,0.7967,0.7913,0.7902,0.7874,0.9769,o,346.0,82.0,30172.0,596.0
228981,2010,35494.0,231.0,0.0,0.781,0.7735,0.772,0.7681,0.9674,o,340.0,75.0,31320.0,610.0
228981,2011,35443.0,243.0,0.0,0.8227,0.8011,0.7967,0.7858,0.9122,o,398.0,71.0,31953.0,603.0
228981,2012,36298.0,262.0,0.0,0.8662,0.8585,0.8569,0.853,0.9698,o,355.0,61.0,32560.0,581.0
228981,2013,35613.0,235.0,0.0,0.7918,0.7952,0.7959,0.7977,1.0148,o,346.0,60.0,33406.0,554.0
228981,2014,35916.0,198.0,0.0,0.6615,0.6657,0.6666,0.6687,1.0219,o,309.0,53.0,34086.0,534.0
228981,2015,35590.0,296.0,0.0,0.998,0.9641,0.9572,0.9402,0.8875,o,395.0,59.0,34987.0,516.0
228981,2016,36998.0,307.0,0.0,0.9957,0.9765,0.9726,0.9628,0.9349,o,377.0,52.0,36171.0,517.0
228981,2017,35276.0,247.0,0.0,0.8402,0.8641,0.8691,0.8818,1.1013,o,417.0,46.0,36854.0,478.0
228981,2018,38146.0,237.0,0.0,0.7456,0.7883,0.7975,0.8209,1.2122,o,364.0,65.0,37338.0,455.0
228981,2019,40325.0,273.0,0.0,0.8124,0.8372,0.8425,0.8557,1.1094,o,419.0,60.0,36557.0,409.0
228981,2020,41532.0,237.0,0.0,0.6848,0.6876,0.6882,0.6896,1.0142,o,361.0,85.0,37092.0,430.0
228981,2021,44630.0,307.0,0.0,0.8255,0.8212,0.8203,0.8181,0.9824,o,313.0,47.0,37176.0,468.0
228981,2022,40595.0,356.0,0.0,1.0523,1.0083,0.9995,0.9776,0.863,o,344.0,50.0,36169.0,513.0
228981,2023,37543.0,372.0,0.0,1.189,1.1301,1.1182,1.0892,0.8391,o,288.0,103.0,35112.0,520.0
228981,2024,43475.0,313.0,0.0,0.8639,0.8128,0.8026,0.7777,0.8103,o,370.0,45.0,34920.0,442.0
229018,1998,40858.0,327.0,0.0,0.9604,1.0203,1.0489,1.0893,1.2865,o,,,,
229018,1999,43638.0,342.0,0.0,0.9405,0.9555,0.9625,0.9721,1.0685,o,,,,
229018,2000,45272.0,307.0,0.0,0.8137,0.8155,0.8163,0.8174,1.0091,o,,,,
229018,2001,45738.0,332.0,0.0,0.871,0.8904,0.8995,0.9119,1.0961,o,,,,
229018,2002,48837.0,418.0,0.0,1.0271,1.1056,1.1435,1.1973,1.359,o,226.0,,4216.0,
229018,2003,54264.0,367.0,0.0,0.8116,0.9342,0.9964,1.088,1.7973,o,304.0,,4412.0,140.0
229018,2004,62357.0,409.0,0.0,0.7871,0.9417,1.0224,1.1437,2.1116,o,264.0,,4623.0,123.0
229018,2005,67709.0,452.0,0.0,0.8011,0.9207,0.9814,1.0706,1.7862,o,307.0,,5028.0,168.0
229018,2006,70379.0,454.0,0.0,0.7741,0.8436,0.8776,0.926,1.4311,o,315.0,376.0,5204.0,168.0
229018,2007,78045.0,532.0,0.0,0.818,0.85,0.8651,0.8861,1.1736,o,383.0,361.0,5502.0,137.0
229018,2008,72626.0,494.0,0.0,0.8162,0.8576,0.8773,0.9048,1.2289,o,328.0,309.0,5710.0,178.0
229018,2009,68015.0,561.0,0.0,0.9898,1.0433,1.0687,1.1045,1.2452,o,330.0,398.0,6132.0,172.0
229018,2010,71920.0,526.0,0.0,0.8776,0.8896,0.8951,0.9027,1.0579,o,345.0,464.0,6436.0,235.0
229018,2011,78555.0,532.0,0.0,0.8127,0.8062,0.8032,0.7992,0.967,o,346.0,408.0,6840.0,141.0
229018,2012,75944.0,567.0,0.0,0.8959,0.8898,0.887,0.8832,0.9719,o,366.0,399.0,6972.0,162.0
229018,2013,78763.0,548.0,0.0,0.8349,0.8509,0.8583,0.8685,1.0821,o,332.0,514.0,7018.0,234.0
229018,2014,94813.0,590.0,0.0,0.7467,0.7528,0.7555,0.7593,1.0341,o,427.0,603.0,6912.0,297.0
229018,2015,106577.0,696.0,0.0,0.7837,0.8015,0.8098,0.8213,1.0984,o,507.0,542.0,6854.0,180.0
229018,2016,117753.0,746.0,0.0,0.7602,0.8114,0.836,0.8707,1.3118,o,496.0,461.0,6806.0,230.0
229018,2017,119016.0,770.0,0.0,0.7764,0.8469,0.8814,0.9307,1.437,o,452.0,500.0,7361.0,205.0
229018,2018,124874.0,879.0,0.0,0.8447,0.891,0.9131,0.944,1.249,o,384.0,521.0,7206.0,280.0
229018,2019,111506.0,910.0,0.0,0.9793,0.9536,0.9421,0.9265,0.8951,o,402.0,465.0,7638.0,270.0
229018,2020,117135.0,864.0,0.0,0.8851,0.8348,0.8127,0.7836,0.7836,o,559.0,431.0,8012.0,391.0
229018,2021,106791.0,920.0,0.0,1.0338,1.0372,1.0387,1.0409,1.0137,o,386.0,367.0,5646.0,280.0
229018,2022,99721.0,952.0,0.0,1.1456,1.1798,1.1958,1.218,1.1304,o,673.0,656.0,9661.0,227.0
229018,2023,108882.0,856.0,0.0,0.9434,1.0134,1.0472,1.0951,1.3473,o,674.0,605.0,9559.0,256.0
229018,2024,108761.0,890.0,0.0,0.982,1.0649,1.1052,1.1626,1.4017,o,641.0,578.0,10904.0,211.0
229027,1998,376781.0,2222.0,0.0,0.7077,0.7399,0.7552,0.7765,1.2041,o,,,,
229027,1999,395635.0,2222.0,0.0,0.674,0.7154,0.7352,0.7631,1.2821,o,,,,
229027,2000,391602.0,2454.0,0.0,0.752,0.7772,0.789,0.8054,1.1472,o,,,,
229027,2001,411977.0,2543.0,0.0,0.7407,0.7455,0.7476,0.7506,1.0269,o,,,,
229027,2002,433351.0,2690.0,0.0,0.7449,0.7519,0.7551,0.7596,1.0398,o,2475.0,,5153.0,
229027,2003,476485.0,2824.0,0.0,0.7112,0.7284,0.7365,0.7476,1.1049,o,3077.0,,5288.0,198.0
229027,2004,543269.0,2871.0,0.0,0.6342,0.6784,0.6996,0.7297,1.3241,o,4421.0,,5738.0,240.0
229027,2005,562443.0,3258.0,0.0,0.6951,0.7904,0.8383,0.9084,1.708,o,4482.0,,4790.0,280.0
229027,2006,593097.0,3370.0,0.0,0.6818,0.792,0.8483,0.9315,1.8665,o,4782.0,2642.0,7326.0,281.0
229027,2007,612337.0,3656.0,0.0,0.7165,0.8101,0.8571,0.9255,1.6686,o,4928.0,2554.0,9522.0,318.0
229027,2008,623001.0,3553.0,0.0,0.6844,0.7282,0.7492,0.7788,1.295,o,4843.0,2364.0,8016.0,315.0
229027,2009,628181.0,3801.0,0.0,0.7261,0.7425,0.7501,0.7607,1.0975,o,4626.0,2592.0,8713.0,334.0
229027,2010,647709.0,3881.0,0.0,0.719,0.7228,0.7246,0.7269,1.0221,o,4936.0,2640.0,9173.0,338.0
229027,2011,668508.0,4138.0,0.0,0.7428,0.7401,0.7388,0.7371,0.9848,o,5001.0,2619.0,9378.0,324.0
229027,2012,686951.0,4225.0,0.0,0.738,0.741,0.7424,0.7443,1.017,o,4489.0,2463.0,9581.0,339.0
229027,2013,679058.0,4384.0,0.0,0.7747,0.7751,0.7753,0.7756,1.0022,o,3593.0,2134.0,9878.0,317.0
229027,2014,643676.0,4537.0,0.0,0.8458,0.8124,0.7975,0.7776,0.8452,o,4983.0,2167.0,9818.0,336.0
229027,2015,643943.0,4682.0,0.0,0.8725,0.8422,0.8287,0.8106,0.863,o,4976.0,2342.0,9735.0,346.0
229027,2016,653370.0,4704.0,0.0,0.864,0.874,0.8787,0.885,1.0494,o,4377.0,2574.0,9655.0,326.0
229027,2017,658732.0,4733.0,0.0,0.8622,0.893,0.9074,0.9275,1.1573,o,5029.0,2891.0,9816.0,326.0
229027,2018,698019.0,4963.0,0.0,0.8532,0.8723,0.8813,0.8935,1.0968,o,4984.0,3176.0,9932.0,325.0
229027,2019,730747.0,5517.0,0.0,0.906,0.9072,0.9077,0.9084,1.0054,o,4599.0,3202.0,9821.0,310.0
229027,2020,744786.0,5845.0,0.0,0.9417,0.9473,0.9498,0.9533,1.0246,o,5333.0,3254.0,9930.0,327.0
229027,2021,780287.0,6297.0,0.0,0.9684,0.9811,0.987,0.9951,1.0559,o,5522.0,3179.0,9999.0,334.0
229027,2022,757502.0,5924.0,0.0,0.9385,0.9568,0.9654,0.9771,1.0841,o,5692.0,2976.0,10127.0,321.0
229027,2023,758087.0,5880.0,0.0,0.9308,0.9665,0.9834,1.0069,1.1702,o,5866.0,2901.0,9259.0,306.0
229027,2024,793935.0,5921.0,0.0,0.8949,0.9281,0.9437,0.9654,1.1637,o,5979.0,3137.0,8991.0,273.0
229036,1998,15358.0,0.0,0.0,0.0,0.0,0.0,0.0,,-,,,,
229036,1999,23220.0,0.0,0.0,0.0,0.0,0.0,0.0,,-,,,,
229036,2007,27085.0,0.0,0.0,0.0,0.0,0.0,0.0,,-,267.0,,,34.0
229036,2010,30313.0,0.0,0.0,0.0,0.0,0.0,0.0,,-,144.0,2.0,,499.0
229036,2011,27505.0,0.0,22.0,0.048,0.048,0.048,0.048,,-,135.0,14.0,,481.0
229036,2012,26297.0,0.0,74.0,0.1688,0.1688,0.1688,0.1688,,-,116.0,36.0,,395.0
229036,2013,23628.0,0.0,27.0,0.0686,0.0686,0.0686,0.0686,,-,103.0,37.0,,353.0
229036,2014,22679.0,0.0,17.0,0.045,0.045,0.045,0.045,,-,66.0,,,385.0
229036,2015,15844.0,0.0,0.0,0.0,0.0,0.0,0.0,,-,86.0,,,433.0
229036,2016,16180.0,0.0,0.0,0.0,0.0,0.0,0.0,,-,106.0,4.0,,324.0
229036,2017,17061.0,0.0,2.0,0.007,0.007,0.007,0.007,,-,81.0,36.0,,385.0
229036,2018,15878.0,0.0,0.0,0.0,0.0,0.0,0.0,,-,,,,
229063,1998,142453.0,671.0,0.0,0.5652,0.4348,0.3856,0.3273,0.3353,o,,,,
229063,1999,135090.0,550.0,0.0,0.4886,0.3892,0.3506,0.3042,0.3876,o,,,,
229063,2002,177731.0,437.0,0.0,0.2951,0.3186,0.3301,0.3463,1.3778,o,1789.0,,3833.0,
229063,2003,200280.0,465.0,0.0,0.2786,0.315,0.3332,0.3598,1.668,o,2448.0,,4619.0,184.0
229063,2004,224720.0,451.0,0.0,0.2408,0.294,0.3222,0.365,2.2965,o,2113.0,,6355.0,233.0
229063,2007,126078.0,780.0,0.0,0.7424,0.7213,0.7118,0.6991,0.8867,o,1266.0,581.0,8209.0,482.0
229063,2011,188977.0,750.0,0.0,0.4762,0.4489,0.4368,0.421,0.7813,o,1184.0,618.0,10274.0,303.0
229063,2012,181243.0,774.0,0.0,0.5125,0.5007,0.4955,0.4884,0.9081,o,1349.0,747.0,10126.0,278.0
229063,2013,178682.0,774.0,0.0,0.5198,0.5205,0.5208,0.5212,1.0056,o,1109.0,703.0,10221.0,302.0
229063,2014,168117.0,867.0,0.0,0.6189,0.6249,0.6276,0.6314,1.0411,o,1532.0,941.0,10462.0,263.0
229063,2015,179264.0,927.0,0.0,0.6205,0.6367,0.6443,0.6548,1.1134,o,1457.0,776.0,10608.0,314.0
229063,2016,180012.0,939.0,0.0,0.626,0.6513,0.6633,0.68,1.18,o,1260.0,780.0,11313.0,342.0
229063,2017,185057.0,1002.0,0.0,0.6497,0.6656,0.6729,0.6831,1.1054,o,1975.0,1067.0,11473.0,356.0
229063,2018,208655.0,974.0,0.0,0.5602,0.5881,0.6014,0.62,1.2249,o,1607.0,742.0,11432.0,357.0
229063,2019,202130.0,1120.0,0.0,0.6649,0.6944,0.7084,0.7279,1.1984,o,1475.0,700.0,11193.0,315.0
229063,2020,184824.0,1001.0,0.0,0.6499,0.6699,0.6792,0.6922,1.1343,o,724.0,328.0,11025.0,307.0
229063,2021,142919.0,928.0,0.0,0.7792,0.7102,0.6807,0.6424,0.6798,o,1294.0,480.0,10707.0,318.0
229063,2022,153434.0,929.0,0.0,0.7266,0.6331,0.5944,0.5453,0.5634,o,2372.0,464.0,10063.0,278.0
229063,2023,174268.0,908.0,0.0,0.6252,0.6518,0.6644,0.6819,1.1895,o,1657.0,464.0,9495.0,264.0
229063,2024,176601.0,1047.0,0.0,0.7114,0.8227,0.8794,0.963,1.8322,o,1628.0,448.0,9173.0,258.0
229072,1998,151673.0,0.0,379.0,0.1499,0.1499,0.1499,0.1499,,-,,,,
229072,1999,232248.0,0.0,410.0,0.1059,0.1059,0.1059,0.1059,,-,,,,
229115,1998,589294.0,3292.0,0.0,0.6704,0.6894,0.6982,0.7105,1.1234,o,,,,
229115,1999,577307.0,3468.0,0.0,0.7209,0.7174,0.7158,0.7136,0.9799,o,,,,
229115,2000,573786.0,3587.0,0.0,0.7502,0.7414,0.7374,0.7319,0.952,o,,,,
229115,2001,582714.0,3617.0,0.0,0.7449,0.7575,0.7634,0.7715,1.0727,o,,,,
229115,2002,604035.0,3678.0,0.0,0.7307,0.7734,0.7938,0.8225,1.2672,o,4531.0,,6044.0,
229115,2003,644027.0,3437.0,0.0,0.6404,0.6812,0.7007,0.7282,1.2931,o,4445.0,,6571.0,265.0
229115,2004,672384.0,3850.0,0.0,0.6871,0.7135,0.7259,0.7432,1.1698,o,3951.0,,6555.0,315.0
229115,2005,670653.0,4264.0,0.0,0.763,0.763,0.763,0.763,1.0002,o,3779.0,,7790.0,349.0
229115,2006,663838.0,4420.0,0.0,0.799,0.7748,0.7639,0.7494,0.8796,o,3918.0,2000.0,7927.0,347.0
229115,2007,661864.0,4673.0,0.0,0.8472,0.8166,0.8029,0.7846,0.8575,o,4496.0,1972.0,8130.0,361.0
229115,2008,663374.0,4839.0,0.0,0.8753,0.8758,0.876,0.8763,1.0021,o,4385.0,2183.0,8256.0,360.0
229115,2009,664168.0,4550.0,0.0,0.8221,0.8499,0.863,0.8812,1.1489,o,4586.0,2437.0,8135.0,338.0
229115,2010,694200.0,4454.0,0.0,0.7699,0.7988,0.8123,0.8312,1.1655,o,4858.0,2447.0,8877.0,368.0
229115,2011,708537.0,4544.0,0.0,0.7696,0.7912,0.8013,0.8153,1.1224,o,4464.0,2483.0,9730.0,392.0
229115,2012,716914.0,4918.0,0.0,0.8232,0.8328,0.8373,0.8434,1.0497,o,4561.0,2522.0,10041.0,394.0
229115,2013,748743.0,5207.0,0.0,0.8345,0.8357,0.8363,0.837,1.006,o,4785.0,2642.0,10049.0,394.0
229115,2014,760201.0,5222.0,0.0,0.8243,0.8222,0.8213,0.82,0.9896,o,5619.0,2920.0,9897.0,386.0
229115,2015,797396.0,5332.0,0.0,0.8024,0.8238,0.8339,0.8477,1.1161,o,5160.0,2967.0,10197.0,399.0
229115,2016,819941.0,5203.0,0.0,0.7615,0.7946,0.8103,0.8322,1.1943,o,4762.0,3068.0,10408.0,404.0
229115,2017,841524.0,5574.0,0.0,0.7948,0.8063,0.8117,0.819,1.0616,o,5883.0,2623.0,10744.0,394.0
229115,2018,868283.0,6302.0,0.0,0.871,0.8758,0.878,0.881,1.0232,o,6171.0,2573.0,11042.0,389.0
229115,2019,889040.0,6440.0,0.0,0.8693,0.8929,0.9039,0.9192,1.1183,o,6145.0,2732.0,11079.0,377.0
229115,2020,914430.0,6397.0,0.0,0.8395,0.8842,0.9054,0.9353,1.2413,o,6504.0,2866.0,11178.0,381.0
229115,2021,931351.0,6670.0,0.0,0.8594,0.8957,0.9129,0.9368,1.1883,o,6649.0,2557.0,13540.0,379.0
229115,2022,941987.0,6691.0,0.0,0.8524,0.8704,0.8788,0.8904,1.0912,o,6813.0,2252.0,13002.0,379.0
229115,2023,951570.0,7209.0,0.0,0.9091,0.9287,0.9379,0.9505,1.093,o,7220.0,2321.0,12269.0,355.0
229115,2024,972152.0,7139.0,0.0,0.8812,0.9035,0.9138,0.9282,1.1094,o,6776.0,2544.0,11852.0,338.0
229160,1998,49823.0,322.0,0.0,0.7755,0.8125,0.8203,0.8403,1.1741,o,,,,
229160,1999,49611.0,348.0,0.0,0.8417,0.8173,0.8123,0.8001,0.9034,o,,,,
229160,2000,48414.0,355.0,0.0,0.8799,0.8057,0.7911,0.7558,0.7379,o,,,,
229160,2001,47790.0,378.0,0.0,0.9492,0.8997,0.8898,0.8654,0.8314,o,,,,
229160,2002,42323.0,303.0,0.0,0.8591,0.8003,0.7887,0.7603,0.7831,o,146.0,,18517.0,
229160,2004,41984.0,285.0,0.0,0.8146,0.6723,0.6461,0.585,0.5157,o,159.0,,19353.0,564.0
229160,2005,38124.0,272.0,0.0,0.8562,0.7355,0.7128,0.6589,0.5923,o,175.0,,20796.0,616.0
229160,2006,37771.0,305.0,0.0,0.969,0.937,0.9305,0.9145,0.8907,o,181.0,,21813.0,626.0
229160,2007,32749.0,273.0,0.0,1.0003,1.0564,1.0684,1.0989,1.2068,o,214.0,,22496.0,847.0
229160,2008,35128.0,263.0,0.0,0.8984,0.9656,0.9802,1.0174,1.2825,o,206.0,283.0,23084.0,1091.0
229160,2009,37988.0,299.0,0.0,0.9445,1.0094,1.0234,1.0591,1.2575,o,188.0,260.0,24071.0,1123.0
229160,2010,49890.0,324.0,0.0,0.7793,0.8026,0.8075,0.8199,1.1067,o,215.0,292.0,25388.0,694.0
229160,2011,52200.0,353.0,0.0,0.8115,0.8162,0.8172,0.8197,1.0203,o,168.0,272.0,26118.0,694.0
229160,2012,40550.0,344.0,0.0,1.018,0.9911,0.9857,0.9721,0.9119,o,282.0,262.0,26886.0,609.0
229160,2013,44328.0,296.0,0.0,0.8013,0.8328,0.8395,0.8564,1.1421,o,273.0,300.0,27859.0,835.0
229160,2014,47924.0,290.0,0.0,0.7261,0.7968,0.8122,0.8522,1.3772,o,313.0,302.0,29018.0,809.0
229160,2015,49267.0,262.0,0.0,0.6382,0.7219,0.7406,0.7894,1.53,o,369.0,283.0,30214.0,780.0
229160,2016,49970.0,330.0,0.0,0.7925,0.894,0.9166,0.9756,1.5156,o,301.0,324.0,31703.0,787.0
229160,2017,46801.0,361.0,0.0,0.9256,0.9776,0.9887,1.017,1.2072,o,306.0,283.0,33208.0,780.0
229160,2018,46137.0,374.0,0.0,0.9728,0.9827,0.9848,0.99,1.0358,o,299.0,218.0,34646.0,779.0
229160,2019,41583.0,327.0,0.0,0.9437,0.9114,0.9049,0.8888,0.8871,o,327.0,253.0,36972.0,792.0
229160,2020,43177.0,339.0,0.0,0.9422,0.9238,0.92,0.9107,0.9343,o,243.0,181.0,38241.0,757.0
229160,2021,42155.0,322.0,0.0,0.9166,0.9001,0.8967,0.8882,0.939,o,375.0,144.0,38995.0,710.0
229160,2022,44412.0,341.0,0.0,0.9214,0.9271,0.9283,0.9312,1.0215,o,464.0,196.0,37751.0,604.0
229160,2023,46448.0,312.0,0.0,0.8061,0.8775,0.8931,0.9332,1.3403,o,497.0,191.0,37398.0,589.0
229160,2024,48971.0,288.0,0.0,0.7057,0.8211,0.8473,0.9163,1.686,o,479.0,192.0,37934.0,558.0
229179,1998,155913.0,1283.0,0.0,0.9875,0.9864,0.9858,0.9852,0.9953,o,,,,
229179,1999,140238.0,1209.0,0.0,1.0345,1.0466,1.0522,1.0599,1.0497,o,,,,
229179,2000,129601.0,1237.0,0.0,1.1454,1.1145,1.1007,1.0821,0.8926,o,,,,
229179,2001,120200.0,1148.0,0.0,1.1461,1.0949,1.0722,1.042,0.8267,o,,,,
229179,2002,122909.0,1047.0,0.0,1.0222,1.0342,1.0397,1.0473,1.0498,o,529.0,,4677.0,
229179,2004,147076.0,944.0,0.0,0.7702,0.8665,0.9145,0.9844,1.6334,o,647.0,,5920.0,229.0
229179,2005,161518.0,1130.0,0.0,0.8395,0.9194,0.9585,1.0145,1.4601,o,693.0,,6953.0,253.0
229179,2006,169626.0,1182.0,0.0,0.8362,0.8901,0.9159,0.9524,1.2972,o,812.0,819.0,7526.0,276.0
229179,2007,179647.0,1311.0,0.0,0.8757,0.9351,0.9637,1.004,1.3144,o,786.0,1051.0,7577.0,277.0
229179,2008,185684.0,1446.0,0.0,0.9345,0.9888,1.0147,1.0511,1.2652,o,802.0,1068.0,8534.0,247.0
229179,2009,191740.0,1573.0,0.0,0.9845,1.0254,1.0447,1.0717,1.1851,o,759.0,1289.0,9410.0,250.0
229179,2010,185333.0,1756.0,0.0,1.137,1.147,1.1516,1.1579,1.0372,o,971.0,1351.0,7213.0,249.0
229179,2011,198917.0,1795.0,0.0,1.0829,1.1037,1.1134,1.1267,1.0826,o,1072.0,1397.0,7577.0,253.0
229179,2012,227070.0,1873.0,0.0,0.9898,1.0515,1.0811,1.1227,1.2865,o,1186.0,1352.0,7387.0,265.0
229179,2013,234190.0,1926.0,0.0,0.9869,1.0783,1.123,1.1869,1.4465,o,1169.0,1348.0,9424.0,239.0
229179,2014,237588.0,1967.0,0.0,0.9935,1.0698,1.1067,1.1591,1.3613,o,1183.0,1403.0,9662.0,241.0
229179,2015,239920.0,2062.0,0.0,1.0313,1.0668,1.0835,1.1066,1.1512,o,1154.0,1391.0,10230.0,256.0
229179,2016,246561.0,2214.0,0.0,1.0775,1.0865,1.0906,1.0962,1.035,o,1302.0,1377.0,9008.0,278.0
229179,2017,255035.0,2181.0,0.0,1.0262,1.0366,1.0414,1.048,1.0429,o,1280.0,1405.0,9227.0,256.0
229179,2018,254925.0,2162.0,0.0,1.0177,1.0408,1.0515,1.0663,1.0978,o,1244.0,1385.0,9330.0,248.0
229179,2019,257214.0,2056.0,0.0,0.9592,0.9771,0.9854,0.9968,1.08,o,1301.0,1361.0,9513.0,234.0
229179,2020,272749.0,2182.0,0.0,0.96,0.9682,0.972,0.9772,1.0362,o,1130.0,1277.0,9527.0,244.0
229179,2021,272538.0,2391.0,0.0,1.0528,1.0377,1.0308,1.0215,0.9415,o,1287.0,1274.0,9636.0,232.0
229179,2022,262623.0,2191.0,0.0,1.0011,0.9908,0.9861,0.9797,0.9576,o,1343.0,1240.0,9209.0,204.0
229179,2023,263355.0,2141.0,0.0,0.9756,0.9833,0.9868,0.9917,1.0334,o,1473.0,1209.0,8603.0,211.0
229179,2024,266078.0,2151.0,0.0,0.9701,1.0049,1.0213,1.0441,1.1584,o,1596.0,1129.0,8648.0,194.0
229267,1998,66881.0,494.0,0.0,0.8864,0.8872,0.8874,0.8878,1.0032,o,,,,
229267,1999,66465.0,504.0,0.0,0.91,0.9213,0.9236,0.9296,1.0436,o,,,,
229267,2000,68653.0,499.0,0.0,0.8722,0.8895,0.8931,0.9022,1.0699,o,,,,
229267,2001,69832.0,520.0,0.0,0.8936,0.9045,0.9067,0.9125,1.0427,o,,,,
229267,2002,71343.0,534.0,0.0,0.8982,0.8972,0.897,0.8965,0.9961,o,674.0,,28675.0,
229267,2003,72219.0,538.0,0.0,0.8939,0.8978,0.8985,0.9005,1.0148,o,632.0,,29508.0,645.0
229267,2004,72313.0,550.0,0.0,0.9127,0.9151,0.9157,0.9169,1.0093,o,640.0,,31801.0,683.0
229267,2005,72253.0,530.0,0.0,0.8802,0.8771,0.8764,0.8748,0.9876,o,651.0,,32208.0,707.0
229267,2006,72457.0,595.0,0.0,0.9854,0.9823,0.9817,0.9801,0.9893,o,687.0,,33626.0,754.0
229267,2007,72304.0,553.0,0.0,0.9178,0.9243,0.9256,0.929,1.0245,o,631.0,26.0,35217.0,720.0
229267,2008,73180.0,544.0,0.0,0.892,0.9013,0.9032,0.908,1.0362,o,655.0,20.0,36615.0,731.0
229267,2009,71365.0,558.0,0.0,0.9383,0.9372,0.937,0.9365,0.9961,o,640.0,28.0,38609.0,783.0
229267,2010,74101.0,586.0,0.0,0.949,0.94,0.9382,0.9336,0.9679,o,587.0,23.0,40672.0,774.0
229267,2011,72466.0,553.0,0.0,0.9157,0.8969,0.8931,0.8836,0.931,o,636.0,21.0,41899.0,750.0
229267,2012,70106.0,561.0,0.0,0.9603,0.9464,0.9435,0.9364,0.951,o,596.0,24.0,42663.0,761.0
229267,2013,69177.0,572.0,0.0,0.9922,0.978,0.9751,0.9678,0.9514,o,534.0,25.0,43938.0,734.0
229267,2014,65283.0,517.0,0.0,0.9503,0.9279,0.9233,0.912,0.9209,o,655.0,25.0,45657.0,760.0
229267,2015,67899.0,523.0,0.0,0.9243,0.9168,0.9152,0.9114,0.9722,o,602.0,28.0,47276.0,763.0
229267,2016,68445.0,479.0,0.0,0.8398,0.8447,0.8457,0.8483,1.0203,o,662.0,25.0,49078.0,764.0
229267,2017,69623.0,462.0,0.0,0.7963,0.8226,0.8281,0.8422,1.1186,o,642.0,25.0,50431.0,754.0
229267,2018,73745.0,537.0,0.0,0.8738,0.8975,0.9025,0.9151,1.0967,o,690.0,18.0,51526.0,754.0
229267,2019,74124.0,520.0,0.0,0.8418,0.8561,0.8591,0.8666,1.0597,o,646.0,28.0,52440.0,749.0
229267,2020,75527.0,552.0,0.0,0.877,0.8912,0.8942,0.9017,1.057,o,634.0,27.0,53703.0,790.0
229267,2021,74461.0,571.0,0.0,0.9202,0.9153,0.9142,0.9117,0.9816,o,663.0,20.0,54225.0,717.0
229267,2022,73494.0,582.0,0.0,0.9503,0.943,0.9415,0.9377,0.9737,o,655.0,22.0,51991.0,688.0
229267,2023,73196.0,586.0,0.0,0.9607,0.9569,0.9562,0.9542,0.9865,o,659.0,24.0,50996.0,706.0
229267,2024,74787.0,588.0,0.0,0.9435,0.9507,0.9522,0.9559,1.0266,o,650.0,34.0,51352.0,686.0
229300,1998,7405.0,91.0,0.0,1.4747,1.4747,1.4747,1.4747,,n,,,,
229300,1999,7673.0,92.0,0.0,1.4388,1.4388,1.4388,1.4388,,n,,,,
229300,2000,7972.0,91.0,0.0,1.3698,1.3698,1.3698,1.3698,,n,,,,
229300,2001,9319.0,95.0,0.0,1.2233,1.2233,1.2233,1.2233,,n,,,,
229300,2002,11511.0,113.0,0.0,1.178,1.178,1.178,1.178,,n,,,,
229300,2003,11863.0,125.0,0.0,1.2644,1.2644,1.2644,1.2644,,n,,,,386.0
229300,2004,11453.0,152.0,0.0,1.5926,1.5926,1.5926,1.5926,,n,,,,415.0
229300,2005,13288.0,177.0,0.0,1.5984,1.5984,1.5984,1.5984,,n,,,,452.0
229300,2006,12804.0,206.0,0.0,1.9306,1.9306,1.9306,1.9306,,n,,,,511.0
229300,2007,14740.0,200.0,0.0,1.6282,1.6282,1.6282,1.6282,,n,,433.0,,500.0
229300,2008,17335.0,236.0,0.0,1.6337,1.6337,1.6337,1.6337,,n,,,,469.0
229300,2009,15853.0,240.0,0.0,1.8167,1.8167,1.8167,1.8167,,n,,462.0,,552.0
229300,2010,17837.0,258.0,0.0,1.7357,1.7357,1.7357,1.7357,,n,,518.0,,559.0
229300,2011,17820.0,335.0,0.0,2.2559,2.2559,2.2559,2.2559,,n,,594.0,,403.0
229300,2012,22885.0,311.0,0.0,1.6308,1.6308,1.6308,1.6308,,n,,180.0,,402.0
229300,2013,25156.0,414.0,0.0,1.9749,1.9749,1.9749,1.9749,,n,,112.0,,407.0
229300,2014,31902.0,427.0,0.0,1.6062,1.6062,1.6062,1.6062,,n,,57.0,,407.0
229300,2015,27397.0,421.0,0.0,1.844,1.844,1.844,1.844,,n,,102.0,,461.0
229300,2016,28134.0,423.0,0.0,1.8042,1.8042,1.8042,1.8042,,n,,110.0,,499.0
229300,2017,29069.0,407.0,0.0,1.6801,1.6801,1.6801,1.6801,,n,,114.0,,495.0
229300,2018,30889.0,459.0,0.0,1.7832,1.7832,1.7832,1.7832,,n,,109.0,,489.0
229300,2019,27925.0,478.0,0.0,2.0541,2.0541,2.0541,2.0541,,n,,131.0,,515.0
229300,2020,28217.0,491.0,0.0,2.0881,2.0881,2.0881,2.0881,,n,,133.0,,472.0
229300,2021,28791.0,467.0,0.0,1.9464,1.9464,1.9464,1.9464,,n,,111.0,,539.0
229300,2022,25428.0,421.0,0.0,1.9868,1.9868,1.9868,1.9868,,n,,42.0,,530.0
229300,2023,20758.0,375.0,0.0,2.1678,2.1678,2.1678,2.1678,,n,,61.0,,554.0
229300,2024,19057.0,297.0,0.0,1.8702,1.8702,1.8702,1.8702,,n,,59.0,,526.0
229319,1998,100737.0,0.0,212.0,0.1263,0.1269,0.1286,0.1294,1.0768,o,,,,
229319,1999,108510.0,0.0,287.0,0.1587,0.1693,0.2001,0.2155,2.528,o,,,,
229319,2000,48270.0,0.0,285.0,0.3543,0.3437,0.3181,0.3073,0.65,o,,,,
229319,2001,94155.0,0.0,229.0,0.1459,0.1393,0.1235,0.1171,0.5128,o,,,,
229319,2003,57351.0,0.0,231.0,0.2417,0.2507,0.2756,0.2874,1.6916,o,749.0,,4043.0,69.0
229319,2007,102657.0,0.0,266.0,0.1555,0.1545,0.1519,0.1508,0.9123,o,511.0,,4195.0,55.0
229319,2008,112034.0,0.0,308.0,0.1649,0.1623,0.1555,0.1526,0.7904,o,443.0,132.0,4358.0,94.0
229319,2009,121169.0,0.0,333.0,0.1649,0.162,0.1548,0.1517,0.7772,o,512.0,173.0,6086.0,21.0
229319,2010,134865.0,0.0,306.0,0.1361,0.1368,0.1386,0.1394,1.0734,o,511.0,155.0,5198.0,29.0
229319,2011,120327.0,0.0,364.0,0.1815,0.1824,0.1846,0.1856,1.0702,o,563.0,237.0,7266.0,53.0
229319,2012,111696.0,0.0,405.0,0.2176,0.219,0.2228,0.2246,1.1007,o,620.0,310.0,8294.0,44.0
229319,2013,110989.0,0.0,431.0,0.233,0.2354,0.2415,0.2443,1.1546,o,766.0,304.0,8181.0,47.0
229319,2014,113953.0,0.0,446.0,0.2348,0.2391,0.2505,0.2557,1.295,o,702.0,241.0,4297.0,45.0
229328,1998,42210.0,0.0,133.0,0.1891,0.1909,0.1957,0.1979,1.148,o,,,,
229328,1999,41880.0,0.0,141.0,0.202,0.2119,0.2397,0.2532,1.9823,o,,,,
229328,2001,42476.0,0.0,168.0,0.2373,0.2298,0.2116,0.204,0.6321,o,,,,
229328,2003,51489.0,0.0,197.0,0.2296,0.237,0.2571,0.2666,1.5736,o,466.0,,2678.0,79.0
229328,2004,50266.0,0.0,146.0,0.1743,0.172,0.1662,0.1636,0.8262,o,518.0,,2614.0,77.0
229328,2011,36740.0,0.0,276.0,0.4507,0.4278,0.374,0.3523,0.4741,o,100.0,130.0,5679.0,81.0
229328,2012,39871.0,0.0,227.0,0.3416,0.325,0.2858,0.27,0.4902,o,142.0,100.0,6821.0,67.0
229328,2013,27275.0,0.0,213.0,0.4686,0.4715,0.479,0.4824,1.0923,o,350.0,158.0,6882.0,119.0
229328,2014,28906.0,0.0,223.0,0.4629,0.4986,0.6037,0.6572,2.8926,o,146.0,550.0,6778.0,167.0
229337,1998,16678.0,233.0,0.0,1.6765,1.6476,1.6346,1.6169,0.9302,o,,,,
229337,1999,16311.0,205.0,0.0,1.5082,1.4636,1.4435,1.4167,0.8824,o,,,,
229337,2000,12558.0,196.0,0.0,1.8729,2.0746,2.1741,2.3176,1.5312,o,,,,
229337,2001,11415.0,187.0,0.0,1.9658,2.4255,2.6707,3.0455,2.4,o,,,,
229337,2002,12802.0,212.0,0.0,1.9872,2.5798,2.9076,3.4227,2.9667,o,37.0,,,
229337,2003,14734.0,219.0,0.0,1.7836,1.9017,1.9584,2.0384,1.3061,o,,,,534.0
229337,2004,20040.0,266.0,0.0,1.5928,1.5928,1.5928,1.5928,,n,,,,434.0
229337,2005,23080.0,364.0,0.0,1.8925,1.8925,1.8925,1.8925,,n,,,,418.0
229337,2006,22995.0,430.0,0.0,2.244,2.244,2.244,2.244,,n,,,,450.0
229337,2008,22432.0,479.0,0.0,2.5624,2.5624,2.5624,2.5624,,n,,,,508.0
229337,2009,25684.0,544.0,0.0,2.5417,2.5417,2.5417,2.5417,,n,,,,558.0
229337,2010,28598.0,604.0,0.0,2.5344,2.5344,2.5344,2.5344,,n,,,,321.0
229337,2011,37369.0,684.0,0.0,2.1965,2.1965,2.1965,2.1965,,n,,415.0,,306.0
229337,2012,45058.0,860.0,0.0,2.2904,2.2904,2.2904,2.2904,,n,,511.0,,347.0
229337,2013,46857.0,968.0,0.0,2.479,2.479,2.479,2.479,,n,,465.0,,356.0
229337,2014,60584.0,933.0,0.0,1.848,1.848,1.848,1.848,,n,,487.0,,347.0
229337,2015,61180.0,1126.0,0.0,2.2086,2.2086,2.2086,2.2086,,n,,551.0,,350.0
229337,2016,67754.0,1112.0,0.0,1.9695,1.9695,1.9695,1.9695,,n,,618.0,,356.0
229337,2017,76585.0,1237.0,0.0,1.9382,1.9382,1.9382,1.9382,,n,,598.0,,350.0
229337,2018,73024.0,1155.0,0.0,1.898,1.898,1.898,1.898,,n,,462.0,,338.0
229337,2019,76118.0,1293.0,0.0,2.0384,2.0384,2.0384,2.0384,,n,,399.0,,348.0
229337,2020,73125.0,1223.0,0.0,2.007,2.007,2.007,2.007,,n,,277.0,,361.0
229337,2021,73130.0,1092.0,0.0,1.7919,1.7919,1.7919,1.7919,,n,,263.0,,383.0
229337,2022,75126.0,1122.0,0.0,1.7922,1.7922,1.7922,1.7922,,n,,284.0,,375.0
229337,2023,75192.0,1108.0,0.0,1.7683,1.7683,1.7683,1.7683,,n,,310.0,,344.0
229337,2024,74135.0,1084.0,0.0,1.7546,1.7546,1.7546,1.7546,,n,,551.0,,338.0
229355,1998,182350.0,0.0,665.0,0.2188,0.2285,0.2554,0.2684,1.8571,o,,,,
229355,1999,180162.0,0.0,703.0,0.2341,0.239,0.2519,0.2579,1.3402,o,,,,
229355,2000,187248.0,0.0,638.0,0.2044,0.2046,0.205,0.2052,1.0107,o,,,,
229355,2001,147582.0,0.0,719.0,0.2923,0.2898,0.2835,0.2807,0.8842,o,,,,
229355,2002,195239.0,0.0,800.0,0.2459,0.245,0.2429,0.2419,0.9524,o,2401.0,,1750.0,
229355,2003,208234.0,0.0,900.0,0.2593,0.2602,0.2626,0.2637,1.0521,o,2558.0,,1920.0,64.0
229355,2004,214538.0,0.0,964.0,0.2696,0.2712,0.2755,0.2774,1.0901,o,2667.0,,2239.0,74.0
229355,2005,195004.0,0.0,1032.0,0.3175,0.3192,0.3234,0.3253,1.0756,o,2426.0,,2350.0,87.0
229355,2007,206561.0,0.0,962.0,0.2794,0.2812,0.2858,0.2878,1.0941,o,2119.0,749.0,2329.0,86.0
229355,2008,205955.0,0.0,789.0,0.2299,0.2266,0.2183,0.2147,0.8131,o,2466.0,816.0,2268.0,90.0
229355,2009,223566.0,0.0,917.0,0.2461,0.2462,0.2464,0.2465,1.0055,o,2435.0,926.0,2331.0,91.0
229355,2010,258208.0,0.0,1028.0,0.2389,0.2399,0.2425,0.2437,1.0622,o,2826.0,1004.0,2733.0,75.0
229355,2011,263416.0,0.0,1126.0,0.2565,0.259,0.2658,0.2688,1.1532,o,2571.0,854.0,2792.0,57.0
229355,2012,259044.0,0.0,1304.0,0.302,0.3016,0.3003,0.2998,0.9774,o,2811.0,664.0,3078.0,64.0
229355,2013,243117.0,0.0,1245.0,0.3073,0.3081,0.3104,0.3114,1.0417,o,2958.0,738.0,3024.0,76.0
229355,2014,239736.0,0.0,1330.0,0.3329,0.3351,0.3408,0.3434,1.0992,o,2845.0,631.0,3097.0,67.0
229355,2015,249936.0,0.0,1438.0,0.3452,0.3449,0.344,0.3436,0.9863,o,2891.0,716.0,3070.0,78.0
229355,2016,247251.0,0.0,1430.0,0.347,0.3469,0.3467,0.3466,0.9964,o,2995.0,717.0,3124.0,88.0
229355,2017,256452.0,0.0,1485.0,0.3474,0.3485,0.3512,0.3524,1.0443,o,2924.0,977.0,3358.0,101.0
229355,2018,258958.0,14.0,1800.0,0.4235,0.4234,0.4229,0.4226,0.9935,o,3296.0,848.0,3470.0,95.0
229355,2019,268541.0,7.0,1973.0,0.444,0.4473,0.4561,0.46,1.1137,o,3132.0,710.0,3614.0,99.0
229355,2020,220485.0,8.0,1735.0,0.4765,0.4767,0.4773,0.4776,1.0071,o,2962.0,627.0,3560.0,116.0
229355,2021,242059.0,48.0,1878.0,0.4893,0.4865,0.4794,0.4763,0.9216,o,2932.0,782.0,3457.0,103.0
229355,2022,240198.0,45.0,1723.0,0.4529,0.4517,0.4485,0.4472,0.9623,o,2791.0,703.0,3249.0,93.0
229355,2023,245585.0,30.0,1687.0,0.4268,0.4252,0.4211,0.4192,0.9471,o,2936.0,736.0,3066.0,93.0
229355,2024,251566.0,33.0,1780.0,0.4403,0.4411,0.4431,0.444,1.026,o,2876.0,690.0,3112.0,93.0
229416,1998,55036.0,0.0,0.0,0.0,0.0,0.0,0.0,,-,,,,
229416,1999,66870.0,0.0,0.0,0.0,0.0,0.0,0.0,,-,,,,
229416,2004,123033.0,0.0,0.0,0.0,0.0,0.0,0.0,,-,1444.0,,,540.0
229416,2005,209546.0,0.0,0.0,0.0,0.0,0.0,0.0,,-,917.0,,,336.0
229416,2006,200218.0,0.0,0.0,0.0,0.0,0.0,0.0,,-,833.0,,,340.0
229416,2007,176379.0,0.0,0.0,0.0,0.0,0.0,0.0,,-,818.0,,,362.0
229416,2008,102772.0,0.0,0.0,0.0,0.0,0.0,0.0,,-,1018.0,,,486.0
229416,2009,118230.0,0.0,0.0,0.0,0.0,0.0,0.0,,-,1201.0,,,340.0
229416,2010,141015.0,0.0,0.0,0.0,0.0,0.0,0.0,,-,1320.0,,,342.0
229416,2011,111840.0,0.0,0.0,0.0,0.0,0.0,0.0,,-,911.0,,,401.0
229416,2012,109844.0,0.0,0.0,0.0,0.0,0.0,0.0,,-,495.0,,,452.0
229416,2013,97066.0,0.0,0.0,0.0,0.0,0.0,0.0,,-,556.0,,,464.0
229416,2014,97724.0,0.0,0.0,0.0,0.0,0.0,0.0,,-,472.0,,,473.0
229416,2015,91443.0,0.0,0.0,0.0,0.0,0.0,0.0,,-,417.0,,,488.0
229416,2016,81743.0,0.0,0.0,0.0,0.0,0.0,0.0,,-,378.0,,,512.0
229416,2017,75284.0,0.0,0.0,0.0,0.0,0.0,0.0,,-,376.0,,,503.0
229416,2018,67878.0,0.0,0.0,0.0,0.0,0.0,0.0,,-,428.0,,,474.0
229416,2019,64858.0,0.0,0.0,0.0,0.0,0.0,0.0,,-,445.0,,,525.0
229416,2020,63098.0,0.0,0.0,0.0,0.0,0.0,0.0,,-,721.0,,,507.0
229416,2021,73312.0,0.0,0.0,0.0,0.0,0.0,0.0,,-,830.0,,,542.0
229416,2022,83642.0,0.0,491.0,0.3522,0.3522,0.3522,0.3522,,-,467.0,154.0,,501.0
229416,2023,77396.0,0.0,741.0,0.5744,0.5744,0.5744,0.5744,,-,501.0,159.0,,489.0
229416,2024,78159.0,0.0,625.0,0.4798,0.4798,0.4798,0.4798,,-,762.0,523.0,,517.0
229504,1998,40540.0,0.0,127.0,0.188,0.1875,0.1863,0.1858,0.9648,o,,,,
229504,1999,43224.0,0.0,139.0,0.1929,0.1929,0.1927,0.1926,0.9943,o,,,,
229504,2000,47784.0,0.0,153.0,0.1921,0.1969,0.2097,0.2156,1.4186,o,,,,
229504,2002,57217.0,0.0,220.0,0.2307,0.2331,0.2393,0.2421,1.158,o,650.0,,,
229504,2003,66014.0,0.0,203.0,0.1845,0.1854,0.1879,0.189,1.0753,o,756.0,,1907.0,44.0
229504,2004,64380.0,0.0,173.0,0.1612,0.1628,0.1669,0.1687,1.1481,o,713.0,,1891.0,73.0
229504,2005,59130.0,0.0,158.0,0.1603,0.1605,0.1609,0.1611,1.0142,o,815.0,,2028.0,47.0
229504,2006,58830.0,0.0,193.0,0.1968,0.1983,0.202,0.2037,1.1096,o,829.0,297.0,2462.0,53.0
229504,2007,58710.0,0.0,167.0,0.1707,0.1716,0.1742,0.1753,1.0851,o,447.0,254.0,2526.0,57.0
229504,2008,54473.0,0.0,178.0,0.1961,0.1879,0.1684,0.1604,0.5438,o,453.0,257.0,2693.0,50.0
229504,2009,63180.0,0.0,192.0,0.1823,0.178,0.1674,0.1629,0.71,o,595.0,239.0,3021.0,76.0
229504,2010,72600.0,0.0,235.0,0.1942,0.198,0.2083,0.213,1.3222,o,472.0,257.0,3559.0,68.0
229504,2011,81870.0,0.0,238.0,0.1744,0.1732,0.1699,0.1685,0.9008,o,554.0,269.0,3643.0,62.0
229504,2012,70200.0,0.0,223.0,0.1906,0.1911,0.1924,0.193,1.0384,o,551.0,212.0,3714.0,68.0
229504,2013,66480.0,0.0,249.0,0.2247,0.2259,0.2288,0.2301,1.0741,o,548.0,230.0,3850.0,94.0
229504,2014,71160.0,0.0,270.0,0.2277,0.2275,0.2272,0.227,0.9919,o,518.0,240.0,3871.0,90.0
229504,2015,59250.0,0.0,242.0,0.2451,0.2441,0.2415,0.2403,0.9427,o,459.0,192.0,3838.0,107.0
229504,2016,56940.0,0.0,275.0,0.2898,0.2868,0.2792,0.2758,0.8612,o,503.0,186.0,3812.0,105.0
229504,2017,62100.0,0.0,251.0,0.2425,0.243,0.2443,0.2449,1.0297,o,437.0,210.0,4016.0,101.0
229504,2018,67770.0,0.0,301.0,0.2665,0.2647,0.2602,0.2582,0.9085,o,424.0,187.0,4113.0,95.0
229504,2019,55611.0,0.0,316.0,0.3409,0.3385,0.3323,0.3295,0.9021,o,408.0,196.0,3758.0,107.0
229504,2020,55126.0,0.0,286.0,0.3113,0.3101,0.3071,0.3058,0.9477,o,369.0,154.0,3798.0,98.0
229504,2021,50750.0,0.0,330.0,0.3901,0.3869,0.3786,0.375,0.887,o,297.0,146.0,4155.0,105.0
229504,2022,45329.0,0.0,306.0,0.405,0.3975,0.3787,0.3707,0.7645,o,298.0,123.0,4081.0,113.0
229504,2023,44588.0,0.0,245.0,0.3297,0.3271,0.3207,0.3178,0.8949,o,350.0,34.0,4223.0,
229504,2024,41262.0,0.0,283.0,0.4115,0.4162,0.4286,0.4342,1.1765,o,320.0,126.0,4080.0,20.0
229540,1998,76295.0,0.0,207.0,0.1628,0.1645,0.1689,0.1709,1.1592,o,,,,
229540,1999,78237.0,0.0,225.0,0.1726,0.1738,0.1772,0.1787,1.1125,o,,,,
229540,2000,78580.0,0.0,245.0,0.1871,0.1866,0.1854,0.1849,0.9654,o,,,,
229540,2001,80150.0,0.0,226.0,0.1692,0.1707,0.1745,0.1762,1.1317,o,,,,
229540,2002,78343.0,0.0,281.0,0.2152,0.2127,0.2065,0.2038,0.8476,o,787.0,,1725.0,
229540,2003,78753.0,0.0,266.0,0.2027,0.2,0.1933,0.1904,0.828,o,786.0,,1795.0,67.0
229540,2004,80896.0,0.0,242.0,0.1795,0.1791,0.178,0.1775,0.9662,o,827.0,,1801.0,74.0
229540,2005,80731.0,0.0,269.0,0.1999,0.2006,0.2024,0.2033,1.0515,o,700.0,,1825.0,71.0
229540,2006,77412.0,0.0,282.0,0.2186,0.2164,0.211,0.2086,0.8679,o,643.0,244.0,2103.0,77.0
229540,2007,71367.0,0.0,295.0,0.248,0.245,0.2376,0.2343,0.8422,o,757.0,240.0,2102.0,89.0
229540,2008,74015.0,0.0,299.0,0.2424,0.2444,0.2498,0.2522,1.1273,o,766.0,202.0,2180.0,94.0
229540,2009,74160.0,0.0,329.0,0.2662,0.2679,0.2722,0.2742,1.0943,o,709.0,199.0,2328.0,99.0
229540,2010,80599.0,0.0,292.0,0.2174,0.2163,0.2135,0.2123,0.9311,o,751.0,233.0,2959.0,143.0
229540,2011,85393.0,0.0,316.0,0.222,0.2223,0.223,0.2234,1.0183,o,926.0,418.0,2973.0,140.0
229540,2012,86795.0,0.0,318.0,0.2198,0.2235,0.2333,0.2378,1.2685,o,749.0,211.0,3265.0,151.0
229540,2013,81891.0,0.0,309.0,0.2264,0.2246,0.2201,0.2181,0.8933,o,680.0,177.0,3208.0,146.0
229540,2014,79017.0,0.0,395.0,0.2999,0.2956,0.2847,0.28,0.8119,o,696.0,198.0,3278.0,156.0
229540,2015,72403.0,0.0,467.0,0.387,0.3863,0.3845,0.3837,0.9741,o,776.0,257.0,3446.0,171.0
229540,2016,70529.0,0.0,490.0,0.4168,0.4204,0.4296,0.4337,1.1279,o,765.0,153.0,3423.0,174.0
229540,2017,70918.0,0.0,516.0,0.4366,0.4377,0.4408,0.4422,1.0394,o,633.0,72.0,3365.0,170.0
229540,2018,70137.0,0.0,465.0,0.3978,0.3924,0.3787,0.3728,0.8215,o,669.0,198.0,3290.0,172.0
229540,2019,64492.0,0.0,470.0,0.4373,0.4359,0.4325,0.431,0.9571,o,713.0,217.0,2723.0,176.0
229540,2020,62311.0,0.0,396.0,0.3813,0.3837,0.3901,0.3929,1.0952,o,565.0,159.0,2885.0,178.0
229540,2021,54364.0,0.0,358.0,0.3951,0.3896,0.3757,0.3697,0.8177,o,518.0,196.0,2913.0,192.0
229540,2022,51317.0,0.0,347.0,0.4057,0.3998,0.385,0.3786,0.8106,o,517.0,145.0,2817.0,190.0
229540,2023,50777.0,0.0,339.0,0.4006,0.3993,0.396,0.3945,0.9548,o,548.0,162.0,2807.0,178.0
229540,2024,52731.0,0.0,356.0,0.4051,0.4067,0.4109,0.4128,1.0589,o,484.0,167.0,2853.0,176.0
229780,1998,85391.0,1064.0,204.0,1.6386,1.7976,1.8324,1.9223,1.3763,o,,,,
229780,1999,85146.0,1307.0,276.0,2.0365,2.2297,2.2719,2.381,1.3669,o,,,,
229780,2000,95072.0,1545.0,351.0,2.1716,2.2321,2.2448,2.2769,1.0993,o,,,,
229780,2001,105870.0,1538.0,442.0,1.9938,1.9118,1.8953,1.8546,0.8652,o,,,,
229780,2002,117385.0,1726.0,459.0,1.9991,1.8875,1.8653,1.8107,0.8204,o,190.0,,13951.0,
229780,2003,128471.0,1607.0,457.0,1.7145,1.6217,1.6032,1.5577,0.8255,o,214.0,,13697.0,236.0
229780,2004,133945.0,1744.0,452.0,1.7649,1.7184,1.7089,1.6854,0.912,o,215.0,,13449.0,268.0
229780,2005,132087.0,1785.0,395.0,1.8011,1.795,1.7938,1.7907,0.9885,o,226.0,,13231.0,245.0
229780,2006,123594.0,1676.0,290.0,1.768,1.8162,1.8263,1.8518,1.097,o,215.0,48.0,12870.0,261.0
229780,2007,115700.0,1510.0,232.0,1.6864,1.7298,1.739,1.762,1.0916,o,252.0,61.0,13248.0,270.0
229780,2008,115254.0,1452.0,255.0,1.6445,1.6855,1.6941,1.7158,1.0886,o,205.0,74.0,13345.0,283.0
229780,2009,110257.0,1387.0,235.0,1.6374,1.6545,1.658,1.6669,1.0363,o,219.0,62.0,14325.0,307.0
229780,2010,110899.0,1262.0,250.0,1.5008,1.4838,1.4803,1.4716,0.9615,o,247.0,101.0,14747.0,328.0
229780,2011,121864.0,1363.0,249.0,1.4647,1.4638,1.4636,1.4632,0.9979,o,377.0,472.0,15071.0,337.0
229780,2012,129308.0,1394.0,268.0,1.418,1.5521,1.5813,1.657,1.3654,o,381.0,506.0,15402.0,354.0
229780,2013,126297.0,1435.0,220.0,1.468,1.7373,1.799,1.9628,1.7877,o,343.0,307.0,15908.0,371.0
229780,2014,111129.0,1345.0,189.0,1.5544,1.7663,1.8136,1.9375,1.5536,o,315.0,312.0,16523.0,381.0
229780,2015,102478.0,1155.0,185.0,1.4608,1.4835,1.4882,1.5001,1.0545,o,314.0,332.0,16919.0,380.0
229780,2016,98393.0,1127.0,171.0,1.4788,1.4009,1.3853,1.3471,0.8298,o,342.0,321.0,17735.0,418.0
229780,2017,97751.0,1021.0,177.0,1.362,1.3236,1.3158,1.2965,0.9061,o,297.0,356.0,19198.0,420.0
229780,2018,91780.0,930.0,188.0,1.3389,1.3275,1.3252,1.3194,0.9711,o,315.0,276.0,23068.0,431.0
229780,2019,86063.0,837.0,136.0,1.2619,1.2519,1.2498,1.2447,0.973,o,249.0,274.0,24490.0,439.0
229780,2020,73870.0,851.0,164.0,1.5156,1.4507,1.4376,1.4053,0.8598,o,298.0,294.0,27234.0,455.0
229780,2021,66127.0,781.0,144.0,1.5479,1.4797,1.466,1.4322,0.856,o,226.0,238.0,24867.0,428.0
229780,2022,56752.0,659.0,102.0,1.5013,1.4352,1.4219,1.3891,0.8562,o,262.0,239.0,24139.0,394.0
229780,2023,51233.0,573.0,96.0,1.4545,1.3947,1.3827,1.353,0.8652,o,289.0,288.0,23154.0,364.0
229780,2024,51638.0,482.0,70.0,1.2014,1.204,1.2045,1.2058,1.0073,o,347.0,275.0,23186.0,369.0
229799,1998,55713.0,0.0,159.0,0.1712,0.1736,0.1799,0.1828,1.2191,o,,,,
229799,1999,56811.0,0.0,173.0,0.1827,0.185,0.1909,0.1936,1.1925,o,,,,
229799,2000,62331.0,0.0,194.0,0.1867,0.1862,0.1846,0.184,0.9556,o,,,,
229799,2001,58829.0,0.0,201.0,0.205,0.203,0.1979,0.1957,0.8682,o,,,,
229799,2002,68053.0,0.0,213.0,0.1878,0.1891,0.1927,0.1942,1.1077,o,940.0,,1819.0,
229799,2003,79421.0,0.0,295.0,0.2229,0.2266,0.2365,0.2411,1.2686,o,932.0,,1784.0,73.0
229799,2004,85269.0,0.0,327.0,0.2301,0.2312,0.2342,0.2355,1.0731,o,970.0,,1841.0,75.0
229799,2005,93521.0,0.0,338.0,0.2168,0.2174,0.2188,0.2194,1.0363,o,924.0,,2125.0,80.0
229799,2006,82080.0,0.0,403.0,0.2946,0.294,0.2925,0.2918,0.9716,o,1080.0,911.0,2318.0,96.0
229799,2007,84977.0,0.0,371.0,0.262,0.2644,0.2707,0.2736,1.1404,o,1109.0,852.0,2397.0,95.0
229799,2008,84944.0,0.0,402.0,0.284,0.286,0.2912,0.2936,1.1068,o,1090.0,292.0,2458.0,99.0
229799,2009,92216.0,0.0,440.0,0.2863,0.2862,0.286,0.2859,0.9959,o,1250.0,366.0,2604.0,96.0
229799,2010,106578.0,0.0,495.0,0.2787,0.2812,0.2878,0.2907,1.1369,o,1140.0,441.0,2673.0,96.0
229799,2011,126815.0,0.0,623.0,0.2948,0.2942,0.2929,0.2922,0.9744,o,1142.0,392.0,2778.0,80.0
229799,2012,120311.0,0.0,706.0,0.3521,0.351,0.3481,0.3469,0.9556,o,1173.0,462.0,2953.0,81.0
229799,2013,122398.0,0.0,603.0,0.2956,0.2962,0.2976,0.2983,1.028,o,1169.0,454.0,2901.0,76.0
229799,2014,124097.0,0.0,671.0,0.3244,0.3246,0.3252,0.3255,1.0099,o,1031.0,474.0,3002.0,81.0
229799,2015,118391.0,0.0,742.0,0.376,0.3727,0.3643,0.3606,0.8804,o,1118.0,379.0,3133.0,85.0
229799,2016,115799.0,0.0,763.0,0.3953,0.3958,0.3969,0.3975,1.0164,o,1111.0,400.0,3111.0,91.0
229799,2017,118051.0,0.0,719.0,0.3654,0.3663,0.3685,0.3695,1.034,o,1132.0,1248.0,3110.0,88.0
229799,2018,124650.0,0.0,717.0,0.3451,0.3455,0.3465,0.3469,1.0157,o,1073.0,1278.0,3041.0,90.0
229799,2019,152100.0,0.0,755.0,0.2978,0.2969,0.2946,0.2935,0.9568,o,1023.0,1156.0,3112.0,71.0
229799,2020,145110.0,0.0,815.0,0.337,0.3352,0.3307,0.3288,0.9279,o,836.0,1118.0,3257.0,82.0
229799,2021,106738.0,0.0,658.0,0.3699,0.3641,0.3496,0.3433,0.7977,o,985.0,317.0,3852.0,124.0
229799,2022,129173.0,11.0,741.0,0.3544,0.3559,0.3596,0.3613,1.0597,o,622.0,310.0,4015.0,88.0
229799,2023,103981.0,22.0,812.0,0.4939,0.4809,0.4491,0.4356,0.6831,o,666.0,349.0,4161.0,129.0
229799,2024,113026.0,58.0,874.0,0.5255,0.5187,0.5015,0.494,0.8289,o,794.0,465.0,4560.0,127.0
229814,1998,145484.0,905.0,0.0,0.7465,0.7267,0.7179,0.7059,0.8943,o,,,,
229814,1999,143011.0,931.0,0.0,0.7812,0.7716,0.7673,0.7614,0.9499,o,,,,
229814,2000,146098.0,906.0,0.0,0.7442,0.7521,0.7558,0.7609,1.0454,o,,,,
229814,2001,146450.0,947.0,0.0,0.776,0.7842,0.788,0.7932,1.045,o,,,,
229814,2002,143838.0,935.0,0.0,0.78,0.7665,0.7603,0.7521,0.9295,o,825.0,,4736.0,
229814,2003,147006.0,963.0,0.0,0.7861,0.7581,0.7456,0.7288,0.8596,o,809.0,,4386.0,163.0
229814,2004,148420.0,928.0,0.0,0.7503,0.7276,0.7174,0.7038,0.8799,o,809.0,,4751.0,171.0
229814,2005,151347.0,980.0,0.0,0.777,0.7706,0.7677,0.7637,0.966,o,789.0,,4983.0,177.0
229814,2006,151144.0,1079.0,0.0,0.8567,0.8535,0.852,0.85,0.9846,o,919.0,,5216.0,193.0
229814,2007,154181.0,1081.0,0.0,0.8413,0.8503,0.8545,0.8602,1.0453,o,951.0,802.0,5798.0,191.0
229814,2008,155160.0,1188.0,0.0,0.9188,0.9513,0.9665,0.9878,1.1557,o,1171.0,809.0,6831.0,218.0
229814,2009,156385.0,1198.0,0.0,0.9193,0.984,1.0152,1.0593,1.3279,o,1203.0,836.0,7683.0,209.0
229814,2010,161511.0,1238.0,0.0,0.9198,0.9954,1.0322,1.0844,1.3899,o,1239.0,865.0,7854.0,209.0
229814,2011,169266.0,1258.0,0.0,0.8919,0.9508,0.9792,1.0192,1.3059,o,1214.0,844.0,8144.0,218.0
229814,2012,171682.0,1297.0,0.0,0.9066,0.9387,0.9537,0.9747,1.156,o,1205.0,845.0,8175.0,244.0
229814,2013,175122.0,1312.0,0.0,0.899,0.9031,0.905,0.9075,1.019,o,1299.0,969.0,8432.0,257.0
229814,2014,182898.0,1492.0,0.0,0.9789,0.9848,0.9875,0.9913,1.0254,o,1342.0,983.0,8558.0,265.0
229814,2015,185039.0,1423.0,0.0,0.9228,0.9393,0.947,0.9575,1.0766,o,1429.0,962.0,8854.0,277.0
229814,2016,188376.0,1478.0,0.0,0.9415,0.9727,0.9874,1.0077,1.1455,o,1330.0,965.0,9128.0,298.0
229814,2017,188837.0,1572.0,0.0,0.999,1.0225,1.0334,1.0486,1.1018,o,1245.0,1012.0,9815.0,292.0
229814,2018,186449.0,1607.0,0.0,1.0343,1.028,1.0252,1.0213,0.975,o,1205.0,1019.0,9778.0,294.0
229814,2019,187720.0,1705.0,0.0,1.0899,1.0582,1.044,1.0248,0.8842,o,1335.0,978.0,9682.0,301.0
229814,2020,186655.0,1764.0,0.0,1.1341,1.1118,1.1017,1.0881,0.9206,o,1254.0,1024.0,9778.0,314.0
229814,2021,182511.0,1680.0,0.0,1.1046,1.106,1.1067,1.1076,1.0054,o,1291.0,911.0,9870.0,304.0
229814,2022,175672.0,1653.0,0.0,1.1291,1.1395,1.1443,1.1508,1.0388,o,1281.0,877.0,10095.0,295.0
229814,2023,177285.0,1485.0,0.0,1.0052,1.0082,1.0096,1.0115,1.0126,o,1266.0,891.0,9421.0,282.0
229814,2024,178130.0,1626.0,0.0,1.0954,1.0911,1.0891,1.0865,0.9838,o,1197.0,846.0,9101.0,241.0
229832,1998,37350.0,0.0,72.0,0.1157,0.1176,0.1228,0.1251,1.269,o,,,,
229832,1999,26650.0,0.0,64.0,0.1441,0.1438,0.143,0.1427,0.9707,o,,,,
229832,2000,26084.0,0.0,88.0,0.2024,0.203,0.2045,0.2051,1.0409,o,,,,
229832,2001,24464.0,0.0,104.0,0.2551,0.2531,0.2482,0.2461,0.8972,o,,,,
229832,2002,26434.0,0.0,91.0,0.2066,0.2014,0.1888,0.1834,0.698,o,288.0,,2009.0,
229832,2003,30712.0,0.0,105.0,0.2051,0.212,0.2305,0.2393,1.5956,o,173.0,,2073.0,50.0
229832,2007,29944.0,0.0,130.0,0.2605,0.2903,0.3836,0.4341,4.7019,o,648.0,13.0,1990.0,105.0
229832,2015,39494.0,0.0,185.0,0.2811,0.2767,0.266,0.2613,0.8018,o,449.0,50.0,2478.0,104.0
229832,2017,43019.0,0.0,197.0,0.2748,0.2704,0.2595,0.2548,0.796,o,338.0,,2573.0,109.0
229832,2018,44218.0,0.0,236.0,0.3202,0.3153,0.3029,0.2975,0.8,o,284.0,,3365.0,118.0
229832,2019,40708.0,0.0,205.0,0.3022,0.2968,0.2834,0.2776,0.7738,o,278.0,,3404.0,119.0
229832,2020,38347.0,0.0,203.0,0.3176,0.3151,0.3088,0.3061,0.8939,o,207.0,40.0,3353.0,108.0
229832,2021,31770.0,0.0,177.0,0.3343,0.3272,0.3097,0.3022,0.7367,o,180.0,97.0,3257.0,94.0
229832,2022,28467.0,0.0,209.0,0.4405,0.4314,0.4089,0.3992,0.7423,o,176.0,12.0,3258.0,116.0
229832,2023,31057.0,0.0,237.0,0.4579,0.4548,0.4471,0.4438,0.9096,o,212.0,5.0,3137.0,120.0
229832,2024,31469.0,0.0,349.0,0.6654,0.6736,0.6951,0.7049,1.191,o,237.0,29.0,3240.0,132.0
229841,1998,92052.0,0.0,223.0,0.1454,0.1469,0.1509,0.1527,1.1608,o,,,,
229841,1999,96235.0,0.0,209.0,0.1303,0.1313,0.1339,0.1351,1.1147,o,,,,
229841,2000,97235.0,0.0,240.0,0.1481,0.1485,0.1495,0.1499,1.0375,o,,,,
229841,2001,103365.0,0.0,245.0,0.1422,0.1429,0.1448,0.1457,1.0757,o,,,,
229841,2002,114678.0,0.0,265.0,0.1386,0.1405,0.1452,0.1474,1.2027,o,1858.0,,1481.0,
229841,2003,124404.0,0.0,314.0,0.1514,0.1525,0.1554,0.1567,1.1083,o,1774.0,,1693.0,106.0
229841,2004,124622.0,0.0,348.0,0.1675,0.1672,0.1662,0.1658,0.9689,o,1538.0,,2149.0,131.0
229841,2005,127814.0,0.0,356.0,0.1671,0.1652,0.1603,0.1582,0.8469,o,1405.0,,2086.0,131.0
229841,2006,125861.0,0.0,354.0,0.1688,0.1668,0.162,0.1598,0.8484,o,1459.0,285.0,2019.0,130.0
229841,2007,125626.0,0.0,346.0,0.1653,0.1652,0.1649,0.1648,0.9915,o,1299.0,424.0,1960.0,132.0
229841,2008,122939.0,0.0,378.0,0.1845,0.1832,0.18,0.1786,0.9071,o,1337.0,397.0,1896.0,132.0
229841,2009,127508.0,0.0,442.0,0.208,0.2075,0.2064,0.2059,0.9695,o,1434.0,542.0,1865.0,135.0
229841,2010,144623.0,0.0,498.0,0.2066,0.2078,0.211,0.2124,1.088,o,1445.0,556.0,2196.0,141.0
229841,2011,150031.0,0.0,436.0,0.1744,0.1749,0.1762,0.1768,1.0429,o,1519.0,478.0,2479.0,139.0
229841,2012,148115.0,0.0,534.0,0.2163,0.2171,0.2192,0.2202,1.0552,o,1525.0,589.0,2808.0,152.0
229841,2013,150258.0,0.0,604.0,0.2412,0.2417,0.2429,0.2435,1.029,o,1633.0,518.0,2759.0,160.0
229841,2014,147874.0,0.0,547.0,0.2219,0.223,0.2259,0.2272,1.0729,o,1579.0,440.0,2781.0,166.0
229841,2015,145034.0,0.0,499.0,0.2064,0.2064,0.2064,0.2064,1.0,o,1684.0,503.0,2901.0,171.0
229841,2016,145563.0,0.0,792.0,0.3265,0.3275,0.3304,0.3316,1.0486,o,1655.0,501.0,2881.0,173.0
229841,2017,144234.0,0.0,751.0,0.3124,0.3127,0.3135,0.3139,1.0144,o,1700.0,482.0,2833.0,173.0
229841,2018,142378.0,0.0,737.0,0.3106,0.311,0.312,0.3124,1.0183,o,1791.0,462.0,2919.0,168.0
229841,2019,143144.0,0.0,764.0,0.3202,0.3217,0.3255,0.3272,1.0677,o,1744.0,445.0,2870.0,163.0
229841,2020,143877.0,0.0,740.0,0.3086,0.3086,0.3085,0.3085,0.9991,o,1314.0,340.0,2827.0,152.0
229841,2021,130856.0,0.0,546.0,0.2504,0.2452,0.2325,0.227,0.7434,o,1308.0,277.0,2801.0,139.0
229841,2022,114075.0,0.0,580.0,0.3051,0.3017,0.2934,0.2897,0.8555,o,1391.0,328.0,2633.0,143.0
229841,2023,112591.0,0.0,721.0,0.3842,0.3858,0.39,0.3918,1.061,o,1378.0,348.0,2609.0,135.0
229841,2024,114946.0,0.0,1057.0,0.5517,0.5525,0.5546,0.5556,1.0211,o,1252.0,336.0,2916.0,143.0
229887,1998,19172.0,104.0,0.0,0.6509,0.6832,0.69,0.7075,1.1812,o,,,,
229887,1999,17581.0,121.0,0.0,0.8259,0.8707,0.8803,0.9047,1.2,o,,,,
229887,2000,17581.0,133.0,0.0,0.9078,0.895,0.8924,0.8858,0.9522,o,,,,
229887,2001,19313.0,110.0,1.0,0.6866,0.5992,0.5826,0.543,0.6254,o,,,,
229887,2002,15165.0,125.0,1.0,0.9931,0.884,0.863,0.8126,0.6695,o,164.0,,,
229887,2003,18641.0,115.0,1.0,0.7435,0.7644,0.7688,0.7799,1.1004,o,154.0,,9618.0,354.0
229887,2004,20355.0,122.0,0.0,0.7192,0.809,0.8289,0.8809,1.5,o,172.0,,10574.0,351.0
229887,2005,19532.0,125.0,0.0,0.768,0.8465,0.8638,0.9084,1.3991,o,152.0,,10916.0,198.0
229887,2006,23293.0,135.0,0.0,0.6955,0.7064,0.7087,0.7145,1.0554,o,137.0,145.0,11427.0,191.0
229887,2007,24537.0,161.0,0.0,0.7874,0.7658,0.7615,0.7506,0.9088,o,220.0,104.0,13578.0,281.0
229887,2008,24652.0,157.0,1.0,0.7667,0.7871,0.7914,0.8023,1.0951,o,250.0,60.0,13755.0,347.0
229887,2009,28876.0,170.0,0.0,0.7065,0.7869,0.8047,0.8509,1.4506,o,312.0,183.0,14345.0,352.0
229887,2010,36572.0,159.0,0.0,0.5217,0.6327,0.6585,0.7275,1.9446,o,340.0,168.0,14252.0,342.0
229887,2011,39504.0,205.0,0.0,0.6227,0.7416,0.7689,0.8416,1.8263,o,312.0,144.0,15425.0,383.0
229887,2012,24267.0,175.0,2.0,0.8703,0.957,0.976,1.0251,1.3872,o,319.0,129.0,15035.0,547.0
229887,2013,40965.0,142.0,2.0,0.4189,0.4332,0.4362,0.4439,1.1228,o,289.0,146.0,15215.0,359.0
229887,2014,42734.0,176.0,5.0,0.5012,0.4912,0.4891,0.484,0.9325,o,234.0,129.0,14985.0,343.0
229887,2015,40650.0,186.0,0.0,0.5491,0.5151,0.5083,0.4918,0.8021,o,151.0,136.0,14989.0,316.0
229887,2016,36432.0,246.0,1.0,0.8119,0.7035,0.683,0.6342,0.6101,o,222.0,158.0,15334.0,326.0
229887,2017,39689.0,272.0,0.0,0.8224,0.7137,0.6931,0.6441,0.6135,o,175.0,140.0,15379.0,333.0
229887,2018,36167.0,224.0,1.0,0.7449,0.6877,0.6764,0.649,0.7591,o,131.0,77.0,15337.0,396.0
229887,2019,26789.0,186.0,6.0,0.8466,0.7921,0.7812,0.7548,0.7948,o,75.0,57.0,15016.0,408.0
229887,2020,23139.0,165.0,10.0,0.8816,0.7422,0.7162,0.6552,0.5523,o,121.0,36.0,15051.0,383.0
229887,2021,17177.0,127.0,4.0,0.9012,0.7344,0.7039,0.6332,0.4937,o,195.0,53.0,15758.0,490.0
229887,2022,19773.0,107.0,7.0,0.6706,0.6769,0.6782,0.6815,1.0327,o,244.0,61.0,14810.0,335.0
229887,2023,19166.0,94.0,0.0,0.5885,0.7329,0.767,0.8592,2.1311,o,243.0,68.0,13975.0,358.0
229887,2024,19773.0,78.0,0.0,0.4734,0.6164,0.651,0.7462,2.4847,o,166.0,112.0,12500.0,318.0
243823,2014,6990.0,157.0,0.0,2.6953,2.4363,2.3859,2.2645,0.7059,o,20.0,61.0,20052.0,1225.0
243823,2016,7440.0,98.0,34.0,1.8548,1.354,1.2687,1.0781,0.3378,o,38.0,121.0,19514.0,1135.0
243823,2017,10470.0,89.0,53.0,1.3238,1.2019,1.1781,1.1207,0.7167,o,57.0,121.0,19474.0,1075.0
243823,2018,15495.0,45.0,82.0,0.666,0.8219,0.8585,0.9571,2.0652,o,140.0,61.0,19397.0,913.0
243823,2019,16198.0,104.0,114.0,1.1927,2.1704,2.4566,3.3482,7.88,o,41.0,153.0,18991.0,929.0
243823,2020,15591.0,154.0,98.0,1.5624,2.3704,2.5839,3.2056,4.2093,o,41.0,101.0,18707.0,886.0
243823,2021,13429.0,41.0,83.0,0.7372,0.7064,0.7002,0.6849,0.8632,o,54.0,174.0,18293.0,944.0
243823,2022,15244.0,128.0,85.0,1.3422,1.0863,1.0398,0.932,0.4822,o,80.0,51.0,17243.0,898.0
243823,2023,14377.0,42.0,93.0,0.7387,0.677,0.6649,0.6356,0.7403,o,73.0,104.0,16271.0,906.0
243823,2024,17316.0,93.0,74.0,0.9009,1.0795,1.1207,1.2306,1.8659,o,66.0,179.0,17457.0,881.0
246266,2005,24797.0,0.0,0.0,0.0,0.0,0.0,0.0,,-,449.0,,,26.0
246266,2007,23455.0,0.0,0.0,0.0,0.0,0.0,0.0,,-,256.0,7.0,,77.0
246266,2008,24919.0,0.0,0.0,0.0,0.0,0.0,0.0,,-,259.0,2.0,,73.0
246266,2009,29082.0,0.0,0.0,0.0,0.0,0.0,0.0,,-,243.0,1.0,,65.0
246266,2010,36141.0,0.0,0.0,0.0,0.0,0.0,0.0,,-,260.0,,,413.0
246266,2011,41904.0,0.0,18.0,0.0258,0.0258,0.0258,0.0258,,-,224.0,11.0,,410.0
246266,2012,45222.0,0.0,61.0,0.0809,0.0809,0.0809,0.0809,,-,180.0,11.0,,346.0
246266,2013,35339.0,0.0,60.0,0.1019,0.1019,0.1019,0.1019,,-,169.0,13.0,,371.0
246266,2014,34399.0,0.0,39.0,0.068,0.068,0.068,0.068,,-,147.0,16.0,,376.0
246266,2015,30492.0,0.0,17.0,0.0335,0.0335,0.0335,0.0335,,-,170.0,1.0,,352.0
246266,2016,27145.0,0.0,20.0,0.0442,0.0442,0.0442,0.0442,,-,116.0,3.0,,344.0
246266,2017,23720.0,0.0,26.0,0.0658,0.0658,0.0658,0.0658,,-,89.0,10.0,,398.0
246266,2018,14344.0,0.0,32.0,0.1339,0.1339,0.1339,0.1339,,-,,,,
246354,2000,127935.0,0.0,205.0,0.0961,0.0955,0.0938,0.093,0.9052,o,,,,
246354,2001,126061.0,0.0,305.0,0.1452,0.1462,0.1487,0.1499,1.1024,o,,,,
246354,2002,185027.0,0.0,303.0,0.0983,0.098,0.0973,0.097,0.9613,o,754.0,,2503.0,
246354,2003,180766.0,0.0,308.0,0.1022,0.1036,0.107,0.1086,1.2016,o,858.0,,2456.0,35.0
246354,2009,258660.0,0.0,442.0,0.1025,0.1042,0.1087,0.1108,1.2638,o,1402.0,422.0,2593.0,34.0
246354,2010,278220.0,0.0,821.0,0.1771,0.1782,0.1812,0.1825,1.0962,o,1415.0,773.0,2233.0,37.0
246354,2011,152409.0,0.0,505.0,0.1988,0.1994,0.201,0.2017,1.0443,o,1467.0,749.0,2180.0,44.0
246354,2012,166851.0,0.0,768.0,0.2762,0.277,0.279,0.2799,1.0415,o,1343.0,431.0,2656.0,60.0
246354,2013,151641.0,0.0,825.0,0.3264,0.3248,0.3207,0.3189,0.932,o,1350.0,444.0,2724.0,73.0
246354,2014,146622.0,0.0,785.0,0.3212,0.3203,0.318,0.317,0.9609,o,1379.0,375.0,2683.0,67.0
246354,2015,164097.0,0.0,771.0,0.2819,0.2824,0.2836,0.2841,1.0241,o,1373.0,352.0,2726.0,58.0
246354,2016,170329.0,0.0,1112.0,0.3917,0.3919,0.3923,0.3925,1.0062,o,1374.0,326.0,2707.0,51.0
246354,2017,174817.0,0.0,1255.0,0.4307,0.4307,0.4306,0.4305,0.9985,o,1656.0,327.0,2789.0,44.0
246354,2018,181032.0,0.0,1515.0,0.5021,0.5087,0.5262,0.5341,1.2057,o,1545.0,481.0,3440.0,38.0
246354,2019,162894.0,0.0,1406.0,0.5179,0.5186,0.5204,0.5212,1.0198,o,1768.0,733.0,3441.0,43.0
246354,2020,165884.0,0.0,1562.0,0.565,0.5689,0.5792,0.5838,1.1047,o,2046.0,383.0,3642.0,43.0
246354,2021,156394.0,0.0,1438.0,0.5517,0.5599,0.5816,0.5915,1.2351,o,1782.0,509.0,3632.0,37.0
246354,2022,142902.0,0.0,1364.0,0.5727,0.57,0.5631,0.56,0.9345,o,2142.0,510.0,3414.0,41.0
246354,2023,149147.0,0.0,1338.0,0.5383,0.5425,0.5536,0.5586,1.1191,o,2322.0,652.0,3377.0,36.0
246354,2024,163087.0,0.0,1191.0,0.4382,0.4434,0.457,0.4632,1.1835,o,2457.0,727.0,3412.0,37.0
247825,1998,1380.0,5.0,0.0,0.4348,0.4348,0.4348,0.4348,,n,,,,
247825,2000,651.0,8.0,0.0,1.4747,1.4747,1.4747,1.4747,,n,,,,
247825,2001,708.0,2.0,0.0,0.339,0.339,0.339,0.339,,n,,,,
247825,2002,756.0,9.0,0.0,1.4286,1.4286,1.4286,1.4286,,n,,,,
247825,2003,588.0,8.0,0.0,1.6327,1.6327,1.6327,1.6327,,n,,,,161.0
247825,2004,369.0,9.0,0.0,2.9268,2.9268,2.9268,2.9268,,n,,,,198.0
247825,2005,366.0,5.0,0.0,1.6393,1.6393,1.6393,1.6393,,n,,,,187.0
247825,2006,363.0,2.0,0.0,0.6612,0.6612,0.6612,0.6612,,n,,,,192.0
247825,2007,462.0,3.0,0.0,0.7792,0.7792,0.7792,0.7792,,n,,,,224.0
247825,2008,393.0,7.0,0.0,2.1374,2.1374,2.1374,2.1374,,n,,,,248.0
247825,2009,359.0,5.0,0.0,1.6713,1.6713,1.6713,1.6713,,n,,,,272.0
247825,2010,417.0,5.0,0.0,1.4388,1.4388,1.4388,1.4388,,n,,,,310.0
247825,2011,462.0,6.0,0.0,1.5584,1.5584,1.5584,1.5584,,n,,,,328.0
247825,2012,489.0,2.0,0.0,0.4908,0.4908,0.4908,0.4908,,n,,,,343.0
247825,2013,537.0,1.0,0.0,0.2235,0.2235,0.2235,0.2235,,n,,,,338.0
247825,2014,363.0,6.0,0.0,1.9835,1.9835,1.9835,1.9835,,n,,,,350.0
247825,2015,366.0,6.0,0.0,1.9672,1.9672,1.9672,1.9672,,n,,5.0,,383.0
247825,2016,381.0,3.0,0.0,0.9449,0.9449,0.9449,0.9449,,n,,4.0,,390.0
247825,2017,390.0,2.0,0.0,0.6154,0.6154,0.6154,0.6154,,n,,7.0,,370.0
247825,2018,303.0,1.0,0.0,0.396,0.396,0.396,0.396,,n,,7.0,,374.0
247825,2019,385.0,4.0,0.0,1.2468,1.2468,1.2468,1.2468,,n,,1.0,,410.0
247825,2020,326.0,6.0,0.0,2.2086,2.2086,2.2086,2.2086,,n,,,,420.0
247834,1998,158625.0,0.0,466.0,0.1763,0.187,0.2179,0.2331,2.3335,o,,,,
247834,1999,209617.0,0.0,511.0,0.1463,0.1433,0.1359,0.1328,0.746,o,,,,
247834,2000,191919.0,0.0,548.0,0.1713,0.1635,0.1448,0.1373,0.5107,o,,,,
247834,2001,254284.0,0.0,531.0,0.1253,0.1327,0.1537,0.164,2.2617,o,,,,
247834,2002,289209.0,0.0,633.0,0.1313,0.1362,0.1495,0.1559,1.6804,o,3132.0,,1413.0,
247834,2003,276053.0,0.0,725.0,0.1576,0.1607,0.1691,0.173,1.3274,o,2966.0,,1271.0,81.0
247834,2004,299841.0,0.0,850.0,0.1701,0.1707,0.1721,0.1728,1.0488,o,3417.0,,1320.0,84.0
247834,2005,362417.0,0.0,958.0,0.1586,0.1599,0.1632,0.1647,1.1207,o,3676.0,,1358.0,72.0
247834,2006,370956.0,0.0,1086.0,0.1757,0.1774,0.182,0.184,1.1518,o,3841.0,2523.0,1390.0,72.0
247834,2007,387338.0,0.0,1116.0,0.1729,0.1738,0.1764,0.1775,1.083,o,4160.0,2659.0,1349.0,71.0
247834,2008,415287.0,0.0,1179.0,0.1703,0.1716,0.1747,0.1761,1.1068,o,4198.0,2334.0,1305.0,69.0
247834,2009,445209.0,0.0,1224.0,0.165,0.1655,0.167,0.1676,1.0494,o,4634.0,2845.0,1603.0,73.0
247834,2010,515560.0,0.0,1707.0,0.1987,0.2001,0.2039,0.2055,1.1089,o,5132.0,3295.0,1528.0,69.0
247834,2011,537688.0,0.0,1543.0,0.1722,0.174,0.1788,0.1809,1.1621,o,4893.0,2893.0,1429.0,63.0
247834,2012,535775.0,0.0,1817.0,0.2035,0.2035,0.2036,0.2036,1.002,o,5015.0,2336.0,1393.0,60.0
247834,2013,541329.0,0.0,1900.0,0.2106,0.2106,0.2106,0.2106,1.0005,o,5334.0,2565.0,1369.0,66.0
247834,2014,570330.0,0.0,1944.0,0.2045,0.2056,0.2083,0.2096,1.0767,o,5294.0,2019.0,1506.0,65.0
247834,2015,543786.0,0.0,2339.0,0.2581,0.2585,0.2596,0.26,1.0231,o,5275.0,1965.0,1533.0,68.0
247834,2016,547992.0,0.0,2430.0,0.2661,0.2659,0.2656,0.2654,0.9927,o,5467.0,1955.0,1522.0,73.0
247834,2017,574031.0,0.0,2883.0,0.3013,0.3021,0.3039,0.3047,1.0345,o,5754.0,2046.0,1611.0,77.0
247834,2018,598082.0,0.0,2786.0,0.2795,0.2808,0.2843,0.2859,1.0713,o,5704.0,2130.0,1725.0,75.0
247834,2019,629348.0,0.0,3205.0,0.3056,0.3059,0.3068,0.3072,1.0167,o,5564.0,1905.0,1835.0,78.0
247834,2020,650977.0,0.0,3892.0,0.3587,0.358,0.3561,0.3553,0.9712,o,5246.0,1639.0,1952.0,72.0
247834,2021,659456.0,26.0,4408.0,0.4058,0.4038,0.3986,0.3963,0.9311,o,5258.0,1658.0,1896.0,69.0
247834,2022,655378.0,27.0,4361.0,0.4042,0.4034,0.4014,0.4005,0.9728,o,5652.0,1758.0,1880.0,70.0
247834,2023,689675.0,102.0,4297.0,0.3916,0.3936,0.3988,0.4012,1.0762,o,5718.0,1768.0,1930.0,68.0
247834,2024,739819.0,190.0,4340.0,0.3828,0.3841,0.3873,0.3888,1.0482,o,5870.0,1813.0,1864.0,63.0
249247,1998,40650.0,0.0,0.0,0.0,0.0,0.0,0.0,,-,,,,
249247,1999,38910.0,0.0,0.0,0.0,0.0,0.0,0.0,,-,,,,
249247,2008,63265.0,0.0,74.0,0.0702,0.0702,0.0702,0.0702,,-,407.0,,,313.0
249247,2009,50435.0,0.0,107.0,0.1273,0.1273,0.1273,0.1273,,-,361.0,,,506.0
364955,2005,32173.0,0.0,0.0,0.0,0.0,0.0,0.0,,-,442.0,,,40.0
364955,2006,38253.0,0.0,0.0,0.0,0.0,0.0,0.0,,-,437.0,,,95.0
364955,2007,45362.0,0.0,0.0,0.0,0.0,0.0,0.0,,-,365.0,1.0,,42.0
364955,2008,39723.0,0.0,0.0,0.0,0.0,0.0,0.0,,-,367.0,,,62.0
364955,2009,46472.0,0.0,0.0,0.0,0.0,0.0,0.0,,-,361.0,2.0,,35.0
364955,2010,53333.0,0.0,0.0,0.0,0.0,0.0,0.0,,-,281.0,7.0,,432.0
364955,2011,49418.0,0.0,32.0,0.0389,0.0389,0.0389,0.0389,,-,216.0,47.0,,482.0
364955,2012,44323.0,0.0,83.0,0.1124,0.1124,0.1124,0.1124,,-,171.0,42.0,,387.0
364955,2013,32487.0,0.0,56.0,0.1034,0.1034,0.1034,0.1034,,-,126.0,38.0,,420.0
364955,2014,27895.0,0.0,44.0,0.0946,0.0946,0.0946,0.0946,,-,148.0,24.0,,442.0
364955,2015,28307.0,0.0,47.0,0.0996,0.0996,0.0996,0.0996,,-,143.0,16.0,,386.0
364955,2017,18757.0,0.0,39.0,0.1248,0.1248,0.1248,0.1248,,-,92.0,24.0,,443.0
364955,2018,14537.0,0.0,5.0,0.0206,0.0206,0.0206,0.0206,,-,,,,
364973,1998,4556.0,0.0,28.0,0.3687,0.3687,0.3687,0.3687,,-,,,,
364973,1999,3780.0,0.0,32.0,0.5079,0.5079,0.5079,0.5079,,-,,,,
364973,2001,2952.0,0.0,14.0,0.2846,0.2846,0.2846,0.2846,,-,,,,
364973,2003,29264.0,0.0,139.0,0.285,0.285,0.285,0.285,,-,496.0,,,860.0
364973,2004,32240.0,0.0,242.0,0.4504,0.4504,0.4504,0.4504,,-,842.0,,,702.0
364973,2005,48326.0,0.0,539.0,0.6692,0.6692,0.6692,0.6692,,-,193.0,,,738.0
364973,2006,39843.0,0.0,662.0,0.9969,0.9969,0.9969,0.9969,,-,131.0,,,920.0
364973,2007,40696.0,0.0,427.0,0.6295,0.6295,0.6295,0.6295,,-,163.0,111.0,,765.0
364973,2008,42332.0,0.0,454.0,0.6435,0.6435,0.6435,0.6435,,-,138.0,79.0,,730.0
364973,2009,34207.0,0.0,381.0,0.6683,0.6683,0.6683,0.6683,,-,229.0,85.0,,806.0
364973,2010,40592.0,0.0,260.0,0.3843,0.3843,0.3843,0.3843,,-,188.0,81.0,27928.0,700.0
364973,2011,40678.0,0.0,385.0,0.5679,0.5679,0.5679,0.5679,,-,165.0,68.0,23182.0,821.0
364973,2012,35953.0,0.0,302.0,0.504,0.504,0.504,0.504,,-,120.0,59.0,16531.0,714.0
364973,2013,29299.0,0.0,53.0,0.1085,0.1085,0.1085,0.1085,,-,132.0,37.0,16799.0,506.0
364973,2014,26204.0,0.0,11.0,0.0252,0.0252,0.0252,0.0252,,-,121.0,44.0,16923.0,435.0
364973,2015,25170.0,0.0,135.0,0.3218,0.3218,0.3218,0.3218,,-,83.0,25.0,17480.0,454.0
364973,2017,8654.0,0.0,169.0,1.1717,1.1717,1.1717,1.1717,,-,,,,
365204,1999,11760.0,0.0,0.0,0.0,0.0,0.0,0.0,,-,,,,
365204,2000,12716.0,0.0,0.0,0.0,0.0,0.0,0.0,,-,,,,
365204,2001,14273.0,0.0,0.0,0.0,0.0,0.0,0.0,,-,,,,
365204,2003,18630.0,0.0,0.0,0.0,0.0,0.0,0.0,,-,414.0,,,122.0
365204,2011,53592.0,0.0,111.0,0.1243,0.1243,0.1243,0.1243,,-,1367.0,,25913.0,423.0
365204,2013,103590.0,0.0,163.0,0.0944,0.0944,0.0944,0.0944,,-,2026.0,,24129.0,473.0
365204,2014,152328.0,0.0,299.0,0.1178,0.1178,0.1178,0.1178,,-,2616.0,329.0,19387.0,347.0
365204,2015,165556.0,0.0,485.0,0.1758,0.1758,0.1758,0.1758,,-,1525.0,,20137.0,339.0
365204,2016,239700.0,0.0,627.0,0.1569,0.1569,0.1569,0.1569,,-,1786.0,,20432.0,266.0
365204,2017,219480.0,0.0,521.0,0.1424,0.1424,0.1424,0.1424,,-,1289.0,,19823.0,296.0
365204,2018,173910.0,0.0,484.0,0.167,0.167,0.167,0.167,,-,147.0,,18009.0,346.0
365204,2019,164700.0,0.0,297.0,0.1082,0.1082,0.1082,0.1082,,-,143.0,,19133.0,285.0
365204,2020,162600.0,0.0,219.0,0.0808,0.0808,0.0808,0.0808,,-,91.0,,18846.0,269.0
366261,1999,6766.0,0.0,67.0,0.5941,0.5941,0.5941,0.5941,,-,,,,
366261,2000,7156.0,0.0,65.0,0.545,0.545,0.545,0.545,,-,,,,
366261,2001,6573.0,0.0,56.0,0.5112,0.5112,0.5112,0.5112,,-,,,,
366261,2002,5997.0,0.0,49.0,0.4903,0.4903,0.4903,0.4903,,-,55.0,,11259.0,
366261,2003,6067.0,0.0,59.0,0.5835,0.5835,0.5835,0.5835,,-,58.0,,11046.0,40.0
366261,2004,5547.0,0.0,80.0,0.8653,0.8653,0.8653,0.8653,,-,51.0,,12637.0,43.0
366261,2007,6334.0,0.0,62.0,0.5873,0.5873,0.5873,0.5873,,-,18.0,38.0,11524.0,31.0
366261,2008,5285.0,0.0,49.0,0.5563,0.5563,0.5563,0.5563,,-,34.0,10.0,12321.0,44.0
366261,2009,6041.0,0.0,31.0,0.3079,0.3079,0.3079,0.3079,,-,36.0,33.0,12115.0,42.0
366261,2010,7210.0,0.0,29.0,0.2413,0.2413,0.2413,0.2413,,-,36.0,22.0,14752.0,44.0
366261,2011,6911.0,0.0,48.0,0.4167,0.4167,0.4167,0.4167,,-,48.0,28.0,14406.0,272.0
366261,2012,8001.0,0.0,44.0,0.3299,0.3299,0.3299,0.3299,,-,46.0,24.0,14836.0,231.0
366261,2013,8508.0,0.0,56.0,0.3949,0.3949,0.3949,0.3949,,-,39.0,21.0,14576.0,273.0
366261,2014,7770.0,0.0,53.0,0.4093,0.4093,0.4093,0.4093,,-,24.0,32.0,14356.0,252.0
366261,2015,9466.0,0.0,74.0,0.469,0.469,0.469,0.469,,-,36.0,20.0,14235.0,196.0
366261,2016,9060.0,0.0,128.0,0.8477,0.8477,0.8477,0.8477,,-,55.0,24.0,16199.0,257.0
366261,2017,9067.0,0.0,133.0,0.8801,0.8801,0.8801,0.8801,,-,38.0,13.0,15928.0,345.0
366261,2018,8974.0,0.0,93.0,0.6218,0.6218,0.6218,0.6218,,-,33.0,18.0,15572.0,352.0
366261,2019,7526.0,0.0,101.0,0.8052,0.8052,0.8052,0.8052,,-,80.0,35.0,16306.0,346.0
366261,2020,10653.0,0.0,145.0,0.8166,0.8166,0.8166,0.8166,,-,33.0,23.0,16062.0,261.0
366261,2021,9696.0,0.0,160.0,0.9901,0.9901,0.9901,0.9901,,-,55.0,20.0,15598.0,325.0
366261,2022,9879.0,0.0,146.0,0.8868,0.8868,0.8868,0.8868,,-,53.0,47.0,14660.0,308.0
366678,1998,15980.0,0.0,192.0,0.7209,0.7209,0.7209,0.7209,,-,,,,
366678,2000,19169.0,0.0,181.0,0.5665,0.5665,0.5665,0.5665,,-,,,,
366678,2001,20471.0,0.0,164.0,0.4807,0.4807,0.4807,0.4807,,-,,,,
366678,2002,20861.0,0.0,152.0,0.4372,0.4372,0.4372,0.4372,,-,147.0,,18964.0,
366678,2003,17441.0,0.0,205.0,0.7052,0.7052,0.7052,0.7052,,-,203.0,,20188.0,953.0
366678,2004,22611.0,0.0,225.0,0.5971,0.5971,0.5971,0.5971,,-,172.0,,20716.0,901.0
366678,2005,20483.0,0.0,220.0,0.6444,0.6444,0.6444,0.6444,,-,170.0,,21807.0,965.0
366678,2006,20451.0,0.0,231.0,0.6777,0.6777,0.6777,0.6777,,-,141.0,19.0,22118.0,1001.0
366678,2007,20835.0,0.0,245.0,0.7056,0.7056,0.7056,0.7056,,-,113.0,14.0,22504.0,929.0
366678,2008,17565.0,0.0,210.0,0.7173,0.7173,0.7173,0.7173,,-,150.0,14.0,22828.0,1020.0
366678,2009,20091.0,0.0,199.0,0.5943,0.5943,0.5943,0.5943,,-,152.0,26.0,23533.0,821.0
366678,2010,24507.0,0.0,176.0,0.4309,0.4309,0.4309,0.4309,,-,124.0,12.0,24513.0,837.0
366678,2011,21913.0,47.0,187.0,0.7694,0.7694,0.7694,0.7694,,-,62.0,10.0,25194.0,1053.0
366678,2012,17695.0,20.0,210.0,0.8477,0.8477,0.8477,0.8477,,-,57.0,10.0,24556.0,1068.0
366678,2013,15295.0,41.0,155.0,0.9297,0.9297,0.9297,0.9297,,-,66.0,10.0,24126.0,904.0
366678,2014,13841.0,32.0,109.0,0.7499,0.7499,0.7499,0.7499,,-,79.0,,23762.0,780.0
366678,2015,13811.0,10.0,106.0,0.5474,0.5474,0.5474,0.5474,,-,54.0,3.0,23561.0,677.0
366687,1998,7051.0,0.0,178.0,1.5148,1.5148,1.5148,1.5148,,-,,,,
366696,1998,24360.0,0.0,131.0,0.3227,0.3227,0.3227,0.3227,,-,,,,
366696,2000,15861.0,0.0,132.0,0.4993,0.4993,0.4993,0.4993,,-,,,,
366696,2001,17402.0,0.0,169.0,0.5827,0.5827,0.5827,0.5827,,-,,,,
366696,2002,17698.0,0.0,116.0,0.3933,0.3933,0.3933,0.3933,,-,139.0,,18964.0,
366696,2003,19949.0,0.0,120.0,0.3609,0.3609,0.3609,0.3609,,-,137.0,,20188.0,730.0
366696,2004,17225.0,0.0,275.0,0.9579,0.9579,0.9579,0.9579,,-,86.0,,20716.0,799.0
366696,2005,11251.0,0.0,163.0,0.8693,0.8693,0.8693,0.8693,,-,90.0,,21807.0,1187.0
366696,2006,10429.0,0.0,150.0,0.863,0.863,0.863,0.863,,-,63.0,13.0,22118.0,1037.0
366696,2007,10928.0,0.0,123.0,0.6753,0.6753,0.6753,0.6753,,-,96.0,8.0,22504.0,1012.0
366696,2008,15576.0,0.0,144.0,0.5547,0.5547,0.5547,0.5547,,-,161.0,10.0,22828.0,774.0
366696,2009,22229.0,0.0,155.0,0.4184,0.4184,0.4184,0.4184,,-,189.0,24.0,23533.0,739.0
366696,2010,29563.0,0.0,246.0,0.4993,0.4993,0.4993,0.4993,,-,145.0,13.0,24513.0,819.0
366696,2011,28515.0,19.0,304.0,0.7196,0.7196,0.7196,0.7196,,-,55.0,5.0,25194.0,1022.0
366696,2012,24362.0,32.0,328.0,0.9654,0.9654,0.9654,0.9654,,-,82.0,1.0,24556.0,1018.0
366696,2013,21875.0,33.0,279.0,0.9463,0.9463,0.9463,0.9463,,-,109.0,5.0,24126.0,908.0
366696,2014,21422.0,32.0,195.0,0.7254,0.7254,0.7254,0.7254,,-,102.0,3.0,23762.0,751.0
366696,2015,20533.0,65.0,213.0,1.0023,1.0023,1.0023,1.0023,,-,112.0,3.0,23561.0,721.0
367316,2002,30240.0,0.0,0.0,0.0,0.0,0.0,0.0,,-,378.0,,20094.0,
367316,2003,25500.0,0.0,0.0,0.0,0.0,0.0,0.0,,-,430.0,,,
367316,2005,8652.0,0.0,0.0,0.0,0.0,0.0,0.0,,-,275.0,,,234.0
367361,2003,1258.0,0.0,0.0,0.0,0.0,0.0,0.0,,-,37.0,,13204.0,
367361,2005,1121.0,0.0,0.0,0.0,0.0,0.0,0.0,,-,9.0,,,
367361,2014,1350.0,0.0,2.0,0.0889,0.0889,0.0889,0.0889,,-,16.0,,,
367361,2016,2820.0,0.0,2.0,0.0426,0.0426,0.0426,0.0426,,-,5.0,3.0,,201.0
367361,2017,1710.0,0.0,4.0,0.1404,0.1404,0.1404,0.1404,,-,6.0,,,362.0
367361,2018,1410.0,0.0,3.0,0.1277,0.1277,0.1277,0.1277,,-,22.0,,11877.0,215.0
367361,2019,2790.0,0.0,0.0,0.0,0.0,0.0,0.0,,-,10.0,,11629.0,188.0
367361,2020,2340.0,0.0,1.0,0.0256,0.0256,0.0256,0.0256,,-,17.0,,12031.0,249.0
367361,2021,3270.0,0.0,0.0,0.0,0.0,0.0,0.0,,-,18.0,,11684.0,171.0
367361,2022,3360.0,0.0,0.0,0.0,0.0,0.0,0.0,,-,26.0,,11245.0,203.0
367361,2023,3600.0,0.0,3.0,0.05,0.05,0.05,0.05,,-,15.0,,11107.0,222.0
367361,2024,2850.0,0.0,7.0,0.1474,0.1474,0.1474,0.1474,,-,16.0,,10970.0,308.0
376950,2000,6191.0,0.0,0.0,0.0,0.0,0.0,0.0,,-,,,,
376950,2001,4559.0,0.0,0.0,0.0,0.0,0.0,0.0,,-,,,,
376950,2003,4103.0,0.0,0.0,0.0,0.0,0.0,0.0,,-,118.0,,16377.0,
376950,2014,296.0,0.0,0.0,0.0,0.0,0.0,0.0,,-,,,,469.0
377069,1999,18844.0,0.0,0.0,0.0,0.0,0.0,0.0,,-,,,,
377069,2000,23321.0,0.0,226.0,0.5815,0.5815,0.5815,0.5815,,-,,,,
377069,2001,21435.0,0.0,239.0,0.669,0.669,0.669,0.669,,-,,,,
377069,2002,21777.0,0.0,213.0,0.5869,0.5869,0.5869,0.5869,,-,246.0,,18964.0,
377069,2003,25152.0,0.0,192.0,0.458,0.458,0.458,0.458,,-,209.0,,20188.0,691.0
377069,2004,21473.0,0.0,243.0,0.679,0.679,0.679,0.679,,-,214.0,,20716.0,1000.0
377069,2005,20829.0,0.0,218.0,0.628,0.628,0.628,0.628,,-,172.0,,21807.0,1001.0
377069,2006,21613.0,0.0,221.0,0.6135,0.6135,0.6135,0.6135,,-,157.0,14.0,22118.0,969.0
377069,2007,17757.0,0.0,230.0,0.7771,0.7771,0.7771,0.7771,,-,129.0,16.0,22504.0,1102.0
377069,2008,19195.0,0.0,198.0,0.6189,0.6189,0.6189,0.6189,,-,145.0,11.0,22828.0,945.0
377069,2009,19125.0,0.0,184.0,0.5772,0.5772,0.5772,0.5772,,-,138.0,29.0,23533.0,944.0
377069,2010,22021.0,0.0,161.0,0.4387,0.4387,0.4387,0.4387,,-,144.0,30.0,24513.0,882.0
377069,2011,23013.0,35.0,163.0,0.6075,0.6075,0.6075,0.6075,,-,64.0,22.0,25194.0,936.0
377069,2012,24430.0,34.0,184.0,0.6189,0.6189,0.6189,0.6189,,-,65.0,12.0,24556.0,898.0
377069,2013,20661.0,44.0,200.0,0.8364,0.8364,0.8364,0.8364,,-,86.0,15.0,24126.0,946.0
377069,2014,17754.0,39.0,156.0,0.7908,0.7908,0.7908,0.7908,,-,63.0,1.0,23762.0,836.0
377069,2015,15248.0,44.0,117.0,0.8067,0.8067,0.8067,0.8067,,-,50.0,9.0,23561.0,772.0
377111,1998,25288.0,0.0,90.0,0.2135,0.2135,0.2135,0.2135,,-,,,,
377111,1999,34536.0,0.0,108.0,0.1876,0.1876,0.1876,0.1876,,-,,,,
377111,2000,27100.0,0.0,113.0,0.2502,0.2502,0.2502,0.2502,,-,,,,
377111,2005,52288.0,0.0,109.0,0.1251,0.1251,0.1251,0.1251,,-,253.0,,,325.0
377111,2006,36075.0,0.0,105.0,0.1746,0.1746,0.1746,0.1746,,-,171.0,,,414.0
377111,2007,32314.0,0.0,102.0,0.1894,0.1894,0.1894,0.1894,,-,152.0,,,372.0
377111,2008,21274.0,0.0,79.0,0.2228,0.2228,0.2228,0.2228,,-,176.0,16.0,,462.0
377111,2009,26186.0,0.0,46.0,0.1054,0.1054,0.1054,0.1054,,-,284.0,5.0,20071.0,501.0
377111,2010,44153.0,0.0,37.0,0.0503,0.0503,0.0503,0.0503,,-,211.0,1.0,28518.0,434.0
377111,2011,36003.0,0.0,43.0,0.0717,0.0717,0.0717,0.0717,,-,193.0,3.0,27849.0,421.0
377111,2012,27754.0,0.0,66.0,0.1427,0.1427,0.1427,0.1427,,-,140.0,1.0,22042.0,439.0
377111,2013,25535.0,0.0,36.0,0.0846,0.0846,0.0846,0.0846,,-,120.0,2.0,22978.0,417.0
377111,2014,19290.0,0.0,43.0,0.1337,0.1337,0.1337,0.1337,,-,160.0,10.0,21566.0,449.0
377111,2015,19477.0,0.0,28.0,0.0863,0.0863,0.0863,0.0863,,-,130.0,11.0,21384.0,422.0
377111,2016,18254.0,0.0,26.0,0.0855,0.0855,0.0855,0.0855,,-,141.0,22.0,18884.0,509.0
377111,2017,22372.0,2.0,19.0,0.0617,0.0617,0.0617,0.0617,,-,129.0,13.0,19062.0,423.0
377111,2018,22002.0,0.0,34.0,0.0927,0.0927,0.0927,0.0927,,-,154.0,8.0,18780.0,437.0
377111,2019,24032.0,0.0,64.0,0.1598,0.1598,0.1598,0.1598,,-,132.0,6.0,19282.0,341.0
377111,2020,22290.0,5.0,53.0,0.1696,0.1696,0.1696,0.1696,,-,94.0,11.0,18164.0,343.0
377111,2021,13692.0,8.0,25.0,0.1797,0.1797,0.1797,0.1797,,-,107.0,13.0,17491.0,421.0
377111,2022,8895.0,1.0,26.0,0.1889,0.1889,0.1889,0.1889,,-,75.0,15.0,19000.0,411.0
377111,2023,7121.0,0.0,14.0,0.118,0.118,0.118,0.118,,-,37.0,7.0,19935.0,312.0
377111,2024,8154.0,0.0,21.0,0.1545,0.1545,0.1545,0.1545,,-,25.0,6.0,19341.0,253.0
377218,2009,2836.0,0.0,0.0,0.0,0.0,0.0,0.0,,-,12.0,,,889.0
377218,2010,3150.0,0.0,0.0,0.0,0.0,0.0,0.0,,-,26.0,,,630.0
377218,2012,4104.0,0.0,0.0,0.0,0.0,0.0,0.0,,-,16.0,,,471.0
377218,2013,4824.0,0.0,0.0,0.0,0.0,0.0,0.0,,-,21.0,45.0,,767.0
377218,2014,5346.0,0.0,0.0,0.0,0.0,0.0,0.0,,-,27.0,44.0,,608.0
377218,2015,5052.0,0.0,18.0,0.2138,0.2138,0.2138,0.2138,,-,23.0,47.0,,782.0
377218,2016,6054.0,0.0,20.0,0.1982,0.1982,0.1982,0.1982,,-,25.0,20.0,,685.0
377218,2017,6698.0,0.0,13.0,0.1165,0.1165,0.1165,0.1165,,-,20.0,10.0,,593.0
377218,2018,6740.0,0.0,14.0,0.1246,0.1246,0.1246,0.1246,,-,21.0,13.0,,567.0
377218,2019,7296.0,0.0,12.0,0.0987,0.0987,0.0987,0.0987,,-,19.0,23.0,,558.0
377218,2020,6759.0,0.0,16.0,0.142,0.142,0.142,0.142,,-,13.0,12.0,,471.0
377218,2021,5511.0,0.0,11.0,0.1198,0.1198,0.1198,0.1198,,-,11.0,27.0,,468.0
377218,2022,5248.0,0.0,5.0,0.0572,0.0572,0.0572,0.0572,,-,18.0,9.0,,587.0
377218,2023,4597.0,0.0,6.0,0.0783,0.0783,0.0783,0.0783,,-,15.0,8.0,,522.0
377218,2024,4311.0,0.0,7.0,0.0974,0.0974,0.0974,0.0974,,-,14.0,4.0,,445.0
377342,2016,23040.0,8.0,45.0,0.1589,0.1589,0.1589,0.1589,,-,137.0,,,207.0
377342,2017,25290.0,12.0,96.0,0.2847,0.2847,0.2847,0.2847,,-,65.0,,,290.0
377342,2018,25590.0,20.0,83.0,0.2884,0.2884,0.2884,0.2884,,-,75.0,,,294.0
377342,2019,31080.0,37.0,114.0,0.3629,0.3629,0.3629,0.3629,,-,83.0,,,272.0
377342,2020,27720.0,44.0,119.0,0.4481,0.4481,0.4481,0.4481,,-,78.0,,,278.0
379746,2021,6328.0,0.0,0.0,0.0,0.0,0.0,0.0,,-,98.0,,,149.0
379746,2022,10188.0,0.0,14.0,0.0824,0.0824,0.0824,0.0824,,-,143.0,,,214.0
379746,2023,15156.0,0.0,24.0,0.095,0.095,0.095,0.095,,-,160.0,40.0,,202.0
379746,2024,20770.0,0.0,29.0,0.0838,0.0838,0.0838,0.0838,,-,173.0,72.0,,183.0
379782,1998,4280.0,0.0,68.0,0.9533,0.9533,0.9533,0.9533,,-,,,,
379782,1999,5490.0,0.0,74.0,0.8087,0.8087,0.8087,0.8087,,-,,,,
379782,2003,6594.0,0.0,85.0,0.7734,0.7734,0.7734,0.7734,,-,62.0,,,400.0
379782,2007,6311.0,0.0,65.0,0.618,0.618,0.618,0.618,,-,5.0,26.0,,350.0
379782,2010,4306.0,0.0,64.0,0.8918,0.8918,0.8918,0.8918,,-,35.0,,,486.0
379782,2011,5286.0,0.0,57.0,0.647,0.647,0.647,0.647,,-,28.0,,,480.0
379782,2012,4784.0,0.0,65.0,0.8152,0.8152,0.8152,0.8152,,-,19.0,,,487.0
379782,2013,3410.0,0.0,50.0,0.8798,0.8798,0.8798,0.8798,,-,3.0,22.0,,557.0
379782,2014,3663.0,0.0,47.0,0.7699,0.7699,0.7699,0.7699,,-,16.0,90.0,,521.0
379782,2015,6061.0,0.0,37.0,0.3663,0.3663,0.3663,0.3663,,-,8.0,43.0,,460.0
379782,2016,5898.0,0.0,46.0,0.468,0.468,0.468,0.468,,-,11.0,75.0,,418.0
379782,2017,5679.0,0.0,34.0,0.3592,0.3592,0.3592,0.3592,,-,11.0,28.0,,493.0
379782,2018,5675.0,0.0,45.0,0.4758,0.4758,0.4758,0.4758,,-,9.0,60.0,,471.0
379782,2019,5589.0,0.0,37.0,0.3972,0.3972,0.3972,0.3972,,-,12.0,65.0,,432.0
379782,2020,5971.0,0.0,35.0,0.3517,0.3517,0.3517,0.3517,,-,9.0,36.0,,439.0
379782,2021,6712.0,0.0,43.0,0.3844,0.3844,0.3844,0.3844,,-,6.0,40.0,,428.0
379782,2022,5681.0,0.0,41.0,0.433,0.433,0.433,0.433,,-,6.0,32.0,,522.0
379782,2023,5739.0,0.0,41.0,0.4286,0.4286,0.4286,0.4286,,-,1.0,43.0,,384.0
379782,2024,6879.0,0.0,31.0,0.2704,0.2704,0.2704,0.2704,,-,9.0,63.0,,344.0
379889,2005,1098.0,11.0,2.0,1.3115,1.3115,1.3115,1.3115,,-,28.0,,,270.0
380094,1999,19200.0,0.0,12.0,0.0375,0.0375,0.0375,0.0375,,-,,,,
380094,2002,8552.0,0.0,44.0,0.3087,0.3087,0.3087,0.3087,,-,116.0,,21554.0,
380094,2003,10688.0,0.0,68.0,0.3817,0.3817,0.3817,0.3817,,-,132.0,,25909.0,688.0
380094,2004,21120.0,0.0,21.0,0.0597,0.0597,0.0597,0.0597,,-,168.0,,17894.0,463.0
380094,2006,25464.0,0.0,78.0,0.1838,0.1838,0.1838,0.1838,,-,226.0,,18354.0,612.0
380094,2007,25750.0,0.0,85.0,0.1981,0.1981,0.1981,0.1981,,-,158.0,,19472.0,592.0
380094,2008,22965.0,0.0,97.0,0.2534,0.2534,0.2534,0.2534,,-,137.0,1.0,20121.0,496.0
380094,2009,21802.0,0.0,74.0,0.2037,0.2037,0.2037,0.2037,,-,252.0,3.0,20071.0,518.0
380094,2010,32863.0,0.0,58.0,0.1059,0.1059,0.1059,0.1059,,-,152.0,,19941.0,452.0
380094,2011,25800.0,0.0,64.0,0.1488,0.1488,0.1488,0.1488,,-,106.0,6.0,20583.0,447.0
380094,2012,20160.0,0.0,94.0,0.2798,0.2798,0.2798,0.2798,,-,112.0,2.0,20402.0,446.0
380094,2013,16011.0,0.0,30.0,0.1124,0.1124,0.1124,0.1124,,-,135.0,1.0,21382.0,501.0
380094,2014,15600.0,0.0,17.0,0.0654,0.0654,0.0654,0.0654,,-,108.0,4.0,21059.0,486.0
380094,2016,2039.0,0.0,17.0,0.5003,0.5003,0.5003,0.5003,,-,,,21236.0,
381990,1998,14487.0,0.0,103.0,0.4266,0.4266,0.4266,0.4266,,-,,,,
381990,1999,19827.0,0.0,181.0,0.5477,0.5477,0.5477,0.5477,,-,,,,
381990,2000,16756.0,0.0,191.0,0.6839,0.6839,0.6839,0.6839,,-,,,,
381990,2001,14826.0,0.0,188.0,0.7608,0.7608,0.7608,0.7608,,-,,,,
381990,2002,9464.0,0.0,182.0,1.1538,1.1538,1.1538,1.1538,,-,100.0,,12472.0,
381990,2005,7812.0,0.0,105.0,0.8065,0.8065,0.8065,0.8065,,-,60.0,,13271.0,
381990,2006,9660.0,0.0,85.0,0.528,0.528,0.528,0.528,,-,120.0,,13565.0,
382869,2001,43.0,0.0,0.0,0.0,0.0,0.0,0.0,,n,,,,
382896,2002,90900.0,0.0,0.0,0.0,0.0,0.0,0.0,,-,,,,
382896,2004,11532.0,0.0,57.0,0.2966,0.2966,0.2966,0.2966,,-,124.0,,,155.0
382896,2009,20160.0,0.0,0.0,0.0,0.0,0.0,0.0,,-,121.0,24.0,,44.0
382896,2010,17721.0,0.0,0.0,0.0,0.0,0.0,0.0,,-,67.0,18.0,,413.0
382896,2011,14895.0,0.0,15.0,0.0604,0.0604,0.0604,0.0604,,-,64.0,28.0,,514.0
382896,2012,15823.0,0.0,34.0,0.1289,0.1289,0.1289,0.1289,,-,50.0,21.0,,336.0
382896,2013,15571.0,0.0,19.0,0.0732,0.0732,0.0732,0.0732,,-,89.0,44.0,,339.0
382896,2014,20228.0,0.0,39.0,0.1157,0.1157,0.1157,0.1157,,-,84.0,45.0,,249.0
382896,2015,22979.0,0.0,25.0,0.0653,0.0653,0.0653,0.0653,,-,109.0,28.0,,331.0
382896,2017,15892.0,0.0,53.0,0.2001,0.2001,0.2001,0.2001,,-,61.0,26.0,,431.0
382896,2018,13886.0,0.0,19.0,0.0821,0.0821,0.0821,0.0821,,-,,,,
382911,1998,3120.0,0.0,4.0,0.0769,0.0752,0.0708,0.069,0.7179,i,,,,
382911,1999,2411.0,0.0,3.0,0.0747,0.0757,0.0785,0.0797,1.2203,o,,,,
382911,2000,2684.0,0.0,2.0,0.0447,0.0449,0.0454,0.0457,1.0667,o,,,,
382911,2001,2669.0,0.0,6.0,0.1349,0.1367,0.1413,0.1435,1.2059,o,,,,
382911,2002,2586.0,0.0,4.0,0.0928,0.0947,0.0999,0.1023,1.3425,o,50.0,,1895.0,
382911,2003,3394.0,0.0,9.0,0.1591,0.1603,0.1634,0.1647,1.1111,o,43.0,,1995.0,
382911,2005,3053.0,0.0,0.0,0.0,0.0,0.0,0.0,1.3333,o,41.0,,2112.0,
382911,2006,2449.0,0.0,6.0,0.147,0.1445,0.1382,0.1355,0.781,o,33.0,10.0,2044.0,
382911,2009,2598.0,0.0,4.0,0.0924,0.0905,0.0857,0.0837,0.7416,o,32.0,,2377.0,
382911,2010,2524.0,0.0,12.0,0.2853,0.2788,0.2627,0.2558,0.7191,o,21.0,26.0,2447.0,
382911,2012,3136.0,0.0,10.0,0.1913,0.2003,0.2253,0.2375,1.9245,o,47.0,7.0,2738.0,
382911,2013,3302.0,0.0,12.0,0.218,0.2222,0.2331,0.2381,1.3056,o,51.0,8.0,2970.0,
382911,2014,3520.0,0.0,7.0,0.1193,0.1197,0.1205,0.1209,1.0408,o,27.0,5.0,2925.0,
382911,2015,2773.0,0.0,13.0,0.2813,0.2698,0.2423,0.2311,0.551,o,34.0,3.0,2979.0,
382911,2016,2763.0,0.0,12.0,0.2606,0.2581,0.2518,0.2491,0.8718,o,27.0,11.0,3296.0,
382911,2017,2573.0,0.0,14.0,0.3265,0.3237,0.3167,0.3136,0.8852,o,21.0,5.0,3263.0,
382911,2018,2417.0,0.0,15.0,0.3724,0.3628,0.3392,0.3292,0.6885,o,22.0,9.0,3190.0,
382911,2019,2230.0,0.0,3.0,0.0807,0.0802,0.079,0.0784,0.9167,o,11.0,5.0,3124.0,
382911,2020,1631.0,0.0,12.0,0.4414,0.4212,0.3734,0.3539,0.5116,o,7.0,2.0,3077.0,
382911,2021,1385.0,0.0,11.0,0.4765,0.4488,0.3846,0.3591,0.4242,o,10.0,2.0,3000.0,
382911,2022,1382.0,0.0,4.0,0.1737,0.1749,0.1783,0.1798,1.1111,o,13.0,4.0,2819.0,
382911,2023,1303.0,0.0,10.0,0.4605,0.4744,0.5121,0.5298,1.5294,o,18.0,3.0,2816.0,
382911,2024,1273.0,0.0,2.0,0.0943,0.0973,0.1054,0.1093,1.5652,o,11.0,3.0,2766.0,
385983,1999,7032.0,0.0,0.0,0.0,0.0,0.0,0.0,,-,,,,
385983,2000,7033.0,0.0,0.0,0.0,0.0,0.0,0.0,,-,,,,
388520,2003,19097.0,92.0,11.0,0.6127,0.3162,0.2757,0.1958,0.1022,i,17.0,,6373.0,155.0
388520,2004,19448.0,52.0,18.0,0.3764,0.2303,0.2081,0.1614,0.1839,o,13.0,,6758.0,160.0
388520,2005,18412.0,106.0,10.0,0.7234,0.7915,0.8064,0.8448,1.3636,o,19.0,,6841.0,209.0
388520,2006,22676.0,82.0,22.0,0.4922,0.376,0.3556,0.3093,0.3951,o,9.0,50.0,3652.0,132.0
388520,2007,21248.0,128.0,17.0,0.7709,0.5645,0.5293,0.4505,0.3415,o,29.0,69.0,4089.0,151.0
388520,2008,19943.0,138.0,30.0,0.9206,0.9859,1.0,1.0361,1.2667,o,10.0,15.0,4768.0,157.0
388520,2009,17260.0,117.0,16.0,0.8691,0.9204,0.9314,0.9594,1.2188,o,21.0,25.0,4242.0,186.0
388520,2010,9262.0,103.0,28.0,1.5159,1.5613,1.5708,1.595,1.1071,o,21.0,41.0,6519.0,325.0
388520,2011,7942.0,91.0,23.0,1.5487,1.5943,1.6039,1.6282,1.1053,o,27.0,79.0,12262.0,382.0
388520,2012,9475.0,45.0,19.0,0.6902,0.7331,0.7423,0.7657,1.2308,o,29.0,60.0,12784.0,309.0
388520,2013,8746.0,66.0,23.0,1.0633,1.2623,1.3079,1.4292,1.8065,o,46.0,49.0,12657.0,329.0
388520,2014,9931.0,60.0,41.0,0.9727,1.1508,1.1916,1.2998,1.7857,o,42.0,51.0,12904.0,305.0
388520,2015,9738.0,54.0,41.0,0.9181,1.0945,1.135,1.243,1.8333,o,11.0,45.0,9068.0,309.0
388520,2016,9238.0,60.0,28.0,0.9612,0.946,0.9429,0.9351,0.9464,o,27.0,57.0,9005.0,324.0
388520,2017,9068.0,41.0,19.0,0.6683,0.5487,0.5268,0.4757,0.5067,o,33.0,41.0,8855.0,343.0
388520,2018,5180.0,17.0,11.0,0.5212,0.4664,0.4558,0.4304,0.6818,o,1.0,238.0,8657.0,509.0
388520,2019,6505.0,59.0,9.0,1.1714,1.0299,1.0028,0.9382,0.6415,o,45.0,280.0,8487.0,332.0
388520,2020,10035.0,86.0,17.0,1.13,1.1944,1.2082,1.2433,1.2105,o,103.0,47.0,8360.0,320.0
388520,2021,7470.0,33.0,10.0,0.6104,0.7932,0.8373,0.9587,2.4667,o,117.0,153.0,7938.0,426.0
388520,2023,7630.0,26.0,9.0,0.4797,0.7079,0.7672,0.9383,3.8261,o,35.0,88.0,7738.0,253.0
388520,2024,8585.0,51.0,14.0,0.8107,0.7107,0.6916,0.6461,0.6351,o,15.0,65.0,7475.0,260.0
392257,2003,9071.0,0.0,0.0,0.0,0.0,0.0,0.0,,-,372.0,,,363.0
392257,2013,20663.0,0.0,21.0,0.061,0.061,0.061,0.061,,-,802.0,6.0,,446.0
392257,2014,24064.0,0.0,34.0,0.0848,0.0848,0.0848,0.0848,,-,1158.0,1.0,,441.0
392257,2015,37161.0,0.0,110.0,0.1776,0.1776,0.1776,0.1776,,-,1075.0,163.0,,319.0
392257,2016,53550.0,0.0,219.0,0.2454,0.2454,0.2454,0.2454,,-,255.0,,,259.0
392257,2017,56520.0,7.0,278.0,0.31,0.31,0.31,0.31,,-,178.0,,,248.0
392257,2018,57000.0,14.0,284.0,0.3284,0.3284,0.3284,0.3284,,-,413.0,,,249.0
392257,2019,68100.0,44.0,306.0,0.3471,0.3471,0.3471,0.3471,,-,459.0,,,191.0
392257,2020,48724.0,52.0,272.0,0.463,0.463,0.463,0.463,,-,805.0,52.0,,300.0
392257,2021,59516.0,72.0,259.0,0.4063,0.4063,0.4063,0.4063,,-,784.0,,,352.0
392257,2022,85182.0,62.0,308.0,0.3043,0.3043,0.3043,0.3043,,-,743.0,,,264.0
392257,2023,99074.0,57.0,289.0,0.2441,0.2441,0.2441,0.2441,,-,718.0,353.0,,236.0
392257,2024,126533.0,103.0,461.0,0.3163,0.3163,0.3163,0.3163,,-,908.0,610.0,,193.0
392415,2005,27951.0,0.0,0.0,0.0,0.0,0.0,0.0,,-,272.0,,,142.0
392415,2007,24869.0,0.0,0.0,0.0,0.0,0.0,0.0,,-,175.0,64.0,,345.0
392415,2008,22550.0,0.0,0.0,0.0,0.0,0.0,0.0,,-,162.0,47.0,,370.0
392415,2010,20029.0,0.0,0.0,0.0,0.0,0.0,0.0,,-,212.0,,,561.0
392415,2012,33210.0,0.0,0.0,0.0,0.0,0.0,0.0,,-,93.0,,,371.0
392415,2013,25980.0,0.0,0.0,0.0,0.0,0.0,0.0,,-,58.0,,,446.0
392415,2014,18360.0,0.0,0.0,0.0,0.0,0.0,0.0,,-,53.0,,,466.0
392415,2015,12870.0,0.0,0.0,0.0,0.0,0.0,0.0,,-,49.0,40.0,,381.0
392415,2016,12420.0,0.0,7.0,0.0338,0.0338,0.0338,0.0338,,-,101.0,17.0,,329.0
392415,2017,14190.0,0.0,9.0,0.0381,0.0381,0.0381,0.0381,,-,61.0,7.0,,375.0
392415,2018,14610.0,0.0,11.0,0.0452,0.0452,0.0452,0.0452,,-,84.0,14.0,,343.0
392415,2019,16980.0,0.0,7.0,0.0247,0.0247,0.0247,0.0247,,-,97.0,38.0,,374.0
392415,2020,17580.0,0.0,13.0,0.0444,0.0444,0.0444,0.0444,,-,62.0,45.0,,351.0
392415,2021,19620.0,0.0,3.0,0.0092,0.0092,0.0092,0.0092,,-,57.0,22.0,,323.0
392415,2022,14640.0,0.0,3.0,0.0123,0.0123,0.0123,0.0123,,-,69.0,54.0,,310.0
392415,2023,13830.0,0.0,1.0,0.0043,0.0043,0.0043,0.0043,,-,87.0,38.0,,324.0
392415,2024,19469.0,0.0,0.0,0.0,0.0,0.0,0.0,,-,98.0,71.0,,332.0
404499,2005,22943.0,0.0,0.0,0.0,0.0,0.0,0.0,,-,100.0,,,490.0
404499,2007,19824.0,0.0,0.0,0.0,0.0,0.0,0.0,,-,92.0,21.0,,450.0
404499,2008,50311.0,0.0,0.0,0.0,0.0,0.0,0.0,,-,168.0,67.0,,171.0
404499,2010,56872.0,0.0,19.0,0.02,0.02,0.02,0.02,,-,274.0,140.0,36109.0,354.0
404499,2011,63192.0,0.0,40.0,0.038,0.038,0.038,0.038,,-,167.0,61.0,20266.0,387.0
404499,2012,38959.0,0.0,142.0,0.2187,0.2187,0.2187,0.2187,,-,89.0,57.0,19953.0,566.0
404499,2014,21960.0,0.0,96.0,0.2623,0.2623,0.2623,0.2623,,-,74.0,63.0,20024.0,452.0
404499,2015,18334.0,0.0,66.0,0.216,0.216,0.216,0.216,,-,,,19384.0,576.0
404499,2016,4740.0,0.0,85.0,1.0759,1.0759,1.0759,1.0759,,-,,,,
404514,2005,24392.0,0.0,0.0,0.0,0.0,0.0,0.0,,-,120.0,,,408.0
404514,2006,21934.0,0.0,0.0,0.0,0.0,0.0,0.0,,-,113.0,,,475.0
404514,2007,23606.0,0.0,0.0,0.0,0.0,0.0,0.0,,-,97.0,50.0,,411.0
404514,2008,26850.0,0.0,0.0,0.0,0.0,0.0,0.0,,-,185.0,94.0,,369.0
404514,2009,34234.0,0.0,0.0,0.0,0.0,0.0,0.0,,-,167.0,99.0,,379.0
404514,2010,43504.0,0.0,0.0,0.0,0.0,0.0,0.0,,-,126.0,94.0,21916.0,403.0
404514,2011,41910.0,0.0,11.0,0.0157,0.0157,0.0157,0.0157,,-,107.0,78.0,21366.0,473.0
404514,2012,22283.0,0.0,26.0,0.07,0.07,0.07,0.07,,-,61.0,52.0,19457.0,653.0
404514,2013,17215.0,0.0,62.0,0.2161,0.2161,0.2161,0.2161,,-,64.0,70.0,21243.0,554.0
404514,2014,18881.0,0.0,55.0,0.1748,0.1748,0.1748,0.1748,,-,35.0,49.0,19904.0,480.0
404514,2016,3942.0,0.0,52.0,0.7915,0.7915,0.7915,0.7915,,-,,,,
405076,2011,12450.0,0.0,0.0,0.0,0.0,0.0,0.0,,-,107.0,,,471.0
406033,2010,25392.0,0.0,85.0,0.2009,0.2009,0.2009,0.2009,,-,19.0,180.0,,
406033,2011,45746.0,0.0,130.0,0.1705,0.1705,0.1705,0.1705,,-,111.0,110.0,,
406033,2012,39750.0,0.0,187.0,0.2823,0.2823,0.2823,0.2823,,-,83.0,175.0,,
406033,2013,32670.0,0.0,199.0,0.3655,0.3655,0.3655,0.3655,,-,96.0,215.0,,
406033,2014,39967.0,0.0,303.0,0.4549,0.4549,0.4549,0.4549,,-,79.0,193.0,,
406033,2015,43470.0,0.0,222.0,0.3064,0.3064,0.3064,0.3064,,-,97.0,260.0,,
406033,2016,46592.0,0.0,347.0,0.4469,0.4469,0.4469,0.4469,,-,58.0,298.0,,
406033,2017,45170.0,0.0,281.0,0.3733,0.3733,0.3733,0.3733,,-,57.0,316.0,,
406033,2018,52410.0,0.0,276.0,0.316,0.316,0.316,0.316,,-,60.0,336.0,,
406033,2019,64500.0,0.0,427.0,0.3972,0.3972,0.3972,0.3972,,-,56.0,362.0,,
406033,2020,67590.0,42.0,474.0,0.4953,0.4953,0.4953,0.4953,,-,352.0,378.0,,
406033,2021,81330.0,90.0,502.0,0.5031,0.5031,0.5031,0.5031,,-,1164.0,619.0,,
406033,2022,143100.0,91.0,520.0,0.2943,0.2943,0.2943,0.2943,,-,587.0,974.0,,
406033,2023,115050.0,115.0,564.0,0.4141,0.4141,0.4141,0.4141,,-,639.0,1088.0,,
406033,2024,120000.0,212.0,556.0,0.49,0.49,0.49,0.49,,-,645.0,682.0,16400.0,
408385,2011,12960.0,0.0,0.0,0.0,0.0,0.0,0.0,,-,128.0,,,520.0
408394,2000,15547.0,0.0,66.0,0.2547,0.2547,0.2547,0.2547,,n,,,,
408394,2002,18985.0,0.0,89.0,0.2813,0.2813,0.2813,0.2813,,n,325.0,,1218.0,
408394,2003,18333.0,0.0,76.0,0.2487,0.2594,0.289,0.3032,1.8216,i,201.0,,5034.0,65.0
408394,2005,16030.0,0.0,145.0,0.5427,0.5268,0.4881,0.4718,0.654,o,97.0,,5529.0,88.0
408394,2006,14677.0,0.0,119.0,0.4865,0.4647,0.4131,0.3921,0.5201,o,94.0,40.0,5675.0,93.0
408394,2007,14088.0,0.0,103.0,0.4387,0.4278,0.4011,0.3898,0.6989,o,112.0,52.0,5765.0,102.0
408394,2008,16611.0,0.0,90.0,0.3251,0.3287,0.3383,0.3426,1.1728,o,100.0,58.0,4751.0,105.0
408394,2009,19832.0,0.0,119.0,0.36,0.3593,0.3574,0.3565,0.9709,o,155.0,36.0,4869.0,116.0
408394,2010,20463.0,0.0,139.0,0.4076,0.4186,0.4482,0.462,1.4623,o,108.0,53.0,5198.0,124.0
408394,2011,23080.0,0.0,183.0,0.4757,0.4702,0.4564,0.4504,0.8471,o,74.0,47.0,5930.0,127.0
408394,2012,19267.0,0.0,155.0,0.4827,0.4636,0.4181,0.3993,0.5627,o,94.0,37.0,6821.0,152.0
408394,2013,18689.0,0.0,125.0,0.4013,0.4022,0.4046,0.4056,1.033,o,105.0,61.0,6701.0,149.0
408394,2014,18434.0,0.0,116.0,0.3776,0.3835,0.3992,0.4064,1.25,o,137.0,61.0,6588.0,134.0
409315,1999,224194.0,0.0,209.0,0.0559,0.0559,0.0559,0.0559,0.9973,o,,,,
409315,2000,237033.0,0.0,460.0,0.1164,0.1168,0.1176,0.118,1.0422,o,,,,
409315,2001,206237.0,0.0,469.0,0.1364,0.1335,0.1264,0.1233,0.7357,o,,,,
409315,2002,280186.0,0.0,562.0,0.1203,0.117,0.1089,0.1055,0.6703,o,2014.0,,2553.0,
409315,2003,262548.0,0.0,921.0,0.2105,0.2156,0.2295,0.236,1.4138,o,2407.0,,2505.0,55.0
409315,2004,267723.0,0.0,1032.0,0.2313,0.2375,0.2543,0.2622,1.4619,o,3504.0,,2444.0,55.0
409315,2005,344327.0,0.0,1232.0,0.2147,0.2217,0.2409,0.2499,1.5852,o,2693.0,,3786.0,55.0
409315,2006,339703.0,0.0,1363.0,0.2407,0.2392,0.2352,0.2335,0.9112,o,3126.0,470.0,2471.0,65.0
409315,2007,353804.0,9.0,1367.0,0.2349,0.235,0.2354,0.2356,1.0089,o,3252.0,723.0,2399.0,53.0
409315,2008,389046.0,44.0,1800.0,0.2912,0.2935,0.2994,0.3021,1.1177,o,3026.0,567.0,2321.0,57.0
409315,2009,424869.0,72.0,1493.0,0.2312,0.2303,0.2282,0.2272,0.9489,o,3003.0,789.0,2814.0,56.0
409315,2010,537734.0,99.0,1828.0,0.2261,0.2254,0.2236,0.2228,0.9567,o,3452.0,845.0,3071.0,46.0
409315,2011,561301.0,113.0,2077.0,0.2462,0.2485,0.2547,0.2574,1.1451,o,3684.0,685.0,3300.0,45.0
409315,2012,588781.0,109.0,2292.0,0.2558,0.2582,0.2644,0.2672,1.1414,o,3825.0,866.0,7021.0,45.0
409315,2013,591034.0,122.0,2231.0,0.2513,0.2525,0.2557,0.2571,1.072,o,3863.0,1044.0,6898.0,48.0
409315,2014,595756.0,130.0,2919.0,0.3202,0.3208,0.3225,0.3232,1.0289,o,3919.0,830.0,4274.0,45.0
409315,2015,598203.0,201.0,3179.0,0.3592,0.3597,0.3609,0.3615,1.0195,o,4126.0,897.0,4316.0,47.0
409315,2016,649577.0,239.0,3326.0,0.3514,0.3528,0.3566,0.3582,1.0604,o,4795.0,967.0,4519.0,43.0
409315,2017,643458.0,306.0,3674.0,0.3997,0.4046,0.4176,0.4235,1.192,o,4908.0,877.0,4597.0,46.0
409315,2018,638117.0,330.0,4136.0,0.451,0.454,0.4619,0.4654,1.1003,o,4641.0,730.0,4636.0,42.0
409315,2019,655051.0,358.0,4347.0,0.4638,0.4623,0.4586,0.457,0.9566,o,4962.0,824.0,4612.0,42.0
409315,2020,745079.0,428.0,4350.0,0.4192,0.4204,0.4233,0.4246,1.0393,o,3119.0,573.0,4976.0,38.0
409315,2021,548449.0,456.0,3920.0,0.5286,0.5129,0.4746,0.4585,0.6496,o,3791.0,442.0,4937.0,45.0
409315,2022,556329.0,464.0,3702.0,0.4993,0.4971,0.4915,0.489,0.9382,o,3948.0,556.0,4640.0,33.0
409315,2023,537278.0,467.0,3511.0,0.4964,0.501,0.5132,0.5187,1.1427,o,4129.0,503.0,4379.0,22.0
409315,2024,540843.0,478.0,3598.0,0.5052,0.5075,0.5135,0.5161,1.0671,o,3848.0,520.0,4920.0,36.0
416801,1999,990.0,0.0,0.0,0.0,0.0,0.0,0.0,,n,,,,
416801,2002,2196.0,36.0,0.0,1.9672,1.9672,1.9672,1.9672,,n,,,,
416801,2003,2795.0,10.0,0.0,0.4293,0.4293,0.4293,0.4293,,n,,,,35.0
416801,2005,3360.0,27.0,0.0,0.9643,0.9643,0.9643,0.9643,,n,,,,89.0
416801,2006,2627.0,44.0,0.0,2.0096,2.0096,2.0096,2.0096,,n,,93.0,,189.0
416801,2007,4767.0,54.0,0.0,1.3593,1.3593,1.3593,1.3593,,n,,105.0,,182.0
416801,2009,8685.0,95.0,0.0,1.3126,1.3126,1.3126,1.3126,,n,,123.0,,110.0
416801,2010,8501.0,101.0,0.0,1.4257,1.4257,1.4257,1.4257,,n,,154.0,,157.0
416801,2011,10830.0,114.0,0.0,1.2632,1.2632,1.2632,1.2632,,n,,174.0,,141.0
416801,2012,11299.0,108.0,0.0,1.147,1.147,1.147,1.147,,n,,158.0,,154.0
416801,2013,11240.0,141.0,0.0,1.5053,1.5053,1.5053,1.5053,,n,,166.0,,148.0
416801,2014,11352.0,147.0,0.0,1.5539,1.5539,1.5539,1.5539,,n,,104.0,,167.0
416801,2015,10864.0,158.0,0.0,1.7452,1.7452,1.7452,1.7452,,n,,107.0,,162.0
416801,2016,10609.0,141.0,0.0,1.5949,1.5949,1.5949,1.5949,,n,,107.0,,190.0
416801,2017,10432.0,143.0,0.0,1.6449,1.6449,1.6449,1.6449,,n,,107.0,,272.0
416801,2018,10731.0,152.0,0.0,1.6997,1.6997,1.6997,1.6997,,n,,94.0,,118.0
416801,2019,11714.0,142.0,0.0,1.4547,1.4547,1.4547,1.4547,,n,,115.0,,177.0
416801,2020,12074.0,162.0,0.0,1.6101,1.6101,1.6101,1.6101,,n,,87.0,,178.0
416801,2021,11354.0,168.0,0.0,1.7756,1.7756,1.7756,1.7756,,n,,97.0,,166.0
416801,2022,11452.0,152.0,0.0,1.5927,1.5927,1.5927,1.5927,,n,,70.0,,164.0
416801,2023,11275.0,164.0,0.0,1.7455,1.7455,1.7455,1.7455,,n,,63.0,,164.0
416801,2024,10874.0,144.0,0.0,1.5891,1.5891,1.5891,1.5891,,n,,76.0,,157.0
417752,2013,1680.0,7.0,0.0,0.5,0.5,0.5,0.5,1.0,o,13.0,4.0,11242.0,90.0
417752,2015,4350.0,2.0,0.0,0.0552,0.0885,0.0976,0.1245,5.0952,o,36.0,14.0,11431.0,305.0
417752,2016,2371.0,6.0,0.0,0.3037,0.5083,0.5655,0.7382,5.9091,o,8.0,2.0,11352.0,402.0
417752,2017,1563.0,11.0,3.0,0.9597,1.083,1.1105,1.1821,1.5172,o,9.0,5.0,11626.0,432.0
417752,2018,1229.0,9.0,4.0,1.074,0.63,0.5642,0.4281,0.1589,o,8.0,,11366.0,448.0
417752,2019,1263.0,6.0,1.0,0.6176,0.3424,0.303,0.2233,0.1308,o,3.0,6.0,11201.0,404.0
417752,2020,1104.0,11.0,0.0,1.1957,0.7998,0.736,0.5978,0.25,o,4.0,1.0,11034.0,480.0
417752,2021,945.0,6.0,0.0,0.7619,0.589,0.5585,0.4889,0.4118,o,4.0,2.0,10715.0,397.0
417752,2022,879.0,12.0,0.0,1.6382,1.3166,1.2583,1.1238,0.4706,o,4.0,,10729.0,397.0
417752,2023,585.0,7.0,0.0,1.4359,1.3092,1.2845,1.2245,0.7273,o,7.0,5.0,11428.0,426.0
417752,2024,681.0,2.0,0.0,0.3524,0.4018,0.4128,0.4418,1.5714,o,6.0,1.0,11200.0,406.0
420352,2001,612.0,1.0,0.0,0.1961,0.1961,0.1961,0.1961,,n,,,,
420352,2002,493.0,1.0,0.0,0.2434,0.2434,0.2434,0.2434,,n,5.0,,15590.0,
420352,2003,295.0,7.0,0.0,2.8475,2.3289,2.2341,2.0135,0.5,o,7.0,,15294.0,
420352,2005,489.0,4.0,0.0,0.9816,0.8727,0.8517,0.8015,0.6667,o,4.0,,19315.0,867.0
420352,2006,1014.0,3.0,0.0,0.355,0.3406,0.3377,0.3305,0.8667,o,4.0,5.0,18697.0,455.0
420352,2007,887.0,6.0,0.0,0.8117,0.7217,0.7043,0.6628,0.6667,o,15.0,1.0,18148.0,533.0
420352,2008,820.0,7.0,0.0,1.0244,1.0767,1.0879,1.1163,1.1875,o,5.0,2.0,17779.0,391.0
420352,2009,694.0,8.0,1.0,1.4697,1.6653,1.7089,1.823,1.5385,o,9.0,,17625.0,411.0
420352,2010,709.0,1.0,0.0,0.1693,0.1991,0.2059,0.2239,1.75,o,6.0,6.0,17940.0,193.0
420398,2000,44528.0,0.0,18.0,0.0243,0.0243,0.0243,0.0243,,n,,,,
420398,2001,78221.0,0.0,44.0,0.0338,0.0338,0.0338,0.0338,,n,,,,
420398,2002,164270.0,0.0,83.0,0.0303,0.0303,0.0303,0.0303,,n,665.0,,2002.0,
420398,2003,219983.0,0.0,138.0,0.0376,0.0385,0.0407,0.0417,1.3627,o,774.0,,1964.0,37.0
420398,2008,332700.0,0.0,585.0,0.1055,0.1072,0.1116,0.1136,1.2528,o,1690.0,916.0,2397.0,51.0
420398,2009,385980.0,0.0,608.0,0.0945,0.0967,0.1027,0.1054,1.3927,o,1994.0,1065.0,2593.0,46.0
420398,2010,474840.0,0.0,972.0,0.1228,0.1253,0.1319,0.135,1.3311,o,2449.0,1845.0,2233.0,42.0
420398,2011,300694.0,0.0,621.0,0.1239,0.1264,0.1331,0.1361,1.3295,o,2737.0,1632.0,2180.0,62.0
420398,2012,300348.0,0.0,1126.0,0.2249,0.2282,0.237,0.241,1.232,o,2635.0,1040.0,2656.0,65.0
420398,2013,290482.0,0.0,1208.0,0.2495,0.2498,0.2505,0.2508,1.0162,o,2387.0,973.0,2724.0,69.0
420398,2014,284734.0,0.0,1422.0,0.2996,0.2972,0.2909,0.2882,0.8887,o,2609.0,808.0,2683.0,66.0
420398,2015,317093.0,0.0,2169.0,0.4104,0.4115,0.4144,0.4156,1.039,o,2811.0,861.0,2726.0,56.0
420398,2016,330948.0,0.0,3146.0,0.5704,0.5751,0.5874,0.593,1.1253,o,2691.0,825.0,2707.0,56.0
420398,2017,327796.0,0.0,3463.0,0.6339,0.6336,0.6328,0.6324,0.993,o,2587.0,853.0,2789.0,54.0
420398,2018,331279.0,0.0,2158.0,0.3908,0.3892,0.3849,0.383,0.9404,o,2704.0,798.0,3440.0,53.0
420398,2019,291309.0,0.0,2949.0,0.6074,0.6084,0.6111,0.6123,1.0246,o,3251.0,1098.0,3441.0,62.0
420398,2020,295163.0,0.0,3057.0,0.6214,0.6304,0.6543,0.6652,1.2289,o,2878.0,677.0,3642.0,60.0
420398,2021,272825.0,0.0,2706.0,0.5951,0.5937,0.5901,0.5885,0.9666,o,2714.0,851.0,3632.0,55.0
420398,2022,243493.0,0.0,2597.0,0.6399,0.6345,0.6208,0.6148,0.8856,o,3192.0,960.0,3414.0,58.0
420398,2023,258283.0,0.0,2335.0,0.5424,0.5475,0.5607,0.5667,1.1416,o,3767.0,1085.0,3377.0,54.0
420398,2024,282202.0,0.0,2173.0,0.462,0.47,0.491,0.5007,1.2757,o,3743.0,1173.0,3412.0,52.0
427663,1998,9450.0,0.0,68.0,0.4317,0.4317,0.4317,0.4317,,-,,,,
427663,1999,16632.0,0.0,82.0,0.2958,0.2958,0.2958,0.2958,,-,,,,
427663,2000,13663.0,0.0,105.0,0.4611,0.4611,0.4611,0.4611,,-,,,,
427663,2001,14378.0,0.0,162.0,0.676,0.676,0.676,0.676,,-,,,,
427663,2002,13974.0,0.0,100.0,0.4294,0.4294,0.4294,0.4294,,-,119.0,,20274.0,
427663,2003,14821.0,0.0,111.0,0.4494,0.4494,0.4494,0.4494,,-,91.0,,20188.0,739.0
427663,2004,12859.0,0.0,179.0,0.8352,0.8352,0.8352,0.8352,,-,67.0,,20716.0,880.0
427663,2005,11109.0,0.0,169.0,0.9128,0.9128,0.9128,0.9128,,-,107.0,,21807.0,988.0
427663,2006,10083.0,0.0,122.0,0.726,0.726,0.726,0.726,,-,53.0,5.0,22118.0,914.0
427663,2007,9427.0,0.0,100.0,0.6365,0.6365,0.6365,0.6365,,-,60.0,18.0,22504.0,935.0
427663,2008,9165.0,0.0,114.0,0.7463,0.7463,0.7463,0.7463,,-,61.0,20.0,22828.0,909.0
427663,2009,10800.0,0.0,110.0,0.6111,0.6111,0.6111,0.6111,,-,100.0,25.0,23533.0,814.0
427663,2010,13763.0,0.0,100.0,0.436,0.436,0.436,0.436,,-,72.0,4.0,24513.0,834.0
427663,2011,14613.0,17.0,123.0,0.6446,0.6446,0.6446,0.6446,,-,25.0,1.0,25194.0,915.0
427663,2012,12259.0,20.0,151.0,0.9348,0.9348,0.9348,0.9348,,-,34.0,4.0,24556.0,1083.0
427663,2013,9683.0,25.0,121.0,1.0596,1.0596,1.0596,1.0596,,-,59.0,5.0,24126.0,962.0
427663,2014,10970.0,26.0,82.0,0.7329,0.7329,0.7329,0.7329,,-,63.0,6.0,23762.0,661.0
427663,2015,12409.0,36.0,107.0,0.8655,0.8655,0.8655,0.8655,,-,56.0,6.0,23561.0,651.0
427937,1998,1584.0,0.0,0.0,0.0,0.0,0.0,0.0,,-,,,,
427937,1999,2190.0,0.0,0.0,0.0,0.0,0.0,0.0,,-,,,,
427937,2000,3749.0,0.0,0.0,0.0,0.0,0.0,0.0,,-,,,,
427937,2001,1395.0,0.0,0.0,0.0,0.0,0.0,0.0,,-,,,,
430245,2011,31350.0,0.0,0.0,0.0,0.0,0.0,0.0,,-,297.0,,,381.0
430704,2011,143.0,0.0,0.0,0.0,0.0,0.0,0.0,,-,,3.0,,795.0
430704,2013,337.0,7.0,0.0,2.4926,2.4926,2.4926,2.4926,,-,,5.0,,282.0
430704,2014,329.0,8.0,0.0,2.9179,2.9179,2.9179,2.9179,,-,,6.0,,304.0
430704,2016,816.0,14.0,0.0,2.0588,2.0588,2.0588,2.0588,,-,,5.0,,216.0
430704,2017,613.0,7.0,0.0,1.3703,1.3703,1.3703,1.3703,,-,,12.0,,356.0
430704,2021,882.0,6.0,0.0,0.8163,0.8163,0.8163,0.8163,,-,,11.0,,356.0
430704,2022,1009.0,7.0,0.0,0.8325,0.8325,0.8325,0.8325,,-,,2.0,,373.0
430704,2023,759.0,15.0,0.0,2.3715,2.3715,2.3715,2.3715,,-,,,,410.0
431886,2007,44414.0,0.0,0.0,0.0,0.0,0.0,0.0,,-,299.0,,,
431886,2008,43325.0,0.0,0.0,0.0,0.0,0.0,0.0,,-,340.0,3.0,,92.0
431886,2009,55635.0,0.0,0.0,0.0,0.0,0.0,0.0,,-,268.0,35.0,,27.0
431886,2010,52143.0,0.0,0.0,0.0,0.0,0.0,0.0,,-,181.0,6.0,,405.0
431886,2011,52029.0,0.0,24.0,0.0277,0.0277,0.0277,0.0277,,-,145.0,32.0,,406.0
431886,2012,38892.0,0.0,79.0,0.1219,0.1219,0.1219,0.1219,,-,149.0,16.0,,398.0
431886,2013,32009.0,0.0,28.0,0.0525,0.0525,0.0525,0.0525,,-,137.0,28.0,,326.0
431886,2014,37307.0,0.0,50.0,0.0804,0.0804,0.0804,0.0804,,-,96.0,32.0,,387.0
431886,2015,29031.0,0.0,42.0,0.0868,0.0868,0.0868,0.0868,,-,128.0,15.0,,717.0
431886,2017,16860.0,0.0,31.0,0.1103,0.1103,0.1103,0.1103,,-,86.0,24.0,,429.0
431886,2018,15510.0,0.0,45.0,0.1741,0.1741,0.1741,0.1741,,-,,,,
434052,1999,9432.0,0.0,27.0,0.1718,0.1718,0.1718,0.1718,,-,,,,
434052,2000,15011.0,0.0,115.0,0.4597,0.4597,0.4597,0.4597,,-,,,,
434052,2001,17136.0,0.0,130.0,0.4552,0.4552,0.4552,0.4552,,-,,,,
434052,2002,18728.0,0.0,112.0,0.3588,0.3588,0.3588,0.3588,,-,180.0,,18964.0,
434052,2003,19339.0,0.0,115.0,0.3568,0.3568,0.3568,0.3568,,-,173.0,,20188.0,779.0
434052,2004,21623.0,0.0,243.0,0.6743,0.6743,0.6743,0.6743,,-,171.0,,20716.0,889.0
434052,2005,20848.0,0.0,208.0,0.5986,0.5986,0.5986,0.5986,,-,140.0,,21807.0,895.0
434052,2006,19947.0,0.0,212.0,0.6377,0.6377,0.6377,0.6377,,-,120.0,14.0,22118.0,884.0
434052,2007,19525.0,0.0,202.0,0.6207,0.6207,0.6207,0.6207,,-,136.0,20.0,22504.0,915.0
434052,2008,17541.0,0.0,202.0,0.6909,0.6909,0.6909,0.6909,,-,140.0,14.0,22828.0,971.0
434052,2009,19157.0,0.0,166.0,0.5199,0.5199,0.5199,0.5199,,-,139.0,17.0,23533.0,842.0
434052,2010,22069.0,0.0,182.0,0.4948,0.4948,0.4948,0.4948,,-,84.0,14.0,24513.0,883.0
434052,2011,20849.0,32.0,174.0,0.6849,0.6849,0.6849,0.6849,,-,77.0,41.0,25194.0,994.0
434052,2012,20719.0,58.0,205.0,0.9296,0.9296,0.9296,0.9296,,-,70.0,21.0,24556.0,927.0
434052,2013,21169.0,56.0,159.0,0.7681,0.7681,0.7681,0.7681,,-,81.0,25.0,24126.0,826.0
434052,2014,20642.0,34.0,206.0,0.7964,0.7964,0.7964,0.7964,,-,114.0,5.0,23762.0,739.0
434052,2015,21800.0,40.0,169.0,0.6853,0.6853,0.6853,0.6853,,-,108.0,14.0,23561.0,654.0
437635,2019,13182.0,0.0,6.0,0.0273,0.0273,0.0273,0.0273,,-,75.0,,,326.0
437635,2020,16230.0,0.0,8.0,0.0296,0.0296,0.0296,0.0296,,-,193.0,7.0,,358.0
437635,2021,21390.0,0.0,17.0,0.0477,0.0477,0.0477,0.0477,,-,193.0,,,314.0
437635,2022,22016.0,0.0,43.0,0.1172,0.1172,0.1172,0.1172,,-,173.0,,,317.0
437635,2023,27036.0,0.0,72.0,0.1598,0.1598,0.1598,0.1598,,-,116.0,136.0,,230.0
437635,2024,34100.0,0.0,105.0,0.1848,0.1848,0.1848,0.1848,,-,190.0,93.0,,204.0
437732,2003,7917.0,0.0,0.0,0.0,0.0,0.0,0.0,,-,97.0,,,307.0
437732,2004,6976.0,0.0,0.0,0.0,0.0,0.0,0.0,,-,77.0,,,418.0
437732,2005,5585.0,0.0,0.0,0.0,0.0,0.0,0.0,,-,78.0,,13681.0,524.0
437732,2007,9521.0,0.0,0.0,0.0,0.0,0.0,0.0,,-,50.0,,27978.0,580.0
437732,2008,7470.0,0.0,0.0,0.0,0.0,0.0,0.0,,-,50.0,,25169.0,1083.0
437732,2010,49823.0,0.0,0.0,0.0,0.0,0.0,0.0,,-,291.0,,,266.0
439127,2004,13530.0,0.0,0.0,0.0,0.0,0.0,0.0,,-,281.0,,,
439127,2007,16262.0,0.0,0.0,0.0,0.0,0.0,0.0,,-,138.0,1.0,,32.0
439127,2009,17688.0,0.0,0.0,0.0,0.0,0.0,0.0,,-,159.0,2.0,,100.0
439127,2010,20094.0,0.0,0.0,0.0,0.0,0.0,0.0,,-,79.0,4.0,,439.0
439127,2011,15894.0,0.0,9.0,0.034,0.034,0.034,0.034,,-,79.0,14.0,,574.0
439127,2012,14909.0,0.0,23.0,0.0926,0.0926,0.0926,0.0926,,-,89.0,24.0,,409.0
439127,2013,16444.0,0.0,15.0,0.0547,0.0547,0.0547,0.0547,,-,83.0,18.0,,287.0
439127,2014,14272.0,0.0,10.0,0.042,0.042,0.042,0.042,,-,55.0,,,413.0
439127,2015,11664.0,0.0,0.0,0.0,0.0,0.0,0.0,,-,45.0,,,407.0
439127,2016,8215.0,0.0,0.0,0.0,0.0,0.0,0.0,,-,41.0,1.0,,418.0
439127,2017,7423.0,0.0,0.0,0.0,0.0,0.0,0.0,,-,29.0,28.0,,432.0
439127,2018,7363.0,0.0,1.0,0.0081,0.0081,0.0081,0.0081,,-,,,,
439507,2005,7876.0,0.0,0.0,0.0,0.0,0.0,0.0,,-,245.0,,,408.0
439507,2006,3857.0,0.0,0.0,0.0,0.0,0.0,0.0,,-,259.0,,,1032.0
439507,2017,5430.0,0.0,0.0,0.0,0.0,0.0,0.0,,-,35.0,,,632.0
439507,2018,3870.0,0.0,0.0,0.0,0.0,0.0,0.0,,-,53.0,,,1028.0
439701,2015,10827.0,24.0,6.0,0.2993,0.441,0.4778,0.5839,3.8077,o,44.0,109.0,16175.0,447.0
439701,2016,12012.0,47.0,12.0,0.5295,0.5421,0.5447,0.5513,1.0843,o,29.0,97.0,16841.0,478.0
439701,2017,10121.0,34.0,26.0,0.5573,0.4813,0.4669,0.4328,0.6033,o,22.0,79.0,17401.0,489.0
439701,2018,9162.0,62.0,18.0,0.9299,0.7672,0.7373,0.6674,0.5152,o,19.0,67.0,17946.0,530.0
439701,2019,7511.0,55.0,14.0,0.9905,0.7886,0.7523,0.6686,0.4556,o,23.0,62.0,18303.0,545.0
439701,2020,6938.0,45.0,6.0,0.8302,0.7072,0.6842,0.6297,0.5753,o,19.0,75.0,18570.0,524.0
439701,2021,6957.0,40.0,5.0,0.7331,0.6929,0.6849,0.6653,0.8235,o,15.0,42.0,18034.0,453.0
439701,2022,5960.0,32.0,9.0,0.7349,0.6961,0.6883,0.6692,0.8293,o,9.0,38.0,17443.0,505.0
439701,2023,4808.0,49.0,3.0,1.2604,1.0716,1.0362,0.9528,0.5714,o,22.0,63.0,13167.0,442.0
439701,2024,5481.0,40.0,3.0,0.9086,0.832,0.817,0.7806,0.7381,o,11.0,38.0,12480.0,434.0
440129,2003,45547.0,0.0,0.0,0.0,0.0,0.0,0.0,,-,762.0,,18693.0,315.0
440129,2009,39420.0,0.0,0.0,0.0,0.0,0.0,0.0,,-,208.0,,,316.0
440129,2010,37650.0,0.0,0.0,0.0,0.0,0.0,0.0,,-,173.0,20.0,,334.0
440129,2011,26670.0,0.0,0.0,0.0,0.0,0.0,0.0,,-,106.0,14.0,,319.0
440129,2012,18330.0,0.0,0.0,0.0,0.0,0.0,0.0,,-,113.0,5.0,,289.0
440129,2013,13890.0,0.0,9.0,0.0389,0.0389,0.0389,0.0389,,-,123.0,,15779.0,304.0
440323,2005,35225.0,0.0,0.0,0.0,0.0,0.0,0.0,,-,444.0,,,80.0
440323,2007,19174.0,0.0,0.0,0.0,0.0,0.0,0.0,,-,176.0,,,55.0
440323,2008,18884.0,0.0,0.0,0.0,0.0,0.0,0.0,,-,177.0,,,61.0
440323,2009,20317.0,0.0,0.0,0.0,0.0,0.0,0.0,,-,214.0,1.0,,70.0
440323,2010,28200.0,0.0,0.0,0.0,0.0,0.0,0.0,,-,140.0,17.0,,365.0
440323,2011,23479.0,0.0,7.0,0.0179,0.0179,0.0179,0.0179,,-,95.0,13.0,,517.0
440323,2012,18120.0,0.0,43.0,0.1424,0.1424,0.1424,0.1424,,-,53.0,53.0,,420.0
440323,2013,14916.0,0.0,15.0,0.0603,0.0603,0.0603,0.0603,,-,34.0,45.0,,391.0
440323,2014,14079.0,0.0,26.0,0.1108,0.1108,0.1108,0.1108,,-,9.0,43.0,,359.0
440323,2015,8343.0,0.0,8.0,0.0575,0.0575,0.0575,0.0575,,-,19.0,44.0,,491.0
440323,2016,7353.0,0.0,6.0,0.049,0.049,0.049,0.049,,-,24.0,16.0,,361.0
440323,2017,7280.0,0.0,11.0,0.0907,0.0907,0.0907,0.0907,,-,32.0,13.0,,409.0
440323,2018,6464.0,0.0,9.0,0.0835,0.0835,0.0835,0.0835,,-,,,,
440332,2008,16835.0,0.0,0.0,0.0,0.0,0.0,0.0,,-,141.0,,,51.0
440332,2009,16611.0,0.0,0.0,0.0,0.0,0.0,0.0,,-,160.0,,,64.0
440332,2010,19570.0,0.0,0.0,0.0,0.0,0.0,0.0,,-,93.0,1.0,,412.0
440332,2011,15042.0,0.0,16.0,0.0638,0.0638,0.0638,0.0638,,-,67.0,19.0,,555.0
440332,2012,15198.0,0.0,28.0,0.1105,0.1105,0.1105,0.1105,,-,55.0,37.0,,384.0
440332,2013,15462.0,0.0,5.0,0.0194,0.0194,0.0194,0.0194,,-,104.0,6.0,,349.0
440332,2014,17640.0,0.0,18.0,0.0612,0.0612,0.0612,0.0612,,-,76.0,15.0,,328.0
440332,2015,16192.0,0.0,16.0,0.0593,0.0593,0.0593,0.0593,,-,90.0,10.0,,369.0
440332,2016,15844.0,0.0,19.0,0.072,0.072,0.072,0.072,,-,68.0,5.0,,358.0
440332,2017,12459.0,0.0,31.0,0.1493,0.1493,0.1493,0.1493,,-,37.0,16.0,,435.0
440332,2018,7594.0,0.0,13.0,0.1027,0.1027,0.1027,0.1027,,-,,,,
440439,2001,5843.0,1.0,0.0,0.0205,0.0205,0.0205,0.0205,,x,,,,
440439,2003,24117.0,16.0,0.0,0.0796,0.0796,0.0796,0.0796,,x,25.0,,14988.0,709.0
440439,2004,45456.0,132.0,1.0,0.3498,0.3498,0.3498,0.3498,,x,84.0,,15522.0,521.0
440439,2005,48827.0,231.0,3.0,0.5714,0.5714,0.5714,0.5714,,x,132.0,,17721.0,541.0
440439,2006,48644.0,309.0,0.0,0.7623,0.7623,0.7623,0.7623,,x,78.0,129.0,16804.0,550.0
440439,2008,29748.0,302.0,2.0,1.2223,1.2223,1.2223,1.2223,,x,60.0,95.0,17955.0,555.0
440439,2009,32790.0,332.0,0.0,1.215,1.215,1.215,1.215,,x,54.0,102.0,18345.0,433.0
440439,2010,25465.0,271.0,0.0,1.277,1.277,1.277,1.277,,x,35.0,150.0,14478.0,555.0
440439,2011,27319.0,208.0,0.0,0.9136,0.9136,0.9136,0.9136,,x,52.0,104.0,14909.0,591.0
440439,2012,29369.0,132.0,0.0,0.5393,0.5393,0.5393,0.5393,,x,100.0,127.0,15112.0,573.0
440439,2013,28824.0,111.0,0.0,0.4621,0.4621,0.4621,0.4621,,x,62.0,136.0,15132.0,599.0
440448,2001,7645.0,0.0,0.0,0.0,0.0,0.0,0.0,,x,,,,
440448,2004,71184.0,179.0,2.0,0.3034,0.3034,0.3034,0.3034,,x,228.0,,15522.0,504.0
440448,2005,88536.0,367.0,2.0,0.4988,0.4988,0.4988,0.4988,,x,205.0,,17721.0,537.0
440448,2006,88716.0,533.0,1.0,0.7216,0.7216,0.7216,0.7216,,x,131.0,156.0,16804.0,557.0
440448,2007,120720.0,549.0,0.0,0.5457,0.5457,0.5457,0.5457,,x,167.0,196.0,18057.0,447.0
440448,2008,65636.0,623.0,3.0,1.1418,1.1418,1.1418,1.1418,,x,152.0,186.0,17955.0,563.0
440448,2009,70950.0,658.0,0.0,1.1129,1.1129,1.1129,1.1129,,x,132.0,223.0,18345.0,430.0
440448,2010,63070.0,584.0,0.0,1.1111,1.1111,1.1111,1.1111,,x,133.0,187.0,14478.0,558.0
440448,2011,61381.0,448.0,0.0,0.8758,0.8758,0.8758,0.8758,,x,117.0,170.0,14909.0,572.0
440448,2012,53760.0,313.0,0.0,0.6987,0.6987,0.6987,0.6987,,x,104.0,135.0,15112.0,557.0
440448,2013,42259.0,277.0,0.0,0.7866,0.7866,0.7866,0.7866,,x,62.0,127.0,15132.0,597.0
440776,2014,1020.0,0.0,3.0,0.1765,0.1765,0.1765,0.1765,,-,18.0,,,
440776,2015,1050.0,0.0,5.0,0.2857,0.2857,0.2857,0.2857,,-,10.0,,,381.0
440776,2016,1440.0,0.0,4.0,0.1667,0.1667,0.1667,0.1667,,-,7.0,1.0,,249.0
440776,2017,1020.0,0.0,2.0,0.1176,0.1176,0.1176,0.1176,,-,4.0,,,389.0
440776,2018,810.0,0.0,2.0,0.1481,0.1481,0.1481,0.1481,,-,12.0,,11877.0,285.0
440776,2019,1590.0,0.0,2.0,0.0755,0.0755,0.0755,0.0755,,-,11.0,,11629.0,191.0
440776,2020,1950.0,0.0,2.0,0.0615,0.0615,0.0615,0.0615,,-,8.0,,11887.0,300.0
440776,2021,1951.0,0.0,5.0,0.1538,0.1538,0.1538,0.1538,,-,16.0,,11544.0,218.0
440776,2022,1740.0,0.0,5.0,0.1724,0.1724,0.1724,0.1724,,-,8.0,,11245.0,295.0
440776,2023,2670.0,0.0,1.0,0.0225,0.0225,0.0225,0.0225,,-,11.0,,10983.0,219.0
440776,2024,3210.0,0.0,3.0,0.0561,0.0561,0.0561,0.0561,,-,29.0,,10970.0,226.0
441742,2018,4305.0,0.0,43.0,0.5993,0.5993,0.5993,0.5993,,-,296.0,,,
441742,2019,4857.0,0.0,32.0,0.3953,0.3953,0.3953,0.3953,,-,232.0,,,
441742,2020,3891.0,0.0,46.0,0.7093,0.7093,0.7093,0.7093,,-,185.0,,,
441742,2021,4074.0,0.0,56.0,0.8247,0.8247,0.8247,0.8247,,-,233.0,,,
441751,2002,1200.0,0.0,0.0,0.0,0.0,0.0,0.0,,-,9.0,,,
441751,2003,1333.0,0.0,0.0,0.0,0.0,0.0,0.0,,-,9.0,,,183.0
441751,2007,1017.0,0.0,0.0,0.0,0.0,0.0,0.0,,-,5.0,1.0,10889.0,294.0
441751,2013,840.0,0.0,0.0,0.0,0.0,0.0,0.0,,-,1.0,,12967.0,335.0
441751,2014,763.0,0.0,0.0,0.0,0.0,0.0,0.0,,-,4.0,,12771.0,342.0
441760,2010,68672.0,0.0,402.0,0.3512,0.3574,0.3736,0.3811,1.2805,o,951.0,631.0,4797.0,214.0
441760,2011,66680.0,0.0,410.0,0.3689,0.3767,0.3974,0.4069,1.3461,o,1039.0,694.0,4777.0,199.0
441760,2012,61115.0,0.0,382.0,0.375,0.3799,0.3928,0.3986,1.2032,o,756.0,471.0,4870.0,210.0
441760,2013,58099.0,0.0,378.0,0.3904,0.3829,0.3645,0.3565,0.7598,o,660.0,321.0,5234.0,220.0
441760,2014,59414.0,0.0,371.0,0.3747,0.3667,0.3469,0.3385,0.7354,o,670.0,306.0,5352.0,186.0
441760,2015,56508.0,0.0,385.0,0.4088,0.4072,0.4032,0.4014,0.9463,o,656.0,319.0,5509.0,173.0
441760,2016,57663.0,0.0,460.0,0.4786,0.4782,0.477,0.4765,0.9865,o,721.0,391.0,5706.0,169.0
441760,2017,56334.0,0.0,526.0,0.5602,0.5635,0.5721,0.576,1.0875,o,693.0,374.0,5780.0,171.0
441760,2018,57285.0,0.0,433.0,0.4535,0.4537,0.4543,0.4545,1.0065,o,693.0,267.0,5844.0,165.0
441760,2019,59877.0,0.0,456.0,0.4569,0.4563,0.4547,0.4539,0.9802,o,748.0,371.0,5787.0,146.0
441760,2020,70475.0,0.0,488.0,0.4155,0.4177,0.4235,0.4261,1.0794,o,794.0,308.0,4329.0,110.0
441760,2021,86049.0,0.0,558.0,0.3891,0.3917,0.3986,0.4018,1.102,o,602.0,318.0,4204.0,84.0
441760,2022,80096.0,0.0,586.0,0.439,0.4314,0.4126,0.4046,0.7808,o,709.0,306.0,3120.0,65.0
441760,2023,82944.0,0.0,552.0,0.3993,0.3997,0.4009,0.4014,1.0158,o,714.0,293.0,2944.0,59.0
441760,2024,92068.0,0.0,556.0,0.3623,0.3645,0.3702,0.3727,1.0892,o,813.0,280.0,2844.0,67.0
441788,2005,1300.0,0.0,0.0,0.0,0.0,0.0,0.0,,-,17.0,,,403.0
441788,2007,13980.0,0.0,0.0,0.0,0.0,0.0,0.0,,-,139.0,,,158.0
441788,2008,9842.0,0.0,0.0,0.0,0.0,0.0,0.0,,-,59.0,,,428.0
441788,2010,20800.0,0.0,0.0,0.0,0.0,0.0,0.0,,-,40.0,,,456.0
441788,2016,22880.0,0.0,0.0,0.0,0.0,0.0,0.0,,-,107.0,,23332.0,546.0
441788,2017,24570.0,0.0,0.0,0.0,0.0,0.0,0.0,,-,53.0,,21362.0,630.0
441788,2018,23946.0,0.0,0.0,0.0,0.0,0.0,0.0,,-,32.0,,20884.0,659.0
441788,2019,23530.0,0.0,0.0,0.0,0.0,0.0,0.0,,-,65.0,,20447.0,619.0
441788,2020,23273.0,0.0,0.0,0.0,0.0,0.0,0.0,,-,70.0,,20141.0,630.0
441788,2021,25506.0,0.0,0.0,0.0,0.0,0.0,0.0,,-,55.0,,19559.0,617.0
441788,2022,25050.0,0.0,0.0,0.0,0.0,0.0,0.0,,-,51.0,,18383.0,578.0
441788,2023,20847.0,0.0,0.0,0.0,0.0,0.0,0.0,,-,89.0,,17346.0,561.0
441788,2024,20904.0,0.0,0.0,0.0,0.0,0.0,0.0,,-,102.0,,16757.0,518.0
441928,2003,18248.0,0.0,0.0,0.0,0.0,0.0,0.0,,-,156.0,,377.0,63.0
441928,2005,28560.0,0.0,110.0,0.2311,0.2311,0.2311,0.2311,,-,195.0,,4700.0,148.0
441928,2006,28560.0,0.0,82.0,0.1723,0.1723,0.1723,0.1723,,-,128.0,61.0,18354.0,97.0
441928,2007,16591.0,0.0,115.0,0.4159,0.4159,0.4159,0.4159,,-,132.0,,17815.0,631.0
441928,2008,19893.0,0.0,113.0,0.3408,0.3408,0.3408,0.3408,,-,573.0,,16916.0,561.0
441928,2009,22281.0,0.0,122.0,0.3285,0.3285,0.3285,0.3285,,-,644.0,,16525.0,534.0
441928,2010,23627.0,0.0,120.0,0.3047,0.3047,0.3047,0.3047,,-,669.0,,16889.0,668.0
441928,2011,24024.0,0.0,116.0,0.2897,0.2897,0.2897,0.2897,,-,592.0,,16472.0,736.0
441928,2012,17301.0,0.0,120.0,0.4162,0.4162,0.4162,0.4162,,-,216.0,15.0,17574.0,842.0
441928,2013,14249.0,0.0,102.0,0.4295,0.4295,0.4295,0.4295,,-,326.0,,18315.0,888.0
441928,2014,16637.0,0.0,85.0,0.3065,0.3065,0.3065,0.3065,,-,121.0,,18039.0,706.0
441928,2015,16508.0,0.0,96.0,0.3489,0.3489,0.3489,0.3489,,-,70.0,33.0,18188.0,718.0
441928,2016,17064.0,0.0,112.0,0.3938,0.3938,0.3938,0.3938,,-,62.0,19.0,18062.0,739.0
441928,2017,21041.0,0.0,127.0,0.3622,0.3622,0.3622,0.3622,,-,34.0,26.0,18653.0,564.0
441928,2018,17718.0,0.0,104.0,0.3522,0.3522,0.3522,0.3522,,-,,,,
442222,2005,711.0,5.0,0.0,0.8439,0.8439,0.8439,0.8439,,-,,,,
442222,2008,936.0,9.0,0.0,1.1538,1.1538,1.1538,1.1538,,-,,,,814.0
442222,2009,1350.0,7.0,0.0,0.6222,0.6222,0.6222,0.6222,,-,23.0,,25398.0,787.0
442222,2010,3102.0,5.0,0.0,0.1934,0.1934,0.1934,0.1934,,-,30.0,32.0,27549.0,780.0
442222,2011,4143.0,11.0,0.0,0.3186,0.3186,0.3186,0.3186,,-,15.0,125.0,18611.0,552.0
442222,2012,4145.0,12.0,0.0,0.3474,0.3474,0.3474,0.3474,,-,18.0,35.0,17160.0,688.0
442222,2013,3666.0,11.0,0.0,0.3601,0.3601,0.3601,0.3601,,-,41.0,52.0,16957.0,707.0
442222,2014,5298.0,12.0,0.0,0.2718,0.2718,0.2718,0.2718,,-,25.0,69.0,17989.0,558.0
442222,2015,5820.0,14.0,2.0,0.3093,0.3093,0.3093,0.3093,,-,21.0,52.0,,543.0
442222,2016,5417.0,20.0,6.0,0.5095,0.5095,0.5095,0.5095,,-,13.0,52.0,17580.0,508.0
442222,2017,5843.0,29.0,11.0,0.7085,0.7085,0.7085,0.7085,,-,26.0,51.0,16766.0,523.0
442222,2018,5802.0,17.0,16.0,0.5171,0.5171,0.5171,0.5171,,-,,,16747.0,
442499,2003,15231.0,0.0,20.0,0.0788,0.0788,0.0788,0.0788,,-,259.0,,17104.0,601.0
442499,2004,19401.0,0.0,166.0,0.5134,0.5134,0.5134,0.5134,,-,533.0,,18139.0,666.0
442499,2010,17677.0,0.0,67.0,0.2274,0.2274,0.2274,0.2274,,-,76.0,38.0,18659.0,663.0
442505,2004,19532.0,0.0,57.0,0.1751,0.1751,0.1751,0.1751,,-,573.0,,17875.0,623.0
442505,2010,25372.0,0.0,92.0,0.2176,0.2176,0.2176,0.2176,,-,129.0,46.0,18659.0,667.0
442505,2011,18890.0,11.0,71.0,0.2954,0.2954,0.2954,0.2954,,-,24.0,11.0,19299.0,514.0
442790,2006,59791.0,0.0,141.0,0.1415,0.1415,0.1415,0.1415,,-,403.0,166.0,18323.0,278.0
442790,2008,49260.0,0.0,145.0,0.1766,0.1766,0.1766,0.1766,,-,278.0,1.0,37929.0,365.0
442790,2009,48990.0,0.0,185.0,0.2266,0.2266,0.2266,0.2266,,-,248.0,,43924.0,491.0
442790,2010,36780.0,0.0,214.0,0.3491,0.3491,0.3491,0.3491,,-,203.0,1.0,46694.0,733.0
442790,2011,41643.0,0.0,187.0,0.2694,0.2694,0.2694,0.2694,,-,118.0,94.0,18983.0,679.0
442790,2012,43411.0,0.0,231.0,0.3193,0.3193,0.3193,0.3193,,-,122.0,115.0,20377.0,490.0
442790,2013,41219.0,0.0,165.0,0.2402,0.2402,0.2402,0.2402,,-,95.0,147.0,20020.0,467.0
442790,2014,36460.0,0.0,113.0,0.186,0.186,0.186,0.186,,-,49.0,96.0,19717.0,470.0
442790,2015,22558.0,0.0,65.0,0.1729,0.1729,0.1729,0.1729,,-,47.0,39.0,20350.0,251.0
443696,2015,390.0,0.0,2.0,0.3077,0.3077,0.3077,0.3077,,-,1.0,,,1342.0
443696,2016,960.0,0.0,1.0,0.0625,0.0625,0.0625,0.0625,,-,5.0,1.0,,123.0
443696,2017,810.0,0.0,1.0,0.0741,0.0741,0.0741,0.0741,,-,9.0,,,450.0
443696,2018,1080.0,0.0,2.0,0.1111,0.1111,0.1111,0.1111,,-,3.0,,11877.0,166.0
443696,2019,960.0,0.0,0.0,0.0,0.0,0.0,0.0,,-,2.0,,11629.0,314.0
443696,2020,1140.0,0.0,1.0,0.0526,0.0526,0.0526,0.0526,,-,5.0,,11887.0,245.0
443696,2022,2160.0,0.0,2.0,0.0556,0.0556,0.0556,0.0556,,-,7.0,,11245.0,129.0
443696,2023,2162.0,0.0,2.0,0.0555,0.0555,0.0555,0.0555,,-,12.0,,10983.0,138.0
443696,2024,2220.0,0.0,10.0,0.2703,0.2703,0.2703,0.2703,,-,15.0,,10970.0,138.0
443827,2003,24003.0,0.0,0.0,0.0,0.0,0.0,0.0,,-,469.0,,,
443827,2007,35282.0,0.0,0.0,0.0,0.0,0.0,0.0,,-,244.0,60.0,,19.0
443827,2009,33089.0,0.0,0.0,0.0,0.0,0.0,0.0,,-,210.0,2.0,,101.0
443827,2010,32622.0,0.0,0.0,0.0,0.0,0.0,0.0,,-,121.0,,,426.0
443827,2011,26601.0,0.0,23.0,0.0519,0.0519,0.0519,0.0519,,-,122.0,19.0,,506.0
443827,2012,23063.0,0.0,17.0,0.0442,0.0442,0.0442,0.0442,,-,125.0,26.0,,349.0
443827,2013,24115.0,0.0,16.0,0.0398,0.0398,0.0398,0.0398,,-,87.0,18.0,,333.0
443827,2014,22421.0,0.0,25.0,0.0669,0.0669,0.0669,0.0669,,-,60.0,43.0,,390.0
443827,2015,17900.0,0.0,15.0,0.0503,0.0503,0.0503,0.0503,,-,111.0,5.0,,365.0
443827,2016,16586.0,0.0,11.0,0.0398,0.0398,0.0398,0.0398,,-,88.0,3.0,,339.0
443827,2017,16105.0,0.0,14.0,0.0522,0.0522,0.0522,0.0522,,-,44.0,22.0,,348.0
443827,2018,11603.0,0.0,14.0,0.0724,0.0724,0.0724,0.0724,,-,,,,
443836,2007,34347.0,0.0,0.0,0.0,0.0,0.0,0.0,,-,374.0,1.0,,19.0
443836,2008,37657.0,0.0,0.0,0.0,0.0,0.0,0.0,,-,330.0,,,57.0
443836,2009,43435.0,0.0,0.0,0.0,0.0,0.0,0.0,,-,270.0,,,50.0
443836,2010,41254.0,0.0,0.0,0.0,0.0,0.0,0.0,,-,153.0,9.0,,445.0
443836,2011,34510.0,0.0,23.0,0.04,0.04,0.04,0.04,,-,129.0,34.0,,500.0
443836,2012,34373.0,0.0,55.0,0.096,0.096,0.096,0.096,,-,70.0,29.0,,348.0
443836,2013,21253.0,0.0,31.0,0.0875,0.0875,0.0875,0.0875,,-,57.0,40.0,,493.0
443836,2014,21555.0,0.0,18.0,0.0501,0.0501,0.0501,0.0501,,-,62.0,40.0,,349.0
443836,2015,24547.0,0.0,3.0,0.0073,0.0073,0.0073,0.0073,,-,111.0,10.0,,345.0
443836,2016,20850.0,0.0,9.0,0.0259,0.0259,0.0259,0.0259,,-,86.0,9.0,,425.0
443836,2017,19230.0,0.0,22.0,0.0686,0.0686,0.0686,0.0686,,-,58.0,40.0,,480.0
443836,2018,16230.0,0.0,6.0,0.0222,0.0222,0.0222,0.0222,,-,,,,
443854,2005,24887.0,0.0,55.0,0.1326,0.1326,0.1326,0.1326,,-,303.0,,17383.0,473.0
443854,2010,26724.0,0.0,45.0,0.101,0.101,0.101,0.101,,-,122.0,,23348.0,669.0
443854,2011,25002.0,0.0,43.0,0.1032,0.1032,0.1032,0.1032,,-,121.0,58.0,24159.0,648.0
443854,2012,27813.0,0.0,32.0,0.069,0.069,0.069,0.069,,-,101.0,72.0,20377.0,456.0
443854,2013,28134.0,0.0,43.0,0.0917,0.0917,0.0917,0.0917,,-,100.0,74.0,20020.0,413.0
443854,2014,25339.0,0.0,18.0,0.0426,0.0426,0.0426,0.0426,,-,62.0,59.0,19717.0,396.0
443854,2015,19903.0,0.0,20.0,0.0603,0.0603,0.0603,0.0603,,-,61.0,43.0,17624.0,187.0
443854,2016,16000.0,0.0,20.0,0.075,0.075,0.075,0.075,,-,45.0,25.0,14002.0,265.0
443854,2017,11553.0,0.0,8.0,0.0415,0.0415,0.0415,0.0415,,-,35.0,22.0,14372.0,257.0
444060,2010,22947.0,0.0,80.0,0.2092,0.2092,0.2092,0.2092,,-,137.0,48.0,18659.0,606.0
444060,2011,16076.0,0.0,99.0,0.3695,0.3695,0.3695,0.3695,,-,15.0,1.0,19299.0,513.0
444389,2004,8914.0,0.0,0.0,0.0,0.0,0.0,0.0,,-,94.0,,,292.0
444389,2005,8756.0,0.0,0.0,0.0,0.0,0.0,0.0,,-,357.0,,12534.0,265.0
444389,2006,18480.0,0.0,0.0,0.0,0.0,0.0,0.0,,-,270.0,,12133.0,160.0
444389,2007,13660.0,0.0,0.0,0.0,0.0,0.0,0.0,,-,214.0,,,307.0
444389,2008,16800.0,0.0,0.0,0.0,0.0,0.0,0.0,,-,172.0,1.0,,412.0
444389,2009,18714.0,0.0,0.0,0.0,0.0,0.0,0.0,,-,202.0,,,372.0
444389,2010,15540.0,0.0,0.0,0.0,0.0,0.0,0.0,,-,542.0,,,466.0
444389,2011,18322.0,0.0,0.0,0.0,0.0,0.0,0.0,,-,363.0,,,490.0
444398,2005,5160.0,25.0,0.0,0.5814,0.5814,0.5814,0.5814,,n,62.0,,4636.0,111.0
444398,2007,4095.0,17.0,2.0,0.5275,0.5275,0.5275,0.5275,,n,33.0,116.0,5974.0,112.0
444398,2008,4228.0,28.0,2.0,0.8231,0.8231,0.8231,0.8231,,n,22.0,26.0,5912.0,109.0
444398,2009,4470.0,24.0,4.0,0.698,0.558,0.5328,0.4745,0.4622,o,23.0,28.0,6460.0,120.0
444398,2010,6030.0,38.0,18.0,0.9353,0.8004,0.775,0.715,0.5844,o,37.0,20.0,6576.0,140.0
444398,2011,4836.0,43.0,14.0,1.2407,1.3236,1.3415,1.3871,1.25,o,39.0,25.0,8376.0,188.0
444398,2012,5197.0,26.0,6.0,0.6696,0.7355,0.7499,0.7871,1.3818,o,25.0,17.0,8980.0,114.0
444398,2013,4521.0,33.0,3.0,0.9157,1.0142,1.0359,1.0921,1.4222,o,19.0,20.0,8823.0,138.0
444398,2014,4362.0,25.0,3.0,0.729,0.6663,0.654,0.6243,0.7333,o,22.0,12.0,9479.0,156.0
444398,2015,3864.0,29.0,3.0,0.9472,0.792,0.7632,0.6957,0.5395,o,30.0,18.0,9399.0,164.0
444398,2016,4365.0,34.0,2.0,0.9622,0.906,0.8948,0.8673,0.8125,o,37.0,13.0,9334.0,159.0
444398,2017,4586.0,34.0,2.0,0.9158,1.0346,1.061,1.1301,1.5227,o,19.0,18.0,7955.0,107.0
444398,2018,3701.0,30.0,5.0,1.0538,1.1535,1.1753,1.2315,1.3659,o,14.0,15.0,7777.0,224.0
444398,2019,3774.0,28.0,0.0,0.8903,0.7803,0.7593,0.7092,0.6346,o,11.0,17.0,7614.0,312.0
444398,2020,3255.0,29.0,1.0,1.0876,0.8171,0.7702,0.6643,0.3731,o,13.0,4.0,7789.0,405.0
444398,2021,2465.0,20.0,2.0,1.0223,0.7996,0.76,0.6693,0.4286,o,8.0,7.0,7564.0,413.0
444398,2022,2497.0,32.0,1.0,1.5619,1.37,1.3333,1.2459,0.6364,o,12.0,10.0,7425.0,416.0
444398,2023,1547.0,14.0,2.0,1.1635,1.0906,1.0761,1.0407,0.8,o,11.0,13.0,7006.0,574.0
444398,2024,2310.0,18.0,0.0,0.9351,0.9236,0.9212,0.9154,0.9583,o,9.0,6.0,7680.0,389.0
444556,2018,21955.0,0.0,177.0,0.4837,0.4837,0.4837,0.4837,,-,121.0,55.0,,420.0
444556,2019,27356.0,0.0,78.0,0.1711,0.1711,0.1711,0.1711,,-,176.0,32.0,,317.0
444556,2020,27081.0,0.0,233.0,0.5162,0.5162,0.5162,0.5162,,-,174.0,18.0,,385.0
444556,2021,29384.0,0.0,224.0,0.4574,0.4574,0.4574,0.4574,,-,114.0,43.0,,319.0
444556,2022,24308.0,0.0,211.0,0.5208,0.5208,0.5208,0.5208,,-,107.0,26.0,,357.0
444556,2023,22208.0,0.0,197.0,0.5322,0.5322,0.5322,0.5322,,-,103.0,6.0,,346.0
444556,2024,17258.0,0.0,186.0,0.6467,0.6467,0.6467,0.6467,,-,103.0,11.0,,405.0
444565,2008,5580.0,0.0,19.0,0.2043,0.2043,0.2043,0.2043,,-,72.0,45.0,,468.0
444565,2009,7350.0,0.0,18.0,0.1469,0.1469,0.1469,0.1469,,-,117.0,40.0,,500.0
444565,2011,11100.0,0.0,43.0,0.2324,0.2324,0.2324,0.2324,,-,287.0,7.0,,440.0
444565,2012,10150.0,0.0,79.0,0.467,0.467,0.467,0.467,,-,222.0,,23096.0,597.0
444565,2013,12945.0,0.0,88.0,0.4079,0.4079,0.4079,0.4079,,-,28.0,20.0,21458.0,476.0
444565,2014,14208.0,0.0,73.0,0.3083,0.3083,0.3083,0.3083,,-,99.0,38.0,21134.0,509.0
444565,2015,12546.0,0.0,84.0,0.4017,0.4017,0.4017,0.4017,,-,131.0,,20663.0,599.0
444565,2016,12960.0,0.0,96.0,0.4444,0.4444,0.4444,0.4444,,-,176.0,,20663.0,685.0
444565,2017,14320.0,0.0,117.0,0.4902,0.4902,0.4902,0.4902,,-,54.0,,20318.0,637.0
444565,2018,14667.0,0.0,144.0,0.5891,0.5891,0.5891,0.5891,,-,55.0,,19863.0,569.0
444565,2019,10440.0,0.0,118.0,0.6782,0.6782,0.6782,0.6782,,-,66.0,,19448.0,650.0
444565,2020,10230.0,0.0,113.0,0.6628,0.6628,0.6628,0.6628,,-,101.0,,19982.0,652.0
444565,2021,8473.0,0.0,55.0,0.3895,0.3895,0.3895,0.3895,,-,1.0,52.0,20756.0,688.0
444565,2022,10005.0,0.0,68.0,0.4078,0.4078,0.4078,0.4078,,-,14.0,48.0,19068.0,619.0
444565,2023,10594.0,0.0,93.0,0.5267,0.5267,0.5267,0.5267,,-,4.0,67.0,17886.0,525.0
444565,2024,11235.0,0.0,119.0,0.6355,0.6355,0.6355,0.6355,,-,1.0,47.0,18539.0,505.0
445133,2004,10091.0,0.0,0.0,0.0,0.0,0.0,0.0,,-,64.0,,,
445133,2005,17659.0,27.0,0.0,0.1835,0.1835,0.1835,0.1835,,-,121.0,,26690.0,470.0
445133,2006,15220.0,71.0,3.0,0.5716,0.5716,0.5716,0.5716,,-,92.0,,21525.0,765.0
445133,2007,14285.0,63.0,4.0,0.546,0.546,0.546,0.546,,-,84.0,38.0,24477.0,609.0
445133,2008,14329.0,41.0,16.0,0.4103,0.4103,0.4103,0.4103,,-,48.0,51.0,23684.0,565.0
445133,2009,13884.0,51.0,44.0,0.6309,0.6309,0.6309,0.6309,,-,75.0,66.0,21237.0,592.0
445133,2010,14647.0,58.0,41.0,0.6431,0.6431,0.6431,0.6431,,-,83.0,89.0,21099.0,617.0
445133,2011,15013.0,61.0,41.0,0.6514,0.6514,0.6514,0.6514,,-,84.0,73.0,20960.0,655.0
445133,2012,14385.0,59.0,38.0,0.6507,0.6507,0.6507,0.6507,,-,67.0,62.0,19144.0,676.0
445133,2013,13852.0,46.0,26.0,0.5111,0.5111,0.5111,0.5111,,-,62.0,62.0,19616.0,690.0
445133,2014,14546.0,74.0,14.0,0.6682,0.6682,0.6682,0.6682,,-,55.0,52.0,19321.0,630.0
445133,2015,13472.0,85.0,24.0,0.864,0.864,0.864,0.864,,-,49.0,75.0,19109.0,639.0
445133,2016,13190.0,75.0,20.0,0.7733,0.7733,0.7733,0.7733,,-,37.0,73.0,18972.0,674.0
445133,2017,14586.0,55.0,14.0,0.5101,0.5101,0.5101,0.5101,,-,16.0,33.0,18552.0,563.0
445133,2018,10206.0,84.0,22.0,1.117,1.117,1.117,1.117,,-,36.0,43.0,18245.0,742.0
445133,2019,12435.0,89.0,24.0,0.9746,0.9746,0.9746,0.9746,,-,23.0,38.0,17864.0,556.0
445133,2020,12359.0,67.0,17.0,0.733,0.733,0.733,0.733,,-,16.0,43.0,17596.0,597.0
445133,2021,9717.0,59.0,15.0,0.8212,0.8212,0.8212,0.8212,,-,16.0,43.0,16912.0,612.0
445133,2022,7274.0,50.0,14.0,0.9403,0.9403,0.9403,0.9403,,-,12.0,30.0,16357.0,577.0
445133,2023,5938.0,24.0,11.0,0.5962,0.5962,0.5962,0.5962,,-,11.0,31.0,15243.0,559.0
445133,2024,5736.0,40.0,9.0,0.931,0.931,0.931,0.931,,-,3.0,25.0,14842.0,534.0
445142,2005,7375.0,0.0,0.0,0.0,0.0,0.0,0.0,,-,39.0,,,261.0
445142,2008,12754.0,0.0,0.0,0.0,0.0,0.0,0.0,,-,91.0,13.0,,345.0
445142,2009,14179.0,0.0,0.0,0.0,0.0,0.0,0.0,,-,96.0,21.0,,403.0
445142,2010,19513.0,0.0,0.0,0.0,0.0,0.0,0.0,,-,58.0,,,347.0
445142,2011,20132.0,0.0,0.0,0.0,0.0,0.0,0.0,,-,47.0,30.0,,438.0
445142,2012,11285.0,0.0,20.0,0.1063,0.1063,0.1063,0.1063,,-,28.0,21.0,19555.0,576.0
445142,2014,895.0,0.0,31.0,2.0782,2.0782,2.0782,2.0782,,-,,,,
445197,2008,12510.0,0.0,46.0,0.2206,0.2206,0.2206,0.2206,,-,143.0,,14223.0,694.0
445197,2010,21957.0,0.0,37.0,0.1011,0.1011,0.1011,0.1011,,-,89.0,,,799.0
445197,2011,21394.0,0.0,24.0,0.0673,0.0673,0.0673,0.0673,,-,103.0,52.0,21306.0,654.0
445197,2012,22193.0,0.0,43.0,0.1163,0.1163,0.1163,0.1163,,-,63.0,66.0,20377.0,464.0
445197,2013,23064.0,0.0,42.0,0.1093,0.1093,0.1093,0.1093,,-,85.0,40.0,20020.0,458.0
445203,2006,17158.0,0.0,0.0,0.0,0.0,0.0,0.0,,-,152.0,,18354.0,620.0
445203,2007,17921.0,0.0,44.0,0.1473,0.1473,0.1473,0.1473,,-,202.0,,19396.0,576.0
445203,2008,23902.0,0.0,61.0,0.1531,0.1531,0.1531,0.1531,,-,194.0,7.0,20121.0,492.0
445203,2009,28762.0,0.0,40.0,0.0834,0.0834,0.0834,0.0834,,-,296.0,1.0,20071.0,503.0
445203,2010,39866.0,0.0,43.0,0.0647,0.0647,0.0647,0.0647,,-,216.0,1.0,19941.0,451.0
445203,2011,32250.0,0.0,57.0,0.106,0.106,0.106,0.106,,-,234.0,5.0,20583.0,461.0
445203,2012,27330.0,0.0,71.0,0.1559,0.1559,0.1559,0.1559,,-,183.0,2.0,20402.0,478.0
445203,2013,24210.0,0.0,44.0,0.109,0.109,0.109,0.109,,-,147.0,3.0,21382.0,485.0
445203,2014,20610.0,0.0,45.0,0.131,0.131,0.131,0.131,,-,156.0,3.0,21059.0,484.0
445203,2015,19710.0,0.0,51.0,0.1553,0.1553,0.1553,0.1553,,-,164.0,3.0,20881.0,437.0
445203,2016,19620.0,0.0,49.0,0.1498,0.1498,0.1498,0.1498,,-,159.0,7.0,18884.0,507.0
445203,2017,22110.0,10.0,25.0,0.1221,0.1221,0.1221,0.1221,,-,118.0,16.0,19062.0,449.0
445203,2018,18861.0,4.0,30.0,0.1209,0.1209,0.1209,0.1209,,-,154.0,2.0,18780.0,494.0
445203,2019,18317.0,3.0,48.0,0.1769,0.1769,0.1769,0.1769,,-,141.0,3.0,19047.0,407.0
445203,2020,16014.0,0.0,44.0,0.1649,0.1649,0.1649,0.1649,,-,90.0,7.0,18827.0,420.0
445203,2021,11394.0,1.0,60.0,0.3265,0.3265,0.3265,0.3265,,-,80.0,8.0,21770.0,405.0
445203,2022,7401.0,0.0,22.0,0.1784,0.1784,0.1784,0.1784,,-,70.0,4.0,20516.0,465.0
445203,2023,6300.0,0.0,12.0,0.1143,0.1143,0.1143,0.1143,,-,60.0,1.0,20204.0,433.0
445328,2005,29244.0,0.0,0.0,0.0,0.0,0.0,0.0,,-,362.0,,,
445328,2007,42286.0,0.0,0.0,0.0,0.0,0.0,0.0,,-,378.0,6.0,,
445328,2008,40953.0,0.0,0.0,0.0,0.0,0.0,0.0,,-,312.0,,,108.0
445328,2009,40050.0,0.0,0.0,0.0,0.0,0.0,0.0,,-,268.0,16.0,,81.0
445328,2010,31531.0,0.0,0.0,0.0,0.0,0.0,0.0,,-,126.0,7.0,,497.0
445328,2011,20455.0,0.0,14.0,0.0411,0.0411,0.0411,0.0411,,-,104.0,15.0,,617.0
445328,2012,18683.0,0.0,20.0,0.0642,0.0642,0.0642,0.0642,,-,57.0,16.0,,407.0
445328,2013,11842.0,0.0,12.0,0.0608,0.0608,0.0608,0.0608,,-,75.0,5.0,,443.0
445328,2014,12197.0,0.0,9.0,0.0443,0.0443,0.0443,0.0443,,-,61.0,13.0,,378.0
445328,2015,13468.0,0.0,13.0,0.0579,0.0579,0.0579,0.0579,,-,105.0,8.0,,347.0
445328,2017,9909.0,0.0,13.0,0.0787,0.0787,0.0787,0.0787,,-,39.0,11.0,,439.0
445328,2018,8588.0,0.0,10.0,0.0699,0.0699,0.0699,0.0699,,-,,,,
445337,2005,22938.0,0.0,0.0,0.0,0.0,0.0,0.0,,x,584.0,,,
445337,2007,15001.0,0.0,0.0,0.0,0.0,0.0,0.0,,x,188.0,4.0,,66.0
445337,2008,19097.0,0.0,0.0,0.0,0.0,0.0,0.0,,x,169.0,,,70.0
445337,2009,20125.0,0.0,0.0,0.0,0.0,0.0,0.0,,x,203.0,1.0,,75.0
445337,2010,24730.0,0.0,0.0,0.0,0.0,0.0,0.0,,x,121.0,1.0,,402.0
445337,2011,17557.0,0.0,13.0,0.0444,0.0444,0.0444,0.0444,,x,92.0,14.0,,565.0
445337,2012,13996.0,0.0,13.0,0.0557,0.0557,0.0557,0.0557,,x,34.0,14.0,,399.0
445337,2013,4871.0,0.0,5.0,0.0616,0.0616,0.0616,0.0616,,x,,,,
445346,2005,30326.0,0.0,0.0,0.0,0.0,0.0,0.0,,x,82.0,,,124.0
445346,2008,28251.0,0.0,0.0,0.0,0.0,0.0,0.0,,x,207.0,15.0,,59.0
445346,2009,27593.0,0.0,0.0,0.0,0.0,0.0,0.0,,x,191.0,4.0,,71.0
445346,2010,26082.0,0.0,0.0,0.0,0.0,0.0,0.0,,x,123.0,11.0,,451.0
445346,2011,23236.0,0.0,17.0,0.0439,0.0439,0.0439,0.0439,,x,110.0,33.0,,499.0
445346,2012,22061.0,0.0,29.0,0.0789,0.0789,0.0789,0.0789,,x,72.0,20.0,,397.0
445346,2013,13966.0,0.0,14.0,0.0601,0.0601,0.0601,0.0601,,x,85.0,14.0,,486.0
445346,2014,14527.0,0.0,7.0,0.0289,0.0289,0.0289,0.0289,,x,93.0,6.0,,319.0
445346,2015,15892.0,0.0,0.0,0.0,0.0,0.0,0.0,,x,69.0,,,342.0
445461,2010,37145.0,0.0,0.0,0.0,0.0,0.0,0.0,,-,335.0,,,624.0
445461,2011,36074.0,0.0,0.0,0.0,0.0,0.0,0.0,,-,194.0,,,612.0
445461,2012,38038.0,0.0,0.0,0.0,0.0,0.0,0.0,,-,178.0,,,398.0
445461,2013,41217.0,0.0,0.0,0.0,0.0,0.0,0.0,,-,174.0,,,416.0
445461,2014,38137.0,0.0,0.0,0.0,0.0,0.0,0.0,,-,128.0,,,415.0
445461,2015,31576.0,0.0,0.0,0.0,0.0,0.0,0.0,,-,86.0,,,207.0
445461,2016,26576.0,0.0,0.0,0.0,0.0,0.0,0.0,,-,83.0,,,275.0
445461,2017,19325.0,0.0,0.0,0.0,0.0,0.0,0.0,,-,51.0,20.0,,315.0
445461,2018,14006.0,0.0,0.0,0.0,0.0,0.0,0.0,,-,94.0,32.0,,227.0
445461,2019,19811.0,0.0,0.0,0.0,0.0,0.0,0.0,,-,89.0,70.0,,203.0
445461,2020,24524.0,0.0,0.0,0.0,0.0,0.0,0.0,,-,172.0,47.0,18149.0,238.0
445461,2021,26833.0,0.0,0.0,0.0,0.0,0.0,0.0,,-,195.0,26.0,18202.0,306.0
446738,2005,6084.0,3.0,0.0,0.0592,0.0592,0.0592,0.0592,,x,45.0,,,218.0
446738,2006,9099.0,8.0,0.0,0.1055,0.1055,0.1055,0.1055,,x,34.0,106.0,16453.0,506.0
446738,2007,23280.0,23.0,0.0,0.1186,0.1186,0.1186,0.1186,,x,55.0,103.0,18057.0,446.0
446738,2008,15756.0,66.0,1.0,0.5065,0.5065,0.5065,0.5065,,x,50.0,88.0,17955.0,530.0
446738,2009,21750.0,141.0,0.0,0.7779,0.7779,0.7779,0.7779,,x,23.0,100.0,18345.0,412.0
446738,2010,19797.0,121.0,0.0,0.7334,0.7334,0.7334,0.7334,,x,23.0,76.0,14478.0,523.0
446738,2011,20998.0,135.0,0.0,0.7715,0.7715,0.7715,0.7715,,x,47.0,168.0,14909.0,590.0
446738,2012,25213.0,128.0,0.0,0.6092,0.6092,0.6092,0.6092,,x,27.0,109.0,15112.0,548.0
446738,2013,20530.0,115.0,0.0,0.6722,0.6722,0.6722,0.6722,,x,17.0,79.0,15132.0,586.0
446747,2006,5124.0,8.0,0.0,0.1874,0.1874,0.1874,0.1874,,x,1.0,20.0,16453.0,557.0
446747,2007,9690.0,22.0,0.0,0.2724,0.2724,0.2724,0.2724,,x,21.0,40.0,18057.0,584.0
446747,2008,7479.0,28.0,0.0,0.4493,0.4493,0.4493,0.4493,,x,39.0,39.0,17955.0,546.0
446747,2009,10650.0,42.0,0.0,0.4732,0.4732,0.4732,0.4732,,x,25.0,42.0,18345.0,412.0
446747,2010,10158.0,39.0,0.0,0.4607,0.4607,0.4607,0.4607,,x,30.0,50.0,14478.0,510.0
446747,2011,10310.0,44.0,0.0,0.5121,0.5121,0.5121,0.5121,,x,50.0,105.0,14909.0,622.0
446747,2012,15793.0,29.0,0.0,0.2204,0.2204,0.2204,0.2204,,x,39.0,77.0,15112.0,555.0
446747,2013,15362.0,42.0,0.0,0.3281,0.3281,0.3281,0.3281,,x,27.0,92.0,15132.0,592.0
447591,2019,29940.0,0.0,3.0,0.006,0.006,0.006,0.006,,-,162.0,,,181.0
447591,2020,18420.0,0.0,7.0,0.0228,0.0228,0.0228,0.0228,,-,201.0,1.0,,351.0
447591,2021,21750.0,0.0,4.0,0.011,0.011,0.011,0.011,,-,213.0,,,298.0
447591,2022,21356.0,0.0,12.0,0.0337,0.0337,0.0337,0.0337,,-,247.0,,,284.0
447591,2023,27307.0,0.0,35.0,0.0769,0.0769,0.0769,0.0769,,-,131.0,69.0,,221.0
447591,2024,24343.0,0.0,23.0,0.0567,0.0567,0.0567,0.0567,,-,119.0,126.0,,242.0
448196,2006,4710.0,0.0,0.0,0.0,0.0,0.0,0.0,,-,112.0,,,154.0
448196,2007,3930.0,0.0,0.0,0.0,0.0,0.0,0.0,,-,37.0,53.0,,312.0
448196,2008,4350.0,0.0,0.0,0.0,0.0,0.0,0.0,,-,59.0,38.0,,301.0
448196,2009,4680.0,0.0,0.0,0.0,0.0,0.0,0.0,,-,79.0,38.0,,302.0
448196,2010,4140.0,0.0,0.0,0.0,0.0,0.0,0.0,,-,78.0,,,385.0
448196,2011,5610.0,0.0,0.0,0.0,0.0,0.0,0.0,,-,123.0,,,317.0
448196,2012,5520.0,0.0,0.0,0.0,0.0,0.0,0.0,,-,76.0,,,292.0
448196,2013,5010.0,0.0,0.0,0.0,0.0,0.0,0.0,,-,89.0,,,405.0
448196,2015,3660.0,0.0,0.0,0.0,0.0,0.0,0.0,,-,53.0,,,424.0
448196,2016,3300.0,0.0,0.0,0.0,0.0,0.0,0.0,,-,28.0,,,415.0
448196,2017,4380.0,0.0,0.0,0.0,0.0,0.0,0.0,,-,15.0,,,378.0
448196,2018,3271.0,0.0,0.0,0.0,0.0,0.0,0.0,,-,18.0,,,530.0
448196,2019,2769.0,0.0,0.0,0.0,0.0,0.0,0.0,,-,18.0,,,881.0
448196,2024,4329.0,0.0,0.0,0.0,0.0,0.0,0.0,,-,41.0,103.0,,608.0
449250,2017,16230.0,0.0,50.0,0.1848,0.1848,0.1848,0.1848,,-,328.0,,,352.0
449250,2018,19590.0,0.0,53.0,0.1623,0.1623,0.1623,0.1623,,-,320.0,,,283.0
449250,2019,26190.0,0.0,44.0,0.1008,0.1008,0.1008,0.1008,,-,148.0,64.0,,229.0
449250,2020,21000.0,0.0,37.0,0.1057,0.1057,0.1057,0.1057,,-,174.0,8.0,,305.0
449250,2021,18540.0,0.0,32.0,0.1036,0.1036,0.1036,0.1036,,-,176.0,,,386.0
449250,2022,24106.0,0.0,43.0,0.107,0.107,0.107,0.107,,-,121.0,,,285.0
449250,2023,27438.0,0.0,99.0,0.2165,0.2165,0.2165,0.2165,,-,175.0,6.0,,258.0
449250,2024,28261.0,0.0,100.0,0.2123,0.2123,0.2123,0.2123,,-,100.0,121.0,,240.0
450465,2008,10900.0,0.0,0.0,0.0,0.0,0.0,0.0,,-,87.0,61.0,20926.0,306.0
450465,2009,16723.0,0.0,0.0,0.0,0.0,0.0,0.0,,-,63.0,13.0,19712.0,452.0
450465,2010,17079.0,0.0,1.0,0.0035,0.0035,0.0035,0.0035,,-,114.0,83.0,17011.0,599.0
450465,2011,32969.0,0.0,113.0,0.2056,0.2056,0.2056,0.2056,,-,66.0,15.0,16612.0,452.0
450465,2012,17245.0,65.0,85.0,0.7481,0.7481,0.7481,0.7481,,-,29.0,27.0,16191.0,893.0
450465,2013,16083.0,82.0,66.0,0.858,0.858,0.858,0.858,,-,31.0,21.0,15721.0,656.0
450465,2014,12844.0,66.0,63.0,0.9109,0.9109,0.9109,0.9109,,-,69.0,31.0,20394.0,666.0
451556,2010,26972.0,0.0,0.0,0.0,0.0,0.0,0.0,,-,272.0,56.0,15724.0,358.0
451556,2011,30540.0,0.0,18.0,0.0354,0.0354,0.0354,0.0354,,-,320.0,266.0,17449.0,543.0
451556,2012,40797.0,0.0,109.0,0.1603,0.1603,0.1603,0.1603,,-,439.0,479.0,17688.0,401.0
451556,2013,59217.0,0.0,225.0,0.228,0.228,0.228,0.228,,-,434.0,590.0,17378.0,363.0
451556,2014,59024.0,0.0,377.0,0.3832,0.3832,0.3832,0.3832,,-,370.0,353.0,18827.0,502.0
451556,2015,63632.0,21.0,315.0,0.3366,0.3366,0.3366,0.3366,,-,170.0,396.0,18668.0,509.0
451556,2016,68253.0,65.0,423.0,0.4861,0.4861,0.4861,0.4861,,-,465.0,,19447.0,517.0
451556,2017,79080.0,72.0,528.0,0.5099,0.5099,0.5099,0.5099,,-,559.0,,19122.0,425.0
451556,2018,71357.0,63.0,541.0,0.5608,0.5608,0.5608,0.5608,,-,752.0,,18694.0,487.0
451556,2019,68909.0,84.0,649.0,0.7114,0.7114,0.7114,0.7114,,-,213.0,720.0,18913.0,510.0
451556,2020,68953.0,72.0,699.0,0.7335,0.7335,0.7335,0.7335,,-,242.0,306.0,19231.0,525.0
451556,2021,63509.0,65.0,694.0,0.7785,0.7785,0.7785,0.7785,,-,887.0,292.0,18676.0,597.0
451556,2022,67698.0,78.0,549.0,0.6248,0.6248,0.6248,0.6248,,-,624.0,308.0,17553.0,507.0
451556,2023,70481.0,52.0,625.0,0.6206,0.6206,0.6206,0.6206,,-,590.0,191.0,16562.0,483.0
451556,2024,81282.0,54.0,551.0,0.4865,0.4865,0.4865,0.4865,,-,574.0,48.0,16000.0,443.0
451820,2011,41665.0,34.0,6.0,0.1066,0.1066,0.1066,0.1066,,-,334.0,342.0,24524.0,717.0
451820,2012,50292.0,129.0,32.0,0.346,0.346,0.346,0.346,,-,237.0,262.0,24175.0,693.0
451820,2013,47600.0,220.0,50.0,0.6176,0.6176,0.6176,0.6176,,-,213.0,249.0,23806.0,645.0
451820,2014,42133.0,207.0,51.0,0.6622,0.6622,0.6622,0.6622,,-,163.0,191.0,23261.0,557.0
451820,2015,36152.0,218.0,40.0,0.79,0.79,0.79,0.79,,-,147.0,151.0,23065.0,477.0
451820,2016,32015.0,157.0,26.0,0.6372,0.6372,0.6372,0.6372,,-,133.0,83.0,22900.0,457.0
451820,2017,25167.0,150.0,25.0,0.7748,0.7748,0.7748,0.7748,,-,80.0,69.0,22518.0,456.0
451820,2018,19673.0,140.0,16.0,0.9028,0.9028,0.9028,0.9028,,-,68.0,63.0,22012.0,315.0
451820,2019,14973.0,95.0,10.0,0.8014,0.8014,0.8014,0.8014,,-,62.0,3.0,21437.0,857.0
451820,2020,11041.0,101.0,16.0,1.1846,1.1846,1.1846,1.1846,,-,35.0,11.0,23262.0,889.0
451820,2021,6429.0,50.0,13.0,1.0547,1.0547,1.0547,1.0547,,-,13.0,14.0,22591.0,1056.0
451820,2022,3343.0,29.0,0.0,1.0411,1.0411,1.0411,1.0411,,-,9.0,8.0,21232.0,1109.0
451857,2009,12666.0,0.0,0.0,0.0,0.0,0.0,0.0,,-,162.0,,20071.0,466.0
451857,2010,23979.0,0.0,1.0,0.0025,0.0025,0.0025,0.0025,,-,134.0,2.0,19941.0,409.0
451857,2011,19650.0,0.0,26.0,0.0794,0.0794,0.0794,0.0794,,-,144.0,5.0,20583.0,442.0
451857,2012,17700.0,0.0,27.0,0.0915,0.0915,0.0915,0.0915,,-,97.0,,20402.0,454.0
451857,2013,13860.0,0.0,12.0,0.0519,0.0519,0.0519,0.0519,,-,78.0,2.0,21382.0,463.0
451857,2014,11550.0,0.0,0.0,0.0,0.0,0.0,0.0,,-,144.0,11.0,21059.0,497.0
451857,2015,15390.0,0.0,0.0,0.0,0.0,0.0,0.0,,-,77.0,5.0,21873.0,449.0
451857,2016,13770.0,0.0,28.0,0.122,0.122,0.122,0.122,,-,133.0,19.0,18884.0,457.0
451857,2017,13484.0,0.0,37.0,0.1646,0.1646,0.1646,0.1646,,-,70.0,9.0,18569.0,477.0
451857,2018,13024.0,0.0,27.0,0.1244,0.1244,0.1244,0.1244,,-,81.0,4.0,21594.0,495.0
451857,2019,14535.0,0.0,38.0,0.1569,0.1569,0.1569,0.1569,,-,55.0,2.0,18949.0,374.0
451857,2020,8575.0,0.0,29.0,0.2029,0.2029,0.2029,0.2029,,-,33.0,2.0,17802.0,417.0
451857,2021,5824.0,0.0,14.0,0.1442,0.1442,0.1442,0.1442,,-,23.0,3.0,18651.0,457.0
451857,2022,3332.0,0.0,12.0,0.2161,0.2161,0.2161,0.2161,,-,20.0,1.0,20669.0,436.0
451857,2023,1657.0,0.0,2.0,0.0724,0.0724,0.0724,0.0724,,-,40.0,,13872.0,384.0
451857,2024,3236.0,0.0,0.0,0.0,0.0,0.0,0.0,,-,48.0,4.0,13484.0,341.0
451875,2011,7817.0,1.0,3.0,0.0384,0.0384,0.0384,0.0384,,-,76.0,62.0,16409.0,524.0
451875,2012,10379.0,13.0,7.0,0.1908,0.1908,0.1908,0.1908,,-,63.0,126.0,17461.0,532.0
451875,2013,6763.0,12.0,14.0,0.3371,0.3371,0.3371,0.3371,,-,16.0,43.0,16655.0,652.0
451875,2014,5401.0,5.0,13.0,0.2555,0.2555,0.2555,0.2555,,-,4.0,40.0,16972.0,653.0
451875,2015,4683.0,9.0,15.0,0.4228,0.4228,0.4228,0.4228,,-,20.0,9.0,17628.0,618.0
451875,2016,2768.0,8.0,16.0,0.6936,0.6936,0.6936,0.6936,,-,3.0,13.0,17972.0,714.0
451875,2017,6325.0,3.0,29.0,0.332,0.332,0.332,0.332,,-,11.0,49.0,18131.0,268.0
451875,2018,4004.0,11.0,22.0,0.6593,0.6593,0.6593,0.6593,,-,10.0,24.0,18694.0,520.0
451875,2019,1449.0,9.0,11.0,1.2006,1.2006,1.2006,1.2006,,-,,,18303.0,1005.0
452063,2009,30509.0,0.0,192.0,0.3776,0.3776,0.3776,0.3776,,-,151.0,85.0,,416.0
452063,2010,45160.0,0.0,356.0,0.473,0.473,0.473,0.473,,-,165.0,77.0,47602.0,493.0
452063,2011,48173.0,0.0,272.0,0.3388,0.3388,0.3388,0.3388,,-,204.0,74.0,19144.0,455.0
452063,2012,57055.0,0.0,348.0,0.366,0.366,0.366,0.366,,-,172.0,80.0,17446.0,396.0
452063,2013,44023.0,0.0,227.0,0.3094,0.3094,0.3094,0.3094,,-,141.0,51.0,17261.0,491.0
452063,2014,38943.0,0.0,48.0,0.074,0.074,0.074,0.074,,-,126.0,70.0,17180.0,421.0
452063,2015,41382.0,0.0,250.0,0.3625,0.3625,0.3625,0.3625,,-,118.0,77.0,17433.0,397.0
452063,2017,12286.0,0.0,222.0,1.0842,1.0842,1.0842,1.0842,,-,,,,
455336,2011,5112.0,0.0,0.0,0.0,0.0,0.0,0.0,,-,167.0,,,776.0
455336,2012,5688.0,0.0,0.0,0.0,0.0,0.0,0.0,,-,159.0,,,619.0
455336,2013,7634.0,0.0,0.0,0.0,0.0,0.0,0.0,,-,172.0,,,463.0
455336,2014,10170.0,0.0,0.0,0.0,0.0,0.0,0.0,,-,185.0,,,400.0
455336,2016,7596.0,0.0,0.0,0.0,0.0,0.0,0.0,,-,62.0,,,499.0
455336,2017,7695.0,0.0,0.0,0.0,0.0,0.0,0.0,,-,110.0,,,459.0
455336,2018,7128.0,0.0,62.0,0.5219,0.5219,0.5219,0.5219,,-,111.0,,,564.0
455336,2019,4784.0,0.0,51.0,0.6396,0.6396,0.6396,0.6396,,-,70.0,,,897.0
455336,2020,7576.0,0.0,73.0,0.5781,0.5781,0.5781,0.5781,,-,75.0,,,655.0
455336,2021,6820.0,0.0,60.0,0.5279,0.5279,0.5279,0.5279,,-,41.0,3.0,,632.0
455336,2022,6099.0,0.0,78.0,0.7673,0.7673,0.7673,0.7673,,-,41.0,31.0,,555.0
455336,2023,7969.0,0.0,65.0,0.4894,0.4894,0.4894,0.4894,,-,49.0,21.0,,445.0
455336,2024,7308.0,0.0,70.0,0.5747,0.5747,0.5747,0.5747,,-,46.0,1.0,,487.0
456153,2011,3708.0,0.0,0.0,0.0,0.0,0.0,0.0,,-,106.0,,,827.0
456153,2012,5184.0,0.0,0.0,0.0,0.0,0.0,0.0,,-,126.0,,,536.0
456153,2013,6410.0,0.0,0.0,0.0,0.0,0.0,0.0,,-,120.0,,,341.0
456153,2015,5100.0,0.0,0.0,0.0,0.0,0.0,0.0,,-,90.0,,,331.0
456153,2016,3690.0,0.0,0.0,0.0,0.0,0.0,0.0,,-,36.0,,,627.0
456153,2017,4866.0,0.0,0.0,0.0,0.0,0.0,0.0,,-,36.0,,,439.0
456153,2018,4196.0,0.0,2.0,0.0286,0.0286,0.0286,0.0286,,-,36.0,,,450.0
456153,2019,2606.0,0.0,41.0,0.944,0.944,0.944,0.944,,-,28.0,,,811.0
456153,2020,3116.0,0.0,27.0,0.5199,0.5199,0.5199,0.5199,,-,39.0,,,491.0
456153,2021,2829.0,0.0,35.0,0.7423,0.7423,0.7423,0.7423,,-,17.0,4.0,,612.0
456153,2022,2170.0,0.0,32.0,0.8848,0.8848,0.8848,0.8848,,-,19.0,8.0,,615.0
456153,2023,3363.0,0.0,23.0,0.4103,0.4103,0.4103,0.4103,,-,31.0,9.0,,375.0
456214,2012,7529.0,0.0,0.0,0.0,0.0,0.0,0.0,,-,174.0,,,716.0
456214,2013,5809.0,0.0,0.0,0.0,0.0,0.0,0.0,,-,145.0,,,591.0
456214,2014,3568.0,0.0,0.0,0.0,0.0,0.0,0.0,,-,105.0,,,881.0
456214,2015,5106.0,0.0,0.0,0.0,0.0,0.0,0.0,,-,105.0,,,557.0
456214,2016,9353.0,0.0,0.0,0.0,0.0,0.0,0.0,,-,44.0,,,410.0
456214,2017,10276.0,0.0,0.0,0.0,0.0,0.0,0.0,,-,65.0,,,323.0
456214,2018,9729.0,0.0,0.0,0.0,0.0,0.0,0.0,,-,76.0,,,463.0
456214,2019,9642.0,0.0,0.0,0.0,0.0,0.0,0.0,,-,51.0,,,507.0
456214,2020,11602.0,0.0,0.0,0.0,0.0,0.0,0.0,,-,73.0,,,459.0
456214,2021,13804.0,0.0,0.0,0.0,0.0,0.0,0.0,,-,67.0,54.0,,478.0
456214,2022,11692.0,0.0,0.0,0.0,0.0,0.0,0.0,,-,100.0,27.0,,580.0
456214,2023,12671.0,0.0,0.0,0.0,0.0,0.0,0.0,,-,112.0,14.0,,459.0
456214,2024,16369.0,0.0,5.0,0.0183,0.0183,0.0183,0.0183,,-,142.0,19.0,,438.0
456311,2010,27718.0,0.0,0.0,0.0,0.0,0.0,0.0,,-,121.0,65.0,13828.0,60.0
456311,2012,14870.0,0.0,28.0,0.113,0.113,0.113,0.113,,-,40.0,18.0,18162.0,473.0
456311,2013,12287.0,0.0,39.0,0.1904,0.1904,0.1904,0.1904,,-,66.0,33.0,21173.0,312.0
456311,2014,11654.0,0.0,29.0,0.1493,0.1493,0.1493,0.1493,,-,,,17507.0,340.0
458034,2010,1820.0,0.0,0.0,0.0,0.0,0.0,0.0,,-,49.0,,,261.0
458034,2012,2160.0,0.0,0.0,0.0,0.0,0.0,0.0,,-,35.0,,,100.0
458034,2013,1380.0,0.0,0.0,0.0,0.0,0.0,0.0,,-,17.0,,,207.0
458034,2014,1860.0,0.0,0.0,0.0,0.0,0.0,0.0,,-,37.0,,,111.0
458034,2017,2790.0,0.0,5.0,0.1075,0.1075,0.1075,0.1075,,-,11.0,14.0,13045.0,355.0
458034,2018,2830.0,0.0,16.0,0.3392,0.3392,0.3392,0.3392,,-,6.0,11.0,13351.0,349.0
458034,2019,2760.0,0.0,15.0,0.3261,0.3261,0.3261,0.3261,,-,4.0,1.0,13666.0,424.0
458034,2020,1632.0,0.0,11.0,0.4044,0.4044,0.4044,0.4044,,-,4.0,10.0,13462.0,631.0
458034,2022,1630.0,0.0,13.0,0.4785,0.4785,0.4785,0.4785,,-,3.0,20.0,13020.0,499.0
458034,2023,1600.0,0.0,0.0,0.0,0.0,0.0,0.0,,-,3.0,20.0,12399.0,477.0
458478,2012,20520.0,0.0,0.0,0.0,0.0,0.0,0.0,,-,46.0,,,359.0
458478,2013,16050.0,0.0,0.0,0.0,0.0,0.0,0.0,,-,68.0,,,411.0
458478,2014,15210.0,0.0,0.0,0.0,0.0,0.0,0.0,,-,60.0,20.0,,384.0
458478,2015,12420.0,0.0,0.0,0.0,0.0,0.0,0.0,,-,43.0,6.0,,385.0
458478,2016,10770.0,0.0,5.0,0.0279,0.0279,0.0279,0.0279,,-,38.0,10.0,,428.0
458478,2017,9240.0,0.0,8.0,0.0519,0.0519,0.0519,0.0519,,-,50.0,9.0,,335.0
458690,2011,25500.0,0.0,3.0,0.0071,0.0071,0.0071,0.0071,,-,157.0,13.0,,305.0
458690,2012,26807.0,0.0,68.0,0.1522,0.1522,0.1522,0.1522,,-,131.0,5.0,,354.0
458690,2013,22758.0,0.0,46.0,0.1213,0.1213,0.1213,0.1213,,-,135.0,15.0,,387.0
458690,2014,22291.0,0.0,42.0,0.1131,0.1131,0.1131,0.1131,,-,91.0,15.0,,341.0
458690,2015,19865.0,0.0,31.0,0.0936,0.0936,0.0936,0.0936,,-,120.0,12.0,,351.0
458690,2017,12504.0,0.0,14.0,0.0672,0.0672,0.0672,0.0672,,-,69.0,18.0,,409.0
458690,2018,9316.0,0.0,17.0,0.1095,0.1095,0.1095,0.1095,,-,,,,
458973,2012,16281.0,4.0,3.0,0.0405,0.0405,0.0405,0.0405,,x,85.0,134.0,20144.0,510.0
458973,2013,22749.0,40.0,18.0,0.2585,0.2585,0.2585,0.2585,,x,145.0,182.0,20032.0,576.0
458973,2014,25398.0,56.0,13.0,0.2953,0.2953,0.2953,0.2953,,x,223.0,154.0,20400.0,605.0
458973,2015,30231.0,96.0,32.0,0.4446,0.4446,0.4446,0.4446,,x,264.0,208.0,16938.0,590.0
458973,2016,33840.0,114.0,22.0,0.4433,0.4433,0.4433,0.4433,,x,100.0,502.0,16821.0,591.0
458973,2017,40119.0,139.0,32.0,0.4636,0.4636,0.4636,0.4636,,x,140.0,502.0,16540.0,520.0
458973,2018,46341.0,176.0,39.0,0.5063,0.5063,0.5063,0.5063,,x,196.0,643.0,17270.0,515.0
458973,2019,49743.0,184.0,57.0,0.5126,0.5126,0.5126,0.5126,,x,283.0,968.0,16326.0,512.0
458973,2020,68424.0,180.0,64.0,0.3718,0.3718,0.3718,0.3718,,x,235.0,779.0,16244.0,455.0
458973,2021,69663.0,198.0,72.0,0.4031,0.4031,0.4031,0.4031,,x,121.0,415.0,15775.0,
458973,2022,53280.0,215.0,77.0,0.5709,0.5709,0.5709,0.5709,,x,104.0,420.0,14826.0,
458973,2023,54147.0,244.0,129.0,0.6837,0.6837,0.6837,0.6837,,x,155.0,409.0,13990.0,
458973,2024,60504.0,229.0,117.0,0.5702,0.5702,0.5702,0.5702,,x,123.0,193.0,13920.0,
458982,2012,21440.0,0.0,2.0,0.0056,0.0056,0.0056,0.0056,,-,192.0,234.0,24311.0,613.0
458982,2013,29347.0,17.0,42.0,0.1554,0.1554,0.1554,0.1554,,-,233.0,207.0,23886.0,569.0
458982,2014,34454.0,125.0,55.0,0.5311,0.5311,0.5311,0.5311,,-,201.0,186.0,23261.0,519.0
458982,2015,32829.0,96.0,94.0,0.5227,0.5227,0.5227,0.5227,,-,176.0,195.0,23065.0,495.0
458982,2016,32605.0,104.0,45.0,0.4656,0.4656,0.4656,0.4656,,-,121.0,125.0,22900.0,463.0
458982,2017,27434.0,126.0,58.0,0.678,0.678,0.678,0.678,,-,93.0,101.0,22518.0,469.0
458982,2018,22683.0,123.0,44.0,0.7671,0.7671,0.7671,0.7671,,-,72.0,85.0,22012.0,327.0
458982,2019,18799.0,127.0,29.0,0.9032,0.9032,0.9032,0.9032,,-,101.0,11.0,21437.0,849.0
458982,2020,14159.0,91.0,27.0,0.8857,0.8857,0.8857,0.8857,,-,52.0,38.0,23262.0,972.0
458982,2021,10553.0,61.0,12.0,0.7619,0.7619,0.7619,0.7619,,-,20.0,29.0,22591.0,884.0
458982,2022,7384.0,48.0,13.0,0.8857,0.8857,0.8857,0.8857,,-,20.0,24.0,21232.0,907.0
459514,2014,4890.0,0.0,0.0,0.0,0.0,0.0,0.0,,-,79.0,,,397.0
459514,2015,6000.0,0.0,0.0,0.0,0.0,0.0,0.0,,-,76.0,,,326.0
459514,2016,3180.0,0.0,0.0,0.0,0.0,0.0,0.0,,-,1.0,,,395.0
459514,2017,2430.0,0.0,0.0,0.0,0.0,0.0,0.0,,-,2.0,,,649.0
459514,2020,3702.0,0.0,9.0,0.1459,0.1459,0.1459,0.1459,,-,63.0,,,531.0
459514,2021,3540.0,0.0,2.0,0.0339,0.0339,0.0339,0.0339,,-,29.0,1.0,,566.0
459514,2022,2790.0,0.0,0.0,0.0,0.0,0.0,0.0,,-,36.0,,,565.0
459514,2023,3512.0,0.0,1.0,0.0171,0.0171,0.0171,0.0171,,-,18.0,,,474.0
459514,2024,2984.0,0.0,12.0,0.2413,0.2413,0.2413,0.2413,,-,16.0,,,908.0
459657,2011,6651.0,0.0,0.0,0.0,0.0,0.0,0.0,,-,22.0,6.0,25194.0,590.0
459657,2012,6949.0,0.0,44.0,0.3799,0.3799,0.3799,0.3799,,-,31.0,2.0,24556.0,933.0
459657,2013,5983.0,0.0,92.0,0.9227,0.9227,0.9227,0.9227,,-,42.0,3.0,24126.0,903.0
459657,2014,7158.0,0.0,42.0,0.3521,0.3521,0.3521,0.3521,,-,55.0,5.0,23762.0,617.0
459657,2015,8296.0,0.0,69.0,0.499,0.499,0.499,0.499,,-,41.0,,23561.0,633.0
459949,2015,72553.0,955.0,0.0,1.5795,1.5795,1.5795,1.5795,,n,,1095.0,,293.0
459949,2016,78549.0,1039.0,0.0,1.5873,1.5873,1.5873,1.5873,,n,492.0,1334.0,,293.0
459949,2017,102075.0,1123.0,0.0,1.3202,1.3202,1.3202,1.3202,,n,576.0,1234.0,8365.0,277.0
459949,2018,127704.0,1151.0,0.0,1.0816,1.0816,1.0816,1.0816,,n,574.0,1136.0,10239.0,269.0
459949,2019,132962.0,1318.0,0.0,1.1895,1.1895,1.1895,1.1895,,n,705.0,1067.0,10562.0,248.0
459949,2020,138612.0,1348.0,0.0,1.167,1.167,1.167,1.167,,n,632.0,1048.0,10654.0,252.0
459949,2021,138893.0,1305.0,0.0,1.1275,1.1899,1.2197,1.2615,1.2519,o,1058.0,808.0,10390.0,228.0
459949,2022,140756.0,1248.0,0.0,1.064,1.167,1.2174,1.2898,1.4696,o,1028.0,778.0,9975.0,222.0
459949,2023,143731.0,1266.0,0.0,1.057,1.1886,1.2544,1.3499,1.631,o,1025.0,723.0,9884.0,207.0
459949,2024,150327.0,1249.0,0.0,0.997,1.1051,1.1585,1.2355,1.5355,o,1265.0,745.0,9548.0,244.0
459958,2012,30360.0,0.0,0.0,0.0,0.0,0.0,0.0,,-,126.0,,,378.0
459958,2013,22350.0,0.0,0.0,0.0,0.0,0.0,0.0,,-,55.0,,,384.0
459958,2014,17820.0,0.0,0.0,0.0,0.0,0.0,0.0,,-,74.0,,,335.0
459958,2015,17190.0,0.0,0.0,0.0,0.0,0.0,0.0,,-,122.0,,,330.0
459958,2016,21300.0,0.0,7.0,0.0197,0.0197,0.0197,0.0197,,-,118.0,57.0,,331.0
459958,2017,20190.0,0.0,15.0,0.0446,0.0446,0.0446,0.0446,,-,63.0,17.0,,354.0
459958,2018,17310.0,0.0,10.0,0.0347,0.0347,0.0347,0.0347,,-,83.0,17.0,,352.0
459958,2019,18750.0,0.0,5.0,0.016,0.016,0.016,0.016,,-,73.0,48.0,,346.0
459958,2020,18180.0,0.0,7.0,0.0231,0.0231,0.0231,0.0231,,-,38.0,52.0,,357.0
459958,2021,18030.0,0.0,10.0,0.0333,0.0333,0.0333,0.0333,,-,49.0,29.0,,325.0
459958,2022,14880.0,0.0,13.0,0.0524,0.0524,0.0524,0.0524,,-,70.0,58.0,,297.0
459958,2023,15120.0,0.0,8.0,0.0317,0.0317,0.0317,0.0317,,-,54.0,42.0,,337.0
459958,2024,19140.0,0.0,8.0,0.0251,0.0251,0.0251,0.0251,,-,96.0,63.0,,331.0
459967,2011,3750.0,0.0,0.0,0.0,0.0,0.0,0.0,,-,132.0,,,910.0
459985,2011,11340.0,0.0,0.0,0.0,0.0,0.0,0.0,,-,123.0,,,461.0
460136,2019,34799.0,0.0,207.0,0.3569,0.3569,0.3569,0.3569,,-,267.0,37.0,,397.0
460136,2020,35672.0,0.0,172.0,0.2893,0.2893,0.2893,0.2893,,-,189.0,63.0,,403.0
460136,2021,35495.0,0.0,157.0,0.2654,0.2654,0.2654,0.2654,,-,250.0,102.0,,364.0
460136,2022,31193.0,0.0,199.0,0.3828,0.3828,0.3828,0.3828,,-,136.0,56.0,,445.0
460136,2023,34986.0,0.0,191.0,0.3276,0.3276,0.3276,0.3276,,-,227.0,128.0,,372.0
460136,2024,41653.0,0.0,189.0,0.2722,0.2722,0.2722,0.2722,,-,214.0,103.0,,351.0
460181,2014,11090.0,0.0,45.0,0.2435,0.2435,0.2435,0.2435,,-,176.0,,,820.0
460181,2015,11394.0,0.0,106.0,0.5582,0.5582,0.5582,0.5582,,-,251.0,,,953.0
460181,2016,12936.0,0.0,113.0,0.5241,0.5241,0.5241,0.5241,,-,243.0,,,911.0
460181,2017,14396.0,0.0,102.0,0.4251,0.4251,0.4251,0.4251,,-,202.0,,,837.0
460181,2018,17742.0,0.0,100.0,0.3382,0.3382,0.3382,0.3382,,-,171.0,,,744.0
460181,2019,15701.0,0.0,178.0,0.6802,0.6802,0.6802,0.6802,,-,171.0,,,866.0
460181,2020,9194.0,0.0,74.0,0.4829,0.4829,0.4829,0.4829,,-,114.0,,,1227.0
460181,2021,13950.0,0.0,91.0,0.3914,0.3914,0.3914,0.3914,,-,192.0,,,731.0
460181,2022,14953.0,0.0,105.0,0.4213,0.4213,0.4213,0.4213,,-,116.0,,,664.0
460206,2014,9401.0,0.0,41.0,0.2617,0.2617,0.2617,0.2617,,-,120.0,,,1061.0
460206,2015,8722.0,0.0,92.0,0.6329,0.6329,0.6329,0.6329,,-,202.0,,,1219.0
460206,2016,9158.0,0.0,63.0,0.4128,0.4128,0.4128,0.4128,,-,155.0,,,1102.0
460206,2017,11504.0,0.0,81.0,0.4225,0.4225,0.4225,0.4225,,-,201.0,,,929.0
460206,2018,11388.0,0.0,72.0,0.3793,0.3793,0.3793,0.3793,,-,180.0,,,958.0
460206,2019,11578.0,0.0,116.0,0.6011,0.6011,0.6011,0.6011,,-,156.0,,,918.0
460206,2020,10524.0,0.0,80.0,0.4561,0.4561,0.4561,0.4561,,-,106.0,,,1053.0
460206,2021,13830.0,0.0,121.0,0.5249,0.5249,0.5249,0.5249,,-,144.0,,,779.0
460206,2022,11693.0,0.0,101.0,0.5183,0.5183,0.5183,0.5183,,-,95.0,,,769.0
460358,2011,15917.0,0.0,0.0,0.0,0.0,0.0,0.0,,-,77.0,54.0,22345.0,643.0
460358,2012,20258.0,0.0,0.0,0.0,0.0,0.0,0.0,,-,73.0,46.0,20377.0,439.0
460358,2013,20158.0,0.0,4.0,0.0119,0.0119,0.0119,0.0119,,-,68.0,80.0,20020.0,435.0
460358,2014,20158.0,0.0,12.0,0.0357,0.0357,0.0357,0.0357,,-,72.0,82.0,19717.0,435.0
460358,2015,20448.0,0.0,32.0,0.0939,0.0939,0.0939,0.0939,,-,55.0,34.0,19582.0,196.0
460358,2017,8794.0,0.0,10.0,0.0682,0.0682,0.0682,0.0682,,-,41.0,29.0,15948.0,397.0
460543,2012,34174.0,0.0,0.0,0.0,0.0,0.0,0.0,,-,153.0,,,531.0
460543,2013,36440.0,0.0,0.0,0.0,0.0,0.0,0.0,,-,205.0,,,575.0
460543,2014,47414.0,0.0,0.0,0.0,0.0,0.0,0.0,,-,228.0,,,552.0
460543,2015,51009.0,0.0,0.0,0.0,0.0,0.0,0.0,,-,230.0,,,583.0
460543,2016,48154.0,0.0,0.0,0.0,0.0,0.0,0.0,,-,295.0,,,570.0
460543,2017,45017.0,0.0,0.0,0.0,0.0,0.0,0.0,,-,298.0,,,604.0
460543,2018,49695.0,0.0,177.0,0.2137,0.2137,0.2137,0.2137,,-,357.0,81.0,,592.0
460543,2019,52785.0,0.0,470.0,0.5342,0.5342,0.5342,0.5342,,-,450.0,81.0,,665.0
460543,2020,66952.0,0.0,487.0,0.4364,0.4364,0.4364,0.4364,,-,794.0,140.0,,596.0
460543,2021,67425.0,0.0,495.0,0.4405,0.4405,0.4405,0.4405,,-,847.0,137.0,,628.0
460543,2022,74320.0,0.0,611.0,0.4933,0.4933,0.4933,0.4933,,-,406.0,117.0,,601.0
460543,2023,67824.0,0.0,669.0,0.5918,0.5918,0.5918,0.5918,,-,387.0,137.0,,590.0
460543,2024,67969.0,0.0,630.0,0.5561,0.5561,0.5561,0.5561,,-,430.0,96.0,,599.0
460613,2012,13096.0,0.0,3.0,0.0137,0.0137,0.0137,0.0137,,-,215.0,53.0,15619.0,336.0
460613,2013,19440.0,0.0,60.0,0.1852,0.1852,0.1852,0.1852,,-,169.0,85.0,16555.0,360.0
460613,2014,20917.0,0.0,110.0,0.3155,0.3155,0.3155,0.3155,,-,190.0,75.0,16423.0,361.0
460613,2015,20927.0,31.0,150.0,0.6078,0.6078,0.6078,0.6078,,-,139.0,34.0,16296.0,339.0
460613,2017,8084.0,27.0,146.0,1.4844,1.4844,1.4844,1.4844,,-,30.0,17.0,,
461795,2012,5424.0,0.0,0.0,0.0,0.0,0.0,0.0,,n,126.0,26.0,14899.0,244.0
461795,2013,8772.0,7.0,0.0,0.0958,0.0958,0.0958,0.0958,,n,80.0,41.0,15640.0,251.0
461795,2014,10837.0,21.0,0.0,0.2325,0.2325,0.2325,0.2325,,n,87.0,33.0,15404.0,245.0
461795,2015,12761.0,44.0,0.0,0.4138,0.4138,0.4138,0.4138,,n,111.0,34.0,15535.0,247.0
461795,2016,13237.0,71.0,0.0,0.6437,0.5968,0.5875,0.565,0.7704,o,95.0,50.0,15428.0,245.0
461795,2017,12026.0,68.0,0.0,0.6785,0.6785,0.6785,0.6785,1.0,o,50.0,19.0,15170.0,280.0
461795,2018,8710.0,67.0,0.0,0.9231,0.886,0.8785,0.8601,0.8683,o,60.0,16.0,12338.0,355.0
461795,2019,6684.0,66.0,0.0,1.1849,0.9992,0.9646,0.8832,0.5556,o,56.0,22.0,12080.0,464.0
461795,2020,9371.0,57.0,0.0,0.7299,0.6179,0.597,0.5477,0.5631,o,152.0,25.0,11899.0,343.0
461795,2021,9299.0,44.0,0.0,0.5678,0.6304,0.6442,0.6801,1.4345,o,93.0,69.0,11556.0,407.0
461795,2022,9981.0,32.0,0.0,0.3847,0.4853,0.5092,0.5742,2.2273,o,154.0,68.0,10861.0,379.0
461795,2023,12325.0,42.0,0.0,0.4089,0.5091,0.5328,0.5967,2.1293,o,192.0,88.0,12732.0,399.0
461795,2024,15279.0,58.0,0.0,0.4555,0.528,0.5443,0.5875,1.6635,o,142.0,111.0,12836.0,429.0
466930,2012,3540.0,0.0,0.0,0.0,0.0,0.0,0.0,,-,2.0,98.0,21906.0,955.0
466930,2013,6180.0,16.0,0.0,0.3107,0.3107,0.3107,0.3107,,-,,75.0,22672.0,998.0
466930,2014,8670.0,58.0,0.0,0.8028,0.8028,0.8028,0.8028,,-,4.0,170.0,22751.0,984.0
466930,2015,12630.0,107.0,0.0,1.0166,1.0166,1.0166,1.0166,,-,3.0,281.0,22558.0,999.0
466930,2016,19320.0,111.0,0.0,0.6894,0.6894,0.6894,0.6894,,-,5.0,325.0,23336.0,1020.0
466930,2017,20160.0,172.0,0.0,1.0238,1.0238,1.0238,1.0238,,-,4.0,144.0,24514.0,1042.0
466930,2018,17400.0,184.0,0.0,1.269,1.269,1.269,1.269,,-,4.0,283.0,24147.0,1013.0
466930,2019,19920.0,320.0,0.0,1.9277,1.9277,1.9277,1.9277,,-,8.0,406.0,23641.0,994.0
466930,2020,25920.0,203.0,0.0,0.9398,0.9398,0.9398,0.9398,,-,10.0,392.0,23288.0,996.0
466930,2021,38970.0,248.0,0.0,0.7637,0.7637,0.7637,0.7637,,-,7.0,440.0,22725.0,988.0
466930,2022,46710.0,372.0,0.0,0.9557,0.9557,0.9557,0.9557,,-,20.0,407.0,21358.0,921.0
466930,2023,52800.0,520.0,0.0,1.1818,1.1818,1.1818,1.1818,,-,33.0,467.0,20319.0,895.0
466930,2024,56220.0,674.0,0.0,1.4386,1.4386,1.4386,1.4386,,-,18.0,437.0,19686.0,874.0
468015,2012,11062.0,0.0,7.0,0.038,0.038,0.038,0.038,,-,77.0,63.0,24311.0,686.0
468015,2013,12179.0,17.0,14.0,0.2365,0.2365,0.2365,0.2365,,-,56.0,40.0,23886.0,663.0
468015,2014,11126.0,35.0,24.0,0.5069,0.5069,0.5069,0.5069,,-,66.0,47.0,23261.0,611.0
468015,2015,10117.0,41.0,8.0,0.5337,0.5337,0.5337,0.5337,,-,1.0,,23065.0,562.0
468015,2017,940.0,19.0,1.0,2.4894,2.4894,2.4894,2.4894,,-,,,,
470898,2012,6078.0,0.0,1.0,0.0099,0.0099,0.0099,0.0099,,-,39.0,4.0,24556.0,563.0
470898,2013,7095.0,0.0,56.0,0.4736,0.4736,0.4736,0.4736,,-,43.0,7.0,24126.0,765.0
470898,2014,7022.0,0.0,62.0,0.5298,0.5298,0.5298,0.5298,,-,39.0,,23762.0,760.0
470898,2015,4731.0,18.0,64.0,1.2681,1.2681,1.2681,1.2681,,-,30.0,,23561.0,901.0
475051,2012,5155.0,0.0,0.0,0.0,0.0,0.0,0.0,,-,7.0,11.0,,110.0
475051,2014,486.0,0.0,11.0,1.358,1.358,1.358,1.358,,-,,,20347.0,
475185,2011,3139.0,14.0,0.0,0.5352,0.5352,0.5352,0.5352,,n,7.0,16.0,,262.0
475185,2012,4379.0,15.0,0.0,0.4111,0.4111,0.4111,0.4111,,n,16.0,15.0,2441.0,148.0
475185,2013,3280.0,25.0,0.0,0.9146,0.9146,0.9146,0.9146,,n,4.0,20.0,2513.0,168.0
475185,2014,3476.0,10.0,0.0,0.3452,0.3452,0.3452,0.3452,,n,14.0,13.0,2731.0,155.0
475185,2015,4176.0,26.0,0.0,0.7471,0.7471,0.7471,0.7471,,n,9.0,13.0,2741.0,207.0
475185,2016,4411.0,17.0,0.0,0.4625,0.4625,0.4625,0.4625,1.0,o,10.0,18.0,3150.0,241.0
475185,2017,4918.0,29.0,0.0,0.7076,0.6972,0.695,0.6897,0.95,o,,,3697.0,238.0
475608,2012,4389.0,25.0,3.0,0.7245,0.7245,0.7245,0.7245,,n,44.0,19.0,,338.0
475608,2013,4492.0,37.0,2.0,1.0151,1.0151,1.0151,1.0151,,n,20.0,33.0,9269.0,372.0
475608,2014,4593.0,15.0,4.0,0.4442,0.4442,0.4442,0.4442,,n,21.0,36.0,9382.0,372.0
475608,2015,5172.0,37.0,5.0,0.9165,0.9165,0.9165,0.9165,,n,12.0,53.0,10274.0,419.0
475608,2016,4623.0,33.0,1.0,0.8696,0.8696,0.8696,0.8696,,n,16.0,44.0,10670.0,404.0
475608,2017,4374.0,41.0,1.0,1.1385,0.8958,0.8525,0.7531,0.4375,o,17.0,24.0,11409.0,423.0
475608,2018,3804.0,28.0,0.0,0.8833,0.8294,0.8187,0.7924,0.8049,o,13.0,19.0,12286.0,433.0
475608,2019,3558.0,24.0,1.0,0.8263,0.8038,0.7992,0.7879,0.9091,o,26.0,22.0,13068.0,408.0
475608,2020,3687.0,22.0,2.0,0.7486,0.8241,0.8406,0.8835,1.3929,o,20.0,13.0,13885.0,406.0
475608,2021,3120.0,25.0,0.0,0.9615,1.0588,1.0801,1.1352,1.3939,o,13.0,9.0,14735.0,408.0
475608,2022,2622.0,20.0,2.0,0.9611,0.988,0.9937,1.008,1.1,o,19.0,6.0,13987.0,340.0
475608,2023,2535.0,22.0,2.0,1.0888,1.0281,1.0159,0.9862,0.8205,o,18.0,17.0,13819.0,276.0
475608,2024,2835.0,14.0,1.0,0.6138,0.5762,0.5687,0.5505,0.8043,o,29.0,10.0,14310.0,201.0
475750,2013,8157.0,0.0,0.0,0.0,0.0,0.0,0.0,,-,51.0,,,444.0
475750,2014,9257.0,0.0,0.0,0.0,0.0,0.0,0.0,,-,42.0,,,496.0
475750,2015,9035.0,0.0,0.0,0.0,0.0,0.0,0.0,,-,41.0,41.0,,471.0
475750,2016,8056.0,0.0,0.0,0.0,0.0,0.0,0.0,,-,,,,551.0
475750,2017,3992.0,0.0,7.0,0.1052,0.1052,0.1052,0.1052,,-,,,,808.0
475750,2019,2241.0,0.0,21.0,0.5622,0.5622,0.5622,0.5622,,-,,3.0,,639.0
475750,2020,1425.0,0.0,12.0,0.5053,0.5053,0.5053,0.5053,,-,,,,835.0
476337,2013,2898.0,0.0,16.0,0.3313,0.3313,0.3313,0.3313,,-,52.0,,,704.0
476337,2015,3782.0,0.0,58.0,0.9201,0.9201,0.9201,0.9201,,-,26.0,28.0,22389.0,689.0
476337,2016,4419.0,0.0,49.0,0.6653,0.6653,0.6653,0.6653,,-,6.0,21.0,22234.0,633.0
476337,2017,3696.0,0.0,59.0,0.9578,0.9578,0.9578,0.9578,,-,13.0,19.0,21863.0,747.0
476337,2018,4783.0,0.0,48.0,0.6021,0.6021,0.6021,0.6021,,-,,,,
476577,2012,6210.0,0.0,0.0,0.0,0.0,0.0,0.0,,-,11.0,,,144.0
476577,2013,8949.0,0.0,0.0,0.0,0.0,0.0,0.0,,-,35.0,,,259.0
476577,2014,7980.0,0.0,0.0,0.0,0.0,0.0,0.0,,-,45.0,,,272.0
476577,2015,7890.0,0.0,0.0,0.0,0.0,0.0,0.0,,-,133.0,,,384.0
476577,2016,8400.0,0.0,0.0,0.0,0.0,0.0,0.0,,-,,,,
477039,2013,8121.0,0.0,0.0,0.0,0.0,0.0,0.0,,-,,48.0,32985.0,457.0
477039,2014,13214.0,32.0,0.0,0.2906,0.2906,0.2906,0.2906,,-,1.0,54.0,32487.0,815.0
477039,2015,16010.0,137.0,0.0,1.0269,1.0269,1.0269,1.0269,,-,,59.0,33192.0,995.0
477039,2016,17340.0,137.0,0.0,0.9481,0.9481,0.9481,0.9481,,-,3.0,66.0,33623.0,1015.0
477039,2017,19222.0,189.0,0.0,1.1799,1.1799,1.1799,1.1799,,-,,115.0,33062.0,988.0
477039,2018,22820.0,162.0,0.0,0.8519,0.8519,0.8519,0.8519,,-,16.0,151.0,32945.0,896.0
477039,2019,33418.0,144.0,0.0,0.5171,0.5171,0.5171,0.5171,,-,3.0,226.0,32500.0,713.0
477039,2020,35346.0,182.0,0.0,0.6179,0.6179,0.6179,0.6179,,-,12.0,158.0,23877.0,736.0
477039,2021,35849.0,280.0,0.0,0.9373,0.9373,0.9373,0.9373,,-,3.0,123.0,21360.0,791.0
477039,2022,31705.0,310.0,0.0,1.1733,1.1733,1.1733,1.1733,,-,5.0,119.0,18686.0,819.0
477039,2023,31544.0,295.0,0.0,1.1222,1.1222,1.1222,1.1222,,-,9.0,135.0,17691.0,535.0
477039,2024,35023.0,299.0,0.0,1.0245,1.0245,1.0245,1.0245,,-,10.0,148.0,16715.0,501.0
478014,2014,5309.0,0.0,0.0,0.0,0.0,0.0,0.0,,-,24.0,43.0,16972.0,567.0
478014,2015,4721.0,0.0,3.0,0.0381,0.0381,0.0381,0.0381,,-,20.0,11.0,17628.0,634.0
478014,2016,2930.0,2.0,9.0,0.2662,0.2662,0.2662,0.2662,,-,9.0,18.0,17972.0,692.0
478014,2017,2473.0,3.0,15.0,0.5096,0.5096,0.5096,0.5096,,-,17.0,21.0,18131.0,675.0
478014,2019,1720.0,9.0,18.0,1.2558,1.2558,1.2558,1.2558,,-,,,18303.0,1071.0
479770,2012,468.0,0.0,0.0,0.0,0.0,0.0,0.0,,x,19.0,21.0,,665.0
479770,2013,2184.0,0.0,0.0,0.0,0.0,0.0,0.0,,x,6.0,19.0,13689.0,577.0
480073,2013,3337.0,1.0,0.0,0.036,0.036,0.036,0.036,,-,5.0,43.0,21870.0,657.0
480073,2014,4548.0,2.0,1.0,0.066,0.066,0.066,0.066,,-,12.0,77.0,21539.0,526.0
480073,2015,7006.0,21.0,21.0,0.5395,0.5395,0.5395,0.5395,,-,13.0,121.0,21357.0,567.0
480073,2016,10531.0,42.0,13.0,0.5527,0.5527,0.5527,0.5527,,-,28.0,113.0,21730.0,427.0
480073,2017,10857.0,39.0,20.0,0.5416,0.5416,0.5416,0.5416,,-,10.0,82.0,22128.0,631.0
480073,2018,11305.0,47.0,16.0,0.5838,0.5838,0.5838,0.5838,,-,3.0,62.0,21204.0,452.0
480073,2019,10536.0,52.0,17.0,0.6891,0.6891,0.6891,0.6891,,-,13.0,63.0,20761.0,336.0
480073,2020,11171.0,70.0,19.0,0.854,0.854,0.854,0.854,,-,17.0,57.0,20450.0,412.0
480073,2021,10882.0,56.0,21.0,0.7333,0.7333,0.7333,0.7333,,-,17.0,55.0,19859.0,398.0
480073,2022,8944.0,55.0,27.0,0.9191,0.9191,0.9191,0.9191,,-,19.0,53.0,18665.0,541.0
480073,2023,8640.0,53.0,23.0,0.8958,0.8958,0.8958,0.8958,,-,17.0,46.0,17612.0,415.0
480073,2024,8240.0,46.0,22.0,0.8301,0.8301,0.8301,0.8301,,-,11.0,20.0,18238.0,493.0
480824,2020,9150.0,0.0,2.0,0.0131,0.0131,0.0131,0.0131,,-,167.0,4.0,,317.0
480824,2021,13200.0,0.0,13.0,0.0591,0.0591,0.0591,0.0591,,-,173.0,,,307.0
480824,2022,16745.0,0.0,29.0,0.1039,0.1039,0.1039,0.1039,,-,191.0,,,274.0
480824,2023,21651.0,0.0,24.0,0.0665,0.0665,0.0665,0.0665,,-,169.0,40.0,,210.0
480824,2024,24550.0,0.0,19.0,0.0464,0.0464,0.0464,0.0464,,-,159.0,72.0,,204.0
480833,2015,10234.0,0.0,13.0,0.0762,0.0762,0.0762,0.0762,,-,484.0,3.0,,329.0
480833,2017,14382.0,0.0,36.0,0.1502,0.1502,0.1502,0.1502,,-,490.0,,,445.0
480833,2018,17235.0,0.0,29.0,0.101,0.101,0.101,0.101,,-,500.0,,,353.0
480833,2019,19586.0,0.0,23.0,0.0705,0.0705,0.0705,0.0705,,-,76.0,,,280.0
480833,2020,19170.0,0.0,18.0,0.0563,0.0563,0.0563,0.0563,,-,180.0,41.0,,345.0
480833,2021,15583.0,0.0,25.0,0.0963,0.0963,0.0963,0.0963,,-,252.0,,,457.0
480833,2022,26813.0,0.0,38.0,0.085,0.085,0.085,0.085,,-,149.0,,,286.0
480833,2023,34354.0,0.0,54.0,0.0943,0.0943,0.0943,0.0943,,-,200.0,116.0,,239.0
480833,2024,36862.0,0.0,66.0,0.1074,0.1074,0.1074,0.1074,,-,226.0,129.0,,242.0
481401,2015,976.0,0.0,1.0,0.0615,0.0615,0.0615,0.0615,,n,41.0,18.0,6206.0,166.0
481401,2016,1598.0,2.0,1.0,0.1877,0.1877,0.1877,0.1877,,n,27.0,,6163.0,121.0
481401,2017,2154.0,4.0,3.0,0.3064,0.3064,0.3064,0.3064,,n,35.0,6.0,6731.0,111.0
481401,2018,2655.0,6.0,2.0,0.3164,0.7005,0.8257,1.2456,15.5,o,39.0,21.0,6580.0,80.0
481401,2019,3683.0,3.0,3.0,0.1466,0.1716,0.1773,0.1923,1.7209,o,19.0,13.0,6443.0,76.0
481401,2020,3077.0,8.0,6.0,0.429,0.4097,0.4058,0.3962,0.8529,o,14.0,9.0,7789.0,99.0
481401,2021,3049.0,26.0,3.0,1.0823,0.9014,0.868,0.7896,0.5323,o,32.0,5.0,7564.0,101.0
481401,2022,3768.0,22.0,2.0,0.7325,0.6381,0.6202,0.5775,0.6216,o,19.0,7.0,7109.0,84.0
481401,2023,3045.0,12.0,2.0,0.5123,0.4936,0.4898,0.4804,0.8793,o,12.0,3.0,6998.0,88.0
481401,2024,3467.0,21.0,5.0,0.8134,0.7988,0.7958,0.7883,0.9394,o,18.0,8.0,6760.0,80.0
481623,2013,2850.0,0.0,0.0,0.0,0.0,0.0,0.0,,-,52.0,4.0,,181.0
481623,2014,6408.0,0.0,20.0,0.1873,0.1873,0.1873,0.1873,,-,55.0,2.0,23762.0,482.0
481623,2015,6963.0,0.0,63.0,0.5428,0.5428,0.5428,0.5428,,-,35.0,3.0,23561.0,672.0
482307,2013,2639.0,0.0,0.0,0.0,0.0,0.0,0.0,,-,11.0,40.0,,550.0
482307,2014,2545.0,2.0,1.0,0.1179,0.1179,0.1179,0.1179,,-,13.0,31.0,16972.0,591.0
482307,2015,2871.0,0.0,9.0,0.1881,0.1881,0.1881,0.1881,,-,24.0,14.0,17628.0,617.0
482307,2016,2503.0,5.0,6.0,0.3835,0.3835,0.3835,0.3835,,-,3.0,10.0,17972.0,686.0
482307,2017,979.0,1.0,6.0,0.4905,0.4905,0.4905,0.4905,,-,,,18131.0,914.0
482316,2014,3900.0,1.0,0.0,0.0308,0.0308,0.0308,0.0308,,-,28.0,52.0,16972.0,570.0
482316,2015,4772.0,1.0,4.0,0.0754,0.0754,0.0754,0.0754,,-,28.0,26.0,17628.0,657.0
482316,2016,3351.0,2.0,8.0,0.2149,0.2149,0.2149,0.2149,,-,14.0,7.0,17972.0,722.0
482316,2017,2805.0,3.0,4.0,0.2139,0.2139,0.2139,0.2139,,-,13.0,15.0,18131.0,720.0
482325,2013,2739.0,0.0,1.0,0.0219,0.0219,0.0219,0.0219,,-,26.0,67.0,,487.0
482325,2014,4628.0,1.0,0.0,0.0259,0.0259,0.0259,0.0259,,-,11.0,54.0,16972.0,538.0
482325,2015,4949.0,2.0,9.0,0.1576,0.1576,0.1576,0.1576,,-,19.0,21.0,17628.0,587.0
482325,2016,3664.0,5.0,14.0,0.393,0.393,0.393,0.393,,-,3.0,12.0,17972.0,655.0
482325,2017,3289.0,10.0,24.0,0.8028,0.8028,0.8028,0.8028,,-,12.0,36.0,18131.0,574.0
482334,2014,4969.0,0.0,0.0,0.0,0.0,0.0,0.0,,-,34.0,66.0,16972.0,592.0
482334,2015,5765.0,0.0,2.0,0.0208,0.0208,0.0208,0.0208,,-,62.0,22.0,17628.0,686.0
482334,2016,4305.0,3.0,8.0,0.1951,0.1951,0.1951,0.1951,,-,17.0,17.0,17972.0,798.0
482334,2017,3396.0,3.0,7.0,0.2297,0.2297,0.2297,0.2297,,-,17.0,32.0,18131.0,660.0
482334,2019,30.0,0.0,0.0,0.0,0.0,0.0,0.0,,-,,,18303.0,1343.0
482635,2013,80760.0,547.0,113.0,0.8967,0.8967,0.8967,0.8967,,x,120.0,592.0,,805.0
482635,2014,65670.0,538.0,92.0,1.0672,1.0672,1.0672,1.0672,,x,65.0,503.0,21079.0,801.0
482635,2015,50220.0,399.0,72.0,1.0394,1.0394,1.0394,1.0394,,x,44.0,314.0,22047.0,806.0
482635,2016,31710.0,356.0,28.0,1.4002,1.4002,1.4002,1.4002,,x,31.0,256.0,25369.0,1041.0
482635,2017,21240.0,238.0,18.0,1.3955,1.3955,1.3955,1.3955,,x,6.0,148.0,25429.0,1123.0
482635,2018,14760.0,158.0,21.0,1.3699,1.3699,1.3699,1.3699,,x,8.0,120.0,21860.0,1217.0
482635,2019,12450.0,124.0,12.0,1.253,1.253,1.253,1.253,,x,10.0,67.0,21627.0,670.0
482635,2020,9662.0,76.0,12.0,1.0184,1.0184,1.0184,1.0184,,x,7.0,26.0,21589.0,586.0
482635,2021,7428.0,73.0,17.0,1.3166,1.3166,1.3166,1.3166,,x,9.0,33.0,20637.0,553.0
482635,2022,5600.0,42.0,27.0,1.1893,1.1893,1.1893,1.1893,,x,,2.0,19185.0,518.0
482954,2014,8280.0,0.0,2.0,0.0145,0.0145,0.0145,0.0145,,-,62.0,103.0,16423.0,435.0
482954,2015,11552.0,2.0,80.0,0.4363,0.4363,0.4363,0.4363,,-,54.0,64.0,16296.0,416.0
482954,2016,11308.0,4.0,73.0,0.4298,0.4298,0.4298,0.4298,,-,,,16428.0,446.0
482954,2017,6043.0,6.0,118.0,1.2908,1.2908,1.2908,1.2908,,-,11.0,19.0,,1188.0
483036,2013,35436.0,486.0,0.0,1.6458,1.6458,1.6458,1.6458,,n,,463.0,,267.0
483036,2014,38288.0,509.0,0.0,1.5953,1.5953,1.5953,1.5953,,n,,520.0,,302.0
483036,2015,39748.0,509.0,0.0,1.5367,1.5367,1.5367,1.5367,,n,,592.0,,257.0
483036,2016,42563.0,594.0,0.0,1.6747,1.6747,1.6747,1.6747,,n,,498.0,,255.0
483036,2017,44106.0,576.0,0.0,1.5671,1.5671,1.5671,1.5671,,n,,450.0,,278.0
483036,2018,39815.0,635.0,0.0,1.9139,1.9139,1.9139,1.9139,,n,,432.0,,244.0
483036,2019,41806.0,595.0,0.0,1.7079,1.7079,1.7079,1.7079,,n,24.0,498.0,,279.0
483036,2020,41976.0,564.0,0.0,1.6123,1.6123,1.6123,1.6123,,n,37.0,437.0,8448.0,293.0
483036,2021,40149.0,613.0,0.0,1.8322,1.8322,1.8322,1.8322,,n,33.0,430.0,7567.0,293.0
483036,2022,37861.0,574.0,0.0,1.8193,1.8193,1.8193,1.8193,,n,33.0,403.0,7270.0,272.0
483036,2023,36980.0,551.0,0.0,1.788,1.788,1.788,1.788,,n,24.0,418.0,6860.0,260.0
483036,2024,39296.0,548.0,0.0,1.6735,1.6464,1.6342,1.6177,0.9344,o,47.0,398.0,6627.0,240.0
483319,2014,1050.0,0.0,0.0,0.0,0.0,0.0,0.0,,-,74.0,,,
483319,2015,7650.0,0.0,0.0,0.0,0.0,0.0,0.0,,-,61.0,5.0,18188.0,285.0
483319,2016,11010.0,0.0,4.0,0.0218,0.0218,0.0218,0.0218,,-,78.0,6.0,18062.0,482.0
483319,2017,15420.0,0.0,11.0,0.0428,0.0428,0.0428,0.0428,,-,59.0,22.0,18653.0,450.0
483319,2018,15720.0,0.0,13.0,0.0496,0.0496,0.0496,0.0496,,-,,,,
484756,2014,128443.0,1160.0,0.0,1.0837,1.0837,1.0837,1.0837,,x,59.0,248.0,,418.0
484756,2015,97497.0,974.0,0.0,1.1988,1.1988,1.1988,1.1988,,x,28.0,173.0,13656.0,366.0
484756,2016,69913.0,830.0,0.0,1.4246,1.4246,1.4246,1.4246,,x,25.0,167.0,12749.0,357.0
484756,2017,44774.0,659.0,0.0,1.7662,1.7662,1.7662,1.7662,,x,6.0,76.0,12428.0,361.0
484756,2018,24372.0,436.0,0.0,2.1467,2.1467,2.1467,2.1467,,x,2.0,50.0,12388.0,347.0
484756,2019,13883.0,284.0,0.0,2.4548,2.4548,2.4548,2.4548,,x,2.0,14.0,11655.0,
484756,2020,7953.0,137.0,0.0,2.0671,2.0671,2.0671,2.0671,,x,4.0,14.0,11481.0,
484756,2021,4016.0,72.0,0.0,2.1514,2.1514,2.1514,2.1514,,x,,3.0,11149.0,
484756,2022,2284.0,40.0,0.0,2.1016,2.1016,2.1016,2.1016,,x,,,,
484756,2023,1001.0,19.0,0.0,2.2777,2.2777,2.2777,2.2777,,x,,1.0,,
484905,2014,35987.0,404.0,0.0,1.3472,1.3472,1.3472,1.3472,,n,131.0,445.0,,303.0
484905,2015,42818.0,387.0,0.0,1.0846,1.0846,1.0846,1.0846,,n,228.0,435.0,9987.0,346.0
484905,2016,46247.0,496.0,0.0,1.287,1.287,1.287,1.287,,n,280.0,554.0,9918.0,305.0
484905,2017,55811.0,407.0,0.0,0.8751,0.8751,0.8751,0.8751,,n,316.0,567.0,10005.0,294.0
484905,2018,67143.0,575.0,0.0,1.0277,1.0277,1.0277,1.0277,,n,365.0,584.0,9781.0,291.0
484905,2019,71805.0,561.0,0.0,0.9375,1.0933,1.173,1.2913,1.8969,o,1085.0,860.0,11151.0,335.0
484905,2020,79928.0,669.0,0.0,1.0044,1.2919,1.4499,1.6969,2.8543,o,327.0,552.0,10986.0,327.0
484905,2021,84299.0,792.0,0.0,1.1274,1.3867,1.5247,1.7353,2.3691,o,366.0,666.0,9505.0,329.0
484905,2022,80749.0,862.0,0.0,1.281,1.2864,1.2889,1.2922,1.0176,o,346.0,505.0,10442.0,297.0
484905,2023,72415.0,758.0,0.0,1.2561,1.059,0.9793,0.8802,0.491,o,469.0,468.0,9853.0,317.0
484905,2024,68884.0,721.0,0.0,1.256,1.1008,1.0362,0.9542,0.5772,o,468.0,411.0,9590.0,323.0
485281,2014,4712.0,0.0,0.0,0.0,0.0,0.0,0.0,,-,7.0,62.0,,619.0
485281,2015,5490.0,1.0,5.0,0.0765,0.0765,0.0765,0.0765,,-,36.0,19.0,17628.0,676.0
485281,2016,3791.0,8.0,16.0,0.5064,0.5064,0.5064,0.5064,,-,5.0,8.0,17972.0,821.0
485281,2017,1840.0,3.0,9.0,0.4891,0.4891,0.4891,0.4891,,-,12.0,16.0,18131.0,714.0
485953,2021,1232.0,0.0,0.0,0.0,0.0,0.0,0.0,,-,57.0,,,398.0
485953,2022,1669.0,0.0,1.0,0.0359,0.0359,0.0359,0.0359,,-,77.0,5.0,,469.0
485953,2023,2790.0,0.0,7.0,0.1505,0.1505,0.1505,0.1505,,-,79.0,2.0,,296.0
485953,2024,2890.0,0.0,8.0,0.1661,0.1661,0.1661,0.1661,,-,74.0,1.0,,312.0
486798,2016,24016.0,0.0,0.0,0.0,0.0,0.0,0.0,,-,373.0,,,772.0
486798,2017,30609.0,0.0,0.0,0.0,0.0,0.0,0.0,,-,541.0,,,737.0
486798,2018,42993.0,0.0,0.0,0.0,0.0,0.0,0.0,,-,577.0,,,608.0
486798,2019,44540.0,0.0,0.0,0.0,0.0,0.0,0.0,,-,627.0,,,719.0
486798,2020,42210.0,0.0,0.0,0.0,0.0,0.0,0.0,,-,657.0,,,746.0
486798,2021,43642.0,0.0,0.0,0.0,0.0,0.0,0.0,,-,513.0,,,712.0
486798,2022,37930.0,0.0,0.0,0.0,0.0,0.0,0.0,,-,753.0,,,731.0
486798,2023,55995.0,0.0,0.0,0.0,0.0,0.0,0.0,,-,496.0,,,666.0
486798,2024,59143.0,0.0,0.0,0.0,0.0,0.0,0.0,,-,772.0,,,706.0
486813,2019,24853.0,0.0,38.0,0.0917,0.0917,0.0917,0.0917,,-,75.0,52.0,,276.0
486813,2020,26688.0,0.0,89.0,0.2001,0.2001,0.2001,0.2001,,-,64.0,26.0,,273.0
486813,2021,18441.0,0.0,87.0,0.2831,0.2831,0.2831,0.2831,,-,160.0,44.0,,318.0
486813,2022,21251.0,0.0,49.0,0.1383,0.1383,0.1383,0.1383,,-,59.0,90.0,,296.0
486813,2023,24071.0,0.0,96.0,0.2393,0.2393,0.2393,0.2393,,-,60.0,116.0,,288.0
486813,2024,26027.0,0.0,66.0,0.1521,0.1521,0.1521,0.1521,,-,64.0,100.0,,315.0
487320,2016,208806.0,0.0,1779.0,0.5112,0.5112,0.5112,0.5112,,n,2632.0,1294.0,5686.0,120.0
487320,2017,289856.0,0.0,1842.0,0.3813,0.3813,0.3813,0.3813,,n,2088.0,1010.0,5947.0,120.0
487320,2018,281417.0,0.0,1989.0,0.4241,0.4235,0.422,0.4214,0.981,o,2074.0,1010.0,6385.0,132.0
487320,2019,309341.0,0.0,2085.0,0.4044,0.4008,0.3916,0.3875,0.8788,o,2420.0,587.0,6797.0,113.0
487320,2020,255725.0,0.0,2032.0,0.4768,0.4818,0.4951,0.5011,1.1629,o,2169.0,784.0,7064.0,134.0
487320,2021,225540.0,0.0,1697.0,0.4514,0.4503,0.4475,0.4462,0.9653,o,2344.0,899.0,7201.0,143.0
487320,2022,241283.0,0.0,1443.0,0.3588,0.3594,0.3608,0.3614,1.0216,o,2297.0,807.0,7624.0,138.0
487320,2023,247776.0,0.0,1479.0,0.3581,0.3586,0.3597,0.3603,1.0179,o,2654.0,863.0,7214.0,123.0
487320,2024,279071.0,0.0,1394.0,0.2997,0.3025,0.3099,0.3133,1.1437,o,2557.0,1220.0,7192.0,138.0
487490,2015,13104.0,0.0,0.0,0.0,0.0,0.0,0.0,,-,102.0,57.0,,231.0
487490,2016,18072.0,0.0,1.0,0.0033,0.0033,0.0033,0.0033,,-,197.0,,,377.0
487490,2017,22224.0,0.0,6.0,0.0162,0.0162,0.0162,0.0162,,-,104.0,20.0,,376.0
487490,2018,20520.0,0.0,6.0,0.0175,0.0175,0.0175,0.0175,,-,89.0,21.0,,393.0
487490,2019,18528.0,0.0,3.0,0.0097,0.0097,0.0097,0.0097,,-,173.0,22.0,,377.0
487490,2021,48504.0,0.0,6.0,0.0074,0.0074,0.0074,0.0074,,-,307.0,50.0,,359.0
487490,2022,45480.0,0.0,2.0,0.0026,0.0026,0.0026,0.0026,,-,250.0,70.0,,396.0
488730,2016,57389.0,0.0,118.0,0.1234,0.1234,0.1234,0.1234,,n,790.0,209.0,,180.0
488730,2017,57679.0,0.0,132.0,0.1373,0.1373,0.1373,0.1373,,n,1011.0,248.0,2789.0,195.0
488730,2018,62902.0,0.0,244.0,0.2327,0.2327,0.2327,0.2327,,n,1202.0,289.0,3440.0,143.0
488730,2019,95497.0,0.0,382.0,0.24,0.2449,0.258,0.264,1.3348,o,1355.0,463.0,3441.0,94.0
488730,2020,109980.0,0.0,601.0,0.3279,0.3326,0.3449,0.3505,1.2246,o,1182.0,277.0,3642.0,78.0
488730,2021,94539.0,0.0,880.0,0.5585,0.5554,0.5476,0.5442,0.9245,o,1301.0,411.0,3632.0,74.0
488730,2022,92044.0,0.0,942.0,0.6141,0.6151,0.618,0.6192,1.0256,o,1562.0,387.0,3414.0,65.0
488730,2023,106455.0,0.0,887.0,0.4999,0.508,0.5295,0.5393,1.2582,o,1692.0,445.0,3377.0,53.0
488730,2024,122170.0,0.0,1021.0,0.5014,0.5073,0.5228,0.5299,1.182,o,1916.0,478.0,3412.0,52.0
489283,2017,14520.0,0.0,0.0,0.0,0.0,0.0,0.0,,-,382.0,,,194.0
489283,2018,18450.0,0.0,10.0,0.0325,0.0325,0.0325,0.0325,,-,427.0,,,259.0
489283,2019,22110.0,0.0,28.0,0.076,0.076,0.076,0.076,,-,81.0,,,225.0
489283,2020,15090.0,0.0,28.0,0.1113,0.1113,0.1113,0.1113,,-,166.0,18.0,,346.0
489283,2021,13991.0,0.0,15.0,0.0643,0.0643,0.0643,0.0643,,-,200.0,,,398.0
489283,2022,21493.0,0.0,22.0,0.0614,0.0614,0.0614,0.0614,,-,196.0,,,293.0
489283,2023,26460.0,0.0,58.0,0.1315,0.1315,0.1315,0.1315,,-,177.0,63.0,,254.0
489283,2024,28518.0,0.0,99.0,0.2083,0.2083,0.2083,0.2083,,-,163.0,91.0,,221.0
492573,2019,129.0,1.0,0.0,0.9326,0.9326,0.9326,0.9326,,-,,,18303.0,391.0
492607,2023,56.0,0.0,0.0,0.0,0.0,0.0,0.0,,n,1.0,2.0,13689.0,
492607,2024,32.0,0.0,0.0,0.0,0.0,0.0,0.0,,n,,,20844.0,
492689,2018,8010.0,121.0,0.0,1.8127,1.8127,1.8127,1.8127,,n,,84.0,,512.0
492689,2019,13830.0,148.0,0.0,1.2842,1.2842,1.2842,1.2842,,n,,91.0,,440.0
492689,2020,14880.0,176.0,0.0,1.4194,1.4194,1.4194,1.4194,,n,,91.0,,440.0
492689,2021,13710.0,165.0,0.0,1.4442,1.4442,1.4442,1.4442,,n,,86.0,,485.0
492689,2022,10641.0,169.0,0.0,1.9058,1.9058,1.9058,1.9058,,n,,76.0,,557.0
492689,2023,9836.0,173.0,0.0,2.1106,2.1106,2.1106,2.1106,,n,,73.0,,618.0
492689,2024,10134.0,147.0,0.0,1.7407,1.7407,1.7407,1.7407,,n,,68.0,,630.0
492722,2020,10335.0,0.0,30.0,0.1742,0.1742,0.1742,0.1742,,-,112.0,8.0,,244.0
492722,2021,11666.0,0.0,37.0,0.1903,0.1903,0.1903,0.1903,,-,121.0,,,300.0
492722,2022,13353.0,0.0,44.0,0.1977,0.1977,0.1977,0.1977,,-,90.0,,,277.0
492722,2023,13354.0,0.0,33.0,0.1483,0.1483,0.1483,0.1483,,-,131.0,17.0,,235.0
492722,2024,15283.0,0.0,35.0,0.1374,0.1374,0.1374,0.1374,,-,113.0,28.0,,183.0
494162,2020,2618.0,0.0,0.0,0.0,0.0,0.0,0.0,,-,6.0,31.0,23993.0,
494162,2021,5462.0,3.0,0.0,0.0659,0.0659,0.0659,0.0659,,-,6.0,48.0,23543.0,765.0
494162,2022,6242.0,34.0,0.0,0.6536,0.6536,0.6536,0.6536,,-,25.0,80.0,24076.0,801.0
494162,2023,9677.0,32.0,0.0,0.3968,0.3968,0.3968,0.3968,,-,25.0,54.0,23628.0,660.0
494162,2024,13775.0,44.0,0.0,0.3833,0.3833,0.3833,0.3833,,-,31.0,112.0,23760.0,687.0
494588,2021,7050.0,0.0,0.0,0.0,0.0,0.0,0.0,,-,96.0,37.0,,202.0
494588,2022,10749.0,0.0,10.0,0.0558,0.0558,0.0558,0.0558,,-,98.0,27.0,,293.0
494588,2023,11261.0,0.0,29.0,0.1545,0.1545,0.1545,0.1545,,-,59.0,31.0,,331.0
494588,2024,13878.0,0.0,29.0,0.1254,0.1254,0.1254,0.1254,,-,95.0,58.0,,279.0
494603,2019,12187.0,73.0,0.0,0.7188,0.7188,0.7188,0.7188,,n,43.0,16.0,,
494603,2021,9785.0,81.0,0.0,0.9934,0.9934,0.9934,0.9934,,n,71.0,,10482.0,176.0
494603,2022,5477.0,40.0,0.0,0.8764,0.8764,0.8764,0.8764,,n,103.0,,7224.0,178.0
494603,2023,7471.0,37.0,0.0,0.5943,0.5943,0.5943,0.5943,,n,129.0,,10258.0,191.0
494603,2024,8412.0,29.0,1.0,0.4208,0.5399,0.5685,0.6467,2.3612,i,100.0,,10446.0,255.0
494630,2019,1132.0,8.0,6.0,1.1661,1.1661,1.1661,1.1661,,n,16.0,3.0,,291.0
494630,2020,1077.0,9.0,4.0,1.2256,1.2256,1.2256,1.2256,,n,9.0,2.0,8973.0,334.0
494630,2021,1033.0,5.0,2.0,0.697,0.697,0.697,0.697,,n,8.0,3.0,8713.0,301.0
494630,2022,1119.0,3.0,0.0,0.3217,0.3217,0.3217,0.3217,,n,7.0,6.0,8570.0,299.0
494630,2023,1235.0,9.0,2.0,0.9717,0.9717,0.9717,0.9717,,n,8.0,8.0,8518.0,335.0
494630,2024,1212.0,10.0,3.0,1.1386,0.9818,0.9522,0.882,0.6,o,3.0,1.0,8229.0,286.0
497000,2024,3415.0,7.0,7.0,0.369,0.369,0.369,0.369,,n,55.0,6.0,15764.0,372.0
497037,2022,15990.0,49.0,0.0,0.3677,0.3677,0.3677,0.3677,,n,116.0,252.0,15929.0,
497037,2023,26055.0,122.0,0.0,0.5619,0.5619,0.5619,0.5619,,n,131.0,248.0,15030.0,
497037,2024,31110.0,118.0,0.0,0.4552,0.4552,0.4552,0.4552,,n,146.0,297.0,14520.0,
497116,2022,6210.0,0.0,0.0,0.0,0.0,0.0,0.0,,-,131.0,371.0,17300.0,
497116,2023,20250.0,0.0,65.0,0.1926,0.1926,0.1926,0.1926,,-,182.0,452.0,16355.0,
497116,2024,37380.0,21.0,142.0,0.2953,0.2953,0.2953,0.2953,,-,252.0,350.0,16400.0,
497286,2023,24132.0,0.0,41.0,0.1019,0.1019,0.1019,0.1019,,-,279.0,111.0,,691.0
497286,2024,42353.0,0.0,249.0,0.3527,0.3527,0.3527,0.3527,,-,372.0,75.0,,626.0
497462,2022,4466.0,7.0,23.0,0.4971,0.4971,0.4971,0.4971,,n,14.0,,,109.0
498474,2024,22140.0,0.0,0.0,0.0,0.0,0.0,0.0,,-,433.0,498.0,16400.0,
499176,2023,8568.0,0.0,70.0,0.4902,0.4902,0.4902,0.4902,,-,107.0,,,272.0
499176,2024,10371.0,0.0,109.0,0.6306,0.6306,0.6306,0.6306,,-,33.0,50.0,24000.0,356.0
499273,2024,18480.0,0.0,0.0,0.0,0.0,0.0,0.0,,-,291.0,310.0,16400.0,
499422,2023,930.0,0.0,0.0,0.0,0.0,0.0,0.0,,-,,20.0,,410.0
499422,2024,3150.0,0.0,0.0,0.0,0.0,0.0,0.0,,-,,26.0,,690.0
