stabbr,sec,year,ER_measured,ER_low,ER_central,ER_high,credits
AK,cc,1998,0.09435,0.10021,0.11699,0.12532,8903.0
AK,cc,2001,0.12454,0.12566,0.12861,0.12994,9154.0
AK,cc,2002,0.12445,0.12428,0.12384,0.12364,9160.0
AK,cc,2003,0.11469,0.11341,0.11018,0.10878,10463.0
AK,cc,2004,0.13825,0.13696,0.13371,0.13229,11284.0
AK,cc,2005,0.16467,0.16568,0.16829,0.16947,10202.0
AK,cc,2006,0.08822,0.09151,0.10057,0.10487,9522.0
AK,cc,2007,0.08973,0.08813,0.08417,0.08246,10699.0
AK,cc,2008,0.09123,0.08934,0.08467,0.08267,8550.0
AK,cc,2009,0.15162,0.15311,0.15698,0.15873,8310.0
AK,cc,2010,0.11878,0.12137,0.12828,0.13147,8587.0
AK,cc,2011,0.10778,0.10714,0.1055,0.10478,8907.0
AK,cc,2012,0.10602,0.105,0.10242,0.10129,8489.0
AK,cc,2013,0.0838,0.07907,0.06811,0.06374,7876.0
AK,pub,1998,0.28796,0.28824,0.28838,0.28856,451110.0
AK,pub,1999,0.26814,0.29696,0.31119,0.33169,447750.0
AK,pub,2000,0.44373,0.46761,0.47916,0.49554,437159.0
AK,pub,2001,0.44849,0.46101,0.46692,0.47517,435732.0
AK,pub,2002,0.44547,0.45002,0.45213,0.45503,457001.0
AK,pub,2003,0.41625,0.42639,0.43118,0.43786,478276.0
AK,pub,2004,0.4116,0.42854,0.43654,0.44769,505247.0
AK,pub,2005,0.40045,0.41173,0.41702,0.42437,507933.0
AK,pub,2006,0.44967,0.46008,0.46495,0.47167,509171.0
AK,pub,2007,0.45368,0.46613,0.47204,0.4803,501369.0
AK,pub,2008,0.44644,0.45826,0.46394,0.47196,510173.0
AK,pub,2009,0.45845,0.46917,0.47425,0.48135,518924.0
AK,pub,2010,0.44083,0.45576,0.46283,0.47271,540754.0
AK,pub,2011,0.4603,0.48614,0.49856,0.51611,559719.0
AK,pub,2012,0.45155,0.47899,0.49219,0.51087,575221.0
AK,pub,2013,0.50904,0.52018,0.5254,0.53261,561173.0
AK,pub,2014,0.55251,0.5411,0.53595,0.52903,553507.0
AK,pub,2015,0.54856,0.52955,0.52107,0.50974,539995.0
AK,pub,2016,0.59241,0.57398,0.56574,0.55469,520785.0
AK,pub,2017,0.62747,0.61095,0.60356,0.59368,493024.0
AK,pub,2018,0.62053,0.60757,0.60176,0.59398,476108.0
AK,pub,2019,0.64998,0.63503,0.62833,0.61938,450014.0
AK,pub,2020,0.74492,0.71267,0.69851,0.6798,400309.0
AK,pub,2021,0.76449,0.70686,0.68214,0.65002,355766.0
AK,pub,2022,0.71874,0.65464,0.62759,0.5929,324317.0
AK,pub,2023,0.65596,0.61796,0.60153,0.58006,321240.0
AK,pub,2024,0.60957,0.61212,0.61337,0.61514,333088.0
AL,cc,1998,0.23673,0.23702,0.23829,0.23911,1914827.0
AL,cc,1999,0.21248,0.21168,0.20987,0.20916,1856917.0
AL,cc,2000,0.23108,0.23114,0.23142,0.23161,1615021.0
AL,cc,2001,0.21149,0.21161,0.21256,0.2133,1708722.0
AL,cc,2002,0.19894,0.20024,0.20396,0.20581,1802613.0
AL,cc,2003,0.21597,0.21628,0.21738,0.218,1915282.0
AL,cc,2004,0.21854,0.2185,0.21853,0.2186,1949618.0
AL,cc,2005,0.23637,0.23594,0.23511,0.23488,1839091.0
AL,cc,2006,0.23401,0.23331,0.23163,0.23093,1880443.0
AL,cc,2007,0.22336,0.22256,0.22059,0.21975,1868310.0
AL,cc,2008,0.24082,0.24227,0.24616,0.24797,1913212.0
AL,cc,2009,0.2192,0.22069,0.22465,0.22647,2052352.0
AL,cc,2010,0.20254,0.20516,0.21208,0.21525,2397109.0
AL,cc,2011,0.21539,0.21632,0.21876,0.21988,2407871.0
AL,cc,2012,0.26646,0.26542,0.26288,0.26181,2188725.0
AL,cc,2013,0.27388,0.27267,0.26986,0.26876,2025542.0
AL,cc,2014,0.27957,0.27871,0.27664,0.27578,1976176.0
AL,cc,2015,0.30023,0.2998,0.29878,0.29837,1906739.0
AL,cc,2016,0.30794,0.30646,0.30274,0.30114,1855703.0
AL,cc,2017,0.32545,0.3248,0.32321,0.32253,1809110.0
AL,cc,2018,0.33301,0.33325,0.33396,0.3343,1741399.0
AL,cc,2019,0.35187,0.35202,0.35252,0.3528,1774580.0
AL,cc,2020,0.36658,0.36607,0.36479,0.36423,1723661.0
AL,cc,2021,0.41951,0.41258,0.3956,0.38842,1522354.0
AL,cc,2022,0.40704,0.40591,0.40308,0.40185,1553643.0
AL,cc,2023,0.39406,0.39642,0.40266,0.40551,1607579.0
AL,cc,2024,0.36833,0.36969,0.37325,0.37488,1682220.0
AL,pub,1998,0.62392,0.62316,0.62308,0.62324,4400435.0
AL,pub,1999,0.7023,0.70471,0.70628,0.70892,2965557.0
AL,pub,2000,0.73871,0.74708,0.75108,0.7567,2685316.0
AL,pub,2001,0.71595,0.73608,0.7457,0.7592,2261059.0
AL,pub,2002,0.71086,0.72853,0.73714,0.74943,2861581.0
AL,pub,2003,0.69307,0.70929,0.71736,0.72903,2964570.0
AL,pub,2004,0.69789,0.71459,0.72274,0.7344,3073449.0
AL,pub,2005,0.69812,0.71005,0.71581,0.72394,3096879.0
AL,pub,2006,0.70916,0.72632,0.7347,0.7467,3147821.0
AL,pub,2007,0.56973,0.58487,0.59236,0.60316,5744930.0
AL,pub,2008,0.68992,0.72204,0.73794,0.76089,3332843.0
AL,pub,2009,0.71179,0.72952,0.73814,0.75042,4888975.0
AL,pub,2010,0.74135,0.75878,0.76721,0.77918,3387055.0
AL,pub,2011,0.73493,0.7471,0.75296,0.76125,3571456.0
AL,pub,2012,0.74025,0.74846,0.75243,0.75805,3535739.0
AL,pub,2013,0.78744,0.79136,0.79355,0.79692,3507868.0
AL,pub,2014,0.78734,0.78865,0.78976,0.79178,3480322.0
AL,pub,2015,0.78779,0.79219,0.79454,0.79809,3505549.0
AL,pub,2016,0.8065,0.81852,0.82443,0.8329,3578810.0
AL,pub,2017,0.80068,0.82051,0.83017,0.84398,3692058.0
AL,pub,2018,0.80236,0.82462,0.83539,0.8507,3810389.0
AL,pub,2019,0.81823,0.8306,0.83664,0.84528,3828363.0
AL,pub,2020,0.86927,0.86902,0.86919,0.8697,3810906.0
AL,pub,2021,0.91178,0.90202,0.89781,0.89232,3699250.0
AL,pub,2022,0.89168,0.88945,0.88869,0.88793,3612130.0
AL,pub,2023,0.87909,0.88888,0.89378,0.90088,3627010.0
AL,pub,2024,0.8497,0.86779,0.87657,0.88903,3711994.0
AR,cc,1998,0.17403,0.17487,0.17729,0.17851,684030.0
AR,cc,1999,0.16836,0.16943,0.17263,0.17425,753047.0
AR,cc,2000,0.23468,0.23646,0.24143,0.24383,499832.0
AR,cc,2001,0.22515,0.22669,0.23096,0.23299,662772.0
AR,cc,2002,0.21765,0.21863,0.22163,0.22317,784284.0
AR,cc,2003,0.22379,0.22538,0.22974,0.23181,805650.0
AR,cc,2004,0.22226,0.2239,0.22849,0.2307,935408.0
AR,cc,2005,0.23047,0.23088,0.23205,0.23263,976249.0
AR,cc,2006,0.24506,0.24417,0.24211,0.24128,955364.0
AR,cc,2007,0.24352,0.24114,0.2354,0.23301,1010203.0
AR,cc,2008,0.2322,0.23362,0.23745,0.23923,1063579.0
AR,cc,2009,0.24284,0.24467,0.24979,0.25227,1166446.0
AR,cc,2010,0.24658,0.25008,0.25944,0.26375,1309860.0
AR,cc,2011,0.27866,0.27948,0.28168,0.2827,1312547.0
AR,cc,2012,0.29446,0.29314,0.2899,0.28852,1266582.0
AR,cc,2013,0.30498,0.30438,0.30301,0.30248,1260690.0
AR,cc,2014,0.33409,0.33311,0.33071,0.32971,1164101.0
AR,cc,2015,0.37319,0.36935,0.35982,0.35574,1072541.0
AR,cc,2016,0.39494,0.39194,0.38443,0.38117,972763.0
AR,cc,2017,0.3694,0.36821,0.36534,0.36415,970328.0
AR,cc,2018,0.373,0.37294,0.37296,0.37304,944076.0
AR,cc,2019,0.41073,0.40937,0.40615,0.40484,924694.0
AR,cc,2020,0.42147,0.42274,0.42626,0.42794,919217.0
AR,cc,2021,0.45587,0.452,0.44244,0.43837,835502.0
AR,cc,2022,0.4835,0.4794,0.46924,0.4649,801284.0
AR,cc,2023,0.46366,0.46328,0.46241,0.46209,798552.0
AR,cc,2024,0.47257,0.47329,0.47529,0.47625,836837.0
AR,pub,1998,0.61418,0.60991,0.60814,0.60589,1539024.0
AR,pub,1999,0.61683,0.62489,0.62868,0.63395,1549627.0
AR,pub,2000,0.60617,0.61957,0.62589,0.63469,1588271.0
AR,pub,2001,0.63024,0.63993,0.64461,0.65124,1376434.0
AR,pub,2002,0.62418,0.62343,0.6233,0.62332,1564152.0
AR,pub,2003,0.6422,0.63796,0.63616,0.63383,1685835.0
AR,pub,2004,0.627,0.62987,0.63141,0.63374,1751015.0
AR,pub,2005,0.67016,0.68229,0.68829,0.69692,1620154.0
AR,pub,2006,0.63251,0.64732,0.65446,0.66458,1738604.0
AR,pub,2007,0.64667,0.6587,0.6644,0.67236,1757858.0
AR,pub,2008,0.63372,0.64227,0.64646,0.65244,1878917.0
AR,pub,2009,0.65178,0.66103,0.6657,0.67253,1925329.0
AR,pub,2010,0.64534,0.65135,0.65439,0.65883,2010647.0
AR,pub,2011,0.72104,0.73012,0.73452,0.74075,2089243.0
AR,pub,2012,0.68792,0.70643,0.71544,0.72828,2148465.0
AR,pub,2013,0.69646,0.7201,0.73184,0.74884,2161072.0
AR,pub,2014,0.7642,0.77848,0.78552,0.79564,2156444.0
AR,pub,2015,0.783,0.78241,0.78235,0.78247,2149199.0
AR,pub,2016,0.80071,0.80177,0.80239,0.80338,2143397.0
AR,pub,2017,0.81574,0.82264,0.82608,0.83105,2138110.0
AR,pub,2018,0.84892,0.85294,0.85501,0.85808,2126922.0
AR,pub,2019,0.8956,0.88984,0.88733,0.88404,2121370.0
AR,pub,2020,0.92694,0.91324,0.90722,0.89926,2070550.0
AR,pub,2021,0.9729,0.94964,0.93934,0.92565,1974661.0
AR,pub,2022,0.96945,0.94818,0.93901,0.92705,1896463.0
AR,pub,2023,0.93091,0.92812,0.92801,0.92904,2028917.0
AR,pub,2024,0.91823,0.93315,0.94119,0.95337,2050342.0
AZ,cc,1998,0.15187,0.15007,0.1461,0.1446,2289049.0
AZ,cc,1999,0.14722,0.14758,0.14976,0.15137,2499972.0
AZ,cc,2000,0.15227,0.14839,0.13967,0.13632,2571150.0
AZ,cc,2001,0.15805,0.15474,0.14792,0.14566,2718865.0
AZ,cc,2002,0.15733,0.15564,0.15182,0.15036,2638343.0
AZ,cc,2003,0.14794,0.14811,0.14893,0.14946,3166325.0
AZ,cc,2004,0.16861,0.16973,0.17271,0.17408,3357386.0
AZ,cc,2005,0.17839,0.17942,0.18234,0.18376,3457950.0
AZ,cc,2006,0.1892,0.18927,0.18968,0.18998,3422473.0
AZ,cc,2007,0.19939,0.19965,0.20077,0.2015,3530077.0
AZ,cc,2008,0.20678,0.20745,0.20943,0.21044,3530773.0
AZ,cc,2009,0.20735,0.2151,0.23767,0.24907,3636972.0
AZ,cc,2010,0.20004,0.20606,0.22272,0.2307,3976379.0
AZ,cc,2011,0.20763,0.21062,0.21864,0.22236,4254954.0
AZ,cc,2012,0.24193,0.24258,0.24438,0.24524,4136908.0
AZ,cc,2013,0.26418,0.26166,0.25539,0.2527,3917489.0
AZ,cc,2014,0.28549,0.28317,0.2775,0.27511,3772704.0
AZ,cc,2015,0.30587,0.30443,0.30088,0.29936,3619366.0
AZ,cc,2016,0.32801,0.32511,0.31792,0.31485,3450464.0
AZ,cc,2017,0.32862,0.32691,0.3226,0.32074,3413592.0
AZ,cc,2018,0.34198,0.33898,0.33152,0.32833,3373148.0
AZ,cc,2019,0.35792,0.35681,0.35423,0.35321,3209878.0
AZ,cc,2020,0.34648,0.34543,0.34282,0.34171,3221861.0
AZ,cc,2021,0.3585,0.35063,0.33159,0.32364,2769546.0
AZ,cc,2022,0.37842,0.37738,0.37493,0.37393,2656898.0
AZ,cc,2023,0.34333,0.34958,0.36661,0.37463,2742865.0
AZ,cc,2024,0.34284,0.34537,0.35261,0.35617,2908152.0
AZ,pub,1998,0.85389,0.87114,0.87929,0.89067,2166257.0
AZ,pub,1999,0.85851,0.918,0.9536,1.01408,2163061.0
AZ,pub,2000,0.91954,1.01977,1.08684,1.21272,2077102.0
AZ,pub,2001,0.92022,1.0631,1.15884,1.33808,1391667.0
AZ,pub,2002,0.80453,0.91897,0.99968,1.15866,2428538.0
AZ,pub,2003,0.82105,0.92617,1.00203,1.1533,2450500.0
AZ,pub,2004,0.84348,0.93262,0.99447,1.11303,2484499.0
AZ,pub,2005,0.92981,0.96861,0.98862,1.01854,2375141.0
AZ,pub,2006,0.90489,0.93113,0.94379,0.96172,2442471.0
AZ,pub,2007,0.84323,0.87073,0.88394,0.90263,2577580.0
AZ,pub,2008,0.89421,0.91684,0.92744,0.94214,2591886.0
AZ,pub,2009,0.89393,0.9337,0.9526,0.9791,2735773.0
AZ,pub,2010,0.8783,0.9232,0.94463,0.97476,2882231.0
AZ,pub,2011,0.87883,0.9176,0.93599,0.96171,3039496.0
AZ,pub,2012,0.91262,0.93278,0.94219,0.95519,3135758.0
AZ,pub,2013,0.91409,0.91984,0.92253,0.92627,3174186.0
AZ,pub,2014,0.91642,0.91196,0.91011,0.90777,3377850.0
AZ,pub,2015,0.89044,0.88178,0.87829,0.87402,3493859.0
AZ,pub,2016,0.85435,0.85696,0.85851,0.86096,3761106.0
AZ,pub,2017,0.8747,0.88865,0.89523,0.9044,3919581.0
AZ,pub,2018,0.91305,0.94338,0.95784,0.97817,4022593.0
AZ,pub,2019,0.92981,0.95649,0.96948,0.98799,4166848.0
AZ,pub,2020,0.90549,0.93284,0.94595,0.96445,4514580.0
AZ,pub,2021,0.93134,0.97384,0.99455,1.02411,4624481.0
AZ,pub,2022,0.93096,0.98143,1.00652,1.04286,4709865.0
AZ,pub,2023,0.90151,0.95476,0.98084,1.01822,4883134.0
AZ,pub,2024,0.86144,0.90304,0.92286,0.95068,5093075.0
CA,cc,1998,0.16809,0.16185,0.14724,0.14134,20471651.0
CA,cc,1999,0.19244,0.18663,0.1737,0.16871,17027250.0
CA,cc,2000,0.19104,0.19665,0.2138,0.22273,19635643.0
CA,cc,2001,0.19332,0.19095,0.1862,0.18468,19945201.0
CA,cc,2002,0.18056,0.17931,0.17651,0.17546,23304257.0
CA,cc,2003,0.18136,0.18299,0.18745,0.18958,24217410.0
CA,cc,2004,0.18726,0.18496,0.17961,0.1775,23263859.0
CA,cc,2005,0.1969,0.19571,0.1933,0.19253,23631064.0
CA,cc,2006,0.19678,0.19816,0.20191,0.20369,23615290.0
CA,cc,2007,0.20338,0.20642,0.21469,0.21858,24123897.0
CA,cc,2008,0.18559,0.18726,0.19189,0.19412,26354315.0
CA,cc,2009,0.17277,0.17979,0.19956,0.20922,29097343.0
CA,cc,2010,0.17067,0.17287,0.17876,0.18148,28749098.0
CA,cc,2011,0.17606,0.17439,0.17027,0.16852,28004884.0
CA,cc,2012,0.19531,0.19383,0.19016,0.18858,27428031.0
CA,cc,2013,0.22072,0.21936,0.21595,0.21448,26023336.0
CA,cc,2014,0.23464,0.23557,0.23808,0.23924,26610236.0
CA,cc,2015,0.25209,0.25239,0.25324,0.25365,27321795.0
CA,cc,2016,0.28152,0.28079,0.27898,0.27821,27473646.0
CA,cc,2017,0.30214,0.30251,0.30357,0.30408,27601888.0
CA,cc,2018,0.35013,0.34953,0.34814,0.34759,27058534.0
CA,cc,2019,0.40644,0.40544,0.40296,0.4019,27413173.0
CA,cc,2020,0.43217,0.43195,0.43151,0.43137,26715594.0
CA,cc,2021,0.47433,0.46727,0.44985,0.44244,24950505.0
CA,cc,2022,0.53321,0.52797,0.51491,0.50929,22269844.0
CA,cc,2023,0.48803,0.492,0.50253,0.50736,22948258.0
CA,cc,2024,0.48023,0.48542,0.49923,0.50561,24695491.0
CA,pub,1998,0.91314,0.95827,0.97991,1.01043,10916087.0
CA,pub,1999,0.92229,0.95628,0.97259,0.99564,11173577.0
CA,pub,2000,0.91852,0.94835,0.96265,0.98284,11529402.0
CA,pub,2001,0.92217,0.9562,0.97255,0.99567,11703411.0
CA,pub,2002,0.91349,0.95355,0.97286,1.0002,12634535.0
CA,pub,2003,0.87813,0.91499,0.93265,0.95757,13502424.0
CA,pub,2004,0.91833,0.9453,0.95819,0.97633,13629263.0
CA,pub,2005,0.98417,0.99692,1.00311,1.01191,13121971.0
CA,pub,2006,0.98048,0.98969,0.99417,1.00056,13583769.0
CA,pub,2007,0.92568,0.95256,0.96535,0.98329,14604785.0
CA,pub,2008,0.91828,0.96283,0.98419,1.01431,15099748.0
CA,pub,2009,0.91543,0.95781,0.97809,1.00668,15377241.0
CA,pub,2010,0.96234,0.98233,0.99204,1.00588,14997737.0
CA,pub,2011,1.01189,1.00686,1.00509,1.00322,14784149.0
CA,pub,2012,0.98257,0.97869,0.97724,0.97557,15305967.0
CA,pub,2013,1.01365,1.02884,1.03608,1.04624,15478624.0
CA,pub,2014,1.00488,1.04187,1.05947,1.08417,15914565.0
CA,pub,2015,0.99238,1.03284,1.05212,1.07921,16458799.0
CA,pub,2016,1.01149,1.04165,1.05597,1.07601,16934664.0
CA,pub,2017,1.05053,1.07359,1.08448,1.09967,17428836.0
CA,pub,2018,1.04988,1.06556,1.07301,1.08343,18377101.0
CA,pub,2019,1.06684,1.08111,1.08793,1.09752,18518469.0
CA,pub,2020,1.09865,1.10881,1.11377,1.12086,18822687.0
CA,pub,2021,1.12276,1.12098,1.12056,1.12039,19022948.0
CA,pub,2022,1.12589,1.11641,1.11268,1.10816,18386412.0
CA,pub,2023,1.12208,1.12047,1.12034,1.12078,18112106.0
CA,pub,2024,1.08714,1.10185,1.10923,1.11997,18437263.0
CO,cc,1998,0.21373,0.21347,0.21295,0.21277,1351717.0
CO,cc,1999,0.20239,0.20324,0.20555,0.20665,1342334.0
CO,cc,2000,0.21443,0.21463,0.21521,0.2155,1336403.0
CO,cc,2001,0.22407,0.22571,0.2305,0.23291,1053971.0
CO,cc,2002,0.2045,0.20612,0.21102,0.21357,1251952.0
CO,cc,2003,0.20313,0.20371,0.20535,0.20613,1468938.0
CO,cc,2004,0.21642,0.21703,0.21887,0.21982,1574988.0
CO,cc,2005,0.22744,0.22694,0.22583,0.2254,1584420.0
CO,cc,2006,0.23373,0.2286,0.21632,0.21123,1511458.0
CO,cc,2007,0.22239,0.22443,0.23043,0.23344,1473920.0
CO,cc,2008,0.22494,0.22628,0.23064,0.23305,1546531.0
CO,cc,2009,0.21413,0.21515,0.21798,0.21934,1657435.0
CO,cc,2010,0.18443,0.1871,0.19424,0.19754,1970133.0
CO,cc,2011,0.18841,0.18905,0.19083,0.19169,2162313.0
CO,cc,2012,0.20494,0.20409,0.20199,0.20109,2198377.0
CO,cc,2013,0.24519,0.24219,0.23472,0.23152,2086377.0
CO,cc,2014,0.2592,0.25609,0.24832,0.24498,1962744.0
CO,cc,2015,0.27942,0.27759,0.27321,0.27144,1820243.0
CO,cc,2016,0.32639,0.324,0.3181,0.31557,1773415.0
CO,cc,2017,0.33406,0.333,0.33041,0.32931,1728348.0
CO,cc,2018,0.34568,0.34689,0.35015,0.35167,1748199.0
CO,cc,2019,0.33842,0.33782,0.33639,0.33581,1760696.0
CO,cc,2020,0.32769,0.32873,0.3315,0.33277,1739280.0
CO,cc,2021,0.36419,0.36169,0.3555,0.35287,1563618.0
CO,cc,2022,0.37955,0.37712,0.37101,0.36834,1513309.0
CO,cc,2023,0.36377,0.36318,0.3618,0.36125,1581618.0
CO,cc,2024,0.3466,0.34894,0.35507,0.35786,1689034.0
CO,pub,1998,0.7522,0.77398,0.78443,0.7992,2762678.0
CO,pub,1999,0.76563,0.79013,0.80193,0.81863,2785705.0
CO,pub,2000,0.75137,0.77461,0.78576,0.8015,2855501.0
CO,pub,2001,0.76942,0.79754,0.81095,0.8298,2639252.0
CO,pub,2002,0.76526,0.79332,0.80663,0.82526,2859965.0
CO,pub,2003,0.76015,0.78522,0.79716,0.81392,3146865.0
CO,pub,2004,0.76092,0.78017,0.78929,0.80203,3208959.0
CO,pub,2005,0.76856,0.78539,0.7933,0.80428,3286449.0
CO,pub,2006,0.80036,0.81386,0.8203,0.82936,3268005.0
CO,pub,2007,0.78617,0.79742,0.80282,0.81043,3283643.0
CO,pub,2008,0.79685,0.81035,0.8168,0.82586,3319291.0
CO,pub,2009,0.77432,0.79179,0.80013,0.81186,3368691.0
CO,pub,2010,0.74685,0.76244,0.7699,0.78039,3526169.0
CO,pub,2011,0.76214,0.76797,0.77085,0.77501,3556888.0
CO,pub,2012,0.78044,0.77989,0.77985,0.78001,3661565.0
CO,pub,2013,0.80321,0.80074,0.79981,0.79875,3670792.0
CO,pub,2014,0.82633,0.8275,0.82823,0.82942,3703391.0
CO,pub,2015,0.83833,0.84163,0.84341,0.8461,3726914.0
CO,pub,2016,0.83388,0.84011,0.84327,0.8479,3783795.0
CO,pub,2017,0.84202,0.85487,0.861,0.86959,3880014.0
CO,pub,2018,0.85653,0.87358,0.88161,0.89279,3910524.0
CO,pub,2019,0.87967,0.89982,0.90935,0.92264,3931794.0
CO,pub,2020,0.89998,0.91315,0.91938,0.92809,3919073.0
CO,pub,2021,0.93119,0.92125,0.91696,0.91138,3781417.0
CO,pub,2022,0.9287,0.90605,0.89621,0.88333,3695928.0
CO,pub,2023,0.91599,0.90404,0.89892,0.89228,3658930.0
CO,pub,2024,0.87288,0.88995,0.89835,0.91039,3755766.0
CT,cc,1998,0.32793,0.32466,0.31672,0.31338,628863.0
CT,cc,1999,0.34227,0.33934,0.33299,0.33066,632132.0
CT,cc,2000,0.32503,0.32468,0.32462,0.32494,601976.0
CT,cc,2001,0.30514,0.30815,0.31911,0.32585,568263.0
CT,cc,2002,0.28598,0.28711,0.29022,0.2917,680186.0
CT,cc,2003,0.27629,0.27943,0.28781,0.29167,736624.0
CT,cc,2004,0.28799,0.28976,0.29458,0.29684,717513.0
CT,cc,2005,0.2814,0.28314,0.28804,0.2904,779960.0
CT,cc,2006,0.27409,0.27518,0.27809,0.27944,798130.0
CT,cc,2007,0.28783,0.28831,0.28961,0.29022,800273.0
CT,cc,2008,0.27606,0.27756,0.28148,0.28325,851329.0
CT,cc,2009,0.28025,0.28297,0.29014,0.29341,917402.0
CT,cc,2010,0.24979,0.25201,0.25781,0.26044,1018704.0
CT,cc,2011,0.27933,0.28027,0.28272,0.28383,1058529.0
CT,cc,2012,0.30512,0.3046,0.30331,0.30277,1044570.0
CT,cc,2013,0.31209,0.312,0.31184,0.31181,1042789.0
CT,cc,2014,0.33992,0.33959,0.33879,0.33844,1016180.0
CT,cc,2015,0.34859,0.34656,0.3414,0.33915,984358.0
CT,cc,2016,0.38058,0.37828,0.37253,0.37005,932523.0
CT,cc,2017,0.36526,0.36413,0.36136,0.36018,897891.0
CT,cc,2018,0.35348,0.35335,0.35302,0.3529,871438.0
CT,cc,2019,0.37262,0.37032,0.36452,0.362,851795.0
CT,cc,2020,0.3514,0.35116,0.35057,0.35033,811037.0
CT,cc,2021,0.39416,0.39069,0.38203,0.37829,696725.0
CT,cc,2022,0.40232,0.39889,0.39032,0.38661,648146.0
CT,cc,2023,0.39514,0.40175,0.41923,0.42724,665074.0
CT,cc,2024,0.40714,0.50078,0.85277,1.0804,673776.0
CT,pub,1998,0.74033,0.75815,0.76652,0.77814,1071662.0
CT,pub,1999,0.74645,0.77722,0.79183,0.8123,1061182.0
CT,pub,2000,0.69894,0.7374,0.75597,0.7823,663580.0
CT,pub,2001,0.75576,0.78041,0.79213,0.80854,1022305.0
CT,pub,2002,0.75092,0.76536,0.77222,0.78184,1064449.0
CT,pub,2003,0.79839,0.80915,0.81419,0.82118,1115167.0
CT,pub,2004,0.81356,0.82045,0.82371,0.82824,1140618.0
CT,pub,2005,0.81264,0.81379,0.81439,0.81529,1195589.0
CT,pub,2006,0.87106,0.87095,0.87094,0.87095,1201985.0
CT,pub,2007,0.89843,0.90502,0.90811,0.9124,1117618.0
CT,pub,2008,0.92234,0.93007,0.93368,0.93868,1258046.0
CT,pub,2009,0.89514,0.90313,0.90685,0.91198,1297542.0
CT,pub,2010,0.89733,0.90246,0.90492,0.90839,1330086.0
CT,pub,2011,0.91794,0.9172,0.91695,0.9167,1348715.0
CT,pub,2012,0.95972,0.9565,0.95504,0.95304,1367083.0
CT,pub,2013,0.99486,0.98953,0.98718,0.98404,1335079.0
CT,pub,2014,1.0016,1.00587,1.00797,1.01098,1332330.0
CT,pub,2015,1.00126,1.00776,1.01089,1.01531,1335959.0
CT,pub,2016,0.99406,1.00415,1.009,1.01583,1314910.0
CT,pub,2017,1.03468,1.04563,1.05075,1.05786,1327076.0
CT,pub,2018,0.98671,0.99417,0.99763,1.00238,1371891.0
CT,pub,2019,1.04104,1.05191,1.05697,1.06396,1342194.0
CT,pub,2020,1.05438,1.0574,1.05889,1.06101,1326808.0
CT,pub,2021,1.08668,1.07709,1.07274,1.06687,1264289.0
CT,pub,2022,1.06576,1.03945,1.02794,1.01276,1214008.0
CT,pub,2023,1.10664,1.08268,1.0724,1.05908,1186297.0
CT,pub,2024,0.97688,0.98098,0.98316,0.98643,1309420.0
DC,pub,1998,0.39095,0.34206,0.3218,0.29615,166980.0
DC,pub,2000,0.62986,0.63883,0.64299,0.6487,81542.0
DC,pub,2001,0.61343,0.61143,0.61052,0.60927,88127.0
DC,pub,2002,0.46841,0.49689,0.51052,0.5297,88127.0
DC,pub,2004,0.49834,0.50804,0.51255,0.51876,89336.0
DC,pub,2005,0.48513,0.47793,0.47466,0.47024,90037.0
DC,pub,2007,0.41477,0.42584,0.43101,0.43816,109796.0
DC,pub,2008,0.46535,0.4704,0.47274,0.47594,101601.0
DC,pub,2009,0.58444,0.55798,0.54625,0.53066,97735.0
DC,pub,2010,0.54426,0.50687,0.4906,0.46925,107044.0
DC,pub,2011,0.48055,0.4638,0.45632,0.44631,110998.0
DC,pub,2012,0.55045,0.5363,0.52993,0.52137,105295.0
DC,pub,2013,0.60457,0.54177,0.51521,0.48108,103611.0
DC,pub,2014,0.65302,0.57964,0.54882,0.50941,99507.0
DC,pub,2015,0.56515,0.51293,0.49064,0.4618,100434.0
DC,pub,2016,0.64007,0.62068,0.61198,0.60033,95427.0
DC,pub,2017,0.68356,0.66171,0.65193,0.63882,88917.0
DC,pub,2018,0.58483,0.57484,0.57032,0.56421,87000.0
DC,pub,2019,0.68087,0.6933,0.69907,0.70702,85215.0
DC,pub,2020,0.66135,0.69665,0.71345,0.73702,87820.0
DC,pub,2021,0.72067,0.72643,0.72908,0.73272,78927.0
DC,pub,2022,0.80924,0.71541,0.67613,0.62601,68954.0
DC,pub,2023,0.83907,0.74648,0.70753,0.65767,71079.0
DC,pub,2024,0.65982,0.66846,0.67245,0.67794,76748.0
DE,cc,1998,0.23529,0.23624,0.23873,0.23987,230526.0
DE,cc,1999,0.21633,0.21143,0.19937,0.19426,241851.0
DE,cc,2000,0.25215,0.24911,0.24154,0.23828,220825.0
DE,cc,2001,0.22586,0.22699,0.22996,0.23129,243870.0
DE,cc,2002,0.23363,0.23936,0.25473,0.26188,235241.0
DE,cc,2003,0.20849,0.21292,0.22485,0.23039,263040.0
DE,cc,2004,0.17154,0.17276,0.17596,0.1774,315500.0
DE,cc,2005,0.22766,0.22498,0.21834,0.21549,271717.0
DE,cc,2006,0.22935,0.22907,0.2284,0.22812,273382.0
DE,cc,2007,0.22903,0.23008,0.23289,0.23419,283451.0
DE,cc,2008,0.22456,0.22684,0.23283,0.23555,300859.0
DE,cc,2009,0.23639,0.23796,0.24204,0.24389,315502.0
DE,cc,2010,0.21636,0.21495,0.21139,0.20982,340545.0
DE,cc,2011,0.23521,0.23431,0.23205,0.23108,342073.0
DE,cc,2012,0.26466,0.2674,0.27457,0.27782,324640.0
DE,cc,2013,0.30897,0.30625,0.29938,0.29638,311100.0
DE,cc,2014,0.32556,0.32361,0.31864,0.31646,301691.0
DE,cc,2015,0.32151,0.32074,0.31878,0.31791,289076.0
DE,cc,2016,0.34639,0.38231,0.49272,0.55153,280086.0
DE,cc,2017,0.35824,0.37467,0.42045,0.44256,277189.0
DE,cc,2018,0.37887,0.37867,0.37814,0.3779,270644.0
DE,cc,2019,0.39614,0.39644,0.3972,0.39754,266570.0
DE,cc,2020,0.40372,0.40416,0.40528,0.40578,252351.0
DE,cc,2021,0.44146,0.43732,0.42687,0.42231,254567.0
DE,cc,2022,0.52228,0.5198,0.51347,0.51069,224593.0
DE,cc,2023,0.47389,0.4696,0.45876,0.45402,217521.0
DE,cc,2024,0.48251,0.48369,0.48675,0.48811,235644.0
DE,pub,1998,0.74193,0.74729,0.74978,0.75321,570381.0
DE,pub,1999,0.75445,0.7686,0.77518,0.78424,583263.0
DE,pub,2000,0.77064,0.78497,0.79163,0.8008,582371.0
DE,pub,2001,0.75836,0.76274,0.76476,0.76754,565137.0
DE,pub,2002,0.81525,0.81012,0.80784,0.80481,571186.0
DE,pub,2003,0.83083,0.82553,0.82322,0.82017,580048.0
DE,pub,2004,0.79418,0.79829,0.80019,0.8028,576597.0
DE,pub,2005,0.81248,0.82034,0.82406,0.82924,587385.0
DE,pub,2006,0.85286,0.85771,0.85994,0.863,586802.0
DE,pub,2007,0.81231,0.81272,0.81298,0.81342,576353.0
DE,pub,2008,0.84367,0.84535,0.84618,0.84737,575910.0
DE,pub,2009,0.85538,0.85713,0.85796,0.85911,585351.0
DE,pub,2010,0.77138,0.78191,0.78688,0.79381,610440.0
DE,pub,2011,0.83172,0.84237,0.84731,0.85408,612323.0
DE,pub,2012,0.78221,0.79251,0.79737,0.80414,643027.0
DE,pub,2013,0.80497,0.82183,0.82984,0.84107,656518.0
DE,pub,2014,0.80412,0.81808,0.82458,0.83355,662510.0
DE,pub,2015,0.82942,0.84325,0.84972,0.85867,681511.0
DE,pub,2016,0.84493,0.85065,0.85339,0.85724,690376.0
DE,pub,2017,0.81439,0.82146,0.82474,0.82925,692987.0
DE,pub,2018,0.83909,0.84651,0.84993,0.85462,709766.0
DE,pub,2019,0.85571,0.86584,0.87053,0.87698,717085.0
DE,pub,2020,0.83122,0.84419,0.85023,0.85856,723346.0
DE,pub,2021,0.83988,0.83757,0.83655,0.83519,718599.0
DE,pub,2022,0.89231,0.88083,0.87564,0.86861,699446.0
DE,pub,2023,0.85083,0.85774,0.86094,0.86535,717327.0
DE,pub,2024,0.79647,0.81573,0.82478,0.83738,737579.0
FL,cc,1998,0.40646,0.40858,0.41414,0.41667,5372784.0
FL,cc,1999,0.38106,0.38272,0.38719,0.38928,5237589.0
FL,cc,2000,0.38427,0.38402,0.38507,0.38623,5237099.0
FL,cc,2001,0.3549,0.36146,0.37975,0.38859,6138584.0
FL,cc,2002,0.31195,0.31817,0.33511,0.3431,7086652.0
FL,cc,2003,0.30719,0.30942,0.31544,0.31824,7601810.0
FL,cc,2004,0.31123,0.31188,0.31423,0.31554,8004599.0
FL,cc,2005,0.32384,0.32446,0.32611,0.32687,7987480.0
FL,cc,2006,0.36519,0.36509,0.36503,0.3651,7505669.0
FL,cc,2007,0.35163,0.35211,0.35339,0.35398,7891871.0
FL,cc,2008,0.36402,0.36675,0.37388,0.37711,8343398.0
FL,cc,2009,0.35941,0.36161,0.36741,0.37005,9069580.0
FL,cc,2010,0.38951,0.39271,0.40116,0.405,9955287.0
FL,cc,2011,0.40495,0.40589,0.40838,0.40953,10554968.0
FL,cc,2012,0.48193,0.48306,0.48613,0.48757,10599962.0
FL,cc,2013,0.49534,0.49338,0.48845,0.48631,10008073.0
FL,cc,2014,0.50278,0.50209,0.50035,0.4996,9722976.0
FL,cc,2015,0.52705,0.52695,0.5268,0.52678,9533885.0
FL,cc,2016,0.5559,0.55426,0.55023,0.54853,9357309.0
FL,cc,2017,0.57263,0.57035,0.56507,0.56296,9207382.0
FL,cc,2018,0.57504,0.57509,0.57542,0.57564,9218951.0
FL,cc,2019,0.59673,0.59641,0.59575,0.59554,9240941.0
FL,cc,2020,0.59629,0.59691,0.59857,0.59933,9182132.0
FL,cc,2021,0.68237,0.6711,0.6431,0.6311,8603112.0
FL,cc,2022,0.67489,0.67016,0.65819,0.65296,7970955.0
FL,cc,2023,0.604,0.60773,0.61764,0.62219,7869577.0
FL,cc,2024,0.55971,0.56124,0.5653,0.56716,8338570.0
FL,pub,1998,0.85532,0.89565,0.91493,0.94207,4940558.0
FL,pub,1999,0.80822,0.85496,0.87747,0.9093,5233158.0
FL,pub,2000,0.90891,0.97269,1.00379,1.04822,4797635.0
FL,pub,2001,0.86709,0.9356,0.96905,1.0169,5056562.0
FL,pub,2002,0.89434,0.95921,0.99074,1.03567,5041766.0
FL,pub,2003,0.92201,0.9797,1.00746,1.04672,4541776.0
FL,pub,2004,0.90934,0.95135,0.97152,1.00001,5774286.0
FL,pub,2005,0.89881,0.93113,0.94654,0.9682,5933452.0
FL,pub,2006,0.89189,0.91824,0.93094,0.94893,6202358.0
FL,pub,2007,0.93799,0.95499,0.96339,0.9755,6191420.0
FL,pub,2008,0.97366,0.97936,0.98239,0.98698,6255576.0
FL,pub,2009,0.99261,0.98538,0.98245,0.97885,6333878.0
FL,pub,2010,0.99548,0.98125,0.97525,0.9676,6547698.0
FL,pub,2011,0.98265,0.97875,0.97715,0.97516,6785362.0
FL,pub,2012,0.97403,0.9859,0.99165,0.9998,7213974.0
FL,pub,2013,1.00518,1.02057,1.02836,1.03975,7229060.0
FL,pub,2014,1.0199,1.02734,1.0314,1.03761,7233653.0
FL,pub,2015,1.0395,1.04063,1.04132,1.04244,7278501.0
FL,pub,2016,1.05068,1.05607,1.05865,1.0623,7396751.0
FL,pub,2017,1.05353,1.06253,1.06673,1.07256,7532133.0
FL,pub,2018,1.06639,1.07473,1.0787,1.08425,7717318.0
FL,pub,2019,1.08329,1.09648,1.10307,1.11267,7906566.0
FL,pub,2020,1.10022,1.11688,1.12492,1.13631,8020406.0
FL,pub,2021,1.11298,1.1344,1.14485,1.15976,8087596.0
FL,pub,2022,1.13942,1.1632,1.17487,1.19159,7907212.0
FL,pub,2023,1.1155,1.13793,1.14871,1.16395,7875705.0
FL,pub,2024,1.10134,1.12344,1.13393,1.1486,7984108.0
GA,cc,1998,0.15837,0.15704,0.15399,0.15279,1946605.0
GA,cc,1999,0.14152,0.14164,0.14222,0.1426,2091892.0
GA,cc,2000,0.12634,0.12756,0.13081,0.13231,2231179.0
GA,cc,2001,0.11799,0.11886,0.12151,0.12288,2494180.0
GA,cc,2002,0.11075,0.11142,0.11331,0.11423,3081601.0
GA,cc,2003,0.12482,0.12679,0.13236,0.13508,3243661.0
GA,cc,2004,0.13662,0.13782,0.14105,0.14255,3461550.0
GA,cc,2005,0.14752,0.14828,0.15037,0.15135,3405419.0
GA,cc,2006,0.14827,0.14692,0.14385,0.14266,3408825.0
GA,cc,2007,0.15582,0.15501,0.15308,0.1523,3322583.0
GA,cc,2008,0.15789,0.15888,0.16149,0.16269,3513165.0
GA,cc,2009,0.15401,0.15543,0.15918,0.1609,3833103.0
GA,cc,2010,0.14363,0.14592,0.15211,0.15501,4623889.0
GA,cc,2011,0.15634,0.15692,0.15848,0.15922,4796398.0
GA,cc,2012,0.20215,0.20028,0.19574,0.19384,4098668.0
GA,cc,2013,0.19665,0.1959,0.19435,0.19385,3812947.0
GA,cc,2014,0.2073,0.20731,0.20752,0.20768,3672409.0
GA,cc,2015,0.23575,0.23458,0.23164,0.23037,3465917.0
GA,cc,2016,0.2682,0.26711,0.26442,0.26327,3357322.0
GA,cc,2017,0.27295,0.2722,0.27038,0.26961,3139725.0
GA,cc,2018,0.28258,0.28241,0.2821,0.28201,3141451.0
GA,cc,2019,0.29142,0.29141,0.29147,0.29152,3164349.0
GA,cc,2020,0.30796,0.30805,0.30846,0.3087,3189804.0
GA,cc,2021,0.36673,0.35807,0.33707,0.32828,2825358.0
GA,cc,2022,0.36904,0.36386,0.351,0.34549,2667334.0
GA,cc,2023,0.3494,0.35377,0.36573,0.37141,2684399.0
GA,cc,2024,0.32344,0.32705,0.33674,0.34124,2869001.0
GA,pub,1998,0.89454,0.89174,0.89089,0.89015,2459529.0
GA,pub,1999,0.69917,0.69079,0.68739,0.68319,3721261.0
GA,pub,2000,0.67649,0.67095,0.6692,0.66754,3725735.0
GA,pub,2001,0.65851,0.66734,0.67208,0.67922,3784890.0
GA,pub,2002,0.653,0.66349,0.66848,0.6755,3885272.0
GA,pub,2003,0.65309,0.66761,0.67506,0.6861,4241987.0
GA,pub,2004,0.66579,0.68564,0.69549,0.70975,4408838.0
GA,pub,2005,0.68769,0.7083,0.71815,0.73201,4517242.0
GA,pub,2006,0.69323,0.70795,0.7149,0.72458,4597636.0
GA,pub,2007,0.7017,0.71394,0.71968,0.72765,4750946.0
GA,pub,2008,0.71645,0.7289,0.73476,0.7429,4868139.0
GA,pub,2009,0.70662,0.72181,0.72909,0.73935,5096092.0
GA,pub,2010,0.6791,0.69468,0.70218,0.71282,5513596.0
GA,pub,2011,0.69939,0.7161,0.7241,0.73536,5705516.0
GA,pub,2012,0.72028,0.73444,0.74117,0.75058,5664369.0
GA,pub,2013,0.73433,0.74563,0.75137,0.75987,5877870.0
GA,pub,2014,0.74485,0.74988,0.75259,0.75669,5859325.0
GA,pub,2015,0.76315,0.76137,0.7611,0.76124,5891710.0
GA,pub,2016,0.76895,0.76814,0.76816,0.76854,5984049.0
GA,pub,2017,0.78179,0.78676,0.78915,0.79251,6159787.0
GA,pub,2018,0.78131,0.79563,0.8025,0.81222,6246254.0
GA,pub,2019,0.78915,0.80922,0.81921,0.83376,6322037.0
GA,pub,2020,0.81229,0.83377,0.84449,0.86011,6378493.0
GA,pub,2021,0.81212,0.83905,0.85214,0.87078,6455274.0
GA,pub,2022,0.82279,0.85006,0.86365,0.88336,6286464.0
GA,pub,2023,0.81467,0.82805,0.8347,0.8443,6217083.0
GA,pub,2024,0.80525,0.80433,0.80428,0.80457,6409793.0
HI,cc,1998,0.30184,0.30087,0.29841,0.29733,458188.0
HI,cc,1999,0.29254,0.29349,0.29597,0.2971,459835.0
HI,cc,2000,0.29834,0.29899,0.30067,0.30144,462955.0
HI,cc,2001,0.29771,0.29468,0.28704,0.28372,445204.0
HI,cc,2002,0.28781,0.28719,0.28564,0.28498,459472.0
HI,cc,2003,0.3029,0.30291,0.30302,0.3031,470460.0
HI,cc,2004,0.29234,0.29111,0.28806,0.28675,471239.0
HI,cc,2005,0.29683,0.29487,0.28995,0.28782,474208.0
HI,cc,2006,0.30887,0.30848,0.30756,0.30719,445818.0
HI,cc,2007,0.32282,0.32297,0.32339,0.3236,445890.0
HI,cc,2008,0.29757,0.29871,0.30172,0.3031,460524.0
HI,cc,2009,0.28863,0.29281,0.30392,0.30901,502241.0
HI,cc,2010,0.27836,0.28175,0.29075,0.29487,565596.0
HI,cc,2011,0.29032,0.2918,0.29569,0.29746,589620.0
HI,cc,2012,0.31639,0.31535,0.31272,0.31157,581813.0
HI,cc,2013,0.35081,0.35,0.348,0.34716,573638.0
HI,cc,2014,0.48114,0.47956,0.47555,0.4738,556923.0
HI,cc,2015,0.44389,0.44193,0.43699,0.43484,533108.0
HI,cc,2016,0.4839,0.48064,0.47243,0.46887,514196.0
HI,cc,2017,0.49302,0.48823,0.47613,0.47086,484239.0
HI,cc,2018,0.49606,0.49388,0.48838,0.48598,467725.0
HI,cc,2019,0.51189,0.50937,0.50298,0.50017,444591.0
HI,cc,2020,0.51031,0.50979,0.50855,0.50803,432325.0
HI,cc,2021,0.53107,0.52696,0.5166,0.51209,410909.0
HI,cc,2022,0.54695,0.54137,0.5273,0.52117,363766.0
HI,cc,2023,0.52298,0.52232,0.52071,0.52005,348540.0
HI,cc,2024,0.49318,0.49251,0.49096,0.49035,359139.0
HI,pub,1998,0.88958,0.86724,0.85722,0.84377,416287.0
HI,pub,1999,0.90419,0.87726,0.86522,0.8491,408763.0
HI,pub,2000,0.91561,0.90505,0.90026,0.89381,407859.0
HI,pub,2001,0.87654,0.88806,0.89339,0.90071,403859.0
HI,pub,2002,0.82903,0.84459,0.85183,0.8618,421216.0
HI,pub,2003,0.79978,0.82772,0.84087,0.85916,451624.0
HI,pub,2004,0.80076,0.83717,0.85445,0.87865,496626.0
HI,pub,2005,0.74433,0.77787,0.79379,0.81607,531054.0
HI,pub,2006,0.84615,0.86998,0.88115,0.89665,516080.0
HI,pub,2007,0.85138,0.85046,0.85006,0.84953,505016.0
HI,pub,2008,0.88559,0.87143,0.86512,0.8567,500818.0
HI,pub,2009,0.8854,0.8771,0.87348,0.86874,501606.0
HI,pub,2010,0.83986,0.84279,0.84416,0.84606,512086.0
HI,pub,2011,0.88389,0.88762,0.8894,0.89188,514953.0
HI,pub,2012,0.92454,0.93727,0.9441,0.95454,525407.0
HI,pub,2013,0.93743,0.96017,0.97193,0.98951,541099.0
HI,pub,2014,0.96962,1.00353,1.02101,1.04716,543926.0
HI,pub,2015,1.02413,1.04886,1.06196,1.0819,538055.0
HI,pub,2016,1.0972,1.08534,1.0801,1.07318,527597.0
HI,pub,2017,1.09944,1.08112,1.07295,1.06202,515061.0
HI,pub,2018,1.09349,1.09127,1.09036,1.08923,512596.0
HI,pub,2019,1.09796,1.11875,1.12846,1.14187,509529.0
HI,pub,2020,1.05218,1.06583,1.07235,1.08149,508086.0
HI,pub,2021,1.06886,1.07705,1.08111,1.08698,509478.0
HI,pub,2022,1.09049,1.1278,1.14565,1.17078,513126.0
HI,pub,2023,0.99748,1.05942,1.08969,1.13299,513091.0
HI,pub,2024,0.94797,1.00883,1.03887,1.08212,532166.0
IA,cc,1998,0.33926,0.33925,0.33946,0.33966,1456031.0
IA,cc,1999,0.35405,0.35182,0.34657,0.34445,1423006.0
IA,cc,2000,0.36434,0.36538,0.3685,0.37011,1369002.0
IA,cc,2001,0.34083,0.34137,0.34385,0.34548,1231761.0
IA,cc,2002,0.30555,0.3047,0.30318,0.3028,1575084.0
IA,cc,2003,0.32119,0.32136,0.32216,0.32268,1392465.0
IA,cc,2004,0.30393,0.30145,0.29604,0.29402,1689494.0
IA,cc,2005,0.34246,0.3426,0.34338,0.34392,1746941.0
IA,cc,2006,0.32122,0.31907,0.31398,0.3119,1920942.0
IA,cc,2007,0.33619,0.33133,0.31966,0.31484,1883427.0
IA,cc,2008,0.31929,0.3182,0.31578,0.31488,1928423.0
IA,cc,2009,0.31705,0.31718,0.31763,0.31787,1953391.0
IA,cc,2010,0.29716,0.3021,0.31528,0.32138,2207283.0
IA,cc,2011,0.30711,0.30874,0.31308,0.31509,2163890.0
IA,cc,2012,0.3611,0.35986,0.35716,0.35618,1977641.0
IA,cc,2013,0.35214,0.34871,0.34015,0.33647,2068131.0
IA,cc,2014,0.38021,0.37612,0.36593,0.36153,1955398.0
IA,cc,2015,0.38407,0.38176,0.37595,0.37344,1889177.0
IA,cc,2016,0.36744,0.36598,0.36236,0.3608,1857289.0
IA,cc,2017,0.39599,0.39474,0.39158,0.3902,1787298.0
IA,cc,2018,0.37338,0.37366,0.37454,0.37501,1727928.0
IA,cc,2019,0.37618,0.37414,0.36904,0.36684,1714593.0
IA,cc,2020,0.37913,0.37906,0.37901,0.37906,1663757.0
IA,cc,2021,0.39413,0.39317,0.39077,0.38973,1561179.0
IA,cc,2022,0.38611,0.38446,0.38031,0.37849,1555996.0
IA,cc,2023,0.38907,0.38878,0.38807,0.38778,1541536.0
IA,cc,2024,0.37047,0.3717,0.37494,0.37642,1580713.0
IA,pub,1998,0.80026,0.81852,0.82704,0.8388,1423939.0
IA,pub,1999,0.80893,0.82774,0.83655,0.84874,1454362.0
IA,pub,2000,0.82659,0.8442,0.85242,0.86377,1492685.0
IA,pub,2001,0.80012,0.81617,0.82364,0.83395,1498569.0
IA,pub,2002,0.79925,0.8154,0.82297,0.83347,1556353.0
IA,pub,2003,0.85816,0.86878,0.87376,0.88069,1560405.0
IA,pub,2004,0.84083,0.83483,0.83228,0.82899,1587290.0
IA,pub,2005,0.87358,0.85219,0.84277,0.83031,1564464.0
IA,pub,2006,0.86941,0.84581,0.83526,0.82114,1537872.0
IA,pub,2007,0.84542,0.83885,0.83586,0.83181,1525439.0
IA,pub,2008,0.85526,0.87042,0.87746,0.88715,1559249.0
IA,pub,2009,0.81971,0.84434,0.8559,0.87194,1590127.0
IA,pub,2010,0.83458,0.85074,0.85829,0.86873,1619454.0
IA,pub,2011,0.81455,0.82168,0.82498,0.82951,1661918.0
IA,pub,2012,0.85546,0.86789,0.87368,0.88166,1637291.0
IA,pub,2013,0.86396,0.88322,0.89235,0.90511,1661327.0
IA,pub,2014,0.87916,0.90056,0.91093,0.92565,1705353.0
IA,pub,2015,0.88327,0.9019,0.91091,0.92368,1743740.0
IA,pub,2016,0.87035,0.89446,0.90579,0.92151,1795268.0
IA,pub,2017,0.87964,0.9089,0.92268,0.94185,1840299.0
IA,pub,2018,0.89064,0.90637,0.91375,0.92399,1835890.0
IA,pub,2019,0.94884,0.94357,0.94117,0.93792,1810918.0
IA,pub,2020,1.01687,0.99052,0.97872,0.96291,1729548.0
IA,pub,2021,1.0487,1.01168,0.9952,0.9732,1624638.0
IA,pub,2022,1.01854,0.99017,0.97745,0.96037,1567892.0
IA,pub,2023,1.01597,1.00827,1.00477,1.00002,1557098.0
IA,pub,2024,0.96383,0.98008,0.98763,0.99803,1582678.0
ID,cc,1998,0.18641,0.18322,0.17528,0.17186,119417.0
ID,cc,1999,0.28786,0.28168,0.26639,0.25986,93378.0
ID,cc,2000,0.26139,0.26176,0.26275,0.26319,205443.0
ID,cc,2001,0.27123,0.27346,0.27934,0.28202,206174.0
ID,cc,2002,0.30184,0.30144,0.30047,0.30007,210906.0
ID,cc,2003,0.28789,0.29514,0.3151,0.32462,236753.0
ID,cc,2004,0.25409,0.25306,0.25073,0.24984,264238.0
ID,cc,2005,0.27483,0.27346,0.27001,0.2685,266347.0
ID,cc,2006,0.3063,0.30277,0.294,0.29023,241531.0
ID,cc,2007,0.3056,0.30369,0.29897,0.29696,231090.0
ID,cc,2008,0.29324,0.29314,0.2929,0.2928,232234.0
ID,cc,2009,0.27743,0.27793,0.27924,0.27984,245685.0
ID,cc,2010,0.20205,0.20476,0.21195,0.21527,402074.0
ID,cc,2011,0.21398,0.2152,0.21837,0.21981,484533.0
ID,cc,2012,0.24641,0.24643,0.24662,0.24678,511098.0
ID,cc,2013,0.29545,0.29368,0.2892,0.28723,496930.0
ID,cc,2014,0.33293,0.33039,0.32407,0.32135,462794.0
ID,cc,2015,0.35462,0.34906,0.33521,0.32926,425189.0
ID,cc,2016,0.41341,0.41179,0.40774,0.40599,403330.0
ID,cc,2017,0.37635,0.37727,0.37975,0.3809,415619.0
ID,cc,2018,0.35156,0.35226,0.35433,0.3554,437598.0
ID,cc,2019,0.34678,0.34599,0.34415,0.34343,445004.0
ID,cc,2020,0.35514,0.35797,0.36541,0.3688,459198.0
ID,cc,2021,0.38751,0.38814,0.3898,0.39056,443603.0
ID,cc,2022,0.41203,0.41218,0.4126,0.41279,445895.0
ID,cc,2023,0.40305,0.40183,0.39875,0.39741,447335.0
ID,cc,2024,0.38494,0.38488,0.38481,0.38482,462613.0
ID,pub,1998,0.52421,0.53239,0.53626,0.54166,771222.0
ID,pub,1999,0.47947,0.49501,0.50235,0.51259,1156786.0
ID,pub,2000,0.63588,0.65543,0.66462,0.67741,867990.0
ID,pub,2001,0.61622,0.62964,0.63597,0.64477,885363.0
ID,pub,2002,0.6215,0.63718,0.6446,0.65496,922054.0
ID,pub,2003,0.69566,0.71566,0.7251,0.73824,938902.0
ID,pub,2004,0.6558,0.67032,0.67712,0.68656,907964.0
ID,pub,2005,0.6346,0.63682,0.63791,0.63947,1004195.0
ID,pub,2006,0.63483,0.63366,0.63318,0.6326,998817.0
ID,pub,2007,0.70164,0.7056,0.70765,0.71067,942705.0
ID,pub,2008,0.67599,0.68334,0.68701,0.69234,970749.0
ID,pub,2009,0.63429,0.64206,0.64577,0.651,1031167.0
ID,pub,2010,0.63117,0.63419,0.63571,0.63791,1070492.0
ID,pub,2011,0.64616,0.64726,0.64793,0.64902,1101468.0
ID,pub,2012,0.69483,0.69381,0.69344,0.69304,1098400.0
ID,pub,2013,0.73579,0.73207,0.73043,0.72824,1087566.0
ID,pub,2014,0.78923,0.77621,0.77038,0.76255,1040230.0
ID,pub,2015,0.80248,0.78683,0.7798,0.77036,1031648.0
ID,pub,2016,0.82708,0.8184,0.81447,0.80914,1014031.0
ID,pub,2017,0.84023,0.84559,0.84812,0.85163,1008798.0
ID,pub,2018,0.85487,0.87157,0.87955,0.89078,1004569.0
ID,pub,2019,0.87553,0.89123,0.89885,0.9097,1007184.0
ID,pub,2020,0.88174,0.89439,0.90055,0.90932,1009955.0
ID,pub,2021,0.95596,0.95538,0.95525,0.95523,968072.0
ID,pub,2022,0.941,0.94525,0.9473,0.95019,973266.0
ID,pub,2023,0.91607,0.93202,0.93956,0.95009,990641.0
ID,pub,2024,0.92766,0.95206,0.96364,0.97983,1022837.0
IL,cc,1998,0.18925,0.18854,0.18699,0.18642,7110552.0
IL,cc,1999,0.1964,0.19624,0.1959,0.19579,6267819.0
IL,cc,2000,0.21223,0.21287,0.21497,0.21612,5691967.0
IL,cc,2001,0.20609,0.20434,0.2005,0.19906,5954549.0
IL,cc,2002,0.19334,0.19286,0.19218,0.19216,6310198.0
IL,cc,2003,0.19746,0.19729,0.19692,0.19678,6981676.0
IL,cc,2004,0.19803,0.19854,0.2,0.20072,7163045.0
IL,cc,2005,0.20516,0.20169,0.19344,0.19007,7342745.0
IL,cc,2006,0.21602,0.21334,0.20677,0.20399,7149252.0
IL,cc,2007,0.21584,0.21461,0.21175,0.21061,7141819.0
IL,cc,2008,0.20881,0.20866,0.2085,0.20851,7217726.0
IL,cc,2009,0.21166,0.21255,0.21505,0.21627,7499103.0
IL,cc,2010,0.20403,0.20554,0.20963,0.21154,8188661.0
IL,cc,2011,0.21855,0.21893,0.22018,0.22087,8155868.0
IL,cc,2012,0.2467,0.24619,0.24528,0.24506,7897136.0
IL,cc,2013,0.262,0.2621,0.26283,0.26338,7662012.0
IL,cc,2014,0.28424,0.28303,0.28042,0.27946,7343720.0
IL,cc,2015,0.30368,0.30185,0.29729,0.29534,6926972.0
IL,cc,2016,0.32378,0.32228,0.31859,0.31702,6569892.0
IL,cc,2017,0.34376,0.34321,0.34195,0.34145,6224209.0
IL,cc,2018,0.34454,0.34433,0.34394,0.34384,5977519.0
IL,cc,2019,0.34165,0.34153,0.34135,0.34134,5763737.0
IL,cc,2020,0.33928,0.33914,0.3389,0.33885,5376447.0
IL,cc,2021,0.39327,0.38879,0.37776,0.37308,4809871.0
IL,cc,2022,0.39872,0.39673,0.39188,0.38984,4638254.0
IL,cc,2023,0.36108,0.36232,0.3657,0.36729,4776144.0
IL,cc,2024,0.33774,0.33784,0.3382,0.33841,5091877.0
IL,pub,1998,0.88356,0.89966,0.90735,0.91817,3968841.0
IL,pub,1999,0.89239,0.90936,0.91736,0.92851,3991549.0
IL,pub,2000,0.91502,0.92913,0.93577,0.945,4009888.0
IL,pub,2001,0.92467,0.93164,0.93497,0.93965,4017329.0
IL,pub,2002,0.94478,0.94265,0.94182,0.94084,4046132.0
IL,pub,2003,0.96995,0.97218,0.97332,0.97501,4019390.0
IL,pub,2004,0.95255,0.96818,0.97553,0.98573,3849117.0
IL,pub,2005,0.93878,0.9605,0.97088,0.9855,4067224.0
IL,pub,2006,0.92395,0.93503,0.94026,0.94755,4136383.0
IL,pub,2007,0.95852,0.96236,0.96436,0.96732,4144893.0
IL,pub,2008,0.97121,0.97597,0.97859,0.98266,4171050.0
IL,pub,2009,0.96915,0.97606,0.97965,0.98505,4187284.0
IL,pub,2010,0.96305,0.96537,0.96658,0.9684,4232561.0
IL,pub,2011,0.95836,0.95485,0.95337,0.95149,4244261.0
IL,pub,2012,0.98761,0.9805,0.97736,0.97319,4224022.0
IL,pub,2013,0.99755,0.98804,0.98386,0.97834,4143842.0
IL,pub,2014,0.99901,0.99136,0.98808,0.98384,4051312.0
IL,pub,2015,0.97718,0.97143,0.96905,0.96605,4036282.0
IL,pub,2016,0.99338,0.98965,0.98822,0.98654,4006496.0
IL,pub,2017,1.01528,1.00522,1.00126,0.9965,3911459.0
IL,pub,2018,1.04335,1.02017,1.01096,0.99974,3795072.0
IL,pub,2019,1.05223,1.02448,1.01328,0.99943,3706653.0
IL,pub,2020,1.0488,1.03096,1.02405,1.01583,3657391.0
IL,pub,2021,1.05088,1.04357,1.04093,1.03801,3602360.0
IL,pub,2022,1.01874,1.01818,1.01829,1.01878,3537358.0
IL,pub,2023,1.00905,1.02319,1.02999,1.03961,3515268.0
IL,pub,2024,0.97144,0.99576,1.00726,1.02332,3567968.0
IN,cc,1998,0.27315,0.27156,0.2677,0.26608,891392.0
IN,cc,1999,0.24048,0.24031,0.23999,0.2399,897453.0
IN,cc,2000,0.26302,0.26386,0.26625,0.26742,858417.0
IN,cc,2001,0.20761,0.21048,0.21838,0.22215,994754.0
IN,cc,2002,0.20821,0.21368,0.22896,0.23636,1205683.0
IN,cc,2003,0.21576,0.21533,0.21464,0.21452,1328991.0
IN,cc,2004,0.21284,0.21134,0.20786,0.20647,1443892.0
IN,cc,2005,0.22394,0.22361,0.22294,0.22273,1507644.0
IN,cc,2006,0.24074,0.2416,0.244,0.24517,1499350.0
IN,cc,2007,0.23742,0.23994,0.2468,0.25004,1588569.0
IN,cc,2008,0.23049,0.23307,0.24004,0.2433,1724871.0
IN,cc,2009,0.22156,0.22674,0.24088,0.24758,1938992.0
IN,cc,2010,0.19404,0.19915,0.21305,0.2196,2478693.0
IN,cc,2011,0.21494,0.21856,0.22826,0.23275,2625156.0
IN,cc,2012,0.25013,0.24695,0.23896,0.2355,2531143.0
IN,cc,2013,0.27561,0.30325,0.39211,0.44151,2441091.0
IN,cc,2014,0.29814,0.30517,0.32413,0.33298,2307929.0
IN,cc,2015,0.33326,0.33039,0.3232,0.32008,2154559.0
IN,cc,2016,0.33286,0.3285,0.31759,0.31287,2045029.0
IN,cc,2017,0.33991,0.33476,0.32189,0.31634,1972762.0
IN,cc,2018,0.34482,0.3399,0.32757,0.32223,1930048.0
IN,cc,2019,0.34589,0.34773,0.35256,0.35476,1916955.0
IN,cc,2020,0.34717,0.34987,0.35727,0.36076,1891261.0
IN,cc,2021,0.33148,0.3288,0.32205,0.31913,1918662.0
IN,cc,2022,0.35762,0.3553,0.34939,0.3468,1768348.0
IN,cc,2023,0.32224,0.32395,0.32846,0.33051,1874651.0
IN,cc,2024,0.29923,0.30154,0.30757,0.31029,2061875.0
IN,pub,1998,0.70498,0.71337,0.71746,0.7233,3841733.0
IN,pub,1999,0.60438,0.61869,0.62546,0.63493,4360349.0
IN,pub,2000,0.68338,0.70704,0.71825,0.73394,3534433.0
IN,pub,2001,0.67728,0.69719,0.70662,0.71979,3587986.0
IN,pub,2002,0.70383,0.71436,0.71934,0.72629,4206401.0
IN,pub,2003,0.71363,0.71538,0.71629,0.71765,4298248.0
IN,pub,2004,0.7328,0.72934,0.72786,0.72595,4345228.0
IN,pub,2005,0.74732,0.74208,0.73976,0.73667,4302018.0
IN,pub,2006,0.7629,0.76006,0.75885,0.75729,4300899.0
IN,pub,2007,0.74822,0.7521,0.75403,0.75684,4329855.0
IN,pub,2008,0.73597,0.74458,0.74865,0.75431,4339276.0
IN,pub,2009,0.71935,0.73058,0.73585,0.74315,4458774.0
IN,pub,2010,0.72206,0.72956,0.73318,0.73831,4652338.0
IN,pub,2011,0.75347,0.75558,0.75675,0.75858,4739166.0
IN,pub,2012,0.78479,0.78366,0.78332,0.78303,4695862.0
IN,pub,2013,0.80449,0.79999,0.79814,0.79584,4673620.0
IN,pub,2014,0.80708,0.80358,0.8023,0.80087,4678271.0
IN,pub,2015,0.83978,0.83976,0.84006,0.84079,4662774.0
IN,pub,2016,0.83805,0.84252,0.84474,0.84794,4632403.0
IN,pub,2017,0.86072,0.86791,0.87132,0.87606,4602621.0
IN,pub,2018,0.88773,0.89724,0.90174,0.90801,4482192.0
IN,pub,2019,0.90099,0.91393,0.92002,0.92849,4453767.0
IN,pub,2020,0.90899,0.92096,0.92662,0.93453,4423145.0
IN,pub,2021,0.93269,0.93503,0.93633,0.93832,4309834.0
IN,pub,2022,0.90461,0.89925,0.89734,0.89527,4309401.0
IN,pub,2023,0.88142,0.87764,0.8766,0.87585,4305769.0
IN,pub,2024,0.85496,0.85634,0.85735,0.85911,4392407.0
KS,cc,1998,0.27383,0.27448,0.27736,0.27922,1290577.0
KS,cc,1999,0.29741,0.29629,0.29405,0.29334,1076285.0
KS,cc,2000,0.30374,0.30124,0.29592,0.29401,982549.0
KS,cc,2001,0.30456,0.30684,0.31346,0.31679,1000775.0
KS,cc,2002,0.28282,0.28465,0.29003,0.29273,1282437.0
KS,cc,2003,0.2624,0.26133,0.25905,0.25826,1362368.0
KS,cc,2004,0.28539,0.28472,0.28329,0.28281,1339627.0
KS,cc,2005,0.29669,0.29328,0.2866,0.28445,1351532.0
KS,cc,2006,0.27658,0.2781,0.28267,0.28501,1431580.0
KS,cc,2007,0.27331,0.27424,0.27683,0.27808,1432201.0
KS,cc,2008,0.28523,0.28478,0.28376,0.28337,1493347.0
KS,cc,2009,0.26105,0.25936,0.25581,0.25457,1559918.0
KS,cc,2010,0.24699,0.24989,0.25777,0.26149,1751020.0
KS,cc,2011,0.2682,0.27145,0.28023,0.28434,1811876.0
KS,cc,2012,0.28469,0.28422,0.28317,0.28278,1807231.0
KS,cc,2013,0.30211,0.30172,0.30087,0.30057,1790020.0
KS,cc,2014,0.31443,0.31234,0.30732,0.30526,1727107.0
KS,cc,2015,0.33167,0.33016,0.32663,0.32523,1673365.0
KS,cc,2016,0.32331,0.32228,0.31978,0.31873,1642019.0
KS,cc,2017,0.31603,0.31682,0.31897,0.31999,1630490.0
KS,cc,2018,0.33036,0.33042,0.33065,0.33078,1605536.0
KS,cc,2019,0.35248,0.35139,0.34863,0.34744,1564846.0
KS,cc,2020,0.3456,0.34553,0.34544,0.34544,1526929.0
KS,cc,2021,0.36452,0.36105,0.35242,0.34872,1423779.0
KS,cc,2022,0.37635,0.37408,0.36841,0.36597,1362759.0
KS,cc,2023,0.39135,0.39228,0.39485,0.39607,1351178.0
KS,cc,2024,0.3747,0.37512,0.37641,0.37709,1389609.0
KS,pub,1998,0.79556,0.7891,0.78649,0.78329,1721211.0
KS,pub,1999,0.77964,0.78133,0.7826,0.78481,1751580.0
KS,pub,2000,0.76338,0.78018,0.78811,0.79917,1799330.0
KS,pub,2001,0.7829,0.81307,0.82756,0.84805,1811111.0
KS,pub,2002,0.7335,0.76444,0.77937,0.80054,1376521.0
KS,pub,2003,0.78399,0.79308,0.79734,0.80323,1933488.0
KS,pub,2004,0.79113,0.79396,0.79546,0.79771,1956475.0
KS,pub,2005,0.80421,0.8068,0.80818,0.81027,1973589.0
KS,pub,2006,0.8499,0.8511,0.85171,0.85262,1937033.0
KS,pub,2007,0.84269,0.84005,0.83888,0.83733,1974815.0
KS,pub,2008,0.82929,0.82802,0.8275,0.82685,1974165.0
KS,pub,2009,0.83922,0.84566,0.84869,0.85292,1998221.0
KS,pub,2010,0.8332,0.84124,0.845,0.85023,2046491.0
KS,pub,2011,0.82502,0.82607,0.82664,0.8275,2074705.0
KS,pub,2012,0.88388,0.88023,0.87885,0.87725,2065456.0
KS,pub,2013,0.90481,0.90702,0.90829,0.91028,2071651.0
KS,pub,2014,0.89835,0.90985,0.91523,0.9227,2070664.0
KS,pub,2015,0.87552,0.88751,0.89312,0.9009,2074424.0
KS,pub,2016,0.91578,0.92107,0.92362,0.92724,2070174.0
KS,pub,2017,0.92435,0.92399,0.92391,0.92388,2046164.0
KS,pub,2018,0.96179,0.95955,0.95863,0.95749,2024905.0
KS,pub,2019,0.97616,0.97568,0.97559,0.97559,2005674.0
KS,pub,2020,1.01725,1.01545,1.01479,1.01404,1971543.0
KS,pub,2021,1.06345,1.04664,1.03914,1.02911,1886005.0
KS,pub,2022,1.07501,1.05174,1.04137,1.02752,1790000.0
KS,pub,2023,1.01656,1.00343,0.99765,0.99001,1760407.0
KS,pub,2024,1.00224,1.01531,1.02169,1.03077,1819213.0
KY,cc,1998,0.25126,0.25054,0.24875,0.24798,861086.0
KY,cc,1999,0.18045,0.18041,0.18034,0.18032,710564.0
KY,cc,2000,0.26426,0.2637,0.26247,0.26201,793544.0
KY,cc,2001,0.20889,0.21126,0.21759,0.2205,1064796.0
KY,cc,2002,0.17886,0.1774,0.17398,0.1726,1030865.0
KY,cc,2003,0.21246,0.21199,0.21104,0.21073,1318005.0
KY,cc,2004,0.22829,0.22678,0.22312,0.22158,1368759.0
KY,cc,2005,0.23026,0.22757,0.22109,0.2184,1392021.0
KY,cc,2006,0.26506,0.26909,0.28023,0.28558,1335996.0
KY,cc,2007,0.28745,0.29514,0.31733,0.32849,1323968.0
KY,cc,2008,0.27446,0.27759,0.28599,0.28989,1417230.0
KY,cc,2009,0.28105,0.28199,0.28451,0.28567,1426726.0
KY,cc,2010,0.25286,0.25597,0.26442,0.26837,1725074.0
KY,cc,2011,0.25821,0.26016,0.26533,0.26769,1835262.0
KY,cc,2012,0.30027,0.29861,0.29446,0.29267,1788613.0
KY,cc,2013,0.32215,0.32275,0.32439,0.32516,1652770.0
KY,cc,2014,0.36233,0.36015,0.35467,0.35229,1584922.0
KY,cc,2015,0.38627,0.38366,0.37708,0.37422,1494122.0
KY,cc,2016,0.41618,0.41251,0.40333,0.39936,1392970.0
KY,cc,2017,0.43772,0.43438,0.42613,0.4226,1363886.0
KY,cc,2018,0.43374,0.43565,0.44084,0.44329,1334759.0
KY,cc,2019,0.44463,0.44938,0.46219,0.46818,1331210.0
KY,cc,2020,0.44961,0.45046,0.45285,0.45401,1329948.0
KY,cc,2021,0.51179,0.5042,0.48533,0.47723,1212329.0
KY,cc,2022,0.49651,0.493,0.48418,0.48037,1177004.0
KY,cc,2023,0.46683,0.46959,0.47681,0.48007,1235137.0
KY,cc,2024,0.44379,0.44654,0.45378,0.45708,1310083.0
KY,pub,1998,0.65404,0.65557,0.65632,0.6574,2256920.0
KY,pub,1999,0.66823,0.67407,0.67679,0.68056,2248519.0
KY,pub,2000,0.65744,0.66715,0.6717,0.67803,2276374.0
KY,pub,2001,0.66055,0.67124,0.67631,0.68342,2260013.0
KY,pub,2002,0.68952,0.7015,0.7072,0.71519,2257655.0
KY,pub,2003,0.67609,0.69497,0.70391,0.7164,2261580.0
KY,pub,2004,0.66955,0.69616,0.70885,0.72669,2400550.0
KY,pub,2005,0.702,0.72435,0.73502,0.75,2404621.0
KY,pub,2006,0.71724,0.726,0.73017,0.73601,2504167.0
KY,pub,2007,0.71861,0.72157,0.72301,0.72506,2540418.0
KY,pub,2008,0.73471,0.73958,0.74193,0.74526,2527456.0
KY,pub,2009,0.72903,0.73724,0.74111,0.7465,2553226.0
KY,pub,2010,0.73495,0.7433,0.74719,0.75257,2600898.0
KY,pub,2011,0.74313,0.74899,0.75176,0.7556,2629447.0
KY,pub,2012,0.7613,0.76619,0.76848,0.77166,2617361.0
KY,pub,2013,0.77112,0.77628,0.77873,0.78214,2642716.0
KY,pub,2014,0.79253,0.80095,0.80504,0.81087,2652471.0
KY,pub,2015,0.80332,0.81381,0.81885,0.82596,2668371.0
KY,pub,2016,0.83264,0.84201,0.84659,0.85313,2655417.0
KY,pub,2017,0.86627,0.86892,0.87043,0.87278,2620400.0
KY,pub,2018,0.90759,0.90328,0.9014,0.89892,2572056.0
KY,pub,2019,0.93009,0.9201,0.91559,0.9095,2493424.0
KY,pub,2020,0.94906,0.93829,0.93354,0.92728,2450046.0
KY,pub,2021,0.92142,0.9139,0.91065,0.90641,2421564.0
KY,pub,2022,0.94338,0.93385,0.92963,0.92403,2319968.0
KY,pub,2023,0.9223,0.92027,0.91945,0.91843,2332151.0
KY,pub,2024,0.88849,0.8994,0.90486,0.91277,2394760.0
LA,cc,1998,0.21099,0.21049,0.20944,0.20908,590939.0
LA,cc,1999,0.1972,0.1966,0.19573,0.19567,542792.0
LA,cc,2000,0.22356,0.22335,0.2232,0.22331,563343.0
LA,cc,2001,0.25328,0.25361,0.25512,0.25609,515718.0
LA,cc,2002,0.20254,0.20403,0.20822,0.21028,730229.0
LA,cc,2003,0.15025,0.14962,0.14851,0.14824,1177604.0
LA,cc,2004,0.1582,0.1573,0.1559,0.15564,1244743.0
LA,cc,2005,0.14452,0.14337,0.14093,0.14007,1343889.0
LA,cc,2006,0.15626,0.15457,0.15188,0.15126,950332.0
LA,cc,2007,0.15916,0.15828,0.15673,0.15638,1043077.0
LA,cc,2008,0.14829,0.14916,0.15156,0.15272,1138183.0
LA,cc,2009,0.14622,0.14678,0.14837,0.14915,1267559.0
LA,cc,2010,0.13084,0.13308,0.1391,0.14192,1589362.0
LA,cc,2011,0.13574,0.13888,0.14755,0.1517,1689808.0
LA,cc,2012,0.15931,0.16133,0.16679,0.16935,1672253.0
LA,cc,2013,0.16535,0.16489,0.16382,0.16341,1563968.0
LA,cc,2014,0.19274,0.1921,0.19055,0.18992,1499521.0
LA,cc,2015,0.20507,0.2045,0.20313,0.20255,1379834.0
LA,cc,2016,0.22177,0.22055,0.21765,0.21647,1389517.0
LA,cc,2017,0.22932,0.22836,0.22611,0.2252,1284406.0
LA,cc,2018,0.23239,0.2312,0.22851,0.22747,1215817.0
LA,cc,2019,0.23368,0.23438,0.2363,0.23722,1293042.0
LA,cc,2020,0.22519,0.22554,0.22651,0.22698,1331918.0
LA,cc,2021,0.24808,0.2449,0.23701,0.23364,1218707.0
LA,cc,2022,0.2672,0.26538,0.26079,0.2588,1127237.0
LA,cc,2023,0.26744,0.26934,0.27439,0.27672,1175611.0
LA,cc,2024,0.26695,0.26889,0.27403,0.27639,1233043.0
LA,pub,1998,0.53544,0.54406,0.54849,0.55503,3574489.0
LA,pub,1999,0.52984,0.53701,0.54068,0.54609,3665522.0
LA,pub,2000,0.61263,0.62444,0.63032,0.63883,3163314.0
LA,pub,2001,0.59469,0.60447,0.60934,0.61637,3414490.0
LA,pub,2002,0.58899,0.59212,0.59384,0.59648,3534869.0
LA,pub,2003,0.59654,0.5934,0.59219,0.59077,3604395.0
LA,pub,2004,0.5951,0.59997,0.60237,0.60581,3632441.0
LA,pub,2005,0.58776,0.60012,0.60593,0.61399,3349920.0
LA,pub,2006,0.60006,0.60187,0.60308,0.60509,3456947.0
LA,pub,2007,0.63732,0.61759,0.60968,0.59991,3382959.0
LA,pub,2008,0.65991,0.63231,0.62053,0.60528,3293984.0
LA,pub,2009,0.67762,0.66002,0.65227,0.64201,3271474.0
LA,pub,2010,0.67268,0.67271,0.67318,0.67433,3286059.0
LA,pub,2011,0.69587,0.69389,0.6932,0.69248,3293120.0
LA,pub,2012,0.70895,0.70426,0.70236,0.70001,3262591.0
LA,pub,2013,0.74017,0.73467,0.73242,0.72962,3111172.0
LA,pub,2014,0.74971,0.74724,0.74629,0.74516,3089981.0
LA,pub,2015,0.72976,0.72936,0.72934,0.72949,3077513.0
LA,pub,2016,0.73796,0.74306,0.74562,0.74933,3096169.0
LA,pub,2017,0.74799,0.75753,0.76216,0.76874,3117310.0
LA,pub,2018,0.75479,0.76264,0.7665,0.77202,3096160.0
LA,pub,2019,0.77152,0.77857,0.7821,0.78723,3109492.0
LA,pub,2020,0.78351,0.78818,0.79049,0.79379,3067415.0
LA,pub,2021,0.77481,0.78087,0.78398,0.78858,3078490.0
LA,pub,2022,0.79659,0.79779,0.79878,0.80058,2995155.0
LA,pub,2023,0.77495,0.76957,0.76761,0.76542,2970833.0
LA,pub,2024,0.75041,0.75106,0.75179,0.75322,3080300.0
MA,cc,1998,0.31255,0.31117,0.30805,0.30685,1412695.0
MA,cc,1999,0.29182,0.29352,0.29817,0.30037,1467224.0
MA,cc,2000,0.30321,0.30473,0.30898,0.31104,1365784.0
MA,cc,2001,0.30039,0.30224,0.3072,0.30949,1312514.0
MA,cc,2002,0.28123,0.28277,0.28684,0.28871,1484475.0
MA,cc,2003,0.29162,0.29205,0.29333,0.29398,1605637.0
MA,cc,2004,0.30107,0.30104,0.30107,0.30113,1649919.0
MA,cc,2005,0.32759,0.32828,0.33019,0.33112,1604609.0
MA,cc,2006,0.31838,0.31817,0.31771,0.31755,1596562.0
MA,cc,2007,0.30559,0.30494,0.30336,0.30269,1638475.0
MA,cc,2008,0.30581,0.30723,0.31105,0.31282,1695756.0
MA,cc,2009,0.29802,0.29958,0.3038,0.30577,1805933.0
MA,cc,2010,0.28924,0.29229,0.30039,0.30412,2020072.0
MA,cc,2011,0.29709,0.29657,0.29527,0.29471,2047479.0
MA,cc,2012,0.32094,0.31933,0.31535,0.31365,2037973.0
MA,cc,2013,0.3285,0.32806,0.327,0.32656,2055549.0
MA,cc,2014,0.35366,0.35364,0.35366,0.35369,2013647.0
MA,cc,2015,0.3744,0.37245,0.36751,0.36536,1937809.0
MA,cc,2016,0.38315,0.37955,0.37059,0.36675,1861131.0
MA,cc,2017,0.39952,0.39751,0.39246,0.39027,1758462.0
MA,cc,2018,0.39739,0.39717,0.3968,0.39672,1686361.0
MA,cc,2019,0.40831,0.40533,0.39795,0.39481,1576151.0
MA,cc,2020,0.38993,0.38732,0.38081,0.378,1509972.0
MA,cc,2021,0.43841,0.42966,0.40809,0.39891,1320943.0
MA,cc,2022,0.44521,0.44179,0.43322,0.42952,1205230.0
MA,cc,2023,0.40546,0.4048,0.40321,0.40256,1161499.0
MA,cc,2024,0.36106,0.36334,0.3697,0.37278,1304675.0
MA,pub,1998,0.67572,0.66902,0.6664,0.6633,2272694.0
MA,pub,1999,0.63684,0.63149,0.62919,0.62619,2302900.0
MA,pub,2000,0.75658,0.75326,0.75202,0.75062,2026925.0
MA,pub,2001,0.76634,0.76638,0.76687,0.76796,1825897.0
MA,pub,2002,0.73913,0.74529,0.74828,0.75253,1966910.0
MA,pub,2003,0.76585,0.77107,0.7736,0.77727,2083251.0
MA,pub,2004,0.76713,0.77488,0.77883,0.78461,2095494.0
MA,pub,2005,0.76791,0.77754,0.78225,0.789,2161356.0
MA,pub,2006,0.76756,0.78808,0.79773,0.81123,2195541.0
MA,pub,2007,0.77396,0.80505,0.81981,0.8406,2248403.0
MA,pub,2008,0.77311,0.80083,0.81418,0.83316,2304758.0
MA,pub,2009,0.77046,0.78986,0.79923,0.81251,2404246.0
MA,pub,2010,0.78982,0.79785,0.80172,0.80721,2477195.0
MA,pub,2011,0.8086,0.81625,0.8199,0.825,2552407.0
MA,pub,2012,0.83335,0.84518,0.85083,0.85878,2616351.0
MA,pub,2013,0.85978,0.87186,0.87769,0.88593,2651209.0
MA,pub,2014,0.88208,0.89346,0.89887,0.90645,2693098.0
MA,pub,2015,0.90402,0.91418,0.91896,0.92561,2711544.0
MA,pub,2016,0.91601,0.92776,0.93333,0.94111,2743797.0
MA,pub,2017,0.94434,0.95247,0.95633,0.96177,2753989.0
MA,pub,2018,0.95981,0.96553,0.96834,0.97237,2756485.0
MA,pub,2019,0.96255,0.97637,0.9831,0.9927,2728326.0
MA,pub,2020,0.95785,0.98296,0.99505,1.01214,2712064.0
MA,pub,2021,0.97619,0.99175,0.99924,1.00984,2631747.0
MA,pub,2022,1.00081,0.98752,0.98168,0.97394,2478940.0
MA,pub,2023,1.00372,0.98243,0.97304,0.96059,2416754.0
MA,pub,2024,0.96006,0.95393,0.95136,0.94808,2375924.0
MD,cc,1998,0.24546,0.24494,0.24383,0.24344,1349522.0
MD,cc,1999,0.24975,0.25,0.2508,0.25123,1313657.0
MD,cc,2000,0.25383,0.25484,0.25827,0.26023,1646871.0
MD,cc,2001,0.23431,0.23431,0.23434,0.23436,1658800.0
MD,cc,2002,0.23605,0.23738,0.2412,0.24307,1838511.0
MD,cc,2003,0.24365,0.24619,0.25288,0.25593,1947386.0
MD,cc,2004,0.24598,0.2478,0.2526,0.25479,2048962.0
MD,cc,2005,0.25607,0.2589,0.26681,0.27064,2130588.0
MD,cc,2006,0.2607,0.25936,0.25609,0.25472,2178169.0
MD,cc,2007,0.26236,0.26296,0.26473,0.26563,2219469.0
MD,cc,2008,0.26836,0.26883,0.27021,0.27089,2292779.0
MD,cc,2009,0.26015,0.26067,0.26224,0.26305,2393056.0
MD,cc,2010,0.24629,0.24877,0.2553,0.25828,2718741.0
MD,cc,2011,0.26831,0.26973,0.27346,0.27516,2825635.0
MD,cc,2012,0.29476,0.29419,0.29285,0.29231,2819625.0
MD,cc,2013,0.31262,0.3115,0.30872,0.30753,2738624.0
MD,cc,2014,0.33513,0.33461,0.33334,0.33281,2613700.0
MD,cc,2015,0.36199,0.35994,0.35477,0.35252,2511764.0
MD,cc,2016,0.37891,0.377,0.3722,0.37011,2394883.0
MD,cc,2017,0.39416,0.39392,0.39339,0.3932,2279812.0
MD,cc,2018,0.40877,0.40658,0.4011,0.39874,2197769.0
MD,cc,2019,0.42092,0.41905,0.4144,0.41241,2124617.0
MD,cc,2020,0.41923,0.41769,0.41382,0.41214,2071952.0
MD,cc,2021,0.45054,0.44702,0.43821,0.43439,2000010.0
MD,cc,2022,0.48739,0.4823,0.46956,0.46404,1753392.0
MD,cc,2023,0.46486,0.46405,0.46206,0.46123,1749827.0
MD,cc,2024,0.42158,0.42483,0.43338,0.43726,1891587.0
MD,pub,1998,0.78148,0.81301,0.8283,0.85005,2775815.0
MD,pub,1999,0.80417,0.84229,0.8609,0.88753,2693244.0
MD,pub,2000,0.81555,0.84944,0.86576,0.88886,2387776.0
MD,pub,2001,0.86199,0.88727,0.89926,0.91603,2432200.0
MD,pub,2002,0.83109,0.84903,0.8575,0.86929,2621821.0
MD,pub,2003,0.83661,0.85478,0.86404,0.87776,2710884.0
MD,pub,2004,0.85573,0.86608,0.87367,0.88789,2630962.0
MD,pub,2005,0.88968,0.90787,0.92246,0.95233,2677429.0
MD,pub,2006,0.87884,0.89706,0.9059,0.91848,2823574.0
MD,pub,2007,0.88019,0.92296,0.94539,0.9793,2842759.0
MD,pub,2008,0.86163,0.89789,0.91629,0.94339,2938703.0
MD,pub,2009,0.85819,0.87284,0.87984,0.88967,3038053.0
MD,pub,2010,0.84971,0.84882,0.84869,0.84879,3158286.0
MD,pub,2011,0.88108,0.8745,0.87162,0.86783,3215536.0
MD,pub,2012,0.92076,0.92059,0.92078,0.92132,3289335.0
MD,pub,2013,0.94466,0.94763,0.94951,0.95261,3300244.0
MD,pub,2014,0.96166,0.95721,0.95535,0.95302,3300842.0
MD,pub,2015,0.98202,0.97505,0.97226,0.96887,3405807.0
MD,pub,2016,0.98817,0.97765,0.97335,0.96798,3511592.0
MD,pub,2017,0.99336,1.00112,1.00511,1.011,3564041.0
MD,pub,2018,1.00389,1.02321,1.0328,1.04667,3599974.0
MD,pub,2019,1.00833,1.01692,1.02242,1.03153,3626261.0
MD,pub,2020,1.03031,1.02745,1.02708,1.02745,3644003.0
MD,pub,2021,1.07914,1.05407,1.04318,1.02888,3579843.0
MD,pub,2022,1.10924,1.09831,1.0936,1.08746,3457401.0
MD,pub,2023,1.05597,1.06366,1.06761,1.07343,3460448.0
MD,pub,2024,1.0213,1.07809,1.10615,1.14659,3601128.0
ME,cc,1998,0.4526,0.4514,0.44959,0.44939,142246.0
ME,cc,1999,0.39782,0.40009,0.40607,0.40881,148407.0
ME,cc,2000,0.42533,0.42471,0.42349,0.42312,150096.0
ME,cc,2001,0.4152,0.41788,0.42511,0.42849,154915.0
ME,cc,2002,0.35893,0.36183,0.36958,0.37316,173016.0
ME,cc,2003,0.36041,0.36748,0.38654,0.39544,196941.0
ME,cc,2004,0.3385,0.34521,0.36337,0.37188,233621.0
ME,cc,2005,0.34495,0.34686,0.35248,0.35532,251164.0
ME,cc,2006,0.38581,0.38675,0.38928,0.39046,246029.0
ME,cc,2007,0.37191,0.3733,0.37699,0.37869,258289.0
ME,cc,2008,0.3514,0.35145,0.35175,0.35196,264658.0
ME,cc,2009,0.35491,0.35548,0.35707,0.35784,290944.0
ME,cc,2010,0.33105,0.33224,0.33559,0.33721,333304.0
ME,cc,2011,0.35697,0.35966,0.36683,0.37014,361876.0
ME,cc,2012,0.37863,0.37815,0.37694,0.37642,365898.0
ME,cc,2013,0.4028,0.40048,0.39467,0.39216,353330.0
ME,cc,2014,0.41094,0.40928,0.40517,0.40341,345302.0
ME,cc,2015,0.42531,0.42426,0.42162,0.42047,333919.0
ME,cc,2016,0.45346,0.45387,0.45518,0.45588,319408.0
ME,cc,2017,0.44629,0.44684,0.44836,0.44909,310696.0
ME,cc,2018,0.45717,0.45637,0.45437,0.45351,299230.0
ME,cc,2019,0.44417,0.44322,0.44082,0.43977,293128.0
ME,cc,2020,0.42238,0.42351,0.42653,0.42792,299165.0
ME,cc,2021,0.45242,0.44832,0.43815,0.4338,266170.0
ME,cc,2022,0.44464,0.44038,0.42963,0.42494,246672.0
ME,cc,2023,0.38592,0.39531,0.42082,0.43281,285760.0
ME,cc,2024,0.34665,0.35735,0.38648,0.40023,349281.0
ME,pub,1998,0.72296,0.71499,0.71167,0.70748,578956.0
ME,pub,1999,0.69028,0.69792,0.70168,0.70706,589931.0
ME,pub,2000,0.67262,0.69089,0.69954,0.71163,601232.0
ME,pub,2001,0.68499,0.7056,0.71551,0.72949,565934.0
ME,pub,2002,0.66943,0.68664,0.69497,0.70677,583657.0
ME,pub,2003,0.67649,0.68999,0.69629,0.70501,609764.0
ME,pub,2004,0.66926,0.68092,0.68642,0.69408,686731.0
ME,pub,2005,0.70164,0.71225,0.7175,0.7251,706434.0
ME,pub,2006,0.7565,0.75778,0.75859,0.75994,693664.0
ME,pub,2007,0.77517,0.77438,0.77417,0.77406,698249.0
ME,pub,2008,0.78585,0.78868,0.79022,0.79255,688378.0
ME,pub,2009,0.75494,0.76358,0.76776,0.77367,683105.0
ME,pub,2010,0.76564,0.76984,0.77181,0.77452,690399.0
ME,pub,2011,0.82164,0.81561,0.81296,0.80945,677227.0
ME,pub,2012,0.83755,0.82246,0.81612,0.80807,664082.0
ME,pub,2013,0.80108,0.79157,0.78766,0.78279,657909.0
ME,pub,2014,0.79132,0.79126,0.79156,0.79231,650937.0
ME,pub,2015,0.80708,0.80065,0.79832,0.79574,640757.0
ME,pub,2016,0.83965,0.82561,0.81973,0.81226,629766.0
ME,pub,2017,0.80712,0.79667,0.79208,0.78604,634036.0
ME,pub,2018,0.82238,0.82747,0.83011,0.83401,632481.0
ME,pub,2019,0.79697,0.81314,0.82098,0.83212,634507.0
ME,pub,2020,0.81303,0.82299,0.82776,0.83445,631268.0
ME,pub,2021,0.86147,0.85546,0.85282,0.84934,592290.0
ME,pub,2022,0.87621,0.86118,0.85451,0.84564,601705.0
ME,pub,2023,0.88879,0.8647,0.85414,0.84019,571451.0
ME,pub,2024,0.95257,0.91524,0.89879,0.87698,550637.0
MI,cc,1998,0.29301,0.29276,0.29238,0.29232,3383077.0
MI,cc,1999,0.30993,0.30923,0.30769,0.30713,3193095.0
MI,cc,2000,0.26018,0.26207,0.26783,0.27082,3337137.0
MI,cc,2001,0.27197,0.27185,0.27192,0.27213,2289738.0
MI,cc,2002,0.1821,0.18307,0.18593,0.18736,3258001.0
MI,cc,2003,0.23239,0.23232,0.23255,0.23283,3672198.0
MI,cc,2004,0.23702,0.23488,0.22979,0.22772,4215866.0
MI,cc,2005,0.24645,0.24483,0.24102,0.23949,3938650.0
MI,cc,2006,0.23939,0.24167,0.24851,0.25207,4043457.0
MI,cc,2007,0.24542,0.24755,0.25354,0.25645,4382105.0
MI,cc,2008,0.25752,0.25715,0.25646,0.25628,4478521.0
MI,cc,2009,0.25222,0.25195,0.25139,0.25119,4629089.0
MI,cc,2010,0.23935,0.24191,0.24884,0.2521,5126370.0
MI,cc,2011,0.25706,0.2583,0.26163,0.26317,5073849.0
MI,cc,2012,0.30232,0.30208,0.30158,0.30141,5081281.0
MI,cc,2013,0.3384,0.33602,0.33016,0.32766,4844391.0
MI,cc,2014,0.35352,0.35117,0.34547,0.34308,4491735.0
MI,cc,2015,0.38383,0.38317,0.38218,0.38208,4195811.0
MI,cc,2016,0.38363,0.38539,0.39106,0.39413,3935180.0
MI,cc,2017,0.38974,0.38763,0.38291,0.38112,3713216.0
MI,cc,2018,0.38987,0.38806,0.38368,0.38184,3564758.0
MI,cc,2019,0.39612,0.39468,0.39112,0.38959,3404580.0
MI,cc,2020,0.38008,0.38035,0.38113,0.38152,3275276.0
MI,cc,2021,0.39424,0.38995,0.37991,0.37588,3002874.0
MI,cc,2022,0.406,0.40497,0.40247,0.40142,2963067.0
MI,cc,2023,0.42963,0.42897,0.42737,0.42672,2884596.0
MI,cc,2024,0.4077,0.40873,0.41152,0.41282,2978921.0
MI,pub,1998,0.77804,0.79878,0.80856,0.82218,5201272.0
MI,pub,1999,0.75438,0.77619,0.78649,0.80085,5314379.0
MI,pub,2000,0.76668,0.78713,0.79682,0.81034,5495938.0
MI,pub,2001,0.7576,0.77705,0.78633,0.79937,5529267.0
MI,pub,2002,0.75972,0.7776,0.78609,0.79797,5738692.0
MI,pub,2003,0.78362,0.79309,0.79753,0.8037,5845631.0
MI,pub,2004,0.80525,0.80899,0.81079,0.81333,5842219.0
MI,pub,2005,0.79501,0.79895,0.80093,0.8038,5957066.0
MI,pub,2006,0.78888,0.7965,0.80024,0.80559,6050946.0
MI,pub,2007,0.81692,0.8229,0.8258,0.82993,6032133.0
MI,pub,2008,0.82442,0.82617,0.82706,0.82837,6089027.0
MI,pub,2009,0.81207,0.81703,0.8194,0.82276,6161505.0
MI,pub,2010,0.81218,0.81804,0.82086,0.82483,6290745.0
MI,pub,2011,0.81254,0.81477,0.81589,0.81753,6375638.0
MI,pub,2012,0.83226,0.82984,0.82883,0.82753,6379552.0
MI,pub,2013,0.85106,0.8502,0.84994,0.84972,6358270.0
MI,pub,2014,0.86956,0.87076,0.8716,0.87304,6322064.0
MI,pub,2015,0.88982,0.89121,0.8921,0.89354,6294286.0
MI,pub,2016,0.91057,0.91262,0.91363,0.91506,6242034.0
MI,pub,2017,0.94208,0.94619,0.94815,0.95092,6191205.0
MI,pub,2018,0.95328,0.95721,0.95912,0.96184,6133874.0
MI,pub,2019,0.95414,0.95719,0.95876,0.96107,6075387.0
MI,pub,2020,0.97676,0.97724,0.97771,0.9786,6014768.0
MI,pub,2021,1.01819,1.00713,1.00245,0.99643,5796011.0
MI,pub,2022,1.0293,1.00885,0.99996,0.98829,5526742.0
MI,pub,2023,1.00697,0.99202,0.98557,0.97716,5397373.0
MI,pub,2024,0.96065,0.96317,0.96448,0.96643,5529590.0
MN,cc,1998,0.2749,0.26978,0.25811,0.25357,1644573.0
MN,cc,1999,0.29409,0.28892,0.27723,0.27273,1346731.0
MN,cc,2000,0.24631,0.25606,0.2839,0.29769,1931214.0
MN,cc,2001,0.23751,0.24176,0.25341,0.25893,2050761.0
MN,cc,2002,0.23923,0.23958,0.24054,0.241,2199065.0
MN,cc,2003,0.25276,0.25262,0.25237,0.25231,2327717.0
MN,cc,2004,0.26128,0.26099,0.26037,0.26015,2399713.0
MN,cc,2005,0.28221,0.28345,0.28759,0.28991,2401150.0
MN,cc,2006,0.29038,0.28868,0.2846,0.28293,2368105.0
MN,cc,2007,0.2939,0.28921,0.27756,0.27256,2412896.0
MN,cc,2008,0.2931,0.29169,0.28812,0.28656,2507438.0
MN,cc,2009,0.29349,0.29342,0.29331,0.2933,2602030.0
MN,cc,2010,0.28293,0.2843,0.28789,0.28952,2890727.0
MN,cc,2011,0.31124,0.31007,0.30712,0.30583,2937939.0
MN,cc,2012,0.33959,0.33631,0.32808,0.32452,2832046.0
MN,cc,2013,0.35515,0.35341,0.34902,0.34711,2777752.0
MN,cc,2014,0.38013,0.37837,0.37394,0.37201,2653754.0
MN,cc,2015,0.38181,0.37955,0.37389,0.37143,2531307.0
MN,cc,2016,0.38956,0.38802,0.38413,0.38243,2436299.0
MN,cc,2017,0.3826,0.38171,0.3795,0.37855,2351861.0
MN,cc,2018,0.3812,0.3807,0.37947,0.37896,2304954.0
MN,cc,2019,0.38336,0.38259,0.38069,0.37987,2261920.0
MN,cc,2020,0.36677,0.36568,0.36297,0.36179,2206200.0
MN,cc,2021,0.39572,0.3919,0.38233,0.37818,2065567.0
MN,cc,2022,0.43114,0.4283,0.42115,0.41804,1926322.0
MN,cc,2023,0.3976,0.39978,0.40638,0.40984,1903368.0
MN,cc,2024,0.38514,0.38731,0.39313,0.39582,1985368.0
MN,pub,1998,0.79005,0.79766,0.80127,0.8063,2311446.0
MN,pub,1999,0.57498,0.58388,0.58809,0.59394,3167576.0
MN,pub,2000,0.71078,0.74459,0.76084,0.78377,2367234.0
MN,pub,2001,0.67976,0.72331,0.74494,0.77631,2527677.0
MN,pub,2002,0.69322,0.73984,0.76346,0.79828,2522760.0
MN,pub,2003,0.68113,0.7075,0.72078,0.74035,2906498.0
MN,pub,2004,0.72999,0.73647,0.73949,0.74366,2891786.0
MN,pub,2005,0.74598,0.74224,0.74104,0.73983,2885958.0
MN,pub,2006,0.76338,0.7521,0.74769,0.74232,2896505.0
MN,pub,2007,0.76834,0.75832,0.75428,0.74929,2917627.0
MN,pub,2008,0.78581,0.78346,0.78252,0.78137,2892840.0
MN,pub,2009,0.78983,0.7943,0.79651,0.79969,2922566.0
MN,pub,2010,0.76228,0.76986,0.77347,0.77852,3066502.0
MN,pub,2011,0.77812,0.77988,0.78075,0.782,3130244.0
MN,pub,2012,0.83361,0.829,0.82706,0.8246,3108233.0
MN,pub,2013,0.85269,0.8496,0.84831,0.84668,3056100.0
MN,pub,2014,0.86113,0.86216,0.86315,0.86504,3006031.0
MN,pub,2015,0.88598,0.88783,0.88927,0.89187,2949600.0
MN,pub,2016,0.89167,0.89142,0.89153,0.89191,2909586.0
MN,pub,2017,0.90392,0.90939,0.9121,0.91602,2888818.0
MN,pub,2018,0.91563,0.92472,0.92913,0.9354,2866561.0
MN,pub,2019,0.925,0.93203,0.9357,0.94118,2817862.0
MN,pub,2020,0.94144,0.94159,0.94221,0.9436,2735190.0
MN,pub,2021,0.99653,0.98285,0.97711,0.96981,2609569.0
MN,pub,2022,0.98286,0.96141,0.95222,0.94028,2474826.0
MN,pub,2023,0.97611,0.95876,0.95158,0.94254,2413324.0
MN,pub,2024,0.91898,0.915,0.91349,0.91173,2414690.0
MO,cc,1998,0.27476,0.27529,0.27683,0.2776,1404557.0
MO,cc,1999,0.26492,0.26649,0.2706,0.27247,1420705.0
MO,cc,2000,0.25578,0.25793,0.26363,0.26624,1138179.0
MO,cc,2001,0.24167,0.24301,0.24686,0.24874,1647070.0
MO,cc,2002,0.24868,0.25011,0.25424,0.25629,1552088.0
MO,cc,2003,0.26636,0.26818,0.27308,0.27537,1726172.0
MO,cc,2004,0.27386,0.27524,0.27904,0.28086,1791735.0
MO,cc,2005,0.28414,0.28448,0.28545,0.28593,1773143.0
MO,cc,2006,0.28252,0.28367,0.2869,0.28846,1775243.0
MO,cc,2007,0.28524,0.28575,0.28717,0.28785,1790708.0
MO,cc,2008,0.28327,0.2836,0.28455,0.28501,1857616.0
MO,cc,2009,0.26449,0.26584,0.2694,0.27102,1982004.0
MO,cc,2010,0.24941,0.25382,0.26556,0.27097,2306092.0
MO,cc,2011,0.25816,0.26034,0.26611,0.26875,2406871.0
MO,cc,2012,0.2839,0.28856,0.30258,0.30989,2361712.0
MO,cc,2013,0.3167,0.32096,0.33387,0.34062,2253204.0
MO,cc,2014,0.34493,0.34567,0.34782,0.34888,2166023.0
MO,cc,2015,0.36233,0.36128,0.35863,0.35749,2033647.0
MO,cc,2016,0.37906,0.3747,0.36376,0.35902,1909875.0
MO,cc,2017,0.38927,0.38884,0.38779,0.38735,1848699.0
MO,cc,2018,0.40346,0.40388,0.40501,0.40553,1781437.0
MO,cc,2019,0.41959,0.41863,0.41622,0.41519,1718256.0
MO,cc,2020,0.42085,0.41963,0.41658,0.41527,1668775.0
MO,cc,2021,0.44829,0.44483,0.43618,0.43245,1570362.0
MO,cc,2022,0.45121,0.44947,0.4451,0.44321,1519905.0
MO,cc,2023,0.45621,0.45628,0.45655,0.45671,1501416.0
MO,cc,2024,0.45608,0.45591,0.45553,0.45538,1534616.0
MO,pub,1998,0.76497,0.76727,0.76848,0.7703,2323395.0
MO,pub,1999,0.75829,0.75877,0.75905,0.75949,2554021.0
MO,pub,2000,0.79105,0.79312,0.79415,0.79561,2370337.0
MO,pub,2001,0.78753,0.79398,0.79715,0.80169,2378591.0
MO,pub,2002,0.80127,0.80829,0.81172,0.8166,2567754.0
MO,pub,2003,0.80099,0.80358,0.80493,0.80692,2607685.0
MO,pub,2004,0.81806,0.8188,0.81938,0.82043,2628296.0
MO,pub,2005,0.82708,0.82916,0.83034,0.83218,2638207.0
MO,pub,2006,0.81526,0.82423,0.82858,0.83475,2696033.0
MO,pub,2007,0.81774,0.83187,0.83868,0.84834,2721052.0
MO,pub,2008,0.81793,0.83092,0.83704,0.84556,2726999.0
MO,pub,2009,0.82567,0.83718,0.84264,0.85028,2842566.0
MO,pub,2010,0.82069,0.83173,0.83701,0.84443,2904836.0
MO,pub,2011,0.81111,0.82522,0.83188,0.84116,2986635.0
MO,pub,2012,0.84032,0.85362,0.85987,0.86852,3025137.0
MO,pub,2013,0.8424,0.85164,0.856,0.86207,3047658.0
MO,pub,2014,0.85356,0.85546,0.85649,0.85806,3044983.0
MO,pub,2015,0.88331,0.88346,0.88364,0.88399,3026128.0
MO,pub,2016,0.87311,0.87734,0.87944,0.88246,3100908.0
MO,pub,2017,0.8893,0.88887,0.889,0.88952,3051400.0
MO,pub,2018,0.93344,0.92013,0.9148,0.90828,2980980.0
MO,pub,2019,0.96848,0.94591,0.93633,0.92399,2872267.0
MO,pub,2020,0.98527,0.96344,0.95377,0.94091,2764367.0
MO,pub,2021,0.98647,0.9622,0.952,0.93897,2625617.0
MO,pub,2022,0.97294,0.93824,0.92355,0.90466,2511088.0
MO,pub,2023,0.99721,0.96345,0.94873,0.92934,2430490.0
MO,pub,2024,0.98509,0.97126,0.96512,0.95694,2430715.0
MS,cc,1998,0.25314,0.25481,0.25956,0.2619,1302447.0
MS,cc,1999,0.28448,0.28442,0.28434,0.28436,1324513.0
MS,cc,2000,0.3063,0.30514,0.3023,0.3011,992755.0
MS,cc,2001,0.30739,0.30557,0.30138,0.29974,788583.0
MS,cc,2002,0.27093,0.27334,0.28023,0.28361,1354893.0
MS,cc,2003,0.25836,0.2605,0.26646,0.26932,1064786.0
MS,cc,2004,0.25982,0.25954,0.25918,0.25918,1711435.0
MS,cc,2005,0.27468,0.27362,0.27148,0.27079,1804518.0
MS,cc,2006,0.31484,0.31429,0.31316,0.31279,1524942.0
MS,cc,2007,0.30642,0.30468,0.3004,0.29858,1496560.0
MS,cc,2008,0.29353,0.29334,0.29296,0.29284,1664064.0
MS,cc,2009,0.29236,0.2926,0.29331,0.29367,1763305.0
MS,cc,2010,0.26231,0.26422,0.26931,0.27166,2089487.0
MS,cc,2011,0.28292,0.28457,0.28896,0.29098,2300168.0
MS,cc,2012,0.35299,0.35107,0.34633,0.34431,2079640.0
MS,cc,2013,0.36155,0.35893,0.35243,0.34964,1907312.0
MS,cc,2014,0.36866,0.36619,0.36034,0.35797,1951401.0
MS,cc,2015,0.39772,0.39359,0.38335,0.37898,1924195.0
MS,cc,2016,0.424,0.42101,0.41358,0.41039,1889590.0
MS,cc,2017,0.41321,0.41367,0.41498,0.41562,1911626.0
MS,cc,2018,0.42437,0.42423,0.42407,0.42409,1908012.0
MS,cc,2019,0.44331,0.44371,0.44478,0.44528,1827297.0
MS,cc,2020,0.43944,0.43862,0.43663,0.43579,1823729.0
MS,cc,2021,0.4742,0.46848,0.45418,0.44802,1677137.0
MS,cc,2022,0.48654,0.48021,0.46461,0.45797,1612037.0
MS,cc,2023,0.49879,0.49789,0.49563,0.49465,1579299.0
MS,cc,2024,0.46766,0.46896,0.47259,0.47433,1623095.0
MS,pub,1998,0.71897,0.73902,0.74853,0.76183,1378231.0
MS,pub,1999,0.78706,0.80535,0.81417,0.82663,1383562.0
MS,pub,2000,0.73902,0.74843,0.75336,0.76074,1060318.0
MS,pub,2001,0.77945,0.78629,0.78961,0.79432,1442642.0
MS,pub,2002,0.80358,0.79979,0.7984,0.79684,1499523.0
MS,pub,2003,0.7824,0.77648,0.77458,0.77276,1512431.0
MS,pub,2004,0.78566,0.78069,0.77898,0.7772,1499359.0
MS,pub,2005,0.75927,0.75728,0.75655,0.75572,1548860.0
MS,pub,2006,0.7399,0.74421,0.74632,0.74937,1616485.0
MS,pub,2007,0.76157,0.77305,0.7785,0.78615,1587029.0
MS,pub,2008,0.76528,0.78277,0.79108,0.80274,1604120.0
MS,pub,2009,0.77415,0.7905,0.79833,0.80936,1617199.0
MS,pub,2010,0.75845,0.77069,0.77659,0.78495,1660960.0
MS,pub,2011,0.7645,0.778,0.78449,0.79365,1726065.0
MS,pub,2012,0.75578,0.77952,0.7911,0.80761,1786064.0
MS,pub,2013,0.78059,0.80991,0.82414,0.84436,1802631.0
MS,pub,2014,0.78646,0.81376,0.82668,0.8447,1840156.0
MS,pub,2015,0.78911,0.80538,0.81302,0.82363,1840658.0
MS,pub,2016,0.78981,0.80304,0.80944,0.81852,1906784.0
MS,pub,2017,0.78674,0.80286,0.81073,0.82197,1990799.0
MS,pub,2018,0.81927,0.83105,0.83661,0.84437,1979578.0
MS,pub,2019,0.91685,0.91711,0.91769,0.91897,1872476.0
MS,pub,2020,0.94896,0.93332,0.9269,0.91888,1823409.0
MS,pub,2021,1.01414,0.97968,0.96462,0.94479,1755786.0
MS,pub,2022,1.00661,0.97525,0.96148,0.94325,1549283.0
MS,pub,2023,0.96878,0.96351,0.96165,0.95967,1695802.0
MS,pub,2024,0.92149,0.95534,0.97219,0.99661,1732110.0
MT,cc,1998,0.36294,0.36325,0.36455,0.36536,151432.0
MT,cc,1999,0.33832,0.33651,0.33251,0.33103,148793.0
MT,cc,2000,0.40906,0.41179,0.41913,0.42254,106781.0
MT,cc,2001,0.40341,0.40016,0.39255,0.3895,136834.0
MT,cc,2002,0.34258,0.34113,0.33754,0.33603,155700.0
MT,cc,2003,0.35177,0.34903,0.34403,0.34272,171759.0
MT,cc,2004,0.36361,0.3697,0.38673,0.39498,182669.0
MT,cc,2005,0.39518,0.39765,0.40498,0.40871,141504.0
MT,cc,2006,0.38061,0.38179,0.38571,0.38785,175453.0
MT,cc,2007,0.34736,0.34962,0.35684,0.36076,169620.0
MT,cc,2008,0.3496,0.34604,0.33751,0.33401,175057.0
MT,cc,2009,0.29724,0.29695,0.29721,0.29781,172990.0
MT,cc,2010,0.29172,0.29524,0.30468,0.30908,237144.0
MT,cc,2011,0.342,0.34322,0.3469,0.34878,208596.0
MT,cc,2012,0.38085,0.38034,0.3796,0.37954,203389.0
MT,cc,2013,0.39806,0.39688,0.39404,0.39285,186455.0
MT,cc,2014,0.41711,0.41377,0.40542,0.40182,183403.0
MT,cc,2015,0.43146,0.42702,0.41596,0.41119,167571.0
MT,cc,2016,0.41953,0.41671,0.40966,0.40662,160180.0
MT,cc,2017,0.41084,0.41095,0.41135,0.41158,160063.0
MT,cc,2018,0.40466,0.40478,0.40526,0.40555,163098.0
MT,cc,2019,0.43929,0.43895,0.43819,0.43791,148605.0
MT,cc,2020,0.40854,0.4075,0.4051,0.40416,146276.0
MT,cc,2021,0.41699,0.41236,0.40102,0.39623,139716.0
MT,cc,2022,0.38295,0.38107,0.37641,0.37441,143673.0
MT,cc,2023,0.36606,0.36653,0.36799,0.36876,146041.0
MT,cc,2024,0.36922,0.37028,0.37311,0.37442,139267.0
MT,pub,1998,0.68182,0.70001,0.70877,0.72118,804762.0
MT,pub,1999,0.67926,0.69634,0.70439,0.7156,796310.0
MT,pub,2000,0.71605,0.72905,0.73514,0.7436,776176.0
MT,pub,2001,0.69187,0.70073,0.70492,0.71079,800526.0
MT,pub,2002,0.72453,0.72519,0.72556,0.72612,814216.0
MT,pub,2003,0.71473,0.71232,0.71135,0.71014,822018.0
MT,pub,2004,0.72818,0.73056,0.73179,0.73362,830068.0
MT,pub,2005,0.71346,0.72051,0.72383,0.72844,813136.0
MT,pub,2006,0.6921,0.69892,0.70212,0.70657,818376.0
MT,pub,2007,0.70554,0.70543,0.70547,0.70561,824649.0
MT,pub,2008,0.69845,0.69156,0.68855,0.6846,830439.0
MT,pub,2009,0.70126,0.69579,0.69335,0.6901,841576.0
MT,pub,2010,0.67848,0.68188,0.68348,0.6857,867091.0
MT,pub,2011,0.65577,0.677,0.68705,0.70107,958323.0
MT,pub,2012,0.63832,0.6653,0.67822,0.69643,965340.0
MT,pub,2013,0.64831,0.66304,0.67042,0.68117,993325.0
MT,pub,2014,0.73002,0.72929,0.7296,0.73065,937540.0
MT,pub,2015,0.75946,0.75391,0.75172,0.74908,929476.0
MT,pub,2016,0.75208,0.75127,0.75107,0.75095,909005.0
MT,pub,2017,0.76876,0.77108,0.77249,0.77477,901525.0
MT,pub,2018,0.75831,0.75893,0.75964,0.76106,882855.0
MT,pub,2019,0.83481,0.83089,0.82939,0.82763,855503.0
MT,pub,2020,0.81266,0.80419,0.80055,0.79584,849577.0
MT,pub,2021,0.82403,0.80409,0.79535,0.78384,802175.0
MT,pub,2022,0.79739,0.79028,0.78729,0.78348,805356.0
MT,pub,2023,0.76999,0.78283,0.78892,0.79745,812272.0
MT,pub,2024,0.77817,0.79946,0.80951,0.8235,829481.0
NC,cc,1998,0.3637,0.37688,0.4139,0.43194,885407.0
NC,cc,1999,0.21811,0.2234,0.23782,0.24462,2922239.0
NC,cc,2000,0.22909,0.23061,0.23473,0.23666,2726394.0
NC,cc,2001,0.24263,0.24317,0.24476,0.24557,2974951.0
NC,cc,2002,0.22809,0.23052,0.23701,0.24002,3255791.0
NC,cc,2003,0.2213,0.22273,0.22668,0.22856,3854550.0
NC,cc,2004,0.2013,0.20089,0.2003,0.20023,4646581.0
NC,cc,2005,0.22062,0.21974,0.21784,0.21714,4406778.0
NC,cc,2006,0.2198,0.22027,0.22224,0.22351,4181794.0
NC,cc,2007,0.21988,0.22052,0.22292,0.22434,4333298.0
NC,cc,2008,0.20604,0.20614,0.20736,0.20831,5045067.0
NC,cc,2009,0.19427,0.19523,0.19832,0.19998,5594734.0
NC,cc,2010,0.19088,0.19356,0.20099,0.20455,6357386.0
NC,cc,2011,0.20948,0.20939,0.20958,0.20989,6367067.0
NC,cc,2012,0.23725,0.23595,0.23289,0.23165,6044478.0
NC,cc,2013,0.25907,0.26013,0.26325,0.26482,5930933.0
NC,cc,2014,0.27702,0.2774,0.27886,0.27971,5626650.0
NC,cc,2015,0.31408,0.31272,0.30965,0.30847,5471623.0
NC,cc,2016,0.34134,0.33789,0.32946,0.32591,5161954.0
NC,cc,2017,0.38163,0.37892,0.3724,0.36972,4914202.0
NC,cc,2018,0.38912,0.38799,0.38531,0.38424,4850498.0
NC,cc,2019,0.40922,0.40777,0.40432,0.4029,4769392.0
NC,cc,2020,0.39452,0.39399,0.39326,0.39322,4829865.0
NC,cc,2021,0.44016,0.43521,0.42346,0.41868,4445372.0
NC,cc,2022,0.43288,0.43036,0.42454,0.42225,4386720.0
NC,cc,2023,0.42153,0.42085,0.41954,0.41915,4482706.0
NC,cc,2024,0.40792,0.40931,0.4134,0.41545,4772726.0
NC,pub,1998,0.77983,0.79355,0.80002,0.80904,3578319.0
NC,pub,1999,0.75234,0.76791,0.77526,0.7855,3671651.0
NC,pub,2000,0.77852,0.79329,0.80026,0.80996,3654645.0
NC,pub,2001,0.75615,0.76921,0.77535,0.78386,3720044.0
NC,pub,2002,0.74138,0.75569,0.76241,0.77172,3898475.0
NC,pub,2003,0.75146,0.76668,0.77386,0.78385,4049017.0
NC,pub,2004,0.7613,0.77827,0.78634,0.79767,4185266.0
NC,pub,2005,0.7525,0.76978,0.77808,0.7898,4331379.0
NC,pub,2006,0.73633,0.75566,0.76487,0.7778,4487610.0
NC,pub,2007,0.7403,0.76054,0.77007,0.78332,4599783.0
NC,pub,2008,0.76392,0.78192,0.79048,0.80249,4744359.0
NC,pub,2009,0.7659,0.77917,0.78561,0.79477,4888925.0
NC,pub,2010,0.77985,0.78767,0.79151,0.79698,5055363.0
NC,pub,2011,0.80432,0.80581,0.80672,0.80816,5099710.0
NC,pub,2012,0.84688,0.84414,0.84313,0.84199,5062236.0
NC,pub,2013,0.87021,0.86732,0.86617,0.86476,5056311.0
NC,pub,2014,0.88166,0.88057,0.88021,0.87987,5052958.0
NC,pub,2015,0.88273,0.88374,0.88442,0.88556,5097834.0
NC,pub,2016,0.89177,0.8958,0.89782,0.90075,5159664.0
NC,pub,2017,0.909,0.91997,0.92515,0.93235,5234870.0
NC,pub,2018,0.91254,0.92957,0.93755,0.9486,5342610.0
NC,pub,2019,0.92836,0.94671,0.95533,0.96731,5431941.0
NC,pub,2020,0.94156,0.95663,0.96373,0.9736,5489407.0
NC,pub,2021,0.98278,0.9898,0.99314,0.99782,5430024.0
NC,pub,2022,0.97757,0.98193,0.98416,0.98746,5321087.0
NC,pub,2023,0.98184,0.9875,0.99049,0.99496,5271255.0
NC,pub,2024,0.97136,0.9876,0.99537,1.0063,5415153.0
ND,cc,1998,0.50725,0.5062,0.5036,0.50248,198127.0
ND,cc,1999,0.46329,0.4639,0.46557,0.46636,203976.0
ND,cc,2000,0.50453,0.50332,0.50028,0.49896,183854.0
ND,cc,2001,0.52065,0.52247,0.52867,0.53217,194295.0
ND,cc,2002,0.45047,0.45252,0.45875,0.46198,207784.0
ND,cc,2003,0.46654,0.46299,0.45465,0.45129,201013.0
ND,cc,2004,0.46647,0.46502,0.4619,0.46077,223295.0
ND,cc,2005,0.4852,0.48104,0.47066,0.46618,219620.0
ND,cc,2006,0.47414,0.46749,0.45096,0.44386,208798.0
ND,cc,2007,0.53061,0.52793,0.52132,0.51849,201731.0
ND,cc,2008,0.50248,0.5016,0.49943,0.49851,203830.0
ND,cc,2009,0.52965,0.52901,0.52757,0.52701,206628.0
ND,cc,2010,0.49625,0.50027,0.51081,0.5156,228997.0
ND,cc,2011,0.54282,0.54333,0.54481,0.54555,227477.0
ND,cc,2012,0.48749,0.48857,0.49142,0.49272,239515.0
ND,cc,2013,0.49434,0.49409,0.49373,0.4937,229274.0
ND,cc,2014,0.52624,0.52649,0.52715,0.52745,228830.0
ND,cc,2015,0.53345,0.53263,0.53067,0.52985,226976.0
ND,cc,2016,0.54807,0.54844,0.5499,0.5508,230555.0
ND,cc,2017,0.56655,0.56767,0.57057,0.57187,228858.0
ND,cc,2018,0.53924,0.53921,0.53915,0.53915,225427.0
ND,cc,2019,0.54083,0.53971,0.53703,0.53593,220440.0
ND,cc,2020,0.51007,0.50947,0.50795,0.50728,218324.0
ND,cc,2021,0.54636,0.54396,0.53794,0.53533,209534.0
ND,cc,2022,0.56485,0.56252,0.55663,0.55406,203628.0
ND,cc,2023,0.54559,0.54595,0.54694,0.54739,203780.0
ND,cc,2024,0.49646,0.49786,0.50158,0.50329,218267.0
ND,pub,1998,0.70878,0.70216,0.69932,0.69558,695000.0
ND,pub,1999,0.72538,0.71428,0.70937,0.70282,690834.0
ND,pub,2000,0.72895,0.72551,0.72395,0.72191,684578.0
ND,pub,2001,0.66742,0.68193,0.68871,0.69811,721618.0
ND,pub,2002,0.64597,0.67142,0.6836,0.7006,767872.0
ND,pub,2003,0.6508,0.6728,0.68322,0.69778,772039.0
ND,pub,2004,0.63069,0.65071,0.6599,0.67298,827947.0
ND,pub,2005,0.66688,0.68692,0.69635,0.70948,801819.0
ND,pub,2006,0.72229,0.72835,0.73118,0.73509,788820.0
ND,pub,2007,0.74672,0.73295,0.72699,0.71922,775709.0
ND,pub,2008,0.75183,0.73113,0.72213,0.71033,763098.0
ND,pub,2009,0.74856,0.74629,0.74555,0.74482,787592.0
ND,pub,2010,0.7052,0.71809,0.72431,0.73312,833638.0
ND,pub,2011,0.67035,0.68413,0.69059,0.69955,856206.0
ND,pub,2012,0.71361,0.72402,0.72896,0.73588,853072.0
ND,pub,2013,0.74908,0.75314,0.75521,0.75823,849363.0
ND,pub,2014,0.78426,0.78051,0.77911,0.77751,828703.0
ND,pub,2015,0.80466,0.79008,0.78389,0.77591,833422.0
ND,pub,2016,0.81224,0.79689,0.79015,0.78125,830593.0
ND,pub,2017,0.83323,0.82404,0.81993,0.81442,822125.0
ND,pub,2018,0.87985,0.883,0.88447,0.8865,794115.0
ND,pub,2019,0.90528,0.90237,0.90109,0.89941,784394.0
ND,pub,2020,0.94942,0.93172,0.9238,0.91319,751157.0
ND,pub,2021,0.97274,0.95086,0.94119,0.92834,714583.0
ND,pub,2022,0.92163,0.91694,0.915,0.91259,695228.0
ND,pub,2023,0.8995,0.91292,0.91929,0.92818,693717.0
ND,pub,2024,0.86033,0.866,0.86871,0.87251,697478.0
NE,cc,1998,0.2815,0.28236,0.28499,0.28637,479782.0
NE,cc,1999,0.25854,0.25934,0.26168,0.26286,538170.0
NE,cc,2000,0.29877,0.30008,0.30366,0.30536,679178.0
NE,cc,2001,0.28879,0.28966,0.29198,0.29304,690192.0
NE,cc,2002,0.28232,0.28323,0.28595,0.28734,724919.0
NE,cc,2003,0.27107,0.27222,0.27538,0.27687,772709.0
NE,cc,2004,0.2687,0.27047,0.27514,0.27728,802984.0
NE,cc,2005,0.27523,0.27375,0.27008,0.26851,838205.0
NE,cc,2006,0.28301,0.28282,0.28292,0.28325,841044.0
NE,cc,2007,0.28673,0.28552,0.28274,0.28165,856476.0
NE,cc,2008,0.27689,0.27498,0.27031,0.26833,872849.0
NE,cc,2009,0.25806,0.25685,0.25378,0.25245,919096.0
NE,cc,2010,0.23299,0.23472,0.23925,0.2413,1044757.0
NE,cc,2011,0.24342,0.24504,0.24932,0.25128,1075424.0
NE,cc,2012,0.27916,0.27758,0.27361,0.27189,1043915.0
NE,cc,2013,0.31423,0.31356,0.31194,0.31125,965992.0
NE,cc,2014,0.33471,0.33409,0.33253,0.33185,891106.0
NE,cc,2015,0.35746,0.35569,0.35125,0.34932,833891.0
NE,cc,2016,0.34964,0.34764,0.34258,0.34036,798482.0
NE,cc,2017,0.35877,0.35898,0.35957,0.35984,788030.0
NE,cc,2018,0.34122,0.33894,0.33332,0.33094,776860.0
NE,cc,2019,0.37113,0.37122,0.37148,0.37162,775193.0
NE,cc,2020,0.34529,0.34577,0.34706,0.34767,720785.0
NE,cc,2021,0.39459,0.39289,0.38871,0.38693,680144.0
NE,cc,2022,0.41219,0.41026,0.40543,0.40333,662175.0
NE,cc,2023,0.38018,0.38038,0.38092,0.38118,695190.0
NE,cc,2024,0.38165,0.38293,0.38625,0.38774,732607.0
NE,pub,1998,0.686,0.68726,0.68786,0.68869,1176642.0
NE,pub,1999,0.71162,0.70559,0.70295,0.69946,1094992.0
NE,pub,2000,0.78087,0.77422,0.77134,0.76756,1100854.0
NE,pub,2001,0.72138,0.72676,0.72943,0.73329,1089662.0
NE,pub,2002,0.68444,0.69137,0.69476,0.6996,1097715.0
NE,pub,2003,0.74582,0.74588,0.74598,0.74621,1116867.0
NE,pub,2004,0.76303,0.7606,0.75952,0.75806,1125651.0
NE,pub,2005,0.79734,0.79108,0.78824,0.78439,1106776.0
NE,pub,2006,0.79212,0.78551,0.78254,0.77856,1120136.0
NE,pub,2007,0.79153,0.79188,0.79214,0.7926,1128851.0
NE,pub,2008,0.77151,0.78422,0.79026,0.79872,1152386.0
NE,pub,2009,0.75978,0.77926,0.78854,0.80157,1170895.0
NE,pub,2010,0.75341,0.76624,0.77223,0.78051,1192978.0
NE,pub,2011,0.78479,0.79072,0.79348,0.79728,1209720.0
NE,pub,2012,0.82399,0.82406,0.82411,0.82421,1224415.0
NE,pub,2013,0.82961,0.82767,0.82682,0.8257,1223344.0
NE,pub,2014,0.87013,0.87561,0.87814,0.8816,1230575.0
NE,pub,2015,0.83194,0.84474,0.85076,0.85912,1234996.0
NE,pub,2016,0.83742,0.85434,0.86239,0.87364,1241602.0
NE,pub,2017,0.83922,0.85304,0.8596,0.86878,1253092.0
NE,pub,2018,0.86121,0.86894,0.87263,0.87781,1251124.0
NE,pub,2019,0.89011,0.89657,0.89961,0.90384,1232212.0
NE,pub,2020,0.8778,0.88038,0.88162,0.88336,1246280.0
NE,pub,2021,0.91383,0.91479,0.91534,0.91621,1238568.0
NE,pub,2022,0.90987,0.91263,0.91396,0.91583,1211711.0
NE,pub,2023,0.91994,0.92275,0.92409,0.92596,1200342.0
NE,pub,2024,0.9115,0.91039,0.90996,0.90944,1186832.0
NH,cc,1998,0.41816,0.42049,0.42685,0.42986,164003.0
NH,cc,1999,0.41494,0.41172,0.40372,0.40028,165566.0
NH,cc,2002,0.29649,0.30216,0.31746,0.32459,169587.0
NH,cc,2003,0.29653,0.29795,0.30165,0.30332,190808.0
NH,cc,2004,0.33327,0.33495,0.33951,0.34165,241603.0
NH,cc,2005,0.37842,0.38087,0.38724,0.39012,218486.0
NH,cc,2006,0.42105,0.42252,0.42651,0.42838,113430.0
NH,cc,2007,0.38915,0.38535,0.37641,0.37279,227880.0
NH,cc,2008,0.38147,0.37959,0.37493,0.37294,230583.0
NH,cc,2009,0.34942,0.35092,0.35483,0.35658,264608.0
NH,cc,2010,0.34976,0.3551,0.36923,0.3757,268812.0
NH,cc,2011,0.34337,0.34752,0.35847,0.36345,290240.0
NH,cc,2012,0.39645,0.39541,0.39275,0.39158,279226.0
NH,cc,2013,0.35185,0.35187,0.35198,0.35206,276428.0
NH,cc,2014,0.38924,0.38893,0.38829,0.38806,278699.0
NH,cc,2015,0.37264,0.37238,0.3718,0.37157,278554.0
NH,cc,2016,0.39252,0.3896,0.3823,0.37914,273921.0
NH,cc,2017,0.40147,0.4,0.3963,0.39469,265572.0
NH,cc,2018,0.41776,0.41442,0.406,0.40234,274897.0
NH,cc,2019,0.42516,0.42218,0.41474,0.41154,270394.0
NH,cc,2020,0.42333,0.42182,0.41804,0.41642,256395.0
NH,cc,2021,0.43057,0.42647,0.4162,0.41177,221428.0
NH,cc,2022,0.46186,0.45926,0.45269,0.44981,212402.0
NH,cc,2023,0.39241,0.39088,0.38709,0.38548,212837.0
NH,cc,2024,0.39506,0.39274,0.38688,0.38433,223866.0
NH,pub,1998,0.82297,0.82839,0.83089,0.83434,600898.0
NH,pub,1999,0.86421,0.84668,0.83878,0.82813,582564.0
NH,pub,2000,0.99878,0.98316,0.97611,0.9666,526364.0
NH,pub,2001,0.87442,0.8843,0.88892,0.89531,536652.0
NH,pub,2002,0.76228,0.78598,0.79711,0.81258,614181.0
NH,pub,2003,0.78886,0.81266,0.82383,0.83934,641860.0
NH,pub,2004,0.79882,0.80965,0.81468,0.82161,647531.0
NH,pub,2005,0.82459,0.83013,0.83272,0.8363,650727.0
NH,pub,2006,0.79045,0.78839,0.7875,0.78636,658634.0
NH,pub,2007,0.80048,0.8042,0.80605,0.80872,680665.0
NH,pub,2008,0.80792,0.82693,0.83586,0.84825,698679.0
NH,pub,2009,0.82806,0.84051,0.84644,0.85478,718857.0
NH,pub,2010,0.84697,0.8532,0.85617,0.86033,746238.0
NH,pub,2011,0.8396,0.84615,0.84924,0.85356,753713.0
NH,pub,2012,0.85126,0.86265,0.86818,0.87606,760234.0
NH,pub,2013,0.87754,0.88606,0.89072,0.8979,754703.0
NH,pub,2014,0.86293,0.86599,0.86801,0.87141,737514.0
NH,pub,2015,0.87824,0.88283,0.88524,0.88884,741047.0
NH,pub,2016,0.85218,0.85783,0.86055,0.86441,740267.0
NH,pub,2017,0.85284,0.85044,0.84984,0.84953,731534.0
NH,pub,2018,0.89686,0.88519,0.88044,0.87457,732488.0
NH,pub,2019,0.92853,0.91298,0.90614,0.89709,709184.0
NH,pub,2020,0.91425,0.89894,0.89217,0.88319,680823.0
NH,pub,2021,0.94398,0.92448,0.91585,0.90439,640374.0
NH,pub,2022,0.94902,0.92129,0.9089,0.89233,613327.0
NH,pub,2023,0.89642,0.87576,0.8667,0.85474,595834.0
NH,pub,2024,0.87018,0.85895,0.85416,0.84797,589186.0
NJ,cc,1998,0.28868,0.28884,0.2893,0.28952,2379004.0
NJ,cc,1999,0.26418,0.26458,0.26569,0.26623,2358626.0
NJ,cc,2000,0.25424,0.2569,0.26431,0.26789,2405490.0
NJ,cc,2001,0.24466,0.24523,0.24696,0.24785,2195388.0
NJ,cc,2002,0.24384,0.24424,0.24547,0.24611,2576509.0
NJ,cc,2003,0.2421,0.24378,0.24828,0.25037,2790573.0
NJ,cc,2004,0.2419,0.24287,0.24546,0.24665,3077939.0
NJ,cc,2005,0.24328,0.24407,0.24617,0.24714,3178009.0
NJ,cc,2006,0.25448,0.25553,0.25844,0.25982,3186050.0
NJ,cc,2007,0.26478,0.26636,0.27056,0.2725,3235680.0
NJ,cc,2008,0.26715,0.26849,0.27205,0.27371,3415324.0
NJ,cc,2009,0.26798,0.26942,0.27323,0.27496,3602511.0
NJ,cc,2010,0.27396,0.27553,0.27968,0.28156,3938673.0
NJ,cc,2011,0.29728,0.29796,0.2998,0.30066,3960353.0
NJ,cc,2012,0.30365,0.30248,0.29957,0.29832,3901370.0
NJ,cc,2013,0.31391,0.31315,0.31121,0.31037,3781846.0
NJ,cc,2014,0.33822,0.33777,0.33662,0.33613,3676415.0
NJ,cc,2015,0.35689,0.3552,0.35094,0.34908,3530471.0
NJ,cc,2016,0.38913,0.3864,0.37956,0.3766,3350107.0
NJ,cc,2017,0.39684,0.39546,0.39204,0.39058,3226629.0
NJ,cc,2018,0.40191,0.40037,0.39652,0.39486,3125774.0
NJ,cc,2019,0.40683,0.40414,0.39738,0.39445,2997099.0
NJ,cc,2020,0.42573,0.42505,0.42335,0.42262,2916465.0
NJ,cc,2021,0.46703,0.45946,0.44077,0.43281,2605382.0
NJ,cc,2022,0.48883,0.48481,0.47472,0.47037,2465134.0
NJ,cc,2023,0.42502,0.42813,0.43642,0.44025,2483467.0
NJ,cc,2024,0.43095,0.43264,0.43709,0.43911,2582542.0
NJ,pub,1998,0.80249,0.82316,0.83336,0.84795,2651317.0
NJ,pub,1999,0.78538,0.80819,0.81918,0.83469,2595416.0
NJ,pub,2000,0.82955,0.84918,0.8585,0.87155,2591382.0
NJ,pub,2001,0.8033,0.82186,0.83063,0.84288,2791076.0
NJ,pub,2002,0.80251,0.82035,0.82881,0.84063,2620087.0
NJ,pub,2003,0.81279,0.82832,0.83568,0.84597,2825383.0
NJ,pub,2004,0.82102,0.83052,0.8352,0.84193,3025488.0
NJ,pub,2005,0.85117,0.85301,0.85409,0.85581,3014119.0
NJ,pub,2006,0.87837,0.8794,0.88006,0.88114,3016211.0
NJ,pub,2007,0.85634,0.86481,0.86891,0.87474,3105292.0
NJ,pub,2008,0.85247,0.8681,0.8755,0.88582,3154036.0
NJ,pub,2009,0.84145,0.8612,0.8705,0.88344,3267134.0
NJ,pub,2010,0.82796,0.84574,0.85406,0.8656,3449369.0
NJ,pub,2011,0.83033,0.8469,0.85466,0.86542,3594089.0
NJ,pub,2012,0.86743,0.8851,0.89339,0.90488,3706479.0
NJ,pub,2013,0.88883,0.90092,0.90655,0.91434,3717805.0
NJ,pub,2014,0.89221,0.90043,0.90441,0.91005,3762842.0
NJ,pub,2015,0.91996,0.93111,0.93666,0.94467,3789738.0
NJ,pub,2016,0.90535,0.92524,0.93488,0.94857,3911208.0
NJ,pub,2017,0.91759,0.94489,0.95793,0.97627,3992490.0
NJ,pub,2018,0.93298,0.95845,0.97069,0.98799,4054411.0
NJ,pub,2019,0.92906,0.95765,0.97141,0.9909,4107881.0
NJ,pub,2020,0.95367,0.98363,0.9978,1.0176,4152964.0
NJ,pub,2021,0.97629,0.98832,0.99392,1.00163,4111536.0
NJ,pub,2022,1.00941,0.99673,0.99119,0.9839,3889013.0
NJ,pub,2023,0.98604,0.97463,0.96999,0.96424,3882201.0
NJ,pub,2024,0.94281,0.95254,0.95771,0.96545,3944432.0
NM,cc,1998,0.18624,0.18734,0.19048,0.192,967457.0
NM,cc,1999,0.18504,0.18391,0.18137,0.1804,1016539.0
NM,cc,2000,0.19377,0.19269,0.19017,0.18917,883715.0
NM,cc,2001,0.20034,0.20066,0.20184,0.20252,949075.0
NM,cc,2002,0.18437,0.18559,0.18906,0.19076,951584.0
NM,cc,2003,0.17653,0.1773,0.17948,0.18054,1092373.0
NM,cc,2004,0.18495,0.1855,0.18711,0.18792,1226582.0
NM,cc,2005,0.19197,0.19268,0.19458,0.19546,1240205.0
NM,cc,2006,0.21276,0.2129,0.21333,0.21356,1211796.0
NM,cc,2007,0.2147,0.21519,0.21672,0.21753,1230736.0
NM,cc,2008,0.21361,0.21524,0.21973,0.22188,1262281.0
NM,cc,2009,0.19921,0.20105,0.206,0.20831,1379747.0
NM,cc,2010,0.18889,0.1913,0.19772,0.20068,1549492.0
NM,cc,2011,0.21268,0.21427,0.21844,0.22034,1641587.0
NM,cc,2012,0.2546,0.2534,0.25043,0.24917,1622312.0
NM,cc,2013,0.31381,0.31169,0.30638,0.30408,1541073.0
NM,cc,2014,0.3152,0.3147,0.31366,0.31332,1485329.0
NM,cc,2015,0.41798,0.41333,0.40182,0.3969,1376631.0
NM,cc,2016,0.39668,0.39608,0.39468,0.39411,1312291.0
NM,cc,2017,0.45661,0.46106,0.47292,0.4784,1276311.0
NM,cc,2018,0.46339,0.46379,0.46493,0.46548,1211948.0
NM,cc,2019,0.47669,0.47399,0.46742,0.46468,1153947.0
NM,cc,2020,0.47286,0.47143,0.46782,0.46626,1080957.0
NM,cc,2021,0.49616,0.4889,0.47088,0.46317,969603.0
NM,cc,2022,0.48251,0.47614,0.46019,0.4533,895322.0
NM,cc,2023,0.43312,0.435,0.4403,0.44288,933282.0
NM,cc,2024,0.42286,0.42242,0.42159,0.42136,942865.0
NM,pub,1998,0.71244,0.70864,0.70695,0.70468,987793.0
NM,pub,1999,0.6894,0.72213,0.73782,0.75992,1011843.0
NM,pub,2000,0.69088,0.75251,0.78281,0.82634,972930.0
NM,pub,2001,0.6666,0.71192,0.73382,0.76489,986056.0
NM,pub,2002,0.65199,0.66005,0.6638,0.66897,999306.0
NM,pub,2003,0.69313,0.68581,0.68261,0.67839,1023354.0
NM,pub,2004,0.69441,0.69751,0.69913,0.70151,1046527.0
NM,pub,2005,0.69852,0.71482,0.72258,0.73344,1055315.0
NM,pub,2006,0.71731,0.7311,0.73762,0.74672,1024740.0
NM,pub,2007,0.74136,0.74689,0.74974,0.75396,1061422.0
NM,pub,2008,0.74611,0.74631,0.74671,0.74759,1067862.0
NM,pub,2009,0.73043,0.73938,0.74369,0.74978,1099566.0
NM,pub,2010,0.69938,0.72336,0.73474,0.75067,1174472.0
NM,pub,2011,0.69429,0.72197,0.73514,0.7536,1233296.0
NM,pub,2012,0.72173,0.73737,0.74472,0.75493,1215835.0
NM,pub,2013,0.72881,0.72471,0.72302,0.7209,1271522.0
NM,pub,2014,0.7798,0.7675,0.76225,0.75549,1260166.0
NM,pub,2015,0.79017,0.7716,0.76335,0.75235,1231249.0
NM,pub,2016,0.85853,0.83792,0.82877,0.81656,1201423.0
NM,pub,2017,0.89943,0.88524,0.87895,0.87056,1170146.0
NM,pub,2018,0.94682,0.94337,0.94187,0.9399,1103719.0
NM,pub,2019,0.96688,0.96072,0.95808,0.95466,1048172.0
NM,pub,2020,0.94657,0.92662,0.91814,0.90723,1027754.0
NM,pub,2021,1.01674,0.99103,0.97991,0.96541,968328.0
NM,pub,2022,0.98692,0.96565,0.95654,0.94474,934118.0
NM,pub,2023,0.90637,0.9129,0.91664,0.9225,976161.0
NM,pub,2024,0.87728,0.9099,0.92558,0.94773,1036436.0
NV,cc,1998,0.14465,0.14946,0.16262,0.16887,584455.0
NV,cc,1999,0.15945,0.16106,0.16587,0.16832,564447.0
NV,cc,2000,0.29779,0.29258,0.27959,0.274,59437.0
NV,cc,2001,0.16131,0.15885,0.1532,0.151,632312.0
NV,cc,2002,0.15154,0.15095,0.14963,0.14915,723793.0
NV,cc,2003,0.14416,0.14447,0.14545,0.14595,802885.0
NV,cc,2004,0.16423,0.1624,0.158,0.15618,862218.0
NV,cc,2005,0.16833,0.17425,0.19087,0.19896,875050.0
NV,cc,2006,0.18452,0.18903,0.20134,0.20716,891305.0
NV,cc,2007,0.17697,0.17872,0.18335,0.18548,927296.0
NV,cc,2008,0.17473,0.17565,0.17805,0.17914,977630.0
NV,cc,2009,0.16743,0.16987,0.17647,0.17956,1055375.0
NV,cc,2010,0.17532,0.17876,0.18795,0.19219,1120830.0
NV,cc,2011,0.21303,0.21248,0.21126,0.21079,1121839.0
NV,cc,2012,0.23857,0.23424,0.22352,0.21894,1009277.0
NV,cc,2013,0.2866,0.28302,0.27406,0.27018,900216.0
NV,cc,2014,0.30133,0.29893,0.29293,0.29032,953780.0
NV,cc,2015,0.3111,0.31047,0.30891,0.30824,964324.0
NV,cc,2016,0.34844,0.3463,0.341,0.33873,927789.0
NV,cc,2017,0.38066,0.38111,0.3823,0.38284,921140.0
NV,cc,2018,0.3756,0.37775,0.38346,0.38608,920118.0
NV,cc,2019,0.38794,0.39215,0.40331,0.40843,934012.0
NV,cc,2020,0.38643,0.3865,0.38673,0.38685,956614.0
NV,cc,2021,0.42989,0.42121,0.39981,0.3907,876089.0
NV,cc,2022,0.49652,0.49499,0.4911,0.4894,815433.0
NV,cc,2023,0.42204,0.4241,0.42949,0.43193,818021.0
NV,cc,2024,0.42173,0.42504,0.43372,0.43766,870690.0
NV,pub,1998,0.74117,0.72167,0.71294,0.70124,612333.0
NV,pub,1999,0.61038,0.59979,0.59525,0.58936,743343.0
NV,pub,2000,0.74073,0.74561,0.74812,0.75181,648659.0
NV,pub,2001,0.67441,0.71501,0.73451,0.76203,716537.0
NV,pub,2002,0.61865,0.67438,0.70159,0.74051,804586.0
NV,pub,2003,0.64412,0.6979,0.72403,0.76124,842268.0
NV,pub,2004,0.63337,0.66464,0.67949,0.70028,886490.0
NV,pub,2005,0.6266,0.64978,0.66074,0.67603,950846.0
NV,pub,2006,0.72045,0.75427,0.77036,0.79292,974555.0
NV,pub,2007,0.69167,0.71804,0.73068,0.74856,971904.0
NV,pub,2008,0.73696,0.74064,0.74282,0.74636,977314.0
NV,pub,2009,0.75577,0.75302,0.75198,0.75082,980140.0
NV,pub,2010,0.735,0.74208,0.74546,0.7502,1010769.0
NV,pub,2011,0.74643,0.7656,0.77456,0.78698,1036126.0
NV,pub,2012,0.77708,0.79549,0.80431,0.81674,1010713.0
NV,pub,2013,0.81599,0.83374,0.8424,0.85476,1015155.0
NV,pub,2014,0.76907,0.79438,0.80631,0.82292,1067885.0
NV,pub,2015,0.78297,0.81712,0.83338,0.85619,1131846.0
NV,pub,2016,0.76765,0.80603,0.82429,0.84991,1199605.0
NV,pub,2017,0.78454,0.81208,0.8251,0.84326,1230995.0
NV,pub,2018,0.80675,0.82692,0.83652,0.85,1262543.0
NV,pub,2019,0.83757,0.85492,0.86333,0.87528,1261225.0
NV,pub,2020,0.83909,0.85563,0.86356,0.87474,1279525.0
NV,pub,2021,0.89457,0.9049,0.90977,0.91656,1280259.0
NV,pub,2022,0.89537,0.88899,0.88617,0.88243,1249765.0
NV,pub,2023,0.88905,0.87702,0.8716,0.8643,1240560.0
NV,pub,2024,0.87208,0.86903,0.86764,0.86574,1268001.0
NY,cc,1998,0.36974,0.36852,0.36545,0.36411,4716584.0
NY,cc,1999,0.37822,0.37866,0.37986,0.38043,4597688.0
NY,cc,2000,0.3823,0.38218,0.38193,0.38184,4062470.0
NY,cc,2001,0.38338,0.38321,0.38285,0.38271,4946425.0
NY,cc,2002,0.39442,0.39522,0.39735,0.39832,4802666.0
NY,cc,2003,0.37312,0.37484,0.37935,0.38141,5266684.0
NY,cc,2004,0.37424,0.37576,0.37981,0.38167,5424159.0
NY,cc,2005,0.38068,0.38184,0.3849,0.38628,5531277.0
NY,cc,2006,0.3813,0.38098,0.38022,0.3799,5522966.0
NY,cc,2007,0.34161,0.34203,0.34315,0.34367,6137452.0
NY,cc,2008,0.32815,0.32982,0.3342,0.33618,6368292.0
NY,cc,2009,0.31593,0.31795,0.32327,0.32569,6753288.0
NY,cc,2010,0.30578,0.30826,0.31484,0.31784,7423214.0
NY,cc,2011,0.32902,0.3302,0.3333,0.3347,7047927.0
NY,cc,2012,0.35259,0.35226,0.35152,0.35124,7577636.0
NY,cc,2013,0.35979,0.35854,0.35537,0.35399,7408345.0
NY,cc,2014,0.37964,0.37837,0.3752,0.37382,7299438.0
NY,cc,2015,0.39225,0.39139,0.38926,0.38837,7180258.0
NY,cc,2016,0.40474,0.40337,0.39994,0.39845,6824556.0
NY,cc,2017,0.41422,0.4125,0.40817,0.40629,6619928.0
NY,cc,2018,0.44582,0.44486,0.44244,0.44139,6170333.0
NY,cc,2019,0.47314,0.47163,0.46784,0.4662,5707233.0
NY,cc,2020,0.46877,0.46749,0.46429,0.4629,5551298.0
NY,cc,2021,0.50416,0.4975,0.48088,0.47371,4954044.0
NY,cc,2022,0.48842,0.48213,0.46646,0.45973,4386394.0
NY,cc,2023,0.44115,0.43889,0.43323,0.43078,4081075.0
NY,cc,2024,0.41369,0.41537,0.41979,0.4218,4479189.0
NY,pub,1998,0.75803,0.7569,0.75682,0.75714,7554222.0
NY,pub,1999,0.74086,0.73928,0.73909,0.73933,7629148.0
NY,pub,2000,0.76335,0.76993,0.77333,0.77838,7187218.0
NY,pub,2001,0.78823,0.80099,0.80738,0.81664,6799600.0
NY,pub,2002,0.77048,0.78384,0.79066,0.80072,7079031.0
NY,pub,2003,0.80285,0.81675,0.82357,0.83334,6999793.0
NY,pub,2004,0.79017,0.80069,0.80584,0.81322,7241263.0
NY,pub,2005,0.81714,0.82749,0.8326,0.83995,7386477.0
NY,pub,2006,0.81272,0.82195,0.82649,0.833,7408986.0
NY,pub,2007,0.80779,0.8173,0.82203,0.82885,7717399.0
NY,pub,2008,0.79831,0.81325,0.82043,0.83057,7961645.0
NY,pub,2009,0.79934,0.81698,0.82536,0.8371,8367936.0
NY,pub,2010,0.8009,0.81129,0.81626,0.82325,8676268.0
NY,pub,2011,0.84098,0.83365,0.83059,0.82672,8740210.0
NY,pub,2012,0.84369,0.82618,0.81869,0.80897,8826406.0
NY,pub,2013,0.87537,0.8611,0.85498,0.84706,8836122.0
NY,pub,2014,0.89125,0.88998,0.88974,0.88971,8818232.0
NY,pub,2015,0.89712,0.90734,0.91218,0.91894,8859194.0
NY,pub,2016,0.92245,0.93171,0.93619,0.94253,8924656.0
NY,pub,2017,0.93088,0.94055,0.94523,0.95185,8928812.0
NY,pub,2018,0.93547,0.95363,0.96221,0.97419,9058095.0
NY,pub,2019,0.95856,0.98647,0.99976,1.01842,9073098.0
NY,pub,2020,0.96527,0.9927,1.0061,1.02523,9008139.0
NY,pub,2021,1.00291,1.01479,1.02124,1.03103,8946946.0
NY,pub,2022,1.03148,1.02605,1.02473,1.02405,8314941.0
NY,pub,2023,0.98209,0.97804,0.97694,0.97621,8032034.0
NY,pub,2024,0.9267,0.93281,0.93605,0.94092,8195337.0
OH,cc,1998,0.25501,0.25519,0.25578,0.25611,2815164.0
OH,cc,1999,0.22556,0.22524,0.22459,0.22436,3552774.0
OH,cc,2000,0.26147,0.26015,0.25711,0.25591,2992594.0
OH,cc,2001,0.26125,0.26481,0.27695,0.284,2762157.0
OH,cc,2002,0.24379,0.24348,0.24339,0.24368,3350529.0
OH,cc,2003,0.23613,0.23698,0.23933,0.24046,3646982.0
OH,cc,2004,0.23854,0.24043,0.24566,0.24815,3966447.0
OH,cc,2005,0.24514,0.24504,0.24503,0.24513,4001825.0
OH,cc,2006,0.25527,0.25462,0.25331,0.25289,4070922.0
OH,cc,2007,0.25267,0.25195,0.25029,0.24963,3995608.0
OH,cc,2008,0.26172,0.26204,0.26301,0.2635,4154547.0
OH,cc,2009,0.24918,0.24966,0.25127,0.25215,4447234.0
OH,cc,2010,0.21717,0.22079,0.23052,0.23506,5218283.0
OH,cc,2011,0.22959,0.23185,0.23809,0.24107,5448027.0
OH,cc,2012,0.26393,0.26129,0.25505,0.25252,5208058.0
OH,cc,2013,0.26826,0.26612,0.26097,0.25884,4922895.0
OH,cc,2014,0.29852,0.29698,0.29329,0.29177,4665067.0
OH,cc,2015,0.33824,0.33579,0.32981,0.32729,4316356.0
OH,cc,2016,0.34798,0.34478,0.33704,0.33381,4143849.0
OH,cc,2017,0.37574,0.37566,0.37583,0.37609,3888672.0
OH,cc,2018,0.36905,0.36915,0.36969,0.37007,3973571.0
OH,cc,2019,0.38158,0.38284,0.38757,0.39048,3940286.0
OH,cc,2020,0.36482,0.3649,0.3652,0.36538,4192838.0
OH,cc,2021,0.3831,0.38021,0.37306,0.37001,4262905.0
OH,cc,2022,0.44512,0.4417,0.4334,0.42993,4072071.0
OH,cc,2023,0.46433,0.45483,0.43323,0.4248,3519531.0
OH,cc,2024,0.49438,0.48236,0.45727,0.4484,3215665.0
OH,pub,1998,0.77289,0.77228,0.77217,0.77218,5120337.0
OH,pub,1999,0.7438,0.7501,0.75314,0.75742,5355148.0
OH,pub,2000,0.73042,0.74162,0.74688,0.7542,5381418.0
OH,pub,2001,0.7303,0.74357,0.74985,0.75863,4235915.0
OH,pub,2002,0.75941,0.76283,0.76453,0.76696,5468421.0
OH,pub,2003,0.75453,0.7552,0.75558,0.75616,5675370.0
OH,pub,2004,0.76941,0.77367,0.7757,0.77853,5682570.0
OH,pub,2005,0.80183,0.80735,0.80994,0.81354,5581762.0
OH,pub,2006,0.79694,0.79808,0.7987,0.79964,5714420.0
OH,pub,2007,0.80285,0.8039,0.80447,0.80532,5696755.0
OH,pub,2008,0.7963,0.80315,0.80642,0.81099,5810005.0
OH,pub,2009,0.78262,0.79285,0.79778,0.80478,5960287.0
OH,pub,2010,0.76478,0.77792,0.78423,0.79314,6225059.0
OH,pub,2011,0.78533,0.80087,0.80832,0.81884,6450571.0
OH,pub,2012,0.82891,0.84659,0.85501,0.86685,6531965.0
OH,pub,2013,0.84594,0.85648,0.86152,0.86861,6355337.0
OH,pub,2014,0.8793,0.88036,0.88114,0.88249,6326724.0
OH,pub,2015,0.88888,0.88536,0.88411,0.88277,6425334.0
OH,pub,2016,0.88769,0.88594,0.88532,0.88467,6472739.0
OH,pub,2017,0.9164,0.92227,0.92507,0.92899,6485207.0
OH,pub,2018,0.93571,0.94263,0.94596,0.95066,6431519.0
OH,pub,2019,0.95784,0.96187,0.96397,0.9671,6395039.0
OH,pub,2020,0.98503,0.98078,0.97911,0.97711,6215957.0
OH,pub,2021,0.992,0.97691,0.9705,0.96222,6108036.0
OH,pub,2022,0.99718,0.97916,0.97158,0.96191,5821372.0
OH,pub,2023,0.99328,0.98372,0.97973,0.9747,5691006.0
OH,pub,2024,0.96826,0.97296,0.97556,0.97954,5672346.0
OK,cc,1998,0.31626,0.31672,0.31835,0.31929,1092770.0
OK,cc,1999,0.30675,0.30742,0.30936,0.31033,920304.0
OK,cc,2000,0.30643,0.30758,0.31064,0.31205,1008969.0
OK,cc,2001,0.31614,0.31743,0.32099,0.32269,1026746.0
OK,cc,2002,0.30568,0.30696,0.31035,0.31191,1168688.0
OK,cc,2003,0.32068,0.31776,0.31127,0.30883,1293617.0
OK,cc,2004,0.3267,0.32632,0.32585,0.32589,1306530.0
OK,cc,2005,0.32833,0.32706,0.32431,0.32331,1387207.0
OK,cc,2006,0.30792,0.30699,0.30476,0.30384,1439418.0
OK,cc,2007,0.3602,0.35945,0.35787,0.35734,1338408.0
OK,cc,2008,0.34543,0.34533,0.34527,0.34534,1372730.0
OK,cc,2009,0.32577,0.32536,0.32461,0.32441,1378412.0
OK,cc,2010,0.29786,0.30203,0.31324,0.31845,1554880.0
OK,cc,2011,0.30803,0.31019,0.31589,0.31849,1671255.0
OK,cc,2012,0.34379,0.34341,0.34248,0.34207,1623611.0
OK,cc,2013,0.40021,0.39638,0.38693,0.3829,1496820.0
OK,cc,2014,0.4379,0.43652,0.43301,0.43147,1444564.0
OK,cc,2015,0.45678,0.45714,0.45816,0.45865,1377649.0
OK,cc,2016,0.46433,0.46235,0.45749,0.45542,1328626.0
OK,cc,2017,0.45611,0.45583,0.4554,0.45535,1292983.0
OK,cc,2018,0.45847,0.45775,0.45624,0.45573,1252554.0
OK,cc,2019,0.50051,0.49877,0.49442,0.49254,1200820.0
OK,cc,2020,0.50268,0.50116,0.49738,0.49577,1186908.0
OK,cc,2021,0.52635,0.5256,0.52418,0.52378,1142216.0
OK,cc,2022,0.56596,0.55995,0.54566,0.53981,1057911.0
OK,cc,2023,0.55589,0.55363,0.54809,0.54575,1044155.0
OK,cc,2024,0.54012,0.54082,0.54274,0.54365,1071540.0
OK,pub,1998,0.73267,0.73711,0.73951,0.74313,2135182.0
OK,pub,1999,0.88448,0.90375,0.91331,0.92712,2094101.0
OK,pub,2000,0.7829,0.83063,0.85407,0.88775,1671330.0
OK,pub,2001,0.75091,0.79939,0.82413,0.86093,2045359.0
OK,pub,2002,0.72386,0.75394,0.76856,0.78941,2163315.0
OK,pub,2003,0.7077,0.71628,0.72034,0.72601,2239329.0
OK,pub,2004,0.72335,0.7277,0.72987,0.73302,2305204.0
OK,pub,2005,0.74977,0.7559,0.7588,0.76284,2392008.0
OK,pub,2006,0.77854,0.77353,0.7713,0.76835,2390468.0
OK,pub,2007,0.81905,0.80843,0.80371,0.79741,2313985.0
OK,pub,2008,0.82575,0.82017,0.81771,0.81447,2293332.0
OK,pub,2009,0.86697,0.86816,0.86896,0.87031,2243674.0
OK,pub,2010,0.81812,0.82364,0.82636,0.83027,2339717.0
OK,pub,2011,0.78238,0.79342,0.79861,0.80581,2437023.0
OK,pub,2012,0.80447,0.82362,0.83265,0.84525,2420309.0
OK,pub,2013,0.80438,0.82252,0.83119,0.84337,2423559.0
OK,pub,2014,0.87138,0.87705,0.87995,0.88419,2331485.0
OK,pub,2015,0.85997,0.85525,0.85326,0.85074,2386963.0
OK,pub,2016,0.86025,0.85718,0.85591,0.85433,2404195.0
OK,pub,2017,0.88084,0.88341,0.8847,0.88657,2383818.0
OK,pub,2018,0.90705,0.9118,0.91408,0.9173,2346806.0
OK,pub,2019,0.94199,0.9404,0.93982,0.9392,2305430.0
OK,pub,2020,0.96349,0.95502,0.95135,0.94655,2263075.0
OK,pub,2021,0.9921,0.97873,0.97282,0.96499,2209545.0
OK,pub,2022,1.00423,0.98747,0.98011,0.97039,2127069.0
OK,pub,2023,0.9751,0.96456,0.96009,0.95433,2132588.0
OK,pub,2024,0.97021,0.97395,0.97593,0.9789,2169302.0
OR,cc,1998,0.14663,0.1483,0.1532,0.15566,1491543.0
OR,cc,1999,0.13258,0.13234,0.13179,0.13157,1425591.0
OR,cc,2000,0.23409,0.23424,0.23477,0.23508,1107511.0
OR,cc,2001,0.20874,0.21013,0.21395,0.21577,1345497.0
OR,cc,2002,0.20642,0.20717,0.20918,0.21011,1328672.0
OR,cc,2003,0.21712,0.21654,0.21514,0.21457,1482296.0
OR,cc,2004,0.21002,0.20873,0.20554,0.20417,1119332.0
OR,cc,2005,0.22366,0.22517,0.22934,0.23132,1451584.0
OR,cc,2006,0.23303,0.23386,0.23631,0.23753,1453973.0
OR,cc,2007,0.22311,0.22418,0.22729,0.22885,1584758.0
OR,cc,2008,0.21386,0.21497,0.21802,0.21947,1403332.0
OR,cc,2009,0.19448,0.196,0.20015,0.20212,1471893.0
OR,cc,2010,0.20636,0.20808,0.21279,0.21501,1406664.0
OR,cc,2011,0.22941,0.22924,0.22894,0.22887,1479014.0
OR,cc,2012,0.26899,0.26658,0.26059,0.25801,1533044.0
OR,cc,2013,0.33333,0.33037,0.32342,0.3206,1455121.0
OR,cc,2014,0.33388,0.33108,0.32427,0.32142,1567767.0
OR,cc,2015,0.36258,0.35881,0.34974,0.34599,1471606.0
OR,cc,2016,0.36583,0.36827,0.3753,0.37878,1393593.0
OR,cc,2017,0.38795,0.39244,0.40445,0.41001,1371376.0
OR,cc,2018,0.41774,0.41807,0.41906,0.41958,1352434.0
OR,cc,2019,0.43965,0.43942,0.43988,0.44063,1282845.0
OR,cc,2020,0.40942,0.41026,0.41263,0.41378,1040633.0
OR,cc,2021,0.46608,0.46092,0.44815,0.44269,940909.0
OR,cc,2022,0.47261,0.47465,0.48046,0.4833,842729.0
OR,cc,2023,0.44345,0.44658,0.45484,0.45861,827241.0
OR,cc,2024,0.41151,0.41351,0.41901,0.42162,1108701.0
OR,pub,1998,0.77688,0.77578,0.77531,0.77472,1506796.0
OR,pub,1999,0.74123,0.74152,0.74175,0.74217,1603545.0
OR,pub,2000,0.86173,0.87959,0.88824,0.90052,1436556.0
OR,pub,2001,0.79535,0.82909,0.84542,0.86862,1494137.0
OR,pub,2002,0.75736,0.79936,0.81957,0.84814,1624303.0
OR,pub,2003,0.84934,0.89248,0.91308,0.94204,1608619.0
OR,pub,2004,0.84288,0.87331,0.88778,0.90806,1731275.0
OR,pub,2005,0.88033,0.89692,0.90481,0.91588,1700225.0
OR,pub,2006,0.89621,0.89868,0.89991,0.90168,1739727.0
OR,pub,2007,0.90368,0.90633,0.90764,0.90953,1722617.0
OR,pub,2008,0.88643,0.90175,0.90897,0.91905,1746601.0
OR,pub,2009,0.83187,0.86014,0.87354,0.89227,1851126.0
OR,pub,2010,0.82409,0.85422,0.86849,0.8884,1988166.0
OR,pub,2011,0.8151,0.83385,0.84267,0.85494,2088043.0
OR,pub,2012,0.87758,0.87919,0.88021,0.88186,2164391.0
OR,pub,2013,0.91197,0.90538,0.90255,0.89888,2186183.0
OR,pub,2014,0.94312,0.94219,0.94182,0.94137,2189761.0
OR,pub,2015,0.9451,0.95067,0.95346,0.95751,2171955.0
OR,pub,2016,0.95687,0.96742,0.97254,0.97981,2188190.0
OR,pub,2017,0.99158,0.99978,1.00365,1.00903,2197883.0
OR,pub,2018,1.01574,1.02175,1.02455,1.02841,2179347.0
OR,pub,2019,1.04798,1.05147,1.05314,1.0555,2145443.0
OR,pub,2020,1.06677,1.06463,1.06373,1.06258,2093481.0
OR,pub,2021,1.10695,1.09327,1.08722,1.07918,2003879.0
OR,pub,2022,1.07551,1.0662,1.06222,1.05707,1958189.0
OR,pub,2023,1.01358,1.02757,1.0345,1.04446,1993071.0
OR,pub,2024,0.9863,1.01962,1.03573,1.05855,2044497.0
PA,cc,1998,0.31698,0.3187,0.32326,0.32535,1838537.0
PA,cc,1999,0.31404,0.31397,0.31397,0.31405,1880032.0
PA,cc,2000,0.31779,0.31858,0.32075,0.32177,1985471.0
PA,cc,2001,0.31352,0.31311,0.31282,0.31303,1777498.0
PA,cc,2002,0.28963,0.29033,0.29332,0.29522,1837289.0
PA,cc,2003,0.2949,0.29744,0.3042,0.30731,1941818.0
PA,cc,2004,0.30539,0.30549,0.30612,0.30656,2044478.0
PA,cc,2005,0.30995,0.3088,0.30604,0.30491,2563785.0
PA,cc,2006,0.32962,0.32882,0.32692,0.32616,2276420.0
PA,cc,2007,0.32384,0.32613,0.33281,0.33618,2652629.0
PA,cc,2008,0.32283,0.3232,0.32438,0.32502,2740424.0
PA,cc,2009,0.29245,0.29262,0.29312,0.29338,3085047.0
PA,cc,2010,0.27363,0.27641,0.28421,0.288,3387540.0
PA,cc,2011,0.29004,0.29001,0.29011,0.29025,3370505.0
PA,cc,2012,0.31171,0.3101,0.30606,0.30432,3279556.0
PA,cc,2013,0.32035,0.31971,0.31813,0.31746,3116799.0
PA,cc,2014,0.33633,0.33576,0.33438,0.3338,3038834.0
PA,cc,2015,0.34059,0.34123,0.34333,0.34449,2932082.0
PA,cc,2016,0.36108,0.36007,0.35757,0.35649,2790146.0
PA,cc,2017,0.36673,0.36587,0.36372,0.36279,2709685.0
PA,cc,2018,0.37262,0.37126,0.36788,0.36642,2629962.0
PA,cc,2019,0.39197,0.39023,0.38589,0.38401,2551738.0
PA,cc,2020,0.38687,0.3849,0.37995,0.3778,2433069.0
PA,cc,2021,0.44538,0.4379,0.41947,0.41163,2164739.0
PA,cc,2022,0.47776,0.47289,0.46072,0.45548,1993409.0
PA,cc,2023,0.44897,0.44959,0.45135,0.4522,1963967.0
PA,cc,2024,0.42239,0.42309,0.42514,0.42616,1957856.0
PA,pub,1998,0.68627,0.70581,0.71614,0.73202,5496416.0
PA,pub,1999,0.69058,0.70023,0.70482,0.71124,5519266.0
PA,pub,2000,0.73644,0.74891,0.75542,0.76497,5347737.0
PA,pub,2001,0.71934,0.74346,0.75525,0.77209,5558812.0
PA,pub,2002,0.72594,0.75399,0.76756,0.78682,5690344.0
PA,pub,2003,0.73417,0.76922,0.78854,0.81972,5862702.0
PA,pub,2004,0.7683,0.7957,0.81254,0.84269,5900748.0
PA,pub,2005,0.79542,0.81703,0.83099,0.85664,5944564.0
PA,pub,2006,0.79923,0.81682,0.82772,0.84689,6025514.0
PA,pub,2007,0.78425,0.80482,0.81574,0.83264,6197152.0
PA,pub,2008,0.777,0.7971,0.80697,0.82121,6253235.0
PA,pub,2009,0.7856,0.80263,0.81074,0.82215,6394478.0
PA,pub,2010,0.79885,0.80887,0.81365,0.82035,6589804.0
PA,pub,2011,0.80824,0.81595,0.81963,0.82479,6662004.0
PA,pub,2012,0.82748,0.83619,0.84031,0.84604,6738717.0
PA,pub,2013,0.85447,0.85646,0.8575,0.85903,6565187.0
PA,pub,2014,0.86994,0.87001,0.87027,0.87086,6650774.0
PA,pub,2015,0.87177,0.87264,0.87326,0.87432,6613305.0
PA,pub,2016,0.87062,0.873,0.87429,0.87624,6567507.0
PA,pub,2017,0.88579,0.89163,0.89466,0.89915,6558761.0
PA,pub,2018,0.9105,0.91167,0.91249,0.9139,6463369.0
PA,pub,2019,0.90426,0.89912,0.89714,0.89482,5003539.0
PA,pub,2020,0.93187,0.92698,0.92493,0.92235,6221635.0
PA,pub,2021,0.93377,0.92602,0.92264,0.9182,6017278.0
PA,pub,2022,0.91742,0.93301,0.94119,0.95344,5750090.0
PA,pub,2023,0.9119,0.90015,0.89508,0.88848,5634703.0
PA,pub,2024,0.89915,0.87478,0.86471,0.852,5593171.0
RI,cc,1998,0.30241,0.30346,0.30617,0.30738,250980.0
RI,cc,1999,0.30521,0.30662,0.31028,0.31192,248481.0
RI,cc,2000,0.28668,0.28857,0.29349,0.2957,248013.0
RI,cc,2001,0.27989,0.27847,0.27485,0.27326,256390.0
RI,cc,2002,0.26397,0.26461,0.26626,0.26699,273890.0
RI,cc,2003,0.25501,0.25578,0.25775,0.25864,272220.0
RI,cc,2004,0.25071,0.25117,0.25234,0.25286,281677.0
RI,cc,2005,0.23456,0.23439,0.23397,0.23378,283172.0
RI,cc,2006,0.22749,0.22628,0.22321,0.22186,275885.0
RI,cc,2007,0.23642,0.23834,0.24335,0.24561,290582.0
RI,cc,2008,0.24121,0.24382,0.25065,0.25375,304218.0
RI,cc,2009,0.24245,0.24321,0.24518,0.24606,310338.0
RI,cc,2010,0.22918,0.22853,0.22689,0.22616,321762.0
RI,cc,2011,0.25991,0.25976,0.25938,0.25921,318108.0
RI,cc,2012,0.28887,0.28961,0.29153,0.29238,320903.0
RI,cc,2013,0.34894,0.34898,0.34909,0.34914,315013.0
RI,cc,2014,0.33382,0.33148,0.32555,0.32294,306990.0
RI,cc,2015,0.33256,0.32988,0.32308,0.3201,296788.0
RI,cc,2016,0.35891,0.35628,0.34961,0.34669,275666.0
RI,cc,2017,0.37938,0.37123,0.35108,0.34248,262694.0
RI,cc,2018,0.4266,0.42501,0.42094,0.41915,273419.0
RI,cc,2019,0.42604,0.43732,0.46772,0.4819,279976.0
RI,cc,2020,0.43821,0.44584,0.46608,0.47536,288352.0
RI,cc,2021,0.46187,0.4593,0.45274,0.44986,269814.0
RI,cc,2022,0.4843,0.47719,0.45936,0.45165,238610.0
RI,cc,2023,0.43173,0.43263,0.43494,0.43597,245847.0
RI,cc,2024,0.41229,0.41238,0.41262,0.41272,250307.0
RI,pub,1998,0.74391,0.74535,0.74602,0.74694,490058.0
RI,pub,1999,0.74438,0.75306,0.75708,0.76261,476931.0
RI,pub,2000,0.70288,0.71066,0.71428,0.71927,487767.0
RI,pub,2001,0.69791,0.70437,0.70738,0.71154,481784.0
RI,pub,2002,0.7317,0.73434,0.73557,0.73725,487252.0
RI,pub,2003,0.71726,0.72514,0.72878,0.73377,504588.0
RI,pub,2004,0.72428,0.74391,0.75308,0.76578,519745.0
RI,pub,2005,0.71908,0.74463,0.75665,0.77336,505812.0
RI,pub,2006,0.76485,0.78523,0.79477,0.80797,509748.0
RI,pub,2007,0.72263,0.73371,0.73885,0.74595,529895.0
RI,pub,2008,0.74614,0.76489,0.77366,0.7858,554373.0
RI,pub,2009,0.74232,0.77321,0.78789,0.80845,566439.0
RI,pub,2010,0.76331,0.78953,0.80187,0.81902,594572.0
RI,pub,2011,0.77729,0.77812,0.77851,0.77907,599316.0
RI,pub,2012,0.79106,0.77669,0.77019,0.76142,594795.0
RI,pub,2013,0.83457,0.82246,0.81706,0.80983,584060.0
RI,pub,2014,0.84353,0.84501,0.84574,0.84679,585823.0
RI,pub,2015,0.87194,0.88542,0.89167,0.90026,594126.0
RI,pub,2016,0.91554,0.92522,0.9297,0.93586,598074.0
RI,pub,2017,0.95939,0.96918,0.97369,0.97989,597627.0
RI,pub,2018,0.94966,0.95644,0.95958,0.96389,604134.0
RI,pub,2019,0.979,0.97078,0.96713,0.96229,589334.0
RI,pub,2020,1.01137,0.99444,0.98696,0.97703,586731.0
RI,pub,2021,1.05188,1.03744,1.03108,1.02266,576224.0
RI,pub,2022,1.00756,1.00134,0.99893,0.99609,543692.0
RI,pub,2023,0.96688,0.96477,0.96438,0.96441,556140.0
RI,pub,2024,0.97444,0.97257,0.97186,0.97105,566602.0
SC,cc,1998,0.23181,0.23294,0.236,0.23742,1359406.0
SC,cc,1999,0.24293,0.24436,0.24816,0.24991,1364347.0
SC,cc,2000,0.2467,0.24699,0.24782,0.24824,1285361.0
SC,cc,2001,0.24048,0.24019,0.2395,0.23922,1424418.0
SC,cc,2002,0.23651,0.23862,0.24437,0.24709,1541405.0
SC,cc,2003,0.22498,0.22805,0.23659,0.24071,1682580.0
SC,cc,2004,0.23006,0.23066,0.2323,0.23307,1728317.0
SC,cc,2005,0.23134,0.23094,0.23004,0.22971,1731454.0
SC,cc,2006,0.23852,0.23833,0.23792,0.23777,1721867.0
SC,cc,2007,0.23321,0.23397,0.23603,0.237,1738703.0
SC,cc,2008,0.22812,0.22967,0.23374,0.23559,1797710.0
SC,cc,2009,0.21951,0.22018,0.22193,0.22273,2006566.0
SC,cc,2010,0.1932,0.19533,0.20102,0.20365,2333817.0
SC,cc,2011,0.213,0.21335,0.2143,0.21475,2346998.0
SC,cc,2012,0.23121,0.23131,0.2316,0.23175,2320698.0
SC,cc,2013,0.25177,0.25152,0.25091,0.25065,2265895.0
SC,cc,2014,0.26927,0.26864,0.26707,0.26639,2194373.0
SC,cc,2015,0.29086,0.2896,0.28647,0.28512,2029029.0
SC,cc,2016,0.31186,0.31031,0.3064,0.30471,1932586.0
SC,cc,2017,0.32333,0.32158,0.31729,0.31548,1845488.0
SC,cc,2018,0.33086,0.33135,0.33272,0.33338,1806743.0
SC,cc,2019,0.33654,0.33595,0.33448,0.33386,1727200.0
SC,cc,2020,0.3421,0.34061,0.33691,0.33532,1719165.0
SC,cc,2021,0.3537,0.34979,0.33999,0.33576,1614603.0
SC,cc,2022,0.33776,0.3365,0.33348,0.33225,1652758.0
SC,cc,2023,0.32072,0.32367,0.33148,0.33505,1750099.0
SC,cc,2024,0.33735,0.33907,0.34379,0.34603,1788729.0
SC,pub,1998,0.71163,0.72875,0.73688,0.74826,1886778.0
SC,pub,1999,0.74549,0.75671,0.76204,0.76948,1883406.0
SC,pub,2000,0.73414,0.74232,0.74618,0.75158,1950767.0
SC,pub,2001,0.74874,0.75664,0.76047,0.7659,1947747.0
SC,pub,2002,0.75062,0.75666,0.7595,0.76346,1996185.0
SC,pub,2003,0.76428,0.77381,0.77846,0.7851,2062892.0
SC,pub,2004,0.74335,0.76155,0.77053,0.78343,2110388.0
SC,pub,2005,0.76647,0.78973,0.80087,0.81656,2143175.0
SC,pub,2006,0.76914,0.79018,0.8002,0.81427,2190566.0
SC,pub,2007,0.77721,0.79263,0.79987,0.80993,2217467.0
SC,pub,2008,0.77875,0.79067,0.79631,0.80419,2270785.0
SC,pub,2009,0.78047,0.78703,0.79015,0.79452,2332744.0
SC,pub,2010,0.79074,0.79999,0.80434,0.81038,2410893.0
SC,pub,2011,0.78508,0.80084,0.80839,0.819,2470005.0
SC,pub,2012,0.78393,0.80174,0.81027,0.82227,2536610.0
SC,pub,2013,0.80723,0.82388,0.83177,0.84279,2560450.0
SC,pub,2014,0.8098,0.82023,0.8252,0.83217,2615534.0
SC,pub,2015,0.82678,0.83659,0.84126,0.8478,2637083.0
SC,pub,2016,0.84006,0.84881,0.85293,0.85867,2661888.0
SC,pub,2017,0.84835,0.8581,0.86263,0.86888,2706590.0
SC,pub,2018,0.85436,0.8666,0.87233,0.88027,2775469.0
SC,pub,2019,0.87092,0.88512,0.89188,0.90135,2780316.0
SC,pub,2020,0.88423,0.89947,0.90677,0.91707,2819130.0
SC,pub,2021,0.90298,0.9107,0.91443,0.91972,2791562.0
SC,pub,2022,0.88723,0.89196,0.89442,0.89808,2784786.0
SC,pub,2023,0.88854,0.89908,0.90434,0.91193,2812764.0
SC,pub,2024,0.84547,0.86708,0.87754,0.89239,2917643.0
SD,cc,1998,0.39767,0.38928,0.36871,0.36001,134734.0
SD,cc,1999,0.36978,0.36893,0.36675,0.3658,146519.0
SD,cc,2000,0.49211,0.49259,0.49384,0.49441,112415.0
SD,cc,2001,0.3923,0.39152,0.38957,0.38873,152638.0
SD,cc,2002,0.4287,0.4256,0.41777,0.41435,153115.0
SD,cc,2003,0.39897,0.40035,0.40403,0.40572,94594.0
SD,cc,2004,0.50672,0.50951,0.51712,0.5207,156774.0
SD,cc,2005,0.45552,0.45433,0.45133,0.45004,162013.0
SD,cc,2006,0.47106,0.47242,0.47618,0.47798,157941.0
SD,cc,2007,0.49267,0.49628,0.50631,0.51112,143708.0
SD,cc,2008,0.42051,0.41758,0.41055,0.40765,149391.0
SD,cc,2009,0.37873,0.37523,0.36665,0.36302,156840.0
SD,cc,2010,0.34423,0.34823,0.35901,0.36404,182496.0
SD,cc,2011,0.44319,0.44458,0.44835,0.45012,191565.0
SD,cc,2012,0.50153,0.49668,0.4849,0.47996,185912.0
SD,cc,2013,0.48338,0.48354,0.48427,0.48475,190532.0
SD,cc,2014,0.54682,0.54367,0.53577,0.53235,185656.0
SD,cc,2015,0.58941,0.58002,0.55678,0.54687,176311.0
SD,cc,2016,0.55617,0.55426,0.54955,0.54756,174011.0
SD,cc,2017,0.58718,0.58664,0.5854,0.58492,178207.0
SD,cc,2018,0.58551,0.58876,0.59728,0.60114,178102.0
SD,cc,2019,0.58704,0.58663,0.58565,0.58526,177329.0
SD,cc,2020,0.58067,0.58148,0.58365,0.58466,177622.0
SD,cc,2021,0.59521,0.59669,0.60059,0.60236,175299.0
SD,cc,2022,0.52399,0.53226,0.55449,0.56483,174621.0
SD,cc,2023,0.60336,0.60073,0.59406,0.59114,177507.0
SD,cc,2024,0.59132,0.59564,0.60735,0.61283,176657.0
SD,pub,1998,0.67916,0.65381,0.64263,0.6278,598796.0
SD,pub,1999,0.61918,0.60718,0.60193,0.59503,689844.0
SD,pub,2000,0.72286,0.74183,0.75115,0.76451,591153.0
SD,pub,2001,0.65073,0.67457,0.68602,0.70218,612232.0
SD,pub,2002,0.63132,0.63523,0.63717,0.63997,663377.0
SD,pub,2003,0.59556,0.58675,0.58297,0.57808,665829.0
SD,pub,2004,0.63391,0.63366,0.63377,0.63416,676372.0
SD,pub,2005,0.6171,0.63276,0.64042,0.65137,681864.0
SD,pub,2006,0.6264,0.63276,0.63584,0.6402,688795.0
SD,pub,2007,0.64551,0.64087,0.63882,0.6361,705951.0
SD,pub,2008,0.64988,0.64461,0.64236,0.63945,719024.0
SD,pub,2009,0.63967,0.64255,0.64412,0.64655,744476.0
SD,pub,2010,0.64507,0.65283,0.65658,0.6619,736939.0
SD,pub,2011,0.65775,0.67039,0.67633,0.68457,759410.0
SD,pub,2012,0.67669,0.69213,0.69942,0.70957,766525.0
SD,pub,2013,0.72721,0.73933,0.74505,0.75302,759562.0
SD,pub,2014,0.7233,0.73204,0.73625,0.74221,763083.0
SD,pub,2015,0.72101,0.72357,0.72491,0.7269,767172.0
SD,pub,2016,0.77873,0.7761,0.77504,0.77376,755537.0
SD,pub,2017,0.77062,0.76277,0.75938,0.75494,750797.0
SD,pub,2018,0.77601,0.77136,0.76945,0.76705,750377.0
SD,pub,2019,0.8115,0.8138,0.81501,0.81681,726138.0
SD,pub,2020,0.83271,0.83808,0.84101,0.84557,714923.0
SD,pub,2021,0.81398,0.80596,0.8024,0.79768,697686.0
SD,pub,2022,0.84999,0.8331,0.82553,0.81537,672290.0
SD,pub,2023,0.83963,0.831,0.82714,0.82196,669007.0
SD,pub,2024,0.80375,0.81202,0.81593,0.82138,687754.0
TN,cc,1998,0.2017,0.20239,0.20421,0.20504,1288631.0
TN,cc,1999,0.22213,0.22166,0.22051,0.22002,1324105.0
TN,cc,2000,0.23701,0.23671,0.23598,0.23567,1212862.0
TN,cc,2001,0.2346,0.23696,0.24361,0.24685,1369322.0
TN,cc,2002,0.22706,0.22984,0.23731,0.2408,1413987.0
TN,cc,2003,0.23539,0.23688,0.24078,0.24254,1559469.0
TN,cc,2004,0.23479,0.23531,0.23667,0.23729,1568534.0
TN,cc,2005,0.26681,0.26762,0.26976,0.27073,1512517.0
TN,cc,2006,0.26941,0.26992,0.27128,0.27191,1379015.0
TN,cc,2007,0.26526,0.26657,0.26996,0.2715,1561624.0
TN,cc,2008,0.25843,0.2592,0.26119,0.2621,1565053.0
TN,cc,2009,0.24344,0.24458,0.24756,0.2489,1665647.0
TN,cc,2010,0.23208,0.2363,0.24751,0.25267,1932781.0
TN,cc,2011,0.24723,0.24897,0.25351,0.25557,2015766.0
TN,cc,2012,0.27969,0.27944,0.27887,0.27865,1955619.0
TN,cc,2013,0.30457,0.30153,0.29388,0.29056,1829898.0
TN,cc,2014,0.33124,0.32924,0.32424,0.32208,1720466.0
TN,cc,2015,0.34499,0.34524,0.34596,0.34631,1649073.0
TN,cc,2016,0.36526,0.37171,0.38899,0.397,1689652.0
TN,cc,2017,0.38538,0.38664,0.38993,0.39141,1662926.0
TN,cc,2018,0.41048,0.41036,0.41014,0.41007,1688264.0
TN,cc,2019,0.40429,0.40441,0.40475,0.4049,1706824.0
TN,cc,2020,0.43273,0.43143,0.42816,0.42673,1709185.0
TN,cc,2021,0.48137,0.47558,0.46106,0.45478,1519160.0
TN,cc,2022,0.49518,0.4908,0.47978,0.47498,1404947.0
TN,cc,2023,0.48147,0.47883,0.47217,0.46926,1347751.0
TN,cc,2024,0.44808,0.44753,0.44613,0.44552,1431559.0
TN,pub,1998,0.61429,0.63909,0.65124,0.66866,2784873.0
TN,pub,1999,0.59974,0.61793,0.62661,0.63878,2852030.0
TN,pub,2000,0.61639,0.62726,0.63237,0.63948,2904378.0
TN,pub,2001,0.65896,0.66833,0.67271,0.6788,2326386.0
TN,pub,2002,0.67114,0.67928,0.68313,0.6885,2705150.0
TN,pub,2003,0.68196,0.69056,0.69464,0.70036,2539070.0
TN,pub,2004,0.69406,0.7009,0.70419,0.70885,2743522.0
TN,pub,2005,0.71067,0.7229,0.72871,0.73683,2798579.0
TN,pub,2006,0.71472,0.72952,0.73657,0.74645,2803205.0
TN,pub,2007,0.71584,0.73165,0.73914,0.74959,2859786.0
TN,pub,2008,0.71055,0.72723,0.73507,0.74596,2915519.0
TN,pub,2009,0.7503,0.7652,0.77229,0.78224,2962833.0
TN,pub,2010,0.71919,0.73306,0.73968,0.74896,3065523.0
TN,pub,2011,0.73808,0.75107,0.75723,0.76583,3141686.0
TN,pub,2012,0.76393,0.77638,0.78225,0.79043,3168607.0
TN,pub,2013,0.81102,0.81544,0.81755,0.82051,3123923.0
TN,pub,2014,0.82268,0.81614,0.81333,0.80968,3070442.0
TN,pub,2015,0.82954,0.82244,0.81936,0.81532,3051411.0
TN,pub,2016,0.87063,0.86325,0.86007,0.85596,3024785.0
TN,pub,2017,0.89848,0.89522,0.89411,0.89299,3010546.0
TN,pub,2018,0.89914,0.90428,0.90698,0.91099,3038582.0
TN,pub,2019,0.90127,0.91583,0.92269,0.93225,3010676.0
TN,pub,2020,0.92193,0.93778,0.9452,0.95547,3021830.0
TN,pub,2021,0.92768,0.93025,0.93164,0.93373,2998698.0
TN,pub,2022,0.91454,0.91133,0.91014,0.9088,2904396.0
TN,pub,2023,0.89925,0.906,0.90979,0.9157,3018187.0
TN,pub,2024,0.92792,0.94769,0.95734,0.97113,3101257.0
TX,cc,1998,0.16348,0.1638,0.16613,0.16773,7856680.0
TX,cc,1999,0.16163,0.16342,0.16875,0.17146,8819240.0
TX,cc,2000,0.1614,0.16211,0.16432,0.16549,8206894.0
TX,cc,2001,0.16937,0.17379,0.19225,0.20584,8486029.0
TX,cc,2002,0.1591,0.15966,0.16163,0.16274,9759432.0
TX,cc,2003,0.16834,0.16885,0.17055,0.17149,10059995.0
TX,cc,2004,0.1689,0.17059,0.1754,0.17776,8904554.0
TX,cc,2005,0.17856,0.18007,0.18482,0.18734,9083427.0
TX,cc,2006,0.19469,0.19468,0.19475,0.19482,8528765.0
TX,cc,2007,0.19694,0.19709,0.19763,0.19794,9112994.0
TX,cc,2008,0.19005,0.18895,0.18651,0.18558,11047429.0
TX,cc,2009,0.1855,0.18561,0.18615,0.1865,11980796.0
TX,cc,2010,0.19607,0.19828,0.2043,0.20715,13840507.0
TX,cc,2011,0.2024,0.2035,0.2065,0.20791,14522440.0
TX,cc,2012,0.23855,0.24009,0.24429,0.24628,14291324.0
TX,cc,2013,0.25774,0.25694,0.255,0.25418,13506170.0
TX,cc,2014,0.27576,0.27531,0.27438,0.27408,13733811.0
TX,cc,2015,0.29984,0.29909,0.29733,0.29661,13088969.0
TX,cc,2016,0.33712,0.3359,0.33288,0.33159,13171175.0
TX,cc,2017,0.35064,0.35019,0.34916,0.34876,13418713.0
TX,cc,2018,0.35431,0.35498,0.3568,0.35764,13740606.0
TX,cc,2019,0.37248,0.37219,0.37153,0.37127,13539218.0
TX,cc,2020,0.36496,0.36619,0.36966,0.37134,13838171.0
TX,cc,2021,0.42447,0.42558,0.43468,0.44224,12622278.0
TX,cc,2022,0.42715,0.42579,0.42265,0.42142,11980564.0
TX,cc,2023,0.41506,0.41726,0.42317,0.42592,12052598.0
TX,cc,2024,0.4145,0.41684,0.42314,0.4261,12572672.0
TX,pub,1998,0.77786,0.78884,0.79484,0.80401,8675907.0
TX,pub,1999,0.75708,0.77048,0.77742,0.78766,9079045.0
TX,pub,2000,0.80854,0.82483,0.83296,0.84474,7468130.0
TX,pub,2001,0.80379,0.82089,0.82939,0.8417,7983458.0
TX,pub,2002,0.78266,0.80765,0.82012,0.83832,9133354.0
TX,pub,2003,0.77987,0.80261,0.81376,0.82977,9565816.0
TX,pub,2004,0.78211,0.80475,0.81597,0.83221,10030904.0
TX,pub,2005,0.82842,0.84516,0.85369,0.86628,9908473.0
TX,pub,2006,0.85275,0.86643,0.87351,0.88403,9972982.0
TX,pub,2007,0.86897,0.88525,0.8932,0.90459,10252980.0
TX,pub,2008,0.88605,0.90466,0.91367,0.9265,10253677.0
TX,pub,2009,0.90645,0.92432,0.93308,0.9457,10444701.0
TX,pub,2010,0.89048,0.90468,0.91151,0.92117,10904092.0
TX,pub,2011,0.88693,0.90194,0.90913,0.91928,11515550.0
TX,pub,2012,0.89507,0.91448,0.92395,0.93744,11796568.0
TX,pub,2013,0.92135,0.94298,0.95327,0.9677,11991810.0
TX,pub,2014,0.9324,0.95228,0.96183,0.9753,12231002.0
TX,pub,2015,0.93047,0.95338,0.96443,0.98009,12591748.0
TX,pub,2016,0.9386,0.96524,0.97807,0.99622,13134328.0
TX,pub,2017,0.94505,0.96987,0.98171,0.99836,13612793.0
TX,pub,2018,0.96539,0.9889,1.00002,1.01553,13971249.0
TX,pub,2019,0.99377,1.01965,1.03192,1.04907,14201297.0
TX,pub,2020,0.99865,1.02376,1.03584,1.05294,14358846.0
TX,pub,2021,1.03519,1.05188,1.06004,1.07173,14464058.0
TX,pub,2022,1.03712,1.04791,1.05329,1.06106,14038465.0
TX,pub,2023,1.0135,1.03249,1.0417,1.05478,14037165.0
TX,pub,2024,0.99102,1.02381,1.03949,1.06158,14405439.0
US,cc,1998,0.2387,0.23747,0.23497,0.23413,96197145.0
US,cc,1999,0.23661,0.23499,0.2319,0.23094,95468976.0
US,cc,2000,0.24519,0.24617,0.24993,0.25216,93066068.0
US,cc,2001,0.2404,0.24107,0.24414,0.24633,97089849.0
US,cc,2002,0.22696,0.22752,0.22943,0.23049,109115758.0
US,cc,2003,0.22872,0.22977,0.23278,0.23428,117449478.0
US,cc,2004,0.23523,0.23521,0.23553,0.23584,120781677.0
US,cc,2005,0.24496,0.24466,0.24438,0.24447,122147196.0
US,cc,2006,0.25208,0.25213,0.2526,0.25295,119705700.0
US,cc,2007,0.25241,0.25325,0.25578,0.2571,123589150.0
US,cc,2008,0.24597,0.2468,0.24919,0.25038,131502431.0
US,cc,2009,0.23663,0.23905,0.24588,0.2492,141582649.0
US,cc,2010,0.23081,0.23342,0.24043,0.2437,156074506.0
US,cc,2011,0.24577,0.24633,0.24794,0.24874,159010518.0
US,cc,2012,0.27889,0.27822,0.27671,0.27614,155479905.0
US,cc,2013,0.29854,0.29781,0.29643,0.29608,148603542.0
US,cc,2014,0.31577,0.31524,0.31408,0.31366,145472099.0
US,cc,2015,0.3363,0.33531,0.33295,0.33198,141108827.0
US,cc,2016,0.35772,0.35647,0.35351,0.35232,137381431.0
US,cc,2017,0.3717,0.37119,0.37008,0.36969,134529306.0
US,cc,2018,0.38669,0.38631,0.38548,0.38518,132335849.0
US,cc,2019,0.40866,0.40797,0.40638,0.40577,130181959.0
US,cc,2020,0.41031,0.41026,0.4103,0.41039,128123517.0
US,cc,2021,0.45448,0.4494,0.4376,0.43299,118249876.0
US,cc,2022,0.47182,0.46873,0.46125,0.45817,110453369.0
US,cc,2023,0.44354,0.44533,0.45034,0.45275,110771966.0
US,cc,2024,0.42973,0.43232,0.44011,0.4442,116957630.0
US,pub,1998,0.76292,0.77695,0.78389,0.79387,126150036.0
US,pub,1999,0.74527,0.76065,0.76826,0.77927,130185409.0
US,pub,2000,0.77838,0.79752,0.80712,0.82128,123134040.0
US,pub,2001,0.77264,0.79431,0.80513,0.82104,122759526.0
US,pub,2002,0.76804,0.78904,0.79972,0.81574,131680973.0
US,pub,2003,0.77545,0.79385,0.80333,0.81775,135782472.0
US,pub,2004,0.78686,0.80284,0.81111,0.82372,139709273.0
US,pub,2005,0.80741,0.8196,0.82582,0.83515,139970671.0
US,pub,2006,0.81363,0.8234,0.82831,0.83551,142221832.0
US,pub,2007,0.80691,0.81855,0.82432,0.83267,147643455.0
US,pub,2008,0.81896,0.83345,0.8405,0.85055,147318762.0
US,pub,2009,0.81803,0.83296,0.84016,0.85036,152325713.0
US,pub,2010,0.81687,0.82809,0.83352,0.84122,155310343.0
US,pub,2011,0.82938,0.83635,0.83979,0.84476,158993967.0
US,pub,2012,0.84741,0.8535,0.85658,0.86106,161277850.0
US,pub,2013,0.87014,0.87685,0.88023,0.88516,161440849.0
US,pub,2014,0.88281,0.89048,0.89433,0.89995,162101393.0
US,pub,2015,0.89015,0.89791,0.90182,0.9075,163613539.0
US,pub,2016,0.90097,0.9097,0.914,0.92016,165669372.0
US,pub,2017,0.91602,0.92698,0.93226,0.93974,167544039.0
US,pub,2018,0.92967,0.94149,0.9472,0.9553,169225898.0
US,pub,2019,0.94846,0.96056,0.96652,0.97507,168041157.0
US,pub,2020,0.96587,0.97563,0.98053,0.98764,169155782.0
US,pub,2021,0.9931,0.99503,0.99636,0.99861,166893565.0
US,pub,2022,0.99471,0.99218,0.9916,0.9914,161526313.0
US,pub,2023,0.97644,0.97825,0.9796,0.98197,160473905.0
US,pub,2024,0.94899,0.962,0.96848,0.97786,163797550.0
UT,cc,1998,0.35659,0.35815,0.36225,0.3641,582351.0
UT,cc,1999,0.2504,0.2453,0.2327,0.22734,748097.0
UT,cc,2000,0.30472,0.30324,0.29952,0.29792,478868.0
UT,cc,2001,0.33518,0.33527,0.33574,0.33605,607727.0
UT,cc,2002,0.36576,0.36774,0.37289,0.37522,620901.0
UT,cc,2003,0.35648,0.3655,0.39141,0.4043,750669.0
UT,cc,2004,0.37426,0.36874,0.35506,0.3492,762464.0
UT,cc,2005,0.39301,0.38895,0.3789,0.37461,775705.0
UT,cc,2006,0.3522,0.35299,0.35515,0.35617,735605.0
UT,cc,2007,0.33283,0.33348,0.33528,0.33614,717313.0
UT,cc,2008,0.35859,0.35919,0.36084,0.36162,701247.0
UT,cc,2009,0.35284,0.35309,0.35374,0.35402,742595.0
UT,cc,2010,0.3458,0.34881,0.35677,0.36043,840827.0
UT,cc,2011,0.33932,0.34149,0.34716,0.34972,798541.0
UT,cc,2012,0.35665,0.35339,0.34525,0.34174,732993.0
UT,cc,2013,0.35809,0.35228,0.33792,0.33178,706424.0
UT,cc,2014,0.39457,0.3921,0.38582,0.38307,682765.0
UT,cc,2015,0.37316,0.372,0.36906,0.36777,675150.0
UT,cc,2016,0.43401,0.4425,0.46525,0.47579,636071.0
UT,cc,2017,0.44942,0.45485,0.46923,0.47581,630820.0
UT,cc,2018,0.40856,0.40961,0.41235,0.41357,617542.0
UT,cc,2019,0.41931,0.41686,0.41065,0.40792,611431.0
UT,cc,2020,0.43364,0.43365,0.43367,0.43369,617240.0
UT,cc,2021,0.45437,0.45148,0.44413,0.44092,595940.0
UT,cc,2022,0.45262,0.45155,0.449,0.44797,573197.0
UT,cc,2023,0.43564,0.43554,0.4353,0.43519,556281.0
UT,cc,2024,0.4177,0.41811,0.41919,0.41969,554748.0
UT,pub,1998,0.78859,0.79635,0.80035,0.8063,1761990.0
UT,pub,1999,0.65524,0.66498,0.66971,0.67643,2088987.0
UT,pub,2000,0.66506,0.67155,0.6747,0.67918,2006873.0
UT,pub,2001,0.63306,0.63156,0.63142,0.63175,2108535.0
UT,pub,2002,0.66176,0.65742,0.6559,0.65429,2270760.0
UT,pub,2003,0.69262,0.69333,0.69381,0.69464,2260985.0
UT,pub,2004,0.7258,0.7302,0.73239,0.73554,2271869.0
UT,pub,2005,0.77,0.76728,0.7662,0.76489,2225143.0
UT,pub,2006,0.8007,0.79767,0.79665,0.79564,2157299.0
UT,pub,2007,0.75307,0.76176,0.76621,0.77278,2284486.0
UT,pub,2008,0.79902,0.81148,0.81769,0.8267,2153334.0
UT,pub,2009,0.78285,0.79143,0.79581,0.80224,2240047.0
UT,pub,2010,0.74169,0.75055,0.75481,0.76081,2418625.0
UT,pub,2011,0.71942,0.7429,0.75402,0.76956,2741124.0
UT,pub,2012,0.73473,0.76751,0.7831,0.80494,2869297.0
UT,pub,2013,0.77093,0.79941,0.81297,0.83198,2851713.0
UT,pub,2014,0.80231,0.80877,0.81217,0.81727,2792003.0
UT,pub,2015,0.80456,0.79894,0.79681,0.79434,2874422.0
UT,pub,2016,0.80166,0.80989,0.81387,0.81953,2900227.0
UT,pub,2017,0.80234,0.82692,0.83847,0.85451,2962071.0
UT,pub,2018,0.80333,0.83635,0.852,0.87388,3062087.0
UT,pub,2019,0.82048,0.85096,0.86554,0.88609,3153879.0
UT,pub,2020,0.8446,0.87072,0.88312,0.90049,3156351.0
UT,pub,2021,0.94788,0.97426,0.98665,1.00386,3157872.0
UT,pub,2022,0.9189,0.93536,0.94311,0.95388,3265437.0
UT,pub,2023,0.86672,0.87937,0.88551,0.89425,3328327.0
UT,pub,2024,0.90343,0.91252,0.91694,0.92323,3448329.0
VA,cc,1998,0.24049,0.2402,0.23958,0.23937,2251652.0
VA,cc,1999,0.23058,0.23223,0.23666,0.23872,2348476.0
VA,cc,2000,0.21754,0.21806,0.21944,0.22007,2445319.0
VA,cc,2001,0.21865,0.21887,0.21948,0.21977,2516363.0
VA,cc,2002,0.21287,0.21,0.20299,0.20002,2714641.0
VA,cc,2003,0.22004,0.22289,0.23049,0.234,2814011.0
VA,cc,2004,0.22626,0.23043,0.24167,0.24692,2799495.0
VA,cc,2005,0.23503,0.23913,0.25048,0.25593,2813288.0
VA,cc,2006,0.2457,0.24659,0.24904,0.2502,2823644.0
VA,cc,2007,0.2411,0.24589,0.25874,0.26472,2935082.0
VA,cc,2008,0.23877,0.24235,0.25183,0.25619,3084346.0
VA,cc,2009,0.24031,0.24188,0.24604,0.24795,3290485.0
VA,cc,2010,0.22841,0.22957,0.23261,0.23399,3710235.0
VA,cc,2011,0.24568,0.2457,0.24576,0.24579,3887705.0
VA,cc,2012,0.27404,0.27419,0.27462,0.27482,3924858.0
VA,cc,2013,0.29566,0.29538,0.29473,0.29447,3742388.0
VA,cc,2014,0.30048,0.3017,0.30493,0.3064,3656010.0
VA,cc,2015,0.31319,0.31286,0.31206,0.31172,3518507.0
VA,cc,2016,0.33951,0.33747,0.33236,0.33016,3371185.0
VA,cc,2017,0.34759,0.34641,0.34341,0.34209,3196666.0
VA,cc,2018,0.35571,0.35494,0.353,0.35217,3084938.0
VA,cc,2019,0.3599,0.35964,0.359,0.35873,3004169.0
VA,cc,2020,0.368,0.36723,0.36532,0.3645,2902176.0
VA,cc,2021,0.40024,0.39619,0.38607,0.38171,2825501.0
VA,cc,2022,0.41312,0.41167,0.40804,0.40647,2638484.0
VA,cc,2023,0.39194,0.39362,0.39807,0.4001,2611656.0
VA,cc,2024,0.3804,0.38065,0.38136,0.3817,2719267.0
VA,pub,1998,0.77189,0.79519,0.80632,0.82198,3553628.0
VA,pub,1999,0.75933,0.77694,0.78528,0.79696,3612399.0
VA,pub,2000,0.83165,0.84476,0.85101,0.85978,3494803.0
VA,pub,2001,0.82632,0.83664,0.84158,0.84854,3662284.0
VA,pub,2002,0.80016,0.81398,0.82052,0.82965,3795287.0
VA,pub,2003,0.82282,0.83826,0.84553,0.85567,3856817.0
VA,pub,2004,0.82553,0.84173,0.84936,0.85999,3936112.0
VA,pub,2005,0.83227,0.84587,0.85231,0.86131,4007655.0
VA,pub,2006,0.83752,0.85162,0.85824,0.86744,4127265.0
VA,pub,2007,0.83717,0.84925,0.85489,0.8627,4209021.0
VA,pub,2008,0.84022,0.85196,0.85745,0.86505,4303226.0
VA,pub,2009,0.83562,0.85047,0.85747,0.86722,4455884.0
VA,pub,2010,0.84078,0.8536,0.85968,0.86817,4564241.0
VA,pub,2011,0.85309,0.86141,0.86533,0.87079,4664362.0
VA,pub,2012,0.88896,0.89296,0.89484,0.89745,4747972.0
VA,pub,2013,0.89114,0.89796,0.90116,0.90562,4795481.0
VA,pub,2014,0.88704,0.89829,0.90355,0.91083,4850169.0
VA,pub,2015,0.90567,0.9133,0.91695,0.92209,4868452.0
VA,pub,2016,0.93128,0.93838,0.94201,0.94731,4894483.0
VA,pub,2017,0.92769,0.93866,0.94389,0.95125,4911550.0
VA,pub,2018,0.91483,0.93173,0.93972,0.95089,4969715.0
VA,pub,2019,0.93273,0.95186,0.96097,0.97376,4987878.0
VA,pub,2020,0.92224,0.93944,0.94757,0.9589,5044615.0
VA,pub,2021,0.96496,0.971,0.97392,0.97804,5016759.0
VA,pub,2022,0.96407,0.95718,0.95421,0.95034,4863295.0
VA,pub,2023,0.95888,0.95604,0.9549,0.95353,4794596.0
VA,pub,2024,0.92297,0.93247,0.93705,0.94351,4999156.0
VT,cc,1998,0.38534,0.38612,0.38817,0.38911,90778.0
VT,cc,1999,0.41016,0.41249,0.4186,0.42137,92744.0
VT,cc,2000,0.42157,0.42627,0.43866,0.44431,96782.0
VT,cc,2001,0.44305,0.43924,0.42962,0.42543,81661.0
VT,cc,2002,0.4031,0.40242,0.40067,0.3999,103299.0
VT,cc,2003,0.39098,0.38641,0.3749,0.36991,112640.0
VT,cc,2004,0.3811,0.36912,0.34057,0.32884,121384.0
VT,cc,2005,0.46105,0.44794,0.41736,0.40509,111527.0
VT,cc,2006,0.41438,0.43328,0.48878,0.51704,119601.0
VT,cc,2007,0.4389,0.43977,0.442,0.44299,122897.0
VT,cc,2008,0.41453,0.41137,0.40374,0.40057,126795.0
VT,cc,2009,0.43498,0.43774,0.44492,0.44815,133109.0
VT,cc,2010,0.41865,0.42163,0.42998,0.43401,145323.0
VT,cc,2011,0.43237,0.43913,0.45755,0.46625,155282.0
VT,cc,2012,0.43264,0.43179,0.4296,0.42863,151025.0
VT,cc,2013,0.47435,0.47105,0.46272,0.45911,144196.0
VT,cc,2014,0.50125,0.4956,0.48136,0.47518,138972.0
VT,cc,2015,0.47791,0.4761,0.4715,0.46948,133457.0
VT,cc,2016,0.52539,0.52277,0.51644,0.51381,124593.0
VT,cc,2017,0.51813,0.51346,0.50201,0.49718,125180.0
VT,cc,2018,0.53572,0.54005,0.55137,0.5565,120622.0
VT,cc,2019,0.53109,0.53366,0.54037,0.54339,118399.0
VT,cc,2020,0.51592,0.5118,0.50134,0.49677,116762.0
VT,cc,2021,0.53616,0.52353,0.49337,0.48097,107879.0
VT,cc,2022,0.48868,0.48895,0.48994,0.49053,111483.0
VT,cc,2023,0.67717,0.67426,0.6669,0.66368,189702.0
VT,cc,2024,0.73769,0.79613,0.97743,1.07478,180320.0
VT,pub,1998,0.80297,0.81181,0.81591,0.82154,353810.0
VT,pub,1999,0.85813,0.8593,0.85984,0.86059,349036.0
VT,pub,2000,0.89127,0.8834,0.87983,0.87497,317479.0
VT,pub,2001,0.88442,0.87575,0.87185,0.86661,339614.0
VT,pub,2002,0.81661,0.81546,0.815,0.81445,345476.0
VT,pub,2003,0.78225,0.78994,0.79356,0.7986,354208.0
VT,pub,2004,0.76174,0.77557,0.78203,0.79098,368628.0
VT,pub,2005,0.80894,0.82711,0.8356,0.84733,378048.0
VT,pub,2006,0.78064,0.80882,0.82209,0.84056,401361.0
VT,pub,2007,0.77863,0.80893,0.82329,0.84336,413420.0
VT,pub,2008,0.78267,0.80856,0.82079,0.83784,426694.0
VT,pub,2009,0.82331,0.84406,0.8538,0.8673,446804.0
VT,pub,2010,0.82907,0.84957,0.85914,0.87239,465125.0
VT,pub,2011,0.85736,0.87485,0.88302,0.8943,468182.0
VT,pub,2012,0.89045,0.88932,0.88884,0.88822,462776.0
VT,pub,2013,0.9241,0.90943,0.90281,0.89387,454560.0
VT,pub,2014,0.87207,0.85953,0.85387,0.84625,447694.0
VT,pub,2015,0.89297,0.8828,0.87822,0.87206,444742.0
VT,pub,2016,0.86472,0.85275,0.8474,0.84023,449278.0
VT,pub,2017,0.88751,0.88212,0.87974,0.87659,445650.0
VT,pub,2018,0.881,0.8906,0.89507,0.90121,446494.0
VT,pub,2019,0.9479,0.9762,0.98971,1.00872,440425.0
VT,pub,2020,0.89441,0.91737,0.9288,0.94539,446103.0
VT,pub,2021,0.99496,0.99601,0.99668,0.99782,417001.0
VT,pub,2022,0.93017,0.92823,0.92755,0.92683,420954.0
VT,pub,2023,0.89634,0.92654,0.94072,0.9604,348485.0
VT,pub,2024,0.87599,0.90604,0.92016,0.93976,356852.0
WA,cc,1998,0.24469,0.24528,0.24685,0.24757,4046201.0
WA,cc,1999,0.20469,0.18625,0.14731,0.13316,4470391.0
WA,cc,2000,0.3193,0.29971,0.25609,0.23933,3279815.0
WA,cc,2001,0.2722,0.27468,0.28142,0.28459,3776365.0
WA,cc,2002,0.30475,0.30484,0.30537,0.30572,3533078.0
WA,cc,2003,0.29942,0.29619,0.28863,0.28559,4039751.0
WA,cc,2004,0.32869,0.32938,0.33146,0.33252,4032414.0
WA,cc,2005,0.3237,0.3216,0.31711,0.31553,3841150.0
WA,cc,2006,0.32189,0.32164,0.32183,0.32224,3793741.0
WA,cc,2007,0.32219,0.32253,0.3256,0.32812,3584852.0
WA,cc,2008,0.31578,0.3156,0.31547,0.31558,3753957.0
WA,cc,2009,0.29432,0.29612,0.30095,0.3032,4231077.0
WA,cc,2010,0.27719,0.27896,0.28363,0.28578,4765956.0
WA,cc,2011,0.31403,0.31313,0.31101,0.31015,5010442.0
WA,cc,2012,0.35319,0.35136,0.34689,0.34502,4769427.0
WA,cc,2013,0.36837,0.36657,0.3623,0.36056,4657375.0
WA,cc,2014,0.37794,0.37851,0.38034,0.38132,4557542.0
WA,cc,2015,0.39502,0.3963,0.39978,0.40141,4513137.0
WA,cc,2016,0.41303,0.41488,0.42035,0.42313,4446929.0
WA,cc,2017,0.42084,0.42389,0.43191,0.43557,4426841.0
WA,cc,2018,0.43957,0.44196,0.44863,0.45184,4411704.0
WA,cc,2019,0.45479,0.45401,0.45222,0.45153,4345052.0
WA,cc,2020,0.43476,0.43583,0.43889,0.44038,4210161.0
WA,cc,2021,0.51491,0.51118,0.50301,0.5,3816655.0
WA,cc,2022,0.51185,0.51853,0.54079,0.55378,3417398.0
WA,cc,2023,0.48515,0.49389,0.51776,0.52904,3325809.0
WA,cc,2024,0.44602,0.44699,0.45011,0.4518,3620317.0
WA,pub,1998,1.03435,1.05512,1.06548,1.08047,2090418.0
WA,pub,1999,0.98107,1.0064,1.01844,1.03531,2160466.0
WA,pub,2000,1.02142,1.04737,1.05969,1.07693,2139491.0
WA,pub,2001,0.9691,0.99552,1.00828,1.02639,1954607.0
WA,pub,2002,0.95025,0.97639,0.9889,1.00653,2353266.0
WA,pub,2003,0.98548,1.01146,1.02376,1.04095,2394084.0
WA,pub,2004,1.00797,1.02979,1.04008,1.05441,2435792.0
WA,pub,2005,1.03812,1.05375,1.06119,1.0716,2391853.0
WA,pub,2006,1.0465,1.06204,1.06934,1.07946,2406887.0
WA,pub,2007,1.02064,1.03697,1.04462,1.05522,2521011.0
WA,pub,2008,1.0046,1.01997,1.02719,1.03725,2587962.0
WA,pub,2009,0.98501,1.00665,1.01682,1.03095,2686202.0
WA,pub,2010,0.99533,1.02465,1.03852,1.05789,2751736.0
WA,pub,2011,0.99286,1.02248,1.03687,1.05742,2816842.0
WA,pub,2012,1.01034,1.03008,1.03983,1.05395,2881752.0
WA,pub,2013,1.01331,1.03018,1.03865,1.051,2901098.0
WA,pub,2014,0.98201,1.00401,1.01486,1.03048,2946827.0
WA,pub,2015,1.00416,1.02644,1.03723,1.05258,2993070.0
WA,pub,2016,1.00387,1.027,1.03794,1.05322,3033848.0
WA,pub,2017,0.9599,0.98682,0.99952,1.01722,3200328.0
WA,pub,2018,0.96543,0.99321,1.00644,1.025,3234459.0
WA,pub,2019,0.99535,1.01998,1.03176,1.04835,3247781.0
WA,pub,2020,1.02508,1.04267,1.05122,1.06335,3161734.0
WA,pub,2021,1.0864,1.08504,1.0848,1.08483,3031052.0
WA,pub,2022,1.11295,1.0867,1.07538,1.06064,2893451.0
WA,pub,2023,1.07503,1.0526,1.04294,1.03037,2799710.0
WA,pub,2024,1.05823,1.05635,1.05576,1.05523,2794663.0
WI,cc,1998,0.26597,0.26445,0.26084,0.25939,1715126.0
WI,cc,1999,0.26629,0.26404,0.26,0.25893,1699324.0
WI,cc,2000,0.31318,0.3175,0.33016,0.33654,1603909.0
WI,cc,2001,0.29383,0.29511,0.2989,0.30082,1573340.0
WI,cc,2002,0.32245,0.32195,0.32165,0.32196,1756731.0
WI,cc,2003,0.30915,0.31224,0.3211,0.32552,1675672.0
WI,cc,2004,0.30947,0.30909,0.3084,0.30821,1914383.0
WI,cc,2005,0.32013,0.31807,0.3139,0.31256,1653053.0
WI,cc,2006,0.32187,0.31914,0.31268,0.31007,1642443.0
WI,cc,2007,0.31527,0.31391,0.31063,0.30927,2007797.0
WI,cc,2008,0.31252,0.31233,0.31209,0.3121,2054633.0
WI,cc,2009,0.2962,0.29629,0.29667,0.2969,2182425.0
WI,cc,2010,0.26829,0.27133,0.27944,0.28318,2446643.0
WI,cc,2011,0.29286,0.29453,0.29906,0.3012,2528957.0
WI,cc,2012,0.30836,0.30647,0.30186,0.29991,2528953.0
WI,cc,2013,0.3327,0.33039,0.32475,0.32237,2356719.0
WI,cc,2014,0.33373,0.33106,0.32441,0.32155,2221606.0
WI,cc,2015,0.34402,0.34094,0.33347,0.33035,2114033.0
WI,cc,2016,0.35641,0.35316,0.34506,0.34158,2054131.0
WI,cc,2017,0.35619,0.35731,0.36123,0.36349,1967163.0
WI,cc,2018,0.35812,0.35715,0.35483,0.35387,1938277.0
WI,cc,2019,0.35831,0.35662,0.35242,0.35061,1707201.0
WI,cc,2020,0.35225,0.353,0.35515,0.35621,1689862.0
WI,cc,2021,0.39054,0.39113,0.39318,0.39437,1520652.0
WI,cc,2022,0.37524,0.37499,0.37444,0.37424,1534219.0
WI,cc,2023,0.36047,0.36081,0.36178,0.36226,1547999.0
WI,cc,2024,0.36285,0.36326,0.3645,0.36512,1608615.0
WI,pub,1998,0.74081,0.76729,0.77983,0.79734,3187546.0
WI,pub,1999,0.72707,0.75405,0.76685,0.78476,3265181.0
WI,pub,2000,0.72857,0.74542,0.75341,0.76462,3299208.0
WI,pub,2001,0.75446,0.76208,0.76571,0.77081,3336261.0
WI,pub,2002,0.75318,0.75646,0.75802,0.76021,3402913.0
WI,pub,2003,0.74838,0.74921,0.74965,0.75031,3444336.0
WI,pub,2004,0.8125,0.81497,0.81623,0.81808,3463775.0
WI,pub,2005,0.78632,0.7885,0.7897,0.79153,3477293.0
WI,pub,2006,0.77518,0.78382,0.788,0.79393,3526551.0
WI,pub,2007,0.79392,0.80746,0.81385,0.82276,3602839.0
WI,pub,2008,0.7901,0.8038,0.81021,0.81911,3665103.0
WI,pub,2009,0.79224,0.80258,0.80743,0.81416,3721230.0
WI,pub,2010,0.78128,0.78591,0.78811,0.79117,3813412.0
WI,pub,2011,0.79134,0.79169,0.79189,0.7922,3861155.0
WI,pub,2012,0.81451,0.80913,0.80676,0.80361,3878194.0
WI,pub,2013,0.8349,0.83124,0.82968,0.82765,3885436.0
WI,pub,2014,0.84888,0.8463,0.84526,0.84398,3839502.0
WI,pub,2015,0.86548,0.86274,0.86159,0.86014,3821985.0
WI,pub,2016,0.87671,0.87432,0.87331,0.87204,3777892.0
WI,pub,2017,0.88407,0.88317,0.88284,0.88246,3746307.0
WI,pub,2018,0.8965,0.89901,0.90028,0.90215,3719315.0
WI,pub,2019,0.87356,0.88855,0.89569,0.90572,3863985.0
WI,pub,2020,0.92145,0.94681,0.95902,0.97631,3800313.0
WI,pub,2021,0.91074,0.92731,0.93527,0.9465,3688924.0
WI,pub,2022,0.91051,0.91061,0.91092,0.91164,3592984.0
WI,pub,2023,0.90638,0.90157,0.8998,0.8978,3568445.0
WI,pub,2024,0.87735,0.87871,0.87948,0.88067,3598838.0
WV,cc,1998,0.30318,0.30395,0.30634,0.30761,199683.0
WV,cc,1999,0.28519,0.28328,0.2791,0.27755,218799.0
WV,cc,2000,0.32962,0.32412,0.31059,0.30484,133971.0
WV,cc,2001,0.26916,0.26493,0.25439,0.24985,76459.0
WV,cc,2002,0.29427,0.29572,0.2996,0.3014,147008.0
WV,cc,2003,0.28913,0.28822,0.28591,0.2849,276003.0
WV,cc,2004,0.29215,0.29294,0.29502,0.29595,384260.0
WV,cc,2005,0.33909,0.33773,0.33457,0.33331,414575.0
WV,cc,2006,0.31996,0.32076,0.32284,0.32378,450809.0
WV,cc,2007,0.34761,0.34879,0.35194,0.35338,464665.0
WV,cc,2008,0.3508,0.35147,0.35327,0.3541,473945.0
WV,cc,2009,0.33239,0.33243,0.33259,0.33268,490990.0
WV,cc,2010,0.30189,0.30546,0.31493,0.31927,556694.0
WV,cc,2011,0.31959,0.3214,0.32639,0.32876,579176.0
WV,cc,2012,0.33619,0.33579,0.33485,0.33446,564686.0
WV,cc,2013,0.38099,0.37927,0.37505,0.37328,492457.0
WV,cc,2014,0.45513,0.45119,0.44149,0.43737,442292.0
WV,cc,2015,0.51135,0.5043,0.4869,0.4795,439658.0
WV,cc,2016,0.52603,0.52211,0.5123,0.50806,411421.0
WV,cc,2017,0.55639,0.5554,0.55304,0.55207,397386.0
WV,cc,2018,0.53995,0.5347,0.52159,0.51594,379368.0
WV,cc,2019,0.54352,0.53956,0.52954,0.52516,375553.0
WV,cc,2020,0.50611,0.50702,0.50955,0.51076,355537.0
WV,cc,2021,0.60015,0.59918,0.59686,0.5959,323818.0
WV,cc,2022,0.62267,0.61388,0.59199,0.58259,305846.0
WV,cc,2023,0.55323,0.55062,0.54413,0.54136,313866.0
WV,cc,2024,0.64173,0.64811,0.66518,0.67307,334254.0
WV,pub,1998,0.62169,0.6244,0.62575,0.62772,1346333.0
WV,pub,1999,0.61887,0.62451,0.62715,0.63082,1371655.0
WV,pub,2000,0.6357,0.64524,0.64973,0.65598,1372815.0
WV,pub,2001,0.64158,0.65243,0.65761,0.66486,1370438.0
WV,pub,2002,0.62646,0.63415,0.63777,0.64281,1364905.0
WV,pub,2003,0.64729,0.65533,0.65909,0.66428,1353332.0
WV,pub,2004,0.6303,0.64188,0.6475,0.65551,1374295.0
WV,pub,2005,0.65788,0.65889,0.66018,0.66273,1366761.0
WV,pub,2006,0.67154,0.65332,0.64627,0.63788,1372555.0
WV,pub,2007,0.70324,0.67559,0.66458,0.6511,1386868.0
WV,pub,2008,0.70093,0.688,0.68278,0.67633,1386894.0
WV,pub,2009,0.68835,0.694,0.69675,0.70068,1405367.0
WV,pub,2010,0.66852,0.68007,0.68547,0.69294,1441214.0
WV,pub,2011,0.66318,0.67537,0.68113,0.68916,1471284.0
WV,pub,2012,0.70683,0.71587,0.72014,0.72609,1464028.0
WV,pub,2013,0.70946,0.71256,0.71409,0.71628,1441438.0
WV,pub,2014,0.74425,0.7428,0.74218,0.74139,1422577.0
WV,pub,2015,0.77281,0.76424,0.76044,0.75539,1381121.0
WV,pub,2016,0.79746,0.78789,0.78367,0.7781,1365728.0
WV,pub,2017,0.76921,0.76574,0.76425,0.76232,1355441.0
WV,pub,2018,0.79137,0.79609,0.79834,0.8015,1352284.0
WV,pub,2019,0.83152,0.83114,0.83105,0.831,1300560.0
WV,pub,2020,0.84436,0.83252,0.82722,0.82013,1282135.0
WV,pub,2021,0.81528,0.79703,0.78887,0.77795,1281205.0
WV,pub,2022,0.82143,0.80096,0.79185,0.7797,1213984.0
WV,pub,2023,0.86312,0.84782,0.84104,0.83203,1127121.0
WV,pub,2024,0.85713,0.85008,0.84697,0.84283,1129116.0
WY,cc,1998,0.30458,0.30602,0.30998,0.31185,340404.0
WY,cc,1999,0.30068,0.29907,0.29505,0.29331,325259.0
WY,cc,2000,0.28712,0.28108,0.26676,0.2609,321610.0
WY,cc,2001,0.31546,0.31294,0.30725,0.30509,278074.0
WY,cc,2002,0.27021,0.27056,0.2715,0.27193,305545.0
WY,cc,2003,0.28781,0.29141,0.30126,0.30592,365444.0
WY,cc,2004,0.31457,0.31768,0.32588,0.32962,374610.0
WY,cc,2005,0.26496,0.26407,0.26189,0.26098,439080.0
WY,cc,2006,0.30336,0.30223,0.29938,0.29814,415150.0
WY,cc,2007,0.30281,0.30382,0.30651,0.30775,413532.0
WY,cc,2008,0.30477,0.30619,0.31001,0.31179,422680.0
WY,cc,2009,0.29166,0.29314,0.29701,0.29875,445797.0
WY,cc,2010,0.27649,0.27917,0.28622,0.28943,518646.0
WY,cc,2011,0.29564,0.29743,0.30211,0.30423,532953.0
WY,cc,2012,0.30542,0.30516,0.30475,0.30469,528065.0
WY,cc,2013,0.32466,0.32424,0.32325,0.32284,509337.0
WY,cc,2014,0.41147,0.40744,0.39785,0.39393,418641.0
WY,cc,2015,0.43528,0.43021,0.41771,0.41239,388026.0
WY,cc,2016,0.41674,0.42043,0.43045,0.43515,384122.0
WY,cc,2017,0.43532,0.43896,0.44868,0.45317,371040.0
WY,cc,2018,0.47718,0.47609,0.4734,0.47226,361498.0
WY,cc,2019,0.45726,0.45273,0.4417,0.43709,351000.0
WY,cc,2020,0.43634,0.43864,0.445,0.44803,347067.0
WY,cc,2021,0.46932,0.46791,0.46448,0.46304,322808.0
WY,cc,2022,0.46621,0.46428,0.45944,0.45734,312351.0
WY,cc,2023,0.46419,0.46356,0.46198,0.46131,310218.0
WY,cc,2024,0.46807,0.46957,0.47353,0.47534,319185.0
WY,pub,1998,0.85754,0.83824,0.82955,0.81783,238730.0
WY,pub,1999,0.88799,0.86495,0.8546,0.84067,241084.0
WY,pub,2000,0.91341,0.90682,0.90382,0.89974,236083.0
WY,pub,2001,0.8575,0.87376,0.88132,0.89172,234682.0
WY,pub,2002,0.81962,0.8502,0.86459,0.88461,242306.0
WY,pub,2003,0.83381,0.86668,0.88217,0.90375,250273.0
WY,pub,2004,0.80418,0.82641,0.8368,0.85118,249197.0
WY,pub,2005,0.80639,0.81563,0.8199,0.82576,252235.0
WY,pub,2006,0.83628,0.83779,0.83848,0.83943,256852.0
WY,pub,2007,0.79733,0.80439,0.80764,0.8121,253898.0
WY,pub,2008,0.8389,0.85752,0.86619,0.87816,255477.0
WY,pub,2009,0.80584,0.8306,0.84221,0.85829,260150.0
WY,pub,2010,0.78581,0.80355,0.81182,0.82323,272279.0
WY,pub,2011,0.79596,0.78695,0.78285,0.7773,279361.0
WY,pub,2012,0.88686,0.86523,0.85549,0.84239,279007.0
WY,pub,2013,0.87818,0.86726,0.8623,0.85558,280535.0
WY,pub,2014,0.86678,0.87349,0.87658,0.8808,277855.0
WY,pub,2015,0.87334,0.88299,0.88745,0.89357,277831.0
WY,pub,2016,0.9368,0.94665,0.9512,0.95744,276558.0
WY,pub,2017,1.00122,1.00701,1.00968,1.01332,264158.0
WY,pub,2018,0.94711,0.9541,0.95733,0.96174,269493.0
WY,pub,2019,0.98242,1.00313,1.01277,1.02606,272145.0
WY,pub,2020,1.03487,1.06247,1.07537,1.09322,266121.0
WY,pub,2021,1.07351,1.06847,1.06617,1.06304,246482.0
WY,pub,2022,1.08786,1.03606,1.01315,0.98272,233963.0
WY,pub,2023,1.11657,1.07618,1.05816,1.03407,228486.0
WY,pub,2024,1.0347,1.02729,1.0239,1.01931,223949.0
