stabbr,year,ER_measured,ER_low,ER_central,ER_high,credits,BA,AA,cc_share,rev_per_credit,rev_per_degree_central,rev_per_degree_measured,sticker_cost_idx_central,sticker_cost_idx_measured,sticker_cost_per_degree_central,sticker_cost_per_degree_measured,sticker_price,sticker_price_idx
AK,1998,0.28421,0.28461,0.28506,0.2854,460013.0,771.0,637.0,0.01935,,,,,,,,,
AK,1999,0.26814,0.29696,0.31119,0.33169,447750.0,708.0,585.0,0.0,,,,,,,,,
AK,2000,0.44373,0.46761,0.47916,0.49554,437159.0,1244.0,745.0,0.0,,,,,,,,,
AK,2001,0.44182,0.45411,0.45996,0.46807,444886.0,1232.0,812.0,0.02058,,,,,,,,,
AK,2002,0.43916,0.44362,0.44568,0.44852,466161.0,1277.0,858.0,0.01965,,,,100.0,100.0,42818.44079,43453.96075,4770.82749,100.0
AK,2003,0.40979,0.41969,0.4243,0.43081,488739.0,1245.0,848.0,0.02141,174.75973,49424.75227,51175.4908,117.95567,120.34771,50506.78024,52295.84669,5357.56926,112.29853
AK,2004,0.40563,0.42217,0.42992,0.4408,516531.0,1288.0,916.0,0.02185,181.80377,50745.11628,53784.24112,122.99153,128.451,52663.055,55817.04518,5660.25432,118.64303
AK,2005,0.3958,0.40689,0.41213,0.41935,518135.0,1304.0,810.0,0.01969,197.7268,57572.64083,59946.85549,137.06439,140.62948,58688.83451,61109.07942,6046.8073,126.74546
AK,2006,0.44304,0.45332,0.45826,0.46493,518693.0,1443.0,944.0,0.01836,218.21961,57143.49852,59106.52017,121.12256,123.45113,51862.79092,53644.40709,5941.60937,124.54044
AK,2007,0.44607,0.45823,0.46393,0.47199,512068.0,1419.0,969.0,0.02089,227.14915,58753.77299,61106.28308,127.04169,130.19606,54397.26953,56575.34454,6309.19146,132.24522
AK,2008,0.44058,0.45218,0.45769,0.46554,518723.0,1408.0,993.0,0.01648,238.47345,62524.0914,64952.30298,133.841,137.00544,57308.62727,59534.28892,6557.43354,137.44856
AK,2009,0.45361,0.46419,0.46925,0.47627,527234.0,1527.0,932.0,0.01576,244.32973,62481.88987,64635.69438,135.43636,138.05591,57991.7366,59990.76166,6803.14175,142.59878
AK,2010,0.43579,0.45053,0.4576,0.46738,549341.0,1498.0,994.0,0.01563,245.56121,64394.82422,67617.465,144.54411,149.55806,61891.53588,64988.89953,7080.45756,148.41152
AK,2011,0.45478,0.4802,0.4924,0.50967,568626.0,1616.0,1078.0,0.01566,252.95619,61646.57238,66745.92502,137.83975,147.05906,59020.83087,63902.98438,7265.45733,152.28925
AK,2012,0.44652,0.47355,0.48652,0.50491,583710.0,1612.0,1120.0,0.01454,257.69102,63558.79823,69252.6821,141.43429,151.85081,60559.9587,65985.19301,7365.97827,154.39624
AK,2013,0.50316,0.51408,0.51907,0.52613,569049.0,1757.0,1258.0,0.01384,264.35442,61114.54311,63047.19871,138.05225,140.33506,59111.81949,60981.14196,7670.74565,160.78439
AK,2014,0.55251,0.5411,0.53595,0.52903,553507.0,1855.0,1387.0,0.0,265.02961,59340.15518,57561.6019,117.59002,112.39737,50350.21323,48841.10803,6746.3409,141.40819
AK,2015,0.54856,0.52955,0.52107,0.50974,539995.0,1803.0,1331.0,0.0,274.62757,63244.99119,60075.96329,127.28157,119.13561,54499.98272,51769.14249,7099.62842,148.81335
AK,2016,0.59241,0.57398,0.56574,0.55469,520785.0,1915.0,1312.0,0.0,295.85182,62753.77021,59928.11691,120.24627,113.15244,51487.57993,49169.21643,7282.12537,152.63862
AK,2017,0.62747,0.61095,0.60356,0.59368,493024.0,1942.0,1272.0,0.0,306.37716,60913.60733,58592.4342,119.2159,112.99595,51046.39,49101.21693,7702.44069,161.44874
AK,2018,0.62053,0.60757,0.60176,0.59398,476108.0,1876.0,1172.0,0.0,312.49327,62315.53267,60430.76601,126.7601,121.12836,54276.69718,52635.06941,8165.42933,171.15331
AK,2019,0.64998,0.63503,0.62833,0.61938,450014.0,1863.0,1149.0,0.0,314.32883,60030.86404,58031.74411,142.61416,135.84859,61065.15863,59031.5951,9592.33578,201.06231
AK,2020,0.74492,0.71267,0.69851,0.6798,400309.0,1874.0,1222.0,0.0,322.00929,55319.5759,51872.52111,122.82358,113.48585,52591.13999,49314.09858,9183.82062,192.49953
AK,2021,0.76449,0.70686,0.68214,0.65002,355766.0,1756.0,1021.0,0.0,329.69186,57998.48614,51750.78494,127.67223,112.25307,54667.25854,48778.40316,9322.66581,195.40983
AK,2022,0.71874,0.65464,0.62759,0.5929,324317.0,1491.0,903.0,0.0,318.57781,60914.07021,53189.29187,130.06687,111.91151,55692.60736,48629.98545,8738.09391,183.15678
AK,2023,0.65596,0.61796,0.60153,0.58006,321240.0,1397.0,718.0,0.0,289.45124,57743.22745,52951.77441,121.57113,109.85287,52054.86283,47735.4224,7828.10999,164.08286
AK,2024,0.60957,0.61212,0.61337,0.61514,333088.0,1285.0,814.0,0.0,273.59205,53526.0221,53859.47274,119.73854,118.72237,51270.17596,51589.57336,7861.84655,164.79
AL,1998,0.50653,0.50608,0.50641,0.50677,6315262.0,17104.0,19106.0,0.30321,,,,,,,,,
AL,1999,0.51369,0.51487,0.51513,0.51649,4822474.0,17182.0,6924.0,0.38505,,,,,,,,,
AL,2000,0.54806,0.55331,0.55592,0.5595,4300337.0,16355.0,6571.0,0.37556,,,,,,,,,
AL,2001,0.49881,0.51033,0.51622,0.52423,3969781.0,13335.0,6333.0,0.43043,,,,,,,,,
AL,2002,0.51301,0.52436,0.53108,0.53933,4664194.0,16757.0,6366.0,0.38648,,,,100.0,100.0,37230.64003,38598.80642,4806.35242,100.0
AL,2003,0.50581,0.51579,0.52112,0.52846,4879852.0,16950.0,7238.0,0.39249,174.76167,40180.29952,41586.62631,105.69157,105.14362,39349.64632,40584.18118,5012.38311,104.28663
AL,2004,0.51184,0.52204,0.52704,0.5342,5023067.0,17646.0,7558.0,0.38813,189.81144,43217.55165,44501.07684,115.59476,114.92725,43036.66958,44360.54829,5552.61497,115.52659
AL,2005,0.52607,0.5334,0.5367,0.54172,4935970.0,17769.0,7740.0,0.37259,210.48142,47060.88589,48011.92104,122.91238,121.03609,45761.06663,46718.48716,6014.48644,125.13619
AL,2006,0.53146,0.54194,0.54657,0.55381,5028264.0,18332.0,7875.0,0.37397,216.09364,47443.84644,48792.10785,121.81387,120.95338,45352.08244,46686.56217,6071.48708,126.32214
AL,2007,0.48473,0.49596,0.50112,0.50907,7613240.0,18499.0,24508.0,0.2454,229.23668,49475.58545,51791.28302,118.87477,120.23193,44257.83705,46408.08848,6020.69988,125.26547
AL,2008,0.52613,0.54707,0.55859,0.57383,5246055.0,18926.0,8150.0,0.3647,232.01455,49843.02821,52917.74607,118.94988,122.05183,44285.80056,47110.54823,6082.08666,126.54267
AL,2009,0.56615,0.57907,0.58631,0.5955,6941327.0,19928.0,25641.0,0.29567,245.25167,53231.89764,55827.96209,127.86853,129.56867,47606.27283,50011.96098,6458.14653,134.3669
AL,2010,0.51806,0.52934,0.53715,0.54547,5784164.0,20653.0,8636.0,0.41443,249.98272,55846.32776,57904.81074,136.73326,136.9103,50906.66831,52845.74257,6725.5561,139.93057
AL,2011,0.52571,0.53335,0.53784,0.54324,5979327.0,21593.0,9204.0,0.4027,253.33415,56522.72276,57826.59682,153.46163,151.56669,57134.74787,58502.93403,7516.8324,156.3937
AL,2012,0.5591,0.56377,0.56525,0.56831,5724464.0,21529.0,10284.0,0.38235,284.25943,60346.69324,61011.31864,160.00477,156.09511,59570.80013,60250.84806,8246.90243,171.58339
AL,2013,0.59945,0.60149,0.60185,0.60358,5533410.0,22745.0,9793.0,0.36606,307.45466,61302.13742,61547.76995,159.0496,154.04752,59215.18238,59460.50234,8749.9223,182.04912
AL,2014,0.60344,0.60396,0.60392,0.6049,5456498.0,22617.0,9644.0,0.36217,320.36856,63657.6489,63708.24064,163.19376,157.53824,60758.0799,60807.87902,9021.9291,187.70844
AL,2015,0.61602,0.61872,0.61989,0.62204,5412288.0,22802.0,9964.0,0.3523,335.29446,64907.52051,65314.93562,163.98345,159.19313,61052.08674,61446.64847,9316.5272,193.83779
AL,2016,0.63626,0.64367,0.64629,0.65132,5434513.0,23878.0,9873.0,0.34147,348.92339,64786.12893,65808.14165,162.34559,159.1301,60442.30347,61422.32034,9629.51828,200.34982
AL,2017,0.64439,0.65749,0.66345,0.6725,5501168.0,24490.0,10102.0,0.32886,356.65189,64508.28488,66416.23303,161.64311,160.65068,60180.76378,62009.2445,9846.7429,204.86935
AL,2018,0.65514,0.67049,0.67811,0.68872,5551788.0,25353.0,9914.0,0.31366,366.41338,64841.72709,67114.7932,160.98566,160.86261,59935.98975,62091.04758,10034.76563,208.78131
AL,2019,0.67052,0.67902,0.68331,0.6893,5602943.0,25928.0,10759.0,0.31672,369.34392,64314.12361,65544.67019,161.93184,159.23675,60288.25936,61463.48641,10198.23855,212.1825
AL,2020,0.71272,0.71238,0.7121,0.71228,5534567.0,27432.0,10879.0,0.31144,365.88108,61656.8983,61603.31468,157.41057,151.69626,58604.96102,58552.9474,10337.60558,215.08214
AL,2021,0.76826,0.75932,0.75139,0.74541,5221604.0,27921.0,11017.0,0.29155,356.21754,56889.52948,55640.28503,151.23209,142.59792,56304.67368,55041.09517,10470.96728,217.85684
AL,2022,0.74592,0.74402,0.74264,0.74174,5165773.0,26686.0,10849.0,0.30076,337.40503,54519.91473,54279.99529,143.63316,137.91796,53475.54525,53234.68594,9812.89987,204.16522
AL,2023,0.73013,0.73764,0.74295,0.74875,5234589.0,26441.0,10817.0,0.30711,314.32207,50768.78962,51660.05247,138.965,136.44579,51737.55749,52666.44701,9507.38435,197.80872
AL,2024,0.69958,0.71246,0.71961,0.72869,5394214.0,26160.0,10575.0,0.31186,306.83044,51166.45918,52630.86339,140.88399,139.87073,52452.00969,53988.43259,9328.75662,194.09223
AR,1998,0.47875,0.47605,0.47557,0.47438,2223054.0,7355.0,3028.0,0.3077,,,,,,,,,
AR,1999,0.47017,0.47594,0.47954,0.48362,2302674.0,7436.0,3172.0,0.32703,,,,,,,,,
AR,2000,0.51724,0.52787,0.53386,0.54113,2088103.0,7438.0,3125.0,0.23937,,,,,,,,,
AR,2001,0.49858,0.50562,0.51016,0.51531,2039206.0,6772.0,3401.0,0.32501,,,,,,,,,
AR,2002,0.48842,0.48825,0.48915,0.48969,2348436.0,7557.0,4003.0,0.33396,,,,100.0,100.0,37970.52088,38029.09283,4565.28475,100.0
AR,2003,0.5069,0.50455,0.50474,0.50383,2491485.0,8449.0,4151.0,0.32336,125.13374,29750.14234,29623.14933,104.90051,104.28059,39831.27035,39656.96322,4939.64607,108.20017
AR,2004,0.48607,0.48851,0.49111,0.4934,2686423.0,8537.0,4689.0,0.3482,130.43699,31871.33298,32202.26283,115.3247,116.37688,43789.39025,44257.07021,5270.11822,115.43898
AR,2005,0.50484,0.51256,0.51674,0.52234,2596403.0,8438.0,4970.0,0.376,136.89683,31790.66023,32540.44937,113.39297,115.97036,43055.90219,44102.4759,5447.89031,119.33298
AR,2006,0.49511,0.50435,0.50823,0.51446,2693968.0,8524.0,5182.0,0.35463,150.44874,35523.1755,36464.60641,121.22303,124.34846,46029.01615,47288.59096,5717.97588,125.24905
AR,2007,0.49954,0.50632,0.50784,0.51202,2768061.0,8756.0,5534.0,0.36495,151.24088,35737.62928,36331.16281,123.85369,125.77681,47027.89032,47831.78117,5853.17466,128.21051
AR,2008,0.48859,0.49456,0.49862,0.50308,2942496.0,9306.0,5349.0,0.36145,154.13219,37094.33474,37855.96154,131.2056,133.77342,49819.45002,50872.81637,6082.48883,133.2335
AR,2009,0.4975,0.50395,0.50879,0.51398,3091775.0,9680.0,6276.0,0.37727,161.09421,37994.72013,38856.84704,132.5855,135.46117,50343.4055,51514.65301,6299.0333,137.97679
AR,2010,0.48804,0.49306,0.49859,0.50298,3320507.0,10032.0,6945.0,0.39448,147.10866,35406.03468,36171.30228,135.36696,138.15706,51399.54055,52539.87805,6295.26531,137.89425
AR,2011,0.55035,0.55625,0.55979,0.56402,3401790.0,10707.0,9789.0,0.38584,133.28571,28571.70029,29061.94971,126.00465,128.02378,47844.62208,48686.28304,6583.1345,144.19987
AR,2012,0.542,0.55315,0.55761,0.56518,3415047.0,11458.0,7933.0,0.37088,146.49712,31526.71697,32435.05704,129.48049,133.09819,49164.41667,50616.03327,6740.75217,147.65239
AR,2013,0.55222,0.56693,0.57385,0.58438,3421762.0,11637.0,8219.0,0.36843,155.57452,32363.43181,33639.3845,128.96832,133.91775,48969.94328,50927.70453,6930.09741,151.79989
AR,2014,0.61342,0.62234,0.62607,0.63229,3320545.0,12672.0,8604.0,0.35058,169.39541,32468.18691,33138.03874,122.87522,125.26488,46656.3594,47637.09917,7214.7458,158.03496
AR,2015,0.64657,0.6449,0.64169,0.64041,3221740.0,12965.0,8788.0,0.33291,176.50214,33007.16644,32757.87761,126.79175,125.62204,48143.48977,47772.92367,7623.5341,166.98924
AR,2016,0.67404,0.67383,0.67192,0.67158,3116160.0,13311.0,8385.0,0.31217,190.66715,34052.00374,33944.6029,126.86775,126.26492,48172.34569,48017.40367,7983.11543,174.86566
AR,2017,0.67641,0.68078,0.68225,0.6853,3108438.0,13445.0,8153.0,0.31216,204.84515,36029.80021,36340.97759,128.17379,129.10059,48668.25453,49095.78411,8208.59783,179.80473
AR,2018,0.70261,0.70538,0.70682,0.70897,3070998.0,13667.0,8628.0,0.30742,208.05927,35323.0924,35534.70911,126.56946,127.14403,48059.08328,48351.71957,8402.95758,184.06207
AR,2019,0.74841,0.74398,0.74126,0.73857,3046064.0,14188.0,9619.0,0.30357,207.26516,33553.5646,33232.94902,120.50364,119.14344,45755.85881,45309.17046,8392.61819,183.83559
AR,2020,0.77153,0.76244,0.75935,0.75435,2989767.0,14338.0,9769.0,0.30745,207.14643,32735.37202,32218.47045,118.68357,116.59147,45064.76869,44338.67734,8494.32514,186.06342
AR,2021,0.81918,0.80168,0.79161,0.78077,2810163.0,14502.0,9363.0,0.29731,202.10128,30636.65486,29605.52281,108.12381,104.26371,41055.17223,39650.54124,8057.43434,176.49358
AR,2022,0.82511,0.80894,0.79948,0.78978,2697747.0,13560.0,9979.0,0.29702,195.39761,29168.14308,28261.28438,103.02657,99.60361,39119.72688,37878.34759,7731.14527,169.3464
AR,2023,0.79895,0.79684,0.79652,0.79716,2827469.0,13680.0,10290.0,0.28243,190.31772,28672.53304,28585.25598,101.61737,101.14332,38584.64568,38463.88684,7556.91335,165.52995
AR,2024,0.78905,0.79986,0.80615,0.81508,2887179.0,13292.0,11385.0,0.28985,190.691,28385.50409,29000.45095,99.11711,101.17264,37635.28484,38475.03696,7460.17528,163.41095
AZ,1998,0.49321,0.50066,0.50259,0.50735,4455306.0,15332.0,5959.0,0.51378,,,,,,,,,
AZ,1999,0.47717,0.50496,0.52264,0.55156,4663033.0,15413.0,6258.0,0.53613,,,,,,,,,
AZ,2000,0.49513,0.53777,0.56292,0.61731,4648252.0,15848.0,6662.0,0.55314,,,,,,,,,
AZ,2001,0.41609,0.46227,0.49018,0.54937,4110532.0,10672.0,7162.0,0.66144,,,,,,,,,
AZ,2002,0.46753,0.5215,0.5582,0.63364,5066881.0,16123.0,7236.0,0.5207,,,,100.0,100.0,20892.60284,24944.20042,2915.54175,100.0
AZ,2003,0.4416,0.48756,0.52112,0.58741,5616825.0,16697.0,7946.0,0.56372,138.55935,31803.29675,37476.247,105.98328,104.75323,22142.66515,26129.85463,2884.74771,98.9438
AZ,2004,0.45563,0.49418,0.5222,0.57341,5841885.0,17350.0,9662.0,0.57471,155.58267,35752.76416,40976.33401,131.21216,125.95648,27413.63456,31418.83636,3578.81682,122.74963
AZ,2005,0.48435,0.50077,0.51064,0.52367,5833091.0,18299.0,10490.0,0.59282,171.24616,40242.5123,42426.70912,142.82997,126.12366,29840.89789,31460.53817,3809.50808,130.6621
AZ,2006,0.48725,0.49822,0.50373,0.51137,5864944.0,18302.0,11024.0,0.58355,181.32124,43194.903,44656.04014,153.80285,133.17878,32133.41766,33220.38224,4046.63804,138.79541
AZ,2007,0.47111,0.48286,0.48909,0.49739,6107657.0,18005.0,11946.0,0.57798,186.4541,45736.41934,47485.54063,164.51647,143.05355,34371.77343,35683.56539,4202.69441,144.14798
AZ,2008,0.49778,0.50775,0.51338,0.52019,6122659.0,19198.0,12400.0,0.57667,196.31819,45877.40663,47320.58379,160.34813,138.51252,33500.89749,34550.84046,4299.71151,147.47556
AZ,2009,0.5021,0.52359,0.54458,0.56247,6372745.0,20294.0,12741.0,0.57071,209.03987,46043.22045,49939.88922,166.66751,151.40824,34821.18013,37767.57456,4740.75218,162.60279
AZ,2010,0.48507,0.50743,0.52609,0.54338,6858610.0,21037.0,13374.0,0.57976,221.94911,50399.04659,54660.38013,196.54794,178.54738,41063.97979,44537.21686,5400.87481,185.2443
AZ,2011,0.48731,0.50521,0.51755,0.53044,7294450.0,22176.0,14892.0,0.58331,224.1171,51759.11323,54959.26751,221.75467,197.26254,46330.32342,49205.56362,5994.55972,205.60706
AZ,2012,0.53111,0.54018,0.54525,0.55135,7272666.0,23775.0,16827.0,0.56883,246.85407,54110.07929,55543.47682,245.1937,210.83521,51227.34643,52591.15696,6982.98446,239.50899
AZ,2013,0.55508,0.55626,0.554,0.55419,7091675.0,24119.0,17369.0,0.55241,284.7237,65118.44112,64977.09301,245.57474,205.23483,51306.95439,51194.1866,6704.47983,229.95657
AZ,2014,0.58353,0.5802,0.57634,0.57397,7150554.0,25718.0,18107.0,0.52761,307.69381,68213.74689,67255.66983,246.82909,204.18847,51569.02127,50933.18121,7430.29048,254.85111
AZ,2015,0.593,0.58801,0.58449,0.58162,7113225.0,25850.0,18602.0,0.50882,343.46689,75389.96132,74119.81802,257.19388,212.31666,53734.49584,52960.69319,7829.43897,268.54148
AZ,2016,0.60252,0.60249,0.59986,0.59967,7211570.0,26684.0,19050.0,0.47846,377.91583,79603.74005,79188.56866,262.77678,219.12064,54900.90883,54657.89161,8218.20953,281.8759
AZ,2017,0.6205,0.62716,0.62867,0.63271,7333173.0,28505.0,18827.0,0.4655,402.38326,80727.18106,82046.61103,255.34728,216.69711,53348.69341,54053.36052,8373.70795,287.20933
AZ,2018,0.65259,0.66772,0.67218,0.68178,7395741.0,30538.0,19364.0,0.45609,406.99648,78163.75668,79295.48664,243.65906,210.22784,50906.71985,52439.65454,8542.06677,292.98386
AZ,2019,0.68096,0.69555,0.70176,0.71178,7376726.0,32223.0,19275.0,0.43514,422.2981,77497.89472,78157.50605,241.86356,208.7881,50531.5934,52080.52099,8846.33898,303.42008
AZ,2020,0.67269,0.68821,0.69478,0.70511,7736441.0,34018.0,18701.0,0.41645,392.46193,70693.48813,71889.31201,254.30995,220.0225,53131.96835,54882.85447,9208.84798,315.85375
AZ,2021,0.71678,0.74041,0.74623,0.76174,7394027.0,35847.0,16637.0,0.37457,406.07005,68051.00408,70066.95655,240.95924,210.11412,50342.65734,52411.2877,9391.78634,322.12834
AZ,2022,0.73168,0.76358,0.77873,0.8016,7366763.0,36481.0,16873.0,0.36066,410.16418,65217.50313,69716.24662,218.38854,195.39335,45627.05071,48739.30877,8500.46244,291.55688
AZ,2023,0.70075,0.73709,0.75992,0.78674,7625999.0,36652.0,15761.0,0.35967,404.25346,66255.01183,72404.11835,214.98302,196.70068,44915.54766,49065.41113,8192.41846,280.99129
AZ,2024,0.67295,0.70035,0.7156,0.7346,8001227.0,36498.0,16744.0,0.36346,404.83408,71396.28137,75762.75091,230.65529,204.99575,48189.89461,51134.55068,8166.38207,280.09827
CA,1998,0.4272,0.43883,0.43683,0.4436,31387738.0,83066.0,57350.0,0.65222,,,,,,,,,
CA,1999,0.48162,0.49158,0.49024,0.49635,28200827.0,85877.0,54612.0,0.60379,,,,,,,,,
CA,2000,0.46017,0.47474,0.49083,0.50393,31165045.0,88250.0,62520.0,0.63005,,,,,,,,,
CA,2001,0.46284,0.47393,0.47699,0.48458,31648613.0,89938.0,64262.0,0.63021,,,,,,,,,
CA,2002,0.43822,0.4515,0.45647,0.4654,35938792.0,96179.0,70129.0,0.64844,,,,100.0,100.0,17487.74467,18221.4744,1999.40655,100.0
CA,2003,0.43078,0.44502,0.45421,0.4645,37719834.0,98807.0,73203.0,0.64203,114.20302,23872.65838,25283.60439,102.92675,104.1723,17999.56798,18981.72935,2044.71788,102.26624
CA,2004,0.45734,0.46585,0.46724,0.47261,36893123.0,104301.0,72607.0,0.63057,125.83243,27393.48927,28128.13444,139.16545,136.45577,24336.89832,24864.25253,2841.98342,142.14135
CA,2005,0.47798,0.48177,0.48243,0.48508,36753035.0,107619.0,77551.0,0.64297,123.03833,29425.22961,29672.37714,154.95845,150.10187,27098.73862,27350.77325,3267.31039,163.41401
CA,2006,0.48296,0.48719,0.49122,0.49467,37199058.0,110989.0,77451.0,0.63484,129.01474,29529.97181,30033.27004,151.57542,147.95865,26507.123,26960.24823,3254.51827,162.77421
CA,2007,0.47576,0.48779,0.49776,0.50696,38728682.0,112661.0,81772.0,0.62289,121.0887,27871.64069,29147.14858,145.7921,146.39486,25495.75046,26675.30158,3172.00291,158.64722
CA,2008,0.45248,0.46976,0.48049,0.49287,41454063.0,115548.0,81520.0,0.63575,121.9224,29042.01238,30860.18729,150.32434,153.20567,26288.33731,27916.33141,3157.10661,157.90218
CA,2009,0.42955,0.44879,0.46874,0.48494,44474585.0,117307.0,83784.0,0.65425,125.55613,30063.96477,32714.34599,155.89933,163.27942,27263.2763,29751.91838,3197.93248,159.94408
CA,2010,0.44208,0.45038,0.45758,0.46411,43746835.0,120274.0,81777.0,0.65717,139.79453,34381.7023,35572.18915,194.17587,192.89317,33956.98055,35147.98041,3883.55234,194.23525
CA,2011,0.46485,0.46202,0.45871,0.45692,42789032.0,124666.0,82175.0,0.65449,163.50229,38409.3595,37920.95401,212.91866,201.64711,37234.67236,36743.07723,4269.20043,213.52338
CA,2012,0.47728,0.47495,0.47206,0.47045,42733997.0,125326.0,89284.0,0.64183,182.05148,42556.88798,42099.43779,253.19564,240.34244,44278.20779,43793.93683,5224.94529,261.32481
CA,2013,0.51645,0.52126,0.52183,0.5247,41501960.0,130749.0,95732.0,0.62704,179.18657,39720.76608,40154.10493,240.56575,233.28199,42069.52414,42507.41727,5487.38776,274.45082
CA,2014,0.5229,0.53732,0.54548,0.55545,42524801.0,133269.0,104064.0,0.62576,181.26244,38075.68635,39755.98231,229.81395,230.08701,40189.27765,41925.2454,5480.00626,274.08164
CA,2015,0.53039,0.54579,0.55357,0.56401,43780594.0,136112.0,114792.0,0.62406,181.81612,37753.21765,39450.97959,227.51712,227.89834,39787.613,41526.43717,5505.62695,275.36305
CA,2016,0.55988,0.57094,0.57528,0.58244,44408310.0,142743.0,128906.0,0.61866,187.90615,37742.01239,38823.45404,220.96109,217.90052,38641.11177,39704.68763,5565.03293,278.33424
CA,2017,0.5918,0.60095,0.60582,0.61201,45030724.0,152579.0,138994.0,0.61296,187.02538,36188.4363,37054.06063,210.80191,207.10615,36864.50002,37737.79354,5582.67474,279.21659
CA,2018,0.63315,0.63914,0.64133,0.64521,45435635.0,160876.0,157708.0,0.59554,191.34004,34958.45532,35429.79292,206.51157,200.75581,36114.21529,36580.66894,5791.03317,289.6376
CA,2019,0.6727,0.67785,0.67912,0.68235,45931642.0,164899.0,185172.0,0.59683,191.50705,33130.08696,33459.69577,192.17573,186.19809,33607.20072,33928.03762,5706.37654,285.40351
CA,2020,0.70765,0.71172,0.71351,0.71637,45538281.0,172561.0,191964.0,0.58666,196.82496,31949.5931,32204.42029,184.81557,178.84335,32320.07563,32587.89507,5765.80132,288.37563
CA,2021,0.75484,0.75007,0.74,0.73572,43973453.0,178292.0,196634.0,0.5674,191.37524,30248.55935,29732.72911,180.70927,170.02054,31601.97563,30980.24979,5852.29761,292.70173
CA,2022,0.80124,0.79409,0.78524,0.78012,40656256.0,172837.0,197253.0,0.54776,202.54622,30161.44103,29598.23672,166.79831,156.88449,29169.26245,28586.66674,5727.02775,286.43638
CA,2023,0.76772,0.76922,0.77505,0.77795,41060365.0,169604.0,186170.0,0.55889,199.03604,29503.74907,29749.2832,158.8847,153.94408,27785.35024,28050.88167,5384.95463,269.32765
CA,2024,0.73966,0.74892,0.75998,0.76822,43132754.0,167248.0,197227.0,0.57255,186.17309,28423.68347,29202.10196,156.25559,154.08456,27325.57788,28076.47852,5192.45869,259.69999
CO,1998,0.5753,0.58983,0.59668,0.60654,4114395.0,17245.0,4960.0,0.32853,,,,,,,,,
CO,1999,0.58248,0.59929,0.608,0.61963,4128039.0,17703.0,4669.0,0.32517,,,,,,,,,
CO,2000,0.58019,0.59609,0.60387,0.61468,4191904.0,17795.0,4945.0,0.31881,,,,,,,,,
CO,2001,0.61379,0.63435,0.6453,0.65946,3693223.0,16901.0,3979.0,0.28538,,,,,,,,,
CO,2002,0.59453,0.61453,0.62529,0.63902,4111917.0,18168.0,4408.0,0.30447,,,,100.0,100.0,29872.16195,31428.13502,4654.19253,100.0
CO,2003,0.58288,0.60016,0.60882,0.6205,4615803.0,19865.0,5111.0,0.31824,223.40714,44623.11973,46766.66599,105.87769,105.50782,31627.95628,33159.14087,4730.10299,101.63101
CO,2004,0.58166,0.59477,0.60149,0.61035,4783947.0,20275.0,5827.0,0.32922,232.36213,47105.9443,48882.54096,113.45282,111.94033,33890.80942,35180.75792,4987.47668,107.16094
CO,2005,0.59254,0.60374,0.60871,0.61598,4870869.0,20976.0,6151.0,0.32528,243.51532,48277.04928,49647.35299,112.58253,110.04604,33630.83634,34585.41953,5089.14106,109.34531
CO,2006,0.62117,0.62878,0.6293,0.63389,4779463.0,21690.0,6101.0,0.31624,333.41252,63875.22337,64652.23424,123.05074,118.38138,36757.91662,37205.05871,5756.01104,123.67368
CO,2007,0.61151,0.61991,0.62549,0.63168,4757563.0,21425.0,5638.0,0.30981,349.46076,67509.32304,69021.81206,124.47395,120.96205,37183.06063,38016.11551,5774.32275,124.06712
CO,2008,0.61508,0.62471,0.6305,0.63744,4865822.0,21939.0,6003.0,0.31784,348.65111,66792.60212,68544.22673,133.77806,130.48947,39962.39931,41010.40642,6257.99915,134.4594
CO,2009,0.58959,0.60163,0.60816,0.61647,5026126.0,21639.0,6111.0,0.32976,339.12978,67476.29356,69720.18388,145.16681,142.56821,43364.46556,44806.52912,6538.37704,140.4836
CO,2010,0.54525,0.55621,0.56356,0.57147,5496302.0,21840.0,6268.0,0.35845,309.04649,66394.27592,68696.81596,164.68825,161.96331,49195.94218,50902.04749,6869.79389,147.60442
CO,2011,0.54523,0.54909,0.55156,0.55447,5719201.0,22484.0,7003.0,0.37808,328.73209,72296.33037,73133.94889,183.4846,176.42106,54810.81737,55445.85038,7476.75895,160.64567
CO,2012,0.56454,0.56388,0.56306,0.56283,5859942.0,23661.0,7814.0,0.37515,347.07452,74751.73094,74629.59287,192.64128,182.79961,57546.11603,57450.5092,7968.17077,171.20415
CO,2013,0.60098,0.59832,0.59503,0.59319,5757169.0,24469.0,8728.0,0.3624,364.95661,74118.81963,73576.09282,183.76358,173.35359,54894.15366,54481.79947,8023.46469,172.3922
CO,2014,0.62988,0.62957,0.62735,0.62697,5666135.0,25416.0,8651.0,0.3464,384.24732,73963.469,73817.28649,185.36243,175.82591,55371.76425,55258.80321,8542.41632,183.54239
CO,2015,0.65493,0.65655,0.6563,0.65753,5547157.0,25869.0,8812.0,0.32814,415.89548,76162.45574,76334.86977,189.87312,180.90066,56719.2059,56853.70221,9115.54597,195.85666
CO,2016,0.67193,0.67541,0.67568,0.67803,5557210.0,26157.0,9920.0,0.31912,433.05439,76918.55718,77274.83303,195.48385,186.71837,58395.25092,58682.10228,9600.53295,206.27709
CO,2017,0.68548,0.69405,0.69748,0.70309,5608362.0,27137.0,9800.0,0.30817,449.67815,77750.65597,79099.15506,198.80719,192.44091,59388.00726,60480.58842,10060.9829,216.17032
CO,2018,0.69871,0.71087,0.71742,0.72562,5658723.0,27778.0,10341.0,0.30894,453.26688,76057.10574,78155.94033,198.02792,193.79142,59155.22139,60905.02923,10223.49756,219.66211
CO,2019,0.71226,0.726,0.73213,0.74113,5692490.0,28796.0,9984.0,0.3093,460.59941,75746.07553,77909.33046,196.52613,192.48916,58706.60394,60495.75158,10374.51888,222.90696
CO,2020,0.72407,0.73351,0.73868,0.7451,5658353.0,29290.0,9704.0,0.30738,470.43038,76547.3979,78130.82029,187.37868,181.78589,55974.06299,57131.91534,10319.84118,221.73215
CO,2021,0.76532,0.75756,0.75271,0.74799,5345035.0,29376.0,9426.0,0.29254,431.54729,68891.32234,67731.05884,182.00583,170.08135,54369.07689,53453.39617,10217.32208,219.52942
CO,2022,0.76917,0.75239,0.74364,0.73372,5209237.0,28633.0,9514.0,0.2905,453.15231,73272.15637,70805.05507,179.66923,165.02397,53671.08292,51863.9572,9957.8788,213.95503
CO,2023,0.74933,0.74081,0.73682,0.73201,5240548.0,27989.0,9470.0,0.3018,446.18264,72760.87651,71560.6456,175.77873,164.32011,52508.90825,51642.74476,9659.81892,207.55091
CO,2024,0.70962,0.72213,0.72982,0.73899,5444800.0,27057.0,10282.0,0.31021,443.09335,73107.77372,75287.27094,186.28359,182.33944,55646.93421,57305.88691,10117.9883,217.39514
CT,1998,0.58782,0.59785,0.60018,0.60627,1700525.0,6591.0,3478.0,0.36981,,,,,,,,,
CT,1999,0.59557,0.61375,0.62054,0.6325,1693314.0,6583.0,3642.0,0.37331,,,,,,,,,
CT,2000,0.52108,0.54109,0.55079,0.56476,1265556.0,3850.0,3291.0,0.47566,,,,,,,,,
CT,2001,0.59477,0.61169,0.62313,0.63609,1590568.0,6417.0,2933.0,0.35727,,,,,,,,,
CT,2002,0.56965,0.5789,0.5843,0.59075,1744635.0,6638.0,3288.0,0.38987,,,,100.0,100.0,43380.22764,44495.49795,6336.7704,100.0
CT,2003,0.5907,0.59843,0.6048,0.61054,1851791.0,7401.0,3429.0,0.39779,238.58067,47337.53717,48467.0664,100.61776,100.43648,43648.21427,44689.71191,6599.59578,104.14762
CT,2004,0.61061,0.61553,0.61938,0.62305,1858131.0,7712.0,3486.0,0.38615,261.15913,50597.18579,51323.9417,108.74166,107.53884,47172.37848,47849.94195,7304.45595,115.27096
CT,2005,0.6029,0.60429,0.60658,0.60806,1975549.0,8069.0,3713.0,0.39481,263.75596,52178.59319,52497.38835,117.74569,115.49578,51078.34863,51390.42163,7745.83111,122.23626
CT,2006,0.63284,0.63322,0.63437,0.63491,2000115.0,8702.0,3692.0,0.39904,269.09387,50903.04626,51025.6615,114.5177,111.91627,49678.0381,49797.70254,7878.53948,124.33052
CT,2007,0.64364,0.64769,0.65003,0.65278,1917891.0,8352.0,3870.0,0.41727,271.48011,50430.40591,50966.05145,113.71068,111.96064,49327.95214,49817.4442,8016.18103,126.50263
CT,2008,0.6615,0.66672,0.67046,0.67415,2109375.0,9644.0,3968.0,0.40359,276.05464,48282.16775,48960.71141,112.5656,111.22944,48831.21163,49492.0937,8184.80449,129.16366
CT,2009,0.64046,0.64627,0.65142,0.65578,2214944.0,9653.0,4337.0,0.41419,278.48601,50173.50729,51035.43272,119.30879,118.30869,51756.42291,52642.04285,8428.76266,133.01354
CT,2010,0.61648,0.62035,0.62426,0.62737,2348790.0,9924.0,4285.0,0.43371,278.55284,52485.01732,53121.25784,128.93416,127.2893,55931.93401,56638.00915,8729.03756,137.75215
CT,2011,0.63713,0.63712,0.63806,0.63841,2407244.0,10290.0,4982.0,0.43973,278.16622,51215.27259,51257.74558,129.84087,126.77233,56325.26484,56407.97833,8984.76064,141.78769
CT,2012,0.67619,0.67414,0.67275,0.67138,2411653.0,10904.0,5371.0,0.43313,280.21002,48848.82121,48587.79066,125.22997,121.41425,54325.04811,54023.87494,9109.47016,143.75572
CT,2013,0.69544,0.69241,0.69101,0.68924,2377868.0,11040.0,5481.0,0.43854,286.33217,48758.83532,48476.46044,124.25675,120.4168,53902.86209,53580.05366,9289.04252,146.58954
CT,2014,0.7153,0.71758,0.71842,0.71998,2348510.0,11097.0,5804.0,0.43269,294.77133,48302.67996,48566.45281,125.6449,123.18617,54505.04492,54812.30108,9781.61015,154.3627
CT,2015,0.72438,0.72725,0.72687,0.72846,2320317.0,11127.0,5759.0,0.42423,309.34561,50016.96712,50183.38348,126.54816,123.80125,54896.87978,55085.98114,9975.72911,157.42608
CT,2016,0.73951,0.74446,0.74491,0.74788,2247433.0,10873.0,5954.0,0.41493,327.19878,51326.85549,51687.11879,132.19635,129.82392,57347.07947,57765.80123,10679.6022,168.53384
CT,2017,0.76453,0.77061,0.77255,0.77631,2224967.0,11417.0,5517.0,0.40355,343.97473,52292.53961,52822.37089,129.94454,127.97111,56370.23541,56941.38217,11123.92115,175.54559
CT,2018,0.74073,0.74524,0.74723,0.75008,2243329.0,11261.0,5173.0,0.38846,362.0667,56847.3808,57329.44777,137.57032,135.10724,59678.31848,60116.63738,11461.04826,180.86577
CT,2019,0.78154,0.78729,0.78813,0.79143,2193989.0,11630.0,5318.0,0.38824,380.05386,56662.85322,57101.21182,134.44129,132.08555,58320.93648,58772.12245,11735.25293,185.19296
CT,2020,0.78769,0.78947,0.79017,0.7914,2137845.0,11638.0,4790.0,0.37937,390.87947,58341.49859,58536.32255,142.17001,139.06941,61673.67484,61879.62617,12396.1368,195.62231
CT,2021,0.84064,0.83322,0.82734,0.82223,1961014.0,11428.0,4619.0,0.35529,389.88309,55179.01096,54359.78025,138.70222,133.21801,60169.33723,59276.01624,12754.30988,201.27461
CT,2022,0.83484,0.8165,0.80601,0.79482,1862154.0,10763.0,4384.0,0.34806,379.32914,55243.07153,53379.92673,138.48796,130.46317,60076.3907,58050.2359,12375.52057,195.29697
CT,2023,0.85104,0.83806,0.83776,0.8321,1851371.0,10924.0,4412.0,0.35923,369.8262,52128.44236,51307.3191,132.42587,127.07297,57446.64602,56541.75082,12226.68895,192.94827
CT,2024,0.78331,0.81784,0.93887,1.01836,1983196.0,10644.0,4603.0,0.33974,346.66005,43711.33776,52217.4922,123.51583,143.85345,53581.44736,64008.30889,12748.09796,201.17658
DC,1998,0.39095,0.34206,0.3218,0.29615,166980.0,463.0,162.0,0.0,,,,,,,,,
DC,2000,0.62986,0.63883,0.64299,0.6487,81542.0,354.0,148.0,0.0,,,,,,,,,
DC,2001,0.61343,0.61143,0.61052,0.60927,88127.0,380.0,141.0,0.0,,,,,,,,,
DC,2002,0.46841,0.49689,0.51052,0.5297,88127.0,291.0,106.0,0.0,,,,100.0,100.0,28094.55879,30619.69773,3585.68067,100.0
DC,2004,0.49834,0.50804,0.51255,0.51876,89336.0,302.0,138.0,0.0,221.51349,51861.75468,53339.97027,95.35665,89.98661,26790.03118,27553.62743,3432.79163,95.73612
DC,2005,0.48513,0.47793,0.47466,0.47024,90037.0,281.0,166.0,0.0,227.09008,57411.29762,56171.73029,99.93973,89.71807,28077.62727,27471.40322,3331.82717,92.92035
DC,2007,0.41477,0.42584,0.43101,0.43816,109796.0,306.0,147.0,0.0,201.50516,56102.82985,58298.97513,107.90989,102.88657,30316.80657,31503.55796,3266.67645,91.10338
DC,2008,0.46535,0.4704,0.47274,0.47594,101601.0,318.0,152.0,0.0,247.68403,62872.25833,63870.41831,138.38443,128.98798,38878.49474,39495.72972,4594.83199,128.14393
DC,2009,0.58444,0.55798,0.54625,0.53066,97735.0,384.0,184.0,0.0,273.98304,60188.13227,56255.74065,117.75421,100.98427,33082.52486,30921.0781,4517.85947,125.99726
DC,2010,0.54426,0.50687,0.4906,0.46925,107044.0,431.0,109.0,0.0,343.97589,84135.95343,75840.48496,124.45558,102.93313,34965.24535,31517.81202,4288.48821,119.60039
DC,2011,0.48055,0.4638,0.45632,0.44631,110998.0,366.0,157.0,0.0,347.37567,91350.37078,86744.66778,304.88162,265.63484,85655.145,81336.5839,9771.55756,272.51611
DC,2012,0.55045,0.5363,0.52993,0.52137,105295.0,398.0,170.0,0.0,329.36319,74582.59374,71801.85631,255.88957,226.03313,71891.04676,69210.66097,9524.31243,265.62076
DC,2013,0.60457,0.54177,0.51521,0.48108,103611.0,372.0,300.0,0.0,356.68067,83075.48739,70797.01343,267.60372,209.2452,75182.0844,64070.24751,9683.72157,270.06648
DC,2014,0.65302,0.57964,0.54882,0.50941,99507.0,410.0,263.0,0.0,372.65006,81480.90727,68478.83593,175.49074,135.32438,49303.34952,41435.91543,6764.61401,188.65634
DC,2015,0.56515,0.51293,0.49064,0.4618,100434.0,335.0,276.0,0.0,371.92279,90964.12244,78971.86735,198.92162,158.45487,55886.15172,48518.40091,6855.01034,191.17738
DC,2016,0.64007,0.62068,0.61198,0.60033,95427.0,387.0,244.0,0.0,424.78594,83293.69435,79638.60045,158.37683,138.93909,44495.27135,42542.72985,6807.58574,189.85477
DC,2017,0.68356,0.66171,0.65193,0.63882,88917.0,387.0,239.0,0.0,445.30672,81967.2808,78174.40881,156.24052,136.72221,43895.08436,41863.92712,7154.1142,199.519
DC,2018,0.58483,0.57484,0.57032,0.56421,87000.0,338.0,172.0,0.0,431.6524,90823.14452,88570.18559,179.0822,160.23772,50312.35279,49064.30456,7173.5397,200.06075
DC,2019,0.68087,0.6933,0.69907,0.70702,85215.0,386.0,195.0,0.0,407.97645,70031.82674,71904.2677,146.32467,137.84725,41109.27129,42208.40988,7184.56827,200.36832
DC,2020,0.66135,0.69665,0.71345,0.73702,87820.0,374.0,220.0,0.0,355.3353,59765.90973,64474.26809,144.39505,142.92444,40567.15236,43763.03263,7235.70068,201.79434
DC,2021,0.72067,0.72643,0.72908,0.73272,78927.0,374.0,200.0,0.0,308.12593,50714.62231,51306.86767,140.22819,130.16642,39396.49151,39856.56374,7180.81691,200.2637
DC,2022,0.80924,0.71541,0.67613,0.62601,68954.0,367.0,196.0,0.0,297.97876,52885.74311,44186.72588,142.11751,108.94872,39927.28853,33359.76862,6748.97428,188.22017
DC,2023,0.83907,0.74648,0.70753,0.65767,71079.0,350.0,294.0,0.0,274.18074,46502.39238,39212.25883,128.14907,99.14786,36002.91713,30358.77582,6368.25711,177.60246
DC,2024,0.65982,0.66846,0.67245,0.67794,76748.0,277.0,290.0,0.0,258.09978,46058.35206,46939.90892,130.25477,121.80042,36594.50193,37294.9207,6152.0,171.57133
DE,1998,0.5961,0.60019,0.60269,0.60545,800907.0,3522.0,913.0,0.28783,,,,,,,,,
DE,1999,0.59672,0.60528,0.6064,0.61131,825114.0,3661.0,884.0,0.29311,,,,,,,,,
DE,2000,0.62809,0.63765,0.64039,0.64614,803196.0,3736.0,936.0,0.27493,,,,,,,,,
DE,2001,0.59784,0.60124,0.60355,0.60589,809007.0,3566.0,929.0,0.30144,,,,,,,,,
DE,2002,0.64559,0.64362,0.6465,0.64644,806427.0,3879.0,919.0,0.29171,,,,100.0,100.0,44219.5824,44281.73942,7146.94547,100.0
DE,2003,0.63666,0.6344,0.63653,0.63617,843088.0,4012.0,922.0,0.312,488.87156,71262.57178,70609.80371,104.12762,103.96007,46044.79823,46035.32848,7327.20751,102.52222
DE,2004,0.57397,0.57706,0.57942,0.58162,892097.0,3811.0,912.0,0.35366,375.08141,77680.21858,78417.85817,121.61204,122.59452,53776.33559,54286.98753,7789.82249,108.99513
DE,2005,0.62752,0.63204,0.63248,0.63513,859102.0,3970.0,1045.0,0.31628,409.9062,77771.23383,78386.474,119.71833,120.49604,52938.94763,53357.74216,8370.70534,117.12284
DE,2006,0.6547,0.65792,0.65923,0.66122,860184.0,4132.0,1122.0,0.31782,417.94725,76079.49209,76605.91093,118.23332,118.88431,52282.28018,52644.03835,8616.47526,120.56165
DE,2007,0.62003,0.62064,0.62174,0.62247,859804.0,3821.0,1243.0,0.32967,426.25063,82269.11902,82496.79238,127.15852,127.33143,56228.96451,56384.57378,8739.96175,122.28947
DE,2008,0.63123,0.63311,0.63571,0.63743,876769.0,3955.0,1314.0,0.34315,436.52443,82400.78085,82985.92465,125.73854,126.45368,55601.05543,55995.88922,8836.52505,123.64058
DE,2009,0.63859,0.64028,0.64225,0.64364,900853.0,4075.0,1438.0,0.35023,438.25533,81884.93894,82353.69824,129.07097,129.62764,57074.64285,57401.37289,9164.0539,128.22336
DE,2010,0.57263,0.57889,0.5808,0.58469,950985.0,3797.0,1482.0,0.3581,462.25045,95506.19766,96869.37852,151.57172,153.51935,67024.38351,67981.03721,9731.94993,136.16936
DE,2011,0.61792,0.62443,0.62679,0.63079,954396.0,4118.0,1593.0,0.35842,485.51649,92953.27437,94287.31175,146.41399,148.30681,64743.65316,65672.83455,10145.13301,141.95061
DE,2012,0.60858,0.61634,0.62198,0.62757,967667.0,4040.0,1735.0,0.33549,509.7763,98352.94747,100518.32993,158.21927,161.47572,69963.90201,71504.25855,10878.96401,152.21837
DE,2013,0.6455,0.65607,0.65929,0.66595,967618.0,4276.0,1858.0,0.32151,529.57891,96390.55502,98449.58506,155.10993,158.2009,68588.96134,70054.11248,11305.02912,158.17987
DE,2014,0.65439,0.66337,0.66628,0.67176,964201.0,4299.0,1918.0,0.31289,537.74929,96851.27994,98611.33531,157.20855,159.84078,69516.96278,70780.27807,11579.41245,162.01904
DE,2015,0.67815,0.68763,0.69158,0.69761,970587.0,4548.0,1874.0,0.29784,553.18462,95985.68682,97887.65662,155.60869,158.46934,68809.5109,70172.98098,11896.88716,166.46114
DE,2016,0.70105,0.71548,0.74929,0.76901,970462.0,4717.0,1905.0,0.28861,552.32754,88455.62554,94543.23872,146.40538,156.26151,64739.84743,69195.31475,12127.30134,169.6851
DE,2017,0.68406,0.69381,0.70923,0.71877,970176.0,4559.0,1943.0,0.28571,566.82922,95905.81536,99434.79045,160.01587,165.67098,70758.34907,73361.99151,12546.02755,175.54391
DE,2018,0.71205,0.71736,0.71969,0.72302,980410.0,4828.0,1979.0,0.27605,568.94292,94864.16563,95882.65233,160.12146,161.61339,70805.03998,71565.22157,12739.48684,178.25079
DE,2019,0.73117,0.73863,0.74226,0.74705,983655.0,5021.0,1945.0,0.271,565.22401,91378.85151,92764.7316,157.44846,159.61202,69623.0535,70678.97839,12919.60465,180.771
DE,2020,0.72065,0.73038,0.73515,0.74145,975697.0,4931.0,1857.0,0.25864,564.82863,92198.11462,94052.66621,164.02915,167.0937,72533.0049,73991.99568,13330.65794,186.52245
DE,2021,0.73566,0.73287,0.72938,0.72719,973166.0,4961.0,2010.0,0.26159,513.50861,84483.74005,83762.84317,164.10705,162.47834,72567.4513,71948.23571,13232.37272,185.14725
DE,2022,0.80237,0.79308,0.78761,0.78161,924039.0,5179.0,1999.0,0.24306,505.08437,76954.4587,75538.99137,146.80033,143.89787,64914.49114,63720.48181,12781.83054,178.84326
DE,2023,0.76312,0.76743,0.76736,0.76964,934848.0,5082.0,1726.0,0.23268,485.44411,75913.87026,76335.82027,146.17215,146.7783,64636.71535,64995.98385,12399.91284,173.49947
DE,2024,0.72045,0.73533,0.74294,0.75281,973223.0,4965.0,1756.0,0.24213,478.65403,77312.90878,79725.67431,152.87728,157.42696,67601.69485,69711.3948,12555.92027,175.68233
FL,1998,0.62148,0.6419,0.65404,0.66836,10313342.0,34056.0,38714.0,0.52095,,,,,,,,,
FL,1999,0.59455,0.61874,0.63223,0.64918,10470747.0,34140.0,35476.0,0.50021,,,,,,,,,
FL,2000,0.6351,0.66547,0.68088,0.70273,10034734.0,35435.0,35348.0,0.5219,,,,,,,,,
FL,2001,0.58625,0.62078,0.64592,0.67238,11195146.0,35748.0,37889.0,0.54833,,,,,,,,,
FL,2002,0.55405,0.58465,0.60765,0.631,12128418.0,36650.0,38696.0,0.5843,,,,100.0,100.0,21426.67479,23499.50779,3254.98039,100.0
FL,2003,0.53714,0.56011,0.57426,0.5907,12143586.0,33874.0,40965.0,0.62599,111.49833,23299.25813,24909.43363,105.8564,103.18935,22681.50553,24248.98912,3256.26261,100.03939
FL,2004,0.56188,0.57986,0.58968,0.60238,13778885.0,42797.0,43440.0,0.58093,120.67735,24557.75714,25773.04184,109.82879,105.09672,23532.65687,24697.21264,3469.19958,106.58127
FL,2005,0.56891,0.58303,0.59055,0.60022,13920932.0,43517.0,44961.0,0.57377,119.07587,24196.16459,25116.81666,114.47379,108.34781,24527.92733,25461.2028,3621.25696,111.2528
FL,2006,0.6035,0.61537,0.62108,0.62926,13708027.0,45398.0,47084.0,0.54754,123.1618,23796.33685,24489.4875,112.7798,105.82711,24164.96092,24868.84902,3752.09018,115.27228
FL,2007,0.60941,0.61715,0.62156,0.62722,14083291.0,47879.0,47284.0,0.56037,123.64245,23870.64243,24346.59181,112.6326,104.74522,24133.4214,24614.61025,3750.10686,115.21135
FL,2008,0.62525,0.62925,0.63462,0.63844,14598974.0,50413.0,51307.0,0.57151,123.12577,23281.71724,23630.76892,107.21045,99.21925,22971.63365,23316.0364,3644.57648,111.96923
FL,2009,0.61978,0.6181,0.62031,0.62039,15403458.0,52479.0,54154.0,0.5888,128.27876,24815.67376,24837.0526,120.38338,109.86092,25794.15491,25816.77651,3971.5535,122.01467
FL,2010,0.62993,0.62622,0.62893,0.62822,16502985.0,54979.0,63305.0,0.60324,128.68369,24552.72189,24513.77376,134.29642,122.25484,28775.2569,28729.28631,4512.732,138.64084
FL,2011,0.63101,0.63005,0.63094,0.63087,17340330.0,57313.0,67738.0,0.60869,128.0369,24351.53397,24349.12695,144.05908,131.33889,30867.06957,30863.99366,4850.96014,149.03193
FL,2012,0.68121,0.68669,0.69085,0.69501,17813936.0,61445.0,79362.0,0.59504,137.42717,23871.10725,24208.59984,142.6681,131.93222,30569.02995,31003.4222,5266.32496,161.79283
FL,2013,0.70917,0.71448,0.71488,0.71842,17237133.0,64095.0,75543.0,0.58061,151.44135,25420.98428,25625.84021,146.99255,135.11269,31495.61626,31750.81776,5612.88429,172.43988
FL,2014,0.72338,0.72616,0.7269,0.72912,16956629.0,65981.0,72474.0,0.5734,155.71148,25705.7272,25830.49811,144.94354,132.7999,31056.58094,31207.32392,5643.72241,173.38729
FL,2015,0.74891,0.74933,0.74955,0.75002,16812386.0,68522.0,72804.0,0.56708,161.35116,25831.78458,25853.93246,140.76692,128.46027,30161.66989,30187.53016,5651.8981,173.63847
FL,2016,0.77434,0.7758,0.7747,0.77535,16754060.0,70860.0,74502.0,0.55851,167.92107,26010.87605,26022.88048,134.9359,123.09032,28912.27703,28925.6205,5599.55812,172.03047
FL,2017,0.78902,0.79181,0.7908,0.79226,16739515.0,72385.0,75360.0,0.55004,168.19506,25522.76558,25580.37325,130.69422,119.43498,28003.42492,28066.63171,5536.27836,170.08638
FL,2018,0.79893,0.80276,0.80475,0.8074,16936269.0,75432.0,74651.0,0.54433,157.49562,23485.03281,23655.97199,122.64681,112.6424,26279.13362,26470.41007,5287.00376,162.42813
FL,2019,0.82108,0.82699,0.82967,0.83399,17147507.0,78994.0,76670.0,0.53891,148.74325,21513.55705,21738.6665,118.29525,108.98933,25346.73758,25611.95594,5257.36804,161.51766
FL,2020,0.83124,0.83934,0.84397,0.84969,17202538.0,81636.0,75052.0,0.53377,144.84867,20624.83924,20920.23573,115.16223,106.6124,24675.43668,25053.38911,5206.34563,159.95014
FL,2021,0.89103,0.89559,0.88623,0.88727,16690708.0,84649.0,78566.0,0.51544,147.5821,20015.74155,19887.63496,108.01357,97.95544,23143.71591,23019.04527,5127.63686,157.53204
FL,2022,0.90622,0.91569,0.91549,0.92119,15878167.0,83632.0,72555.0,0.50201,145.48979,19068.53883,19265.58359,99.58455,91.72915,21337.65841,21555.89883,4883.60599,150.03488
FL,2023,0.85985,0.87293,0.88328,0.89318,15745282.0,81069.0,63505.0,0.49981,140.15503,19034.89249,19553.90928,97.50579,91.32739,20892.2485,21461.48784,4613.41483,141.73403
FL,2024,0.82464,0.83624,0.84344,0.85157,16322678.0,81283.0,61774.0,0.51086,133.46974,18986.48756,19417.28384,97.80235,91.20805,20955.79193,21433.44231,4418.7404,135.75321
GA,1998,0.5693,0.56715,0.56533,0.56439,4406135.0,17294.0,7219.0,0.44179,,,,,,,,,
GA,1999,0.49849,0.49318,0.49121,0.48865,5813154.0,20825.0,6647.0,0.35985,,,,,,,,,
GA,2000,0.47043,0.46742,0.46755,0.46707,5956914.0,20271.0,6163.0,0.37455,,,,,,,,,
GA,2001,0.44381,0.44947,0.45338,0.45823,6279070.0,19962.0,6521.0,0.39722,,,,,,,,,
GA,2002,0.41315,0.4193,0.42292,0.42723,6966873.0,20517.0,6939.0,0.44232,,,,100.0,100.0,34823.66433,35657.99327,3646.54419,100.0
GA,2003,0.42418,0.43326,0.4399,0.44733,7485647.0,22245.0,8431.0,0.43332,128.94713,35000.94339,36307.40635,97.41112,98.71618,33922.12293,35200.20996,3717.94381,101.95801
GA,2004,0.43305,0.4447,0.45163,0.46029,7870388.0,23638.0,9529.0,0.43982,135.86053,35975.00777,37526.03335,100.25955,102.16625,34914.04787,36430.43599,3909.82194,107.21992
GA,2005,0.45551,0.46759,0.4741,0.48242,7922661.0,24894.0,10359.0,0.42983,138.6153,34906.18133,36343.17705,98.10475,99.76797,34163.66814,35575.25687,4014.84392,110.09997
GA,2006,0.46121,0.46909,0.47177,0.47682,8006462.0,25617.0,10310.0,0.42576,149.19642,37690.92581,38559.73155,103.64438,103.56361,36092.7724,36928.70418,4223.98824,115.83538
GA,2007,0.47705,0.48392,0.4865,0.49087,8073529.0,26860.0,10471.0,0.41154,154.96907,37941.88626,38698.24574,105.02824,104.62451,36574.68347,37307.00117,4416.16165,121.10539
GA,2008,0.48232,0.48997,0.49446,0.4997,8381304.0,28208.0,10959.0,0.41917,158.20966,38075.20459,39037.60866,111.19027,111.34408,38720.52497,39703.06323,4758.59848,130.49611
GA,2009,0.4694,0.47868,0.48444,0.49103,8929196.0,29143.0,11570.0,0.42928,163.95692,40242.82878,41539.76699,119.12779,120.09859,41484.66219,42824.74787,4997.37234,137.04406
GA,2010,0.43487,0.44438,0.45128,0.45839,10137485.0,30421.0,12632.0,0.45612,169.85559,44788.14684,46490.28346,143.00255,144.96926,49798.7267,51693.12895,5589.82377,153.29099
GA,2011,0.45137,0.46071,0.46577,0.47223,10501914.0,32397.0,14210.0,0.45672,180.79598,46413.84957,47911.67425,153.50535,154.72531,53456.18827,55171.94236,6199.884,170.02081
GA,2012,0.50276,0.5102,0.51219,0.51685,9763037.0,33656.0,14496.0,0.41981,201.63449,47240.44898,48126.46489,153.62663,152.85974,53498.42262,54506.71504,6829.73395,187.29333
GA,2013,0.52277,0.52934,0.5322,0.53716,9690817.0,35021.0,14393.0,0.39346,213.90453,47943.61148,48821.13746,147.02425,146.4865,51199.22978,52234.14562,6961.10331,190.8959
GA,2014,0.53774,0.54084,0.54258,0.54516,9531734.0,35579.0,14269.0,0.38528,216.25477,47828.08652,48258.3489,146.67932,144.55951,51079.11358,51547.01889,7012.51485,192.30577
GA,2015,0.56781,0.56626,0.565,0.56462,9357627.0,36906.0,14744.0,0.37038,230.08048,48866.82966,48624.76348,152.37363,147.98824,53062.08033,52769.6369,7406.15694,203.1007
GA,2016,0.58898,0.58807,0.58711,0.58694,9341371.0,37778.0,16142.0,0.3594,243.52698,49774.48748,49616.69417,149.56066,145.59819,52082.50361,51917.39351,7646.34562,209.68745
GA,2017,0.60999,0.61303,0.614,0.61597,9299512.0,39121.0,16302.0,0.33762,242.93862,47480.00076,47791.73131,142.3974,139.97861,49587.99197,49913.56257,7613.2473,208.77979
GA,2018,0.61442,0.62389,0.62836,0.63479,9387705.0,39776.0,16581.0,0.33463,236.82105,45226.79313,46252.71763,139.68147,139.50759,48642.20755,49745.60731,7642.96624,209.59478
GA,2019,0.62312,0.6365,0.64317,0.65288,9486386.0,41025.0,16470.0,0.33357,231.32885,43160.27503,44548.81527,134.80723,135.8885,46944.81733,48455.1128,7550.06818,207.04721
GA,2020,0.64416,0.65851,0.66579,0.67629,9568297.0,42846.0,17033.0,0.33337,232.54218,41912.71028,43320.1777,131.50823,132.74403,45795.98582,47333.8572,7624.38623,209.08526
GA,2021,0.67653,0.69262,0.69533,0.70563,9280632.0,43382.0,17879.0,0.30444,227.90487,39331.54506,40425.08614,124.8904,125.3593,43491.41348,44700.61203,7562.15019,207.37854
GA,2022,0.68762,0.70522,0.71093,0.72313,8953798.0,42988.0,16637.0,0.2979,221.49217,37386.20247,38653.89508,116.19928,117.32834,40464.84775,41836.93116,7193.79572,197.27708
GA,2023,0.67436,0.68502,0.69327,0.70169,8901482.0,42226.0,15595.0,0.30157,193.9587,33572.72495,34514.1752,105.61974,106.04095,36780.66536,37812.07305,6376.47949,174.86363
GA,2024,0.65628,0.65676,0.65972,0.66131,9278794.0,43220.0,15051.0,0.3092,181.05445,32933.12126,33105.73087,106.832,104.87916,37202.81589,37397.8039,6137.2244,168.30248
HI,1998,0.58163,0.57049,0.56443,0.55746,874475.0,3086.0,2305.0,0.52396,,,,,,,,,
HI,1999,0.58038,0.56821,0.56386,0.55687,868598.0,3080.0,2242.0,0.5294,,,,,,,,,
HI,2000,0.58745,0.58284,0.5815,0.57888,870814.0,3112.0,2302.0,0.53163,,,,,,,,,
HI,2001,0.57303,0.57692,0.57545,0.57719,849063.0,2950.0,2209.0,0.52435,,,,,,,,,
HI,2002,0.54666,0.55378,0.55644,0.56086,880688.0,2910.0,2204.0,0.52172,,,,100.0,100.0,25050.84232,25519.60543,3386.98349,100.0
HI,2003,0.54626,0.55995,0.56645,0.57545,922084.0,3010.0,2375.0,0.51021,155.31878,32903.64617,34119.58599,100.85823,102.81589,25265.83615,26238.21052,3497.43499,103.26106
HI,2004,0.55322,0.5713,0.57868,0.59046,967865.0,3314.0,2296.0,0.48689,167.52648,34739.65023,36338.64089,104.37765,107.41164,26147.48176,27411.02756,3669.60489,108.34434
HI,2005,0.53323,0.55002,0.55611,0.56688,1005262.0,3294.0,2346.0,0.47173,166.62744,35955.42642,37498.14888,111.05201,113.90181,27819.46293,29067.29218,3764.02106,111.13196
HI,2006,0.59713,0.60974,0.6153,0.62345,961898.0,3639.0,2295.0,0.46348,178.73698,34858.30833,35919.09391,102.26529,103.62076,25618.31705,26443.60865,3789.4676,111.88326
HI,2007,0.60353,0.60311,0.6031,0.60292,950906.0,3586.0,2393.0,0.46891,194.53861,38707.6926,38680.17466,119.90759,117.61739,30037.86244,30015.49304,4392.19441,129.67865
HI,2008,0.60391,0.59707,0.59523,0.5915,961342.0,3698.0,2280.0,0.47904,227.52305,45869.58239,45210.30648,132.08896,127.79903,33089.39596,32613.80755,4923.9168,145.37764
HI,2009,0.58682,0.58477,0.58852,0.5887,1003847.0,3705.0,2408.0,0.50032,247.79416,50525.61403,50671.70959,147.92928,145.63188,37057.5296,37164.68199,5452.26784,160.9771
HI,2010,0.54517,0.54834,0.55371,0.55678,1077682.0,3593.0,2606.0,0.52483,232.12185,50305.11205,51093.45276,172.22021,171.70607,43142.61451,43818.71039,5972.16264,176.32689
HI,2011,0.56704,0.56957,0.57248,0.57458,1104573.0,3796.0,2847.0,0.5338,236.29946,49532.1031,50006.70596,180.42203,178.8049,45197.23705,45630.30443,6468.58217,190.98358
HI,2012,0.60497,0.61047,0.61233,0.61668,1107220.0,4055.0,3054.0,0.52547,243.52201,47724.05712,48303.91241,184.79227,183.60188,46292.02077,46854.47658,7086.4423,209.22577
HI,2013,0.63556,0.64618,0.65086,0.65896,1114737.0,4236.0,3336.0,0.51459,243.33205,44863.42962,45943.63825,178.75244,179.69388,44778.99255,45857.16812,7286.22233,215.12424
HI,2014,0.7225,0.73845,0.74506,0.75709,1100849.0,4408.0,4440.0,0.5059,250.75275,40386.42875,41647.6939,163.4749,165.4836,40951.83839,42230.76125,7627.89862,225.21216
HI,2015,0.73535,0.7468,0.75092,0.75986,1071163.0,4599.0,3930.0,0.49769,268.98563,42985.08038,43895.10305,173.79356,174.21293,43536.74999,44458.45187,8173.13363,241.31011
HI,2016,0.7945,0.78688,0.78018,0.77491,1041793.0,4841.0,4113.0,0.49357,284.34889,43736.02385,42947.83366,174.53443,168.24085,43722.34539,42934.4017,8527.79878,251.78153
HI,2017,0.80558,0.79382,0.78374,0.77556,999300.0,4735.0,3947.0,0.48458,290.13477,44422.87642,43218.55514,180.33953,172.22765,45176.57154,43951.81729,8851.71919,261.34521
HI,2018,0.80845,0.80625,0.80315,0.80141,980321.0,4693.0,3823.0,0.47711,278.49539,41610.59925,41337.70656,173.4581,169.1552,43452.71436,43167.74062,8724.73433,257.59601
HI,2019,0.82486,0.8348,0.837,0.84286,954120.0,4681.0,3755.0,0.46597,281.05915,40295.04389,40888.03216,168.05393,167.39467,42098.92423,42718.4587,8809.23819,260.09097
HI,2020,0.80307,0.81021,0.81316,0.81786,940411.0,4473.0,3641.0,0.45972,281.915,41603.12161,42125.36227,174.56152,173.50605,43729.13005,44278.05832,8889.64379,262.46493
HI,2021,0.82876,0.83146,0.82909,0.83032,920387.0,4558.0,3597.0,0.44645,277.26988,40131.34707,40147.18681,168.9816,165.94309,42331.31443,42348.02249,8774.08758,259.05316
HI,2022,0.86501,0.88452,0.88913,0.9013,876892.0,4681.0,3280.0,0.41484,279.9218,37779.02522,38832.65073,153.7583,155.14337,38517.74818,39591.97606,8561.85986,252.78717
HI,2023,0.80554,0.84215,0.85953,0.88505,861631.0,4281.0,3006.0,0.40451,275.54051,38468.53909,41046.72223,152.31512,159.53801,38156.21977,40713.47109,8199.10322,242.07686
HI,2024,0.76472,0.80079,0.8181,0.84368,891305.0,4216.0,2928.0,0.40294,256.18879,37578.26095,40201.11811,155.56627,163.36735,38970.66104,41690.70381,7970.44326,235.32572
IA,1998,0.56719,0.57622,0.58053,0.58645,2879970.0,9496.0,8233.0,0.50557,,,,,,,,,
IA,1999,0.58397,0.59237,0.59423,0.59934,2877368.0,9804.0,8397.0,0.49455,,,,,,,,,
IA,2000,0.60545,0.61514,0.62091,0.6276,2861687.0,10282.0,8313.0,0.47839,,,,,,,,,
IA,2001,0.59292,0.60197,0.60719,0.61358,2730330.0,9992.0,6997.0,0.45114,,,,,,,,,
IA,2002,0.55092,0.55852,0.56152,0.56655,3131437.0,10366.0,8021.0,0.50299,,,,100.0,100.0,34919.85733,35591.73479,4902.07409,100.0
IA,2003,0.60494,0.61063,0.61365,0.61756,2952870.0,11159.0,7454.0,0.47156,223.73962,42222.32203,42921.72782,108.0821,107.56741,37742.11561,38285.10645,5790.08332,118.11497
IA,2004,0.564,0.55982,0.5558,0.55316,3276784.0,11122.0,8558.0,0.5156,222.76426,48096.33615,47396.29625,125.17398,121.02352,43710.57694,43074.37156,6073.53182,123.89719
IA,2005,0.59339,0.58336,0.57932,0.57371,3311405.0,11389.0,9971.0,0.52755,233.57027,48381.62753,47234.77045,128.9026,123.47138,45012.6024,43945.60601,6519.17231,132.98804
IA,2006,0.56496,0.55327,0.54575,0.53832,3458814.0,11142.0,10284.0,0.55538,228.30215,50199.06961,48492.67247,135.87277,128.77637,47446.57787,45833.7451,6473.51987,132.05675
IA,2007,0.56406,0.55844,0.55066,0.54618,3408866.0,10747.0,10553.0,0.55251,238.73852,52026.14484,50789.62908,138.71064,132.85762,48437.55829,47286.33318,6668.13444,136.0268
IA,2008,0.55891,0.56508,0.56689,0.57073,3487672.0,11113.0,10262.0,0.55293,239.61686,50722.21454,51446.99735,134.54378,133.89019,46982.49549,47653.84049,6658.50159,135.83029
IA,2009,0.54261,0.55374,0.55917,0.5665,3543518.0,10862.0,10322.0,0.55126,244.23066,52412.52955,54012.09033,141.00698,142.56726,49239.4371,50742.15931,6883.34264,140.41694
IA,2010,0.52459,0.53428,0.54508,0.55301,3826737.0,11263.0,10932.0,0.57681,228.78998,50368.55503,52335.4103,148.39155,151.27551,51818.11771,53841.57735,7061.23061,144.04577
IA,2011,0.52754,0.53156,0.53545,0.53855,3825808.0,11281.0,11076.0,0.5656,237.65071,53260.47472,54058.26617,156.83685,156.18111,54767.20578,55587.56663,7331.21435,149.55332
IA,2012,0.58501,0.58996,0.5911,0.59419,3614932.0,11672.0,11902.0,0.54708,259.94119,52770.69318,53320.64461,148.188,146.9058,51747.03798,52286.32135,7646.9641,155.99446
IA,2013,0.58014,0.58682,0.58614,0.58978,3729458.0,11961.0,12138.0,0.55454,264.34816,54120.19484,54679.72082,149.83757,148.5289,52323.06625,52864.01247,7667.10454,156.40532
IA,2014,0.61264,0.62043,0.61981,0.62433,3660751.0,12494.0,12391.0,0.53415,275.70723,53378.76401,54003.34427,144.35838,143.29051,50409.73864,50999.5786,7811.15643,159.34391
IA,2015,0.62368,0.63142,0.63272,0.63754,3632917.0,12835.0,12093.0,0.52002,283.12114,53695.86741,54474.25287,142.07403,141.41271,49612.05027,50331.23594,7847.65436,160.08845
IA,2016,0.61463,0.62574,0.62946,0.63639,3652557.0,13021.0,11374.0,0.50849,290.39985,55361.99337,56697.77588,144.37388,145.0662,50415.15433,51631.57876,7933.54006,161.84048
IA,2017,0.64135,0.65558,0.66101,0.67005,3627597.0,13490.0,11796.0,0.49269,304.66777,55309.54061,57004.94668,145.11068,146.73549,50672.44252,52225.70739,8373.74175,170.82038
IA,2018,0.63985,0.64809,0.65232,0.65781,3563818.0,13626.0,10753.0,0.48485,315.5007,58039.57157,59170.4816,150.57957,150.61571,52582.17249,53606.74426,8575.03518,174.92667
IA,2019,0.67034,0.66664,0.66292,0.66018,3525511.0,14319.0,10750.0,0.48634,319.11917,57765.99412,57126.9494,150.57428,146.09753,52580.32428,51998.64678,8714.1525,177.7646
IA,2020,0.70418,0.69072,0.68468,0.67664,3393305.0,14656.0,10513.0,0.49031,315.07456,55221.14026,53692.10753,147.87456,141.06584,51637.58695,50207.78017,8838.83785,180.30812
IA,2021,0.72793,0.70858,0.699,0.68727,3185817.0,14198.0,10255.0,0.49004,306.9694,52698.48991,50604.03823,142.2203,133.98985,49663.12535,47689.31136,8678.65091,177.04039
IA,2022,0.70353,0.68847,0.68001,0.67054,3123888.0,13308.0,10013.0,0.4981,292.15927,51556.39393,49833.34733,140.06421,132.8275,48910.22152,47275.61164,8314.919,169.62043
IA,2023,0.70409,0.70008,0.69797,0.69544,3098634.0,13183.0,9996.0,0.49749,298.27287,51281.20073,50835.40226,133.66109,129.99791,46674.26249,46268.51312,8144.30975,166.14008
IA,2024,0.66733,0.67608,0.68148,0.68742,3163391.0,12712.0,9760.0,0.49969,293.74082,51724.28036,52820.43432,137.76695,138.03076,48108.02312,49127.54045,8196.12585,167.1971
ID,1998,0.47891,0.48558,0.48786,0.49208,890639.0,3240.0,629.0,0.13408,,,,,,,,,
ID,1999,0.46515,0.47907,0.48472,0.49372,1250164.0,4324.0,1044.0,0.07469,,,,,,,,,
ID,2000,0.56421,0.58008,0.58771,0.59814,1073433.0,4314.0,1466.0,0.19139,,,,,,,,,
ID,2001,0.55106,0.56237,0.56861,0.57625,1091537.0,4267.0,1491.0,0.18888,,,,,,,,,
ID,2002,0.562,0.57468,0.58054,0.58889,1132960.0,4497.0,1618.0,0.18615,,,,100.0,100.0,32406.81733,33475.99769,4703.35167,100.0
ID,2003,0.61355,0.63098,0.64253,0.65494,1175655.0,5103.0,1816.0,0.20138,169.57129,31669.39147,33165.41967,94.05924,95.35646,30481.60706,31921.52559,4896.34179,104.10325
ID,2004,0.56524,0.57626,0.58101,0.58811,1172202.0,4634.0,1775.0,0.22542,177.92759,36748.8815,37773.62558,103.42549,102.91412,33516.90828,34451.52865,4868.37888,103.50872
ID,2005,0.55918,0.56065,0.56079,0.56171,1270542.0,4939.0,1963.0,0.20963,185.10599,39609.89605,39723.82887,113.85366,110.53434,36896.34629,37002.47394,5172.74865,109.98005
ID,2006,0.57086,0.56922,0.56713,0.56593,1240348.0,4930.0,1941.0,0.19473,203.35949,43029.03683,42748.33259,119.413,114.84498,38697.95417,38445.50419,5486.71093,116.65534
ID,2007,0.62367,0.62648,0.62719,0.62922,1173795.0,5149.0,1903.0,0.19687,220.30067,42149.93877,42387.97208,110.94671,108.00975,35954.29814,36157.34281,5637.55689,119.86254
ID,2008,0.6021,0.60801,0.61093,0.61521,1202983.0,5105.0,1862.0,0.19305,215.2839,42286.45452,42906.3734,116.58752,114.51844,37782.30323,38336.19131,5770.58655,122.69094
ID,2009,0.56563,0.57199,0.57525,0.57958,1276852.0,5078.0,1881.0,0.19241,217.89137,45453.46726,46226.6389,128.25973,126.27532,41564.89589,42271.92224,5977.51887,127.09062
ID,2010,0.514,0.51694,0.52,0.52251,1472566.0,5263.0,2089.0,0.27304,210.20311,48508.09913,49074.58669,143.8687,140.90018,46623.26576,47167.74186,6061.06344,128.8669
ID,2011,0.51412,0.51526,0.5167,0.51789,1586001.0,5583.0,2424.0,0.30551,219.83325,51054.85621,51310.63275,151.21906,147.1227,49005.28331,49250.79182,6330.24438,134.59007
ID,2012,0.55243,0.55174,0.55156,0.55133,1609498.0,5980.0,2859.0,0.31755,241.41969,52524.71903,52441.39498,145.88339,141.00002,47276.16215,47201.16429,6518.8716,138.60056
ID,2013,0.59769,0.59459,0.59205,0.58993,1584496.0,6313.0,3158.0,0.31362,233.50275,47327.73863,46880.91402,140.02235,134.27048,45376.78799,44948.38245,6716.31801,142.79855
ID,2014,0.64873,0.63894,0.63296,0.6267,1503024.0,6471.0,3309.0,0.30791,249.46548,47295.33949,46145.17384,135.82019,128.28478,44015.00064,42944.60888,6964.88718,148.08349
ID,2015,0.67177,0.65906,0.65004,0.64162,1456837.0,6532.0,3247.0,0.29186,268.98103,49654.7441,48048.74131,141.64041,132.68178,45901.14758,44416.54883,7459.43089,158.5982
ID,2016,0.70936,0.70269,0.69873,0.69442,1417361.0,6560.0,3637.0,0.28456,281.85333,48405.77101,47680.12461,133.66127,127.45259,43315.36292,42666.02636,7566.39914,160.87249
ID,2017,0.70488,0.70895,0.71146,0.71428,1424417.0,6597.0,3540.0,0.29178,276.09343,46568.18125,47002.76966,130.61305,127.62143,42327.53374,42722.54714,7528.54435,160.06765
ID,2018,0.70215,0.71399,0.72018,0.72833,1442167.0,6648.0,3581.0,0.30343,275.43253,45893.67339,47072.31217,129.04524,128.13198,41819.45472,42893.45965,7529.42882,160.08645
ID,2019,0.7135,0.72414,0.72887,0.73618,1452188.0,6895.0,3479.0,0.30644,278.21856,45805.43956,46792.01557,129.88624,128.44604,42091.99794,42998.59235,7669.9025,163.07312
ID,2020,0.71715,0.72673,0.73328,0.74037,1469153.0,6973.0,3614.0,0.31256,281.43188,46055.55462,47091.85586,132.35381,131.00959,42891.65628,43856.76628,7862.94704,167.17753
ID,2021,0.77733,0.77713,0.77757,0.77779,1411675.0,7291.0,3707.0,0.31424,281.76945,43484.85497,43497.9379,121.01707,117.18719,39217.78071,39229.57984,7623.60089,162.08869
ID,2022,0.7748,0.77776,0.7793,0.78134,1419161.0,7209.0,3908.0,0.3142,276.98302,42651.07977,42898.99596,113.56703,110.57888,36803.45863,37017.38459,7170.22864,152.44934
ID,2023,0.75648,0.76708,0.77132,0.77816,1437976.0,7056.0,4018.0,0.31109,262.9789,40913.51717,41716.19906,110.74559,109.31184,35889.12188,36593.23021,6920.51116,147.13999
ID,2024,0.75864,0.77543,0.78337,0.79453,1485450.0,7210.0,4362.0,0.31143,246.94858,37828.46437,39061.84373,109.78378,109.74255,35577.42848,36737.41387,6967.60686,148.14131
IL,1998,0.43796,0.44327,0.44504,0.44854,11079393.0,29001.0,22871.0,0.64178,,,,,,,,,
IL,1999,0.46719,0.47369,0.4766,0.48086,10259368.0,29537.0,20810.0,0.61094,,,,,,,,,
IL,2000,0.5027,0.50891,0.51289,0.51738,9701855.0,30469.0,20347.0,0.58669,,,,,,,,,
IL,2001,0.49558,0.49734,0.49639,0.49742,9971878.0,30896.0,20573.0,0.59713,,,,,,,,,
IL,2002,0.48693,0.48579,0.48506,0.48466,10356330.0,31821.0,20404.0,0.60931,,,,100.0,100.0,39791.61147,39633.4355,4771.79285,100.0
IL,2003,0.4797,0.48041,0.48059,0.48112,11001066.0,32457.0,23040.0,0.63464,145.45093,35202.58685,35265.07891,106.3321,106.95696,42311.25536,42390.71747,5017.38035,105.14665
IL,2004,0.46176,0.46756,0.47107,0.4751,11012162.0,30516.0,23718.0,0.65047,154.27797,38335.84948,39103.81542,112.46805,115.23642,44752.8483,45672.15208,5201.98478,109.01531
IL,2005,0.46667,0.47217,0.47057,0.47361,11409969.0,31775.0,25194.0,0.64354,163.29189,41641.00546,41989.44035,124.33472,125.89353,49474.78887,49895.92998,5750.92748,120.51922
IL,2006,0.47549,0.47785,0.4756,0.47652,11285635.0,31812.0,25813.0,0.63348,169.90048,42867.7156,42877.88642,131.9775,132.53619,52515.97441,52528.64432,6171.63195,129.33571
IL,2007,0.48858,0.48921,0.48814,0.4885,11286712.0,33074.0,25759.0,0.63276,178.71407,43933.8067,43894.24623,139.54031,139.96851,55525.33603,55474.33006,6674.46669,139.87335
IL,2008,0.48803,0.48968,0.49054,0.49204,11388776.0,33729.0,25177.0,0.63376,187.8905,45963.73507,46199.44576,146.63128,147.98602,58346.94973,58651.94541,7054.17756,147.83076
IL,2009,0.48307,0.48611,0.48901,0.49173,11686387.0,33783.0,26523.0,0.6417,196.60807,48024.44937,48615.54028,155.26612,157.83531,61782.89088,62555.55696,7468.98741,156.52371
IL,2010,0.46266,0.46445,0.46756,0.46944,12421222.0,33935.0,27911.0,0.65925,196.20217,50355.20589,50888.39541,166.08017,168.54077,66085.97534,66798.49662,7628.6061,159.86876
IL,2011,0.47177,0.47082,0.47114,0.47094,12400129.0,33878.0,29744.0,0.65772,203.73072,51529.13088,51453.42615,172.07291,172.52346,68470.58577,68376.97253,7956.89921,166.74863
IL,2012,0.50489,0.50209,0.5004,0.4988,12121158.0,34741.0,32516.0,0.65152,212.63471,50991.65292,50537.83134,167.52881,166.67203,66662.41322,66057.8496,8228.85244,172.44781
IL,2013,0.52018,0.5169,0.51591,0.51433,11805854.0,34403.0,33546.0,0.649,217.2142,50523.55039,50109.40873,167.01877,166.28515,66459.4583,65904.51852,8465.00357,177.39671
IL,2014,0.53837,0.53487,0.53202,0.52989,11395032.0,33688.0,34869.0,0.64447,215.58371,48307.7071,47732.30587,165.43994,164.10278,65831.21638,65039.56828,8639.79712,181.05977
IL,2015,0.55164,0.54836,0.54461,0.54227,10963254.0,32817.0,35162.0,0.63184,227.62202,50154.5757,49515.41813,167.48062,166.00619,66643.23936,65793.95433,9073.63008,190.15138
IL,2016,0.57743,0.57509,0.57226,0.57065,10576388.0,33121.0,35544.0,0.62118,242.00237,50746.77034,50292.00383,166.39857,165.56553,66212.67273,65619.30874,9472.69563,198.51439
IL,2017,0.60291,0.59869,0.59638,0.59424,10135668.0,33048.0,35752.0,0.61409,252.46134,50798.66247,50248.69066,161.1518,160.04328,64124.89784,63430.64952,9560.71883,200.35905
IL,2018,0.61591,0.60678,0.60297,0.59855,9772591.0,32948.0,34422.0,0.61166,245.48858,48576.83123,47561.55239,159.80438,157.06975,63588.73955,62252.13652,9585.49759,200.87833
IL,2019,0.61977,0.60883,0.60434,0.59891,9470390.0,32455.0,32914.0,0.60861,248.95792,48814.19468,47579.68052,159.79866,156.44308,63586.46287,62003.7676,9606.98012,201.32852
IL,2020,0.62653,0.61923,0.61629,0.61293,9033838.0,31919.0,30495.0,0.59515,249.12022,48507.15695,47714.19729,158.59698,156.62696,63108.29477,62076.64635,9723.23659,203.76485
IL,2021,0.67487,0.66918,0.66175,0.65783,8412231.0,31517.0,31586.0,0.57177,253.4919,45473.89034,44595.20894,148.73653,146.42574,59184.66208,58033.55248,9791.34085,205.19208
IL,2022,0.66699,0.66562,0.66291,0.66197,8175612.0,29994.0,30896.0,0.56733,246.62647,44221.96753,43968.66362,141.85348,141.54844,56445.78569,56100.50896,9354.59998,196.03952
IL,2023,0.6358,0.64251,0.64734,0.65233,8291412.0,29517.0,28827.0,0.57604,234.341,42229.40372,42978.47404,137.33553,140.38614,54648.01927,55639.84865,8843.92081,185.33748
IL,2024,0.59883,0.60891,0.61386,0.6206,8659845.0,28834.0,28762.0,0.58799,217.49287,42067.43305,43127.31037,140.14643,144.23645,55766.5232,57165.85918,8558.19915,179.34976
IN,1998,0.62365,0.63017,0.63276,0.63719,4733125.0,20744.0,7709.0,0.18833,,,,,,,,,
IN,1999,0.54227,0.5541,0.55967,0.56751,5257802.0,20307.0,6905.0,0.17069,,,,,,,,,
IN,2000,0.60124,0.62043,0.62993,0.64278,4392850.0,18345.0,7329.0,0.19541,,,,,,,,,
IN,2001,0.57533,0.59154,0.60064,0.61177,4582740.0,18454.0,7035.0,0.21707,,,,,,,,,
IN,2002,0.59342,0.60282,0.61009,0.61714,5412084.0,22681.0,8165.0,0.22278,,,,100.0,100.0,41060.08569,42214.10811,6262.63718,100.0
IN,2003,0.59605,0.59728,0.59782,0.59883,5627239.0,23484.0,8934.0,0.23617,275.09392,55217.04636,55380.72383,114.89441,112.08477,47175.74319,47315.58417,7050.6223,112.58232
IN,2004,0.60312,0.60015,0.59817,0.59638,5789120.0,24522.0,9148.0,0.24941,289.39677,58056.84712,57580.17105,129.5223,124.94713,53181.96828,52745.31744,7952.90695,126.98974
IN,2005,0.6115,0.60753,0.60564,0.6033,5809662.0,24784.0,9642.0,0.25951,300.03433,59447.92703,58878.50247,128.15768,123.46018,52621.6538,52117.615,7967.46175,127.22215
IN,2006,0.62792,0.62604,0.62576,0.62491,5800249.0,25420.0,9862.0,0.2585,316.32867,60661.04126,60452.21115,126.22457,122.35127,51827.9167,51649.49528,8107.99932,129.46622
IN,2007,0.61112,0.61463,0.61789,0.62081,5918424.0,25247.0,9787.0,0.26841,320.24227,62194.36558,62883.14842,131.17826,129.00524,53861.90711,54458.41062,8320.13924,132.8536
IN,2008,0.59219,0.59909,0.60398,0.60896,6064147.0,24986.0,9880.0,0.28444,330.09442,65583.89501,66889.69782,134.80154,133.727,55349.62686,56451.66111,8357.51051,133.45034
IN,2009,0.56848,0.57788,0.58584,0.59296,6397766.0,25393.0,9831.0,0.30307,328.94259,67379.15929,69435.89142,141.30031,141.63278,58018.02733,59789.01322,8497.25658,135.68176
IN,2010,0.53853,0.54519,0.55239,0.55801,7131031.0,26858.0,10288.0,0.34759,315.90793,68627.50228,70394.01528,152.32536,151.97494,62544.92304,64154.8668,8637.25335,137.91719
IN,2011,0.5615,0.56415,0.56836,0.57114,7364322.0,28631.0,11656.0,0.35647,315.65992,66646.43245,67460.49879,150.40769,148.0829,61757.52515,62511.87494,8775.13245,140.11881
IN,2012,0.59753,0.59569,0.59267,0.59127,7227005.0,29853.0,12267.0,0.35023,329.48145,66711.45722,66168.25957,147.12032,141.93326,60407.72993,59915.86035,8950.43843,142.91804
IN,2013,0.62303,0.62956,0.65883,0.67427,7114711.0,30873.0,12132.0,0.3431,337.73895,61515.85675,65050.89598,135.71999,139.59577,55726.74536,58929.11043,9178.65424,146.56213
IN,2014,0.63895,0.63893,0.64433,0.6463,6986200.0,31065.0,12267.0,0.33036,342.56726,63799.43288,64337.09406,141.16461,138.46267,57962.31082,58450.78043,9336.75541,149.08664
IN,2015,0.6797,0.67878,0.67671,0.67622,6817333.0,32390.0,12449.0,0.31604,357.82781,63453.23202,63173.97245,139.63405,135.21909,57333.8588,57081.53077,9699.57652,154.88006
IN,2016,0.68333,0.68509,0.68329,0.68407,6677432.0,32180.0,11688.0,0.30626,371.55711,65253.02634,65249.50896,139.99493,136.16049,57482.03664,57478.93814,9819.25002,156.79098
IN,2017,0.70446,0.70796,0.70648,0.70813,6575383.0,32899.0,11404.0,0.30002,376.43088,63939.46976,64122.10151,137.77098,134.40917,56568.88181,56739.63055,9865.70135,157.5327
IN,2018,0.72431,0.72948,0.72892,0.7317,6412240.0,33122.0,11164.0,0.30099,381.49857,62805.33053,63204.32953,130.8655,128.09663,53733.48463,54074.85066,9791.80296,156.35271
IN,2019,0.73396,0.74356,0.74927,0.75586,6370722.0,33445.0,11041.0,0.3009,365.33782,61176.84297,62326.22764,146.9578,145.62591,60341.00021,61474.68115,10810.38908,172.6172
IN,2020,0.74072,0.74991,0.75609,0.76268,6314406.0,33502.0,10949.0,0.29952,369.94248,61121.59692,62248.66187,131.239,130.00512,53886.84495,54880.50312,9784.61013,156.23786
IN,2021,0.74749,0.74828,0.7471,0.74758,6228496.0,33489.0,10618.0,0.30805,368.80516,60699.82452,60672.36422,133.97389,130.25245,55009.79544,54984.90929,10026.99583,160.1082
IN,2022,0.74546,0.74098,0.73791,0.73569,6077749.0,32497.0,10518.0,0.29095,365.80825,61291.37576,60751.95893,130.58304,125.89542,53617.50735,53145.62716,9600.23808,153.29386
IN,2023,0.71181,0.70969,0.71033,0.71044,6180420.0,31614.0,10093.0,0.30332,348.23532,59880.50058,59774.42876,127.02324,123.3319,52155.85018,52063.46173,9099.37737,145.29626
IN,2024,0.67743,0.67911,0.68172,0.68378,6454282.0,31258.0,10356.0,0.31946,338.28592,58879.15306,59194.36208,125.63068,122.85045,51584.06677,51860.22161,8891.17593,141.97176
KS,1998,0.57199,0.56858,0.56833,0.56729,3011788.0,11084.0,6544.0,0.42851,,,,,,,,,
KS,1999,0.5961,0.59672,0.59666,0.59776,2827865.0,11114.0,5867.0,0.3806,,,,,,,,,
KS,2000,0.60104,0.61102,0.61427,0.62075,2781879.0,11175.0,5517.0,0.3532,,,,,,,,,
KS,2001,0.61266,0.63289,0.64459,0.65897,2811886.0,11554.0,5604.0,0.35591,,,,,,,,,
KS,2002,0.51613,0.53304,0.54336,0.55562,2658958.0,8233.0,6407.0,0.48231,,,,100.0,100.0,27060.09168,28517.99757,3673.1855,100.0
KS,2003,0.56839,0.57328,0.57483,0.57796,3295856.0,12362.0,6498.0,0.41336,178.2167,37375.20512,37844.98498,110.45375,106.04976,29888.88709,30243.2682,4292.39411,116.85754
KS,2004,0.58558,0.58699,0.5873,0.58844,3296102.0,12624.0,6921.0,0.40643,180.16829,36693.47924,36858.86526,121.39372,115.55226,32849.2523,32953.1911,4779.53155,130.11953
KS,2005,0.59792,0.59808,0.59618,0.59654,3325121.0,12962.0,7212.0,0.40646,195.19526,39199.45667,39117.71605,130.63452,123.69505,35349.82212,35275.35097,5249.72107,142.92012
KS,2006,0.60625,0.60759,0.60988,0.6114,3368613.0,13464.0,7109.0,0.42498,213.84888,41999.53399,42268.50385,127.9351,122.12408,34619.35445,34827.34303,5289.81696,144.0117
KS,2007,0.60334,0.6022,0.60261,0.60224,3407016.0,13624.0,7012.0,0.42037,217.53266,43318.03802,43265.4552,136.76016,129.62429,37007.42389,36966.25276,5620.87676,153.02458
KS,2008,0.59498,0.59406,0.59333,0.59279,3467512.0,13414.0,7557.0,0.43067,223.26861,45170.93676,45036.48703,143.04212,135.35029,38707.32819,38599.19206,5854.81185,159.39331
KS,2009,0.58574,0.58862,0.58877,0.5906,3558139.0,13774.0,7188.0,0.43841,226.60184,46066.91729,46300.10709,147.82262,140.99244,40000.93731,40208.21953,6041.82843,164.48471
KS,2010,0.5629,0.56857,0.57423,0.57876,3797511.0,14005.0,7617.0,0.4611,217.45902,45393.30285,46301.98377,160.96432,155.77978,43557.09296,44425.27354,6401.03253,174.2638
KS,2011,0.56544,0.56751,0.57191,0.57429,3886581.0,14065.0,8497.0,0.46619,216.15947,45348.07323,45873.80882,168.0557,161.27276,45476.02623,45991.76168,6548.69244,178.28374
KS,2012,0.60426,0.6021,0.60087,0.59983,3872687.0,15004.0,8994.0,0.46666,223.53064,44641.54363,44390.7593,163.89248,154.62048,44349.45616,44094.66565,6714.92896,182.80942
KS,2013,0.62544,0.62644,0.62673,0.62766,3861671.0,15396.0,9462.0,0.46354,232.39923,44497.60277,44589.32568,162.71877,154.71,44031.84813,44120.19274,6958.56428,189.44222
KS,2014,0.6328,0.63812,0.63877,0.6419,3797771.0,15256.0,9542.0,0.45477,241.79082,45422.88601,45851.40937,168.16644,161.09462,45505.99191,45940.96092,7278.95019,198.16451
KS,2015,0.63269,0.63865,0.64019,0.64386,3747789.0,14870.0,9780.0,0.44649,262.26268,49191.57612,49789.46302,174.3196,167.38975,47171.04459,47736.20456,7563.49473,205.91105
KS,2016,0.65371,0.6562,0.65652,0.65808,3712193.0,15512.0,9421.0,0.44233,268.04853,49027.30217,49254.19357,176.54876,168.23155,47774.25706,47976.26966,7861.40517,214.02146
KS,2017,0.65458,0.65473,0.65564,0.65607,3676654.0,15470.0,9171.0,0.44347,272.74041,49971.83289,50059.77874,182.60698,173.5595,49413.61488,49495.69294,8118.45162,221.01937
KS,2018,0.68255,0.68132,0.68091,0.68033,3630441.0,15922.0,9455.0,0.44224,275.59356,48569.00865,48452.80351,174.05523,164.74665,47099.50369,46982.44609,8038.94775,218.85494
KS,2019,0.70282,0.70207,0.70081,0.70029,3570520.0,16008.0,9808.0,0.43827,274.16601,46963.98965,46831.05805,169.74456,160.60078,45933.03456,45800.12737,8064.6306,219.55413
KS,2020,0.7241,0.72306,0.72265,0.72222,3498472.0,16420.0,9381.0,0.43646,277.10417,45994.99223,45906.27783,164.22011,155.5001,44438.11311,44345.51564,8055.26181,219.29907
KS,2021,0.76279,0.75172,0.74373,0.73642,3309784.0,16445.0,9188.0,0.43017,265.8627,42930.37203,41859.08478,157.58913,145.85317,42643.7644,41594.40409,7944.88077,216.29403
KS,2022,0.77302,0.75883,0.75049,0.74157,3152759.0,15799.0,9021.0,0.43224,259.16363,41377.51681,40170.61198,146.60881,135.07119,39672.47721,38519.59757,7460.43702,203.10537
KS,2023,0.74507,0.73804,0.73589,0.7321,3111585.0,14678.0,9283.0,0.43424,243.82853,39658.45543,39163.29592,143.16349,134.14512,38740.17066,38255.50121,7138.57925,194.34301
KS,2024,0.73047,0.73807,0.74224,0.74768,3208822.0,14199.0,10668.0,0.43306,238.68338,38415.93666,39013.9933,143.63573,138.47774,38867.9615,39491.07851,7228.64761,196.79506
KY,1998,0.54281,0.54371,0.54376,0.54433,3118006.0,11740.0,4728.0,0.27617,,,,,,,,,
KY,1999,0.5511,0.55553,0.55758,0.56044,2959083.0,12012.0,3155.0,0.24013,,,,,,,,,
KY,2000,0.55581,0.56286,0.56592,0.57049,3069918.0,11962.0,4514.0,0.25849,,,,,,,,,
KY,2001,0.5159,0.52393,0.5294,0.53516,3324809.0,11944.0,4700.0,0.32026,,,,,,,,,
KY,2002,0.52944,0.53721,0.54005,0.54511,3288520.0,12469.0,4080.0,0.31347,,,,100.0,100.0,33835.93445,34513.96955,4568.28468,100.0
KY,2003,0.50538,0.51714,0.52243,0.53021,3579585.0,12256.0,5639.0,0.3682,203.91688,36723.3585,38210.84181,108.70916,110.1694,36782.76042,38023.83162,4804.14579,105.16301
KY,2004,0.50931,0.52571,0.53247,0.54327,3769309.0,12909.0,6178.0,0.36313,212.6276,37976.71295,40172.93408,121.0131,124.02869,40945.91403,42807.22441,5450.57444,119.31337
KY,2005,0.52904,0.54221,0.54659,0.55509,3796642.0,13549.0,6378.0,0.36665,191.63672,42072.53158,43468.51577,131.79282,133.49076,44593.33351,46072.95896,6093.56258,133.38842
KY,2006,0.55993,0.56704,0.57364,0.57931,3840163.0,14423.0,6991.0,0.3479,199.57023,41748.49027,42770.44556,134.22816,134.81242,45417.35311,46529.11796,6513.25478,142.5755
KY,2007,0.57089,0.57547,0.58402,0.58919,3864386.0,14741.0,7287.0,0.34261,224.16427,46059.36981,47118.89278,144.29602,144.71538,48823.90519,49947.02192,7128.56602,156.0447
KY,2008,0.56935,0.5736,0.57812,0.58165,3944686.0,15036.0,7360.0,0.35928,234.74187,48725.05642,49475.47323,151.24916,150.56147,51176.56822,51964.74087,7396.5742,161.91141
KY,2009,0.56844,0.57405,0.57743,0.58131,3979952.0,15134.0,7438.0,0.35848,248.94244,51734.54383,52552.85491,160.28197,159.61864,54232.90066,55090.7295,7828.93002,171.3757
KY,2010,0.54271,0.54897,0.55468,0.55949,4325972.0,15535.0,8059.0,0.39877,229.60482,49673.27316,50768.68948,168.19935,168.53137,56911.82077,58166.86465,7891.907,172.75427
KY,2011,0.5438,0.54805,0.55181,0.55504,4464709.0,15886.0,8693.0,0.41106,233.3202,50739.70494,51486.80573,171.89107,170.99547,58160.95144,59017.32404,8023.37627,175.63214
KY,2012,0.57414,0.57637,0.57605,0.57721,4405974.0,16202.0,9757.0,0.40595,243.75726,50778.37687,50946.99527,169.11564,166.34387,57221.8573,57411.87239,8240.659,180.38847
KY,2013,0.59837,0.60178,0.60391,0.60631,4295486.0,16563.0,9712.0,0.38477,254.29123,50528.87939,50996.98512,169.99422,168.19855,57519.13299,58051.99729,8684.10976,190.09563
KY,2014,0.63162,0.63608,0.63659,0.63935,4237393.0,17095.0,10417.0,0.37403,266.62877,50260.64235,50656.21503,165.71739,163.74048,56072.02895,56513.33972,8923.73168,195.34097
KY,2015,0.65362,0.65941,0.66028,0.66381,4162493.0,17467.0,10411.0,0.35895,280.91314,51053.79785,51573.44732,168.7127,167.0818,57085.52004,57666.56321,9423.04399,206.27095
KY,2016,0.68934,0.69423,0.69408,0.697,4048387.0,18082.0,10348.0,0.34408,287.45979,49699.48188,50040.78396,165.56632,163.42839,56020.91006,56405.62339,9720.68019,212.78622
KY,2017,0.71957,0.72017,0.71834,0.71867,3984286.0,18580.0,10623.0,0.34232,295.96813,49442.02638,49357.37283,166.9219,163.36249,56479.58384,56382.88074,10142.88328,222.02827
KY,2018,0.7457,0.74351,0.74405,0.74326,3906815.0,19086.0,10383.0,0.34165,293.83685,47389.88663,47285.19125,163.16231,159.60357,55207.49321,55085.52691,10269.27725,224.79504
KY,2019,0.76112,0.75626,0.75778,0.7559,3824634.0,18985.0,10547.0,0.34806,287.10772,45465.6493,45265.86295,160.9789,157.12295,54468.71645,54229.36859,10318.8159,225.87944
KY,2020,0.77333,0.76665,0.76441,0.76077,3779994.0,19073.0,10574.0,0.35184,287.81352,45181.78802,44660.64735,160.19065,155.23228,54202.00412,53576.82149,10358.20193,226.7416
KY,2021,0.78476,0.77722,0.76875,0.76323,3633893.0,18351.0,10827.0,0.33362,279.52116,43632.33144,42742.32583,158.65691,152.36737,53683.04678,52588.02822,10317.26743,225.84555
KY,2022,0.79298,0.78547,0.7797,0.7747,3496972.0,17988.0,10241.0,0.33658,272.85627,41994.04143,41290.89888,148.01833,142.68077,50083.38646,49244.79701,9762.5036,213.70173
KY,2023,0.7646,0.76423,0.76619,0.76665,3567288.0,17670.0,10119.0,0.34624,251.22729,39347.10625,39428.93994,143.50361,140.97704,48555.78811,48656.77392,9300.71367,203.59313
KY,2024,0.73124,0.73927,0.74536,0.75163,3704843.0,17482.0,10188.0,0.35361,242.93275,39111.44987,39866.57117,145.66911,145.56457,49288.50374,50240.11251,9184.36312,201.04621
LA,1998,0.48941,0.49674,0.50039,0.50595,4165428.0,15366.0,3245.0,0.14187,,,,,,,,,
LA,1999,0.48694,0.4931,0.49619,0.50089,4208314.0,15610.0,2933.0,0.12898,,,,,,,,,
LA,2000,0.55382,0.56381,0.56878,0.57602,3726656.0,15538.0,3322.0,0.15117,,,,,,,,,
LA,2001,0.54989,0.55843,0.56286,0.5691,3930208.0,16347.0,3326.0,0.13122,,,,,,,,,
LA,2002,0.52283,0.52568,0.52782,0.53036,4265098.0,16767.0,3631.0,0.17121,,,,100.0,100.0,32922.27534,33242.48916,4293.23507,100.0
LA,2003,0.48664,0.48412,0.48293,0.4818,4781999.0,17329.0,4127.0,0.24626,138.48459,32962.97093,32646.3407,102.73734,100.95854,33823.47026,33561.13281,4040.40722,94.11102
LA,2004,0.4836,0.48699,0.48842,0.49092,4877184.0,17450.0,4410.0,0.25522,155.25478,36977.45859,37395.60081,112.7456,112.79338,37118.41785,37495.32761,4472.49112,104.17531
LA,2005,0.46086,0.46935,0.4728,0.4783,4693809.0,15862.0,4329.0,0.28631,160.83173,38932.33693,39996.56746,121.35059,123.34273,39951.37451,41002.19254,4673.48219,108.85689
LA,2006,0.50437,0.50542,0.50579,0.50723,4407279.0,16776.0,3496.0,0.21563,181.07248,41150.84248,41369.46837,120.97323,120.15136,39827.13919,39941.30326,4986.79229,116.15465
LA,2007,0.52464,0.50934,0.50293,0.49538,4426036.0,17400.0,3901.0,0.23567,179.4109,40596.50464,38907.14137,118.09979,112.04464,38881.13659,37246.42812,4830.67409,112.51828
LA,2008,0.52853,0.50824,0.5001,0.48906,4432167.0,17631.0,3780.0,0.2568,172.65026,39182.58543,37060.77254,117.47774,109.98924,38676.34632,36563.16253,4780.74581,111.35532
LA,2009,0.52922,0.51669,0.51155,0.50437,4539033.0,17982.0,4072.0,0.27926,173.15048,38116.75673,36836.90278,117.132,112.06717,38562.51955,37253.91769,4878.40136,113.62996
LA,2010,0.49604,0.49679,0.49907,0.50076,4875421.0,17939.0,4429.0,0.32599,160.94149,37187.59488,37411.96447,121.77649,121.35275,40091.59093,40340.67429,4947.86485,115.24794
LA,2011,0.50592,0.50567,0.50816,0.50909,4982928.0,18300.0,5416.0,0.33912,171.93799,38873.53909,39024.41753,128.95834,128.28987,42456.02049,42646.74721,5338.04631,124.33622
LA,2012,0.52269,0.52028,0.52088,0.52019,4934844.0,18526.0,5938.0,0.33887,187.70186,42229.46611,42072.06913,138.17797,136.36441,45491.33079,45330.92437,5862.48099,136.5516
LA,2013,0.54788,0.54406,0.54221,0.54021,4675140.0,18643.0,5404.0,0.33453,215.02628,45883.71548,45405.5893,144.91738,142.00415,47710.09733,47205.71497,6496.49325,151.3193
LA,2014,0.56773,0.56586,0.56471,0.56375,4589502.0,18800.0,5827.0,0.32673,229.52687,48773.84211,48514.24297,156.4271,154.08084,51499.36147,51220.30786,7183.12229,167.31258
LA,2015,0.56734,0.56688,0.56645,0.56637,4457347.0,18295.0,5557.0,0.30956,249.66769,52891.48795,52808.29072,173.23162,171.28837,57031.79068,56940.51948,7986.27059,186.01988
LA,2016,0.57807,0.5812,0.58207,0.58427,4485686.0,18517.0,6183.0,0.30977,268.49288,55352.75945,55736.15753,186.1671,185.6729,61290.44522,61722.29494,8818.98112,205.41575
LA,2017,0.59664,0.60312,0.60574,0.61014,4401716.0,18985.0,5801.0,0.2918,287.14506,56884.49472,57751.98143,192.16087,193.25636,63263.73166,64243.22606,9493.768,221.1332
LA,2018,0.60749,0.6128,0.61481,0.61848,4311977.0,19031.0,5596.0,0.28196,288.0742,56006.81716,56745.94526,191.55527,192.03132,63064.35455,63835.98924,9607.98245,223.79353
LA,2019,0.61356,0.61874,0.6218,0.62569,4402534.0,19532.0,5956.0,0.2937,279.89698,54017.10892,54742.60167,187.47782,188.2041,61721.9646,62563.72884,9508.69828,221.48096
LA,2020,0.61448,0.61784,0.61974,0.62219,4399333.0,19557.0,5941.0,0.30275,274.70597,53191.23493,53646.56682,188.56828,188.37564,62080.96989,62620.7508,9529.9518,221.97601
LA,2021,0.62543,0.62886,0.62886,0.6312,4297197.0,19444.0,5905.0,0.28361,272.51689,51470.44726,51767.7888,183.95138,183.19547,60560.98041,60898.73375,9430.79143,219.66632
LA,2022,0.65183,0.65221,0.65167,0.65243,4122392.0,19440.0,5905.0,0.27344,263.27935,48480.81284,48468.93788,169.43534,167.76149,55781.97024,55768.09501,9004.94053,209.7472
LA,2023,0.63106,0.62774,0.62777,0.62686,4146444.0,18751.0,6109.0,0.28352,242.7326,46399.09684,46157.03036,167.01031,164.52547,54983.59484,54692.36184,8551.98196,199.19669
LA,2024,0.61221,0.61323,0.61522,0.61691,4313343.0,18869.0,6273.0,0.28587,237.28596,46283.46599,46510.90631,164.89309,164.11964,54286.55648,54557.45474,8271.75226,192.66945
MA,1998,0.53651,0.53185,0.52904,0.52667,3685389.0,12652.0,7650.0,0.38332,,,,,,,,,
MA,1999,0.50257,0.49996,0.50037,0.49939,3770124.0,12140.0,7299.0,0.38917,,,,,,,,,
MA,2000,0.57407,0.5727,0.57367,0.57366,3392709.0,12717.0,7027.0,0.40256,,,,,,,,,
MA,2001,0.57147,0.57227,0.57463,0.57623,3138411.0,11578.0,6736.0,0.41821,,,,,,,,,
MA,2002,0.54218,0.54636,0.54981,0.55304,3451385.0,12020.0,7148.0,0.43011,,,,100.0,100.0,39840.93898,40401.70369,5476.27258,100.0
MA,2003,0.55944,0.56257,0.56456,0.56691,3688888.0,13205.0,7985.0,0.43526,219.22258,46597.23067,47023.55313,115.59989,115.03835,46056.08247,46477.45391,6500.30047,118.69936
MA,2004,0.56182,0.56615,0.56837,0.57163,3745413.0,13299.0,8473.0,0.44052,255.97335,54043.91436,54673.42821,133.99397,133.67329,53384.45442,54006.28676,7585.49651,138.51569
MA,2005,0.5803,0.58611,0.58964,0.59391,3765965.0,13754.0,8915.0,0.42608,262.07292,53335.91023,54194.18727,142.5007,142.78411,56773.61775,57687.21409,8368.93624,152.82176
MA,2006,0.57845,0.59023,0.59563,0.60338,3792103.0,13950.0,8659.0,0.42102,270.72221,54541.65527,56161.62888,142.75366,144.95344,56874.39979,58563.6596,8469.02958,154.64953
MA,2007,0.57652,0.59424,0.60211,0.61385,3886878.0,14401.0,8546.0,0.42154,270.8864,53987.70678,56383.33458,142.55255,146.81172,56794.27282,59314.438,8549.05517,156.11084
MA,2008,0.57503,0.5916,0.60091,0.61259,4000514.0,14767.0,8806.0,0.42388,269.28054,53774.7844,56195.12627,143.18156,147.54923,57044.87639,59612.40137,8569.6718,156.48731
MA,2009,0.56781,0.57956,0.58672,0.59515,4210179.0,15385.0,9073.0,0.42894,270.55473,55335.76629,57178.61839,149.10771,151.93496,59405.90994,61384.31041,8713.64999,159.11644
MA,2010,0.56497,0.57076,0.57654,0.58123,4497267.0,16249.0,9849.0,0.44918,276.74028,57600.50413,58779.84027,166.69836,167.75031,66414.19035,67773.98148,9572.56305,174.8007
MA,2011,0.58092,0.58493,0.58637,0.58896,4599886.0,17149.0,10238.0,0.44512,283.65388,58048.9874,58594.19298,165.9265,165.16026,66106.67582,66727.56053,9690.82267,176.9602
MA,2012,0.60898,0.61493,0.61636,0.62009,4654324.0,18121.0,10998.0,0.43787,296.9696,57817.20895,58517.89812,165.30218,164.98333,65857.94172,66656.07687,10148.0894,185.31016
MA,2013,0.62776,0.63437,0.63719,0.64164,4706758.0,18935.0,11375.0,0.43672,307.83366,57973.34152,58844.49296,165.41435,165.56959,65902.63108,66892.93405,10498.1259,191.70203
MA,2014,0.65601,0.66252,0.66562,0.66997,4706745.0,19748.0,11965.0,0.42782,308.48144,55614.1127,56428.88733,158.15959,158.24933,63012.265,63935.42627,10485.52972,191.47202
MA,2015,0.68328,0.68839,0.68912,0.6921,4649353.0,20376.0,12195.0,0.41679,317.36114,55263.78374,55735.8864,155.97221,155.12129,62140.79272,62671.64369,10705.60415,195.49071
MA,2016,0.70065,0.70619,0.70589,0.70898,4604928.0,20902.0,11970.0,0.40416,339.6248,57735.42416,58167.43194,161.8325,160.78042,64475.58656,64958.02789,11378.20067,207.77272
MA,2017,0.73203,0.73621,0.7366,0.73906,4512451.0,21577.0,11900.0,0.38969,354.927,57821.72746,58182.5364,163.57704,162.3132,65170.63007,65577.29633,12001.10252,219.14728
MA,2018,0.74633,0.7498,0.7514,0.75387,4442846.0,21949.0,11366.0,0.37957,358.54531,57260.45271,57649.16038,163.82595,162.64877,65269.79575,65712.87416,12260.91207,223.89156
MA,2019,0.7596,0.76727,0.76884,0.77377,4304477.0,21838.0,10819.0,0.36617,361.80449,56470.16387,57156.77021,164.27347,163.96303,65448.09155,66243.85823,12579.78282,229.71433
MA,2020,0.75474,0.76994,0.77537,0.78535,4222036.0,21608.0,9893.0,0.35764,365.39256,56549.76416,58095.63521,167.10438,169.28965,66575.95282,68395.90449,12905.28346,235.65817
MA,2021,0.79647,0.8039,0.80168,0.80567,3952690.0,21374.0,9722.0,0.33419,364.24412,54521.85957,54878.75319,163.52646,162.31232,65150.47624,65576.94352,13057.52118,238.43812
MA,2022,0.81905,0.80899,0.80226,0.79584,3684170.0,20648.0,8996.0,0.32714,340.37599,50912.68399,49868.88659,154.8759,149.59511,61704.0116,60438.97347,12375.63761,225.98652
MA,2023,0.80952,0.79493,0.78808,0.77945,3578253.0,20191.0,7896.0,0.3246,343.33503,52279.51181,50894.38673,153.4929,147.35217,61153.01264,59532.78765,12048.2981,220.0091
MA,2024,0.74773,0.74458,0.74517,0.74415,3680599.0,18996.0,7876.0,0.35447,313.51895,50487.84291,50315.58159,157.07103,154.36244,62578.5717,62365.05758,11657.99559,212.88195
MD,1998,0.60613,0.62718,0.6371,0.65161,4125337.0,17098.0,7479.0,0.32713,,,,,,,,,
MD,1999,0.6224,0.64811,0.66088,0.67892,4006901.0,17319.0,6927.0,0.32785,,,,,,,,,
MD,2000,0.58627,0.60673,0.6178,0.63226,4034647.0,16204.0,7015.0,0.40818,,,,,,,,,
MD,2001,0.60748,0.62251,0.62965,0.63963,4091000.0,17442.0,6536.0,0.40548,,,,,,,,,
MD,2002,0.58582,0.59691,0.60346,0.61117,4460332.0,18122.0,7305.0,0.41219,,,,100.0,100.0,45255.13001,46696.88236,6588.95166,100.0
MD,2003,0.58872,0.60036,0.60854,0.6178,4658270.0,18860.0,7987.0,0.41805,273.67393,54484.29388,56379.42958,103.78351,103.08897,46967.36278,48139.33286,6851.26318,103.98108
MD,2004,0.58877,0.59538,0.60175,0.61071,4679924.0,18708.0,8507.0,0.43782,289.04635,58283.94095,59611.77841,117.11167,113.59268,52999.0399,53044.23865,7533.60558,114.33694
MD,2005,0.60891,0.62029,0.63192,0.65025,4808017.0,19797.0,9200.0,0.44313,295.34153,56488.99767,58697.9098,117.60631,114.39824,53222.88823,53420.41148,7861.36187,119.31127
MD,2006,0.60965,0.61935,0.62292,0.62942,5001743.0,20625.0,9572.0,0.43548,295.76698,57420.0177,58708.12943,116.48915,115.52752,52717.31551,53947.7494,7945.93121,120.59477
MD,2007,0.60931,0.63359,0.64696,0.6664,5062228.0,20767.0,9874.0,0.43844,297.53771,55845.58373,59427.09658,111.05637,114.77949,50258.7066,53598.44559,7872.98329,119.48765
MD,2008,0.60162,0.6222,0.63313,0.64866,5231482.0,21005.0,10446.0,0.43827,296.04819,56610.71896,59706.52487,110.12179,112.64027,49835.76143,52599.49318,7747.52609,117.58359
MD,2009,0.59469,0.60311,0.60771,0.61357,5431109.0,21603.0,10624.0,0.44062,286.8167,57217.1712,58514.5769,114.01483,113.03441,51597.56101,52783.5472,7688.40197,116.68627
MD,2010,0.57056,0.57123,0.57418,0.57562,5877027.0,22216.0,11455.0,0.4626,275.17515,58170.97948,58524.88906,119.58548,116.60848,54118.56369,54452.52548,7600.87182,115.35783
MD,2011,0.59447,0.59163,0.59184,0.59062,6041171.0,23467.0,12921.0,0.46773,270.58689,55550.42979,55268.78996,117.93193,113.70408,53370.24956,53096.26092,7727.65117,117.28195
MD,2012,0.63183,0.63147,0.63095,0.631,6108960.0,25040.0,14250.0,0.46156,273.25265,52628.20394,52576.15449,111.46297,107.85305,50442.71228,50364.01387,7795.65942,118.31411
MD,2013,0.65803,0.65914,0.65891,0.66006,6038868.0,25744.0,14741.0,0.4535,274.47982,50159.47704,50247.65599,107.78035,104.63824,48776.13746,48862.79554,7950.48154,120.66383
MD,2014,0.68479,0.68208,0.68048,0.67894,5914542.0,26189.0,15126.0,0.44191,283.6263,50173.12644,49868.63193,106.51442,102.59282,48203.23915,47907.65057,8117.98325,123.20599
MD,2015,0.71885,0.71396,0.71016,0.70725,5917571.0,27324.0,16249.0,0.42446,291.53492,49447.04817,48846.44973,104.95503,100.46703,47497.53562,46914.97185,8350.32445,126.73222
MD,2016,0.74113,0.73411,0.7296,0.72556,5906475.0,28180.0,16598.0,0.40547,303.30672,49953.1707,49158.80019,107.55043,102.55345,48672.08782,47889.26489,8799.58412,133.55059
MD,2017,0.7596,0.76424,0.76646,0.76998,5843853.0,28738.0,16507.0,0.39012,309.97273,48785.05567,49239.48275,104.48611,102.21441,47285.32619,47730.94234,8948.60216,135.81223
MD,2018,0.7783,0.78946,0.79334,0.80106,5797743.0,29234.0,16738.0,0.37907,312.1946,47439.31847,48375.79249,101.60165,100.43178,45979.95922,46898.50936,9011.71119,136.77003
MD,2019,0.79132,0.79604,0.79779,0.8028,5750878.0,29611.0,16624.0,0.36944,311.49594,47072.26145,47459.39929,102.24541,99.91335,46271.29204,46656.4192,9117.40041,138.37407
MD,2020,0.8088,0.80642,0.80478,0.80441,5715955.0,30288.0,16475.0,0.36249,306.26358,45507.23217,45271.06422,101.44113,97.79319,45907.3154,45666.37211,9204.18823,139.69124
MD,2021,0.85383,0.83648,0.82633,0.8158,5579853.0,30937.0,17530.0,0.35843,293.64741,42763.36418,41351.01331,94.62202,88.63908,42821.31881,41391.68464,8763.13008,132.99733
MD,2022,0.89999,0.89103,0.88361,0.87768,5210793.0,30862.0,16437.0,0.33649,290.40311,39553.41103,38822.32075,87.34893,83.0703,39529.87383,38791.24212,8654.4997,131.34866
MD,2023,0.85745,0.86229,0.86424,0.86783,5210275.0,29309.0,15841.0,0.33584,277.24434,38564.15717,38885.92981,85.63991,83.69661,38756.45158,39083.70688,8303.39542,126.01998
MD,2024,0.81477,0.85312,0.87446,0.90231,5492715.0,29377.0,15834.0,0.34438,266.32807,36398.12587,39168.60246,81.93077,85.47201,37077.87646,39912.7624,8074.54673,122.54676
ME,1998,0.66963,0.663,0.65998,0.65658,721202.0,3213.0,1623.0,0.19723,,,,,,,,,
ME,1999,0.6315,0.63806,0.64226,0.64711,738338.0,3139.0,1493.0,0.201,,,,,,,,,
ME,2000,0.62322,0.63772,0.6444,0.65399,751328.0,3093.0,1618.0,0.19977,,,,,,,,,
ME,2001,0.62701,0.64377,0.6531,0.6648,720849.0,2979.0,1575.0,0.21491,,,,,,,,,
ME,2002,0.59844,0.61237,0.62057,0.63049,756673.0,3044.0,1459.0,0.22865,,,,100.0,100.0,44962.21367,46624.89206,6975.49788,100.0
ME,2003,0.59933,0.61125,0.62067,0.62943,806705.0,3216.0,1626.0,0.24413,229.01244,43815.32257,45400.89989,105.62956,105.49045,47493.38873,49184.80696,7369.44437,105.64758
ME,2004,0.5853,0.5957,0.60442,0.61229,920352.0,3600.0,1778.0,0.25384,223.83285,44439.47952,45891.07004,111.84692,111.38151,50288.85147,51931.50842,7598.8494,108.9363
ME,2005,0.60808,0.61641,0.62176,0.62812,957598.0,3908.0,1889.0,0.26229,219.49384,42362.20863,43315.16904,111.79074,110.22931,50263.59256,51394.2988,7813.0124,112.00652
ME,2006,0.65945,0.66064,0.6619,0.6632,939693.0,4193.0,1942.0,0.26182,239.20037,43366.02492,43527.28733,109.90282,106.37772,49414.73974,49598.49511,8176.92466,117.22353
ME,2007,0.66628,0.66608,0.66692,0.6673,956538.0,4334.0,1954.0,0.27002,252.60659,45451.58656,45495.72581,113.52633,109.58422,51043.9529,51093.52305,8510.61958,122.00734
ME,2008,0.6652,0.66726,0.66846,0.6702,953036.0,4338.0,1890.0,0.2777,262.10524,47052.64011,47282.93164,120.55669,116.82655,54204.95537,54470.25275,9058.4095,129.8604
ME,2009,0.63545,0.64168,0.64509,0.64947,974049.0,4131.0,2054.0,0.2987,280.22159,52127.36852,52917.71288,131.76268,128.99044,59243.4183,60141.65473,9554.26231,136.96889
ME,2010,0.62415,0.62737,0.62978,0.63214,1023703.0,4280.0,2089.0,0.32559,272.28435,51088.82376,51547.86561,137.59721,133.88847,61866.75135,62425.35267,9740.63152,139.64066
ME,2011,0.65982,0.65682,0.65759,0.65646,1039103.0,4488.0,2451.0,0.34826,267.25211,47195.78876,47000.10587,131.50763,126.38956,59128.74335,58928.99406,9720.61887,139.35376
ME,2012,0.67452,0.66462,0.6601,0.65473,1029980.0,4493.0,2593.0,0.35525,269.64344,47741.17357,46707.49302,131.97871,124.55257,59340.55023,58072.50285,9792.73642,140.38763
ME,2013,0.66192,0.65492,0.65035,0.6463,1011239.0,4251.0,2654.0,0.3494,270.39848,49436.50791,48578.41579,129.00313,122.22842,58002.6626,56988.86683,9430.52728,135.19504
ME,2014,0.65948,0.65887,0.65764,0.65751,996239.0,4156.0,2638.0,0.34661,269.31629,48660.74343,48524.57241,130.80443,125.78732,58812.56595,58648.20341,9669.33377,138.61855
ME,2015,0.67629,0.6717,0.66926,0.66717,974676.0,4158.0,2670.0,0.34259,263.92486,47322.17134,46830.7352,126.27079,120.50333,56774.14169,56184.54776,9499.20961,136.17966
ME,2016,0.70969,0.70051,0.69706,0.69233,949174.0,4275.0,2677.0,0.33651,275.39478,46957.59809,46112.75556,121.42373,115.0093,54594.79697,53622.96401,9513.93027,136.3907
ME,2017,0.68845,0.68162,0.67904,0.67522,944732.0,4156.0,2528.0,0.32887,278.74563,49259.69279,48586.70116,123.35472,117.33061,55463.01088,54705.2688,9415.44979,134.97889
ME,2018,0.70509,0.70829,0.70944,0.71181,931711.0,4244.0,2461.0,0.32116,284.76274,48167.08351,48464.07473,121.34679,117.74099,54560.2009,54896.61115,9676.76128,138.72503
ME,2019,0.68549,0.69625,0.70085,0.70814,927635.0,4127.0,2344.0,0.31599,288.10985,49330.29366,50436.07788,122.90952,121.18336,55262.84315,56501.61097,9682.75356,138.81093
ME,2020,0.68742,0.69455,0.69875,0.70374,930433.0,4184.0,2292.0,0.32153,279.14726,47604.60456,48410.93799,123.82986,121.38123,55676.64686,56593.86789,9725.96573,139.43042
ME,2021,0.73464,0.72922,0.72425,0.7205,858460.0,4187.0,2137.0,0.31006,307.33359,48463.91919,47891.54584,122.03878,116.02185,54871.33864,54095.06463,9935.11447,142.42875
ME,2022,0.75073,0.73883,0.73097,0.72332,848377.0,4323.0,1969.0,0.29076,269.62526,44007.71769,42846.66376,116.546,109.43273,52401.66365,51022.89348,9576.07316,137.28157
ME,2023,0.72115,0.70823,0.70969,0.70439,857211.0,4176.0,1951.0,0.33336,252.48021,40810.70054,39895.58198,110.55731,104.91998,49709.01468,48918.82638,8819.48554,126.43521
ME,2024,0.7174,0.69871,0.69995,0.69194,899918.0,4309.0,2142.0,0.38813,231.89686,38924.91582,37895.1776,107.38971,101.04105,48284.791,47110.28068,8449.21349,121.12703
MI,1998,0.58689,0.59936,0.60514,0.61337,8584349.0,33122.0,17724.0,0.3941,,,,,,,,,
MI,1999,0.58757,0.60092,0.60678,0.61554,8507474.0,32809.0,17694.0,0.37533,,,,,,,,,
MI,2000,0.57532,0.58876,0.59696,0.60651,8833075.0,34551.0,15596.0,0.3778,,,,,,,,,
MI,2001,0.61539,0.6291,0.63569,0.64497,7819005.0,34390.0,11415.0,0.29284,,,,,,,,,
MI,2002,0.55054,0.5623,0.56875,0.57685,8996693.0,35784.0,10983.0,0.36213,,,,100.0,100.0,46029.73211,47557.57128,6597.32929,100.0
MI,2003,0.57094,0.57673,0.57955,0.58344,9517829.0,37607.0,15355.0,0.38582,271.67922,56031.86523,56884.60954,101.57759,99.7645,46755.894,47445.57237,6926.60125,104.99099
MI,2004,0.56707,0.56835,0.56726,0.56787,10058085.0,38651.0,17759.0,0.41915,277.55357,58714.21029,58734.01828,106.15855,102.78276,48864.498,48880.98307,6929.76146,105.03889
MI,2005,0.57667,0.5784,0.57808,0.5792,9895716.0,38901.0,17308.0,0.39802,286.72878,59520.62036,59665.36864,107.62073,104.41661,49537.53509,49658.00548,7159.11749,108.51539
MI,2006,0.56878,0.57425,0.57924,0.58387,10094403.0,39190.0,17311.0,0.40056,302.76604,62723.66363,63877.32441,115.93116,114.27054,53362.80242,54344.2912,7727.43968,117.12982
MI,2007,0.57645,0.5808,0.58501,0.58862,10414238.0,40478.0,19098.0,0.42078,309.42115,63470.44555,64412.92753,114.60511,112.57041,52752.42485,53535.75337,7715.11005,116.94293
MI,2008,0.58417,0.58502,0.58524,0.58592,10567548.0,41260.0,20367.0,0.4238,322.59554,66145.90295,66267.72508,124.23055,120.46096,57182.99056,57288.30552,8366.49451,126.81639
MI,2009,0.5719,0.57461,0.57573,0.57756,10790594.0,41171.0,20510.0,0.42899,315.09368,65675.54252,66115.35223,131.49263,128.12056,60525.70524,60931.02802,8711.58416,132.04713
MI,2010,0.55498,0.55936,0.56402,0.56767,11417115.0,42037.0,21530.0,0.44901,305.58385,65015.63657,66074.88168,137.5514,135.30143,63314.54157,64346.07216,8927.65283,135.32223
MI,2011,0.56638,0.56817,0.57027,0.57187,11449487.0,42617.0,22845.0,0.44315,312.409,65733.89827,66185.65428,138.47403,134.94649,63739.22398,64177.2716,9087.8713,137.75076
MI,2012,0.59731,0.59585,0.59507,0.59427,11460833.0,43645.0,26804.0,0.44336,336.37396,67824.65117,67570.13098,137.64933,132.72726,63359.61955,63121.86327,9425.78851,142.87279
MI,2013,0.62937,0.62785,0.62517,0.62396,11202661.0,44493.0,28524.0,0.43243,353.32813,67820.70516,67368.14328,136.07034,130.82011,62632.81113,62214.86764,9789.01677,148.37848
MI,2014,0.65521,0.65494,0.65306,0.65291,10813799.0,45278.0,27533.0,0.41537,374.65059,68842.14589,68615.97976,135.71218,130.92075,62467.95258,62262.7275,10198.83469,154.59035
MI,2015,0.68743,0.68801,0.68814,0.68897,10490097.0,46116.0,27955.0,0.39998,396.15922,69083.34084,69154.71056,134.04454,129.87224,61700.34176,61764.08414,10614.63966,160.89298
MI,2016,0.70682,0.70876,0.71157,0.71363,10177214.0,46838.0,26215.0,0.38667,416.36551,70216.59133,70688.22268,135.54574,132.07237,62391.34067,62810.41131,11098.9162,168.23347
MI,2017,0.73501,0.73678,0.73624,0.7373,9904421.0,48014.0,25302.0,0.3749,436.64381,71168.69005,71288.2908,136.11754,131.96602,62654.54002,62759.83253,11532.19933,174.80103
MI,2018,0.7462,0.74802,0.74762,0.74866,9698632.0,48140.0,24338.0,0.36755,443.02274,71109.68522,71244.99755,136.5661,132.43028,62861.01095,62980.62714,11748.97236,178.0868
MI,2019,0.75374,0.75518,0.7549,0.75584,9479967.0,47805.0,23480.0,0.35913,449.12966,71394.10992,71504.48236,137.72284,133.50442,63393.45531,63491.45905,11963.96231,181.34554
MI,2020,0.76639,0.7668,0.76738,0.7681,9290044.0,48444.0,21776.0,0.35256,459.79005,71899.85205,71992.68235,138.44739,134.17262,63726.96081,63809.23904,12225.76482,185.31385
MI,2021,0.80525,0.7965,0.78999,0.78465,8798885.0,48670.0,20748.0,0.34128,453.82278,68936.16648,67629.80971,134.35108,127.57072,61841.44401,60669.53393,12213.49737,185.1279
MI,2022,0.81176,0.79809,0.79143,0.78347,8489809.0,46841.0,21179.0,0.34901,441.57448,66953.81921,65276.86425,128.89509,121.62955,59330.06693,57844.05984,11738.82691,177.93302
MI,2023,0.80588,0.79591,0.79115,0.78544,8281969.0,44828.0,21582.0,0.3483,435.36149,66019.75904,64812.07892,126.56714,120.2618,58258.51629,57193.59312,11522.80498,174.65863
MI,2024,0.76706,0.76906,0.77088,0.77261,8508511.0,43711.0,21353.0,0.35011,429.19381,66789.50704,67123.04628,128.79991,125.28433,59286.2524,59582.18603,11425.7106,173.18691
MN,1998,0.5759,0.57821,0.57547,0.57652,3956019.0,14895.0,8181.0,0.41571,,,,,,,,,
MN,1999,0.49118,0.49589,0.49535,0.49812,4514307.0,14717.0,7522.0,0.29833,,,,,,,,,
MN,2000,0.5021,0.5251,0.54656,0.56539,4298448.0,13845.0,8281.0,0.44928,,,,,,,,,
MN,2001,0.48167,0.50761,0.52478,0.54457,4578438.0,14147.0,8461.0,0.44792,,,,,,,,,
MN,2002,0.48178,0.50686,0.51993,0.53874,4721825.0,14401.0,9113.0,0.46572,,,,100.0,100.0,48392.88682,52224.02404,6290.17553,100.0
MN,2003,0.49063,0.50521,0.51247,0.52331,5234215.0,16263.0,10275.0,0.44471,225.00877,52376.729,54709.31172,114.38413,110.71128,55353.78193,57817.88614,7091.78935,112.7439
MN,2004,0.51743,0.52084,0.52221,0.52439,5291499.0,17330.0,10973.0,0.4535,245.34867,56379.60739,56900.14874,123.75263,115.73294,59887.47084,60440.39957,7818.41805,124.29571
MN,2005,0.53536,0.53388,0.5351,0.5355,5287108.0,17648.0,11879.0,0.45415,256.28698,57473.80404,57446.39913,133.08288,123.26116,64402.64691,64371.93816,8615.52152,136.9679
MN,2006,0.55062,0.54364,0.53939,0.53568,5264610.0,18175.0,11963.0,0.44982,268.55947,59747.639,58529.20977,135.36696,122.87847,65507.97858,64172.07917,8833.54796,140.43405
MN,2007,0.55358,0.54597,0.53849,0.53349,5330523.0,18420.0,12341.0,0.45266,270.11115,60165.13383,58523.15114,140.39332,126.54872,67940.3817,66088.83589,9146.33059,145.4066
MN,2008,0.55704,0.55512,0.55296,0.55162,5400278.0,18697.0,12742.0,0.46432,266.54073,57842.99376,57419.58111,135.97502,125.07761,65802.23567,65320.56111,9096.50851,144.61454
MN,2009,0.55606,0.55839,0.55951,0.56118,5524596.0,19012.0,13176.0,0.47099,256.69658,55054.5236,55396.28473,139.80166,130.35003,67654.05703,68074.0321,9463.29047,150.44557
MN,2010,0.52968,0.53424,0.53784,0.54124,5957229.0,19215.0,14160.0,0.48525,233.23602,52038.01567,52840.47799,150.77694,141.87051,72965.31441,74090.4902,9810.9848,155.97315
MN,2011,0.55208,0.55242,0.55144,0.55146,6068183.0,20047.0,15741.0,0.48415,237.38684,51620.07749,51560.55003,151.31655,140.05432,73226.4477,73142.00411,10094.9917,160.48824
MN,2012,0.59808,0.59411,0.58917,0.58619,5940279.0,21319.0,16575.0,0.47675,236.61028,48126.11489,47409.19912,146.53631,133.7637,70913.15232,69856.78704,10445.03953,166.05323
MN,2013,0.61579,0.61334,0.61057,0.60881,5833852.0,21436.0,17002.0,0.47614,240.04086,47176.72227,46776.99365,144.23026,132.51716,69797.18584,69205.79391,10654.09537,169.37676
MN,2014,0.6356,0.63532,0.63377,0.63387,5659785.0,21251.0,17454.0,0.46888,240.54524,45545.48679,45414.44859,138.34569,127.82787,66949.47428,66756.85501,10607.66619,168.63864
MN,2015,0.65314,0.65308,0.65124,0.65151,5480907.0,21394.0,16875.0,0.46184,255.26558,47036.0551,46899.64956,133.99752,123.80742,64845.26998,64657.21735,10557.49594,167.84104
MN,2016,0.66284,0.662,0.66029,0.65972,5345885.0,21329.0,16400.0,0.45573,264.64284,48095.71792,47910.53455,134.47537,124.13052,65076.51519,64825.95051,10742.34945,170.7798
MN,2017,0.66997,0.67258,0.67309,0.67482,5240679.0,21453.0,15612.0,0.44877,268.05617,47789.9552,48012.45223,131.6939,122.60103,63730.47764,64027.18941,10724.01993,170.4884
MN,2018,0.67743,0.68225,0.68415,0.68739,5171515.0,21555.0,15279.0,0.4457,270.54401,47453.49818,47924.17744,130.19955,121.84498,63007.32235,63632.351,10780.8647,171.39211
MN,2019,0.68382,0.68738,0.68857,0.69124,5079782.0,21456.0,14982.0,0.44528,272.07691,47416.23437,47745.583,128.31504,119.72795,62095.35406,62526.75187,10692.4124,169.98591
MN,2020,0.68486,0.68446,0.68359,0.68384,4941390.0,21246.0,13911.0,0.44647,279.09924,48994.04308,48903.00922,130.97974,121.14555,63384.87923,63267.08127,10835.18232,172.25564
MN,2021,0.73108,0.72176,0.71432,0.70842,4675136.0,21415.0,14135.0,0.44182,271.65145,45625.12637,44581.13624,122.42914,110.85187,59246.99334,57891.30884,10582.67654,168.24135
MN,2022,0.74138,0.72808,0.71977,0.7117,4401148.0,20064.0,14254.0,0.43769,263.71492,43949.90712,42667.68478,119.34598,107.36794,57754.96638,56071.8609,10392.62917,165.22002
MN,2023,0.72102,0.71229,0.71118,0.70766,4316692.0,19411.0,13052.0,0.44093,262.67174,44304.53715,43696.67119,118.72457,108.51351,57454.24718,56670.12216,10215.13436,162.39824
MN,2024,0.6781,0.6769,0.67869,0.67894,4400058.0,18273.0,13182.0,0.45121,251.27736,44401.13991,44437.63267,121.50052,112.68587,58797.60908,58849.09751,9976.3955,158.60282
MO,1998,0.58028,0.58191,0.58325,0.58467,3727952.0,14623.0,6808.0,0.37676,,,,,,,,,
MO,1999,0.58194,0.58281,0.58446,0.58541,3974726.0,15937.0,6677.0,0.35743,,,,,,,,,
MO,2000,0.61741,0.6195,0.62204,0.62388,3508516.0,15531.0,5041.0,0.3244,,,,,,,,,
MO,2001,0.56419,0.56856,0.572,0.57545,4025661.0,15517.0,6820.0,0.40914,,,,,,,,,
MO,2002,0.59309,0.598,0.6017,0.60551,4119842.0,16965.0,6794.0,0.37673,,,,100.0,100.0,34610.41072,35122.04508,5214.41612,100.0
MO,2003,0.58804,0.59033,0.59309,0.5952,4333857.0,17248.0,7979.0,0.3983,222.44804,38891.01877,39224.61044,112.77036,112.08181,39030.28438,39365.42375,5787.15348,110.98373
MO,2004,0.59746,0.59846,0.60035,0.6017,4420031.0,17651.0,8711.0,0.40537,240.62041,41726.75583,41963.18705,124.93288,123.70818,43239.78125,43448.8428,6489.7076,124.45703
MO,2005,0.60885,0.61022,0.61132,0.61262,4411350.0,17998.0,8768.0,0.40195,253.55281,43438.76678,43644.29489,130.61594,129.23604,45206.71288,45390.33974,6908.95021,132.4971
MO,2006,0.60375,0.60961,0.61351,0.61786,4471276.0,18147.0,8698.0,0.39703,256.0524,43940.69374,44532.9244,132.72914,132.91142,45938.10017,46681.20745,7045.91112,135.12368
MO,2007,0.60639,0.61511,0.61978,0.62588,4511760.0,18382.0,8834.0,0.3969,264.81712,44942.71177,45953.7565,132.76693,133.7228,45951.18144,46966.18265,7119.93988,136.54338
MO,2008,0.60129,0.60915,0.61318,0.61843,4584615.0,18434.0,9077.0,0.40518,261.59104,44827.8866,45822.61115,133.03508,133.68802,46043.98687,46953.96666,7058.28079,135.3609
MO,2009,0.59513,0.60246,0.60714,0.61231,4824570.0,19399.0,9056.0,0.41081,246.6668,42612.32536,43434.83835,141.19053,141.94262,48866.62161,49853.15265,7417.2603,142.24527
MO,2010,0.56787,0.57598,0.58411,0.59064,5210928.0,19683.0,9953.0,0.44255,240.26183,42508.20757,43597.46984,141.54542,143.47267,48989.44949,50390.53571,7153.84332,137.19356
MO,2011,0.56436,0.57314,0.57941,0.58572,5393506.0,19994.0,10743.0,0.44625,225.07871,43393.54258,44506.83177,140.11439,141.75509,48494.16532,49787.28674,7024.44433,134.712
MO,2012,0.59637,0.60589,0.61554,0.62361,5386849.0,20984.0,11575.0,0.43842,234.66924,43335.91259,44783.55871,137.28475,139.63219,47514.81578,49041.68003,7311.80327,140.22286
MO,2013,0.61894,0.62607,0.63406,0.64042,5300862.0,21186.0,12310.0,0.42506,240.73435,44187.77416,44762.46209,137.28276,138.5878,47514.1277,48674.86998,7531.71628,144.44026
MO,2014,0.64214,0.64356,0.64505,0.64641,5211006.0,21472.0,12826.0,0.41566,256.99828,45580.54705,45641.46995,138.01794,136.624,47768.57587,47985.14463,7703.3058,147.73094
MO,2015,0.67392,0.67358,0.67263,0.67238,5059775.0,22092.0,12647.0,0.40192,255.58541,45162.92446,45079.03994,131.47417,129.31146,45503.74863,45416.82933,7651.77452,146.74269
MO,2016,0.6848,0.68576,0.68288,0.68295,5010783.0,22367.0,12456.0,0.38115,258.82158,45481.51944,45354.03958,133.11492,130.80812,46071.62129,45942.48744,7865.39007,150.83932
MO,2017,0.70065,0.70022,0.6999,0.70007,4900099.0,22444.0,12333.0,0.37728,254.37801,43613.58512,43567.13165,128.30142,126.29775,44405.64819,44358.35108,7769.93243,149.00868
MO,2018,0.73519,0.72702,0.72411,0.72022,4762417.0,23010.0,12335.0,0.37406,254.60562,42193.65514,41557.29982,126.08857,122.37785,43639.77056,42981.60525,7899.95366,151.50217
MO,2019,0.76302,0.74855,0.74165,0.73354,4590523.0,23036.0,12306.0,0.37431,254.99363,41258.29519,40102.57789,123.11613,117.9242,42610.99932,41417.3904,7900.61748,151.5149
MO,2020,0.7728,0.75873,0.75156,0.74304,4433142.0,22577.0,11945.0,0.37643,249.13318,39778.76067,38685.18736,126.38957,121.1244,43743.94853,42541.3667,8219.01091,157.62092
MO,2021,0.78505,0.76858,0.75895,0.7494,4195979.0,21484.0,11933.0,0.37425,245.24965,38777.15091,37487.92909,126.61448,120.62182,43821.79134,42364.85064,8314.64838,159.45502
MO,2022,0.77622,0.75395,0.74315,0.73067,4030993.0,20264.0,11621.0,0.37705,256.34235,40141.71751,38364.84436,129.0212,121.72462,44654.76799,42752.17555,8296.28036,159.10277
MO,2023,0.79062,0.76979,0.76079,0.74887,3931906.0,20126.0,11559.0,0.38185,242.80666,38298.24254,36852.90558,124.11193,117.68833,42955.65014,41334.54733,8170.02326,156.68146
MO,2024,0.78036,0.77182,0.76791,0.76283,3965331.0,19867.0,11839.0,0.38701,242.81165,37943.99966,37338.47392,130.83127,126.86797,45281.24145,44558.62503,8692.92615,166.70948
MS,1998,0.49264,0.50376,0.51096,0.51893,2680678.0,8186.0,5638.0,0.48586,,,,,,,,,
MS,1999,0.54125,0.55056,0.55503,0.5614,2708075.0,9013.0,6403.0,0.4891,,,,,,,,,
MS,2000,0.52978,0.53408,0.53525,0.53848,2053073.0,6511.0,5106.0,0.48355,,,,,,,,,
MS,2001,0.61261,0.61639,0.61706,0.61952,2231225.0,9349.0,4083.0,0.35343,,,,,,,,,
MS,2002,0.55075,0.5499,0.55244,0.55323,2854415.0,10021.0,6159.0,0.47467,,,,100.0,100.0,30199.4376,30293.55964,4128.48934,100.0
MS,2003,0.56589,0.5633,0.56464,0.56477,2577217.0,9808.0,4691.0,0.41315,179.01128,34411.5358,34299.99594,109.88117,109.29535,33183.49539,33109.45195,4632.03018,112.19673
MS,2004,0.50537,0.5029,0.50191,0.50108,3210794.0,9774.0,7496.0,0.53303,138.4753,32352.39536,32109.49588,109.72096,108.6207,33135.11404,32905.07733,4120.5915,99.8087
MS,2005,0.4985,0.49701,0.49552,0.49477,3353378.0,9767.0,8327.0,0.53812,152.39492,35361.68992,35053.37787,114.58654,113.5384,34604.49043,34394.8219,4245.10645,102.82469
MS,2006,0.53357,0.53551,0.53605,0.53744,3141427.0,9926.0,8084.0,0.48543,152.60491,34161.93646,34321.1046,114.34427,114.5288,34531.32695,34694.85024,4581.54218,110.97382
MS,2007,0.54068,0.54574,0.54646,0.54952,3083589.0,10032.0,7723.0,0.48533,154.13235,33846.46533,34208.85746,114.05674,114.93458,34444.49256,34817.77458,4677.96822,113.30944
MS,2008,0.52508,0.53357,0.53746,0.54311,3268184.0,10190.0,8221.0,0.50917,156.14631,34863.46525,35685.11146,116.13699,118.54361,35072.71877,35911.08012,4674.99481,113.23742
MS,2009,0.52285,0.53079,0.53491,0.54037,3380504.0,10403.0,8652.0,0.52161,157.95171,35434.58951,36252.04591,116.88061,119.24452,35297.28591,36123.4094,4690.63576,113.61627
MS,2010,0.48204,0.48852,0.49397,0.49898,3750447.0,10458.0,9215.0,0.55713,156.67992,35797.61289,36779.84541,125.30245,128.00533,37840.63387,38777.36959,4673.04667,113.19023
MS,2011,0.48938,0.49611,0.5014,0.50648,4026233.0,10954.0,10931.0,0.5713,155.32215,35077.69892,35923.78618,129.9011,132.72621,39229.40194,40207.49297,4866.53401,117.87687
MS,2012,0.53909,0.54903,0.55183,0.55837,3865704.0,11214.0,12305.0,0.53797,162.13801,35258.54355,36091.18337,124.76241,127.35465,37677.54734,38580.25555,5146.83438,124.66629
MS,2013,0.56516,0.57806,0.58163,0.59002,3709943.0,11696.0,11553.0,0.51411,173.20775,35735.75383,36777.27168,127.55491,130.92346,38520.86563,39661.37546,5541.80421,134.23322
MS,2014,0.57143,0.58341,0.58667,0.5942,3791557.0,12012.0,12086.0,0.51467,178.14303,36438.18716,37410.10581,132.22457,135.32963,39931.07748,40996.16227,5856.5838,141.85779
MS,2015,0.58907,0.59492,0.59342,0.59637,3764853.0,12064.0,12835.0,0.51109,187.76294,37670.10162,37946.81261,135.50833,136.08351,40922.75442,41224.5392,6071.08422,147.05341
MS,2016,0.60773,0.61289,0.61241,0.61538,3796374.0,12517.0,13419.0,0.49774,201.05725,38844.74221,39138.76672,138.11489,138.74471,41709.92115,42030.71011,6385.85752,154.67783
MS,2017,0.60376,0.61221,0.61687,0.62291,3902425.0,13028.0,13213.0,0.48986,201.90579,38946.51223,39795.14593,142.28854,144.92512,42970.33788,43902.97739,6626.74883,160.51268
MS,2018,0.62545,0.63138,0.63414,0.6381,3887590.0,13482.0,13561.0,0.4908,205.52715,38425.74657,38976.43176,146.52629,148.09991,44250.11628,44864.73608,7015.18201,169.92128
MS,2019,0.68297,0.6833,0.68412,0.68502,3699773.0,14274.0,13566.0,0.49389,216.80152,37800.72169,37862.72657,137.79788,137.60146,41614.18397,41684.37919,7117.31211,172.39507
MS,2020,0.69418,0.68595,0.68174,0.67732,3647138.0,14387.0,13422.0,0.50004,217.17007,38226.09631,37541.43618,140.53363,137.58774,42440.36483,41680.22376,7233.36513,175.2061
MS,2021,0.75036,0.72994,0.71525,0.70209,3432923.0,14803.0,13326.0,0.48854,217.61286,36203.00652,34513.51333,132.41047,125.82296,39987.21847,38116.25408,7150.20561,173.19181
MS,2022,0.74141,0.72282,0.70811,0.6958,3161320.0,12967.0,13130.0,0.50993,210.24566,34999.28999,33411.82968,127.90007,121.77561,38625.10318,36890.16784,6837.70158,165.62236
MS,2023,0.74215,0.73898,0.73693,0.73543,3275101.0,13661.0,13188.0,0.48221,202.51518,32731.21351,32504.33571,120.84001,119.61797,36493.00315,36236.53976,6723.19216,162.84872
MS,2024,0.70195,0.72006,0.73051,0.74396,3355205.0,13276.0,12701.0,0.48375,207.38628,33831.46946,35205.15279,121.54937,126.10175,36707.22736,38200.7077,6703.72919,162.37729
MT,1998,0.63132,0.64668,0.65426,0.66483,956194.0,4410.0,1241.0,0.15837,,,,,,,,,
MT,1999,0.62558,0.63969,0.64585,0.65506,945103.0,4346.0,1162.0,0.15744,,,,,,,,,
MT,2000,0.67892,0.69068,0.69693,0.70477,882957.0,4474.0,1043.0,0.12094,,,,,,,,,
MT,2001,0.64976,0.65685,0.65932,0.66389,937360.0,4443.0,1265.0,0.14598,,,,,,,,,
MT,2002,0.66321,0.66354,0.66327,0.6635,969916.0,4700.0,1321.0,0.16053,,,,100.0,100.0,33428.38096,33431.28865,5543.00855,100.0
MT,2003,0.652,0.64953,0.64786,0.64664,993777.0,4649.0,1501.0,0.17283,261.66161,47038.79182,46745.04345,112.73996,112.01508,37687.14253,37448.08332,6104.01305,110.12094
MT,2004,0.66242,0.66547,0.66955,0.67254,1012737.0,4772.0,1637.0,0.18037,261.53567,46481.98604,46948.08373,114.64093,115.86507,38322.60591,38735.18715,6414.76703,115.72717
MT,2005,0.66628,0.67265,0.67657,0.68105,954640.0,4607.0,1387.0,0.14823,285.53995,50173.56119,50870.59786,118.03297,119.84437,39456.51008,40065.51638,6673.73888,120.39922
MT,2006,0.63711,0.64293,0.64626,0.65031,993829.0,4498.0,1557.0,0.17654,293.78893,54141.89253,54838.25122,129.87501,131.72912,43415.11208,44038.74268,7014.39863,126.54497
MT,2007,0.64443,0.64473,0.64599,0.64678,994269.0,4634.0,1411.0,0.1706,309.93432,57165.32339,57309.88353,135.75164,136.06853,45379.57374,45489.4633,7328.73063,132.21576
MT,2008,0.63772,0.6314,0.62744,0.62356,1005496.0,4604.0,1479.0,0.1741,306.67261,58368.6765,57403.9495,136.66199,134.44771,45683.88996,44947.60089,7165.94115,129.27891
MT,2009,0.63237,0.62778,0.62581,0.62321,1014566.0,4677.0,1339.0,0.17051,304.39581,58138.00375,57525.88401,136.00652,134.58345,45464.77838,44992.98104,7113.04064,128.32455
MT,2010,0.59542,0.59885,0.60213,0.60482,1104235.0,4670.0,1618.0,0.21476,307.26313,60162.39456,60835.17547,141.03317,142.61073,47145.10579,47676.60321,7096.86187,128.03267
MT,2011,0.59968,0.61734,0.62624,0.6381,1166919.0,4865.0,1933.0,0.17876,296.86694,56411.22288,58934.05174,137.56461,143.64524,45985.62089,48022.45489,7199.54716,129.88519
MT,2012,0.59352,0.61571,0.62625,0.64128,1168729.0,4680.0,2201.0,0.17403,301.51573,57020.29696,60192.13751,139.43211,147.10952,46609.89659,49180.60814,7297.37618,131.6501
MT,2013,0.60876,0.62097,0.62674,0.6356,1179780.0,4925.0,2120.0,0.15804,303.10887,57558.33349,59254.44196,143.97906,148.21984,48129.86816,49551.80219,7541.25861,136.04992
MT,2014,0.67882,0.67767,0.67656,0.67685,1120943.0,5239.0,2204.0,0.16361,317.0292,55667.36285,55475.42792,132.56506,132.1114,44314.35336,44166.54474,7495.29798,135.22075
MT,2015,0.70936,0.70398,0.70043,0.69747,1097047.0,5347.0,2276.0,0.15275,322.37675,54662.7558,53981.24625,129.05729,127.4218,43141.76376,42598.74906,7554.44993,136.2879
MT,2016,0.70225,0.70115,0.69992,0.69937,1069185.0,5186.0,2142.0,0.14982,328.84698,55842.09589,55671.04687,129.86965,129.42639,43413.32046,43268.91126,7596.44714,137.04556
MT,2017,0.7148,0.71678,0.71804,0.72001,1061588.0,5296.0,2055.0,0.15078,336.63075,55774.5468,56029.22278,125.88958,126.45014,42082.84789,42273.9113,7554.31706,136.2855
MT,2018,0.70317,0.70371,0.70438,0.70562,1045953.0,5101.0,2056.0,0.15593,339.06846,57220.10674,57314.25076,132.80983,133.02787,44396.17681,44472.93006,7817.9781,141.04214
MT,2019,0.77627,0.77288,0.77149,0.76995,1004108.0,5389.0,2213.0,0.148,344.80926,53093.92185,52766.95966,122.83544,122.0685,41061.89969,40809.07132,7919.72545,142.87774
MT,2020,0.7533,0.74592,0.74247,0.73831,995853.0,5228.0,2047.0,0.14689,342.88298,54918.03613,54128.95625,126.69613,124.86271,42352.46599,41743.21183,7861.33161,141.82427
MT,2021,0.76366,0.74598,0.73686,0.72634,941891.0,5026.0,1936.0,0.14834,343.5776,55322.9168,53378.94317,124.55604,120.17494,41637.06599,40176.03087,7670.16186,138.37543
MT,2022,0.73465,0.72833,0.72509,0.72155,949029.0,4868.0,1884.0,0.15139,332.40378,54546.71258,53848.0527,120.15556,118.58256,40166.05803,39643.6792,7281.01128,131.35486
MT,2023,0.70843,0.71939,0.72478,0.73212,958313.0,4765.0,1785.0,0.15239,334.27892,54884.56012,56157.76979,116.05372,118.72057,38794.879,39689.81554,7029.39049,126.81544
MT,2024,0.71938,0.73776,0.74677,0.75894,968748.0,4893.0,1829.0,0.14376,347.6228,55411.29496,57513.89243,116.05652,120.46449,38795.8162,40272.83141,7242.89131,130.66715
NC,1998,0.69729,0.7109,0.72343,0.73424,4463726.0,23162.0,5551.0,0.19836,,,,,,,,,
NC,1999,0.51559,0.5266,0.53708,0.54579,6593890.0,22922.0,10818.0,0.44317,,,,,,,,,
NC,2000,0.54377,0.55288,0.55863,0.56501,6381039.0,23617.0,10596.0,0.42726,,,,,,,,,
NC,2001,0.52796,0.53546,0.53958,0.54467,6694995.0,23321.0,12270.0,0.44435,,,,,,,,,
NC,2002,0.50779,0.51669,0.52331,0.52975,7154266.0,23972.0,12604.0,0.45508,,,,100.0,100.0,25151.34717,25919.7313,3290.4588,100.0
NC,2003,0.4929,0.5014,0.507,0.51304,7903567.0,25262.0,14404.0,0.4877,144.19375,33912.39986,34882.17596,112.61179,112.40278,28323.38244,29134.4983,3591.08192,109.13621
NC,2004,0.46667,0.4745,0.47801,0.48335,8831847.0,26441.0,15811.0,0.52612,137.61544,33885.09954,34710.31212,118.13305,117.46018,29712.05392,30445.36378,3552.98469,107.9784
NC,2005,0.48427,0.49239,0.49554,0.501,8738157.0,27000.0,16527.0,0.50431,147.28571,35322.41403,36153.44591,123.11372,122.34069,30964.75963,31710.37928,3836.00373,116.5796
NC,2006,0.48718,0.49741,0.50312,0.51043,8669404.0,27418.0,15556.0,0.48236,155.87202,36792.21667,38011.57467,125.01492,125.3457,31442.93708,32489.26994,3955.22588,120.20287
NC,2007,0.48785,0.49858,0.50466,0.51217,8933081.0,28312.0,16010.0,0.48508,159.48345,37705.88036,39006.40535,129.83582,130.32584,32655.4591,33780.10725,4119.94077,125.2087
NC,2008,0.47641,0.48519,0.48996,0.49627,9789426.0,30084.0,17562.0,0.51536,150.64353,36787.34895,37841.89912,133.33487,132.98054,33535.51589,34468.19834,4104.1689,124.72938
NC,2009,0.46084,0.46754,0.4722,0.47736,10483659.0,31055.0,18412.0,0.53366,144.98184,36611.14644,37522.98827,137.63066,136.88783,34615.96519,35480.95768,4086.74487,124.19985
NC,2010,0.45177,0.45673,0.46256,0.46697,11412749.0,32706.0,20520.0,0.55704,133.10314,34076.88732,34877.94694,144.38953,143.56941,36315.91164,37212.80523,4200.57661,127.6593
NC,2011,0.47403,0.47464,0.47515,0.47596,11466777.0,34055.0,22483.0,0.55526,146.91628,35920.80993,35984.68773,157.38059,153.20683,39583.33816,39710.79831,4703.23044,142.9354
NC,2012,0.51511,0.51315,0.51103,0.50983,11106714.0,35589.0,24175.0,0.54422,157.63836,36753.12236,36467.03961,159.62687,153.72871,40148.3093,39846.0691,5129.18968,155.88068
NC,2013,0.54032,0.53956,0.54071,0.54091,10987244.0,36536.0,25871.0,0.5398,166.08407,36859.1526,36886.01008,159.95206,155.33997,40230.098,40263.70264,5435.02951,165.17543
NC,2014,0.5631,0.56279,0.56338,0.56367,10679608.0,36981.0,26266.0,0.52686,173.55939,36968.08075,36986.59559,160.92961,156.13357,40475.9651,40469.40154,5696.67062,173.12694
NC,2015,0.58835,0.58813,0.58687,0.58681,10569457.0,37348.0,28946.0,0.51768,182.07773,37230.30944,37136.73505,157.22334,152.17905,39543.78883,39444.39975,5801.75946,176.32068
NC,2016,0.61649,0.61678,0.61358,0.61327,10321618.0,38211.0,29631.0,0.50011,195.6934,38272.42191,38091.7557,156.96616,151.59393,39479.10291,39292.74053,6055.90085,184.04427
NC,2017,0.65365,0.65799,0.65751,0.65992,10149072.0,39513.0,31539.0,0.4842,204.23856,37275.02293,37495.26255,151.69117,148.06402,38152.37155,38377.79499,6271.37275,190.59265
NC,2018,0.66347,0.67185,0.67476,0.68004,10193108.0,40484.0,31745.0,0.47586,206.37111,36610.69352,37239.80753,148.46236,146.51364,37340.28353,37975.9431,6298.93621,191.43033
NC,2019,0.68565,0.69474,0.69772,0.70343,10201333.0,41884.0,32808.0,0.46753,199.95356,34389.91236,34995.07305,138.71985,136.97622,34889.91014,35503.86931,6085.82094,184.95357
NC,2020,0.68552,0.69329,0.69673,0.70196,10319272.0,42925.0,32051.0,0.46804,192.38491,33135.22863,33676.93664,137.52908,135.63379,34590.41605,35155.91404,6025.0143,183.1056
NC,2021,0.73852,0.74015,0.7367,0.73712,9875396.0,44352.0,32849.0,0.45015,188.57511,30630.27704,30555.9796,128.76808,124.64289,32386.90609,32307.10302,5964.86251,181.27753
NC,2022,0.73144,0.73269,0.73128,0.73206,9707807.0,43291.0,31763.0,0.45188,189.43536,30948.55438,30939.54591,122.69176,119.02857,30858.63022,30851.88595,5641.59306,171.45308
NC,2023,0.72433,0.72708,0.72809,0.73033,9753961.0,43021.0,31710.0,0.45958,185.08249,30319.45442,30476.46526,115.49441,112.6521,29048.39984,29199.12232,5287.47509,160.69112
NC,2024,0.70741,0.71669,0.72273,0.7295,10187879.0,43747.0,32622.0,0.46847,178.40975,29568.2783,30213.84613,111.63219,110.66995,28077.0003,28685.35324,5073.04301,154.17434
ND,1998,0.66407,0.65869,0.6559,0.65274,893127.0,4008.0,1869.0,0.22184,,,,,,,,,
ND,1999,0.66564,0.65721,0.65379,0.64892,894810.0,4084.0,1759.0,0.22795,,,,,,,,,
ND,2000,0.68144,0.67847,0.6766,0.67471,868432.0,4104.0,1655.0,0.21171,,,,,,,,,
ND,2001,0.63628,0.6481,0.65476,0.66291,915913.0,3943.0,1827.0,0.21213,,,,,,,,,
ND,2002,0.60433,0.6248,0.63571,0.64978,975656.0,4045.0,1737.0,0.21297,,,,100.0,100.0,31459.07427,33097.32717,5011.24901,100.0
ND,2003,0.61273,0.62946,0.636,0.64686,973052.0,4129.0,1679.0,0.20658,184.07385,34883.70034,36239.00604,108.64465,107.18902,34178.60034,35476.69975,5434.4264,108.44455
ND,2004,0.59581,0.61127,0.61784,0.62791,1051242.0,4234.0,1971.0,0.21241,219.5114,42634.48129,44211.05457,120.20843,118.48349,37816.46035,39214.86885,5841.14813,116.56072
ND,2005,0.62782,0.64265,0.64783,0.65717,1021439.0,4382.0,1924.0,0.21501,260.70866,48292.3587,49831.21188,132.06128,129.52439,41545.25639,42869.11076,6728.52303,134.26838
ND,2006,0.67036,0.67375,0.67253,0.67414,997618.0,4689.0,1768.0,0.2093,284.37261,50740.88771,50905.2988,136.24325,129.91908,42860.86469,42999.74286,7206.2924,143.80232
ND,2007,0.70212,0.69063,0.68454,0.67779,977440.0,4763.0,1912.0,0.20639,310.28391,54392.64733,53030.93245,140.80777,130.48744,44296.82217,43187.85534,7580.76234,151.27491
ND,2008,0.69927,0.68275,0.67519,0.66568,966928.0,4740.0,1789.0,0.2108,306.43105,54461.516,52586.16779,145.90872,133.91094,45901.53387,44320.94329,7748.03362,154.61282
ND,2009,0.70306,0.70113,0.70024,0.69955,994220.0,4851.0,1948.0,0.20783,308.81414,52921.11718,52708.87453,146.32155,138.52114,46031.40485,45846.79372,8058.3042,160.80431
ND,2010,0.66017,0.67115,0.6783,0.68624,1062635.0,4860.0,1972.0,0.2155,284.79707,50384.21588,51767.93281,153.2237,149.63916,48202.75624,49526.56308,8173.99072,163.11284
ND,2011,0.64358,0.65457,0.65999,0.66722,1083683.0,4754.0,2116.0,0.20991,283.05235,51465.06296,52776.84436,159.16701,155.14471,50072.46722,51348.75306,8261.79665,164.86502
ND,2012,0.66404,0.6724,0.67689,0.68257,1092587.0,5060.0,1972.0,0.21922,295.59409,52403.54259,53417.50961,157.17449,152.28533,49445.63853,50402.37244,8367.28088,166.96997
ND,2013,0.69493,0.69808,0.69963,0.702,1078637.0,5275.0,1943.0,0.21256,303.96023,52135.32025,52487.43231,153.05603,146.4626,48150.00972,48475.20574,8421.75002,168.05691
ND,2014,0.72843,0.72554,0.72459,0.7234,1057533.0,5425.0,1989.0,0.21638,311.46814,51582.47248,51310.51195,150.45601,142.25475,47332.06938,47082.51844,8574.09349,171.09694
ND,2015,0.74661,0.73498,0.72969,0.72324,1060398.0,5604.0,1987.0,0.21405,315.16526,51830.00305,50655.64458,153.26024,142.37349,48214.25361,47121.82039,8795.36391,175.51241
ND,2016,0.75484,0.74291,0.73796,0.73118,1061148.0,5663.0,2024.0,0.21727,327.93991,53174.76198,51982.49791,154.15567,143.24723,48495.94573,47411.00424,8946.96461,178.53762
ND,2017,0.77516,0.76821,0.76563,0.76161,1050983.0,5737.0,2104.0,0.21776,338.65755,52964.98869,52313.52108,149.30435,140.16893,46969.76588,46392.16923,8990.33867,179.40315
ND,2018,0.80454,0.80698,0.80812,0.8097,1019542.0,5844.0,1983.0,0.22111,348.23568,51516.53973,51740.85219,143.16902,136.68793,45039.64701,45240.05097,9099.33191,181.57812
ND,2019,0.82533,0.82281,0.82122,0.81967,1004834.0,5926.0,1970.0,0.21938,342.65474,49930.13052,49686.52546,145.57147,137.67743,45795.43813,45567.54862,9402.07025,187.6193
ND,2020,0.85048,0.83663,0.83015,0.82178,969481.0,5941.0,1860.0,0.2252,351.73958,50710.53081,49499.76616,150.72609,139.84204,47417.03343,46283.97886,9840.84945,196.37518
ND,2021,0.87606,0.8586,0.84975,0.83923,924117.0,5801.0,1891.0,0.22674,380.83303,53619.51244,52007.05839,149.82941,138.13714,47134.94532,45719.70221,10013.2766,199.81599
ND,2022,0.8408,0.83665,0.83382,0.83137,898856.0,5341.0,1914.0,0.22654,368.16205,52797.80828,52354.13835,148.53722,140.01196,46728.43418,46340.21572,9740.73751,194.37744
ND,2023,0.81914,0.8296,0.83474,0.84172,897497.0,5200.0,1853.0,0.22705,351.93113,50592.5758,51555.88575,145.65504,141.08147,45821.72633,46694.19673,9562.3271,190.81724
ND,2024,0.7736,0.77825,0.7812,0.78451,915745.0,5004.0,1799.0,0.23835,326.93906,50225.43021,50700.27614,148.80501,142.82982,46812.67807,47272.8521,9142.56531,182.44085
NE,1998,0.56884,0.56998,0.57117,0.57216,1656424.0,6597.0,2510.0,0.28965,,,,,,,,,
NE,1999,0.56232,0.55854,0.55754,0.55559,1633162.0,6481.0,2344.0,0.32953,,,,,,,,,
NE,2000,0.59692,0.59331,0.59289,0.59121,1780032.0,7157.0,3395.0,0.38155,,,,,,,,,
NE,2001,0.55363,0.55726,0.5598,0.56257,1779854.0,6549.0,3325.0,0.38778,,,,,,,,,
NE,2002,0.5245,0.52904,0.53216,0.53563,1822634.0,6259.0,3415.0,0.39773,,,,100.0,100.0,33077.9808,33561.066,4400.73456,100.0
NE,2003,0.55168,0.55219,0.55354,0.55428,1889576.0,6939.0,3496.0,0.40893,148.4337,31814.67687,31936.55502,108.7336,107.54856,35966.87837,36094.44411,4773.88499,108.47928
NE,2004,0.55721,0.55654,0.55785,0.55789,1928635.0,7145.0,3621.0,0.41635,157.35506,33848.9092,33887.60163,117.5524,115.99964,38883.95981,38930.71539,5209.48601,118.37765
NE,2005,0.57233,0.56814,0.56494,0.56207,1944981.0,7352.0,3849.0,0.43096,170.03483,36117.6642,35650.78039,121.92499,118.53496,40330.32477,39781.59741,5469.26368,124.2807
NE,2006,0.57379,0.56993,0.56828,0.56615,1961180.0,7379.0,3997.0,0.42885,171.39066,36191.21623,35844.08212,123.93541,120.91439,40995.32976,40580.15661,5577.67651,126.74422
NE,2007,0.57376,0.57343,0.57238,0.57218,1985327.0,7440.0,4105.0,0.4314,172.16023,36093.31078,36006.78585,125.26826,123.15606,41436.21111,41332.48516,5746.88236,130.58916
NE,2008,0.55834,0.56474,0.56617,0.57013,2025235.0,7401.0,4044.0,0.43099,176.68651,37449.04748,37974.28102,130.17554,130.17478,43059.44156,43688.04498,5928.7861,134.72265
NE,2009,0.53914,0.54952,0.55338,0.56009,2089991.0,7408.0,3964.0,0.43976,181.69098,39399.67934,40440.09098,136.68253,138.40733,45211.81942,46450.97405,6097.76384,138.56241
NE,2010,0.51044,0.51808,0.52339,0.52876,2237735.0,7483.0,4071.0,0.46688,169.10851,38772.45417,39756.26763,147.46237,149.18055,48777.57373,50066.58211,6193.70826,140.7426
NE,2011,0.53001,0.53392,0.53739,0.54032,2285144.0,7904.0,4378.0,0.47062,180.2897,40258.86617,40819.17474,143.67665,143.65208,47525.33406,48211.16937,6232.26285,141.61869
NE,2012,0.57325,0.57256,0.57076,0.57002,2268330.0,8401.0,4870.0,0.46021,193.75165,40735.22866,40558.57714,142.67003,139.97043,47192.36618,46975.56842,6436.78128,146.26607
NE,2013,0.60221,0.60084,0.59964,0.59871,2189336.0,8449.0,5076.0,0.44123,205.86004,41196.5599,41020.91568,140.17589,137.54385,46367.35368,46161.18162,6743.08991,153.22646
NE,2014,0.64525,0.64817,0.64898,0.65071,2121681.0,8917.0,4983.0,0.42,213.74134,39521.82162,39750.2686,131.43444,130.32322,43475.85718,43737.8616,6850.94519,155.67731
NE,2015,0.64069,0.64762,0.64943,0.65364,2068887.0,8551.0,4990.0,0.40306,225.48884,41665.42498,42233.46587,134.41356,134.35878,44461.29143,45092.23955,7025.57135,159.64542
NE,2016,0.6465,0.65602,0.65893,0.66492,2040084.0,8658.0,4666.0,0.3914,235.63331,42911.72833,43736.85235,138.33532,139.06993,45758.52957,46673.35118,7349.61032,167.00872
NE,2017,0.65373,0.6623,0.66655,0.67229,2041122.0,8761.0,4717.0,0.38608,238.41072,42921.52907,43763.23509,139.66563,140.46831,46198.56882,47142.6607,7495.33019,170.31998
NE,2018,0.66202,0.66591,0.66604,0.66832,2027984.0,8973.0,4430.0,0.38307,240.02865,43245.99252,43508.61157,145.12395,143.94102,48004.07228,48308.14195,7767.67778,176.50866
NE,2019,0.6897,0.6937,0.69567,0.69831,2007405.0,9134.0,4807.0,0.38617,249.59559,43054.37968,43427.03646,138.07825,137.3169,45673.49599,46085.01579,7736.11637,175.79148
NE,2020,0.68267,0.68449,0.68574,0.68707,1967065.0,9111.0,4159.0,0.36643,252.71317,44222.96541,44421.90425,142.86969,141.47393,47258.40963,47480.15844,7881.13808,179.08688
NE,2021,0.72977,0.72978,0.72866,0.72859,1918712.0,9432.0,4473.0,0.35448,251.75098,41459.95571,41396.72736,134.43923,132.29327,44469.78382,44399.03054,7882.80325,179.12472
NE,2022,0.734,0.73511,0.73426,0.73473,1873886.0,9181.0,4562.0,0.35337,229.47064,37502.46637,37515.43369,126.82823,125.04784,41952.21803,41967.38698,7477.22225,169.9085
NE,2023,0.72198,0.72383,0.72488,0.72616,1895532.0,9186.0,4437.0,0.36675,208.69489,34548.43677,34687.00189,119.92368,118.69033,39668.33038,39833.73927,7017.47787,159.46151
NE,2024,0.70927,0.70907,0.71007,0.71032,1919439.0,9000.0,4690.0,0.38168,202.99195,34305.10631,34343.82799,120.44304,118.84861,39840.12443,39886.86102,6906.74516,156.94528
NH,1998,0.73617,0.74093,0.74426,0.74761,764901.0,3874.0,1637.0,0.21441,,,,,,,,,
NH,1999,0.76479,0.75042,0.7425,0.73344,748130.0,3920.0,1696.0,0.22131,,,,,,,,,
NH,2000,0.99878,0.98316,0.97611,0.9666,526364.0,4127.0,508.0,0.0,,,,,,,,,
NH,2001,0.87442,0.8843,0.88892,0.89531,536652.0,3710.0,401.0,0.0,,,,,,,,,
NH,2002,0.6615,0.68129,0.69332,0.70699,783768.0,3698.0,1245.0,0.21637,,,,100.0,100.0,61868.3585,64845.14162,10723.71577,100.0
NH,2003,0.67604,0.69471,0.70417,0.71651,832668.0,4006.0,1370.0,0.22915,363.01176,52876.49733,55220.45945,101.92351,101.29091,63058.4007,65682.23205,11101.019,103.5184
NH,2004,0.67232,0.68066,0.68556,0.69119,889134.0,4125.0,1713.0,0.27173,345.92951,60550.99377,61743.99116,105.67368,102.80906,65378.5692,66666.68121,11205.28759,104.49072
NH,2005,0.71244,0.7172,0.72074,0.72415,869213.0,4263.0,1795.0,0.25136,366.87797,61083.23427,61795.38865,105.5049,101.83518,65274.15163,66035.16688,11761.4835,109.67731
NH,2006,0.73618,0.73464,0.73447,0.73377,772064.0,4177.0,1119.0,0.14692,407.50577,66579.77855,66424.68784,111.14819,105.7988,68765.56311,68605.38085,12626.52007,117.74389
NH,2007,0.69731,0.69915,0.69829,0.69938,908545.0,4379.0,1801.0,0.25082,387.61851,66611.4957,66704.96459,114.68922,109.57783,70956.3357,71055.90124,12387.04623,115.51077
NH,2008,0.70211,0.71593,0.72148,0.73031,929262.0,4555.0,1764.0,0.24814,395.88194,65844.58772,67661.95417,114.22664,111.99097,70670.14508,72620.701,12746.84916,118.86597
NH,2009,0.69928,0.70878,0.71417,0.72074,983465.0,4809.0,1844.0,0.26906,398.46115,66952.23773,68377.69922,117.84051,114.82465,72905.98649,74458.20759,13016.83296,121.38361
NH,2010,0.71529,0.72129,0.72722,0.73199,1015050.0,5116.0,1869.0,0.26483,397.18258,65540.32502,66632.53846,123.56639,119.85862,76448.49659,77722.49203,13898.62385,129.60642
NH,2011,0.70164,0.70752,0.7128,0.7173,1043953.0,5130.0,1948.0,0.27802,406.09069,68365.74553,69452.75052,131.66012,127.61341,81455.95651,82751.09388,14515.38557,135.3578
NH,2012,0.72909,0.73714,0.74047,0.74591,1039460.0,5244.0,2143.0,0.26863,446.69844,72391.65784,73521.51965,138.93269,134.62371,85955.37648,87296.9357,15911.83299,148.37985
NH,2013,0.73661,0.74285,0.74629,0.75157,1031131.0,5366.0,1927.0,0.26808,468.43229,75321.64989,76311.72401,144.69297,139.86532,89519.16819,90695.86322,16701.83904,155.74675
NH,2014,0.73302,0.73516,0.73644,0.73885,1016213.0,5173.0,2069.0,0.27425,455.42134,74208.73156,74555.79312,144.15261,138.17837,89184.85425,89601.95658,16419.90839,153.11771
NH,2015,0.74011,0.74338,0.74497,0.74752,1019601.0,5279.0,2019.0,0.2732,456.07931,73465.69801,73947.51011,141.41171,135.80491,87489.10217,88062.88436,16294.12236,151.94474
NH,2016,0.72803,0.73136,0.73138,0.73334,1014188.0,5129.0,2048.0,0.27009,459.85767,75450.29342,75797.51761,147.01592,140.91251,90956.33349,91374.91688,16630.93618,155.08557
NH,2017,0.73262,0.73047,0.72904,0.72839,997106.0,5090.0,1995.0,0.26634,459.09773,75567.4284,75198.21037,149.73808,142.16617,92640.4902,92187.85419,16884.67111,157.45168
NH,2018,0.76612,0.75673,0.75098,0.74571,1007385.0,5377.0,2109.0,0.27288,443.71915,70902.59782,69501.05239,145.93215,136.48074,90285.82801,88501.13051,16950.66993,158.06713
NH,2019,0.78958,0.7775,0.7705,0.76306,979578.0,5397.0,2097.0,0.27603,441.45457,68753.66528,67091.64309,143.18496,133.3095,88586.18129,86444.73619,17063.86466,159.12269
NH,2020,0.77995,0.76842,0.76247,0.7555,937218.0,5117.0,1949.0,0.27357,433.03449,68152.80755,66625.25179,143.86963,134.18853,89009.77763,87014.74025,16966.71288,158.21673
NH,2021,0.81207,0.79652,0.78747,0.77782,861802.0,4968.0,1728.0,0.25694,423.15436,64482.81257,62530.05333,137.24638,126.98045,84912.08297,82340.65583,16716.5093,155.88355
NH,2022,0.82371,0.80245,0.79155,0.7785,825729.0,4793.0,1750.0,0.25723,397.90519,60322.7358,57967.86469,128.96285,118.23936,79787.20107,76672.4787,15788.9432,147.23388
NH,2023,0.76377,0.74814,0.74047,0.73123,808671.0,4408.0,1478.0,0.26319,374.7101,60725.12776,58872.58464,130.57001,120.77561,80781.52116,78317.11709,14954.09882,139.44885
NH,2024,0.73936,0.73058,0.7255,0.72031,813052.0,4233.0,1553.0,0.27534,350.62747,57995.18006,56907.54915,128.35671,120.16769,79412.18895,77922.90741,14403.31509,134.31273
NJ,1998,0.55949,0.57046,0.57605,0.58385,5030321.0,17674.0,11559.0,0.47293,,,,,,,,,
NJ,1999,0.53723,0.54938,0.55566,0.56405,4954042.0,16946.0,10466.0,0.4761,,,,,,,,,
NJ,2000,0.5526,0.56405,0.57245,0.58095,4996872.0,17914.0,10193.0,0.4814,,,,,,,,,
NJ,2001,0.55735,0.56799,0.57366,0.5809,4986464.0,18684.0,8952.0,0.44027,,,,,,,,,
NJ,2002,0.52552,0.53471,0.53958,0.54586,5196596.0,17522.0,10471.0,0.49581,,,,100.0,100.0,53848.48515,55289.90383,7263.94732,100.0
NJ,2003,0.52921,0.53786,0.5438,0.55001,5615956.0,19137.0,11260.0,0.4969,199.85081,51044.61585,52587.98427,104.44131,104.52174,56240.06503,57789.96998,7645.80876,105.25694
NJ,2004,0.52897,0.53417,0.5378,0.54173,6103427.0,20651.0,12507.0,0.5043,213.45711,54145.64435,55420.61834,111.69441,110.60806,60145.74777,61155.09167,8066.72666,111.05156
NJ,2005,0.53918,0.54048,0.54209,0.54342,6192128.0,21311.0,13023.0,0.51323,271.2244,61826.92077,62033.1444,114.2651,111.89002,61530.02783,61863.88399,8313.9581,114.4551
NJ,2006,0.55788,0.55892,0.56074,0.56197,6202261.0,22004.0,13661.0,0.51369,288.63634,60534.80186,61127.33767,115.65402,113.22068,62277.93826,62599.60488,8681.73699,119.51817
NJ,2007,0.55448,0.55943,0.56359,0.56743,6340972.0,22096.0,14407.0,0.51028,299.78264,62130.18193,63512.93951,121.37075,120.17417,65356.31099,66444.18465,9127.7527,125.6583
NJ,2008,0.54817,0.55637,0.56177,0.56759,6569360.0,22352.0,15315.0,0.51989,307.78419,63621.04729,65270.80416,117.7781,117.39728,63421.72477,64908.84301,9308.40255,128.14524
NJ,2009,0.54072,0.55087,0.55729,0.56435,6869645.0,22873.0,16163.0,0.52441,310.52938,65689.99297,67407.51042,123.97911,124.23587,66760.87113,68689.89142,9729.72767,133.94546
NJ,2010,0.53261,0.54175,0.54785,0.55424,7388042.0,23761.0,18061.0,0.53311,301.21005,64192.10105,65757.25539,128.7695,128.79128,69340.42561,71208.5742,9933.58302,136.75186
NJ,2011,0.55088,0.55912,0.56378,0.56935,7554442.0,24834.0,19692.0,0.52424,308.44446,63873.6262,65268.31449,129.17321,128.58341,69557.81556,71093.64499,10259.40665,141.23735
NJ,2012,0.57832,0.58633,0.58887,0.59383,7607849.0,26751.0,19827.0,0.51281,315.76678,62416.25745,63442.57479,126.26003,125.08363,67989.11413,69158.6177,10482.02988,144.30212
NJ,2013,0.59892,0.60452,0.60634,0.60978,7499651.0,27501.0,19859.0,0.50427,320.57677,61766.86865,62388.60045,124.94491,123.10301,67280.93904,68063.53752,10713.27061,147.48552
NJ,2014,0.61843,0.62237,0.62381,0.62642,7439257.0,27941.0,20796.0,0.49419,318.02244,57894.9916,58362.73972,123.86793,121.61334,66701.00518,67239.89929,10991.84022,151.32048
NJ,2015,0.6484,0.65336,0.65417,0.65742,7320209.0,29001.0,21105.0,0.48229,333.47579,58144.31291,58628.42263,121.35825,119.17851,65349.58104,65893.68185,11244.00773,154.79198
NJ,2016,0.66718,0.67664,0.67868,0.68468,7261315.0,29458.0,21828.0,0.46136,349.20507,59013.84419,59968.80571,123.03645,121.76794,66253.26704,67325.37684,11761.29638,161.91329
NJ,2017,0.68484,0.69932,0.705,0.71449,7219119.0,30476.0,21447.0,0.44696,354.87296,58108.06037,59725.63623,121.56974,121.69635,65463.4641,67285.7951,11993.79908,165.11407
NJ,2018,0.70179,0.7155,0.72074,0.72978,7180185.0,31468.0,21047.0,0.43533,356.05834,57395.9516,58871.64229,121.45014,121.32508,65399.06232,67080.51868,12171.17989,167.556
NJ,2019,0.70877,0.72416,0.72927,0.7393,7104980.0,31788.0,20354.0,0.42183,360.95947,57410.08735,58990.43623,122.09706,122.18735,65747.41616,67557.26979,12401.38451,170.72514
NJ,2020,0.73587,0.75319,0.76082,0.77214,7069429.0,32985.0,20733.0,0.41255,367.32653,56267.59576,58091.9701,119.74818,120.40772,64482.58052,66573.31078,12628.66944,173.85409
NJ,2021,0.77876,0.78318,0.77936,0.781,6716918.0,33432.0,20317.0,0.38788,357.78039,55088.2875,55130.85544,119.32553,116.30449,64254.98929,64304.64055,12519.45357,172.35056
NJ,2022,0.80745,0.79813,0.79082,0.78467,6354147.0,32696.0,20119.0,0.38796,351.499,53336.72503,52238.33986,114.75998,109.46648,61796.51117,60523.91013,12217.51735,168.19391
NJ,2023,0.76717,0.76142,0.76183,0.75981,6365668.0,31884.0,17624.0,0.39013,326.30212,51397.85028,51040.17512,114.82163,111.05,61829.70955,61399.43959,11775.88083,162.11407
NJ,2024,0.74028,0.74683,0.75171,0.75719,6526974.0,30977.0,18576.0,0.39567,317.98807,50762.22326,51546.00394,116.98922,115.69854,62996.92351,63969.61084,11838.88451,162.98142
NM,1998,0.45208,0.4507,0.4514,0.45101,1955250.0,5753.0,3226.0,0.4948,,,,,,,,,
NM,1999,0.43663,0.4524,0.45895,0.46949,2028382.0,5719.0,3323.0,0.50116,,,,,,,,,
NM,2000,0.45427,0.48605,0.50073,0.52307,1856645.0,5506.0,3045.0,0.47597,,,,,,,,,
NM,2001,0.43792,0.46117,0.47291,0.48908,1935131.0,5400.0,3324.0,0.49044,,,,,,,,,
NM,2002,0.4239,0.42862,0.43224,0.43572,1950890.0,5333.0,3117.0,0.48777,,,,100.0,100.0,30869.48547,31476.71504,3335.73572,100.0
NM,2003,0.42641,0.42326,0.42284,0.42135,2115727.0,5810.0,3416.0,0.51631,91.03546,25416.97761,25193.1317,101.7248,98.92751,31401.92125,31139.12976,3319.48277,99.51276
NM,2004,0.4195,0.42123,0.42284,0.42438,2273109.0,5948.0,3997.0,0.53961,94.51338,26371.78029,26599.27919,101.6443,100.47627,31377.07313,31626.62768,3316.88005,99.43474
NM,2005,0.42484,0.43272,0.43732,0.44278,2295520.0,6039.0,4176.0,0.54027,100.68903,27207.76823,28022.9915,104.00445,104.992,32105.63716,33048.03196,3510.07208,105.22632
NM,2006,0.44394,0.45033,0.45355,0.45784,2236536.0,6002.0,4544.0,0.54182,106.55161,28013.61456,28638.92876,104.17271,104.37532,32157.57818,32853.92353,3646.26409,109.30914
NM,2007,0.45858,0.4614,0.46354,0.46593,2292158.0,6462.0,4595.0,0.53693,110.56775,28300.59511,28620.02276,105.95693,105.03683,32708.35924,33062.14279,3790.41724,113.63062
NM,2008,0.45765,0.45862,0.46124,0.4628,2330143.0,6553.0,4667.0,0.54172,106.90442,27626.36008,27794.43597,107.97924,106.72677,33332.63519,33594.08175,3843.54704,115.22337
NM,2009,0.43481,0.4398,0.44446,0.44845,2479313.0,6625.0,4717.0,0.5565,101.24064,27333.80912,27940.91822,113.92606,114.20986,35168.38837,35949.51071,3907.76513,117.14852
NM,2010,0.40899,0.4207,0.42926,0.43781,2723964.0,6809.0,4950.0,0.56884,102.33926,28608.80141,30026.76295,121.54336,125.10656,37519.80905,39379.43418,4026.47025,120.70711
NM,2011,0.41929,0.43207,0.4401,0.4491,2874883.0,7103.0,5884.0,0.57101,105.77219,28840.40364,30272.04271,124.38321,128.03896,38396.45642,40302.45841,4224.57048,126.64584
NM,2012,0.45471,0.46073,0.46218,0.46583,2838147.0,7281.0,6947.0,0.57161,110.12972,28593.92898,29063.58695,119.48202,119.10169,36883.48393,37489.29861,4261.71014,127.75923
NM,2013,0.50142,0.49841,0.49473,0.49252,2812595.0,7684.0,8137.0,0.54792,112.8136,27363.60381,26998.42303,117.4568,113.65361,36258.30833,35774.42334,4484.53023,134.43901
NM,2014,0.52845,0.52253,0.51956,0.51627,2745495.0,8099.0,7983.0,0.54101,116.66733,26945.98568,26492.66581,117.53482,113.32823,36282.39334,35672.00446,4712.72798,141.28002
NM,2015,0.5937,0.58248,0.57251,0.56472,2607880.0,7994.0,9817.0,0.52787,125.68777,26196.96553,25261.2725,108.71891,102.81588,33560.96666,32363.06098,4803.49243,144.00099
NM,2016,0.61742,0.60726,0.60215,0.59602,2513714.0,8450.0,8967.0,0.52205,132.09212,25937.78081,25302.63178,107.55307,102.86926,33201.07929,32379.86523,4998.0028,149.8321
NM,2017,0.66841,0.66395,0.66712,0.66597,2446457.0,8603.0,10048.0,0.5217,133.2147,23710.63439,23677.30434,98.91758,96.82213,30535.34818,30476.42686,5092.69857,152.67092
NM,2018,0.6938,0.69237,0.69225,0.6916,2315667.0,8558.0,9661.0,0.52337,143.39439,24622.31301,24572.26876,96.02365,93.96083,29642.0062,29575.78258,5129.95217,153.78773
NM,2019,0.71002,0.70567,0.70097,0.6979,2202119.0,8284.0,9491.0,0.52402,139.36783,23858.59299,23554.59099,95.38713,92.35502,29445.51649,29070.3269,5160.10022,154.69152
NM,2020,0.70374,0.69328,0.6873,0.68118,2108711.0,7976.0,8781.0,0.51262,141.22801,24657.90843,24081.91974,100.62806,96.38156,31063.36358,30337.74866,5337.45642,160.00837
NM,2021,0.75628,0.7398,0.72523,0.71413,1937931.0,8082.0,8263.0,0.50033,147.99319,24385.22537,23388.51178,96.9363,91.163,29923.73656,28695.11873,5425.39181,162.64453
NM,2022,0.74006,0.72608,0.71363,0.70423,1829440.0,7584.0,7397.0,0.4894,142.90666,23937.51172,23087.04117,93.30558,88.23726,28802.95312,27774.1922,5138.65976,154.04877
NM,2023,0.67506,0.67932,0.68382,0.68807,1909443.0,7260.0,6963.0,0.48877,118.66654,20560.30349,20837.76614,95.80337,95.19132,29574.00886,29963.10131,5068.14764,151.93493
NM,2024,0.66081,0.67768,0.68549,0.69699,1979301.0,7421.0,6957.0,0.47636,110.63264,19060.83859,19800.7052,97.18662,98.87221,30001.00912,31121.72416,5141.37919,154.13029
NV,1998,0.44985,0.44223,0.44419,0.44125,1196788.0,3782.0,1409.0,0.48835,,,,,,,,,
NV,1999,0.41575,0.41044,0.40993,0.40764,1307790.0,3781.0,1500.0,0.4316,,,,,,,,,
NV,2000,0.70355,0.70759,0.70879,0.7117,708096.0,4004.0,295.0,0.08394,,,,,,,,,
NV,2001,0.43388,0.45429,0.462,0.47559,1348849.0,4027.0,1700.0,0.46878,,,,,,,,,
NV,2002,0.39744,0.4265,0.4402,0.46046,1528379.0,4148.0,1828.0,0.47357,,,,100.0,100.0,31412.21558,34792.02007,3456.94109,100.0
NV,2003,0.40012,0.42781,0.44166,0.46096,1645153.0,4521.0,1929.0,0.48803,135.45737,36803.96757,40624.93831,101.31038,100.96502,31823.83494,35127.77063,3513.83827,101.64588
NV,2004,0.40206,0.41701,0.42237,0.432,1748708.0,4711.0,2296.0,0.49306,139.91606,39752.0595,41760.08318,109.09645,103.47401,34269.61292,36000.69793,3618.58165,104.67583
NV,2005,0.40698,0.42189,0.43555,0.44739,1825896.0,5010.0,2365.0,0.47924,152.14504,41917.56664,44860.88296,112.64793,108.84635,35385.20905,37869.84429,3853.05095,111.45839
NV,2006,0.46444,0.48426,0.49854,0.51311,1865860.0,5924.0,2595.0,0.47769,164.58379,39615.47946,42524.44913,101.63588,98.5008,31926.08125,34270.41743,3979.13808,115.10575
NV,2007,0.44036,0.45471,0.46345,0.47363,1899200.0,5673.0,2593.0,0.48826,168.21287,43555.28685,45838.27966,111.98255,106.4037,35176.20065,37019.9955,4075.57169,117.89532
NV,2008,0.4558,0.4581,0.46039,0.4627,1954944.0,6058.0,2735.0,0.50008,168.23952,43851.58959,44293.15768,118.84644,108.38181,37332.30012,37708.22155,4296.83509,124.29587
NV,2009,0.45073,0.45067,0.45359,0.45463,2035515.0,6231.0,2829.0,0.51848,175.49132,46427.14299,46722.28245,128.02819,116.32595,40216.49142,40472.14949,4560.46483,131.92197
NV,2010,0.44071,0.44588,0.45231,0.45679,2131599.0,6251.0,3155.0,0.52582,176.85762,46921.03364,48156.03466,137.41156,127.32842,43164.01635,44300.12951,4880.89313,141.1911
NV,2011,0.46914,0.47806,0.48173,0.48744,2157965.0,6531.0,3811.0,0.51986,184.46396,45950.83437,47183.87709,141.71678,131.38337,44516.37916,45710.92977,5361.16562,155.08409
NV,2012,0.50801,0.51506,0.51412,0.51805,2019990.0,6625.0,3853.0,0.49964,189.02925,44120.99478,44651.48647,142.7205,130.4055,44831.67077,45370.70731,5762.22066,166.68553
NV,2013,0.56718,0.5749,0.57528,0.58001,1915371.0,6959.0,4188.0,0.47,206.93074,43164.31586,43780.97193,139.66701,127.90081,43872.50162,44499.275,6309.77398,182.52478
NV,2014,0.5484,0.56064,0.5641,0.57165,2021665.0,6939.0,4600.0,0.47178,207.36882,44112.9034,45376.15437,139.9244,129.94944,43953.35366,45212.03565,6198.56402,179.30777
NV,2015,0.56589,0.58404,0.5921,0.60411,2096170.0,7478.0,4814.0,0.46004,196.38221,39800.17827,41643.9547,133.62145,126.22984,41973.45742,43917.91282,6213.16832,179.73023
NV,2016,0.58483,0.60553,0.61352,0.62698,2127394.0,7778.0,5180.0,0.43612,206.77465,40443.70295,42427.77266,135.69944,128.52757,42626.20042,44717.33814,6537.99007,189.12645
NV,2017,0.61167,0.62762,0.63558,0.64619,2152135.0,8151.0,5638.0,0.42801,213.56293,40321.77042,41897.56191,134.24657,125.94221,42169.82311,43817.83726,6700.53238,193.82836
NV,2018,0.625,0.63757,0.64553,0.65443,2182661.0,8589.0,5558.0,0.42156,211.36165,39290.96009,40581.52927,138.99069,129.61056,43660.05368,45094.13214,7045.94201,203.82014
NV,2019,0.64626,0.65803,0.6676,0.67665,2195237.0,8943.0,5759.0,0.42547,210.66331,37866.21708,39116.59065,134.9098,125.82632,42378.15692,43777.51844,7072.94536,204.60127
NV,2020,0.64544,0.65494,0.65957,0.66602,2236139.0,9110.0,5835.0,0.4278,216.09936,39316.13226,40176.945,139.65384,128.84808,43868.36637,44828.84866,7233.61532,209.24902
NV,2021,0.70578,0.70838,0.70258,0.70291,2156348.0,9760.0,5845.0,0.40628,215.04795,36729.8944,36563.62826,135.10532,121.4286,42439.57563,42247.46333,7454.31795,215.63335
NV,2022,0.73789,0.73342,0.73018,0.72724,2065198.0,9660.0,6078.0,0.39484,213.98646,35167.36578,34799.93812,124.60631,111.32625,39141.60325,38732.65287,7145.06733,206.68756
NV,2023,0.70347,0.69705,0.69592,0.69249,2058581.0,9476.0,5184.0,0.39737,191.90182,33090.30153,32734.95511,127.19405,113.60482,39954.46923,39525.41066,6951.28327,201.08191
NV,2024,0.68874,0.68828,0.69099,0.69146,2138691.0,9522.0,5506.0,0.40711,185.72753,32254.3955,32359.57685,125.31185,113.50761,39363.22783,39491.59103,6799.85019,196.70136
NY,1998,0.60878,0.60762,0.60639,0.60607,12270806.0,42256.0,39992.0,0.38437,,,,,,,,,
NY,1999,0.60449,0.60368,0.60401,0.60438,12226836.0,42029.0,39126.0,0.37603,,,,,,,,,
NY,2000,0.62575,0.6299,0.63199,0.63518,11249688.0,41752.0,33820.0,0.36112,,,,,,,,,
NY,2001,0.61774,0.62506,0.6286,0.63391,11746025.0,41838.0,37257.0,0.42111,,,,,,,,,
NY,2002,0.61847,0.62676,0.63168,0.63807,11881697.0,42496.0,37483.0,0.40421,,,,100.0,100.0,39205.72496,40112.26575,6180.15341,100.0
NY,2003,0.61834,0.62701,0.63284,0.63931,12266477.0,43976.0,38463.0,0.42936,161.872,30814.30248,31540.53634,95.62071,95.68102,37488.79098,38379.82689,5886.56802,95.24955
NY,2004,0.61204,0.61871,0.62339,0.6284,12665422.0,44852.0,39492.0,0.42827,182.61367,35344.37453,35998.53124,110.03848,109.54733,43141.38195,43941.91672,6676.28415,108.02781
NY,2005,0.63025,0.63667,0.6409,0.64569,12917754.0,47546.0,40598.0,0.42819,184.69819,34864.52585,35450.79445,107.04312,106.38615,41967.02982,42673.89457,6656.88505,107.71391
NY,2006,0.62847,0.63362,0.63589,0.63949,12931952.0,47293.0,40869.0,0.42708,186.79455,35250.08099,35666.72475,105.80321,104.64164,41480.91562,41974.13204,6577.14018,106.42357
NY,2007,0.60128,0.60676,0.60989,0.61392,13854851.0,48847.0,41151.0,0.44298,175.88979,34607.22949,35102.8406,108.20515,107.28699,42422.61256,43035.24129,6446.16594,104.3043
NY,2008,0.58937,0.59841,0.60435,0.61086,14329937.0,50086.0,40588.0,0.4444,171.72319,34097.62719,34964.22987,108.3605,108.63219,42483.52081,43574.83262,6389.55145,103.38823
NY,2009,0.58344,0.59411,0.60112,0.6087,15121224.0,52864.0,41312.0,0.44661,173.30412,34748.04169,35804.96018,109.03596,109.83633,42748.33793,44057.84252,6368.80508,103.05254
NY,2010,0.57261,0.57935,0.58506,0.59021,16099482.0,54885.0,43875.0,0.46108,173.1285,35666.24564,36448.7239,120.93098,120.79762,47411.8681,48454.66181,6887.16946,111.44011
NY,2011,0.61244,0.60891,0.6086,0.60708,15788137.0,58034.0,45086.0,0.44641,168.57518,33388.73217,33172.90029,115.40041,112.05294,45243.56923,44946.97127,6837.12773,110.63039
NY,2012,0.61683,0.60726,0.60289,0.59753,16404042.0,59123.0,50397.0,0.46194,173.87562,34743.24913,33947.48976,121.85007,116.3634,47772.20393,46675.99464,7164.98912,115.93546
NY,2013,0.64024,0.6319,0.62714,0.62219,16244467.0,61541.0,50257.0,0.45605,179.56451,34463.33933,33757.09764,121.65734,116.4797,47696.64364,46722.64705,7437.4342,120.34384
NY,2014,0.65955,0.65828,0.65671,0.65607,16117670.0,63007.0,51159.0,0.45288,184.98351,33928.17198,33794.55754,119.75513,116.73401,46950.86654,46824.6558,7652.61939,123.82572
NY,2015,0.67111,0.67637,0.67809,0.68142,16039452.0,63510.0,52384.0,0.44766,189.08943,33539.99761,33899.41337,120.59174,119.14265,47278.86547,47790.81784,7975.99597,129.05822
NY,2016,0.69811,0.70277,0.70382,0.70676,15749212.0,65765.0,51715.0,0.43333,200.15264,34200.03384,34480.39147,122.12805,120.35347,47881.18896,48276.50364,8371.8107,135.46283
NY,2017,0.71091,0.71573,0.71657,0.71957,15548740.0,66372.0,51486.0,0.42575,201.42643,33801.06045,34064.78283,120.30179,118.50514,47165.19075,47535.09856,8408.33757,136.05386
NY,2018,0.73707,0.74748,0.75161,0.7583,15228428.0,67746.0,51582.0,0.40519,195.22854,31201.29885,31816.598,116.38271,116.02335,45628.68513,46539.596,8515.58509,137.78922
NY,2019,0.77112,0.78767,0.79437,0.80519,14780331.0,69687.0,50583.0,0.38614,201.92018,30512.5695,31443.21445,111.8116,112.65296,43836.55012,45187.65471,8652.1808,139.99945
NY,2020,0.77596,0.79245,0.79952,0.81082,14559437.0,69813.0,48666.0,0.38129,198.08773,29771.36799,30693.95677,113.22283,114.12411,44389.82978,45777.76521,8807.26065,142.50877
NY,2021,0.82517,0.83044,0.82866,0.83241,13900990.0,72237.0,46703.0,0.35638,200.47966,29018.96297,29147.36704,106.98983,105.03835,41946.13944,42133.264,8633.67697,139.70004
NY,2022,0.84394,0.83821,0.83193,0.82916,12701335.0,69256.0,40140.0,0.34535,179.78515,25920.90446,25548.39534,101.79916,98.06201,39911.09702,39334.89546,8275.37655,133.90245
NY,2023,0.79984,0.7964,0.79376,0.79244,12113109.0,63659.0,34158.0,0.33691,183.21038,27673.87191,27465.90812,101.71848,98.6528,39879.4663,39571.87451,7894.29358,127.73621
NY,2024,0.7454,0.74994,0.7536,0.75746,12674526.0,61140.0,35180.0,0.3534,175.90538,28046.12459,28363.6919,103.653,102.44445,40637.90872,41092.79105,7622.84827,123.344
OH,1998,0.58917,0.58884,0.58898,0.5891,7935501.0,31652.0,14619.0,0.35476,,,,,,,,,
OH,1999,0.53711,0.54077,0.54234,0.54482,8907922.0,31951.0,15840.0,0.39883,,,,,,,,,
OH,2000,0.56283,0.56956,0.57185,0.57613,8374012.0,31762.0,15029.0,0.35737,,,,,,,,,
OH,2001,0.54516,0.5546,0.5632,0.57129,6998072.0,24886.0,13813.0,0.3947,,,,,,,,,
OH,2002,0.56352,0.56552,0.56653,0.56816,8818950.0,33545.0,15737.0,0.37992,,,,100.0,100.0,50501.30759,50771.64807,7152.65956,100.0
OH,2003,0.55173,0.55247,0.55362,0.55442,9322352.0,34660.0,16404.0,0.39121,277.51386,59953.23642,60145.687,112.78865,112.5717,56959.74501,57154.50488,7883.49217,110.21763
OH,2004,0.55118,0.55447,0.55781,0.56051,9649016.0,35860.0,16919.0,0.41107,295.80642,63305.04121,64060.66359,121.13372,121.93913,61174.11058,61910.50775,8530.95068,119.26963
OH,2005,0.56937,0.57255,0.57405,0.57619,9583587.0,36749.0,17446.0,0.41757,319.20012,66443.06745,66989.1398,136.38611,136.77435,68876.76737,69442.59049,9884.69219,138.19604
OH,2006,0.5716,0.57199,0.5718,0.57218,9785342.0,37413.0,18395.0,0.41602,325.53728,67960.94957,67982.49666,140.87618,140.17688,71144.31209,71170.11338,10200.42193,142.6102
OH,2007,0.57604,0.57636,0.57601,0.57624,9692364.0,37669.0,17715.0,0.41224,341.47048,70777.42436,70774.93471,144.71617,143.93858,73083.55909,73079.98973,10524.23204,147.13733
OH,2008,0.57341,0.57755,0.57985,0.58272,9964553.0,38126.0,18978.0,0.41693,326.55577,67255.4349,68014.22999,127.40698,128.15199,64342.19229,65064.87822,9327.25516,130.40262
OH,2009,0.55467,0.56074,0.56425,0.56864,10407520.0,38448.0,19317.0,0.42731,317.86047,67224.73172,68382.96259,128.14052,129.659,64712.63694,65830.01241,9128.5476,127.62452
OH,2010,0.51507,0.52386,0.53174,0.53865,11443342.0,39196.0,19843.0,0.45601,302.47968,67867.84044,70060.51174,133.11882,136.69478,67226.7448,69402.19082,8936.713,124.94252
OH,2011,0.53087,0.54033,0.54723,0.5543,11898598.0,41688.0,21901.0,0.45787,305.37898,66574.04497,68630.49116,134.05281,137.44718,67698.42122,69784.20065,9261.60145,129.48472
OH,2012,0.57827,0.58694,0.58886,0.59432,11740023.0,44626.0,23897.0,0.44362,317.19188,64292.47309,65480.59362,127.28148,128.92203,64278.81007,65455.84154,9462.8388,132.29819
OH,2013,0.59378,0.59879,0.59938,0.60245,11278232.0,44222.0,23170.0,0.4365,337.34211,67168.27863,67805.49741,128.81851,129.34074,65055.03114,65668.42345,9748.22394,136.2881
OH,2014,0.63281,0.63277,0.63165,0.63178,10991791.0,45868.0,24192.0,0.42441,348.85663,66050.32624,65927.67488,123.39902,122.51755,62318.12015,62204.17992,9840.80689,137.58249
OH,2015,0.66762,0.66452,0.66137,0.65956,10741690.0,47294.0,24934.0,0.40183,361.60671,65265.28158,64655.84452,120.2431,118.48434,60724.33839,60156.45311,10040.34689,140.37222
OH,2016,0.67703,0.67472,0.67132,0.66966,10616588.0,47601.0,24594.0,0.39032,367.50225,65329.26355,64775.77577,120.5953,118.94083,60902.20384,60388.21829,10221.17511,142.90034
OH,2017,0.71373,0.71737,0.71919,0.72174,10373879.0,49326.0,24751.0,0.37485,376.17601,62511.7625,62993.67455,112.68829,112.94493,56909.06128,57344.00329,10232.07718,143.05276
OH,2018,0.71931,0.72363,0.72589,0.72894,10405090.0,49982.0,24778.0,0.38189,363.85072,59928.11756,60476.78945,109.91717,110.33159,55509.60633,56017.16482,10073.47343,140.83535
OH,2019,0.73814,0.74112,0.74422,0.74727,10335325.0,50834.0,25481.0,0.38124,355.97927,57130.62703,57598.42921,109.69418,110.00858,55396.99382,55853.17039,10306.89615,144.09879
OH,2020,0.7352,0.73269,0.73182,0.73069,10408795.0,50841.0,25860.0,0.40282,344.33853,56267.07047,56001.37749,111.81931,110.71279,56470.21542,56210.70874,10331.49305,144.44268
OH,2021,0.74172,0.73164,0.72492,0.7188,10370941.0,50522.0,27161.0,0.41104,343.12951,53446.29946,52157.92416,111.78304,108.67054,56451.89699,55173.82486,10230.83665,143.03542
OH,2022,0.76995,0.75794,0.75007,0.74295,9893443.0,48392.0,30174.0,0.41159,347.38272,52783.9255,51548.59386,105.23048,101.96708,53142.76778,51770.36624,9965.17953,139.32132
OH,2023,0.79116,0.78162,0.7709,0.76457,9210537.0,47103.0,27244.0,0.38212,338.36977,52183.86911,51544.70903,103.50242,100.31555,52270.07372,50931.8558,10073.80007,140.83992
OH,2024,0.79681,0.79547,0.78804,0.78737,8888011.0,45659.0,26716.0,0.3618,330.82718,51067.99414,51425.65462,102.53674,100.86875,51782.39451,51212.72772,10201.68028,142.62779
OK,1998,0.5917,0.5948,0.59694,0.59964,3227952.0,12648.0,6537.0,0.33853,,,,,,,,,
OK,1999,0.7081,0.72169,0.72893,0.73881,3014405.0,15143.0,5289.0,0.3053,,,,,,,,,
OK,2000,0.60354,0.63373,0.6495,0.67104,2680299.0,10696.0,5569.0,0.37644,,,,,,,,,
OK,2001,0.6056,0.63831,0.65597,0.68104,3072105.0,12510.0,5988.0,0.33422,,,,,,,,,
OK,2002,0.57718,0.59717,0.60784,0.62193,3332003.0,12783.0,6487.0,0.35075,,,,100.0,100.0,22322.00365,23529.98877,3351.12122,100.0
OK,2003,0.56599,0.57036,0.57055,0.57326,3532946.0,12969.0,7389.0,0.36616,114.45694,23968.13838,24145.4855,114.80201,109.8015,25626.10986,25836.28116,3615.42771,107.88711
OK,2004,0.57986,0.5825,0.58372,0.58574,3611734.0,13627.0,7651.0,0.36175,138.38435,28291.64199,28475.76225,134.9305,128.87187,30119.19007,30323.53725,4342.32376,129.57824
OK,2005,0.59508,0.59849,0.59931,0.60151,3779215.0,14649.0,8184.0,0.36706,151.37379,30309.54383,30525.27145,147.38836,140.83699,32900.03407,33138.92866,4866.47241,145.21923
OK,2006,0.60166,0.59818,0.59596,0.59377,3829886.0,15257.0,7891.0,0.37584,165.41106,33306.51633,32990.78173,156.48375,147.01068,34930.30907,34591.5967,5125.72497,152.95552
OK,2007,0.65091,0.64391,0.64033,0.63615,3652393.0,15569.0,8485.0,0.36645,186.51464,34953.2853,34385.31938,150.73496,140.61523,33647.06366,33086.74738,5303.91664,158.2729
OK,2008,0.6459,0.64237,0.64081,0.63881,3666062.0,15576.0,8313.0,0.37444,201.81651,37792.72885,37495.08805,162.00757,152.44269,36163.33519,35869.74864,5677.52193,169.42156
OK,2009,0.66101,0.66159,0.6618,0.66256,3622086.0,15976.0,7952.0,0.38056,222.32199,40312.13143,40360.33376,170.97354,162.39621,38164.71971,38211.81058,6194.64986,184.85305
OK,2010,0.61041,0.61539,0.6215,0.62593,3894597.0,15736.0,8150.0,0.39924,197.67697,37964.21411,38659.4734,178.96968,172.99921,39949.61857,40706.69362,6020.44978,179.65479
OK,2011,0.58941,0.59684,0.60224,0.60757,4108278.0,15604.0,9150.0,0.4068,196.75651,38804.97529,39642.26544,190.10572,184.42027,42435.40644,43394.06786,6213.24946,185.40808
OK,2012,0.61951,0.63082,0.63585,0.64323,4043920.0,15965.0,9824.0,0.40149,210.79447,39603.23954,40660.08692,185.38733,180.63869,41382.16674,42504.26407,6454.96246,192.62098
OK,2013,0.65006,0.65982,0.66157,0.66756,3920379.0,15945.0,10585.0,0.3818,225.48147,40855.78015,41579.06142,187.58676,181.18421,41873.12356,42632.62501,6823.17778,203.6088
OK,2014,0.70555,0.70852,0.70897,0.711,3776049.0,16587.0,11229.0,0.38256,244.11418,41318.95984,41519.13669,179.16081,170.80434,39992.283,40190.24108,6993.57893,208.6937
OK,2015,0.71242,0.70956,0.70868,0.70726,3764612.0,16608.0,11484.0,0.36595,246.2743,41693.26047,41473.90569,188.98854,178.32361,42186.0279,41959.5251,7379.5933,220.21266
OK,2016,0.71933,0.71665,0.7141,0.71235,3732821.0,16928.0,10896.0,0.35593,261.24391,43861.64383,43541.87426,196.64795,185.16818,43895.76238,43570.05155,7732.21342,230.73512
OK,2017,0.73148,0.73305,0.73373,0.73493,3676801.0,17225.0,10375.0,0.35166,273.77105,44774.38458,44912.51234,205.77655,195.8275,45933.44897,46078.18764,8314.07606,248.09834
OK,2018,0.75095,0.75379,0.75475,0.75668,3599360.0,17424.0,10201.0,0.34799,285.59019,45374.27608,45604.5814,206.83323,197.22937,46169.3211,46408.0482,8600.80498,256.65455
OK,2019,0.79079,0.78915,0.78728,0.78623,3506250.0,17752.0,10708.0,0.34248,302.67105,46134.01991,45929.21176,201.87704,190.6468,45062.99974,44859.1707,8770.30558,261.71257
OK,2020,0.80496,0.79888,0.79517,0.79147,3449983.0,17883.0,10519.0,0.34403,301.02513,45377.19083,44825.28424,200.8256,188.15251,44828.29817,44272.26475,8806.71425,262.79904
OK,2021,0.83338,0.82431,0.81993,0.81463,3351761.0,18028.0,10499.0,0.34078,296.41643,43346.32845,42645.14519,190.77115,177.99717,42583.94406,41882.71397,8624.68253,257.36707
OK,2022,0.85866,0.84547,0.8358,0.82737,3184980.0,17624.0,10332.0,0.33216,296.79457,42565.03548,41429.76883,180.7932,166.85941,40356.6645,39262.00033,8347.15673,249.08549
OK,2023,0.83731,0.82949,0.82467,0.82003,3176743.0,17111.0,10110.0,0.32869,288.2129,41938.81045,41305.52711,167.2668,156.2286,37337.30213,36760.57106,7601.33636,226.82964
OK,2024,0.82801,0.83074,0.8327,0.83499,3240842.0,17356.0,10012.0,0.33064,276.65854,39831.65984,40058.41089,163.68108,156.18214,36536.89752,36749.64093,7494.89604,223.65338
OR,1998,0.46336,0.46363,0.46584,0.46677,2998339.0,9700.0,3755.0,0.49746,,,,,,,,,
OR,1999,0.45478,0.45483,0.45469,0.45481,3029136.0,9846.0,3268.0,0.47063,,,,,,,,,
OR,2000,0.5885,0.59865,0.60377,0.61083,2544067.0,10269.0,4415.0,0.43533,,,,,,,,,
OR,2001,0.5174,0.53581,0.54621,0.55928,2839634.0,9861.0,4765.0,0.47383,,,,,,,,,
OR,2002,0.50947,0.53291,0.54493,0.56106,2952976.0,10207.0,4660.0,0.44994,,,,100.0,100.0,36801.3089,39421.1562,4937.21916,100.0
OR,2003,0.54615,0.56832,0.57837,0.59317,3090916.0,11342.0,5451.0,0.47957,243.41681,49930.29106,52904.84352,96.9027,95.90817,35661.46031,37808.11132,5082.67288,102.94607
OR,2004,0.59438,0.61235,0.61989,0.63167,2850608.0,12114.0,4011.0,0.39266,271.12585,52387.48016,54635.91207,109.6926,106.87178,40368.31384,42130.08962,6201.30436,125.60318
OR,2005,0.5779,0.58754,0.59372,0.6006,3151809.0,12433.0,5491.0,0.46056,275.13258,55500.54474,57020.21049,117.19375,112.45029,43128.8354,44329.20474,6345.32089,128.52014
OR,2006,0.59429,0.59602,0.5978,0.59932,3193700.0,12952.0,5729.0,0.45526,252.90291,50668.6619,50967.79145,117.48752,110.34039,43236.94658,43497.45612,6374.91671,129.11958
OR,2007,0.57758,0.57947,0.58165,0.58338,3307375.0,12921.0,5996.0,0.47916,254.05703,52305.00148,52673.0698,120.06583,112.88799,44185.79613,44501.75137,6365.12892,128.92134
OR,2008,0.58679,0.59578,0.60115,0.60738,3149933.0,12860.0,5086.0,0.44551,260.26207,51836.12095,53103.98929,121.03318,115.79121,44541.79314,45646.23422,6647.95092,134.6497
OR,2009,0.54955,0.56597,0.57527,0.58657,3323019.0,12796.0,4844.0,0.44294,260.69903,54381.20272,56926.52881,130.00683,127.13117,47844.21586,50116.57646,6812.78543,137.98831
OR,2010,0.56813,0.58649,0.59679,0.60938,3394830.0,13614.0,4917.0,0.41435,282.28127,56759.59232,59623.39544,139.21686,136.64647,51233.62573,53867.61708,7543.95434,152.79764
OR,2011,0.57225,0.58316,0.5882,0.59535,3567058.0,14155.0,5711.0,0.41463,291.82215,59535.48282,61194.34784,146.78557,140.92116,54019.01087,55552.74992,7834.17037,158.67577
OR,2012,0.62524,0.62519,0.6233,0.6232,3697435.0,15800.0,6930.0,0.41462,301.79292,58102.55638,57921.59871,145.00747,134.94219,53364.64808,53195.7728,8221.33746,166.51757
OR,2013,0.68074,0.6756,0.67112,0.66779,3641305.0,16583.0,8147.0,0.39962,314.13683,56169.40947,55375.68905,139.90578,128.72552,51487.15688,50745.08717,8508.64412,172.33677
OR,2014,0.68892,0.68721,0.68416,0.68271,3757528.0,17179.0,8786.0,0.41723,330.58766,57984.39745,57583.54755,139.51478,129.32644,51343.26529,50981.97849,8667.55168,175.55534
OR,2015,0.70983,0.71163,0.70962,0.71052,3643561.0,17071.0,8963.0,0.40389,346.3287,58565.40001,58548.64291,138.86095,129.59483,51102.64607,51087.78009,8961.95134,181.5182
OR,2016,0.72691,0.7343,0.74017,0.74596,3581783.0,17419.0,8556.0,0.38908,359.02115,58206.55376,59267.91521,141.23066,134.29714,51974.73065,52941.48441,9480.63679,192.02382
OR,2017,0.75965,0.76643,0.77342,0.77887,3569258.0,18137.0,8916.0,0.38422,360.25192,55894.55799,56907.81946,137.89741,131.10675,50748.05195,51683.79574,9697.66295,196.41954
OR,2018,0.78674,0.79058,0.79269,0.79527,3531781.0,18431.0,9448.0,0.38293,366.69792,55512.05643,55931.61845,139.95967,131.66092,51506.99183,51902.25809,10105.29533,204.67585
OR,2019,0.82035,0.82244,0.82366,0.82542,3428289.0,18720.0,9433.0,0.37419,369.88246,53888.54053,54106.36614,136.34542,127.80724,50176.89924,50383.09144,10218.56309,206.97001
OR,2020,0.84851,0.84735,0.84754,0.84716,3134115.0,18594.0,7134.0,0.33203,396.18849,56094.93196,56030.87196,140.9858,131.46318,51884.61972,51824.30645,10865.48348,220.07294
OR,2021,0.90218,0.89122,0.88302,0.87581,2944788.0,18469.0,7341.0,0.31952,393.40254,53462.13092,52326.6982,139.38798,127.31088,51296.59984,50187.41959,11189.98626,226.64552
OR,2022,0.89411,0.88822,0.88718,0.88443,2800918.0,17535.0,6669.0,0.30088,390.83931,52865.0121,52454.96978,136.55713,126.47385,50254.81117,49857.45574,11004.65441,222.89175
OR,2023,0.84635,0.85716,0.86448,0.87262,2820311.0,16824.0,6135.0,0.29332,380.73771,52851.17544,53982.79991,138.33131,131.95599,50907.73381,52018.57644,10866.58395,220.09523
OR,2024,0.78419,0.80651,0.81888,0.8346,3153198.0,16794.0,7624.0,0.35161,356.26955,52208.15776,54517.53953,142.35439,138.87649,52388.27925,54746.7175,10611.65139,214.93175
PA,1998,0.59371,0.60878,0.61766,0.63009,7334953.0,30874.0,10832.0,0.25065,,,,,,,,,
PA,1999,0.59491,0.60209,0.60551,0.61032,7399298.0,31314.0,10737.0,0.25408,,,,,,,,,
PA,2000,0.62309,0.6324,0.63774,0.64497,7333208.0,32315.0,11524.0,0.27075,,,,,,,,,
PA,2001,0.62102,0.63919,0.64805,0.66087,7336310.0,33044.0,9845.0,0.24229,,,,,,,,,
PA,2002,0.61945,0.64082,0.65181,0.66684,7527633.0,34136.0,9444.0,0.24407,,,,100.0,100.0,58433.94396,61538.3506,9428.1124,100.0
PA,2003,0.62488,0.65184,0.66803,0.69223,7804520.0,35647.0,9987.0,0.24881,416.08828,73655.30997,77479.4196,105.38906,106.98389,61582.98236,65836.12177,10284.85862,109.08714
PA,2004,0.64918,0.66956,0.68223,0.70473,7945226.0,37569.0,10827.0,0.25732,435.56004,76059.527,78262.47729,109.48388,109.25257,63975.74876,67232.23247,10911.49364,115.7336
PA,2005,0.64913,0.66388,0.67281,0.69039,8508349.0,39219.0,13613.0,0.30133,429.01727,76781.02884,77927.57448,112.19171,110.41736,65558.04253,67949.01995,11027.00797,116.95881
PA,2006,0.67046,0.68301,0.6904,0.7041,8301934.0,40052.0,12665.0,0.2742,447.99589,77483.6329,78526.97079,113.48483,110.96372,66313.66252,68285.24327,11445.68268,121.39951
PA,2007,0.64625,0.66133,0.67098,0.68383,8849781.0,40467.0,14385.0,0.29974,445.18436,78638.94295,80860.17219,115.93337,114.29885,67744.43807,70337.62808,11363.8615,120.53167
PA,2008,0.63861,0.6527,0.65993,0.67001,8993659.0,40505.0,14714.0,0.30471,457.54747,81405.53243,83507.08368,119.3204,117.08281,69723.61722,72050.82971,11503.09394,122.00845
PA,2009,0.62511,0.63665,0.64229,0.65007,9479525.0,41846.0,15070.0,0.32544,464.22131,84937.04681,86768.18804,124.69999,121.66361,72867.1246,74869.77664,11700.41043,124.1013
PA,2010,0.62053,0.62809,0.63389,0.63961,9977344.0,43911.0,15365.0,0.33952,459.28591,84811.9727,86419.32335,128.95616,125.08777,75354.16789,76976.95335,11941.58619,126.65935
PA,2011,0.63415,0.63926,0.64173,0.6452,10032509.0,44889.0,16257.0,0.33596,470.51888,85715.86278,86748.64535,130.80489,125.69155,76434.45772,77348.50366,12262.60837,130.0643
PA,2012,0.65864,0.66397,0.66542,0.6687,10018273.0,46493.0,16988.0,0.32736,495.47844,87204.26668,88165.5593,131.92438,126.56872,77088.61721,77888.30377,12861.94843,136.42125
PA,2013,0.68253,0.68367,0.68386,0.68469,9681986.0,46707.0,16723.0,0.32192,511.79668,88860.14296,89102.5632,131.25666,124.87945,76698.44142,76848.75265,13112.84338,139.08238
PA,2014,0.70259,0.70246,0.70221,0.70243,9689608.0,48206.0,17052.0,0.31362,521.64404,87808.16547,87777.46495,131.73364,125.01953,76977.16242,76934.95885,13513.46954,143.33165
PA,2015,0.70861,0.70941,0.71048,0.71157,9545387.0,48106.0,16520.0,0.30717,546.30073,91097.78803,91303.40928,135.25093,128.7674,79032.45515,79241.33192,14037.72392,148.8922
PA,2016,0.71869,0.72006,0.72022,0.72127,9357653.0,47775.0,16538.0,0.29817,567.35193,93446.54317,93519.91534,136.88631,130.25672,79988.06776,80157.83983,14402.22022,152.75826
PA,2017,0.73404,0.73792,0.73944,0.74234,9268446.0,48571.0,16248.0,0.29236,585.46531,94007.82585,94236.34685,137.72718,131.74118,80479.42226,81071.35004,14877.38136,157.79809
PA,2018,0.75494,0.75537,0.75497,0.75556,9093331.0,48815.0,16785.0,0.28922,600.46611,94491.85433,94331.53121,136.29293,129.42372,79641.33352,79645.22045,15031.79841,159.43593
PA,2019,0.73123,0.72725,0.72447,0.7223,7555277.0,37465.0,17148.0,0.33774,432.70598,71359.22047,70849.01155,129.91866,122.22365,75916.59887,75214.41661,13749.84607,145.8388
PA,2020,0.77865,0.77458,0.77172,0.76926,8654704.0,48486.0,15345.0,0.28113,524.11117,81495.06564,80770.34327,125.88364,117.98194,73558.77717,72604.14281,13111.08195,139.0637
PA,2021,0.80456,0.79688,0.78951,0.78418,8182017.0,46906.0,15903.0,0.26457,517.13009,78599.76823,77130.14897,132.28413,123.26137,77298.83564,75853.01404,15259.50157,161.85108
PA,2022,0.80424,0.81456,0.8175,0.82525,7743499.0,44142.0,15510.0,0.25743,572.68965,83032.31729,84662.35891,117.94996,109.3308,68922.81468,67280.3709,12607.88406,133.72649
PA,2023,0.79225,0.78369,0.78039,0.77572,7598670.0,43070.0,14194.0,0.25846,551.47756,84338.08317,82755.34562,124.64252,116.58424,72833.53843,71744.01898,14207.64869,150.69452
PA,2024,0.77553,0.75767,0.75074,0.74159,7551027.0,42066.0,13469.0,0.25928,544.87018,86415.82252,83124.79294,127.55681,117.24765,74536.47334,72152.26688,13989.26869,148.37826
RI,1998,0.59438,0.59569,0.59705,0.59806,741038.0,3038.0,1265.0,0.33869,,,,,,,,,
RI,1999,0.59395,0.60014,0.60404,0.60823,725412.0,2958.0,1265.0,0.34254,,,,,,,,,
RI,2000,0.56259,0.56838,0.57244,0.5765,735780.0,2857.0,1185.0,0.33707,,,,,,,,,
RI,2001,0.55272,0.55644,0.55715,0.55931,738174.0,2802.0,1196.0,0.34733,,,,,,,,,
RI,2002,0.56339,0.56532,0.56669,0.56803,761142.0,2971.0,1205.0,0.35984,,,,100.0,100.0,45376.68731,45642.57913,6428.64629,100.0
RI,2003,0.55527,0.56066,0.56371,0.56727,776808.0,3016.0,1157.0,0.35043,249.68936,53152.33465,53960.40962,107.39029,108.38783,48730.15564,49471.00022,6867.46958,106.82606
RI,2004,0.55783,0.57072,0.57708,0.5855,801422.0,3137.0,1177.0,0.35147,270.60889,56270.97327,58212.83538,107.037,110.08569,48569.84682,50245.94979,7007.21789,108.9999
RI,2005,0.54518,0.5615,0.56906,0.5797,788984.0,3031.0,1107.0,0.35891,298.87285,63025.00537,65784.87904,114.89767,119.2304,52136.75495,54419.83063,7417.18018,115.37701
RI,2006,0.57615,0.58895,0.59406,0.60215,785633.0,3249.0,1046.0,0.35116,313.54641,63336.26431,65305.5154,115.74564,118.64916,52521.5369,54154.53649,7800.24178,121.33568
RI,2007,0.55044,0.55827,0.56337,0.56875,820477.0,3191.0,1145.0,0.35416,323.10283,68822.73128,70439.33534,125.80178,128.00671,57084.68051,58425.56491,8039.88217,125.06338
RI,2008,0.56723,0.58026,0.58835,0.59728,858591.0,3447.0,1223.0,0.35432,331.86432,67687.48595,70207.14935,123.84352,127.70528,56196.08862,58287.9853,8265.6977,128.57602
RI,2009,0.56539,0.58562,0.59579,0.60939,876777.0,3504.0,1254.0,0.35395,350.85871,70667.00141,74467.40499,129.25265,135.41027,58650.56947,61804.74086,8735.9289,135.89064
RI,2010,0.57575,0.59254,0.59997,0.61084,916334.0,3782.0,1229.0,0.35114,349.86585,69977.09072,72920.27242,140.51182,145.56866,63759.61038,66441.28972,9563.40582,148.76236
RI,2011,0.59789,0.59838,0.59851,0.59882,917424.0,3882.0,1378.0,0.34674,352.61879,70699.37417,70772.46558,151.18013,150.45481,68600.5363,68671.45786,10264.52002,159.66845
RI,2012,0.61507,0.60599,0.60244,0.59705,915698.0,3921.0,1545.0,0.35045,340.08079,67740.39048,66349.48302,155.28875,151.21416,70464.89181,69018.0424,10612.76257,165.0855
RI,2013,0.66442,0.65657,0.65309,0.64842,899073.0,4062.0,1832.0,0.35038,357.96116,65772.06239,64651.10741,152.14218,148.67801,69037.0799,67860.47915,11271.92559,175.33902
RI,2014,0.66827,0.66844,0.66688,0.66667,892813.0,4118.0,1708.0,0.34385,348.78783,62762.17117,62631.19571,147.40162,146.23712,66885.97297,66746.39174,11151.15012,173.46032
RI,2015,0.69226,0.70035,0.70225,0.70699,890914.0,4317.0,1645.0,0.33313,353.61816,60425.65629,61298.4469,140.72993,141.93097,63858.57856,64780.95444,11211.24088,174.39505
RI,2016,0.73992,0.74572,0.74669,0.74997,873740.0,4563.0,1649.0,0.3155,372.33572,59838.20015,60385.07894,139.37146,139.82589,63242.15264,63820.14113,11805.49169,183.63884
RI,2017,0.78229,0.7866,0.78358,0.78526,860321.0,4778.0,1661.0,0.30534,372.67927,57073.21055,57167.47834,132.19259,131.63957,59984.61902,60083.69558,11750.70956,182.78669
RI,2018,0.78669,0.79086,0.79176,0.79417,877553.0,4781.0,1944.0,0.31157,376.63958,57083.92962,57451.97192,136.87261,136.95258,62108.25422,62508.69029,12293.70176,191.23313
RI,2019,0.80091,0.79897,0.80629,0.80757,869310.0,4808.0,1988.0,0.32207,367.32484,54668.9157,55036.049,133.45374,133.5673,60556.88562,60963.56003,12206.59748,189.87819
RI,2020,0.8225,0.81367,0.81532,0.81172,875083.0,4945.0,2106.0,0.32951,378.25461,55671.90248,55185.75897,134.23193,132.28463,60910.00148,60378.11734,12415.32339,193.125
RI,2021,0.86372,0.85306,0.84664,0.83998,846038.0,5051.0,2077.0,0.31891,391.67093,55514.19839,54416.37131,131.8632,128.50255,59835.1534,58651.8768,12664.70077,197.00416
RI,2022,0.84796,0.84147,0.83436,0.83003,782302.0,4565.0,1926.0,0.30501,404.92991,58238.28744,57304.17482,131.73985,128.87167,59779.18147,58820.35369,12469.31167,193.96481
RI,2023,0.80283,0.80164,0.80208,0.80242,801987.0,4481.0,1769.0,0.30655,365.84093,54733.79245,54682.63311,133.13859,132.23927,60413.88367,60357.41519,12114.20052,188.44092
RI,2024,0.80219,0.80092,0.8005,0.79997,816909.0,4601.0,1720.0,0.30641,366.28316,54907.89299,54792.16514,132.4367,131.38768,60095.38569,59968.7243,12026.64691,187.079
SC,1998,0.51069,0.52112,0.52713,0.53434,3246184.0,11076.0,5478.0,0.41877,,,,,,,,,
SC,1999,0.53437,0.54148,0.54616,0.55121,3247753.0,11600.0,5725.0,0.42009,,,,,,,,,
SC,2000,0.54053,0.54558,0.54824,0.55166,3236128.0,11833.0,5488.0,0.39719,,,,,,,,,
SC,2001,0.53405,0.53849,0.54041,0.54343,3372165.0,12059.0,5897.0,0.4224,,,,,,,,,
SC,2002,0.52661,0.53094,0.53505,0.53846,3537590.0,12391.0,6267.0,0.43572,,,,100.0,100.0,41740.56483,42418.16483,5529.57575,100.0
SC,2003,0.52201,0.52863,0.53503,0.54054,3745472.0,13033.0,6520.0,0.44923,209.44818,46703.83135,47878.20955,113.80553,114.81181,47503.06912,48701.06458,6308.55274,114.08746
SC,2004,0.51225,0.52253,0.5282,0.53564,3838705.0,12972.0,6829.0,0.45023,234.08107,53180.19899,54835.88155,133.19636,135.19102,55596.91351,57345.55091,7290.38762,131.84353
SC,2005,0.52734,0.54002,0.54578,0.55431,3874629.0,13614.0,6826.0,0.44687,257.81783,56685.93185,58668.49282,139.63579,142.26945,58284.76855,60348.08977,7878.75974,142.48398
SC,2006,0.53562,0.54731,0.55274,0.56055,3912433.0,13988.0,6950.0,0.4401,277.21819,60183.88849,62108.32073,146.27195,148.59114,61054.73981,63029.63634,8363.79462,151.25563
SC,2007,0.53813,0.5471,0.55207,0.55813,3956170.0,14345.0,6792.0,0.43949,292.03181,63477.08396,65121.89231,152.93154,154.4273,63834.48807,65505.22619,8746.08288,158.16915
SC,2008,0.53545,0.54278,0.54773,0.55295,4068495.0,14719.0,6870.0,0.44186,303.71504,66539.86246,68065.61267,158.54291,159.62382,66176.70546,67709.49526,8994.14654,162.65527
SC,2009,0.52107,0.52491,0.5274,0.53011,4339310.0,15167.0,7351.0,0.46242,285.98504,65071.11422,65860.56776,168.3683,167.70969,70277.87882,71139.37152,9194.74668,166.28304
SC,2010,0.49682,0.50257,0.50758,0.51194,4744710.0,15880.0,7528.0,0.49188,278.23389,65779.10261,67203.17308,176.49396,177.47202,73669.57387,75280.37533,9276.65427,167.7643
SC,2011,0.50634,0.5146,0.51893,0.52459,4817003.0,16155.0,8341.0,0.48723,291.18898,67129.06548,68791.18496,180.72363,182.29883,75435.06364,77327.81962,9714.95871,175.69085
SC,2012,0.51986,0.5292,0.5338,0.54014,4857308.0,16566.0,8953.0,0.47777,303.07913,67945.86149,69768.92143,176.01913,177.87929,73471.37747,75453.12924,9764.65075,176.58951
SC,2013,0.54645,0.55517,0.55906,0.56479,4826345.0,17220.0,9516.0,0.46948,309.18847,66365.70938,67897.45314,171.48792,172.66539,71580.02583,73241.49184,9966.50411,180.23994
SC,2014,0.5632,0.56858,0.57057,0.57405,4809907.0,17647.0,9855.0,0.45622,314.85244,66218.72678,67085.02792,173.14175,172.61737,72270.34404,73221.12175,10270.38133,185.73543
SC,2015,0.59374,0.59873,0.60001,0.60312,4666112.0,18167.0,9840.0,0.43484,338.41021,67680.83866,68396.06491,172.19409,171.24464,71874.78565,72638.83281,10746.43953,194.34474
SC,2016,0.61788,0.6223,0.62304,0.62565,4594474.0,18632.0,10050.0,0.42063,356.562,68674.81898,69248.63043,173.44302,172.11219,72396.09477,73006.8338,11200.40387,202.55449
SC,2017,0.6355,0.64058,0.64154,0.64452,4552078.0,19130.0,9954.0,0.40542,374.24454,70002.19038,70667.87052,172.467,171.34082,71988.69992,72679.63337,11470.0953,207.43174
SC,2018,0.64795,0.65555,0.65956,0.66463,4582212.0,19759.0,9966.0,0.39429,374.55282,68145.6025,69367.08577,170.70734,171.01593,71254.20702,72541.81912,11687.16689,211.35739
SC,2019,0.66615,0.67469,0.67829,0.6839,4507516.0,20178.0,9689.0,0.38318,384.83358,67897.92169,69143.00295,170.93405,171.29584,71348.83598,72660.55157,12028.78551,217.53541
SC,2020,0.67886,0.68777,0.6909,0.69669,4538295.0,20771.0,9806.0,0.37881,385.32279,66778.00913,67962.28991,167.33556,167.60715,69846.80709,71095.87564,11998.45486,216.9869
SC,2021,0.7017,0.70516,0.70393,0.70573,4406165.0,21006.0,9518.0,0.36644,378.03185,64443.22673,64648.58233,161.76287,159.69013,67520.73432,67737.62243,11820.78363,213.77379
SC,2022,0.68258,0.68508,0.6855,0.68734,4437544.0,20594.0,9295.0,0.37245,357.16684,62523.51676,62791.17959,155.3754,153.5531,64854.56868,65134.40584,11058.68902,199.99164
SC,2023,0.67075,0.67838,0.68462,0.69067,4562863.0,20834.0,9341.0,0.38355,337.78,59206.17989,60430.27246,146.19732,146.86014,61023.58763,62295.3779,10387.8775,187.8603
SC,2024,0.65235,0.6664,0.67468,0.68474,4706372.0,20562.0,10046.0,0.38007,331.81277,58911.86954,60933.75418,143.88076,146.46071,60056.64214,62125.946,10087.78057,182.43317
SD,1998,0.62746,0.60523,0.59232,0.57861,733530.0,3149.0,1373.0,0.18368,,,,,,,,,
SD,1999,0.57549,0.56544,0.56073,0.55487,836363.0,3347.0,1328.0,0.17519,,,,,,,,,
SD,2000,0.68599,0.70201,0.71003,0.72135,703568.0,3413.0,1218.0,0.15978,,,,,,,,,
SD,2001,0.59916,0.61809,0.62686,0.63963,764870.0,3154.0,1330.0,0.19956,,,,,,,,,
SD,2002,0.59332,0.59592,0.59602,0.59766,816492.0,3309.0,1456.0,0.18753,,,,100.0,100.0,41006.21281,41180.67655,6135.55089,100.0
SD,2003,0.5711,0.56356,0.56071,0.55664,760423.0,3089.0,1060.0,0.1244,195.50601,41170.28052,40371.30651,112.22984,109.72156,46021.20843,45184.08213,6451.19334,105.14448
SD,2004,0.60998,0.6103,0.61182,0.61281,833146.0,3349.0,1772.0,0.18817,204.8562,40190.47607,40244.03359,112.73,112.59121,46226.30175,46365.82377,7070.52295,115.2386
SD,2005,0.58608,0.5985,0.60412,0.61272,843877.0,3265.0,1713.0,0.19199,209.33517,41581.68827,42861.36893,111.7956,114.74792,45843.14352,47253.97089,6923.65976,112.84496
SD,2006,0.59742,0.60285,0.60606,0.60994,846736.0,3340.0,1751.0,0.18653,216.59648,42886.47896,43506.11808,114.9658,116.13277,47143.12066,47824.26125,7142.8346,116.41717
SD,2007,0.61966,0.61641,0.61641,0.61496,849659.0,3520.0,1735.0,0.16914,225.8596,43969.68167,43738.72188,113.7934,112.71612,46662.36343,46417.25978,7190.73395,117.19785
SD,2008,0.61042,0.60555,0.60248,0.59958,868415.0,3636.0,1563.0,0.17203,236.15063,47035.7961,46423.71333,120.96343,118.88351,49602.51953,48957.03567,7471.11825,121.76768
SD,2009,0.59426,0.59603,0.59584,0.59721,901316.0,3704.0,1519.0,0.17401,246.78318,49701.42485,49833.00649,128.67986,128.47393,52766.73738,52906.43426,7860.10243,128.10753
SD,2010,0.58536,0.59237,0.59752,0.60278,919435.0,3690.0,1590.0,0.19849,245.98098,49400.73029,50426.64885,135.19389,137.41685,55437.89362,56589.18761,8281.25446,134.97165
SD,2011,0.61453,0.62491,0.63041,0.63734,950975.0,3855.0,2030.0,0.20144,251.3554,47846.37469,49082.69072,130.25722,133.05687,53413.55169,54793.71958,8418.05771,137.20133
SD,2012,0.6425,0.65398,0.65754,0.66475,952437.0,4040.0,2119.0,0.1952,266.22573,48585.48063,49723.15552,131.96183,134.47968,54112.54765,55379.64403,8895.34409,144.98037
SD,2013,0.67831,0.68803,0.69275,0.69922,950094.0,4313.0,2115.0,0.20054,275.11384,47655.63971,48670.33011,130.33433,132.5455,53445.17312,54583.13505,9256.09656,150.86007
SD,2014,0.68877,0.69518,0.69702,0.70115,948739.0,4324.0,2243.0,0.19569,284.58371,48994.19008,49581.42802,131.4755,132.48767,53913.12195,54559.31756,9394.66272,153.11849
SD,2015,0.69642,0.69674,0.69349,0.69326,943483.0,4424.0,2103.0,0.18687,294.78419,51008.77404,50794.24209,133.16989,132.048,54607.92929,54378.26007,9467.52076,154.30596
SD,2016,0.73707,0.73457,0.73283,0.73141,929548.0,4750.0,1919.0,0.1872,315.65579,51688.19242,51391.05158,133.0514,131.72609,54559.34078,54245.69452,9995.69015,162.91431
SD,2017,0.73543,0.72898,0.726,0.72232,929004.0,4659.0,2069.0,0.19183,314.86802,51893.73393,51233.21581,134.33454,132.05036,55085.50742,54379.2324,9998.0676,162.95305
SD,2018,0.73947,0.73633,0.73642,0.73523,928479.0,4702.0,2039.0,0.19182,309.73234,50470.8116,50263.03772,132.92658,131.81852,54508.15466,54283.7602,10035.26846,163.55937
SD,2019,0.76744,0.76921,0.76999,0.77137,903467.0,4716.0,2124.0,0.19628,311.98448,48621.43443,48782.91521,127.65699,127.53834,52347.29667,52521.15173,10076.75592,164.23555
SD,2020,0.78255,0.78701,0.7898,0.79365,892545.0,4762.0,2117.0,0.19901,299.43972,45496.23508,45917.60631,125.85952,126.48704,51610.22068,52088.21765,10190.39278,166.08766
SD,2021,0.77005,0.76394,0.76188,0.75846,872985.0,4570.0,2064.0,0.2008,285.43434,44957.39648,44480.52472,128.84807,126.94127,52835.71364,52275.27505,10063.61246,164.02133
SD,2022,0.78277,0.77107,0.76964,0.76371,846911.0,4557.0,1935.0,0.20619,274.49181,42560.47575,41887.50506,122.17623,119.61768,50099.84514,49259.37033,9639.73988,157.11287
SD,2023,0.79009,0.78272,0.77827,0.77356,846514.0,4456.0,2235.0,0.20969,258.56222,39768.09379,39157.10036,113.14537,110.98036,46396.62979,45702.46215,9027.23426,147.12997
SD,2024,0.76033,0.7678,0.7733,0.77876,864411.0,4390.0,2174.0,0.20437,242.92826,37697.15738,38340.30723,109.77844,111.17835,45015.98126,45783.9973,8702.76824,141.84168
TN,1998,0.48377,0.50095,0.50983,0.52199,4073504.0,13836.0,5172.0,0.31634,,,,,,,,,
TN,1999,0.48001,0.49229,0.49785,0.50601,4176135.0,13784.0,5842.0,0.31706,,,,,,,,,
TN,2000,0.50463,0.51221,0.5156,0.52053,4117240.0,14466.0,5696.0,0.29458,,,,,,,,,
TN,2001,0.50173,0.5085,0.51372,0.51876,3695708.0,12633.0,5638.0,0.37052,,,,,,,,,
TN,2002,0.5187,0.525,0.53009,0.53482,4119137.0,14983.0,5644.0,0.34327,,,,100.0,100.0,35997.58383,36788.17386,4770.51407,100.0
TN,2003,0.51204,0.51794,0.52195,0.52616,4098539.0,14365.0,6247.0,0.38049,143.82288,38586.39448,39910.85382,105.02561,104.75693,37806.68339,38538.16006,4933.27932,103.4119
TN,2004,0.527,0.53153,0.53413,0.53732,4312056.0,15756.0,6362.0,0.36376,199.0362,44716.63617,45321.60595,114.36489,113.42114,41168.59855,41725.56705,5497.31077,115.23519
TN,2005,0.55495,0.56317,0.56769,0.57331,4311096.0,16441.0,6992.0,0.35084,195.57041,41340.44753,42289.35151,112.08231,112.19101,40346.92304,41273.02225,5726.1094,120.03129
TN,2006,0.56789,0.57797,0.58315,0.58998,4182220.0,16581.0,6422.0,0.32973,209.09383,43027.33753,44183.32608,118.22531,118.79263,42558.25474,43701.64074,6204.4288,130.05787
TN,2007,0.5567,0.56739,0.57343,0.58073,4421410.0,16936.0,7151.0,0.3532,199.08676,41662.40654,42914.6659,119.98058,120.93095,43190.11046,44488.28848,6191.60989,129.78915
TN,2008,0.55263,0.56375,0.56954,0.57695,4480572.0,17135.0,6998.0,0.3493,192.47185,40552.76038,41794.31896,126.24178,127.31074,45443.98973,46835.29761,6470.59927,135.63736
TN,2009,0.56789,0.57784,0.58345,0.5903,4628480.0,18390.0,7028.0,0.35987,197.40223,40600.02928,41712.57738,127.10783,127.78447,45755.74605,47009.57441,6674.09852,139.90313
TN,2010,0.53083,0.54097,0.54936,0.55705,4998304.0,18249.0,7723.0,0.38669,193.68741,42308.18467,43785.01414,140.1605,141.93577,50454.39403,52215.57893,6929.42581,145.25533
TN,2011,0.54623,0.55483,0.56035,0.5664,5157452.0,19153.0,8647.0,0.39085,197.26083,42243.59604,43335.38993,141.82178,142.36062,51052.41364,52371.87312,7151.83551,149.9175
TN,2012,0.57912,0.58673,0.59014,0.59511,5124226.0,19981.0,9497.0,0.38164,222.8049,45305.50153,46167.63935,143.92193,143.5089,51808.41855,52794.30317,7643.55468,160.22497
TN,2013,0.62394,0.62561,0.62411,0.62475,4953821.0,20893.0,9729.0,0.36939,237.72318,45707.78803,45720.20096,143.23761,140.19745,51562.08027,51576.08305,8045.12896,168.64281
TN,2014,0.6462,0.64129,0.63769,0.63457,4790908.0,20870.0,9858.0,0.35911,251.53934,47334.41354,46711.18317,150.45528,145.28354,54160.26575,53447.16252,8634.37586,180.99466
TN,2015,0.65955,0.65503,0.65328,0.65077,4700484.0,20887.0,9896.0,0.35083,256.85195,47181.05382,46732.28084,155.07587,150.29552,55823.56482,55290.97873,9102.59259,190.80947
TN,2016,0.6895,0.68708,0.69124,0.69147,4714437.0,21737.0,10703.0,0.3584,259.12205,44984.13212,45097.16583,150.75454,147.88722,54267.99237,54405.00655,9348.06975,195.95519
TN,2017,0.71591,0.71426,0.71471,0.71452,4673472.0,22330.0,11103.0,0.35582,258.90794,43470.53813,43397.91608,147.80108,144.38189,53204.81767,53115.46239,9475.45375,198.62542
TN,2018,0.72461,0.72787,0.72952,0.73208,4726846.0,22544.0,11997.0,0.35717,250.79764,41253.91805,41533.91684,145.49523,143.34166,52374.76686,52732.77883,9507.15834,199.29002
TN,2019,0.72146,0.7308,0.7353,0.74145,4717500.0,22388.0,11949.0,0.36181,247.82187,40444.45029,41219.90943,144.44128,144.06907,51995.37112,53000.38017,9503.87032,199.22109
TN,2020,0.7452,0.75485,0.7584,0.76445,4731015.0,22681.0,13397.0,0.36127,246.32443,38975.1385,39665.90938,142.63584,142.05963,51345.45626,52261.14337,9692.68224,203.17899
TN,2021,0.77761,0.77737,0.7734,0.77268,4517858.0,22510.0,13532.0,0.33626,239.03433,37088.19645,36887.6604,138.89452,135.17477,49998.67122,49728.32818,9667.27951,202.64649
TN,2022,0.77782,0.77423,0.76983,0.76737,4309343.0,21932.0,12001.0,0.32602,241.94249,37713.61114,37326.16699,134.2137,129.98021,48313.68824,47817.34607,9298.34097,194.91277
TN,2023,0.77028,0.77414,0.7747,0.77789,4365938.0,22043.0,11964.0,0.3087,234.72406,36358.53337,36567.01868,127.98883,125.95644,46072.88467,46337.07354,8923.14425,187.04786
TN,2024,0.77638,0.78973,0.79589,0.80513,4532816.0,23582.0,11489.0,0.31582,225.46904,33995.02944,34849.35748,124.24144,124.66111,44723.9176,45860.5468,8827.67982,185.04672
TX,1998,0.48589,0.4918,0.49606,0.50163,16532587.0,56197.0,21490.0,0.47522,,,,,,,,,
TX,1999,0.46367,0.47136,0.47751,0.48403,17898285.0,57287.0,23742.0,0.49274,,,,,,,,,
TX,2000,0.46972,0.47785,0.48288,0.48911,15675024.0,50540.0,21635.0,0.52357,,,,,,,,,
TX,2001,0.4769,0.48747,0.5011,0.51407,16469487.0,53737.0,23432.0,0.51526,,,,,,,,,
TX,2002,0.46055,0.47292,0.47996,0.48934,18892786.0,60116.0,24785.0,0.51657,,,,100.0,100.0,28817.06225,30039.30318,3443.47771,100.0
TX,2003,0.46641,0.47775,0.48406,0.49234,19625811.0,62744.0,27072.0,0.51259,145.41018,35772.90718,37183.58807,107.65648,107.3196,31023.43477,32238.05907,3735.84093,108.49035
TX,2004,0.49374,0.50653,0.51473,0.52445,18935458.0,65944.0,23933.0,0.47026,162.12453,37796.19424,39402.93376,112.87474,113.04654,32527.18334,33958.39383,4097.80957,119.00206
TX,2005,0.51761,0.52706,0.53378,0.54156,18991900.0,69019.0,25801.0,0.47828,174.7667,39283.11438,40510.72259,123.15626,122.09546,35490.01554,36676.6251,4623.50984,134.26862
TX,2006,0.54941,0.55678,0.56062,0.56633,18501747.0,71537.0,26342.0,0.46097,184.59176,39507.61877,40314.24478,127.86767,125.2562,36847.70573,37626.08914,5046.09122,146.54055
TX,2007,0.55274,0.56142,0.56589,0.57206,19365974.0,75098.0,28209.0,0.47057,197.07145,41790.0636,42784.45836,132.68868,130.39965,38236.97932,39171.14538,5323.48809,154.59627
TX,2008,0.52508,0.53347,0.53654,0.54224,21301106.0,76600.0,33213.0,0.51863,187.4796,41930.71312,42845.96955,140.17249,137.50186,40393.59383,41304.60096,5300.22988,153.92084
TX,2009,0.52128,0.52967,0.53403,0.5401,22425497.0,79836.0,35161.0,0.53425,186.79128,41968.79363,42995.67358,144.82337,142.44573,41733.84135,42789.70359,5448.38142,158.22322
TX,2010,0.50207,0.50957,0.51595,0.52179,24744599.0,81992.0,43076.0,0.55933,179.09525,41504.17686,42648.84019,150.07944,148.08613,43248.48694,44484.04247,5455.64162,158.43406
TX,2011,0.50514,0.51239,0.51725,0.52252,26037990.0,86183.0,46847.0,0.55774,182.93137,42296.47913,43316.19927,154.05343,151.4209,44393.67171,45485.78416,5641.22602,163.82351
TX,2012,0.53542,0.54504,0.55162,0.55881,26087892.0,89191.0,54419.0,0.54781,193.65854,42027.48021,43302.533,153.59649,151.92467,44261.99703,45637.11085,5999.15449,174.2179
TX,2013,0.56984,0.57959,0.5834,0.58975,25497980.0,93144.0,55873.0,0.5297,197.31694,40583.07682,41549.06049,152.63081,150.01779,43983.71524,45064.29748,6282.25847,182.43935
TX,2014,0.58508,0.5942,0.59821,0.60439,25964813.0,96195.0,60800.0,0.52894,201.11666,40339.44844,41244.85877,147.91612,145.20215,42625.08138,43617.71297,6231.18794,180.95624
TX,2015,0.60905,0.6199,0.62442,0.63174,25680717.0,97848.0,64985.0,0.50968,212.53587,40841.97871,41873.06528,148.63201,146.29674,42831.37989,43946.5204,6554.61155,190.3486
TX,2016,0.63744,0.65013,0.65502,0.66344,26305503.0,103013.0,73443.0,0.5007,220.81458,40450.45509,41566.52737,146.5641,144.60242,42235.46668,43437.55788,6798.43367,197.42929
TX,2017,0.64997,0.66225,0.66771,0.67589,27031506.0,107560.0,77710.0,0.49641,220.25591,39582.26043,40662.27371,148.67083,146.60003,42842.56494,44037.62791,7056.12084,204.91263
TX,2018,0.66239,0.67458,0.68108,0.68933,27711855.0,112806.0,80323.0,0.49584,216.88163,38210.59418,39289.14851,147.92013,145.99571,42626.23538,43856.09283,7161.80624,207.98178
TX,2019,0.69054,0.70365,0.7096,0.71826,27740515.0,118027.0,83211.0,0.48807,218.20966,36898.52026,37917.20693,144.45406,142.48812,41627.41616,42802.43756,7287.57452,211.63414
TX,2020,0.68765,0.70105,0.7089,0.71843,28197017.0,120016.0,83131.0,0.49077,218.19931,36881.59418,38015.96004,146.42946,144.89026,42196.66884,43524.02358,7398.77529,214.86346
TX,2021,0.7506,0.76002,0.76862,0.77839,27086336.0,125588.0,87672.0,0.466,222.36499,34660.81904,35504.35821,142.49178,140.0312,41061.94533,42064.39556,7818.7966,227.06105
TX,2022,0.75626,0.76145,0.76291,0.76654,26019029.0,122250.0,83451.0,0.46045,221.87769,34898.2907,35205.29534,140.01394,135.51817,40347.90542,40708.71504,7622.65254,221.36494
TX,2023,0.73704,0.74828,0.75596,0.76427,26089763.0,119839.0,80809.0,0.46197,213.02573,33781.39912,34649.97105,134.40644,132.30141,38731.98861,39742.42169,7253.35779,210.64047
TX,2024,0.72234,0.74094,0.75225,0.76542,26978111.0,120655.0,83480.0,0.46603,201.99341,31984.80864,33308.55681,131.33395,131.2865,37846.58633,39437.54897,7059.20913,205.00232
UT,1998,0.68127,0.6875,0.69152,0.69645,2344341.0,9634.0,7351.0,0.24841,,,,,,,,,
UT,1999,0.54849,0.55432,0.55448,0.55801,2837084.0,9608.0,6719.0,0.26369,,,,,,,,,
UT,2000,0.59565,0.6006,0.60243,0.60573,2485741.0,9218.0,6241.0,0.19265,,,,,,,,,
UT,2001,0.56641,0.56527,0.56526,0.56559,2716262.0,8995.0,7652.0,0.22374,,,,,,,,,
UT,2002,0.5982,0.59522,0.59513,0.59437,2891661.0,10277.0,8276.0,0.21472,,,,100.0,100.0,26184.9587,26050.49661,3895.87066,100.0
UT,2003,0.60883,0.61161,0.61844,0.62227,3011654.0,11168.0,8224.0,0.24925,161.10054,30865.49788,31365.06679,101.75363,103.93426,26644.14663,27075.39149,4172.02383,107.08836
UT,2004,0.63746,0.63938,0.63757,0.63846,3034333.0,12008.0,8222.0,0.25128,172.97484,32306.92741,32312.65855,107.73248,108.30717,28209.70629,28214.55583,4496.44543,115.41568
UT,2005,0.67255,0.66949,0.66609,0.664,3000848.0,12502.0,8633.0,0.2585,179.61515,32358.92056,32047.90913,108.81612,108.32652,28493.45549,28219.59622,4744.7716,121.78976
UT,2006,0.68665,0.68459,0.68439,0.68389,2892904.0,12273.0,8561.0,0.25428,189.54924,33235.53186,33125.78998,111.85313,112.05923,29288.69644,29191.98678,5011.18827,128.6282
UT,2007,0.65265,0.65942,0.66324,0.66844,3001799.0,12103.0,8446.0,0.23896,190.61134,34487.46901,35046.9756,120.10408,122.68257,31449.20273,31959.41809,5214.56759,133.84858
UT,2008,0.69083,0.70037,0.70546,0.71245,2854581.0,12159.0,8549.0,0.24566,203.50288,34616.09004,35349.46588,117.71112,120.82539,30822.60762,31475.61481,5436.04665,139.53355
UT,2009,0.67579,0.6823,0.68575,0.69065,2982642.0,12303.0,8988.0,0.24897,204.57486,35798.84081,36326.34231,125.18081,127.68102,32778.54358,33261.54053,5619.45513,144.24132
UT,2010,0.63957,0.64692,0.65213,0.65753,3259452.0,12571.0,9602.0,0.25797,212.79738,39157.39882,39926.48137,139.20559,142.67234,36450.92749,37166.85279,5942.67901,152.53789
UT,2011,0.63367,0.65234,0.66223,0.67485,3539665.0,13658.0,10067.0,0.2256,211.9663,38409.4741,40140.68885,142.92677,150.13983,37425.31508,39112.17122,6196.05371,159.04157
UT,2012,0.6578,0.68325,0.69401,0.71069,3602290.0,14426.0,10641.0,0.20348,224.67385,38848.2,40986.52216,144.13752,152.85622,37742.35064,39819.80351,6548.34911,168.08436
UT,2013,0.68896,0.71064,0.71865,0.73267,3558137.0,15237.0,10383.0,0.19854,234.64488,39180.92557,40869.30727,144.47172,151.47513,37829.86144,39460.02318,6796.61084,174.45679
UT,2014,0.72219,0.7269,0.7284,0.73195,3474768.0,15291.0,11242.0,0.19649,244.28836,40245.28092,40591.30503,147.01643,149.04583,38496.19239,38827.17804,7010.14238,179.93776
UT,2015,0.7225,0.71774,0.71545,0.7132,3549572.0,15765.0,11213.0,0.19021,252.54125,42357.92239,41944.33525,154.47069,153.75195,40448.08581,40053.14651,7234.63973,185.7002
UT,2016,0.73553,0.74381,0.75117,0.7577,3536298.0,15934.0,11483.0,0.17987,263.16978,42041.75363,42935.42247,155.26861,159.38758,40657.02089,41521.25489,7635.05191,195.97806
UT,2017,0.74038,0.76159,0.77364,0.78802,3592891.0,16242.0,11851.0,0.17557,266.61236,41354.60827,43212.3226,153.14576,160.85129,40101.15394,41902.56112,7755.94103,199.08107
UT,2018,0.73708,0.76473,0.77821,0.79663,3679629.0,16584.0,12035.0,0.16783,262.88787,40537.17358,42799.36386,154.57054,164.03876,40474.23263,42732.91046,7874.39067,202.12146
UT,2019,0.75533,0.78047,0.79168,0.80844,3765310.0,17697.0,12007.0,0.16239,263.49134,39939.28542,41860.9985,152.80937,160.98862,40013.07139,41938.33474,7919.34398,203.27533
UT,2020,0.77738,0.79923,0.80961,0.82414,3773591.0,18212.0,12468.0,0.16357,264.54436,39210.82482,40836.21991,147.44287,154.34736,38607.85423,40208.25455,7814.28876,200.57875
UT,2021,0.86953,0.89127,0.90052,0.91449,3753812.0,18904.0,16593.0,0.15876,254.59087,33925.67243,35134.87846,130.83638,136.19915,34259.45263,35480.55551,7712.87041,197.97553
UT,2022,0.84927,0.86312,0.86933,0.87834,3838634.0,19116.0,16102.0,0.14932,238.06761,32862.29516,33638.40037,130.99214,134.77786,34300.23715,35110.30208,7454.53912,191.34463
UT,2023,0.80499,0.81581,0.82104,0.82851,3884608.0,19234.0,13650.0,0.1432,246.28646,35996.26722,36713.8545,136.02363,139.45136,35617.73178,36327.77294,7310.89548,187.65755
UT,2024,0.83612,0.84401,0.84796,0.85345,4003077.0,19868.0,16048.0,0.13858,231.32504,32736.12171,33199.91272,127.55311,130.02793,33399.72996,33872.92267,7080.43007,181.74192
VA,1998,0.56578,0.57993,0.58651,0.596,5805280.0,22810.0,9122.0,0.38786,,,,,,,,,
VA,1999,0.55101,0.56233,0.56913,0.57702,5960875.0,22810.0,9122.0,0.39398,,,,,,,,,
VA,2000,0.57885,0.58677,0.59101,0.59643,5940122.0,24196.0,8915.0,0.41166,,,,,,,,,
VA,2001,0.57884,0.58505,0.58822,0.59246,6178647.0,25165.0,9277.0,0.40727,,,,,,,,,
VA,2002,0.55526,0.56212,0.56301,0.56709,6509928.0,25249.0,9747.0,0.417,,,,100.0,100.0,32878.7824,33337.62073,4627.75847,100.0
VA,2003,0.56854,0.57867,0.58608,0.59342,6670828.0,26399.0,10413.0,0.42184,199.68408,40885.1046,42146.4027,102.15376,103.85583,33586.91239,34623.06257,4921.18461,106.34057
VA,2004,0.57646,0.58765,0.59679,0.60518,6735607.0,27027.0,10659.0,0.41563,227.25241,45695.14892,47306.81332,122.78851,125.36966,40371.36639,41795.26139,6023.28064,130.15547
VA,2005,0.58594,0.59562,0.60409,0.61162,6820943.0,27739.0,11133.0,0.41245,235.76875,46834.70698,48285.27405,130.8816,133.07811,43032.27595,44365.07392,6498.81242,140.43111
VA,2006,0.59711,0.60584,0.61076,0.6167,6950909.0,28758.0,11658.0,0.40623,248.06825,48739.20728,49853.98692,135.25565,136.44511,44470.41245,45487.55478,6790.2402,146.72849
VA,2007,0.59228,0.60136,0.60997,0.61703,7144103.0,29312.0,11898.0,0.41084,253.68004,49906.64288,51397.18972,142.31455,144.54779,46791.29237,48188.79396,7135.33272,154.1855
VA,2008,0.58911,0.59744,0.6046,0.61085,7387572.0,30080.0,12375.0,0.4175,259.5867,51521.95629,52876.96834,147.04653,148.83673,48347.10901,49618.62353,7307.71935,157.91056
VA,2009,0.58275,0.59195,0.59775,0.60417,7746369.0,30969.0,13298.0,0.42478,268.3447,53871.20952,55258.0423,156.10441,157.91925,51325.22964,52646.52002,7669.87781,165.73635
VA,2010,0.5662,0.57379,0.5785,0.58381,8274476.0,31927.0,14229.0,0.4484,261.84546,54314.93278,55495.66468,165.9022,167.17567,54546.62219,55732.3907,7888.87223,170.46854
VA,2011,0.57697,0.58151,0.58368,0.58667,8552067.0,33093.0,16052.0,0.45459,271.53703,55826.27942,56475.1788,179.44458,179.03189,58999.19183,59684.97172,8609.09889,186.03172
VA,2012,0.61068,0.61294,0.61416,0.61568,8672830.0,35099.0,18074.0,0.45255,288.68498,56405.86684,56727.29096,182.93245,181.44275,60145.96057,60488.6973,9234.80275,199.55239
VA,2013,0.63012,0.63383,0.63535,0.63773,8537869.0,35521.0,18623.0,0.43833,301.89046,57018.91342,57491.80089,183.24603,182.22278,60249.06326,60748.74004,9569.78101,206.79085
VA,2014,0.63493,0.64187,0.64626,0.65104,8506179.0,35779.0,18456.0,0.42981,314.92499,58476.74654,59519.81608,190.32903,191.0577,62577.86725,63694.08987,10110.34415,218.47173
VA,2015,0.65711,0.6614,0.66319,0.66603,8386959.0,36710.0,18433.0,0.41952,332.11348,60094.1736,60649.56231,195.43544,194.52694,64256.79242,64850.65194,10653.55202,230.20977
VA,2016,0.68993,0.6933,0.69336,0.6956,8265668.0,37954.0,19137.0,0.40785,350.29149,60624.90887,60926.78464,204.16897,202.36156,67128.27064,67462.52926,11636.03975,251.44008
VA,2017,0.69899,0.70516,0.70715,0.71109,8108216.0,37944.0,18571.0,0.39425,360.72836,61213.74214,61928.74035,207.15091,206.68611,68108.69719,68904.23092,12040.79556,260.18634
VA,2018,0.70069,0.71081,0.71501,0.72158,8054653.0,37866.0,18331.0,0.383,365.71627,61378.28322,62632.86701,209.46232,210.80193,68868.65878,70276.34727,12310.40751,266.01232
VA,2019,0.71741,0.72925,0.73469,0.74258,7992047.0,38741.0,18077.0,0.37589,373.41603,60991.21117,62461.06481,210.5282,212.6344,69219.10722,70887.24849,12713.72887,274.72758
VA,2020,0.71983,0.73047,0.73493,0.74182,7946791.0,38726.0,17887.0,0.3652,373.71121,61019.87951,62299.89608,210.53887,211.99684,69222.61644,70674.70216,12718.4459,274.82951
VA,2021,0.7615,0.7639,0.76212,0.76319,7842260.0,40302.0,18927.0,0.36029,369.62594,58199.54396,58247.23355,201.29725,198.68939,66184.0839,66238.31614,12610.07511,272.48775
VA,2022,0.7703,0.76532,0.76211,0.75905,7501779.0,39019.0,18272.0,0.35171,357.90516,56354.56579,55755.9005,193.71292,189.01725,63690.44901,63013.85323,12134.85002,262.21874
VA,2023,0.75896,0.75771,0.75855,0.75837,7406252.0,38288.0,17108.0,0.35263,332.67094,52402.66624,52373.81785,190.2766,187.55669,62560.62781,62526.93811,11863.8422,256.36261
VA,2024,0.73182,0.73806,0.74127,0.74558,7718423.0,38414.0,17313.0,0.35231,318.87215,51513.46734,52184.43116,194.55538,194.35771,63967.44087,64794.23659,11854.35333,256.15756
VT,1998,0.7177,0.72489,0.72857,0.73324,444588.0,2324.0,670.0,0.20418,,,,,,,,,
VT,1999,0.76409,0.7655,0.76721,0.76838,441780.0,2458.0,710.0,0.20993,,,,,,,,,
VT,2000,0.78154,0.77661,0.77676,0.77436,414261.0,2343.0,710.0,0.23363,,,,,,,,,
VT,2001,0.79886,0.79114,0.78613,0.78109,421275.0,2471.0,667.0,0.19384,,,,,,,,,
VT,2002,0.72143,0.72039,0.71963,0.71903,448775.0,2319.0,758.0,0.23018,,,,100.0,100.0,65575.73062,65412.21821,11797.59332,100.0
VT,2003,0.68785,0.69258,0.69255,0.69517,466848.0,2296.0,760.0,0.24128,568.7902,98555.87777,99229.6582,105.94649,106.93745,69475.1876,69950.15695,12028.75154,101.95937
VT,2004,0.66745,0.67489,0.67267,0.6765,490012.0,2328.0,795.0,0.24772,590.46249,105333.95528,106158.0273,112.41188,113.57452,73714.91035,74291.61322,12396.54081,105.07686
VT,2005,0.72969,0.74074,0.74032,0.74659,489575.0,2560.0,834.0,0.2278,620.32575,100549.59747,102014.10145,106.88,108.70777,70087.34361,71108.16513,12971.80254,109.95296
VT,2006,0.69656,0.72261,0.74557,0.76629,520962.0,2587.0,874.0,0.22958,638.88419,102828.63146,110064.28128,108.37542,116.29135,71067.97316,76068.7493,13246.56489,112.28193
VT,2007,0.70078,0.72434,0.73592,0.75162,536317.0,2702.0,860.0,0.22915,657.02606,107135.88637,112507.74197,111.57654,117.46394,73167.12847,76835.77081,13461.23473,114.10153
VT,2008,0.69833,0.71757,0.72525,0.73767,553489.0,2796.0,850.0,0.22908,666.8621,110339.14757,114592.00187,117.02353,121.83782,76739.03452,79696.82366,13913.74367,117.93714
VT,2009,0.73418,0.7508,0.75995,0.77109,579913.0,3109.0,878.0,0.22953,677.80565,107029.65714,110785.88167,119.08463,123.57206,78090.61844,80831.22235,14836.14837,125.75572
VT,2010,0.73136,0.74769,0.75698,0.76803,610448.0,3251.0,939.0,0.23806,677.72266,107436.2597,111198.6131,124.54192,129.22553,81669.27566,84529.28473,15455.42964,131.00494
VT,2011,0.75151,0.76633,0.77705,0.78769,623464.0,3418.0,973.0,0.24906,672.4919,103853.21691,107382.37638,122.19565,126.66396,80130.6873,82853.70333,15566.36556,131.94526
VT,2012,0.77781,0.77675,0.77584,0.77514,613801.0,3517.0,923.0,0.24605,697.68275,107910.7161,107638.14692,125.78677,125.78268,82485.59071,82277.24227,15998.99683,135.61238
VT,2013,0.81579,0.80386,0.79682,0.78917,598756.0,3572.0,997.0,0.24083,720.31586,108478.11278,105955.88799,124.57929,121.98687,81693.77971,79794.3175,16273.87965,137.94237
VT,2014,0.78423,0.77332,0.76563,0.75835,586666.0,3353.0,962.0,0.23688,725.61977,113728.94283,111031.93815,131.9127,129.1064,86502.71473,84451.36157,16557.28406,140.34459
VT,2015,0.79716,0.78893,0.78435,0.77914,578199.0,3368.0,946.0,0.23081,757.54525,115899.66693,114035.90395,133.14002,131.32648,87307.54346,85903.56559,17119.82875,145.11289
VT,2016,0.79105,0.78111,0.77554,0.76936,573871.0,3298.0,970.0,0.21711,791.38163,122450.56285,120050.47974,140.15144,137.74788,91905.32838,90103.94485,17819.1557,151.0406
VT,2017,0.80651,0.80127,0.79691,0.79338,570830.0,3400.0,873.0,0.21929,797.76017,120128.66471,118698.1466,138.06036,136.75731,90534.0895,89455.98999,18036.78357,152.88528
VT,2018,0.80756,0.81604,0.82196,0.82789,567116.0,3380.0,873.0,0.21269,796.43799,116273.49576,118347.36674,136.30029,139.07815,89379.91184,90974.10495,18366.75415,155.68221
VT,2019,0.85959,0.88244,0.89451,0.91013,558824.0,3605.0,796.0,0.21187,810.06859,108672.34238,113086.62784,127.19967,132.69742,83412.11621,86800.32781,18653.192,158.11015
VT,2020,0.8159,0.83324,0.84013,0.85233,562865.0,3439.0,776.0,0.20744,799.33634,114173.46824,117564.2673,136.99835,141.41965,89837.67009,92505.72855,18868.79215,159.93764
VT,2021,0.90066,0.8989,0.89324,0.89159,524880.0,3567.0,745.0,0.20553,776.25362,104284.09422,103424.29277,128.42703,127.68656,84216.96455,83522.61255,18806.43188,159.40905
VT,2022,0.83773,0.83625,0.83592,0.83548,532437.0,3359.0,716.0,0.20938,737.83319,105918.97321,105689.98887,128.99698,129.03986,84590.71022,84407.83507,17677.80543,149.84247
VT,2023,0.81908,0.83761,0.8442,0.85581,538187.0,3322.0,703.0,0.35248,707.24539,100532.5198,103615.15622,123.92693,128.0462,81265.99124,83757.85661,17151.16602,145.37852
VT,2024,0.82957,0.86915,0.93938,0.98509,537172.0,3311.0,805.0,0.33568,619.9465,79194.03875,89677.63556,98.88849,112.25913,64846.85044,73431.18639,15229.01663,129.08579
WA,1998,0.51368,0.52115,0.52571,0.53129,6136618.0,18009.0,16520.0,0.65935,,,,,,,,,
WA,1999,0.45765,0.45347,0.43114,0.4271,6630857.0,17663.0,15251.0,0.67418,,,,,,,,,
WA,2000,0.59649,0.59488,0.57334,0.57,5419306.0,18211.0,17454.0,0.60521,,,,,,,,,
WA,2001,0.50988,0.52053,0.52932,0.53759,5730971.0,15785.0,17132.0,0.65894,,,,,,,,,
WA,2002,0.56281,0.57332,0.57863,0.5859,5886344.0,18635.0,17945.0,0.60022,,,,100.0,100.0,30995.9296,31892.94754,4433.08245,100.0
WA,2003,0.55471,0.56234,0.56218,0.56666,6433835.0,19661.0,20160.0,0.62789,307.17794,36005.96599,37404.49027,111.54635,109.90872,34574.8294,35053.12973,4832.5319,109.01065
WA,2004,0.58449,0.59314,0.59831,0.60437,6468206.0,20460.0,22090.0,0.62342,190.95602,38156.04069,39059.07984,111.73269,111.27713,34632.58741,35489.55548,5167.39523,116.56438
WA,2005,0.59785,0.60256,0.60264,0.60566,6233003.0,20692.0,20723.0,0.61626,204.62477,40745.47267,41071.91875,117.27868,114.93096,36351.61596,36654.87082,5334.10107,120.32488
WA,2006,0.60316,0.60904,0.61198,0.61617,6200629.0,20990.0,20353.0,0.61183,196.12757,38457.32914,39019.91605,120.33098,118.72902,37297.70483,37866.18251,5552.79543,125.25811
WA,2007,0.61057,0.61751,0.62247,0.62832,6105863.0,21442.0,19250.0,0.58712,205.1278,39544.55897,40315.51725,121.31054,120.19711,37601.32932,38334.40251,5851.43303,131.99468
WA,2008,0.59687,0.60303,0.60591,0.61007,6341920.0,21641.0,19806.0,0.59193,201.08934,39825.7898,40429.00169,126.0161,124.32677,39059.86143,39651.47237,5916.65983,133.46605
WA,2009,0.56254,0.57204,0.57895,0.58581,6917278.0,22061.0,20732.0,0.61167,199.31205,42233.23746,43516.7374,134.50078,134.53044,41689.76605,42905.72163,6034.03724,136.11381
WA,2010,0.54005,0.5519,0.55995,0.5684,7517692.0,22851.0,21964.0,0.63397,209.62451,46110.85334,47889.68928,149.21156,150.35666,46249.51109,47953.16966,6474.32585,146.04569
WA,2011,0.55832,0.56841,0.57223,0.57907,7827284.0,23411.0,26014.0,0.64013,214.72132,46699.58939,47468.78697,158.15792,157.53723,49022.51625,50243.26646,7013.00426,158.19702
WA,2012,0.6007,0.60699,0.60788,0.61203,7651179.0,24384.0,27833.0,0.62336,237.1371,48545.54857,48681.4471,168.07696,165.30344,52097.01762,52720.14056,7917.24121,178.59449
WA,2013,0.61591,0.62128,0.6219,0.62557,7558472.0,24649.0,28291.0,0.61618,259.39082,52063.84568,52021.3605,181.90247,178.50416,56382.36124,56930.23828,8765.97822,197.74002
WA,2014,0.61515,0.62413,0.6295,0.63623,7504369.0,24323.0,28292.0,0.60732,267.21939,53230.5302,53877.12033,180.16724,179.18681,55844.51229,57147.95653,8788.57893,198.24984
WA,2015,0.63791,0.64757,0.65396,0.66106,7506207.0,25300.0,29205.0,0.60125,277.63797,53308.68526,54136.83605,174.74203,174.10014,54162.91514,55525.66609,8855.12306,199.75092
WA,2016,0.65265,0.66313,0.67082,0.67867,7480777.0,25836.0,29700.0,0.59445,279.22109,52135.05407,53246.25523,164.42068,164.24478,50963.71783,52382.50293,8546.84381,192.79686
WA,2017,0.64703,0.66009,0.67008,0.67963,7627168.0,26341.0,29568.0,0.5804,272.89964,50847.53311,52380.17493,154.80867,155.81435,47984.38704,49693.78951,8038.3322,181.32603
WA,2018,0.66202,0.67515,0.68459,0.6943,7646163.0,26990.0,30385.0,0.57698,279.43228,51110.51978,52554.38975,152.73343,153.4991,47341.14694,48955.38802,8102.34061,182.76991
WA,2019,0.68601,0.6961,0.70012,0.70682,7592833.0,28308.0,30197.0,0.57226,286.73262,51338.864,52107.58897,151.08166,149.85107,46829.16577,47791.92416,8196.4673,184.89318
WA,2020,0.68794,0.6961,0.70151,0.70756,7371895.0,28362.0,27800.0,0.57111,287.30226,51304.14094,52151.33802,151.72152,150.36187,47027.49601,47954.83341,8247.54257,186.04532
WA,2021,0.76787,0.76519,0.76053,0.75886,6847706.0,29293.0,29050.0,0.55736,282.00623,46356.14054,45705.73851,141.33676,136.04826,43808.64203,43389.79907,8329.44985,187.89296
WA,2022,0.78744,0.77903,0.78589,0.78617,6310849.0,28629.0,25566.0,0.54151,287.04816,45582.64175,45345.03613,134.64089,130.59606,41733.194,41650.93397,8199.44465,184.96035
WA,2023,0.75476,0.74926,0.7578,0.75818,6125519.0,26864.0,23327.0,0.54294,276.44654,45571.60115,45680.35719,134.17103,130.92202,41587.5575,41754.89166,7878.7361,177.72591
WA,2024,0.71273,0.71245,0.71396,0.71468,6414980.0,26439.0,23324.0,0.56435,260.71153,45583.56509,45531.87276,139.97946,136.27764,43387.93607,43462.95707,7744.28974,174.69311
WI,1998,0.57469,0.59138,0.59827,0.60915,4902672.0,19634.0,7691.0,0.34983,,,,,,,,,
WI,1999,0.56935,0.58632,0.59336,0.60477,4964505.0,19740.0,7629.0,0.34229,,,,,,,,,
WI,2000,0.59269,0.60544,0.61496,0.62459,4903117.0,20001.0,8432.0,0.32712,,,,,,,,,
WI,2001,0.60684,0.61243,0.61612,0.6202,4909601.0,20927.0,7802.0,0.32046,,,,,,,,,
WI,2002,0.60653,0.60852,0.60945,0.611,5159644.0,21304.0,9550.0,0.34048,,,,100.0,100.0,36205.74266,36379.75797,5516.35576,100.0
WI,2003,0.60463,0.6062,0.6094,0.61128,5120007.0,21426.0,8743.0,0.32728,196.20627,38582.66378,38880.75047,107.34162,107.67101,38863.82983,39170.45174,5920.88828,107.33333
WI,2004,0.63344,0.6349,0.63546,0.63659,5378158.0,23401.0,9977.0,0.35596,211.19455,39881.64587,40009.07633,112.83244,112.65153,40851.8246,40982.35499,6489.96497,117.6495
WI,2005,0.63611,0.63692,0.63639,0.6372,5130346.0,22742.0,8907.0,0.32221,231.18977,43594.08974,43613.22691,125.49168,124.94624,45435.19552,45455.14091,7228.60769,131.03955
WI,2006,0.63114,0.63617,0.63697,0.64019,5168994.0,22718.0,8937.0,0.31775,239.31777,45085.59211,45501.70474,129.75924,130.33043,46980.2967,47413.8963,7481.25008,135.61943
WI,2007,0.62264,0.63084,0.63377,0.639,5610636.0,23776.0,10671.0,0.35786,238.52145,45162.25928,45970.04723,131.02771,132.73336,47439.55634,48288.07683,7516.46524,136.2578
WI,2008,0.61854,0.62725,0.63128,0.63698,5719736.0,24077.0,10811.0,0.35922,232.47912,44191.96254,45101.98169,135.56776,137.69761,49083.31497,50094.05887,7746.32653,140.42471
WI,2009,0.60887,0.61542,0.61862,0.62295,5903655.0,24515.0,10879.0,0.36967,235.69885,45721.19545,46453.27697,142.69693,144.28828,51664.48315,52491.72778,7990.11863,144.84415
WI,2010,0.58079,0.5848,0.5893,0.59263,6260055.0,24766.0,11064.0,0.39083,239.23488,48715.49495,49429.78039,154.98743,156.5077,56114.35134,56937.12168,8267.08829,149.86503
WI,2011,0.59406,0.59493,0.59684,0.59788,6390112.0,25400.0,12469.0,0.39576,240.43725,48341.68354,48567.89114,157.42192,157.40204,56995.77654,57262.47965,8504.40452,154.16708
WI,2012,0.61473,0.61073,0.60747,0.6048,6407147.0,26178.0,13288.0,0.39471,241.7409,47753.59584,47189.97941,159.85928,157.2169,57878.24,57195.12648,8789.83317,159.3413
WI,2013,0.6453,0.64215,0.63904,0.63688,6242155.0,26939.0,13256.0,0.37755,255.84221,48042.33197,47576.68916,159.59306,157.29024,57781.85102,57221.80945,9231.25657,167.34339
WI,2014,0.66006,0.65745,0.65435,0.65249,6061108.0,27041.0,12596.0,0.36653,262.4898,48137.55697,47721.258,156.63124,154.53394,56709.50197,56219.07186,9276.95549,168.17181
WI,2015,0.67977,0.67691,0.67351,0.67146,5936018.0,27427.0,12398.0,0.35614,259.88992,46304.90901,45878.52452,153.43379,151.29378,55551.84321,55040.31118,9353.67196,169.56252
WI,2016,0.69345,0.69076,0.68725,0.6852,5832023.0,27489.0,12426.0,0.35222,272.76489,47626.87972,47201.0894,150.92971,148.86489,54645.22306,54156.68786,9388.7937,170.19921
WI,2017,0.70232,0.70212,0.70325,0.70378,5713470.0,27510.0,11858.0,0.3443,275.81475,46991.51327,47053.90471,147.24334,146.73359,53310.54453,53381.32585,9387.12115,170.16889
WI,2018,0.71206,0.71337,0.71341,0.71431,5657592.0,27710.0,11722.0,0.3426,290.29386,48778.51838,48871.70446,143.03578,142.62282,51787.16703,51885.83705,9236.59651,167.44019
WI,2019,0.71567,0.72555,0.72922,0.73561,5571186.0,27356.0,11740.0,0.30643,288.06979,47395.80204,48295.6092,140.11766,142.09484,50730.63978,51693.7587,9250.16406,167.68614
WI,2020,0.74625,0.76404,0.77315,0.78545,5490175.0,28536.0,11212.0,0.3078,293.3538,45516.23358,47161.8998,130.94857,135.03408,47410.90153,49125.07058,9166.95006,166.17764
WI,2021,0.75889,0.7708,0.77704,0.78533,5209576.0,27356.0,11180.0,0.2919,296.24474,45683.5259,46779.50864,128.39928,130.83998,46487.9143,47599.26813,9030.7089,163.70788
WI,2022,0.75034,0.75033,0.75039,0.75083,5127203.0,26667.0,10785.0,0.29923,285.77089,45653.85812,45652.36345,125.83188,125.23872,45558.36671,45561.54331,8546.64967,154.93289
WI,2023,0.74121,0.73796,0.73702,0.73577,5116444.0,26412.0,10382.0,0.30255,286.68581,46630.32651,46369.98133,121.9344,120.66474,44147.2542,43897.53903,8134.32425,147.4583
WI,2024,0.71842,0.71948,0.7204,0.72142,5207453.0,25796.0,10760.0,0.30891,286.36858,47642.43701,47774.38507,124.8086,124.55561,45187.87917,45313.02922,8148.44272,147.71424
WV,1998,0.58055,0.58301,0.5845,0.58637,1546016.0,6429.0,2101.0,0.12916,,,,,,,,,
WV,1999,0.57297,0.57757,0.57927,0.58222,1590454.0,6530.0,2128.0,0.13757,,,,,,,,,
WV,2000,0.60849,0.61669,0.61958,0.62476,1506786.0,6706.0,1869.0,0.08891,,,,,,,,,
WV,2001,0.6219,0.63196,0.6363,0.64293,1446897.0,6697.0,1603.0,0.05284,,,,,,,,,
WV,2002,0.59416,0.60124,0.60489,0.60961,1511913.0,6571.0,1830.0,0.09723,,,,100.0,100.0,29690.12823,30193.65876,4512.41782,100.0
WV,2003,0.58662,0.59314,0.59587,0.60002,1629335.0,6906.0,2118.0,0.1694,190.43018,37340.50478,37908.62162,105.82479,105.6432,31419.51465,31897.54662,4802.46605,106.42778
WV,2004,0.55641,0.56563,0.57048,0.57694,1758555.0,7016.0,2276.0,0.21851,212.25795,42259.74046,43324.29621,116.48491,117.37803,34584.51978,35440.72159,5103.46832,113.09831
WV,2005,0.58369,0.58414,0.5844,0.58606,1781336.0,7347.0,2635.0,0.23273,219.2682,43688.86091,43740.97405,123.35524,121.43952,36624.33016,36667.033,5507.66819,122.05581
WV,2006,0.58461,0.5711,0.56631,0.56022,1823364.0,7660.0,2446.0,0.24724,241.58877,48491.70951,46998.44034,131.31911,125.27948,38988.81334,37826.4584,5614.41266,124.42138
WV,2007,0.61399,0.59357,0.58612,0.57638,1851533.0,8130.0,2687.0,0.25096,258.37139,50714.57649,48402.77428,131.87128,124.02201,39152.75116,37446.78306,5790.78502,128.32998
WV,2008,0.61176,0.60229,0.59886,0.59426,1860839.0,8159.0,2655.0,0.25469,270.15951,52131.11043,51135.41349,131.83651,127.01095,39142.42838,38349.25256,5899.19857,130.73254
WV,2009,0.59619,0.60038,0.60247,0.6054,1896357.0,8086.0,2671.0,0.25891,276.11269,53340.48905,53883.9182,137.90229,136.97716,40943.36617,41358.41612,6189.60995,137.16837
WV,2010,0.56636,0.57569,0.58222,0.58882,1997908.0,8099.0,2661.0,0.27864,252.37618,51313.21953,52641.73457,148.42575,149.8857,44067.79431,45255.97726,6425.05799,142.38615
WV,2011,0.56613,0.57539,0.58093,0.58736,2050460.0,8165.0,3017.0,0.28246,252.0382,51203.55229,52471.58703,145.86066,147.01734,43306.21698,44389.91401,6326.71115,140.20668
WV,2012,0.60366,0.61008,0.61289,0.61708,2028714.0,8704.0,3003.0,0.27835,265.80218,51387.70487,52130.4603,143.79082,143.47093,42691.67944,43319.12416,6553.9808,145.24322
WV,2013,0.62581,0.62769,0.62775,0.62893,1933895.0,8625.0,2921.0,0.25465,288.77235,54103.37295,54284.24656,147.28997,145.26225,43730.58205,43859.98726,6908.74604,153.10519
WV,2014,0.67568,0.67364,0.67087,0.66929,1864869.0,8921.0,3159.0,0.23717,307.5708,53989.79551,53660.40972,146.2026,142.78466,43407.74066,43111.91215,7333.87691,162.52655
WV,2015,0.70967,0.70147,0.69439,0.68877,1820779.0,9004.0,3528.0,0.24147,320.4919,54283.29921,53136.91601,148.42826,142.95675,44068.54069,43163.87454,7746.73316,171.67588
WV,2016,0.73463,0.72636,0.72085,0.71558,1777149.0,9158.0,3443.0,0.23151,338.80405,54988.79128,53965.8277,152.81201,147.57028,45370.08181,44556.86748,8286.33193,183.63397
WV,2017,0.72096,0.71806,0.71637,0.71465,1752827.0,8793.0,3476.0,0.22671,340.40334,56098.85229,55704.39309,159.92406,156.29558,47481.65839,47191.35501,8568.83919,189.89463
WV,2018,0.73629,0.73883,0.73771,0.73894,1731652.0,8907.0,3436.0,0.21908,349.26039,55438.86664,55505.05424,159.88473,157.50934,47469.9801,47557.83147,8829.49674,195.67108
WV,2019,0.76699,0.76581,0.76349,0.76247,1676113.0,9047.0,3332.0,0.22406,349.05886,53722.29228,53412.77391,158.86183,155.52824,47166.28123,46959.66491,9057.07808,200.71453
WV,2020,0.77092,0.76185,0.75826,0.75297,1637672.0,9033.0,2976.0,0.2171,351.90676,54620.14077,53713.15131,161.66032,156.45208,47997.15533,47238.60686,9154.61524,202.87605
WV,2021,0.77188,0.75711,0.75013,0.74122,1605023.0,8713.0,3222.0,0.20175,337.6567,53111.49096,51706.49433,161.33997,154.36527,47902.0434,46608.52417,9050.98758,200.57955
WV,2022,0.78143,0.76331,0.75163,0.74003,1519830.0,8278.0,3238.0,0.20124,337.03342,52756.78968,50855.35125,152.94329,144.89432,45409.06001,43748.89534,8608.14179,190.76562
WV,2023,0.79562,0.78309,0.77637,0.76872,1440987.0,8076.0,2956.0,0.21781,313.72659,47665.0856,46559.40541,143.39557,137.72388,42574.32985,41583.87704,8310.75373,184.17518
WV,2024,0.80793,0.80395,0.80544,0.80406,1463370.0,8021.0,3663.0,0.22841,307.49046,45233.41221,45092.26313,138.01722,135.31301,40977.48843,40855.94798,8289.78538,183.7105
WY,1998,0.53252,0.52541,0.52415,0.52043,579134.0,1706.0,1728.0,0.58778,,,,,,,,,
WY,1999,0.55069,0.53996,0.53324,0.52632,566343.0,1784.0,1630.0,0.57431,,,,,,,,,
WY,2000,0.55224,0.54597,0.53644,0.53134,557693.0,1797.0,1539.0,0.57668,,,,,,,,,
WY,2001,0.56354,0.56962,0.56999,0.57358,512756.0,1677.0,1462.0,0.54231,,,,,,,,,
WY,2002,0.51321,0.52693,0.53382,0.54291,547851.0,1655.0,1376.0,0.55772,,,,100.0,100.0,26804.02927,27880.46842,3577.10101,100.0
WY,2003,0.50975,0.52524,0.53738,0.54892,615717.0,1739.0,1753.0,0.59353,103.83026,23185.74491,24442.78296,101.38981,102.75996,27176.55528,28649.95905,3651.05639,102.06747
WY,2004,0.51016,0.5209,0.52998,0.53797,623807.0,1670.0,1964.0,0.60052,107.01998,24231.90808,25173.38244,103.15358,103.02397,27649.31485,28723.5646,3663.38755,102.41219
WY,2005,0.46251,0.46531,0.46549,0.46704,691315.0,1695.0,1939.0,0.63514,102.0854,26317.16445,26486.45879,106.46148,103.00951,28535.96668,28719.53424,3320.7669,92.83403
WY,2006,0.50705,0.50693,0.50543,0.50503,672002.0,1790.0,2099.0,0.61778,108.80143,25831.60327,25749.17424,101.22696,97.00813,27132.90272,27046.32123,3428.47324,95.84502
WY,2007,0.49093,0.49424,0.49715,0.49961,667430.0,1687.0,2087.0,0.61959,110.47006,26664.99524,27002.75774,102.7988,100.0817,27554.22149,27903.24772,3424.62061,95.73732
WY,2008,0.50599,0.51389,0.51954,0.52515,678157.0,1786.0,2147.0,0.62328,111.64461,25787.06758,26477.55737,103.80202,102.46647,27823.12407,28568.13252,3613.79039,101.02567
WY,2009,0.48114,0.4912,0.49792,0.50495,705947.0,1747.0,2167.0,0.63149,118.42881,28541.65637,29536.99457,112.49223,111.92051,30152.44944,31203.96112,3753.37576,104.92787
WY,2010,0.45183,0.45969,0.46716,0.47319,790925.0,1783.0,2390.0,0.65575,116.74735,29989.1635,31006.84988,121.99874,121.26868,32700.57772,33810.27631,3819.08536,106.76482
WY,2011,0.4677,0.46578,0.46744,0.46692,812314.0,1853.0,2626.0,0.65609,109.53278,28118.845,28103.28909,123.88197,119.03311,33205.35963,33186.98976,3880.39636,108.4788
WY,2012,0.50642,0.49878,0.49514,0.49057,807072.0,2062.0,2688.0,0.6543,119.14361,28874.90457,28231.78908,120.47784,113.24656,32292.9158,31573.67275,3997.41025,111.75
WY,2013,0.52125,0.5171,0.5147,0.51205,789872.0,2053.0,2756.0,0.64483,122.45446,28549.51456,28191.00805,119.57286,113.51271,32050.34406,31647.87637,4124.10608,115.29185
WY,2014,0.59311,0.59336,0.58883,0.58816,696496.0,2007.0,2871.0,0.60107,142.45552,29031.50164,28821.98906,110.28047,105.25751,29559.61068,29346.28689,4351.4073,121.6462
WY,2015,0.61806,0.61913,0.61371,0.61316,665857.0,2022.0,2815.0,0.58275,150.51591,29430.70533,29223.5223,111.30702,106.25624,29834.76543,29624.73794,4577.47108,127.96594
WY,2016,0.63444,0.64071,0.64843,0.65378,660680.0,2159.0,2668.0,0.5814,150.72353,27893.07489,28508.4526,109.39318,107.48986,29321.77926,29968.67709,4753.31124,132.88166
WY,2017,0.67066,0.67519,0.68198,0.68612,635198.0,2204.0,2692.0,0.58413,161.70907,28454.07245,28934.44515,107.2747,104.87406,28753.94258,29239.37781,4902.39852,137.04949
WY,2018,0.67789,0.68025,0.68008,0.68131,630991.0,2127.0,2875.0,0.57291,176.42853,31130.66708,31231.53652,110.21956,106.30743,29543.28208,29639.00808,5022.96757,140.42007
WY,2019,0.68661,0.6931,0.6911,0.69431,623145.0,2228.0,2675.0,0.56327,184.89583,32104.40616,32314.37804,109.86053,106.30969,29447.04752,29639.63952,5087.7469,142.23101
WY,2020,0.6961,0.70938,0.71858,0.72804,613188.0,2295.0,2524.0,0.566,200.82846,33537.69846,34620.63578,118.86233,117.96306,31859.8937,32888.65446,5723.44586,160.00235
WY,2021,0.73091,0.72793,0.72499,0.72282,569290.0,2205.0,2525.0,0.56704,187.7844,31082.03781,30830.21844,116.36799,110.96874,31191.3088,30938.60414,5653.33713,158.04242
WY,2022,0.73244,0.70915,0.69657,0.68234,546314.0,2132.0,2405.0,0.57174,198.33095,34167.10125,32493.92015,119.99691,109.7145,32164.00609,30588.91762,5601.10554,156.58226
WY,2023,0.74089,0.72339,0.71485,0.70424,538704.0,2182.0,2288.0,0.57586,200.56453,33668.38916,32484.94116,114.14529,105.88093,30595.53638,29520.09953,5467.78107,152.85509
WY,2024,0.70171,0.69953,0.70046,0.69963,543134.0,1992.0,2368.0,0.58767,191.38845,32787.72526,32729.71403,118.19895,113.43434,31682.08028,31626.02526,5548.03729,155.0987
US,1998,0.53612,0.54355,0.5464,0.55171,222347181.0,,,,,,,,,,,,
US,1999,0.53007,0.53826,0.54134,0.54728,225654386.0,,,,,,,,,,,,
US,2000,0.54886,0.56018,0.56727,0.5763,216200108.0,,,,,,,,,,,,
US,2001,0.5376,0.54999,0.55739,0.56724,219849375.0,,,,,,,,,,,,
US,2002,0.52285,0.53459,0.5413,0.55054,240796731.0,,,,,,,,,,,,
US,2003,0.52188,0.53223,0.53871,0.54714,253231949.0,,,,,,,,,,,,
US,2004,0.53109,0.53965,0.54423,0.55114,260490950.0,,,,,,,,,,,,
US,2005,0.54531,0.55168,0.55487,0.55989,262117866.0,,,,,,,,,,,,
US,2006,0.55699,0.56232,0.5652,0.56927,261927532.0,,,,,,,,,,,,
US,2007,0.55425,0.56097,0.56526,0.57041,271232604.0,,,,,,,,,,,,
US,2008,0.54872,0.55676,0.56162,0.56749,278821193.0,,,,,,,,,,,,
US,2009,0.53796,0.54686,0.55388,0.56077,293908362.0,,,,,,,,,,,,
US,2010,0.52312,0.53002,0.53625,0.54172,311384849.0,,,,,,,,,,,,
US,2011,0.53756,0.54132,0.54385,0.54674,318004484.0,,,,,,,,,,,,
US,2012,0.56835,0.57112,0.57195,0.57395,316757754.0,,,,,,,,,,,,
US,2013,0.59617,0.59932,0.60042,0.60281,310044391.0,,,,,,,,,,,,
US,2014,0.61462,0.61841,0.61989,0.62266,307573492.0,,,,,,,,,,,,
US,2015,0.63367,0.63738,0.63839,0.641,304722366.0,,,,,,,,,,,,
US,2016,0.6547,0.6589,0.65991,0.66274,303050803.0,,,,,,,,,,,,
US,2017,0.67361,0.67945,0.6819,0.68587,302073344.0,,,,,,,,,,,,
US,2018,0.69139,0.69785,0.7007,0.70511,301561747.0,,,,,,,,,,,,
US,2019,0.71282,0.71934,0.72201,0.72656,298223116.0,,,,,,,,,,,,
US,2020,0.72643,0.73197,0.73477,0.73885,297279299.0,,,,,,,,,,,,
US,2021,0.76973,0.76875,0.76464,0.76405,285143442.0,,,,,,,,,,,,
US,2022,0.78236,0.7796,0.77622,0.77485,271979682.0,,,,,,,,,,,,
US,2023,0.75881,0.76061,0.76346,0.76585,271245871.0,,,,,,,,,,,,
US,2024,0.73267,0.74134,0.74837,0.75555,280755180.0,,,,,,,,,,,,
